frame,id,mac,rssi,source_len,filtered_data,mean_amplitude,std_amplitude,max_amplitude
0,0,5c:01:3b:6b:b0:95,-34,128,"[37.0, 80.0, 2.0, 0.0, -19.0, 4.0, -19.0, 4.0, -17.5, 4.5, -17.0, 5.0, -16.5, 5.0, -15.5, 4.5, -15.0, 5.0, -14.0, 5.5, -14.5, 6.0, -14.5, 6.5, -14.5, 7.5, -14.0, 8.5, -14.5, 8.0, -14.5, 7.0, -15.0, 7.0, -15.0, 7.5, -15.0, 7.0, -14.0, 6.5, -13.5, 6.0, -13.0, 5.5, -12.5, 5.0, -12.5, 4.5, -12.5, 4.5, -12.0, 4.0, -12.0, 4.0, -3.5, 0.5, 0.0, 0.0, 0.0, 0.0, 0.0, 0.0, 0.0, 0.0, 0.0, 0.0, 0.0, 0.0, 0.0, 0.0, 0.0, 0.0, 0.0, 0.0, -4.0, 0.5, -14.5, 3.5, -15.5, 3.5, -16.5, 3.0, -17.0, 2.5, -17.0, 1.5, -17.0, 0.5, -17.5, 0.0, -17.0, -0.5, -17.5, -0.5, -18.0, -0.5, -19.0, -0.5, -20.0, -1.0, -19.5, -1.5, -19.0, -1.5, -18.5, -1.0, -18.5, -1.5, -18.0, -1.0, -17.5, 0.5, -17.5, 0.5, -17.5, 1.0, -17.5, 1.0, -17.5, 2.0, -17.5, 2.0, -18.5, 2.5, -19.5, 2.5, -20.0, 2.5]",14.97572,11.28559,88.141931
1,1,5c:01:3b:6b:b0:95,-34,128,"[53.3333, 42.6667, 2.6667, 0.0, -17.3333, 0.0, -17.3333, 0.0, -16.3333, 0.6667, -16.0, 1.3333, -15.6667, 1.3333, -15.0, 1.0, -14.6667, 1.6667, -14.0, 2.3333, -14.6667, 3.0, -14.6667, 3.6667, -15.0, 4.6667, -14.6667, 5.6667, -15.0, 5.0, -15.0, 4.0, -15.3333, 4.0, -15.3333, 4.6667, -15.0, 4.0, -14.3333, 3.6667, -13.6667, 3.3333, -13.0, 2.6667, -12.3333, 2.3333, -12.3333, 2.0, -12.0, 2.0, -11.3333, 1.6667, -11.3333, 1.6667, -3.3333, 0.0, 0.0, 0.0, 0.0, 0.0, 0.0, 0.0, 0.0, 0.0, 0.0, 0.0, 0.0, 0.0, 0.0, 0.0, 0.0, 0.0, 0.0, 0.0, -4.0, -0.3333, -14.0, 0.3333, -14.3333, 0.0, -15.0, -0.6667, -15.0, -1.3333, -15.0, -2.3333, -14.6667, -3.3333, -15.0, -4.0, -14.3333, -4.6667, -14.3333, -4.6667, -14.6667, -4.6667, -15.3333, -4.6667, -16.0, -5.3333, -15.6667, -5.6667, -15.3333, -5.6667, -15.0, -5.0, -15.0, -5.6667, -15.0, -5.0, -14.6667, -3.3333, -14.6667, -3.3333, -15.0, -3.0, -15.0, -3.0, -15.3333, -2.0, -15.6667, -1.6667, -16.3333, -1.3333, -17.3333, -1.6667, -17.6667, -1.6667]",13.348389,9.012397,68.299992
2,2,5c:01:3b:6b:b0:95,-44,256,"[69.6667, 5.3333, 3.3333, 0.0, -14.6667, 3.0, -14.6667, 3.0, -14.0, 3.6667, -13.6667, 4.3333, -13.6667, 4.3333, -13.3333, 4.0, -13.0, 4.6667, -12.6667, 5.0, -13.3333, 5.6667, -13.3333, 6.0, -14.0, 7.0, -13.6667, 8.0, -13.6667, 7.6667, -13.6667, 7.0, -14.0, 7.0, -14.0, 7.0, -13.3333, 6.6667, -13.0, 6.0, -12.3333, 5.6667, -11.6667, 5.0, -11.0, 4.6667, -11.0, 4.0, -10.3333, 3.6667, -9.6667, 3.3333, -9.6667, 3.0, -3.0, 0.3333, 0.0, 0.0, 0.0, 0.0, 0.0, 0.0, 0.0, 0.0, 0.0, 0.0, 0.0, 0.0, 0.0, 0.0, 0.0, 0.0, 0.0, 0.0, -3.6667, 0.6667, -12.6667, 3.6667, -12.3333, 3.3333, -12.6667, 2.6667, -12.3333, 2.0, -12.6667, 1.0, -12.0, 0.0, -12.3333, -0.6667, -11.6667, -1.3333, -11.0, -1.3333, -11.3333, -1.6667, -11.6667, -2.0, -12.0, -2.3333, -11.6667, -2.6667, -11.3333, -2.6667, -11.3333, -2.3333, -11.3333, -2.3333, -12.0, -2.0, -11.6667, -0.6667, -11.6667, -0.3333, -12.0, 0.0, -12.0, 0.3333, -12.6667, 1.0, -13.3333, 1.3333, -13.3333, 1.6667, -14.3333, 1.6667, -14.6667, 1.6667, -3.3333, -1.3333, -10.0, -3.3333, -10.0, -4.0, -9.6667, -3.3333, -9.6667, -3.0, -9.6667, -2.6667, -10.6667, -2.0, -10.6667, -1.0, -11.0, -0.3333, -11.3333, 0.0, -11.6667, 1.3333, -12.3333, 2.3333, -12.6667, 2.3333, -12.6667, 2.3333, -13.0, 3.3333, -12.6667, 3.0, -12.6667, 2.3333, -12.3333, 2.3333, -12.0, 2.6667, -11.6667, 2.3333, -10.3333, 2.0, -10.0, 0.6667, -9.0, 0.3333, -9.0, 0.3333, -8.6667, 0.0, -8.0, -0.3333, -7.3333, -1.3333, -5.6667, -2.6667, -4.3333, -3.0, -1.3333, -1.0, -1.0, -1.0, -0.6667, -1.0, 0.0, -1.0, 0.0, -0.3333, -1.3333, -0.6667, -2.0, 0.0, -9.3333, 2.6667, -9.3333, 1.3333, -10.3333, 0.6667, -9.0, -1.0, -9.0, -2.6667, -7.3333, -4.0, -7.0, -5.0, -7.0, -5.6667, -6.0, -6.3333, -6.3333, -6.3333, -6.6667, -7.3333, -6.6667, -7.6667, -6.6667, -7.6667, -7.3333, -7.6667, -7.3333, -7.6667, -7.0, -8.6667, -6.3333, -8.0, -7.3333, -8.3333, -7.3333, -7.3333, -7.0, -7.0, -6.6667, -6.6667, -7.0, -5.6667, -7.6667, -6.0, -8.0, -5.3333, -8.0, -5.0, -8.6667, -4.3333, -8.6667, -4.3333, -9.0, -4.3333]",10.394753,6.807329,69.870515
3,3,5c:01:3b:6b:b0:95,-43,256,"[86.0, -32.0, 4.0, 0.0, -14.0, -5.6667, -14.0, -5.6667, -14.0, -5.0, -14.0, -4.3333, -14.0, -4.6667, -14.0, -4.6667, -14.0, -4.0, -14.0, -3.6667, -15.0, -3.3333, -15.0, -3.0, -16.0, -2.6667, -16.0, -2.0, -16.0, -2.3333, -16.0, -2.6667, -16.0, -2.6667, -16.0, -2.3333, -15.0, -2.6667, -15.0, -2.6667, -14.0, -2.3333, -13.0, -3.0, -12.0, -2.6667, -12.0, -2.6667, -11.0, -3.0, -10.0, -2.6667, -10.0, -3.0, -3.0, -1.0, 0.0, 0.0, 0.0, 0.0, 0.0, 0.0, 0.0, 0.0, 0.0, 0.0, 0.0, 0.0, 0.0, 0.0, 0.0, 0.0, 0.0, 0.0, -4.0, -1.3333, -13.0, -4.3333, -12.0, -5.0, -12.0, -5.3333, -11.0, -6.0, -11.0, -6.3333, -10.0, -6.6667, -10.0, -7.0, -9.0, -7.3333, -8.0, -7.3333, -8.0, -7.6667, -8.0, -7.6667, -8.0, -8.0, -8.0, -8.0, -8.0, -8.0, -8.0, -7.6667, -8.0, -7.6667, -9.0, -7.6667, -9.0, -6.6667, -9.0, -6.3333, -10.0, -6.6667, -10.0, -6.3333, -11.0, -6.3333, -12.0, -5.6667, -12.0, -6.0, -13.0, -6.6667, -13.0, -6.6667, -4.6667, -1.6667, -15.0, -5.3333, -15.0, -5.3333, -14.3333, -5.0, -14.3333, -5.0, -14.3333, -4.6667, -15.3333, -4.6667, -15.3333, -4.0, -16.0, -4.0, -16.6667, -4.0, -17.3333, -3.3333, -18.6667, -3.0, -19.3333, -2.6667, -19.3333, -3.0, -20.0, -2.3333, -19.3333, -2.6667, -19.3333, -3.0, -18.6667, -2.6667, -18.0, -2.6667, -17.3333, -2.6667, -15.6667, -2.3333, -15.0, -3.0, -14.0, -3.0, -14.0, -2.3333, -13.3333, -2.3333, -12.0, -2.3333, -10.6667, -2.3333, -7.3333, -2.3333, -5.6667, -3.0, -1.6667, -1.0, -1.0, -1.0, -0.3333, -1.0, 0.0, -0.6667, 0.0, -0.3333, -1.6667, -0.6667, -3.0, -0.6667, -14.6667, -1.3333, -13.6667, -1.6667, -14.6667, -3.3333, -13.0, -4.0, -12.0, -4.6667, -10.6667, -5.3333, -10.0, -5.3333, -9.0, -5.6667, -8.0, -6.6667, -7.6667, -7.6667, -7.3333, -8.6667, -7.3333, -9.3333, -7.3333, -9.3333, -7.6667, -9.3333, -7.6667, -9.3333, -7.0, -10.3333, -6.6667, -10.0, -7.6667, -9.6667, -7.6667, -8.6667, -8.0, -8.0, -8.3333, -7.3333, -9.0, -6.3333, -10.3333, -6.0, -11.0, -5.3333, -12.0, -5.3333, -13.3333, -5.0, -13.3333, -5.3333, -14.0, -5.3333]",12.38671,8.703844,91.760558
4,4,5c:01:3b:6b:b0:95,-43,256,"[86.0, -32.0, 4.0, 0.0, -10.6667, -2.6667, -10.3333, -2.6667, -10.3333, -2.0, -10.0, -1.3333, -10.0, -1.6667, -9.6667, -1.6667, -9.3333, -1.0, -9.0, -1.0, -9.6667, -0.6667, -9.3333, -0.6667, -10.0, -0.3333, -10.0, 0.3333, -9.6667, 0.3333, -9.6667, 0.3333, -9.6667, 0.3333, -10.0, 0.0, -9.3333, 0.0, -9.3333, -0.3333, -9.0, 0.0, -8.6667, -0.6667, -8.0, -0.3333, -8.3333, -0.6667, -7.6667, -1.3333, -7.3333, -1.0, -7.3333, -1.6667, -2.3333, -0.6667, 0.0, 0.0, 0.0, 0.0, 0.0, 0.0, 0.0, 0.0, 0.0, 0.0, 0.0, 0.0, 0.0, 0.0, 0.0, 0.0, 0.0, 0.0, -2.6667, -0.3333, -8.3333, -1.0, -8.0, -1.6667, -8.3333, -2.0, -8.0, -2.6667, -8.3333, -3.0, -8.3333, -3.3333, -8.6667, -3.6667, -8.0, -4.0, -7.6667, -4.0, -8.0, -4.6667, -8.3333, -5.0, -8.3333, -5.0, -8.3333, -5.0, -8.3333, -5.0, -8.3333, -5.0, -8.3333, -4.3333, -8.6667, -4.6667, -8.3333, -4.0, -8.3333, -3.3333, -8.6667, -3.6667, -8.6667, -3.0, -9.0, -3.3333, -9.6667, -2.6667, -9.6667, -3.0, -10.0, -3.3333, -10.0, -3.3333, -5.3333, -1.0, -17.0, -3.6667, -17.0, -3.3333, -16.0, -3.3333, -15.6667, -3.0, -15.3333, -2.3333, -15.6667, -2.6667, -15.0, -2.0, -15.3333, -1.3333, -15.3333, -1.0, -15.6667, 0.0, -16.6667, 0.3333, -17.0, 1.6667, -17.0, 1.3333, -17.3333, 2.0, -16.6667, 1.3333, -16.6667, 1.3333, -16.3333, 1.6667, -16.0, 1.0, -15.6667, 0.6667, -14.6667, 0.6667, -14.3333, -0.3333, -13.6667, -0.6667, -14.0, 0.0, -13.3333, -0.3333, -12.3333, -0.6667, -11.6667, -0.6667, -9.6667, -1.0, -8.6667, -1.3333, -2.3333, -0.6667, -1.0, -0.6667, 0.0, -1.0, -0.3333, -0.6667, 0.0, -0.6667, -1.3333, -0.3333, -2.6667, 0.3333, -12.6667, 2.3333, -12.3333, 1.6667, -13.3333, -0.6667, -12.6667, -2.0, -12.3333, -3.3333, -12.3333, -4.3333, -12.3333, -4.3333, -12.0, -5.3333, -11.6667, -6.0, -11.6667, -7.0, -11.6667, -7.3333, -12.0, -7.6667, -12.3333, -7.6667, -12.3333, -7.3333, -12.3333, -7.3333, -11.6667, -8.0, -11.6667, -8.0, -12.3333, -7.6667, -12.0, -7.0, -12.3333, -6.6667, -12.6667, -6.3333, -12.6667, -6.0, -13.6667, -5.6667, -14.0, -4.6667, -15.0, -4.3333, -16.0, -3.3333, -16.0, -3.6667, -16.3333, -3.6667]",11.024529,8.638006,91.760558
5,5,5c:01:3b:6b:b0:95,-41,256,"[86.0, -32.0, 4.0, 0.0, -2.0, 3.6667, -1.6667, 3.3333, -1.6667, 3.3333, -1.3333, 3.3333, -1.0, 2.6667, -0.6667, 2.6667, -0.3333, 2.6667, 0.0, 2.3333, -0.3333, 2.3333, 0.0, 2.3333, -0.3333, 2.0, -0.3333, 2.0, 0.3333, 2.0, 0.3333, 2.0, 0.3333, 2.0, 0.0, 2.0, 0.3333, 2.0, 0.0, 2.0, -0.3333, 2.3333, -0.3333, 1.6667, -0.6667, 2.0, -1.3333, 2.0, -1.0, 1.6667, -1.3333, 2.0, -1.6667, 1.6667, -1.0, 0.0, 0.0, 0.0, 0.0, 0.0, 0.0, 0.0, 0.0, 0.0, 0.0, 0.0, 0.0, 0.0, 0.0, 0.0, 0.0, 0.0, 0.0, 0.0, -0.6667, 0.3333, -0.3333, 2.6667, -0.3333, 2.3333, -1.0, 3.0, -1.0, 3.0, -1.3333, 3.0, -2.0, 3.3333, -2.3333, 3.6667, -2.3333, 3.6667, -2.3333, 4.0, -3.0, 4.0, -3.3333, 4.3333, -3.6667, 4.3333, -3.6667, 4.0, -3.6667, 4.0, -3.6667, 4.0, -3.3333, 4.3333, -3.3333, 3.6667, -2.6667, 4.0, -2.6667, 4.0, -2.3333, 3.6667, -2.0, 4.0, -2.0, 3.6667, -2.3333, 4.0, -2.0, 4.0, -2.0, 3.6667, -1.6667, 3.6667, -1.6667, 3.0, -4.3333, 10.0, -4.3333, 10.0, -3.6667, 9.6667, -3.6667, 9.3333, -3.0, 9.3333, -3.0, 8.3333, -2.0, 8.3333, -2.0, 7.6667, -1.3333, 7.3333, -1.0, 7.3333, -1.0, 7.0, -1.0, 7.3333, -0.6667, 7.0, -0.6667, 7.3333, -0.3333, 6.6667, -0.6667, 6.6667, -0.6667, 7.0, -1.0, 6.6667, -1.3333, 6.3333, -1.3333, 6.6667, -1.6667, 6.0, -2.0, 5.6667, -2.6667, 6.3333, -2.6667, 6.0, -2.6667, 6.0, -3.3333, 6.3333, -4.6667, 8.0, -5.0, 8.0, -1.6667, 1.0, -0.6667, 0.0, -0.3333, -1.0, -0.6667, -0.6667, -0.3333, -0.6667, -0.3333, 0.0, -0.3333, 1.0, 0.6667, 8.3333, -0.3333, 9.0, -0.6667, 7.6667, -1.3333, 7.6667, -2.3333, 8.3333, -3.0, 8.3333, -3.6667, 9.3333, -4.3333, 9.6667, -5.0, 10.0, -5.6667, 10.0, -6.3333, 10.3333, -6.6667, 10.3333, -7.0, 10.6667, -7.0, 11.0, -7.0, 11.0, -7.0, 10.6667, -7.0, 10.3333, -7.3333, 10.3333, -7.0, 10.3333, -6.6667, 10.0, -6.3333, 10.0, -5.3333, 10.0, -5.3333, 10.0, -4.6667, 10.3333, -4.6667, 10.3333, -4.6667, 10.6667, -4.3333, 10.6667, -4.0, 10.3333]",6.363658,8.507219,91.760558
6,6,5c:01:3b:6b:b0:95,-42,256,"[86.0, -32.0, 4.0, 0.0, 2.3333, 13.6667, 2.6667, 13.0, 2.6667, 12.6667, 2.6667, 12.3333, 3.0, 11.6667, 3.6667, 11.6667, 4.3333, 11.3333, 5.0, 10.6667, 5.0, 11.0, 5.6667, 11.0, 5.6667, 10.6667, 5.6667, 10.3333, 6.6667, 10.3333, 6.6667, 10.3333, 6.6667, 10.3333, 6.0, 10.0, 6.0, 10.0, 5.6667, 9.6667, 4.6667, 9.6667, 4.0, 8.6667, 3.3333, 8.6667, 2.3333, 8.3333, 2.3333, 8.0, 1.6667, 8.0, 1.3333, 7.6667, -0.3333, 1.3333, 0.0, 0.0, 0.0, 0.0, 0.0, 0.0, 0.0, 0.0, 0.0, 0.0, 0.0, 0.0, 0.0, 0.0, 0.0, 0.0, 0.0, 0.0, 0.6667, 2.3333, 4.3333, 11.3333, 3.6667, 11.0, 2.6667, 12.0, 2.0, 12.3333, 2.0, 12.0, 1.3333, 12.3333, 1.3333, 12.6667, 1.3333, 12.3333, 1.3333, 13.0, 1.0, 13.3333, 0.6667, 13.6667, 0.6667, 13.6667, 0.6667, 13.0, 0.6667, 13.0, 0.6667, 13.0, 0.6667, 13.3333, 1.0, 12.6667, 1.3333, 13.0, 1.3333, 12.6667, 1.6667, 12.6667, 1.6667, 13.0, 1.6667, 13.0, 1.6667, 13.3333, 2.0, 14.0, 2.3333, 14.0, 2.6667, 14.0, -0.3333, 8.0, 0.6667, 27.3333, 1.0, 26.6667, 1.3333, 26.0, 1.0, 25.6667, 1.6667, 25.3333, 1.6667, 24.0, 3.0, 23.6667, 3.6667, 23.0, 5.3333, 22.6667, 6.3333, 22.6667, 7.3333, 22.3333, 8.0, 22.3333, 8.3333, 22.3333, 9.0, 22.6667, 9.0, 21.6667, 8.6667, 21.6667, 8.0, 21.6667, 7.0, 21.3333, 6.0, 20.3333, 5.0, 20.0, 4.0, 18.6667, 3.3333, 17.6667, 2.3333, 17.6667, 2.0, 16.6667, 1.0, 16.3333, 0.3333, 16.0, -2.3333, 17.0, -3.0, 17.3333, -1.3333, 2.6667, -0.3333, 0.6667, -0.6667, -1.0, -1.0, -1.0, -0.3333, -1.0, 0.3333, 0.6667, 1.0, 3.3333, 8.0, 22.0, 5.3333, 22.6667, 5.0, 22.6667, 3.0, 22.3333, 0.6667, 23.3333, 0.3333, 23.3333, 0.0, 24.3333, -0.6667, 25.0, -1.0, 26.0, -1.3333, 27.0, -2.0, 28.0, -2.0, 28.3333, -2.3333, 29.0, -2.3333, 29.3333, -2.0, 29.3333, -2.3333, 29.3333, -2.3333, 28.6667, -2.3333, 28.3333, -2.3333, 27.6667, -2.0, 26.6667, -1.6667, 26.3333, -0.6667, 26.0, -0.3333, 25.6667, 0.0, 26.0, 0.0, 26.3333, 0.3333, 27.0, 0.6667, 27.6667, 1.0, 27.0]",16.382637,10.977321,91.760558
7,7,5c:01:3b:6b:b0:95,-42,256,"[86.0, -32.0, 4.0, 0.0, 6.6667, 9.0, 6.6667, 8.3333, 6.6667, 7.6667, 6.0, 7.3333, 6.3333, 6.6667, 6.3333, 6.6667, 6.6667, 6.0, 6.6667, 5.3333, 6.6667, 5.3333, 6.6667, 5.3333, 6.6667, 4.6667, 6.6667, 4.0, 7.0, 4.0, 7.0, 4.0, 7.0, 4.0, 7.0, 4.0, 7.0, 4.0, 6.6667, 4.3333, 6.0, 4.3333, 5.6667, 4.0, 5.0, 4.0, 4.3333, 4.3333, 4.3333, 4.3333, 4.0, 4.3333, 3.6667, 4.6667, 0.3333, 0.6667, 0.0, 0.0, 0.0, 0.0, 0.0, 0.0, 0.0, 0.0, 0.0, 0.0, 0.0, 0.0, 0.0, 0.0, 0.0, 0.0, 0.0, 0.0, 1.0, 1.0, 6.0, 6.0, 6.0, 6.0, 5.6667, 7.3333, 5.3333, 8.0, 6.0, 8.3333, 6.0, 9.0, 6.3333, 9.6667, 6.0, 9.6667, 6.3333, 10.3333, 6.0, 11.0, 6.0, 11.6667, 5.6667, 11.6667, 5.6667, 11.3333, 5.6667, 11.3333, 5.6667, 11.3333, 6.0, 11.3333, 6.0, 10.6667, 6.3333, 10.6667, 6.3333, 9.6667, 6.6667, 9.6667, 7.0, 9.3333, 6.6667, 9.3333, 6.6667, 9.3333, 7.0, 10.0, 7.0, 9.6667, 7.3333, 9.6667, 2.6667, 3.3333, 10.3333, 12.3333, 10.6667, 12.0, 10.6667, 11.6667, 9.6667, 11.3333, 10.3333, 11.0, 10.0, 9.6667, 11.0, 9.0, 11.3333, 7.6667, 12.6667, 7.0, 13.6667, 6.3333, 14.6667, 5.6667, 15.0, 5.3333, 15.6667, 5.3333, 16.0, 5.3333, 16.0, 5.0, 15.3333, 5.0, 15.0, 5.3333, 14.0, 5.3333, 13.0, 5.0, 12.0, 5.3333, 11.0, 5.0, 9.6667, 4.6667, 8.6667, 5.3333, 8.0, 5.3333, 7.0, 6.0, 6.3333, 6.6667, 3.3333, 10.0, 2.3333, 10.6667, -0.3333, 1.3333, 0.0, 0.3333, -1.0, -0.6667, -1.0, -0.3333, -0.6667, -0.6667, 0.6667, 0.0, 2.0, 0.3333, 14.0, 6.6667, 11.6667, 7.6667, 12.0, 7.0, 10.0, 7.6667, 8.0, 10.0, 8.0, 11.0, 8.0, 12.3333, 8.0, 14.0, 7.3333, 15.0, 7.3333, 16.3333, 7.0, 17.0, 7.3333, 17.3333, 7.3333, 18.0, 7.3333, 18.0, 7.6667, 18.3333, 7.0, 18.3333, 7.0, 17.6667, 7.0, 17.6667, 6.6667, 17.0, 7.0, 16.0, 7.3333, 15.6667, 8.3333, 15.3333, 8.6667, 15.0, 9.3333, 14.3333, 9.3333, 14.0, 9.6667, 13.3333, 10.3333, 13.6667, 10.6667, 12.6667]",11.519402,8.993269,91.760558
8,8,5c:01:3b:6b:b0:95,-43,256,"[86.0, -32.0, 4.0, 0.0, 5.6667, -2.0, 5.6667, -2.3333, 5.6667, -2.6667, 4.6667, -2.3333, 4.6667, -2.6667, 4.3333, -2.6667, 4.6667, -3.0, 4.3333, -3.3333, 4.3333, -3.3333, 4.0, -3.3333, 4.0, -3.6667, 4.0, -4.0, 3.6667, -4.0, 3.6667, -4.0, 3.6667, -4.0, 4.0, -4.0, 4.0, -4.0, 4.0, -3.3333, 3.6667, -3.3333, 3.3333, -3.0, 3.3333, -3.0, 3.0, -2.3333, 3.0, -2.3333, 3.0, -2.3333, 3.0, -1.6667, 0.3333, -0.6667, 0.0, 0.0, 0.0, 0.0, 0.0, 0.0, 0.0, 0.0, 0.0, 0.0, 0.0, 0.0, 0.0, 0.0, 0.0, 0.0, 0.0, 0.0, 0.6667, -1.0, 4.3333, -3.0, 4.6667, -3.0, 5.0, -2.3333, 4.6667, -2.0, 5.6667, -1.3333, 6.0, -1.0, 6.0, -0.6667, 5.6667, -0.6667, 6.0, -0.3333, 5.6667, 0.0, 5.6667, 0.3333, 5.6667, 0.3333, 5.3333, 0.6667, 5.3333, 0.6667, 5.3333, 0.6667, 5.6667, 0.6667, 5.6667, 0.3333, 5.6667, 0.3333, 6.0, -0.6667, 6.0, -0.6667, 6.3333, -1.3333, 6.0, -1.3333, 6.0, -1.3333, 6.3333, -1.0, 6.6667, -1.6667, 6.6667, -1.6667, 3.6667, -5.3333, 12.6667, -16.3333, 12.6667, -16.0, 12.3333, -15.6667, 11.6667, -15.3333, 12.0, -15.0, 12.0, -15.6667, 12.6667, -16.0, 13.0, -16.6667, 14.0, -17.0, 15.0, -17.3333, 15.6667, -17.6667, 15.6667, -17.3333, 15.6667, -17.3333, 16.0, -17.3333, 16.0, -17.0, 15.6667, -17.0, 15.6667, -16.3333, 15.0, -16.3333, 14.0, -16.0, 13.0, -15.3333, 11.6667, -15.0, 10.6667, -14.6667, 9.6667, -13.3333, 9.0, -12.3333, 7.6667, -11.0, 7.3333, -9.6667, 6.6667, -5.0, 5.6667, -3.6667, 0.3333, -1.3333, 0.0, -0.3333, -1.0, -0.3333, -1.0, 0.3333, -0.6667, -0.3333, 0.6667, -1.0, 2.3333, -3.3333, 15.6667, -14.6667, 14.6667, -14.6667, 14.0, -17.0, 12.3333, -16.6667, 10.6667, -15.0, 10.6667, -14.0, 10.6667, -13.3333, 10.6667, -12.0, 10.3333, -11.0, 10.3333, -9.3333, 10.0, -9.0, 10.3333, -8.3333, 10.3333, -8.0, 10.0, -8.0, 10.3333, -7.3333, 10.0, -7.3333, 10.0, -7.6667, 9.6667, -7.6667, 9.3333, -8.0, 9.6667, -9.0, 10.0, -9.6667, 10.6667, -10.3333, 11.0, -11.0, 11.6667, -12.3333, 11.6667, -13.0, 12.0, -14.3333, 12.6667, -14.6667, 12.6667, -15.6667]",10.817762,10.295773,91.760558
9,9,5c:01:3b:6b:b0:95,-43,256,"[86.0, -32.0, 4.0, 0.0, 9.3333, -7.0, 9.3333, -7.3333, 9.3333, -7.3333, 8.6667, -7.0, 8.6667, -7.3333, 8.0, -7.6667, 8.0, -7.6667, 7.6667, -8.0, 7.6667, -8.3333, 7.3333, -8.3333, 7.3333, -8.6667, 7.3333, -8.6667, 6.6667, -9.0, 6.6667, -8.6667, 6.6667, -8.6667, 7.3333, -8.6667, 7.0, -8.6667, 7.0, -8.0, 6.6667, -7.6667, 6.3333, -7.0, 6.0, -7.0, 6.0, -6.3333, 5.6667, -6.0, 5.6667, -6.0, 5.3333, -5.0, 1.0, -1.3333, 0.0, 0.0, 0.0, 0.0, 0.0, 0.0, 0.0, 0.0, 0.0, 0.0, 0.0, 0.0, 0.0, 0.0, 0.0, 0.0, 0.0, 0.0, 1.3333, -2.0, 7.6667, -7.6667, 8.3333, -7.3333, 8.6667, -7.0, 8.6667, -6.3333, 9.0, -5.3333, 9.3333, -5.0, 9.0, -4.6667, 8.6667, -4.3333, 9.0, -4.0, 8.3333, -3.6667, 8.3333, -3.6667, 8.3333, -3.6667, 7.6667, -3.0, 7.6667, -3.0, 7.6667, -3.0, 8.3333, -3.3333, 8.0, -3.3333, 8.3333, -3.6667, 8.6667, -4.6667, 9.0, -4.6667, 9.3333, -5.6667, 9.3333, -5.6667, 9.3333, -6.0, 9.6667, -6.0, 10.0, -6.6667, 10.0, -6.6667, 8.6667, -8.0, 28.6667, -25.3333, 28.0, -24.6667, 27.3333, -24.3333, 26.3333, -24.0, 26.0, -23.6667, 25.6667, -24.3333, 25.6667, -24.6667, 25.0, -25.0, 24.6667, -25.6667, 24.3333, -26.3333, 24.3333, -26.6667, 24.0, -26.6667, 24.0, -26.6667, 24.3333, -26.6667, 24.0, -26.3333, 23.3333, -26.3333, 23.6667, -25.6667, 23.0, -25.3333, 22.3333, -24.6667, 21.6667, -23.6667, 20.6667, -22.6667, 19.3333, -22.0, 18.3333, -20.6667, 17.6667, -19.0, 16.6667, -17.6667, 16.0, -16.0, 15.3333, -10.3333, 13.6667, -8.6667, 2.0, -2.3333, 0.3333, -0.6667, -1.0, -0.3333, -1.3333, 0.6667, -1.0, -0.3333, 1.0, -1.6667, 4.0, -5.0, 25.6667, -24.0, 25.3333, -23.6667, 24.0, -25.6667, 24.3333, -24.6667, 24.3333, -23.0, 24.6667, -21.3333, 24.6667, -20.6667, 24.6667, -19.0, 23.6667, -17.6667, 23.0, -16.0, 22.3333, -15.6667, 22.3333, -14.6667, 22.3333, -14.6667, 22.0, -14.3333, 22.0, -13.6667, 21.6667, -13.6667, 21.3333, -13.6667, 21.0, -14.0, 21.0, -14.3333, 21.6667, -15.3333, 22.3333, -16.3333, 23.6667, -17.3333, 24.6667, -18.3333, 26.3333, -20.0, 26.6667, -21.3333, 27.3333, -23.0, 28.3333, -23.6667, 28.6667, -24.6667]",18.835588,14.067982,91.760558
10,10,5c:01:3b:6b:b0:95,-43,256,"[86.0, -32.0, 4.0, 0.0, 13.3333, 2.0, 13.0, 1.6667, 13.0, 1.3333, 12.3333, 1.0, 12.3333, 0.3333, 12.0, -0.3333, 12.0, -0.6667, 12.0, -1.3333, 12.0, -2.0, 12.0, -2.0, 12.0, -2.6667, 12.0, -3.0, 11.6667, -3.3333, 11.6667, -3.0, 11.6667, -3.0, 12.0, -3.0, 11.3333, -2.6667, 11.0, -2.3333, 10.3333, -2.0, 10.0, -1.6667, 9.3333, -1.6667, 9.0, -1.6667, 8.3333, -1.0, 8.3333, -1.0, 7.6667, -0.3333, 1.6667, -0.3333, 0.0, 0.0, 0.0, 0.0, 0.0, 0.0, 0.0, 0.0, 0.0, 0.0, 0.0, 0.0, 0.0, 0.0, 0.0, 0.0, 0.0, 0.0, 2.3333, -0.3333, 12.0, -0.6667, 12.3333, 0.0, 12.3333, 0.6667, 12.3333, 2.0, 12.3333, 3.0, 12.6667, 3.6667, 12.3333, 4.3333, 12.3333, 5.0, 12.3333, 5.6667, 12.0, 6.0, 12.0, 6.3333, 12.3333, 6.3333, 11.3333, 6.6667, 11.3333, 6.6667, 11.3333, 6.3333, 11.6667, 6.0, 11.3333, 6.0, 11.3333, 5.3333, 12.0, 4.3333, 12.0, 4.3333, 12.3333, 3.3333, 12.3333, 3.3333, 12.6667, 3.0, 13.0, 3.0, 13.6667, 2.6667, 13.6667, 2.6667, 10.0, 0.0, 33.6667, 1.0, 32.6667, 1.3333, 31.6667, 1.0, 31.0, 0.3333, 30.3333, -0.3333, 30.3333, -1.3333, 29.6667, -2.3333, 29.0, -3.3333, 28.3333, -4.6667, 27.6667, -5.6667, 27.6667, -6.3333, 27.3333, -7.3333, 27.0, -7.3333, 27.3333, -7.3333, 27.0, -7.3333, 26.3333, -7.6667, 26.6667, -7.3333, 26.0, -7.0, 25.3333, -6.6667, 24.3333, -6.0, 23.3333, -5.3333, 22.3333, -5.0, 21.0, -4.6667, 20.3333, -3.6667, 19.3333, -3.0, 18.6667, -2.0, 18.6667, 2.6667, 17.0, 3.6667, 2.6667, 0.0, 0.3333, -0.3333, -1.0, -0.6667, -1.6667, 0.0, -1.0, -0.6667, 1.0, -1.0, 5.0, -2.0, 30.0, -7.0, 29.6667, -5.6667, 28.6667, -4.3333, 29.3333, -2.3333, 29.6667, 0.0, 30.0, 2.0, 30.3333, 3.3333, 30.3333, 5.3333, 29.6667, 7.0, 29.0, 8.6667, 28.3333, 9.3333, 28.3333, 10.0, 28.3333, 10.3333, 28.0, 10.6667, 27.6667, 11.0, 27.3333, 11.0, 27.0, 11.0, 26.6667, 10.6667, 26.6667, 9.6667, 27.3333, 8.6667, 28.0, 8.0, 29.3333, 7.0, 30.3333, 6.0, 31.6667, 5.0, 31.6667, 3.6667, 32.3333, 2.6667, 33.6667, 2.3333, 34.0, 1.6667]",18.286087,12.385346,91.760558
11,11,5c:01:3b:6b:b0:95,-42,256,"[86.0, -32.0, 4.0, 0.0, 17.3333, 8.0, 16.6667, 7.3333, 16.6667, 7.0, 16.0, 6.0, 16.0, 5.0, 16.0, 4.0, 16.0, 3.6667, 16.3333, 2.6667, 16.3333, 1.6667, 16.6667, 1.6667, 16.6667, 0.6667, 16.6667, 0.3333, 16.6667, -0.3333, 16.6667, 0.3333, 16.6667, 0.3333, 16.6667, 0.3333, 15.6667, 0.6667, 15.0, 0.6667, 14.0, 1.3333, 13.6667, 1.3333, 12.6667, 1.3333, 12.0, 1.0, 11.0, 2.0, 11.0, 2.0, 10.0, 2.6667, 2.3333, 0.3333, 0.0, 0.0, 0.0, 0.0, 0.0, 0.0, 0.0, 0.0, 0.0, 0.0, 0.0, 0.0, 0.0, 0.0, 0.0, 0.0, 0.0, 0.0, 3.3333, 0.6667, 16.3333, 3.6667, 16.3333, 4.6667, 16.0, 5.6667, 16.0, 7.6667, 15.6667, 8.6667, 16.0, 9.6667, 16.0, 10.6667, 16.3333, 11.6667, 16.0, 12.6667, 16.0, 13.3333, 16.0, 13.6667, 16.3333, 13.6667, 15.3333, 13.6667, 15.3333, 13.6667, 15.3333, 13.3333, 15.3333, 12.6667, 15.0, 12.6667, 15.0, 11.6667, 15.6667, 10.6667, 15.6667, 10.6667, 16.0, 9.6667, 16.0, 9.6667, 16.6667, 9.0, 16.6667, 9.0, 17.3333, 9.0, 17.3333, 9.0, 10.3333, 6.0, 36.3333, 20.6667, 35.3333, 20.6667, 34.3333, 19.6667, 33.6667, 18.3333, 33.0, 17.0, 33.0, 15.3333, 32.0, 14.0, 31.3333, 12.6667, 30.6667, 10.6667, 29.6667, 9.0, 30.0, 8.0, 30.0, 6.0, 30.0, 6.0, 30.3333, 6.0, 30.0, 5.3333, 29.0, 5.0, 29.0, 5.0, 28.0, 5.6667, 27.3333, 5.6667, 26.0, 6.3333, 25.3333, 7.0, 24.3333, 7.0, 22.6667, 6.6667, 22.0, 7.3333, 21.3333, 7.3333, 20.3333, 8.0, 18.0, 12.3333, 16.6667, 13.0, 2.6667, 1.6667, 0.3333, 0.0, -1.0, -1.0, -2.0, -0.3333, -1.0, -1.0, 1.0, -0.6667, 5.6667, 0.0, 32.6667, 5.0, 31.0, 7.6667, 31.3333, 11.0, 32.0, 14.0, 32.3333, 17.0, 32.6667, 19.6667, 33.3333, 21.6667, 33.3333, 24.3333, 32.6667, 26.3333, 32.0, 27.6667, 31.3333, 28.6667, 31.3333, 29.3333, 31.3333, 29.6667, 31.3333, 30.3333, 30.6667, 30.3333, 30.0, 30.3333, 29.6667, 30.3333, 29.6667, 29.6667, 29.6667, 28.3333, 30.3333, 27.3333, 31.0, 26.6667, 32.6667, 25.6667, 33.6667, 24.6667, 34.6667, 24.0, 34.3333, 22.3333, 35.0, 21.6667, 36.6667, 21.6667, 37.3333, 21.0]",23.403038,14.519536,91.760558
12,12,5c:01:3b:6b:b0:95,-41,256,"[86.0, -32.0, 4.0, 0.0, 20.6667, 2.0, 20.0, 1.6667, 19.6667, 1.3333, 18.6667, 0.6667, 18.3333, 0.0, 18.3333, -0.3333, 17.6667, -0.6667, 17.6667, -1.0, 17.3333, -1.3333, 17.0, -1.0, 17.0, -1.3333, 16.6667, -1.6667, 16.6667, -2.0, 16.6667, -1.6667, 16.3333, -1.6667, 16.3333, -1.6667, 15.6667, -1.3333, 15.0, -1.3333, 14.3333, -1.0, 14.3333, -1.0, 13.6667, -1.0, 12.6667, -1.3333, 12.0, -0.6667, 12.0, -0.6667, 11.0, -0.3333, 2.6667, -0.3333, 0.0, 0.0, 0.0, 0.0, 0.0, 0.0, 0.0, 0.0, 0.0, 0.0, 0.0, 0.0, 0.0, 0.0, 0.0, 0.0, 0.0, 0.0, 3.6667, -0.3333, 18.0, -0.3333, 18.3333, 0.0, 18.6667, 0.6667, 19.0, 2.0, 19.0, 3.0, 19.0, 3.6667, 19.0, 4.6667, 19.0, 5.6667, 18.0, 6.3333, 18.0, 7.0, 18.0, 7.3333, 18.0, 7.3333, 17.0, 7.6667, 17.0, 7.6667, 17.0, 7.3333, 17.0, 6.6667, 17.0, 6.6667, 17.0, 6.0, 18.0, 5.0, 18.0, 4.6667, 19.0, 4.0, 19.0, 3.6667, 20.0, 3.3333, 20.0, 3.0, 21.0, 3.0, 21.0, 3.0, 9.0, 2.6667, 33.0, 9.3333, 32.0, 9.3333, 31.0, 8.6667, 31.0, 8.0, 31.0, 7.0, 32.0, 5.6667, 31.0, 4.6667, 31.0, 3.3333, 31.0, 1.6667, 30.3333, 1.0, 30.6667, 0.6667, 30.3333, -0.3333, 30.0, 0.0, 30.0, 0.0, 30.0, 0.0, 29.0, -0.3333, 29.0, -0.3333, 28.3333, 0.0, 27.3333, 0.0, 26.0, 0.3333, 25.0, 0.6667, 24.0, 1.0, 22.6667, 0.6667, 21.6667, 1.0, 20.6667, 1.3333, 19.0, 2.0, 14.6667, 5.6667, 13.3333, 6.3333, 2.0, 0.6667, 0.0, -0.3333, -1.0, -0.6667, -2.0, -0.3333, -1.0, -0.6667, 1.0, -0.6667, 5.6667, -0.6667, 32.0, -0.6667, 31.0, 0.3333, 33.0, 2.3333, 32.0, 4.6667, 31.0, 7.3333, 30.0, 9.6667, 30.0, 11.3333, 29.0, 13.3333, 28.0, 15.3333, 27.0, 16.6667, 26.0, 17.6667, 26.0, 18.0, 26.0, 18.3333, 26.0, 19.0, 25.0, 19.0, 24.0, 19.0, 24.0, 19.0, 24.0, 18.6667, 24.0, 17.6667, 25.0, 16.6667, 26.0, 16.0, 28.0, 15.0, 29.0, 13.6667, 30.0, 13.0, 30.0, 11.6667, 31.0, 10.6667, 33.0, 10.3333, 34.0, 10.0]",21.067896,12.097105,91.760558
13,13,5c:01:3b:6b:b0:95,-43,256,"[86.0, -32.0, 4.0, 0.0, 17.3333, -7.0, 17.0, -7.3333, 16.3333, -7.3333, 15.6667, -7.6667, 15.0, -8.0, 15.0, -7.6667, 14.0, -7.6667, 14.0, -7.3333, 13.3333, -7.0, 12.6667, -7.0, 12.6667, -7.0, 12.3333, -7.0, 12.3333, -7.3333, 12.3333, -7.0, 12.0, -7.0, 12.0, -6.6667, 11.6667, -6.6667, 11.3333, -6.3333, 11.0, -6.0, 11.0, -6.0, 10.6667, -5.6667, 9.6667, -5.6667, 9.3333, -5.3333, 9.3333, -5.3333, 8.6667, -5.0, 2.0, -1.3333, 0.0, 0.0, 0.0, 0.0, 0.0, 0.0, 0.0, 0.0, 0.0, 0.0, 0.0, 0.0, 0.0, 0.0, 0.0, 0.0, 0.0, 0.0, 2.6667, -2.0, 14.3333, -7.0, 14.6667, -7.3333, 15.3333, -7.0, 16.0, -6.3333, 16.0, -5.3333, 16.3333, -5.0, 16.6667, -4.0, 16.6667, -3.0, 16.3333, -2.6667, 16.3333, -2.0, 16.3333, -2.0, 16.6667, -2.0, 15.6667, -1.6667, 15.6667, -1.3333, 15.6667, -1.3333, 15.6667, -2.0, 15.6667, -2.0, 15.3333, -2.3333, 16.0, -3.3333, 16.0, -4.0, 16.6667, -4.3333, 16.6667, -5.0, 17.0, -5.3333, 17.0, -6.0, 18.0, -6.0, 18.0, -6.0, 10.0, -4.3333, 36.0, -13.0, 35.0, -13.0, 34.0, -13.0, 33.3333, -12.3333, 33.0, -12.3333, 33.0, -12.6667, 32.0, -12.6667, 31.3333, -12.6667, 31.0, -13.0, 29.6667, -13.6667, 29.3333, -14.0, 28.3333, -14.3333, 28.0, -14.3333, 27.6667, -14.3333, 27.6667, -14.3333, 26.6667, -14.0, 26.6667, -14.0, 26.3333, -13.3333, 25.6667, -13.0, 25.0, -12.3333, 24.0, -11.6667, 23.0, -10.6667, 22.3333, -10.3333, 21.3333, -10.0, 20.3333, -9.3333, 19.3333, -8.6667, 16.6667, -6.6667, 16.0, -6.0, 2.3333, -1.6667, 0.3333, -0.6667, -1.0, -0.3333, -2.0, 0.0, -1.0, -0.3333, 1.0, -1.3333, 5.0, -3.0, 29.6667, -13.3333, 30.3333, -12.3333, 32.6667, -13.0, 33.0, -12.6667, 33.0, -11.6667, 33.0, -10.6667, 33.6667, -10.3333, 33.3333, -9.6667, 33.3333, -7.6667, 32.6667, -6.6667, 32.3333, -5.6667, 32.6667, -5.0, 32.6667, -4.6667, 32.6667, -4.0, 32.0, -3.6667, 31.3333, -3.3333, 31.0, -3.6667, 31.0, -4.0, 30.6667, -4.3333, 31.0, -5.3333, 31.6667, -6.3333, 33.0, -7.6667, 33.6667, -9.0, 34.3333, -10.0, 34.0, -11.3333, 34.6667, -12.3333, 36.0, -12.6667, 36.6667, -13.0]",21.158441,13.14496,91.760558
14,14,5c:01:3b:6b:b0:95,-44,256,"[86.0, -32.0, 4.0, 0.0, 14.0, -12.3333, 14.0, -12.3333, 13.0, -12.3333, 12.6667, -12.0, 11.6667, -12.0, 11.6667, -11.3333, 10.3333, -11.3333, 10.3333, -10.6667, 9.3333, -10.0, 8.3333, -10.3333, 8.3333, -10.0, 8.0, -10.0, 8.0, -10.0, 8.0, -10.0, 7.6667, -10.0, 7.6667, -9.3333, 7.6667, -9.3333, 7.6667, -8.6667, 7.6667, -8.6667, 7.6667, -8.6667, 7.6667, -8.0, 6.6667, -8.0, 6.6667, -8.0, 6.6667, -7.6667, 6.3333, -7.6667, 1.3333, -2.0, 0.0, 0.0, 0.0, 0.0, 0.0, 0.0, 0.0, 0.0, 0.0, 0.0, 0.0, 0.0, 0.0, 0.0, 0.0, 0.0, 0.0, 0.0, 1.6667, -3.0, 10.6667, -11.0, 11.0, -11.6667, 12.0, -11.6667, 13.0, -11.6667, 13.0, -11.0, 13.6667, -11.0, 14.3333, -10.0, 14.3333, -9.0, 14.6667, -9.0, 14.6667, -8.6667, 14.6667, -8.6667, 15.3333, -8.6667, 14.3333, -8.3333, 14.3333, -7.6667, 14.3333, -7.6667, 14.3333, -8.0, 14.3333, -8.0, 13.6667, -8.0, 14.0, -9.0, 14.0, -10.0, 14.3333, -10.0, 14.3333, -11.0, 14.0, -11.0, 14.0, -11.6667, 15.0, -12.0, 15.0, -12.0, 11.0, -9.6667, 39.0, -30.3333, 38.0, -30.3333, 37.0, -29.6667, 35.6667, -28.6667, 35.0, -28.0, 34.0, -27.6667, 33.0, -27.0, 31.6667, -26.3333, 31.0, -25.3333, 29.0, -25.0, 28.0, -24.6667, 26.3333, -24.0, 26.0, -23.6667, 25.3333, -23.6667, 25.3333, -23.3333, 24.3333, -22.6667, 24.3333, -22.6667, 24.3333, -22.3333, 24.0, -22.0, 24.0, -21.6667, 23.0, -21.0, 22.0, -19.6667, 22.0, -19.0, 21.0, -18.6667, 20.0, -18.0, 19.6667, -17.6667, 19.3333, -16.3333, 19.0, -15.3333, 2.6667, -3.3333, 0.6667, -1.0, -1.0, 0.0, -2.0, 0.0, -1.0, 0.0, 1.0, -1.6667, 4.3333, -4.3333, 27.3333, -23.0, 29.6667, -23.3333, 32.3333, -25.6667, 34.0, -27.3333, 35.0, -27.6667, 36.0, -27.3333, 37.3333, -27.3333, 37.6667, -27.3333, 38.6667, -25.3333, 38.3333, -24.3333, 38.6667, -23.3333, 39.3333, -22.6667, 39.3333, -22.0, 39.3333, -21.6667, 39.0, -21.0, 38.6667, -20.3333, 38.0, -21.0, 38.0, -21.0, 37.3333, -21.0, 37.0, -22.0, 37.3333, -23.0, 38.0, -24.6667, 38.3333, -26.0, 38.6667, -27.0, 38.0, -28.3333, 38.3333, -29.3333, 39.0, -29.6667, 39.3333, -29.6667]",24.777526,16.79279,91.760558
15,15,5c:01:3b:6b:b0:95,-43,256,"[86.0, -32.0, 4.0, 0.0, 8.0, -11.6667, 8.0, -11.6667, 7.3333, -11.6667, 7.3333, -11.0, 6.3333, -11.0, 6.3333, -10.6667, 5.6667, -10.6667, 5.3333, -10.3333, 4.6667, -10.0, 4.0, -11.0, 3.6667, -10.6667, 3.6667, -10.6667, 3.6667, -10.6667, 3.6667, -10.6667, 3.6667, -10.6667, 3.6667, -10.0, 3.6667, -10.0, 3.6667, -9.0, 4.0, -9.0, 4.0, -9.0, 4.0, -8.0, 3.3333, -8.0, 3.3333, -8.0, 3.3333, -7.3333, 3.6667, -7.3333, 0.6667, -2.0, 0.0, 0.0, 0.0, 0.0, 0.0, 0.0, 0.0, 0.0, 0.0, 0.0, 0.0, 0.0, 0.0, 0.0, 0.0, 0.0, 0.0, 0.0, 0.6667, -3.0, 5.6667, -11.0, 5.6667, -11.3333, 6.6667, -11.3333, 7.3333, -11.3333, 7.6667, -11.0, 8.3333, -11.0, 9.3333, -10.6667, 9.3333, -10.0, 10.3333, -10.0, 10.3333, -10.0, 10.3333, -10.0, 11.0, -10.0, 10.3333, -10.0, 10.3333, -9.3333, 10.3333, -9.0, 10.3333, -9.0, 10.3333, -9.0, 9.3333, -9.0, 9.3333, -10.0, 9.3333, -10.6667, 9.3333, -10.6667, 9.0, -11.0, 8.3333, -11.0, 8.3333, -11.3333, 9.0, -12.0, 9.0, -12.0, 10.0, -12.0, 34.3333, -38.0, 33.6667, -37.6667, 32.6667, -36.6667, 31.3333, -35.6667, 30.3333, -34.6667, 28.3333, -33.3333, 27.3333, -32.3333, 25.3333, -31.6667, 24.0, -30.3333, 22.3333, -30.6667, 21.0, -30.6667, 19.3333, -30.3333, 19.0, -30.3333, 18.3333, -30.3333, 18.3333, -30.0, 17.6667, -29.0, 17.6667, -28.6667, 17.6667, -28.3333, 17.6667, -27.6667, 18.0, -27.0, 17.3333, -26.0, 16.6667, -24.3333, 17.0, -23.0, 16.3333, -22.3333, 15.6667, -21.3333, 16.0, -20.6667, 19.3333, -20.0, 19.3333, -19.0, 2.6667, -4.0, 0.6667, -1.3333, -1.0, 0.0, -1.6667, 0.3333, -1.0, 0.0, 0.6667, -2.3333, 3.0, -5.6667, 20.3333, -30.3333, 23.3333, -29.3333, 24.6667, -31.3333, 27.6667, -33.0, 30.0, -34.3333, 32.0, -34.6667, 34.0, -35.3333, 35.3333, -35.6667, 37.3333, -34.0, 38.0, -33.3333, 39.0, -32.6667, 39.6667, -32.0, 40.0, -31.3333, 39.6667, -31.3333, 40.0, -30.3333, 40.0, -29.6667, 39.3333, -30.3333, 39.3333, -30.3333, 38.3333, -30.0, 37.3333, -30.6667, 37.3333, -31.6667, 37.0, -33.0, 36.6667, -34.0, 36.0, -35.0, 35.0, -36.6667, 34.6667, -37.3333, 34.6667, -37.6667, 34.6667, -37.6667]",24.558021,18.551143,91.760558
16,16,5c:01:3b:6b:b0:95,-39,256,"[86.0, -32.0, 4.0, 0.0, 5.0, -11.3333, 5.0, -11.3333, 4.6667, -11.3333, 4.6667, -10.3333, 3.6667, -10.3333, 3.6667, -10.3333, 3.0, -10.3333, 2.6667, -10.3333, 2.0, -10.3333, 1.3333, -11.0, 1.0, -10.3333, 1.0, -10.3333, 0.6667, -10.3333, 0.6667, -10.3333, 1.0, -10.3333, 1.0, -10.0, 1.0, -10.0, 1.0, -9.0, 1.3333, -9.0, 1.6667, -9.0, 1.6667, -8.3333, 1.6667, -8.0, 1.6667, -8.0, 1.6667, -7.3333, 2.0, -7.0, 0.3333, -2.0, 0.0, 0.0, 0.0, 0.0, 0.0, 0.0, 0.0, 0.0, 0.0, 0.0, 0.0, 0.0, 0.0, 0.0, 0.0, 0.0, 0.0, 0.0, 0.3333, -3.0, 3.0, -11.0, 3.3333, -11.0, 4.3333, -11.0, 4.6667, -11.3333, 5.3333, -11.3333, 5.6667, -11.3333, 6.6667, -11.3333, 6.6667, -11.0, 7.6667, -11.0, 7.6667, -11.0, 7.6667, -11.3333, 8.0, -11.3333, 7.6667, -11.3333, 7.6667, -10.6667, 7.6667, -10.3333, 7.6667, -10.3333, 7.6667, -10.3333, 6.6667, -10.3333, 6.6667, -11.0, 6.6667, -11.3333, 6.6667, -11.3333, 6.0, -11.3333, 5.6667, -11.3333, 5.6667, -11.3333, 6.0, -12.3333, 6.0, -12.3333, 7.6667, -12.6667, 25.3333, -41.3333, 25.0, -40.6667, 24.0, -39.6667, 23.0, -39.0, 22.0, -38.0, 20.3333, -36.6667, 19.3333, -35.3333, 17.3333, -35.3333, 16.0, -34.6667, 14.3333, -34.3333, 13.0, -34.3333, 11.3333, -33.6667, 11.0, -33.3333, 10.3333, -33.3333, 10.3333, -33.0, 10.3333, -32.0, 10.3333, -31.6667, 10.3333, -31.3333, 10.3333, -30.6667, 11.0, -30.0, 11.0, -29.0, 10.6667, -27.3333, 11.0, -26.0, 10.6667, -25.0, 10.6667, -24.0, 11.0, -23.0, 15.6667, -21.3333, 15.6667, -20.0, 2.3333, -4.0, 0.3333, -1.6667, -1.0, 0.0, -1.3333, 0.3333, -1.0, 0.0, 0.3333, -2.3333, 2.0, -6.3333, 14.3333, -34.3333, 17.0, -33.6667, 16.3333, -35.6667, 19.0, -36.3333, 21.6667, -37.6667, 23.6667, -37.3333, 25.6667, -37.6667, 27.3333, -37.3333, 29.3333, -36.0, 30.3333, -35.6667, 31.3333, -35.3333, 32.0, -35.0, 32.6667, -34.6667, 32.3333, -34.6667, 32.6667, -33.6667, 32.6667, -33.3333, 32.3333, -33.6667, 32.0, -33.6667, 31.0, -33.0, 30.0, -33.3333, 30.0, -34.3333, 29.3333, -35.0, 28.6667, -36.0, 27.6667, -37.0, 26.3333, -39.0, 26.0, -40.0, 25.6667, -40.6667, 25.6667, -40.6667]",23.278192,17.737473,91.760558
17,17,5c:01:3b:6b:b0:95,-39,256,"[86.0, -32.0, 4.0, 0.0, 2.0, -15.0, 2.0, -15.0, 2.0, -14.6667, 2.0, -14.0, 1.0, -14.0, 1.0, -13.6667, 0.3333, -13.6667, 0.0, -13.3333, -0.6667, -13.3333, -1.3333, -13.6667, -1.6667, -12.6667, -1.6667, -12.6667, -2.3333, -12.6667, -2.3333, -12.6667, -1.6667, -12.6667, -1.6667, -12.6667, -1.6667, -12.3333, -1.6667, -11.6667, -1.3333, -11.3333, -0.6667, -11.3333, -0.6667, -10.6667, 0.0, -10.0, 0.0, -10.0, 0.0, -9.6667, 0.3333, -9.0, 0.0, -2.6667, 0.0, 0.0, 0.0, 0.0, 0.0, 0.0, 0.0, 0.0, 0.0, 0.0, 0.0, 0.0, 0.0, 0.0, 0.0, 0.0, 0.0, 0.0, 0.0, -3.6667, 0.3333, -13.6667, 1.0, -14.0, 2.0, -14.3333, 2.0, -14.6667, 3.0, -14.6667, 3.0, -15.0, 4.0, -15.3333, 4.3333, -15.3333, 5.3333, -15.3333, 5.6667, -15.3333, 5.6667, -15.6667, 5.6667, -16.0, 5.6667, -15.6667, 5.6667, -15.3333, 5.6667, -14.6667, 5.6667, -14.6667, 5.3333, -14.6667, 4.3333, -14.6667, 4.3333, -15.3333, 4.3333, -15.3333, 4.0, -15.3333, 3.3333, -15.0, 3.0, -15.0, 3.0, -15.0, 3.0, -16.0, 3.0, -16.3333, 5.3333, -13.0, 16.3333, -43.0, 16.3333, -42.0, 15.3333, -41.0, 14.6667, -40.0, 13.6667, -39.0, 12.3333, -37.6667, 11.3333, -36.3333, 9.3333, -36.6667, 8.0, -36.3333, 6.3333, -36.6667, 5.0, -37.0, 3.3333, -36.3333, 3.0, -36.6667, 2.3333, -36.3333, 2.3333, -35.6667, 3.0, -35.0, 3.0, -34.3333, 3.0, -33.6667, 3.0, -33.0, 4.0, -32.0, 4.6667, -30.6667, 4.6667, -29.0, 5.0, -27.3333, 5.0, -26.3333, 5.6667, -25.0, 6.0, -23.6667, 12.3333, -22.0, 12.6667, -21.0, 2.0, -4.0, 0.0, -2.0, -1.0, 0.0, -1.0, 0.6667, -1.0, 0.0, 0.0, -2.6667, 1.0, -7.0, 8.3333, -37.3333, 11.0, -36.0, 8.0, -37.3333, 10.3333, -37.0, 13.3333, -38.0, 15.3333, -38.0, 17.3333, -39.0, 19.6667, -39.0, 21.6667, -38.0, 23.0, -38.0, 24.0, -38.0, 24.6667, -38.0, 25.3333, -38.0, 25.0, -38.0, 25.3333, -37.0, 25.6667, -37.0, 25.6667, -37.0, 25.3333, -37.0, 24.3333, -36.0, 23.0, -36.0, 23.0, -37.0, 22.0, -37.0, 21.0, -38.0, 19.3333, -39.0, 17.6667, -41.0, 17.3333, -42.0, 16.6667, -43.0, 16.6667, -43.0]",23.776926,16.386943,91.760558
18,18,5c:01:3b:6b:b0:95,-38,256,"[86.0, -32.0, 4.0, 0.0, 2.3333, -18.6667, 2.3333, -18.6667, 2.3333, -18.0, 2.0, -17.6667, 1.3333, -17.6667, 1.0, -17.0, 0.0, -17.0, 0.0, -16.3333, -1.0, -16.3333, -2.0, -16.3333, -2.0, -15.3333, -2.0, -15.3333, -3.0, -15.3333, -3.0, -15.3333, -2.0, -15.3333, -2.0, -15.3333, -2.0, -14.6667, -2.0, -14.3333, -2.0, -13.6667, -1.0, -13.6667, -1.0, -13.0, 0.0, -12.0, 0.0, -12.0, 0.0, -12.0, 0.0, -11.0, 0.0, -3.3333, 0.0, 0.0, 0.0, 0.0, 0.0, 0.0, 0.0, 0.0, 0.0, 0.0, 0.0, 0.0, 0.0, 0.0, 0.0, 0.0, 0.0, 0.0, 0.0, -4.3333, 0.0, -16.3333, 1.0, -17.0, 2.0, -17.6667, 2.3333, -18.0, 3.3333, -18.0, 3.6667, -18.6667, 4.6667, -18.6667, 5.0, -18.6667, 6.0, -18.6667, 6.6667, -18.6667, 6.6667, -19.0, 6.6667, -19.6667, 6.6667, -19.0, 6.6667, -18.6667, 6.6667, -18.0, 6.6667, -18.0, 6.0, -18.0, 5.0, -18.0, 5.0, -18.6667, 5.0, -18.6667, 4.6667, -18.6667, 4.0, -18.6667, 3.3333, -18.6667, 3.3333, -18.6667, 3.6667, -19.6667, 3.3333, -20.3333, 5.0, -13.0, 15.0, -42.0, 15.0, -41.3333, 14.0, -40.3333, 13.0, -39.0, 12.0, -38.0, 11.0, -37.3333, 10.0, -36.0, 8.0, -36.0, 7.0, -35.6667, 5.0, -35.3333, 4.0, -36.0, 2.0, -35.0, 2.0, -35.3333, 1.0, -35.0, 1.0, -34.6667, 2.0, -34.0, 2.0, -33.6667, 2.0, -32.6667, 2.0, -32.0, 3.0, -31.0, 4.0, -29.6667, 4.0, -28.0, 4.0, -26.6667, 4.0, -25.6667, 5.0, -24.6667, 5.0, -23.6667, 11.6667, -21.6667, 12.3333, -20.6667, 2.0, -4.0, 0.0, -1.6667, -1.0, 0.0, -1.0, 0.3333, -1.0, 0.0, 0.0, -2.3333, 1.0, -7.0, 8.0, -36.0, 10.6667, -35.0, 7.0, -36.6667, 9.0, -36.6667, 12.0, -37.3333, 14.0, -37.3333, 16.0, -38.0, 18.6667, -38.0, 20.6667, -37.3333, 21.6667, -37.3333, 22.6667, -37.3333, 23.6667, -37.3333, 24.0, -37.6667, 24.0, -37.6667, 24.0, -36.6667, 24.6667, -36.6667, 24.6667, -36.6667, 24.3333, -36.6667, 23.3333, -36.0, 21.6667, -35.6667, 21.6667, -36.3333, 20.6667, -36.3333, 19.6667, -37.3333, 18.0, -38.3333, 16.0, -40.0, 16.0, -41.0, 15.0, -42.0, 15.0, -42.0]",24.563235,15.294786,91.760558
19,19,5c:01:3b:6b:b0:95,-43,256,"[86.0, -32.0, 4.0, 0.0, 2.3333, -13.3333, 2.0, -13.3333, 2.0, -13.0, 1.3333, -13.3333, 1.0, -13.3333, 0.3333, -13.0, -0.3333, -13.0, -0.6667, -12.6667, -1.6667, -13.0, -2.6667, -13.3333, -2.6667, -12.6667, -3.0, -13.0, -3.6667, -13.0, -3.6667, -13.0, -3.0, -13.0, -3.0, -13.0, -2.6667, -12.0, -2.6667, -11.6667, -2.6667, -11.0, -1.6667, -11.0, -1.3333, -10.0, -0.6667, -9.3333, -0.6667, -9.3333, -0.3333, -9.3333, -0.3333, -8.3333, -0.3333, -2.6667, 0.0, 0.0, 0.0, 0.0, 0.0, 0.0, 0.0, 0.0, 0.0, 0.0, 0.0, 0.0, 0.0, 0.0, 0.0, 0.0, 0.0, 0.0, -0.3333, -3.6667, -0.6667, -13.0, 0.3333, -13.3333, 1.3333, -13.6667, 2.0, -13.3333, 3.0, -13.0, 3.6667, -13.0, 4.6667, -12.6667, 5.3333, -13.0, 6.3333, -13.0, 7.3333, -13.0, 7.3333, -13.0, 7.3333, -13.6667, 7.3333, -13.3333, 7.3333, -13.3333, 7.3333, -12.6667, 7.3333, -12.6667, 6.3333, -12.6667, 5.3333, -12.6667, 5.3333, -13.3333, 5.3333, -13.0, 4.6667, -12.6667, 4.3333, -12.6667, 3.3333, -13.0, 3.3333, -13.0, 3.6667, -13.6667, 3.3333, -14.3333, 5.0, -8.3333, 14.6667, -25.3333, 14.6667, -25.0, 14.0, -24.6667, 13.0, -23.6667, 12.0, -22.6667, 10.6667, -22.6667, 9.6667, -22.3333, 8.0, -23.0, 6.6667, -23.3333, 4.6667, -24.0, 3.6667, -24.6667, 2.0, -24.3333, 1.6667, -25.0, 1.0, -24.6667, 1.0, -24.3333, 1.6667, -23.6667, 2.0, -23.3333, 2.0, -22.6667, 2.0, -22.0, 3.0, -21.0, 3.6667, -20.0, 3.6667, -18.6667, 3.6667, -17.6667, 3.6667, -17.0, 4.6667, -16.0, 5.0, -15.0, 12.0, -14.3333, 13.0, -14.3333, 2.0, -3.0, 0.0, -1.3333, -1.0, -0.3333, -1.0, 0.3333, -1.0, -0.3333, 0.0, -2.0, 1.0, -5.3333, 8.0, -26.0, 11.0, -24.3333, 6.6667, -24.3333, 9.0, -23.6667, 12.0, -22.6667, 14.0, -22.3333, 16.0, -23.3333, 19.0, -24.0, 21.0, -24.0, 22.0, -24.3333, 23.0, -24.6667, 24.0, -24.6667, 24.0, -25.0, 24.0, -25.0, 24.0, -24.6667, 25.0, -25.0, 25.0, -25.0, 25.0, -25.0, 24.0, -24.6667, 22.0, -24.0, 22.0, -24.0, 21.0, -23.6667, 20.0, -24.0, 18.0, -24.3333, 16.0, -24.6667, 16.0, -25.0, 15.0, -25.3333, 15.0, -25.3333]",18.059533,11.936572,91.760558
20,20,5c:01:3b:6b:b0:95,-43,256,"[86.0, -32.0, 4.0, 0.0, -3.6667, -4.6667, -4.0, -4.6667, -4.0, -5.0, -4.6667, -5.6667, -4.6667, -5.6667, -5.3333, -6.0, -5.6667, -6.0, -6.0, -6.3333, -6.6667, -7.0, -7.0, -7.6667, -7.0, -7.3333, -7.3333, -8.0, -7.6667, -8.0, -7.6667, -8.0, -7.3333, -8.0, -7.0, -8.0, -6.6667, -7.0, -6.6667, -6.3333, -6.3333, -6.0, -5.6667, -6.0, -5.3333, -5.0, -4.6667, -4.6667, -4.6667, -4.6667, -4.0, -4.6667, -4.0, -3.6667, -1.3333, -1.3333, 0.0, 0.0, 0.0, 0.0, 0.0, 0.0, 0.0, 0.0, 0.0, 0.0, 0.0, 0.0, 0.0, 0.0, 0.0, 0.0, 0.0, 0.0, -1.6667, -2.3333, -6.0, -7.0, -5.0, -6.6667, -4.3333, -6.3333, -3.6667, -5.6667, -2.6667, -5.0, -2.0, -4.0, -1.3333, -3.3333, -0.6667, -4.0, 0.3333, -4.0, 1.0, -4.0, 1.0, -4.0, 1.3333, -4.3333, 1.3333, -4.6667, 1.3333, -4.6667, 1.3333, -4.3333, 1.0, -4.3333, 0.3333, -4.3333, -0.3333, -4.3333, -0.6667, -4.6667, -0.6667, -4.0, -1.3333, -3.3333, -2.0, -3.3333, -2.6667, -4.0, -2.6667, -4.0, -2.6667, -4.3333, -3.0, -4.6667, 0.6667, -3.6667, 1.6667, -8.6667, 1.6667, -8.6667, 1.6667, -9.0, 1.0, -8.3333, 0.3333, -7.3333, -0.6667, -7.3333, -1.6667, -7.6667, -2.6667, -9.0, -4.0, -10.3333, -5.6667, -11.3333, -6.6667, -12.3333, -7.6667, -12.6667, -8.3333, -13.3333, -8.6667, -13.3333, -8.3333, -13.3333, -8.0, -12.3333, -7.3333, -12.3333, -7.3333, -12.0, -7.0, -11.0, -5.6667, -10.0, -5.0, -9.6667, -4.6667, -8.3333, -4.3333, -8.0, -4.0, -7.6667, -3.0, -6.6667, -2.0, -5.6667, 4.3333, -7.0, 5.3333, -8.0, 0.6667, -2.0, -0.3333, -1.0, -0.6667, -0.6667, -0.6667, 0.0, -0.6667, -0.6667, -0.6667, -1.3333, -1.0, -3.6667, -2.6667, -15.0, 0.0, -12.6667, -3.6667, -11.3333, -1.6667, -10.0, 1.0, -8.0, 2.6667, -7.3333, 4.3333, -8.6667, 6.6667, -10.0, 8.3333, -10.6667, 9.3333, -11.3333, 10.3333, -12.0, 11.3333, -12.0, 11.3333, -12.3333, 11.3333, -12.3333, 11.3333, -12.6667, 12.3333, -13.3333, 12.3333, -13.3333, 12.3333, -13.3333, 11.3333, -13.3333, 9.6667, -12.3333, 9.3333, -11.6667, 8.3333, -11.0, 7.3333, -10.6667, 5.3333, -10.3333, 3.6667, -9.3333, 3.3333, -9.0, 2.3333, -8.6667, 2.0, -8.6667]",8.887139,8.784585,91.760558
21,21,5c:01:3b:6b:b0:95,-39,256,"[86.0, -32.0, 4.0, 0.0, -10.0, 5.3333, -10.3333, 5.3333, -10.3333, 4.6667, -10.6667, 4.0, -10.6667, 4.0, -11.0, 3.3333, -11.0, 3.3333, -11.3333, 3.0, -11.6667, 2.3333, -11.3333, 1.6667, -11.3333, 1.6667, -11.6667, 1.0, -11.6667, 1.0, -11.6667, 1.0, -11.6667, 1.0, -11.0, 1.0, -10.6667, 1.6667, -10.6667, 2.3333, -10.0, 2.0, -9.6667, 1.6667, -9.3333, 2.0, -8.6667, 2.0, -8.6667, 2.0, -7.6667, 1.6667, -7.6667, 2.3333, -2.3333, 0.3333, 0.0, 0.0, 0.0, 0.0, 0.0, 0.0, 0.0, 0.0, 0.0, 0.0, 0.0, 0.0, 0.0, 0.0, 0.0, 0.0, 0.0, 0.0, -3.0, 0.0, -11.3333, 2.6667, -10.3333, 3.0, -10.0, 3.3333, -9.6667, 4.0, -8.6667, 4.6667, -8.3333, 5.6667, -8.0, 6.0, -7.0, 5.0, -6.0, 5.0, -5.6667, 5.0, -5.6667, 5.0, -5.0, 5.0, -5.0, 4.0, -5.0, 4.0, -5.0, 4.0, -5.6667, 4.0, -6.0, 4.0, -6.3333, 4.0, -7.0, 4.0, -7.0, 5.0, -8.0, 6.0, -8.6667, 6.0, -9.0, 5.6667, -9.0, 6.0, -9.6667, 6.0, -9.6667, 6.0, -3.6667, 1.0, -11.3333, 7.0, -11.3333, 7.0, -10.6667, 6.0, -11.0, 6.0, -11.3333, 7.0, -12.0, 7.0, -13.0, 6.6667, -13.3333, 5.6667, -14.6667, 4.6667, -16.0, 3.6667, -17.0, 3.6667, -17.3333, 3.0, -18.3333, 2.6667, -18.3333, 2.6667, -17.6667, 2.3333, -17.6667, 3.0, -16.6667, 2.6667, -16.6667, 2.6667, -16.0, 3.0, -14.3333, 3.3333, -13.6667, 3.0, -13.0, 3.3333, -12.3333, 3.0, -11.6667, 2.6667, -10.6667, 3.0, -9.0, 3.6667, -3.3333, 0.0, -2.6667, -2.0, -0.6667, -1.0, -0.6667, -1.0, -0.3333, -1.0, -0.3333, -0.3333, -0.3333, -1.0, -1.3333, -0.6667, -3.0, -0.6667, -13.3333, 1.0, -11.0, 2.3333, -14.0, 5.0, -12.3333, 5.6667, -10.0, 6.6667, -8.6667, 7.0, -7.3333, 5.0, -5.6667, 3.0, -4.3333, 2.0, -3.3333, 1.0, -3.0, 0.0, -2.6667, 0.0, -2.6667, 0.0, -3.0, 0.0, -3.0, -1.0, -2.6667, -2.0, -2.6667, -2.0, -2.6667, -2.0, -3.0, -2.0, -3.3333, -1.0, -3.3333, 0.0, -4.3333, 1.0, -5.3333, 2.0, -7.3333, 3.0, -8.6667, 5.0, -9.3333, 6.0, -10.3333, 7.0, -11.0, 7.0]",9.445301,8.825065,91.760558
22,22,5c:01:3b:6b:b0:95,-42,256,"[86.0, -32.0, 4.0, 0.0, -10.6667, 0.3333, -10.3333, 0.3333, -10.3333, 0.3333, -10.3333, 0.0, -10.3333, 0.0, -10.3333, -0.3333, -10.0, -0.3333, -10.0, -0.3333, -10.0, -0.6667, -9.0, -1.0, -9.0, -1.0, -9.0, -1.3333, -9.0, -1.3333, -9.3333, -1.3333, -9.3333, -1.3333, -8.3333, -1.3333, -8.3333, -0.6667, -8.3333, -0.3333, -8.0, -0.3333, -8.0, -0.6667, -8.0, -0.6667, -7.6667, -0.6667, -7.6667, -0.3333, -7.0, -0.6667, -7.0, -0.3333, -2.0, -0.3333, 0.0, 0.0, 0.0, 0.0, 0.0, 0.0, 0.0, 0.0, 0.0, 0.0, 0.0, 0.0, 0.0, 0.0, 0.0, 0.0, 0.0, 0.0, -2.6667, -0.6667, -10.0, -0.3333, -9.3333, -0.3333, -9.6667, -0.3333, -9.6667, 0.0, -9.3333, 0.6667, -9.3333, 1.0, -9.6667, 1.0, -9.0, 0.3333, -8.6667, 0.3333, -8.6667, 0.3333, -8.6667, 0.3333, -8.3333, 0.3333, -8.3333, -0.3333, -8.3333, -0.3333, -8.0, 0.0, -8.6667, -0.3333, -8.6667, -0.3333, -8.6667, -0.3333, -9.0, -0.3333, -9.0, 0.3333, -9.6667, 1.0, -10.3333, 0.6667, -10.0, 0.6667, -10.0, 1.0, -10.6667, 1.0, -10.6667, 0.6667, -6.6667, -2.6667, -19.0, -6.0, -19.0, -5.6667, -18.0, -6.3333, -17.6667, -6.0, -17.3333, -5.3333, -17.0, -5.3333, -17.3333, -5.3333, -16.6667, -5.6667, -17.0, -6.0, -17.3333, -5.6667, -17.3333, -5.0, -17.0, -5.0, -17.3333, -5.0, -17.3333, -5.0, -16.6667, -5.0, -16.6667, -4.3333, -16.0, -4.6667, -16.3333, -4.3333, -15.6667, -4.3333, -14.6667, -4.3333, -14.3333, -4.6667, -14.0, -4.3333, -13.6667, -4.3333, -13.0, -4.6667, -12.3333, -4.3333, -11.3333, -4.0, -10.6667, -5.0, -10.3333, -5.6667, -2.0, -1.6667, -1.0, -1.0, 0.0, -0.6667, -0.3333, -0.3333, 0.0, -0.6667, -1.3333, -1.0, -3.3333, -2.0, -16.3333, -7.3333, -16.0, -6.6667, -16.3333, -5.6667, -16.6667, -5.3333, -16.3333, -5.0, -16.3333, -4.6667, -16.3333, -5.6667, -16.0, -6.6667, -16.0, -7.0, -16.0, -7.3333, -15.6667, -7.6667, -15.3333, -7.6667, -15.3333, -8.0, -15.6667, -7.6667, -15.6667, -8.6667, -15.3333, -9.0, -15.3333, -9.0, -15.3333, -9.3333, -15.6667, -9.3333, -15.6667, -8.6667, -16.0, -8.0, -16.0, -7.6667, -16.3333, -7.3333, -17.3333, -7.3333, -17.6667, -6.3333, -18.0, -6.0, -18.3333, -5.6667, -19.0, -6.0]",12.105058,9.209259,91.760558
23,23,5c:01:3b:6b:b0:95,-37,256,"[86.0, -32.0, 4.0, 0.0, -5.3333, -0.6667, -4.6667, -0.6667, -4.6667, 0.0, -4.6667, 0.0, -4.6667, 0.0, -4.6667, 0.3333, -4.0, 0.3333, -4.0, 1.0, -4.0, 1.0, -3.0, 1.3333, -3.0, 1.6667, -3.0, 1.6667, -3.0, 1.6667, -3.6667, 1.6667, -3.6667, 1.6667, -2.6667, 1.6667, -2.6667, 2.0, -2.6667, 1.6667, -3.0, 1.3333, -3.0, 1.0, -3.0, 0.3333, -3.3333, 0.3333, -3.3333, 0.6667, -3.0, 0.0, -3.0, 0.0, -1.0, -0.3333, 0.0, 0.0, 0.0, 0.0, 0.0, 0.0, 0.0, 0.0, 0.0, 0.0, 0.0, 0.0, 0.0, 0.0, 0.0, 0.0, 0.0, 0.0, -1.3333, 0.0, -4.0, 1.3333, -3.6667, 1.0, -4.3333, 0.0, -4.3333, 0.0, -4.6667, 0.0, -4.6667, -1.0, -5.3333, -1.6667, -5.0, -2.0, -5.3333, -2.3333, -5.3333, -2.3333, -5.3333, -2.6667, -5.6667, -2.6667, -5.6667, -3.0, -5.6667, -3.0, -5.0, -2.6667, -5.3333, -3.0, -5.3333, -3.0, -5.3333, -2.6667, -5.0, -2.3333, -5.0, -2.0, -5.3333, -1.3333, -5.6667, -1.6667, -5.0, -1.0, -5.0, -0.3333, -5.3333, -0.3333, -5.3333, -0.6667, -5.3333, -4.0, -14.0, -10.3333, -14.0, -10.0, -13.0, -10.3333, -12.3333, -10.0, -11.6667, -9.3333, -11.0, -9.0, -10.6667, -8.3333, -9.3333, -7.6667, -9.0, -6.6667, -8.6667, -5.3333, -7.6667, -3.6667, -7.0, -3.0, -6.6667, -2.3333, -6.6667, -2.3333, -6.3333, -2.3333, -6.3333, -2.0, -6.0, -2.6667, -6.6667, -2.3333, -6.3333, -3.0, -6.3333, -3.6667, -6.6667, -4.3333, -7.0, -4.3333, -7.3333, -4.3333, -7.0, -5.0, -6.6667, -5.0, -6.6667, -5.3333, -10.3333, -7.3333, -10.6667, -7.6667, -2.0, -2.0, -1.0, -1.0, 0.0, -0.6667, -0.6667, -0.6667, 0.0, -0.3333, -0.6667, -0.6667, -1.6667, -1.3333, -8.6667, -5.0, -10.0, -6.3333, -8.6667, -5.6667, -10.3333, -7.0, -11.6667, -8.3333, -12.6667, -9.3333, -13.6667, -10.3333, -14.0, -11.3333, -15.0, -12.0, -16.0, -12.3333, -16.3333, -12.6667, -16.6667, -13.0, -16.6667, -13.3333, -17.3333, -13.0, -17.3333, -14.0, -17.6667, -14.0, -17.6667, -14.0, -17.6667, -14.3333, -17.3333, -14.0, -16.3333, -13.3333, -16.0, -12.6667, -15.0, -12.3333, -14.6667, -12.0, -14.6667, -12.0, -14.3333, -11.0, -14.0, -10.6667, -13.6667, -10.3333, -14.0, -10.3333]",9.028906,9.863682,91.760558
24,24,5c:01:3b:6b:b0:95,-38,256,"[86.0, -32.0, 4.0, 0.0, 2.3333, -3.0, 3.0, -3.0, 2.6667, -2.0, 2.6667, -2.0, 2.6667, -2.0, 2.3333, -1.3333, 3.0, -1.3333, 2.6667, -0.6667, 2.6667, -0.6667, 3.0, -0.6667, 3.0, -0.6667, 3.0, -0.6667, 3.0, -0.6667, 2.0, -0.6667, 2.0, -0.6667, 3.0, -0.6667, 3.0, -0.3333, 3.0, -0.3333, 2.3333, -0.3333, 2.3333, -0.3333, 2.3333, -0.6667, 1.6667, -0.6667, 1.6667, -0.3333, 1.6667, -1.0, 1.6667, -1.0, 0.0, -0.6667, 0.0, 0.0, 0.0, 0.0, 0.0, 0.0, 0.0, 0.0, 0.0, 0.0, 0.0, 0.0, 0.0, 0.0, 0.0, 0.0, 0.0, 0.0, 0.3333, -0.3333, 2.6667, -0.6667, 3.0, -0.6667, 2.6667, -2.0, 2.6667, -2.0, 2.3333, -2.3333, 2.6667, -3.6667, 2.0, -4.3333, 2.3333, -4.3333, 1.6667, -5.0, 1.6667, -5.0, 1.6667, -5.6667, 1.3333, -5.6667, 1.0, -5.6667, 1.0, -5.6667, 1.6667, -5.3333, 1.6667, -5.6667, 1.6667, -5.6667, 1.3333, -5.0, 2.0, -4.3333, 2.0, -4.3333, 2.0, -3.6667, 2.0, -4.0, 2.3333, -3.3333, 2.3333, -2.6667, 2.6667, -2.6667, 2.6667, -3.0, 0.3333, -5.3333, 5.0, -14.6667, 4.6667, -14.3333, 5.0, -14.3333, 5.3333, -14.0, 5.6667, -13.3333, 6.0, -12.6667, 6.3333, -12.0, 7.0, -11.3333, 7.0, -10.0, 7.0, -8.6667, 8.0, -7.0, 8.3333, -6.0, 8.6667, -5.3333, 8.6667, -5.3333, 8.6667, -5.0, 8.6667, -4.6667, 8.6667, -5.3333, 7.6667, -5.0, 7.6667, -5.6667, 7.0, -6.3333, 6.3333, -7.0, 5.6667, -6.6667, 4.6667, -6.3333, 4.6667, -7.0, 4.6667, -6.6667, 4.0, -7.3333, -2.6667, -9.6667, -3.3333, -9.6667, -1.0, -2.3333, -0.6667, -1.0, -0.3333, -0.6667, -1.0, -0.6667, -0.3333, 0.0, 0.3333, -0.6667, 1.0, -2.0, 7.0, -8.6667, 6.0, -10.3333, 7.3333, -9.6667, 6.0, -11.3333, 5.0, -12.3333, 4.3333, -14.0, 2.6667, -15.0, 1.6667, -16.0, 0.3333, -17.0, -1.3333, -17.3333, -1.6667, -17.6667, -1.6667, -18.3333, -1.3333, -18.6667, -1.6667, -18.3333, -2.0, -19.3333, -2.3333, -19.0, -2.3333, -19.0, -2.6667, -19.3333, -2.6667, -18.6667, -2.0, -18.0, -2.0, -17.3333, 0.0, -17.0, 1.0, -16.6667, 2.0, -16.6667, 3.0, -15.6667, 4.0, -15.3333, 5.3333, -15.0, 5.3333, -14.6667]",8.370342,9.525818,91.760558
25,25,5c:01:3b:6b:b0:95,-43,256,"[86.0, -32.0, 4.0, 0.0, 2.0, 4.0, 2.3333, 4.0, 2.0, 4.3333, 2.0, 4.0, 2.0, 3.6667, 2.0, 4.3333, 2.3333, 4.0, 2.0, 4.3333, 2.3333, 4.0, 2.3333, 4.3333, 2.6667, 4.6667, 2.6667, 4.6667, 2.6667, 4.6667, 2.0, 4.6667, 2.0, 4.6667, 2.6667, 4.6667, 2.6667, 4.6667, 2.3333, 4.3333, 2.0, 3.6667, 2.0, 3.6667, 2.0, 3.0, 1.6667, 3.0, 1.3333, 3.0, 1.3333, 2.3333, 1.3333, 2.3333, 0.0, 0.3333, 0.0, 0.0, 0.0, 0.0, 0.0, 0.0, 0.0, 0.0, 0.0, 0.0, 0.0, 0.0, 0.0, 0.0, 0.0, 0.0, 0.0, 0.0, 0.3333, 1.0, 2.3333, 4.3333, 2.3333, 4.6667, 2.3333, 3.6667, 2.0, 4.3333, 1.6667, 4.0, 2.0, 3.0, 1.3333, 2.6667, 1.3333, 3.0, 1.0, 2.3333, 1.0, 2.3333, 1.0, 1.6667, 1.0, 1.6667, 0.3333, 1.6667, 0.3333, 1.6667, 0.6667, 1.3333, 1.0, 1.6667, 1.0, 1.3333, 0.6667, 2.0, 1.3333, 2.6667, 1.3333, 2.6667, 1.3333, 3.3333, 1.3333, 3.3333, 1.6667, 3.6667, 1.6667, 4.0, 2.0, 4.3333, 2.3333, 4.3333, 0.0, 1.3333, 3.6667, 6.3333, 3.3333, 6.0, 3.6667, 5.6667, 4.0, 5.3333, 4.3333, 5.3333, 4.6667, 5.6667, 5.0, 6.0, 5.6667, 6.0, 6.0, 6.6667, 6.0, 6.6667, 7.0, 7.6667, 7.6667, 8.0, 7.6667, 8.3333, 7.6667, 8.3333, 7.6667, 8.3333, 7.6667, 8.3333, 7.6667, 7.6667, 7.0, 7.3333, 6.6667, 7.0, 6.0, 6.3333, 5.3333, 5.6667, 5.0, 5.3333, 4.0, 5.3333, 4.0, 4.6667, 3.6667, 4.6667, 3.0, 4.0, -3.3333, 2.3333, -4.3333, 1.6667, -1.3333, -0.3333, -0.6667, -0.3333, -0.3333, -1.0, -1.0, -1.0, -0.3333, -0.3333, 0.3333, 0.0, 1.0, 1.0, 7.0, 8.6667, 6.0, 7.6667, 6.6667, 7.3333, 5.3333, 6.3333, 4.3333, 6.0, 3.3333, 4.6667, 1.6667, 4.0, 0.3333, 3.3333, -1.3333, 2.6667, -2.6667, 2.6667, -4.0, 2.3333, -4.6667, 1.6667, -4.3333, 2.0, -4.6667, 2.0, -5.3333, 1.3333, -6.0, 1.3333, -6.0, 1.3333, -6.0, 1.0, -5.3333, 1.6667, -4.0, 1.6667, -3.3333, 2.3333, -1.3333, 2.6667, -0.3333, 3.0, 0.6667, 3.6667, 1.6667, 4.6667, 2.6667, 5.0, 4.0, 5.6667, 4.3333, 6.3333]",5.391872,8.192123,91.760558
26,26,5c:01:3b:6b:b0:95,-41,256,"[86.0, -32.0, 4.0, 0.0, 4.6667, 8.0, 4.6667, 8.0, 4.3333, 7.6667, 4.3333, 7.3333, 4.3333, 7.0, 4.3333, 7.3333, 4.6667, 6.6667, 4.3333, 6.6667, 5.0, 6.0, 4.6667, 6.0, 5.3333, 6.0, 5.3333, 6.0, 5.3333, 6.0, 5.0, 6.0, 5.0, 6.0, 5.0, 6.0, 5.0, 6.0, 4.3333, 5.6667, 4.0, 5.3333, 4.0, 5.3333, 3.6667, 4.6667, 3.6667, 4.6667, 3.0, 4.6667, 3.0, 4.0, 2.6667, 4.0, 0.3333, 0.6667, 0.0, 0.0, 0.0, 0.0, 0.0, 0.0, 0.0, 0.0, 0.0, 0.0, 0.0, 0.0, 0.0, 0.0, 0.0, 0.0, 0.0, 0.0, 1.0, 1.3333, 5.3333, 6.6667, 5.0, 7.0, 5.3333, 7.0, 4.6667, 7.6667, 4.3333, 7.6667, 4.6667, 7.6667, 4.0, 7.6667, 4.0, 8.0, 3.6667, 8.0, 3.6667, 8.0, 3.6667, 8.0, 4.0, 8.0, 3.0, 8.0, 3.0, 8.0, 3.0, 7.6667, 3.3333, 8.0, 3.3333, 7.3333, 3.0, 7.3333, 3.6667, 7.6667, 3.6667, 7.6667, 3.6667, 8.0, 4.0, 8.0, 4.3333, 8.0, 4.6667, 8.0, 5.0, 8.6667, 5.3333, 8.6667, 2.0, 6.3333, 9.6667, 21.3333, 9.3333, 20.6667, 9.3333, 20.3333, 9.6667, 19.6667, 9.6667, 18.6667, 9.6667, 18.3333, 10.0, 18.0, 10.0, 17.3333, 10.3333, 16.6667, 10.6667, 16.0, 11.3333, 16.0, 12.0, 15.6667, 12.0, 15.6667, 11.6667, 15.6667, 11.6667, 15.6667, 11.6667, 15.3333, 11.3333, 15.0, 10.6667, 14.6667, 10.0, 14.3333, 9.3333, 14.0, 8.6667, 13.3333, 8.3333, 12.6667, 7.6667, 12.3333, 7.3333, 11.6667, 6.6667, 11.3333, 5.6667, 11.0, 0.6667, 11.6667, -0.6667, 11.3333, -0.6667, 1.3333, -0.6667, 0.3333, -0.6667, -1.0, -1.0, -1.0, -0.6667, -0.6667, 0.6667, 0.3333, 1.6667, 2.6667, 12.3333, 17.6667, 11.6667, 18.3333, 12.0, 17.3333, 11.0, 17.6667, 10.3333, 18.6667, 9.6667, 18.6667, 8.0, 19.3333, 6.6667, 20.0, 5.0, 20.3333, 4.0, 21.0, 2.6667, 21.0, 2.3333, 20.6667, 2.6667, 21.0, 2.6667, 21.3333, 2.0, 20.6667, 1.3333, 20.6667, 1.0, 20.3333, 1.0, 20.3333, 1.6667, 20.3333, 2.3333, 19.6667, 3.0, 20.0, 4.6667, 20.0, 5.6667, 20.0, 7.0, 20.3333, 8.0, 20.3333, 9.0, 20.6667, 10.3333, 21.0, 10.6667, 21.6667]",12.75409,10.190922,91.760558
27,27,5c:01:3b:6b:b0:95,-38,256,"[86.0, -32.0, 4.0, 0.0, 2.0, 12.0, 2.0, 12.0, 2.0, 11.0, 2.0, 10.6667, 2.0, 10.3333, 2.6667, 10.3333, 3.0, 9.3333, 3.0, 9.0, 4.0, 8.0, 4.0, 8.3333, 5.0, 8.6667, 5.0, 8.6667, 5.0, 8.6667, 5.0, 8.6667, 5.0, 8.6667, 4.6667, 8.6667, 4.6667, 8.6667, 3.6667, 7.6667, 3.3333, 7.3333, 3.3333, 7.3333, 3.0, 6.3333, 3.0, 6.3333, 2.0, 6.3333, 2.0, 5.6667, 1.6667, 5.6667, 0.3333, 1.0, 0.0, 0.0, 0.0, 0.0, 0.0, 0.0, 0.0, 0.0, 0.0, 0.0, 0.0, 0.0, 0.0, 0.0, 0.0, 0.0, 0.0, 0.0, 0.6667, 1.6667, 4.3333, 9.0, 3.3333, 9.3333, 3.3333, 10.3333, 2.3333, 11.0, 1.3333, 11.3333, 1.3333, 12.3333, 0.3333, 12.6667, -0.3333, 13.0, -0.6667, 13.3333, -0.6667, 13.3333, -0.6667, 13.6667, -0.6667, 13.6667, -1.6667, 13.6667, -1.6667, 13.6667, -1.6667, 13.0, -1.0, 13.6667, -1.0, 12.6667, -1.0, 12.3333, 0.0, 12.3333, 0.0, 12.6667, 0.0, 12.6667, 0.3333, 12.6667, 1.3333, 12.3333, 1.6667, 12.0, 1.6667, 13.0, 2.3333, 13.0, -2.6667, 11.3333, -5.6667, 36.3333, -5.6667, 35.3333, -5.0, 35.0, -4.0, 34.0, -3.3333, 32.0, -2.6667, 31.0, -1.6667, 30.0, -0.3333, 28.6667, 1.3333, 27.3333, 2.6667, 26.3333, 4.3333, 25.6667, 6.0, 25.3333, 6.3333, 25.0, 6.0, 25.0, 6.0, 24.6667, 6.0, 24.3333, 5.6667, 24.0, 5.3333, 23.3333, 4.3333, 23.0, 3.3333, 22.6667, 2.3333, 22.0, 2.0, 20.6667, 1.3333, 20.0, 1.0, 19.3333, 0.0, 18.6667, -1.3333, 18.3333, -7.3333, 21.0, -8.6667, 21.0, -2.0, 3.0, -1.0, 1.0, -0.3333, -1.0, -1.0, -1.3333, -0.3333, -1.0, 0.3333, 0.6667, 0.6667, 4.3333, 4.3333, 28.0, 1.6667, 29.0, 3.0, 28.3333, 0.3333, 29.3333, -2.3333, 31.3333, -4.6667, 32.6667, -6.6667, 34.6667, -8.3333, 36.6667, -11.0, 38.0, -12.0, 39.3333, -13.6667, 39.6667, -14.3333, 39.6667, -14.3333, 40.0, -14.3333, 40.6667, -15.0, 40.0, -15.3333, 40.0, -15.6667, 39.3333, -15.0, 39.6667, -14.0, 39.0, -13.3333, 37.6667, -12.3333, 37.6667, -10.6667, 37.3333, -9.6667, 37.0, -8.3333, 37.0, -7.3333, 36.0, -6.3333, 36.3333, -5.3333, 36.3333, -4.6667, 37.0]",19.299966,14.690795,91.760558
28,28,5c:01:3b:6b:b0:95,-38,256,"[86.0, -32.0, 4.0, 0.0, 5.0, 14.3333, 5.0, 14.0, 5.0, 13.0, 5.0, 12.6667, 5.0, 12.3333, 5.3333, 12.3333, 6.0, 11.3333, 6.0, 11.0, 7.0, 10.0, 7.0, 10.0, 8.0, 9.6667, 8.0, 9.6667, 8.0, 10.0, 8.0, 9.6667, 8.0, 9.6667, 7.3333, 9.6667, 7.3333, 9.6667, 6.3333, 9.0, 5.6667, 8.6667, 5.6667, 8.6667, 5.0, 8.0, 5.0, 8.0, 4.0, 8.0, 4.0, 7.3333, 3.3333, 7.3333, 0.6667, 1.3333, 0.0, 0.0, 0.0, 0.0, 0.0, 0.0, 0.0, 0.0, 0.0, 0.0, 0.0, 0.0, 0.0, 0.0, 0.0, 0.0, 0.0, 0.0, 1.3333, 2.3333, 7.6667, 11.3333, 6.6667, 11.6667, 6.6667, 12.6667, 5.6667, 13.0, 4.6667, 13.3333, 4.6667, 14.3333, 3.6667, 14.6667, 3.3333, 15.0, 2.6667, 15.6667, 2.6667, 16.0, 2.6667, 16.6667, 2.6667, 16.6667, 1.6667, 16.3333, 1.6667, 16.3333, 1.6667, 15.6667, 2.0, 16.0, 2.0, 15.3333, 2.0, 14.6667, 3.0, 14.3333, 3.0, 14.6667, 3.0, 14.6667, 3.6667, 14.6667, 4.6667, 14.6667, 5.3333, 14.6667, 5.3333, 15.3333, 5.6667, 15.3333, -0.3333, 11.3333, 1.6667, 38.0, 1.6667, 37.0, 2.0, 36.6667, 3.0, 35.6667, 3.3333, 34.3333, 3.6667, 34.0, 4.6667, 33.0, 5.3333, 32.0, 6.6667, 30.6667, 8.3333, 30.0, 9.6667, 29.3333, 11.0, 29.0, 11.6667, 29.0, 11.0, 29.0, 11.0, 28.6667, 11.0, 28.0, 10.3333, 27.6667, 9.6667, 27.3333, 8.6667, 26.3333, 7.6667, 26.0, 6.6667, 25.0, 6.0, 23.6667, 5.6667, 22.6667, 5.0, 21.6667, 4.0, 20.6667, 2.3333, 20.3333, -2.6667, 19.3333, -4.3333, 18.6667, -1.0, 2.6667, -1.0, 0.6667, -0.6667, -1.0, -1.0, -1.3333, -0.6667, -1.0, 0.6667, 1.0, 1.3333, 5.0, 9.6667, 30.3333, 7.3333, 31.0, 9.0, 32.0, 6.6667, 32.3333, 4.3333, 33.6667, 2.6667, 34.3333, 0.6667, 35.6667, -0.6667, 36.6667, -3.0, 37.6667, -4.0, 39.0, -5.3333, 39.3333, -5.6667, 39.6667, -5.6667, 39.6667, -5.6667, 40.3333, -6.0, 39.6667, -6.6667, 39.6667, -7.3333, 39.0, -7.0, 39.6667, -6.0, 38.6667, -5.6667, 37.3333, -4.6667, 37.3333, -3.3333, 37.0, -2.3333, 36.6667, -0.6667, 37.0, 0.3333, 36.6667, 1.3333, 37.6667, 2.3333, 38.0, 2.6667, 39.0]",20.991764,14.248094,91.760558
29,29,5c:01:3b:6b:b0:95,-37,256,"[86.0, -32.0, 4.0, 0.0, 1.3333, 14.0, 1.3333, 13.3333, 1.3333, 12.6667, 1.3333, 12.3333, 1.3333, 12.0, 1.6667, 11.6667, 2.0, 11.0, 2.3333, 10.6667, 3.0, 9.6667, 3.3333, 9.6667, 4.0, 9.3333, 4.0, 9.3333, 4.0, 9.3333, 4.0, 9.0, 4.0, 9.0, 3.6667, 9.0, 3.6667, 9.0, 3.0, 8.6667, 2.3333, 8.3333, 2.3333, 8.3333, 2.0, 8.0, 2.0, 7.6667, 1.3333, 7.6667, 1.3333, 7.3333, 1.0, 7.3333, 0.0, 1.3333, 0.0, 0.0, 0.0, 0.0, 0.0, 0.0, 0.0, 0.0, 0.0, 0.0, 0.0, 0.0, 0.0, 0.0, 0.0, 0.0, 0.0, 0.0, 0.3333, 2.3333, 3.6667, 11.0, 2.6667, 11.3333, 2.3333, 12.0, 2.0, 12.6667, 1.3333, 13.0, 1.6667, 13.6667, 1.0, 14.0, 1.0, 14.3333, 0.6667, 14.6667, 0.6667, 15.0, 0.6667, 15.3333, 1.0, 15.3333, 0.3333, 15.0, 0.3333, 15.0, 0.3333, 14.3333, 0.3333, 14.6667, 0.3333, 14.0, 0.3333, 13.6667, 0.6667, 13.6667, 0.6667, 14.0, 0.6667, 14.0, 1.0, 14.0, 1.3333, 14.0, 1.6667, 14.3333, 1.6667, 14.6667, 2.0, 14.6667, -2.0, 10.0, -3.6667, 34.6667, -3.3333, 34.0, -3.0, 33.3333, -2.3333, 32.0, -2.3333, 31.0, -2.3333, 30.3333, -2.0, 29.3333, -1.6667, 28.0, -1.3333, 26.6667, -0.6667, 26.0, -0.3333, 25.0, 0.6667, 24.6667, 1.0, 24.3333, 0.6667, 24.3333, 1.0, 24.0, 1.0, 23.6667, 0.6667, 23.3333, 0.3333, 23.0, -0.3333, 22.3333, -0.6667, 22.0, -1.0, 21.3333, -1.3333, 20.3333, -1.3333, 19.6667, -1.3333, 19.0, -1.6667, 18.3333, -2.3333, 18.0, -5.0, 16.3333, -5.6667, 16.0, -1.3333, 2.3333, -1.0, 0.3333, -0.6667, -1.0, -0.6667, -1.3333, -0.3333, -1.0, 0.0, 0.6667, -0.3333, 3.3333, -0.6667, 23.0, -1.6667, 24.0, 0.6667, 28.0, -0.3333, 28.6667, -1.0, 30.3333, -1.6667, 31.3333, -2.6667, 33.0, -3.0, 34.0, -4.0, 35.0, -4.0, 36.0, -4.3333, 36.0, -4.6667, 36.3333, -4.6667, 36.6667, -4.6667, 37.0, -5.0, 36.3333, -5.3333, 36.0, -5.3333, 35.3333, -5.3333, 35.6667, -5.0, 34.6667, -5.0, 34.0, -5.0, 34.3333, -4.3333, 34.3333, -4.0, 34.3333, -3.3333, 34.6667, -3.3333, 34.3333, -3.0, 34.6667, -2.3333, 35.0, -2.3333, 35.6667]",18.577154,13.217055,91.760558
30,30,5c:01:3b:6b:b0:95,-43,256,"[86.0, -32.0, 4.0, 0.0, 5.6667, 11.3333, 5.6667, 10.6667, 5.6667, 10.0, 5.3333, 9.6667, 5.3333, 9.3333, 5.3333, 8.6667, 5.6667, 8.3333, 5.6667, 7.6667, 6.3333, 7.0, 6.6667, 6.6667, 6.6667, 6.3333, 6.6667, 6.3333, 6.6667, 6.3333, 6.6667, 6.0, 6.6667, 6.0, 6.3333, 6.0, 6.3333, 6.0, 5.6667, 6.0, 5.0, 5.6667, 5.0, 5.6667, 4.3333, 5.6667, 4.3333, 5.3333, 3.6667, 5.3333, 3.6667, 5.6667, 3.3333, 5.6667, 0.3333, 1.0, 0.0, 0.0, 0.0, 0.0, 0.0, 0.0, 0.0, 0.0, 0.0, 0.0, 0.0, 0.0, 0.0, 0.0, 0.0, 0.0, 0.0, 0.0, 1.0, 1.6667, 7.0, 8.0, 6.3333, 8.6667, 6.0, 9.3333, 6.0, 10.0, 5.6667, 10.6667, 6.0, 11.3333, 5.6667, 11.6667, 6.0, 12.3333, 5.6667, 12.6667, 5.6667, 13.3333, 5.6667, 13.6667, 6.0, 13.6667, 5.6667, 13.3333, 5.3333, 13.3333, 5.3333, 13.0, 5.3333, 13.0, 5.3333, 12.3333, 5.3333, 12.0, 5.3333, 12.0, 5.3333, 11.6667, 5.3333, 11.6667, 5.6667, 11.6667, 5.6667, 11.6667, 6.3333, 12.0, 6.3333, 12.0, 6.6667, 12.0, 3.0, 8.6667, 12.3333, 31.0, 12.3333, 30.6667, 12.3333, 29.6667, 12.3333, 28.3333, 12.0, 27.3333, 11.6667, 26.6667, 11.3333, 25.3333, 11.0, 23.6667, 10.6667, 21.6667, 11.3333, 20.3333, 11.0, 18.6667, 11.3333, 17.3333, 11.6667, 16.6667, 11.3333, 17.0, 11.6667, 17.0, 11.3333, 16.6667, 10.6667, 16.6667, 10.0, 16.6667, 9.3333, 16.3333, 9.0, 16.6667, 8.6667, 16.3333, 8.0, 15.6667, 8.0, 15.3333, 7.3333, 15.0, 7.0, 15.0, 6.0, 15.3333, 5.6667, 13.3333, 5.0, 13.3333, 0.6667, 2.0, -0.6667, 0.0, -1.0, -1.0, -1.0, -1.0, -0.6667, -1.0, 0.6667, 0.3333, 1.6667, 1.6667, 12.0, 14.3333, 11.6667, 17.0, 12.6667, 22.0, 12.6667, 24.3333, 12.6667, 26.6667, 13.0, 28.3333, 12.6667, 30.0, 12.6667, 31.3333, 12.6667, 32.6667, 12.6667, 34.0, 13.0, 34.3333, 12.6667, 34.6667, 12.6667, 35.3333, 12.6667, 35.3333, 12.3333, 35.0, 12.0, 34.6667, 11.6667, 34.3333, 11.3333, 34.3333, 11.6667, 33.0, 11.3333, 32.3333, 11.3333, 32.3333, 11.6667, 32.0, 12.0, 32.0, 12.6667, 32.0, 12.6667, 31.6667, 13.0, 31.3333, 13.6667, 31.6667, 13.3333, 31.6667]",17.487847,13.176086,91.760558
31,31,5c:01:3b:6b:b0:95,-37,256,"[86.0, -32.0, 4.0, 0.0, 7.0, 1.3333, 7.0, 1.0, 6.6667, 1.0, 6.0, 1.0, 5.6667, 1.0, 5.6667, 0.6667, 5.3333, 0.6667, 5.0, 0.6667, 5.0, 0.3333, 5.0, 0.0, 4.6667, 0.0, 4.6667, 0.3333, 4.3333, 0.0, 4.3333, 0.0, 4.3333, 0.0, 4.3333, 0.0, 4.3333, 0.0, 4.0, 0.0, 3.6667, 0.0, 3.6667, 0.3333, 3.6667, 0.3333, 3.6667, 0.0, 3.3333, 0.0, 3.3333, 0.6667, 3.3333, 0.6667, 0.3333, -0.3333, 0.0, 0.0, 0.0, 0.0, 0.0, 0.0, 0.0, 0.0, 0.0, 0.0, 0.0, 0.0, 0.0, 0.0, 0.0, 0.0, 0.0, 0.0, 0.6667, -0.3333, 6.0, 0.3333, 6.0, 0.6667, 6.0, 0.6667, 6.6667, 1.0, 6.6667, 1.3333, 7.0, 1.3333, 7.0, 1.3333, 7.3333, 1.6667, 7.3333, 1.6667, 7.3333, 2.0, 7.3333, 1.6667, 7.6667, 1.6667, 7.6667, 1.6667, 7.0, 2.0, 7.0, 2.0, 7.3333, 2.0, 7.3333, 1.3333, 7.3333, 1.3333, 7.0, 1.6667, 7.0, 1.3333, 7.0, 1.3333, 7.0, 1.3333, 6.6667, 1.3333, 7.3333, 1.6667, 7.3333, 1.6667, 8.0, 1.3333, 5.0, 1.3333, 18.6667, 6.3333, 18.3333, 6.6667, 18.0, 6.3333, 17.3333, 5.3333, 16.6667, 4.6667, 15.6667, 4.0, 14.6667, 3.0, 14.0, 1.6667, 12.3333, 0.3333, 12.0, -0.6667, 10.6667, -2.3333, 10.3333, -3.3333, 10.0, -4.0, 10.0, -3.6667, 10.3333, -3.3333, 10.0, -3.3333, 9.6667, -3.0, 9.0, -2.6667, 9.0, -2.3333, 9.0, -1.6667, 9.0, -1.0, 8.6667, -1.0, 8.6667, -0.6667, 8.0, -0.3333, 8.0, 0.6667, 8.0, 1.3333, 10.0, 1.6667, 10.3333, 2.6667, 1.3333, 0.0, -0.3333, -0.3333, -1.0, -0.6667, -1.0, -0.6667, -0.6667, -0.6667, 0.3333, -0.6667, 1.6667, -2.3333, 12.3333, -7.0, 13.3333, -4.6667, 13.6667, 0.0, 15.3333, 2.0, 16.6667, 4.0, 18.0, 6.0, 19.3333, 7.6667, 20.3333, 9.6667, 21.6667, 10.6667, 22.6667, 11.6667, 24.0, 12.0, 23.6667, 12.0, 24.0, 12.6667, 24.0, 12.3333, 23.3333, 12.3333, 23.3333, 12.0, 23.0, 12.0, 22.6667, 11.6667, 22.3333, 10.6667, 21.6667, 10.6667, 21.3333, 10.6667, 21.0, 10.6667, 21.0, 10.6667, 20.6667, 9.6667, 20.0, 8.6667, 19.6667, 7.6667, 20.0, 7.3333, 19.6667, 7.0]",10.782242,10.624029,91.760558
32,32,5c:01:3b:6b:b0:95,-38,256,"[86.0, -32.0, 4.0, 0.0, 12.0, -1.0, 12.0, -1.0, 11.3333, -1.3333, 10.3333, -1.3333, 9.6667, -1.3333, 9.6667, -1.6667, 9.0, -1.6667, 8.0, -2.0, 7.6667, -2.0, 7.0, -2.6667, 6.6667, -2.6667, 6.6667, -2.3333, 6.0, -2.3333, 6.0, -2.3333, 6.0, -2.3333, 6.0, -2.3333, 6.0, -2.3333, 5.6667, -2.3333, 5.6667, -2.3333, 5.6667, -2.0, 6.0, -2.0, 6.0, -2.0, 5.6667, -2.0, 5.6667, -1.0, 5.6667, -1.0, 1.0, -0.6667, 0.0, 0.0, 0.0, 0.0, 0.0, 0.0, 0.0, 0.0, 0.0, 0.0, 0.0, 0.0, 0.0, 0.0, 0.0, 0.0, 0.0, 0.0, 1.3333, -1.0, 9.0, -2.3333, 9.6667, -1.6667, 10.3333, -1.3333, 11.0, -1.3333, 11.0, -0.6667, 11.0, -0.3333, 11.0, -0.3333, 11.0, 0.3333, 11.0, 0.3333, 11.0, 1.0, 11.0, 0.6667, 11.0, 0.6667, 11.0, 0.6667, 10.0, 1.0, 10.0, 1.0, 11.0, 1.0, 11.0, 0.3333, 11.0, 0.3333, 11.0, 0.3333, 11.0, -0.3333, 11.0, -0.3333, 11.0, -0.3333, 11.0, -0.3333, 12.0, -0.3333, 12.0, -0.3333, 13.0, -0.6667, 8.6667, 1.3333, 30.3333, 5.6667, 29.3333, 6.0, 28.6667, 5.6667, 27.6667, 5.3333, 27.0, 4.3333, 25.6667, 4.0, 24.6667, 2.6667, 24.0, 1.3333, 22.0, 0.0, 21.6667, -1.3333, 20.3333, -3.0, 19.6667, -4.3333, 19.0, -5.0, 19.0, -4.3333, 19.0, -4.0, 18.6667, -4.0, 18.3333, -3.6667, 17.3333, -3.3333, 17.6667, -3.0, 17.3333, -2.0, 17.0, -1.3333, 16.6667, -1.6667, 16.3333, -1.3333, 15.0, -1.0, 14.6667, 0.3333, 14.6667, 1.3333, 16.6667, 2.0, 17.0, 2.3333, 2.3333, 0.0, 0.0, -0.3333, -1.0, -0.6667, -1.3333, -0.6667, -1.0, -0.6667, 0.6667, -0.6667, 3.3333, -1.6667, 23.0, -4.3333, 24.0, -2.0, 23.0, -1.0, 25.0, 1.6667, 26.0, 3.6667, 27.3333, 5.3333, 29.3333, 6.0, 30.3333, 7.3333, 31.6667, 7.6667, 32.6667, 8.3333, 34.0, 8.6667, 33.6667, 8.6667, 34.3333, 9.0, 34.3333, 8.6667, 33.3333, 8.6667, 33.3333, 8.6667, 32.3333, 8.6667, 32.3333, 8.6667, 32.0, 8.0, 31.3333, 8.0, 31.6667, 8.0, 31.3333, 7.6667, 31.6667, 7.6667, 31.3333, 7.0, 31.0, 6.6667, 30.6667, 6.3333, 31.0, 6.3333, 31.0, 6.0]",16.049251,12.737862,91.760558
33,33,5c:01:3b:6b:b0:95,-43,256,"[86.0, -32.0, 4.0, 0.0, 3.0, -6.3333, 3.3333, -6.3333, 3.0, -6.0, 2.6667, -5.6667, 2.0, -5.3333, 2.3333, -5.3333, 2.0, -5.0, 1.3333, -4.6667, 1.0, -4.3333, 0.3333, -4.3333, 0.6667, -4.3333, 0.6667, -3.6667, 0.0, -3.6667, 0.3333, -3.6667, 0.3333, -3.6667, 0.3333, -3.6667, 0.3333, -3.6667, 0.3333, -4.0, 0.3333, -4.0, 0.3333, -3.6667, 1.0, -3.6667, 1.0, -3.6667, 1.0, -3.6667, 1.0, -3.0, 0.6667, -3.3333, 0.0, -1.3333, 0.0, 0.0, 0.0, 0.0, 0.0, 0.0, 0.0, 0.0, 0.0, 0.0, 0.0, 0.0, 0.0, 0.0, 0.0, 0.0, 0.0, 0.0, -0.3333, -1.6667, 1.6667, -5.3333, 2.3333, -5.3333, 2.3333, -5.6667, 2.6667, -6.0, 2.3333, -6.0, 2.3333, -6.6667, 2.0, -7.0, 1.6667, -7.0, 1.3333, -7.0, 1.0, -7.0, 1.0, -7.3333, 1.0, -7.6667, 1.0, -7.3333, 0.3333, -7.0, 0.6667, -7.0, 1.3333, -7.0, 1.3333, -7.0, 1.6667, -6.6667, 1.6667, -6.6667, 1.6667, -6.6667, 2.0, -6.6667, 2.0, -6.6667, 2.3333, -6.3333, 2.6667, -6.3333, 2.6667, -6.3333, 3.3333, -6.6667, 2.0, -4.3333, 8.0, -12.6667, 7.6667, -12.3333, 7.3333, -12.0, 7.3333, -11.6667, 7.0, -11.3333, 6.0, -11.0, 5.6667, -11.3333, 5.6667, -11.3333, 4.3333, -11.3333, 4.0, -11.6667, 2.6667, -12.0, 2.3333, -12.3333, 2.0, -12.3333, 2.0, -12.0, 2.3333, -11.6667, 2.3333, -11.6667, 2.3333, -11.0, 2.0, -10.6667, 2.6667, -10.6667, 2.6667, -10.0, 2.6667, -9.3333, 2.6667, -9.3333, 2.6667, -9.0, 2.3333, -8.6667, 2.3333, -7.6667, 2.6667, -7.0, 4.0, -7.6667, 5.0, -8.0, 0.3333, -2.0, -0.3333, -0.6667, -0.6667, -0.3333, -0.6667, -0.3333, -0.6667, -0.3333, -0.3333, -1.0, 0.0, -2.6667, 3.3333, -12.0, 4.3333, -11.3333, 4.3333, -12.3333, 5.6667, -12.0, 6.3333, -11.6667, 7.0, -12.0, 8.3333, -12.6667, 9.0, -13.0, 10.0, -14.0, 11.3333, -14.0, 13.0, -13.6667, 13.0, -13.6667, 13.6667, -13.6667, 13.6667, -14.3333, 13.0, -14.0, 13.3333, -14.0, 12.6667, -13.6667, 12.6667, -14.0, 12.0, -14.0, 11.3333, -13.6667, 11.3333, -13.3333, 10.3333, -13.3333, 10.0, -13.3333, 9.6667, -13.3333, 9.3333, -13.0, 8.6667, -12.6667, 8.6667, -12.6667, 8.6667, -12.6667]",9.294493,9.187216,91.760558
34,34,5c:01:3b:6b:b0:95,-38,256,"[86.0, -32.0, 4.0, 0.0, -8.0, 0.0, -7.6667, 0.0, -7.3333, 0.0, -7.0, 0.3333, -7.3333, 0.6667, -6.6667, 0.3333, -6.3333, 1.0, -6.3333, 1.0, -6.3333, 1.3333, -6.6667, 1.6667, -6.0, 2.0, -6.0, 2.3333, -6.3333, 2.3333, -6.0, 2.3333, -6.0, 2.3333, -6.0, 2.3333, -5.6667, 2.0, -5.6667, 1.6667, -5.3333, 1.3333, -5.3333, 1.0, -5.0, 1.0, -4.6667, 1.0, -4.6667, 0.6667, -4.6667, 1.0, -4.6667, 0.3333, -1.3333, -0.3333, 0.0, 0.0, 0.0, 0.0, 0.0, 0.0, 0.0, 0.0, 0.0, 0.0, 0.0, 0.0, 0.0, 0.0, 0.0, 0.0, 0.0, 0.0, -2.3333, 0.0, -6.6667, 1.0, -6.6667, 0.6667, -7.3333, 0.3333, -7.6667, 0.0, -8.3333, -0.3333, -8.3333, -1.0, -8.6667, -1.6667, -9.0, -1.6667, -9.0, -2.0, -9.3333, -2.0, -9.6667, -2.0, -9.6667, -2.6667, -9.3333, -2.3333, -9.6667, -2.0, -9.3333, -2.3333, -9.0, -2.3333, -9.0, -2.0, -8.6667, -1.6667, -8.6667, -1.6667, -9.0, -1.3333, -8.6667, -1.3333, -8.6667, -1.0, -8.3333, -0.6667, -8.6667, -0.3333, -9.0, 0.0, -8.6667, 0.0, -4.6667, -0.3333, -14.0, 0.6667, -14.0, 1.0, -13.6667, 1.0, -13.0, 1.6667, -12.6667, 1.6667, -13.0, 1.6667, -13.0, 1.3333, -12.3333, 1.6667, -12.3333, 2.3333, -12.0, 2.3333, -12.6667, 2.6667, -12.3333, 2.6667, -12.3333, 3.0, -12.0, 3.3333, -11.6667, 3.3333, -11.6667, 3.3333, -11.3333, 3.3333, -11.0, 3.3333, -10.6667, 2.6667, -10.3333, 2.6667, -10.0, 2.3333, -9.6667, 1.6667, -9.3333, 1.6667, -9.0, 1.3333, -9.0, 1.3333, -8.6667, 1.3333, -7.0, -2.0, -6.6667, -3.0, -1.6667, -1.0, -1.0, -0.6667, -0.3333, -0.6667, 0.0, -0.6667, -0.3333, -0.6667, -1.0, -0.3333, -3.0, 0.0, -13.3333, 2.0, -13.3333, 1.6667, -13.3333, 2.0, -13.3333, 1.6667, -13.0, 1.3333, -13.0, 0.0, -12.6667, -1.3333, -12.6667, -2.6667, -12.3333, -4.0, -12.0, -5.0, -11.3333, -5.3333, -11.6667, -5.3333, -11.6667, -5.3333, -11.6667, -5.6667, -11.6667, -5.6667, -11.3333, -6.0, -11.6667, -6.0, -11.3333, -6.0, -11.3333, -5.6667, -11.3333, -5.0, -11.3333, -4.3333, -11.6667, -4.3333, -12.0, -3.6667, -12.6667, -2.3333, -12.6667, -1.3333, -13.3333, 0.0, -13.6667, 0.6667, -14.0, 0.6667]",9.243672,8.425677,91.760558
35,35,5c:01:3b:6b:b0:95,-42,256,"[86.0, -32.0, 4.0, 0.0, -19.0, -1.6667, -18.6667, -1.6667, -17.6667, -1.3333, -16.6667, -0.6667, -16.6667, -0.3333, -15.6667, -0.3333, -14.6667, 0.3333, -14.0, 0.6667, -13.6667, 1.3333, -13.6667, 2.0, -12.6667, 2.3333, -12.6667, 3.0, -12.6667, 3.0, -12.3333, 3.0, -12.3333, 3.0, -12.3333, 3.0, -11.6667, 2.6667, -11.6667, 2.0, -11.0, 1.6667, -11.0, 1.3333, -11.0, 1.3333, -10.3333, 1.3333, -10.3333, 0.6667, -10.3333, 0.6667, -10.0, 0.0, -2.6667, -0.3333, 0.0, 0.0, 0.0, 0.0, 0.0, 0.0, 0.0, 0.0, 0.0, 0.0, 0.0, 0.0, 0.0, 0.0, 0.0, 0.0, 0.0, 0.0, -4.3333, 0.0, -15.0, 0.6667, -15.6667, -0.3333, -17.0, -1.0, -18.0, -1.6667, -19.0, -2.3333, -19.0, -3.6667, -19.3333, -4.3333, -19.6667, -5.0, -19.3333, -5.3333, -19.6667, -5.6667, -20.3333, -5.6667, -20.3333, -6.6667, -19.6667, -6.3333, -19.6667, -5.6667, -19.3333, -6.0, -19.3333, -6.0, -19.3333, -5.3333, -19.0, -4.6667, -19.0, -4.6667, -19.6667, -4.0, -19.3333, -4.0, -19.3333, -3.3333, -19.0, -3.0, -20.0, -2.6667, -20.6667, -2.0, -20.6667, -2.0, -11.6667, -4.3333, -37.0, -11.3333, -36.6667, -11.0, -35.6667, -10.6667, -34.0, -9.6667, -33.0, -8.6667, -32.3333, -7.6667, -31.6667, -7.0, -30.3333, -5.6667, -29.3333, -3.6667, -28.6667, -2.3333, -29.0, -1.0, -28.3333, 0.0, -28.0, 1.0, -27.6667, 1.0, -27.0, 1.3333, -27.0, 1.0, -26.3333, 1.0, -25.3333, 1.0, -25.0, 0.0, -24.3333, -0.6667, -23.6667, -1.3333, -22.6667, -1.6667, -22.0, -2.0, -21.0, -2.3333, -20.3333, -3.0, -20.0, -3.6667, -19.3333, -9.3333, -19.0, -10.6667, -3.6667, -2.6667, -1.6667, -1.0, 0.0, -0.6667, 0.6667, -0.6667, 0.0, -0.3333, -1.6667, -0.3333, -6.0, -0.6667, -30.6667, -3.0, -31.0, -5.3333, -31.3333, -4.0, -32.3333, -6.6667, -33.0, -9.0, -34.3333, -11.3333, -35.3333, -13.3333, -36.3333, -15.6667, -36.6667, -17.0, -37.3333, -18.0, -37.3333, -18.3333, -37.6667, -18.6667, -38.3333, -18.6667, -38.3333, -19.3333, -38.0, -19.0, -37.6667, -19.6667, -37.3333, -19.3333, -37.0, -19.3333, -36.3333, -18.6667, -36.0, -17.6667, -35.6667, -17.0, -35.6667, -16.6667, -36.0, -16.0, -36.6667, -14.6667, -36.3333, -13.3333, -36.6667, -12.0, -37.3333, -11.3333, -37.6667, -11.0]",22.227125,14.080777,91.760558
36,36,5c:01:3b:6b:b0:95,-38,256,"[86.0, -32.0, 4.0, 0.0, -18.3333, 2.0, -18.3333, 2.0, -17.3333, 2.0, -16.3333, 2.6667, -16.3333, 2.6667, -15.6667, 2.6667, -15.0, 3.0, -14.0, 3.0, -14.0, 3.6667, -14.3333, 4.0, -13.6667, 4.3333, -13.6667, 5.0, -14.0, 5.0, -14.0, 5.0, -14.0, 5.0, -13.6667, 5.0, -13.0, 4.6667, -12.6667, 4.0, -12.0, 3.6667, -11.6667, 3.3333, -11.3333, 3.3333, -10.6667, 3.3333, -10.6667, 2.3333, -10.3333, 2.3333, -9.6667, 2.0, -2.6667, 0.3333, 0.0, 0.0, 0.0, 0.0, 0.0, 0.0, 0.0, 0.0, 0.0, 0.0, 0.0, 0.0, 0.0, 0.0, 0.0, 0.0, 0.0, 0.0, -4.3333, 0.6667, -15.0, 3.3333, -15.6667, 2.3333, -16.6667, 2.0, -17.3333, 1.3333, -18.0, 1.0, -18.0, 0.0, -18.3333, -0.3333, -18.3333, -1.0, -17.6667, -1.3333, -17.6667, -1.3333, -18.3333, -1.3333, -18.3333, -2.3333, -17.6667, -2.3333, -17.6667, -1.3333, -17.6667, -1.6667, -17.6667, -1.6667, -17.6667, -1.3333, -17.3333, -0.6667, -17.3333, -0.6667, -18.0, -0.3333, -18.3333, -0.3333, -18.3333, 0.6667, -18.3333, 0.6667, -19.0, 1.0, -19.6667, 2.0, -19.6667, 2.0, -12.6667, -2.6667, -40.0, -5.3333, -40.0, -5.0, -39.0, -5.0, -37.3333, -4.0, -36.3333, -3.3333, -35.6667, -2.0, -35.0, -1.3333, -34.0, -0.3333, -33.3333, 1.6667, -32.6667, 3.3333, -33.0, 4.3333, -32.3333, 5.3333, -32.3333, 6.3333, -31.6667, 6.3333, -31.3333, 7.0, -31.3333, 6.3333, -30.3333, 6.0, -29.3333, 6.0, -29.0, 5.0, -28.0, 4.0, -27.0, 3.0, -25.6667, 2.6667, -24.6667, 2.0, -23.6667, 1.6667, -23.0, 0.6667, -22.0, -0.3333, -20.6667, -6.6667, -20.3333, -8.3333, -4.0, -2.3333, -2.0, -1.0, 0.0, -1.0, 0.6667, -1.0, 0.0, -0.3333, -2.0, 0.0, -7.0, 0.3333, -34.6667, 2.3333, -35.0, -0.3333, -35.3333, 1.3333, -36.0, -1.3333, -36.3333, -4.0, -37.6667, -6.0, -38.3333, -8.0, -39.0, -10.6667, -39.0, -11.6667, -40.0, -13.0, -40.3333, -14.0, -40.6667, -14.6667, -41.6667, -14.6667, -41.6667, -15.3333, -41.3333, -15.3333, -41.3333, -16.3333, -40.6667, -16.3333, -40.3333, -15.6667, -39.3333, -14.6667, -39.0, -13.0, -38.3333, -12.0, -38.0, -11.3333, -38.0, -10.3333, -39.3333, -9.0, -39.3333, -7.3333, -39.6667, -6.0, -40.6667, -5.0, -41.0, -4.3333]",23.112757,14.742175,91.760558
37,37,5c:01:3b:6b:b0:95,-38,256,"[86.0, -32.0, 4.0, 0.0, -15.6667, 0.0, -15.6667, 0.0, -14.6667, 0.0, -13.6667, 1.0, -13.6667, 1.0, -13.3333, 1.0, -13.0, 1.0, -12.0, 1.0, -12.0, 2.0, -12.6667, 2.0, -12.3333, 2.0, -12.3333, 3.0, -13.0, 3.0, -13.0, 3.0, -13.0, 3.0, -12.3333, 3.0, -12.0, 3.0, -11.3333, 2.0, -11.0, 2.0, -10.3333, 2.0, -9.6667, 2.0, -9.3333, 2.0, -9.3333, 1.0, -8.6667, 1.0, -8.3333, 1.0, -2.3333, 0.0, 0.0, 0.0, 0.0, 0.0, 0.0, 0.0, 0.0, 0.0, 0.0, 0.0, 0.0, 0.0, 0.0, 0.0, 0.0, 0.0, 0.0, 0.0, -3.6667, 0.0, -13.0, 1.0, -13.3333, 0.0, -14.3333, 0.0, -14.6667, -1.0, -15.0, -1.0, -15.0, -2.0, -15.6667, -2.0, -15.6667, -3.0, -15.3333, -3.0, -15.3333, -3.0, -15.6667, -3.0, -15.6667, -4.0, -15.3333, -4.0, -15.3333, -3.0, -15.3333, -3.0, -15.3333, -3.0, -15.3333, -3.0, -14.6667, -2.0, -14.6667, -2.0, -15.0, -2.0, -15.6667, -2.0, -15.6667, -1.0, -15.6667, -1.0, -16.0, -1.0, -16.3333, 0.0, -16.3333, 0.0, -13.6667, -4.0, -42.3333, -9.0, -42.3333, -9.0, -41.0, -9.0, -39.0, -8.0, -38.0, -7.0, -37.0, -5.0, -36.0, -4.0, -35.0, -3.0, -34.0, -1.0, -33.3333, 1.0, -33.6667, 2.0, -33.0, 3.0, -33.0, 4.0, -32.3333, 4.0, -32.0, 5.0, -31.6667, 4.0, -31.0, 4.0, -30.0, 4.0, -29.6667, 3.0, -28.6667, 2.0, -27.6667, 1.0, -26.3333, 1.0, -25.3333, 0.0, -24.3333, 0.0, -23.3333, -1.0, -22.6667, -2.0, -22.3333, -9.0, -21.3333, -11.0, -4.0, -3.0, -2.0, -1.0, 0.0, -1.0, 0.3333, -1.0, 0.0, 0.0, -2.0, 0.0, -7.0, 0.0, -35.3333, 0.0, -35.6667, -3.0, -36.0, -2.0, -36.6667, -5.0, -38.0, -8.0, -40.0, -10.0, -41.0, -12.0, -41.6667, -15.0, -42.0, -16.0, -43.0, -17.0, -42.6667, -18.0, -42.6667, -19.0, -43.6667, -19.0, -43.6667, -20.0, -43.6667, -20.0, -43.6667, -21.0, -42.6667, -21.0, -42.6667, -20.0, -41.6667, -19.0, -41.6667, -17.0, -41.0, -16.0, -41.3333, -15.0, -41.3333, -14.0, -42.3333, -13.0, -42.0, -11.0, -42.3333, -10.0, -43.3333, -9.0, -43.3333, -8.0]",23.143754,16.273284,91.760558
38,38,5c:01:3b:6b:b0:95,-41,256,"[86.0, -32.0, 4.0, 0.0, -11.0, -8.0, -11.0, -8.0, -10.6667, -7.6667, -10.0, -6.6667, -10.0, -6.6667, -10.3333, -6.3333, -10.3333, -6.0, -10.0, -5.6667, -10.0, -5.0, -11.0, -4.6667, -11.0, -4.3333, -11.0, -3.6667, -12.0, -3.6667, -12.0, -3.6667, -12.0, -3.6667, -11.0, -3.3333, -11.0, -3.3333, -10.0, -4.0, -10.0, -3.6667, -9.0, -3.6667, -8.0, -3.3333, -8.0, -3.3333, -7.6667, -3.6667, -7.0, -3.6667, -6.6667, -3.6667, -2.0, -1.3333, 0.0, 0.0, 0.0, 0.0, 0.0, 0.0, 0.0, 0.0, 0.0, 0.0, 0.0, 0.0, 0.0, 0.0, 0.0, 0.0, 0.0, 0.0, -3.0, -1.6667, -10.3333, -6.3333, -10.0, -7.3333, -10.6667, -7.3333, -10.3333, -8.0, -10.0, -8.3333, -9.6667, -9.0, -10.0, -9.0, -10.0, -9.6667, -9.6667, -9.6667, -9.3333, -9.6667, -9.0, -9.6667, -9.0, -10.3333, -9.0, -10.3333, -9.0, -9.6667, -9.0, -9.3333, -9.3333, -9.3333, -9.3333, -9.3333, -9.0, -8.6667, -9.0, -8.6667, -9.3333, -8.6667, -10.3333, -9.0, -10.3333, -8.3333, -10.6667, -8.3333, -10.6667, -8.6667, -10.6667, -8.0, -11.0, -8.3333, -9.6667, -7.0, -30.0, -20.0, -29.6667, -19.6667, -28.6667, -19.3333, -27.6667, -18.3333, -27.3333, -17.3333, -27.0, -15.6667, -26.6667, -14.6667, -26.3333, -14.0, -25.6667, -12.6667, -25.3333, -11.3333, -26.0, -10.6667, -25.6667, -10.0, -26.0, -9.3333, -25.3333, -9.0, -25.3333, -8.3333, -24.6667, -8.6667, -24.3333, -8.3333, -23.3333, -8.0, -23.0, -8.6667, -22.0, -9.0, -21.0, -9.3333, -20.3333, -8.6667, -19.3333, -9.0, -18.6667, -8.6667, -18.0, -9.0, -17.3333, -9.3333, -14.6667, -13.0, -13.3333, -14.0, -2.6667, -3.3333, -1.3333, -1.0, -0.3333, -0.6667, 0.0, -0.3333, 0.0, 0.0, -1.6667, -1.0, -5.6667, -2.3333, -26.6667, -12.6667, -26.6667, -14.3333, -27.3333, -14.3333, -27.0, -16.0, -27.0, -18.0, -27.6667, -19.3333, -27.6667, -21.0, -27.6667, -23.0, -27.3333, -23.3333, -27.3333, -24.0, -26.6667, -24.6667, -26.3333, -25.0, -27.0, -25.0, -27.0, -26.0, -27.0, -25.6667, -26.6667, -26.3333, -26.0, -26.0, -26.0, -25.6667, -25.6667, -25.0, -26.0, -23.3333, -26.0, -22.6667, -27.0, -22.3333, -27.3333, -21.6667, -28.3333, -21.3333, -28.6667, -20.3333, -29.3333, -20.0, -30.3333, -19.6667, -30.3333, -19.3333]",19.362917,13.526312,91.760558
39,39,5c:01:3b:6b:b0:95,-38,256,"[86.0, -32.0, 4.0, 0.0, -4.6667, -10.6667, -4.6667, -10.6667, -4.6667, -10.3333, -4.6667, -9.6667, -4.6667, -10.0, -5.3333, -9.6667, -5.6667, -9.3333, -6.0, -9.3333, -6.3333, -9.0, -7.0, -9.0, -7.3333, -8.6667, -7.3333, -8.3333, -8.0, -8.3333, -8.0, -8.3333, -8.0, -8.3333, -7.3333, -8.0, -7.3333, -7.6667, -6.6667, -8.0, -6.6667, -7.3333, -5.6667, -7.0, -5.0, -6.6667, -5.0, -6.6667, -4.6667, -6.3333, -4.3333, -6.0, -3.6667, -6.0, -1.3333, -2.0, 0.0, 0.0, 0.0, 0.0, 0.0, 0.0, 0.0, 0.0, 0.0, 0.0, 0.0, 0.0, 0.0, 0.0, 0.0, 0.0, 0.0, 0.0, -2.0, -2.6667, -6.0, -10.3333, -5.3333, -10.6667, -5.3333, -10.3333, -4.3333, -10.6667, -3.6667, -10.6667, -3.0, -10.6667, -2.6667, -10.3333, -2.3333, -10.3333, -1.6667, -10.0, -1.3333, -10.0, -0.6667, -10.0, -0.6667, -10.3333, -0.6667, -10.3333, -0.6667, -9.6667, -0.6667, -9.3333, -1.0, -9.3333, -1.3333, -9.6667, -1.6667, -9.3333, -1.6667, -9.6667, -2.0, -9.6667, -3.0, -10.3333, -3.0, -10.0, -3.6667, -10.3333, -3.6667, -11.0, -3.6667, -10.6667, -4.0, -11.0, -3.3333, -6.0, -9.6667, -18.6667, -9.3333, -18.3333, -9.0, -18.0, -9.0, -17.3333, -9.3333, -17.0, -9.6667, -16.3333, -10.0, -15.6667, -10.6667, -16.0, -11.0, -15.6667, -11.6667, -15.3333, -12.6667, -15.3333, -13.3333, -15.3333, -13.6667, -15.0, -13.3333, -15.0, -13.3333, -14.6667, -12.6667, -14.6667, -12.6667, -14.0, -12.0, -13.6667, -11.6667, -13.6667, -10.6667, -13.3333, -10.0, -12.6667, -9.6667, -12.0, -9.0, -11.6667, -8.6667, -11.0, -8.0, -10.6667, -7.3333, -10.3333, -3.0, -10.0, -2.0, -10.6667, -0.6667, -2.6667, -0.6667, -1.0, -0.6667, -0.6667, -0.3333, 0.0, -0.3333, 0.0, -1.0, -1.3333, -3.0, -3.0, -12.0, -15.6667, -10.6667, -15.6667, -12.0, -17.6667, -10.3333, -17.3333, -9.0, -17.6667, -8.3333, -17.6667, -7.3333, -18.0, -6.3333, -18.6667, -5.0, -18.0, -4.3333, -17.6667, -3.3333, -18.0, -2.6667, -18.3333, -3.0, -18.3333, -3.0, -19.0, -3.0, -18.6667, -2.3333, -19.3333, -2.0, -19.3333, -2.3333, -19.0, -2.6667, -18.6667, -3.3333, -17.3333, -4.0, -16.6667, -5.0, -17.0, -5.6667, -17.0, -6.6667, -17.3333, -7.6667, -17.3333, -8.3333, -17.6667, -9.0, -18.0, -9.0, -18.0]",13.151292,9.383058,91.760558
40,40,5c:01:3b:6b:b0:95,-38,256,"[86.0, -32.0, 4.0, 0.0, 1.6667, -13.3333, 1.6667, -13.3333, 1.3333, -13.0, 0.6667, -12.6667, 0.6667, -13.3333, 0.3333, -13.0, 0.0, -12.6667, -0.3333, -13.0, -0.6667, -13.0, -1.0, -13.3333, -1.3333, -13.0, -1.0, -13.0, -1.3333, -13.0, -1.3333, -13.0, -1.3333, -13.0, -1.0, -12.6667, -1.0, -12.0, -0.6667, -12.0, -1.0, -11.0, -0.6667, -10.3333, -0.3333, -10.0, -0.6667, -10.0, -0.6667, -9.0, -0.6667, -8.3333, -0.3333, -8.3333, -0.6667, -2.6667, 0.0, 0.0, 0.0, 0.0, 0.0, 0.0, 0.0, 0.0, 0.0, 0.0, 0.0, 0.0, 0.0, 0.0, 0.0, 0.0, 0.0, 0.0, -0.6667, -3.6667, 0.0, -14.3333, 0.3333, -14.0, 0.3333, -13.3333, 1.6667, -13.3333, 2.6667, -13.0, 3.6667, -12.3333, 4.6667, -11.6667, 5.3333, -11.0, 6.3333, -10.3333, 6.6667, -10.3333, 7.6667, -10.3333, 7.6667, -10.3333, 7.6667, -10.3333, 7.6667, -9.6667, 7.6667, -9.3333, 7.3333, -9.3333, 6.6667, -10.0, 5.6667, -10.0, 5.6667, -10.6667, 5.3333, -10.6667, 4.3333, -11.6667, 4.3333, -11.6667, 3.3333, -12.3333, 3.3333, -13.3333, 3.3333, -13.3333, 3.0, -13.6667, 3.6667, -5.0, 12.0, -17.3333, 12.3333, -17.0, 11.6667, -16.6667, 10.6667, -16.3333, 9.6667, -16.6667, 8.6667, -17.0, 7.6667, -16.6667, 6.0, -18.0, 4.3333, -18.6667, 2.6667, -19.3333, 1.3333, -20.0, 0.6667, -20.6667, 0.3333, -20.6667, 0.3333, -21.0, 0.3333, -21.0, 0.6667, -20.6667, 0.6667, -19.6667, 0.6667, -19.3333, 1.0, -18.6667, 1.3333, -17.6667, 1.6667, -16.0, 1.6667, -15.3333, 2.0, -14.3333, 2.0, -13.3333, 2.3333, -12.3333, 3.3333, -11.3333, 9.0, -6.3333, 9.6667, -6.0, 1.3333, -1.6667, 0.0, -0.6667, -1.0, -0.6667, -0.6667, 0.3333, -0.6667, 0.0, -0.3333, -1.6667, -0.3333, -3.6667, 3.3333, -18.6667, 6.0, -17.0, 4.0, -21.0, 7.0, -18.6667, 10.0, -17.3333, 12.0, -16.0, 14.0, -15.0, 15.6667, -14.3333, 18.3333, -12.6667, 19.6667, -11.3333, 20.6667, -11.0, 21.6667, -10.6667, 21.6667, -10.6667, 21.6667, -10.6667, 21.6667, -10.3333, 22.6667, -10.3333, 22.6667, -10.6667, 22.0, -11.0, 21.0, -11.3333, 20.0, -10.6667, 19.0, -10.6667, 18.3333, -11.6667, 17.3333, -12.3333, 16.3333, -13.3333, 14.3333, -14.3333, 14.0, -15.3333, 13.6667, -16.3333, 13.6667, -16.6667]",14.603731,9.711559,91.760558
41,41,5c:01:3b:6b:b0:95,-43,256,"[86.0, -32.0, 4.0, 0.0, 5.3333, -1.6667, 5.3333, -1.6667, 5.3333, -2.0, 5.0, -2.0, 5.0, -2.6667, 5.3333, -2.6667, 5.0, -2.6667, 5.3333, -3.6667, 5.0, -3.6667, 5.0, -4.3333, 4.6667, -4.3333, 5.3333, -4.3333, 5.3333, -4.3333, 5.3333, -4.3333, 5.3333, -4.3333, 5.3333, -4.3333, 5.3333, -3.6667, 5.3333, -4.0, 4.6667, -3.3333, 4.3333, -2.6667, 4.3333, -3.0, 3.6667, -3.0, 3.0, -2.3333, 3.0, -2.0, 2.6667, -2.0, 0.0, -1.0, 0.0, 0.0, 0.0, 0.0, 0.0, 0.0, 0.0, 0.0, 0.0, 0.0, 0.0, 0.0, 0.0, 0.0, 0.0, 0.0, 0.0, 0.0, 0.6667, -1.3333, 5.3333, -4.0, 5.0, -3.3333, 4.6667, -2.6667, 5.3333, -2.6667, 5.6667, -2.0, 6.0, -1.3333, 6.6667, -0.6667, 7.0, 0.0, 7.3333, 0.6667, 7.0, 0.6667, 7.3333, 0.6667, 7.3333, 0.6667, 7.3333, 0.6667, 7.3333, 1.0, 7.3333, 1.0, 7.6667, 1.0, 7.0, 0.3333, 6.6667, 0.3333, 6.6667, 0.0, 7.0, 0.0, 6.6667, -0.6667, 6.6667, -0.6667, 6.0, -1.3333, 6.0, -1.6667, 6.3333, -1.6667, 6.3333, -1.6667, 3.6667, 3.6667, 13.0, 11.3333, 12.6667, 11.0, 12.3333, 10.6667, 11.6667, 10.3333, 11.3333, 9.3333, 11.0, 8.3333, 10.6667, 8.0, 10.0, 6.3333, 9.0, 5.3333, 8.0, 4.3333, 8.0, 3.6667, 8.0, 2.6667, 8.0, 2.6667, 8.0, 2.0, 8.0, 1.6667, 8.0, 1.6667, 8.0, 2.0, 7.3333, 2.0, 7.3333, 2.3333, 7.0, 2.6667, 6.6667, 3.6667, 6.3333, 3.0, 6.0, 3.3333, 6.0, 3.6667, 5.6667, 4.0, 6.0, 4.3333, 7.3333, 8.3333, 6.6667, 8.3333, 0.6667, 1.0, -0.3333, -0.3333, -1.0, -1.0, -1.0, -0.6667, -0.6667, -0.3333, 0.0, 0.0, 1.0, 0.6667, 8.3333, 6.6667, 9.6667, 8.0, 9.3333, 4.6667, 10.3333, 7.0, 11.3333, 8.3333, 12.0, 9.6667, 12.6667, 11.3333, 13.3333, 12.3333, 15.0, 14.0, 15.0, 15.0, 15.3333, 15.3333, 15.6667, 15.3333, 15.6667, 15.0, 15.3333, 15.3333, 15.3333, 15.3333, 16.0, 15.3333, 16.0, 14.3333, 15.3333, 14.6667, 15.0, 14.3333, 14.6667, 14.3333, 14.3333, 14.3333, 15.0, 14.0, 14.6667, 13.6667, 14.3333, 13.0, 13.3333, 12.6667, 13.6667, 12.0, 14.0, 11.6667, 14.0, 11.6667]",9.64527,9.617241,91.760558
42,42,5c:01:3b:6b:b0:95,-42,256,"[86.0, -32.0, 4.0, 0.0, 1.3333, 4.6667, 1.3333, 4.6667, 1.6667, 4.0, 1.6667, 4.0, 2.0, 3.6667, 2.6667, 3.6667, 3.0, 3.6667, 3.6667, 2.6667, 3.6667, 2.6667, 3.6667, 2.3333, 4.0, 2.3333, 4.6667, 2.3333, 4.6667, 2.3333, 4.6667, 2.3333, 4.6667, 2.3333, 4.6667, 2.3333, 4.6667, 2.6667, 4.6667, 2.0, 4.0, 2.3333, 3.3333, 2.6667, 3.3333, 2.0, 2.6667, 2.0, 2.0, 2.3333, 2.0, 2.0, 1.0, 2.0, -0.3333, 0.0, 0.0, 0.0, 0.0, 0.0, 0.0, 0.0, 0.0, 0.0, 0.0, 0.0, 0.0, 0.0, 0.0, 0.0, 0.0, 0.0, 0.0, 0.0, 0.3333, 0.3333, 3.6667, 3.0, 2.6667, 3.3333, 1.6667, 3.6667, 1.6667, 3.6667, 1.3333, 4.0, 1.3333, 4.3333, 1.3333, 4.6667, 1.3333, 5.0, 1.3333, 5.3333, 0.6667, 5.3333, 0.3333, 5.3333, 0.3333, 5.3333, 0.3333, 5.3333, 0.3333, 5.0, 0.6667, 5.0, 1.0, 5.0, 0.6667, 4.6667, 1.0, 4.6667, 1.0, 5.0, 1.3333, 5.0, 1.6667, 4.6667, 1.6667, 4.6667, 1.3333, 4.3333, 1.3333, 4.6667, 1.3333, 4.6667, 1.6667, 4.6667, -0.3333, 8.3333, 0.3333, 27.6667, 0.3333, 27.0, 0.6667, 26.3333, 0.6667, 25.6667, 1.3333, 24.6667, 1.3333, 23.6667, 1.6667, 23.0, 2.3333, 21.6667, 2.6667, 20.6667, 3.0, 19.6667, 3.6667, 19.3333, 5.0, 18.3333, 5.0, 18.3333, 5.3333, 18.0, 5.3333, 17.3333, 5.3333, 17.3333, 5.3333, 17.0, 4.3333, 17.0, 4.3333, 16.6667, 3.3333, 16.3333, 3.0, 16.3333, 2.3333, 15.0, 2.0, 14.6667, 2.0, 14.3333, 1.3333, 14.0, 1.0, 13.6667, 1.0, 16.0, 0.3333, 16.3333, -0.6667, 2.6667, -0.6667, 0.0, -0.6667, -1.0, -1.0, -1.3333, -0.3333, -0.6667, 0.0, 1.0, 0.6667, 3.3333, 6.6667, 22.3333, 6.0, 23.0, 3.6667, 21.3333, 2.6667, 23.0, 1.6667, 23.6667, 0.6667, 24.3333, 0.0, 25.6667, -1.0, 26.6667, -0.6667, 28.0, -1.6667, 28.0, -2.0, 28.3333, -2.3333, 28.6667, -2.6667, 28.0, -3.3333, 28.3333, -3.3333, 28.3333, -3.0, 28.6667, -3.0, 27.6667, -3.0, 28.0, -3.0, 27.6667, -2.3333, 27.0, -2.0, 26.6667, -1.0, 27.0, -0.6667, 27.3333, -0.3333, 27.0, -0.3333, 27.3333, 0.3333, 27.0, 0.6667, 27.3333, 0.6667, 27.3333]",12.853019,12.373509,91.760558
43,43,5c:01:3b:6b:b0:95,-38,256,"[86.0, -32.0, 4.0, 0.0, -2.6667, 4.0, -2.6667, 4.0, -2.0, 3.6667, -1.6667, 4.0, -1.0, 4.3333, -0.6667, 4.6667, 0.0, 5.0, 0.3333, 4.3333, 0.3333, 4.6667, 0.3333, 4.6667, 1.0, 5.0, 1.3333, 5.3333, 1.3333, 5.3333, 1.3333, 5.3333, 1.3333, 5.3333, 1.3333, 5.3333, 1.3333, 5.3333, 1.3333, 4.6667, 1.0, 4.6667, 0.6667, 4.6667, 0.6667, 3.6667, 0.3333, 3.6667, 0.0, 3.6667, 0.0, 3.0, -1.0, 2.6667, -0.6667, 0.3333, 0.0, 0.0, 0.0, 0.0, 0.0, 0.0, 0.0, 0.0, 0.0, 0.0, 0.0, 0.0, 0.0, 0.0, 0.0, 0.0, 0.0, 0.0, -0.3333, 0.6667, 0.3333, 4.3333, -0.6667, 4.0, -1.6667, 3.6667, -2.0, 3.3333, -3.0, 3.0, -3.3333, 3.0, -4.0, 3.3333, -4.3333, 3.6667, -4.6667, 3.6667, -5.6667, 4.0, -6.6667, 4.0, -6.6667, 4.0, -6.6667, 4.0, -6.6667, 3.6667, -6.0, 3.6667, -5.6667, 3.6667, -5.6667, 3.3333, -4.6667, 3.3333, -4.6667, 3.6667, -4.3333, 3.6667, -3.3333, 3.3333, -3.3333, 3.3333, -3.3333, 3.0, -3.3333, 3.6667, -3.6667, 3.3333, -3.0, 3.3333, -4.3333, 7.0, -12.3333, 24.0, -12.0, 23.3333, -11.0, 23.0, -10.3333, 22.3333, -8.6667, 21.6667, -8.3333, 20.6667, -7.3333, 20.3333, -5.3333, 20.3333, -3.6667, 20.3333, -2.0, 20.0, -0.6667, 20.3333, 1.0, 20.3333, 1.0, 20.3333, 1.6667, 20.3333, 1.6667, 20.0, 1.6667, 20.0, 1.6667, 19.3333, 0.6667, 19.3333, 0.6667, 18.6667, -0.3333, 18.0, -0.6667, 17.0, -1.6667, 15.6667, -2.0, 15.0, -2.0, 14.3333, -3.0, 13.3333, -4.0, 12.6667, -5.3333, 13.3333, -6.0, 14.0, -2.0, 2.3333, -1.0, -0.3333, -0.3333, -0.6667, -1.0, -1.3333, 0.0, -0.6667, 0.0, 1.0, 0.3333, 3.6667, 5.0, 23.0, 2.3333, 22.0, -2.0, 20.6667, -5.0, 20.3333, -8.0, 20.3333, -10.6667, 20.6667, -12.6667, 22.0, -15.3333, 23.0, -16.3333, 24.3333, -18.3333, 24.3333, -19.3333, 24.6667, -20.3333, 24.6667, -21.0, 24.3333, -22.0, 24.3333, -22.0, 24.3333, -22.0, 24.6667, -22.0, 24.0, -21.3333, 24.3333, -21.0, 24.3333, -19.3333, 23.3333, -18.3333, 23.0, -17.0, 23.6667, -16.0, 24.0, -15.0, 23.3333, -14.0, 23.6667, -13.0, 23.0, -12.6667, 23.6667, -12.6667, 23.3333]",13.405679,12.72221,91.760558
44,44,5c:01:3b:6b:b0:95,-42,256,"[86.0, -32.0, 4.0, 0.0, -6.0, -3.0, -6.0, -3.0, -5.0, -2.6667, -4.6667, -2.0, -4.0, -1.3333, -3.6667, -0.6667, -3.0, 0.0, -2.6667, -0.3333, -2.3333, 0.3333, -2.0, 0.3333, -1.3333, 1.0, -1.3333, 1.6667, -1.0, 1.6667, -1.0, 1.6667, -1.0, 1.6667, -1.0, 1.6667, -1.0, 1.6667, -1.0, 1.3333, -1.3333, 1.3333, -1.3333, 1.3333, -1.6667, 0.3333, -1.6667, 0.3333, -1.6667, 0.3333, -1.6667, 0.0, -2.6667, -0.6667, -1.0, -0.3333, 0.0, 0.0, 0.0, 0.0, 0.0, 0.0, 0.0, 0.0, 0.0, 0.0, 0.0, 0.0, 0.0, 0.0, 0.0, 0.0, 0.0, 0.0, -1.0, -0.6667, -3.0, -1.3333, -4.0, -2.0, -5.0, -2.6667, -5.3333, -3.3333, -6.3333, -4.0, -6.6667, -4.0, -7.6667, -3.3333, -8.0, -2.6667, -8.3333, -2.6667, -9.3333, -2.0, -10.0, -2.0, -10.0, -2.0, -10.0, -2.0, -10.0, -1.6667, -9.3333, -1.6667, -9.3333, -1.6667, -9.0, -2.3333, -8.0, -2.3333, -8.0, -2.6667, -7.6667, -2.6667, -7.0, -3.3333, -6.6667, -3.3333, -6.6667, -4.0, -6.6667, -3.6667, -7.3333, -4.3333, -6.3333, -4.3333, -6.0, 1.0, -17.3333, 4.0, -16.6667, 3.6667, -15.6667, 4.0, -14.6667, 3.6667, -13.0, 3.3333, -12.3333, 2.3333, -11.3333, 2.6667, -9.6667, 3.6667, -7.6667, 4.6667, -6.0, 5.0, -4.6667, 5.6667, -3.0, 6.6667, -2.6667, 6.6667, -2.0, 6.6667, -1.6667, 7.0, -1.6667, 7.0, -2.0, 6.6667, -2.6667, 6.6667, -3.0, 6.3333, -3.6667, 6.0, -4.0, 5.0, -4.6667, 4.3333, -4.6667, 4.0, -4.6667, 3.6667, -5.6667, 2.6667, -6.6667, 2.3333, -7.0, 3.6667, -7.3333, 5.0, -2.0, 0.6667, -1.0, -0.6667, 0.0, -0.3333, -1.0, -0.6667, 0.0, -0.3333, 0.0, 0.0, -0.3333, 1.3333, 2.3333, 8.0, -0.3333, 6.0, -6.6667, 3.3333, -9.3333, 1.6667, -12.3333, 1.6667, -15.0, 2.3333, -17.3333, 4.0, -20.0, 5.0, -21.3333, 6.6667, -23.3333, 7.6667, -24.3333, 8.3333, -25.3333, 8.3333, -26.0, 8.6667, -26.6667, 8.6667, -27.0, 8.6667, -27.0, 9.3333, -27.0, 9.0, -26.0, 8.6667, -25.6667, 8.6667, -24.0, 7.6667, -23.0, 7.0, -22.0, 7.3333, -21.0, 7.0, -19.6667, 5.6667, -18.6667, 5.3333, -18.0, 4.0, -17.6667, 4.3333, -17.3333, 3.6667]",9.608951,10.734105,91.760558
45,45,5c:01:3b:6b:b0:95,-43,256,"[86.0, -32.0, 4.0, 0.0, -6.0, -3.3333, -6.0, -3.3333, -5.0, -2.6667, -4.3333, -2.0, -4.0, -1.0, -3.3333, -0.6667, -3.0, 0.0, -2.3333, 0.0, -1.6667, 1.0, -1.0, 1.0, -0.6667, 2.0, -0.6667, 2.6667, 0.0, 2.6667, 0.0, 2.3333, 0.0, 2.3333, 0.0, 2.3333, 0.0, 2.0, 0.0, 2.0, -0.6667, 1.6667, -0.6667, 1.6667, -1.3333, 0.6667, -1.3333, 0.3333, -1.3333, 0.3333, -1.3333, 0.3333, -2.3333, -0.6667, -1.0, -0.3333, 0.0, 0.0, 0.0, 0.0, 0.0, 0.0, 0.0, 0.0, 0.0, 0.0, 0.0, 0.0, 0.0, 0.0, 0.0, 0.0, 0.0, 0.0, -1.0, -0.3333, -3.0, -0.6667, -4.0, -1.3333, -5.0, -2.3333, -5.6667, -3.3333, -6.6667, -4.0, -7.3333, -4.0, -8.3333, -3.6667, -9.0, -3.0, -9.6667, -3.3333, -10.6667, -2.6667, -11.0, -2.6667, -11.0, -3.0, -11.0, -3.0, -11.0, -2.3333, -10.6667, -2.3333, -10.6667, -2.3333, -10.0, -3.0, -9.0, -3.0, -9.0, -3.3333, -8.3333, -3.0, -8.0, -3.6667, -7.3333, -3.6667, -7.3333, -4.3333, -7.3333, -4.0, -7.6667, -4.6667, -6.6667, -4.6667, -6.0, -2.0, -16.6667, -6.0, -16.3333, -6.0, -15.3333, -5.3333, -14.3333, -5.6667, -13.0, -5.6667, -11.6667, -6.0, -10.6667, -5.3333, -9.3333, -3.6667, -7.3333, -2.0, -6.0, -1.3333, -4.3333, -0.3333, -3.0, 1.0, -2.3333, 1.3333, -2.0, 1.3333, -1.3333, 2.0, -1.3333, 2.0, -2.0, 1.6667, -2.3333, 1.6667, -3.0, 1.3333, -3.3333, 1.0, -4.0, -0.3333, -4.3333, -0.6667, -4.3333, -1.0, -4.3333, -1.0, -5.3333, -2.3333, -6.3333, -2.6667, -8.0, -3.0, -8.6667, -2.0, -2.0, -0.6667, -1.0, -1.0, 0.0, -0.3333, -1.0, -0.3333, 0.0, -0.3333, 0.0, -0.3333, -0.6667, 0.3333, -0.3333, 1.6667, -2.6667, -1.0, -7.3333, -3.3333, -9.6667, -6.0, -12.6667, -6.3333, -15.0, -6.3333, -17.6667, -5.3333, -20.0, -5.0, -21.6667, -4.0, -23.6667, -3.0, -24.6667, -2.6667, -25.6667, -3.0, -26.0, -2.3333, -26.3333, -2.3333, -27.0, -2.6667, -27.0, -2.0, -27.0, -2.0, -26.0, -2.6667, -25.3333, -2.6667, -24.0, -3.0, -23.0, -3.3333, -22.0, -3.0, -21.0, -3.3333, -19.3333, -4.3333, -18.3333, -4.6667, -18.0, -5.6667, -17.3333, -5.3333, -16.6667, -6.0]",9.21545,10.753147,91.760558
46,46,5c:01:3b:6b:b0:95,-43,256,"[86.0, -32.0, 4.0, 0.0, -6.0, 3.3333, -6.0, 3.3333, -5.3333, 3.6667, -4.6667, 4.0, -4.6667, 5.0, -4.3333, 4.6667, -4.3333, 5.0, -4.0, 5.0, -3.3333, 6.0, -3.0, 6.0, -3.0, 7.0, -3.0, 7.3333, -2.6667, 7.3333, -2.6667, 6.6667, -2.6667, 6.6667, -2.6667, 6.6667, -2.6667, 6.0, -2.3333, 6.0, -2.6667, 5.3333, -2.6667, 5.3333, -3.0, 4.3333, -2.6667, 3.6667, -2.6667, 3.6667, -2.3333, 3.6667, -3.0, 2.6667, -1.3333, 0.3333, 0.0, 0.0, 0.0, 0.0, 0.0, 0.0, 0.0, 0.0, 0.0, 0.0, 0.0, 0.0, 0.0, 0.0, 0.0, 0.0, 0.0, 0.0, -1.3333, 1.3333, -4.0, 5.6667, -4.6667, 5.3333, -5.0, 4.3333, -6.0, 3.3333, -7.0, 3.0, -8.0, 3.0, -9.0, 2.6667, -10.0, 3.0, -11.0, 2.3333, -12.0, 2.6667, -12.0, 2.6667, -12.0, 2.0, -12.0, 2.0, -12.0, 2.3333, -12.0, 2.3333, -12.0, 2.3333, -11.0, 2.0, -10.0, 2.0, -10.0, 2.3333, -9.0, 3.0, -9.0, 2.6667, -8.0, 2.6667, -8.0, 2.3333, -8.0, 3.0, -8.0, 2.6667, -7.0, 2.6667, -6.0, 1.0, -16.0, 4.0, -16.0, 4.0, -15.0, 4.3333, -14.0, 3.6667, -13.0, 3.6667, -12.0, 4.0, -11.6667, 4.3333, -11.0, 5.6667, -10.0, 7.0, -9.6667, 7.3333, -8.6667, 8.3333, -8.3333, 9.0, -7.6667, 9.6667, -8.0, 9.6667, -7.3333, 10.0, -7.3333, 10.0, -7.6667, 9.3333, -7.3333, 9.3333, -7.6667, 8.6667, -7.3333, 8.0, -7.6667, 6.3333, -7.3333, 5.6667, -7.3333, 5.0, -7.0, 5.0, -7.0, 3.3333, -7.3333, 2.6667, -9.0, 0.0, -10.0, 0.0, -2.0, -0.3333, -1.0, -1.0, 0.0, -0.6667, -0.6667, -0.6667, 0.0, -0.6667, -0.6667, 0.3333, -2.3333, 1.6667, -9.6667, 10.3333, -10.3333, 8.0, -10.3333, 7.3333, -11.0, 5.0, -13.0, 4.3333, -15.0, 3.3333, -18.0, 3.3333, -20.0, 3.0, -22.0, 3.0, -24.0, 3.0, -25.0, 2.6667, -26.0, 2.0, -26.0, 2.3333, -26.0, 2.3333, -27.0, 1.6667, -27.0, 2.0, -27.0, 2.0, -26.0, 1.6667, -25.0, 1.6667, -24.0, 2.0, -23.0, 2.3333, -22.0, 3.0, -21.0, 3.3333, -19.0, 3.3333, -18.0, 3.6667, -18.0, 3.6667, -17.0, 4.3333, -16.0, 4.0]",11.23109,9.980655,91.760558
47,47,5c:01:3b:6b:b0:95,-39,256,"[86.0, -32.0, 4.0, 0.0, -5.6667, 2.3333, -5.6667, 2.3333, -5.6667, 2.6667, -5.3333, 2.6667, -5.3333, 3.3333, -5.6667, 2.6667, -5.6667, 3.0, -6.0, 3.0, -5.6667, 3.6667, -6.0, 3.6667, -6.0, 4.3333, -6.0, 4.6667, -6.3333, 4.6667, -6.3333, 4.0, -6.3333, 4.0, -6.3333, 4.0, -6.3333, 3.3333, -5.6667, 3.3333, -5.3333, 3.0, -5.3333, 3.0, -5.0, 2.3333, -4.3333, 2.0, -4.3333, 2.0, -3.6667, 2.0, -4.0, 1.6667, -1.6667, 0.0, 0.0, 0.0, 0.0, 0.0, 0.0, 0.0, 0.0, 0.0, 0.0, 0.0, 0.0, 0.0, 0.0, 0.0, 0.0, 0.0, 0.0, 0.0, -1.6667, 1.0, -5.0, 4.3333, -5.3333, 4.0, -5.0, 3.3333, -5.3333, 2.6667, -5.6667, 2.6667, -6.0, 2.6667, -6.6667, 1.6667, -7.0, 1.6667, -7.3333, 1.0, -7.6667, 1.0, -7.3333, 1.0, -7.3333, 0.3333, -7.3333, 0.3333, -7.3333, 0.6667, -7.6667, 0.6667, -7.6667, 0.6667, -7.3333, 0.6667, -7.0, 0.6667, -7.0, 1.3333, -6.6667, 2.0, -6.6667, 1.6667, -6.3333, 1.6667, -6.3333, 1.6667, -6.3333, 2.3333, -6.6667, 2.3333, -6.0, 2.3333, -5.6667, -2.0, -15.0, -5.6667, -15.0, -5.6667, -14.3333, -5.3333, -13.6667, -5.6667, -13.0, -5.0, -13.0, -4.0, -13.3333, -3.6667, -13.0, -2.3333, -13.0, -1.3333, -13.3333, -1.0, -13.3333, 0.0, -13.6667, 0.3333, -13.3333, 1.3333, -14.0, 1.6667, -13.6667, 1.6667, -13.6667, 2.0, -13.3333, 1.3333, -12.6667, 1.6667, -12.3333, 1.0, -11.6667, 0.6667, -11.3333, -0.3333, -10.6667, -0.6667, -10.6667, -1.0, -10.0, -1.0, -9.0, -2.0, -8.6667, -2.6667, -9.0, -5.6667, -9.3333, -6.0, -2.0, -1.3333, -1.0, -1.3333, 0.0, -0.6667, -0.3333, -0.6667, 0.0, -0.6667, -1.3333, 0.0, -3.6667, 0.0, -16.3333, 2.0, -15.6667, 0.0, -12.6667, -0.6667, -12.0, -2.6667, -12.3333, -4.0, -13.3333, -5.3333, -15.0, -6.0, -15.6667, -6.6667, -16.3333, -7.3333, -17.3333, -7.6667, -17.3333, -8.3333, -17.6667, -9.0, -17.3333, -9.3333, -17.3333, -9.3333, -17.6667, -9.6667, -18.0, -9.6667, -18.0, -9.3333, -17.6667, -9.3333, -17.3333, -9.3333, -17.0, -8.6667, -16.6667, -8.0, -16.3333, -7.6667, -16.0, -7.3333, -15.3333, -6.6667, -15.0, -6.3333, -15.3333, -6.0, -14.6667, -5.6667, -14.3333, -6.0]",10.170399,9.219006,91.760558
48,48,5c:01:3b:6b:b0:95,-43,256,"[86.0, -32.0, 4.0, 0.0, -5.3333, -5.3333, -5.3333, -5.3333, -6.0, -4.6667, -6.0, -4.6667, -6.0, -4.3333, -7.0, -4.6667, -7.0, -4.0, -8.0, -4.0, -8.0, -3.6667, -9.0, -3.6667, -9.0, -3.3333, -9.0, -2.6667, -9.6667, -2.6667, -9.6667, -3.0, -9.6667, -3.0, -9.6667, -3.0, -9.6667, -3.3333, -8.6667, -3.3333, -8.0, -3.0, -8.0, -3.0, -7.0, -3.3333, -6.0, -3.0, -6.0, -3.0, -5.0, -3.0, -5.0, -2.6667, -2.0, -1.0, 0.0, 0.0, 0.0, 0.0, 0.0, 0.0, 0.0, 0.0, 0.0, 0.0, 0.0, 0.0, 0.0, 0.0, 0.0, 0.0, 0.0, 0.0, -2.0, -1.0, -6.0, -3.3333, -6.0, -4.0, -5.0, -4.3333, -4.6667, -4.6667, -4.3333, -4.6667, -4.0, -4.6667, -4.3333, -5.6667, -4.0, -5.6667, -3.6667, -6.0, -3.3333, -6.0, -2.6667, -6.0, -2.6667, -6.3333, -2.6667, -6.3333, -2.6667, -5.6667, -3.3333, -5.6667, -3.3333, -5.6667, -3.6667, -5.6667, -4.0, -5.6667, -4.0, -5.3333, -4.3333, -5.0, -4.3333, -5.6667, -4.6667, -5.6667, -4.6667, -5.6667, -4.6667, -5.3333, -5.3333, -5.3333, -5.0, -5.3333, -5.3333, -8.0, -14.0, -25.3333, -14.0, -25.3333, -13.6667, -24.6667, -13.3333, -24.3333, -13.0, -23.0, -14.0, -22.0, -15.0, -21.3333, -15.0, -19.6667, -16.0, -18.6667, -17.0, -18.0, -18.0, -17.0, -19.0, -16.3333, -19.0, -15.3333, -20.0, -14.6667, -20.0, -14.6667, -20.0, -14.0, -19.0, -14.3333, -18.0, -13.6667, -17.0, -14.0, -16.0, -13.6667, -15.0, -13.6667, -14.0, -13.3333, -14.0, -13.0, -13.0, -13.0, -11.0, -13.0, -10.0, -13.3333, -9.0, -14.3333, -8.6667, -14.0, -2.0, -2.6667, -1.0, -1.6667, 0.0, -0.3333, 0.0, -0.3333, 0.0, -0.3333, -2.0, -1.0, -5.0, -3.0, -23.0, -15.0, -21.0, -17.0, -15.0, -19.3333, -13.0, -21.3333, -11.6667, -23.0, -11.6667, -23.6667, -12.0, -24.0, -11.3333, -24.3333, -10.6667, -24.6667, -10.6667, -24.3333, -9.6667, -24.6667, -9.3333, -25.0, -8.6667, -25.6667, -8.6667, -25.6667, -8.3333, -25.3333, -9.0, -25.3333, -9.0, -24.6667, -9.3333, -24.6667, -9.6667, -24.6667, -10.0, -24.3333, -10.3333, -24.0, -10.6667, -24.3333, -11.0, -24.6667, -11.6667, -24.3333, -12.0, -24.6667, -12.6667, -25.0, -12.3333, -25.3333, -12.6667, -26.0]",14.921043,12.050947,91.760558
49,49,5c:01:3b:6b:b0:95,-37,256,"[86.0, -32.0, 4.0, 0.0, -7.6667, -7.6667, -7.3333, -7.6667, -8.0, -7.0, -7.6667, -7.0, -7.6667, -7.0, -8.3333, -7.0, -8.0, -6.3333, -8.6667, -6.3333, -8.6667, -6.0, -9.0, -6.0, -9.0, -6.0, -9.0, -5.3333, -9.0, -5.3333, -9.0, -5.3333, -9.0, -5.3333, -9.0, -5.3333, -9.0, -5.3333, -8.3333, -5.6667, -8.0, -5.0, -8.0, -5.0, -7.3333, -5.0, -6.3333, -4.3333, -6.3333, -4.6667, -5.6667, -4.6667, -5.6667, -4.0, -2.0, -1.3333, 0.0, 0.0, 0.0, 0.0, 0.0, 0.0, 0.0, 0.0, 0.0, 0.0, 0.0, 0.0, 0.0, 0.0, 0.0, 0.0, 0.0, 0.0, -2.3333, -1.6667, -7.3333, -6.0, -7.6667, -7.0, -7.0, -7.0, -6.6667, -7.0, -6.0, -7.3333, -5.3333, -7.3333, -5.6667, -8.3333, -5.0, -8.3333, -4.3333, -8.3333, -3.6667, -8.6667, -3.3333, -8.6667, -3.3333, -8.6667, -3.0, -8.6667, -3.0, -8.0, -3.6667, -8.0, -3.6667, -8.0, -4.3333, -8.0, -5.0, -7.6667, -5.0, -7.6667, -5.6667, -7.6667, -5.6667, -8.3333, -6.3333, -8.3333, -6.0, -8.0, -6.3333, -8.0, -7.0, -8.0, -7.3333, -8.0, -7.6667, -9.6667, -21.3333, -29.3333, -21.3333, -29.6667, -21.0, -28.6667, -20.3333, -28.0, -19.6667, -26.6667, -20.0, -25.6667, -20.0, -24.6667, -19.6667, -23.0, -19.6667, -22.0, -20.0, -21.0, -20.3333, -19.6667, -20.3333, -18.6667, -20.3333, -18.0, -21.0, -17.0, -20.6667, -17.3333, -20.6667, -16.6667, -19.6667, -16.6667, -19.0, -16.0, -18.3333, -16.3333, -17.6667, -16.3333, -16.6667, -16.0, -16.0, -15.6667, -15.6667, -15.0, -15.0, -15.3333, -13.3333, -15.0, -12.6667, -15.3333, -13.6667, -16.3333, -13.0, -16.0, -2.6667, -3.0, -1.3333, -1.6667, 0.0, -0.3333, 0.0, -0.3333, 0.0, -0.3333, -2.0, -1.3333, -5.3333, -3.6667, -25.6667, -19.0, -24.6667, -21.0, -19.6667, -22.6667, -19.0, -24.6667, -18.3333, -26.6667, -18.3333, -27.3333, -18.3333, -28.0, -17.6667, -28.6667, -17.0, -29.3333, -16.6667, -29.0, -15.6667, -29.6667, -15.0, -30.0, -14.6667, -30.6667, -15.0, -31.0, -14.0, -30.3333, -14.6667, -30.3333, -14.6667, -29.6667, -15.0, -29.6667, -15.6667, -29.3333, -16.0, -29.0, -16.3333, -28.6667, -16.6667, -29.0, -17.3333, -29.3333, -18.6667, -29.0, -19.0, -29.3333, -19.6667, -29.6667, -19.6667, -30.0, -20.3333, -30.6667]",18.183813,13.758299,91.760558
50,50,5c:01:3b:6b:b0:95,-38,256,"[86.0, -32.0, 4.0, 0.0, -10.3333, -2.3333, -9.6667, -2.3333, -10.0, -2.0, -9.6667, -2.0, -10.0, -2.0, -10.3333, -2.0, -9.6667, -1.6667, -9.6667, -1.6667, -9.3333, -1.0, -9.0, -1.0, -9.0, -1.0, -9.0, -0.6667, -8.6667, -0.6667, -8.6667, -0.6667, -8.6667, -0.6667, -8.6667, -0.6667, -8.6667, -0.6667, -8.0, -1.3333, -8.0, -1.0, -8.0, -1.0, -7.6667, -1.0, -7.0, -0.6667, -7.0, -1.3333, -6.3333, -1.3333, -6.6667, -1.0, -2.0, -0.6667, 0.0, 0.0, 0.0, 0.0, 0.0, 0.0, 0.0, 0.0, 0.0, 0.0, 0.0, 0.0, 0.0, 0.0, 0.0, 0.0, 0.0, 0.0, -2.6667, -0.3333, -9.0, -1.0, -10.0, -2.0, -9.6667, -2.0, -9.3333, -2.0, -9.0, -2.6667, -8.6667, -2.6667, -9.3333, -3.6667, -9.0, -3.6667, -8.6667, -3.6667, -8.3333, -4.3333, -8.6667, -4.3333, -8.6667, -4.3333, -8.0, -4.3333, -8.0, -4.0, -8.3333, -4.0, -8.3333, -4.0, -8.6667, -4.0, -9.0, -3.3333, -9.0, -3.3333, -9.3333, -3.3333, -9.3333, -3.6667, -9.6667, -3.6667, -9.0, -3.0, -9.6667, -3.0, -10.0, -3.0, -10.6667, -3.0, -10.3333, -5.3333, -29.6667, -13.6667, -29.6667, -14.3333, -29.0, -13.3333, -27.6667, -13.0, -26.3333, -12.3333, -26.0, -11.3333, -25.0, -10.3333, -24.3333, -9.0, -23.3333, -8.0, -23.0, -7.0, -22.6667, -5.3333, -22.0, -4.3333, -22.0, -4.0, -22.3333, -3.0, -22.0, -3.6667, -21.6667, -3.3333, -20.6667, -3.3333, -20.3333, -3.0, -19.6667, -3.6667, -19.3333, -4.6667, -18.3333, -5.0, -18.0, -5.3333, -17.3333, -5.0, -17.0, -5.6667, -15.6667, -6.0, -15.3333, -6.6667, -18.3333, -9.6667, -18.0, -10.0, -3.3333, -2.0, -1.6667, -1.3333, 0.0, -0.6667, 0.0, -0.6667, 0.0, -0.6667, -2.0, -0.6667, -5.6667, -1.3333, -28.3333, -6.0, -28.3333, -8.0, -24.3333, -7.3333, -25.0, -9.3333, -25.6667, -11.3333, -26.6667, -12.6667, -27.6667, -14.0, -28.3333, -15.3333, -29.0, -16.6667, -29.3333, -17.0, -29.3333, -18.3333, -29.0, -19.0, -29.3333, -19.3333, -30.0, -20.0, -29.0, -19.6667, -29.3333, -19.6667, -29.3333, -19.3333, -29.0, -19.3333, -29.3333, -18.6667, -29.0, -18.0, -28.6667, -17.3333, -28.3333, -17.0, -28.6667, -16.6667, -29.3333, -16.0, -29.0, -15.6667, -29.3333, -15.3333, -29.3333, -15.0, -29.6667, -15.3333]",16.921874,13.184126,91.760558
51,51,5c:01:3b:6b:b0:95,-42,256,"[86.0, -32.0, 4.0, 0.0, -12.6667, 8.0, -12.0, 7.6667, -12.0, 7.6667, -11.6667, 7.6667, -12.3333, 7.6667, -12.3333, 7.6667, -11.3333, 7.3333, -10.6667, 7.3333, -10.0, 8.0, -9.0, 8.0, -9.0, 8.0, -9.0, 8.3333, -8.3333, 8.3333, -8.3333, 8.0, -8.3333, 8.0, -8.3333, 8.0, -8.3333, 8.0, -8.0, 7.0, -8.0, 6.6667, -8.0, 6.3333, -8.0, 6.0, -7.6667, 6.0, -7.6667, 5.0, -7.0, 5.0, -7.6667, 4.6667, -2.0, 0.6667, 0.0, 0.0, 0.0, 0.0, 0.0, 0.0, 0.0, 0.0, 0.0, 0.0, 0.0, 0.0, 0.0, 0.0, 0.0, 0.0, 0.0, 0.0, -3.0, 2.0, -10.6667, 8.3333, -12.3333, 7.6667, -12.3333, 7.6667, -12.0, 7.6667, -11.6667, 7.0, -11.6667, 7.0, -12.0, 6.0, -12.0, 6.0, -11.6667, 5.6667, -11.3333, 5.0, -12.0, 5.0, -11.6667, 5.0, -11.0, 5.0, -11.0, 4.6667, -11.0, 4.6667, -11.0, 4.6667, -11.3333, 4.6667, -11.3333, 5.3333, -11.6667, 5.6667, -11.6667, 6.0, -12.0, 6.0, -12.3333, 6.0, -11.6667, 7.0, -12.3333, 7.3333, -12.6667, 7.3333, -13.3333, 7.6667, -10.6667, 1.6667, -31.3333, 9.6667, -31.3333, 8.6667, -30.6667, 9.3333, -29.3333, 9.0, -28.0, 9.0, -27.6667, 9.6667, -26.3333, 10.3333, -26.0, 11.3333, -24.6667, 12.0, -24.3333, 13.0, -24.3333, 14.6667, -23.3333, 15.3333, -23.3333, 15.6667, -23.3333, 16.3333, -22.6667, 15.3333, -22.3333, 15.3333, -21.3333, 15.0, -21.3333, 14.6667, -21.0, 13.6667, -20.3333, 12.0, -19.3333, 10.6667, -19.0, 9.6667, -18.0, 9.3333, -17.6667, 8.3333, -16.6667, 7.3333, -16.0, 6.3333, -18.3333, 1.0, -17.6667, 0.0, -3.3333, -0.3333, -1.6667, -0.6667, 0.0, -1.0, 0.0, -1.0, 0.0, -1.0, -2.0, 0.3333, -5.6667, 2.0, -29.0, 13.0, -29.0, 11.0, -27.0, 14.0, -27.6667, 12.3333, -28.3333, 10.3333, -29.0, 8.6667, -30.0, 7.0, -30.6667, 5.3333, -31.6667, 3.6667, -31.6667, 2.6667, -32.0, 1.3333, -32.3333, 0.3333, -33.3333, 0.3333, -34.0, -0.3333, -33.6667, -0.3333, -33.6667, -0.6667, -33.6667, -0.6667, -32.6667, -0.6667, -32.3333, 0.3333, -31.3333, 1.0, -31.0, 1.6667, -30.6667, 2.6667, -31.0, 4.0, -31.3333, 5.0, -31.0, 6.0, -31.6667, 7.3333, -32.0, 8.0, -32.0, 8.0]",18.645157,12.527766,91.760558
52,52,5c:01:3b:6b:b0:95,-41,256,"[86.0, -32.0, 4.0, 0.0, -12.3333, 8.0, -12.0, 7.6667, -12.0, 8.0, -12.0, 8.0, -13.0, 8.3333, -13.0, 8.3333, -12.3333, 8.0, -11.6667, 8.3333, -11.0, 8.6667, -10.6667, 9.0, -10.6667, 9.0, -10.6667, 9.6667, -10.3333, 9.6667, -10.3333, 9.3333, -10.3333, 9.3333, -10.3333, 9.3333, -10.0, 9.0, -9.6667, 8.0, -9.3333, 7.3333, -9.0, 7.0, -9.0, 6.6667, -8.6667, 6.6667, -8.3333, 5.6667, -7.6667, 5.6667, -8.0, 5.0, -2.0, 0.6667, 0.0, 0.0, 0.0, 0.0, 0.0, 0.0, 0.0, 0.0, 0.0, 0.0, 0.0, 0.0, 0.0, 0.0, 0.0, 0.0, 0.0, 0.0, -3.3333, 2.0, -12.0, 9.0, -13.0, 8.3333, -13.0, 8.0, -12.0, 7.6667, -11.3333, 7.3333, -11.3333, 7.0, -11.0, 6.0, -11.0, 5.6667, -10.3333, 5.0, -9.6667, 4.6667, -10.0, 4.6667, -9.3333, 4.3333, -9.0, 4.3333, -9.0, 4.0, -9.0, 4.0, -9.0, 4.0, -9.6667, 4.0, -9.6667, 4.6667, -10.3333, 5.3333, -10.3333, 5.6667, -11.0, 6.0, -11.6667, 6.0, -11.3333, 7.0, -11.6667, 7.6667, -12.3333, 7.6667, -12.6667, 8.0, -8.3333, 1.6667, -24.6667, 8.6667, -24.6667, 7.6667, -24.3333, 8.0, -23.6667, 7.6667, -23.0, 8.0, -23.3333, 8.6667, -22.6667, 9.3333, -23.0, 10.6667, -22.3333, 11.3333, -22.6667, 12.6667, -23.6667, 14.0, -23.6667, 14.6667, -23.6667, 15.3333, -23.6667, 15.6667, -23.3333, 15.0, -22.6667, 14.6667, -21.6667, 14.3333, -21.6667, 14.0, -21.0, 13.0, -19.6667, 11.6667, -18.6667, 10.3333, -18.0, 9.3333, -17.0, 9.0, -16.3333, 8.0, -15.3333, 7.3333, -14.0, 6.3333, -13.6667, 0.6667, -12.3333, -0.3333, -2.6667, -0.3333, -1.3333, -0.6667, 0.0, -1.0, 0.0, -1.0, 0.0, -1.0, -2.0, 0.3333, -5.3333, 2.0, -27.0, 12.6667, -26.0, 10.3333, -25.0, 13.0, -24.3333, 11.0, -23.6667, 9.0, -23.0, 7.3333, -23.0, 5.6667, -22.3333, 4.0, -22.3333, 2.3333, -21.3333, 1.0, -21.0, 0.0, -21.6667, -0.6667, -22.6667, -0.6667, -23.0, -1.0, -23.3333, -1.3333, -23.3333, -1.6667, -23.3333, -1.6667, -22.3333, -1.6667, -21.6667, -1.0, -20.6667, -0.3333, -21.0, 0.3333, -21.3333, 1.6667, -22.0, 3.0, -22.6667, 4.0, -23.0, 5.3333, -24.3333, 6.6667, -25.0, 7.3333, -25.0, 7.3333]",16.386937,10.659929,91.760558
53,53,5c:01:3b:6b:b0:95,-41,256,"[86.0, -32.0, 4.0, 0.0, -14.3333, 11.0, -14.0, 10.6667, -13.6667, 11.3333, -13.3333, 11.3333, -14.0, 11.6667, -13.6667, 11.3333, -13.0, 11.0, -12.3333, 11.3333, -11.6667, 11.6667, -11.3333, 12.0, -11.3333, 12.0, -11.0, 13.0, -10.6667, 13.0, -10.6667, 12.3333, -11.0, 12.3333, -10.6667, 12.3333, -10.3333, 11.6667, -10.6667, 11.0, -10.0, 10.0, -9.6667, 9.3333, -9.6667, 9.0, -9.0, 8.6667, -8.6667, 8.0, -8.3333, 8.0, -8.3333, 7.0, -2.3333, 1.3333, 0.0, 0.0, 0.0, 0.0, 0.0, 0.0, 0.0, 0.0, 0.0, 0.0, 0.0, 0.0, 0.0, 0.0, 0.0, 0.0, 0.0, 0.0, -3.6667, 2.6667, -13.0, 12.0, -13.6667, 11.6667, -14.0, 11.0, -13.6667, 10.6667, -13.3333, 10.3333, -13.6667, 10.0, -13.3333, 9.0, -13.6667, 8.3333, -13.0, 7.6667, -12.3333, 7.6667, -12.6667, 8.0, -12.0, 7.3333, -12.0, 7.3333, -11.6667, 7.0, -11.6667, 7.0, -11.6667, 7.0, -12.3333, 7.0, -12.0, 7.3333, -12.6667, 8.3333, -12.6667, 8.6667, -13.3333, 9.3333, -13.6667, 9.3333, -13.3333, 10.0, -13.3333, 11.3333, -14.3333, 11.3333, -14.3333, 11.6667, -8.0, 4.0, -24.6667, 15.3333, -24.3333, 14.3333, -24.0, 14.3333, -23.3333, 13.6667, -22.6667, 14.0, -23.0, 14.3333, -22.6667, 14.6667, -22.6667, 16.0, -22.0, 16.6667, -22.3333, 17.6667, -23.3333, 18.6667, -23.3333, 19.0, -23.3333, 20.0, -23.3333, 20.0, -22.6667, 19.6667, -22.3333, 19.0, -21.3333, 18.6667, -21.3333, 18.0, -21.0, 17.0, -19.6667, 16.0, -18.6667, 14.6667, -17.6667, 13.3333, -17.0, 12.6667, -16.0, 12.0, -15.3333, 11.3333, -14.0, 10.0, -12.6667, 5.0, -11.3333, 4.0, -2.6667, 0.3333, -1.3333, -0.3333, 0.0, -1.0, 0.0, -1.0, 0.0, -1.0, -2.0, 0.6667, -5.0, 3.0, -25.3333, 18.3333, -24.6667, 16.0, -25.0, 17.6667, -24.3333, 16.0, -23.6667, 14.0, -23.0, 12.6667, -23.0, 11.3333, -22.3333, 10.0, -22.0, 8.6667, -21.0, 7.3333, -20.3333, 6.6667, -21.0, 6.3333, -22.0, 6.0, -22.0, 6.0, -22.6667, 5.6667, -23.0, 5.3333, -22.6667, 5.3333, -22.0, 5.3333, -21.0, 6.0, -20.0, 6.3333, -20.3333, 7.0, -20.6667, 8.3333, -21.3333, 9.6667, -22.0, 10.6667, -22.3333, 12.0, -23.6667, 13.6667, -24.6667, 14.0, -24.6667, 14.3333]",18.301002,10.86332,91.760558
54,54,5c:01:3b:6b:b0:95,-43,256,"[86.0, -32.0, 4.0, 0.0, -18.6667, 6.0, -18.3333, 6.0, -17.3333, 7.0, -16.6667, 7.0, -17.0, 7.6667, -16.3333, 7.3333, -15.6667, 7.3333, -15.0, 8.0, -14.6667, 8.3333, -14.3333, 9.0, -14.3333, 9.0, -14.0, 10.0, -14.0, 10.0, -13.6667, 9.6667, -14.0, 9.6667, -13.6667, 9.6667, -13.0, 8.6667, -13.3333, 8.0, -12.6667, 7.0, -12.0, 6.6667, -12.0, 6.6667, -11.0, 6.3333, -10.6667, 5.6667, -10.3333, 5.6667, -10.0, 4.6667, -3.0, 0.6667, 0.0, 0.0, 0.0, 0.0, 0.0, 0.0, 0.0, 0.0, 0.0, 0.0, 0.0, 0.0, 0.0, 0.0, 0.0, 0.0, 0.0, 0.0, -4.6667, 1.6667, -16.3333, 8.3333, -16.6667, 7.6667, -17.3333, 6.6667, -17.3333, 6.0, -17.6667, 5.6667, -18.3333, 5.0, -18.3333, 4.0, -19.0, 3.0, -18.6667, 2.3333, -18.3333, 2.3333, -19.0, 2.6667, -18.6667, 1.6667, -18.3333, 1.6667, -18.0, 1.6667, -18.0, 1.6667, -18.0, 1.6667, -18.0, 1.6667, -17.6667, 2.3333, -18.0, 3.3333, -18.0, 3.3333, -18.3333, 4.3333, -18.3333, 4.3333, -18.0, 5.0, -18.0, 6.3333, -19.0, 6.3333, -19.0, 6.3333, -11.0, 1.3333, -34.6667, 6.6667, -34.0, 5.6667, -33.3333, 5.6667, -32.0, 5.3333, -31.0, 6.0, -30.6667, 6.6667, -29.6667, 7.3333, -29.0, 9.0, -28.0, 10.0, -27.6667, 11.3333, -27.6667, 12.3333, -27.6667, 13.0, -27.6667, 14.0, -27.6667, 14.0, -27.0, 14.0, -26.3333, 13.0, -25.3333, 13.0, -25.3333, 12.6667, -24.6667, 11.6667, -23.6667, 10.6667, -22.6667, 9.6667, -21.3333, 8.3333, -20.6667, 8.0, -19.6667, 7.3333, -19.3333, 7.0, -18.3333, 5.6667, -17.6667, 0.6667, -16.6667, -0.3333, -3.3333, -0.3333, -1.6667, -0.6667, 0.0, -1.0, 0.3333, -1.0, 0.0, -1.0, -2.0, 0.3333, -5.6667, 2.0, -30.0, 12.0, -30.3333, 9.3333, -31.0, 10.6667, -31.3333, 8.3333, -31.6667, 6.3333, -32.0, 4.6667, -32.6667, 3.0, -33.0, 1.3333, -33.3333, -0.3333, -33.0, -2.0, -32.6667, -3.0, -33.0, -3.0, -34.0, -3.3333, -34.0, -3.3333, -34.3333, -4.0, -34.6667, -4.0, -34.0, -4.0, -33.6667, -4.0, -32.6667, -3.6667, -31.6667, -3.0, -32.0, -2.0, -32.0, -0.3333, -32.3333, 0.6667, -32.6667, 1.6667, -32.6667, 3.3333, -33.6667, 4.6667, -34.6667, 5.3333, -34.6667, 5.6667]",21.287371,12.327656,91.760558
55,55,5c:01:3b:6b:b0:95,-38,256,"[86.0, -32.0, 4.0, 0.0, -21.0, 7.6667, -20.3333, 7.3333, -19.0, 8.0, -18.0, 8.0, -18.0, 8.0, -17.0, 7.6667, -16.0, 7.3333, -15.0, 7.6667, -14.3333, 8.0, -13.3333, 8.6667, -13.3333, 9.0, -12.6667, 9.6667, -12.6667, 9.6667, -12.3333, 9.3333, -13.0, 9.3333, -12.3333, 9.3333, -12.0, 8.3333, -12.6667, 7.6667, -12.0, 7.0, -11.6667, 6.3333, -11.6667, 6.3333, -10.6667, 6.0, -10.6667, 5.3333, -10.3333, 5.3333, -10.3333, 4.6667, -3.3333, 0.6667, 0.0, 0.0, 0.0, 0.0, 0.0, 0.0, 0.0, 0.0, 0.0, 0.0, 0.0, 0.0, 0.0, 0.0, 0.0, 0.0, 0.0, 0.0, -4.6667, 1.6667, -16.3333, 8.3333, -17.3333, 8.0, -18.3333, 7.6667, -19.0, 7.3333, -20.0, 7.3333, -21.0, 7.0, -21.6667, 6.6667, -22.6667, 6.0, -22.6667, 5.6667, -22.6667, 5.6667, -23.6667, 6.3333, -23.6667, 5.3333, -23.3333, 5.3333, -22.6667, 5.3333, -22.6667, 5.3333, -22.6667, 5.3333, -22.3333, 5.3333, -21.6667, 5.6667, -21.6667, 6.3333, -21.6667, 6.3333, -21.6667, 7.0, -21.0, 6.6667, -20.3333, 7.0, -20.3333, 8.0, -21.3333, 8.3333, -21.3333, 8.3333, -13.0, 3.6667, -41.3333, 14.3333, -40.3333, 13.3333, -39.3333, 13.3333, -37.3333, 12.6667, -35.6667, 13.0, -34.6667, 13.3333, -33.3333, 13.6667, -31.6667, 15.0, -30.0, 16.0, -29.0, 16.6667, -28.0, 17.6667, -27.3333, 17.3333, -27.3333, 18.0, -27.3333, 18.0, -26.3333, 18.0, -26.0, 17.0, -25.0, 17.0, -25.0, 16.6667, -24.6667, 16.0, -24.3333, 15.3333, -23.3333, 14.3333, -22.0, 12.6667, -21.6667, 12.0, -20.6667, 11.6667, -20.6667, 11.0, -20.3333, 9.3333, -21.3333, 5.3333, -21.0, 4.3333, -4.0, 0.3333, -2.0, -0.3333, 0.0, -1.0, 0.3333, -1.0, 0.0, -1.0, -2.0, 0.6667, -5.6667, 3.0, -30.3333, 18.0, -32.0, 15.6667, -33.0, 16.3333, -34.6667, 14.6667, -36.3333, 12.6667, -38.0, 11.3333, -39.6667, 10.0, -41.3333, 8.6667, -42.3333, 7.3333, -43.0, 6.0, -43.0, 5.0, -43.0, 5.0, -44.0, 4.3333, -44.0, 4.3333, -44.0, 4.0, -44.6667, 4.0, -43.6667, 4.0, -43.6667, 4.0, -42.6667, 4.6667, -41.6667, 5.0, -41.3333, 6.0, -40.6667, 7.3333, -40.6667, 8.3333, -40.6667, 9.3333, -40.0, 10.6667, -40.3333, 12.3333, -41.3333, 12.6667, -41.3333, 13.3333]",24.744495,14.730563,91.760558
56,56,5c:01:3b:6b:b0:95,-41,256,"[86.0, -32.0, 4.0, 0.0, -15.6667, 4.3333, -15.3333, 4.0, -14.6667, 4.3333, -14.0, 4.6667, -14.0, 4.6667, -13.6667, 5.0, -13.0, 4.6667, -12.6667, 5.3333, -12.6667, 5.0, -12.3333, 5.6667, -12.3333, 5.6667, -12.0, 6.0, -12.0, 6.0, -11.6667, 6.0, -12.0, 6.0, -11.6667, 6.0, -11.3333, 5.3333, -11.3333, 4.6667, -11.0, 4.3333, -10.3333, 4.0, -10.0, 4.0, -9.3333, 4.0, -9.0, 3.3333, -8.6667, 3.3333, -8.6667, 2.6667, -2.6667, 0.0, 0.0, 0.0, 0.0, 0.0, 0.0, 0.0, 0.0, 0.0, 0.0, 0.0, 0.0, 0.0, 0.0, 0.0, 0.0, 0.0, 0.0, 0.0, -4.0, 1.0, -13.6667, 5.6667, -14.0, 5.3333, -14.6667, 5.0, -14.6667, 4.3333, -15.0, 4.3333, -15.3333, 3.6667, -15.3333, 3.3333, -15.6667, 2.6667, -15.3333, 2.0, -15.3333, 2.0, -15.6667, 2.0, -15.6667, 1.3333, -15.3333, 1.3333, -15.0, 1.3333, -15.0, 1.3333, -15.0, 1.3333, -15.0, 1.3333, -14.6667, 2.0, -15.0, 2.3333, -15.0, 2.6667, -15.3333, 3.3333, -15.0, 3.0, -15.0, 3.6667, -15.0, 4.3333, -16.0, 4.6667, -16.0, 4.6667, -8.6667, 0.6667, -27.6667, 5.0, -27.0, 4.0, -26.3333, 4.3333, -25.3333, 4.0, -24.3333, 5.0, -24.0, 5.6667, -23.3333, 6.3333, -22.6667, 7.6667, -22.3333, 9.0, -22.3333, 10.0, -22.0, 11.3333, -22.3333, 11.3333, -22.3333, 12.0, -22.3333, 12.0, -21.6667, 11.6667, -21.3333, 11.0, -20.6667, 11.0, -20.3333, 11.0, -19.6667, 10.3333, -19.0, 9.6667, -18.0, 8.6667, -17.0, 7.3333, -16.6667, 7.0, -16.0, 6.6667, -15.6667, 6.0, -14.6667, 4.6667, -12.6667, -0.3333, -12.3333, -1.3333, -2.3333, -0.6667, -1.3333, -0.6667, -0.3333, -1.0, 0.3333, -1.0, -0.3333, -0.6667, -1.6667, 0.3333, -4.3333, 2.0, -22.3333, 11.6667, -22.3333, 9.0, -24.6667, 10.0, -24.6667, 7.6667, -25.0, 5.3333, -25.3333, 3.6667, -25.3333, 1.6667, -25.6667, 0.0, -25.6667, -1.6667, -25.3333, -3.0, -25.0, -4.3333, -24.6667, -4.3333, -25.3333, -4.6667, -25.3333, -4.6667, -25.3333, -5.3333, -25.3333, -5.3333, -24.6667, -5.6667, -25.0, -5.6667, -24.6667, -5.0, -24.3333, -4.3333, -24.6667, -3.3333, -24.6667, -1.6667, -25.0, -0.6667, -25.3333, 0.3333, -25.6667, 2.0, -26.3333, 3.3333, -27.3333, 4.0, -27.3333, 4.3333]",17.117055,10.590032,91.760558
57,57,5c:01:3b:6b:b0:95,-37,256,"[86.0, -32.0, 4.0, 0.0, -7.0, 6.0, -6.6667, 5.3333, -6.3333, 5.3333, -6.0, 5.6667, -6.0, 5.0, -6.0, 5.3333, -5.6667, 4.6667, -5.3333, 5.0, -5.3333, 4.3333, -5.3333, 4.6667, -5.3333, 4.3333, -4.6667, 4.3333, -4.6667, 4.3333, -4.6667, 4.3333, -5.0, 4.3333, -5.0, 4.3333, -5.0, 4.0, -5.0, 3.6667, -4.6667, 3.6667, -4.3333, 3.3333, -4.3333, 3.3333, -4.0, 3.3333, -3.6667, 3.0, -4.0, 3.0, -4.0, 2.6667, -1.3333, 0.0, 0.0, 0.0, 0.0, 0.0, 0.0, 0.0, 0.0, 0.0, 0.0, 0.0, 0.0, 0.0, 0.0, 0.0, 0.0, 0.0, 0.0, 0.0, -2.0, 1.0, -5.6667, 5.3333, -5.6667, 5.6667, -6.3333, 6.0, -6.3333, 5.6667, -6.6667, 6.0, -6.6667, 5.6667, -6.6667, 6.0, -7.0, 5.6667, -6.3333, 5.6667, -6.3333, 5.6667, -6.0, 6.0, -6.0, 5.6667, -6.0, 5.6667, -5.6667, 5.3333, -5.6667, 5.3333, -5.6667, 5.3333, -6.3333, 5.0, -6.0, 5.3333, -6.6667, 5.3333, -6.6667, 5.6667, -7.0, 6.0, -6.3333, 5.3333, -6.3333, 5.6667, -6.3333, 6.0, -7.0, 6.6667, -6.6667, 6.6667, -3.3333, 4.6667, -10.6667, 17.6667, -10.3333, 17.0, -10.0, 17.0, -10.0, 16.0, -9.3333, 16.3333, -9.6667, 16.0, -9.6667, 15.6667, -9.0, 15.6667, -8.3333, 16.0, -8.3333, 16.0, -7.6667, 16.6667, -7.6667, 15.6667, -7.6667, 16.0, -7.6667, 16.0, -7.3333, 15.6667, -7.3333, 15.0, -7.3333, 15.0, -7.0, 15.0, -7.0, 14.6667, -6.6667, 14.3333, -6.3333, 13.3333, -6.3333, 12.0, -6.6667, 11.6667, -6.3333, 11.3333, -6.6667, 10.6667, -6.3333, 9.6667, -2.6667, 8.3333, -2.6667, 7.6667, -0.6667, 1.0, -0.6667, 0.0, -0.6667, -1.0, -0.3333, -1.0, -0.6667, -0.6667, -1.0, 0.6667, -1.6667, 3.0, -7.0, 18.3333, -7.6667, 17.3333, -9.0, 17.6667, -9.3333, 17.0, -10.3333, 16.3333, -9.6667, 16.3333, -8.3333, 15.3333, -7.6667, 15.0, -6.6667, 14.6667, -5.6667, 14.6667, -5.0, 13.6667, -4.3333, 14.0, -4.6667, 14.0, -4.6667, 14.0, -4.6667, 13.6667, -4.3333, 13.6667, -4.0, 13.0, -4.6667, 12.6667, -5.0, 13.0, -5.3333, 13.0, -5.6667, 13.6667, -6.0, 14.3333, -6.6667, 14.6667, -7.3333, 15.3333, -8.3333, 16.0, -9.0, 17.0, -10.0, 17.6667, -10.0, 18.0]",11.133757,9.385061,91.760558
58,58,5c:01:3b:6b:b0:95,-38,256,"[86.0, -32.0, 4.0, 0.0, -0.3333, 7.0, -0.3333, 6.3333, 0.0, 6.3333, 0.0, 6.3333, 0.0, 6.0, -0.3333, 6.3333, -0.3333, 5.6667, 0.0, 6.0, -0.3333, 5.0, -0.6667, 5.0, -0.6667, 4.3333, 0.0, 4.3333, 0.0, 4.3333, 0.0, 4.3333, 0.0, 4.3333, -0.6667, 4.3333, -0.6667, 4.3333, -0.3333, 4.0, -0.3333, 4.0, 0.0, 4.0, -0.3333, 4.0, -0.3333, 4.0, 0.0, 4.0, -0.6667, 4.0, -0.6667, 3.3333, -0.3333, 0.3333, 0.0, 0.0, 0.0, 0.0, 0.0, 0.0, 0.0, 0.0, 0.0, 0.0, 0.0, 0.0, 0.0, 0.0, 0.0, 0.0, 0.0, 0.0, -0.6667, 1.3333, 0.0, 6.0, 0.3333, 6.6667, -0.3333, 6.6667, 0.0, 6.6667, -0.3333, 6.6667, 0.0, 6.6667, 0.3333, 6.6667, 0.0, 6.6667, 1.0, 6.6667, 1.0, 6.6667, 2.0, 6.6667, 2.0, 6.6667, 2.0, 6.6667, 2.0, 6.3333, 2.0, 6.3333, 2.0, 6.3333, 1.0, 5.6667, 1.0, 6.0, 0.0, 6.0, 0.0, 6.3333, -0.3333, 6.6667, 0.3333, 6.3333, 0.0, 6.6667, 0.0, 7.0, -0.3333, 7.6667, 0.3333, 7.6667, 1.0, 7.0, 3.0, 25.0, 3.0, 24.6667, 3.0, 24.3333, 2.0, 23.0, 2.0, 22.6667, 1.0, 21.6667, 0.6667, 21.0, 1.0, 20.0, 1.6667, 19.6667, 1.6667, 19.3333, 2.6667, 19.3333, 2.6667, 18.3333, 2.6667, 18.6667, 2.6667, 18.6667, 2.6667, 18.3333, 2.6667, 17.6667, 2.0, 17.6667, 2.3333, 17.3333, 2.0, 17.0, 2.3333, 16.3333, 2.0, 15.6667, 1.3333, 14.6667, 0.6667, 14.3333, 0.6667, 13.6667, -0.3333, 13.3333, -0.3333, 12.6667, 6.0, 13.0, 5.6667, 12.6667, 0.6667, 2.0, 0.0, 0.3333, -1.0, -1.0, -0.6667, -1.0, -1.0, -0.6667, -0.3333, 0.6667, 0.3333, 3.3333, 4.0, 20.6667, 3.0, 21.0, 2.6667, 21.6667, 2.3333, 22.0, 1.0, 22.6667, 3.0, 23.6667, 6.0, 23.6667, 8.0, 24.3333, 10.0, 25.0, 11.0, 25.3333, 11.3333, 24.6667, 11.6667, 25.0, 11.3333, 25.6667, 11.3333, 25.6667, 11.3333, 25.3333, 11.6667, 25.3333, 11.6667, 24.3333, 11.3333, 24.0, 10.6667, 23.6667, 10.3333, 23.6667, 10.0, 23.6667, 10.0, 24.0, 9.0, 24.3333, 8.0, 24.6667, 6.0, 24.6667, 5.0, 25.0, 4.0, 25.6667, 4.0, 25.6667]",12.828205,11.689695,91.760558
59,59,5c:01:3b:6b:b0:95,-38,256,"[86.0, -32.0, 4.0, 0.0, 1.0, 10.0, 1.0, 9.0, 2.0, 9.0, 2.0, 8.3333, 2.0, 8.0, 2.0, 8.0, 2.0, 7.0, 3.0, 7.0, 3.0, 6.0, 3.0, 6.0, 3.0, 5.6667, 4.0, 5.6667, 4.0, 5.6667, 4.0, 5.6667, 4.0, 5.6667, 3.0, 5.6667, 3.0, 5.6667, 3.0, 5.0, 3.0, 5.0, 3.0, 5.0, 2.0, 5.0, 2.0, 5.0, 2.0, 5.0, 1.0, 5.0, 1.0, 4.3333, 0.0, 0.6667, 0.0, 0.0, 0.0, 0.0, 0.0, 0.0, 0.0, 0.0, 0.0, 0.0, 0.0, 0.0, 0.0, 0.0, 0.0, 0.0, 0.0, 0.0, 0.0, 1.6667, 3.0, 7.0, 3.0, 8.0, 2.0, 8.3333, 2.0, 9.0, 1.0, 9.3333, 1.0, 10.0, 1.0, 10.3333, 0.0, 11.0, 0.6667, 11.3333, 0.6667, 11.3333, 1.3333, 11.6667, 1.3333, 11.6667, 1.6667, 11.6667, 1.6667, 11.3333, 1.6667, 11.3333, 1.3333, 11.3333, 0.6667, 10.3333, 0.6667, 10.3333, 0.0, 10.3333, 0.0, 10.3333, 0.0, 10.3333, 1.0, 10.0, 1.0, 10.0, 1.0, 10.0, 1.0, 11.0, 2.0, 11.0, 0.6667, 12.3333, 2.0, 41.6667, 2.0, 41.6667, 2.3333, 40.6667, 1.3333, 38.6667, 1.3333, 37.0, 0.6667, 35.0, 1.0, 33.6667, 2.0, 31.6667, 4.0, 30.3333, 5.0, 29.3333, 7.0, 28.3333, 8.0, 26.3333, 8.0, 26.3333, 8.0, 26.3333, 8.0, 26.3333, 8.0, 25.3333, 7.0, 25.3333, 7.0, 24.6667, 6.0, 24.6667, 6.0, 24.0, 5.0, 23.6667, 4.0, 22.6667, 3.0, 22.0, 3.0, 21.0, 1.0, 21.0, 0.0, 20.3333, 5.0, 23.3333, 5.0, 23.3333, 0.3333, 4.0, 0.0, 1.0, -1.0, -1.0, -1.0, -1.0, -1.0, -1.0, 0.0, 1.0, 1.0, 4.6667, 7.0, 29.3333, 4.0, 31.3333, 6.0, 32.0, 4.0, 34.0, 1.0, 36.3333, 2.3333, 38.6667, 5.0, 40.3333, 7.0, 42.3333, 9.0, 44.3333, 10.0, 45.0, 9.6667, 45.0, 9.3333, 45.3333, 8.6667, 46.3333, 8.6667, 46.3333, 8.6667, 46.3333, 8.3333, 46.3333, 8.3333, 45.3333, 8.6667, 45.0, 8.3333, 44.0, 8.6667, 43.6667, 9.0, 43.0, 9.3333, 42.6667, 8.3333, 43.0, 7.0, 43.0, 5.0, 42.0, 4.0, 42.0, 3.0, 42.3333, 3.0, 42.3333]",20.012518,16.934001,91.760558
60,60,5c:01:3b:6b:b0:95,-38,256,"[86.0, -32.0, 4.0, 0.0, 0.0, 11.0, 0.0, 10.0, 0.6667, 10.0, 0.6667, 9.0, 0.6667, 9.0, 0.3333, 9.0, 0.6667, 8.0, 1.3333, 8.0, 1.6667, 7.0, 1.6667, 7.0, 1.6667, 7.0, 2.6667, 7.0, 2.3333, 7.0, 2.3333, 7.0, 2.6667, 7.0, 2.0, 7.0, 1.6667, 7.0, 1.6667, 6.0, 1.6667, 6.0, 1.6667, 6.0, 0.6667, 6.0, 0.6667, 6.0, 0.6667, 6.0, 0.0, 6.0, 0.0, 5.0, -0.3333, 1.0, 0.0, 0.0, 0.0, 0.0, 0.0, 0.0, 0.0, 0.0, 0.0, 0.0, 0.0, 0.0, 0.0, 0.0, 0.0, 0.0, 0.0, 0.0, 0.0, 2.0, 2.0, 8.0, 1.6667, 9.0, 0.6667, 9.0, 0.3333, 10.0, 0.0, 10.0, 0.0, 11.0, 0.3333, 11.0, 0.0, 12.0, 0.3333, 12.0, 0.3333, 12.0, 0.6667, 12.0, 0.6667, 12.0, 1.3333, 12.0, 1.3333, 12.0, 1.3333, 12.0, 0.6667, 12.0, 0.3333, 11.0, 0.3333, 11.0, 0.0, 11.0, 0.0, 11.0, -0.3333, 11.0, 0.3333, 11.0, 0.3333, 11.0, 0.0, 11.0, 0.0, 12.0, 0.6667, 12.0, 0.3333, 12.3333, 1.0, 42.0, 1.0, 41.6667, 1.6667, 40.6667, 0.6667, 39.0, 0.6667, 37.3333, 0.0, 35.6667, 0.0, 34.6667, 0.0, 33.3333, 0.6667, 32.3333, 1.0, 31.6667, 2.3333, 31.0, 3.3333, 29.0, 3.3333, 29.0, 3.3333, 29.0, 3.3333, 29.0, 3.3333, 28.0, 2.6667, 28.0, 2.6667, 27.0, 2.0, 27.0, 1.6667, 26.0, 1.0, 26.0, 0.6667, 24.6667, 0.0, 23.6667, 0.3333, 22.6667, -0.6667, 22.3333, -1.0, 21.3333, 4.0, 21.6667, 4.3333, 21.3333, 0.0, 3.3333, 0.0, 0.6667, -1.0, -1.0, -1.0, -1.0, -1.0, -1.0, -0.3333, 1.0, 0.3333, 5.0, 3.0, 31.0, 1.3333, 33.0, 2.0, 34.0, 1.3333, 35.6667, 0.3333, 37.0, 1.6667, 38.6667, 4.0, 40.0, 6.0, 41.3333, 8.0, 43.0, 9.0, 42.6667, 8.0, 42.6667, 7.0, 42.6667, 6.0, 43.3333, 6.0, 43.3333, 6.0, 43.0, 5.0, 43.0, 5.0, 42.3333, 6.0, 42.3333, 6.0, 41.3333, 7.0, 41.0, 8.0, 40.6667, 8.6667, 41.0, 7.6667, 41.6667, 6.0, 41.6667, 4.0, 41.3333, 3.0, 41.6667, 2.0, 42.0, 2.0, 42.3333]",20.183575,16.383004,91.760558
61,61,5c:01:3b:6b:b0:95,-38,256,"[86.0, -32.0, 4.0, 0.0, -2.3333, 4.0, -2.3333, 3.3333, -1.6667, 3.6667, -1.3333, 3.3333, -1.3333, 3.6667, -1.3333, 3.6667, -1.0, 3.3333, -0.6667, 3.3333, -0.6667, 3.0, -0.6667, 3.3333, -0.6667, 3.3333, -0.3333, 3.6667, -0.6667, 3.6667, -0.6667, 3.6667, -0.3333, 3.3333, -0.3333, 3.3333, -0.6667, 3.6667, -0.6667, 2.6667, -0.6667, 2.6667, -0.3333, 2.6667, -1.0, 2.6667, -1.0, 2.6667, -1.0, 2.6667, -1.0, 2.6667, -1.3333, 2.0, -0.6667, 0.3333, 0.0, 0.0, 0.0, 0.0, 0.0, 0.0, 0.0, 0.0, 0.0, 0.0, 0.0, 0.0, 0.0, 0.0, 0.0, 0.0, 0.0, 0.0, -0.3333, 0.6667, -0.3333, 3.3333, -0.3333, 3.6667, -1.0, 3.3333, -1.3333, 3.6667, -1.6667, 3.3333, -2.0, 3.6667, -2.0, 3.3333, -2.3333, 3.6667, -2.3333, 3.6667, -2.6667, 3.3333, -3.0, 3.3333, -3.0, 3.3333, -2.3333, 3.3333, -2.3333, 3.6667, -2.3333, 3.6667, -3.0, 3.6667, -3.0, 3.0, -2.6667, 3.0, -2.6667, 3.0, -2.3333, 3.3333, -2.6667, 3.3333, -2.0, 3.6667, -2.0, 3.6667, -2.3333, 3.6667, -2.3333, 4.3333, -1.6667, 4.3333, -2.0, 5.3333, -5.6667, 19.3333, -5.6667, 19.0, -4.6667, 18.6667, -5.3333, 18.0, -4.6667, 17.6667, -4.6667, 17.0, -4.3333, 16.6667, -4.3333, 16.3333, -3.6667, 16.3333, -3.3333, 16.3333, -3.0, 16.3333, -2.6667, 15.6667, -3.0, 15.6667, -3.0, 16.0, -3.0, 16.0, -2.6667, 15.3333, -2.6667, 15.3333, -2.6667, 14.6667, -2.6667, 14.6667, -3.0, 14.0, -3.0, 13.6667, -3.0, 12.6667, -3.6667, 12.0, -3.3333, 11.6667, -3.6667, 11.3333, -3.6667, 10.3333, -2.3333, 8.6667, -1.6667, 8.0, -1.0, 1.0, -0.3333, -0.3333, -0.6667, -0.6667, -0.6667, -0.6667, -0.6667, -0.6667, -0.6667, 0.3333, -0.6667, 2.6667, -1.3333, 17.0, -2.3333, 17.6667, -2.3333, 18.0, -2.6667, 18.0, -3.6667, 17.6667, -3.6667, 18.0, -3.3333, 18.0, -2.6667, 18.0, -1.6667, 18.3333, -1.0, 17.3333, -2.0, 17.3333, -3.0, 17.0, -4.0, 17.3333, -4.0, 17.3333, -4.0, 16.6667, -5.0, 16.6667, -5.0, 16.3333, -4.3333, 16.6667, -4.0, 16.0, -3.0, 16.3333, -2.0, 16.3333, -1.3333, 17.0, -2.0, 17.6667, -3.0, 18.0, -4.0, 18.3333, -4.3333, 19.0, -5.0, 19.3333, -5.0, 19.6667]",9.637967,10.129168,91.760558
62,62,5c:01:3b:6b:b0:95,-39,256,"[86.0, -32.0, 4.0, 0.0, -4.6667, -3.0, -4.6667, -3.3333, -4.0, -2.6667, -3.3333, -2.3333, -3.3333, -1.6667, -3.0, -1.6667, -2.3333, -1.3333, -2.3333, -1.3333, -2.0, -1.0, -2.0, -0.3333, -2.0, -0.3333, -1.6667, 0.3333, -2.3333, 0.3333, -2.3333, 0.3333, -1.6667, -0.3333, -1.3333, -0.3333, -2.0, 0.3333, -2.0, -0.6667, -2.0, -0.6667, -1.6667, -0.6667, -2.3333, -0.6667, -2.3333, -0.6667, -2.3333, -0.6667, -2.0, -0.6667, -2.6667, -1.0, -1.0, -0.3333, 0.0, 0.0, 0.0, 0.0, 0.0, 0.0, 0.0, 0.0, 0.0, 0.0, 0.0, 0.0, 0.0, 0.0, 0.0, 0.0, 0.0, 0.0, -0.3333, -0.6667, -1.3333, -1.3333, -1.6667, -1.6667, -2.3333, -2.3333, -3.0, -2.6667, -3.3333, -3.3333, -4.0, -3.6667, -4.3333, -4.3333, -4.6667, -4.3333, -4.6667, -4.3333, -5.3333, -4.6667, -6.0, -4.6667, -6.0, -4.6667, -5.6667, -4.6667, -5.6667, -4.3333, -5.6667, -4.3333, -6.0, -4.3333, -6.0, -4.6667, -5.3333, -4.6667, -5.3333, -4.6667, -4.6667, -4.3333, -5.0, -4.3333, -4.3333, -3.6667, -4.3333, -3.6667, -4.6667, -3.6667, -4.6667, -3.3333, -4.0, -3.3333, -4.0, -1.6667, -11.3333, -3.3333, -11.3333, -3.6667, -10.3333, -3.3333, -10.6667, -3.0, -9.3333, -2.0, -9.0, -1.6667, -8.6667, -1.3333, -8.6667, -0.6667, -8.0, 0.3333, -7.6667, 1.0, -7.6667, 1.6667, -7.3333, 2.3333, -7.6667, 2.3333, -7.6667, 3.0, -7.6667, 3.0, -7.3333, 2.6667, -7.0, 2.6667, -7.0, 2.3333, -6.6667, 2.3333, -7.3333, 2.0, -7.0, 1.3333, -6.6667, 0.6667, -7.3333, 0.3333, -7.0, 0.6667, -6.6667, 0.3333, -6.3333, -0.6667, -7.6667, -4.3333, -7.3333, -5.3333, -2.0, -1.3333, -0.6667, -1.3333, -0.3333, -0.3333, -0.3333, -0.3333, -0.3333, -0.3333, -1.0, -0.3333, -1.3333, 0.3333, -5.3333, 3.0, -6.0, 2.3333, -6.3333, 2.0, -6.6667, 0.3333, -7.6667, -1.6667, -8.3333, -2.6667, -9.6667, -4.0, -10.3333, -5.3333, -10.3333, -6.3333, -11.0, -8.0, -12.0, -8.0, -13.0, -8.6667, -14.0, -8.6667, -14.0, -8.6667, -14.0, -9.6667, -15.0, -9.6667, -15.0, -9.6667, -14.6667, -9.0, -14.0, -9.3333, -13.0, -8.3333, -12.0, -8.0, -10.6667, -7.0, -11.0, -6.3333, -11.0, -5.6667, -11.0, -4.6667, -10.6667, -3.6667, -11.0, -3.3333, -11.0, -3.0]",7.195842,8.795234,91.760558
63,63,5c:01:3b:6b:b0:95,-38,256,"[86.0, -32.0, 4.0, 0.0, -5.6667, -10.0, -5.6667, -10.0, -4.6667, -9.0, -3.6667, -8.0, -3.6667, -7.0, -2.6667, -7.0, -2.0, -6.0, -1.6667, -6.0, -1.6667, -5.0, -1.3333, -4.0, -1.6667, -4.0, -1.6667, -3.0, -2.0, -3.0, -2.0, -3.0, -1.6667, -4.0, -1.3333, -4.0, -1.6667, -3.0, -1.6667, -4.0, -1.6667, -4.0, -1.3333, -4.0, -1.6667, -4.0, -1.6667, -4.0, -1.6667, -4.0, -1.6667, -4.0, -2.3333, -4.0, -1.0, -1.0, 0.0, 0.0, 0.0, 0.0, 0.0, 0.0, 0.0, 0.0, 0.0, 0.0, 0.0, 0.0, 0.0, 0.0, 0.0, 0.0, 0.0, 0.0, -0.6667, -2.0, -2.0, -6.0, -2.3333, -7.0, -3.0, -8.0, -3.6667, -9.0, -4.6667, -10.0, -5.6667, -11.0, -6.6667, -12.0, -7.6667, -12.3333, -8.0, -12.3333, -8.6667, -12.6667, -9.6667, -12.6667, -9.6667, -12.6667, -9.6667, -12.6667, -9.6667, -12.3333, -9.6667, -12.3333, -9.6667, -12.3333, -9.3333, -12.3333, -8.3333, -12.3333, -8.3333, -12.3333, -7.3333, -12.0, -7.0, -12.0, -6.3333, -11.0, -6.3333, -11.0, -6.3333, -11.0, -6.0, -11.0, -5.3333, -11.0, -5.6667, -8.0, -16.3333, -24.0, -16.3333, -24.0, -15.3333, -23.0, -15.0, -22.0, -13.3333, -20.0, -12.0, -19.0, -11.0, -18.0, -10.0, -17.0, -8.0, -15.0, -6.6667, -14.0, -6.3333, -13.0, -6.0, -11.0, -6.0, -11.0, -6.0, -10.0, -6.0, -10.0, -5.6667, -10.0, -5.3333, -10.0, -5.3333, -10.0, -5.3333, -10.0, -5.6667, -10.0, -5.6667, -11.0, -5.6667, -11.0, -6.3333, -11.0, -6.6667, -10.0, -6.6667, -10.0, -7.0, -11.0, -12.0, -15.0, -12.3333, -16.0, -2.6667, -3.0, -1.0, -2.0, 0.0, 0.0, 0.0, 0.0, 0.0, 0.0, -1.0, -1.0, -1.3333, -2.0, -4.3333, -11.0, -6.3333, -13.0, -6.6667, -14.0, -8.6667, -17.0, -11.3333, -20.0, -13.6667, -22.0, -16.3333, -24.0, -18.3333, -26.0, -19.6667, -28.0, -21.6667, -30.0, -22.6667, -30.0, -23.6667, -31.0, -24.3333, -31.0, -24.6667, -31.0, -24.6667, -32.0, -25.3333, -32.0, -25.3333, -32.0, -25.3333, -31.0, -24.0, -31.0, -23.0, -29.0, -22.0, -29.0, -20.3333, -28.0, -19.6667, -27.0, -18.6667, -26.0, -17.6667, -25.0, -17.0, -24.0, -16.6667, -24.0, -16.3333, -24.0]",15.321696,13.464427,91.760558
64,64,5c:01:3b:6b:b0:95,-37,256,"[86.0, -32.0, 4.0, 0.0, -5.3333, -8.0, -5.3333, -7.6667, -4.3333, -7.0, -3.3333, -6.0, -3.3333, -5.0, -2.3333, -4.6667, -1.3333, -4.0, -0.6667, -3.6667, -0.3333, -3.0, 0.3333, -2.0, -0.3333, -1.6667, 0.0, -1.0, -0.3333, -1.0, -0.3333, -1.0, 0.0, -1.6667, 0.0, -1.6667, -0.3333, -1.0, -0.3333, -1.6667, -0.3333, -2.0, -0.3333, -2.0, -0.6667, -2.3333, -0.6667, -2.3333, -0.6667, -2.3333, -1.3333, -2.6667, -1.6667, -2.6667, -1.0, -0.6667, 0.0, 0.0, 0.0, 0.0, 0.0, 0.0, 0.0, 0.0, 0.0, 0.0, 0.0, 0.0, 0.0, 0.0, 0.0, 0.0, 0.0, 0.0, -0.6667, -1.3333, -1.3333, -4.0, -2.3333, -5.0, -3.3333, -6.0, -4.3333, -7.0, -5.3333, -8.0, -6.3333, -9.0, -7.3333, -10.0, -8.3333, -10.3333, -9.0, -10.6667, -9.3333, -11.0, -10.3333, -11.3333, -10.3333, -11.3333, -10.3333, -11.3333, -10.3333, -11.3333, -10.3333, -11.0, -10.3333, -11.0, -9.6667, -11.0, -8.6667, -10.6667, -8.6667, -10.3333, -7.6667, -10.0, -7.0, -10.0, -6.6667, -9.0, -6.6667, -9.0, -6.6667, -9.0, -6.0, -9.0, -5.6667, -8.6667, -5.3333, -7.3333, -15.6667, -21.3333, -15.6667, -21.3333, -14.6667, -20.6667, -14.0, -19.6667, -12.6667, -17.6667, -11.0, -16.6667, -10.0, -15.3333, -9.0, -14.3333, -7.0, -12.3333, -5.3333, -11.3333, -4.3333, -10.0, -3.3333, -8.3333, -2.6667, -8.0, -2.6667, -7.3333, -2.6667, -7.3333, -2.6667, -7.3333, -2.6667, -7.3333, -2.6667, -7.3333, -3.3333, -7.3333, -3.6667, -7.6667, -4.3333, -8.6667, -4.3333, -8.6667, -4.6667, -9.0, -5.3333, -8.3333, -5.3333, -8.3333, -6.0, -9.3333, -11.0, -14.3333, -11.6667, -15.3333, -2.3333, -3.0, -1.0, -1.6667, 0.0, 0.0, 0.0, 0.0, 0.0, 0.0, -1.0, -1.0, -1.0, -1.6667, -3.0, -9.3333, -5.6667, -11.6667, -6.6667, -11.6667, -9.3333, -14.6667, -11.6667, -17.6667, -14.3333, -20.0, -16.6667, -21.6667, -18.6667, -23.6667, -20.3333, -26.0, -22.3333, -27.6667, -23.3333, -28.3333, -24.3333, -29.3333, -24.6667, -29.6667, -25.3333, -29.6667, -25.3333, -30.3333, -25.6667, -30.6667, -25.6667, -30.3333, -25.6667, -29.6667, -24.0, -29.3333, -23.0, -27.3333, -22.0, -27.0, -20.6667, -25.6667, -19.3333, -24.6667, -18.3333, -23.6667, -17.3333, -23.0, -17.0, -22.0, -16.3333, -22.0, -15.6667, -21.6667]",13.696371,13.506482,91.760558
65,65,5c:01:3b:6b:b0:95,-43,256,"[86.0, -32.0, 4.0, 0.0, -11.6667, -6.0, -11.3333, -5.3333, -10.6667, -5.0, -9.6667, -4.0, -9.3333, -3.0, -8.6667, -2.3333, -7.6667, -2.0, -7.0, -1.3333, -7.0, -1.0, -6.3333, 0.0, -6.6667, 0.6667, -6.6667, 1.0, -6.6667, 1.0, -6.6667, 1.0, -6.6667, 0.6667, -6.6667, 0.6667, -6.3333, 1.0, -6.0, 0.6667, -5.6667, 0.0, -5.6667, 0.0, -5.3333, -0.6667, -5.3333, -0.6667, -5.0, -0.6667, -5.3333, -1.3333, -5.0, -1.3333, -2.0, -0.3333, 0.0, 0.0, 0.0, 0.0, 0.0, 0.0, 0.0, 0.0, 0.0, 0.0, 0.0, 0.0, 0.0, 0.0, 0.0, 0.0, 0.0, 0.0, -2.6667, -0.6667, -8.6667, -2.0, -9.3333, -3.0, -10.3333, -4.0, -11.3333, -5.0, -12.0, -6.0, -12.6667, -7.0, -13.3333, -8.0, -14.0, -8.6667, -14.6667, -9.3333, -15.0, -10.0, -15.6667, -10.6667, -15.3333, -10.6667, -15.3333, -10.6667, -15.0, -10.6667, -15.0, -10.0, -15.0, -10.0, -14.3333, -10.0, -13.6667, -9.3333, -13.6667, -8.6667, -13.0, -8.0, -12.6667, -8.0, -12.6667, -7.0, -12.6667, -7.0, -13.0, -7.0, -12.3333, -7.0, -12.6667, -6.3333, -8.3333, -6.6667, -25.3333, -18.6667, -25.3333, -18.6667, -24.3333, -18.3333, -23.0, -17.3333, -22.0, -15.3333, -20.3333, -14.3333, -19.3333, -12.6667, -18.6667, -11.6667, -17.0, -9.6667, -15.6667, -8.6667, -15.0, -7.0, -14.3333, -5.6667, -13.6667, -5.0, -13.3333, -4.6667, -13.0, -4.6667, -13.0, -4.6667, -12.6667, -4.6667, -12.3333, -4.6667, -12.6667, -4.6667, -12.3333, -5.3333, -12.6667, -6.3333, -12.0, -6.3333, -11.6667, -7.0, -12.0, -6.6667, -11.6667, -6.6667, -11.6667, -7.6667, -14.3333, -12.6667, -14.3333, -14.0, -2.6667, -3.0, -1.3333, -1.3333, 0.0, 0.0, 0.3333, -0.3333, 0.0, 0.0, -1.6667, -0.6667, -3.3333, -1.0, -15.0, -6.3333, -17.0, -9.0, -18.6667, -9.3333, -20.6667, -12.3333, -22.3333, -15.3333, -24.6667, -18.0, -26.0, -19.3333, -27.3333, -21.3333, -28.6667, -24.0, -30.0, -25.3333, -30.6667, -26.6667, -31.0, -27.6667, -31.3333, -28.3333, -31.6667, -28.3333, -31.6667, -28.6667, -31.3333, -29.3333, -31.3333, -28.6667, -31.3333, -28.3333, -30.0, -27.6667, -29.3333, -25.6667, -28.6667, -25.0, -28.3333, -23.3333, -27.0, -22.3333, -26.6667, -21.3333, -26.0, -21.0, -26.3333, -20.0, -26.0, -20.0, -25.6667, -19.3333]",17.215061,13.886295,91.760558
66,66,5c:01:3b:6b:b0:95,-41,256,"[86.0, -32.0, 4.0, 0.0, -18.3333, -4.0, -17.6667, -3.0, -17.3333, -3.0, -16.3333, -2.0, -15.6667, -1.0, -15.3333, 0.0, -14.3333, 0.0, -14.0, 1.0, -14.0, 1.0, -13.6667, 2.0, -13.3333, 3.0, -13.3333, 3.0, -13.3333, 3.0, -13.3333, 3.0, -13.3333, 3.0, -13.3333, 3.0, -12.6667, 3.0, -12.0, 3.0, -11.3333, 2.0, -11.3333, 2.0, -10.6667, 1.0, -10.6667, 1.0, -10.0, 1.0, -9.6667, 0.0, -9.0, 0.0, -3.0, 0.0, 0.0, 0.0, 0.0, 0.0, 0.0, 0.0, 0.0, 0.0, 0.0, 0.0, 0.0, 0.0, 0.0, 0.0, 0.0, 0.0, 0.0, 0.0, -4.3333, 0.0, -15.3333, 0.0, -15.6667, -1.0, -16.6667, -2.0, -17.6667, -3.0, -18.0, -4.0, -18.3333, -5.0, -18.6667, -6.0, -19.0, -7.0, -19.3333, -8.0, -20.0, -9.0, -20.3333, -10.0, -19.6667, -10.0, -19.6667, -10.0, -19.0, -10.0, -19.0, -9.0, -19.0, -9.0, -18.6667, -9.0, -18.3333, -8.0, -18.3333, -7.0, -18.0, -6.0, -18.3333, -6.0, -18.3333, -5.0, -18.3333, -5.0, -19.0, -5.0, -18.6667, -5.0, -19.3333, -4.0, -11.6667, -6.0, -35.6667, -16.0, -35.6667, -16.0, -34.6667, -16.0, -33.0, -15.0, -32.0, -13.0, -30.6667, -12.0, -29.6667, -10.0, -29.3333, -9.0, -28.0, -7.0, -27.3333, -6.0, -27.0, -4.0, -26.6667, -3.0, -26.3333, -2.0, -25.6667, -2.0, -25.0, -2.0, -25.0, -2.0, -24.3333, -2.0, -23.6667, -2.0, -23.3333, -2.0, -22.6667, -3.0, -22.3333, -4.0, -21.0, -4.0, -20.3333, -5.0, -20.0, -5.0, -19.3333, -5.0, -18.3333, -6.0, -18.6667, -11.0, -17.6667, -12.6667, -3.3333, -3.0, -1.6667, -1.0, 0.0, 0.0, 0.6667, -0.6667, 0.0, 0.0, -2.3333, -0.3333, -5.6667, -0.3333, -28.0, -3.3333, -29.0, -6.3333, -30.3333, -7.0, -31.3333, -10.0, -32.6667, -13.0, -34.3333, -16.0, -35.0, -17.0, -35.6667, -19.0, -36.3333, -22.0, -37.0, -23.0, -37.3333, -25.0, -37.0, -26.0, -37.6667, -27.0, -37.3333, -27.0, -37.3333, -27.0, -36.6667, -28.0, -36.6667, -27.0, -36.6667, -27.0, -36.0, -26.0, -35.6667, -24.0, -35.3333, -23.0, -35.6667, -21.0, -35.0, -20.0, -35.3333, -19.0, -35.0, -19.0, -35.6667, -18.0, -36.0, -18.0, -36.3333, -17.0]",22.479951,14.615675,91.760558
67,67,5c:01:3b:6b:b0:95,-43,256,"[86.0, -32.0, 4.0, 0.0, -24.6667, 0.3333, -24.0, 1.0, -23.3333, 1.0, -22.6667, 2.0, -21.6667, 2.6667, -21.3333, 3.3333, -20.3333, 3.3333, -20.0, 4.0, -19.6667, 4.3333, -19.6667, 5.0, -19.0, 6.0, -18.6667, 6.0, -18.6667, 6.0, -18.3333, 6.0, -18.3333, 6.0, -18.3333, 6.0, -17.6667, 5.6667, -17.0, 5.6667, -16.0, 4.6667, -16.0, 4.3333, -15.3333, 3.3333, -15.0, 3.3333, -14.3333, 3.3333, -13.6667, 2.3333, -12.6667, 2.0, -3.6667, 0.3333, 0.0, 0.0, 0.0, 0.0, 0.0, 0.0, 0.0, 0.0, 0.0, 0.0, 0.0, 0.0, 0.0, 0.0, 0.0, 0.0, 0.0, 0.0, -5.6667, 0.6667, -21.0, 3.6667, -21.3333, 2.6667, -22.3333, 2.0, -23.6667, 1.0, -23.6667, 0.0, -24.0, -1.0, -24.0, -1.6667, -24.0, -2.6667, -24.0, -3.6667, -25.0, -4.3333, -25.0, -5.3333, -24.0, -5.3333, -24.0, -5.3333, -23.0, -5.3333, -23.0, -4.6667, -23.0, -4.6667, -23.0, -4.6667, -23.0, -3.6667, -23.0, -2.6667, -23.0, -2.0, -24.0, -1.6667, -24.0, -1.0, -24.0, -0.6667, -25.0, -0.3333, -25.0, -0.3333, -26.0, 0.3333, -15.0, -3.3333, -46.0, -7.0, -46.0, -7.0, -45.0, -7.0, -43.0, -6.3333, -42.0, -5.0, -41.0, -4.0, -40.0, -2.6667, -39.3333, -1.6667, -38.3333, 0.3333, -38.0, 1.3333, -37.6667, 3.3333, -37.3333, 4.0, -37.3333, 5.0, -36.3333, 5.0, -35.6667, 5.0, -35.3333, 5.0, -34.3333, 4.6667, -33.6667, 4.3333, -32.6667, 4.0, -31.6667, 3.0, -31.0, 1.6667, -29.0, 1.3333, -28.3333, 0.3333, -27.3333, 0.3333, -26.3333, 0.0, -24.6667, -1.0, -23.3333, -5.3333, -21.3333, -7.0, -4.0, -2.0, -2.0, -0.6667, 0.0, -0.3333, 0.6667, -1.0, 0.0, -0.3333, -2.6667, 0.3333, -7.6667, 1.0, -39.6667, 4.3333, -40.0, 1.6667, -41.0, 0.6667, -41.6667, -2.3333, -43.0, -5.0, -44.0, -7.6667, -44.0, -9.0, -44.0, -10.6667, -44.0, -13.3333, -44.0, -14.3333, -44.0, -16.0, -43.0, -17.0, -44.0, -17.6667, -43.0, -17.6667, -43.0, -18.0, -42.0, -18.6667, -42.0, -18.0, -42.0, -18.0, -42.0, -17.0, -42.0, -15.3333, -42.0, -14.3333, -43.0, -12.6667, -43.0, -11.6667, -44.0, -10.3333, -44.0, -10.0, -45.0, -8.6667, -46.0, -8.3333, -47.0, -7.6667]",27.239046,15.554161,91.760558
68,68,5c:01:3b:6b:b0:95,-43,256,"[86.0, -32.0, 4.0, 0.0, -20.3333, 4.6667, -19.6667, 5.0, -18.6667, 5.0, -18.0, 6.0, -17.3333, 6.3333, -16.6667, 6.6667, -15.6667, 6.6667, -15.0, 7.0, -14.3333, 7.6667, -14.3333, 8.0, -14.0, 9.0, -13.3333, 9.0, -13.3333, 9.0, -12.6667, 9.0, -12.6667, 9.0, -12.6667, 9.0, -12.3333, 8.3333, -12.0, 8.3333, -11.6667, 7.3333, -11.6667, 6.6667, -11.3333, 5.6667, -11.3333, 5.6667, -11.0, 5.6667, -10.6667, 4.6667, -10.0, 4.0, -3.0, 0.6667, 0.0, 0.0, 0.0, 0.0, 0.0, 0.0, 0.0, 0.0, 0.0, 0.0, 0.0, 0.0, 0.0, 0.0, 0.0, 0.0, 0.0, 0.0, -4.3333, 1.3333, -15.6667, 7.3333, -16.3333, 6.3333, -17.3333, 6.0, -19.0, 5.0, -19.3333, 4.0, -20.0, 3.0, -20.3333, 2.6667, -20.6667, 1.6667, -21.0, 0.6667, -22.0, 0.3333, -22.3333, -0.6667, -21.6667, -0.6667, -21.6667, -0.6667, -21.0, -0.6667, -20.6667, -0.3333, -20.6667, -0.3333, -20.3333, -0.3333, -20.3333, 0.6667, -20.0, 1.6667, -20.0, 2.0, -20.3333, 2.6667, -20.3333, 3.0, -20.3333, 3.6667, -21.0, 4.3333, -21.0, 4.3333, -21.6667, 4.6667, -13.0, -0.6667, -40.0, 2.0, -40.0, 2.0, -39.0, 2.0, -37.3333, 2.3333, -36.0, 3.0, -35.0, 4.0, -33.6667, 4.6667, -32.3333, 5.6667, -31.0, 7.6667, -30.3333, 8.6667, -29.3333, 10.6667, -28.6667, 11.0, -28.6667, 12.0, -27.6667, 12.0, -27.3333, 12.0, -27.0, 12.0, -26.3333, 11.3333, -26.0, 10.6667, -25.6667, 10.0, -25.0, 9.0, -24.6667, 7.3333, -23.0, 6.6667, -22.6667, 5.6667, -22.0, 5.6667, -21.6667, 5.0, -20.6667, 4.0, -21.6667, -0.6667, -20.3333, -2.0, -4.0, -1.0, -2.0, -0.3333, 0.0, -0.6667, 0.3333, -1.0, 0.0, -0.6667, -2.0, 0.6667, -6.0, 2.0, -30.6667, 10.6667, -32.0, 8.3333, -32.6667, 8.3333, -34.3333, 5.3333, -36.3333, 3.0, -37.6667, 0.6667, -38.6667, -1.0, -39.3333, -2.3333, -40.0, -4.6667, -40.6667, -5.6667, -41.0, -7.0, -40.6667, -8.0, -41.6667, -8.3333, -41.0, -8.3333, -41.0, -9.0, -40.3333, -9.3333, -40.3333, -9.0, -40.3333, -9.0, -40.0, -8.0, -39.3333, -6.6667, -39.3333, -5.6667, -39.6667, -4.3333, -39.0, -3.3333, -39.3333, -1.6667, -39.0, -1.0, -39.6667, 0.6667, -40.3333, 1.3333, -41.0, 1.6667]",23.383384,14.016929,91.760558
69,69,5c:01:3b:6b:b0:95,-42,256,"[86.0, -32.0, 4.0, 0.0, -10.3333, 9.0, -10.0, 9.0, -9.0, 9.0, -8.6667, 10.0, -8.0, 10.0, -7.3333, 10.0, -6.3333, 10.0, -5.6667, 10.0, -4.6667, 11.0, -4.3333, 11.0, -4.6667, 12.0, -4.0, 12.0, -4.3333, 12.0, -3.6667, 12.0, -3.6667, 12.0, -3.6667, 12.0, -3.6667, 11.0, -3.6667, 11.0, -3.6667, 10.0, -3.6667, 9.0, -4.0, 8.0, -4.0, 8.0, -4.3333, 8.0, -4.6667, 7.0, -4.3333, 6.0, -1.3333, 1.0, 0.0, 0.0, 0.0, 0.0, 0.0, 0.0, 0.0, 0.0, 0.0, 0.0, 0.0, 0.0, 0.0, 0.0, 0.0, 0.0, 0.0, 0.0, -2.0, 2.0, -6.0, 11.0, -6.6667, 10.0, -7.6667, 10.0, -9.3333, 9.0, -10.0, 8.0, -11.0, 7.0, -11.6667, 7.0, -12.3333, 6.0, -13.0, 5.0, -13.6667, 5.0, -14.3333, 4.0, -14.3333, 4.0, -14.3333, 4.0, -14.0, 4.0, -13.3333, 4.0, -13.3333, 4.0, -12.6667, 4.0, -12.6667, 5.0, -12.0, 6.0, -12.0, 6.0, -11.6667, 7.0, -11.3333, 7.0, -11.3333, 8.0, -11.6667, 9.0, -11.3333, 9.0, -11.6667, 9.0, -7.6667, 2.0, -23.0, 11.0, -23.0, 11.0, -22.3333, 11.0, -21.3333, 11.0, -20.0, 11.0, -19.0, 12.0, -17.6667, 12.0, -16.0, 13.0, -14.6667, 15.0, -13.3333, 16.0, -11.6667, 18.0, -10.6667, 18.0, -10.6667, 19.0, -9.6667, 19.0, -9.6667, 19.0, -9.6667, 19.0, -9.6667, 18.0, -10.0, 17.0, -10.3333, 16.0, -10.3333, 15.0, -10.6667, 13.0, -10.0, 12.0, -10.0, 11.0, -10.0, 11.0, -10.3333, 10.0, -10.3333, 9.0, -13.3333, 4.0, -13.0, 3.0, -2.6667, 0.0, -1.6667, 0.0, -0.3333, -1.0, -0.3333, -1.0, -0.3333, -1.0, -0.6667, 1.0, -2.3333, 3.0, -12.0, 17.0, -14.0, 15.0, -15.0, 16.0, -17.6667, 13.0, -20.0, 11.0, -21.6667, 9.0, -23.3333, 7.0, -24.6667, 6.0, -26.0, 4.0, -27.3333, 3.0, -28.3333, 2.0, -28.3333, 1.0, -29.0, 1.0, -29.0, 1.0, -29.0, 0.0, -28.6667, 0.0, -28.6667, 0.0, -28.6667, 0.0, -28.3333, 1.0, -27.0, 2.0, -26.6667, 3.0, -26.0, 4.0, -25.0, 5.0, -24.3333, 7.0, -23.6667, 8.0, -23.6667, 10.0, -23.6667, 11.0, -23.6667, 11.0]",15.974617,10.641408,91.760558
70,70,5c:01:3b:6b:b0:95,-38,256,"[86.0, -32.0, 4.0, 0.0, -0.6667, 13.6667, -0.3333, 13.3333, 0.0, 13.0, 0.3333, 13.3333, 1.0, 13.3333, 1.3333, 13.0, 2.3333, 12.6667, 2.6667, 12.6667, 3.6667, 13.0, 4.3333, 13.0, 3.6667, 13.3333, 4.0, 13.3333, 3.3333, 13.3333, 3.6667, 13.3333, 3.6667, 13.3333, 3.6667, 13.3333, 3.6667, 12.6667, 3.6667, 12.3333, 3.3333, 11.6667, 3.3333, 10.6667, 2.6667, 9.6667, 2.3333, 9.6667, 1.6667, 9.3333, 1.0, 8.6667, 1.0, 8.0, 0.0, 1.6667, 0.0, 0.0, 0.0, 0.0, 0.0, 0.0, 0.0, 0.0, 0.0, 0.0, 0.0, 0.0, 0.0, 0.0, 0.0, 0.0, 0.0, 0.0, 0.0, 2.6667, 2.6667, 13.6667, 2.3333, 13.0, 1.3333, 13.3333, 0.0, 13.0, -1.0, 12.6667, -2.0, 12.0, -3.0, 12.3333, -4.0, 11.6667, -5.0, 11.0, -5.3333, 11.0, -6.3333, 10.6667, -7.0, 10.6667, -7.0, 10.6667, -7.0, 10.3333, -6.0, 10.3333, -6.0, 10.3333, -5.0, 10.0, -5.0, 10.6667, -4.0, 11.6667, -4.0, 11.6667, -3.0, 12.3333, -2.3333, 12.3333, -2.3333, 12.6667, -2.3333, 13.6667, -1.6667, 13.6667, -1.6667, 14.0, -2.3333, 5.6667, -6.0, 22.0, -6.0, 21.6667, -5.6667, 21.0, -5.3333, 20.6667, -4.0, 20.0, -3.0, 20.3333, -1.6667, 20.0, -0.3333, 20.3333, 1.0, 21.3333, 2.6667, 22.0, 4.6667, 23.3333, 5.6667, 23.0, 5.6667, 23.6667, 6.6667, 23.6667, 6.6667, 23.3333, 6.0, 23.3333, 5.3333, 22.3333, 4.6667, 21.3333, 3.6667, 20.6667, 3.0, 19.6667, 2.3333, 18.0, 2.0, 17.0, 2.0, 15.6667, 1.3333, 15.6667, 0.3333, 14.6667, -0.3333, 13.6667, -4.6667, 10.0, -5.3333, 9.0, -1.3333, 1.0, -1.3333, 0.3333, -0.6667, -1.0, -0.6667, -1.3333, -0.6667, -1.0, 0.3333, 1.0, 1.0, 4.0, 5.3333, 23.3333, 3.0, 22.0, 1.6667, 23.0, -1.3333, 21.0, -3.6667, 20.0, -5.6667, 19.3333, -8.0, 18.3333, -10.0, 18.0, -12.0, 16.6667, -14.0, 16.0, -15.6667, 15.3333, -16.0, 14.6667, -16.3333, 14.6667, -17.0, 15.0, -17.0, 14.3333, -17.0, 14.3333, -17.0, 14.0, -17.0, 14.0, -16.6667, 14.3333, -14.6667, 15.0, -14.0, 15.6667, -12.3333, 16.3333, -11.0, 17.0, -9.3333, 18.6667, -8.3333, 19.3333, -7.6667, 20.6667, -7.0, 21.6667, -6.3333, 22.0]",15.029599,9.861807,91.760558
71,71,5c:01:3b:6b:b0:95,-41,256,"[86.0, -32.0, 4.0, 0.0, 5.0, 18.3333, 5.0, 17.6667, 5.0, 17.0, 5.0, 16.6667, 6.0, 16.6667, 6.0, 16.0, 7.0, 15.3333, 7.0, 15.3333, 8.0, 15.0, 9.0, 15.0, 8.3333, 14.6667, 8.3333, 14.6667, 7.6667, 14.6667, 8.0, 14.6667, 8.0, 14.6667, 7.6667, 14.6667, 7.6667, 14.3333, 7.3333, 13.6667, 7.3333, 13.3333, 7.0, 12.3333, 6.0, 11.3333, 6.0, 11.3333, 5.0, 10.6667, 4.0, 10.3333, 4.0, 10.0, 1.0, 2.3333, 0.0, 0.0, 0.0, 0.0, 0.0, 0.0, 0.0, 0.0, 0.0, 0.0, 0.0, 0.0, 0.0, 0.0, 0.0, 0.0, 0.0, 0.0, 1.0, 3.3333, 7.0, 16.3333, 7.0, 16.0, 6.0, 16.6667, 5.0, 17.0, 4.0, 17.3333, 3.0, 17.0, 2.0, 17.6667, 1.0, 17.3333, 0.0, 17.0, 0.0, 17.0, -1.0, 17.3333, -2.0, 17.3333, -2.0, 17.3333, -2.0, 16.6667, -1.0, 16.6667, -1.0, 16.6667, 0.0, 16.0, 0.0, 16.3333, 1.0, 17.3333, 1.0, 17.3333, 2.0, 17.6667, 3.0, 17.6667, 3.0, 17.3333, 3.0, 18.3333, 4.0, 18.3333, 4.0, 19.0, 1.0, 9.3333, 5.0, 33.0, 5.0, 32.3333, 5.0, 31.0, 5.0, 30.3333, 6.0, 29.0, 7.0, 28.6667, 8.0, 28.0, 9.0, 27.6667, 10.0, 27.6667, 12.0, 28.0, 14.0, 28.6667, 15.0, 28.0, 15.0, 28.3333, 16.0, 28.3333, 16.0, 27.6667, 15.0, 27.6667, 14.0, 26.6667, 13.0, 25.6667, 12.0, 25.3333, 11.0, 24.3333, 10.0, 23.0, 9.0, 22.0, 9.0, 20.3333, 8.0, 20.3333, 7.0, 19.3333, 6.0, 18.3333, 2.0, 16.0, 1.0, 15.0, 0.0, 2.0, -1.0, 0.6667, -1.0, -1.0, -1.0, -1.6667, -1.0, -1.0, 1.0, 1.0, 3.0, 5.0, 15.0, 29.6667, 13.0, 29.0, 11.0, 30.0, 8.0, 29.0, 6.0, 29.0, 4.0, 29.6667, 2.0, 29.6667, 0.0, 30.0, -2.0, 29.3333, -4.0, 29.0, -6.0, 28.6667, -6.0, 28.3333, -6.0, 28.3333, -7.0, 29.0, -7.0, 28.6667, -7.0, 28.6667, -7.0, 28.0, -7.0, 28.0, -7.0, 27.6667, -5.0, 28.0, -4.0, 28.3333, -2.0, 28.6667, -1.0, 29.0, 1.0, 30.3333, 2.0, 30.6667, 3.0, 31.3333, 4.0, 32.3333, 5.0, 33.0]",20.252852,11.825002,91.760558
72,72,5c:01:3b:6b:b0:95,-38,256,"[86.0, -32.0, 4.0, 0.0, 4.0, 19.6667, 4.0, 18.6667, 4.3333, 18.0, 4.3333, 17.3333, 5.0, 17.3333, 5.3333, 16.3333, 6.0, 15.6667, 6.3333, 15.3333, 7.0, 14.6667, 8.0, 14.6667, 7.6667, 14.0, 7.6667, 14.0, 7.3333, 14.0, 8.0, 14.0, 8.0, 14.0, 7.6667, 14.0, 7.6667, 14.0, 7.0, 13.0, 6.6667, 13.0, 6.3333, 12.3333, 5.3333, 11.3333, 5.0, 11.3333, 4.3333, 10.6667, 3.6667, 10.3333, 3.3333, 10.3333, 0.6667, 2.3333, 0.0, 0.0, 0.0, 0.0, 0.0, 0.0, 0.0, 0.0, 0.0, 0.0, 0.0, 0.0, 0.0, 0.0, 0.0, 0.0, 0.0, 0.0, 1.0, 3.3333, 6.0, 16.3333, 5.6667, 16.3333, 4.6667, 17.3333, 4.0, 18.0, 3.0, 18.6667, 2.0, 18.6667, 1.0, 19.3333, 0.0, 19.3333, -1.0, 19.3333, -1.0, 19.3333, -1.6667, 20.3333, -2.6667, 20.3333, -2.6667, 20.3333, -2.6667, 19.3333, -2.0, 19.3333, -1.6667, 19.3333, -1.0, 18.6667, -0.6667, 18.6667, 0.0, 19.3333, 0.3333, 19.3333, 1.3333, 19.3333, 2.0, 19.3333, 2.3333, 18.6667, 2.3333, 19.6667, 3.0, 19.6667, 3.3333, 20.3333, 0.0, 13.0, 2.0, 44.0, 2.0, 43.0, 2.0, 41.0, 2.3333, 40.0, 3.3333, 38.0, 4.3333, 37.0, 5.3333, 36.0, 6.3333, 35.0, 7.6667, 34.0, 9.3333, 34.0, 11.0, 34.0, 12.0, 33.0, 12.3333, 33.0, 13.0, 33.0, 13.0, 32.0, 12.3333, 32.0, 11.3333, 31.0, 10.6667, 30.0, 10.0, 30.0, 9.0, 29.0, 7.6667, 28.0, 7.0, 27.0, 6.6667, 25.0, 6.0, 25.0, 5.0, 24.0, 4.0, 23.0, -1.0, 22.0, -2.0, 21.0, -0.6667, 3.0, -1.0, 1.0, -1.0, -1.0, -1.0, -2.0, -0.6667, -1.0, 0.6667, 1.0, 2.0, 6.0, 11.3333, 36.0, 9.0, 36.0, 8.3333, 37.0, 5.3333, 37.0, 3.3333, 38.0, 1.3333, 40.0, -0.6667, 41.0, -2.6667, 42.0, -4.6667, 42.0, -6.3333, 42.0, -8.3333, 42.0, -8.3333, 42.0, -8.3333, 42.0, -9.3333, 43.0, -9.3333, 43.0, -9.6667, 43.0, -9.3333, 42.0, -9.3333, 41.6667, -9.0, 41.0, -7.3333, 40.6667, -6.3333, 41.0, -4.6667, 41.0, -3.3333, 41.0, -1.6667, 42.0, -0.6667, 42.0, 0.3333, 42.0, 1.3333, 43.0, 2.0, 44.0]",24.273451,15.037023,91.760558
73,73,5c:01:3b:6b:b0:95,-42,256,"[86.0, -32.0, 4.0, 0.0, 9.3333, 12.6667, 9.0, 12.0, 9.0, 11.3333, 8.6667, 11.0, 9.0, 10.6667, 9.0, 10.0, 8.6667, 9.3333, 8.6667, 9.0, 9.0, 8.3333, 9.3333, 8.0, 9.0, 7.3333, 9.0, 7.3333, 9.0, 7.3333, 9.3333, 7.3333, 9.6667, 7.3333, 9.3333, 7.3333, 9.0, 7.6667, 8.3333, 7.3333, 8.0, 7.3333, 7.6667, 7.0, 7.0, 6.3333, 6.6667, 6.6667, 6.0, 6.3333, 5.6667, 6.0, 5.3333, 6.3333, 1.0, 1.3333, 0.0, 0.0, 0.0, 0.0, 0.0, 0.0, 0.0, 0.0, 0.0, 0.0, 0.0, 0.0, 0.0, 0.0, 0.0, 0.0, 0.0, 0.0, 1.6667, 1.6667, 8.6667, 9.3333, 8.6667, 9.6667, 8.3333, 10.6667, 8.6667, 11.3333, 8.3333, 12.0, 8.0, 12.3333, 7.6667, 13.0, 7.3333, 13.3333, 6.6667, 13.6667, 6.6667, 14.0, 6.6667, 14.6667, 6.0, 14.6667, 5.6667, 14.6667, 5.6667, 14.0, 5.6667, 14.0, 6.0, 14.0, 6.3333, 13.3333, 6.6667, 13.3333, 7.0, 13.3333, 7.3333, 13.0, 8.0, 13.0, 8.3333, 13.0, 8.3333, 12.3333, 8.3333, 13.0, 9.0, 13.0, 9.3333, 13.3333, 3.6667, 10.0, 14.0, 33.6667, 13.6667, 33.0, 13.3333, 31.6667, 13.3333, 30.6667, 13.6667, 28.6667, 14.0, 27.6667, 14.0, 26.3333, 14.0, 25.3333, 14.3333, 24.3333, 15.0, 24.0, 15.3333, 23.3333, 15.6667, 22.3333, 15.6667, 22.0, 16.0, 22.0, 16.0, 21.3333, 15.6667, 21.3333, 15.0, 20.6667, 14.3333, 20.0, 14.0, 20.3333, 13.3333, 20.0, 12.0, 19.3333, 11.3333, 19.0, 11.0, 17.6667, 10.3333, 17.6667, 9.3333, 17.3333, 8.6667, 17.0, 5.0, 18.0, 4.0, 17.6667, 0.3333, 2.6667, -0.6667, 0.6667, -1.0, -1.0, -1.0, -1.6667, -0.6667, -1.0, 0.6667, 0.3333, 2.3333, 4.0, 15.6667, 25.0, 14.6667, 26.0, 15.0, 26.0, 14.0, 27.0, 13.3333, 28.3333, 13.0, 30.3333, 12.0, 31.6667, 10.3333, 33.0, 9.3333, 33.6667, 8.3333, 34.3333, 7.0, 35.0, 6.6667, 35.0, 7.0, 35.3333, 6.3333, 36.0, 6.0, 36.0, 5.6667, 36.3333, 5.6667, 35.3333, 5.6667, 35.0, 6.0, 34.3333, 7.0, 33.6667, 7.6667, 33.6667, 9.0, 33.3333, 10.0, 32.6667, 11.3333, 33.3333, 12.0, 33.0, 13.0, 32.6667, 14.0, 33.3333, 14.6667, 34.0]",19.630194,13.186796,91.760558
74,74,5c:01:3b:6b:b0:95,-37,256,"[86.0, -32.0, 4.0, 0.0, 14.0, 5.6667, 13.6667, 5.3333, 13.3333, 4.6667, 12.6667, 4.6667, 12.6667, 4.0, 12.3333, 3.6667, 11.3333, 3.0, 11.0, 2.6667, 10.6667, 2.0, 10.6667, 1.3333, 10.0, 0.6667, 10.0, 0.6667, 10.0, 0.6667, 10.0, 0.6667, 10.3333, 0.6667, 10.3333, 0.6667, 10.0, 1.3333, 9.3333, 1.6667, 9.0, 1.6667, 9.0, 1.6667, 8.6667, 1.3333, 8.0, 2.0, 7.6667, 2.0, 7.6667, 1.6667, 7.3333, 2.3333, 1.3333, 0.3333, 0.0, 0.0, 0.0, 0.0, 0.0, 0.0, 0.0, 0.0, 0.0, 0.0, 0.0, 0.0, 0.0, 0.0, 0.0, 0.0, 0.0, 0.0, 2.3333, 0.0, 11.3333, 2.3333, 11.6667, 3.0, 12.0, 4.0, 12.6667, 4.6667, 13.0, 5.3333, 13.6667, 6.0, 13.6667, 6.6667, 14.0, 7.3333, 13.6667, 8.0, 14.0, 8.6667, 14.6667, 9.0, 14.3333, 9.0, 14.0, 9.0, 13.6667, 8.6667, 13.0, 8.6667, 13.3333, 8.6667, 13.3333, 8.0, 13.3333, 8.0, 13.3333, 7.3333, 13.6667, 6.6667, 14.0, 6.6667, 14.0, 6.6667, 14.0, 6.0, 14.0, 6.3333, 14.6667, 6.3333, 15.0, 6.3333, 7.3333, 7.0, 25.6667, 23.3333, 25.0, 23.0, 24.3333, 22.3333, 24.0, 21.3333, 23.6667, 19.3333, 23.0, 18.3333, 22.3333, 16.6667, 21.6667, 15.6667, 21.3333, 14.6667, 20.6667, 14.0, 20.0, 12.6667, 19.6667, 11.6667, 19.6667, 11.0, 19.6667, 11.0, 19.3333, 10.6667, 19.3333, 10.6667, 18.6667, 10.3333, 18.3333, 10.0, 18.3333, 10.6667, 17.6667, 11.0, 16.6667, 10.6667, 16.0, 11.0, 15.3333, 10.3333, 14.6667, 10.3333, 13.6667, 10.6667, 13.3333, 11.0, 11.0, 14.0, 10.0, 14.3333, 1.3333, 2.3333, -0.3333, 0.3333, -1.0, -1.0, -1.0, -1.3333, -0.6667, -1.0, 0.6667, -0.3333, 3.0, 2.0, 20.6667, 14.0, 20.6667, 16.0, 21.6667, 15.0, 22.3333, 17.0, 23.0, 18.6667, 24.0, 20.6667, 24.0, 22.3333, 23.3333, 24.0, 23.3333, 25.3333, 23.0, 26.6667, 22.3333, 28.0, 21.6667, 28.0, 22.3333, 28.6667, 22.0, 29.0, 21.3333, 29.0, 21.0, 29.6667, 20.6667, 28.6667, 20.6667, 28.3333, 21.0, 27.6667, 21.3333, 26.6667, 21.6667, 26.3333, 22.6667, 25.6667, 23.3333, 24.3333, 24.3333, 24.6667, 24.6667, 24.0, 25.3333, 23.3333, 26.3333, 23.6667, 26.6667, 24.0]",18.629857,12.895869,91.760558
75,75,5c:01:3b:6b:b0:95,-37,256,"[86.0, -32.0, 4.0, 0.0, 19.6667, 2.0, 19.3333, 2.0, 18.3333, 1.0, 17.3333, 1.0, 17.3333, 0.0, 16.3333, 0.0, 15.0, -1.0, 14.0, -1.0, 13.3333, -2.0, 13.0, -3.0, 12.0, -4.0, 12.0, -4.0, 12.0, -4.0, 11.6667, -4.0, 12.0, -4.0, 12.0, -4.0, 11.6667, -3.0, 11.0, -2.0, 11.0, -2.0, 11.0, -2.0, 11.0, -2.0, 10.3333, -1.0, 10.0, -1.0, 10.0, -1.0, 10.0, 0.0, 2.0, 0.0, 0.0, 0.0, 0.0, 0.0, 0.0, 0.0, 0.0, 0.0, 0.0, 0.0, 0.0, 0.0, 0.0, 0.0, 0.0, 0.0, 0.0, 0.0, 3.0, -1.0, 15.0, -2.0, 16.0, -1.0, 17.0, 0.0, 17.6667, 1.0, 18.6667, 2.0, 20.3333, 3.0, 20.6667, 4.0, 21.6667, 5.0, 21.6667, 6.0, 22.3333, 7.0, 23.3333, 7.0, 23.3333, 7.0, 23.0, 7.0, 22.3333, 7.0, 21.3333, 7.0, 21.3333, 7.0, 21.3333, 6.0, 20.6667, 6.0, 20.6667, 5.0, 20.6667, 4.0, 20.6667, 4.0, 20.6667, 4.0, 20.3333, 3.0, 20.3333, 3.0, 21.3333, 3.0, 21.3333, 3.0, 12.0, 4.0, 40.3333, 13.0, 39.3333, 13.0, 38.3333, 13.0, 37.3333, 12.0, 36.3333, 10.0, 34.6667, 9.0, 33.3333, 7.0, 32.0, 6.0, 30.6667, 5.0, 29.0, 4.0, 27.6667, 2.0, 26.6667, 1.0, 26.3333, 0.0, 26.3333, 0.0, 25.6667, 0.0, 25.6667, 0.0, 25.0, 0.0, 24.6667, 0.0, 24.6667, 1.0, 24.0, 2.0, 23.6667, 2.0, 22.6667, 3.0, 22.0, 3.0, 21.0, 3.0, 20.0, 4.0, 20.0, 5.0, 20.0, 9.3333, 19.0, 9.6667, 3.0, 1.6667, 0.0, 0.0, -1.0, -1.0, -1.0, -1.0, -1.0, -1.0, 1.0, -1.0, 4.6667, 0.0, 29.3333, 3.0, 30.6667, 6.0, 31.0, 4.0, 33.3333, 7.0, 35.3333, 9.0, 37.6667, 11.0, 38.6667, 13.0, 39.0, 15.0, 40.0, 16.3333, 40.0, 17.0, 40.0, 18.0, 39.0, 18.0, 40.0, 18.6667, 40.0, 18.3333, 39.0, 18.3333, 39.0, 19.0, 38.0, 18.0, 38.0, 18.3333, 38.0, 17.6667, 38.0, 17.3333, 38.0, 17.0, 39.0, 16.6667, 39.0, 15.6667, 40.0, 16.0, 40.0, 15.0, 40.3333, 14.0, 41.3333, 14.0, 41.6667, 14.0]",23.04784,14.805516,91.760558
76,76,5c:01:3b:6b:b0:95,-38,256,"[86.0, -32.0, 4.0, 0.0, 8.0, -2.6667, 8.3333, -2.6667, 7.6667, -3.0, 7.0, -3.0, 6.6667, -4.0, 6.3333, -3.6667, 5.6667, -4.6667, 4.6667, -4.6667, 4.0, -5.3333, 4.0, -6.3333, 3.6667, -7.0, 3.6667, -7.0, 4.0, -7.0, 4.0, -7.0, 4.0, -7.0, 4.0, -6.6667, 4.0, -6.0, 3.6667, -5.0, 3.6667, -5.0, 3.6667, -4.6667, 3.6667, -4.6667, 3.3333, -3.6667, 3.3333, -3.6667, 3.6667, -3.3333, 3.6667, -2.6667, 0.6667, -0.6667, 0.0, 0.0, 0.0, 0.0, 0.0, 0.0, 0.0, 0.0, 0.0, 0.0, 0.0, 0.0, 0.0, 0.0, 0.0, 0.0, 0.0, 0.0, 0.6667, -2.0, 5.0, -5.6667, 6.0, -5.0, 6.6667, -4.0, 7.0, -3.3333, 7.6667, -2.3333, 9.3333, -1.3333, 9.3333, -0.6667, 10.3333, 0.3333, 10.3333, 1.3333, 11.3333, 2.0, 12.0, 2.0, 12.0, 2.0, 12.3333, 2.3333, 11.6667, 2.3333, 11.0, 2.3333, 11.0, 2.0, 10.6667, 1.3333, 10.0, 1.3333, 10.0, 0.6667, 9.6667, -0.3333, 9.3333, -0.3333, 9.3333, -0.6667, 9.3333, -1.3333, 9.0, -1.6667, 9.3333, -2.0, 9.3333, -2.0, 5.6667, 1.0, 19.6667, 3.6667, 19.3333, 3.6667, 18.6667, 3.6667, 18.0, 3.0, 17.3333, 1.6667, 16.0, 1.0, 15.3333, -0.3333, 14.3333, -1.3333, 13.6667, -2.3333, 12.0, -3.3333, 10.6667, -5.0, 9.6667, -6.0, 9.6667, -6.6667, 9.6667, -6.6667, 9.3333, -6.6667, 9.3333, -6.6667, 9.0, -6.3333, 9.3333, -6.0, 9.6667, -5.3333, 9.3333, -4.3333, 9.6667, -3.6667, 9.3333, -2.6667, 9.0, -2.3333, 8.6667, -2.0, 8.3333, -1.0, 9.0, 0.0, 10.6667, 4.0, 10.3333, 4.3333, 1.3333, 0.6667, -0.3333, -0.3333, -0.6667, -0.6667, -0.6667, -0.6667, -0.6667, -0.6667, 0.0, -1.3333, 1.6667, -1.3333, 12.0, -4.6667, 13.0, -2.0, 12.6667, -4.0, 14.6667, -1.3333, 16.6667, 0.6667, 18.3333, 2.6667, 19.6667, 4.3333, 20.6667, 6.0, 22.0, 7.3333, 22.3333, 7.6667, 22.6667, 8.3333, 22.0, 8.6667, 22.6667, 9.0, 22.6667, 8.6667, 22.0, 8.6667, 22.3333, 9.3333, 21.6667, 8.6667, 21.6667, 8.6667, 21.6667, 8.0, 21.3333, 8.0, 21.3333, 8.0, 21.6667, 7.6667, 21.3333, 7.0, 21.3333, 7.0, 21.0, 6.0, 20.3333, 4.6667, 20.6667, 4.3333, 20.3333, 4.3333]",11.66634,9.921471,91.760558
77,77,5c:01:3b:6b:b0:95,-42,256,"[86.0, -32.0, 4.0, 0.0, -3.0, 1.3333, -2.3333, 1.3333, -2.6667, 1.3333, -3.0, 1.3333, -3.6667, 0.6667, -3.3333, 1.0, -3.6667, 0.3333, -4.6667, 0.6667, -5.0, 0.3333, -5.0, -0.3333, -4.6667, -0.6667, -4.6667, -0.6667, -4.0, -0.6667, -4.0, -0.6667, -4.0, -0.6667, -4.0, -0.3333, -4.0, -0.3333, -3.6667, 0.3333, -3.6667, 0.0, -3.6667, 0.0, -3.6667, 0.0, -3.3333, 0.3333, -3.3333, 0.0, -2.6667, 0.0, -2.6667, 0.3333, -0.6667, 0.0, 0.0, 0.0, 0.0, 0.0, 0.0, 0.0, 0.0, 0.0, 0.0, 0.0, 0.0, 0.0, 0.0, 0.0, 0.0, 0.0, 0.0, 0.0, -1.6667, -0.6667, -5.0, 0.0, -4.0, 0.0, -3.6667, 0.6667, -3.0, 1.0, -2.6667, 1.3333, -1.3333, 2.0, -1.3333, 2.0, -0.3333, 2.6667, -0.3333, 3.0, 0.6667, 3.3333, 1.0, 3.0, 1.0, 3.0, 1.6667, 3.3333, 1.3333, 3.3333, 1.0, 3.3333, 1.0, 3.0, 0.3333, 2.6667, 0.0, 2.6667, 0.0, 2.6667, -0.6667, 2.3333, -1.3333, 2.6667, -1.3333, 2.3333, -1.3333, 2.0, -2.0, 2.0, -2.3333, 1.6667, -2.3333, 2.0, -0.6667, 1.6667, -0.6667, 6.3333, -0.3333, 6.3333, -0.6667, 6.0, -1.0, 5.6667, -1.3333, 5.0, -2.0, 5.0, -2.3333, 4.3333, -3.3333, 3.6667, -3.6667, 3.3333, -5.0, 3.0, -6.6667, 2.6667, -7.6667, 2.0, -7.6667, 1.6667, -7.6667, 1.6667, -7.3333, 1.6667, -7.3333, 1.6667, -7.0, 1.6667, -6.3333, 1.6667, -5.6667, 1.6667, -5.3333, 2.0, -4.6667, 2.0, -4.3333, 2.3333, -4.0, 2.3333, -3.6667, 2.3333, -3.3333, 2.6667, -2.0, 3.0, 1.3333, 3.3333, 1.6667, 3.0, -0.3333, 0.3333, -0.6667, -0.3333, -0.3333, -0.6667, -0.3333, -0.6667, -0.3333, -0.6667, -1.0, -0.6667, -1.6667, 0.0, -6.0, 2.0, -5.0, 3.0, -5.6667, 2.3333, -3.6667, 3.6667, -1.6667, 4.3333, -0.3333, 5.0, 1.3333, 5.6667, 2.3333, 6.3333, 3.6667, 6.6667, 3.3333, 5.6667, 3.3333, 5.3333, 2.6667, 5.6667, 3.0, 5.6667, 2.6667, 5.0, 2.3333, 5.0, 2.6667, 5.3333, 2.3333, 4.6667, 2.6667, 5.0, 3.0, 4.6667, 3.0, 5.3333, 3.3333, 6.0, 4.0, 6.3333, 3.6667, 6.6667, 2.6667, 7.3333, 2.0, 7.0, 0.6667, 6.6667, 0.3333, 6.3333, -0.3333, 6.6667]",4.820131,7.997548,91.760558
78,78,5c:01:3b:6b:b0:95,-41,256,"[86.0, -32.0, 4.0, 0.0, -14.0, 6.6667, -13.0, 6.3333, -13.0, 6.6667, -13.0, 6.6667, -14.0, 6.3333, -13.0, 6.3333, -12.6667, 6.0, -13.0, 6.3333, -12.6667, 6.3333, -12.6667, 6.0, -11.6667, 6.0, -11.6667, 6.0, -11.0, 6.3333, -11.0, 6.3333, -10.6667, 6.3333, -10.6667, 6.3333, -10.6667, 6.0, -10.0, 6.0, -10.0, 5.3333, -10.0, 5.3333, -10.3333, 5.0, -9.6667, 4.6667, -9.6667, 4.3333, -8.6667, 4.0, -8.6667, 3.6667, -2.0, 0.6667, 0.0, 0.0, 0.0, 0.0, 0.0, 0.0, 0.0, 0.0, 0.0, 0.0, 0.0, 0.0, 0.0, 0.0, 0.0, 0.0, 0.0, 0.0, -3.6667, 1.0, -13.6667, 6.3333, -13.3333, 6.0, -14.0, 6.3333, -13.0, 6.3333, -13.0, 6.3333, -12.0, 6.3333, -12.0, 6.0, -11.0, 6.0, -11.0, 6.0, -10.0, 6.0, -10.0, 5.6667, -10.0, 5.3333, -9.0, 5.6667, -9.0, 5.6667, -9.0, 5.6667, -9.0, 5.3333, -10.0, 5.3333, -10.0, 5.3333, -10.0, 6.0, -11.0, 6.0, -12.0, 6.6667, -12.0, 6.3333, -12.0, 6.3333, -13.0, 6.6667, -14.0, 6.6667, -14.0, 7.0, -7.0, 3.6667, -21.0, 13.0, -20.0, 13.0, -20.0, 12.3333, -20.0, 12.0, -20.0, 12.0, -20.0, 12.3333, -20.0, 12.3333, -21.0, 11.6667, -20.6667, 11.6667, -21.0, 12.0, -21.6667, 12.3333, -22.0, 12.3333, -22.0, 12.3333, -22.0, 12.3333, -21.3333, 12.3333, -21.3333, 12.0, -20.6667, 11.6667, -19.6667, 11.6667, -19.0, 11.0, -18.6667, 10.3333, -18.0, 10.0, -17.3333, 9.6667, -16.6667, 9.0, -15.6667, 8.6667, -15.0, 8.3333, -13.0, 8.0, -8.0, 7.0, -7.0, 6.6667, -2.0, 1.0, -1.0, -0.3333, 0.0, -0.6667, 0.0, -1.0, 0.0, -0.6667, -1.6667, 0.0, -4.3333, 2.0, -21.0, 12.6667, -21.3333, 12.3333, -23.6667, 11.6667, -22.0, 12.0, -20.0, 12.0, -19.0, 11.6667, -17.0, 11.3333, -16.0, 11.0, -14.6667, 11.0, -15.6667, 10.3333, -16.0, 10.3333, -16.6667, 10.3333, -16.6667, 10.6667, -17.3333, 10.3333, -17.3333, 10.0, -17.0, 10.3333, -17.0, 9.6667, -16.3333, 9.6667, -15.6667, 9.6667, -15.3333, 10.0, -14.6667, 10.6667, -13.6667, 11.0, -14.0, 11.3333, -16.0, 12.0, -17.0, 12.0, -19.0, 12.6667, -20.0, 12.6667, -21.0, 13.3333]",15.379029,10.012027,91.760558
79,79,5c:01:3b:6b:b0:95,-40,256,"[86.0, -32.0, 4.0, 0.0, -15.0, 16.6667, -14.0, 16.0, -13.6667, 16.0, -13.6667, 16.0, -14.0, 16.0, -13.0, 15.3333, -12.3333, 15.3333, -12.0, 15.6667, -11.3333, 15.6667, -11.3333, 15.6667, -10.3333, 15.6667, -10.3333, 15.6667, -10.0, 16.3333, -10.0, 16.3333, -9.3333, 16.3333, -9.3333, 15.6667, -9.3333, 15.3333, -9.0, 14.6667, -9.0, 13.6667, -9.0, 13.3333, -9.6667, 12.6667, -9.3333, 11.6667, -9.3333, 11.3333, -8.3333, 10.3333, -8.3333, 9.6667, -2.0, 2.0, 0.0, 0.0, 0.0, 0.0, 0.0, 0.0, 0.0, 0.0, 0.0, 0.0, 0.0, 0.0, 0.0, 0.0, 0.0, 0.0, 0.0, 0.0, -3.3333, 3.6667, -12.3333, 16.3333, -12.6667, 16.0, -14.0, 16.0, -13.6667, 16.0, -14.0, 15.6667, -13.6667, 15.0, -14.0, 14.6667, -13.6667, 14.0, -14.0, 13.6667, -13.3333, 13.6667, -13.6667, 13.3333, -13.6667, 12.6667, -13.0, 12.6667, -13.0, 12.6667, -12.6667, 12.6667, -12.6667, 12.6667, -13.3333, 12.6667, -13.0, 12.6667, -12.6667, 13.6667, -13.3333, 14.0, -14.0, 15.0, -14.0, 15.0, -13.6667, 15.0, -14.3333, 16.0, -15.3333, 16.6667, -15.3333, 17.0, -8.0, 8.6667, -24.3333, 29.0, -23.6667, 29.0, -23.3333, 28.0, -23.0, 27.3333, -22.3333, 27.3333, -22.0, 27.6667, -21.3333, 27.6667, -21.3333, 27.0, -20.3333, 27.3333, -20.0, 28.3333, -19.3333, 29.0, -19.0, 29.6667, -19.0, 29.6667, -19.0, 29.6667, -18.6667, 29.6667, -18.6667, 29.0, -18.3333, 28.0, -17.3333, 27.6667, -17.0, 26.6667, -17.3333, 25.0, -17.0, 23.6667, -16.6667, 22.6667, -16.3333, 21.0, -15.3333, 20.0, -15.0, 19.0, -14.0, 18.0, -10.6667, 15.3333, -10.0, 14.3333, -2.3333, 2.3333, -1.0, 0.0, 0.0, -1.0, 0.0, -1.6667, 0.0, -1.0, -1.3333, 1.0, -3.6667, 5.3333, -18.0, 31.0, -19.6667, 29.6667, -23.3333, 29.0, -23.0, 28.6667, -22.6667, 28.0, -22.6667, 26.6667, -22.0, 25.6667, -22.0, 24.6667, -22.0, 23.6667, -23.0, 22.3333, -23.6667, 22.0, -24.0, 21.3333, -24.6667, 22.0, -25.3333, 21.6667, -25.0, 21.0, -25.0, 21.0, -24.6667, 20.0, -24.0, 20.3333, -23.3333, 21.0, -22.6667, 21.3333, -22.0, 22.3333, -21.0, 23.3333, -21.0, 24.3333, -22.0, 25.6667, -22.3333, 26.0, -23.6667, 28.0, -24.3333, 28.6667, -25.3333, 29.6667]",22.944322,12.832384,91.760558
80,80,5c:01:3b:6b:b0:95,-36,256,"[86.0, -32.0, 4.0, 0.0, -18.0, 16.0, -17.0, 15.3333, -16.3333, 15.3333, -16.0, 15.3333, -15.6667, 15.3333, -14.6667, 14.6667, -14.0, 14.6667, -13.0, 14.6667, -12.0, 14.6667, -12.0, 15.0, -11.0, 15.0, -11.0, 15.0, -11.0, 15.6667, -10.6667, 15.6667, -10.0, 15.6667, -10.0, 15.0, -10.0, 14.6667, -10.0, 13.6667, -9.6667, 13.0, -9.6667, 12.6667, -10.3333, 11.6667, -10.3333, 11.0, -10.3333, 10.6667, -9.3333, 10.0, -9.3333, 9.0, -2.3333, 1.6667, 0.0, 0.0, 0.0, 0.0, 0.0, 0.0, 0.0, 0.0, 0.0, 0.0, 0.0, 0.0, 0.0, 0.0, 0.0, 0.0, 0.0, 0.0, -3.3333, 3.6667, -13.0, 15.6667, -14.0, 15.6667, -15.6667, 15.3333, -16.0, 15.3333, -16.6667, 15.0, -17.0, 14.3333, -17.6667, 14.0, -18.0, 13.0, -18.3333, 13.0, -18.3333, 12.6667, -18.6667, 12.6667, -18.6667, 11.6667, -18.3333, 11.6667, -18.0, 11.6667, -17.6667, 11.6667, -17.6667, 11.6667, -18.0, 12.0, -17.3333, 12.0, -17.0, 12.6667, -17.3333, 13.0, -17.6667, 14.0, -17.6667, 14.0, -17.3333, 14.0, -17.6667, 15.0, -18.3333, 15.6667, -18.3333, 15.6667, -9.6667, 8.3333, -30.6667, 28.6667, -30.0, 28.3333, -29.3333, 27.3333, -28.6667, 26.6667, -27.6667, 27.0, -27.6667, 27.0, -26.6667, 27.0, -25.6667, 26.6667, -24.3333, 27.0, -23.3333, 28.0, -21.6667, 28.3333, -20.6667, 29.3333, -20.3333, 29.3333, -20.3333, 29.3333, -20.3333, 29.0, -20.3333, 28.3333, -20.0, 27.3333, -19.0, 27.3333, -19.0, 26.0, -19.6667, 24.3333, -19.6667, 23.3333, -19.3333, 22.3333, -19.0, 20.3333, -18.0, 19.3333, -18.0, 18.3333, -17.6667, 17.3333, -14.3333, 15.6667, -13.3333, 14.6667, -2.6667, 2.3333, -1.0, 0.0, 0.0, -1.0, 0.0, -1.6667, 0.0, -1.0, -1.3333, 1.0, -3.6667, 5.6667, -19.3333, 32.6667, -22.0, 31.3333, -26.3333, 29.3333, -27.6667, 28.6667, -28.0, 28.0, -28.3333, 27.0, -28.3333, 25.6667, -28.6667, 24.6667, -29.0, 23.6667, -29.6667, 22.3333, -30.3333, 22.0, -30.6667, 21.3333, -31.3333, 22.0, -32.0, 22.0, -31.6667, 21.0, -31.6667, 20.6667, -31.0, 20.0, -30.6667, 20.0, -30.0, 20.6667, -29.3333, 21.0, -28.6667, 22.0, -28.3333, 23.0, -28.3333, 24.0, -29.0, 25.3333, -29.3333, 25.6667, -30.3333, 27.3333, -31.3333, 28.6667, -32.3333, 29.3333]",24.845541,13.87695,91.760558
81,81,5c:01:3b:6b:b0:95,-40,256,"[86.0, -32.0, 4.0, 0.0, -21.0, 9.0, -20.0, 9.0, -19.0, 9.0, -18.3333, 9.3333, -17.3333, 9.6667, -16.3333, 9.3333, -16.0, 9.6667, -15.0, 9.6667, -14.0, 10.0, -14.0, 10.6667, -13.0, 10.6667, -13.0, 11.0, -13.0, 11.3333, -12.3333, 11.3333, -12.0, 11.3333, -12.0, 11.0, -12.0, 10.6667, -12.0, 9.6667, -11.3333, 9.0, -11.3333, 8.6667, -11.6667, 8.0, -11.6667, 7.6667, -11.6667, 7.0, -10.6667, 6.6667, -10.6667, 5.6667, -2.6667, 1.0, 0.0, 0.0, 0.0, 0.0, 0.0, 0.0, 0.0, 0.0, 0.0, 0.0, 0.0, 0.0, 0.0, 0.0, 0.0, 0.0, 0.0, 0.0, -3.6667, 2.3333, -15.0, 10.0, -16.0, 9.6667, -17.3333, 9.0, -18.3333, 8.6667, -19.3333, 8.0, -20.3333, 7.3333, -21.3333, 6.6667, -22.3333, 5.6667, -22.6667, 5.6667, -23.3333, 5.0, -23.6667, 4.6667, -23.6667, 4.0, -23.6667, 4.0, -23.0, 4.0, -22.6667, 4.3333, -22.6667, 4.3333, -22.6667, 4.6667, -21.6667, 5.0, -21.3333, 5.6667, -21.3333, 6.0, -21.3333, 7.0, -21.3333, 7.0, -21.0, 7.3333, -21.0, 8.0, -21.3333, 8.3333, -21.3333, 8.3333, -11.3333, 2.3333, -37.0, 11.0, -36.3333, 10.6667, -35.3333, 10.0, -34.3333, 10.0, -33.0, 11.0, -33.3333, 11.3333, -32.0, 12.0, -30.0, 12.3333, -28.6667, 13.3333, -27.6667, 14.3333, -26.3333, 15.3333, -25.3333, 16.3333, -24.6667, 16.6667, -24.6667, 16.6667, -24.6667, 16.3333, -24.6667, 16.0, -24.0, 15.3333, -23.0, 15.3333, -23.0, 14.3333, -23.3333, 13.0, -23.3333, 12.0, -22.6667, 11.6667, -22.0, 10.3333, -21.0, 9.6667, -21.0, 9.0, -21.3333, 8.0, -18.0, 6.3333, -16.6667, 6.3333, -3.0, 0.6667, -1.0, -0.3333, 0.0, -0.6667, 0.0, -1.0, 0.0, -0.6667, -1.6667, 0.3333, -4.3333, 2.6667, -23.6667, 15.0, -26.0, 13.0, -29.6667, 14.3333, -32.3333, 12.6667, -33.3333, 11.0, -34.0, 9.6667, -34.6667, 8.0, -35.3333, 8.0, -36.0, 7.6667, -35.6667, 6.6667, -36.0, 6.6667, -35.6667, 6.3333, -37.0, 6.3333, -37.3333, 6.3333, -36.6667, 5.6667, -36.6667, 5.6667, -35.6667, 5.6667, -35.6667, 5.6667, -35.3333, 6.0, -35.0, 6.3333, -34.6667, 6.6667, -35.6667, 7.0, -35.6667, 7.3333, -36.0, 8.0, -36.3333, 8.3333, -37.0, 9.6667, -38.3333, 10.6667, -39.3333, 11.0]",23.094401,13.060331,91.760558
82,82,5c:01:3b:6b:b0:95,-40,256,"[86.0, -32.0, 4.0, 0.0, -18.0, -3.0, -17.3333, -2.6667, -17.0, -2.3333, -16.0, -2.0, -15.6667, -1.6667, -15.0, -1.6667, -15.0, -1.3333, -14.6667, -1.3333, -14.3333, -0.6667, -14.3333, 0.0, -14.0, 0.0, -14.0, 0.6667, -14.0, 0.3333, -13.3333, 0.3333, -13.3333, 0.3333, -13.0, 0.6667, -13.0, 0.3333, -13.0, -0.3333, -12.0, -0.3333, -11.6667, -0.6667, -11.3333, -0.6667, -11.3333, -0.3333, -11.3333, -1.0, -10.3333, -0.6667, -10.3333, -1.3333, -2.6667, -0.6667, 0.0, 0.0, 0.0, 0.0, 0.0, 0.0, 0.0, 0.0, 0.0, 0.0, 0.0, 0.0, 0.0, 0.0, 0.0, 0.0, 0.0, 0.0, -3.6667, -0.6667, -14.6667, -1.3333, -15.0, -1.6667, -15.3333, -2.3333, -16.0, -3.0, -16.3333, -3.3333, -16.6667, -3.6667, -17.0, -4.3333, -17.3333, -5.0, -17.3333, -5.0, -17.6667, -5.6667, -17.6667, -6.0, -17.6667, -6.0, -17.6667, -6.0, -17.0, -6.0, -17.0, -5.6667, -17.0, -5.6667, -17.3333, -5.3333, -16.6667, -5.0, -16.6667, -4.6667, -17.0, -4.6667, -17.0, -4.0, -17.3333, -4.0, -17.6667, -3.6667, -18.0, -3.6667, -18.0, -4.0, -18.0, -4.0, -8.3333, -3.6667, -27.6667, -8.3333, -27.0, -8.3333, -26.3333, -8.6667, -26.0, -8.0, -25.3333, -7.0, -26.6667, -7.0, -26.0, -6.0, -25.0, -5.3333, -25.0, -4.6667, -24.6667, -4.0, -24.6667, -3.6667, -24.3333, -3.0, -24.0, -3.0, -24.0, -2.6667, -24.0, -2.6667, -23.6667, -2.6667, -22.6667, -2.6667, -22.0, -2.3333, -21.6667, -3.0, -21.3333, -3.0, -21.0, -3.3333, -20.3333, -3.0, -19.3333, -3.3333, -18.6667, -3.3333, -18.3333, -3.3333, -18.0, -3.6667, -12.0, -3.0, -10.0, -2.0, -2.0, -1.0, -0.6667, -0.6667, -0.3333, -0.3333, 0.0, -0.3333, -0.3333, -0.3333, -1.6667, -0.6667, -4.0, -1.0, -21.0, -4.6667, -21.3333, -5.6667, -25.0, -5.0, -26.0, -6.3333, -25.0, -7.6667, -24.6667, -8.6667, -24.0, -9.6667, -23.3333, -8.6667, -22.6667, -8.3333, -22.3333, -9.0, -22.0, -8.6667, -22.0, -8.6667, -22.6667, -9.3333, -23.0, -9.3333, -22.6667, -9.6667, -22.6667, -9.3333, -21.6667, -8.6667, -21.6667, -8.6667, -21.6667, -8.6667, -21.6667, -8.3333, -21.6667, -8.6667, -23.0, -9.0, -23.3333, -9.3333, -24.3333, -9.3333, -25.6667, -9.3333, -26.6667, -9.0, -28.3333, -9.0, -29.3333, -9.3333]",17.708846,10.568891,91.760558
83,83,5c:01:3b:6b:b0:95,-36,256,"[86.0, -32.0, 4.0, 0.0, -9.3333, -13.0, -9.0, -12.6667, -9.0, -12.0, -8.6667, -11.6667, -8.6667, -11.3333, -8.3333, -11.3333, -8.3333, -11.0, -8.6667, -11.0, -9.0, -10.0, -9.0, -9.6667, -9.0, -9.6667, -9.3333, -8.6667, -9.3333, -9.3333, -9.0, -9.3333, -9.0, -9.3333, -8.6667, -8.6667, -8.6667, -8.6667, -8.6667, -9.0, -7.6667, -8.6667, -7.3333, -8.6667, -7.0, -8.0, -7.0, -7.3333, -7.0, -7.6667, -6.3333, -7.0, -6.3333, -7.3333, -1.6667, -2.0, 0.0, 0.0, 0.0, 0.0, 0.0, 0.0, 0.0, 0.0, 0.0, 0.0, 0.0, 0.0, 0.0, 0.0, 0.0, 0.0, 0.0, 0.0, -2.3333, -3.3333, -8.6667, -11.3333, -8.3333, -11.6667, -8.0, -12.0, -8.3333, -13.0, -8.0, -12.6667, -7.6667, -13.0, -7.6667, -13.3333, -7.3333, -13.6667, -7.3333, -13.6667, -7.3333, -14.0, -7.0, -14.3333, -7.0, -13.6667, -7.0, -13.6667, -7.0, -13.6667, -7.0, -13.3333, -7.0, -13.3333, -7.3333, -13.3333, -7.3333, -13.0, -7.3333, -12.6667, -7.6667, -13.3333, -7.6667, -13.0, -8.0, -13.0, -8.6667, -12.6667, -9.0, -13.3333, -9.0, -14.0, -9.0, -14.0, -2.3333, -10.0, -8.0, -29.6667, -7.6667, -29.3333, -7.6667, -29.0, -8.0, -28.0, -8.0, -27.0, -9.3333, -26.6667, -9.3333, -25.3333, -9.6667, -24.3333, -10.6667, -23.6667, -11.3333, -23.0, -12.3333, -23.0, -13.0, -22.3333, -13.0, -22.3333, -13.0, -22.0, -13.3333, -21.3333, -12.6667, -21.3333, -12.0, -20.6667, -11.6667, -20.0, -11.0, -20.0, -10.6667, -19.3333, -10.0, -19.0, -9.6667, -18.0, -9.0, -17.3333, -8.6667, -16.6667, -8.3333, -16.0, -7.6667, -16.0, -2.0, -14.0, -0.3333, -12.3333, -0.3333, -2.6667, -0.3333, -1.3333, -0.6667, 0.0, -0.3333, 0.3333, -0.6667, 0.0, -1.0, -1.6667, -2.0, -5.0, -8.6667, -26.6667, -7.3333, -27.3333, -10.0, -26.0, -9.0, -27.0, -7.0, -28.0, -5.6667, -28.3333, -4.6667, -28.6667, -3.3333, -27.3333, -2.0, -26.6667, -0.3333, -26.3333, 0.6667, -25.3333, 1.0, -25.3333, 0.6667, -26.3333, 0.6667, -26.3333, 1.0, -26.3333, 1.0, -25.3333, 1.3333, -24.6667, 1.3333, -24.6667, 0.6667, -24.6667, 0.0, -24.6667, -0.6667, -25.6667, -2.3333, -26.6667, -3.0, -27.3333, -4.0, -28.3333, -5.3333, -29.0, -6.3333, -29.3333, -7.3333, -30.6667, -8.0, -31.3333]",17.797627,11.168169,91.760558
84,84,5c:01:3b:6b:b0:95,-41,256,"[86.0, -32.0, 4.0, 0.0, -4.3333, -16.3333, -4.3333, -16.3333, -5.0, -15.3333, -4.6667, -15.3333, -5.3333, -15.3333, -5.3333, -15.3333, -5.3333, -15.0, -6.3333, -15.0, -7.3333, -14.3333, -7.3333, -14.3333, -7.6667, -14.3333, -7.6667, -13.6667, -7.6667, -14.3333, -7.6667, -14.3333, -7.6667, -14.3333, -7.3333, -13.6667, -7.3333, -13.3333, -7.3333, -13.3333, -6.3333, -12.6667, -6.0, -12.3333, -5.3333, -11.6667, -5.3333, -10.6667, -5.3333, -10.6667, -4.6667, -10.0, -4.6667, -9.6667, -1.3333, -2.6667, 0.0, 0.0, 0.0, 0.0, 0.0, 0.0, 0.0, 0.0, 0.0, 0.0, 0.0, 0.0, 0.0, 0.0, 0.0, 0.0, 0.0, 0.0, -2.0, -4.3333, -6.3333, -15.0, -5.3333, -15.0, -4.3333, -15.0, -4.3333, -16.0, -3.3333, -15.3333, -2.3333, -15.3333, -1.6667, -15.3333, -0.6667, -15.3333, -0.6667, -15.0, 0.0, -15.3333, 0.3333, -15.3333, 0.3333, -14.6667, 0.3333, -14.6667, 0.0, -14.6667, 0.0, -14.3333, 0.0, -14.3333, -0.6667, -14.3333, -1.0, -14.6667, -1.0, -14.6667, -1.6667, -15.3333, -1.6667, -15.3333, -2.3333, -15.3333, -3.3333, -15.3333, -4.0, -16.3333, -4.0, -17.0, -4.0, -17.0, 1.3333, -12.0, 4.3333, -37.6667, 4.3333, -37.3333, 4.0, -36.6667, 3.0, -35.6667, 2.6667, -35.0, 1.0, -34.6667, 0.6667, -33.6667, -0.6667, -32.3333, -2.6667, -32.0, -4.0, -31.3333, -6.0, -32.0, -7.3333, -31.3333, -8.0, -31.6667, -8.0, -31.3333, -8.3333, -30.3333, -7.3333, -30.3333, -6.6667, -29.3333, -6.6667, -28.3333, -5.6667, -28.3333, -5.0, -27.0, -4.0, -26.0, -4.0, -25.0, -3.3333, -24.0, -3.3333, -23.0, -2.6667, -22.0, -1.6667, -21.6667, 5.0, -19.0, 6.6667, -17.6667, 0.6667, -3.3333, 0.0, -1.6667, -1.0, 0.0, -0.3333, 0.6667, -1.0, 0.0, -0.6667, -2.0, -1.0, -6.3333, -1.6667, -33.3333, 1.3333, -33.3333, -2.0, -34.6667, 1.0, -35.0, 4.0, -35.3333, 5.6667, -34.6667, 7.3333, -34.3333, 9.3333, -33.6667, 11.3333, -33.3333, 13.0, -32.6667, 14.6667, -31.6667, 14.6667, -31.6667, 15.0, -32.6667, 15.0, -32.6667, 15.0, -32.6667, 15.0, -31.6667, 15.3333, -31.3333, 15.3333, -31.3333, 14.3333, -31.3333, 13.3333, -31.3333, 12.3333, -32.3333, 10.6667, -33.3333, 9.6667, -33.6667, 8.6667, -34.6667, 7.0, -35.6667, 6.0, -36.6667, 5.3333, -38.6667, 4.6667, -39.6667]",21.394218,13.413856,91.760558
85,85,5c:01:3b:6b:b0:95,-36,256,"[86.0, -32.0, 4.0, 0.0, -0.6667, -10.0, -0.6667, -10.0, -1.0, -9.3333, -1.3333, -9.3333, -1.6667, -9.6667, -1.6667, -9.6667, -1.6667, -9.6667, -2.6667, -10.0, -3.6667, -9.6667, -3.6667, -10.0, -3.6667, -10.3333, -4.0, -10.0, -4.0, -10.3333, -4.0, -10.3333, -4.0, -10.3333, -4.0, -10.0, -4.0, -9.6667, -4.0, -9.3333, -3.0, -9.0, -3.0, -8.6667, -2.6667, -8.0, -2.6667, -7.3333, -2.6667, -7.3333, -2.3333, -6.6667, -2.3333, -6.3333, -0.6667, -1.6667, 0.0, 0.0, 0.0, 0.0, 0.0, 0.0, 0.0, 0.0, 0.0, 0.0, 0.0, 0.0, 0.0, 0.0, 0.0, 0.0, 0.0, 0.0, -1.0, -3.0, -2.6667, -9.6667, -1.6667, -9.3333, -0.6667, -9.0, -0.6667, -9.6667, 0.3333, -9.3333, 1.3333, -9.6667, 1.6667, -10.0, 2.6667, -10.0, 2.6667, -10.0, 3.0, -10.3333, 3.6667, -10.3333, 3.6667, -10.0, 3.6667, -10.0, 3.0, -10.0, 3.0, -9.6667, 3.0, -9.6667, 2.6667, -9.6667, 2.0, -10.0, 2.0, -9.6667, 1.6667, -10.0, 1.6667, -10.0, 1.3333, -9.6667, 0.3333, -9.6667, 0.0, -10.0, 0.0, -10.3333, 0.0, -10.6667, 3.6667, -10.3333, 11.6667, -31.0, 11.6667, -31.3333, 11.0, -30.3333, 10.0, -29.3333, 9.3333, -28.6667, 8.0, -27.6667, 7.3333, -26.6667, 5.6667, -25.0, 3.6667, -23.6667, 2.0, -22.3333, 0.0, -22.0, -1.6667, -21.3333, -2.0, -21.3333, -2.0, -21.3333, -2.6667, -21.0, -1.6667, -21.0, -1.3333, -20.0, -1.3333, -19.3333, -0.3333, -19.3333, 0.0, -19.0, 1.0, -18.6667, 1.0, -18.3333, 1.3333, -17.6667, 1.3333, -17.3333, 1.6667, -17.0, 2.6667, -17.3333, 8.0, -18.6667, 9.3333, -18.6667, 1.3333, -3.3333, 0.0, -1.6667, -1.0, -0.3333, -0.6667, 0.3333, -1.0, 0.0, -0.3333, -1.3333, 0.0, -4.6667, 3.6667, -24.3333, 6.6667, -25.6667, 5.0, -25.0, 8.0, -26.6667, 11.0, -28.0, 13.3333, -28.3333, 14.6667, -28.6667, 16.6667, -29.6667, 18.6667, -30.3333, 21.0, -30.3333, 22.3333, -30.0, 22.3333, -30.3333, 23.0, -31.0, 23.0, -31.3333, 23.0, -31.3333, 23.0, -30.6667, 22.6667, -30.6667, 22.6667, -30.3333, 21.6667, -30.0, 20.6667, -30.0, 19.6667, -30.3333, 18.3333, -30.6667, 17.3333, -30.3333, 16.3333, -30.6667, 15.0, -30.6667, 14.0, -31.0, 13.6667, -32.0, 13.3333, -32.6667]",17.477673,13.591084,91.760558
86,86,5c:01:3b:6b:b0:95,-38,256,"[86.0, -32.0, 4.0, 0.0, -6.3333, -3.0, -6.3333, -3.3333, -6.3333, -3.0, -6.0, -3.3333, -6.3333, -3.6667, -6.3333, -3.6667, -6.3333, -3.3333, -6.6667, -3.6667, -7.3333, -3.3333, -7.3333, -3.6667, -7.3333, -4.0, -7.0, -4.0, -7.0, -4.0, -7.0, -4.0, -7.0, -4.0, -7.0, -4.0, -7.0, -3.6667, -7.0, -3.6667, -6.0, -3.6667, -6.0, -3.3333, -5.6667, -3.3333, -5.3333, -3.0, -5.3333, -3.0, -5.0, -2.6667, -5.0, -2.3333, -1.3333, -0.6667, 0.0, 0.0, 0.0, 0.0, 0.0, 0.0, 0.0, 0.0, 0.0, 0.0, 0.0, 0.0, 0.0, 0.0, 0.0, 0.0, 0.0, 0.0, -2.0, -1.3333, -6.6667, -3.3333, -6.3333, -3.0, -5.6667, -3.0, -6.0, -3.0, -5.3333, -2.6667, -4.6667, -3.3333, -4.6667, -3.6667, -4.0, -4.0, -4.0, -4.3333, -3.6667, -5.0, -3.3333, -5.3333, -3.3333, -5.3333, -3.3333, -5.3333, -3.6667, -5.3333, -3.6667, -4.6667, -3.6667, -4.6667, -4.0, -4.6667, -4.0, -4.6667, -4.0, -4.3333, -4.6667, -4.0, -4.6667, -3.6667, -5.0, -3.3333, -5.6667, -3.3333, -6.0, -3.3333, -6.0, -3.0, -6.0, -3.3333, -2.6667, -4.0, -8.0, -11.3333, -8.0, -11.6667, -8.0, -11.0, -8.3333, -10.0, -8.0, -9.6667, -8.6667, -9.6667, -8.6667, -9.6667, -9.0, -9.0, -10.0, -8.6667, -10.6667, -8.3333, -11.6667, -8.3333, -12.3333, -8.3333, -12.6667, -8.0, -12.3333, -8.0, -12.6667, -7.6667, -11.6667, -7.6667, -11.3333, -7.3333, -11.3333, -7.0, -10.3333, -7.3333, -10.0, -7.3333, -9.0, -7.0, -8.6667, -7.0, -8.0, -6.6667, -8.0, -6.6667, -7.3333, -6.6667, -6.6667, -6.6667, -2.0, -6.0, -1.0, -7.0, -0.6667, -1.6667, -0.6667, -1.0, -0.6667, -0.6667, -0.3333, -0.3333, -0.6667, -0.3333, -0.6667, -0.6667, -1.6667, -2.0, -6.6667, -8.3333, -5.3333, -8.3333, -9.6667, -9.0, -8.3333, -9.3333, -7.0, -9.3333, -6.3333, -10.3333, -6.0, -11.0, -5.3333, -12.3333, -4.6667, -13.3333, -3.3333, -14.3333, -2.3333, -14.6667, -2.3333, -15.3333, -2.3333, -15.6667, -2.3333, -16.3333, -2.3333, -16.3333, -2.0, -16.0, -2.3333, -16.0, -2.0, -15.6667, -2.3333, -15.0, -2.6667, -14.6667, -3.3333, -14.3333, -4.3333, -14.0, -5.0, -13.3333, -5.6667, -13.0, -6.3333, -12.3333, -7.0, -12.0, -7.3333, -12.0, -7.6667, -12.3333]",9.401496,8.703491,91.760558
87,87,5c:01:3b:6b:b0:95,-41,256,"[86.0, -32.0, 4.0, 0.0, -2.0, 2.3333, -2.0, 1.6667, -1.6667, 1.6667, -1.6667, 1.0, -2.0, 0.3333, -2.0, 0.3333, -2.3333, 0.0, -2.3333, -0.6667, -2.6667, -0.3333, -3.0, -1.0, -3.0, -1.6667, -3.0, -1.6667, -3.0, -1.6667, -3.3333, -1.6667, -3.3333, -1.6667, -3.0, -1.6667, -3.0, -1.6667, -3.0, -1.3333, -2.3333, -1.3333, -2.3333, -1.3333, -2.3333, -1.0, -2.0, -1.0, -2.0, -1.0, -2.0, -0.3333, -2.0, -0.3333, -0.6667, 0.0, 0.0, 0.0, 0.0, 0.0, 0.0, 0.0, 0.0, 0.0, 0.0, 0.0, 0.0, 0.0, 0.0, 0.0, 0.0, 0.0, 0.0, 0.0, -1.0, -0.6667, -2.6667, 0.0, -2.3333, 0.6667, -1.6667, 1.0, -1.6667, 1.6667, -1.3333, 2.3333, -0.6667, 1.3333, -1.0, 1.0, -0.3333, 0.3333, -0.3333, -0.6667, 0.0, -1.3333, 0.3333, -2.0, 0.3333, -2.0, 0.3333, -2.0, 0.0, -2.0, 0.0, -1.3333, 0.0, -1.3333, -0.3333, -1.3333, -0.3333, -0.6667, -0.3333, -0.3333, -0.6667, 0.3333, -1.0, 1.0, -1.0, 1.3333, -1.3333, 1.3333, -1.3333, 1.6667, -1.3333, 2.3333, -1.3333, 2.0, 0.0, 2.3333, 1.0, 8.3333, 1.0, 8.0, 0.6667, 8.3333, 0.3333, 9.3333, 0.0, 9.3333, -0.3333, 8.3333, -0.6667, 7.3333, -1.3333, 7.0, -2.3333, 6.3333, -3.0, 5.6667, -4.0, 5.3333, -5.0, 4.3333, -5.0, 4.6667, -4.6667, 4.6667, -5.3333, 4.3333, -4.6667, 4.3333, -4.3333, 4.6667, -4.6667, 4.6667, -3.6667, 4.3333, -3.6667, 4.3333, -3.0, 4.6667, -2.3333, 4.3333, -2.0, 4.3333, -2.0, 4.0, -1.6667, 3.6667, -1.0, 4.0, 2.0, 6.6667, 2.3333, 4.6667, 0.0, 0.0, -0.6667, -0.3333, -0.6667, -1.0, -0.6667, -1.0, -0.6667, -0.6667, -0.3333, 0.0, -0.6667, 0.6667, -1.6667, 7.6667, -0.3333, 9.0, -2.3333, 7.0, -1.0, 8.0, 0.6667, 9.3333, 1.6667, 7.6667, 2.3333, 6.6667, 3.0, 5.0, 3.6667, 3.6667, 5.3333, 1.6667, 6.0, 0.6667, 6.3333, -0.3333, 6.6667, -0.3333, 7.0, -1.3333, 7.0, -1.3333, 7.3333, -1.3333, 6.3333, -1.3333, 6.3333, -1.0, 6.0, 0.0, 5.6667, 0.6667, 5.3333, 1.6667, 4.3333, 2.6667, 3.6667, 3.6667, 3.3333, 4.6667, 3.0, 6.0, 2.3333, 7.0, 2.3333, 8.0, 2.3333, 8.0]",4.63117,8.191247,91.760558
88,88,5c:01:3b:6b:b0:95,-38,256,"[86.0, -32.0, 4.0, 0.0, -6.3333, 3.3333, -6.3333, 2.6667, -5.6667, 2.6667, -5.0, 2.3333, -5.0, 2.0, -5.0, 2.3333, -5.0, 2.3333, -4.3333, 2.0, -4.3333, 2.3333, -4.3333, 2.3333, -4.3333, 2.0, -3.6667, 2.0, -3.6667, 2.3333, -3.6667, 2.3333, -3.6667, 2.3333, -3.6667, 2.3333, -3.6667, 2.0, -3.6667, 2.0, -3.3333, 1.6667, -3.3333, 1.6667, -3.6667, 1.3333, -3.3333, 1.0, -3.3333, 1.0, -3.3333, 1.0, -3.3333, 1.0, -1.0, 0.0, 0.0, 0.0, 0.0, 0.0, 0.0, 0.0, 0.0, 0.0, 0.0, 0.0, 0.0, 0.0, 0.0, 0.0, 0.0, 0.0, 0.0, 0.0, -1.6667, 0.0, -5.0, 2.3333, -5.3333, 2.6667, -5.3333, 2.3333, -5.6667, 2.6667, -6.0, 3.0, -6.0, 2.0, -6.6667, 2.0, -6.6667, 1.0, -7.0, 0.0, -6.6667, -1.0, -7.0, -2.0, -7.0, -2.0, -7.0, -2.0, -7.0, -2.0, -7.0, -1.0, -7.0, -1.0, -7.0, -1.0, -6.3333, 0.0, -6.3333, 0.0, -6.3333, 1.0, -6.6667, 2.0, -6.3333, 2.0, -6.3333, 2.0, -6.3333, 2.0, -6.3333, 3.0, -6.3333, 3.0, -4.6667, 5.0, -13.0, 15.0, -13.0, 15.0, -13.0, 15.0, -12.3333, 16.0, -12.0, 16.0, -11.3333, 14.6667, -10.6667, 13.3333, -10.3333, 13.0, -10.0, 12.0, -10.0, 11.0, -10.3333, 10.6667, -10.0, 9.6667, -10.0, 10.3333, -9.3333, 10.3333, -9.3333, 10.3333, -9.0, 10.3333, -8.3333, 10.0, -8.6667, 9.6667, -8.0, 9.0, -8.0, 9.0, -7.6667, 9.3333, -7.3333, 9.0, -7.3333, 8.6667, -7.3333, 8.0, -7.0, 7.6667, -7.0, 8.0, -6.6667, 14.0, -6.6667, 12.0, -1.6667, 1.0, -1.0, 0.0, -0.3333, -1.0, -0.3333, -1.3333, -0.3333, -1.0, -0.6667, 0.3333, -2.3333, 2.3333, -11.3333, 16.6667, -11.6667, 18.3333, -12.0, 12.3333, -12.3333, 14.0, -12.3333, 15.3333, -13.0, 14.0, -13.3333, 13.0, -13.6667, 12.0, -14.3333, 11.0, -14.3333, 9.0, -14.3333, 8.0, -14.6667, 7.0, -15.3333, 7.0, -15.0, 6.0, -15.0, 6.0, -14.3333, 6.0, -14.6667, 6.0, -14.3333, 6.0, -14.0, 7.0, -13.6667, 8.0, -13.3333, 9.0, -13.6667, 10.0, -13.6667, 11.0, -13.6667, 12.0, -13.3333, 13.0, -13.6667, 14.0, -14.0, 15.0, -14.0, 15.0]",10.287672,9.667821,91.760558
89,89,5c:01:3b:6b:b0:95,-38,256,"[86.0, -32.0, 4.0, 0.0, -3.0, 6.3333, -2.6667, 6.0, -2.3333, 5.6667, -2.0, 5.6667, -2.0, 5.3333, -1.6667, 5.6667, -1.6667, 5.0, -1.0, 4.6667, -1.0, 4.6667, -1.0, 4.6667, -0.6667, 4.3333, -0.3333, 4.3333, -0.3333, 4.6667, -0.3333, 4.6667, -0.3333, 4.6667, -0.3333, 4.6667, -0.3333, 4.0, -0.3333, 4.3333, -0.3333, 3.6667, -0.6667, 3.6667, -1.0, 3.6667, -1.0, 3.0, -1.0, 3.0, -1.0, 3.0, -1.0, 3.0, -0.6667, 0.3333, 0.0, 0.0, 0.0, 0.0, 0.0, 0.0, 0.0, 0.0, 0.0, 0.0, 0.0, 0.0, 0.0, 0.0, 0.0, 0.0, 0.0, 0.0, -1.0, 0.6667, -1.6667, 5.3333, -2.0, 5.6667, -2.3333, 5.6667, -2.3333, 6.0, -3.0, 6.0, -3.3333, 5.3333, -3.6667, 5.3333, -4.0, 4.6667, -4.3333, 4.0, -4.0, 3.3333, -4.3333, 2.6667, -4.6667, 2.6667, -4.6667, 2.6667, -4.6667, 2.6667, -4.6667, 3.3333, -4.3333, 3.3333, -4.3333, 3.0, -3.6667, 3.6667, -3.6667, 3.6667, -3.3333, 4.6667, -3.6667, 5.3333, -3.3333, 5.3333, -3.0, 5.3333, -3.0, 5.6667, -3.0, 6.3333, -3.0, 6.3333, -2.6667, 7.0, -6.3333, 22.3333, -6.3333, 22.3333, -6.3333, 22.0, -5.3333, 22.3333, -5.3333, 22.0, -4.6667, 21.3333, -4.0, 20.6667, -3.6667, 20.6667, -3.0, 20.0, -3.0, 19.6667, -3.0, 19.3333, -2.6667, 18.6667, -2.3333, 19.0, -2.0, 19.0, -2.0, 18.6667, -2.0, 18.6667, -1.3333, 18.3333, -1.6667, 18.0, -1.6667, 17.3333, -1.6667, 17.0, -1.6667, 16.3333, -2.0, 15.6667, -2.3333, 14.6667, -2.3333, 13.6667, -2.6667, 12.6667, -3.0, 12.3333, -5.0, 15.3333, -5.3333, 13.6667, -1.3333, 1.6667, -0.6667, 0.0, -0.3333, -1.0, -0.3333, -1.6667, -0.3333, -1.0, -0.6667, 0.6667, -1.6667, 4.0, -6.3333, 24.3333, -7.0, 24.6667, -4.6667, 20.3333, -5.3333, 21.0, -5.6667, 21.3333, -6.3333, 20.6667, -7.0, 20.0, -7.3333, 19.6667, -8.0, 19.0, -8.6667, 17.3333, -9.3333, 16.3333, -10.0, 15.0, -10.6667, 14.6667, -10.3333, 13.6667, -10.3333, 13.6667, -10.0, 14.0, -10.0, 14.0, -9.6667, 14.3333, -9.3333, 15.3333, -8.6667, 16.0, -8.0, 17.0, -8.0, 18.0, -7.6667, 19.0, -7.3333, 19.6667, -7.0, 20.3333, -7.0, 21.0, -7.3333, 21.6667, -7.0, 21.6667]",11.520224,10.672348,91.760558
90,90,5c:01:3b:6b:b0:95,-42,256,"[86.0, -32.0, 4.0, 0.0, -6.0, 9.3333, -5.3333, 9.3333, -5.0, 8.6667, -4.6667, 9.0, -4.3333, 9.0, -3.6667, 9.3333, -3.3333, 8.6667, -2.3333, 8.6667, -2.3333, 8.6667, -2.0, 9.0, -1.3333, 9.0, -1.0, 9.0, -1.0, 9.3333, -0.6667, 9.3333, -0.6667, 9.3333, -1.0, 9.3333, -1.0, 8.3333, -1.0, 8.3333, -1.0, 7.3333, -1.6667, 7.3333, -2.0, 7.0, -2.0, 6.0, -2.0, 6.0, -2.0, 5.6667, -2.0, 5.6667, -1.0, 0.6667, 0.0, 0.0, 0.0, 0.0, 0.0, 0.0, 0.0, 0.0, 0.0, 0.0, 0.0, 0.0, 0.0, 0.0, 0.0, 0.0, 0.0, 0.0, -1.3333, 1.6667, -2.6667, 9.3333, -3.6667, 9.3333, -4.6667, 9.0, -5.0, 9.3333, -6.0, 9.0, -7.0, 8.6667, -7.3333, 9.0, -8.3333, 9.0, -8.6667, 9.0, -8.6667, 8.6667, -9.0, 8.6667, -9.6667, 8.6667, -9.6667, 8.6667, -9.6667, 8.3333, -9.6667, 8.6667, -9.0, 8.6667, -8.6667, 8.0, -7.6667, 8.3333, -7.6667, 8.0, -7.3333, 8.6667, -7.3333, 8.6667, -7.0, 8.6667, -6.3333, 8.6667, -6.3333, 9.3333, -6.3333, 9.6667, -6.3333, 9.6667, -7.3333, 9.0, -21.0, 29.6667, -21.0, 29.6667, -20.3333, 29.0, -18.3333, 28.6667, -17.3333, 28.0, -16.0, 28.0, -14.6667, 28.0, -13.0, 28.3333, -11.0, 28.0, -10.3333, 28.3333, -9.0, 28.0, -7.6667, 28.0, -7.0, 28.3333, -6.6667, 28.3333, -6.3333, 28.3333, -6.3333, 28.3333, -6.0, 27.3333, -6.0, 27.0, -6.6667, 26.0, -6.6667, 25.0, -6.6667, 23.3333, -7.6667, 22.3333, -8.0, 20.6667, -8.0, 19.3333, -8.6667, 17.6667, -9.6667, 16.6667, -14.3333, 16.6667, -15.0, 15.3333, -3.0, 2.3333, -1.0, 0.0, 0.0, -1.0, 0.0, -2.0, 0.0, -1.0, -1.0, 1.0, -2.6667, 5.6667, -11.3333, 32.0, -14.0, 31.0, -12.3333, 28.3333, -15.0, 28.0, -17.6667, 27.3333, -19.6667, 27.3333, -22.3333, 27.0, -24.0, 27.3333, -26.0, 27.0, -28.0, 25.6667, -29.6667, 25.0, -31.0, 24.0, -32.3333, 24.0, -32.3333, 23.3333, -32.3333, 23.3333, -32.0, 23.6667, -31.6667, 23.6667, -30.6667, 23.6667, -29.6667, 24.0, -28.0, 24.0, -27.0, 25.0, -26.0, 26.0, -25.0, 27.0, -24.3333, 27.3333, -23.3333, 27.6667, -22.6667, 28.0, -23.0, 28.3333, -22.3333, 28.3333]",19.213259,14.637606,91.760558
91,91,5c:01:3b:6b:b0:95,-38,256,"[86.0, -32.0, 4.0, 0.0, -4.0, 11.3333, -3.0, 11.0, -3.0, 10.3333, -3.0, 10.0, -3.0, 10.0, -2.0, 9.6667, -2.0, 8.6667, -1.0, 8.3333, -1.0, 8.0, -1.0, 7.6667, 0.0, 7.3333, 0.0, 7.3333, 0.0, 7.3333, 0.0, 7.3333, 0.0, 7.6667, 0.0, 7.6667, 0.0, 7.0, 0.0, 7.0, 0.0, 6.3333, -1.0, 6.3333, -1.0, 6.3333, -1.0, 5.6667, -1.0, 5.6667, -1.0, 5.6667, -1.0, 5.6667, -1.0, 1.0, 0.0, 0.0, 0.0, 0.0, 0.0, 0.0, 0.0, 0.0, 0.0, 0.0, 0.0, 0.0, 0.0, 0.0, 0.0, 0.0, 0.0, 0.0, -1.0, 1.6667, -1.0, 9.3333, -2.0, 9.6667, -3.0, 10.0, -3.0, 11.0, -4.0, 11.3333, -5.0, 12.0, -5.0, 12.3333, -6.0, 12.6667, -6.0, 13.0, -6.0, 13.0, -6.0, 13.3333, -7.0, 13.3333, -7.0, 13.3333, -7.0, 13.0, -7.0, 13.0, -6.0, 13.0, -6.0, 12.0, -5.0, 12.0, -5.0, 11.6667, -5.0, 12.3333, -5.0, 12.0, -5.0, 12.0, -4.0, 11.6667, -4.0, 12.3333, -4.0, 12.3333, -4.0, 12.6667, -7.0, 10.0, -20.0, 33.3333, -20.0, 33.3333, -19.0, 32.3333, -17.0, 31.0, -16.0, 30.0, -15.0, 29.6667, -14.0, 29.0, -12.0, 28.3333, -10.0, 27.0, -9.0, 26.3333, -7.0, 25.3333, -6.0, 25.0, -5.0, 25.0, -5.0, 25.3333, -5.0, 25.3333, -5.0, 25.3333, -5.0, 24.6667, -5.0, 24.3333, -6.0, 23.6667, -6.0, 22.6667, -6.0, 21.3333, -7.0, 20.6667, -7.0, 19.3333, -7.0, 18.6667, -8.0, 17.3333, -9.0, 16.6667, -14.0, 16.6667, -15.0, 16.3333, -3.0, 2.6667, -1.0, 0.0, 0.0, -1.0, 0.0, -1.6667, 0.0, -1.0, -1.0, 1.0, -2.0, 5.0, -7.0, 27.6667, -10.0, 26.3333, -10.0, 27.3333, -13.0, 28.3333, -16.0, 29.3333, -18.0, 30.6667, -21.0, 31.3333, -23.0, 32.6667, -25.0, 33.3333, -27.0, 33.3333, -29.0, 33.6667, -30.0, 33.0, -31.0, 33.3333, -31.0, 33.0, -31.0, 33.0, -31.0, 33.3333, -31.0, 33.3333, -30.0, 33.0, -29.0, 32.6667, -27.0, 32.0, -26.0, 32.3333, -25.0, 32.6667, -24.0, 33.0, -23.0, 32.6667, -22.0, 32.3333, -21.0, 32.3333, -21.0, 32.3333, -20.0, 32.3333]",19.805598,15.556448,91.760558
92,92,5c:01:3b:6b:b0:95,-40,256,"[86.0, -32.0, 4.0, 0.0, -5.3333, 7.3333, -4.6667, 7.0, -4.6667, 6.6667, -4.6667, 6.3333, -4.6667, 6.6667, -4.0, 6.3333, -4.0, 5.6667, -3.3333, 5.3333, -3.3333, 5.3333, -3.3333, 5.0, -3.0, 4.6667, -3.0, 4.6667, -3.0, 4.6667, -3.0, 4.6667, -2.6667, 5.0, -2.6667, 5.0, -2.6667, 4.6667, -2.6667, 4.6667, -2.3333, 4.3333, -3.0, 4.3333, -3.0, 4.0, -2.6667, 3.6667, -2.6667, 3.6667, -2.3333, 3.6667, -2.3333, 3.3333, -1.3333, 0.6667, 0.0, 0.0, 0.0, 0.0, 0.0, 0.0, 0.0, 0.0, 0.0, 0.0, 0.0, 0.0, 0.0, 0.0, 0.0, 0.0, 0.0, 0.0, -1.3333, 1.0, -3.3333, 6.0, -4.0, 6.3333, -4.6667, 6.3333, -4.3333, 7.0, -5.0, 7.0, -5.6667, 7.6667, -5.6667, 7.6667, -6.0, 8.0, -6.0, 8.0, -6.0, 8.0, -6.0, 8.0, -6.6667, 8.0, -6.6667, 8.0, -6.3333, 7.6667, -6.3333, 7.6667, -6.0, 8.0, -6.0, 7.3333, -5.3333, 7.3333, -5.3333, 7.3333, -5.3333, 7.6667, -5.6667, 7.3333, -5.6667, 7.6667, -5.0, 7.3333, -5.3333, 7.6667, -5.3333, 7.6667, -5.3333, 8.0, -7.0, 6.3333, -20.3333, 21.6667, -20.3333, 21.6667, -19.6667, 21.0, -18.3333, 20.3333, -17.6667, 20.0, -17.0, 20.0, -16.6667, 19.3333, -15.3333, 19.0, -14.3333, 18.3333, -14.0, 18.3333, -13.3333, 18.0, -13.0, 18.0, -12.3333, 17.6667, -12.3333, 18.0, -12.0, 18.0, -12.0, 18.0, -11.6667, 17.6667, -11.3333, 17.3333, -11.6667, 17.0, -11.3333, 16.3333, -11.0, 15.0, -11.3333, 14.6667, -11.0, 13.6667, -10.6667, 13.0, -10.6667, 12.0, -11.0, 11.0, -12.3333, 11.6667, -12.6667, 11.3333, -2.6667, 1.3333, -1.0, -0.3333, -0.3333, -1.0, 0.0, -1.3333, 0.0, -1.0, -1.3333, 0.6667, -3.0, 3.3333, -12.0, 20.6667, -13.3333, 20.6667, -14.3333, 19.3333, -15.6667, 19.3333, -17.0, 19.3333, -17.6667, 19.6667, -19.3333, 20.0, -20.3333, 20.6667, -21.0, 20.6667, -22.0, 20.3333, -23.0, 20.6667, -23.3333, 20.0, -24.3333, 20.3333, -24.3333, 20.0, -24.3333, 20.0, -24.0, 20.0, -23.6667, 20.0, -23.3333, 19.6667, -23.0, 19.3333, -22.0, 19.0, -21.6667, 19.3333, -21.3333, 20.0, -21.0, 20.3333, -21.0, 20.3333, -20.6667, 20.3333, -20.3333, 20.6667, -20.6667, 20.6667, -20.0, 20.6667]",15.13574,12.455428,91.760558
93,93,5c:01:3b:6b:b0:95,-38,256,"[86.0, -32.0, 4.0, 0.0, -6.6667, -0.3333, -6.3333, -0.3333, -6.3333, -0.3333, -6.3333, -0.3333, -6.3333, 0.0, -6.0, -0.3333, -6.0, -0.3333, -5.6667, -0.6667, -5.6667, -0.3333, -6.0, -0.6667, -6.0, -0.6667, -6.0, -0.6667, -6.3333, -0.6667, -6.3333, -0.6667, -6.0, -0.3333, -5.6667, -0.3333, -5.6667, -0.3333, -5.6667, -0.3333, -5.0, -0.3333, -5.0, -0.3333, -5.0, -0.3333, -4.3333, -0.3333, -4.3333, -0.3333, -3.6667, -0.3333, -3.6667, -0.6667, -1.6667, -0.3333, 0.0, 0.0, 0.0, 0.0, 0.0, 0.0, 0.0, 0.0, 0.0, 0.0, 0.0, 0.0, 0.0, 0.0, 0.0, 0.0, 0.0, 0.0, -1.6667, -0.3333, -5.6667, -0.6667, -6.0, -0.3333, -6.3333, -0.6667, -5.6667, -0.3333, -6.0, -0.6667, -6.3333, 0.0, -6.3333, -0.6667, -6.0, -0.6667, -6.0, -1.0, -6.0, -1.3333, -6.0, -1.6667, -6.3333, -1.6667, -6.3333, -1.6667, -5.6667, -1.6667, -5.6667, -1.6667, -6.0, -1.3333, -6.0, -1.3333, -5.6667, -1.3333, -5.6667, -1.0, -5.6667, -0.6667, -6.3333, -0.3333, -6.3333, 0.0, -6.0, -0.3333, -6.6667, -0.3333, -6.6667, -0.6667, -6.6667, -0.3333, -7.0, -2.0, -20.6667, -5.0, -20.6667, -5.3333, -20.3333, -5.3333, -19.6667, -5.0, -19.3333, -4.3333, -19.0, -3.6667, -19.3333, -4.0, -18.6667, -3.6667, -18.6667, -3.3333, -19.0, -3.0, -19.6667, -2.6667, -20.0, -2.0, -19.6667, -2.0, -19.6667, -1.6667, -19.0, -1.6667, -19.0, -1.3333, -18.3333, -1.3333, -17.6667, -1.6667, -17.3333, -1.3333, -16.6667, -1.6667, -16.0, -2.0, -15.6667, -2.0, -15.0, -2.0, -14.3333, -2.0, -13.3333, -2.3333, -13.0, -2.6667, -10.6667, -2.3333, -10.3333, -2.0, -2.3333, -1.3333, -1.0, -1.0, -0.3333, -0.6667, 0.0, -0.6667, 0.0, -0.6667, -1.6667, -0.3333, -4.0, -0.6667, -17.0, -2.0, -16.6667, -2.0, -18.6667, -3.6667, -18.3333, -4.3333, -18.0, -5.0, -17.3333, -5.6667, -17.6667, -6.0, -17.6667, -6.3333, -17.0, -6.6667, -17.0, -7.3333, -17.0, -7.0, -16.6667, -7.6667, -17.6667, -8.0, -17.6667, -8.3333, -17.6667, -8.0, -17.0, -8.0, -16.3333, -8.0, -16.6667, -8.0, -17.0, -7.6667, -17.0, -7.0, -17.3333, -7.0, -17.6667, -6.3333, -18.0, -6.6667, -19.0, -6.6667, -19.3333, -6.3333, -19.6667, -6.0, -20.3333, -6.0, -20.0, -6.0]",11.30394,10.123822,91.760558
94,94,5c:01:3b:6b:b0:95,-38,256,"[86.0, -32.0, 4.0, 0.0, -8.0, -8.6667, -8.0, -8.3333, -8.0, -8.0, -8.0, -7.3333, -8.0, -6.6667, -8.0, -6.3333, -8.0, -6.0, -8.0, -5.6667, -8.0, -4.6667, -8.6667, -4.3333, -9.0, -3.6667, -9.0, -3.6667, -9.6667, -3.6667, -9.6667, -3.6667, -9.3333, -3.6667, -8.6667, -3.6667, -8.6667, -3.6667, -8.6667, -3.6667, -7.6667, -3.6667, -7.0, -3.6667, -7.0, -3.6667, -6.0, -3.3333, -6.0, -3.3333, -5.0, -3.6667, -5.0, -4.0, -2.0, -1.3333, 0.0, 0.0, 0.0, 0.0, 0.0, 0.0, 0.0, 0.0, 0.0, 0.0, 0.0, 0.0, 0.0, 0.0, 0.0, 0.0, 0.0, 0.0, -2.0, -1.6667, -8.0, -6.3333, -8.0, -6.6667, -8.0, -7.6667, -7.0, -8.3333, -7.0, -9.3333, -7.0, -9.6667, -7.0, -10.6667, -6.0, -10.6667, -6.0, -11.3333, -6.0, -12.0, -6.0, -12.3333, -6.0, -12.3333, -6.0, -12.3333, -5.0, -12.0, -5.0, -12.0, -6.0, -11.6667, -6.0, -11.0, -6.0, -11.0, -6.0, -10.3333, -6.0, -10.3333, -7.0, -10.0, -7.0, -9.6667, -7.0, -9.3333, -8.0, -9.3333, -8.0, -9.6667, -8.0, -9.6667, -7.0, -9.3333, -21.0, -28.0, -21.0, -28.6667, -21.0, -28.0, -21.0, -26.3333, -21.0, -24.6667, -21.0, -23.0, -22.0, -22.3333, -22.0, -20.6667, -23.0, -19.0, -24.0, -17.6667, -26.0, -16.6667, -27.0, -15.0, -27.0, -14.6667, -27.0, -14.6667, -26.0, -14.6667, -26.0, -14.0, -25.0, -14.0, -24.0, -14.0, -23.0, -13.3333, -22.0, -13.3333, -21.0, -13.3333, -20.0, -13.3333, -19.0, -13.0, -18.0, -12.6667, -16.0, -13.0, -15.0, -13.0, -9.0, -15.0, -8.0, -14.6667, -2.0, -3.6667, -1.0, -1.6667, -0.3333, -0.3333, 0.0, -0.3333, 0.0, -0.3333, -2.0, -1.3333, -5.0, -3.6667, -22.0, -19.3333, -20.0, -19.0, -23.0, -21.0, -21.0, -23.3333, -19.0, -25.6667, -17.0, -27.6667, -16.0, -29.3333, -15.0, -31.0, -13.0, -32.3333, -12.0, -34.3333, -11.0, -34.6667, -10.0, -35.3333, -11.0, -36.3333, -11.0, -36.6667, -11.0, -36.0, -10.0, -36.0, -9.0, -36.0, -10.0, -35.6667, -11.0, -34.6667, -12.0, -33.0, -13.0, -32.6667, -14.0, -31.3333, -15.0, -31.6667, -17.0, -31.3333, -18.0, -30.3333, -19.0, -30.0, -20.0, -30.0, -20.0, -30.0]",19.076819,14.016495,91.760558
95,95,5c:01:3b:6b:b0:95,-38,256,"[86.0, -32.0, 4.0, 0.0, -7.0, -13.6667, -7.0, -13.3333, -7.0, -12.6667, -7.3333, -11.6667, -7.3333, -11.0, -7.6667, -10.3333, -7.6667, -10.0, -8.0, -9.3333, -8.0, -8.3333, -9.0, -7.6667, -9.0, -6.6667, -9.0, -6.6667, -10.0, -6.6667, -10.0, -6.6667, -10.0, -6.6667, -9.0, -6.6667, -9.0, -6.6667, -9.0, -6.6667, -8.0, -6.6667, -7.0, -6.6667, -7.0, -6.3333, -6.0, -5.6667, -6.0, -5.6667, -5.0, -6.3333, -5.0, -6.3333, -2.0, -2.0, 0.0, 0.0, 0.0, 0.0, 0.0, 0.0, 0.0, 0.0, 0.0, 0.0, 0.0, 0.0, 0.0, 0.0, 0.0, 0.0, 0.0, 0.0, -2.0, -2.6667, -7.6667, -10.3333, -7.3333, -11.0, -7.0, -12.0, -6.0, -13.3333, -5.6667, -14.3333, -5.6667, -15.0, -5.3333, -16.0, -4.3333, -16.0, -4.3333, -16.6667, -4.6667, -17.6667, -4.6667, -17.6667, -5.0, -17.6667, -5.0, -17.6667, -4.3333, -17.0, -4.3333, -17.0, -5.0, -17.0, -4.6667, -16.0, -4.3333, -16.0, -4.3333, -15.3333, -4.6667, -15.3333, -5.6667, -15.0, -5.6667, -15.0, -5.6667, -14.3333, -6.6667, -14.3333, -6.6667, -14.6667, -7.0, -14.6667, -5.6667, -13.0, -16.3333, -39.6667, -16.6667, -40.3333, -16.6667, -39.3333, -16.6667, -37.6667, -16.6667, -35.6667, -17.0, -34.0, -18.0, -32.6667, -18.3333, -30.6667, -19.3333, -29.0, -20.6667, -28.0, -22.3333, -26.6667, -23.3333, -25.0, -23.3333, -24.0, -23.6667, -24.0, -22.6667, -24.0, -22.6667, -23.3333, -22.0, -23.0, -21.0, -23.0, -20.0, -22.3333, -19.0, -22.3333, -18.0, -21.6667, -17.0, -21.6667, -16.0, -20.6667, -15.3333, -19.6667, -13.6667, -19.6667, -12.3333, -19.3333, -7.6667, -22.0, -7.0, -21.6667, -1.6667, -4.6667, -1.0, -2.0, 0.0, 0.0, 0.0, 0.0, 0.0, 0.0, -1.6667, -1.6667, -4.3333, -5.3333, -19.6667, -30.3333, -17.6667, -31.6667, -19.0, -32.3333, -17.0, -34.3333, -15.0, -36.6667, -13.0, -39.0, -12.3333, -40.6667, -12.0, -42.6667, -11.3333, -44.0, -11.0, -45.6667, -10.6667, -46.0, -10.3333, -46.3333, -11.0, -47.0, -11.0, -47.0, -11.3333, -46.3333, -10.6667, -46.0, -10.0, -46.0, -10.6667, -46.0, -11.0, -45.0, -11.3333, -43.3333, -11.6667, -43.0, -12.0, -42.3333, -12.3333, -42.6667, -13.3333, -42.3333, -13.6667, -41.6667, -14.3333, -41.3333, -15.0, -41.3333, -15.3333, -41.6667]",23.364746,16.481237,91.760558
96,96,5c:01:3b:6b:b0:95,-37,256,"[86.0, -32.0, 4.0, 0.0, -3.6667, -5.3333, -3.6667, -5.6667, -3.3333, -5.3333, -3.6667, -5.0, -3.6667, -4.3333, -4.0, -4.0, -3.6667, -4.3333, -4.0, -4.0, -3.6667, -3.6667, -4.3333, -3.3333, -4.0, -2.6667, -4.0, -3.0, -4.6667, -3.0, -4.6667, -3.0, -4.6667, -3.0, -4.0, -3.0, -4.0, -3.0, -4.3333, -3.0, -3.6667, -3.0, -3.3333, -3.0, -3.6667, -3.0, -3.0, -2.3333, -3.0, -2.3333, -2.6667, -3.0, -2.6667, -3.0, -1.3333, -1.0, 0.0, 0.0, 0.0, 0.0, 0.0, 0.0, 0.0, 0.0, 0.0, 0.0, 0.0, 0.0, 0.0, 0.0, 0.0, 0.0, 0.0, 0.0, -1.0, -1.3333, -3.0, -4.3333, -3.0, -4.6667, -3.0, -5.0, -2.6667, -5.6667, -2.6667, -6.0, -3.0, -6.3333, -3.0, -6.6667, -2.6667, -6.3333, -2.6667, -6.6667, -3.3333, -7.3333, -3.3333, -7.0, -4.0, -7.0, -4.0, -7.0, -3.6667, -6.3333, -3.6667, -6.3333, -4.0, -6.6667, -3.3333, -6.0, -2.6667, -6.3333, -2.6667, -5.6667, -3.0, -6.0, -3.3333, -6.0, -3.3333, -6.3333, -3.3333, -5.6667, -3.6667, -5.6667, -3.6667, -5.6667, -3.6667, -5.6667, -4.0, -5.3333, -10.3333, -15.6667, -10.6667, -16.3333, -10.6667, -16.0, -10.6667, -15.3333, -10.0, -14.6667, -10.3333, -14.0, -10.6667, -13.6667, -10.3333, -13.0, -10.6667, -12.3333, -11.3333, -12.3333, -12.0, -11.6667, -12.3333, -11.3333, -12.3333, -10.6667, -12.6667, -11.0, -12.0, -11.0, -12.0, -11.0, -11.6667, -10.6667, -11.0, -10.6667, -10.6667, -10.3333, -10.3333, -10.3333, -10.0, -10.0, -9.3333, -10.0, -8.6667, -9.3333, -8.6667, -8.6667, -8.0, -8.6667, -7.0, -8.6667, -6.0, -9.6667, -6.0, -9.3333, -1.3333, -2.3333, -1.0, -1.3333, -0.3333, -0.3333, -0.3333, -0.3333, 0.0, -0.3333, -1.0, -1.0, -2.3333, -2.6667, -10.6667, -14.3333, -10.0, -14.3333, -9.6667, -14.0, -9.3333, -14.3333, -9.0, -15.3333, -8.3333, -16.0, -8.6667, -16.3333, -9.0, -17.0, -9.6667, -17.0, -10.0, -17.6667, -10.3333, -17.3333, -10.6667, -17.6667, -11.0, -17.6667, -11.0, -17.6667, -11.6667, -17.3333, -11.3333, -17.0, -11.0, -17.0, -11.3333, -17.3333, -11.0, -17.0, -10.6667, -16.3333, -10.3333, -16.3333, -10.0, -16.3333, -9.6667, -16.6667, -9.6667, -16.6667, -9.3333, -16.6667, -9.3333, -16.3333, -9.3333, -16.3333, -9.6667, -16.6667]",10.961387,9.886284,91.760558
97,97,5c:01:3b:6b:b0:95,-38,256,"[86.0, -32.0, 4.0, 0.0, 2.6667, 4.3333, 2.6667, 3.6667, 3.0, 3.3333, 2.6667, 3.0, 2.3333, 3.3333, 2.0, 3.0, 2.3333, 2.3333, 1.6667, 2.0, 2.0, 1.6667, 1.6667, 1.3333, 2.0, 1.6667, 2.0, 1.0, 1.6667, 1.0, 1.6667, 1.0, 1.6667, 1.0, 2.0, 1.0, 2.0, 1.0, 1.3333, 1.0, 1.6667, 1.0, 1.3333, 1.0, 1.0, 1.0, 1.3333, 1.3333, 1.0, 1.3333, 1.0, 1.0, 1.0, 1.0, -0.3333, 0.0, 0.0, 0.0, 0.0, 0.0, 0.0, 0.0, 0.0, 0.0, 0.0, 0.0, 0.0, 0.0, 0.0, 0.0, 0.0, 0.0, 0.0, 0.0, 0.3333, 0.3333, 3.0, 2.3333, 3.0, 2.6667, 3.3333, 3.0, 3.3333, 3.6667, 3.3333, 4.0, 3.0, 4.3333, 3.0, 4.6667, 3.0, 5.3333, 3.0, 5.6667, 2.3333, 5.3333, 2.3333, 6.0, 1.6667, 6.0, 1.6667, 6.0, 1.6667, 6.3333, 1.6667, 6.3333, 1.6667, 5.6667, 2.3333, 6.0, 2.6667, 5.3333, 3.0, 5.6667, 2.6667, 5.0, 2.6667, 5.0, 2.6667, 4.3333, 2.6667, 4.6667, 3.0, 4.6667, 3.0, 4.6667, 3.0, 4.6667, 2.0, 2.3333, 9.0, 8.3333, 8.3333, 7.6667, 8.0, 7.3333, 7.6667, 7.0, 8.0, 6.3333, 7.6667, 6.0, 7.6667, 5.3333, 8.0, 4.6667, 7.6667, 4.3333, 7.3333, 3.3333, 7.6667, 3.3333, 7.3333, 2.3333, 7.6667, 2.6667, 7.3333, 2.0, 7.3333, 2.0, 7.0, 1.3333, 6.6667, 1.6667, 6.6667, 1.6667, 6.3333, 1.6667, 6.0, 1.6667, 5.6667, 1.6667, 5.3333, 1.6667, 5.3333, 2.0, 4.6667, 2.3333, 4.0, 2.3333, 4.3333, 2.0, 2.6667, 2.6667, 2.0, 3.0, 0.0, 0.0, -0.6667, -0.6667, -0.6667, -0.6667, -1.0, -0.6667, -0.3333, -0.6667, 0.3333, -0.3333, 1.3333, 0.0, 9.0, 1.6667, 8.6667, 3.0, 10.0, 4.3333, 9.3333, 5.6667, 9.0, 6.0, 8.6667, 7.0, 8.0, 8.0, 7.3333, 8.6667, 6.0, 10.0, 5.0, 10.3333, 4.0, 11.3333, 3.0, 11.0, 3.0, 11.6667, 3.0, 11.6667, 2.3333, 11.6667, 2.3333, 12.0, 2.0, 12.0, 2.0, 11.3333, 2.6667, 11.0, 3.6667, 10.6667, 4.3333, 10.3333, 5.3333, 9.6667, 6.3333, 9.3333, 7.3333, 9.0, 8.3333, 8.3333, 9.0, 8.6667, 9.3333, 8.6667, 9.3333, 8.3333]",6.637633,8.51933,91.760558
98,98,5c:01:3b:6b:b0:95,-42,256,"[86.0, -32.0, 4.0, 0.0, 10.3333, 13.0, 10.3333, 12.3333, 10.6667, 11.3333, 10.3333, 10.6667, 10.0, 10.3333, 9.6667, 9.3333, 10.0, 8.3333, 9.6667, 7.6667, 10.0, 6.6667, 10.0, 5.6667, 10.3333, 5.6667, 10.3333, 4.6667, 10.3333, 4.6667, 10.3333, 4.6667, 10.0, 4.6667, 10.0, 4.6667, 10.0, 4.6667, 9.0, 4.6667, 8.6667, 4.6667, 8.0, 5.0, 7.3333, 4.6667, 7.3333, 4.6667, 6.6667, 4.6667, 6.0, 4.6667, 6.0, 5.0, 1.0, 1.0, 0.0, 0.0, 0.0, 0.0, 0.0, 0.0, 0.0, 0.0, 0.0, 0.0, 0.0, 0.0, 0.0, 0.0, 0.0, 0.0, 0.0, 0.0, 2.3333, 1.6667, 11.3333, 8.3333, 11.0, 9.3333, 11.0, 10.3333, 10.6667, 12.0, 10.3333, 13.0, 10.0, 14.3333, 9.6667, 15.3333, 9.3333, 16.3333, 9.3333, 17.0, 8.6667, 17.3333, 9.0, 18.3333, 8.3333, 18.3333, 8.3333, 18.3333, 8.3333, 18.0, 8.0, 18.0, 8.0, 17.3333, 8.3333, 17.0, 8.3333, 16.0, 9.0, 16.0, 9.0, 15.3333, 9.3333, 15.3333, 9.6667, 14.3333, 9.6667, 14.3333, 10.3333, 14.3333, 10.6667, 14.3333, 11.3333, 14.3333, 6.6667, 8.6667, 23.6667, 28.0, 23.0, 27.0, 22.3333, 26.0, 21.6667, 25.0, 21.6667, 23.3333, 21.6667, 22.3333, 22.0, 20.3333, 22.6667, 18.6667, 22.3333, 17.3333, 22.6667, 15.6667, 23.6667, 14.3333, 23.3333, 12.6667, 24.0, 12.3333, 24.0, 11.6667, 23.3333, 11.6667, 22.6667, 11.0, 22.0, 11.0, 21.3333, 11.0, 20.3333, 11.0, 19.3333, 11.0, 18.3333, 11.0, 17.0, 11.0, 16.3333, 10.6667, 15.3333, 10.6667, 13.6667, 10.6667, 13.0, 10.6667, 10.0, 12.6667, 9.0, 13.6667, 1.0, 2.0, -0.3333, 0.0, -1.0, -1.0, -1.6667, -1.0, -0.6667, -1.0, 1.3333, 0.0, 4.3333, 1.6667, 26.3333, 12.3333, 25.0, 15.0, 25.6667, 18.0, 24.0, 21.0, 23.0, 23.3333, 21.6667, 26.3333, 21.0, 28.0, 20.6667, 30.0, 20.0, 32.6667, 19.0, 34.0, 18.0, 35.6667, 17.0, 36.0, 17.0, 36.6667, 17.0, 36.6667, 16.6667, 36.6667, 16.6667, 36.6667, 16.0, 36.6667, 16.0, 36.0, 16.3333, 34.6667, 17.3333, 33.6667, 17.6667, 33.0, 18.6667, 32.0, 19.6667, 31.0, 20.6667, 30.3333, 21.6667, 29.3333, 22.6667, 29.0, 23.0, 29.0, 23.6667, 29.0]",20.530467,13.723266,91.760558
99,99,5c:01:3b:6b:b0:95,-37,256,"[86.0, -32.0, 4.0, 0.0, 13.3333, 9.6667, 13.3333, 9.0, 13.3333, 8.3333, 13.0, 8.0, 12.3333, 7.3333, 12.0, 6.6667, 12.0, 6.0, 11.3333, 5.3333, 11.3333, 4.6667, 11.3333, 3.6667, 11.3333, 3.6667, 11.3333, 2.6667, 11.3333, 3.0, 11.3333, 3.0, 11.0, 3.0, 11.0, 3.0, 11.0, 3.0, 10.0, 3.0, 9.6667, 3.0, 9.0, 3.3333, 8.6667, 3.0, 8.6667, 3.0, 7.6667, 3.0, 7.3333, 3.3333, 7.3333, 3.6667, 1.3333, 0.6667, 0.0, 0.0, 0.0, 0.0, 0.0, 0.0, 0.0, 0.0, 0.0, 0.0, 0.0, 0.0, 0.0, 0.0, 0.0, 0.0, 0.0, 0.0, 2.6667, 1.0, 12.6667, 5.6667, 12.6667, 6.6667, 13.3333, 7.3333, 13.3333, 8.6667, 13.3333, 9.3333, 13.3333, 10.6667, 13.3333, 11.6667, 13.3333, 12.6667, 13.3333, 13.0, 13.0, 13.3333, 13.3333, 14.0, 13.0, 14.0, 13.0, 14.0, 13.0, 13.6667, 12.6667, 13.6667, 12.6667, 13.3333, 12.6667, 13.0, 12.0, 12.0, 13.0, 12.0, 13.0, 11.6667, 13.0, 11.6667, 13.3333, 11.0, 13.3333, 10.6667, 14.0, 10.6667, 14.3333, 10.6667, 14.6667, 10.6667, 10.6667, 7.3333, 35.6667, 24.0, 34.6667, 23.0, 33.6667, 22.3333, 33.0, 21.3333, 32.0, 19.6667, 32.0, 18.6667, 31.6667, 17.0, 31.6667, 15.3333, 31.0, 13.6667, 31.0, 12.3333, 32.0, 10.6667, 31.3333, 9.3333, 32.0, 8.6667, 32.0, 8.3333, 31.0, 8.3333, 30.0, 8.0, 29.0, 8.0, 28.0, 8.0, 27.0, 8.3333, 26.0, 8.3333, 25.0, 8.6667, 23.3333, 8.6667, 22.3333, 8.3333, 21.3333, 8.3333, 19.6667, 8.6667, 18.3333, 9.0, 16.3333, 10.6667, 15.3333, 11.6667, 2.0, 1.6667, 0.0, 0.0, -1.0, -1.0, -2.0, -0.6667, -1.0, -1.0, 1.6667, -0.3333, 6.0, 0.6667, 36.3333, 8.3333, 35.3333, 10.6667, 35.0, 14.3333, 34.3333, 17.0, 34.3333, 19.6667, 33.3333, 22.3333, 33.3333, 24.0, 33.0, 26.3333, 33.0, 28.6667, 32.0, 30.6667, 31.0, 32.0, 30.3333, 32.3333, 30.6667, 33.0, 30.6667, 33.3333, 30.3333, 33.3333, 30.3333, 33.3333, 29.3333, 33.3333, 29.0, 32.6667, 29.0, 31.0, 29.6667, 30.0, 30.0, 29.3333, 31.0, 28.6667, 32.0, 27.6667, 33.0, 27.0, 33.6667, 26.0, 34.6667, 25.3333, 35.3333, 25.0, 36.3333, 25.0]",22.901649,15.714926,91.760558
100,100,5c:01:3b:6b:b0:95,-37,256,"[86.0, -32.0, 4.0, 0.0, 6.6667, 1.6667, 6.6667, 1.3333, 6.6667, 1.3333, 6.3333, 1.3333, 6.0, 1.0, 5.6667, 0.6667, 6.0, 0.6667, 5.6667, 0.3333, 5.3333, 0.0, 5.3333, -0.3333, 5.3333, -0.3333, 5.3333, -0.6667, 5.3333, -0.3333, 5.3333, -0.3333, 5.0, -0.3333, 5.0, -0.3333, 5.0, -0.3333, 4.6667, -0.3333, 4.3333, -0.3333, 4.3333, 0.0, 4.0, -0.3333, 4.3333, -0.3333, 3.6667, 0.0, 3.3333, 0.0, 3.3333, 0.3333, 0.3333, -0.3333, 0.0, 0.0, 0.0, 0.0, 0.0, 0.0, 0.0, 0.0, 0.0, 0.0, 0.0, 0.0, 0.0, 0.0, 0.0, 0.0, 0.0, 0.0, 1.0, -0.3333, 6.3333, 0.3333, 6.3333, 0.6667, 6.6667, 0.6667, 6.6667, 1.3333, 6.6667, 1.3333, 7.0, 2.3333, 7.0, 2.6667, 7.0, 3.3333, 7.0, 3.0, 6.6667, 3.3333, 7.0, 3.6667, 6.6667, 3.6667, 7.0, 3.6667, 7.0, 3.3333, 6.6667, 3.3333, 6.6667, 3.3333, 6.6667, 3.0, 6.3333, 2.6667, 7.0, 2.6667, 6.6667, 2.6667, 6.6667, 2.6667, 7.0, 2.6667, 6.6667, 2.3333, 7.0, 2.3333, 7.3333, 2.3333, 7.6667, 2.3333, 5.0, 0.0, 16.3333, 1.3333, 16.0, 1.0, 15.3333, 1.3333, 15.3333, 1.0, 14.6667, 0.6667, 14.6667, 0.3333, 14.0, 0.0, 14.0, -0.6667, 13.3333, -1.3333, 13.0, -1.6667, 13.3333, -2.6667, 12.6667, -3.0, 13.0, -3.3333, 13.0, -3.3333, 12.3333, -3.0, 12.0, -3.0, 11.6667, -3.0, 11.3333, -2.6667, 10.6667, -2.3333, 10.6667, -2.0, 10.3333, -1.6667, 9.6667, -1.3333, 9.0, -1.6667, 8.6667, -1.3333, 8.0, -0.6667, 7.3333, -0.3333, 8.6667, 0.0, 8.6667, 0.3333, 1.0, -0.3333, -0.3333, -0.6667, -1.0, -0.6667, -1.3333, -0.3333, -0.6667, -0.6667, 0.3333, -1.0, 2.6667, -1.6667, 17.6667, -5.0, 17.6667, -4.3333, 15.0, -2.3333, 15.3333, -1.3333, 16.0, -0.3333, 16.0, 0.6667, 16.3333, 1.3333, 16.6667, 2.6667, 17.0, 3.6667, 17.0, 5.0, 16.3333, 5.3333, 16.0, 5.6667, 16.3333, 5.6667, 16.3333, 5.6667, 16.3333, 6.0, 16.6667, 6.0, 16.0, 6.3333, 15.6667, 6.0, 15.6667, 5.0, 15.6667, 4.6667, 16.0, 4.3333, 16.0, 4.3333, 16.3333, 3.6667, 16.3333, 3.6667, 16.3333, 3.3333, 16.3333, 2.6667, 16.6667, 2.0, 17.3333, 1.6667]",9.734025,9.176726,91.760558
101,101,5c:01:3b:6b:b0:95,-37,256,"[86.0, -32.0, 4.0, 0.0, -4.3333, -5.3333, -4.3333, -5.6667, -4.0, -5.0, -4.0, -5.0, -4.3333, -4.6667, -4.3333, -4.6667, -4.0, -4.0, -4.3333, -4.3333, -5.0, -4.3333, -5.0, -4.0, -4.6667, -4.0, -4.6667, -3.6667, -4.6667, -3.3333, -5.0, -3.3333, -5.0, -3.3333, -4.6667, -3.3333, -4.6667, -3.3333, -4.3333, -3.3333, -4.3333, -3.3333, -4.0, -3.3333, -3.6667, -3.3333, -3.0, -3.3333, -3.3333, -2.6667, -3.0, -3.0, -3.0, -3.0, -1.0, -1.3333, 0.0, 0.0, 0.0, 0.0, 0.0, 0.0, 0.0, 0.0, 0.0, 0.0, 0.0, 0.0, 0.0, 0.0, 0.0, 0.0, 0.0, 0.0, -1.6667, -1.3333, -4.6667, -4.3333, -4.6667, -4.6667, -4.3333, -5.3333, -4.3333, -5.0, -4.0, -5.6667, -3.6667, -5.3333, -3.3333, -5.6667, -3.0, -5.3333, -3.0, -6.0, -3.0, -6.0, -3.0, -6.0, -3.0, -6.0, -2.3333, -6.0, -2.0, -6.0, -2.3333, -6.0, -2.3333, -6.0, -2.3333, -6.0, -2.6667, -5.6667, -2.6667, -5.6667, -3.0, -5.6667, -3.3333, -5.6667, -3.6667, -5.0, -4.0, -5.3333, -3.6667, -5.3333, -3.6667, -5.3333, -4.0, -5.3333, -1.0, -7.0, -3.0, -20.3333, -3.0, -20.0, -3.0, -18.6667, -2.6667, -18.3333, -3.0, -17.6667, -3.3333, -17.3333, -4.0, -16.3333, -4.0, -16.3333, -4.3333, -15.6667, -5.0, -15.3333, -5.6667, -15.3333, -6.0, -15.0, -6.3333, -14.6667, -6.3333, -14.6667, -6.3333, -14.0, -6.3333, -14.0, -6.0, -14.0, -5.6667, -13.3333, -5.6667, -13.0, -5.0, -12.3333, -4.6667, -12.0, -4.3333, -11.3333, -4.3333, -11.3333, -4.0, -10.6667, -3.6667, -9.6667, -3.6667, -9.3333, -0.3333, -10.3333, 0.6667, -10.6667, -0.3333, -2.3333, -0.6667, -1.3333, -0.6667, -0.3333, -0.6667, 0.0, -0.3333, -0.3333, -1.0, -1.6667, -1.0, -3.6667, -2.6667, -17.6667, -2.0, -18.3333, -5.0, -18.0, -4.0, -18.6667, -2.6667, -19.6667, -2.0, -20.3333, -1.3333, -20.3333, -0.3333, -20.0, 0.3333, -20.0, 1.0, -19.6667, 1.0, -20.0, 1.3333, -20.0, 1.3333, -20.3333, 1.3333, -20.6667, 1.6667, -20.0, 2.3333, -20.0, 2.0, -19.3333, 1.6667, -19.6667, 1.6667, -19.6667, 1.0, -19.3333, 1.0, -19.6667, 0.0, -19.0, -0.3333, -19.3333, -1.0, -19.0, -1.6667, -18.6667, -2.3333, -19.0, -2.3333, -20.0, -2.3333, -20.6667]",10.9657,9.881456,91.760558
102,102,5c:01:3b:6b:b0:95,-37,256,"[86.0, -32.0, 4.0, 0.0, -15.0, -12.3333, -15.0, -12.0, -14.3333, -11.0, -14.0, -10.6667, -14.0, -9.6667, -14.0, -9.3333, -13.6667, -8.3333, -13.6667, -8.0, -14.3333, -8.0, -14.3333, -7.0, -14.0, -6.6667, -14.0, -6.0, -14.0, -6.0, -14.3333, -6.0, -14.0, -6.0, -13.6667, -6.0, -13.6667, -5.6667, -12.6667, -5.6667, -12.3333, -5.6667, -11.3333, -5.6667, -10.6667, -5.6667, -10.0, -5.6667, -9.6667, -5.0, -9.0, -5.6667, -9.0, -5.6667, -2.3333, -2.0, 0.0, 0.0, 0.0, 0.0, 0.0, 0.0, 0.0, 0.0, 0.0, 0.0, 0.0, 0.0, 0.0, 0.0, 0.0, 0.0, 0.0, 0.0, -4.0, -2.3333, -15.0, -8.6667, -14.6667, -9.6667, -14.6667, -11.0, -14.6667, -11.3333, -14.3333, -12.3333, -14.0, -12.6667, -13.6667, -13.6667, -13.0, -14.0, -13.0, -15.0, -13.0, -15.0, -13.0, -15.3333, -12.6667, -15.6667, -12.0, -15.3333, -11.6667, -15.0, -11.6667, -15.0, -12.0, -15.0, -12.0, -15.0, -12.0, -14.0, -12.3333, -14.0, -13.0, -13.6667, -13.3333, -13.3333, -14.0, -12.6667, -14.3333, -12.6667, -14.3333, -12.6667, -14.6667, -12.6667, -15.0, -12.6667, -8.3333, -12.3333, -26.3333, -37.6667, -25.6667, -37.0, -25.0, -35.3333, -24.3333, -34.0, -24.3333, -32.0, -24.6667, -31.0, -25.0, -29.0, -24.6667, -27.6667, -25.0, -25.6667, -25.6667, -24.6667, -27.0, -23.3333, -27.3333, -22.3333, -27.6667, -21.3333, -27.6667, -21.3333, -27.3333, -20.3333, -26.6667, -20.3333, -25.6667, -20.0, -24.3333, -19.3333, -23.6667, -19.3333, -22.3333, -18.6667, -21.3333, -18.6667, -20.3333, -18.0, -19.3333, -17.6667, -18.3333, -17.0, -17.3333, -16.3333, -16.3333, -16.3333, -11.3333, -18.0, -9.3333, -19.0, -2.0, -4.0, -1.0, -2.0, -0.3333, 0.0, 0.3333, 0.0, 0.0, 0.0, -2.3333, -1.6667, -5.3333, -4.6667, -27.0, -25.0, -25.6667, -27.0, -28.3333, -29.3333, -27.0, -31.6667, -25.6667, -34.6667, -24.3333, -36.6667, -23.3333, -38.0, -21.6667, -39.3333, -21.0, -40.6667, -19.6667, -42.0, -18.6667, -43.0, -18.3333, -43.0, -18.6667, -44.0, -18.6667, -45.0, -17.6667, -44.0, -17.0, -44.0, -17.0, -43.0, -17.0, -43.0, -17.0, -42.0, -17.6667, -41.0, -18.3333, -40.6667, -20.3333, -39.6667, -21.3333, -39.3333, -22.6667, -38.6667, -23.3333, -37.6667, -24.6667, -37.3333, -25.6667, -38.3333, -26.3333, -39.0]",24.913797,16.074498,91.760558
103,103,5c:01:3b:6b:b0:95,-41,256,"[86.0, -32.0, 4.0, 0.0, -19.0, -9.6667, -19.0, -9.0, -18.0, -8.3333, -17.3333, -7.6667, -17.3333, -7.0, -17.3333, -6.3333, -17.3333, -5.6667, -17.3333, -5.0, -17.6667, -5.0, -17.6667, -4.0, -17.3333, -3.6667, -17.3333, -3.0, -17.3333, -3.0, -17.6667, -2.6667, -17.0, -2.6667, -16.6667, -3.0, -16.6667, -2.6667, -15.6667, -3.0, -15.0, -3.0, -14.0, -3.0, -13.0, -3.3333, -12.6667, -3.3333, -12.0, -3.3333, -11.0, -3.6667, -11.0, -4.0, -2.6667, -1.3333, 0.0, 0.0, 0.0, 0.0, 0.0, 0.0, 0.0, 0.0, 0.0, 0.0, 0.0, 0.0, 0.0, 0.0, 0.0, 0.0, 0.0, 0.0, -4.6667, -1.6667, -19.0, -6.0, -18.3333, -6.6667, -18.3333, -8.3333, -18.3333, -8.6667, -18.0, -10.0, -18.0, -10.6667, -17.6667, -11.6667, -16.6667, -12.3333, -16.6667, -13.3333, -16.6667, -13.6667, -16.6667, -14.3333, -16.0, -14.6667, -15.6667, -14.3333, -15.3333, -14.0, -15.0, -13.6667, -15.6667, -13.6667, -15.6667, -13.3333, -15.6667, -12.3333, -16.0, -12.3333, -16.6667, -11.6667, -17.0, -11.0, -18.0, -10.6667, -18.0, -10.6667, -18.0, -10.3333, -18.6667, -10.3333, -19.0, -10.3333, -10.3333, -9.3333, -31.6667, -28.0, -31.0, -27.6667, -30.0, -26.6667, -29.3333, -25.3333, -29.3333, -23.3333, -29.6667, -22.3333, -29.6667, -20.6667, -29.0, -19.0, -29.0, -17.3333, -29.3333, -16.0, -30.6667, -14.3333, -30.6667, -13.3333, -31.0, -12.3333, -31.0, -12.3333, -30.6667, -11.6667, -30.0, -11.6667, -29.0, -11.3333, -27.3333, -11.3333, -26.3333, -11.3333, -25.3333, -11.3333, -24.3333, -11.6667, -23.3333, -11.3333, -21.6667, -11.0, -20.6667, -11.0, -19.6667, -10.6667, -18.6667, -11.0, -15.3333, -13.0, -13.3333, -14.0, -2.6667, -3.0, -1.0, -1.6667, 0.0, -0.3333, 0.6667, -0.3333, 0.0, 0.0, -2.6667, -1.0, -6.3333, -2.6667, -33.3333, -14.6667, -32.3333, -16.6667, -32.6667, -19.6667, -31.6667, -22.3333, -31.0, -25.3333, -30.0, -27.6667, -29.0, -29.0, -27.6667, -31.0, -27.3333, -32.6667, -26.3333, -34.3333, -24.6667, -35.3333, -24.3333, -35.6667, -24.6667, -36.3333, -24.6667, -37.0, -23.6667, -36.3333, -23.3333, -36.6667, -23.3333, -36.0, -23.3333, -36.0, -23.3333, -35.0, -23.6667, -33.6667, -24.6667, -33.0, -26.6667, -31.6667, -27.6667, -31.0, -28.6667, -30.3333, -29.0, -29.3333, -30.0, -28.3333, -31.0, -29.0, -32.0, -29.3333]",24.485669,14.644536,91.760558
104,104,5c:01:3b:6b:b0:95,-41,256,"[86.0, -32.0, 4.0, 0.0, -21.0, -5.6667, -21.0, -5.0, -20.0, -4.6667, -19.0, -3.6667, -19.0, -3.3333, -19.0, -2.6667, -19.0, -2.0, -18.6667, -1.3333, -18.6667, -1.0, -18.3333, -0.3333, -18.3333, 0.3333, -18.3333, 0.6667, -18.3333, 1.0, -18.0, 1.3333, -17.3333, 1.3333, -17.3333, 1.0, -17.3333, 1.0, -16.3333, 0.3333, -15.3333, 0.3333, -14.6667, 0.3333, -13.6667, -0.3333, -13.6667, -0.3333, -13.0, -0.6667, -12.0, -1.0, -11.6667, -1.3333, -3.0, -0.6667, 0.0, 0.0, 0.0, 0.0, 0.0, 0.0, 0.0, 0.0, 0.0, 0.0, 0.0, 0.0, 0.0, 0.0, 0.0, 0.0, 0.0, 0.0, -5.0, -0.6667, -20.6667, -2.6667, -20.0, -3.0, -20.0, -4.6667, -20.0, -5.3333, -20.0, -6.6667, -20.0, -7.6667, -20.0, -8.3333, -19.0, -9.3333, -19.0, -10.3333, -19.0, -11.0, -19.0, -12.0, -18.0, -12.3333, -18.0, -12.0, -18.0, -11.6667, -17.0, -11.0, -18.0, -11.0, -18.0, -10.3333, -18.0, -9.6667, -18.0, -9.3333, -19.0, -8.3333, -19.0, -7.6667, -20.0, -7.3333, -20.0, -7.3333, -20.0, -6.6667, -21.0, -6.6667, -21.0, -6.6667, -12.0, -5.3333, -37.0, -15.3333, -36.0, -15.3333, -35.0, -15.0, -34.0, -14.0, -34.0, -12.3333, -34.0, -11.3333, -34.0, -10.0, -33.0, -8.3333, -33.0, -6.6667, -33.0, -5.3333, -34.0, -3.3333, -33.6667, -2.3333, -33.6667, -1.6667, -33.6667, -1.3333, -33.3333, -1.0, -32.3333, -1.0, -31.3333, -1.0, -29.6667, -1.6667, -29.0, -1.6667, -28.0, -2.3333, -27.0, -3.0, -26.0, -3.0, -24.0, -3.0, -23.0, -3.3333, -22.0, -3.6667, -21.0, -4.3333, -18.0, -6.6667, -16.0, -7.6667, -3.0, -2.0, -1.0, -1.3333, 0.0, -0.6667, 1.0, -0.6667, 0.0, -0.3333, -2.6667, -0.3333, -7.0, -0.6667, -37.6667, -3.0, -37.0, -5.3333, -37.0, -8.3333, -36.0, -11.0, -36.0, -14.0, -35.0, -16.3333, -34.0, -18.0, -33.0, -20.0, -33.0, -22.0, -32.0, -24.0, -30.0, -25.0, -30.0, -25.6667, -30.0, -26.0, -30.0, -26.3333, -29.0, -26.0, -29.0, -26.3333, -29.0, -26.0, -29.0, -26.0, -29.0, -25.0, -29.0, -23.6667, -30.0, -22.3333, -32.0, -21.0, -33.0, -20.0, -34.0, -19.0, -34.0, -18.0, -35.0, -16.6667, -36.0, -16.6667, -37.0, -16.6667]",23.948388,13.787382,91.760558
105,105,5c:01:3b:6b:b0:95,-37,256,"[86.0, -32.0, 4.0, 0.0, -16.0, 4.0, -15.6667, 4.3333, -15.0, 4.0, -14.0, 4.3333, -14.0, 4.0, -14.0, 4.0, -13.6667, 4.0, -13.0, 4.3333, -12.6667, 4.3333, -12.0, 4.3333, -12.0, 5.0, -12.0, 5.3333, -11.6667, 6.0, -11.3333, 6.3333, -11.0, 6.3333, -11.0, 6.0, -11.0, 5.3333, -10.6667, 4.3333, -10.0, 4.3333, -9.6667, 4.3333, -9.3333, 3.3333, -9.3333, 3.3333, -9.0, 3.0, -8.3333, 2.6667, -8.3333, 2.3333, -2.3333, 0.3333, 0.0, 0.0, 0.0, 0.0, 0.0, 0.0, 0.0, 0.0, 0.0, 0.0, 0.0, 0.0, 0.0, 0.0, 0.0, 0.0, 0.0, 0.0, -3.6667, 0.6667, -14.3333, 3.6667, -14.3333, 4.0, -14.6667, 3.6667, -15.0, 3.6667, -15.3333, 3.0, -15.6667, 2.6667, -16.0, 2.6667, -15.6667, 2.3333, -16.0, 2.0, -16.3333, 1.6667, -16.3333, 1.3333, -16.0, 1.3333, -15.6667, 1.3333, -15.6667, 1.0, -15.0, 1.6667, -15.6667, 1.6667, -15.3333, 2.0, -15.0, 2.0, -15.0, 2.3333, -15.6667, 2.6667, -15.3333, 3.0, -16.0, 3.3333, -15.6667, 3.0, -15.6667, 3.6667, -16.3333, 3.6667, -16.3333, 4.0, -9.6667, 1.3333, -29.6667, 6.3333, -29.0, 6.0, -28.0, 5.6667, -27.3333, 5.6667, -27.0, 6.0, -26.6667, 6.3333, -26.3333, 6.3333, -25.0, 7.0, -24.3333, 7.3333, -23.6667, 7.6667, -24.0, 8.6667, -23.3333, 8.6667, -23.0, 9.0, -23.0, 9.0, -22.6667, 9.0, -22.0, 9.0, -21.3333, 8.6667, -20.6667, 7.6667, -20.3333, 7.6667, -20.0, 7.3333, -19.3333, 6.6667, -18.6667, 6.3333, -17.3333, 6.0, -16.6667, 5.6667, -16.0, 5.0, -15.6667, 4.6667, -14.6667, 3.6667, -13.6667, 3.3333, -2.6667, 0.0, -1.0, -0.6667, 0.0, -1.0, 0.6667, -1.0, 0.0, -0.6667, -1.6667, 0.0, -5.0, 1.3333, -26.0, 9.3333, -26.3333, 8.6667, -27.0, 7.0, -27.3333, 6.0, -28.3333, 5.0, -28.3333, 4.3333, -28.3333, 3.6667, -28.3333, 3.3333, -29.0, 2.6667, -29.0, 2.0, -28.0, 1.6667, -28.3333, 1.3333, -28.3333, 1.6667, -28.3333, 1.6667, -27.6667, 1.3333, -27.6667, 1.0, -28.0, 0.6667, -27.6667, 0.6667, -27.3333, 1.3333, -27.0, 1.6667, -27.3333, 2.6667, -28.3333, 3.3333, -28.6667, 3.6667, -29.0, 4.6667, -28.6667, 5.0, -29.0, 5.6667, -29.3333, 6.0, -30.3333, 6.0]",17.943002,11.262573,91.760558
106,106,5c:01:3b:6b:b0:95,-37,256,"[86.0, -32.0, 4.0, 0.0, -10.3333, 8.6667, -9.6667, 8.6667, -9.3333, 8.0, -8.3333, 7.6667, -8.3333, 7.0, -8.3333, 6.3333, -7.6667, 6.0, -6.6667, 6.0, -6.0, 5.6667, -5.3333, 5.0, -5.3333, 6.0, -5.0, 6.0, -4.6667, 7.0, -4.3333, 7.0, -4.0, 7.0, -4.3333, 7.0, -4.3333, 6.0, -4.6667, 5.0, -4.3333, 5.0, -4.3333, 5.0, -4.6667, 4.0, -4.6667, 4.0, -4.6667, 4.0, -4.3333, 3.6667, -4.3333, 3.6667, -1.6667, 0.6667, 0.0, 0.0, 0.0, 0.0, 0.0, 0.0, 0.0, 0.0, 0.0, 0.0, 0.0, 0.0, 0.0, 0.0, 0.0, 0.0, 0.0, 0.0, -2.0, 1.0, -7.3333, 5.6667, -8.0, 6.3333, -8.6667, 7.3333, -9.3333, 7.6667, -10.0, 8.0, -10.6667, 8.3333, -11.3333, 9.0, -11.6667, 9.3333, -12.3333, 9.6667, -13.0, 10.0, -13.0, 10.3333, -13.0, 10.3333, -12.6667, 10.3333, -12.6667, 9.6667, -12.3333, 10.0, -12.6667, 10.0, -12.0, 9.6667, -11.6667, 9.0, -11.3333, 9.3333, -11.3333, 9.0, -11.0, 9.0, -11.3333, 9.3333, -10.6667, 8.6667, -10.6667, 9.0, -11.0, 9.0, -10.6667, 9.6667, -7.3333, 5.6667, -22.0, 19.6667, -21.6667, 19.0, -20.6667, 18.3333, -20.0, 17.6667, -19.3333, 16.6667, -18.6667, 16.3333, -18.0, 15.3333, -16.3333, 15.0, -15.3333, 14.3333, -14.0, 13.3333, -13.6667, 13.3333, -12.6667, 12.3333, -12.3333, 12.3333, -12.3333, 12.0, -11.6667, 12.0, -11.3333, 12.0, -11.0, 11.6667, -11.0, 10.6667, -11.0, 10.6667, -11.3333, 11.0, -11.0, 10.6667, -11.0, 10.0, -10.3333, 9.6667, -10.0, 9.6667, -9.6667, 8.6667, -10.0, 9.0, -11.6667, 10.0, -11.6667, 10.3333, -2.3333, 1.0, -1.0, -0.3333, 0.0, -1.0, 0.3333, -1.0, 0.0, -1.0, -0.6667, 0.0, -3.0, 1.6667, -14.3333, 13.3333, -16.0, 14.3333, -16.3333, 14.3333, -18.0, 15.0, -19.6667, 16.0, -20.6667, 17.3333, -21.6667, 17.3333, -22.6667, 19.0, -24.0, 19.6667, -25.0, 20.3333, -25.0, 20.6667, -25.6667, 21.0, -25.6667, 21.3333, -25.6667, 21.3333, -25.3333, 21.0, -25.6667, 20.6667, -26.0, 20.0, -25.3333, 20.0, -25.0, 20.3333, -24.3333, 19.6667, -23.6667, 20.3333, -23.6667, 20.0, -23.6667, 19.6667, -23.3333, 20.3333, -22.6667, 20.0, -22.3333, 19.6667, -22.0, 20.0, -22.6667, 20.0]",16.140266,11.974711,91.760558
107,107,5c:01:3b:6b:b0:95,-41,256,"[86.0, -32.0, 4.0, 0.0, 3.6667, 12.0, 4.3333, 12.0, 4.0, 11.0, 4.6667, 10.0, 4.3333, 9.0, 4.3333, 8.0, 4.6667, 7.0, 5.3333, 7.0, 6.0, 6.0, 6.3333, 5.0, 6.3333, 5.3333, 6.6667, 5.3333, 7.0, 6.0, 7.0, 6.0, 7.3333, 6.0, 6.6667, 6.0, 6.6667, 5.3333, 5.6667, 4.6667, 5.3333, 4.6667, 5.0, 4.6667, 4.0, 4.0, 4.0, 4.0, 3.6667, 4.0, 3.3333, 4.0, 3.0, 4.0, 0.0, 1.0, 0.0, 0.0, 0.0, 0.0, 0.0, 0.0, 0.0, 0.0, 0.0, 0.0, 0.0, 0.0, 0.0, 0.0, 0.0, 0.0, 0.0, 0.0, 1.3333, 1.0, 6.0, 7.0, 5.3333, 8.0, 4.6667, 10.0, 4.0, 11.0, 3.3333, 12.0, 3.0, 13.0, 2.0, 14.0, 1.3333, 15.0, 0.6667, 16.0, -0.3333, 17.0, 0.0, 18.0, -0.3333, 18.0, -0.3333, 18.0, -0.3333, 17.0, -0.6667, 17.0, -0.3333, 17.0, 0.3333, 16.0, 0.6667, 15.0, 1.0, 15.0, 1.6667, 14.0, 2.0, 14.0, 2.0, 14.0, 2.6667, 13.0, 3.0, 13.0, 3.3333, 13.0, 3.6667, 14.0, 0.0, 9.0, 2.0, 30.0, 2.0, 29.0, 2.3333, 28.0, 2.3333, 27.0, 3.0, 25.0, 3.6667, 24.0, 4.0, 22.0, 5.0, 21.0, 6.0, 19.0, 7.6667, 17.0, 8.3333, 16.0, 9.0, 14.0, 9.3333, 14.0, 9.3333, 13.0, 9.3333, 13.0, 9.3333, 13.0, 9.0, 13.0, 8.3333, 12.0, 7.6667, 12.0, 6.6667, 13.0, 6.3333, 13.0, 5.3333, 12.0, 5.0, 12.0, 4.6667, 12.0, 4.3333, 11.0, 3.3333, 12.0, -0.6667, 15.0, -1.6667, 16.0, -0.6667, 2.0, -0.6667, 0.0, -0.3333, -1.0, -0.6667, -1.0, -0.3333, -1.0, 0.6667, 0.0, 1.3333, 2.0, 10.0, 16.0, 8.0, 19.0, 7.6667, 20.0, 5.6667, 22.0, 4.0, 25.0, 2.6667, 28.0, 1.0, 29.0, -0.6667, 32.0, -2.3333, 34.0, -4.0, 36.0, -5.0, 37.0, -5.6667, 38.0, -5.3333, 38.3333, -5.3333, 38.3333, -5.6667, 38.0, -6.0, 37.3333, -6.6667, 36.3333, -6.0, 36.3333, -5.6667, 36.3333, -5.0, 35.0, -3.6667, 35.0, -2.6667, 34.0, -2.0, 33.0, -1.0, 33.0, 0.0, 32.0, 1.0, 31.0, 2.0, 31.0, 2.0, 31.0]",16.590893,12.866876,91.760558
108,108,5c:01:3b:6b:b0:95,-39,256,"[86.0, -32.0, 4.0, 0.0, 5.3333, 12.3333, 5.6667, 12.3333, 5.3333, 11.6667, 6.0, 10.6667, 5.6667, 10.0, 5.6667, 9.3333, 5.6667, 8.3333, 6.3333, 8.3333, 6.6667, 7.6667, 7.0, 6.6667, 7.0, 6.6667, 7.3333, 6.6667, 7.3333, 7.0, 7.3333, 7.0, 8.0, 7.0, 7.0, 7.0, 7.0, 6.6667, 6.3333, 6.3333, 5.6667, 6.0, 5.3333, 6.0, 4.6667, 5.3333, 4.3333, 5.3333, 4.0, 5.3333, 3.6667, 5.3333, 3.6667, 5.0, 0.3333, 1.0, 0.0, 0.0, 0.0, 0.0, 0.0, 0.0, 0.0, 0.0, 0.0, 0.0, 0.0, 0.0, 0.0, 0.0, 0.0, 0.0, 0.0, 0.0, 1.6667, 1.3333, 7.0, 8.0, 6.6667, 9.0, 6.0, 10.3333, 5.6667, 11.3333, 5.0, 12.0, 5.0, 12.6667, 4.0, 13.6667, 3.6667, 14.3333, 3.0, 15.0, 2.3333, 15.6667, 2.6667, 16.3333, 2.6667, 16.3333, 2.0, 16.3333, 2.0, 15.6667, 1.6667, 15.6667, 2.0, 15.6667, 2.6667, 15.0, 2.6667, 14.0, 3.0, 14.3333, 4.0, 13.6667, 4.0, 13.6667, 4.0, 13.6667, 4.6667, 13.0, 5.0, 13.0, 5.3333, 13.3333, 5.6667, 14.0, 0.0, 9.6667, 3.0, 33.0, 3.0, 32.3333, 3.0, 31.3333, 3.6667, 30.0, 4.3333, 28.3333, 5.0, 27.3333, 5.3333, 25.6667, 6.0, 25.0, 7.0, 23.3333, 8.6667, 21.6667, 9.6667, 21.0, 10.6667, 19.6667, 10.6667, 19.6667, 10.6667, 19.0, 10.6667, 18.6667, 10.6667, 18.3333, 10.0, 18.0, 9.6667, 17.3333, 8.6667, 17.0, 7.6667, 17.3333, 7.0, 17.0, 6.0, 16.0, 5.6667, 15.3333, 5.3333, 15.0, 4.6667, 14.0, 3.6667, 14.6667, -1.0, 16.3333, -2.0, 16.6667, -0.6667, 2.3333, -0.6667, 0.0, -0.6667, -1.0, -1.0, -1.3333, -0.6667, -1.0, 0.6667, 0.3333, 1.6667, 3.3333, 11.3333, 22.0, 9.0, 24.3333, 9.6667, 25.3333, 7.6667, 26.6667, 6.0, 28.6667, 4.3333, 31.0, 2.6667, 31.6667, 1.0, 34.0, -0.6667, 35.3333, -2.3333, 36.6667, -3.6667, 37.3333, -4.0, 38.0, -3.6667, 38.0, -3.6667, 38.0, -4.3333, 38.0, -5.0, 37.0, -5.3333, 36.0, -5.0, 36.0, -4.6667, 36.0, -4.0, 35.3333, -2.6667, 35.3333, -1.3333, 34.6667, -0.6667, 34.3333, 0.3333, 34.6667, 1.6667, 34.0, 2.6667, 33.6667, 3.6667, 33.6667, 4.0, 33.6667]",18.077027,13.139103,91.760558
109,109,5c:01:3b:6b:b0:95,-43,256,"[86.0, -32.0, 4.0, 0.0, 10.6667, 12.6667, 10.6667, 12.6667, 10.3333, 12.3333, 10.6667, 11.3333, 10.3333, 11.0, 10.3333, 10.6667, 10.0, 9.6667, 10.3333, 9.6667, 10.6667, 9.3333, 11.0, 8.3333, 11.0, 8.0, 11.0, 8.0, 11.0, 8.0, 11.0, 8.0, 11.3333, 8.0, 10.6667, 8.0, 10.3333, 8.0, 10.0, 8.0, 9.0, 7.3333, 8.3333, 7.3333, 7.6667, 6.6667, 7.3333, 6.6667, 6.6667, 6.6667, 6.3333, 6.6667, 6.0, 6.0, 1.0, 1.0, 0.0, 0.0, 0.0, 0.0, 0.0, 0.0, 0.0, 0.0, 0.0, 0.0, 0.0, 0.0, 0.0, 0.0, 0.0, 0.0, 0.0, 0.0, 2.6667, 1.6667, 11.6667, 9.0, 11.3333, 10.0, 11.0, 10.6667, 11.0, 11.6667, 10.3333, 12.0, 10.6667, 12.3333, 9.6667, 13.3333, 9.6667, 13.6667, 9.0, 14.0, 8.6667, 14.3333, 8.6667, 14.6667, 8.6667, 14.6667, 8.0, 14.6667, 8.0, 14.3333, 7.3333, 14.3333, 8.0, 14.3333, 8.3333, 14.0, 8.3333, 13.0, 8.3333, 13.6667, 9.3333, 13.3333, 9.6667, 13.3333, 9.6667, 13.3333, 10.0, 13.0, 10.6667, 13.0, 11.0, 13.6667, 11.3333, 14.0, 3.6667, 10.6667, 14.6667, 36.3333, 14.6667, 35.6667, 14.0, 34.6667, 14.3333, 33.0, 14.6667, 31.6667, 15.0, 30.3333, 15.0, 29.0, 15.3333, 28.0, 16.0, 26.6667, 17.3333, 25.3333, 18.3333, 24.3333, 19.0, 23.3333, 19.3333, 23.0, 19.3333, 22.6667, 18.6667, 22.3333, 18.6667, 22.0, 18.0, 21.3333, 17.3333, 21.0, 16.0, 20.6667, 14.6667, 20.6667, 13.6667, 20.0, 12.6667, 19.0, 12.0, 18.3333, 11.3333, 17.6667, 10.3333, 17.0, 9.0, 17.3333, 5.3333, 18.3333, 4.0, 18.3333, 0.3333, 2.6667, -0.3333, 0.3333, -1.0, -1.0, -1.3333, -1.3333, -1.0, -1.0, 1.0, 0.6667, 3.6667, 3.6667, 21.3333, 24.3333, 19.6667, 26.3333, 19.6667, 27.6667, 18.0, 29.0, 16.6667, 31.0, 15.3333, 33.0, 14.0, 34.0, 12.6667, 36.0, 11.3333, 37.3333, 10.0, 38.3333, 8.6667, 39.0, 8.3333, 39.3333, 8.6667, 39.6667, 8.6667, 40.0, 7.6667, 39.6667, 7.3333, 39.0, 6.6667, 38.3333, 6.6667, 38.3333, 7.0, 38.0, 7.6667, 37.3333, 8.3333, 37.3333, 10.0, 36.6667, 11.0, 36.6667, 12.3333, 37.0, 13.6667, 36.3333, 14.6667, 36.3333, 15.3333, 36.6667, 15.6667, 36.6667]",21.435591,14.165311,91.760558
110,110,5c:01:3b:6b:b0:95,-36,256,"[86.0, -32.0, 4.0, 0.0, 3.3333, 13.0, 3.3333, 13.0, 3.3333, 13.0, 4.0, 12.0, 4.0, 12.0, 4.0, 12.0, 4.0, 11.0, 4.6667, 11.0, 5.0, 11.0, 5.6667, 10.0, 5.6667, 10.0, 5.6667, 10.0, 5.6667, 10.0, 5.6667, 10.0, 6.0, 10.0, 5.6667, 10.0, 5.3333, 10.0, 5.3333, 10.0, 4.3333, 9.0, 4.0, 9.0, 3.6667, 8.0, 3.0, 8.0, 2.6667, 8.0, 2.6667, 8.0, 2.3333, 7.0, 0.3333, 1.0, 0.0, 0.0, 0.0, 0.0, 0.0, 0.0, 0.0, 0.0, 0.0, 0.0, 0.0, 0.0, 0.0, 0.0, 0.0, 0.0, 0.0, 0.0, 1.0, 2.0, 5.3333, 10.0, 5.0, 11.0, 4.3333, 11.0, 4.3333, 12.0, 3.3333, 12.0, 3.3333, 12.0, 2.3333, 13.0, 2.3333, 13.0, 1.3333, 13.0, 1.3333, 13.0, 1.0, 13.0, 1.0, 13.0, 0.3333, 13.0, 0.3333, 13.0, 0.0, 13.0, 0.3333, 13.0, 1.0, 13.0, 1.0, 12.0, 1.0, 13.0, 2.0, 13.0, 2.3333, 13.0, 2.3333, 13.0, 3.0, 13.0, 3.3333, 13.0, 3.3333, 14.0, 3.6667, 14.0, -1.3333, 11.6667, -1.0, 39.6667, -1.0, 39.0, -1.3333, 38.0, 0.0, 36.0, 0.6667, 35.0, 1.3333, 33.3333, 2.0, 32.3333, 3.0, 31.0, 4.3333, 30.0, 6.0, 29.3333, 7.6667, 29.3333, 9.0, 29.0, 9.3333, 28.6667, 9.3333, 28.6667, 9.0, 28.3333, 9.0, 27.6667, 8.3333, 26.6667, 8.0, 26.6667, 7.0, 26.0, 5.6667, 25.0, 4.6667, 23.6667, 4.3333, 22.6667, 4.0, 21.3333, 3.6667, 20.3333, 2.6667, 20.0, 1.0, 20.0, -3.3333, 20.3333, -4.6667, 20.0, -1.3333, 3.0, -0.6667, 0.6667, -1.0, -1.0, -1.0, -1.6667, -1.0, -1.0, 0.3333, 1.0, 1.6667, 4.6667, 9.6667, 29.6667, 7.3333, 30.0, 7.6667, 31.0, 5.0, 31.3333, 2.6667, 33.3333, 0.3333, 35.0, -1.3333, 36.3333, -3.0, 38.0, -4.6667, 39.3333, -6.3333, 40.0, -8.0, 40.6667, -8.3333, 40.6667, -8.3333, 41.3333, -8.3333, 42.0, -9.3333, 41.3333, -10.0, 41.0, -10.3333, 40.6667, -10.3333, 40.6667, -9.6667, 40.0, -8.6667, 39.3333, -8.0, 39.3333, -6.0, 38.6667, -5.0, 39.0, -3.6667, 39.3333, -2.0, 38.6667, -1.0, 39.0, -0.3333, 39.6667, -0.3333, 39.6667]",20.523788,14.902863,91.760558
111,111,5c:01:3b:6b:b0:95,-38,256,"[86.0, -32.0, 4.0, 0.0, 7.6667, 11.3333, 7.6667, 11.3333, 7.6667, 11.3333, 8.0, 10.6667, 8.0, 10.6667, 8.0, 10.6667, 8.0, 10.0, 8.0, 10.0, 8.0, 10.0, 8.3333, 9.3333, 8.0, 9.3333, 8.0, 9.3333, 7.6667, 9.3333, 7.6667, 9.3333, 7.6667, 9.3333, 7.6667, 9.3333, 7.3333, 9.3333, 7.3333, 9.0, 6.6667, 8.3333, 6.3333, 8.3333, 6.0, 7.3333, 5.6667, 7.3333, 5.3333, 7.3333, 5.3333, 7.0, 4.6667, 6.3333, 0.6667, 1.0, 0.0, 0.0, 0.0, 0.0, 0.0, 0.0, 0.0, 0.0, 0.0, 0.0, 0.0, 0.0, 0.0, 0.0, 0.0, 0.0, 0.0, 0.0, 2.0, 2.0, 9.3333, 9.3333, 9.0, 10.0, 8.6667, 10.0, 8.6667, 10.6667, 7.6667, 10.6667, 7.6667, 10.6667, 6.6667, 11.0, 6.6667, 11.0, 5.6667, 11.0, 5.6667, 11.0, 5.0, 10.6667, 5.0, 10.6667, 4.6667, 10.6667, 4.6667, 10.6667, 4.0, 10.6667, 4.6667, 10.6667, 5.0, 10.6667, 5.0, 10.0, 5.0, 11.0, 6.0, 11.0, 6.6667, 11.0, 6.6667, 11.0, 7.0, 11.3333, 7.6667, 11.3333, 7.6667, 12.0, 8.3333, 12.0, 2.3333, 10.6667, 10.0, 36.3333, 10.0, 35.6667, 9.3333, 34.6667, 10.0, 33.3333, 10.3333, 32.3333, 10.6667, 31.0, 11.0, 30.3333, 12.0, 29.3333, 12.6667, 28.6667, 14.0, 28.3333, 15.3333, 27.6667, 15.6667, 27.0, 15.6667, 26.3333, 15.6667, 26.3333, 15.3333, 26.3333, 15.3333, 26.0, 14.6667, 25.0, 14.3333, 25.0, 13.6667, 24.6667, 12.3333, 24.0, 11.3333, 22.6667, 10.6667, 21.6667, 10.0, 21.0, 9.3333, 20.0, 8.3333, 19.6667, 6.3333, 19.0, 3.0, 18.6667, 1.3333, 18.3333, -0.3333, 2.6667, -0.3333, 0.6667, -1.0, -1.0, -1.0, -1.3333, -1.0, -1.0, 0.6667, 1.0, 3.0, 3.6667, 18.3333, 26.0, 16.6667, 26.6667, 16.3333, 28.0, 14.0, 29.0, 12.3333, 30.6667, 10.6667, 31.6667, 9.3333, 32.6667, 8.0, 33.6667, 6.6667, 34.6667, 5.3333, 35.0, 4.0, 35.3333, 3.3333, 35.0, 3.3333, 35.6667, 3.3333, 36.3333, 2.3333, 35.6667, 2.0, 35.3333, 1.3333, 35.3333, 1.3333, 35.3333, 1.6667, 35.0, 2.6667, 34.6667, 3.0, 34.6667, 5.0, 34.3333, 6.0, 34.6667, 7.6667, 35.3333, 9.0, 35.0, 10.0, 35.3333, 10.3333, 36.3333, 10.3333, 36.3333]",19.811258,13.841181,91.760558
112,112,5c:01:3b:6b:b0:95,-38,256,"[86.0, -32.0, 4.0, 0.0, 6.0, 1.0, 6.0, 1.0, 5.6667, 1.0, 6.0, 0.6667, 6.0, 0.6667, 5.6667, 0.6667, 5.3333, 0.6667, 5.0, 0.6667, 4.3333, 0.3333, 4.6667, 0.0, 4.0, 0.0, 4.0, 0.0, 3.3333, 0.0, 3.3333, 0.0, 3.6667, 0.0, 3.6667, 0.0, 3.6667, 0.3333, 3.6667, 0.0, 3.6667, 0.0, 3.6667, 0.3333, 3.6667, 0.0, 3.3333, 0.0, 3.3333, 0.3333, 3.3333, 0.3333, 3.3333, 0.0, 0.3333, -0.3333, 0.0, 0.0, 0.0, 0.0, 0.0, 0.0, 0.0, 0.0, 0.0, 0.0, 0.0, 0.0, 0.0, 0.0, 0.0, 0.0, 0.0, 0.0, 1.0, -0.3333, 5.6667, 0.3333, 6.0, 0.6667, 6.0, 0.6667, 6.3333, 1.0, 6.0, 1.3333, 6.3333, 1.3333, 6.0, 1.3333, 6.3333, 1.6667, 5.6667, 2.0, 6.0, 2.0, 5.6667, 1.6667, 6.0, 1.6667, 5.6667, 2.0, 5.6667, 2.0, 5.3333, 2.0, 5.3333, 1.6667, 5.6667, 1.6667, 5.3333, 1.3333, 5.3333, 1.6667, 5.6667, 1.3333, 6.0, 1.3333, 6.0, 1.3333, 6.0, 1.3333, 6.3333, 1.3333, 6.3333, 1.3333, 6.6667, 1.3333, 2.3333, 3.6667, 9.6667, 13.3333, 9.3333, 13.0, 8.6667, 12.6667, 9.0, 12.0, 9.0, 11.3333, 9.0, 10.6667, 9.0, 10.3333, 9.0, 10.0, 9.0, 9.3333, 9.6667, 9.3333, 10.0, 9.0, 10.0, 8.3333, 9.3333, 8.0, 9.3333, 8.0, 9.3333, 8.0, 9.6667, 7.6667, 9.0, 7.3333, 9.0, 7.3333, 9.0, 7.3333, 8.3333, 7.3333, 8.0, 6.6667, 7.3333, 6.6667, 7.0, 6.3333, 6.6667, 6.0, 6.3333, 6.0, 5.0, 6.0, 4.0, 6.6667, 3.3333, 6.6667, 0.0, 0.6667, -0.3333, 0.0, -1.0, -0.6667, -1.0, -1.0, -1.0, -0.6667, 0.3333, 0.0, 1.6667, 0.6667, 12.3333, 8.6667, 12.0, 9.3333, 11.6667, 9.3333, 10.6667, 10.3333, 10.0, 11.3333, 9.6667, 12.0, 9.3333, 12.6667, 9.0, 13.3333, 8.6667, 14.0, 8.0, 14.3333, 7.3333, 14.6667, 7.3333, 14.3333, 7.3333, 14.6667, 7.3333, 15.0, 7.0, 15.0, 6.6667, 14.6667, 6.3333, 15.0, 6.0, 14.6667, 6.0, 14.6667, 6.3333, 14.3333, 6.6667, 14.0, 7.6667, 13.6667, 8.0, 13.6667, 8.6667, 13.6667, 9.3333, 13.3333, 9.6667, 13.3333, 10.0, 13.6667, 10.0, 13.6667]",9.059402,9.183091,91.760558
113,113,5c:01:3b:6b:b0:95,-42,256,"[86.0, -32.0, 4.0, 0.0, 8.6667, -9.3333, 8.6667, -9.3333, 8.0, -9.3333, 8.0, -9.3333, 8.0, -9.3333, 7.3333, -9.3333, 6.6667, -8.6667, 5.6667, -8.6667, 4.6667, -9.3333, 4.6667, -9.3333, 3.6667, -9.3333, 3.6667, -9.3333, 2.6667, -9.3333, 2.6667, -9.3333, 3.3333, -9.3333, 3.3333, -9.3333, 3.3333, -8.6667, 3.3333, -9.0, 4.0, -8.3333, 4.0, -7.6667, 4.0, -7.3333, 4.0, -7.3333, 4.0, -6.6667, 4.0, -6.3333, 4.3333, -6.3333, 0.3333, -1.6667, 0.0, 0.0, 0.0, 0.0, 0.0, 0.0, 0.0, 0.0, 0.0, 0.0, 0.0, 0.0, 0.0, 0.0, 0.0, 0.0, 0.0, 0.0, 1.0, -2.6667, 6.3333, -8.6667, 7.0, -8.6667, 7.6667, -8.6667, 8.3333, -8.6667, 8.6667, -8.0, 9.3333, -8.0, 9.6667, -8.3333, 10.3333, -7.6667, 10.0, -7.0, 10.6667, -7.0, 10.3333, -7.3333, 11.0, -7.3333, 11.0, -6.6667, 11.0, -6.6667, 10.6667, -6.6667, 10.3333, -7.3333, 10.3333, -7.3333, 9.6667, -7.3333, 9.6667, -7.6667, 9.3333, -8.3333, 9.6667, -8.3333, 9.6667, -8.3333, 9.0, -8.6667, 9.3333, -8.6667, 9.3333, -9.3333, 9.6667, -9.3333, 6.0, -3.3333, 20.3333, -9.6667, 19.6667, -9.6667, 18.6667, -9.3333, 18.0, -9.3333, 17.3333, -9.6667, 16.6667, -9.6667, 16.0, -9.6667, 15.0, -9.3333, 13.6667, -10.0, 13.3333, -10.0, 12.3333, -11.3333, 11.3333, -12.3333, 10.3333, -12.6667, 10.3333, -12.6667, 10.3333, -12.6667, 11.0, -12.6667, 10.6667, -12.3333, 10.6667, -12.3333, 11.3333, -11.6667, 11.0, -10.3333, 11.3333, -10.0, 10.3333, -9.0, 10.0, -8.3333, 9.6667, -8.0, 10.0, -7.6667, 9.3333, -7.0, 12.0, -5.3333, 12.0, -5.0, 1.6667, -1.3333, 0.0, -0.6667, -1.0, -0.3333, -1.0, -0.3333, -1.0, -0.3333, 0.3333, -1.0, 2.0, -3.0, 15.0, -11.6667, 16.6667, -9.6667, 15.6667, -10.3333, 16.3333, -8.3333, 17.3333, -8.0, 19.0, -7.6667, 20.0, -7.3333, 21.0, -7.0, 22.0, -6.6667, 22.3333, -6.3333, 22.6667, -6.0, 23.0, -6.3333, 23.0, -6.3333, 23.0, -6.3333, 23.3333, -5.6667, 23.3333, -6.0, 23.0, -5.3333, 22.3333, -6.0, 21.6667, -5.6667, 21.3333, -6.0, 21.3333, -6.6667, 21.3333, -7.0, 21.0, -7.3333, 21.0, -8.0, 20.6667, -8.3333, 20.3333, -8.6667, 20.3333, -9.0, 20.3333, -9.0]",13.85976,9.740955,91.760558
114,114,5c:01:3b:6b:b0:95,-38,256,"[86.0, -32.0, 4.0, 0.0, 7.0, -15.6667, 7.0, -15.6667, 6.0, -15.6667, 6.0, -15.6667, 6.0, -15.6667, 5.0, -16.0, 4.0, -15.3333, 3.0, -15.3333, 2.0, -16.0, 2.0, -16.3333, 1.0, -16.3333, 1.0, -16.3333, 0.0, -16.3333, 0.0, -16.3333, 1.0, -16.3333, 1.0, -16.3333, 1.0, -15.3333, 1.0, -15.3333, 2.0, -14.3333, 2.0, -13.6667, 2.0, -12.6667, 2.0, -12.6667, 2.0, -11.6667, 2.0, -10.6667, 3.0, -10.6667, 0.0, -2.6667, 0.0, 0.0, 0.0, 0.0, 0.0, 0.0, 0.0, 0.0, 0.0, 0.0, 0.0, 0.0, 0.0, 0.0, 0.0, 0.0, 0.0, 0.0, 0.0, -4.3333, 3.0, -15.3333, 4.0, -15.3333, 5.0, -15.0, 6.0, -15.0, 7.0, -14.0, 8.0, -14.0, 9.0, -13.6667, 10.0, -12.6667, 10.0, -11.6667, 11.0, -11.6667, 11.0, -12.0, 12.0, -11.6667, 12.0, -11.0, 12.0, -11.0, 12.0, -11.0, 11.0, -11.6667, 11.0, -11.6667, 10.0, -11.6667, 10.0, -12.6667, 9.0, -13.3333, 9.0, -13.6667, 9.0, -13.6667, 8.0, -14.6667, 8.0, -15.0, 8.0, -15.6667, 8.0, -15.6667, 6.0, -7.3333, 20.0, -24.0, 19.0, -24.0, 18.0, -23.3333, 17.0, -23.3333, 16.0, -23.6667, 15.0, -23.6667, 14.0, -24.0, 12.0, -24.3333, 10.0, -25.3333, 9.0, -25.6667, 7.0, -27.0, 6.0, -27.6667, 5.0, -27.6667, 5.0, -27.6667, 5.0, -27.6667, 6.0, -27.6667, 6.0, -26.6667, 6.0, -26.3333, 7.0, -25.6667, 7.0, -23.6667, 8.0, -22.6667, 7.0, -21.0, 7.0, -20.0, 7.0, -19.0, 8.0, -18.0, 8.0, -16.0, 13.0, -11.6667, 14.0, -10.6667, 2.0, -2.3333, 0.0, -1.0, -1.0, 0.0, -1.0, 0.0, -1.0, 0.0, 0.0, -2.0, 1.0, -5.3333, 9.0, -25.6667, 12.0, -23.6667, 11.0, -25.3333, 13.0, -23.3333, 15.0, -22.3333, 18.0, -21.0, 20.0, -20.0, 22.0, -19.0, 24.0, -17.6667, 25.0, -16.6667, 26.0, -15.6667, 27.0, -15.3333, 27.0, -15.3333, 27.0, -15.3333, 28.0, -14.6667, 28.0, -14.6667, 28.0, -13.6667, 27.0, -14.6667, 26.0, -14.6667, 25.0, -15.3333, 25.0, -16.3333, 24.0, -17.3333, 23.0, -18.3333, 22.0, -20.3333, 21.0, -21.3333, 20.0, -22.3333, 20.0, -23.3333, 20.0, -23.6667]",19.374647,11.489229,91.760558
115,115,5c:01:3b:6b:b0:95,-38,256,"[86.0, -32.0, 4.0, 0.0, 11.0, -9.6667, 11.0, -9.6667, 10.0, -10.0, 9.6667, -10.3333, 9.6667, -10.3333, 8.6667, -10.6667, 8.0, -10.6667, 7.0, -10.6667, 6.0, -11.3333, 5.6667, -12.0, 5.0, -12.3333, 5.0, -12.3333, 4.3333, -12.3333, 4.3333, -12.3333, 5.0, -12.3333, 5.0, -12.3333, 5.0, -11.3333, 4.6667, -11.3333, 5.3333, -10.3333, 5.3333, -10.0, 5.3333, -9.0, 5.3333, -9.0, 5.0, -8.3333, 5.0, -7.3333, 5.6667, -7.3333, 0.6667, -2.0, 0.0, 0.0, 0.0, 0.0, 0.0, 0.0, 0.0, 0.0, 0.0, 0.0, 0.0, 0.0, 0.0, 0.0, 0.0, 0.0, 0.0, 0.0, 1.0, -3.0, 7.0, -11.0, 7.6667, -10.6667, 8.6667, -10.0, 9.6667, -9.6667, 10.6667, -8.6667, 11.6667, -8.3333, 12.6667, -7.3333, 13.3333, -6.3333, 13.6667, -5.6667, 14.3333, -5.3333, 14.6667, -5.6667, 15.3333, -5.3333, 15.3333, -5.0, 15.0, -5.0, 15.0, -5.0, 14.3333, -5.3333, 14.3333, -5.6667, 13.3333, -5.6667, 13.3333, -6.6667, 12.6667, -7.0, 12.6667, -7.6667, 12.6667, -7.6667, 12.0, -8.6667, 12.0, -9.3333, 12.3333, -9.6667, 12.3333, -9.6667, 8.0, -3.3333, 26.6667, -11.3333, 25.6667, -11.3333, 24.6667, -11.3333, 23.6667, -11.3333, 22.6667, -12.0, 21.6667, -12.3333, 20.3333, -13.3333, 18.6667, -14.0, 16.6667, -15.3333, 15.6667, -16.3333, 14.3333, -17.6667, 13.3333, -18.3333, 12.6667, -18.6667, 12.6667, -18.6667, 12.3333, -18.6667, 13.0, -18.6667, 13.0, -18.0, 13.0, -17.3333, 13.6667, -17.0, 13.3333, -15.0, 14.0, -14.0, 13.0, -13.0, 12.6667, -12.0, 12.6667, -11.3333, 13.0, -10.3333, 12.6667, -8.6667, 16.6667, -3.0, 17.3333, -2.0, 2.6667, -0.6667, 0.3333, -0.6667, -1.0, -0.3333, -1.0, 0.0, -1.0, -0.3333, 0.3333, -1.6667, 2.0, -3.6667, 15.3333, -15.6667, 18.0, -13.6667, 17.3333, -15.3333, 19.3333, -13.3333, 21.0, -11.6667, 23.6667, -10.0, 25.6667, -8.6667, 27.6667, -7.0, 29.3333, -5.3333, 30.3333, -4.3333, 31.0, -3.3333, 31.6667, -2.6667, 32.0, -2.6667, 32.0, -2.3333, 32.6667, -2.0, 32.6667, -2.0, 32.3333, -1.3333, 31.6667, -2.3333, 31.0, -2.6667, 30.0, -3.3333, 30.0, -4.0, 29.3333, -5.0, 28.6667, -6.0, 28.0, -8.0, 27.0, -9.0, 26.6667, -10.0, 26.6667, -11.0, 27.0, -11.3333]",17.533261,11.321326,91.760558
116,116,5c:01:3b:6b:b0:95,-38,256,"[86.0, -32.0, 4.0, 0.0, 15.0, -6.6667, 15.0, -6.3333, 14.0, -6.6667, 13.3333, -6.6667, 13.3333, -6.6667, 12.3333, -6.6667, 12.0, -7.0, 11.0, -6.6667, 10.0, -7.0, 9.3333, -7.6667, 9.0, -8.3333, 9.0, -8.3333, 8.6667, -8.3333, 8.6667, -8.3333, 9.0, -8.3333, 9.0, -8.3333, 9.0, -7.3333, 8.3333, -7.3333, 8.6667, -6.3333, 8.6667, -6.3333, 8.6667, -5.6667, 8.6667, -5.6667, 8.0, -5.3333, 8.0, -5.0, 8.3333, -5.0, 1.3333, -1.6667, 0.0, 0.0, 0.0, 0.0, 0.0, 0.0, 0.0, 0.0, 0.0, 0.0, 0.0, 0.0, 0.0, 0.0, 0.0, 0.0, 0.0, 0.0, 2.0, -2.0, 11.0, -7.3333, 11.3333, -7.3333, 12.3333, -7.0, 13.3333, -7.0, 14.3333, -6.3333, 15.3333, -6.3333, 16.3333, -5.0, 16.6667, -4.0, 17.3333, -3.3333, 17.6667, -3.0, 18.3333, -3.6667, 18.6667, -3.0, 18.6667, -3.0, 18.0, -3.0, 18.0, -3.0, 17.6667, -3.0, 17.6667, -3.3333, 16.6667, -3.3333, 16.6667, -4.3333, 16.3333, -4.3333, 16.3333, -5.3333, 16.3333, -5.3333, 16.0, -6.3333, 16.0, -7.0, 16.6667, -7.0, 16.6667, -7.0, 10.0, -1.6667, 33.3333, -6.3333, 32.3333, -6.3333, 31.3333, -6.6667, 30.3333, -6.6667, 29.3333, -7.6667, 28.3333, -8.0, 26.6667, -9.3333, 25.3333, -10.3333, 23.3333, -11.6667, 22.3333, -13.0, 21.6667, -14.6667, 20.6667, -15.0, 20.3333, -15.3333, 20.3333, -15.3333, 19.6667, -15.3333, 20.0, -15.3333, 20.0, -14.6667, 20.0, -13.6667, 20.3333, -13.6667, 19.6667, -11.6667, 20.0, -10.6667, 19.0, -10.0, 18.3333, -9.0, 18.3333, -8.3333, 18.0, -7.3333, 17.3333, -5.6667, 20.3333, 0.3333, 20.6667, 1.3333, 3.3333, 0.0, 0.6667, -0.6667, -1.0, -0.3333, -1.0, 0.0, -1.0, -0.3333, 0.6667, -1.6667, 3.0, -3.0, 21.6667, -12.3333, 24.0, -10.3333, 23.6667, -11.6667, 25.6667, -9.6667, 27.0, -8.0, 29.3333, -6.0, 31.3333, -4.6667, 33.3333, -3.0, 34.6667, -1.0, 35.6667, 0.0, 36.0, 1.0, 36.3333, 2.0, 37.0, 2.0, 37.0, 2.3333, 37.3333, 2.3333, 37.3333, 2.3333, 36.6667, 3.0, 36.3333, 2.0, 36.0, 1.6667, 35.0, 1.3333, 35.0, 0.6667, 34.6667, -0.3333, 34.3333, -1.3333, 34.0, -3.3333, 33.0, -4.3333, 33.3333, -5.3333, 33.3333, -6.3333, 34.0, -7.0]",19.727586,12.68332,91.760558
117,117,5c:01:3b:6b:b0:95,-42,256,"[86.0, -32.0, 4.0, 0.0, 7.6667, -3.0, 8.0, -2.6667, 7.3333, -3.3333, 6.6667, -3.6667, 6.6667, -3.6667, 6.3333, -3.3333, 6.3333, -4.0, 5.6667, -3.6667, 4.6667, -4.3333, 4.0, -5.0, 4.0, -5.3333, 4.3333, -5.3333, 4.0, -5.0, 4.0, -5.0, 4.0, -5.0, 4.0, -5.0, 4.3333, -4.3333, 3.6667, -4.6667, 3.6667, -4.0, 4.0, -4.0, 4.0, -3.3333, 4.3333, -3.3333, 3.6667, -3.3333, 4.0, -3.0, 4.0, -3.0, 0.3333, -1.3333, 0.0, 0.0, 0.0, 0.0, 0.0, 0.0, 0.0, 0.0, 0.0, 0.0, 0.0, 0.0, 0.0, 0.0, 0.0, 0.0, 0.0, 0.0, 1.0, -1.3333, 6.0, -4.6667, 6.0, -4.3333, 6.6667, -4.0, 7.3333, -3.6667, 8.0, -3.0, 8.6667, -2.6667, 9.3333, -1.0, 9.3333, 0.0, 10.0, 0.3333, 10.0, 1.0, 10.6667, 0.6667, 11.0, 1.0, 11.0, 1.0, 10.3333, 1.0, 10.3333, 1.0, 10.0, 1.0, 10.0, 0.3333, 9.3333, 0.3333, 9.3333, -0.6667, 9.3333, -0.6667, 9.0, -1.6667, 9.0, -1.6667, 9.0, -2.6667, 9.0, -3.3333, 9.3333, -3.3333, 9.3333, -3.3333, 3.6667, 0.6667, 13.0, 1.3333, 12.3333, 1.3333, 12.3333, 0.6667, 12.0, 0.6667, 11.6667, -0.3333, 11.6667, -1.0, 10.6667, -2.6667, 10.3333, -3.6667, 9.3333, -5.3333, 9.0, -7.0, 9.3333, -8.3333, 8.6667, -9.0, 8.6667, -9.6667, 8.6667, -9.6667, 8.0, -9.6667, 8.0, -9.6667, 8.3333, -9.3333, 8.6667, -8.3333, 8.6667, -8.3333, 8.0, -6.3333, 8.3333, -5.3333, 7.6667, -5.0, 7.3333, -4.0, 7.3333, -3.6667, 7.0, -2.6667, 6.3333, -1.3333, 8.0, 3.0, 8.6667, 3.0, 1.3333, 0.3333, 0.3333, -0.6667, -0.6667, -0.6667, -0.6667, 0.0, -0.6667, -0.6667, 0.0, -1.3333, 1.0, -2.0, 9.0, -5.6667, 10.0, -3.6667, 10.0, -5.3333, 11.0, -3.3333, 11.0, -1.0, 11.6667, 1.0, 12.6667, 2.6667, 14.3333, 4.0, 15.3333, 5.0, 16.3333, 5.3333, 16.3333, 5.6667, 16.3333, 6.0, 16.6667, 5.6667, 16.6667, 6.0, 17.0, 6.0, 17.0, 6.0, 16.6667, 6.3333, 16.3333, 5.6667, 16.3333, 5.6667, 15.6667, 5.6667, 15.3333, 5.3333, 14.6667, 5.0, 14.0, 4.6667, 13.3333, 3.6667, 12.6667, 3.3333, 13.3333, 2.3333, 13.0, 1.3333, 13.6667, 1.0]",9.712677,8.693859,91.760558
118,118,5c:01:3b:6b:b0:95,-43,256,"[86.0, -32.0, 4.0, 0.0, -3.6667, 0.3333, -3.0, 0.6667, -3.3333, 0.3333, -3.6667, 0.3333, -3.6667, 0.3333, -3.3333, 1.0, -3.3333, 0.6667, -3.6667, 1.0, -4.6667, 0.6667, -5.0, 0.3333, -5.0, 0.6667, -4.3333, 0.6667, -5.0, 1.0, -5.0, 1.0, -5.0, 1.0, -5.0, 1.0, -4.3333, 1.0, -4.6667, 0.6667, -4.6667, 0.6667, -4.0, 0.3333, -4.0, 0.6667, -3.3333, 0.3333, -3.6667, 0.3333, -3.0, 0.0, -3.0, -0.3333, -1.3333, -0.6667, 0.0, 0.0, 0.0, 0.0, 0.0, 0.0, 0.0, 0.0, 0.0, 0.0, 0.0, 0.0, 0.0, 0.0, 0.0, 0.0, 0.0, 0.0, -1.0, -0.3333, -3.0, 0.3333, -3.0, 0.3333, -2.6667, 0.0, -2.3333, 0.0, -2.0, 0.0, -1.6667, 0.0, -1.3333, 0.6667, -1.3333, 1.3333, -1.0, 1.3333, -1.0, 1.6667, -0.6667, 1.3333, -0.3333, 1.3333, -0.3333, 1.3333, -0.6667, 1.3333, -0.6667, 1.3333, -1.0, 1.3333, -1.0, 1.0, -1.3333, 1.3333, -1.3333, 1.0, -1.3333, 1.0, -2.0, 0.6667, -2.0, 0.6667, -2.0, 0.0, -2.0, 0.0, -2.3333, 0.0, -2.3333, 0.0, -4.6667, 0.6667, -14.0, 3.0, -14.3333, 3.0, -13.3333, 2.6667, -13.0, 2.6667, -12.6667, 2.0, -11.6667, 1.6667, -11.6667, 0.6667, -11.3333, 0.3333, -11.3333, -0.3333, -11.0, -1.0, -10.3333, -1.6667, -10.6667, -1.6667, -10.6667, -2.0, -10.6667, -2.0, -11.0, -2.0, -11.0, -2.0, -10.3333, -2.0, -9.6667, -1.3333, -9.6667, -1.6667, -10.0, -1.0, -9.3333, -0.6667, -9.6667, -0.6667, -9.3333, -0.3333, -9.3333, -0.3333, -9.0, -0.3333, -9.3333, 0.3333, -8.0, 0.3333, -6.6667, -0.6667, -1.3333, -0.3333, -0.6667, -1.0, -0.3333, -0.6667, -0.3333, -0.3333, -0.3333, -0.6667, -1.0, -0.6667, -2.0, -0.6667, -10.0, -0.3333, -10.0, 0.3333, -10.0, 0.0, -10.0, 0.6667, -11.0, 1.6667, -11.6667, 2.3333, -11.6667, 3.0, -10.3333, 3.0, -9.3333, 3.0, -8.3333, 2.6667, -8.3333, 2.3333, -8.3333, 2.0, -8.6667, 1.3333, -8.6667, 1.3333, -8.0, 1.3333, -8.0, 1.3333, -7.6667, 1.6667, -8.3333, 1.3333, -8.3333, 2.0, -8.6667, 2.6667, -9.3333, 2.3333, -10.6667, 2.6667, -12.0, 3.0, -13.3333, 3.0, -13.6667, 3.3333, -13.3333, 3.0, -14.0, 2.6667, -13.6667, 2.3333]",6.699778,8.734865,91.760558
119,119,5c:01:3b:6b:b0:95,-38,256,"[86.0, -32.0, 4.0, 0.0, -12.6667, 6.6667, -11.6667, 6.6667, -11.6667, 6.3333, -11.3333, 6.0, -11.3333, 6.0, -10.3333, 6.6667, -10.0, 6.3333, -10.0, 6.3333, -10.6667, 6.0, -10.6667, 5.6667, -11.0, 6.6667, -10.3333, 6.6667, -11.0, 7.0, -11.0, 7.0, -11.0, 7.0, -11.0, 7.0, -10.3333, 6.3333, -10.0, 6.0, -9.6667, 5.3333, -9.0, 4.6667, -9.0, 5.0, -8.6667, 4.3333, -8.6667, 4.3333, -8.3333, 4.0, -8.3333, 3.3333, -2.6667, 0.3333, 0.0, 0.0, 0.0, 0.0, 0.0, 0.0, 0.0, 0.0, 0.0, 0.0, 0.0, 0.0, 0.0, 0.0, 0.0, 0.0, 0.0, 0.0, -2.3333, 1.0, -9.3333, 6.0, -9.3333, 6.3333, -9.6667, 6.0, -10.0, 6.3333, -10.3333, 6.0, -10.6667, 6.3333, -11.0, 6.3333, -11.0, 6.6667, -11.3333, 6.0, -11.6667, 6.3333, -12.0, 6.3333, -11.6667, 5.6667, -11.6667, 5.6667, -11.6667, 5.6667, -11.6667, 5.6667, -11.6667, 5.6667, -11.6667, 5.3333, -11.3333, 6.0, -11.3333, 6.3333, -11.3333, 6.3333, -11.6667, 6.6667, -11.6667, 6.6667, -11.6667, 6.3333, -11.6667, 6.6667, -12.3333, 6.6667, -12.0, 6.6667, -11.0, 3.0, -33.6667, 12.3333, -33.6667, 12.3333, -32.0, 12.0, -31.3333, 12.0, -30.0, 11.6667, -28.3333, 11.3333, -27.3333, 10.6667, -26.3333, 11.0, -25.0, 11.0, -24.0, 11.0, -22.6667, 11.3333, -22.3333, 11.6667, -22.3333, 11.3333, -22.3333, 11.3333, -22.3333, 11.3333, -22.3333, 11.3333, -22.0, 10.6667, -21.3333, 11.0, -21.3333, 10.3333, -21.6667, 9.6667, -21.3333, 9.3333, -21.3333, 8.6667, -20.6667, 8.3333, -20.6667, 7.6667, -20.3333, 6.6667, -20.6667, 6.3333, -21.3333, 3.0, -20.3333, 1.0, -3.6667, 0.0, -1.6667, -1.0, 0.0, -1.0, 0.0, -0.6667, 0.0, -1.0, -1.6667, 0.3333, -3.6667, 1.6667, -21.6667, 11.6667, -23.0, 11.0, -23.0, 11.6667, -24.6667, 11.0, -27.0, 11.3333, -29.0, 10.6667, -30.3333, 10.6667, -30.3333, 10.0, -30.3333, 9.0, -30.0, 8.0, -30.3333, 7.0, -30.3333, 6.0, -31.3333, 5.0, -31.3333, 5.0, -30.6667, 5.0, -31.0, 5.0, -30.3333, 5.0, -31.0, 5.0, -30.6667, 6.0, -30.3333, 7.0, -30.6667, 7.0, -32.0, 8.0, -33.0, 9.0, -33.6667, 10.0, -33.3333, 11.0, -33.0, 11.3333, -33.6667, 11.6667, -33.3333, 11.6667]",18.511335,12.56413,91.760558
120,120,5c:01:3b:6b:b0:95,-39,256,"[86.0, -32.0, 4.0, 0.0, -7.6667, 13.3333, -7.0, 13.3333, -7.3333, 13.3333, -7.0, 13.0, -7.0, 13.0, -6.6667, 13.6667, -6.3333, 13.6667, -6.6667, 13.3333, -7.0, 13.0, -7.0, 13.0, -7.3333, 13.6667, -6.6667, 13.3333, -6.6667, 13.3333, -6.6667, 13.3333, -7.0, 13.6667, -7.0, 13.3333, -6.6667, 13.0, -6.3333, 12.6667, -6.3333, 12.0, -6.0, 11.0, -5.6667, 11.0, -5.6667, 10.0, -5.6667, 10.0, -5.3333, 9.0, -5.3333, 8.3333, -2.0, 1.6667, 0.0, 0.0, 0.0, 0.0, 0.0, 0.0, 0.0, 0.0, 0.0, 0.0, 0.0, 0.0, 0.0, 0.0, 0.0, 0.0, 0.0, 0.0, -1.6667, 2.6667, -6.3333, 13.0, -6.3333, 13.3333, -6.3333, 12.6667, -6.3333, 12.6667, -6.3333, 12.0, -6.3333, 12.0, -6.3333, 11.6667, -6.0, 11.6667, -6.6667, 11.0, -7.0, 11.0, -7.3333, 11.0, -7.6667, 10.3333, -7.6667, 10.0, -7.6667, 10.0, -7.6667, 10.0, -7.3333, 10.0, -7.3333, 10.0, -6.6667, 10.6667, -6.3333, 11.6667, -6.3333, 11.6667, -6.6667, 12.3333, -6.6667, 12.3333, -7.0, 12.3333, -7.0, 13.3333, -7.6667, 13.6667, -7.3333, 13.6667, -6.6667, 5.6667, -19.0, 21.6667, -19.3333, 21.6667, -18.3333, 21.3333, -17.6667, 21.3333, -16.3333, 21.0, -15.3333, 21.0, -15.0, 20.6667, -14.6667, 21.0, -14.0, 21.6667, -14.0, 22.3333, -13.3333, 23.3333, -13.3333, 24.0, -13.3333, 24.0, -13.3333, 24.0, -13.3333, 24.0, -13.3333, 24.0, -13.3333, 23.0, -12.6667, 22.6667, -12.6667, 22.0, -12.6667, 20.0, -12.3333, 19.0, -12.3333, 17.6667, -11.6667, 17.0, -11.6667, 16.0, -11.3333, 14.0, -11.3333, 13.0, -15.0, 8.6667, -15.3333, 7.3333, -3.0, 1.0, -1.6667, -0.6667, -0.3333, -1.0, -0.3333, -1.3333, -0.3333, -1.0, -1.3333, 1.0, -2.0, 3.6667, -11.6667, 21.6667, -12.0, 20.3333, -13.0, 22.3333, -13.6667, 20.6667, -14.6667, 20.3333, -16.6667, 18.6667, -18.3333, 18.0, -19.3333, 17.3333, -20.3333, 16.6667, -20.6667, 16.0, -21.3333, 15.3333, -21.6667, 14.6667, -22.3333, 14.3333, -22.3333, 14.3333, -22.3333, 14.3333, -22.6667, 14.0, -22.3333, 14.0, -22.6667, 14.0, -22.0, 14.3333, -21.3333, 15.0, -21.0, 15.3333, -21.3333, 16.3333, -21.3333, 17.3333, -21.0, 18.0, -20.0, 19.0, -19.3333, 20.3333, -19.3333, 21.3333, -19.0, 21.3333]",17.629196,10.991063,91.760558
121,121,5c:01:3b:6b:b0:95,-39,256,"[86.0, -32.0, 4.0, 0.0, -2.6667, 12.3333, -2.3333, 12.3333, -3.0, 12.3333, -2.6667, 12.0, -2.6667, 12.3333, -3.0, 12.6667, -2.6667, 12.6667, -3.3333, 12.3333, -3.6667, 12.0, -3.6667, 12.0, -4.3333, 12.3333, -4.0, 12.0, -3.6667, 12.0, -3.6667, 12.0, -4.0, 12.3333, -4.0, 12.0, -4.0, 12.0, -3.3333, 11.3333, -3.0, 11.0, -3.0, 10.3333, -2.3333, 10.0, -2.6667, 9.3333, -2.6667, 9.3333, -2.3333, 8.3333, -2.3333, 8.0, -1.3333, 1.6667, 0.0, 0.0, 0.0, 0.0, 0.0, 0.0, 0.0, 0.0, 0.0, 0.0, 0.0, 0.0, 0.0, 0.0, 0.0, 0.0, 0.0, 0.0, -1.0, 2.3333, -3.6667, 11.6667, -3.3333, 12.0, -3.0, 11.6667, -2.6667, 11.6667, -2.3333, 11.3333, -2.0, 11.3333, -1.6667, 11.0, -1.0, 11.0, -2.0, 10.3333, -2.3333, 10.3333, -2.6667, 10.3333, -3.3333, 10.0, -3.3333, 9.6667, -3.3333, 9.6667, -3.3333, 9.6667, -3.0, 9.6667, -3.0, 9.6667, -2.0, 10.0, -1.3333, 11.0, -1.3333, 11.0, -1.6667, 11.3333, -1.6667, 11.6667, -2.3333, 11.6667, -2.3333, 12.3333, -3.0, 13.0, -2.6667, 12.6667, -2.3333, 6.6667, -4.3333, 25.0, -5.0, 25.0, -4.6667, 24.3333, -4.0, 24.3333, -2.6667, 24.0, -2.3333, 24.0, -2.6667, 24.0, -3.0, 24.3333, -3.0, 25.0, -4.0, 25.6667, -4.0, 26.6667, -4.3333, 27.3333, -4.3333, 27.3333, -4.3333, 27.3333, -4.3333, 27.3333, -4.3333, 27.0, -4.6667, 26.3333, -4.0, 25.6667, -4.0, 25.0, -3.6667, 23.0, -3.3333, 22.0, -3.3333, 20.3333, -2.6667, 19.6667, -2.6667, 18.6667, -2.3333, 16.6667, -2.0, 15.3333, -8.6667, 11.0, -10.3333, 9.6667, -2.3333, 1.3333, -1.3333, -0.3333, -0.6667, -1.0, -0.6667, -1.3333, -0.6667, -1.0, -1.0, 1.0, -0.3333, 4.0, -1.6667, 24.6667, -1.0, 23.3333, -3.0, 25.0, -2.6667, 23.3333, -2.3333, 23.0, -4.3333, 21.6667, -6.3333, 21.0, -8.3333, 20.3333, -10.3333, 19.6667, -11.3333, 18.6667, -12.3333, 18.0, -13.0, 17.3333, -13.3333, 17.3333, -13.3333, 17.3333, -14.0, 17.0, -14.3333, 16.6667, -14.3333, 16.3333, -14.3333, 16.6667, -13.3333, 17.0, -12.3333, 17.6667, -11.3333, 18.3333, -10.6667, 19.3333, -9.6667, 20.3333, -8.3333, 21.0, -6.6667, 22.0, -5.6667, 23.6667, -5.0, 24.6667, -4.6667, 25.0]",15.641814,10.609563,91.760558
122,122,5c:01:3b:6b:b0:95,-42,256,"[86.0, -32.0, 4.0, 0.0, -3.6667, 11.6667, -3.6667, 11.6667, -4.0, 11.6667, -4.0, 11.3333, -4.0, 11.6667, -4.3333, 11.6667, -4.0, 11.6667, -4.6667, 11.3333, -5.0, 11.0, -4.6667, 11.0, -5.0, 11.0, -4.6667, 10.6667, -4.3333, 10.6667, -4.3333, 10.6667, -4.6667, 11.0, -4.6667, 10.6667, -4.6667, 11.0, -4.3333, 10.3333, -4.0, 10.0, -4.0, 9.6667, -3.3333, 9.3333, -3.3333, 8.6667, -3.3333, 8.6667, -2.6667, 8.0, -2.6667, 7.6667, -1.3333, 1.6667, 0.0, 0.0, 0.0, 0.0, 0.0, 0.0, 0.0, 0.0, 0.0, 0.0, 0.0, 0.0, 0.0, 0.0, 0.0, 0.0, 0.0, 0.0, -1.3333, 2.0, -5.0, 10.3333, -4.6667, 10.6667, -4.3333, 10.6667, -4.0, 10.6667, -3.3333, 10.6667, -3.0, 10.6667, -2.3333, 10.3333, -2.0, 10.3333, -2.6667, 9.6667, -3.0, 9.6667, -3.0, 9.6667, -3.6667, 9.6667, -3.6667, 9.3333, -3.6667, 9.3333, -3.6667, 9.3333, -3.3333, 9.3333, -3.3333, 9.3333, -2.6667, 9.3333, -2.0, 10.3333, -2.0, 10.3333, -2.6667, 10.3333, -2.6667, 11.0, -3.0, 11.0, -3.3333, 11.3333, -4.0, 12.3333, -4.0, 11.6667, -4.6667, 8.3333, -12.0, 30.0, -12.6667, 30.0, -12.3333, 29.0, -11.3333, 29.0, -10.0, 28.6667, -9.3333, 29.0, -9.3333, 29.0, -9.6667, 29.0, -9.6667, 29.6667, -10.6667, 30.0, -10.6667, 31.0, -11.0, 31.6667, -11.0, 31.6667, -10.6667, 32.0, -10.6667, 32.0, -10.3333, 31.6667, -10.3333, 31.0, -9.6667, 30.0, -9.6667, 29.3333, -9.0, 27.3333, -8.3333, 26.3333, -8.0, 24.3333, -7.3333, 23.6667, -7.3333, 22.6667, -6.6667, 20.6667, -6.3333, 19.3333, -12.0, 15.6667, -13.6667, 14.6667, -3.0, 2.0, -1.3333, 0.0, -0.6667, -1.0, -0.6667, -1.6667, -0.6667, -1.0, -1.3333, 1.0, -1.3333, 4.6667, -7.3333, 28.6667, -6.6667, 27.3333, -10.0, 27.6667, -9.6667, 26.3333, -9.3333, 25.6667, -11.3333, 24.6667, -13.3333, 24.3333, -15.3333, 23.6667, -17.3333, 23.3333, -18.3333, 22.3333, -19.3333, 21.6667, -20.0, 21.0, -20.3333, 21.3333, -20.6667, 21.0, -21.3333, 20.3333, -21.3333, 20.0, -21.3333, 19.6667, -21.3333, 20.3333, -20.0, 20.6667, -19.0, 21.3333, -18.3333, 22.3333, -17.3333, 23.6667, -16.6667, 24.6667, -15.6667, 25.3333, -14.3333, 26.3333, -13.6667, 28.3333, -13.3333, 29.3333, -13.3333, 30.0]",18.191833,12.844012,91.760558
123,123,5c:01:3b:6b:b0:95,-39,256,"[86.0, -32.0, 4.0, 0.0, -7.3333, 7.6667, -7.3333, 7.6667, -7.0, 7.6667, -7.0, 7.6667, -7.0, 8.0, -6.6667, 8.0, -6.0, 7.6667, -6.3333, 8.0, -6.6667, 8.0, -6.0, 8.0, -6.3333, 8.0, -6.3333, 8.0, -6.3333, 8.0, -6.3333, 8.0, -6.3333, 8.0, -6.3333, 8.0, -6.3333, 8.0, -6.0, 7.3333, -5.0, 7.0, -5.0, 7.0, -4.6667, 6.3333, -4.6667, 6.0, -4.6667, 6.0, -4.3333, 5.3333, -4.3333, 5.0, -1.6667, 1.0, 0.0, 0.0, 0.0, 0.0, 0.0, 0.0, 0.0, 0.0, 0.0, 0.0, 0.0, 0.0, 0.0, 0.0, 0.0, 0.0, 0.0, 0.0, -1.6667, 1.0, -6.6667, 6.6667, -6.3333, 6.6667, -6.6667, 7.0, -7.0, 7.0, -6.6667, 7.0, -7.0, 7.0, -6.6667, 6.0, -7.0, 6.0, -7.3333, 5.0, -8.0, 5.0, -8.0, 5.0, -8.3333, 5.0, -8.3333, 5.0, -8.3333, 5.0, -8.3333, 5.0, -7.6667, 5.0, -7.6667, 5.0, -7.3333, 5.0, -7.0, 6.0, -7.0, 6.0, -7.3333, 6.0, -7.3333, 7.0, -7.0, 7.0, -7.6667, 7.0, -8.0, 8.0, -8.0, 7.0, -9.3333, 7.3333, -27.0, 26.0, -27.3333, 26.0, -26.6667, 25.3333, -25.6667, 25.0, -24.0, 24.6667, -22.6667, 25.0, -21.6667, 25.6667, -21.3333, 26.3333, -20.3333, 27.3333, -20.3333, 28.0, -19.3333, 29.0, -19.0, 30.0, -19.0, 30.0, -18.3333, 30.3333, -18.3333, 30.3333, -17.6667, 29.6667, -17.6667, 29.3333, -17.3333, 28.3333, -17.3333, 27.3333, -17.0, 25.3333, -16.6667, 24.3333, -16.0, 22.3333, -15.6667, 21.3333, -15.6667, 20.3333, -15.3333, 18.3333, -15.6667, 16.6667, -19.0, 14.6667, -20.3333, 13.3333, -4.0, 1.6667, -1.6667, 0.0, -0.3333, -1.0, -0.3333, -1.3333, -0.3333, -1.0, -1.6667, 1.0, -2.6667, 4.3333, -15.6667, 27.0, -16.3333, 25.0, -20.0, 25.0, -21.3333, 23.3333, -22.6667, 22.0, -24.6667, 21.0, -26.6667, 20.6667, -28.6667, 19.6667, -30.6667, 19.3333, -31.6667, 18.0, -32.6667, 17.0, -33.0, 16.0, -33.6667, 16.0, -34.3333, 15.3333, -34.6667, 14.3333, -34.6667, 14.3333, -34.6667, 14.0, -34.6667, 15.0, -33.0, 16.0, -32.0, 17.0, -31.6667, 18.0, -30.6667, 19.6667, -30.3333, 20.6667, -29.3333, 21.6667, -28.6667, 22.6667, -28.3333, 24.6667, -28.6667, 25.3333, -28.6667, 26.0]",19.628756,15.096052,91.760558
124,124,5c:01:3b:6b:b0:95,-40,256,"[86.0, -32.0, 4.0, 0.0, -11.0, 8.0, -11.0, 8.0, -10.0, 8.0, -10.0, 8.0, -10.0, 8.0, -9.0, 8.0, -8.0, 7.3333, -8.0, 7.6667, -8.0, 7.6667, -7.0, 8.0, -7.0, 8.0, -7.0, 8.0, -7.0, 8.0, -7.0, 8.0, -7.0, 8.0, -7.0, 8.0, -7.0, 8.0, -7.0, 7.3333, -6.0, 7.0, -6.0, 6.6667, -6.0, 6.3333, -6.0, 6.0, -6.0, 6.0, -6.0, 5.3333, -6.0, 5.0, -2.0, 1.0, 0.0, 0.0, 0.0, 0.0, 0.0, 0.0, 0.0, 0.0, 0.0, 0.0, 0.0, 0.0, 0.0, 0.0, 0.0, 0.0, 0.0, 0.0, -2.0, 1.0, -8.0, 6.3333, -8.0, 6.3333, -9.0, 6.6667, -9.6667, 6.6667, -10.0, 6.6667, -11.0, 6.6667, -11.0, 5.6667, -11.6667, 5.6667, -12.0, 5.0, -12.6667, 5.0, -13.0, 5.0, -13.0, 5.0, -12.6667, 4.6667, -12.6667, 4.6667, -12.6667, 5.0, -12.0, 5.0, -12.0, 5.0, -11.6667, 5.0, -11.6667, 5.6667, -11.6667, 6.0, -11.6667, 6.0, -11.6667, 6.6667, -11.0, 6.6667, -11.6667, 7.0, -12.0, 7.6667, -12.0, 7.0, -14.0, 8.0, -42.0, 26.3333, -42.0, 26.3333, -41.0, 26.0, -40.0, 25.3333, -38.0, 24.3333, -36.0, 24.3333, -34.0, 24.6667, -33.0, 25.3333, -31.0, 26.0, -30.0, 26.6667, -28.0, 27.6667, -27.0, 28.6667, -27.0, 28.6667, -26.0, 29.0, -26.0, 29.0, -25.0, 28.6667, -25.0, 28.0, -25.0, 27.3333, -25.0, 26.3333, -25.0, 24.3333, -25.0, 23.0, -24.0, 21.6667, -24.0, 20.6667, -24.0, 19.6667, -24.0, 17.6667, -25.0, 16.6667, -26.0, 17.0, -27.0, 16.0, -5.0, 2.0, -2.0, 0.0, 0.0, -1.0, 0.0, -1.3333, 0.0, -1.0, -2.0, 1.0, -4.0, 4.0, -24.0, 24.6667, -26.0, 22.6667, -30.0, 23.3333, -33.0, 21.6667, -36.0, 21.0, -38.0, 21.0, -40.0, 21.0, -42.0, 20.0, -44.0, 20.0, -45.0, 19.0, -45.6667, 18.0, -46.0, 17.0, -47.0, 17.0, -47.6667, 16.0, -47.6667, 15.0, -47.6667, 15.0, -48.0, 15.0, -48.0, 16.0, -46.0, 17.0, -45.0, 18.0, -45.0, 19.0, -44.0, 21.0, -44.0, 22.0, -43.0, 23.0, -43.0, 24.0, -43.0, 26.0, -44.0, 26.3333, -44.0, 26.6667]",24.445094,18.633128,91.760558
125,125,5c:01:3b:6b:b0:95,-44,256,"[86.0, -32.0, 4.0, 0.0, -11.0, 7.6667, -11.0, 7.6667, -10.0, 7.6667, -10.0, 7.6667, -10.0, 7.6667, -9.0, 7.6667, -8.3333, 7.0, -8.0, 7.0, -8.0, 6.6667, -7.3333, 6.6667, -7.0, 6.6667, -7.0, 6.3333, -7.0, 6.6667, -7.0, 6.6667, -7.0, 6.6667, -7.0, 6.6667, -7.0, 6.6667, -7.0, 6.0, -6.3333, 6.3333, -6.3333, 6.0, -6.3333, 5.6667, -6.3333, 5.6667, -6.3333, 5.6667, -6.3333, 5.0, -6.3333, 5.0, -2.0, 1.0, 0.0, 0.0, 0.0, 0.0, 0.0, 0.0, 0.0, 0.0, 0.0, 0.0, 0.0, 0.0, 0.0, 0.0, 0.0, 0.0, 0.0, 0.0, -2.0, 1.0, -8.0, 5.6667, -8.0, 6.0, -9.0, 6.3333, -9.3333, 6.3333, -10.0, 6.3333, -11.0, 6.3333, -11.0, 5.3333, -11.3333, 5.3333, -12.0, 5.0, -12.3333, 5.0, -13.0, 5.0, -13.0, 5.0, -12.3333, 4.3333, -12.3333, 4.3333, -12.3333, 5.0, -12.0, 5.0, -12.0, 5.0, -11.3333, 5.0, -11.3333, 5.3333, -11.3333, 6.0, -11.3333, 6.0, -11.3333, 6.3333, -11.0, 6.3333, -11.3333, 7.0, -12.0, 7.3333, -12.0, 7.0, -14.3333, 7.0, -43.0, 23.6667, -43.0, 23.3333, -42.0, 23.3333, -40.6667, 22.3333, -38.6667, 21.3333, -37.0, 21.3333, -35.3333, 21.3333, -34.0, 21.6667, -32.3333, 21.3333, -31.3333, 21.6667, -29.6667, 21.6667, -28.6667, 22.3333, -28.6667, 22.0, -28.0, 22.0, -27.6667, 22.0, -27.0, 21.6667, -27.0, 21.3333, -27.0, 21.0, -27.0, 20.3333, -26.6667, 19.3333, -26.6667, 18.3333, -25.6667, 17.6667, -25.3333, 17.0, -25.3333, 16.3333, -25.3333, 15.3333, -25.6667, 14.6667, -26.3333, 13.6667, -26.6667, 12.6667, -5.0, 1.3333, -2.0, 0.0, 0.0, -1.0, 0.0, -1.0, 0.0, -1.0, -2.0, 0.6667, -4.6667, 2.6667, -26.0, 18.6667, -28.0, 18.0, -30.6667, 19.3333, -33.6667, 19.0, -36.3333, 19.3333, -38.6667, 19.3333, -40.3333, 19.0, -42.3333, 18.0, -43.6667, 17.6667, -44.3333, 16.6667, -44.6667, 15.6667, -45.0, 14.6667, -46.0, 14.6667, -46.3333, 13.6667, -46.0, 13.0, -45.6667, 12.6667, -46.0, 13.0, -46.3333, 13.6667, -44.6667, 14.3333, -44.0, 15.3333, -44.3333, 16.3333, -43.6667, 18.0, -44.0, 19.0, -43.3333, 20.3333, -43.3333, 21.6667, -43.6667, 23.3333, -44.6667, 24.0, -44.6667, 24.0]",23.612151,18.095935,91.760558
126,126,5c:01:3b:6b:b0:95,-40,256,"[86.0, -32.0, 4.0, 0.0, -11.0, 7.3333, -11.0, 7.3333, -10.0, 7.3333, -10.0, 7.3333, -10.0, 7.3333, -9.0, 7.3333, -8.6667, 7.0, -8.0, 6.6667, -8.0, 6.3333, -7.6667, 6.6667, -7.0, 6.3333, -7.0, 6.0, -7.0, 6.3333, -7.0, 6.3333, -7.0, 6.3333, -7.0, 6.3333, -7.0, 6.3333, -7.0, 6.0, -6.6667, 6.3333, -6.6667, 5.6667, -6.6667, 5.6667, -6.6667, 5.6667, -6.6667, 5.6667, -6.6667, 5.0, -6.6667, 5.0, -2.0, 1.0, 0.0, 0.0, 0.0, 0.0, 0.0, 0.0, 0.0, 0.0, 0.0, 0.0, 0.0, 0.0, 0.0, 0.0, 0.0, 0.0, 0.0, 0.0, -2.0, 1.0, -8.0, 6.0, -8.0, 6.0, -9.0, 6.0, -9.0, 6.0, -10.0, 6.0, -11.0, 6.0, -11.0, 5.0, -11.0, 5.0, -12.0, 5.0, -12.0, 5.0, -13.0, 5.0, -13.0, 5.0, -12.0, 4.0, -12.0, 4.0, -12.0, 5.0, -12.0, 5.0, -12.0, 5.0, -11.0, 5.0, -11.0, 5.0, -11.0, 6.0, -11.0, 6.0, -11.0, 6.0, -11.0, 6.0, -11.0, 7.0, -12.0, 7.0, -12.0, 7.0, -14.6667, 6.0, -44.0, 22.3333, -44.0, 21.6667, -43.0, 21.6667, -41.3333, 20.6667, -39.3333, 20.0, -38.0, 20.3333, -36.6667, 20.3333, -35.0, 20.6667, -33.6667, 20.0, -32.6667, 20.3333, -31.3333, 20.3333, -30.3333, 21.0, -30.3333, 20.6667, -30.0, 20.6667, -29.3333, 20.6667, -29.0, 20.6667, -29.0, 20.0, -29.0, 20.0, -29.0, 19.3333, -28.3333, 18.3333, -28.3333, 17.0, -27.3333, 17.0, -26.6667, 16.3333, -26.6667, 15.6667, -26.6667, 14.6667, -26.3333, 14.3333, -26.6667, 10.3333, -26.3333, 9.3333, -5.0, 0.6667, -2.0, 0.0, 0.0, -1.0, 0.0, -1.0, 0.0, -1.0, -2.0, 0.6667, -5.3333, 2.3333, -28.0, 16.3333, -30.0, 15.6667, -31.3333, 17.6667, -34.3333, 17.3333, -36.6667, 17.6667, -39.3333, 17.6667, -40.6667, 17.0, -42.6667, 16.0, -43.3333, 15.3333, -43.6667, 14.3333, -43.6667, 13.3333, -44.0, 12.3333, -45.0, 12.3333, -45.0, 11.3333, -44.3333, 11.0, -43.6667, 10.3333, -44.0, 11.0, -44.6667, 11.3333, -43.3333, 11.6667, -43.0, 12.6667, -43.6667, 13.6667, -43.3333, 15.0, -44.0, 16.0, -43.6667, 17.6667, -43.6667, 19.3333, -44.3333, 20.6667, -45.3333, 22.0, -45.3333, 22.0]",23.422555,17.883891,91.760558
127,127,5c:01:3b:6b:b0:95,-40,256,"[86.0, -32.0, 4.0, 0.0, -12.0, 5.3333, -11.6667, 5.3333, -11.0, 5.3333, -10.6667, 5.3333, -10.6667, 5.6667, -10.0, 5.6667, -9.6667, 5.6667, -9.0, 5.6667, -9.0, 5.3333, -9.0, 5.3333, -8.3333, 5.0, -8.0, 4.6667, -8.0, 5.3333, -8.0, 5.3333, -8.0, 5.0, -8.0, 5.0, -8.0, 5.0, -8.0, 5.0, -8.0, 5.0, -8.0, 4.6667, -8.0, 4.6667, -7.6667, 4.3333, -7.6667, 4.3333, -7.6667, 4.0, -7.6667, 3.6667, -2.3333, 0.6667, 0.0, 0.0, 0.0, 0.0, 0.0, 0.0, 0.0, 0.0, 0.0, 0.0, 0.0, 0.0, 0.0, 0.0, 0.0, 0.0, 0.0, 0.0, -2.3333, 1.0, -8.6667, 5.3333, -8.6667, 5.0, -9.6667, 5.0, -9.6667, 5.0, -10.6667, 4.6667, -11.3333, 4.6667, -11.6667, 3.6667, -11.3333, 3.6667, -12.0, 3.6667, -12.3333, 3.3333, -13.0, 3.3333, -13.0, 3.3333, -12.3333, 2.6667, -12.0, 2.6667, -12.0, 3.3333, -12.0, 3.3333, -12.0, 3.3333, -11.3333, 3.3333, -11.6667, 3.6667, -11.6667, 4.3333, -11.6667, 4.6667, -11.6667, 4.6667, -11.3333, 4.6667, -11.6667, 5.3333, -12.3333, 5.3333, -12.6667, 5.3333, -15.3333, 3.3333, -46.6667, 15.0, -46.3333, 14.3333, -45.3333, 14.3333, -43.3333, 13.6667, -41.6667, 14.0, -40.6667, 15.0, -39.6667, 15.3333, -38.3333, 15.6667, -37.3333, 15.3333, -36.6667, 15.6667, -35.6667, 16.0, -35.0, 16.6667, -35.0, 16.3333, -35.0, 16.6667, -34.3333, 16.6667, -34.0, 16.6667, -34.0, 16.0, -33.6667, 15.6667, -33.6667, 15.0, -32.6667, 14.3333, -32.0, 13.0, -31.3333, 12.6667, -30.0, 12.0, -29.6667, 11.3333, -29.3333, 10.6667, -28.3333, 9.6667, -27.0, 3.0, -26.0, 1.6667, -5.0, -0.6667, -2.0, -0.3333, 0.0, -1.0, 0.0, -1.0, 0.0, -1.0, -2.0, 0.3333, -6.3333, 2.0, -32.0, 14.3333, -33.6667, 13.6667, -34.0, 14.6667, -36.6667, 14.3333, -38.0, 13.6667, -40.3333, 12.0, -41.3333, 11.0, -43.0, 9.6667, -43.0, 8.3333, -43.0, 7.3333, -43.0, 6.0, -43.0, 5.0, -44.0, 5.0, -44.0, 4.0, -43.0, 4.0, -42.0, 3.0, -42.0, 4.0, -43.0, 4.0, -42.0, 4.0, -42.0, 5.0, -43.0, 6.0, -43.0, 7.0, -44.0, 8.0, -44.3333, 9.6667, -44.6667, 11.6667, -45.6667, 12.6667, -46.3333, 14.3333, -46.3333, 14.3333]",23.26817,17.589092,91.760558
128,128,5c:01:3b:6b:b0:95,-40,256,"[86.0, -32.0, 4.0, 0.0, -8.6667, 3.6667, -8.3333, 3.6667, -8.3333, 3.6667, -8.0, 3.6667, -8.0, 4.3333, -8.0, 4.3333, -7.6667, 4.3333, -7.6667, 5.0, -8.0, 5.0, -8.3333, 5.3333, -8.0, 5.0, -7.6667, 5.0, -7.6667, 5.6667, -7.6667, 5.6667, -7.6667, 5.0, -7.6667, 5.0, -7.6667, 5.0, -7.3333, 5.0, -7.0, 4.3333, -7.0, 4.0, -6.6667, 4.0, -6.3333, 3.3333, -6.3333, 3.3333, -6.0, 3.0, -5.6667, 2.3333, -2.0, 0.3333, 0.0, 0.0, 0.0, 0.0, 0.0, 0.0, 0.0, 0.0, 0.0, 0.0, 0.0, 0.0, 0.0, 0.0, 0.0, 0.0, 0.0, 0.0, -2.3333, 1.0, -7.3333, 5.0, -7.0, 4.0, -7.3333, 4.0, -7.3333, 4.0, -7.6667, 3.3333, -7.6667, 3.3333, -7.6667, 2.3333, -7.0, 2.3333, -7.3333, 2.3333, -7.6667, 1.6667, -8.0, 1.6667, -8.0, 1.6667, -7.6667, 1.3333, -7.3333, 1.3333, -7.3333, 1.6667, -7.3333, 1.6667, -7.3333, 1.6667, -6.6667, 1.6667, -7.3333, 2.3333, -7.3333, 2.6667, -7.3333, 3.3333, -7.6667, 3.3333, -7.6667, 3.3333, -8.0, 3.6667, -8.3333, 3.6667, -8.6667, 3.6667, -10.3333, 1.6667, -31.3333, 9.0, -31.0, 8.6667, -30.3333, 8.6667, -29.3333, 8.3333, -28.6667, 9.0, -28.0, 10.0, -27.6667, 11.0, -27.3333, 12.0, -27.3333, 12.6667, -27.3333, 13.6667, -27.3333, 15.3333, -27.3333, 16.3333, -27.3333, 16.3333, -27.3333, 17.0, -27.0, 17.0, -26.6667, 17.0, -26.3333, 16.0, -26.0, 15.3333, -25.6667, 14.3333, -24.6667, 13.0, -23.6667, 11.0, -23.0, 10.3333, -21.6667, 9.3333, -21.3333, 8.3333, -20.6667, 7.0, -19.6667, 5.3333, -17.0, -1.0, -15.6667, -2.6667, -3.3333, -1.3333, -1.6667, -0.6667, -0.3333, -1.0, 0.0, -1.0, 0.0, -1.0, -1.6667, 0.3333, -5.0, 2.3333, -25.0, 15.0, -25.3333, 13.0, -25.3333, 14.0, -26.0, 12.0, -26.0, 10.3333, -26.6667, 8.0, -26.6667, 7.0, -27.0, 5.3333, -26.3333, 3.6667, -26.6667, 2.6667, -27.0, 1.0, -27.3333, 0.0, -28.0, 0.0, -28.0, -1.0, -27.6667, -1.0, -27.0, -2.0, -27.0, -1.0, -27.6667, -1.0, -26.6667, -1.0, -26.0, 0.0, -26.3333, 1.0, -26.3333, 2.0, -27.3333, 3.0, -28.0, 4.3333, -28.6667, 6.3333, -30.0, 7.3333, -30.3333, 8.6667, -30.3333, 8.6667]",16.611549,13.030414,91.760558
129,129,5c:01:3b:6b:b0:95,-40,256,"[86.0, -32.0, 4.0, 0.0, -5.3333, 2.0, -5.0, 2.0, -5.6667, 2.0, -5.3333, 2.0, -5.3333, 3.0, -6.0, 3.0, -5.6667, 3.0, -6.3333, 4.0, -7.0, 4.0, -7.6667, 4.0, -7.6667, 4.0, -7.3333, 4.0, -7.3333, 5.0, -7.3333, 5.0, -7.3333, 4.0, -7.3333, 4.0, -7.3333, 4.0, -6.6667, 4.0, -6.0, 3.0, -6.0, 3.0, -5.3333, 3.0, -5.0, 2.0, -5.0, 2.0, -4.3333, 2.0, -3.6667, 1.0, -1.6667, 0.0, 0.0, 0.0, 0.0, 0.0, 0.0, 0.0, 0.0, 0.0, 0.0, 0.0, 0.0, 0.0, 0.0, 0.0, 0.0, 0.0, 0.0, 0.0, -2.3333, 1.0, -6.0, 4.0, -5.3333, 3.0, -5.0, 3.0, -5.0, 3.0, -4.6667, 2.0, -4.0, 2.0, -3.6667, 1.0, -2.6667, 1.0, -2.3333, 1.0, -2.6667, 0.0, -2.3333, 0.0, -2.3333, 0.0, -2.3333, 0.0, -2.0, 0.0, -2.0, 0.0, -2.0, 0.0, -2.3333, 0.0, -2.0, 0.0, -3.0, 1.0, -3.0, 1.0, -3.0, 2.0, -3.6667, 2.0, -4.0, 2.0, -4.3333, 2.0, -4.3333, 2.0, -4.6667, 2.0, -5.3333, 0.0, -16.0, 3.0, -15.6667, 3.0, -15.3333, 3.0, -15.3333, 3.0, -15.6667, 4.0, -15.3333, 5.0, -15.6667, 6.0, -16.3333, 7.0, -17.3333, 8.0, -18.0, 9.0, -19.0, 11.0, -19.6667, 12.0, -19.6667, 12.0, -19.6667, 13.0, -19.6667, 13.0, -19.3333, 13.0, -18.6667, 12.0, -18.3333, 11.0, -17.6667, 10.0, -16.6667, 9.0, -15.3333, 7.0, -14.6667, 6.0, -13.3333, 5.0, -13.0, 4.0, -12.0, 3.0, -11.0, 1.0, -7.0, -5.0, -5.3333, -7.0, -1.6667, -2.0, -1.0, -1.0, -0.6667, -1.0, 0.0, -1.0, 0.0, -1.0, -1.3333, 0.0, -3.6667, 2.0, -18.0, 13.0, -17.0, 11.0, -16.6667, 11.0, -15.3333, 9.0, -14.0, 7.0, -13.0, 4.0, -12.0, 3.0, -11.0, 1.0, -9.6667, -1.0, -9.6667, -2.0, -9.6667, -4.0, -9.6667, -5.0, -10.0, -5.0, -10.0, -6.0, -10.0, -6.0, -9.3333, -7.0, -9.3333, -6.0, -10.0, -6.0, -9.3333, -6.0, -9.0, -5.0, -9.3333, -4.0, -9.6667, -3.0, -10.6667, -2.0, -11.6667, -1.0, -12.6667, 1.0, -14.3333, 2.0, -14.3333, 3.0, -14.3333, 3.0]",9.713031,9.794765,91.760558
130,130,5c:01:3b:6b:b0:95,-39,256,"[86.0, -32.0, 4.0, 0.0, 2.0, 1.0, 2.0, 0.6667, 1.3333, 0.6667, 1.3333, 0.3333, 1.3333, 1.0, 0.6667, 1.0, 0.6667, 0.6667, 0.0, 1.0, -0.3333, 1.0, -1.0, 0.6667, -1.0, 0.3333, -1.0, 0.3333, -1.0, 1.0, -1.0, 1.0, -1.0, 0.3333, -1.0, 0.3333, -1.0, 0.6667, -0.6667, 0.6667, 0.0, 0.3333, 0.0, 0.3333, 0.3333, 0.6667, 0.3333, 0.0, 0.0, 0.3333, 0.6667, 0.3333, 1.0, 0.0, -0.3333, -0.3333, 0.0, 0.0, 0.0, 0.0, 0.0, 0.0, 0.0, 0.0, 0.0, 0.0, 0.0, 0.0, 0.0, 0.0, 0.0, 0.0, 0.0, 0.0, -0.6667, 0.3333, 0.0, 1.3333, 0.6667, 1.0, 1.0, 1.3333, 1.0, 1.6667, 1.6667, 1.3333, 2.3333, 1.6667, 3.0, 1.3333, 3.6667, 1.3333, 3.6667, 1.6667, 3.6667, 1.3333, 4.0, 1.3333, 4.0, 1.6667, 4.0, 1.6667, 4.0, 1.6667, 4.0, 1.3333, 4.0, 1.3333, 3.6667, 1.3333, 4.0, 1.0, 3.6667, 1.3333, 3.6667, 1.3333, 3.6667, 1.6667, 3.0, 1.6667, 2.3333, 1.3333, 2.6667, 1.3333, 2.6667, 1.3333, 3.0, 1.3333, 2.3333, 1.0, 9.0, 5.0, 9.0, 5.0, 8.6667, 5.0, 8.0, 4.6667, 7.3333, 4.6667, 7.6667, 5.0, 7.0, 5.3333, 6.6667, 5.6667, 5.6667, 5.6667, 5.3333, 6.0, 4.3333, 6.6667, 4.0, 7.0, 4.0, 6.6667, 4.0, 7.3333, 3.6667, 7.6667, 3.6667, 7.6667, 4.3333, 7.0, 4.0, 6.3333, 4.0, 6.0, 4.3333, 5.6667, 4.3333, 4.6667, 4.6667, 4.3333, 5.0, 3.6667, 4.6667, 3.3333, 4.6667, 3.0, 4.6667, 2.0, 5.0, 1.0, 6.0, 0.0, 0.3333, -0.6667, -0.3333, -0.6667, -1.0, -1.0, -0.3333, -1.0, -0.3333, -1.0, -0.3333, -0.3333, 0.0, 1.0, 2.0, 8.6667, 2.6667, 8.0, 4.0, 7.3333, 5.6667, 7.0, 6.3333, 6.6667, 7.3333, 5.3333, 8.3333, 5.3333, 9.3333, 4.6667, 10.0, 4.0, 9.6667, 3.6667, 9.6667, 3.0, 9.6667, 2.3333, 10.0, 2.3333, 10.0, 2.0, 9.3333, 2.0, 9.6667, 1.3333, 9.3333, 2.0, 9.0, 2.0, 9.3333, 2.0, 9.6667, 2.3333, 10.0, 2.3333, 10.3333, 2.6667, 10.0, 3.0, 10.0, 3.3333, 9.6667, 4.3333, 9.0, 4.6667, 9.6667, 5.0, 10.0, 5.0]",5.582134,8.529434,91.760558
131,131,5c:01:3b:6b:b0:95,-40,256,"[86.0, -32.0, 4.0, 0.0, 10.3333, 3.3333, 10.0, 3.0, 9.6667, 2.6667, 9.3333, 2.3333, 9.3333, 2.6667, 9.0, 2.3333, 8.6667, 2.0, 8.0, 1.6667, 8.0, 1.3333, 7.6667, 0.6667, 7.3333, 0.3333, 7.3333, 0.0, 7.3333, 0.3333, 7.3333, 0.3333, 7.3333, 0.0, 7.3333, 0.0, 7.3333, 0.3333, 7.0, 0.6667, 7.3333, 0.6667, 7.3333, 1.0, 7.0, 1.0, 6.6667, 1.0, 6.3333, 1.3333, 6.3333, 1.3333, 6.3333, 1.3333, 1.0, 0.0, 0.0, 0.0, 0.0, 0.0, 0.0, 0.0, 0.0, 0.0, 0.0, 0.0, 0.0, 0.0, 0.0, 0.0, 0.0, 0.0, 0.0, 0.0, 1.3333, 0.3333, 7.6667, 2.0, 8.0, 2.0, 8.3333, 2.6667, 8.3333, 3.3333, 8.6667, 3.3333, 9.0, 4.0, 9.3333, 4.0, 9.6667, 4.3333, 9.6667, 4.6667, 9.6667, 4.6667, 10.0, 5.0, 10.0, 5.3333, 10.0, 5.3333, 9.6667, 5.3333, 9.6667, 5.0, 9.6667, 4.6667, 9.6667, 4.6667, 9.6667, 4.3333, 9.6667, 4.3333, 9.6667, 4.3333, 10.0, 4.3333, 10.0, 4.0, 9.6667, 3.6667, 10.0, 3.6667, 10.6667, 4.0, 11.0, 4.0, 6.3333, 4.0, 22.0, 14.0, 21.6667, 14.0, 21.0, 13.6667, 20.6667, 13.0, 20.0, 12.0, 20.3333, 11.6667, 20.0, 11.0, 20.0, 10.3333, 19.6667, 9.3333, 19.6667, 8.6667, 19.6667, 8.0, 19.6667, 7.6667, 19.6667, 7.3333, 19.6667, 7.6667, 19.3333, 8.0, 19.3333, 8.0, 19.3333, 7.6667, 18.6667, 7.3333, 18.0, 7.6667, 17.6667, 7.6667, 17.0, 7.3333, 16.3333, 7.3333, 16.0, 7.0, 15.3333, 7.0, 14.3333, 7.3333, 13.3333, 7.0, 11.0, 10.3333, 10.6667, 10.3333, 1.3333, 1.3333, 0.0, 0.0, -1.0, -1.0, -1.0, -1.0, -0.6667, -1.0, 0.3333, -0.3333, 2.6667, 1.0, 16.3333, 9.6667, 16.0, 10.6667, 17.3333, 9.6667, 17.6667, 11.0, 17.6667, 12.3333, 18.0, 13.0, 18.3333, 14.0, 18.3333, 14.6667, 18.3333, 15.3333, 18.0, 16.0, 18.3333, 16.3333, 18.6667, 16.0, 19.3333, 16.3333, 19.3333, 16.3333, 18.6667, 16.3333, 19.0, 16.3333, 18.3333, 16.6667, 18.0, 16.6667, 18.0, 16.3333, 17.6667, 15.6667, 18.0, 15.0, 19.0, 15.0, 19.3333, 14.6667, 20.0, 14.3333, 20.3333, 14.3333, 21.0, 14.0, 22.3333, 14.0, 23.0, 14.0]",14.2383,10.799305,91.760558
132,132,5c:01:3b:6b:b0:95,-41,256,"[86.0, -32.0, 4.0, 0.0, 18.6667, 5.6667, 18.0, 5.3333, 18.0, 4.6667, 17.3333, 4.3333, 17.3333, 4.0, 17.3333, 3.6667, 16.6667, 3.0, 16.0, 2.3333, 16.3333, 1.6667, 16.3333, 0.6667, 15.6667, 0.3333, 15.6667, -0.3333, 15.6667, -0.3333, 15.6667, -0.3333, 15.6667, -0.3333, 15.6667, -0.3333, 15.6667, 0.0, 14.6667, 0.6667, 14.6667, 1.0, 14.6667, 1.6667, 13.6667, 1.3333, 13.0, 2.0, 12.6667, 2.3333, 12.0, 2.3333, 11.6667, 2.6667, 2.3333, 0.3333, 0.0, 0.0, 0.0, 0.0, 0.0, 0.0, 0.0, 0.0, 0.0, 0.0, 0.0, 0.0, 0.0, 0.0, 0.0, 0.0, 0.0, 0.0, 3.3333, 0.3333, 15.3333, 2.3333, 15.3333, 2.6667, 15.6667, 3.6667, 15.6667, 4.6667, 15.6667, 5.3333, 15.6667, 6.3333, 15.6667, 6.6667, 15.6667, 7.3333, 15.3333, 7.6667, 15.3333, 8.0, 15.3333, 8.6667, 15.3333, 9.0, 15.3333, 9.0, 14.6667, 9.0, 14.6667, 8.6667, 14.6667, 8.3333, 15.3333, 8.0, 15.3333, 7.6667, 15.6667, 7.3333, 15.6667, 7.3333, 16.3333, 7.0, 17.0, 6.3333, 17.0, 6.0, 17.3333, 6.0, 18.6667, 6.3333, 19.0, 6.6667, 10.3333, 7.0, 35.3333, 23.0, 34.6667, 23.0, 33.6667, 22.3333, 33.3333, 21.3333, 33.0, 19.3333, 33.3333, 18.3333, 33.3333, 16.6667, 33.6667, 15.0, 34.0, 13.0, 34.3333, 11.3333, 35.0, 9.3333, 35.3333, 8.3333, 35.6667, 8.0, 35.6667, 8.0, 35.0, 8.3333, 35.0, 8.3333, 34.3333, 8.3333, 33.6667, 8.3333, 32.3333, 9.3333, 31.0, 9.6667, 29.6667, 10.0, 28.0, 10.3333, 27.0, 10.3333, 26.0, 10.6667, 24.0, 11.6667, 22.0, 12.0, 17.0, 19.6667, 15.3333, 20.6667, 2.3333, 3.3333, 0.0, 0.6667, -1.0, -1.0, -1.6667, -1.0, -1.0, -1.0, 1.0, -0.3333, 5.3333, 1.0, 31.0, 10.6667, 30.0, 13.3333, 31.3333, 12.0, 30.6667, 15.0, 30.3333, 18.0, 29.6667, 20.6667, 29.0, 22.6667, 28.0, 24.6667, 27.0, 26.6667, 26.3333, 28.3333, 26.0, 29.6667, 25.6667, 29.6667, 26.6667, 30.3333, 26.6667, 30.6667, 25.6667, 30.6667, 25.6667, 31.3333, 24.6667, 31.3333, 24.6667, 31.3333, 24.6667, 30.6667, 24.6667, 29.0, 25.6667, 27.6667, 27.6667, 27.3333, 28.6667, 26.3333, 30.3333, 25.3333, 31.3333, 24.3333, 33.0, 23.3333, 35.0, 23.0, 36.0, 23.0]",23.51342,14.531133,91.760558
133,133,5c:01:3b:6b:b0:95,-44,256,"[86.0, -32.0, 4.0, 0.0, 20.6667, 9.0, 19.6667, 9.0, 19.3333, 8.0, 18.6667, 8.0, 18.6667, 7.3333, 18.3333, 7.0, 17.6667, 6.3333, 17.0, 6.0, 17.0, 5.0, 17.0, 4.0, 16.3333, 4.0, 16.3333, 3.0, 16.3333, 3.0, 16.3333, 3.0, 16.3333, 3.0, 16.3333, 3.0, 16.3333, 3.0, 15.3333, 4.0, 15.3333, 4.0, 15.0, 5.0, 14.3333, 4.0, 13.3333, 5.0, 13.3333, 5.0, 12.3333, 5.0, 12.3333, 5.0, 2.3333, 1.0, 0.0, 0.0, 0.0, 0.0, 0.0, 0.0, 0.0, 0.0, 0.0, 0.0, 0.0, 0.0, 0.0, 0.0, 0.0, 0.0, 0.0, 0.0, 3.3333, 1.0, 16.0, 5.3333, 16.0, 5.3333, 17.0, 6.3333, 17.3333, 7.3333, 17.6667, 8.0, 18.3333, 9.0, 18.6667, 9.0, 19.0, 10.0, 19.0, 10.0, 19.3333, 10.0, 19.6667, 11.0, 19.6667, 11.0, 19.6667, 11.0, 18.6667, 11.0, 18.6667, 11.0, 18.3333, 10.6667, 19.0, 10.0, 19.0, 10.0, 19.0, 10.0, 18.6667, 10.0, 19.3333, 10.0, 20.0, 9.0, 19.6667, 9.0, 19.6667, 9.0, 21.0, 9.3333, 21.0, 10.0, 12.0, 9.0, 40.3333, 30.0, 39.3333, 30.0, 38.3333, 29.0, 38.0, 28.0, 37.3333, 26.0, 37.3333, 25.0, 37.3333, 23.0, 37.3333, 21.0, 37.3333, 19.0, 37.3333, 17.0, 38.0, 15.0, 38.0, 14.0, 38.6667, 14.0, 38.6667, 14.0, 38.0, 14.0, 38.0, 14.0, 37.0, 14.0, 36.6667, 14.0, 35.6667, 15.0, 34.0, 15.0, 33.0, 15.0, 31.0, 15.0, 30.0, 15.0, 28.6667, 15.0, 26.6667, 16.0, 24.6667, 16.0, 20.3333, 23.0, 18.3333, 24.0, 2.6667, 4.0, 0.0, 1.0, -1.0, -1.0, -2.0, -1.0, -1.0, -1.0, 1.0, 0.0, 6.0, 2.0, 34.3333, 16.0, 33.6667, 19.0, 34.6667, 18.0, 34.0, 21.0, 34.3333, 24.0, 34.0, 27.0, 33.6667, 29.0, 32.6667, 31.0, 32.3333, 33.0, 31.6667, 35.0, 31.3333, 36.0, 31.0, 36.0, 32.0, 37.0, 32.0, 37.0, 31.0, 37.0, 31.0, 38.0, 30.0, 38.0, 30.0, 38.0, 30.0, 37.0, 30.0, 35.0, 31.0, 34.0, 33.0, 34.0, 34.0, 33.0, 35.3333, 32.0, 36.3333, 31.0, 38.0, 30.0, 40.0, 30.0, 41.0, 30.0]",27.46256,16.830925,91.760558
134,134,5c:01:3b:6b:b0:95,-44,256,"[86.0, -32.0, 4.0, 0.0, 16.3333, -1.3333, 15.6667, -1.3333, 15.3333, -1.6667, 15.0, -1.3333, 15.0, -1.6667, 14.6667, -1.6667, 14.0, -2.0, 13.0, -1.6667, 12.6667, -2.3333, 12.3333, -2.6667, 12.0, -2.6667, 12.0, -3.0, 11.6667, -3.0, 11.6667, -3.0, 11.6667, -3.0, 11.6667, -3.0, 12.0, -3.0, 11.3333, -2.3333, 11.3333, -2.3333, 11.0, -1.6667, 11.0, -2.3333, 10.3333, -1.3333, 10.3333, -1.3333, 9.6667, -1.3333, 9.6667, -1.0, 1.6667, -0.6667, 0.0, 0.0, 0.0, 0.0, 0.0, 0.0, 0.0, 0.0, 0.0, 0.0, 0.0, 0.0, 0.0, 0.0, 0.0, 0.0, 0.0, 0.0, 2.6667, -0.6667, 12.3333, -2.3333, 12.6667, -2.3333, 13.6667, -2.3333, 14.0, -2.0, 14.3333, -1.6667, 15.0, -0.6667, 15.3333, -0.6667, 15.6667, 0.3333, 15.6667, 0.3333, 16.0, 0.3333, 16.3333, 0.6667, 16.3333, 0.6667, 16.0, 1.0, 15.3333, 1.0, 15.3333, 1.3333, 15.0, 1.0, 15.3333, 0.3333, 15.3333, 0.3333, 15.3333, 0.0, 15.3333, 0.0, 15.6667, -0.3333, 16.0, -1.0, 15.6667, -1.3333, 16.0, -1.6667, 17.0, -1.6667, 17.0, -1.0, 10.3333, 1.3333, 34.6667, 5.0, 34.0, 5.3333, 33.0, 5.0, 32.6667, 5.0, 31.6667, 4.0, 31.3333, 3.6667, 30.6667, 2.6667, 30.0, 2.0, 29.3333, 1.0, 29.0, 0.0, 28.6667, -1.3333, 28.0, -1.6667, 28.6667, -1.6667, 28.6667, -1.6667, 27.6667, -1.3333, 27.6667, -1.3333, 27.3333, -1.3333, 27.3333, -1.3333, 27.0, -0.6667, 25.6667, -0.3333, 25.3333, 0.0, 24.0, 0.3333, 23.3333, 0.6667, 22.3333, 1.0, 21.3333, 1.6667, 20.3333, 2.0, 17.6667, 6.0, 16.6667, 7.0, 2.3333, 1.0, 0.0, 0.0, -1.0, -0.6667, -1.6667, -0.6667, -1.0, -0.6667, 0.3333, -0.6667, 4.0, -0.6667, 24.0, -0.3333, 24.6667, 1.3333, 27.6667, 0.6667, 28.3333, 2.3333, 29.6667, 3.6667, 30.0, 5.0, 30.3333, 6.0, 30.6667, 7.3333, 31.0, 9.0, 31.3333, 10.3333, 31.3333, 11.0, 31.0, 11.0, 32.0, 11.6667, 31.6667, 11.6667, 30.6667, 11.6667, 30.6667, 12.6667, 30.0, 12.6667, 30.0, 12.3333, 30.0, 12.0, 30.0, 10.3333, 30.3333, 9.6667, 31.6667, 9.3333, 32.0, 8.3333, 32.3333, 7.3333, 32.6667, 6.3333, 33.3333, 5.3333, 34.6667, 5.3333, 35.3333, 5.0]",19.510231,12.596442,91.760558
135,135,5c:01:3b:6b:b0:95,-44,256,"[86.0, -32.0, 4.0, 0.0, 4.6667, -11.6667, 4.3333, -11.6667, 4.0, -11.3333, 4.0, -10.6667, 4.0, -10.3333, 3.6667, -10.3333, 3.3333, -10.0, 2.3333, -9.3333, 2.0, -9.6667, 1.3333, -9.3333, 1.3333, -9.3333, 1.3333, -9.0, 0.6667, -9.0, 0.6667, -9.0, 0.6667, -9.0, 1.0, -9.0, 1.3333, -9.0, 1.3333, -8.6667, 1.6667, -8.6667, 1.3333, -8.3333, 2.0, -8.6667, 1.6667, -7.6667, 2.0, -7.6667, 2.0, -7.6667, 2.0, -7.0, 0.0, -2.3333, 0.0, 0.0, 0.0, 0.0, 0.0, 0.0, 0.0, 0.0, 0.0, 0.0, 0.0, 0.0, 0.0, 0.0, 0.0, 0.0, 0.0, 0.0, 0.3333, -2.3333, 2.3333, -9.6667, 3.0, -9.6667, 3.6667, -10.6667, 4.3333, -11.0, 5.0, -11.3333, 5.6667, -10.3333, 6.3333, -10.3333, 6.6667, -9.3333, 7.0, -9.3333, 7.3333, -9.3333, 7.6667, -9.6667, 8.0, -9.6667, 7.6667, -9.0, 7.3333, -9.0, 7.3333, -8.3333, 7.0, -9.0, 6.6667, -9.3333, 6.6667, -9.3333, 6.6667, -10.0, 6.3333, -10.0, 6.0, -10.6667, 6.0, -11.0, 5.3333, -11.6667, 5.6667, -12.3333, 5.6667, -12.3333, 5.6667, -12.0, 5.0, -6.3333, 17.0, -20.0, 17.0, -19.3333, 16.3333, -19.0, 16.3333, -18.0, 15.3333, -18.0, 14.6667, -17.6667, 13.6667, -17.6667, 12.6667, -17.0, 11.6667, -17.0, 11.0, -17.0, 10.0, -17.6667, 9.0, -17.3333, 9.3333, -17.3333, 9.0, -17.3333, 8.6667, -16.6667, 8.6667, -16.6667, 9.0, -16.6667, 9.0, -16.6667, 9.6667, -16.3333, 9.3333, -15.6667, 9.6667, -15.0, 9.3333, -14.3333, 9.0, -13.6667, 8.6667, -13.0, 9.0, -12.6667, 9.0, -12.0, 10.3333, -11.0, 10.6667, -10.0, 1.3333, -2.0, 0.0, -1.0, -0.6667, -0.3333, -1.0, -0.3333, -0.6667, -0.3333, -0.3333, -1.3333, 1.0, -3.3333, 8.3333, -16.6667, 9.6667, -16.3333, 11.0, -16.6667, 12.3333, -16.3333, 14.0, -16.6667, 15.3333, -17.0, 16.3333, -17.0, 17.6667, -16.3333, 18.6667, -15.0, 19.3333, -14.3333, 20.0, -14.0, 20.3333, -14.0, 21.0, -13.6667, 20.6667, -13.6667, 20.0, -13.6667, 20.3333, -12.6667, 20.0, -12.6667, 19.6667, -13.3333, 19.6667, -13.0, 19.3333, -14.3333, 19.3333, -14.6667, 19.3333, -15.3333, 19.0, -16.3333, 18.0, -17.3333, 17.6667, -18.3333, 17.3333, -19.3333, 17.6667, -19.3333, 18.0, -20.0]",14.721287,10.409073,91.760558
136,136,5c:01:3b:6b:b0:95,-39,256,"[86.0, -32.0, 4.0, 0.0, -3.6667, -21.6667, -3.6667, -21.6667, -3.6667, -20.6667, -3.6667, -20.0, -3.6667, -19.0, -3.6667, -19.0, -4.0, -18.0, -5.3333, -17.0, -5.6667, -17.0, -6.6667, -16.0, -6.6667, -16.0, -6.6667, -15.0, -7.6667, -15.0, -7.6667, -15.0, -7.6667, -15.0, -7.0, -15.0, -6.6667, -15.0, -6.0, -15.0, -5.3333, -15.0, -5.3333, -15.0, -4.3333, -15.0, -4.3333, -14.0, -3.6667, -14.0, -3.0, -14.0, -3.0, -13.0, -1.0, -4.0, 0.0, 0.0, 0.0, 0.0, 0.0, 0.0, 0.0, 0.0, 0.0, 0.0, 0.0, 0.0, 0.0, 0.0, 0.0, 0.0, 0.0, 0.0, -1.3333, -4.0, -4.6667, -17.0, -3.6667, -17.0, -3.3333, -18.6667, -2.6667, -19.6667, -2.0, -20.0, -2.0, -19.3333, -1.3333, -19.3333, -1.3333, -18.6667, -0.6667, -18.6667, -0.6667, -18.6667, -0.6667, -19.3333, 0.0, -19.3333, -0.3333, -18.3333, -0.3333, -18.3333, -0.3333, -17.6667, -0.3333, -18.3333, -1.0, -18.3333, -1.0, -18.3333, -1.0, -19.3333, -1.3333, -19.6667, -2.0, -20.3333, -2.0, -20.3333, -2.6667, -21.0, -2.3333, -22.0, -2.6667, -22.3333, -2.6667, -22.6667, -0.3333, -12.6667, -0.3333, -41.3333, 0.3333, -40.3333, 0.0, -39.6667, 0.0, -38.0, -0.6667, -37.3333, -1.6667, -36.3333, -3.0, -35.6667, -4.3333, -34.6667, -5.6667, -34.0, -6.6667, -33.6667, -8.6667, -34.0, -10.0, -33.0, -10.0, -33.0, -10.6667, -33.0, -10.3333, -32.0, -10.3333, -32.0, -9.3333, -32.0, -9.3333, -32.0, -7.6667, -32.0, -7.0, -30.6667, -6.0, -29.6667, -5.3333, -28.3333, -5.3333, -27.3333, -4.6667, -26.3333, -3.0, -26.0, -2.0, -24.6667, 3.6667, -24.0, 5.3333, -23.0, 0.6667, -4.3333, 0.0, -1.6667, -0.3333, 0.0, -0.3333, 0.0, -0.3333, 0.0, -1.0, -2.0, -2.0, -6.0, -7.0, -32.0, -4.6667, -32.3333, -5.0, -33.0, -2.6667, -33.3333, -0.3333, -34.3333, 1.6667, -35.3333, 3.0, -36.0, 5.3333, -35.6667, 6.6667, -34.6667, 8.0, -34.6667, 9.0, -34.3333, 9.6667, -34.3333, 10.0, -34.6667, 9.6667, -34.6667, 9.3333, -34.6667, 10.0, -33.6667, 10.0, -33.3333, 9.3333, -34.3333, 9.3333, -33.6667, 8.6667, -34.3333, 8.3333, -34.6667, 7.0, -35.3333, 6.0, -36.6667, 4.0, -37.6667, 3.0, -38.6667, 1.3333, -40.0, 0.6667, -40.3333, 0.6667, -41.3333]",23.439162,13.469254,91.760558
137,137,5c:01:3b:6b:b0:95,-39,256,"[86.0, -32.0, 4.0, 0.0, -14.3333, -16.6667, -14.3333, -16.6667, -14.0, -15.6667, -13.6667, -15.3333, -13.6667, -14.3333, -13.6667, -14.0, -13.3333, -13.3333, -13.6667, -12.3333, -13.6667, -12.0, -14.3333, -11.3333, -14.0, -11.0, -14.0, -10.3333, -14.6667, -10.3333, -14.6667, -10.3333, -14.6667, -10.3333, -14.0, -10.3333, -14.0, -10.3333, -13.0, -10.6667, -12.3333, -10.6667, -12.3333, -10.6667, -11.6667, -11.0, -11.3333, -10.3333, -10.6667, -10.3333, -9.6667, -10.6667, -9.6667, -10.0, -2.6667, -3.0, 0.0, 0.0, 0.0, 0.0, 0.0, 0.0, 0.0, 0.0, 0.0, 0.0, 0.0, 0.0, 0.0, 0.0, 0.0, 0.0, 0.0, 0.0, -3.3333, -3.0, -12.6667, -12.0, -12.3333, -12.3333, -12.6667, -14.0, -12.3333, -15.0, -12.0, -15.3333, -12.0, -15.3333, -11.6667, -15.6667, -12.0, -15.3333, -11.3333, -15.6667, -11.3333, -16.0, -11.3333, -16.6667, -11.0, -16.6667, -10.6667, -16.0, -10.6667, -16.0, -10.6667, -15.6667, -10.6667, -16.0, -11.0, -15.6667, -11.0, -15.6667, -11.0, -16.0, -11.6667, -16.0, -12.3333, -16.3333, -12.3333, -16.3333, -13.0, -16.3333, -13.3333, -17.0, -14.0, -17.3333, -14.0, -17.6667, -7.0, -10.6667, -21.6667, -34.3333, -21.0, -33.6667, -20.6667, -33.0, -20.3333, -31.6667, -20.0, -31.0, -20.3333, -29.6667, -20.6667, -29.3333, -21.0, -28.3333, -21.3333, -27.6667, -21.6667, -27.0, -23.0, -27.0, -23.3333, -25.6667, -23.3333, -25.6667, -24.0, -25.3333, -23.3333, -25.0, -23.0, -25.0, -22.3333, -25.0, -22.0, -25.0, -20.6667, -25.3333, -19.6667, -24.6667, -19.0, -24.0, -18.0, -23.3333, -17.6667, -22.6667, -16.6667, -22.0, -15.3333, -21.6667, -14.3333, -21.0, -7.0, -20.0, -5.3333, -19.0, -1.3333, -3.6667, -0.3333, -1.3333, 0.0, 0.0, 0.0, 0.0, 0.0, 0.0, -1.3333, -1.6667, -4.0, -5.0, -17.6667, -25.6667, -16.6667, -26.6667, -20.0, -25.6667, -19.0, -26.6667, -18.3333, -27.6667, -17.3333, -28.6667, -16.6667, -30.0, -15.3333, -30.3333, -14.6667, -30.3333, -13.6667, -30.3333, -13.0, -29.6667, -12.3333, -29.6667, -12.3333, -30.3333, -12.3333, -30.3333, -12.0, -30.3333, -11.3333, -29.3333, -11.3333, -28.6667, -12.0, -29.6667, -12.0, -29.3333, -12.6667, -29.6667, -12.6667, -30.3333, -14.3333, -30.6667, -15.3333, -32.0, -17.0, -32.3333, -18.0, -33.0, -19.6667, -33.6667, -20.6667, -33.6667, -20.6667, -34.3333]",23.078896,13.019083,91.760558
138,138,5c:01:3b:6b:b0:95,-42,256,"[86.0, -32.0, 4.0, 0.0, -6.3333, -11.6667, -6.3333, -11.6667, -6.3333, -10.6667, -6.3333, -10.6667, -6.6667, -9.6667, -6.6667, -9.0, -6.6667, -8.6667, -7.0, -7.6667, -7.3333, -7.0, -8.0, -6.6667, -7.6667, -6.0, -8.0, -5.6667, -8.3333, -5.6667, -8.3333, -5.6667, -8.3333, -5.6667, -8.0, -5.6667, -8.0, -5.6667, -7.3333, -6.3333, -6.6667, -6.3333, -6.6667, -6.3333, -6.3333, -7.0, -6.0, -6.6667, -5.6667, -6.6667, -5.0, -7.3333, -4.6667, -7.0, -1.6667, -2.0, 0.0, 0.0, 0.0, 0.0, 0.0, 0.0, 0.0, 0.0, 0.0, 0.0, 0.0, 0.0, 0.0, 0.0, 0.0, 0.0, 0.0, 0.0, -2.0, -2.0, -6.6667, -7.0, -6.0, -7.6667, -6.0, -9.3333, -5.6667, -10.3333, -5.3333, -10.6667, -5.0, -11.3333, -4.6667, -12.0, -4.6667, -12.0, -4.0, -12.6667, -4.0, -13.3333, -3.6667, -14.0, -3.6667, -14.0, -3.3333, -13.6667, -3.3333, -13.6667, -3.3333, -13.6667, -3.6667, -13.6667, -3.6667, -13.0, -4.0, -13.0, -4.0, -12.6667, -4.3333, -12.3333, -5.0, -12.3333, -5.0, -12.3333, -5.6667, -11.6667, -5.6667, -12.0, -6.0, -12.3333, -6.0, -12.6667, -2.3333, -8.6667, -7.0, -27.3333, -6.6667, -27.0, -7.0, -26.3333, -7.0, -25.3333, -7.0, -24.6667, -7.3333, -23.0, -8.0, -23.0, -8.3333, -22.0, -9.3333, -21.3333, -9.6667, -20.3333, -11.0, -20.0, -11.3333, -18.3333, -11.3333, -18.3333, -11.6667, -17.6667, -11.3333, -18.0, -11.0, -18.0, -10.6667, -18.0, -10.3333, -18.0, -9.6667, -18.6667, -8.6667, -18.6667, -8.3333, -18.3333, -8.0, -18.3333, -7.6667, -18.0, -7.0, -17.6667, -6.3333, -17.3333, -5.6667, -17.3333, -0.3333, -16.0, 0.3333, -15.0, -0.3333, -3.0, -0.3333, -1.0, -0.3333, 0.0, -0.3333, 0.0, -0.3333, 0.0, -1.0, -1.3333, -2.0, -4.0, -7.0, -19.3333, -6.0, -21.0, -8.6667, -18.3333, -7.3333, -20.0, -6.6667, -21.0, -5.3333, -22.0, -4.3333, -24.0, -3.0, -25.0, -2.6667, -26.0, -2.3333, -26.0, -2.0, -25.0, -1.6667, -25.0, -1.3333, -26.0, -1.3333, -26.0, -1.3333, -26.0, -1.0, -25.0, -1.3333, -24.0, -1.6667, -25.0, -1.6667, -25.0, -2.0, -25.0, -1.6667, -26.0, -2.3333, -26.0, -3.0, -27.3333, -3.6667, -27.0, -4.6667, -27.3333, -5.6667, -27.3333, -6.3333, -27.0, -6.3333, -27.3333]",15.873512,10.77087,91.760558
139,139,5c:01:3b:6b:b0:95,-42,256,"[86.0, -32.0, 4.0, 0.0, -1.3333, -7.0, -1.6667, -7.0, -1.6667, -6.0, -2.0, -6.0, -2.6667, -5.0, -3.0, -4.0, -3.0, -4.0, -3.3333, -3.0, -3.6667, -2.0, -4.3333, -2.0, -4.0, -1.0, -4.3333, -1.0, -4.6667, -1.0, -4.6667, -1.0, -4.6667, -1.0, -4.6667, -1.0, -4.6667, -1.0, -4.3333, -2.0, -3.6667, -2.0, -3.6667, -2.0, -3.3333, -3.0, -2.6667, -3.0, -2.3333, -3.0, -2.0, -4.0, -1.3333, -4.0, -1.0, -1.0, 0.0, 0.0, 0.0, 0.0, 0.0, 0.0, 0.0, 0.0, 0.0, 0.0, 0.0, 0.0, 0.0, 0.0, 0.0, 0.0, 0.0, 0.0, -1.3333, -1.0, -3.0, -2.0, -2.3333, -3.0, -2.3333, -5.0, -1.6667, -6.0, -1.3333, -7.0, -0.6667, -8.0, -0.6667, -9.0, -0.3333, -9.0, 0.3333, -10.0, 0.6667, -11.0, 1.3333, -12.0, 1.3333, -12.0, 1.6667, -12.0, 1.6667, -12.0, 1.3333, -12.0, 1.0, -12.0, 1.0, -11.0, 0.3333, -11.0, 0.3333, -10.0, 0.0, -9.0, -0.6667, -9.0, -0.6667, -9.0, -1.0, -8.0, -1.0, -8.0, -1.0, -8.0, -1.0, -8.0, 0.3333, -8.0, 1.0, -24.0, 1.0, -24.0, 0.3333, -23.0, 0.3333, -22.0, -0.3333, -21.0, -0.6667, -19.0, -1.3333, -19.0, -2.0, -17.0, -3.0, -16.0, -3.3333, -14.0, -4.6667, -13.0, -5.0, -11.0, -5.0, -11.0, -5.3333, -10.0, -5.3333, -11.0, -5.0, -11.0, -5.0, -11.0, -4.3333, -11.0, -4.3333, -12.0, -3.3333, -13.0, -3.0, -13.0, -2.6667, -14.0, -2.0, -14.0, -1.6667, -14.0, -1.3333, -14.0, -0.3333, -15.0, 4.0, -18.0, 4.3333, -17.6667, 0.3333, -3.6667, -0.3333, -1.3333, -0.6667, 0.0, -0.6667, 0.0, -0.6667, 0.0, -1.0, -1.0, -1.0, -3.0, -2.0, -14.0, -1.0, -17.0, -2.6667, -12.0, -1.3333, -15.0, -0.3333, -17.0, 1.0, -19.0, 2.3333, -22.0, 3.6667, -24.0, 4.3333, -26.0, 4.6667, -26.6667, 5.3333, -26.6667, 5.6667, -27.0, 6.6667, -27.6667, 6.6667, -27.6667, 6.6667, -28.0, 6.6667, -27.0, 6.3333, -26.3333, 6.0, -26.6667, 5.3333, -26.3333, 5.0, -26.0, 5.0, -26.6667, 4.6667, -26.3333, 4.0, -27.0, 3.6667, -26.0, 3.0, -26.0, 2.3333, -25.0, 2.0, -24.0, 2.0, -24.0]",12.505126,11.172003,91.760558
140,140,5c:01:3b:6b:b0:95,-38,256,"[86.0, -32.0, 4.0, 0.0, 7.0, -13.0, 6.3333, -13.0, 6.0, -12.0, 5.0, -11.6667, 4.0, -11.0, 3.6667, -10.3333, 3.0, -10.0, 2.0, -9.3333, 1.6667, -8.3333, 0.6667, -8.3333, 0.6667, -7.6667, 0.3333, -7.6667, -0.3333, -7.6667, -0.3333, -7.6667, -0.3333, -7.6667, -0.3333, -7.6667, -0.3333, -7.6667, -0.3333, -8.0, 0.6667, -8.0, 1.0, -7.6667, 1.3333, -8.0, 2.0, -7.6667, 2.6667, -7.6667, 2.6667, -8.3333, 3.6667, -8.0, 0.3333, -2.0, 0.0, 0.0, 0.0, 0.0, 0.0, 0.0, 0.0, 0.0, 0.0, 0.0, 0.0, 0.0, 0.0, 0.0, 0.0, 0.0, 0.0, 0.0, -0.3333, -2.3333, 2.3333, -8.0, 3.6667, -9.0, 4.0, -10.6667, 5.6667, -11.3333, 6.6667, -12.3333, 7.6667, -13.0, 8.0, -13.6667, 9.0, -13.6667, 10.0, -14.3333, 10.6667, -15.3333, 11.6667, -16.0, 12.3333, -16.0, 12.3333, -15.6667, 12.3333, -15.6667, 11.6667, -15.6667, 11.3333, -15.6667, 10.6667, -15.0, 9.6667, -15.0, 9.6667, -14.3333, 9.0, -14.0, 8.0, -14.0, 8.0, -14.0, 7.6667, -13.3333, 8.0, -13.6667, 8.0, -14.0, 8.0, -14.0, 6.0, -10.0, 19.3333, -31.0, 19.3333, -31.0, 18.0, -30.0, 17.3333, -29.0, 16.0, -28.0, 15.0, -26.3333, 13.6667, -26.0, 12.3333, -24.6667, 10.3333, -24.0, 9.0, -22.6667, 7.3333, -22.0, 6.0, -20.6667, 6.0, -20.6667, 5.6667, -20.0, 5.6667, -20.6667, 5.6667, -20.3333, 5.6667, -20.3333, 6.3333, -20.0, 6.3333, -20.6667, 7.3333, -20.6667, 8.0, -20.3333, 8.3333, -20.3333, 8.6667, -20.0, 8.6667, -19.6667, 9.3333, -19.3333, 10.3333, -19.3333, 15.3333, -21.3333, 15.6667, -20.6667, 2.3333, -4.3333, 0.0, -1.6667, -1.0, 0.0, -1.0, 0.3333, -1.0, 0.0, -0.6667, -1.3333, 1.0, -4.3333, 9.0, -21.3333, 11.3333, -23.3333, 9.3333, -20.6667, 12.0, -22.6667, 14.6667, -24.3333, 17.0, -25.6667, 19.0, -28.0, 21.3333, -29.3333, 22.3333, -30.6667, 23.0, -31.3333, 24.0, -31.6667, 24.6667, -32.0, 26.0, -32.6667, 26.0, -32.6667, 25.6667, -33.0, 26.0, -32.0, 25.3333, -31.6667, 25.0, -31.6667, 24.0, -31.3333, 23.3333, -31.0, 23.0, -31.3333, 22.6667, -31.0, 22.0, -31.6667, 21.6667, -31.3333, 21.0, -31.6667, 20.3333, -31.3333, 20.3333, -31.0, 20.3333, -31.3333]",19.597706,14.043066,91.760558
141,141,5c:01:3b:6b:b0:95,-42,256,"[86.0, -32.0, 4.0, 0.0, 3.6667, -19.0, 3.0, -19.0, 2.6667, -18.0, 2.0, -17.3333, 1.0, -17.0, 0.3333, -16.6667, 0.0, -16.0, -1.0, -15.6667, -1.3333, -14.6667, -2.0, -14.6667, -2.3333, -14.3333, -2.3333, -14.3333, -3.0, -14.3333, -3.3333, -14.3333, -3.3333, -14.3333, -3.0, -14.3333, -3.0, -14.3333, -3.0, -14.0, -2.0, -14.0, -1.6667, -13.3333, -1.0, -13.0, 0.0, -12.3333, 0.6667, -12.3333, 0.6667, -12.6667, 1.6667, -12.0, 0.0, -3.0, 0.0, 0.0, 0.0, 0.0, 0.0, 0.0, 0.0, 0.0, 0.0, 0.0, 0.0, 0.0, 0.0, 0.0, 0.0, 0.0, 0.0, 0.0, -1.0, -3.6667, -0.3333, -14.0, 0.6667, -15.0, 1.0, -16.3333, 2.6667, -16.6667, 3.6667, -17.6667, 4.6667, -18.0, 5.0, -18.3333, 6.0, -18.3333, 7.0, -18.6667, 7.6667, -19.6667, 8.6667, -20.0, 9.6667, -20.0, 9.6667, -19.3333, 9.3333, -19.3333, 8.6667, -19.3333, 8.6667, -19.3333, 7.6667, -19.0, 6.6667, -19.0, 6.6667, -18.6667, 6.0, -19.0, 5.0, -19.0, 5.0, -19.0, 4.6667, -18.6667, 4.6667, -19.3333, 4.6667, -20.0, 4.6667, -20.0, 4.0, -12.0, 12.6667, -38.0, 12.6667, -38.0, 11.6667, -37.0, 11.3333, -36.0, 9.6667, -35.0, 8.6667, -33.6667, 7.6667, -33.0, 6.0, -32.3333, 4.6667, -32.0, 3.3333, -31.3333, 1.6667, -31.0, 0.3333, -30.3333, 0.3333, -30.3333, -0.3333, -30.0, -0.3333, -30.3333, -0.3333, -29.6667, -0.3333, -29.6667, 0.6667, -29.0, 0.6667, -29.3333, 1.6667, -28.3333, 2.6667, -27.6667, 3.6667, -26.6667, 4.3333, -26.0, 4.3333, -25.3333, 5.3333, -24.6667, 7.0, -23.6667, 13.0, -24.6667, 14.0, -23.6667, 2.0, -5.0, 0.0, -2.0, -1.0, 0.0, -1.0, 0.6667, -1.0, 0.0, -1.0, -1.6667, 0.0, -5.6667, 3.3333, -28.6667, 5.6667, -29.6667, 4.0, -29.3333, 6.3333, -30.3333, 9.3333, -31.6667, 11.3333, -32.3333, 13.3333, -34.0, 15.6667, -34.6667, 17.3333, -35.3333, 18.6667, -36.0, 20.3333, -36.6667, 21.3333, -37.0, 23.0, -37.6667, 23.0, -37.6667, 23.0, -38.0, 23.3333, -37.0, 23.0, -37.0, 22.3333, -36.6667, 20.6667, -36.3333, 19.6667, -36.0, 18.6667, -36.0, 17.6667, -35.6667, 16.6667, -36.3333, 15.6667, -36.6667, 15.3333, -37.3333, 14.3333, -37.6667, 14.3333, -38.0, 14.3333, -38.6667]",23.281192,14.228053,91.760558
142,142,5c:01:3b:6b:b0:95,-42,256,"[86.0, -32.0, 4.0, 0.0, 3.3333, -23.3333, 3.0, -23.3333, 2.3333, -22.3333, 2.0, -21.6667, 1.0, -21.6667, 0.6667, -21.6667, 0.0, -20.6667, -1.0, -21.0, -1.6667, -20.3333, -2.0, -20.3333, -2.6667, -20.3333, -2.6667, -20.3333, -3.0, -20.3333, -3.6667, -20.3333, -3.6667, -20.3333, -3.0, -20.3333, -3.0, -20.0, -3.0, -19.3333, -2.0, -19.0, -1.3333, -18.0, -1.0, -17.0, 0.0, -16.0, 0.3333, -16.0, 0.3333, -15.6667, 1.3333, -15.0, 0.0, -3.6667, 0.0, 0.0, 0.0, 0.0, 0.0, 0.0, 0.0, 0.0, 0.0, 0.0, 0.0, 0.0, 0.0, 0.0, 0.0, 0.0, 0.0, 0.0, -1.0, -5.0, -0.6667, -19.3333, 0.3333, -20.0, 1.0, -21.0, 2.3333, -21.0, 3.3333, -21.3333, 4.3333, -21.3333, 5.0, -21.3333, 6.0, -21.3333, 7.0, -21.0, 7.3333, -21.6667, 8.3333, -21.6667, 9.3333, -21.6667, 9.3333, -21.0, 8.6667, -20.6667, 8.3333, -20.6667, 8.3333, -20.6667, 7.3333, -20.6667, 6.3333, -20.6667, 6.3333, -21.0, 6.0, -21.6667, 5.0, -22.0, 5.0, -22.0, 4.3333, -22.0, 4.3333, -23.0, 4.3333, -24.0, 4.3333, -24.0, 4.0, -13.0, 13.3333, -42.0, 13.3333, -41.6667, 12.3333, -40.6667, 11.6667, -40.0, 10.3333, -39.0, 9.3333, -38.3333, 8.3333, -37.6667, 7.0, -37.6667, 5.3333, -38.0, 3.6667, -38.0, 2.3333, -38.3333, 0.6667, -38.3333, 0.6667, -38.3333, 0.3333, -38.3333, 0.3333, -38.3333, 0.3333, -37.6667, 0.3333, -37.3333, 1.3333, -36.3333, 1.3333, -36.3333, 2.3333, -34.3333, 3.3333, -33.3333, 4.3333, -31.3333, 4.6667, -30.3333, 4.6667, -29.3333, 5.6667, -28.0, 7.0, -26.3333, 14.0, -24.0, 15.0, -22.0, 2.0, -4.6667, 0.0, -1.6667, -1.0, 0.0, -1.0, 1.0, -1.0, 0.0, -1.0, -2.0, 0.0, -6.6667, 3.6667, -35.0, 6.3333, -34.6667, 4.0, -36.3333, 6.6667, -36.3333, 9.6667, -36.6667, 11.6667, -36.6667, 13.6667, -37.3333, 16.3333, -37.0, 17.6667, -37.0, 19.3333, -36.6667, 20.6667, -36.3333, 21.6667, -36.3333, 23.0, -37.0, 23.0, -36.6667, 23.0, -36.6667, 23.6667, -35.6667, 23.0, -35.6667, 22.6667, -35.6667, 21.3333, -35.6667, 20.3333, -36.0, 19.3333, -36.3333, 18.3333, -36.6667, 17.3333, -37.6667, 16.3333, -38.6667, 15.6667, -39.6667, 14.6667, -40.6667, 14.6667, -41.6667, 14.6667, -42.3333]",26.373771,14.614214,91.760558
143,143,5c:01:3b:6b:b0:95,-43,256,"[86.0, -32.0, 4.0, 0.0, -3.0, -21.6667, -3.0, -21.3333, -3.6667, -20.3333, -3.6667, -19.6667, -4.3333, -19.6667, -4.6667, -19.3333, -5.0, -18.3333, -5.6667, -18.3333, -6.0, -18.0, -5.6667, -17.6667, -6.3333, -17.3333, -6.3333, -17.3333, -6.0, -17.3333, -6.6667, -17.3333, -6.6667, -17.3333, -6.0, -17.3333, -6.0, -17.0, -6.0, -16.6667, -5.3333, -16.3333, -5.0, -15.6667, -4.6667, -14.6667, -4.0, -14.0, -4.0, -14.0, -3.6667, -13.6667, -3.0, -13.3333, -1.0, -3.3333, 0.0, 0.0, 0.0, 0.0, 0.0, 0.0, 0.0, 0.0, 0.0, 0.0, 0.0, 0.0, 0.0, 0.0, 0.0, 0.0, 0.0, 0.0, -2.0, -4.6667, -5.3333, -17.3333, -4.6667, -18.0, -4.0, -19.3333, -3.0, -19.6667, -2.3333, -19.6667, -1.3333, -19.6667, -0.6667, -19.6667, 0.0, -19.6667, 1.0, -19.0, 1.0, -19.3333, 1.6667, -19.3333, 2.6667, -19.3333, 2.6667, -19.0, 2.0, -18.3333, 2.0, -18.3333, 2.0, -18.3333, 1.0, -18.3333, 0.3333, -18.3333, 0.3333, -19.0, 0.0, -19.3333, -1.0, -20.0, -1.0, -20.0, -1.6667, -20.0, -2.0, -21.0, -2.3333, -22.0, -2.3333, -22.0, 0.0, -12.0, 0.3333, -39.0, 0.6667, -38.3333, 0.0, -37.3333, -0.3333, -37.0, -1.3333, -36.0, -2.0, -35.6667, -3.0, -35.3333, -4.0, -35.0, -5.3333, -35.0, -6.3333, -34.3333, -7.0, -34.3333, -8.0, -34.0, -7.6667, -33.6667, -7.6667, -33.6667, -7.6667, -33.6667, -7.3333, -33.3333, -7.3333, -32.6667, -6.6667, -32.0, -7.0, -32.0, -6.3333, -30.6667, -5.6667, -30.0, -4.6667, -28.3333, -4.3333, -27.6667, -4.0, -27.0, -2.6667, -25.6667, -1.3333, -24.6667, 4.6667, -22.0, 6.0, -20.0, 0.6667, -4.3333, -0.3333, -1.3333, -0.6667, 0.0, -0.6667, 0.6667, -0.6667, 0.0, -1.0, -2.0, -1.3333, -6.0, -4.6667, -32.0, -3.6667, -32.3333, -5.3333, -33.6667, -3.3333, -34.3333, -0.6667, -34.3333, 1.0, -34.3333, 2.6667, -34.6667, 4.6667, -34.0, 6.0, -34.0, 7.3333, -33.3333, 8.6667, -32.6667, 9.6667, -32.6667, 10.6667, -33.0, 10.6667, -32.3333, 11.0, -32.3333, 11.3333, -31.3333, 11.0, -31.3333, 10.3333, -31.3333, 9.3333, -31.3333, 8.3333, -32.0, 7.3333, -32.6667, 6.3333, -33.3333, 5.3333, -34.3333, 4.0, -35.3333, 3.3333, -36.3333, 2.3333, -37.3333, 2.0, -38.3333, 2.0, -38.6667]",23.187025,13.001297,91.760558
144,144,5c:01:3b:6b:b0:95,-43,256,"[86.0, -32.0, 4.0, 0.0, 1.0, -20.0, 0.6667, -19.3333, 0.0, -18.3333, 0.0, -17.6667, -0.6667, -17.6667, -1.0, -17.0, -1.3333, -16.0, -2.0, -15.6667, -2.3333, -15.6667, -2.3333, -15.0, -2.6667, -14.3333, -2.6667, -14.3333, -2.6667, -14.3333, -3.0, -14.3333, -3.0, -14.3333, -2.3333, -14.3333, -2.3333, -14.0, -2.3333, -14.0, -2.0, -13.6667, -1.6667, -13.3333, -1.6667, -12.3333, -1.3333, -12.0, -1.3333, -12.0, -1.0, -11.6667, -0.6667, -11.6667, -0.3333, -3.0, 0.0, 0.0, 0.0, 0.0, 0.0, 0.0, 0.0, 0.0, 0.0, 0.0, 0.0, 0.0, 0.0, 0.0, 0.0, 0.0, 0.0, 0.0, -1.0, -4.3333, -2.3333, -15.3333, -1.6667, -16.0, -1.0, -17.6667, 0.0, -18.3333, 1.0, -18.0, 2.0, -18.0, 2.6667, -18.0, 3.3333, -18.0, 4.3333, -17.0, 4.3333, -17.0, 5.0, -17.0, 5.6667, -17.0, 5.6667, -17.0, 5.3333, -16.0, 5.3333, -16.0, 5.3333, -16.0, 4.3333, -16.0, 3.6667, -16.0, 3.6667, -17.0, 3.3333, -17.0, 2.6667, -18.0, 2.3333, -18.0, 2.0, -18.0, 1.6667, -19.0, 1.6667, -20.0, 1.6667, -20.0, 1.6667, -11.0, 6.6667, -36.0, 6.6667, -35.0, 6.0, -34.0, 5.3333, -34.0, 4.6667, -33.0, 4.0, -33.0, 2.6667, -33.0, 2.0, -32.3333, 0.3333, -32.0, -0.6667, -30.6667, -1.3333, -30.3333, -2.3333, -29.6667, -2.0, -29.0, -1.6667, -29.0, -2.0, -29.0, -1.6667, -29.0, -1.3333, -28.0, -1.0, -27.6667, -1.3333, -27.6667, -0.6667, -27.0, -0.3333, -26.6667, 0.0, -25.3333, 0.0, -25.0, 0.3333, -24.6667, 1.6667, -23.3333, 2.3333, -23.0, 7.3333, -20.0, 8.6667, -18.0, 1.0, -4.0, -0.3333, -1.0, -0.6667, 0.0, -0.6667, 0.3333, -0.6667, 0.0, -0.6667, -2.0, -0.6667, -5.3333, -0.6667, -29.0, 0.3333, -30.0, -0.6667, -31.0, 1.6667, -32.3333, 4.3333, -32.0, 6.0, -32.0, 7.6667, -32.0, 9.6667, -31.0, 11.0, -31.0, 12.6667, -30.0, 13.6667, -29.0, 14.6667, -29.0, 15.0, -29.0, 15.3333, -28.0, 15.3333, -28.0, 15.6667, -27.0, 15.0, -27.0, 14.6667, -27.0, 14.3333, -27.0, 13.6667, -28.0, 12.6667, -29.0, 12.0, -30.0, 11.0, -31.0, 10.0, -32.0, 9.0, -33.0, 8.3333, -34.0, 8.0, -35.0, 8.0, -35.0]",20.963631,12.426316,91.760558
145,145,5c:01:3b:6b:b0:95,-44,256,"[86.0, -32.0, 4.0, 0.0, -2.3333, -20.0, -2.6667, -19.0, -3.0, -18.0, -3.0, -17.0, -3.3333, -17.0, -4.0, -16.0, -4.0, -15.0, -4.6667, -14.0, -4.6667, -14.0, -5.0, -13.0, -5.0, -12.0, -5.3333, -12.0, -5.3333, -12.0, -5.3333, -12.0, -5.3333, -12.0, -4.6667, -12.0, -4.6667, -12.0, -4.3333, -12.0, -4.3333, -12.0, -4.0, -12.0, -3.6667, -11.0, -3.6667, -11.0, -3.3333, -11.0, -3.0, -11.0, -2.6667, -11.0, -1.0, -3.0, 0.0, 0.0, 0.0, 0.0, 0.0, 0.0, 0.0, 0.0, 0.0, 0.0, 0.0, 0.0, 0.0, 0.0, 0.0, 0.0, 0.0, 0.0, -1.6667, -4.0, -5.3333, -14.0, -4.6667, -15.0, -4.0, -17.0, -3.3333, -18.0, -2.3333, -18.3333, -1.3333, -18.6667, -0.6667, -18.6667, 0.0, -19.0, 1.0, -18.6667, 1.0, -18.6667, 1.3333, -19.0, 1.6667, -19.0, 2.0, -19.0, 2.0, -18.3333, 2.0, -18.0, 1.6667, -18.0, 1.0, -18.0, 0.6667, -17.6667, 0.3333, -18.3333, 0.0, -18.3333, -0.6667, -19.0, -1.0, -18.6667, -1.3333, -18.6667, -1.6667, -19.3333, -2.0, -20.3333, -2.0, -20.3333, 0.0, -11.6667, 0.6667, -37.6667, 0.6667, -36.6667, 0.3333, -35.6667, 0.0, -35.3333, -0.6667, -34.0, -1.0, -33.6667, -2.3333, -33.3333, -3.0, -32.0, -4.6667, -31.0, -5.3333, -29.0, -6.3333, -28.0, -7.0, -27.0, -6.6667, -26.0, -6.3333, -26.0, -6.6667, -26.0, -6.0, -26.0, -5.6667, -25.0, -5.3333, -25.0, -5.6667, -25.0, -5.0, -25.0, -4.3333, -25.0, -4.3333, -24.0, -4.0, -24.0, -3.3333, -24.0, -2.0, -23.0, -1.0, -23.3333, 3.6667, -22.0, 5.3333, -20.6667, 0.6667, -4.3333, -0.3333, -1.3333, -0.6667, 0.0, -0.3333, 0.0, -0.3333, 0.0, -0.6667, -2.0, -1.6667, -5.0, -5.6667, -27.0, -4.6667, -29.0, -5.6667, -30.0, -3.6667, -32.0, -1.3333, -33.0, 0.3333, -33.6667, 2.0, -34.0, 3.6667, -34.0, 5.3333, -34.6667, 6.6667, -34.3333, 7.6667, -34.0, 8.6667, -34.3333, 8.6667, -34.3333, 9.0, -33.6667, 9.3333, -33.6667, 9.3333, -33.0, 9.0, -33.0, 8.6667, -32.6667, 8.3333, -32.3333, 8.0, -32.6667, 7.0, -33.3333, 6.3333, -34.0, 5.3333, -34.6667, 4.3333, -35.3333, 3.0, -35.6667, 2.3333, -36.3333, 1.6667, -37.0, 1.6667, -37.0]",21.191096,12.823825,91.760558
146,146,5c:01:3b:6b:b0:95,-44,256,"[86.0, -32.0, 4.0, 0.0, 4.3333, -11.0, 4.0, -10.3333, 3.6667, -10.0, 4.0, -9.6667, 3.6667, -9.6667, 3.0, -9.3333, 3.3333, -9.0, 2.6667, -8.3333, 2.6667, -8.6667, 2.0, -8.3333, 2.0, -8.0, 2.0, -8.0, 1.6667, -8.3333, 1.6667, -8.3333, 1.6667, -8.0, 2.3333, -8.0, 2.3333, -8.0, 2.3333, -8.0, 2.0, -7.6667, 2.3333, -7.6667, 2.3333, -7.0, 2.0, -6.6667, 2.3333, -6.6667, 2.0, -6.3333, 2.3333, -6.3333, 0.0, -2.0, 0.0, 0.0, 0.0, 0.0, 0.0, 0.0, 0.0, 0.0, 0.0, 0.0, 0.0, 0.0, 0.0, 0.0, 0.0, 0.0, 0.0, 0.0, 0.0, -2.6667, 1.6667, -8.3333, 2.0, -8.6667, 2.6667, -9.6667, 2.6667, -10.0, 3.3333, -10.0, 3.6667, -9.6667, 4.3333, -9.3333, 4.6667, -9.3333, 5.0, -9.3333, 4.6667, -9.0, 5.0, -9.0, 5.0, -9.0, 5.0, -9.0, 5.3333, -8.6667, 5.3333, -8.3333, 5.0, -8.6667, 5.0, -8.6667, 4.6667, -8.6667, 4.3333, -9.3333, 4.6667, -9.3333, 4.6667, -10.0, 4.3333, -9.6667, 4.0, -9.6667, 4.3333, -10.0, 4.3333, -10.6667, 4.6667, -10.6667, 3.3333, -6.0, 11.6667, -19.6667, 11.3333, -19.0, 11.0, -18.3333, 10.6667, -18.3333, 10.3333, -17.6667, 10.3333, -18.0, 9.3333, -18.0, 9.0, -17.6667, 8.0, -17.6667, 8.0, -16.6667, 7.0, -16.6667, 6.6667, -16.3333, 7.0, -15.6667, 7.0, -15.6667, 6.6667, -15.6667, 7.0, -15.6667, 7.0, -15.0, 7.0, -15.0, 6.6667, -14.6667, 7.0, -14.6667, 7.0, -14.3333, 6.3333, -13.6667, 6.6667, -13.6667, 6.6667, -13.3333, 6.6667, -12.6667, 7.0, -12.6667, 9.3333, -10.6667, 11.0, -9.6667, 1.6667, -2.3333, 0.0, -1.0, -1.0, -0.3333, -0.6667, -0.3333, -0.6667, -0.3333, 0.0, -1.6667, 0.6667, -3.3333, 6.6667, -17.0, 8.0, -17.3333, 6.6667, -17.0, 7.6667, -17.3333, 8.6667, -17.6667, 9.3333, -17.6667, 10.3333, -17.3333, 11.0, -16.6667, 11.6667, -16.6667, 12.6667, -16.0, 13.6667, -15.6667, 14.6667, -15.6667, 14.6667, -15.6667, 15.0, -15.0, 15.3333, -15.0, 15.3333, -14.6667, 15.0, -14.6667, 15.0, -14.6667, 14.3333, -14.3333, 14.3333, -14.6667, 13.3333, -15.3333, 12.6667, -16.0, 12.0, -16.6667, 12.3333, -17.3333, 11.6667, -17.6667, 11.6667, -18.3333, 11.6667, -19.0, 12.0, -19.0]",13.085573,9.727425,91.760558
147,147,5c:01:3b:6b:b0:95,-43,256,"[86.0, -32.0, 4.0, 0.0, -3.0, -5.3333, -3.0, -5.0, -3.0, -5.0, -2.6667, -4.6667, -2.6667, -4.6667, -3.3333, -4.3333, -3.0, -4.3333, -3.6667, -3.6667, -3.3333, -4.0, -4.0, -3.6667, -4.0, -3.6667, -4.3333, -3.3333, -4.3333, -3.6667, -4.3333, -3.6667, -4.3333, -3.3333, -3.6667, -3.3333, -3.6667, -3.3333, -3.3333, -3.6667, -3.6667, -3.3333, -3.0, -3.6667, -2.6667, -3.3333, -3.0, -3.0, -2.3333, -3.3333, -2.6667, -3.0, -2.0, -3.3333, -1.3333, -1.3333, 0.0, 0.0, 0.0, 0.0, 0.0, 0.0, 0.0, 0.0, 0.0, 0.0, 0.0, 0.0, 0.0, 0.0, 0.0, 0.0, 0.0, 0.0, -1.6667, -1.3333, -4.3333, -3.6667, -4.0, -4.0, -3.3333, -4.6667, -3.6667, -5.0, -3.3333, -5.3333, -3.0, -5.3333, -2.3333, -5.0, -2.0, -5.3333, -1.6667, -6.0, -2.0, -6.0, -2.0, -6.0, -2.0, -6.3333, -1.6667, -6.0, -1.3333, -6.0, -1.3333, -5.6667, -2.0, -6.0, -1.6667, -5.6667, -1.6667, -5.6667, -2.3333, -6.0, -2.0, -5.6667, -2.3333, -5.6667, -2.3333, -5.3333, -3.0, -5.3333, -2.6667, -5.0, -3.3333, -5.3333, -3.0, -5.3333, 0.0, -4.0, 0.0, -12.3333, 0.0, -12.0, 0.0, -11.3333, 0.0, -11.3333, -0.3333, -10.6667, 0.0, -10.6667, -0.6667, -10.3333, -1.0, -10.0, -2.0, -9.6667, -2.0, -8.6667, -3.0, -8.6667, -3.3333, -8.3333, -3.0, -7.6667, -3.0, -7.6667, -3.0, -7.6667, -2.3333, -7.6667, -2.6667, -7.3333, -2.3333, -7.6667, -2.6667, -7.3333, -2.3333, -8.0, -1.6667, -7.6667, -2.0, -7.3333, -1.3333, -7.3333, -1.0, -7.0, -1.0, -7.0, 0.0, -7.3333, 3.6667, -7.6667, 4.3333, -8.0, 0.6667, -2.0, -0.3333, -1.0, -1.0, -0.3333, -0.3333, -0.3333, -0.3333, -0.3333, -0.3333, -1.0, -1.0, -2.0, -2.0, -9.0, -0.3333, -9.3333, -3.0, -8.6667, -2.3333, -9.3333, -1.6667, -10.6667, -1.0, -11.3333, 0.0, -11.6667, 0.6667, -12.0, 1.3333, -12.6667, 1.6667, -12.6667, 1.6667, -12.6667, 2.3333, -12.6667, 2.0, -12.6667, 2.0, -12.3333, 2.6667, -12.6667, 2.3333, -12.6667, 2.3333, -12.6667, 2.6667, -13.0, 2.0, -12.3333, 2.3333, -12.3333, 2.0, -12.3333, 1.6667, -12.3333, 1.3333, -12.3333, 1.3333, -12.0, 0.3333, -11.6667, 0.0, -11.6667, -0.3333, -11.6667, 0.0, -11.6667]",7.675846,8.329309,91.760558
148,148,5c:01:3b:6b:b0:95,-43,256,"[86.0, -32.0, 4.0, 0.0, 0.3333, 0.3333, 0.0, 0.3333, 0.0, 0.0, 0.3333, 0.3333, 0.0, 0.3333, -0.3333, 0.6667, 0.0, 0.3333, -0.6667, 1.0, -0.6667, 0.6667, -1.0, 1.0, -1.3333, 0.6667, -1.3333, 1.3333, -1.3333, 1.0, -1.3333, 1.0, -1.3333, 1.3333, -1.0, 1.3333, -1.0, 1.3333, -0.6667, 0.6667, -1.0, 1.0, -0.6667, 0.3333, -0.6667, 0.3333, -0.6667, 0.6667, -0.3333, 0.0, -0.6667, 0.3333, -0.3333, -0.3333, -0.6667, -0.6667, 0.0, 0.0, 0.0, 0.0, 0.0, 0.0, 0.0, 0.0, 0.0, 0.0, 0.0, 0.0, 0.0, 0.0, 0.0, 0.0, 0.0, 0.0, -0.6667, 0.0, -1.0, 1.0, -0.6667, 0.6667, 0.0, 0.3333, -0.3333, 0.0, 0.0, -0.3333, 0.0, -0.3333, 0.3333, 0.0, 0.0, -0.3333, -0.3333, -1.0, -1.0, -1.3333, -1.0, -1.0, -1.0, -1.6667, -1.3333, -1.0, -0.6667, -1.0, -0.6667, -1.0, -1.0, -1.3333, -0.3333, -0.6667, -0.3333, -1.0, -0.6667, -1.3333, 0.0, -0.6667, 0.3333, -0.3333, 0.3333, -0.3333, 0.0, -0.3333, 0.3333, 0.3333, 0.0, 0.3333, 0.3333, 0.3333, 1.0, -1.3333, 4.0, -3.3333, 4.0, -3.3333, 4.0, -2.6667, 4.0, -3.0, 4.3333, -2.6667, 5.0, -2.6667, 4.6667, -2.3333, 4.6667, -2.3333, 3.6667, -1.6667, 3.3333, -0.6667, 2.0, -0.6667, 1.6667, -0.3333, 1.6667, 0.3333, 1.6667, 0.3333, 1.6667, 0.3333, 2.0, 0.3333, 1.6667, 0.3333, 2.0, -0.3333, 2.0, 0.0, 2.3333, -1.3333, 2.3333, -1.0, 2.3333, -1.0, 2.6667, -1.0, 2.6667, -0.6667, 2.6667, -1.3333, 3.0, -1.6667, 3.3333, -2.6667, 2.6667, -3.6667, 0.3333, -1.3333, -0.6667, -0.6667, -1.0, -0.3333, -0.6667, -0.3333, -0.6667, -0.3333, -0.3333, -0.3333, 0.0, -0.6667, 3.6667, -1.0, 5.3333, -1.3333, 3.3333, -0.3333, 4.3333, -1.3333, 3.6667, -2.6667, 3.0, -3.3333, 3.0, -4.0, 2.3333, -4.3333, 1.6667, -5.0, 1.3333, -5.0, 0.3333, -4.6667, 0.6667, -4.3333, 0.0, -4.3333, 0.0, -4.0, 0.3333, -4.6667, -0.3333, -4.6667, -0.3333, -4.6667, 0.3333, -5.6667, 0.0, -5.0, 0.6667, -5.3333, 1.0, -5.0, 1.3333, -4.6667, 1.6667, -4.3333, 2.6667, -3.3333, 2.6667, -3.0, 3.0, -2.6667, 3.3333, -2.3333, 4.0, -2.3333]",2.937134,8.090095,91.760558
149,149,5c:01:3b:6b:b0:95,-39,256,"[86.0, -32.0, 4.0, 0.0, -2.0, -3.0, -2.3333, -3.0, -2.0, -3.0, -2.0, -2.0, -2.3333, -2.0, -2.3333, -1.0, -2.3333, -1.0, -3.0, 0.0, -3.6667, 0.0, -4.0, 1.0, -4.6667, 1.0, -5.0, 2.0, -5.0, 2.0, -5.0, 2.0, -5.0, 2.0, -4.6667, 2.0, -4.6667, 2.0, -3.6667, 1.0, -3.6667, 1.0, -3.3333, 0.0, -3.0, 0.0, -2.3333, 0.0, -2.0, -1.0, -2.0, -1.0, -1.6667, -2.0, -0.6667, -1.0, 0.0, 0.0, 0.0, 0.0, 0.0, 0.0, 0.0, 0.0, 0.0, 0.0, 0.0, 0.0, 0.0, 0.0, 0.0, 0.0, 0.0, 0.0, -1.0, 0.0, -3.3333, 0.0, -2.6667, -1.0, -2.3333, -2.0, -2.6667, -3.0, -2.0, -4.0, -2.0, -5.0, -1.6667, -5.0, -2.0, -6.0, -2.3333, -7.0, -2.6667, -8.0, -2.6667, -8.0, -2.6667, -9.0, -2.6667, -8.0, -2.3333, -8.0, -2.3333, -8.0, -2.6667, -8.0, -2.3333, -7.0, -2.0, -7.0, -2.3333, -7.0, -2.0, -6.0, -1.6667, -5.0, -1.6667, -5.0, -2.0, -5.0, -1.6667, -4.0, -2.0, -4.0, -2.0, -4.0, -0.6667, -5.0, -1.3333, -14.0, -1.3333, -14.0, -1.3333, -13.0, -1.0, -13.0, -0.6667, -12.0, -0.3333, -11.0, -0.3333, -10.0, -0.3333, -9.0, -1.3333, -7.0, -2.0, -5.0, -3.3333, -4.0, -3.6667, -3.0, -4.0, -2.0, -4.0, -2.0, -4.0, -2.0, -3.6667, -2.0, -3.6667, -2.0, -3.0, -3.0, -2.6667, -3.0, -2.3333, -5.0, -2.0, -5.0, -1.6667, -5.0, -1.3333, -5.0, -1.0, -5.0, -0.6667, -6.0, 0.0, -7.0, -0.3333, -11.0, -2.0, -13.0, -0.6667, -3.0, -1.0, -1.0, -0.6667, 0.0, -0.3333, 0.0, -0.3333, 0.0, -1.0, 0.0, -1.3333, -1.0, -2.3333, -3.0, -0.6667, -5.0, -2.0, -5.0, -1.0, -8.0, -1.3333, -11.0, -2.0, -13.0, -2.0, -15.0, -2.3333, -17.0, -3.0, -19.0, -3.3333, -20.0, -5.0, -20.0, -5.0, -20.0, -6.0, -20.0, -6.0, -20.0, -6.0, -21.0, -6.6667, -21.0, -6.6667, -21.0, -6.0, -22.0, -6.0, -21.0, -5.0, -21.0, -4.0, -20.0, -3.3333, -19.0, -2.6667, -18.0, -2.0, -16.0, -2.0, -15.0, -2.0, -14.0, -1.6667, -13.0, -1.3333, -13.0]",8.115951,9.671124,91.760558
150,150,5c:01:3b:6b:b0:95,-43,256,"[86.0, -32.0, 4.0, 0.0, -0.3333, -1.3333, -0.6667, -1.0, 0.0, -1.0, 0.0, -0.3333, -0.3333, 0.0, 0.3333, 0.6667, 0.3333, 1.0, 0.0, 1.6667, -1.0, 2.0, -1.0, 3.0, -2.0, 3.0, -2.0, 3.6667, -2.0, 4.0, -2.0, 4.0, -2.0, 4.0, -2.0, 4.0, -2.0, 3.6667, -1.0, 2.6667, -1.0, 2.6667, -1.0, 1.6667, -1.0, 1.6667, 0.0, 1.3333, 0.0, 0.6667, 0.0, 0.3333, 0.0, -0.3333, 0.0, -0.6667, 0.0, 0.0, 0.0, 0.0, 0.0, 0.0, 0.0, 0.0, 0.0, 0.0, 0.0, 0.0, 0.0, 0.0, 0.0, 0.0, 0.0, 0.0, 0.0, 0.3333, 0.0, 1.3333, 0.3333, 0.3333, 0.0, -0.6667, -0.6667, -1.3333, -0.3333, -2.6667, -1.0, -3.3333, -1.0, -3.6667, -2.0, -4.6667, -3.0, -5.6667, -3.3333, -6.3333, -3.3333, -6.6667, -3.3333, -7.3333, -3.6667, -6.6667, -3.3333, -6.6667, -3.3333, -6.6667, -3.3333, -6.3333, -3.0, -5.6667, -2.3333, -5.3333, -2.3333, -5.3333, -2.0, -4.3333, -1.0, -3.3333, -1.0, -3.3333, -1.0, -3.3333, -0.3333, -2.3333, -0.3333, -2.3333, -0.3333, -2.3333, -1.3333, -4.0, -2.6667, -10.3333, -2.6667, -10.3333, -2.6667, -9.6667, -2.0, -9.6667, -1.0, -8.6667, -0.6667, -7.6667, 0.0, -6.6667, 0.6667, -5.6667, 0.6667, -3.6667, 0.6667, -1.6667, 0.3333, -0.6667, 0.6667, 0.3333, 0.3333, 1.3333, 0.3333, 1.3333, 0.3333, 1.3333, 0.3333, 1.3333, 0.3333, 1.3333, 0.6667, 0.3333, 1.0, 0.0, 0.6667, -1.6667, 0.0, -2.0, 0.3333, -2.0, 0.3333, -2.3333, 0.3333, -2.6667, 0.0, -3.6667, 0.0, -4.6667, -3.6667, -9.6667, -5.0, -11.3333, -1.3333, -2.6667, -1.0, -1.0, -0.3333, 0.0, -0.3333, -0.3333, -0.3333, 0.0, -1.0, 0.0, -0.6667, -0.6667, 0.6667, -0.6667, 1.0, -2.6667, 0.6667, -2.6667, 0.3333, -5.3333, -1.0, -8.0, -3.0, -10.0, -4.0, -12.0, -5.3333, -14.0, -7.3333, -16.0, -7.6667, -17.0, -9.0, -17.6667, -9.0, -17.6667, -10.0, -18.0, -10.0, -18.0, -10.0, -18.6667, -10.3333, -18.6667, -10.3333, -18.6667, -10.0, -19.3333, -10.0, -18.3333, -9.0, -18.0, -8.0, -17.0, -7.6667, -16.0, -6.6667, -15.0, -5.3333, -13.3333, -4.3333, -12.0, -4.0, -11.0, -3.0, -10.0, -2.6667, -10.0]",6.434602,9.780112,91.760558
151,151,5c:01:3b:6b:b0:95,-43,256,"[86.0, -32.0, 4.0, 0.0, -2.0, 4.6667, -2.0, 5.0, -1.0, 4.6667, -1.0, 5.0, -1.0, 5.3333, 0.0, 5.3333, 0.0, 5.6667, 0.3333, 5.6667, -0.3333, 6.0, 0.0, 6.6667, -0.6667, 6.6667, -0.6667, 7.0, -0.6667, 7.3333, -0.6667, 7.3333, -0.6667, 7.3333, -0.6667, 7.3333, -0.6667, 6.6667, 0.0, 6.0, -0.3333, 6.0, -0.3333, 5.3333, -0.3333, 5.0, 0.0, 4.6667, 0.0, 4.0, 0.0, 3.6667, 0.0, 3.3333, 0.0, 0.3333, 0.0, 0.0, 0.0, 0.0, 0.0, 0.0, 0.0, 0.0, 0.0, 0.0, 0.0, 0.0, 0.0, 0.0, 0.0, 0.0, 0.0, 0.0, 0.0, 1.3333, 0.0, 5.3333, 0.0, 4.6667, -1.0, 4.3333, -2.0, 4.0, -2.0, 3.0, -3.0, 3.0, -3.0, 2.6667, -4.0, 2.0, -5.0, 1.3333, -5.0, 1.0, -5.0, 0.6667, -5.0, 0.3333, -5.0, 0.6667, -5.0, 0.6667, -5.0, 0.6667, -5.0, 1.0, -5.0, 1.3333, -4.0, 1.6667, -4.0, 1.6667, -4.0, 2.3333, -3.0, 3.0, -3.0, 3.3333, -3.0, 3.0, -2.0, 4.0, -2.0, 4.0, -2.0, 4.3333, -3.0, 0.3333, -8.0, 3.6667, -8.0, 3.6667, -8.0, 3.6667, -7.0, 3.3333, -6.0, 4.0, -6.0, 4.3333, -5.0, 5.0, -4.0, 5.3333, -3.0, 6.6667, -2.0, 7.6667, -1.0, 8.6667, 0.0, 9.3333, 0.0, 10.0, 0.0, 10.0, 0.0, 9.6667, 0.0, 9.6667, 0.0, 9.6667, 0.0, 8.6667, 0.0, 8.3333, -1.0, 7.0, -2.0, 6.3333, -2.0, 6.0, -2.0, 5.6667, -2.0, 5.0, -3.0, 4.3333, -3.0, 3.3333, -7.0, -0.6667, -8.0, -2.0, -2.0, -1.0, -1.0, -0.6667, 0.0, -0.3333, 0.0, -0.6667, 0.0, -0.3333, -0.6667, 0.3333, -1.0, 0.6667, -2.0, 7.6667, -3.0, 6.3333, -3.0, 6.3333, -5.0, 5.0, -6.0, 3.3333, -8.0, 2.3333, -9.0, 1.0, -10.0, 0.0, -12.0, -1.3333, -12.0, -2.0, -13.0, -2.6667, -13.0, -2.6667, -14.0, -3.0, -14.0, -2.6667, -14.0, -3.3333, -14.0, -3.3333, -14.0, -3.3333, -14.0, -3.6667, -14.0, -3.0, -13.0, -3.0, -12.0, -2.0, -12.0, -1.3333, -11.0, -0.3333, -10.0, 0.6667, -9.0, 2.0, -9.0, 2.6667, -8.0, 3.6667, -8.0, 3.6667]",7.02202,8.360025,91.760558
152,152,5c:01:3b:6b:b0:95,-44,256,"[86.0, -32.0, 4.0, 0.0, -7.3333, 6.3333, -7.3333, 7.0, -6.6667, 6.6667, -6.6667, 6.6667, -6.6667, 7.3333, -6.0, 7.0, -6.0, 7.6667, -5.6667, 7.3333, -6.0, 8.0, -5.6667, 8.6667, -6.0, 8.6667, -6.3333, 8.6667, -6.3333, 9.3333, -6.3333, 9.3333, -6.3333, 9.3333, -6.0, 9.3333, -6.0, 8.3333, -5.3333, 7.6667, -5.6667, 7.6667, -5.3333, 7.0, -5.0, 6.6667, -4.6667, 6.0, -4.3333, 5.6667, -4.3333, 5.0, -4.0, 5.0, -1.0, 0.6667, 0.0, 0.0, 0.0, 0.0, 0.0, 0.0, 0.0, 0.0, 0.0, 0.0, 0.0, 0.0, 0.0, 0.0, 0.0, 0.0, 0.0, 0.0, -1.6667, 1.6667, -5.6667, 6.6667, -5.6667, 6.0, -6.3333, 5.6667, -7.0, 5.6667, -6.6667, 4.3333, -7.3333, 4.6667, -7.3333, 4.0, -8.0, 3.3333, -8.6667, 2.6667, -8.3333, 2.6667, -8.3333, 2.0, -8.0, 2.0, -8.0, 2.0, -8.0, 2.0, -8.0, 2.0, -8.0, 2.6667, -8.0, 2.6667, -7.6667, 3.3333, -7.6667, 3.3333, -8.0, 4.0, -7.6667, 4.6667, -7.6667, 5.0, -7.6667, 4.6667, -7.0, 5.6667, -7.3333, 5.6667, -7.6667, 6.0, -5.0, 1.3333, -14.3333, 7.3333, -14.3333, 7.3333, -14.0, 7.0, -13.0, 6.6667, -12.3333, 7.3333, -12.6667, 7.6667, -12.0, 8.3333, -11.6667, 8.6667, -11.0, 10.0, -10.6667, 11.0, -10.3333, 12.0, -10.0, 12.6667, -10.3333, 13.3333, -10.3333, 13.3333, -10.0, 13.0, -9.6667, 13.0, -9.3333, 13.0, -9.3333, 12.0, -9.0, 11.3333, -9.0, 10.3333, -9.3333, 9.3333, -9.0, 9.0, -8.6667, 8.3333, -8.3333, 7.3333, -8.3333, 6.6667, -7.6667, 5.6667, -8.0, 0.6667, -8.0, -0.3333, -2.0, -0.6667, -1.0, -0.6667, 0.0, -0.3333, 0.0, -1.0, 0.0, -0.3333, -1.0, 0.3333, -2.3333, 1.0, -10.3333, 10.0, -10.3333, 8.6667, -11.0, 8.6667, -12.0, 7.6667, -12.3333, 6.3333, -13.0, 5.3333, -13.6667, 4.0, -14.0, 3.0, -15.0, 1.6667, -14.6667, 1.0, -15.0, -0.3333, -15.0, -0.3333, -15.6667, -1.0, -15.6667, -0.6667, -15.3333, -1.0, -15.3333, -1.0, -15.0, -1.0, -15.0, -1.0, -15.0, -0.3333, -14.6667, 0.0, -14.3333, 1.0, -14.6667, 1.6667, -14.3333, 2.6667, -14.3333, 3.3333, -14.0, 5.0, -14.6667, 5.6667, -14.3333, 6.6667, -14.6667, 6.6667]",10.818426,8.679019,91.760558
153,153,5c:01:3b:6b:b0:95,-39,256,"[86.0, -32.0, 4.0, 0.0, -9.3333, 12.6667, -9.0, 13.0, -8.6667, 12.3333, -8.3333, 12.0, -8.0, 12.3333, -7.6667, 11.6667, -7.3333, 12.0, -6.6667, 11.3333, -6.3333, 11.6667, -6.0, 12.0, -5.6667, 11.6667, -6.0, 11.6667, -6.0, 12.0, -5.6667, 12.0, -5.6667, 12.0, -5.6667, 12.0, -5.6667, 11.3333, -5.3333, 10.6667, -6.0, 10.6667, -5.6667, 10.0, -5.6667, 9.6667, -5.6667, 9.0, -5.3333, 8.6667, -5.3333, 8.3333, -5.3333, 8.3333, -1.3333, 1.6667, 0.0, 0.0, 0.0, 0.0, 0.0, 0.0, 0.0, 0.0, 0.0, 0.0, 0.0, 0.0, 0.0, 0.0, 0.0, 0.0, 0.0, 0.0, -2.0, 2.3333, -6.3333, 10.6667, -6.6667, 10.6667, -7.6667, 11.0, -8.3333, 11.3333, -8.3333, 10.6667, -9.0, 11.3333, -9.3333, 11.0, -10.0, 10.6667, -10.6667, 10.3333, -10.3333, 10.6667, -10.6667, 10.3333, -10.3333, 10.3333, -10.3333, 10.3333, -10.3333, 10.3333, -10.3333, 10.0, -10.3333, 10.3333, -10.0, 10.3333, -10.0, 10.6667, -9.6667, 10.6667, -10.0, 11.3333, -9.6667, 11.3333, -9.6667, 11.6667, -9.3333, 11.3333, -9.0, 12.3333, -9.3333, 12.6667, -9.6667, 13.3333, -6.3333, 6.0, -18.6667, 22.0, -18.3333, 22.0, -18.0, 21.3333, -17.0, 20.6667, -16.3333, 20.3333, -16.0, 20.0, -15.3333, 20.0, -15.0, 19.6667, -14.0, 20.3333, -13.3333, 20.3333, -12.6667, 21.0, -12.3333, 21.3333, -12.3333, 21.6667, -12.3333, 21.3333, -12.0, 21.0, -12.0, 21.0, -11.6667, 20.6667, -11.6667, 20.0, -11.6667, 19.6667, -11.6667, 18.6667, -11.6667, 17.6667, -11.3333, 16.6667, -11.0, 16.0, -11.0, 15.3333, -10.6667, 14.6667, -10.3333, 14.0, -9.0, 11.0, -8.0, 10.0, -2.0, 1.0, -1.0, 0.0, 0.0, -0.6667, 0.0, -1.0, 0.0, -0.6667, -1.0, 0.6667, -2.3333, 2.6667, -11.6667, 18.6667, -12.3333, 18.3333, -13.0, 18.6667, -14.3333, 18.6667, -15.3333, 18.6667, -16.3333, 18.6667, -17.3333, 18.3333, -18.0, 18.0, -18.0, 17.3333, -17.3333, 17.0, -17.0, 16.3333, -17.0, 16.3333, -17.3333, 16.3333, -17.3333, 16.6667, -16.6667, 16.0, -16.6667, 16.0, -16.0, 15.6667, -16.0, 15.6667, -16.0, 16.0, -16.3333, 16.0, -16.6667, 17.0, -17.3333, 17.6667, -17.6667, 18.3333, -18.6667, 19.0, -18.0, 20.0, -18.6667, 21.0, -18.3333, 22.0, -18.6667, 22.0]",16.786345,10.557541,91.760558
154,154,5c:01:3b:6b:b0:95,-43,256,"[86.0, -32.0, 4.0, 0.0, -11.3333, 15.0, -10.6667, 15.0, -10.6667, 14.3333, -10.0, 13.6667, -9.3333, 14.0, -9.3333, 13.3333, -8.6667, 13.3333, -8.0, 12.6667, -7.3333, 13.0, -7.3333, 13.0, -6.6667, 12.6667, -7.0, 12.3333, -7.0, 12.6667, -6.3333, 12.6667, -6.3333, 12.6667, -6.6667, 12.6667, -6.6667, 12.3333, -6.3333, 11.3333, -7.0, 11.3333, -6.6667, 10.6667, -7.0, 10.6667, -6.6667, 10.0, -6.3333, 10.0, -6.3333, 9.6667, -6.6667, 9.6667, -1.6667, 2.0, 0.0, 0.0, 0.0, 0.0, 0.0, 0.0, 0.0, 0.0, 0.0, 0.0, 0.0, 0.0, 0.0, 0.0, 0.0, 0.0, 0.0, 0.0, -2.3333, 2.6667, -7.0, 12.0, -7.6667, 12.3333, -9.0, 12.6667, -9.6667, 13.3333, -10.0, 13.0, -10.6667, 13.6667, -11.3333, 13.3333, -12.0, 13.0, -12.6667, 12.6667, -12.3333, 13.0, -13.0, 13.0, -12.6667, 13.0, -12.6667, 12.6667, -12.6667, 12.6667, -12.6667, 12.3333, -12.6667, 12.6667, -12.0, 12.6667, -12.3333, 13.0, -11.6667, 13.0, -12.0, 14.0, -11.6667, 14.0, -11.6667, 14.0, -11.0, 14.0, -11.0, 15.0, -11.3333, 15.3333, -11.6667, 15.6667, -7.6667, 7.6667, -23.0, 27.0, -22.3333, 27.0, -22.0, 26.0, -21.0, 25.3333, -20.3333, 24.6667, -19.3333, 24.3333, -18.6667, 23.6667, -18.3333, 23.3333, -17.0, 23.3333, -16.0, 23.3333, -15.0, 23.3333, -14.6667, 23.3333, -14.3333, 23.6667, -14.3333, 23.0, -14.0, 23.0, -14.3333, 23.0, -14.0, 22.3333, -14.0, 22.0, -14.3333, 21.6667, -14.3333, 21.0, -14.0, 20.0, -13.6667, 19.3333, -13.3333, 18.3333, -13.6667, 18.0, -13.0, 17.0, -13.0, 16.6667, -10.0, 13.6667, -8.0, 12.6667, -2.0, 1.3333, -1.0, 0.3333, 0.0, -0.6667, 0.0, -1.0, 0.0, -0.6667, -1.3333, 0.6667, -2.3333, 3.3333, -13.0, 21.0, -14.3333, 21.3333, -15.0, 22.0, -16.6667, 22.3333, -18.3333, 23.0, -19.6667, 22.6667, -21.0, 22.6667, -22.0, 22.0, -21.0, 21.3333, -20.0, 21.0, -19.0, 20.3333, -19.0, 20.3333, -19.0, 20.6667, -19.0, 20.6667, -18.0, 20.0, -18.0, 20.0, -17.0, 19.3333, -17.0, 19.3333, -17.0, 19.6667, -18.0, 20.0, -19.0, 21.0, -20.0, 22.0, -21.0, 22.3333, -23.0, 23.3333, -22.0, 24.3333, -22.6667, 26.0, -22.3333, 27.0, -22.6667, 27.3333]",19.625502,11.725384,91.760558
155,155,5c:01:3b:6b:b0:95,-43,256,"[86.0, -32.0, 4.0, 0.0, -1.3333, 21.6667, -0.6667, 21.0, -0.6667, 20.0, 0.0, 19.0, 0.6667, 19.0, 0.6667, 18.0, 1.6667, 17.3333, 2.3333, 16.3333, 3.0, 16.3333, 3.0, 15.6667, 4.0, 15.3333, 4.0, 14.6667, 4.0, 14.6667, 5.0, 14.6667, 5.0, 14.6667, 4.0, 14.6667, 4.0, 14.6667, 3.6667, 13.6667, 3.0, 13.6667, 2.6667, 13.3333, 1.6667, 13.3333, 1.3333, 13.0, 1.0, 13.0, 1.0, 13.0, 0.0, 13.0, 0.0, 3.0, 0.0, 0.0, 0.0, 0.0, 0.0, 0.0, 0.0, 0.0, 0.0, 0.0, 0.0, 0.0, 0.0, 0.0, 0.0, 0.0, 0.0, 0.0, 0.0, 3.6667, 2.3333, 16.0, 1.6667, 17.0, 0.0, 18.0, -0.6667, 19.0, -1.6667, 19.6667, -2.3333, 20.6667, -3.3333, 20.6667, -4.0, 20.6667, -5.0, 20.6667, -5.3333, 21.0, -6.0, 21.6667, -6.3333, 21.6667, -6.3333, 21.0, -6.3333, 21.0, -6.0, 20.6667, -6.0, 20.6667, -5.3333, 20.6667, -5.0, 20.6667, -4.0, 20.6667, -4.0, 21.6667, -3.0, 21.3333, -2.6667, 21.3333, -2.0, 21.3333, -2.0, 22.3333, -1.6667, 22.6667, -1.6667, 23.0, -2.6667, 12.6667, -7.3333, 42.3333, -6.6667, 42.3333, -7.0, 40.6667, -6.3333, 39.6667, -5.3333, 38.3333, -4.0, 37.3333, -3.0, 35.6667, -2.3333, 34.6667, -0.6667, 33.3333, 1.0, 32.3333, 2.6667, 31.6667, 3.6667, 31.0, 4.6667, 31.0, 4.6667, 30.0, 4.6667, 30.0, 4.0, 30.0, 3.6667, 29.0, 3.3333, 29.0, 2.3333, 29.0, 1.3333, 28.6667, 1.0, 27.6667, 0.3333, 27.0, 0.0, 26.0, -1.0, 26.0, -1.3333, 25.0, -2.6667, 25.0, -3.3333, 24.0, -2.3333, 23.0, -1.0, 3.0, -0.6667, 1.0, -0.3333, -1.0, -0.3333, -1.0, -0.3333, -1.0, -0.3333, 1.0, 0.6667, 5.0, 3.3333, 29.3333, 0.6667, 31.0, 0.6667, 32.0, -2.0, 33.6667, -4.3333, 35.6667, -6.6667, 36.0, -8.3333, 37.0, -10.3333, 37.0, -10.0, 37.0, -10.0, 37.0, -9.6667, 37.0, -9.6667, 37.0, -10.0, 38.0, -10.0, 38.0, -9.3333, 37.0, -9.3333, 37.0, -8.6667, 36.0, -8.6667, 36.0, -8.3333, 36.0, -8.6667, 36.0, -9.0, 37.0, -9.3333, 38.0, -9.6667, 38.0, -10.3333, 39.0, -8.6667, 39.6667, -8.3333, 41.6667, -7.3333, 42.6667, -7.0, 43.3333]",23.586033,13.900355,91.760558
156,156,5c:01:3b:6b:b0:95,-44,256,"[86.0, -32.0, 4.0, 0.0, 5.3333, 16.3333, 5.6667, 15.3333, 5.6667, 14.6667, 6.0, 13.6667, 6.3333, 13.6667, 6.3333, 12.6667, 7.3333, 12.0, 7.6667, 11.0, 8.0, 10.6667, 8.0, 10.0, 9.0, 9.6667, 9.0, 9.0, 9.0, 9.0, 10.0, 9.0, 10.0, 9.0, 9.0, 9.0, 9.0, 9.0, 8.3333, 8.6667, 8.0, 8.6667, 7.3333, 9.0, 6.3333, 9.0, 5.6667, 9.0, 5.0, 9.0, 5.0, 9.3333, 4.0, 9.3333, 1.0, 2.0, 0.0, 0.0, 0.0, 0.0, 0.0, 0.0, 0.0, 0.0, 0.0, 0.0, 0.0, 0.0, 0.0, 0.0, 0.0, 0.0, 0.0, 0.0, 1.0, 2.6667, 6.6667, 10.6667, 6.3333, 11.6667, 5.0, 12.3333, 4.6667, 13.3333, 3.6667, 14.3333, 3.3333, 15.6667, 2.3333, 16.0, 2.0, 16.0, 1.0, 16.3333, 0.3333, 16.3333, 0.0, 17.3333, -0.6667, 17.6667, -0.6667, 17.0, -0.6667, 16.6667, 0.0, 16.6667, 0.0, 16.6667, 0.3333, 16.6667, 1.0, 16.3333, 2.0, 16.3333, 2.0, 16.6667, 3.0, 16.6667, 3.6667, 16.3333, 4.0, 16.3333, 4.0, 17.0, 4.6667, 17.0, 4.6667, 17.0, 1.6667, 10.3333, 6.3333, 34.0, 6.6667, 34.0, 6.0, 32.3333, 6.3333, 31.6667, 7.3333, 30.6667, 8.0, 29.6667, 9.0, 27.6667, 9.3333, 26.6667, 10.6667, 24.6667, 12.0, 23.6667, 13.3333, 22.6667, 14.3333, 21.6667, 15.3333, 21.3333, 15.3333, 20.6667, 15.3333, 20.6667, 15.0, 21.0, 14.3333, 20.3333, 13.6667, 20.3333, 12.6667, 20.3333, 11.6667, 20.6667, 11.0, 20.3333, 9.6667, 20.3333, 9.0, 19.6667, 8.0, 19.6667, 7.3333, 19.3333, 5.6667, 19.6667, 3.3333, 20.6667, 3.3333, 20.3333, 0.0, 2.6667, -0.3333, 0.6667, -0.6667, -1.0, -0.6667, -1.0, -0.6667, -1.0, 0.3333, 0.6667, 2.3333, 3.3333, 12.6667, 20.6667, 10.3333, 22.6667, 10.3333, 23.0, 8.0, 25.3333, 6.3333, 27.3333, 4.6667, 28.0, 3.3333, 29.3333, 1.3333, 30.0, 1.0, 30.6667, 0.0, 31.0, -0.3333, 31.6667, -0.3333, 32.0, -1.0, 32.6667, -1.0, 33.0, -0.6667, 32.3333, -0.3333, 32.0, 0.0, 31.3333, 0.0, 31.3333, 0.3333, 31.0, 0.6667, 31.0, 1.0, 31.3333, 1.3333, 32.0, 1.6667, 31.6667, 2.3333, 32.0, 3.6667, 32.3333, 4.3333, 33.3333, 5.3333, 33.6667, 6.0, 34.3333]",19.223908,12.069657,91.760558
157,157,5c:01:3b:6b:b0:95,-40,256,"[86.0, -32.0, 4.0, 0.0, 10.0, 1.0, 10.0, 0.3333, 9.6667, 0.3333, 9.3333, 0.0, 9.0, 0.0, 9.0, -0.3333, 9.3333, -0.6667, 9.0, -1.0, 9.0, -1.3333, 8.6667, -1.3333, 9.3333, -1.6667, 9.3333, -1.6667, 9.0, -1.6667, 9.6667, -1.6667, 9.6667, -1.6667, 9.0, -1.6667, 9.0, -1.6667, 8.3333, -1.6667, 8.6667, -1.3333, 8.0, -1.0, 7.6667, -0.6667, 7.0, -0.6667, 6.6667, -0.6667, 6.6667, 0.0, 6.0, 0.0, 1.3333, -0.3333, 0.0, 0.0, 0.0, 0.0, 0.0, 0.0, 0.0, 0.0, 0.0, 0.0, 0.0, 0.0, 0.0, 0.0, 0.0, 0.0, 0.0, 0.0, 1.3333, -0.3333, 7.6667, -0.6667, 8.0, -0.3333, 7.6667, -0.3333, 8.0, 0.0, 7.6667, 0.3333, 8.0, 1.3333, 7.6667, 1.6667, 8.0, 1.6667, 7.6667, 2.0, 7.3333, 2.0, 7.6667, 2.6667, 7.0, 3.0, 7.0, 2.6667, 7.0, 2.3333, 7.3333, 2.3333, 7.3333, 2.3333, 7.0, 2.3333, 7.6667, 2.0, 8.3333, 2.0, 8.0, 1.6667, 8.3333, 1.6667, 9.0, 1.3333, 9.0, 1.3333, 9.0, 1.3333, 9.6667, 1.3333, 9.6667, 1.0, 5.3333, 1.3333, 18.3333, 4.6667, 18.3333, 5.0, 17.3333, 4.3333, 17.3333, 4.3333, 17.3333, 4.0, 17.0, 3.3333, 17.3333, 2.3333, 16.6667, 2.0, 17.0, 0.6667, 17.0, 0.3333, 17.3333, -0.3333, 17.3333, -1.0, 18.0, -1.0, 17.6667, -1.3333, 17.6667, -1.3333, 18.0, -0.6667, 17.3333, -1.0, 17.0, -0.6667, 16.3333, -0.6667, 16.0, 0.0, 15.3333, 0.3333, 14.0, 0.6667, 13.6667, 0.6667, 13.0, 1.0, 12.6667, 1.3333, 11.6667, 2.0, 10.3333, 4.0, 10.0, 4.3333, 1.3333, 0.0, 0.0, -0.3333, -1.0, -0.6667, -1.0, -0.3333, -1.0, -0.6667, 0.3333, -0.3333, 2.3333, -0.6667, 15.0, -0.6667, 14.3333, 0.3333, 15.0, 0.0, 14.3333, 1.3333, 14.6667, 2.6667, 14.6667, 3.0, 14.6667, 4.0, 14.3333, 4.3333, 14.3333, 5.0, 13.3333, 5.3333, 13.3333, 6.0, 13.3333, 6.3333, 13.0, 6.6667, 13.0, 7.0, 13.3333, 6.6667, 13.6667, 6.3333, 13.6667, 6.3333, 13.6667, 6.3333, 13.6667, 6.0, 14.0, 6.0, 14.3333, 5.6667, 14.6667, 6.0, 15.0, 5.3333, 16.0, 5.0, 16.3333, 5.0, 16.6667, 4.6667, 17.3333, 4.3333, 18.0, 4.6667]",11.15292,9.019773,91.760558
158,158,5c:01:3b:6b:b0:95,-43,256,"[86.0, -32.0, 4.0, 0.0, 8.0, -14.3333, 8.0, -14.6667, 7.3333, -14.0, 6.6667, -13.6667, 6.0, -13.6667, 6.0, -13.3333, 5.6667, -13.3333, 5.0, -13.0, 5.0, -13.3333, 4.3333, -12.6667, 4.6667, -13.0, 4.6667, -12.3333, 4.0, -12.3333, 4.3333, -12.3333, 4.3333, -12.3333, 4.0, -12.3333, 4.0, -12.3333, 3.6667, -12.0, 4.3333, -11.3333, 4.0, -11.0, 4.3333, -10.3333, 4.0, -10.3333, 4.3333, -10.3333, 4.3333, -9.3333, 4.0, -9.3333, 0.6667, -2.6667, 0.0, 0.0, 0.0, 0.0, 0.0, 0.0, 0.0, 0.0, 0.0, 0.0, 0.0, 0.0, 0.0, 0.0, 0.0, 0.0, 0.0, 0.0, 0.6667, -3.3333, 4.3333, -12.0, 5.0, -12.3333, 5.3333, -13.0, 6.0, -13.3333, 6.3333, -13.6667, 7.0, -13.0, 7.3333, -12.6667, 8.0, -12.6667, 8.3333, -12.3333, 8.6667, -12.3333, 9.3333, -12.0, 9.0, -11.6667, 9.0, -11.6667, 9.0, -12.0, 8.6667, -12.0, 8.6667, -12.0, 8.0, -12.0, 8.3333, -12.3333, 8.6667, -12.3333, 8.0, -13.3333, 7.6667, -13.3333, 8.0, -13.6667, 8.0, -13.6667, 8.0, -14.3333, 8.3333, -14.3333, 8.3333, -15.0, 4.6667, -7.6667, 16.6667, -24.6667, 16.6667, -24.0, 15.6667, -23.6667, 15.6667, -23.0, 14.6667, -22.6667, 14.0, -23.0, 13.6667, -23.0, 12.3333, -22.6667, 12.0, -23.3333, 11.0, -23.0, 10.6667, -23.3333, 9.6667, -23.6667, 10.0, -23.3333, 9.3333, -23.3333, 9.3333, -23.3333, 10.0, -22.3333, 9.6667, -22.3333, 10.0, -21.6667, 9.6667, -21.6667, 10.0, -20.6667, 9.6667, -19.6667, 9.0, -19.0, 9.3333, -18.3333, 9.0, -17.6667, 9.3333, -16.6667, 9.3333, -15.6667, 10.6667, -12.6667, 11.0, -11.6667, 1.6667, -2.6667, 0.0, -1.3333, -1.0, -0.3333, -1.0, 0.3333, -1.0, -0.3333, -0.3333, -1.3333, 0.6667, -4.6667, 8.0, -22.0, 8.6667, -22.0, 10.0, -23.0, 10.6667, -22.6667, 12.3333, -22.0, 13.3333, -22.0, 14.3333, -21.3333, 15.6667, -21.3333, 16.6667, -20.6667, 16.6667, -20.3333, 17.6667, -19.6667, 17.6667, -19.3333, 18.0, -19.3333, 18.0, -19.0, 18.6667, -19.0, 19.0, -19.3333, 19.0, -18.6667, 19.0, -18.6667, 18.3333, -19.0, 18.0, -19.0, 17.6667, -20.0, 17.3333, -20.0, 17.0, -21.0, 17.0, -22.0, 16.6667, -22.3333, 16.3333, -24.0, 16.6667, -25.0, 17.0, -25.0]",17.681665,10.913654,91.760558
159,159,5c:01:3b:6b:b0:95,-44,256,"[86.0, -32.0, 4.0, 0.0, 6.0, -12.3333, 6.0, -12.3333, 5.3333, -12.0, 4.6667, -11.3333, 4.0, -11.3333, 4.0, -11.0, 3.3333, -11.0, 3.0, -10.6667, 3.0, -11.0, 2.3333, -10.6667, 2.3333, -11.0, 2.3333, -10.3333, 1.6667, -10.3333, 1.6667, -10.3333, 1.6667, -10.3333, 1.6667, -10.3333, 1.6667, -10.3333, 1.3333, -10.0, 2.0, -9.3333, 2.0, -9.3333, 2.3333, -8.6667, 2.0, -8.6667, 2.6667, -8.6667, 2.6667, -8.0, 2.6667, -8.0, 0.3333, -2.3333, 0.0, 0.0, 0.0, 0.0, 0.0, 0.0, 0.0, 0.0, 0.0, 0.0, 0.0, 0.0, 0.0, 0.0, 0.0, 0.0, 0.0, 0.0, 0.3333, -3.0, 3.0, -9.6667, 3.6667, -10.3333, 4.3333, -10.6667, 4.6667, -11.0, 5.3333, -11.3333, 6.0, -11.3333, 7.0, -11.0, 8.0, -11.0, 9.0, -11.0, 10.0, -10.6667, 11.0, -10.6667, 11.0, -10.6667, 11.0, -10.6667, 11.0, -10.6667, 10.0, -10.6667, 10.0, -10.6667, 9.0, -10.6667, 9.0, -11.0, 9.0, -11.0, 8.0, -11.6667, 7.0, -11.6667, 7.0, -11.6667, 7.0, -11.3333, 7.0, -12.0, 7.0, -12.0, 7.0, -12.6667, 4.3333, -6.0, 16.0, -19.6667, 16.0, -19.0, 15.3333, -18.6667, 15.3333, -18.3333, 14.0, -18.3333, 13.3333, -18.6667, 13.0, -18.6667, 11.6667, -18.6667, 11.6667, -19.0, 10.3333, -19.0, 10.3333, -19.3333, 9.0, -19.6667, 9.0, -19.3333, 8.6667, -19.3333, 8.6667, -19.3333, 9.0, -18.6667, 9.0, -18.6667, 9.3333, -18.3333, 9.0, -18.0, 9.3333, -17.3333, 8.6667, -16.3333, 8.0, -16.0, 8.3333, -15.3333, 8.0, -14.6667, 8.0, -14.0, 8.3333, -13.0, 11.0, -10.3333, 12.0, -9.3333, 2.0, -2.3333, 0.0, -1.0, -1.0, -0.3333, -1.0, 0.3333, -1.0, -0.3333, -0.3333, -1.3333, 0.6667, -4.0, 8.6667, -18.3333, 9.3333, -18.0, 11.3333, -18.6667, 12.0, -18.3333, 13.6667, -17.3333, 14.3333, -17.3333, 15.3333, -16.6667, 17.0, -16.6667, 19.0, -15.6667, 20.0, -15.3333, 22.0, -14.6667, 22.0, -14.6667, 23.0, -14.3333, 23.0, -14.3333, 24.0, -14.3333, 24.0, -14.0, 24.0, -13.6667, 24.0, -13.6667, 23.0, -14.0, 22.0, -14.3333, 21.0, -15.3333, 20.0, -15.3333, 19.0, -16.3333, 18.0, -17.0, 17.0, -17.3333, 16.3333, -18.6667, 16.6667, -19.3333, 17.0, -19.3333]",15.759327,10.506382,91.760558
160,160,5c:01:3b:6b:b0:95,-41,256,"[86.0, -32.0, 4.0, 0.0, 6.0, -0.6667, 6.0, -0.6667, 5.6667, -1.0, 5.3333, -0.6667, 5.0, -0.6667, 5.0, -1.0, 4.6667, -1.0, 5.0, -1.3333, 5.0, -2.0, 4.6667, -2.3333, 4.6667, -3.0, 4.6667, -2.6667, 4.3333, -2.6667, 4.3333, -2.6667, 4.3333, -2.6667, 4.3333, -2.6667, 4.3333, -2.6667, 3.6667, -2.0, 4.0, -1.6667, 4.0, -1.6667, 3.6667, -1.3333, 3.0, -1.3333, 3.3333, -1.3333, 3.3333, -1.0, 3.3333, -1.0, 0.6667, -0.6667, 0.0, 0.0, 0.0, 0.0, 0.0, 0.0, 0.0, 0.0, 0.0, 0.0, 0.0, 0.0, 0.0, 0.0, 0.0, 0.0, 0.0, 0.0, 0.6667, -1.0, 5.0, -1.3333, 5.3333, -1.6667, 5.6667, -1.3333, 5.3333, -1.0, 5.6667, -0.6667, 6.0, -0.6667, 6.6667, 0.0, 7.0, 0.0, 7.6667, 0.0, 8.3333, 0.6667, 8.6667, 0.6667, 8.6667, 0.6667, 8.6667, 0.6667, 8.6667, 0.6667, 8.0, 0.6667, 8.0, 0.6667, 7.3333, 0.6667, 7.3333, 0.0, 7.6667, 0.0, 7.0, -0.3333, 6.3333, -0.3333, 6.3333, -0.3333, 6.3333, 0.3333, 6.6667, 0.0, 6.6667, 0.0, 7.0, -0.3333, 4.6667, 2.0, 17.0, 5.6667, 17.0, 6.0, 16.6667, 5.6667, 16.6667, 5.3333, 16.0, 4.3333, 15.6667, 3.6667, 16.0, 2.6667, 15.3333, 1.6667, 16.3333, 1.0, 15.6667, 0.0, 16.6667, -0.6667, 16.0, -1.3333, 16.0, -1.6667, 16.3333, -1.6667, 16.3333, -1.6667, 16.0, -1.3333, 16.0, -1.3333, 15.6667, -1.6667, 15.0, -1.0, 14.6667, -0.6667, 13.3333, 0.3333, 12.0, 0.0, 11.6667, 0.3333, 11.0, 0.6667, 10.0, 1.0, 9.6667, 2.0, 9.0, 5.3333, 9.0, 6.3333, 1.3333, 0.3333, -0.3333, 0.0, -1.0, -0.6667, -1.0, -0.3333, -1.0, -0.6667, 0.3333, -0.6667, 2.3333, -1.0, 16.3333, -1.6667, 15.6667, 0.0, 17.6667, -0.3333, 17.0, 1.3333, 17.3333, 3.3333, 16.6667, 4.3333, 16.6667, 5.6667, 17.0, 6.6667, 17.6667, 8.6667, 18.0, 9.3333, 19.0, 10.6667, 18.6667, 10.6667, 19.0, 11.3333, 18.6667, 11.3333, 19.0, 11.3333, 19.0, 12.0, 19.0, 11.6667, 19.0, 11.6667, 18.6667, 11.0, 18.3333, 10.3333, 18.0, 9.3333, 17.6667, 9.3333, 17.3333, 8.3333, 17.0, 8.0, 16.6667, 7.3333, 16.6667, 6.6667, 17.3333, 6.3333, 18.0, 6.3333]",10.780819,9.976255,91.760558
161,161,5c:01:3b:6b:b0:95,-41,256,"[86.0, -32.0, 4.0, 0.0, -0.6667, 6.3333, -0.3333, 6.6667, -0.3333, 6.0, 0.0, 6.0, 0.0, 6.3333, 0.0, 5.6667, 0.3333, 5.6667, 1.0, 5.3333, 1.0, 4.6667, 1.0, 4.0, 1.0, 3.6667, 1.0, 3.6667, 1.0, 3.6667, 1.0, 3.6667, 1.0, 3.6667, 1.0, 3.6667, 1.3333, 3.6667, 0.6667, 4.3333, 0.6667, 4.0, 1.0, 4.0, 0.3333, 4.0, -0.3333, 4.0, -0.3333, 4.0, 0.0, 4.0, 0.0, 3.6667, 0.0, 0.3333, 0.0, 0.0, 0.0, 0.0, 0.0, 0.0, 0.0, 0.0, 0.0, 0.0, 0.0, 0.0, 0.0, 0.0, 0.0, 0.0, 0.0, 0.0, -0.3333, 0.6667, 1.0, 4.6667, 1.0, 4.3333, 1.0, 4.6667, 0.0, 5.3333, 0.0, 5.6667, 0.0, 5.6667, 0.0, 6.0, 0.3333, 6.0, 0.6667, 5.6667, 0.6667, 6.3333, 0.6667, 6.3333, 0.6667, 6.0, 0.6667, 6.3333, 1.0, 6.3333, 0.6667, 6.3333, 0.3333, 6.3333, 0.0, 6.3333, 0.3333, 6.0, 0.6667, 6.0, 0.0, 6.0, -0.3333, 6.0, -0.3333, 6.3333, -0.3333, 7.0, 0.0, 7.0, -0.3333, 7.0, 0.0, 7.0, -1.6667, 5.3333, -4.3333, 16.6667, -4.0, 16.6667, -3.6667, 16.3333, -3.3333, 15.6667, -2.6667, 14.6667, -2.3333, 14.3333, -1.6667, 13.3333, -1.6667, 12.6667, 0.0, 12.6667, 0.3333, 11.6667, 1.6667, 11.6667, 1.6667, 11.6667, 1.6667, 11.0, 2.3333, 11.3333, 2.6667, 11.0, 2.3333, 11.0, 2.6667, 11.0, 2.0, 10.0, 1.6667, 10.6667, 1.3333, 10.3333, 0.6667, 11.0, -0.3333, 10.0, -0.6667, 10.0, -1.0, 9.6667, -2.0, 9.6667, -2.0, 10.0, -3.3333, 11.6667, -3.0, 12.0, -1.0, 1.3333, -1.0, 0.3333, -0.6667, -1.0, -0.3333, -1.0, -0.6667, -0.6667, -0.3333, 0.0, 0.3333, 1.6667, 3.0, 11.3333, 2.0, 12.6667, 3.0, 11.3333, 1.3333, 12.3333, 0.3333, 13.0, -1.3333, 13.6667, -2.0, 14.3333, -3.0, 15.0, -3.0, 16.3333, -3.0, 16.3333, -2.6667, 17.3333, -3.0, 17.0, -3.3333, 17.6667, -3.3333, 17.3333, -3.3333, 17.3333, -3.0, 18.0, -3.0, 17.3333, -3.3333, 17.3333, -3.3333, 17.0, -3.3333, 16.6667, -3.3333, 16.3333, -3.6667, 17.0, -4.0, 16.3333, -4.3333, 17.0, -4.3333, 16.6667, -4.3333, 17.0, -4.0, 17.3333, -3.3333, 17.0]",9.221661,9.236009,91.760558
162,162,5c:01:3b:6b:b0:95,-40,256,"[86.0, -32.0, 4.0, 0.0, -7.3333, 1.6667, -6.6667, 2.3333, -6.6667, 2.0, -6.0, 2.0, -6.0, 2.3333, -6.0, 2.3333, -5.3333, 2.3333, -5.0, 2.3333, -5.0, 2.3333, -5.0, 2.0, -5.0, 2.0, -5.0, 2.3333, -5.0, 2.3333, -5.0, 2.3333, -5.0, 2.3333, -5.0, 2.3333, -4.3333, 2.3333, -4.6667, 2.3333, -4.6667, 2.0, -4.0, 2.0, -4.3333, 2.0, -4.6667, 2.0, -4.6667, 1.6667, -4.0, 1.6667, -4.0, 1.3333, -1.0, -0.3333, 0.0, 0.0, 0.0, 0.0, 0.0, 0.0, 0.0, 0.0, 0.0, 0.0, 0.0, 0.0, 0.0, 0.0, 0.0, 0.0, 0.0, 0.0, -1.6667, 0.3333, -5.0, 2.0, -5.0, 1.6667, -5.0, 1.3333, -6.0, 1.6667, -6.0, 1.3333, -6.0, 1.0, -6.6667, 1.0, -6.3333, 1.0, -6.3333, 0.3333, -7.0, 0.6667, -7.3333, 0.6667, -7.3333, 0.0, -7.3333, 0.3333, -6.6667, 0.6667, -6.6667, 0.3333, -7.3333, 0.6667, -7.3333, 0.6667, -6.6667, 0.6667, -6.3333, 1.0, -7.0, 1.0, -7.0, 1.0, -7.0, 1.3333, -7.0, 2.0, -6.6667, 2.0, -7.3333, 2.0, -7.0, 2.0, -8.3333, 0.3333, -26.6667, 1.3333, -26.0, 1.3333, -25.3333, 1.3333, -24.6667, 1.3333, -23.3333, 1.3333, -22.6667, 2.0, -22.3333, 2.0, -22.3333, 2.6667, -21.0, 3.3333, -20.3333, 3.3333, -19.6667, 4.3333, -19.6667, 5.3333, -19.6667, 5.0, -19.3333, 5.6667, -18.6667, 5.3333, -18.3333, 5.6667, -17.6667, 5.6667, -18.0, 4.6667, -17.6667, 5.0, -17.3333, 4.0, -16.6667, 4.3333, -16.6667, 3.3333, -16.3333, 3.3333, -16.0, 3.0, -16.0, 2.6667, -15.0, 2.3333, -15.6667, 0.6667, -15.0, 0.3333, -3.3333, -0.6667, -1.6667, -0.3333, -0.3333, -0.6667, 0.3333, -0.6667, -0.3333, -0.3333, -1.6667, 0.0, -3.3333, 0.6667, -18.0, 4.3333, -18.0, 3.6667, -18.0, 2.6667, -19.3333, 2.0, -20.3333, 0.6667, -21.6667, 0.0, -22.0, -0.6667, -23.0, -1.3333, -23.6667, -1.6667, -24.0, -2.3333, -24.3333, -2.6667, -24.6667, -3.0, -25.6667, -3.0, -25.3333, -3.6667, -25.6667, -3.6667, -25.0, -3.3333, -25.0, -3.6667, -25.6667, -3.6667, -25.3333, -3.3333, -25.0, -3.0, -24.6667, -2.6667, -25.0, -1.3333, -25.3333, -1.3333, -25.6667, -0.3333, -25.3333, 0.3333, -25.6667, 0.6667, -26.0, 1.0, -25.6667, 0.6667]",12.946117,11.364638,91.760558
163,163,5c:01:3b:6b:b0:95,-39,256,"[86.0, -32.0, 4.0, 0.0, -14.0, -3.3333, -13.3333, -2.6667, -13.0, -2.3333, -12.0, -2.3333, -12.0, -1.6667, -12.0, -1.3333, -11.3333, -1.0, -11.3333, -0.6667, -11.0, 0.0, -11.3333, 0.0, -11.0, 0.3333, -11.0, 1.0, -11.0, 1.0, -11.0, 1.0, -11.0, 1.0, -11.0, 1.0, -10.0, 1.0, -10.0, 0.3333, -10.0, 0.0, -9.3333, 0.0, -9.0, 0.0, -9.0, 0.0, -9.0, -0.6667, -8.0, -0.6667, -8.0, -1.0, -2.0, -1.0, 0.0, 0.0, 0.0, 0.0, 0.0, 0.0, 0.0, 0.0, 0.0, 0.0, 0.0, 0.0, 0.0, 0.0, 0.0, 0.0, 0.0, 0.0, -3.0, 0.0, -11.0, -0.3333, -11.0, -1.0, -11.3333, -2.0, -12.0, -2.3333, -12.0, -3.6667, -12.0, -4.3333, -13.0, -5.0, -12.3333, -5.0, -12.3333, -6.0, -13.0, -6.3333, -13.0, -6.6667, -13.0, -7.3333, -13.0, -7.0, -12.3333, -6.6667, -12.3333, -7.0, -13.0, -6.6667, -13.0, -6.3333, -12.3333, -5.6667, -12.3333, -5.3333, -13.0, -5.0, -13.0, -4.6667, -13.0, -4.3333, -13.0, -3.6667, -13.3333, -3.6667, -14.0, -3.6667, -14.0, -3.6667, -14.6667, -5.3333, -47.3333, -15.3333, -46.6667, -15.3333, -45.6667, -14.6667, -44.6667, -14.0, -42.6667, -13.0, -42.0, -11.3333, -41.6667, -10.3333, -41.6667, -8.6667, -40.6667, -7.0, -40.0, -5.6667, -40.0, -3.6667, -40.0, -2.0, -40.0, -1.6667, -40.0, -1.0, -39.0, -1.3333, -38.0, -1.0, -37.0, -1.0, -37.0, -1.6667, -36.0, -2.0, -35.0, -3.0, -33.0, -3.3333, -32.0, -4.0, -31.0, -4.0, -30.0, -4.6667, -28.6667, -5.0, -27.0, -6.0, -24.6667, -11.3333, -23.0, -12.3333, -4.6667, -2.6667, -1.6667, -1.0, 0.0, -0.3333, 1.0, -0.3333, 0.0, 0.0, -3.0, -0.3333, -7.0, -0.6667, -38.3333, -4.3333, -37.6667, -7.0, -38.6667, -6.3333, -39.3333, -9.0, -40.0, -12.3333, -40.6667, -14.3333, -41.0, -16.3333, -41.6667, -18.3333, -41.6667, -20.3333, -41.6667, -22.0, -41.6667, -23.3333, -41.6667, -24.0, -42.6667, -24.3333, -42.0, -25.0, -42.0, -25.3333, -41.0, -25.3333, -41.0, -25.3333, -41.6667, -25.3333, -41.6667, -24.3333, -41.6667, -23.3333, -41.6667, -22.3333, -42.6667, -20.6667, -43.3333, -20.0, -44.6667, -18.6667, -44.6667, -17.0, -45.6667, -16.3333, -46.6667, -16.0, -47.0, -16.3333]",24.397153,18.245441,91.760558
164,164,5c:01:3b:6b:b0:95,-44,256,"[86.0, -32.0, 4.0, 0.0, -17.3333, -3.6667, -16.6667, -3.3333, -16.0, -2.6667, -15.0, -2.6667, -14.6667, -2.0, -14.6667, -1.6667, -14.0, -1.0, -13.6667, -0.6667, -13.3333, 0.0, -13.6667, 0.3333, -13.0, 0.6667, -13.0, 1.3333, -13.0, 1.3333, -13.0, 1.3333, -13.0, 1.3333, -13.0, 1.3333, -12.0, 1.3333, -12.0, 0.3333, -11.6667, 0.3333, -11.3333, 0.3333, -11.0, 0.0, -11.0, 0.0, -10.6667, -0.6667, -10.0, -1.0, -9.6667, -1.0, -2.6667, -1.0, 0.0, 0.0, 0.0, 0.0, 0.0, 0.0, 0.0, 0.0, 0.0, 0.0, 0.0, 0.0, 0.0, 0.0, 0.0, 0.0, 0.0, 0.0, -3.6667, 0.0, -13.3333, -0.3333, -13.6667, -1.0, -14.3333, -2.0, -15.0, -2.6667, -15.0, -4.3333, -15.3333, -5.3333, -16.3333, -6.0, -16.0, -6.0, -16.3333, -7.0, -16.6667, -7.6667, -16.6667, -8.3333, -16.6667, -8.6667, -16.6667, -8.6667, -16.3333, -8.3333, -16.3333, -8.6667, -16.6667, -8.3333, -16.3333, -7.6667, -16.0, -7.0, -16.0, -6.6667, -16.3333, -6.0, -16.3333, -5.3333, -16.3333, -5.3333, -16.3333, -4.3333, -17.0, -4.3333, -17.3333, -4.3333, -17.6667, -4.3333, -14.3333, -6.3333, -45.6667, -17.6667, -45.3333, -17.6667, -44.3333, -17.0, -43.3333, -16.0, -41.3333, -15.0, -41.0, -13.0, -40.3333, -12.0, -40.0, -10.6667, -39.0, -9.0, -38.3333, -7.3333, -38.0, -5.3333, -38.0, -4.0, -37.6667, -3.3333, -37.6667, -3.0, -37.0, -3.0, -36.3333, -2.6667, -35.3333, -2.6667, -35.0, -3.0, -34.3333, -3.6667, -33.3333, -4.3333, -31.6667, -5.0, -30.6667, -5.3333, -29.6667, -5.3333, -28.6667, -6.0, -27.3333, -6.3333, -26.0, -7.3333, -23.3333, -14.0, -22.0, -15.0, -4.3333, -3.0, -1.3333, -1.0, 0.0, 0.0, 0.6667, 0.0, 0.0, 0.0, -2.6667, -0.6667, -7.0, -1.6667, -37.0, -9.3333, -36.6667, -12.3333, -37.6667, -8.6667, -38.3333, -11.3333, -39.0, -14.3333, -39.3333, -16.3333, -40.0, -18.3333, -40.3333, -20.3333, -40.3333, -22.3333, -40.3333, -24.0, -40.3333, -25.3333, -40.3333, -26.0, -41.3333, -26.3333, -41.0, -26.6667, -41.0, -27.3333, -40.0, -27.3333, -40.0, -27.3333, -40.3333, -27.3333, -40.3333, -26.3333, -40.3333, -25.3333, -40.3333, -24.3333, -41.3333, -23.0, -41.6667, -22.0, -43.3333, -21.0, -43.3333, -19.0, -44.3333, -18.3333, -45.3333, -18.3333, -46.0, -18.3333]",25.281429,17.321572,91.760558
165,165,5c:01:3b:6b:b0:95,-42,256,"[86.0, -32.0, 4.0, 0.0, -20.6667, -4.0, -20.0, -4.0, -19.0, -3.0, -18.0, -3.0, -17.3333, -2.0, -17.3333, -2.0, -16.6667, -1.0, -16.0, -0.3333, -15.6667, 0.0, -16.0, 0.6667, -15.0, 1.3333, -15.0, 1.6667, -15.0, 1.6667, -15.0, 1.6667, -15.0, 1.6667, -15.0, 1.6667, -14.0, 1.6667, -14.0, 0.6667, -13.3333, 0.6667, -13.3333, 0.6667, -13.0, 0.0, -13.0, 0.0, -12.3333, -0.3333, -12.0, -1.0, -11.3333, -1.0, -3.3333, -1.0, 0.0, 0.0, 0.0, 0.0, 0.0, 0.0, 0.0, 0.0, 0.0, 0.0, 0.0, 0.0, 0.0, 0.0, 0.0, 0.0, 0.0, 0.0, -4.3333, 0.0, -15.6667, 0.0, -16.3333, -1.0, -17.3333, -2.0, -18.0, -3.0, -18.0, -5.0, -18.6667, -6.0, -19.6667, -7.0, -19.6667, -6.6667, -20.3333, -7.0, -20.3333, -7.3333, -20.3333, -8.0, -20.3333, -7.6667, -20.3333, -7.6667, -20.3333, -7.6667, -20.3333, -7.6667, -20.3333, -8.0, -19.6667, -7.3333, -19.6667, -7.0, -19.6667, -7.0, -19.6667, -6.6667, -19.6667, -6.0, -19.6667, -6.0, -19.6667, -5.0, -20.6667, -5.0, -20.6667, -5.0, -21.3333, -5.0, -14.0, -6.6667, -44.0, -19.0, -44.0, -18.6667, -43.0, -18.0, -42.0, -17.0, -40.0, -16.0, -40.0, -14.0, -39.0, -13.0, -38.3333, -12.0, -37.3333, -10.0, -36.6667, -8.0, -36.0, -6.0, -36.0, -5.0, -35.3333, -4.0, -35.3333, -4.0, -35.0, -4.0, -34.6667, -4.0, -33.6667, -4.0, -33.0, -4.0, -32.6667, -5.0, -31.6667, -5.0, -30.3333, -6.0, -29.3333, -6.0, -28.3333, -6.0, -27.3333, -7.0, -26.0, -7.0, -25.0, -8.0, -22.0, -13.6667, -21.0, -13.6667, -4.0, -2.6667, -1.0, -1.0, 0.0, 0.0, 0.3333, 0.0, 0.0, 0.0, -2.3333, -1.0, -7.0, -2.0, -35.6667, -11.0, -35.6667, -14.0, -36.6667, -9.0, -37.3333, -12.0, -38.0, -15.0, -38.0, -17.0, -39.0, -18.3333, -39.0, -19.3333, -39.0, -20.0, -39.0, -20.6667, -39.0, -21.0, -39.0, -21.3333, -40.0, -21.0, -40.0, -20.6667, -40.0, -21.3333, -39.0, -21.3333, -39.0, -21.3333, -39.0, -21.3333, -39.0, -21.0, -39.0, -20.6667, -39.0, -20.3333, -40.0, -20.3333, -40.0, -20.0, -42.0, -19.6667, -42.0, -18.6667, -43.0, -18.0, -44.0, -18.0, -45.0, -18.0]",25.584945,15.964886,91.760558
166,166,5c:01:3b:6b:b0:95,-39,256,"[86.0, -32.0, 4.0, 0.0, -23.0, -5.6667, -22.0, -5.6667, -21.3333, -5.0, -20.3333, -5.0, -19.6667, -4.6667, -19.6667, -4.6667, -19.0, -3.6667, -18.0, -2.6667, -18.0, -2.3333, -18.0, -1.3333, -17.0, -0.6667, -17.0, -0.3333, -17.0, -0.6667, -17.0, -0.6667, -17.0, -0.6667, -17.0, -0.6667, -16.0, -0.6667, -16.0, -1.3333, -15.0, -1.3333, -15.0, -1.3333, -15.0, -2.0, -15.0, -2.0, -14.0, -2.0, -13.6667, -2.6667, -13.0, -2.6667, -3.6667, -1.3333, 0.0, 0.0, 0.0, 0.0, 0.0, 0.0, 0.0, 0.0, 0.0, 0.0, 0.0, 0.0, 0.0, 0.0, 0.0, 0.0, 0.0, 0.0, -5.0, -0.6667, -18.0, -2.6667, -18.6667, -3.6667, -19.3333, -4.6667, -20.0, -5.0, -20.0, -6.0, -20.6667, -6.6667, -21.3333, -7.0, -21.3333, -6.3333, -22.0, -6.0, -21.6667, -5.6667, -22.0, -6.0, -22.0, -5.3333, -22.0, -5.3333, -21.6667, -5.3333, -21.6667, -5.3333, -21.6667, -6.0, -21.0, -5.6667, -21.0, -6.0, -21.0, -6.0, -21.3333, -6.3333, -21.6667, -6.3333, -21.6667, -6.3333, -21.6667, -5.6667, -22.6667, -5.6667, -23.0, -6.0, -24.0, -6.0, -13.0, -6.3333, -41.0, -19.0, -41.0, -18.3333, -40.0, -18.0, -39.3333, -17.3333, -37.6667, -17.0, -37.6667, -15.6667, -36.6667, -15.3333, -36.0, -15.0, -35.3333, -13.6667, -35.0, -11.6667, -34.6667, -10.0, -34.6667, -9.0, -34.0, -8.0, -34.0, -8.0, -33.6667, -8.0, -33.3333, -8.0, -32.6667, -8.0, -31.6667, -8.0, -31.3333, -8.6667, -30.3333, -8.6667, -29.3333, -9.3333, -28.0, -9.3333, -27.0, -9.3333, -26.0, -9.6667, -24.6667, -9.0, -23.6667, -9.3333, -20.0, -12.3333, -19.0, -11.3333, -3.6667, -2.3333, -1.0, -1.0, 0.0, 0.0, 0.0, 0.0, 0.0, 0.0, -2.0, -1.0, -6.6667, -2.3333, -34.0, -12.0, -33.6667, -15.0, -34.6667, -12.0, -35.0, -15.0, -35.6667, -16.3333, -35.3333, -17.3333, -36.0, -17.6667, -36.0, -17.6667, -36.0, -17.0, -35.6667, -16.3333, -35.3333, -16.0, -35.3333, -15.6667, -36.3333, -15.0, -36.3333, -14.3333, -36.0, -14.6667, -35.3333, -14.6667, -35.0, -14.6667, -35.0, -14.6667, -35.0, -15.0, -35.0, -15.3333, -35.3333, -15.6667, -36.6667, -16.6667, -36.6667, -17.0, -38.6667, -17.3333, -39.0, -17.3333, -40.0, -17.0, -41.3333, -17.0, -42.0, -17.0]",25.171965,14.461207,91.760558
167,167,5c:01:3b:6b:b0:95,-43,256,"[86.0, -32.0, 4.0, 0.0, -11.0, -7.3333, -10.3333, -7.3333, -10.0, -7.0, -9.6667, -7.0, -9.3333, -7.3333, -9.3333, -7.3333, -9.3333, -6.3333, -8.6667, -5.3333, -8.6667, -4.6667, -9.0, -3.6667, -8.3333, -3.3333, -8.3333, -3.0, -8.3333, -3.3333, -8.3333, -3.3333, -8.3333, -3.3333, -8.3333, -3.3333, -7.6667, -3.3333, -7.6667, -3.6667, -7.0, -3.6667, -7.3333, -3.6667, -7.3333, -4.0, -7.3333, -4.0, -6.6667, -4.0, -6.6667, -4.3333, -6.3333, -4.3333, -2.0, -1.6667, 0.0, 0.0, 0.0, 0.0, 0.0, 0.0, 0.0, 0.0, 0.0, 0.0, 0.0, 0.0, 0.0, 0.0, 0.0, 0.0, 0.0, 0.0, -2.6667, -1.3333, -9.0, -5.3333, -9.3333, -6.3333, -9.3333, -7.3333, -9.6667, -7.0, -9.6667, -7.0, -9.6667, -7.3333, -9.6667, -7.0, -9.6667, -6.0, -10.0, -5.0, -9.6667, -4.0, -9.6667, -4.0, -9.6667, -3.0, -9.6667, -3.0, -9.6667, -3.0, -9.6667, -3.0, -9.6667, -4.0, -9.3333, -4.0, -9.3333, -5.0, -9.3333, -5.0, -9.6667, -6.0, -10.0, -6.6667, -10.0, -6.6667, -10.0, -6.3333, -10.6667, -6.3333, -10.6667, -7.0, -11.3333, -7.0, -3.6667, -6.0, -10.3333, -19.0, -10.3333, -18.0, -10.0, -18.0, -10.3333, -17.6667, -9.6667, -18.0, -10.3333, -17.3333, -10.0, -17.6667, -10.3333, -18.0, -10.3333, -17.3333, -10.6667, -15.3333, -11.0, -14.0, -11.3333, -13.0, -11.3333, -12.0, -11.3333, -12.0, -11.3333, -12.0, -11.0, -12.0, -10.6667, -12.0, -10.0, -12.0, -10.0, -12.3333, -9.6667, -12.3333, -9.3333, -12.6667, -8.3333, -12.6667, -8.0, -12.6667, -7.6667, -12.3333, -6.6667, -11.0, -6.3333, -10.6667, -3.6667, -11.0, -3.0, -9.0, -1.0, -2.0, -0.3333, -1.0, -0.3333, 0.0, -0.3333, 0.0, -0.3333, 0.0, -1.0, -1.3333, -2.6667, -2.6667, -12.6667, -13.6667, -11.6667, -16.0, -11.3333, -15.0, -10.6667, -18.0, -10.0, -17.6667, -9.0, -17.6667, -9.0, -17.0, -8.3333, -16.0, -8.0, -14.0, -7.3333, -12.0, -7.0, -11.0, -6.6667, -10.0, -7.0, -9.0, -7.0, -8.0, -6.6667, -7.6667, -6.3333, -7.6667, -6.3333, -8.0, -6.3333, -8.0, -6.3333, -9.0, -6.6667, -10.0, -7.0, -11.0, -7.6667, -13.0, -7.6667, -14.0, -8.6667, -15.0, -9.3333, -16.0, -9.6667, -16.0, -10.3333, -16.0, -10.6667, -16.0]",12.193807,9.117593,91.760558
168,168,5c:01:3b:6b:b0:95,-39,256,"[86.0, -32.0, 4.0, 0.0, -7.0, -7.0, -6.6667, -7.3333, -6.3333, -7.3333, -6.0, -7.3333, -5.6667, -8.0, -5.6667, -8.0, -5.6667, -7.3333, -5.0, -6.6667, -4.6667, -6.3333, -5.0, -5.6667, -4.3333, -6.0, -4.3333, -5.3333, -4.0, -6.0, -4.0, -6.0, -4.0, -5.6667, -4.0, -5.6667, -3.6667, -5.6667, -4.0, -5.6667, -3.6667, -5.3333, -4.0, -5.3333, -4.3333, -5.3333, -4.3333, -5.0, -4.0, -5.0, -4.0, -5.0, -4.0, -4.6667, -1.3333, -1.6667, 0.0, 0.0, 0.0, 0.0, 0.0, 0.0, 0.0, 0.0, 0.0, 0.0, 0.0, 0.0, 0.0, 0.0, 0.0, 0.0, 0.0, 0.0, -1.6667, -2.0, -5.0, -7.0, -5.3333, -7.6667, -5.3333, -8.0, -6.0, -7.3333, -6.3333, -6.6667, -6.3333, -6.3333, -6.3333, -5.6667, -6.6667, -4.6667, -6.6667, -4.0, -6.6667, -3.3333, -7.0, -3.3333, -7.0, -2.3333, -7.0, -2.3333, -7.0, -2.3333, -7.0, -2.3333, -7.0, -3.0, -6.6667, -3.3333, -6.6667, -4.0, -6.3333, -4.0, -6.6667, -4.6667, -6.6667, -5.3333, -6.6667, -5.6667, -6.6667, -5.6667, -7.0, -5.6667, -7.0, -6.6667, -7.3333, -6.6667, -2.0, -4.6667, -4.6667, -14.6667, -4.6667, -14.0, -4.3333, -14.0, -4.6667, -14.0, -4.3333, -15.0, -4.3333, -15.3333, -3.6667, -16.0, -4.0, -17.0, -3.6667, -17.6667, -4.0, -17.0, -4.0, -16.6667, -4.0, -16.6667, -4.3333, -16.0, -4.3333, -16.0, -4.0, -16.0, -3.6667, -15.6667, -4.0, -15.3333, -3.6667, -15.0, -3.6667, -15.0, -4.0, -14.3333, -4.0, -13.6667, -3.3333, -13.3333, -3.3333, -13.3333, -3.3333, -12.3333, -2.6667, -10.3333, -3.0, -9.3333, -1.6667, -6.6667, -1.0, -4.6667, -0.6667, -1.3333, -0.3333, -0.6667, -0.3333, -0.3333, -0.3333, 0.0, -0.3333, 0.0, -0.6667, -1.3333, -1.0, -3.0, -5.0, -14.6667, -5.0, -15.6667, -4.3333, -16.6667, -4.3333, -18.0, -4.0, -15.6667, -4.0, -14.3333, -4.3333, -13.3333, -4.3333, -12.0, -4.6667, -10.0, -4.0, -8.0, -3.3333, -7.0, -3.0, -6.3333, -3.3333, -5.6667, -3.3333, -4.6667, -2.6667, -4.3333, -2.6667, -4.0, -2.3333, -4.3333, -2.3333, -4.3333, -2.3333, -5.3333, -2.6667, -6.0, -3.3333, -7.0, -4.3333, -8.6667, -4.0, -9.6667, -4.3333, -11.0, -4.6667, -12.3333, -4.6667, -12.6667, -5.0, -13.0, -5.0, -13.0]",9.626133,8.810056,91.760558
169,169,5c:01:3b:6b:b0:95,-38,256,"[86.0, -32.0, 4.0, 0.0, -4.0, -2.0, -4.0, -2.3333, -3.3333, -2.3333, -3.0, -2.3333, -2.3333, -2.6667, -2.3333, -2.3333, -2.0, -2.0, -1.3333, -1.3333, -0.6667, -1.3333, -1.0, -0.6667, -0.3333, -1.0, -0.3333, -0.6667, 0.3333, -1.0, 0.3333, -1.0, 0.3333, -0.6667, 0.3333, -0.6667, 0.3333, -1.0, -0.3333, -1.3333, -0.3333, -1.0, -0.6667, -1.3333, -1.3333, -1.3333, -1.3333, -1.0, -1.3333, -1.3333, -1.6667, -1.6667, -1.6667, -1.3333, -1.0, -1.0, 0.0, 0.0, 0.0, 0.0, 0.0, 0.0, 0.0, 0.0, 0.0, 0.0, 0.0, 0.0, 0.0, 0.0, 0.0, 0.0, 0.0, 0.0, -0.6667, -0.6667, -1.0, -1.6667, -1.6667, -2.0, -2.0, -2.3333, -3.3333, -2.3333, -4.0, -2.0, -4.3333, -2.0, -4.6667, -2.0, -5.3333, -1.6667, -5.3333, -1.6667, -6.0, -1.3333, -6.3333, -1.3333, -6.3333, -1.0, -6.3333, -1.0, -6.6667, -1.0, -6.6667, -1.0, -6.6667, -1.3333, -6.0, -1.6667, -6.0, -1.6667, -5.3333, -1.6667, -5.3333, -1.6667, -4.6667, -1.6667, -4.6667, -2.0, -4.6667, -1.6667, -4.6667, -1.6667, -4.3333, -2.0, -4.3333, -2.0, -1.3333, -2.3333, -2.0, -6.0, -2.0, -5.6667, -1.6667, -5.6667, -1.6667, -6.0, -1.3333, -6.3333, -0.6667, -6.6667, 0.3333, -7.0, 0.3333, -7.0, 1.3333, -7.3333, 1.6667, -6.6667, 2.6667, -6.0, 3.0, -6.0, 2.6667, -5.6667, 2.6667, -5.6667, 3.0, -5.6667, 3.0, -5.6667, 2.3333, -5.3333, 2.3333, -5.3333, 2.0, -5.6667, 1.0, -5.6667, 0.6667, -5.3333, 0.6667, -5.3333, 0.3333, -5.3333, 0.0, -5.0, 0.0, -4.0, -1.0, -3.6667, -2.6667, -2.3333, -2.6667, -0.3333, -1.0, -0.6667, -0.6667, -0.3333, -0.3333, -0.6667, -0.3333, -0.3333, -0.3333, -0.3333, -0.3333, -0.6667, 0.3333, -1.0, 1.6667, -5.0, 0.3333, -5.6667, 1.3333, -6.3333, 0.0, -7.3333, -0.3333, -6.3333, -1.6667, -6.0, -2.6667, -5.6667, -3.3333, -5.3333, -4.3333, -4.6667, -4.6667, -4.0, -4.6667, -3.0, -4.6667, -2.6667, -5.0, -2.3333, -5.0, -1.3333, -5.0, -1.0, -5.0, -0.3333, -4.6667, -0.6667, -4.6667, -0.6667, -4.3333, -1.6667, -4.3333, -2.0, -4.3333, -3.0, -4.3333, -4.3333, -3.6667, -4.6667, -3.3333, -5.0, -3.0, -5.6667, -2.6667, -5.3333, -2.3333, -5.6667, -2.3333, -5.3333]",4.824612,8.044582,91.760558
170,170,5c:01:3b:6b:b0:95,-43,256,"[86.0, -32.0, 4.0, 0.0, -12.0, 8.3333, -12.0, 8.0, -11.0, 7.6667, -10.0, 7.6667, -9.0, 7.3333, -9.0, 7.6667, -8.0, 7.6667, -7.0, 7.6667, -6.0, 7.3333, -6.0, 7.6667, -5.0, 7.3333, -5.0, 7.6667, -4.0, 7.3333, -4.0, 7.3333, -4.0, 7.6667, -4.0, 7.6667, -4.0, 7.3333, -5.0, 6.6667, -5.0, 6.6667, -5.0, 6.3333, -6.0, 6.0, -6.0, 6.0, -6.0, 5.3333, -6.0, 5.0, -6.0, 5.3333, -2.0, 0.6667, 0.0, 0.0, 0.0, 0.0, 0.0, 0.0, 0.0, 0.0, 0.0, 0.0, 0.0, 0.0, 0.0, 0.0, 0.0, 0.0, 0.0, 0.0, -2.0, 1.3333, -6.0, 7.0, -7.0, 7.0, -8.0, 7.0, -10.0, 7.0, -11.0, 7.0, -12.0, 7.0, -13.0, 6.6667, -14.0, 6.6667, -14.0, 6.3333, -15.0, 6.3333, -16.0, 6.3333, -16.0, 6.3333, -16.0, 6.3333, -16.0, 6.3333, -16.0, 6.3333, -16.0, 6.3333, -15.0, 6.0, -15.0, 6.3333, -14.0, 6.3333, -14.0, 7.0, -13.0, 7.3333, -13.0, 7.3333, -13.0, 7.6667, -13.0, 7.6667, -13.0, 8.0, -13.0, 8.3333, -9.0, 3.6667, -27.0, 13.6667, -27.0, 13.3333, -26.0, 13.0, -25.0, 12.3333, -24.0, 12.0, -22.0, 11.3333, -20.0, 11.3333, -19.0, 11.6667, -17.0, 11.3333, -16.0, 11.3333, -14.0, 11.6667, -13.0, 11.6667, -13.0, 11.6667, -13.0, 11.6667, -12.0, 11.6667, -12.0, 11.3333, -13.0, 11.3333, -13.0, 11.0, -13.0, 10.6667, -14.0, 10.3333, -14.0, 10.0, -14.0, 9.3333, -14.0, 9.0, -14.0, 8.6667, -14.0, 8.6667, -15.0, 8.3333, -18.0, 8.3333, -18.3333, 9.3333, -3.6667, 1.0, -1.6667, 0.0, 0.0, -1.0, 0.0, -1.0, 0.0, -0.6667, -1.0, 0.3333, -2.3333, 1.6667, -12.3333, 11.3333, -15.0, 10.6667, -15.0, 10.6667, -18.0, 10.3333, -20.3333, 10.6667, -23.0, 10.6667, -25.0, 10.6667, -27.0, 10.6667, -29.0, 10.6667, -30.3333, 10.6667, -30.6667, 11.0, -31.3333, 11.0, -32.3333, 11.3333, -32.3333, 12.0, -32.6667, 11.6667, -32.6667, 12.3333, -31.6667, 12.3333, -31.6667, 12.3333, -31.0, 11.6667, -30.3333, 11.6667, -30.0, 11.3333, -30.0, 11.0, -29.0, 11.3333, -29.0, 11.6667, -28.0, 11.6667, -28.0, 12.3333, -28.0, 12.6667, -28.0, 13.0]",16.809197,11.927785,91.760558
171,171,5c:01:3b:6b:b0:95,-44,256,"[86.0, -32.0, 4.0, 0.0, -14.0, 13.6667, -14.0, 13.6667, -13.0, 13.0, -12.0, 13.0, -11.0, 13.0, -11.0, 13.3333, -10.0, 13.3333, -9.0, 13.3333, -8.3333, 13.3333, -8.0, 13.6667, -7.3333, 13.6667, -7.0, 13.6667, -6.3333, 14.0, -6.3333, 14.0, -6.6667, 14.0, -6.6667, 14.0, -6.3333, 13.3333, -7.0, 12.3333, -7.0, 12.0, -7.0, 11.3333, -7.6667, 10.6667, -7.6667, 10.3333, -7.6667, 9.3333, -7.6667, 8.6667, -7.6667, 8.3333, -2.3333, 1.3333, 0.0, 0.0, 0.0, 0.0, 0.0, 0.0, 0.0, 0.0, 0.0, 0.0, 0.0, 0.0, 0.0, 0.0, 0.0, 0.0, 0.0, 0.0, -2.3333, 3.0, -8.0, 12.6667, -9.0, 12.6667, -10.0, 12.3333, -11.6667, 12.3333, -12.6667, 12.0, -13.6667, 11.6667, -14.3333, 11.3333, -15.3333, 10.6667, -15.3333, 10.3333, -16.3333, 10.3333, -17.3333, 10.0, -17.3333, 9.6667, -17.3333, 9.3333, -17.3333, 9.6667, -17.3333, 9.6667, -17.3333, 9.6667, -16.3333, 9.6667, -16.3333, 10.0, -15.3333, 10.3333, -15.3333, 11.3333, -14.6667, 11.6667, -14.3333, 12.3333, -14.6667, 12.6667, -14.6667, 12.6667, -15.0, 13.3333, -14.6667, 14.0, -10.0, 6.0, -30.6667, 22.0, -30.6667, 21.3333, -29.6667, 21.0, -28.6667, 20.0, -27.3333, 20.0, -25.6667, 19.6667, -23.6667, 20.0, -22.6667, 21.0, -21.0, 21.6667, -20.0, 22.3333, -18.3333, 23.3333, -17.3333, 24.0, -17.3333, 24.3333, -17.3333, 24.3333, -16.3333, 24.3333, -16.3333, 23.6667, -17.0, 23.0, -17.0, 22.0, -17.0, 21.3333, -17.6667, 20.0, -17.3333, 18.3333, -17.0, 17.0, -17.0, 16.6667, -16.6667, 15.6667, -16.6667, 14.3333, -17.3333, 13.3333, -20.6667, 9.6667, -21.3333, 9.6667, -4.3333, 1.0, -2.0, 0.0, 0.0, -1.0, 0.0, -1.3333, 0.0, -1.0, -1.3333, 1.0, -3.3333, 3.6667, -16.6667, 22.3333, -18.6667, 20.6667, -18.6667, 21.6667, -21.3333, 20.0, -23.6667, 19.0, -26.0, 18.0, -28.0, 17.3333, -29.6667, 16.3333, -31.3333, 15.3333, -33.0, 14.3333, -34.0, 14.3333, -35.0, 14.3333, -35.6667, 14.6667, -36.0, 14.6667, -36.6667, 14.0, -36.6667, 14.3333, -35.6667, 14.3333, -35.6667, 14.3333, -35.0, 14.3333, -34.0, 14.3333, -33.3333, 14.6667, -32.3333, 15.0, -31.6667, 16.0, -31.6667, 17.6667, -31.0, 18.6667, -31.0, 20.0, -31.0, 21.0, -31.0, 21.3333]",21.833048,13.051858,91.760558
172,172,5c:01:3b:6b:b0:95,-44,256,"[86.0, -32.0, 4.0, 0.0, -13.6667, 16.0, -13.3333, 16.0, -12.3333, 15.0, -11.6667, 15.0, -10.6667, 15.3333, -10.3333, 15.3333, -9.3333, 15.3333, -8.3333, 15.0, -7.6667, 15.0, -7.3333, 15.0, -7.0, 15.0, -6.6667, 15.0, -6.0, 15.6667, -6.0, 15.6667, -6.3333, 15.6667, -6.3333, 15.6667, -6.0, 15.0, -6.3333, 14.0, -6.6667, 13.6667, -6.6667, 13.0, -7.0, 12.0, -7.3333, 11.6667, -7.3333, 10.6667, -7.3333, 10.0, -7.3333, 9.3333, -2.3333, 1.6667, 0.0, 0.0, 0.0, 0.0, 0.0, 0.0, 0.0, 0.0, 0.0, 0.0, 0.0, 0.0, 0.0, 0.0, 0.0, 0.0, 0.0, 0.0, -2.3333, 3.3333, -8.0, 14.0, -8.6667, 14.0, -10.0, 14.0, -11.3333, 14.3333, -12.3333, 13.6667, -13.3333, 13.6667, -14.0, 13.6667, -14.6667, 13.0, -15.0, 13.0, -16.0, 13.0, -16.6667, 12.3333, -17.0, 12.3333, -17.0, 11.6667, -17.0, 12.3333, -17.0, 12.3333, -16.6667, 12.3333, -16.0, 12.3333, -15.6667, 12.3333, -15.0, 13.0, -14.6667, 14.0, -14.3333, 14.0, -14.0, 15.0, -14.0, 15.0, -14.0, 15.0, -14.3333, 15.3333, -14.0, 16.3333, -10.0, 7.3333, -30.3333, 26.0, -30.3333, 25.0, -29.3333, 24.6667, -28.3333, 23.6667, -27.0, 23.3333, -25.3333, 23.0, -23.6667, 23.6667, -22.3333, 24.3333, -20.6667, 25.0, -19.6667, 25.0, -18.0, 25.6667, -17.0, 26.0, -17.0, 26.6667, -17.0, 26.6667, -16.3333, 26.6667, -16.3333, 26.3333, -16.6667, 25.3333, -16.6667, 24.3333, -16.6667, 23.6667, -17.3333, 22.6667, -17.0, 20.6667, -16.6667, 19.3333, -16.6667, 19.0, -16.3333, 18.0, -16.3333, 16.3333, -17.0, 15.3333, -20.6667, 11.0, -21.3333, 10.0, -4.3333, 1.0, -2.0, 0.0, 0.0, -1.0, 0.0, -1.3333, 0.0, -1.0, -1.3333, 1.0, -3.6667, 3.6667, -17.0, 23.6667, -18.6667, 22.0, -18.6667, 23.6667, -21.3333, 22.0, -24.0, 21.3333, -26.0, 20.6667, -28.0, 20.0, -29.6667, 19.3333, -31.3333, 18.6667, -32.6667, 18.0, -33.6667, 17.6667, -34.6667, 17.6667, -35.0, 18.0, -35.6667, 17.3333, -36.0, 16.3333, -36.0, 16.3333, -35.3333, 16.3333, -35.3333, 16.3333, -34.6667, 17.0, -33.6667, 17.0, -33.0, 18.0, -32.3333, 19.0, -31.6667, 20.0, -31.3333, 21.6667, -30.6667, 22.6667, -30.3333, 23.6667, -30.3333, 25.0, -30.3333, 25.0]",22.94511,13.380783,91.760558
173,173,5c:01:3b:6b:b0:95,-39,256,"[86.0, -32.0, 4.0, 0.0, -13.6667, 6.6667, -13.3333, 6.6667, -12.3333, 6.3333, -12.0, 6.3333, -11.3333, 7.0, -11.0, 7.0, -10.3333, 7.3333, -9.6667, 7.3333, -9.3333, 7.3333, -9.0, 7.6667, -9.0, 8.0, -8.3333, 8.0, -8.0, 8.6667, -8.0, 8.6667, -8.6667, 8.6667, -8.6667, 8.6667, -8.3333, 8.0, -8.0, 7.0, -8.3333, 7.0, -8.0, 6.3333, -8.0, 5.6667, -8.3333, 5.6667, -8.0, 5.0, -8.0, 4.3333, -8.0, 3.6667, -2.3333, 0.3333, 0.0, 0.0, 0.0, 0.0, 0.0, 0.0, 0.0, 0.0, 0.0, 0.0, 0.0, 0.0, 0.0, 0.0, 0.0, 0.0, 0.0, 0.0, -2.6667, 1.6667, -9.3333, 7.0, -9.6667, 6.6667, -10.6667, 6.3333, -11.3333, 6.3333, -12.0, 5.3333, -12.6667, 5.3333, -13.0, 5.0, -13.3333, 4.3333, -13.6667, 4.0, -14.3333, 4.0, -14.6667, 3.3333, -15.0, 3.3333, -15.0, 2.6667, -15.0, 3.3333, -15.0, 3.3333, -14.6667, 3.3333, -14.3333, 3.3333, -14.0, 3.6667, -13.6667, 4.3333, -13.6667, 5.0, -13.6667, 5.0, -13.3333, 5.6667, -13.3333, 5.6667, -13.3333, 6.0, -14.0, 6.0, -13.6667, 6.6667, -11.0, 1.0, -34.0, 5.3333, -34.0, 4.6667, -33.0, 4.6667, -32.0, 4.6667, -30.3333, 5.0, -29.0, 5.0, -27.3333, 6.0, -26.0, 7.3333, -24.6667, 8.6667, -23.6667, 9.0, -22.3333, 10.3333, -21.3333, 11.0, -21.3333, 12.0, -21.3333, 12.3333, -20.6667, 12.3333, -20.6667, 12.0, -20.6667, 11.3333, -20.6667, 10.3333, -20.6667, 9.3333, -21.0, 8.3333, -20.3333, 7.0, -19.6667, 6.3333, -19.6667, 6.3333, -19.0, 5.6667, -19.0, 4.0, -19.3333, 3.0, -22.3333, -1.0, -22.6667, -1.6667, -4.6667, -1.0, -2.0, -0.3333, 0.0, -0.6667, 0.0, -0.6667, 0.0, -0.6667, -1.6667, 0.3333, -4.3333, 1.6667, -21.0, 11.0, -22.3333, 9.0, -22.3333, 8.6667, -24.6667, 6.6667, -27.0, 5.0, -29.0, 3.6667, -31.0, 2.3333, -32.3333, 1.0, -33.6667, -0.3333, -34.6667, -1.6667, -35.3333, -2.0, -36.0, -2.3333, -36.3333, -2.6667, -37.0, -3.3333, -37.0, -3.6667, -37.0, -3.6667, -36.3333, -3.6667, -36.3333, -3.6667, -36.0, -3.0, -35.3333, -2.6667, -35.3333, -1.6667, -34.6667, -0.6667, -34.3333, 0.0, -34.0, 1.6667, -33.6667, 2.6667, -33.3333, 3.6667, -33.3333, 4.3333, -33.3333, 4.3333]",18.914036,12.776411,91.760558
174,174,5c:01:3b:6b:b0:95,-43,256,"[86.0, -32.0, 4.0, 0.0, -8.3333, 0.3333, -7.6667, 0.3333, -7.0, 0.6667, -7.0, 0.6667, -6.6667, 1.0, -6.0, 1.0, -5.6667, 1.6667, -5.0, 1.6667, -4.6667, 1.6667, -4.6667, 2.3333, -4.6667, 3.0, -4.3333, 3.0, -3.6667, 3.3333, -3.6667, 3.3333, -4.0, 3.3333, -4.0, 3.3333, -4.0, 3.0, -4.0, 2.0, -4.3333, 2.0, -4.0, 1.6667, -4.0, 1.3333, -4.6667, 1.3333, -4.3333, 1.0, -4.3333, 0.6667, -4.3333, 0.3333, -1.3333, -0.3333, 0.0, 0.0, 0.0, 0.0, 0.0, 0.0, 0.0, 0.0, 0.0, 0.0, 0.0, 0.0, 0.0, 0.0, 0.0, 0.0, 0.0, 0.0, -1.6667, 0.3333, -5.3333, 2.0, -5.3333, 1.3333, -6.3333, 0.6667, -6.6667, 0.6667, -7.3333, -0.3333, -7.6667, -0.3333, -8.0, -1.0, -8.3333, -1.3333, -8.6667, -2.0, -9.3333, -2.0, -9.3333, -2.3333, -9.6667, -2.3333, -9.6667, -2.6667, -9.6667, -2.3333, -9.6667, -2.3333, -9.3333, -2.3333, -9.3333, -2.3333, -8.6667, -1.6667, -8.6667, -1.3333, -8.6667, -1.0, -8.3333, -1.0, -8.3333, -0.6667, -8.0, -0.6667, -8.0, 0.0, -8.3333, 0.0, -8.3333, 0.3333, -8.3333, -3.0, -24.6667, -8.3333, -24.6667, -8.6667, -23.6667, -8.6667, -23.0, -7.6667, -21.6667, -7.0, -20.3333, -7.0, -19.0, -6.0, -17.3333, -4.3333, -15.6667, -2.6667, -14.3333, -2.0, -13.0, -0.3333, -12.0, 1.0, -11.6667, 2.0, -11.6667, 2.6667, -11.3333, 2.6667, -11.3333, 2.0, -11.3333, 1.6667, -11.3333, 0.6667, -11.6667, -0.3333, -12.3333, -1.3333, -12.3333, -2.0, -12.3333, -2.3333, -12.6667, -2.3333, -12.3333, -2.6667, -12.6667, -4.0, -13.3333, -5.0, -17.6667, -8.0, -18.6667, -8.3333, -4.0, -2.0, -1.6667, -0.6667, -0.3333, -0.3333, -0.3333, -0.3333, 0.0, -0.3333, -1.0, -0.3333, -2.6667, 0.3333, -12.6667, 3.0, -14.6667, 1.0, -14.3333, -1.6667, -17.0, -3.6667, -19.6667, -6.0, -21.6667, -7.6667, -23.6667, -9.3333, -25.3333, -11.0, -27.0, -12.6667, -28.0, -14.3333, -28.6667, -15.0, -29.3333, -15.6667, -29.6667, -16.3333, -30.3333, -16.6667, -30.3333, -16.3333, -30.3333, -16.3333, -30.0, -16.3333, -29.6667, -16.3333, -29.0, -16.0, -28.3333, -15.3333, -28.0, -14.3333, -27.6667, -13.3333, -27.0, -13.0, -26.3333, -11.6667, -25.3333, -10.6667, -24.6667, -9.6667, -24.3333, -9.3333, -24.3333, -9.3333]",13.324746,12.305067,91.760558
175,175,5c:01:3b:6b:b0:95,-40,256,"[86.0, -32.0, 4.0, 0.0, -8.6667, 0.0, -8.3333, 0.0, -7.6667, 0.3333, -7.6667, 0.3333, -7.6667, 0.3333, -7.3333, 0.3333, -7.3333, 0.6667, -7.0, 0.6667, -7.0, 0.6667, -7.0, 1.3333, -7.0, 2.0, -6.3333, 2.0, -6.0, 2.0, -6.0, 2.0, -6.6667, 2.0, -6.6667, 2.0, -6.6667, 1.6667, -6.3333, 1.0, -6.3333, 1.0, -5.6667, 1.0, -5.6667, 0.6667, -6.0, 0.6667, -5.3333, 0.6667, -5.3333, 0.3333, -5.3333, 0.3333, -1.3333, -0.3333, 0.0, 0.0, 0.0, 0.0, 0.0, 0.0, 0.0, 0.0, 0.0, 0.0, 0.0, 0.0, 0.0, 0.0, 0.0, 0.0, 0.0, 0.0, -2.0, 0.0, -6.6667, 1.0, -6.6667, 0.3333, -7.0, 0.0, -7.0, 0.0, -7.3333, -0.6667, -7.3333, -0.6667, -7.3333, -1.3333, -7.6667, -1.6667, -7.6667, -2.3333, -8.0, -2.6667, -8.0, -2.6667, -8.0, -2.6667, -8.0, -3.0, -8.0, -3.0, -8.0, -3.0, -8.0, -2.6667, -8.0, -2.6667, -7.6667, -2.0, -7.6667, -1.6667, -8.3333, -1.3333, -8.0, -1.3333, -8.0, -1.0, -8.0, -1.0, -8.0, -0.3333, -8.6667, 0.0, -8.6667, 0.0, -10.0, -3.3333, -31.0, -9.6667, -30.6667, -9.6667, -29.6667, -9.6667, -29.0, -8.3333, -27.3333, -7.6667, -26.3333, -7.6667, -25.0, -7.0, -23.6667, -5.3333, -22.0, -3.6667, -20.6667, -2.6667, -20.0, -0.6667, -19.0, 1.0, -18.6667, 1.6667, -18.6667, 2.3333, -18.0, 2.3333, -18.0, 1.6667, -17.6667, 1.3333, -17.6667, 0.6667, -17.6667, -0.3333, -18.0, -1.6667, -18.0, -2.3333, -17.6667, -2.6667, -17.6667, -3.0, -17.3333, -3.3333, -17.3333, -4.3333, -17.3333, -5.3333, -19.6667, -9.0, -20.0, -9.6667, -4.3333, -2.0, -1.6667, -1.0, -0.3333, -0.3333, -0.3333, -0.3333, 0.0, -0.3333, -1.3333, -0.3333, -3.6667, 0.3333, -19.0, 2.3333, -20.6667, 0.3333, -20.0, -2.0, -22.3333, -4.0, -24.6667, -6.6667, -26.6667, -8.3333, -28.0, -10.0, -29.0, -12.0, -30.0, -13.6667, -30.3333, -15.3333, -30.6667, -16.3333, -31.0, -17.3333, -31.6667, -18.0, -32.0, -18.3333, -32.0, -17.6667, -32.0, -17.6667, -31.3333, -17.6667, -31.0, -17.6667, -30.6667, -17.3333, -30.3333, -16.3333, -30.6667, -15.6667, -30.6667, -14.6667, -30.3333, -14.0, -30.6667, -13.0, -30.0, -12.0, -30.0, -11.0, -30.0, -10.6667, -30.0, -10.6667]",15.587874,13.423974,91.760558
176,176,5c:01:3b:6b:b0:95,-38,256,"[86.0, -32.0, 4.0, 0.0, -12.0, 6.0, -11.6667, 6.0, -10.6667, 5.6667, -10.3333, 5.6667, -10.3333, 5.6667, -9.6667, 5.6667, -9.3333, 5.3333, -9.0, 5.3333, -8.6667, 5.3333, -8.3333, 5.6667, -8.3333, 6.0, -8.0, 6.0, -7.6667, 6.0, -7.3333, 6.0, -7.6667, 6.0, -8.0, 6.0, -7.6667, 5.3333, -7.6667, 5.0, -7.6667, 5.0, -7.3333, 5.0, -7.3333, 4.3333, -7.6667, 4.3333, -7.0, 4.3333, -7.0, 3.6667, -7.0, 3.6667, -2.0, 0.3333, 0.0, 0.0, 0.0, 0.0, 0.0, 0.0, 0.0, 0.0, 0.0, 0.0, 0.0, 0.0, 0.0, 0.0, 0.0, 0.0, 0.0, 0.0, -2.3333, 1.0, -8.3333, 5.0, -8.6667, 4.6667, -9.3333, 5.0, -9.6667, 5.0, -10.3333, 4.6667, -10.6667, 4.6667, -11.0, 4.3333, -11.6667, 3.6667, -11.6667, 3.3333, -12.3333, 2.6667, -12.3333, 2.6667, -12.3333, 2.6667, -12.3333, 2.0, -12.3333, 2.0, -12.3333, 2.0, -12.3333, 2.6667, -12.3333, 2.6667, -11.6667, 3.0, -11.6667, 3.6667, -12.0, 4.3333, -11.6667, 4.3333, -11.6667, 5.0, -11.6667, 5.0, -11.6667, 5.3333, -12.3333, 6.0, -12.3333, 6.0, -10.6667, 0.3333, -33.0, 2.6667, -32.6667, 2.6667, -31.6667, 2.6667, -31.0, 3.3333, -29.3333, 3.6667, -28.3333, 3.6667, -27.3333, 4.0, -26.0, 5.3333, -24.0, 6.6667, -22.6667, 7.6667, -22.3333, 9.6667, -21.3333, 11.0, -21.0, 11.3333, -21.0, 11.6667, -20.3333, 11.6667, -20.3333, 11.3333, -19.6667, 10.6667, -19.6667, 10.3333, -19.3333, 9.3333, -19.6667, 7.6667, -20.0, 6.3333, -19.6667, 5.6667, -19.3333, 5.0, -19.3333, 4.3333, -19.0, 3.3333, -18.6667, 2.3333, -19.6667, -3.0, -19.6667, -4.3333, -4.0, -1.0, -1.6667, -1.0, -0.3333, -0.6667, -0.3333, -0.6667, 0.0, -0.6667, -1.3333, 0.3333, -4.0, 1.6667, -21.3333, 9.6667, -23.0, 7.6667, -22.0, 8.0, -24.3333, 6.0, -26.6667, 3.6667, -28.3333, 2.3333, -29.3333, 1.0, -30.0, -1.0, -30.6667, -2.3333, -30.6667, -3.6667, -31.0, -4.6667, -31.3333, -5.6667, -31.6667, -6.0, -32.0, -6.6667, -32.0, -6.3333, -32.0, -6.3333, -31.6667, -6.3333, -31.3333, -6.3333, -31.0, -5.6667, -30.6667, -4.6667, -30.6667, -4.3333, -31.3333, -3.3333, -31.3333, -2.0, -32.0, -1.0, -31.6667, 0.0, -32.0, 1.0, -32.3333, 1.6667, -32.3333, 1.6667]",17.337438,12.316643,91.760558
177,177,5c:01:3b:6b:b0:95,-42,256,"[86.0, -32.0, 4.0, 0.0, -18.6667, 6.6667, -18.6667, 6.6667, -17.0, 6.3333, -16.3333, 6.3333, -16.3333, 6.6667, -15.6667, 6.6667, -15.0, 6.3333, -15.0, 6.6667, -14.3333, 6.6667, -13.6667, 7.0, -13.6667, 7.3333, -13.3333, 7.3333, -13.3333, 7.3333, -12.6667, 7.3333, -13.0, 7.3333, -13.6667, 7.3333, -13.0, 6.6667, -12.6667, 6.3333, -12.6667, 6.3333, -12.3333, 6.3333, -12.3333, 5.3333, -12.3333, 5.3333, -11.3333, 5.3333, -11.3333, 4.3333, -11.3333, 4.3333, -3.3333, 0.3333, 0.0, 0.0, 0.0, 0.0, 0.0, 0.0, 0.0, 0.0, 0.0, 0.0, 0.0, 0.0, 0.0, 0.0, 0.0, 0.0, 0.0, 0.0, -3.6667, 1.3333, -13.3333, 5.6667, -14.0, 5.3333, -14.6667, 5.6667, -15.3333, 5.3333, -16.0, 5.0, -16.6667, 4.6667, -17.3333, 4.6667, -18.0, 3.6667, -18.0, 3.6667, -18.6667, 2.6667, -18.6667, 2.6667, -18.6667, 2.6667, -18.6667, 2.0, -18.6667, 2.0, -18.6667, 2.0, -18.6667, 2.6667, -18.6667, 2.6667, -18.0, 3.0, -18.0, 3.6667, -18.3333, 4.6667, -18.3333, 4.6667, -18.3333, 5.3333, -18.3333, 5.6667, -18.3333, 5.6667, -19.3333, 6.3333, -19.3333, 6.3333, -14.0, 0.6667, -44.6667, 4.3333, -44.3333, 4.3333, -43.0, 4.6667, -42.0, 4.6667, -40.3333, 5.0, -39.3333, 5.6667, -38.6667, 6.0, -37.6667, 7.0, -36.3333, 8.3333, -35.6667, 9.3333, -35.6667, 11.3333, -35.0, 12.3333, -35.0, 12.6667, -35.0, 12.6667, -34.3333, 12.6667, -34.0, 13.0, -33.0, 12.0, -33.0, 12.0, -32.0, 11.0, -31.3333, 9.6667, -31.0, 8.0, -30.0, 7.3333, -29.0, 6.3333, -28.6667, 5.6667, -27.3333, 4.6667, -26.3333, 3.6667, -26.0, -3.3333, -25.0, -5.0, -4.6667, -1.0, -2.0, -1.3333, 0.0, -0.6667, 0.3333, -0.6667, 0.0, -0.6667, -2.0, 0.3333, -6.3333, 1.6667, -33.0, 9.0, -33.6667, 6.6667, -33.3333, 9.3333, -34.6667, 7.0, -36.3333, 5.0, -37.6667, 3.6667, -38.6667, 2.3333, -39.0, 0.0, -39.6667, -1.3333, -39.6667, -2.3333, -39.6667, -3.3333, -40.0, -4.3333, -40.6667, -4.6667, -40.6667, -5.3333, -40.6667, -5.3333, -40.6667, -5.6667, -40.3333, -5.3333, -40.3333, -5.3333, -40.0, -4.3333, -39.6667, -3.3333, -40.0, -3.0, -40.3333, -2.0, -41.0, -0.3333, -42.0, 0.6667, -42.3333, 1.6667, -43.0, 2.6667, -44.0, 3.3333, -44.0, 3.3333]",24.218695,15.014835,91.760558
178,178,5c:01:3b:6b:b0:95,-42,256,"[86.0, -32.0, 4.0, 0.0, -20.0, 1.0, -20.0, 1.0, -18.3333, 1.3333, -17.6667, 1.3333, -17.6667, 2.0, -16.6667, 2.0, -16.0, 2.3333, -16.0, 2.6667, -15.3333, 2.6667, -14.6667, 3.3333, -14.6667, 3.6667, -14.6667, 4.0, -14.6667, 4.0, -14.0, 4.0, -14.0, 4.0, -14.3333, 4.0, -13.6667, 3.6667, -13.6667, 3.3333, -13.3333, 3.0, -13.3333, 3.0, -13.3333, 2.3333, -13.0, 2.3333, -12.3333, 2.0, -12.0, 1.3333, -12.0, 1.3333, -3.6667, -0.3333, 0.0, 0.0, 0.0, 0.0, 0.0, 0.0, 0.0, 0.0, 0.0, 0.0, 0.0, 0.0, 0.0, 0.0, 0.0, 0.0, 0.0, 0.0, -4.0, 0.3333, -14.3333, 2.0, -15.0, 1.3333, -15.6667, 1.0, -16.6667, 0.3333, -17.3333, 0.0, -18.0, -0.6667, -18.6667, -1.0, -19.3333, -2.0, -19.3333, -2.0, -20.3333, -3.0, -20.3333, -3.0, -20.0, -3.3333, -20.0, -3.6667, -20.0, -3.6667, -20.0, -3.6667, -20.0, -3.0, -20.0, -3.0, -19.3333, -2.3333, -19.3333, -1.6667, -19.3333, -1.0, -19.6667, -0.6667, -19.6667, -0.3333, -19.6667, 0.0, -19.6667, 0.3333, -20.6667, 0.6667, -20.6667, 0.6667, -14.0, -3.3333, -44.3333, -8.6667, -44.3333, -8.3333, -43.0, -8.0, -42.0, -7.6667, -40.6667, -6.6667, -39.6667, -5.6667, -39.3333, -4.6667, -38.3333, -3.6667, -37.6667, -1.6667, -37.3333, -0.3333, -37.3333, 1.6667, -37.0, 3.0, -37.0, 3.6667, -37.0, 4.0, -36.6667, 4.0, -36.0, 4.3333, -35.0, 3.3333, -35.0, 3.3333, -34.0, 2.3333, -32.6667, 1.0, -32.0, 0.0, -31.0, -0.3333, -30.0, -1.0, -29.3333, -1.6667, -27.6667, -2.3333, -26.6667, -3.6667, -25.6667, -10.0, -24.6667, -11.3333, -4.3333, -2.3333, -2.0, -1.6667, 0.0, -0.3333, 0.6667, -0.3333, 0.0, -0.3333, -2.0, -0.3333, -6.6667, 0.0, -34.0, 0.6667, -34.3333, -2.0, -34.6667, -0.6667, -35.3333, -3.3333, -36.6667, -6.0, -37.3333, -8.0, -38.6667, -10.0, -39.0, -12.3333, -39.6667, -14.3333, -40.0, -15.6667, -40.0, -16.6667, -40.3333, -17.6667, -40.6667, -18.0, -40.6667, -18.6667, -40.6667, -18.6667, -40.6667, -19.0, -40.6667, -18.6667, -40.6667, -18.6667, -40.3333, -17.6667, -40.0, -16.3333, -40.0, -15.6667, -40.3333, -14.6667, -41.3333, -13.3333, -42.0, -12.3333, -42.6667, -11.0, -43.3333, -10.0, -44.3333, -9.3333, -44.3333, -9.3333]",24.926933,15.569248,91.760558
179,179,5c:01:3b:6b:b0:95,-43,256,"[86.0, -32.0, 4.0, 0.0, -16.3333, -4.6667, -16.0, -4.6667, -15.0, -3.6667, -14.3333, -3.6667, -14.3333, -2.6667, -13.6667, -2.6667, -13.0, -1.6667, -13.0, -1.3333, -12.3333, -1.3333, -12.0, -0.3333, -12.0, 0.0, -12.0, 0.6667, -12.0, 0.6667, -11.3333, 0.6667, -11.3333, 0.6667, -11.3333, 0.6667, -11.0, 0.6667, -11.0, 0.3333, -10.6667, -0.3333, -11.0, -0.3333, -11.0, -0.6667, -10.3333, -0.6667, -10.0, -1.3333, -9.6667, -1.6667, -9.6667, -1.6667, -3.0, -1.0, 0.0, 0.0, 0.0, 0.0, 0.0, 0.0, 0.0, 0.0, 0.0, 0.0, 0.0, 0.0, 0.0, 0.0, 0.0, 0.0, 0.0, 0.0, -3.3333, -0.6667, -11.6667, -1.6667, -12.3333, -2.6667, -12.6667, -3.6667, -13.6667, -4.6667, -14.3333, -5.0, -14.6667, -6.0, -15.3333, -6.3333, -15.6667, -7.3333, -15.6667, -7.3333, -16.6667, -8.3333, -16.6667, -8.3333, -16.3333, -8.6667, -16.3333, -8.6667, -16.3333, -8.6667, -16.3333, -8.6667, -16.3333, -8.3333, -16.0, -8.3333, -15.6667, -7.3333, -15.6667, -7.0, -15.6667, -6.3333, -16.0, -6.0, -16.0, -6.0, -16.0, -5.6667, -16.0, -5.0, -16.6667, -5.0, -16.6667, -5.0, -13.6667, -7.3333, -43.3333, -21.6667, -43.3333, -21.0, -41.6667, -20.6667, -40.6667, -20.0, -39.6667, -18.3333, -38.3333, -17.0, -38.0, -15.3333, -36.6667, -14.3333, -36.0, -11.6667, -35.6667, -10.0, -35.3333, -8.0, -35.0, -6.3333, -35.0, -5.3333, -34.6667, -4.6667, -34.3333, -4.6667, -33.6667, -4.3333, -33.0, -5.3333, -33.0, -5.3333, -32.3333, -6.3333, -31.0, -7.6667, -30.3333, -8.0, -29.6667, -8.0, -29.0, -8.3333, -28.0, -9.0, -26.6667, -9.3333, -26.0, -11.0, -26.0, -16.6667, -25.3333, -17.6667, -4.6667, -3.6667, -2.0, -2.0, 0.0, 0.0, 0.6667, 0.0, 0.0, 0.0, -2.0, -1.0, -6.3333, -1.3333, -31.6667, -7.3333, -32.0, -10.3333, -33.3333, -10.6667, -34.0, -13.6667, -35.6667, -17.0, -36.6667, -19.6667, -38.3333, -22.3333, -39.3333, -24.6667, -40.6667, -27.3333, -41.3333, -29.0, -41.6667, -30.0, -42.6667, -31.0, -43.3333, -31.3333, -43.3333, -32.0, -43.0, -32.0, -43.0, -32.3333, -43.0, -32.0, -43.0, -32.0, -42.3333, -31.0, -41.6667, -29.3333, -41.3333, -28.3333, -41.3333, -27.3333, -42.0, -26.3333, -42.3333, -25.3333, -42.3333, -23.6667, -42.6667, -22.6667, -43.3333, -22.0, -43.6667, -22.0]",25.179657,17.880161,91.760558
180,180,5c:01:3b:6b:b0:95,-39,256,"[86.0, -32.0, 4.0, 0.0, -9.3333, -7.3333, -9.0, -7.3333, -8.6667, -6.3333, -8.6667, -6.3333, -8.6667, -5.6667, -8.6667, -5.6667, -8.6667, -5.0, -8.6667, -5.0, -8.3333, -5.0, -8.3333, -4.3333, -8.6667, -4.3333, -8.6667, -3.6667, -9.0, -3.6667, -8.6667, -3.6667, -8.6667, -3.6667, -8.0, -3.6667, -8.0, -3.3333, -8.0, -3.3333, -7.3333, -3.6667, -7.6667, -3.6667, -7.3333, -3.6667, -6.3333, -3.3333, -6.3333, -4.0, -6.0, -4.0, -5.6667, -3.6667, -2.0, -1.3333, 0.0, 0.0, 0.0, 0.0, 0.0, 0.0, 0.0, 0.0, 0.0, 0.0, 0.0, 0.0, 0.0, 0.0, 0.0, 0.0, 0.0, 0.0, -2.3333, -1.6667, -8.0, -4.6667, -8.0, -5.3333, -7.6667, -6.0, -8.3333, -7.0, -8.3333, -7.0, -8.0, -7.6667, -8.3333, -7.6667, -8.0, -8.3333, -7.6667, -8.3333, -8.0, -9.0, -8.0, -9.3333, -7.3333, -9.6667, -7.3333, -9.3333, -7.3333, -9.3333, -7.3333, -9.3333, -7.6667, -9.0, -7.3333, -9.0, -7.3333, -8.3333, -7.6667, -8.0, -7.6667, -7.6667, -8.3333, -7.6667, -8.6667, -7.6667, -8.6667, -7.6667, -8.3333, -7.0, -9.0, -7.3333, -9.0, -7.3333, -8.6667, -10.0, -26.6667, -30.3333, -26.6667, -29.3333, -25.6667, -29.0, -25.3333, -28.0, -25.0, -26.3333, -24.3333, -25.6667, -24.3333, -24.0, -23.6667, -23.3333, -23.6667, -21.0, -23.6667, -19.3333, -23.6667, -18.0, -23.3333, -16.3333, -23.6667, -16.0, -23.3333, -15.3333, -23.0, -15.0, -22.6667, -14.6667, -22.3333, -15.3333, -22.3333, -15.3333, -21.6667, -15.6667, -20.6667, -16.6667, -20.0, -16.3333, -19.6667, -15.6667, -19.0, -15.3333, -18.0, -16.0, -17.0, -15.6667, -16.3333, -16.6667, -13.6667, -19.3333, -13.0, -19.6667, -2.6667, -4.0, -1.3333, -2.0, -0.3333, 0.0, 0.3333, 0.0, -0.3333, 0.0, -1.6667, -1.3333, -4.3333, -3.0, -21.3333, -15.6667, -21.0, -18.0, -22.3333, -19.3333, -22.3333, -21.6667, -22.6667, -24.6667, -23.0, -26.6667, -23.3333, -28.6667, -23.3333, -29.6667, -23.6667, -32.0, -23.3333, -33.0, -23.3333, -34.0, -24.0, -34.3333, -24.0, -34.6667, -24.0, -35.0, -23.3333, -35.0, -23.3333, -35.0, -23.0, -35.0, -23.3333, -35.0, -23.0, -34.0, -23.0, -33.0, -23.0, -32.3333, -23.6667, -32.0, -24.3333, -31.6667, -25.0, -31.6667, -25.3333, -30.3333, -26.0, -30.3333, -26.3333, -29.6667, -26.6667, -30.0]",19.975296,15.349535,91.760558
181,181,5c:01:3b:6b:b0:95,-38,256,"[86.0, -32.0, 4.0, 0.0, -7.6667, -8.0, -7.0, -8.0, -7.0, -7.0, -6.6667, -7.0, -6.6667, -6.3333, -7.0, -6.0, -6.6667, -5.6667, -6.6667, -5.3333, -6.0, -5.0, -6.0, -4.3333, -6.3333, -4.3333, -6.3333, -3.6667, -6.6667, -3.6667, -6.0, -3.6667, -6.0, -3.6667, -5.6667, -3.6667, -5.6667, -3.3333, -5.6667, -3.6667, -5.3333, -4.0, -6.0, -4.0, -5.6667, -4.0, -4.6667, -3.6667, -4.6667, -4.3333, -4.6667, -4.3333, -4.3333, -4.3333, -1.6667, -1.3333, 0.0, 0.0, 0.0, 0.0, 0.0, 0.0, 0.0, 0.0, 0.0, 0.0, 0.0, 0.0, 0.0, 0.0, 0.0, 0.0, 0.0, 0.0, -1.6667, -1.6667, -6.0, -4.6667, -6.3333, -5.3333, -6.0, -6.0, -6.6667, -7.0, -7.0, -7.3333, -6.6667, -8.3333, -7.3333, -8.3333, -7.0, -9.0, -6.6667, -9.3333, -7.0, -9.6667, -7.0, -10.3333, -6.6667, -10.3333, -6.6667, -10.0, -6.6667, -10.0, -6.6667, -10.0, -7.0, -10.0, -6.3333, -9.6667, -6.3333, -9.0, -6.6667, -9.0, -6.6667, -8.3333, -7.0, -8.6667, -7.3333, -8.6667, -7.3333, -8.3333, -7.0, -8.0, -7.3333, -8.3333, -7.3333, -8.3333, -8.3333, -9.0, -25.6667, -27.0, -25.6667, -26.3333, -24.3333, -25.6667, -24.0, -24.6667, -23.6667, -23.3333, -22.6667, -22.6667, -22.3333, -21.0, -21.3333, -20.3333, -20.6667, -18.6667, -20.3333, -17.0, -20.0, -16.0, -19.3333, -14.6667, -19.6667, -14.3333, -19.0, -14.0, -18.3333, -13.3333, -18.3333, -13.0, -18.3333, -13.3333, -18.3333, -13.6667, -18.0, -14.0, -17.6667, -14.3333, -17.3333, -14.3333, -17.3333, -14.0, -17.0, -14.0, -16.0, -14.3333, -15.6667, -14.3333, -15.3333, -15.0, -14.0, -16.6667, -13.6667, -17.0, -3.0, -3.3333, -1.3333, -1.6667, -0.3333, 0.0, 0.0, -0.3333, -0.3333, 0.0, -1.6667, -1.0, -3.6667, -2.3333, -18.0, -12.6667, -18.0, -14.6667, -19.6667, -17.0, -20.3333, -19.0, -21.3333, -21.6667, -22.3333, -23.3333, -23.0, -25.0, -23.6667, -26.0, -24.6667, -28.0, -24.6667, -28.6667, -25.0, -30.0, -25.6667, -30.3333, -26.0, -31.0, -26.0, -31.3333, -25.0, -31.6667, -25.0, -31.3333, -24.6667, -31.3333, -25.3333, -31.0, -24.6667, -30.0, -24.6667, -29.3333, -24.3333, -28.6667, -24.6667, -28.3333, -25.0, -28.0, -25.3333, -28.0, -25.0, -27.0, -25.3333, -27.3333, -25.3333, -27.0, -26.0, -27.3333]",18.285569,14.553151,91.760558
182,182,5c:01:3b:6b:b0:95,-39,256,"[86.0, -32.0, 4.0, 0.0, -8.0, -8.6667, -7.6667, -8.6667, -7.3333, -7.6667, -7.3333, -7.6667, -7.3333, -7.0, -7.3333, -6.3333, -7.3333, -6.3333, -7.0, -5.6667, -6.6667, -5.0, -6.6667, -4.3333, -7.0, -4.3333, -6.6667, -3.6667, -7.0, -3.6667, -6.6667, -3.6667, -6.6667, -3.6667, -6.3333, -3.6667, -6.3333, -3.3333, -6.3333, -4.0, -6.0, -4.3333, -6.3333, -4.3333, -6.0, -4.3333, -5.3333, -4.0, -5.0, -4.6667, -5.0, -4.6667, -4.6667, -5.0, -1.6667, -1.3333, 0.0, 0.0, 0.0, 0.0, 0.0, 0.0, 0.0, 0.0, 0.0, 0.0, 0.0, 0.0, 0.0, 0.0, 0.0, 0.0, 0.0, 0.0, -1.6667, -1.6667, -6.3333, -4.6667, -6.6667, -5.3333, -6.3333, -6.0, -7.0, -7.0, -7.0, -7.6667, -7.0, -9.0, -7.3333, -9.3333, -7.3333, -10.0, -7.0, -10.6667, -7.0, -10.6667, -7.3333, -11.6667, -7.0, -11.6667, -7.0, -11.3333, -7.0, -11.3333, -7.0, -11.3333, -7.3333, -11.3333, -6.6667, -10.6667, -6.6667, -10.0, -7.0, -10.0, -7.0, -9.3333, -7.3333, -9.6667, -7.6667, -9.6667, -7.6667, -9.0, -7.3333, -9.0, -7.6667, -9.3333, -8.0, -9.3333, -9.0, -8.0, -28.0, -23.6667, -27.6667, -23.3333, -26.6667, -22.3333, -26.0, -21.3333, -25.3333, -20.3333, -24.6667, -19.6667, -24.3333, -18.0, -23.6667, -17.3333, -23.0, -16.3333, -22.6667, -14.6667, -22.6667, -14.0, -22.0, -13.0, -22.3333, -12.6667, -21.6667, -12.6667, -21.3333, -11.6667, -21.3333, -11.3333, -21.0, -11.3333, -20.6667, -12.0, -20.3333, -12.3333, -20.0, -12.0, -19.3333, -12.3333, -19.0, -12.3333, -18.6667, -12.6667, -17.6667, -12.6667, -17.3333, -13.0, -16.6667, -13.3333, -15.0, -14.0, -14.3333, -14.3333, -3.0, -2.6667, -1.3333, -1.3333, -0.3333, 0.0, 0.0, -0.6667, -0.3333, 0.0, -1.6667, -0.6667, -4.0, -2.0, -20.3333, -10.0, -20.3333, -11.6667, -21.3333, -14.6667, -22.0, -16.3333, -22.6667, -18.6667, -23.6667, -20.0, -24.3333, -21.3333, -25.0, -22.3333, -25.6667, -24.0, -25.3333, -24.3333, -25.0, -26.0, -25.0, -26.3333, -25.3333, -27.3333, -25.3333, -27.6667, -24.3333, -28.3333, -24.3333, -27.6667, -24.0, -27.6667, -25.0, -27.0, -24.3333, -26.0, -24.6667, -25.6667, -25.0, -25.0, -25.6667, -24.6667, -26.0, -24.3333, -26.6667, -24.3333, -26.6667, -23.6667, -27.3333, -24.3333, -27.3333, -24.3333, -28.0, -24.6667]",18.240322,13.851858,91.760558
183,183,5c:01:3b:6b:b0:95,-43,256,"[86.0, -32.0, 4.0, 0.0, -16.3333, -2.6667, -15.6667, -2.6667, -15.0, -2.0, -14.3333, -2.0, -14.3333, -1.3333, -13.6667, -0.6667, -13.0, -0.6667, -12.6667, 0.0, -12.0, 0.6667, -12.0, 1.6667, -11.6667, 1.6667, -11.3333, 2.3333, -11.3333, 2.3333, -11.0, 2.3333, -11.0, 2.3333, -11.0, 2.3333, -10.6667, 2.3333, -10.6667, 1.3333, -10.3333, 0.6667, -10.6667, 0.3333, -10.6667, 0.3333, -10.3333, 0.3333, -9.6667, -0.6667, -9.6667, -0.6667, -9.3333, -1.3333, -2.6667, -0.3333, 0.0, 0.0, 0.0, 0.0, 0.0, 0.0, 0.0, 0.0, 0.0, 0.0, 0.0, 0.0, 0.0, 0.0, 0.0, 0.0, 0.0, 0.0, -3.0, -0.3333, -11.3333, 0.6667, -12.3333, 0.0, -12.6667, -0.6667, -13.6667, -1.6667, -14.0, -2.3333, -14.6667, -3.6667, -15.0, -4.6667, -15.3333, -5.6667, -15.3333, -6.3333, -15.6667, -6.6667, -16.3333, -7.6667, -16.3333, -7.6667, -16.0, -7.6667, -16.0, -7.6667, -16.0, -7.6667, -16.0, -7.6667, -15.3333, -6.6667, -15.3333, -6.0, -15.3333, -5.6667, -15.3333, -4.6667, -15.6667, -4.6667, -15.6667, -4.3333, -15.6667, -3.6667, -16.0, -3.6667, -16.3333, -3.3333, -16.6667, -3.3333, -14.3333, -3.0, -46.0, -7.3333, -45.3333, -7.3333, -44.0, -7.0, -42.6667, -6.3333, -41.3333, -5.3333, -40.0, -4.3333, -39.0, -2.6667, -37.6667, -1.6667, -35.6667, -0.3333, -35.0, 1.3333, -34.3333, 2.6667, -33.6667, 3.6667, -33.6667, 4.6667, -33.0, 4.6667, -32.3333, 5.0, -32.0, 5.0, -31.6667, 4.6667, -31.0, 4.0, -31.0, 3.0, -30.6667, 2.3333, -30.3333, 1.3333, -29.3333, 0.3333, -29.0, -0.3333, -28.0, -0.6667, -27.6667, -2.0, -27.3333, -3.0, -27.6667, -6.0, -27.0, -7.3333, -5.3333, -1.6667, -2.0, -1.0, 0.0, -0.3333, 0.0, -1.0, 0.0, -0.3333, -2.0, 0.0, -6.0, 0.6667, -31.0, 5.0, -32.0, 2.6667, -33.0, 0.3333, -35.0, -1.6667, -37.0, -4.6667, -38.6667, -6.6667, -40.0, -8.6667, -41.6667, -10.3333, -43.3333, -12.3333, -44.0, -13.3333, -44.0, -15.0, -44.3333, -16.0, -45.3333, -16.3333, -45.6667, -17.3333, -45.0, -18.0, -45.0, -17.6667, -44.6667, -17.6667, -45.3333, -17.0, -44.6667, -16.3333, -44.3333, -15.3333, -44.3333, -14.0, -44.3333, -13.0, -44.3333, -12.0, -44.6667, -11.0, -44.3333, -9.6667, -45.0, -9.0, -45.3333, -8.6667, -46.0, -8.6667]",23.790444,16.694924,91.760558
184,184,5c:01:3b:6b:b0:95,-38,256,"[86.0, -32.0, 4.0, 0.0, -16.6667, 2.0, -16.3333, 2.0, -15.3333, 2.3333, -15.0, 2.3333, -15.0, 3.0, -14.0, 3.3333, -13.6667, 3.3333, -13.0, 4.0, -12.6667, 4.3333, -12.6667, 5.0, -12.3333, 4.6667, -11.6667, 5.0, -11.6667, 5.0, -11.6667, 5.0, -11.6667, 5.0, -11.6667, 5.0, -11.3333, 5.0, -11.3333, 4.3333, -11.0, 4.0, -11.0, 3.6667, -11.0, 3.3333, -11.0, 3.3333, -10.0, 2.3333, -10.0, 2.0, -9.6667, 1.3333, -2.6667, 0.3333, 0.0, 0.0, 0.0, 0.0, 0.0, 0.0, 0.0, 0.0, 0.0, 0.0, 0.0, 0.0, 0.0, 0.0, 0.0, 0.0, 0.0, 0.0, -3.0, 0.6667, -11.6667, 4.3333, -12.6667, 3.6667, -13.0, 3.0, -14.0, 2.3333, -14.0, 1.6667, -15.0, 0.6667, -15.0, 0.0, -15.6667, -1.0, -15.6667, -1.3333, -15.6667, -1.6667, -16.6667, -2.3333, -16.6667, -2.6667, -16.3333, -2.6667, -16.3333, -2.6667, -16.3333, -2.6667, -16.3333, -2.6667, -15.6667, -2.0, -15.6667, -1.3333, -15.6667, -1.0, -15.6667, 0.0, -16.0, 0.0, -16.0, 0.3333, -16.0, 0.6667, -16.3333, 1.0, -16.6667, 1.3333, -17.3333, 1.3333, -15.0, 0.0, -48.3333, 3.0, -47.3333, 3.0, -46.3333, 3.0, -44.6667, 3.3333, -43.0, 4.0, -42.0, 4.6667, -41.0, 6.0, -40.0, 7.0, -38.0, 8.3333, -37.3333, 9.0, -37.0, 9.6667, -36.3333, 9.6667, -36.3333, 10.3333, -35.6667, 10.3333, -35.3333, 10.0, -35.0, 10.0, -34.3333, 9.6667, -33.3333, 9.3333, -33.3333, 9.0, -33.0, 8.3333, -32.3333, 7.6667, -31.0, 6.6667, -30.6667, 6.0, -29.6667, 5.3333, -29.3333, 4.0, -28.6667, 2.6667, -29.3333, -1.6667, -28.3333, -3.0, -5.6667, -1.0, -2.0, -1.0, 0.0, -0.6667, 0.0, -1.0, 0.0, -0.6667, -2.0, 0.0, -6.3333, 1.3333, -33.3333, 9.0, -34.3333, 7.0, -34.6667, 7.6667, -36.6667, 6.6667, -38.3333, 4.0, -40.0, 2.3333, -41.3333, 0.6667, -43.0, -0.6667, -44.6667, -2.6667, -45.3333, -3.6667, -45.0, -5.0, -45.6667, -6.0, -46.6667, -6.3333, -47.3333, -7.0, -47.0, -7.3333, -47.0, -7.3333, -46.3333, -7.3333, -46.6667, -7.0, -46.3333, -6.3333, -45.6667, -5.3333, -46.0, -4.0, -45.6667, -3.0, -45.6667, -2.0, -46.0, -1.0, -46.0, 0.3333, -47.0, 1.3333, -47.3333, 2.0, -48.0, 2.0]",24.531895,16.95133,91.760558
185,185,5c:01:3b:6b:b0:95,-43,256,"[86.0, -32.0, 4.0, 0.0, -18.3333, 9.6667, -18.0, 9.6667, -17.0, 9.3333, -16.3333, 9.0, -16.0, 9.0, -15.3333, 8.6667, -14.6667, 8.3333, -14.0, 8.6667, -13.3333, 8.3333, -13.0, 8.6667, -12.3333, 8.3333, -12.0, 8.3333, -12.0, 8.6667, -12.0, 8.6667, -12.0, 8.6667, -12.0, 8.3333, -11.6667, 8.3333, -11.6667, 7.6667, -11.3333, 7.6667, -11.3333, 7.3333, -11.6667, 6.6667, -11.6667, 6.6667, -10.6667, 6.3333, -10.6667, 6.0, -10.3333, 5.6667, -3.0, 1.3333, 0.0, 0.0, 0.0, 0.0, 0.0, 0.0, 0.0, 0.0, 0.0, 0.0, 0.0, 0.0, 0.0, 0.0, 0.0, 0.0, 0.0, 0.0, -3.3333, 1.6667, -12.3333, 8.0, -13.3333, 8.0, -14.3333, 8.0, -15.3333, 8.3333, -15.6667, 8.3333, -16.6667, 8.3333, -17.3333, 8.3333, -18.0, 8.0, -18.0, 8.0, -18.3333, 7.6667, -19.0, 7.3333, -19.0, 7.0, -18.6667, 6.6667, -18.6667, 6.6667, -18.6667, 6.6667, -18.6667, 6.6667, -18.3333, 7.0, -18.0, 7.3333, -18.0, 8.0, -17.6667, 8.6667, -18.0, 8.6667, -18.0, 9.0, -17.6667, 8.6667, -18.0, 9.3333, -18.6667, 9.6667, -19.0, 9.6667, -14.6667, 4.3333, -45.6667, 17.6667, -45.0, 17.3333, -43.6667, 16.6667, -42.3333, 16.3333, -40.6667, 16.6667, -39.6667, 16.6667, -38.3333, 16.6667, -37.3333, 17.0, -35.3333, 17.3333, -34.3333, 16.6667, -33.6667, 16.6667, -33.0, 15.6667, -33.0, 16.0, -33.0, 16.0, -32.3333, 15.0, -32.0, 15.0, -31.3333, 14.6667, -30.6667, 14.6667, -31.0, 15.0, -30.3333, 14.3333, -30.0, 14.0, -28.6667, 13.3333, -28.3333, 13.0, -27.6667, 12.3333, -27.3333, 11.6667, -27.0, 10.6667, -29.3333, 5.0, -28.6667, 3.6667, -5.6667, 0.0, -2.0, -0.6667, 0.0, -1.0, 0.0, -1.0, 0.0, -1.0, -2.0, 0.0, -6.0, 2.0, -31.3333, 13.0, -32.6667, 11.3333, -32.3333, 15.0, -34.6667, 15.6667, -36.6667, 15.0, -38.3333, 14.6667, -39.6667, 13.3333, -41.3333, 12.6667, -43.3333, 11.0, -44.3333, 10.0, -44.6667, 9.0, -45.3333, 8.3333, -46.3333, 8.6667, -47.3333, 8.3333, -47.3333, 8.0, -47.3333, 7.3333, -46.6667, 7.3333, -46.6667, 7.3333, -46.3333, 7.3333, -45.3333, 8.3333, -45.0, 10.0, -44.3333, 11.0, -44.3333, 12.0, -44.0, 13.0, -43.6667, 14.6667, -44.6667, 16.3333, -45.0, 17.6667, -45.3333, 17.6667]",25.795134,16.367787,91.760558
186,186,5c:01:3b:6b:b0:95,-43,256,"[86.0, -32.0, 4.0, 0.0, -10.0, 13.0, -10.0, 13.0, -9.3333, 12.3333, -9.3333, 11.6667, -9.0, 11.3333, -8.6667, 10.6667, -8.3333, 10.0, -8.0, 10.3333, -7.6667, 9.6667, -7.3333, 9.3333, -7.3333, 8.6667, -7.0, 8.6667, -7.0, 9.0, -7.0, 9.0, -7.0, 9.0, -7.0, 8.6667, -7.0, 8.6667, -6.6667, 8.3333, -6.6667, 8.6667, -6.6667, 8.6667, -6.6667, 7.6667, -6.6667, 7.6667, -6.0, 8.0, -6.0, 7.6667, -5.6667, 7.3333, -2.0, 1.6667, 0.0, 0.0, 0.0, 0.0, 0.0, 0.0, 0.0, 0.0, 0.0, 0.0, 0.0, 0.0, 0.0, 0.0, 0.0, 0.0, 0.0, 0.0, -2.0, 2.0, -7.0, 9.0, -7.3333, 9.3333, -7.6667, 9.6667, -8.3333, 11.0, -8.6667, 11.3333, -9.0, 11.6667, -9.6667, 12.3333, -10.0, 12.6667, -10.0, 12.6667, -10.0, 12.6667, -10.3333, 12.6667, -10.3333, 12.3333, -10.3333, 11.6667, -10.3333, 11.6667, -10.3333, 11.6667, -10.3333, 11.6667, -10.3333, 11.6667, -10.0, 12.0, -10.0, 12.6667, -9.6667, 13.0, -10.0, 13.0, -10.0, 13.0, -9.6667, 12.3333, -9.6667, 13.3333, -10.0, 13.3333, -10.3333, 13.3333, -10.3333, 6.6667, -31.0, 25.6667, -30.6667, 25.0, -29.6667, 24.3333, -28.6667, 23.6667, -27.6667, 23.6667, -27.0, 23.0, -26.3333, 22.0, -26.0, 21.6667, -25.3333, 20.6667, -24.6667, 19.0, -25.0, 18.0, -24.6667, 16.0, -25.0, 16.0, -25.0, 16.0, -24.6667, 15.0, -24.3333, 15.0, -23.6667, 15.0, -23.0, 15.0, -23.0, 16.0, -22.3333, 16.0, -21.6667, 16.0, -20.6667, 15.6667, -20.3333, 15.3333, -19.3333, 15.0, -19.0, 15.3333, -18.3333, 14.6667, -20.0, 8.6667, -19.3333, 7.6667, -4.0, 0.6667, -1.6667, -0.3333, -0.3333, -1.0, 0.0, -1.0, 0.0, -1.0, -1.6667, 0.0, -4.6667, 1.6667, -24.0, 11.6667, -24.3333, 12.0, -23.0, 17.0, -23.6667, 19.3333, -24.6667, 20.6667, -25.3333, 21.6667, -26.3333, 20.6667, -27.0, 20.3333, -27.6667, 19.0, -27.6667, 18.0, -27.3333, 17.0, -27.3333, 16.6667, -28.0, 17.0, -28.3333, 17.0, -28.3333, 16.3333, -28.3333, 15.6667, -28.3333, 15.6667, -28.6667, 15.6667, -28.6667, 15.3333, -28.0, 16.3333, -28.0, 18.0, -28.0, 19.0, -28.3333, 20.0, -28.3333, 21.0, -28.3333, 22.6667, -29.3333, 24.3333, -29.3333, 26.0, -29.6667, 26.0]",20.303017,13.340694,91.760558
187,187,5c:01:3b:6b:b0:95,-43,256,"[86.0, -32.0, 4.0, 0.0, -6.3333, 15.0, -6.3333, 14.6667, -6.0, 13.6667, -6.3333, 13.0, -6.0, 12.0, -6.0, 11.0, -5.6667, 10.0, -6.0, 10.0, -5.6667, 9.0, -5.3333, 8.3333, -5.6667, 7.6667, -5.6667, 7.6667, -5.6667, 8.0, -5.6667, 8.0, -5.6667, 8.0, -5.6667, 7.6667, -5.6667, 8.0, -5.0, 7.6667, -5.0, 8.0, -5.0, 8.0, -4.6667, 7.3333, -4.6667, 7.3333, -4.3333, 8.0, -4.3333, 8.3333, -3.6667, 8.3333, -1.6667, 1.6667, 0.0, 0.0, 0.0, 0.0, 0.0, 0.0, 0.0, 0.0, 0.0, 0.0, 0.0, 0.0, 0.0, 0.0, 0.0, 0.0, 0.0, 0.0, -1.6667, 1.6667, -5.3333, 7.6667, -5.0, 8.6667, -5.0, 10.0, -5.3333, 11.6667, -5.6667, 12.6667, -5.3333, 14.0, -6.0, 15.0, -5.6667, 16.0, -5.6667, 16.3333, -5.3333, 16.3333, -5.3333, 16.6667, -5.3333, 16.6667, -5.3333, 16.0, -5.3333, 16.0, -5.3333, 16.0, -5.3333, 16.0, -6.0, 15.6667, -5.6667, 15.6667, -5.6667, 16.0, -5.3333, 16.0, -6.0, 16.0, -6.0, 15.6667, -5.6667, 15.0, -5.6667, 15.6667, -6.0, 15.6667, -6.0, 15.6667, -6.0, 8.0, -16.6667, 29.6667, -16.6667, 29.0, -16.0, 28.0, -15.6667, 27.0, -15.6667, 26.6667, -15.3333, 25.3333, -15.3333, 23.6667, -15.6667, 22.3333, -16.3333, 20.3333, -16.3333, 18.3333, -17.3333, 17.3333, -17.6667, 15.6667, -18.3333, 15.3333, -18.6667, 15.3333, -18.3333, 14.6667, -17.6667, 14.6667, -17.3333, 14.6667, -16.6667, 14.6667, -16.3333, 15.6667, -15.3333, 15.6667, -14.6667, 16.0, -13.6667, 16.0, -13.0, 16.0, -11.6667, 16.0, -11.0, 17.0, -10.3333, 17.0, -10.6667, 11.0, -10.0, 10.0, -2.3333, 1.0, -1.3333, 0.0, -0.6667, -1.0, 0.0, -1.0, 0.0, -1.0, -1.3333, 0.0, -3.6667, 1.3333, -18.0, 10.6667, -17.3333, 12.3333, -15.3333, 16.0, -14.3333, 19.0, -14.0, 22.0, -13.3333, 24.3333, -13.3333, 24.0, -12.6667, 24.0, -12.0, 23.0, -11.0, 22.0, -10.0, 21.0, -9.3333, 21.0, -9.6667, 22.0, -9.3333, 22.0, -9.3333, 21.0, -9.3333, 20.0, -10.0, 20.0, -10.6667, 20.0, -11.0, 19.0, -10.6667, 20.0, -11.0, 22.0, -11.6667, 23.0, -12.3333, 24.0, -12.6667, 25.0, -13.0, 27.0, -14.0, 29.0, -14.0, 30.3333, -14.0, 30.3333]",17.166774,11.252575,91.760558
188,188,5c:01:3b:6b:b0:95,-39,256,"[86.0, -32.0, 4.0, 0.0, -1.0, 5.0, -1.0, 4.6667, -1.0, 4.3333, -2.0, 4.0, -2.0, 3.6667, -2.0, 3.0, -2.0, 2.3333, -3.0, 2.3333, -3.0, 1.6667, -3.0, 1.0, -4.0, 0.6667, -4.0, 0.6667, -4.0, 0.6667, -4.0, 0.6667, -4.0, 0.6667, -4.0, 0.6667, -4.0, 1.0, -3.0, 1.0, -3.0, 1.6667, -3.0, 1.6667, -2.0, 1.3333, -2.0, 1.3333, -2.0, 2.0, -2.0, 2.3333, -1.0, 2.3333, -1.0, 0.0, 0.0, 0.0, 0.0, 0.0, 0.0, 0.0, 0.0, 0.0, 0.0, 0.0, 0.0, 0.0, 0.0, 0.0, 0.0, 0.0, 0.0, 0.0, -1.0, 0.0, -3.0, 1.0, -2.0, 1.6667, -1.0, 2.3333, -1.0, 3.3333, -1.0, 4.0, 0.0, 5.0, 0.0, 5.3333, 1.0, 6.0, 1.0, 6.3333, 2.0, 6.3333, 2.0, 6.3333, 2.0, 6.3333, 2.0, 6.3333, 2.0, 6.3333, 2.0, 6.3333, 2.0, 6.3333, 1.0, 6.0, 1.0, 6.0, 1.0, 6.0, 1.0, 6.0, 0.0, 6.0, 0.0, 5.6667, 0.0, 5.3333, 0.0, 5.3333, 0.0, 5.3333, 0.0, 5.0, -2.0, 0.3333, -5.0, 3.6667, -5.0, 3.6667, -5.0, 3.3333, -5.0, 3.3333, -6.0, 3.3333, -6.0, 3.0, -7.0, 2.3333, -8.0, 1.6667, -10.0, 0.6667, -11.0, -0.3333, -13.0, -0.6667, -14.0, -1.6667, -15.0, -1.6667, -15.0, -1.6667, -15.0, -2.0, -14.0, -1.6667, -14.0, -1.6667, -13.0, -1.3333, -12.0, -0.6667, -11.0, -0.6667, -10.0, 0.0, -9.0, 0.3333, -8.0, 0.6667, -6.0, 1.0, -5.0, 2.0, -4.0, 2.0, -2.0, -2.0, -1.0, -2.6667, -1.0, -1.0, -1.0, -0.6667, -1.0, -0.6667, 0.0, -0.6667, 0.0, -0.6667, -1.0, -0.6667, -3.0, -1.3333, -14.0, -4.3333, -12.0, -3.0, -10.0, -1.6667, -7.0, 0.0, -5.0, 1.3333, -3.0, 2.3333, -2.0, 2.0, 0.0, 1.6667, 2.0, 0.6667, 4.0, -0.3333, 6.0, -1.3333, 7.0, -1.3333, 7.0, -1.0, 8.0, -1.0, 8.0, -1.6667, 8.0, -2.3333, 7.0, -2.0, 6.0, -2.0, 5.0, -2.6667, 5.0, -1.6667, 4.0, -0.3333, 3.0, 0.3333, 2.0, 0.6667, 1.0, 1.3333, 0.0, 2.6667, -1.0, 4.0, -1.0, 4.3333, -1.0, 4.0]",5.95898,8.422498,91.760558
189,189,5c:01:3b:6b:b0:95,-43,256,"[86.0, -32.0, 4.0, 0.0, -2.3333, -5.6667, -2.3333, -5.6667, -2.3333, -5.6667, -3.0, -5.3333, -3.0, -5.3333, -3.3333, -5.6667, -3.3333, -5.6667, -4.0, -5.6667, -4.0, -6.0, -4.0, -6.3333, -4.6667, -6.0, -5.0, -6.0, -5.0, -6.0, -5.0, -6.0, -5.0, -6.0, -5.0, -6.0, -5.0, -5.3333, -4.0, -5.3333, -4.0, -5.0, -4.0, -5.0, -3.0, -5.0, -2.6667, -4.6667, -2.6667, -4.3333, -2.3333, -4.0, -1.6667, -4.0, -1.0, -1.6667, 0.0, 0.0, 0.0, 0.0, 0.0, 0.0, 0.0, 0.0, 0.0, 0.0, 0.0, 0.0, 0.0, 0.0, 0.0, 0.0, 0.0, 0.0, -1.3333, -1.6667, -4.0, -6.0, -3.0, -5.6667, -2.3333, -5.6667, -2.0, -5.6667, -2.0, -5.3333, -1.3333, -5.0, -1.0, -5.0, -0.3333, -4.6667, 0.0, -4.3333, 1.0, -4.6667, 1.0, -4.6667, 1.3333, -4.6667, 1.3333, -4.3333, 1.3333, -4.3333, 1.0, -4.3333, 1.0, -4.3333, 0.0, -4.3333, 0.0, -4.3333, 0.0, -4.6667, -0.3333, -4.6667, -1.0, -5.0, -1.3333, -5.3333, -1.0, -5.3333, -1.0, -5.6667, -1.3333, -5.6667, -1.3333, -6.3333, -2.3333, -5.3333, -6.6667, -16.0, -6.6667, -15.6667, -6.6667, -15.3333, -6.6667, -14.6667, -7.3333, -14.3333, -7.6667, -14.0, -8.6667, -13.6667, -9.6667, -14.0, -11.0, -14.0, -12.0, -14.0, -13.6667, -14.0, -14.3333, -14.0, -15.0, -14.0, -15.3333, -14.0, -15.3333, -13.6667, -14.6667, -13.3333, -14.3333, -13.3333, -13.6667, -13.0, -12.6667, -12.6667, -11.6667, -12.6667, -10.6667, -11.6667, -9.6667, -11.3333, -8.6667, -10.6667, -7.3333, -10.3333, -6.3333, -9.6667, -5.3333, -9.6667, -3.0, -11.3333, -1.6667, -11.6667, -1.0, -2.3333, -1.0, -1.0, -1.0, -0.3333, 0.0, -0.3333, 0.0, -0.3333, -1.0, -1.0, -3.0, -2.6667, -14.6667, -12.6667, -12.6667, -12.6667, -11.0, -14.3333, -8.3333, -14.0, -6.0, -14.0, -4.3333, -14.3333, -3.0, -14.6667, -1.3333, -15.3333, 0.3333, -16.3333, 2.3333, -17.0, 4.0, -18.0, 4.6667, -18.0, 5.0, -18.3333, 5.6667, -18.3333, 6.0, -18.6667, 6.0, -19.0, 5.3333, -18.6667, 4.3333, -18.3333, 3.6667, -18.6667, 3.3333, -18.0, 2.3333, -17.0, 1.0, -16.6667, 0.0, -16.6667, -1.0, -16.3333, -2.3333, -15.6667, -3.3333, -15.3333, -3.6667, -15.6667, -3.6667, -16.3333]",10.703799,9.771071,91.760558
190,190,5c:01:3b:6b:b0:95,-44,256,"[86.0, -32.0, 4.0, 0.0, -3.6667, -15.3333, -3.6667, -14.6667, -3.6667, -14.3333, -4.0, -13.6667, -4.0, -13.3333, -4.6667, -13.3333, -4.6667, -12.6667, -5.0, -12.6667, -5.0, -12.6667, -5.0, -12.6667, -5.3333, -11.6667, -6.0, -11.6667, -6.0, -11.6667, -6.0, -11.6667, -6.0, -11.6667, -6.0, -11.6667, -6.0, -11.0, -5.0, -11.0, -5.0, -10.6667, -5.0, -10.6667, -4.0, -10.6667, -3.3333, -10.0, -3.3333, -9.6667, -2.6667, -9.6667, -2.3333, -9.6667, -1.0, -3.0, 0.0, 0.0, 0.0, 0.0, 0.0, 0.0, 0.0, 0.0, 0.0, 0.0, 0.0, 0.0, 0.0, 0.0, 0.0, 0.0, 0.0, 0.0, -1.6667, -3.0, -5.0, -11.6667, -4.0, -11.6667, -3.6667, -12.6667, -3.0, -13.3333, -3.0, -13.3333, -2.6667, -14.0, -2.0, -14.3333, -1.6667, -14.3333, -1.0, -14.3333, -0.3333, -15.0, 0.0, -15.3333, 0.3333, -15.3333, 0.6667, -15.0, 0.3333, -15.0, 0.0, -15.0, 0.0, -15.0, -1.0, -14.3333, -1.0, -14.3333, -1.0, -14.3333, -1.6667, -14.3333, -2.0, -15.0, -2.6667, -15.0, -2.0, -15.0, -2.0, -15.3333, -2.6667, -15.3333, -2.6667, -16.3333, -2.6667, -11.0, -8.3333, -35.3333, -8.3333, -35.0, -8.3333, -34.0, -8.3333, -32.6667, -8.6667, -31.6667, -9.3333, -30.3333, -10.3333, -29.3333, -11.3333, -29.0, -12.0, -28.0, -13.0, -27.0, -14.3333, -26.6667, -14.6667, -26.0, -15.0, -25.6667, -15.6667, -25.6667, -15.6667, -25.0, -15.3333, -24.6667, -14.6667, -24.6667, -14.3333, -24.3333, -13.3333, -24.3333, -12.3333, -24.3333, -11.3333, -23.3333, -10.3333, -23.0, -9.3333, -22.0, -8.6667, -21.6667, -7.6667, -21.3333, -6.6667, -21.3333, -5.0, -20.6667, -4.0, -20.6667, -1.3333, -3.6667, -1.0, -1.3333, -0.6667, 0.0, 0.0, 0.0, 0.0, 0.0, -1.0, -1.3333, -3.0, -4.0, -15.3333, -21.3333, -13.3333, -22.6667, -12.0, -26.0, -9.6667, -27.0, -7.0, -28.3333, -5.6667, -30.3333, -4.3333, -31.3333, -3.6667, -32.3333, -3.0, -33.3333, -1.3333, -33.6667, 0.0, -34.6667, 0.6667, -34.6667, 1.0, -35.6667, 1.6667, -35.6667, 2.0, -35.6667, 2.0, -35.6667, 1.3333, -35.3333, 0.6667, -34.6667, 0.0, -34.6667, -0.3333, -34.3333, -1.3333, -33.6667, -2.6667, -33.6667, -3.6667, -34.0, -4.0, -34.0, -4.6667, -34.0, -5.6667, -34.6667, -6.3333, -35.0, -6.3333, -36.0]",20.010267,13.058753,91.760558
191,191,5c:01:3b:6b:b0:95,-43,256,"[86.0, -32.0, 4.0, 0.0, -5.0, -15.6667, -5.0, -14.6667, -5.0, -14.6667, -5.0, -13.6667, -5.0, -13.6667, -6.0, -13.3333, -6.0, -12.6667, -6.0, -12.3333, -6.0, -12.3333, -6.0, -12.3333, -6.0, -11.3333, -7.0, -11.3333, -7.0, -11.3333, -7.0, -11.3333, -7.0, -11.3333, -7.0, -11.3333, -7.0, -10.6667, -6.0, -10.6667, -6.0, -10.6667, -6.0, -10.6667, -5.0, -10.3333, -4.0, -9.6667, -4.0, -9.6667, -3.0, -9.6667, -3.0, -9.6667, -1.0, -3.0, 0.0, 0.0, 0.0, 0.0, 0.0, 0.0, 0.0, 0.0, 0.0, 0.0, 0.0, 0.0, 0.0, 0.0, 0.0, 0.0, 0.0, 0.0, -2.0, -3.0, -6.0, -11.3333, -5.0, -11.6667, -5.0, -12.6667, -4.0, -13.6667, -4.0, -13.6667, -4.0, -14.6667, -3.0, -14.6667, -3.0, -15.0, -2.3333, -15.0, -2.0, -15.6667, -2.0, -16.0, -1.6667, -16.0, -1.3333, -15.6667, -1.6667, -15.6667, -1.6667, -15.6667, -1.6667, -15.6667, -2.3333, -15.0, -2.0, -15.0, -2.0, -15.0, -3.0, -15.0, -3.0, -15.6667, -4.0, -15.6667, -3.0, -15.3333, -3.0, -15.6667, -4.0, -15.6667, -4.0, -16.3333, -3.3333, -9.0, -10.6667, -29.0, -10.6667, -29.0, -10.6667, -28.0, -10.6667, -27.0, -10.6667, -26.0, -11.3333, -25.0, -12.0, -24.0, -13.0, -24.0, -13.0, -23.0, -14.0, -22.0, -15.0, -22.0, -15.0, -21.0, -15.0, -21.0, -16.0, -21.0, -16.0, -20.0, -16.0, -20.0, -15.0, -20.0, -15.0, -20.0, -14.0, -20.0, -13.0, -20.0, -12.0, -19.0, -11.0, -19.0, -10.0, -18.0, -10.0, -18.0, -9.0, -18.0, -8.0, -18.0, -7.0, -17.0, -6.3333, -17.0, -1.6667, -3.0, -1.0, -1.0, -0.3333, 0.0, 0.0, 0.0, 0.0, 0.0, -1.0, -1.0, -3.3333, -3.0, -16.3333, -16.0, -14.6667, -17.0, -13.0, -21.0, -11.3333, -22.0, -9.0, -23.0, -8.3333, -25.0, -7.0, -26.0, -6.6667, -27.0, -6.6667, -28.0, -6.0, -28.0, -5.0, -29.0, -4.6667, -29.0, -4.0, -30.0, -3.6667, -30.0, -3.3333, -30.0, -3.0, -30.0, -3.0, -30.0, -3.6667, -29.0, -4.3333, -29.0, -5.0, -29.0, -6.0, -28.0, -6.6667, -28.0, -7.3333, -28.0, -7.3333, -28.0, -8.0, -28.0, -8.6667, -29.0, -9.3333, -29.0, -9.3333, -30.0]",18.274357,11.406822,91.760558
192,192,5c:01:3b:6b:b0:95,-40,256,"[86.0, -32.0, 4.0, 0.0, -6.0, -8.6667, -6.0, -8.0, -5.6667, -7.6667, -5.6667, -7.0, -6.0, -6.6667, -6.6667, -6.3333, -6.6667, -5.6667, -6.6667, -5.3333, -6.6667, -5.3333, -7.0, -5.0, -7.0, -4.3333, -7.6667, -4.3333, -7.6667, -4.0, -7.6667, -4.0, -7.6667, -4.0, -7.6667, -4.0, -7.6667, -3.6667, -7.0, -4.0, -6.6667, -4.3333, -6.6667, -4.3333, -5.6667, -4.3333, -4.6667, -4.3333, -4.6667, -4.3333, -4.0, -4.6667, -3.6667, -5.0, -1.3333, -1.6667, 0.0, 0.0, 0.0, 0.0, 0.0, 0.0, 0.0, 0.0, 0.0, 0.0, 0.0, 0.0, 0.0, 0.0, 0.0, 0.0, 0.0, 0.0, -2.0, -1.6667, -6.6667, -5.3333, -6.0, -6.0, -5.6667, -6.6667, -5.0, -7.6667, -5.0, -8.0, -4.6667, -9.0, -4.0, -9.0, -3.6667, -9.6667, -3.3333, -9.6667, -3.3333, -10.3333, -3.0, -11.0, -3.0, -11.0, -2.6667, -10.6667, -3.0, -10.6667, -2.6667, -10.6667, -2.6667, -10.3333, -3.3333, -10.0, -3.0, -9.6667, -3.0, -9.6667, -4.0, -9.3333, -4.0, -9.3333, -4.6667, -9.3333, -4.0, -8.6667, -4.3333, -9.0, -5.0, -9.0, -5.3333, -9.3333, -4.6667, -5.3333, -14.6667, -17.0, -14.3333, -17.0, -14.3333, -16.3333, -14.3333, -15.3333, -14.0, -14.6667, -14.6667, -14.0, -15.0, -13.0, -16.0, -12.6667, -16.6667, -11.3333, -17.6667, -10.3333, -19.3333, -9.6667, -19.6667, -8.6667, -20.0, -8.6667, -20.6667, -8.3333, -20.6667, -7.6667, -20.3333, -7.6667, -19.3333, -7.6667, -19.0, -8.0, -18.0, -8.3333, -16.6667, -9.0, -15.3333, -8.6667, -14.3333, -9.0, -13.3333, -8.6667, -13.0, -9.0, -11.6667, -9.3333, -10.3333, -9.6667, -8.3333, -10.3333, -8.6667, -11.0, -2.0, -2.0, -1.0, -1.0, 0.0, -0.3333, 0.0, -0.3333, 0.0, -0.3333, -1.3333, -0.6667, -4.0, -1.3333, -19.3333, -6.0, -17.6667, -7.3333, -16.6667, -10.6667, -15.0, -12.0, -13.0, -13.3333, -12.0, -15.0, -11.0, -16.3333, -10.3333, -17.3333, -9.6667, -18.6667, -9.0, -19.3333, -8.6667, -20.3333, -8.6667, -20.6667, -8.3333, -21.3333, -8.0, -21.3333, -8.0, -21.6667, -7.6667, -21.6667, -7.6667, -21.3333, -8.0, -20.3333, -8.6667, -20.3333, -8.6667, -20.0, -9.0, -19.0, -9.3333, -18.6667, -10.3333, -18.3333, -10.6667, -18.0, -11.3333, -17.3333, -12.3333, -17.6667, -13.0, -17.3333, -13.0, -18.0]",13.489481,10.094865,91.760558
193,193,5c:01:3b:6b:b0:95,-43,256,"[86.0, -32.0, 4.0, 0.0, -7.0, -6.6667, -7.0, -6.3333, -6.6667, -5.6667, -6.6667, -5.3333, -7.0, -5.0, -7.3333, -4.3333, -7.3333, -4.0, -7.3333, -3.3333, -7.6667, -3.3333, -8.0, -3.0, -8.0, -2.3333, -8.3333, -2.3333, -8.3333, -2.0, -8.3333, -2.0, -8.3333, -2.0, -8.3333, -2.0, -8.3333, -2.0, -8.0, -2.3333, -7.3333, -2.6667, -7.3333, -2.6667, -6.3333, -2.6667, -5.6667, -3.0, -5.3333, -3.0, -5.0, -3.3333, -4.6667, -3.6667, -1.6667, -1.3333, 0.0, 0.0, 0.0, 0.0, 0.0, 0.0, 0.0, 0.0, 0.0, 0.0, 0.0, 0.0, 0.0, 0.0, 0.0, 0.0, 0.0, 0.0, -2.0, -1.3333, -7.3333, -3.6667, -7.0, -4.3333, -6.6667, -5.0, -6.3333, -5.6667, -6.3333, -6.3333, -5.6667, -7.0, -5.3333, -7.3333, -5.0, -8.0, -5.0, -8.0, -5.0, -8.6667, -5.0, -9.3333, -4.6667, -9.3333, -4.6667, -9.0, -4.6667, -9.0, -4.3333, -9.0, -4.3333, -8.6667, -4.6667, -8.6667, -4.3333, -8.0, -4.6667, -8.0, -5.3333, -7.6667, -5.3333, -7.3333, -5.6667, -7.3333, -5.6667, -6.6667, -6.0, -7.0, -6.3333, -7.0, -6.6667, -7.3333, -6.6667, -6.6667, -20.6667, -21.0, -20.3333, -21.0, -20.0, -20.0, -19.6667, -19.0, -19.0, -18.0, -19.3333, -17.3333, -19.6667, -16.3333, -20.6667, -15.6667, -21.3333, -14.3333, -22.3333, -13.0, -24.0, -12.0, -24.6667, -10.6667, -25.0, -10.3333, -25.6667, -10.0, -25.6667, -9.6667, -25.0, -9.6667, -24.0, -9.6667, -23.3333, -10.0, -22.3333, -10.3333, -21.0, -11.0, -19.6667, -11.0, -18.3333, -11.3333, -17.3333, -11.0, -16.6667, -11.3333, -15.3333, -11.3333, -13.6667, -11.6667, -10.0, -13.3333, -9.6667, -14.0, -2.0, -2.6667, -1.0, -1.3333, 0.0, -0.3333, 0.0, -0.3333, 0.0, -0.3333, -1.6667, -1.0, -5.0, -2.0, -23.0, -8.6667, -21.6667, -10.3333, -21.3333, -12.6667, -19.6667, -14.6667, -18.3333, -16.3333, -17.3333, -18.0, -16.3333, -19.6667, -15.0, -20.6667, -13.6667, -22.6667, -13.0, -23.6667, -12.6667, -24.6667, -13.0, -25.3333, -13.0, -25.6667, -13.0, -26.0, -12.6667, -26.0, -12.3333, -26.3333, -12.0, -26.0, -12.3333, -25.0, -12.6667, -24.6667, -13.0, -24.3333, -13.0, -23.3333, -13.3333, -23.0, -14.3333, -22.6667, -15.3333, -22.3333, -17.0, -21.3333, -18.0, -21.3333, -18.6667, -21.0, -19.0, -21.3333]",15.706418,12.053458,91.760558
194,194,5c:01:3b:6b:b0:95,-43,256,"[86.0, -32.0, 4.0, 0.0, -13.0, -5.0, -12.6667, -5.0, -12.0, -4.0, -12.0, -4.0, -12.3333, -3.6667, -12.3333, -3.0, -12.0, -2.6667, -12.0, -2.0, -12.0, -2.0, -12.3333, -1.6667, -12.0, -1.0, -12.0, -0.6667, -12.0, -0.3333, -11.6667, -0.3333, -11.6667, -0.3333, -12.0, -0.3333, -11.6667, -0.3333, -11.6667, -0.6667, -10.6667, -1.3333, -10.6667, -1.3333, -10.0, -1.6667, -9.6667, -2.0, -9.0, -2.0, -8.6667, -2.3333, -8.3333, -2.6667, -2.6667, -1.0, 0.0, 0.0, 0.0, 0.0, 0.0, 0.0, 0.0, 0.0, 0.0, 0.0, 0.0, 0.0, 0.0, 0.0, 0.0, 0.0, 0.0, 0.0, -3.0, -1.0, -11.6667, -2.6667, -11.6667, -3.0, -11.3333, -3.6667, -11.6667, -4.0, -11.6667, -5.0, -11.0, -5.3333, -11.0, -6.0, -10.6667, -6.3333, -10.6667, -6.3333, -10.3333, -7.3333, -10.0, -7.6667, -9.6667, -7.6667, -9.3333, -7.6667, -9.3333, -7.6667, -9.3333, -7.6667, -9.6667, -7.3333, -10.0, -7.3333, -10.0, -6.3333, -10.3333, -6.3333, -11.0, -6.0, -11.3333, -5.6667, -11.3333, -5.6667, -11.6667, -5.3333, -12.3333, -5.3333, -12.3333, -5.3333, -12.6667, -6.0, -9.3333, -7.0, -29.6667, -21.0, -29.3333, -21.0, -28.6667, -20.0, -28.0, -19.0, -27.0, -18.0, -27.0, -17.0, -27.3333, -16.0, -28.0, -14.6667, -28.6667, -13.3333, -29.6667, -11.6667, -31.0, -10.3333, -31.6667, -8.6667, -31.6667, -8.0, -32.0, -7.6667, -32.0, -7.6667, -31.3333, -7.6667, -30.6667, -7.6667, -29.6667, -8.0, -28.6667, -8.3333, -27.3333, -9.3333, -26.0, -9.6667, -24.3333, -10.0, -23.3333, -10.0, -22.3333, -10.6667, -21.0, -10.6667, -19.0, -11.0, -13.6667, -14.3333, -13.0, -15.3333, -2.3333, -3.0, -1.0, -1.6667, 0.0, -0.3333, 0.3333, -0.3333, 0.0, -0.3333, -2.0, -1.0, -6.0, -2.0, -28.6667, -8.0, -27.3333, -10.0, -28.3333, -11.3333, -27.0, -14.0, -26.0, -16.0, -25.0, -17.6667, -24.3333, -19.6667, -23.0, -21.0, -21.3333, -23.3333, -20.3333, -25.0, -20.3333, -26.0, -20.6667, -27.3333, -21.0, -27.3333, -21.0, -27.6667, -20.3333, -27.6667, -20.3333, -28.0, -20.3333, -27.6667, -20.3333, -27.0, -20.3333, -26.3333, -20.3333, -25.6667, -20.3333, -25.0, -21.3333, -24.3333, -22.6667, -24.0, -24.0, -23.3333, -25.6667, -22.0, -27.3333, -21.3333, -28.3333, -21.0, -28.6667, -21.0]",19.534383,13.443906,91.760558
195,195,5c:01:3b:6b:b0:95,-39,256,"[86.0, -32.0, 4.0, 0.0, -18.0, -10.0, -17.3333, -10.0, -16.6667, -9.0, -16.6667, -9.0, -16.6667, -9.0, -16.6667, -8.0, -16.0, -8.0, -16.0, -7.0, -16.0, -7.0, -16.0, -7.0, -15.6667, -6.0, -15.6667, -5.3333, -15.6667, -5.3333, -15.0, -5.3333, -15.3333, -5.3333, -15.6667, -5.3333, -15.0, -5.3333, -15.0, -5.3333, -14.0, -6.0, -13.6667, -6.0, -13.3333, -6.0, -13.0, -6.0, -12.0, -6.0, -11.3333, -6.0, -11.3333, -6.0, -3.3333, -2.0, 0.0, 0.0, 0.0, 0.0, 0.0, 0.0, 0.0, 0.0, 0.0, 0.0, 0.0, 0.0, 0.0, 0.0, 0.0, 0.0, 0.0, 0.0, -4.0, -2.0, -15.3333, -7.0, -15.3333, -7.0, -15.3333, -8.0, -16.0, -8.0, -16.0, -9.0, -15.6667, -9.0, -15.6667, -10.0, -15.6667, -10.0, -15.6667, -10.0, -15.0, -11.0, -15.0, -11.0, -14.6667, -11.0, -14.0, -11.0, -14.0, -11.0, -14.0, -11.0, -14.6667, -11.0, -14.6667, -11.0, -14.6667, -10.0, -15.0, -10.0, -15.6667, -10.0, -16.3333, -10.0, -16.3333, -10.0, -16.6667, -10.0, -17.3333, -10.0, -17.3333, -10.0, -17.3333, -11.0, -11.0, -11.0, -35.3333, -33.0, -35.3333, -33.0, -34.3333, -31.6667, -33.3333, -30.6667, -32.3333, -29.3333, -31.6667, -27.6667, -32.0, -26.6667, -32.3333, -25.0, -32.3333, -24.0, -33.3333, -22.0, -33.6667, -21.0, -34.3333, -19.0, -34.0, -18.0, -34.3333, -18.0, -34.0, -18.0, -33.6667, -18.0, -33.0, -18.0, -32.0, -18.0, -31.0, -18.0, -30.0, -18.6667, -29.0, -18.6667, -27.0, -18.6667, -26.0, -18.3333, -25.0, -19.0, -24.0, -18.6667, -22.0, -18.6667, -17.0, -22.0, -15.6667, -22.6667, -2.6667, -4.3333, -1.0, -2.0, 0.0, 0.0, 0.3333, 0.0, 0.0, 0.0, -2.0, -1.3333, -6.6667, -3.6667, -31.6667, -17.3333, -30.6667, -19.3333, -31.6667, -20.3333, -31.0, -23.3333, -30.6667, -25.3333, -30.3333, -27.3333, -30.0, -29.3333, -29.0, -31.0, -28.0, -33.3333, -27.6667, -35.0, -27.3333, -36.0, -27.3333, -37.6667, -27.6667, -37.6667, -27.6667, -38.0, -26.6667, -37.6667, -26.6667, -38.0, -26.6667, -38.0, -26.6667, -37.6667, -26.6667, -36.6667, -27.0, -36.0, -27.6667, -35.6667, -28.6667, -35.0, -29.6667, -35.0, -30.6667, -34.3333, -32.0, -33.3333, -33.6667, -32.6667, -34.6667, -32.6667, -35.0, -32.6667]",25.983372,16.30218,91.760558
196,196,5c:01:3b:6b:b0:95,-44,256,"[86.0, -32.0, 4.0, 0.0, -23.0, -10.6667, -22.0, -10.6667, -21.0, -9.6667, -21.0, -9.6667, -21.0, -9.3333, -21.0, -8.3333, -20.0, -8.0, -20.0, -7.0, -19.6667, -7.0, -19.6667, -7.0, -19.3333, -6.0, -19.3333, -5.0, -19.3333, -5.0, -18.6667, -5.0, -19.0, -5.0, -19.3333, -5.0, -18.3333, -5.0, -18.3333, -5.0, -17.3333, -6.0, -16.6667, -6.0, -16.6667, -6.0, -16.0, -6.0, -15.0, -6.3333, -14.0, -6.3333, -14.0, -6.3333, -4.0, -2.0, 0.0, 0.0, 0.0, 0.0, 0.0, 0.0, 0.0, 0.0, 0.0, 0.0, 0.0, 0.0, 0.0, 0.0, 0.0, 0.0, 0.0, 0.0, -5.0, -2.0, -19.0, -7.0, -19.0, -7.3333, -19.0, -8.3333, -20.0, -8.6667, -20.0, -9.6667, -20.0, -10.3333, -20.0, -11.3333, -20.0, -11.3333, -20.0, -11.6667, -19.0, -13.0, -19.0, -13.0, -19.0, -13.0, -18.0, -13.0, -18.0, -13.0, -18.0, -12.6667, -19.0, -12.6667, -19.0, -12.3333, -19.0, -11.6667, -19.0, -11.6667, -20.0, -11.3333, -21.0, -11.3333, -21.0, -11.3333, -21.0, -11.3333, -22.0, -11.3333, -22.0, -11.3333, -22.0, -11.6667, -12.0, -10.0, -39.0, -29.0, -39.0, -29.0, -38.0, -28.0, -37.0, -27.0, -36.0, -26.0, -35.3333, -24.0, -35.0, -23.0, -35.3333, -21.0, -35.0, -20.0, -36.0, -18.0, -36.0, -17.0, -36.6667, -15.0, -36.3333, -14.0, -36.3333, -14.0, -35.6667, -14.0, -35.6667, -14.0, -35.0, -14.0, -34.0, -14.0, -33.3333, -14.0, -32.0, -15.0, -31.0, -15.0, -29.3333, -15.0, -28.0, -15.0, -27.0, -15.6667, -26.0, -15.6667, -24.0, -16.0, -19.3333, -19.6667, -18.3333, -20.6667, -3.3333, -4.0, -1.0, -2.0, 0.0, 0.0, 0.6667, 0.0, 0.0, 0.0, -2.0, -1.0, -7.0, -3.0, -34.0, -14.0, -33.0, -16.0, -34.0, -17.0, -34.0, -20.0, -34.0, -22.0, -34.0, -24.0, -34.0, -26.0, -33.0, -28.0, -32.3333, -30.0, -32.0, -32.0, -32.0, -33.0, -32.0, -35.0, -32.0, -35.0, -32.0, -35.0, -31.0, -35.0, -31.0, -35.0, -31.0, -35.0, -31.0, -35.0, -31.0, -34.0, -31.0, -33.0, -32.0, -33.0, -33.0, -32.0, -34.0, -32.0, -35.0, -31.0, -36.0, -30.0, -38.0, -29.0, -39.0, -29.0, -39.0, -29.0]",27.73147,15.79948,91.760558
197,197,5c:01:3b:6b:b0:95,-37,256,"[86.0, -32.0, 4.0, 0.0, -22.6667, -8.3333, -22.0, -8.3333, -21.0, -7.3333, -20.6667, -7.0, -20.6667, -6.6667, -20.6667, -5.6667, -20.0, -5.3333, -20.0, -4.3333, -20.0, -4.0, -20.0, -3.6667, -20.0, -3.0, -20.0, -2.0, -20.0, -2.0, -19.3333, -2.3333, -20.0, -2.0, -20.0, -2.0, -19.0, -2.0, -19.0, -2.3333, -18.0, -3.3333, -17.0, -3.3333, -17.0, -3.6667, -16.0, -3.6667, -15.0, -4.0, -14.0, -4.3333, -14.0, -4.3333, -4.0, -1.3333, 0.0, 0.0, 0.0, 0.0, 0.0, 0.0, 0.0, 0.0, 0.0, 0.0, 0.0, 0.0, 0.0, 0.0, 0.0, 0.0, 0.0, 0.0, -5.0, -1.3333, -19.0, -4.3333, -19.0, -5.3333, -19.0, -6.3333, -19.6667, -7.0, -19.6667, -8.0, -19.6667, -9.0, -19.6667, -10.0, -19.6667, -10.3333, -19.3333, -10.6667, -18.6667, -12.0, -18.6667, -12.0, -18.6667, -12.0, -18.0, -12.0, -17.6667, -12.0, -18.0, -11.6667, -18.6667, -11.6667, -18.6667, -11.3333, -18.6667, -10.6667, -19.0, -10.3333, -19.6667, -10.0, -20.6667, -9.6667, -20.6667, -9.6667, -20.6667, -9.3333, -21.6667, -9.0, -21.6667, -9.0, -22.0, -9.0, -12.0, -8.6667, -39.0, -24.6667, -39.0, -24.6667, -38.0, -24.0, -37.0, -23.0, -36.0, -22.0, -35.6667, -20.3333, -35.0, -19.0, -35.6667, -17.3333, -35.0, -16.0, -36.0, -14.0, -36.0, -13.0, -37.0, -11.0, -37.0, -10.3333, -37.0, -10.3333, -36.0, -10.3333, -36.0, -10.0, -35.0, -10.0, -34.0, -10.0, -33.6667, -10.3333, -32.0, -11.3333, -31.0, -11.6667, -29.6667, -11.6667, -28.0, -11.6667, -27.0, -12.3333, -26.0, -12.3333, -24.0, -13.0, -19.6667, -18.3333, -18.6667, -19.0, -3.6667, -3.6667, -1.0, -1.6667, 0.0, 0.0, 0.3333, 0.0, 0.0, 0.0, -2.0, -1.0, -7.0, -2.6667, -34.0, -12.6667, -33.0, -15.0, -34.0, -14.0, -34.0, -17.0, -33.6667, -19.3333, -33.6667, -21.0, -33.6667, -23.0, -33.0, -25.0, -32.6667, -27.0, -32.0, -29.0, -31.6667, -30.0, -31.6667, -31.3333, -31.6667, -31.6667, -31.6667, -31.6667, -31.0, -32.0, -31.0, -32.0, -30.6667, -32.0, -31.0, -31.6667, -31.0, -30.6667, -31.0, -29.6667, -32.0, -29.3333, -33.0, -28.3333, -34.0, -28.3333, -35.0, -27.3333, -36.0, -26.0, -37.6667, -25.0, -38.6667, -25.0, -39.0, -25.0]",26.662645,15.16229,91.760558
198,198,5c:01:3b:6b:b0:95,-43,256,"[86.0, -32.0, 4.0, 0.0, -13.6667, -0.6667, -13.3333, -1.0, -12.6667, -0.3333, -12.3333, -0.3333, -12.3333, 0.0, -12.0, 0.6667, -11.6667, 0.6667, -11.6667, 1.3333, -11.6667, 1.3333, -11.6667, 1.6667, -11.6667, 2.0, -11.6667, 2.6667, -11.3333, 2.6667, -11.0, 2.3333, -11.3333, 2.6667, -11.3333, 2.6667, -11.0, 2.3333, -11.0, 2.0, -10.3333, 1.3333, -10.0, 1.3333, -10.0, 1.0, -9.3333, 0.6667, -9.0, 0.3333, -8.3333, 0.0, -8.3333, 0.0, -2.6667, -0.3333, 0.0, 0.0, 0.0, 0.0, 0.0, 0.0, 0.0, 0.0, 0.0, 0.0, 0.0, 0.0, 0.0, 0.0, 0.0, 0.0, 0.0, 0.0, -3.0, 0.0, -11.3333, 1.0, -11.3333, 0.0, -11.3333, -0.3333, -11.6667, -0.6667, -12.0, -1.3333, -12.0, -2.3333, -12.3333, -2.6667, -12.3333, -3.0, -12.0, -3.3333, -12.0, -4.0, -12.0, -4.0, -12.0, -4.0, -12.0, -4.0, -11.6667, -4.0, -12.0, -3.6667, -12.3333, -3.6667, -12.0, -3.6667, -12.0, -3.3333, -12.0, -3.0, -12.3333, -2.6667, -12.6667, -2.3333, -12.6667, -2.3333, -12.6667, -2.0, -13.3333, -1.3333, -13.3333, -1.3333, -13.6667, -1.0, -8.0, -0.3333, -25.3333, 1.6667, -25.3333, 1.3333, -24.6667, 1.3333, -24.0, 1.6667, -23.0, 1.6667, -22.6667, 2.3333, -21.6667, 3.0, -22.0, 3.3333, -20.6667, 4.0, -21.0, 4.6667, -20.6667, 5.0, -20.6667, 6.0, -20.6667, 6.3333, -20.6667, 6.3333, -20.0, 6.0, -20.0, 6.3333, -19.6667, 6.3333, -19.0, 6.0, -19.3333, 5.6667, -18.6667, 4.6667, -18.3333, 4.0, -18.0, 3.6667, -16.6667, 3.3333, -16.3333, 3.0, -16.0, 2.6667, -15.3333, 2.0, -15.0, -1.6667, -15.0, -2.0, -3.3333, -0.6667, -1.0, -0.6667, -0.3333, -0.3333, 0.0, -0.6667, -0.3333, -0.3333, -1.3333, -0.3333, -4.0, 0.0, -19.3333, 3.0, -19.6667, 1.6667, -19.6667, 4.0, -20.3333, 2.3333, -21.0, 1.3333, -21.6667, 1.0, -22.3333, 0.3333, -22.6667, -0.3333, -23.3333, -1.3333, -23.0, -2.3333, -23.0, -2.6667, -23.3333, -3.3333, -23.3333, -3.3333, -23.6667, -3.3333, -23.6667, -3.6667, -23.6667, -3.6667, -23.3333, -4.0, -23.6667, -3.3333, -23.3333, -3.0, -23.0, -2.6667, -23.3333, -2.3333, -23.6667, -1.6667, -23.6667, -1.6667, -24.0, -0.6667, -24.3333, 0.3333, -24.6667, 1.0, -25.3333, 1.3333, -25.3333, 1.6667]",15.197366,10.136232,91.760558
199,199,5c:01:3b:6b:b0:95,-38,256,"[86.0, -32.0, 4.0, 0.0, -4.6667, 7.6667, -4.6667, 7.0, -4.3333, 7.3333, -4.0, 7.0, -4.0, 7.0, -3.3333, 7.3333, -3.3333, 6.6667, -3.3333, 7.0, -3.3333, 6.6667, -3.3333, 7.0, -3.3333, 7.0, -3.3333, 7.3333, -2.6667, 7.3333, -2.3333, 7.0, -2.6667, 7.3333, -2.6667, 7.3333, -3.0, 6.6667, -3.0, 6.3333, -2.6667, 6.0, -3.0, 6.0, -3.0, 5.6667, -2.6667, 5.0, -3.0, 5.0, -2.6667, 4.6667, -2.6667, 4.6667, -1.3333, 0.6667, 0.0, 0.0, 0.0, 0.0, 0.0, 0.0, 0.0, 0.0, 0.0, 0.0, 0.0, 0.0, 0.0, 0.0, 0.0, 0.0, 0.0, 0.0, -1.0, 1.3333, -3.6667, 6.3333, -3.6667, 5.6667, -3.6667, 6.0, -3.6667, 6.3333, -4.3333, 6.0, -4.3333, 5.6667, -5.0, 6.0, -5.0, 5.6667, -4.6667, 5.6667, -5.3333, 6.0, -5.3333, 6.0, -5.3333, 6.0, -6.0, 6.0, -5.6667, 6.0, -6.0, 6.0, -6.0, 6.0, -5.3333, 5.3333, -5.3333, 5.6667, -5.0, 6.0, -5.0, 6.0, -4.6667, 6.3333, -4.6667, 6.3333, -4.6667, 6.6667, -5.0, 7.6667, -5.0, 7.6667, -5.3333, 7.6667, -4.0, 8.0, -11.6667, 28.0, -11.6667, 27.3333, -11.3333, 26.6667, -11.0, 26.3333, -10.0, 25.3333, -9.3333, 25.0, -8.3333, 25.0, -8.0, 24.0, -6.3333, 24.0, -6.0, 23.3333, -5.3333, 23.0, -4.3333, 23.0, -4.3333, 23.0, -4.3333, 23.0, -4.0, 22.3333, -4.0, 22.6667, -4.3333, 22.6667, -4.0, 22.0, -4.6667, 21.6667, -5.3333, 20.6667, -5.6667, 19.6667, -6.0, 19.0, -5.3333, 18.3333, -5.6667, 18.0, -6.0, 17.3333, -6.6667, 17.0, -10.0, 14.6667, -10.0, 14.6667, -2.3333, 2.3333, -1.0, 0.3333, -0.6667, -0.6667, -0.6667, -1.3333, -0.6667, -0.6667, -0.6667, 0.3333, -1.0, 2.6667, -4.6667, 18.6667, -6.3333, 18.3333, -5.3333, 22.0, -6.6667, 21.6667, -8.3333, 22.0, -9.6667, 23.0, -11.0, 23.6667, -12.3333, 24.3333, -13.6667, 24.3333, -14.0, 24.3333, -14.3333, 24.6667, -15.0, 24.6667, -15.0, 25.0, -15.6667, 25.0, -16.0, 24.6667, -16.0, 24.6667, -15.6667, 24.0, -16.0, 25.0, -15.6667, 24.6667, -15.0, 24.3333, -14.6667, 24.6667, -14.3333, 25.0, -13.3333, 25.0, -13.0, 26.0, -12.6667, 26.6667, -11.6667, 27.0, -12.0, 27.6667, -11.6667, 28.3333]",15.053696,12.29516,91.760558
200,200,5c:01:3b:6b:b0:95,-43,256,"[86.0, -32.0, 4.0, 0.0, 2.3333, 16.6667, 2.3333, 16.0, 2.6667, 15.6667, 3.0, 14.6667, 3.0, 14.6667, 3.6667, 14.3333, 4.0, 13.3333, 4.3333, 13.3333, 4.6667, 12.3333, 4.6667, 12.3333, 5.0, 12.0, 5.0, 12.0, 5.6667, 12.0, 5.6667, 12.0, 6.0, 12.0, 5.6667, 12.0, 5.0, 11.3333, 5.0, 11.0, 4.6667, 11.0, 3.6667, 10.6667, 3.6667, 10.6667, 3.3333, 9.6667, 2.6667, 9.6667, 2.6667, 9.3333, 2.3333, 9.3333, 0.0, 1.6667, 0.0, 0.0, 0.0, 0.0, 0.0, 0.0, 0.0, 0.0, 0.0, 0.0, 0.0, 0.0, 0.0, 0.0, 0.0, 0.0, 0.0, 0.0, 0.6667, 2.6667, 3.3333, 12.3333, 3.0, 12.3333, 2.6667, 13.3333, 2.3333, 14.3333, 1.3333, 14.3333, 1.0, 14.6667, 0.3333, 15.3333, 0.0, 15.3333, -0.3333, 15.6667, -1.3333, 16.3333, -1.3333, 16.3333, -1.3333, 16.3333, -2.0, 16.3333, -2.0, 16.3333, -2.0, 16.3333, -2.0, 16.3333, -1.0, 15.6667, -1.0, 15.3333, 0.0, 15.3333, 0.0, 15.6667, 1.0, 15.6667, 1.0, 15.6667, 1.3333, 15.6667, 1.3333, 16.6667, 1.6667, 17.0, 1.6667, 17.0, -1.3333, 14.6667, -1.6667, 48.3333, -1.6667, 47.6667, -1.3333, 46.3333, -1.3333, 45.3333, -0.3333, 43.6667, 1.0, 42.6667, 2.0, 41.6667, 3.0, 40.3333, 5.0, 39.3333, 6.0, 37.6667, 7.0, 37.0, 8.6667, 36.3333, 9.0, 36.3333, 9.0, 36.3333, 9.3333, 35.3333, 9.3333, 35.3333, 8.3333, 35.0, 8.3333, 34.0, 7.3333, 34.0, 5.6667, 33.0, 4.6667, 32.0, 4.0, 30.6667, 3.6667, 29.6667, 3.0, 29.3333, 2.0, 28.6667, 0.3333, 28.3333, -5.3333, 28.3333, -6.0, 28.0, -1.6667, 4.6667, -1.0, 1.0, -1.0, -1.0, -1.0, -2.0, -1.0, -1.0, 0.0, 1.0, 1.3333, 5.3333, 6.6667, 33.6667, 3.6667, 34.6667, 5.3333, 36.6667, 3.3333, 37.6667, 0.6667, 39.3333, -1.6667, 41.0, -3.6667, 42.3333, -5.3333, 44.0, -7.0, 44.6667, -7.0, 45.6667, -7.3333, 46.3333, -7.6667, 46.3333, -7.6667, 47.3333, -8.3333, 47.3333, -8.6667, 47.0, -8.6667, 47.0, -8.6667, 46.3333, -8.6667, 47.0, -8.3333, 46.0, -7.6667, 45.3333, -7.3333, 45.6667, -7.0, 45.6667, -6.0, 46.0, -5.3333, 46.6667, -4.3333, 47.0, -2.6667, 47.3333, -2.6667, 48.3333, -1.6667, 49.0]",24.607163,17.145456,91.760558
201,201,5c:01:3b:6b:b0:95,-39,256,"[86.0, -32.0, 4.0, 0.0, 0.6667, 17.3333, 0.6667, 16.6667, 1.3333, 16.3333, 2.0, 15.3333, 2.0, 15.0, 2.3333, 14.3333, 3.0, 13.6667, 3.6667, 13.3333, 4.3333, 12.3333, 4.3333, 12.0, 5.0, 11.6667, 5.0, 11.3333, 5.3333, 11.3333, 5.3333, 11.3333, 6.0, 11.3333, 5.3333, 11.3333, 5.0, 11.3333, 5.0, 11.0, 4.3333, 11.0, 3.3333, 10.6667, 3.3333, 10.6667, 2.6667, 10.0, 2.3333, 10.0, 2.3333, 9.6667, 1.6667, 9.6667, 0.0, 2.0, 0.0, 0.0, 0.0, 0.0, 0.0, 0.0, 0.0, 0.0, 0.0, 0.0, 0.0, 0.0, 0.0, 0.0, 0.0, 0.0, 0.0, 0.0, 0.3333, 2.6667, 2.6667, 12.3333, 2.0, 12.6667, 1.3333, 13.6667, 0.6667, 14.6667, -0.3333, 15.0, -1.0, 15.6667, -1.3333, 16.3333, -2.0, 16.6667, -2.6667, 17.3333, -3.6667, 18.0, -3.6667, 18.3333, -3.6667, 18.3333, -4.0, 18.3333, -4.0, 18.0, -4.0, 18.0, -4.0, 18.0, -3.0, 17.6667, -3.0, 17.0, -2.0, 17.0, -2.0, 17.0, -1.0, 17.0, -1.0, 17.0, -0.3333, 17.0, -0.3333, 17.6667, 0.3333, 18.0, 0.3333, 18.0, -2.6667, 13.3333, -5.3333, 43.6667, -5.3333, 43.3333, -4.6667, 42.0, -4.6667, 40.6667, -3.6667, 39.3333, -2.0, 38.0, -1.0, 37.0, 0.0, 36.0, 2.0, 34.6667, 3.0, 33.3333, 4.0, 32.6667, 5.3333, 31.6667, 6.0, 31.6667, 6.0, 31.6667, 6.6667, 31.0, 6.6667, 30.6667, 5.6667, 30.3333, 5.6667, 29.6667, 4.6667, 29.6667, 3.3333, 29.0, 2.3333, 28.3333, 2.0, 27.0, 1.3333, 26.3333, 1.0, 26.0, 0.0, 25.6667, -1.3333, 25.3333, -5.6667, 26.6667, -5.0, 26.0, -1.3333, 4.3333, -1.0, 1.0, -1.0, -1.0, -1.0, -1.6667, -1.0, -1.0, 0.0, 1.0, 0.6667, 5.0, 3.3333, 30.6667, 0.3333, 32.0, 1.6667, 32.0, -0.3333, 33.6667, -2.6667, 35.3333, -5.3333, 37.0, -7.3333, 38.3333, -8.6667, 40.0, -10.0, 41.0, -9.0, 42.3333, -8.6667, 43.0, -8.3333, 43.0, -8.3333, 44.0, -8.6667, 44.3333, -8.3333, 44.0, -8.3333, 44.0, -8.3333, 43.3333, -8.3333, 43.6667, -8.6667, 42.6667, -8.3333, 42.0, -8.6667, 42.3333, -9.0, 42.0, -9.0, 42.3333, -8.6667, 42.6667, -7.6667, 43.0, -6.3333, 43.3333, -6.3333, 44.0, -5.3333, 44.3333]",23.182672,15.543548,91.760558
202,202,5c:01:3b:6b:b0:95,-43,256,"[86.0, -32.0, 4.0, 0.0, 5.6667, 18.0, 5.6667, 17.3333, 6.0, 17.0, 6.6667, 16.0, 6.6667, 15.3333, 6.6667, 14.3333, 7.3333, 14.0, 8.0, 13.3333, 8.6667, 12.3333, 8.6667, 11.6667, 9.0, 11.3333, 9.0, 10.6667, 9.0, 10.6667, 9.0, 10.6667, 9.6667, 10.6667, 9.0, 10.6667, 8.6667, 11.3333, 8.6667, 11.0, 7.6667, 11.0, 7.0, 10.6667, 6.6667, 10.6667, 6.0, 10.3333, 5.6667, 10.3333, 5.3333, 10.0, 4.6667, 10.0, 1.0, 2.3333, 0.0, 0.0, 0.0, 0.0, 0.0, 0.0, 0.0, 0.0, 0.0, 0.0, 0.0, 0.0, 0.0, 0.0, 0.0, 0.0, 0.0, 0.0, 1.3333, 2.6667, 7.0, 12.3333, 6.3333, 13.0, 5.6667, 14.0, 5.0, 15.0, 4.3333, 15.6667, 3.6667, 16.6667, 3.3333, 17.3333, 2.6667, 18.0, 2.0, 19.0, 1.3333, 19.6667, 1.3333, 20.3333, 1.3333, 20.3333, 1.0, 20.3333, 1.0, 19.6667, 1.0, 19.6667, 1.0, 19.6667, 1.6667, 19.6667, 1.6667, 18.6667, 2.6667, 18.6667, 2.6667, 18.3333, 3.6667, 18.3333, 3.6667, 18.3333, 4.3333, 18.3333, 4.6667, 18.6667, 5.6667, 19.0, 5.6667, 19.0, 0.0, 12.0, 3.3333, 39.0, 3.0, 39.0, 3.6667, 37.6667, 3.3333, 36.0, 4.0, 35.0, 5.6667, 33.3333, 6.3333, 32.3333, 7.0, 31.6667, 8.3333, 30.0, 9.3333, 29.0, 10.0, 28.3333, 11.0, 27.0, 11.6667, 27.0, 12.0, 27.0, 12.3333, 26.6667, 12.3333, 26.0, 11.3333, 25.6667, 11.3333, 25.3333, 10.3333, 25.3333, 9.0, 25.0, 8.0, 24.6667, 7.3333, 23.3333, 6.3333, 23.0, 6.0, 22.6667, 4.6667, 22.6667, 3.6667, 22.3333, -0.6667, 25.0, -0.6667, 24.0, -0.6667, 4.0, -0.6667, 1.0, -1.0, -1.0, -1.0, -1.3333, -1.0, -1.0, 0.3333, 1.0, 1.3333, 4.6667, 8.3333, 27.6667, 6.0, 29.3333, 7.6667, 27.3333, 6.0, 29.6667, 4.3333, 31.3333, 2.0, 33.0, 0.6667, 34.3333, -0.3333, 36.0, -1.3333, 37.3333, -0.3333, 39.0, 0.3333, 39.6667, 0.6667, 39.6667, 0.6667, 40.6667, 0.6667, 41.3333, 0.6667, 41.0, 0.6667, 41.0, 0.6667, 40.3333, 0.6667, 40.3333, 0.6667, 39.3333, 0.6667, 38.6667, 0.3333, 39.0, 0.0, 38.3333, -0.3333, 38.6667, 0.0, 38.6667, 1.0, 39.0, 2.0, 39.3333, 2.3333, 39.6667, 3.0, 39.6667]",22.201253,13.75941,91.760558
203,203,5c:01:3b:6b:b0:95,-41,256,"[86.0, -32.0, 4.0, 0.0, 13.6667, 11.3333, 13.3333, 10.3333, 13.3333, 10.3333, 13.3333, 9.3333, 13.3333, 8.6667, 13.0, 7.6667, 13.0, 7.3333, 13.0, 6.6667, 13.3333, 5.6667, 13.3333, 4.6667, 13.3333, 4.6667, 13.3333, 3.6667, 13.3333, 3.6667, 13.3333, 3.6667, 13.6667, 3.6667, 13.3333, 4.0, 12.6667, 4.6667, 12.6667, 4.6667, 11.6667, 4.6667, 11.0, 5.0, 10.3333, 5.0, 10.0, 5.0, 9.6667, 5.3333, 9.3333, 5.3333, 8.6667, 5.6667, 2.0, 1.3333, 0.0, 0.0, 0.0, 0.0, 0.0, 0.0, 0.0, 0.0, 0.0, 0.0, 0.0, 0.0, 0.0, 0.0, 0.0, 0.0, 0.0, 0.0, 2.6667, 1.3333, 12.3333, 6.0, 12.0, 7.0, 12.0, 8.0, 12.0, 9.0, 12.0, 10.0, 11.6667, 11.0, 11.6667, 12.0, 11.3333, 13.0, 11.0, 14.0, 10.6667, 14.6667, 10.6667, 15.6667, 10.6667, 15.6667, 10.3333, 15.6667, 10.3333, 15.0, 10.0, 15.0, 10.0, 15.0, 10.3333, 14.6667, 10.3333, 13.6667, 11.3333, 13.6667, 11.3333, 12.6667, 12.0, 12.6667, 12.0, 12.3333, 12.3333, 12.3333, 13.0, 12.3333, 14.0, 12.3333, 14.0, 12.3333, 5.6667, 8.6667, 20.6667, 28.6667, 20.0, 28.6667, 20.0, 27.6667, 19.6667, 26.0, 19.6667, 25.0, 20.3333, 23.3333, 20.3333, 22.3333, 20.6667, 21.0, 21.0, 19.0, 21.0, 18.0, 21.3333, 16.6667, 21.6667, 15.0, 22.0, 15.0, 22.3333, 15.0, 22.3333, 15.0, 22.0, 14.3333, 21.3333, 14.3333, 21.0, 14.3333, 20.3333, 14.6667, 19.0, 15.0, 18.0, 15.0, 17.0, 14.6667, 16.0, 14.6667, 15.6667, 14.6667, 14.3333, 15.0, 13.0, 15.3333, 9.3333, 20.3333, 9.3333, 20.3333, 1.0, 3.3333, 0.0, 0.6667, -1.0, -1.0, -1.3333, -1.0, -1.0, -1.0, 0.6667, 0.3333, 3.0, 2.6667, 19.3333, 17.0, 18.3333, 19.3333, 20.0, 17.0, 19.3333, 20.0, 18.6667, 22.3333, 17.3333, 24.3333, 17.0, 26.3333, 16.3333, 28.3333, 15.6667, 30.3333, 16.0, 32.3333, 16.3333, 33.3333, 16.3333, 33.6667, 16.6667, 34.3333, 16.6667, 35.0, 16.3333, 35.0, 16.3333, 35.0, 16.3333, 34.3333, 16.3333, 34.3333, 16.3333, 33.6667, 16.3333, 32.6667, 16.3333, 32.3333, 16.6667, 31.0, 16.6667, 30.6667, 17.3333, 30.3333, 18.3333, 30.0, 19.3333, 29.6667, 20.0, 29.6667, 20.6667, 29.6667]",20.557978,12.894191,91.760558
204,204,5c:01:3b:6b:b0:95,-39,256,"[86.0, -32.0, 4.0, 0.0, 21.6667, 7.6667, 21.0, 6.6667, 20.6667, 6.6667, 20.0, 5.6667, 20.0, 5.3333, 19.3333, 4.3333, 18.6667, 3.6667, 18.0, 3.3333, 18.0, 2.3333, 18.0, 1.3333, 17.3333, 1.3333, 17.3333, 0.3333, 17.3333, 0.3333, 17.3333, 0.3333, 17.3333, 0.3333, 17.3333, 1.0, 16.3333, 1.3333, 16.3333, 1.3333, 15.3333, 1.3333, 15.0, 2.0, 14.0, 2.0, 14.0, 2.0, 13.6667, 2.6667, 13.3333, 2.6667, 12.6667, 3.3333, 3.0, 0.6667, 0.0, 0.0, 0.0, 0.0, 0.0, 0.0, 0.0, 0.0, 0.0, 0.0, 0.0, 0.0, 0.0, 0.0, 0.0, 0.0, 0.0, 0.0, 4.0, 0.6667, 17.6667, 3.0, 17.6667, 4.0, 18.3333, 5.0, 19.0, 6.0, 19.6667, 7.0, 19.6667, 8.0, 20.0, 9.0, 20.0, 10.0, 20.0, 11.0, 20.0, 11.3333, 20.0, 12.3333, 20.0, 12.3333, 19.6667, 12.3333, 19.6667, 12.0, 19.0, 12.0, 19.0, 12.0, 19.0, 11.3333, 19.0, 10.3333, 20.0, 10.3333, 20.0, 9.3333, 20.3333, 9.3333, 20.3333, 8.6667, 20.3333, 8.6667, 21.3333, 8.6667, 22.3333, 8.6667, 22.3333, 8.6667, 11.3333, 6.3333, 38.0, 21.3333, 37.0, 21.3333, 36.3333, 20.3333, 36.0, 19.0, 35.3333, 18.0, 35.0, 16.6667, 34.3333, 15.6667, 34.3333, 14.0, 33.6667, 12.0, 32.6667, 11.0, 32.6667, 9.3333, 32.3333, 8.0, 32.3333, 8.0, 32.6667, 8.0, 32.3333, 8.0, 31.6667, 7.6667, 31.3333, 7.6667, 30.6667, 7.6667, 30.3333, 8.3333, 29.0, 9.0, 28.0, 9.0, 26.6667, 9.3333, 25.6667, 9.3333, 25.3333, 9.3333, 24.0, 10.0, 22.3333, 10.6667, 19.3333, 15.6667, 18.3333, 16.6667, 2.3333, 2.6667, 0.6667, 0.3333, -1.0, -1.0, -1.6667, -1.0, -1.0, -1.0, 1.0, -0.3333, 4.6667, 1.3333, 30.3333, 10.0, 30.6667, 12.6667, 32.3333, 11.0, 32.6667, 14.0, 33.0, 16.6667, 32.6667, 18.6667, 33.3333, 20.6667, 33.0, 22.6667, 32.6667, 24.6667, 32.3333, 26.6667, 32.3333, 27.6667, 32.0, 28.3333, 32.6667, 28.6667, 32.6667, 29.0, 31.6667, 29.0, 31.6667, 29.0, 31.6667, 28.6667, 31.6667, 28.6667, 32.0, 28.3333, 32.0, 27.3333, 32.3333, 26.6667, 33.3333, 25.0, 33.6667, 24.3333, 34.6667, 23.6667, 35.6667, 23.0, 36.6667, 22.3333, 37.6667, 22.3333, 38.3333, 22.3333]",25.084949,14.556303,91.760558
205,205,5c:01:3b:6b:b0:95,-39,256,"[86.0, -32.0, 4.0, 0.0, 10.6667, 4.0, 10.3333, 3.0, 10.6667, 3.0, 10.3333, 2.0, 10.3333, 2.0, 10.0, 1.0, 9.6667, 0.0, 9.3333, 0.0, 9.3333, -1.0, 9.6667, -2.0, 9.3333, -2.0, 9.3333, -3.0, 9.6667, -3.0, 9.6667, -3.0, 9.6667, -3.0, 9.6667, -2.0, 9.0, -2.0, 9.0, -2.0, 8.3333, -2.0, 8.0, -1.0, 7.0, -1.0, 7.0, -1.0, 7.0, 0.0, 7.0, 0.0, 6.3333, 1.0, 1.3333, 0.0, 0.0, 0.0, 0.0, 0.0, 0.0, 0.0, 0.0, 0.0, 0.0, 0.0, 0.0, 0.0, 0.0, 0.0, 0.0, 0.0, 0.0, 0.0, 2.0, 0.0, 9.3333, 0.0, 9.0, 1.0, 9.3333, 2.0, 9.6667, 3.0, 10.0, 4.0, 9.6667, 5.0, 10.0, 6.0, 9.6667, 7.0, 9.3333, 8.0, 9.0, 8.0, 8.6667, 9.0, 8.6667, 9.0, 8.6667, 9.0, 8.6667, 9.0, 8.3333, 9.0, 8.3333, 9.0, 8.3333, 8.0, 8.6667, 7.0, 9.6667, 7.0, 9.6667, 6.0, 9.6667, 6.0, 9.6667, 5.0, 10.0, 5.0, 10.3333, 5.0, 11.0, 5.0, 11.0, 5.0, 5.6667, 4.0, 19.6667, 14.0, 19.0, 14.0, 18.6667, 13.0, 19.0, 12.0, 18.6667, 11.0, 18.3333, 10.0, 18.3333, 9.0, 18.6667, 7.0, 18.6667, 5.0, 17.6667, 4.0, 18.3333, 2.0, 18.0, 1.0, 18.3333, 1.0, 18.3333, 1.0, 18.6667, 1.0, 18.0, 1.0, 18.0, 1.0, 17.0, 1.0, 17.0, 2.0, 16.3333, 3.0, 15.3333, 3.0, 14.6667, 4.0, 14.0, 4.0, 14.0, 4.0, 13.3333, 5.0, 11.6667, 6.0, 10.3333, 11.0, 10.3333, 13.0, 1.0, 2.0, 0.3333, 0.0, -0.6667, -1.0, -1.3333, -1.0, -0.6667, -1.0, 0.3333, -1.0, 2.6667, 0.0, 18.3333, 3.0, 18.3333, 6.0, 18.0, 5.0, 17.6667, 8.0, 17.6667, 11.0, 16.6667, 13.0, 16.6667, 15.0, 16.0, 17.0, 16.0, 19.0, 16.3333, 21.0, 16.6667, 22.0, 16.6667, 23.0, 17.3333, 23.0, 17.3333, 23.0, 16.6667, 23.0, 17.0, 23.0, 17.0, 23.0, 16.6667, 23.0, 16.6667, 23.0, 16.6667, 22.0, 16.3333, 21.0, 16.6667, 19.0, 16.3333, 18.0, 16.6667, 17.0, 17.6667, 16.0, 18.3333, 15.0, 19.0, 15.0, 19.6667, 15.0]",14.465736,10.633874,91.760558
206,206,5c:01:3b:6b:b0:95,-42,256,"[86.0, -32.0, 4.0, 0.0, -2.6667, -1.6667, -2.6667, -2.3333, -2.3333, -2.0, -2.3333, -2.3333, -2.3333, -2.0, -2.3333, -2.3333, -2.3333, -2.6667, -2.3333, -2.6667, -2.6667, -3.0, -2.3333, -3.3333, -2.6667, -3.0, -2.6667, -3.6667, -2.3333, -3.6667, -2.0, -3.6667, -2.0, -3.6667, -2.0, -2.6667, -2.3333, -2.6667, -2.0, -3.0, -2.0, -3.0, -2.0, -2.3333, -2.3333, -2.3333, -2.0, -2.3333, -1.6667, -1.6667, -1.6667, -2.0, -1.6667, -1.3333, -0.6667, -0.6667, 0.0, 0.0, 0.0, 0.0, 0.0, 0.0, 0.0, 0.0, 0.0, 0.0, 0.0, 0.0, 0.0, 0.0, 0.0, 0.0, 0.0, 0.0, -1.0, -0.6667, -2.3333, -2.6667, -2.6667, -2.3333, -2.6667, -2.3333, -2.6667, -2.0, -2.6667, -1.6667, -2.6667, -1.3333, -2.6667, -1.0, -3.0, -0.6667, -3.3333, 0.0, -4.0, -0.3333, -4.6667, 0.3333, -4.6667, 0.0, -4.6667, 0.0, -4.6667, 0.3333, -4.3333, 0.3333, -4.3333, 0.3333, -4.3333, -0.3333, -3.6667, -0.6667, -2.6667, -0.3333, -2.6667, -1.0, -3.0, -0.6667, -3.0, -1.3333, -3.0, -1.3333, -3.0, -1.0, -3.0, -1.3333, -3.0, -1.3333, -2.3333, -1.0, -5.6667, -1.3333, -5.6667, -1.0, -5.6667, -1.3333, -5.3333, -1.6667, -5.0, -2.0, -5.0, -2.3333, -4.6667, -2.3333, -4.3333, -3.0, -4.3333, -4.0, -5.0, -4.0, -4.3333, -4.6667, -4.6667, -5.0, -4.3333, -5.0, -4.3333, -5.0, -3.6667, -4.6667, -4.0, -4.6667, -3.6667, -4.6667, -4.0, -4.6667, -3.6667, -4.0, -3.6667, -3.6667, -3.6667, -3.6667, -3.6667, -2.6667, -3.6667, -2.6667, -3.3333, -2.6667, -3.0, -2.0, -3.6667, -1.3333, -3.3333, 0.3333, -3.0, 1.3333, -1.0, 0.0, -0.3333, -0.6667, -0.3333, -0.6667, -0.6667, -0.6667, -0.3333, -0.6667, -0.6667, -1.0, -1.0, -1.0, -2.3333, -3.6667, -2.3333, -2.3333, -4.0, -4.0, -4.3333, -2.6667, -4.6667, -1.6667, -5.3333, -1.0, -5.6667, -0.3333, -6.0, 0.3333, -6.0, 1.0, -5.6667, 2.0, -5.0, 2.3333, -4.6667, 2.6667, -4.3333, 2.6667, -4.3333, 2.6667, -4.6667, 2.3333, -4.0, 2.3333, -4.0, 2.3333, -4.6667, 2.6667, -4.6667, 3.0, -4.6667, 2.6667, -5.3333, 2.3333, -5.6667, 1.0, -6.3333, 0.6667, -6.6667, 0.0, -6.3333, -0.3333, -6.3333, -1.0, -6.3333, -0.6667, -6.0, -1.0]",4.626549,7.938976,91.760558
207,207,5c:01:3b:6b:b0:95,-43,256,"[86.0, -32.0, 4.0, 0.0, -16.0, -7.3333, -15.6667, -7.6667, -15.3333, -7.0, -15.0, -6.6667, -15.0, -6.0, -14.6667, -5.6667, -14.3333, -5.3333, -14.0, -5.3333, -14.6667, -5.0, -14.3333, -4.6667, -14.3333, -4.0, -14.3333, -4.3333, -14.0, -4.3333, -13.3333, -4.3333, -13.3333, -4.3333, -13.3333, -3.3333, -13.3333, -3.3333, -12.6667, -4.0, -12.0, -4.0, -12.0, -3.6667, -11.6667, -3.6667, -11.0, -3.6667, -10.3333, -3.3333, -10.3333, -4.0, -9.6667, -3.6667, -2.6667, -1.3333, 0.0, 0.0, 0.0, 0.0, 0.0, 0.0, 0.0, 0.0, 0.0, 0.0, 0.0, 0.0, 0.0, 0.0, 0.0, 0.0, 0.0, 0.0, -4.0, -1.3333, -14.0, -5.3333, -14.3333, -5.6667, -14.6667, -6.6667, -15.0, -7.0, -15.3333, -7.3333, -15.0, -7.6667, -15.3333, -8.0, -15.6667, -8.3333, -15.6667, -8.0, -16.3333, -8.6667, -17.0, -8.3333, -17.0, -9.0, -17.0, -9.0, -16.6667, -8.3333, -16.0, -8.3333, -16.0, -8.3333, -16.3333, -8.6667, -15.6667, -8.3333, -15.0, -7.6667, -15.0, -8.0, -15.6667, -7.3333, -15.6667, -7.6667, -16.0, -7.6667, -16.3333, -7.0, -17.0, -7.6667, -17.0, -7.6667, -10.3333, -6.0, -31.0, -16.6667, -30.3333, -16.0, -30.0, -15.6667, -29.6667, -15.3333, -28.6667, -15.0, -28.3333, -14.6667, -27.6667, -13.6667, -27.3333, -13.0, -27.3333, -13.0, -27.6667, -12.0, -27.0, -11.3333, -27.3333, -11.0, -27.0, -11.0, -27.0, -11.0, -26.0, -10.3333, -26.0, -10.3333, -25.3333, -10.3333, -25.0, -10.3333, -24.3333, -10.0, -23.6667, -10.3333, -22.6667, -10.3333, -22.0, -9.3333, -21.3333, -9.3333, -20.6667, -9.3333, -19.3333, -9.0, -19.0, -8.6667, -17.0, -10.3333, -15.6667, -10.3333, -3.0, -2.0, -1.0, -1.3333, 0.0, -0.3333, 0.0, -0.3333, 0.0, -0.3333, -1.6667, -1.0, -4.6667, -2.0, -23.0, -10.3333, -23.0, -10.6667, -26.0, -13.0, -26.3333, -13.3333, -27.0, -14.3333, -27.3333, -15.0, -28.0, -15.6667, -28.0, -16.3333, -28.0, -17.0, -27.3333, -17.0, -26.3333, -17.3333, -26.0, -17.6667, -26.0, -17.6667, -26.0, -17.6667, -26.0, -18.3333, -25.0, -18.3333, -25.0, -18.3333, -25.6667, -17.6667, -26.0, -17.0, -26.0, -16.6667, -26.6667, -16.3333, -27.6667, -17.0, -29.0, -16.6667, -30.0, -17.0, -30.3333, -16.6667, -31.0, -17.0, -31.6667, -16.3333, -31.6667, -17.0]",20.356799,12.256767,91.760558
208,208,5c:01:3b:6b:b0:95,-37,256,"[86.0, -32.0, 4.0, 0.0, -10.3333, -14.0, -10.3333, -14.0, -10.3333, -13.0, -10.6667, -12.3333, -10.6667, -11.6667, -10.6667, -10.6667, -11.0, -10.0, -11.3333, -9.6667, -12.0, -8.6667, -12.0, -8.0, -12.3333, -7.0, -12.3333, -7.0, -12.3333, -6.6667, -11.6667, -6.6667, -11.6667, -7.0, -11.6667, -6.3333, -11.6667, -6.3333, -11.0, -7.0, -10.3333, -7.0, -10.0, -7.0, -9.3333, -7.0, -8.6667, -6.6667, -8.0, -6.6667, -7.6667, -7.3333, -7.0, -7.3333, -2.0, -2.3333, 0.0, 0.0, 0.0, 0.0, 0.0, 0.0, 0.0, 0.0, 0.0, 0.0, 0.0, 0.0, 0.0, 0.0, 0.0, 0.0, 0.0, 0.0, -3.3333, -2.3333, -11.3333, -9.0, -11.0, -10.0, -11.0, -12.0, -10.6667, -12.6667, -10.3333, -13.6667, -9.6667, -14.3333, -9.6667, -15.0, -9.6667, -15.6667, -9.6667, -15.6667, -10.0, -16.3333, -10.3333, -16.3333, -10.3333, -17.0, -10.3333, -17.0, -10.0, -16.3333, -9.6667, -16.3333, -9.6667, -16.3333, -10.0, -16.3333, -9.6667, -15.6667, -9.0, -15.0, -9.0, -15.0, -9.6667, -14.3333, -9.6667, -14.6667, -10.0, -14.3333, -10.0, -14.0, -10.6667, -14.6667, -10.6667, -15.0, -6.6667, -10.6667, -19.3333, -31.3333, -18.6667, -30.6667, -18.6667, -29.6667, -19.0, -28.6667, -18.3333, -27.6667, -18.6667, -27.0, -19.0, -25.3333, -19.3333, -24.0, -20.3333, -23.0, -21.3333, -21.3333, -21.6667, -19.3333, -22.6667, -18.3333, -22.6667, -18.0, -22.6667, -18.0, -22.0, -17.3333, -22.0, -17.3333, -21.3333, -17.3333, -20.6667, -17.3333, -19.6667, -17.3333, -19.0, -18.0, -17.3333, -18.0, -16.6667, -17.3333, -16.0, -17.0, -15.3333, -17.0, -13.6667, -17.0, -13.0, -16.6667, -10.3333, -19.6667, -10.3333, -20.0, -2.0, -3.6667, -1.0, -1.6667, -0.3333, 0.0, -0.3333, 0.0, -0.3333, 0.0, -1.6667, -1.0, -4.3333, -3.0, -19.6667, -17.0, -18.3333, -19.0, -20.0, -22.0, -19.0, -24.0, -18.3333, -26.6667, -17.0, -28.0, -16.6667, -29.6667, -16.6667, -31.0, -17.0, -32.3333, -17.0, -33.0, -16.6667, -33.6667, -16.3333, -34.3333, -16.3333, -34.6667, -16.3333, -34.6667, -16.6667, -35.0, -16.3333, -35.0, -16.3333, -35.0, -16.6667, -34.3333, -17.0, -33.6667, -16.6667, -33.0, -16.3333, -32.3333, -16.6667, -32.3333, -17.3333, -32.0, -17.6667, -32.0, -17.6667, -31.3333, -18.3333, -31.6667, -19.0, -31.3333, -19.0, -32.3333]",21.309689,13.240678,91.760558
209,209,5c:01:3b:6b:b0:95,-38,256,"[86.0, -32.0, 4.0, 0.0, -3.6667, -15.0, -3.6667, -15.0, -3.6667, -14.0, -4.3333, -13.6667, -4.3333, -13.3333, -4.3333, -12.6667, -5.0, -12.0, -5.6667, -11.6667, -6.0, -11.0, -6.0, -10.6667, -6.6667, -9.6667, -6.6667, -9.6667, -6.6667, -9.3333, -6.3333, -9.3333, -6.3333, -9.6667, -6.3333, -9.3333, -6.3333, -9.3333, -6.0, -9.3333, -5.6667, -9.3333, -5.0, -9.3333, -4.6667, -9.0, -4.3333, -8.6667, -4.0, -8.3333, -3.3333, -8.6667, -3.0, -8.6667, -1.0, -2.6667, 0.0, 0.0, 0.0, 0.0, 0.0, 0.0, 0.0, 0.0, 0.0, 0.0, 0.0, 0.0, 0.0, 0.0, 0.0, 0.0, 0.0, 0.0, -1.6667, -3.0, -5.6667, -10.6667, -5.0, -11.6667, -5.0, -13.0, -4.3333, -13.3333, -3.6667, -14.3333, -3.3333, -14.6667, -3.3333, -15.0, -3.3333, -15.3333, -3.6667, -15.3333, -3.6667, -15.6667, -3.6667, -15.6667, -3.6667, -16.0, -3.6667, -16.0, -3.3333, -15.6667, -3.3333, -15.6667, -3.3333, -15.6667, -3.6667, -15.6667, -3.6667, -15.3333, -3.0, -15.0, -3.0, -15.0, -3.3333, -14.6667, -3.3333, -15.3333, -3.0, -14.6667, -3.0, -15.0, -3.3333, -15.3333, -3.3333, -16.0, -2.3333, -10.3333, -5.6667, -30.6667, -5.3333, -30.3333, -5.3333, -29.3333, -6.0, -28.3333, -5.6667, -27.3333, -6.3333, -27.0, -7.0, -25.6667, -7.6667, -25.0, -8.6667, -24.3333, -9.6667, -23.3333, -10.3333, -22.0, -11.3333, -21.3333, -11.3333, -21.0, -11.3333, -20.6667, -11.0, -20.3333, -11.0, -20.3333, -10.6667, -20.0, -10.3333, -20.0, -9.3333, -20.0, -9.0, -20.0, -7.6667, -19.6667, -7.3333, -19.0, -7.0, -18.3333, -6.6667, -18.3333, -5.3333, -18.0, -5.0, -17.3333, -3.6667, -18.3333, -4.3333, -18.0, -1.0, -3.3333, -1.0, -1.3333, -0.6667, 0.0, -0.6667, 0.0, -0.6667, 0.0, -1.3333, -1.3333, -2.6667, -3.6667, -10.3333, -19.3333, -8.6667, -20.6667, -9.0, -23.0, -8.0, -24.6667, -6.6667, -26.3333, -5.0, -27.0, -4.3333, -28.3333, -5.3333, -29.0, -6.0, -29.6667, -6.3333, -30.0, -6.6667, -30.3333, -6.6667, -30.6667, -6.6667, -31.3333, -6.6667, -31.3333, -7.3333, -31.0, -7.6667, -31.0, -7.6667, -31.0, -7.6667, -30.6667, -8.0, -30.3333, -7.3333, -30.0, -6.0, -29.6667, -5.6667, -29.6667, -5.6667, -30.0, -5.3333, -30.0, -4.3333, -29.6667, -4.6667, -30.3333, -5.0, -30.6667, -5.0, -31.6667]",18.114592,11.670777,91.760558
210,210,5c:01:3b:6b:b0:95,-43,256,"[86.0, -32.0, 4.0, 0.0, 3.0, -18.0, 3.0, -18.0, 3.0, -17.0, 2.0, -16.6667, 2.0, -16.3333, 1.6667, -16.0, 0.6667, -15.3333, 0.0, -14.6667, -0.3333, -14.0, -0.3333, -14.0, -1.3333, -13.0, -1.3333, -13.0, -1.6667, -12.6667, -1.6667, -12.6667, -1.6667, -13.0, -1.6667, -12.6667, -1.6667, -12.6667, -1.3333, -12.6667, -1.3333, -12.3333, -0.6667, -12.3333, -0.3333, -12.0, -0.3333, -11.3333, 0.0, -11.0, 0.6667, -11.0, 1.0, -11.0, 0.0, -3.3333, 0.0, 0.0, 0.0, 0.0, 0.0, 0.0, 0.0, 0.0, 0.0, 0.0, 0.0, 0.0, 0.0, 0.0, 0.0, 0.0, 0.0, 0.0, 0.0, -3.6667, 0.0, -13.3333, 1.0, -14.3333, 1.0, -15.3333, 2.0, -16.0, 3.0, -16.6667, 3.0, -16.6667, 3.3333, -16.6667, 3.6667, -16.6667, 3.0, -16.6667, 3.3333, -17.0, 3.3333, -17.0, 3.3333, -17.0, 3.3333, -17.0, 3.3333, -17.0, 3.3333, -16.6667, 3.3333, -16.6667, 3.3333, -17.0, 3.0, -17.0, 3.6667, -17.0, 3.6667, -17.0, 3.6667, -17.0, 3.3333, -18.0, 4.0, -17.3333, 4.0, -18.0, 4.0, -18.3333, 4.0, -19.0, 2.0, -11.3333, 8.0, -34.3333, 8.0, -34.0, 8.0, -33.0, 7.0, -32.0, 7.0, -31.0, 6.0, -30.6667, 5.0, -29.6667, 3.6667, -29.0, 2.6667, -28.3333, 1.6667, -27.6667, 0.6667, -26.6667, -0.3333, -26.0, -0.6667, -25.6667, -1.0, -25.0, -1.0, -25.0, -1.3333, -25.0, -1.0, -24.3333, -1.0, -24.3333, 0.0, -24.3333, 0.3333, -24.0, 1.0, -23.3333, 1.3333, -23.0, 1.3333, -22.0, 1.6667, -21.6667, 2.6667, -21.3333, 2.6667, -20.3333, 4.0, -19.3333, 3.0, -18.3333, 0.3333, -3.3333, -0.6667, -1.3333, -1.0, 0.0, -0.6667, 0.0, -1.0, 0.0, -1.0, -1.6667, -1.0, -4.3333, -1.0, -22.6667, 1.0, -24.0, 2.0, -26.3333, 3.0, -28.0, 5.0, -29.3333, 7.0, -29.6667, 8.0, -30.6667, 7.0, -30.6667, 7.0, -31.0, 6.6667, -30.6667, 6.3333, -30.6667, 6.3333, -30.6667, 6.6667, -31.3333, 6.6667, -31.3333, 6.0, -30.6667, 5.6667, -31.0, 5.6667, -30.6667, 5.3333, -31.0, 5.3333, -31.0, 5.6667, -31.0, 6.6667, -31.0, 7.3333, -31.0, 7.6667, -31.6667, 8.3333, -32.0, 9.3333, -32.0, 9.0, -33.0, 9.0, -34.0, 9.0, -35.0]",19.726595,12.053136,91.760558
211,211,5c:01:3b:6b:b0:95,-43,256,"[86.0, -32.0, 4.0, 0.0, 3.0, -20.0, 3.0, -20.0, 3.0, -19.0, 2.0, -18.3333, 2.0, -17.6667, 1.3333, -17.6667, 0.3333, -17.0, 0.0, -16.6667, -0.6667, -16.3333, -0.6667, -16.3333, -1.6667, -15.6667, -1.6667, -15.3333, -2.3333, -15.3333, -2.3333, -15.3333, -2.3333, -15.3333, -2.3333, -15.0, -2.3333, -15.0, -1.6667, -14.6667, -1.6667, -14.3333, -1.3333, -14.3333, -0.6667, -13.6667, -0.6667, -13.0, 0.0, -12.3333, 0.3333, -12.3333, 1.0, -12.0, 0.0, -3.6667, 0.0, 0.0, 0.0, 0.0, 0.0, 0.0, 0.0, 0.0, 0.0, 0.0, 0.0, 0.0, 0.0, 0.0, 0.0, 0.0, 0.0, 0.0, 0.0, -4.3333, 0.3333, -15.3333, 1.3333, -16.0, 1.6667, -16.6667, 2.3333, -18.0, 3.6667, -18.3333, 4.0, -18.3333, 4.3333, -18.3333, 5.0, -18.3333, 5.0, -18.3333, 5.6667, -19.0, 5.6667, -19.0, 6.0, -19.0, 6.0, -19.0, 5.6667, -19.0, 5.6667, -18.3333, 5.3333, -18.3333, 5.3333, -19.0, 4.6667, -19.0, 5.0, -19.0, 4.6667, -19.0, 4.6667, -19.0, 4.3333, -20.0, 4.3333, -19.6667, 4.3333, -20.0, 4.3333, -20.6667, 4.6667, -21.0, 2.3333, -12.6667, 8.3333, -38.6667, 8.3333, -38.0, 8.0, -37.0, 7.3333, -36.0, 7.0, -35.0, 6.0, -34.3333, 5.0, -33.3333, 3.3333, -32.0, 2.3333, -31.6667, 1.3333, -31.6667, 0.3333, -31.3333, -0.6667, -31.0, -1.3333, -31.0, -2.0, -30.3333, -2.0, -30.0, -2.6667, -30.0, -2.0, -29.0, -2.0, -29.0, -1.0, -28.6667, -0.3333, -28.0, 0.0, -27.0, 0.6667, -26.0, 0.6667, -25.0, 1.3333, -24.3333, 2.3333, -23.6667, 2.3333, -22.6667, 5.0, -21.6667, 5.0, -20.6667, 0.6667, -3.6667, -0.3333, -1.6667, -1.0, 0.0, -0.3333, 0.3333, -1.0, 0.0, -1.0, -2.0, -1.0, -5.3333, -1.0, -28.3333, 1.0, -29.0, 2.3333, -30.0, 3.6667, -31.3333, 5.6667, -32.6667, 7.6667, -33.3333, 9.0, -34.3333, 9.3333, -34.3333, 10.3333, -35.0, 10.6667, -34.3333, 11.3333, -34.3333, 11.6667, -34.3333, 12.0, -34.6667, 12.3333, -34.6667, 12.0, -34.3333, 11.6667, -35.0, 11.6667, -34.3333, 11.0, -35.0, 10.6667, -35.0, 10.3333, -35.0, 10.6667, -35.0, 10.6667, -35.0, 10.3333, -35.3333, 10.3333, -36.0, 10.3333, -36.0, 9.6667, -37.0, 10.0, -38.0, 10.0, -39.0]",22.415353,13.199618,91.760558
212,212,5c:01:3b:6b:b0:95,-39,256,"[86.0, -32.0, 4.0, 0.0, 3.0, -21.3333, 3.0, -21.3333, 3.0, -20.6667, 2.0, -19.6667, 2.0, -19.0, 1.0, -19.0, 0.0, -18.6667, 0.0, -18.3333, -1.0, -18.0, -1.0, -18.0, -2.0, -17.6667, -2.0, -17.0, -3.0, -17.0, -3.0, -17.0, -3.0, -17.0, -3.0, -16.6667, -3.0, -16.6667, -2.0, -16.3333, -2.0, -16.0, -2.0, -16.0, -1.0, -15.3333, -1.0, -14.3333, 0.0, -13.6667, 0.0, -13.6667, 1.0, -13.0, 0.0, -4.0, 0.0, 0.0, 0.0, 0.0, 0.0, 0.0, 0.0, 0.0, 0.0, 0.0, 0.0, 0.0, 0.0, 0.0, 0.0, 0.0, 0.0, 0.0, 0.0, -4.6667, 0.6667, -16.6667, 1.6667, -17.0, 2.3333, -17.6667, 2.6667, -19.3333, 4.3333, -19.3333, 5.0, -19.3333, 5.3333, -19.6667, 6.3333, -20.0, 7.0, -20.0, 8.0, -21.0, 8.0, -21.0, 8.6667, -21.0, 8.6667, -21.0, 8.0, -21.0, 8.0, -20.0, 7.3333, -20.0, 7.3333, -20.6667, 6.3333, -20.6667, 6.3333, -20.6667, 5.6667, -20.3333, 5.6667, -20.3333, 5.3333, -21.0, 4.6667, -21.0, 4.6667, -21.3333, 4.6667, -22.0, 5.3333, -22.3333, 2.6667, -13.3333, 8.6667, -41.6667, 8.6667, -40.6667, 8.0, -39.6667, 7.6667, -38.6667, 7.0, -37.6667, 6.0, -37.0, 5.0, -36.3333, 3.0, -35.0, 2.0, -34.6667, 1.0, -35.0, 0.0, -34.6667, -1.0, -34.3333, -2.0, -34.3333, -3.0, -34.0, -3.0, -33.3333, -4.0, -33.3333, -3.0, -32.3333, -3.0, -32.3333, -2.0, -31.6667, -1.0, -31.0, -1.0, -30.0, 0.0, -28.6667, 0.0, -27.6667, 1.0, -26.6667, 2.0, -25.6667, 2.0, -24.6667, 6.0, -23.6667, 7.0, -23.0, 1.0, -4.0, 0.0, -2.0, -1.0, 0.0, 0.0, 0.6667, -1.0, 0.0, -1.0, -2.0, -1.0, -5.6667, -1.0, -31.6667, 1.0, -32.3333, 2.6667, -32.6667, 4.3333, -33.3333, 6.3333, -34.6667, 8.3333, -36.0, 10.0, -37.3333, 11.6667, -37.6667, 13.6667, -38.6667, 14.6667, -38.0, 16.3333, -38.0, 17.0, -38.0, 17.3333, -38.0, 18.0, -38.0, 18.0, -38.0, 17.6667, -39.0, 17.6667, -38.0, 16.6667, -39.0, 16.0, -39.0, 15.0, -39.0, 14.6667, -39.0, 14.0, -39.0, 13.0, -39.0, 12.3333, -39.6667, 11.3333, -39.6667, 10.3333, -40.3333, 11.0, -41.0, 11.0, -41.6667]",24.673609,14.310223,91.760558
213,213,5c:01:3b:6b:b0:95,-42,256,"[86.0, -32.0, 4.0, 0.0, -2.3333, -20.3333, -2.0, -20.0, -2.0, -19.6667, -2.3333, -18.6667, -2.3333, -18.3333, -3.3333, -18.0, -3.6667, -17.6667, -3.6667, -17.6667, -4.3333, -17.3333, -4.3333, -17.3333, -5.0, -17.0, -5.0, -16.3333, -5.6667, -16.0, -5.6667, -16.0, -5.6667, -16.0, -5.6667, -16.0, -5.6667, -16.0, -4.6667, -15.3333, -4.6667, -15.3333, -4.6667, -15.3333, -3.6667, -14.6667, -3.6667, -13.6667, -2.6667, -13.0, -2.6667, -13.0, -2.0, -12.3333, -0.6667, -3.6667, 0.0, 0.0, 0.0, 0.0, 0.0, 0.0, 0.0, 0.0, 0.0, 0.0, 0.0, 0.0, 0.0, 0.0, 0.0, 0.0, 0.0, 0.0, -1.0, -4.6667, -2.6667, -16.0, -2.3333, -16.3333, -1.6667, -17.0, -1.6667, -18.3333, -0.3333, -18.3333, 0.6667, -18.3333, 0.6667, -18.6667, 1.6667, -18.6667, 2.3333, -18.6667, 3.0, -19.3333, 3.3333, -19.3333, 4.0, -19.3333, 4.0, -19.3333, 3.3333, -19.3333, 3.3333, -18.6667, 2.6667, -18.6667, 2.3333, -19.0, 1.6667, -19.0, 1.6667, -19.3333, 0.6667, -19.0, 0.3333, -19.3333, 0.3333, -19.6667, -0.3333, -19.6667, -0.3333, -20.3333, -0.6667, -21.0, 0.0, -21.3333, 0.0, -12.6667, -0.3333, -40.0, -0.3333, -39.0, -1.0, -38.3333, -0.6667, -37.3333, -1.3333, -36.3333, -2.3333, -35.3333, -3.0, -34.6667, -4.6667, -33.6667, -5.6667, -33.3333, -6.6667, -33.6667, -7.6667, -33.0, -8.3333, -33.0, -9.3333, -32.6667, -10.0, -33.0, -10.0, -32.0, -10.3333, -32.0, -9.6667, -31.3333, -9.3333, -31.0, -8.3333, -30.3333, -7.3333, -29.6667, -7.0, -28.6667, -6.0, -27.3333, -5.3333, -26.3333, -4.3333, -25.3333, -3.3333, -24.3333, -2.6667, -23.6667, 1.3333, -23.0, 2.3333, -22.3333, 0.0, -4.0, -0.3333, -2.0, -1.0, 0.0, 0.0, 0.6667, -0.6667, 0.0, -1.3333, -2.0, -2.0, -5.6667, -8.0, -31.0, -6.0, -31.6667, -4.6667, -31.3333, -3.0, -32.0, -1.0, -33.3333, 0.6667, -34.3333, 2.3333, -35.0, 4.0, -35.3333, 5.6667, -35.6667, 6.6667, -35.0, 8.3333, -35.0, 9.0, -35.0, 9.0, -35.0, 9.6667, -35.0, 10.0, -35.0, 9.3333, -35.6667, 9.3333, -35.0, 8.6667, -35.6667, 7.6667, -35.6667, 7.0, -35.6667, 6.6667, -36.0, 5.6667, -36.3333, 4.6667, -36.6667, 3.3333, -37.3333, 2.3333, -38.0, 1.3333, -38.6667, 1.6667, -39.3333, 1.6667, -39.6667]",23.094721,13.357601,91.760558
214,214,5c:01:3b:6b:b0:95,-37,256,"[86.0, -32.0, 4.0, 0.0, -7.6667, -16.6667, -7.0, -16.3333, -7.0, -16.0, -7.0, -15.3333, -7.0, -15.0, -7.6667, -14.3333, -8.0, -14.0, -8.0, -13.6667, -8.3333, -13.3333, -8.6667, -13.0, -9.0, -12.3333, -9.0, -12.0, -9.3333, -11.6667, -9.3333, -11.6667, -9.3333, -11.6667, -9.3333, -11.6667, -9.0, -11.6667, -8.3333, -11.6667, -8.0, -11.6667, -7.6667, -11.6667, -7.0, -11.3333, -6.6667, -10.6667, -5.6667, -10.3333, -5.6667, -10.6667, -5.0, -10.3333, -1.3333, -3.0, 0.0, 0.0, 0.0, 0.0, 0.0, 0.0, 0.0, 0.0, 0.0, 0.0, 0.0, 0.0, 0.0, 0.0, 0.0, 0.0, 0.0, 0.0, -2.0, -3.6667, -7.0, -12.3333, -7.0, -13.3333, -6.6667, -14.0, -6.3333, -15.0, -5.6667, -15.0, -5.0, -15.6667, -5.0, -16.3333, -4.3333, -16.6667, -4.0, -16.6667, -3.6667, -17.3333, -3.3333, -17.3333, -3.0, -17.3333, -3.0, -17.3333, -3.3333, -17.3333, -3.3333, -17.0, -3.6667, -17.0, -4.0, -16.6667, -4.3333, -16.3333, -4.3333, -16.6667, -5.0, -16.3333, -5.6667, -16.6667, -5.6667, -16.6667, -6.0, -16.3333, -6.0, -17.0, -6.6667, -17.3333, -6.3333, -17.6667, -5.0, -10.3333, -16.0, -33.0, -16.0, -32.3333, -16.0, -31.6667, -15.3333, -30.6667, -15.3333, -29.6667, -15.6667, -28.6667, -16.0, -28.0, -17.0, -27.3333, -17.6667, -26.6667, -18.3333, -26.0, -19.3333, -24.6667, -19.6667, -24.3333, -20.0, -23.6667, -20.3333, -24.0, -20.3333, -23.3333, -20.0, -23.3333, -19.6667, -23.0, -19.0, -22.6667, -18.0, -22.6667, -16.6667, -22.6667, -16.3333, -22.0, -15.0, -21.3333, -14.0, -20.6667, -13.0, -20.3333, -12.0, -19.6667, -11.0, -19.3333, -7.6667, -19.3333, -6.6667, -19.3333, -1.6667, -3.6667, -0.6667, -1.6667, -0.6667, 0.0, 0.0, 0.0, -0.3333, 0.0, -1.6667, -1.3333, -3.6667, -4.0, -18.6667, -21.0, -17.3333, -22.6667, -16.6667, -24.0, -15.6667, -25.3333, -14.3333, -26.6667, -13.6667, -28.0, -12.6667, -29.0, -11.3333, -30.0, -10.3333, -30.6667, -9.6667, -31.0, -8.6667, -31.3333, -8.0, -31.6667, -8.3333, -32.0, -8.0, -32.0, -7.3333, -32.0, -7.6667, -32.3333, -7.6667, -32.0, -8.0, -32.0, -8.6667, -31.6667, -9.0, -31.3333, -9.3333, -31.6667, -10.3333, -31.6667, -11.3333, -32.0, -12.6667, -32.0, -13.6667, -32.3333, -14.3333, -32.3333, -14.6667, -32.6667, -15.0, -32.6667]",21.007756,12.609853,91.760558
215,215,5c:01:3b:6b:b0:95,-39,256,"[86.0, -32.0, 4.0, 0.0, -15.3333, -12.6667, -14.3333, -12.0, -14.3333, -11.6667, -14.0, -11.0, -13.6667, -10.3333, -14.0, -9.6667, -14.0, -9.0, -14.0, -8.3333, -14.0, -8.0, -14.3333, -7.3333, -14.3333, -6.3333, -14.3333, -6.3333, -14.3333, -6.0, -14.3333, -6.0, -14.3333, -6.0, -14.3333, -6.0, -13.6667, -6.0, -13.0, -6.6667, -12.6667, -6.6667, -12.0, -7.0, -11.6667, -7.0, -11.0, -6.6667, -10.0, -7.0, -10.0, -7.3333, -9.3333, -7.3333, -2.6667, -2.0, 0.0, 0.0, 0.0, 0.0, 0.0, 0.0, 0.0, 0.0, 0.0, 0.0, 0.0, 0.0, 0.0, 0.0, 0.0, 0.0, 0.0, 0.0, -3.6667, -2.3333, -13.0, -7.3333, -13.3333, -8.6667, -13.6667, -10.0, -13.3333, -11.0, -13.3333, -11.3333, -13.0, -12.3333, -13.0, -13.0, -12.6667, -13.0, -12.6667, -13.3333, -12.3333, -14.0, -12.0, -14.3333, -12.0, -14.3333, -12.0, -14.3333, -12.0, -14.3333, -12.0, -14.3333, -12.0, -14.3333, -12.3333, -13.6667, -12.3333, -13.0, -12.3333, -13.3333, -13.0, -13.0, -13.6667, -13.3333, -13.6667, -13.3333, -14.0, -12.6667, -14.0, -13.0, -15.0, -13.3333, -15.0, -13.3333, -10.3333, -8.6667, -33.3333, -27.0, -33.0, -26.6667, -32.3333, -26.0, -31.3333, -25.3333, -31.0, -24.3333, -30.6667, -22.6667, -30.6667, -21.6667, -30.6667, -20.3333, -31.0, -19.3333, -31.3333, -17.6667, -32.0, -16.0, -32.0, -15.3333, -32.0, -14.3333, -32.0, -14.6667, -32.0, -14.3333, -31.0, -14.3333, -30.6667, -14.3333, -30.0, -14.0, -29.0, -14.6667, -27.6667, -15.3333, -26.6667, -15.3333, -25.3333, -15.3333, -24.0, -15.0, -23.0, -15.0, -21.6667, -15.0, -20.3333, -15.3333, -17.0, -16.0, -15.6667, -16.3333, -3.3333, -3.3333, -1.0, -1.3333, -0.3333, 0.0, 0.0, -0.6667, 0.0, 0.0, -2.0, -0.6667, -5.6667, -2.3333, -30.3333, -11.0, -29.3333, -13.6667, -29.6667, -16.3333, -29.3333, -19.0, -29.0, -21.0, -29.0, -22.6667, -29.0, -23.6667, -28.0, -25.0, -27.6667, -26.0, -27.3333, -27.0, -27.0, -27.6667, -26.6667, -28.3333, -27.3333, -28.6667, -27.3333, -29.0, -26.3333, -29.0, -26.3333, -29.0, -26.3333, -29.0, -26.3333, -28.3333, -26.3333, -27.6667, -26.3333, -27.0, -27.0, -27.3333, -28.0, -27.0, -28.6667, -27.3333, -30.3333, -26.6667, -31.3333, -26.6667, -32.0, -26.6667, -32.6667, -26.6667, -33.0, -26.6667]",23.553219,14.413452,91.760558
216,216,5c:01:3b:6b:b0:95,-39,256,"[86.0, -32.0, 4.0, 0.0, -17.6667, -9.0, -16.6667, -8.3333, -16.6667, -8.0, -16.6667, -7.3333, -16.0, -6.3333, -16.0, -6.0, -16.3333, -5.3333, -16.3333, -4.3333, -16.3333, -4.3333, -16.6667, -3.3333, -16.6667, -2.3333, -16.6667, -2.3333, -16.6667, -2.3333, -16.6667, -2.3333, -16.6667, -2.3333, -16.6667, -2.3333, -15.6667, -2.3333, -15.0, -3.3333, -14.6667, -3.3333, -13.6667, -4.0, -13.6667, -4.0, -12.6667, -4.0, -11.6667, -4.6667, -11.6667, -5.0, -10.6667, -5.0, -3.3333, -1.3333, 0.0, 0.0, 0.0, 0.0, 0.0, 0.0, 0.0, 0.0, 0.0, 0.0, 0.0, 0.0, 0.0, 0.0, 0.0, 0.0, 0.0, 0.0, -4.3333, -1.3333, -15.3333, -3.3333, -15.3333, -4.6667, -16.0, -6.3333, -15.6667, -7.3333, -15.6667, -8.0, -15.6667, -9.3333, -15.6667, -10.3333, -15.6667, -10.6667, -15.6667, -11.3333, -15.0, -12.3333, -15.0, -13.0, -15.0, -13.0, -15.0, -13.0, -15.0, -13.0, -15.0, -13.0, -15.0, -13.0, -15.0, -12.0, -15.0, -11.0, -15.0, -11.0, -15.6667, -10.3333, -16.0, -10.3333, -16.0, -10.3333, -16.6667, -9.3333, -16.6667, -9.3333, -17.6667, -9.3333, -17.6667, -9.3333, -12.3333, -7.0, -39.6667, -21.3333, -39.3333, -21.3333, -38.3333, -20.3333, -37.3333, -20.0, -36.6667, -19.0, -35.6667, -17.3333, -35.6667, -16.3333, -35.3333, -14.6667, -35.3333, -13.6667, -35.3333, -11.6667, -36.0, -10.3333, -36.0, -9.3333, -35.3333, -8.3333, -35.3333, -8.3333, -35.3333, -8.3333, -34.3333, -8.3333, -34.0, -8.3333, -33.3333, -8.3333, -32.3333, -9.3333, -30.6667, -10.3333, -30.0, -11.0, -28.3333, -11.0, -27.3333, -11.0, -26.3333, -11.3333, -25.0, -11.3333, -24.0, -12.0, -21.3333, -13.0, -20.0, -14.0, -4.0, -3.0, -1.0, -1.0, 0.0, 0.0, 0.0, -1.0, 0.0, 0.0, -2.0, 0.0, -6.3333, -1.0, -34.0, -4.0, -33.6667, -7.0, -34.0, -10.3333, -34.0, -13.3333, -34.3333, -15.3333, -35.0, -18.0, -35.3333, -20.0, -34.3333, -22.0, -34.3333, -24.0, -34.3333, -26.0, -34.3333, -27.0, -33.6667, -28.0, -34.6667, -28.3333, -34.6667, -29.0, -33.6667, -29.0, -33.6667, -29.0, -33.6667, -29.0, -33.6667, -28.0, -33.3333, -27.0, -33.3333, -26.0, -33.6667, -26.0, -34.6667, -25.0, -35.3333, -25.0, -36.6667, -23.3333, -37.6667, -22.3333, -38.0, -22.0, -38.6667, -21.3333, -39.3333, -21.3333]",24.892098,15.40021,91.760558
217,217,5c:01:3b:6b:b0:95,-43,256,"[86.0, -32.0, 4.0, 0.0, -12.3333, -1.6667, -11.6667, -1.3333, -11.6667, -1.3333, -11.6667, -1.0, -11.0, -0.3333, -11.0, -0.3333, -10.6667, 0.0, -10.6667, 0.6667, -10.3333, 0.6667, -10.3333, 1.0, -10.3333, 1.6667, -10.3333, 1.6667, -10.3333, 1.6667, -10.3333, 1.6667, -10.3333, 1.6667, -10.3333, 1.6667, -9.6667, 1.6667, -9.3333, 1.0, -9.3333, 0.6667, -8.6667, 0.3333, -9.0, 0.0, -8.3333, 0.0, -8.0, -0.6667, -8.0, -0.6667, -7.3333, -0.6667, -2.6667, -0.3333, 0.0, 0.0, 0.0, 0.0, 0.0, 0.0, 0.0, 0.0, 0.0, 0.0, 0.0, 0.0, 0.0, 0.0, 0.0, 0.0, 0.0, 0.0, -3.0, -0.3333, -9.6667, 1.0, -10.0, 0.6667, -10.6667, -0.6667, -10.6667, -1.0, -11.0, -1.6667, -11.0, -2.0, -11.3333, -2.6667, -11.3333, -2.3333, -11.3333, -3.0, -11.0, -3.6667, -11.0, -4.3333, -11.0, -4.0, -11.0, -4.0, -11.0, -4.3333, -11.0, -4.3333, -11.3333, -4.3333, -11.0, -3.6667, -11.0, -3.0, -11.0, -3.0, -11.3333, -2.3333, -11.3333, -2.3333, -11.3333, -2.3333, -11.6667, -1.6667, -11.6667, -1.6667, -12.3333, -1.6667, -12.0, -1.6667, -9.0, -0.3333, -27.6667, 0.6667, -27.6667, 0.6667, -26.6667, 1.0, -26.0, 0.6667, -25.0, 0.6667, -24.0, 1.6667, -23.6667, 1.6667, -23.0, 2.6667, -22.6667, 2.6667, -22.0, 3.6667, -22.0, 4.3333, -21.3333, 4.6667, -21.0, 5.3333, -21.3333, 5.3333, -21.3333, 5.0, -20.6667, 5.0, -20.6667, 5.0, -20.3333, 4.6667, -20.0, 4.0, -19.3333, 3.0, -19.3333, 2.3333, -18.3333, 2.0, -18.0, 1.6667, -17.3333, 1.6667, -17.0, 1.3333, -16.6667, 0.6667, -18.0, 0.3333, -17.3333, -0.3333, -3.6667, -0.6667, -1.0, -0.3333, -0.3333, -0.3333, -0.3333, -1.3333, -0.3333, -0.3333, -1.3333, 0.3333, -4.0, 1.0, -20.6667, 8.0, -21.3333, 6.0, -20.3333, 4.0, -21.0, 2.3333, -22.3333, 1.6667, -23.6667, 0.3333, -24.3333, -0.3333, -24.3333, -1.0, -25.0, -2.0, -25.6667, -3.0, -26.0, -3.3333, -26.0, -4.0, -26.6667, -3.6667, -26.6667, -4.3333, -26.3333, -4.3333, -26.3333, -4.3333, -26.6667, -4.6667, -27.0, -4.0, -26.3333, -3.3333, -26.0, -3.0, -25.6667, -3.0, -25.6667, -2.3333, -25.6667, -2.3333, -26.3333, -0.6667, -26.3333, -0.3333, -26.3333, 0.0, -26.3333, 0.6667, -26.6667, 0.6667]",15.521614,10.860926,91.760558
218,218,5c:01:3b:6b:b0:95,-36,256,"[86.0, -32.0, 4.0, 0.0, -4.6667, 5.3333, -4.3333, 5.3333, -4.3333, 5.0, -4.3333, 5.0, -4.0, 5.0, -4.0, 5.0, -3.3333, 4.6667, -3.3333, 5.0, -2.6667, 5.0, -2.6667, 4.6667, -2.6667, 5.0, -2.6667, 5.0, -2.6667, 5.0, -2.6667, 5.0, -2.6667, 5.0, -2.6667, 5.0, -2.3333, 5.0, -2.6667, 4.6667, -2.6667, 4.3333, -2.3333, 4.0, -3.0, 3.6667, -2.6667, 3.6667, -3.0, 3.3333, -3.0, 3.3333, -2.6667, 3.3333, -1.3333, 0.6667, 0.0, 0.0, 0.0, 0.0, 0.0, 0.0, 0.0, 0.0, 0.0, 0.0, 0.0, 0.0, 0.0, 0.0, 0.0, 0.0, 0.0, 0.0, -1.0, 0.6667, -2.3333, 4.6667, -3.0, 4.6667, -3.3333, 4.3333, -3.3333, 4.3333, -4.0, 4.3333, -4.0, 4.3333, -4.6667, 4.3333, -4.6667, 4.6667, -4.6667, 4.3333, -5.0, 4.3333, -5.0, 4.0, -5.0, 4.3333, -5.0, 4.3333, -5.0, 4.0, -5.0, 4.0, -5.6667, 4.0, -5.0, 4.3333, -5.0, 4.3333, -5.0, 4.3333, -4.6667, 4.6667, -4.6667, 4.6667, -4.6667, 4.6667, -4.3333, 5.0, -4.3333, 5.3333, -4.6667, 5.3333, -4.0, 5.6667, -5.3333, 6.3333, -14.0, 22.3333, -14.6667, 22.3333, -13.6667, 22.0, -13.3333, 21.3333, -11.6667, 20.3333, -10.6667, 20.3333, -10.0, 19.3333, -9.3333, 19.3333, -8.6667, 18.3333, -7.3333, 18.3333, -7.0, 18.6667, -5.6667, 18.3333, -5.3333, 19.0, -6.0, 19.0, -6.0, 18.3333, -5.6667, 18.3333, -6.3333, 18.0, -6.0, 17.3333, -6.3333, 17.0, -6.3333, 16.0, -7.6667, 15.6667, -7.0, 15.0, -7.3333, 14.3333, -7.0, 14.3333, -8.0, 13.6667, -8.3333, 13.3333, -14.3333, 13.6667, -14.6667, 13.3333, -3.3333, 1.6667, -1.0, 0.3333, -0.6667, -0.6667, -0.6667, -1.6667, -0.6667, -0.6667, -0.6667, 0.6667, -1.3333, 3.0, -6.3333, 20.0, -8.3333, 19.0, -5.6667, 18.0, -7.0, 17.6667, -9.0, 18.3333, -11.3333, 18.6667, -12.0, 19.3333, -13.0, 20.0, -14.3333, 20.0, -15.6667, 20.0, -16.3333, 20.3333, -16.6667, 20.0, -17.0, 20.6667, -17.0, 20.3333, -17.3333, 20.3333, -17.3333, 20.3333, -18.0, 19.6667, -18.6667, 20.0, -18.0, 20.3333, -17.3333, 20.0, -16.0, 20.0, -15.0, 20.3333, -14.6667, 20.3333, -14.3333, 21.6667, -13.3333, 21.3333, -12.6667, 22.0, -12.3333, 22.3333, -12.6667, 22.3333]",13.085727,11.561499,91.760558
219,219,5c:01:3b:6b:b0:95,-37,256,"[86.0, -32.0, 4.0, 0.0, -2.3333, 11.6667, -2.3333, 11.0, -2.0, 10.6667, -2.0, 10.0, -2.0, 9.6667, -1.6667, 9.6667, -1.0, 8.6667, -0.6667, 8.6667, 0.0, 8.6667, 0.0, 7.6667, 0.3333, 7.6667, 0.3333, 7.6667, 0.3333, 7.6667, 0.3333, 7.6667, 0.3333, 7.6667, 0.3333, 7.6667, 0.3333, 7.6667, -0.3333, 7.6667, -0.3333, 7.0, 0.0, 7.3333, -0.6667, 6.6667, -0.6667, 6.6667, -1.3333, 6.6667, -1.3333, 6.6667, -1.3333, 6.6667, -0.6667, 1.3333, 0.0, 0.0, 0.0, 0.0, 0.0, 0.0, 0.0, 0.0, 0.0, 0.0, 0.0, 0.0, 0.0, 0.0, 0.0, 0.0, 0.0, 0.0, -0.3333, 1.3333, 0.3333, 7.6667, -0.6667, 8.3333, -1.0, 8.6667, -1.0, 9.3333, -2.0, 9.6667, -2.0, 10.3333, -3.0, 10.6667, -3.0, 11.3333, -3.0, 11.3333, -3.6667, 11.6667, -4.0, 11.6667, -4.0, 12.3333, -4.0, 12.3333, -4.0, 11.6667, -3.6667, 11.6667, -4.6667, 11.6667, -3.6667, 11.6667, -3.6667, 11.3333, -3.6667, 11.3333, -3.0, 11.3333, -3.0, 11.3333, -3.0, 11.3333, -2.3333, 11.3333, -2.3333, 11.6667, -2.3333, 11.6667, -2.0, 12.0, -5.6667, 11.3333, -14.6667, 39.3333, -15.3333, 39.0, -14.3333, 38.3333, -13.6667, 37.3333, -11.6667, 36.0, -10.6667, 35.6667, -9.6667, 34.3333, -8.0, 33.6667, -6.6667, 32.3333, -5.3333, 32.0, -4.0, 32.3333, -2.3333, 32.0, -2.3333, 32.3333, -3.0, 32.3333, -2.6667, 31.3333, -2.6667, 31.3333, -3.3333, 31.0, -3.3333, 30.0, -4.0, 29.6667, -4.6667, 28.3333, -6.0, 28.0, -5.6667, 27.0, -6.3333, 25.6667, -6.3333, 25.3333, -7.3333, 24.3333, -8.3333, 23.6667, -16.3333, 22.6667, -17.0, 22.0, -3.6667, 3.3333, -1.3333, 0.6667, -0.6667, -1.0, -0.6667, -1.6667, -0.6667, -1.0, -0.6667, 1.0, -1.0, 5.0, -4.0, 30.6667, -6.6667, 30.3333, -3.6667, 30.6667, -6.0, 31.0, -9.0, 32.0, -11.6667, 33.0, -13.0, 34.0, -15.0, 35.0, -17.0, 35.3333, -18.6667, 35.6667, -19.6667, 36.3333, -20.6667, 36.0, -21.0, 37.0, -21.0, 37.0, -21.6667, 36.6667, -21.6667, 36.6667, -22.3333, 35.6667, -23.0, 35.6667, -22.0, 36.0, -20.6667, 35.3333, -19.3333, 36.0, -17.6667, 36.3333, -17.0, 36.6667, -16.3333, 38.0, -14.6667, 37.6667, -14.0, 38.6667, -13.3333, 39.3333, -13.6667, 39.6667]",20.540078,16.033688,91.760558
220,220,5c:01:3b:6b:b0:95,-40,256,"[86.0, -32.0, 4.0, 0.0, -7.6667, 9.6667, -7.6667, 9.3333, -7.0, 9.0, -7.0, 8.6667, -7.0, 8.3333, -6.3333, 8.3333, -6.0, 7.6667, -5.3333, 8.0, -5.0, 8.0, -5.0, 7.3333, -4.3333, 7.6667, -4.3333, 7.6667, -4.3333, 7.6667, -4.3333, 7.6667, -4.3333, 7.6667, -4.3333, 7.6667, -4.3333, 7.6667, -4.6667, 7.3333, -4.6667, 7.0, -4.0, 6.6667, -4.3333, 6.3333, -4.3333, 6.3333, -4.6667, 6.0, -4.6667, 6.0, -4.6667, 5.6667, -1.3333, 1.0, 0.0, 0.0, 0.0, 0.0, 0.0, 0.0, 0.0, 0.0, 0.0, 0.0, 0.0, 0.0, 0.0, 0.0, 0.0, 0.0, 0.0, 0.0, -1.6667, 1.3333, -4.3333, 7.0, -5.3333, 7.3333, -6.0, 7.6667, -6.0, 7.6667, -7.0, 8.0, -7.0, 8.0, -8.0, 8.3333, -8.0, 8.6667, -8.0, 8.6667, -8.3333, 8.6667, -9.0, 8.6667, -9.0, 9.0, -9.0, 9.0, -9.0, 8.6667, -8.3333, 8.6667, -9.3333, 8.6667, -8.3333, 9.0, -8.3333, 8.6667, -8.3333, 8.6667, -8.0, 8.6667, -8.0, 9.0, -8.0, 9.0, -7.6667, 9.0, -7.6667, 9.6667, -7.6667, 9.6667, -8.0, 10.0, -9.3333, 8.6667, -27.3333, 30.6667, -27.6667, 30.0, -26.6667, 29.3333, -25.3333, 28.6667, -23.3333, 28.3333, -22.3333, 28.6667, -21.3333, 28.0, -19.0, 28.0, -17.3333, 27.6667, -16.6667, 28.0, -15.0, 28.6667, -13.6667, 29.0, -13.6667, 29.6667, -14.0, 29.6667, -13.3333, 29.0, -13.3333, 29.0, -13.6667, 28.3333, -13.6667, 27.3333, -14.0, 26.6667, -14.3333, 25.0, -15.0, 24.3333, -14.3333, 23.3333, -14.6667, 21.6667, -14.6667, 21.3333, -14.6667, 20.0, -15.6667, 18.6667, -21.6667, 16.3333, -22.0, 15.0, -4.3333, 2.3333, -1.6667, 0.0, -0.3333, -1.0, -0.3333, -1.3333, -0.3333, -1.0, -1.3333, 1.0, -3.0, 4.6667, -15.0, 28.0, -17.3333, 27.0, -15.3333, 26.3333, -18.0, 25.6667, -21.0, 25.3333, -23.3333, 25.3333, -25.0, 25.0, -27.0, 25.0, -29.0, 24.3333, -30.3333, 24.0, -31.3333, 24.0, -32.3333, 23.3333, -33.0, 24.0, -33.0, 24.0, -33.3333, 23.3333, -33.3333, 23.3333, -33.6667, 22.6667, -34.0, 22.6667, -33.0, 23.3333, -31.3333, 23.3333, -30.6667, 24.6667, -29.3333, 25.3333, -29.0, 26.0, -28.6667, 27.3333, -27.3333, 28.0, -27.0, 29.0, -26.6667, 30.0, -27.3333, 30.6667]",20.439067,15.442763,91.760558
221,221,5c:01:3b:6b:b0:95,-36,256,"[86.0, -32.0, 4.0, 0.0, -8.0, -1.3333, -8.3333, -1.6667, -7.6667, -1.3333, -8.0, -1.6667, -8.0, -1.6667, -7.6667, -1.6667, -8.0, -2.0, -7.6667, -1.6667, -7.6667, -1.6667, -8.0, -2.0, -7.3333, -1.6667, -7.6667, -1.6667, -7.6667, -1.6667, -7.6667, -1.6667, -7.6667, -1.6667, -7.6667, -1.6667, -7.3333, -1.3333, -7.3333, -1.6667, -7.3333, -1.6667, -6.3333, -1.6667, -6.0, -1.6667, -6.0, -1.0, -5.6667, -1.3333, -5.6667, -1.0, -5.6667, -1.3333, -1.3333, -0.6667, 0.0, 0.0, 0.0, 0.0, 0.0, 0.0, 0.0, 0.0, 0.0, 0.0, 0.0, 0.0, 0.0, 0.0, 0.0, 0.0, 0.0, 0.0, -2.3333, -1.0, -6.3333, -2.0, -7.0, -1.6667, -7.3333, -1.6667, -7.0, -1.6667, -7.3333, -1.6667, -7.0, -1.6667, -7.3333, -1.6667, -7.0, -1.0, -6.6667, -1.0, -6.6667, -1.3333, -7.0, -1.3333, -7.0, -0.6667, -7.0, -0.6667, -7.0, -1.0, -6.3333, -1.0, -7.0, -1.0, -6.6667, -0.6667, -6.6667, -0.6667, -7.0, -1.0, -7.3333, -1.3333, -7.3333, -1.0, -7.6667, -1.3333, -7.6667, -1.0, -7.6667, -1.0, -8.0, -1.3333, -8.6667, -1.3333, -8.0, 1.3333, -24.3333, 6.0, -24.3333, 5.6667, -23.6667, 5.3333, -22.6667, 5.3333, -21.6667, 5.6667, -21.3333, 6.3333, -21.0, 6.3333, -19.6667, 6.3333, -18.6667, 6.6667, -19.3333, 7.0, -18.6667, 7.6667, -18.3333, 8.0, -18.6667, 8.3333, -18.6667, 8.3333, -18.0, 8.0, -18.0, 8.3333, -17.6667, 8.0, -17.6667, 7.6667, -17.3333, 7.3333, -17.0, 6.3333, -16.6667, 6.0, -15.6667, 6.0, -15.6667, 5.0, -15.3333, 5.3333, -14.6667, 4.6667, -14.6667, 4.0, -16.0, 3.3333, -15.3333, 2.6667, -3.0, 0.3333, -1.3333, -0.6667, -0.3333, -0.6667, -0.3333, -0.6667, -0.3333, -0.6667, -1.6667, 0.0, -3.6667, 1.3333, -18.0, 8.3333, -18.6667, 8.0, -17.6667, 6.0, -19.0, 5.3333, -20.3333, 4.6667, -21.0, 4.3333, -21.3333, 3.3333, -22.3333, 3.0, -23.0, 2.3333, -23.0, 2.0, -23.3333, 2.0, -23.6667, 1.3333, -24.0, 1.6667, -24.0, 2.0, -24.0, 1.3333, -23.6667, 1.6667, -24.0, 1.3333, -24.3333, 1.0, -24.0, 1.6667, -23.0, 1.6667, -23.3333, 2.6667, -23.0, 3.0, -23.3333, 3.3333, -23.6667, 4.0, -23.3333, 4.6667, -23.6667, 5.0, -24.0, 5.6667, -24.6667, 6.3333]",13.189418,10.79626,91.760558
222,222,5c:01:3b:6b:b0:95,-42,256,"[86.0, -32.0, 4.0, 0.0, -3.0, -13.6667, -3.6667, -13.3333, -3.3333, -12.6667, -4.0, -12.3333, -4.0, -12.3333, -4.3333, -12.3333, -5.0, -12.0, -5.3333, -11.3333, -5.3333, -11.3333, -6.0, -11.0, -5.6667, -10.3333, -6.3333, -10.3333, -6.3333, -10.3333, -6.3333, -10.3333, -6.3333, -10.3333, -6.3333, -10.3333, -5.6667, -10.0, -5.6667, -10.3333, -5.6667, -10.0, -4.6667, -10.0, -4.0, -9.3333, -4.0, -8.6667, -3.3333, -8.6667, -3.3333, -8.3333, -3.3333, -8.6667, -0.6667, -2.3333, 0.0, 0.0, 0.0, 0.0, 0.0, 0.0, 0.0, 0.0, 0.0, 0.0, 0.0, 0.0, 0.0, 0.0, 0.0, 0.0, 0.0, 0.0, -1.6667, -3.0, -3.6667, -11.0, -4.0, -11.3333, -3.6667, -11.6667, -3.0, -12.0, -2.6667, -12.3333, -2.0, -12.6667, -1.6667, -12.6667, -1.0, -12.6667, -0.3333, -12.6667, -0.3333, -13.0, 0.0, -13.0, 0.0, -12.6667, 0.0, -12.6667, 0.0, -12.6667, 0.3333, -12.6667, 0.0, -12.6667, -0.3333, -12.3333, -0.3333, -12.0, -1.0, -12.6667, -1.6667, -13.0, -1.6667, -12.6667, -2.3333, -13.3333, -2.3333, -13.0, -2.3333, -13.0, -3.0, -13.6667, -3.3333, -13.6667, -3.0, -6.3333, -8.6667, -20.0, -8.6667, -20.0, -8.3333, -20.0, -8.3333, -19.3333, -8.3333, -18.3333, -8.6667, -17.6667, -9.0, -17.3333, -9.3333, -17.3333, -9.3333, -16.6667, -10.6667, -16.6667, -11.3333, -16.0, -11.6667, -15.6667, -12.3333, -15.3333, -12.3333, -15.0, -12.0, -15.0, -12.0, -14.6667, -11.3333, -15.0, -11.3333, -14.6667, -10.6667, -14.6667, -10.0, -14.6667, -9.3333, -14.3333, -8.3333, -13.6667, -8.3333, -13.3333, -7.6667, -12.3333, -7.3333, -12.3333, -6.3333, -12.0, -5.0, -10.6667, -3.6667, -10.3333, -1.0, -2.0, -0.6667, -1.3333, -0.6667, -0.3333, -0.6667, 0.0, -0.6667, -0.3333, -1.3333, -1.0, -2.3333, -2.6667, -10.0, -13.3333, -9.3333, -13.6667, -8.3333, -16.0, -8.0, -16.6667, -7.6667, -17.3333, -7.0, -17.6667, -5.6667, -18.6667, -5.6667, -19.0, -5.0, -19.3333, -4.0, -19.3333, -3.6667, -19.3333, -3.3333, -19.6667, -3.0, -20.0, -3.0, -19.6667, -3.0, -20.0, -2.3333, -19.6667, -3.0, -19.6667, -3.6667, -20.0, -4.0, -19.6667, -4.0, -19.3333, -4.6667, -19.0, -5.0, -19.3333, -5.6667, -19.3333, -6.3333, -19.6667, -6.6667, -19.6667, -7.3333, -20.0, -8.0, -20.3333, -8.3333, -20.0]",14.125891,9.338633,91.760558
223,223,5c:01:3b:6b:b0:95,-41,256,"[86.0, -32.0, 4.0, 0.0, -1.0, -24.0, -1.6667, -23.3333, -1.6667, -22.3333, -2.3333, -21.6667, -2.6667, -21.6667, -3.3333, -21.6667, -4.0, -21.0, -5.0, -20.3333, -5.3333, -20.3333, -6.3333, -19.6667, -6.3333, -19.0, -7.0, -19.0, -7.0, -19.0, -7.3333, -19.0, -7.3333, -19.0, -7.0, -19.0, -6.3333, -18.6667, -6.0, -18.6667, -5.6667, -18.3333, -5.0, -17.6667, -4.0, -16.6667, -3.6667, -16.0, -3.0, -15.3333, -2.6667, -15.0, -2.6667, -15.0, -0.6667, -3.6667, 0.0, 0.0, 0.0, 0.0, 0.0, 0.0, 0.0, 0.0, 0.0, 0.0, 0.0, 0.0, 0.0, 0.0, 0.0, 0.0, 0.0, 0.0, -1.3333, -5.0, -3.3333, -19.3333, -3.0, -20.0, -2.0, -20.6667, -1.3333, -20.6667, -0.3333, -21.3333, 0.6667, -21.3333, 1.6667, -21.3333, 2.6667, -21.6667, 3.3333, -21.6667, 3.6667, -21.6667, 4.3333, -21.6667, 4.6667, -21.3333, 4.6667, -21.3333, 4.6667, -21.3333, 4.3333, -21.3333, 4.3333, -21.3333, 3.3333, -21.3333, 3.3333, -20.6667, 2.6667, -21.6667, 1.6667, -22.0, 1.3333, -22.0, 0.6667, -23.0, 0.3333, -22.6667, 0.3333, -23.0, -0.6667, -24.0, -0.6667, -24.0, 0.6667, -13.0, 2.3333, -42.0, 2.6667, -41.6667, 2.6667, -41.0, 2.0, -40.0, 1.0, -38.6667, -0.3333, -38.0, -1.0, -37.3333, -2.6667, -37.6667, -4.0, -37.0, -5.6667, -37.3333, -7.6667, -36.6667, -9.0, -36.3333, -9.6667, -36.3333, -9.6667, -35.6667, -9.6667, -35.6667, -9.6667, -35.3333, -8.6667, -35.3333, -8.3333, -34.3333, -7.3333, -34.0, -6.3333, -33.0, -5.0, -32.0, -4.3333, -30.6667, -4.0, -29.0, -3.0, -27.6667, -2.6667, -26.6667, -1.0, -25.3333, 3.6667, -22.6667, 5.3333, -21.3333, 0.6667, -4.0, 0.0, -1.6667, -1.0, 0.0, -0.6667, 0.6667, -0.6667, 0.0, -1.0, -2.0, -1.6667, -6.3333, -5.6667, -33.6667, -3.6667, -33.6667, -3.0, -35.0, -0.6667, -35.3333, 1.3333, -35.6667, 3.0, -36.0, 5.6667, -36.6667, 7.0, -37.0, 9.0, -36.6667, 11.0, -36.3333, 12.0, -36.0, 13.0, -36.0, 13.6667, -36.6667, 13.6667, -36.3333, 14.0, -36.3333, 14.6667, -36.0, 14.0, -36.0, 13.0, -36.3333, 12.0, -36.3333, 11.0, -36.0, 10.0, -36.3333, 9.0, -37.3333, 7.6667, -37.6667, 6.6667, -38.6667, 5.6667, -39.6667, 4.6667, -40.6667, 3.6667, -41.6667, 3.6667, -41.6667]",25.283561,13.829544,91.760558
224,224,5c:01:3b:6b:b0:95,-40,256,"[86.0, -32.0, 4.0, 0.0, -8.3333, -21.3333, -8.3333, -20.6667, -8.3333, -19.6667, -8.6667, -18.6667, -9.0, -18.3333, -9.0, -18.3333, -9.3333, -17.3333, -10.0, -16.6667, -10.3333, -16.3333, -11.0, -15.6667, -11.0, -14.6667, -11.3333, -14.6667, -11.3333, -14.3333, -11.6667, -14.3333, -11.6667, -14.3333, -11.3333, -14.3333, -10.6667, -14.6667, -10.3333, -14.6667, -9.6667, -14.6667, -9.0, -14.0, -8.3333, -13.3333, -7.6667, -13.3333, -7.0, -13.0, -6.6667, -13.0, -6.3333, -13.0, -1.6667, -3.3333, 0.0, 0.0, 0.0, 0.0, 0.0, 0.0, 0.0, 0.0, 0.0, 0.0, 0.0, 0.0, 0.0, 0.0, 0.0, 0.0, 0.0, 0.0, -2.6667, -4.0, -8.6667, -15.6667, -8.3333, -16.6667, -7.6667, -17.6667, -7.6667, -18.0, -6.6667, -19.0, -6.0, -19.3333, -5.3333, -19.3333, -5.0, -20.3333, -4.3333, -20.6667, -4.0, -21.0, -3.6667, -21.3333, -3.3333, -21.3333, -3.0, -21.3333, -3.0, -21.3333, -3.3333, -21.0, -3.3333, -21.0, -4.3333, -21.0, -4.0, -20.0, -4.6667, -20.6667, -5.6667, -20.3333, -6.0, -20.3333, -6.3333, -21.0, -6.6667, -20.6667, -7.0, -21.0, -7.6667, -21.6667, -8.0, -21.6667, -3.6667, -13.0, -11.3333, -41.0, -11.0, -41.0, -10.6667, -40.0, -10.6667, -39.0, -11.3333, -37.0, -12.3333, -36.0, -12.6667, -35.0, -13.6667, -34.6667, -14.6667, -33.3333, -15.6667, -33.0, -17.0, -32.0, -18.0, -31.0, -18.3333, -30.6667, -18.6667, -30.0, -18.6667, -30.0, -18.3333, -30.0, -17.3333, -30.0, -17.0, -29.3333, -16.0, -29.3333, -14.6667, -29.0, -13.3333, -28.3333, -12.6667, -27.6667, -12.0, -26.3333, -10.6667, -25.6667, -10.0, -25.3333, -8.3333, -24.6667, -3.6667, -25.0, -2.3333, -24.6667, -0.6667, -4.6667, -0.3333, -2.0, -0.6667, 0.0, -0.3333, 0.6667, -0.3333, 0.0, -1.3333, -1.6667, -3.3333, -5.6667, -15.0, -29.0, -13.6667, -30.6667, -13.6667, -30.6667, -11.6667, -32.0, -10.3333, -33.3333, -9.3333, -34.6667, -7.6667, -36.0, -6.6667, -37.3333, -5.3333, -38.0, -3.6667, -38.3333, -2.6667, -39.0, -2.0, -39.0, -1.6667, -40.0, -1.3333, -40.0, -1.0, -40.3333, -0.6667, -40.3333, -1.0, -40.3333, -1.6667, -40.0, -2.3333, -39.6667, -3.3333, -38.6667, -4.0, -38.3333, -5.0, -38.6667, -6.3333, -38.6667, -7.3333, -39.3333, -8.3333, -40.0, -9.0, -40.3333, -10.0, -41.0, -10.3333, -41.0]",24.842215,14.017496,91.760558
225,225,5c:01:3b:6b:b0:95,-37,256,"[86.0, -32.0, 4.0, 0.0, -15.6667, -12.0, -15.0, -11.6667, -15.0, -10.6667, -15.0, -10.0, -15.3333, -9.3333, -14.6667, -9.3333, -14.6667, -8.6667, -15.0, -8.0, -15.3333, -7.6667, -15.6667, -7.0, -15.6667, -6.0, -15.6667, -6.0, -15.6667, -5.6667, -16.0, -5.6667, -16.0, -5.6667, -15.6667, -5.6667, -15.0, -6.0, -14.6667, -6.3333, -13.6667, -6.6667, -13.0, -6.6667, -12.6667, -6.3333, -11.6667, -6.6667, -11.0, -6.6667, -10.6667, -7.0, -10.0, -7.0, -2.6667, -2.0, 0.0, 0.0, 0.0, 0.0, 0.0, 0.0, 0.0, 0.0, 0.0, 0.0, 0.0, 0.0, 0.0, 0.0, 0.0, 0.0, 0.0, 0.0, -4.0, -2.0, -14.0, -7.3333, -13.6667, -8.0, -13.3333, -9.0, -14.0, -9.6667, -13.0, -10.6667, -12.6667, -11.3333, -12.3333, -11.6667, -12.6667, -12.6667, -12.0, -13.0, -11.6667, -13.6667, -11.6667, -14.0, -11.3333, -14.3333, -10.6667, -14.3333, -10.6667, -14.3333, -11.0, -14.0, -11.0, -14.0, -12.0, -13.6667, -11.3333, -12.6667, -12.0, -13.0, -13.0, -12.3333, -13.3333, -12.3333, -13.3333, -12.3333, -13.6667, -12.0, -14.3333, -12.0, -14.6667, -12.3333, -15.3333, -12.3333, -8.0, -8.6667, -25.0, -26.3333, -24.6667, -26.3333, -24.0, -25.3333, -23.3333, -24.6667, -23.6667, -23.0, -24.3333, -22.0, -24.3333, -21.0, -24.6667, -20.3333, -25.3333, -18.6667, -25.6667, -18.0, -26.3333, -16.6667, -27.0, -15.6667, -27.0, -15.3333, -27.6667, -14.6667, -27.6667, -14.6667, -27.0, -14.6667, -26.0, -15.0, -25.6667, -14.6667, -24.6667, -15.0, -23.0, -15.6667, -21.6667, -15.6667, -21.0, -15.6667, -20.0, -15.0, -18.3333, -15.0, -17.3333, -15.3333, -15.6667, -15.3333, -12.6667, -18.3333, -12.0, -18.6667, -2.3333, -3.6667, -1.0, -1.6667, -0.3333, 0.0, 0.0, 0.0, 0.0, -0.3333, -1.6667, -1.0, -5.0, -3.0, -24.3333, -15.0, -23.6667, -17.0, -24.3333, -16.6667, -22.6667, -18.3333, -22.0, -20.3333, -21.6667, -22.0, -21.0, -23.3333, -20.3333, -25.3333, -19.6667, -26.3333, -19.3333, -27.3333, -19.0, -28.3333, -19.0, -28.6667, -19.0, -29.3333, -19.0, -29.3333, -18.6667, -30.0, -18.6667, -30.0, -18.6667, -30.0, -18.6667, -29.6667, -18.6667, -29.0, -19.0, -28.0, -19.0, -27.3333, -19.6667, -27.0, -20.3333, -26.6667, -21.3333, -26.6667, -22.3333, -26.6667, -22.6667, -26.0, -23.6667, -26.3333, -24.3333, -26.0]",21.523392,12.571346,91.760558
226,226,5c:01:3b:6b:b0:95,-41,256,"[86.0, -32.0, 4.0, 0.0, -17.3333, -2.6667, -16.3333, -2.6667, -16.0, -1.6667, -16.0, -1.3333, -15.6667, -0.3333, -15.0, -0.3333, -14.6667, 0.0, -14.3333, 0.6667, -14.0, 1.0, -13.6667, 1.6667, -13.6667, 2.6667, -13.3333, 2.6667, -13.3333, 3.0, -13.3333, 3.0, -13.3333, 3.0, -13.3333, 3.0, -12.6667, 2.6667, -13.0, 2.0, -12.3333, 1.3333, -11.6667, 0.6667, -12.0, 0.6667, -11.3333, 0.0, -10.6667, -0.3333, -10.6667, -1.0, -10.0, -1.0, -2.6667, -0.6667, 0.0, 0.0, 0.0, 0.0, 0.0, 0.0, 0.0, 0.0, 0.0, 0.0, 0.0, 0.0, 0.0, 0.0, 0.0, 0.0, 0.0, 0.0, -4.0, 0.0, -13.3333, 1.0, -13.6667, 0.6667, -14.0, -0.3333, -15.0, -1.3333, -14.6667, -2.3333, -15.3333, -3.3333, -15.6667, -4.0, -16.3333, -5.0, -16.0, -5.3333, -16.3333, -6.3333, -16.3333, -6.6667, -16.6667, -7.3333, -16.0, -7.3333, -15.6667, -7.3333, -15.6667, -7.0, -15.6667, -7.0, -16.3333, -6.3333, -15.3333, -5.3333, -16.0, -5.3333, -16.6667, -4.3333, -16.3333, -4.3333, -16.3333, -3.6667, -16.0, -3.3333, -16.6667, -3.0, -16.6667, -3.0, -17.3333, -3.0, -10.3333, -4.3333, -32.0, -11.6667, -32.0, -11.6667, -31.0, -10.6667, -29.6667, -10.3333, -29.3333, -9.0, -29.0, -8.0, -28.6667, -7.0, -28.0, -6.0, -27.3333, -4.0, -27.0, -3.0, -26.3333, -1.3333, -26.0, -0.3333, -25.6667, 0.0, -26.3333, 0.6667, -26.3333, 0.6667, -25.6667, 0.6667, -25.0, 0.0, -25.0, 0.0, -24.6667, -0.6667, -23.3333, -2.3333, -23.0, -3.0, -22.3333, -3.6667, -21.6667, -3.6667, -20.3333, -4.3333, -19.6667, -5.3333, -18.6667, -6.0, -19.3333, -9.6667, -19.0, -9.6667, -3.6667, -2.0, -1.6667, -1.0, 0.0, -0.3333, 0.0, -0.6667, 0.0, -0.6667, -1.6667, -0.3333, -5.0, -0.3333, -25.0, -1.0, -25.6667, -3.3333, -26.0, -2.6667, -26.0, -4.6667, -27.0, -7.3333, -27.6667, -9.3333, -28.6667, -10.6667, -29.3333, -13.3333, -30.0, -14.0, -31.0, -14.3333, -31.3333, -15.3333, -32.0, -15.3333, -32.0, -16.0, -32.3333, -15.6667, -32.3333, -16.3333, -32.3333, -16.3333, -32.3333, -16.3333, -31.6667, -16.0, -31.0, -15.3333, -30.6667, -15.0, -30.0, -14.6667, -30.3333, -14.3333, -30.0, -14.3333, -30.6667, -14.0, -31.0, -13.3333, -30.6667, -11.6667, -31.3333, -11.6667, -32.0, -11.0]",19.868515,12.392031,91.760558
227,227,5c:01:3b:6b:b0:95,-41,256,"[86.0, -32.0, 4.0, 0.0, -4.3333, -0.3333, -3.6667, -0.3333, -3.6667, 0.3333, -4.0, 0.3333, -3.6667, 1.0, -3.6667, 1.0, -3.6667, 0.6667, -3.3333, 1.3333, -3.3333, 1.0, -3.3333, 1.3333, -3.3333, 1.6667, -3.0, 1.6667, -3.0, 1.6667, -3.3333, 2.0, -3.3333, 2.0, -3.3333, 2.0, -3.0, 2.0, -3.3333, 1.6667, -3.0, 1.3333, -2.6667, 1.0, -3.0, 1.0, -3.0, 0.3333, -2.6667, 0.3333, -2.6667, 0.0, -2.3333, 0.3333, -1.0, -0.3333, 0.0, 0.0, 0.0, 0.0, 0.0, 0.0, 0.0, 0.0, 0.0, 0.0, 0.0, 0.0, 0.0, 0.0, 0.0, 0.0, 0.0, 0.0, -1.3333, 0.0, -3.3333, 1.0, -3.3333, 1.0, -3.0, 0.6667, -3.6667, 0.3333, -3.3333, 0.0, -3.6667, -0.3333, -3.6667, -1.0, -4.0, -1.3333, -3.6667, -1.0, -4.0, -1.6667, -3.6667, -1.6667, -4.0, -2.3333, -3.6667, -2.3333, -3.3333, -2.3333, -3.3333, -2.3333, -3.6667, -2.0, -4.0, -1.3333, -3.6667, -1.0, -4.0, -1.3333, -4.3333, -0.6667, -4.0, -1.0, -4.0, -0.3333, -3.6667, -0.6667, -4.0, 0.0, -3.6667, -0.3333, -3.6667, 0.0, -2.6667, -1.0, -7.3333, -2.0, -7.6667, -2.0, -7.0, -1.3333, -6.6667, -1.6667, -6.6667, -1.0, -6.6667, -0.6667, -6.6667, -0.3333, -6.6667, 0.0, -6.3333, 1.0, -6.0, 1.0, -5.6667, 2.0, -5.6667, 2.3333, -5.3333, 2.0, -5.6667, 2.6667, -5.6667, 3.0, -5.6667, 3.0, -5.3333, 2.3333, -5.6667, 2.6667, -5.6667, 2.3333, -5.0, 1.3333, -5.3333, 1.0, -5.0, 0.6667, -5.0, 0.6667, -4.6667, 0.0, -4.6667, 0.0, -4.3333, -0.3333, -6.0, -0.6667, -6.3333, 0.0, -1.6667, -0.3333, -1.0, -0.3333, -0.3333, -0.6667, -0.6667, -0.6667, -0.3333, -1.0, -0.6667, -0.3333, -1.3333, 0.0, -5.3333, 1.6667, -5.6667, 1.0, -5.6667, 0.6667, -5.6667, 0.0, -6.0, -1.3333, -6.0, -2.0, -7.0, -2.0, -7.3333, -3.6667, -7.3333, -3.0, -8.6667, -2.3333, -9.3333, -2.3333, -10.0, -2.3333, -9.3333, -2.3333, -10.0, -2.0, -10.3333, -2.3333, -10.3333, -2.0, -10.3333, -2.0, -9.6667, -2.0, -9.3333, -2.0, -8.6667, -2.0, -8.0, -2.3333, -7.6667, -3.0, -7.0, -3.0, -7.3333, -3.0, -7.3333, -3.0, -7.0, -2.0, -7.0, -2.0, -7.0, -1.3333]",5.44946,8.087869,91.760558
228,228,5c:01:3b:6b:b0:95,-36,256,"[86.0, -32.0, 4.0, 0.0, 8.6667, -2.6667, 9.0, -2.6667, 8.6667, -2.3333, 8.0, -2.3333, 8.3333, -2.0, 7.6667, -2.0, 7.3333, -2.6667, 7.6667, -2.3333, 7.3333, -3.0, 7.0, -3.3333, 7.0, -3.6667, 7.3333, -3.6667, 7.3333, -3.6667, 6.6667, -3.0, 6.6667, -3.0, 6.6667, -3.0, 6.6667, -3.0, 6.3333, -2.6667, 6.3333, -2.3333, 6.3333, -2.0, 6.0, -2.0, 5.3333, -2.3333, 5.3333, -2.3333, 5.3333, -2.0, 5.3333, -1.3333, 0.6667, -0.6667, 0.0, 0.0, 0.0, 0.0, 0.0, 0.0, 0.0, 0.0, 0.0, 0.0, 0.0, 0.0, 0.0, 0.0, 0.0, 0.0, 0.0, 0.0, 1.3333, -1.0, 6.6667, -3.0, 7.0, -3.0, 8.0, -2.6667, 7.6667, -2.3333, 8.0, -2.0, 8.0, -1.6667, 8.3333, -2.0, 8.3333, -1.6667, 8.6667, -1.0, 8.3333, -1.3333, 9.0, -1.3333, 8.6667, -1.6667, 8.6667, -1.6667, 9.0, -1.6667, 9.0, -1.6667, 8.3333, -1.0, 8.3333, -0.6667, 8.0, -1.0, 8.0, -1.6667, 8.0, -1.3333, 8.3333, -2.0, 8.3333, -1.6667, 8.6667, -2.3333, 8.6667, -2.0, 9.3333, -2.6667, 10.0, -2.0, 5.0, 0.0, 17.3333, 0.0, 16.6667, 0.0, 17.0, 0.3333, 16.3333, -0.3333, 16.0, 0.0, 15.6667, -0.3333, 15.3333, -0.6667, 14.6667, -1.0, 14.6667, -1.0, 15.0, -2.0, 15.0, -2.0, 14.6667, -2.3333, 15.0, -3.0, 15.0, -2.6667, 15.0, -2.0, 14.3333, -2.0, 14.3333, -2.3333, 13.6667, -1.6667, 13.3333, -1.3333, 13.3333, -1.3333, 12.3333, -1.0, 12.3333, -0.6667, 11.6667, -0.6667, 11.0, -1.0, 10.3333, 0.0, 10.0, 0.3333, 9.0, 4.6667, 8.3333, 6.0, 0.6667, 0.6667, 0.0, 0.0, -0.6667, -1.0, -1.3333, -0.3333, -0.6667, -1.0, 0.3333, -0.6667, 2.3333, -1.0, 14.3333, -1.6667, 14.3333, -1.0, 14.6667, -2.6667, 14.6667, -2.0, 15.0, -1.6667, 15.6667, -1.0, 14.6667, 0.0, 14.6667, -0.3333, 15.3333, 1.3333, 14.6667, 3.3333, 14.3333, 4.0, 14.0, 4.3333, 15.3333, 4.6667, 15.0, 5.0, 14.3333, 5.0, 14.3333, 5.6667, 14.3333, 5.6667, 14.6667, 5.6667, 14.3333, 5.0, 14.6667, 4.6667, 15.0, 3.6667, 15.6667, 2.0, 16.0, 1.6667, 16.0, 1.0, 16.3333, 0.0, 16.6667, 0.0, 17.3333, 0.0, 18.0, 0.3333]",10.530054,8.845161,91.760558
229,229,5c:01:3b:6b:b0:95,-36,256,"[86.0, -32.0, 4.0, 0.0, 20.0, -2.3333, 19.6667, -2.3333, 18.6667, -2.6667, 18.0, -2.6667, 18.0, -3.0, 17.0, -3.0, 16.0, -4.0, 16.0, -4.3333, 15.0, -5.0, 14.3333, -6.0, 14.3333, -7.0, 14.0, -7.0, 14.0, -7.0, 13.3333, -6.3333, 13.6667, -6.3333, 13.6667, -6.3333, 13.3333, -6.3333, 13.3333, -5.3333, 13.3333, -4.6667, 13.0, -3.6667, 13.0, -3.6667, 12.0, -3.6667, 11.6667, -3.3333, 11.6667, -2.3333, 11.6667, -1.6667, 2.3333, -0.6667, 0.0, 0.0, 0.0, 0.0, 0.0, 0.0, 0.0, 0.0, 0.0, 0.0, 0.0, 0.0, 0.0, 0.0, 0.0, 0.0, 0.0, 0.0, 3.0, -1.3333, 14.0, -4.6667, 15.0, -4.3333, 16.6667, -3.3333, 16.6667, -2.3333, 17.6667, -1.3333, 18.6667, -0.3333, 19.3333, 0.0, 19.6667, 1.0, 20.3333, 2.0, 20.3333, 2.0, 21.3333, 2.3333, 21.3333, 2.3333, 21.3333, 2.3333, 21.3333, 2.3333, 21.0, 2.3333, 20.6667, 3.0, 20.3333, 2.6667, 19.6667, 1.6667, 19.6667, 1.0, 19.6667, 0.6667, 19.6667, -0.3333, 19.6667, -0.3333, 19.6667, -1.0, 20.0, -1.0, 21.0, -1.6667, 21.6667, -1.0, 12.0, 2.0, 40.3333, 5.3333, 39.6667, 5.3333, 39.3333, 5.0, 37.6667, 4.0, 36.6667, 3.6667, 36.0, 2.6667, 34.6667, 1.6667, 33.0, 0.3333, 32.0, -1.0, 32.0, -2.6667, 31.3333, -4.0, 30.6667, -5.0, 30.6667, -6.0, 30.3333, -6.0, 30.3333, -5.3333, 29.6667, -5.3333, 29.6667, -5.3333, 28.6667, -4.3333, 28.3333, -3.6667, 28.3333, -2.6667, 27.3333, -1.6667, 27.0, -0.6667, 25.6667, -0.3333, 24.6667, -0.3333, 23.6667, 1.3333, 23.6667, 2.3333, 24.0, 8.6667, 23.0, 9.6667, 3.0, 1.0, 1.0, 0.0, -1.0, -1.0, -2.0, -0.3333, -1.0, -1.0, 1.0, -1.0, 5.0, -1.3333, 30.0, -3.0, 30.6667, -0.6667, 30.6667, -2.6667, 31.6667, -0.6667, 33.6667, 1.3333, 35.3333, 3.6667, 35.3333, 5.6667, 36.3333, 7.0, 38.0, 9.0, 38.0, 11.0, 38.0, 12.0, 38.0, 11.6667, 40.0, 12.6667, 40.0, 12.3333, 39.0, 12.3333, 39.0, 13.0, 39.0, 12.6667, 39.0, 13.0, 38.0, 12.3333, 38.0, 12.3333, 38.0, 11.3333, 39.0, 9.6667, 39.0, 9.6667, 39.3333, 8.3333, 39.3333, 6.6667, 39.3333, 5.6667, 40.3333, 5.3333, 41.6667, 5.3333]",23.189114,14.015903,91.760558
230,230,5c:01:3b:6b:b0:95,-37,256,"[86.0, -32.0, 4.0, 0.0, 18.3333, 0.3333, 17.6667, 0.3333, 16.6667, -0.3333, 16.3333, -0.3333, 16.0, -1.0, 15.3333, -1.0, 14.3333, -2.0, 14.0, -2.6667, 12.6667, -3.0, 12.0, -4.0, 11.6667, -5.0, 11.3333, -5.0, 11.6667, -5.0, 11.3333, -4.6667, 11.6667, -4.6667, 11.6667, -4.6667, 11.3333, -4.6667, 11.3333, -3.6667, 11.6667, -3.3333, 11.3333, -2.3333, 11.3333, -2.3333, 10.6667, -2.3333, 10.3333, -1.6667, 10.3333, -0.6667, 10.3333, -0.3333, 2.0, -0.3333, 0.0, 0.0, 0.0, 0.0, 0.0, 0.0, 0.0, 0.0, 0.0, 0.0, 0.0, 0.0, 0.0, 0.0, 0.0, 0.0, 0.0, 0.0, 2.3333, -0.6667, 11.6667, -2.3333, 13.0, -1.6667, 14.3333, -0.6667, 14.6667, 0.3333, 16.0, 1.3333, 17.0, 2.3333, 17.6667, 3.0, 18.3333, 4.0, 19.0, 5.0, 19.0, 5.0, 19.6667, 5.6667, 20.0, 5.6667, 20.0, 5.6667, 20.0, 5.6667, 19.6667, 5.6667, 19.6667, 6.0, 19.0, 5.3333, 18.3333, 4.3333, 18.3333, 4.0, 18.3333, 3.3333, 18.3333, 2.3333, 18.3333, 2.3333, 18.0, 2.0, 18.0, 2.0, 19.0, 1.6667, 19.3333, 2.0, 11.3333, 3.0, 38.0, 8.6667, 37.6667, 8.6667, 37.0, 8.0, 35.6667, 7.0, 34.6667, 6.3333, 34.0, 5.3333, 32.3333, 4.3333, 30.6667, 2.6667, 29.3333, 1.0, 29.0, -0.3333, 28.0, -2.0, 27.0, -3.0, 27.0, -4.0, 26.6667, -4.0, 27.0, -3.6667, 26.6667, -3.6667, 26.6667, -3.6667, 26.0, -2.6667, 25.6667, -2.3333, 26.0, -1.3333, 25.3333, -0.3333, 24.6667, 0.6667, 23.6667, 1.3333, 22.6667, 1.3333, 22.0, 2.6667, 22.3333, 3.6667, 24.3333, 9.3333, 23.3333, 10.3333, 3.3333, 1.0, 1.0, 0.0, -1.0, -1.0, -1.6667, -0.6667, -1.0, -1.0, 0.6667, -1.0, 4.3333, -0.6667, 27.0, -1.0, 27.6667, 1.6667, 27.3333, 0.6667, 28.6667, 2.6667, 31.0, 4.6667, 33.0, 7.3333, 33.6667, 9.3333, 35.0, 11.0, 36.6667, 13.0, 37.3333, 15.0, 37.6667, 16.0, 38.0, 15.3333, 39.3333, 16.3333, 39.6667, 15.6667, 39.0, 15.6667, 39.0, 16.0, 39.0, 15.3333, 39.0, 16.0, 38.0, 15.6667, 37.6667, 15.6667, 37.3333, 14.6667, 38.0, 13.3333, 37.6667, 13.3333, 38.0, 11.6667, 37.6667, 10.3333, 37.3333, 9.3333, 38.0, 8.6667, 39.3333, 8.6667]",21.862169,14.096471,91.760558
231,231,5c:01:3b:6b:b0:95,-41,256,"[86.0, -32.0, 4.0, 0.0, 19.3333, 3.0, 18.6667, 3.0, 17.6667, 2.0, 17.3333, 2.0, 17.0, 1.0, 16.6667, 0.6667, 15.6667, 0.0, 15.3333, -1.0, 14.0, -1.0, 14.0, -2.0, 13.3333, -3.0, 13.0, -3.0, 13.3333, -3.0, 13.3333, -3.0, 13.6667, -3.0, 13.6667, -3.0, 13.3333, -3.0, 13.3333, -2.0, 13.3333, -2.0, 12.6667, -1.0, 12.6667, -1.0, 12.0, -1.0, 11.3333, 0.0, 11.3333, 1.0, 11.3333, 1.0, 2.3333, 0.0, 0.0, 0.0, 0.0, 0.0, 0.0, 0.0, 0.0, 0.0, 0.0, 0.0, 0.0, 0.0, 0.0, 0.0, 0.0, 0.0, 0.0, 0.0, 2.6667, -0.3333, 13.0, -0.3333, 14.3333, 0.6667, 15.0, 1.6667, 15.6667, 2.3333, 16.6667, 3.3333, 17.6667, 4.3333, 18.0, 5.3333, 18.6667, 6.3333, 19.0, 7.3333, 19.0, 7.3333, 19.6667, 8.3333, 20.0, 8.3333, 19.6667, 8.3333, 19.6667, 8.3333, 19.3333, 8.3333, 19.6667, 8.3333, 19.0, 7.6667, 18.6667, 6.6667, 18.6667, 6.3333, 18.6667, 5.6667, 19.0, 4.6667, 19.0, 4.6667, 18.6667, 4.6667, 18.6667, 4.3333, 20.0, 4.3333, 20.0, 4.3333, 11.0, 4.0, 37.3333, 12.0, 37.3333, 12.0, 36.3333, 11.0, 35.3333, 10.0, 34.3333, 9.0, 34.3333, 8.0, 32.3333, 7.0, 31.3333, 5.0, 30.0, 3.0, 29.6667, 2.0, 29.3333, 0.0, 28.3333, -1.0, 28.6667, -2.0, 28.3333, -2.0, 28.3333, -2.0, 28.3333, -2.0, 28.0, -2.0, 27.6667, -1.0, 27.0, -1.0, 27.0, 0.0, 26.3333, 1.0, 25.3333, 2.0, 24.3333, 3.0, 23.0, 3.0, 22.3333, 4.0, 22.3333, 5.0, 24.6667, 10.0, 23.6667, 11.0, 3.6667, 1.3333, 1.0, 0.0, -1.0, -1.0, -1.3333, -1.0, -1.0, -1.0, 0.6667, -1.0, 4.3333, 0.0, 27.3333, 1.0, 27.6667, 4.0, 27.6667, 4.0, 29.0, 6.0, 30.6667, 8.0, 32.3333, 11.0, 33.0, 13.0, 34.0, 15.0, 35.3333, 17.0, 36.6667, 19.0, 37.3333, 20.0, 38.0, 19.6667, 38.6667, 20.3333, 39.3333, 20.0, 39.0, 20.0, 39.0, 20.0, 39.0, 19.3333, 39.0, 19.6667, 38.0, 19.3333, 37.3333, 19.0, 36.6667, 18.0, 37.0, 17.0, 36.3333, 17.0, 36.6667, 15.0, 36.3333, 14.0, 36.3333, 13.0, 37.3333, 12.0, 38.6667, 12.0]",22.639262,14.194406,91.760558
232,232,5c:01:3b:6b:b0:95,-40,256,"[86.0, -32.0, 4.0, 0.0, 16.6667, -3.3333, 16.0, -3.3333, 15.0, -3.3333, 14.6667, -3.3333, 14.0, -3.6667, 14.0, -3.6667, 13.0, -3.6667, 12.3333, -4.3333, 10.6667, -4.0, 10.3333, -4.3333, 9.3333, -4.6667, 9.3333, -4.3333, 10.0, -4.3333, 10.0, -4.3333, 10.0, -4.3333, 10.0, -4.3333, 10.0, -4.6667, 10.0, -4.0, 10.3333, -4.0, 10.0, -3.3333, 10.0, -3.3333, 9.6667, -3.3333, 9.3333, -2.6667, 9.3333, -2.3333, 9.3333, -2.3333, 1.6667, -1.0, 0.0, 0.0, 0.0, 0.0, 0.0, 0.0, 0.0, 0.0, 0.0, 0.0, 0.0, 0.0, 0.0, 0.0, 0.0, 0.0, 0.0, 0.0, 2.0, -1.3333, 9.6667, -4.0, 11.3333, -3.6667, 12.0, -3.3333, 13.0, -3.3333, 14.3333, -3.0, 15.3333, -3.0, 16.0, -2.6667, 16.6667, -2.3333, 17.3333, -1.6667, 17.3333, -2.0, 17.6667, -1.6667, 18.3333, -1.6667, 18.0, -1.3333, 18.0, -1.3333, 18.0, -1.0, 18.0, -1.0, 17.3333, -1.3333, 16.6667, -2.0, 16.6667, -2.0, 16.6667, -2.3333, 17.0, -3.0, 17.0, -2.6667, 16.3333, -2.6667, 15.6667, -3.0, 17.0, -3.0, 17.0, -3.0, 10.3333, -1.0, 34.6667, -4.3333, 34.6667, -4.0, 33.6667, -4.6667, 32.6667, -5.0, 31.6667, -5.0, 31.3333, -5.3333, 29.3333, -5.3333, 28.0, -6.0, 26.3333, -7.0, 25.6667, -7.3333, 24.6667, -8.0, 23.0, -8.3333, 23.3333, -8.6667, 23.3333, -8.6667, 23.6667, -8.6667, 23.6667, -8.6667, 23.3333, -8.3333, 23.3333, -7.6667, 23.0, -7.6667, 23.3333, -7.3333, 23.0, -6.6667, 22.0, -6.0, 21.6667, -5.0, 20.3333, -5.0, 20.0, -4.3333, 20.3333, -4.0, 23.0, 0.6667, 22.0, 1.6667, 3.6667, 0.0, 0.6667, -0.3333, -1.0, -0.6667, -1.0, -0.6667, -1.0, -0.6667, 0.3333, -1.3333, 3.6667, -1.6667, 23.3333, -7.3333, 24.0, -6.3333, 23.6667, -6.0, 25.3333, -5.6667, 27.3333, -5.3333, 29.6667, -3.6667, 31.0, -2.0, 32.3333, -0.3333, 33.6667, 1.3333, 35.0, 3.0, 35.6667, 3.6667, 36.0, 3.6667, 36.3333, 3.6667, 37.3333, 3.6667, 37.0, 4.0, 37.0, 4.3333, 36.6667, 4.0, 36.6667, 4.0, 36.0, 3.6667, 35.3333, 3.3333, 35.0, 2.3333, 35.3333, 1.3333, 35.0, 1.0, 35.0, -0.6667, 34.3333, -2.0, 34.0, -3.0, 34.6667, -4.3333, 35.6667, -4.6667]",19.692644,12.919091,91.760558
233,233,5c:01:3b:6b:b0:95,-36,256,"[86.0, -32.0, 4.0, 0.0, 17.6667, -3.3333, 17.3333, -3.3333, 16.6667, -3.3333, 16.3333, -3.3333, 16.0, -3.6667, 16.0, -4.0, 15.3333, -3.6667, 15.0, -4.0, 14.0, -4.0, 14.0, -4.3333, 13.3333, -4.3333, 13.6667, -4.3333, 14.0, -4.3333, 14.0, -4.3333, 14.0, -4.3333, 14.0, -4.0, 13.6667, -4.3333, 13.6667, -3.6667, 13.3333, -3.6667, 12.6667, -3.3333, 12.3333, -3.3333, 11.6667, -3.0, 11.3333, -2.6667, 11.0, -2.3333, 10.6667, -2.3333, 2.0, -1.0, 0.0, 0.0, 0.0, 0.0, 0.0, 0.0, 0.0, 0.0, 0.0, 0.0, 0.0, 0.0, 0.0, 0.0, 0.0, 0.0, 0.0, 0.0, 2.6667, -1.6667, 12.6667, -4.3333, 13.6667, -4.0, 13.6667, -3.6667, 14.3333, -4.0, 15.0, -3.6667, 15.6667, -3.6667, 16.0, -3.3333, 16.0, -3.0, 16.0, -2.3333, 16.0, -2.6667, 16.3333, -2.3333, 16.6667, -2.3333, 16.3333, -2.0, 16.3333, -2.0, 16.3333, -1.6667, 16.3333, -1.6667, 16.0, -1.6667, 16.0, -2.3333, 16.0, -2.6667, 16.3333, -2.6667, 16.6667, -3.3333, 17.0, -3.0, 16.6667, -3.0, 16.6667, -3.6667, 18.0, -3.6667, 18.3333, -3.6667, 10.3333, -0.6667, 34.6667, -3.0, 34.6667, -3.0, 33.6667, -3.3333, 33.0, -3.6667, 32.3333, -3.6667, 32.3333, -4.0, 30.6667, -4.0, 30.0, -4.6667, 29.3333, -5.3333, 29.3333, -5.6667, 29.3333, -6.0, 28.0, -6.6667, 28.6667, -6.6667, 28.6667, -6.6667, 28.3333, -6.6667, 28.3333, -6.6667, 27.6667, -6.0, 27.6667, -5.6667, 27.0, -5.6667, 26.3333, -5.3333, 25.3333, -5.0, 24.3333, -4.6667, 23.6667, -3.6667, 22.3333, -3.6667, 21.6667, -3.0, 21.3333, -2.6667, 21.0, 2.6667, 20.0, 3.6667, 3.3333, 0.6667, 0.3333, -0.3333, -1.0, -0.6667, -1.0, -0.6667, -1.0, -0.6667, 0.6667, -1.0, 4.3333, -1.3333, 26.6667, -5.3333, 27.0, -4.6667, 27.0, -5.3333, 27.6667, -5.0, 28.6667, -4.3333, 29.6667, -3.3333, 30.0, -1.6667, 30.3333, 0.0, 30.6667, 1.6667, 31.0, 3.3333, 31.0, 4.0, 31.0, 4.3333, 31.6667, 4.3333, 32.3333, 4.6667, 32.0, 5.0, 32.0, 5.6667, 31.3333, 5.6667, 31.3333, 5.3333, 31.0, 4.6667, 31.0, 4.0, 31.3333, 3.0, 32.0, 2.0, 32.3333, 1.3333, 33.0, 0.0, 33.0, -1.0, 33.6667, -2.0, 34.6667, -3.0, 35.6667, -3.3333]",20.144308,12.280479,91.760558
234,234,5c:01:3b:6b:b0:95,-40,256,"[86.0, -32.0, 4.0, 0.0, 13.3333, -9.6667, 13.0, -9.6667, 12.6667, -8.6667, 12.3333, -8.6667, 12.0, -8.3333, 11.6667, -8.0, 11.0, -7.3333, 10.6667, -7.3333, 9.6667, -7.0, 9.3333, -6.6667, 8.6667, -6.0, 8.6667, -5.6667, 9.0, -5.6667, 9.0, -5.6667, 9.0, -5.6667, 9.3333, -5.3333, 9.0, -6.0, 9.0, -5.6667, 9.0, -5.6667, 8.6667, -5.6667, 8.3333, -5.6667, 8.3333, -5.3333, 8.3333, -5.3333, 8.0, -5.6667, 7.6667, -5.6667, 1.3333, -2.0, 0.0, 0.0, 0.0, 0.0, 0.0, 0.0, 0.0, 0.0, 0.0, 0.0, 0.0, 0.0, 0.0, 0.0, 0.0, 0.0, 0.0, 0.0, 1.6667, -2.3333, 8.6667, -7.6667, 9.6667, -8.0, 10.0, -8.3333, 10.6667, -9.0, 11.6667, -9.3333, 12.3333, -10.3333, 13.0, -10.6667, 13.3333, -10.6667, 13.3333, -10.3333, 13.3333, -10.6667, 13.3333, -10.6667, 13.6667, -10.6667, 13.6667, -10.0, 13.6667, -10.0, 13.6667, -9.6667, 13.6667, -9.6667, 13.3333, -10.0, 13.3333, -10.3333, 13.3333, -10.3333, 13.6667, -10.3333, 13.3333, -10.6667, 13.6667, -10.0, 13.3333, -10.0, 13.3333, -10.3333, 14.0, -10.3333, 14.3333, -10.3333, 9.3333, -5.3333, 30.3333, -18.3333, 30.3333, -18.3333, 29.3333, -18.0, 29.0, -18.0, 28.3333, -17.6667, 27.6667, -17.3333, 26.0, -16.3333, 25.0, -15.6667, 24.0, -15.3333, 23.6667, -15.0, 23.0, -14.0, 21.3333, -14.0, 21.3333, -13.3333, 21.3333, -13.3333, 21.3333, -13.3333, 21.6667, -13.3333, 21.3333, -12.3333, 21.3333, -12.3333, 21.0, -12.3333, 21.0, -12.6667, 20.3333, -12.6667, 19.6667, -12.6667, 19.3333, -11.6667, 18.6667, -11.6667, 18.3333, -11.3333, 18.6667, -11.6667, 19.3333, -6.3333, 18.0, -5.3333, 3.0, -1.0, 0.0, -0.6667, -1.0, -0.3333, -1.0, -0.3333, -1.0, -0.3333, 0.3333, -1.3333, 3.3333, -3.0, 21.3333, -13.6667, 22.3333, -15.0, 21.6667, -15.3333, 23.0, -16.6667, 24.6667, -17.0, 26.0, -17.0, 27.0, -16.0, 27.6667, -14.6667, 27.6667, -13.6667, 27.0, -12.3333, 26.3333, -11.6667, 26.0, -11.6667, 27.0, -12.0, 27.3333, -12.0, 27.0, -11.3333, 27.0, -10.6667, 26.0, -10.6667, 26.0, -10.6667, 26.0, -11.0, 26.6667, -11.3333, 27.6667, -12.3333, 28.6667, -13.3333, 29.6667, -14.3333, 30.3333, -15.3333, 30.3333, -16.3333, 30.3333, -17.3333, 30.6667, -18.3333, 31.3333, -19.0]",19.077437,12.253763,91.760558
235,235,5c:01:3b:6b:b0:95,-36,256,"[86.0, -32.0, 4.0, 0.0, 14.3333, -6.0, 14.3333, -6.3333, 14.3333, -6.0, 14.0, -6.0, 14.0, -6.0, 13.6667, -6.0, 13.3333, -5.6667, 13.3333, -5.6667, 13.0, -6.0, 13.0, -6.3333, 12.3333, -6.3333, 12.3333, -6.3333, 12.3333, -6.3333, 12.3333, -6.0, 12.3333, -6.3333, 12.6667, -5.6667, 12.3333, -6.0, 12.3333, -5.3333, 12.0, -5.0, 11.3333, -5.0, 10.6667, -4.6667, 10.3333, -4.3333, 10.3333, -4.0, 9.6667, -4.0, 9.0, -3.6667, 1.6667, -1.3333, 0.0, 0.0, 0.0, 0.0, 0.0, 0.0, 0.0, 0.0, 0.0, 0.0, 0.0, 0.0, 0.0, 0.0, 0.0, 0.0, 0.0, 0.0, 2.3333, -2.0, 11.6667, -6.6667, 12.0, -6.3333, 11.6667, -6.3333, 12.0, -6.3333, 12.3333, -6.0, 12.6667, -6.0, 13.0, -6.0, 12.6667, -5.3333, 12.3333, -4.6667, 12.3333, -4.6667, 12.6667, -4.0, 12.6667, -4.0, 12.6667, -3.6667, 12.6667, -3.6667, 12.6667, -3.6667, 12.3333, -3.6667, 12.3333, -4.0, 12.6667, -4.6667, 12.6667, -5.0, 13.3333, -5.3333, 13.0, -5.6667, 13.6667, -5.3333, 13.6667, -5.6667, 14.3333, -6.0, 15.0, -6.3333, 15.6667, -6.3333, 9.3333, -2.0, 30.3333, -7.0, 30.3333, -7.3333, 29.3333, -7.0, 29.3333, -7.3333, 29.0, -8.0, 28.6667, -8.3333, 27.3333, -8.0, 27.0, -8.3333, 27.0, -8.6667, 27.3333, -9.3333, 27.6667, -9.3333, 26.3333, -10.3333, 26.3333, -10.0, 26.3333, -10.0, 26.0, -9.6667, 26.3333, -9.6667, 25.6667, -8.6667, 25.3333, -8.6667, 25.0, -8.3333, 24.0, -8.0, 22.6667, -7.6667, 22.0, -7.3333, 21.3333, -6.6667, 20.6667, -6.3333, 20.0, -5.6667, 19.6667, -5.0, 19.6667, 0.3333, 18.6667, 1.3333, 3.0, 0.0, 0.3333, -0.3333, -1.0, -0.6667, -1.0, -0.3333, -1.0, -0.3333, 0.6667, -1.0, 4.0, -2.3333, 24.3333, -9.3333, 25.3333, -9.3333, 25.0, -9.6667, 25.3333, -9.3333, 26.0, -8.3333, 26.0, -7.3333, 26.0, -6.0, 25.6667, -4.3333, 25.6667, -3.3333, 25.3333, -1.6667, 25.3333, -0.6667, 25.6667, -0.6667, 26.3333, -0.6667, 26.6667, -0.6667, 26.6667, 0.0, 26.6667, 0.3333, 25.6667, 0.3333, 25.6667, 0.3333, 25.3333, 0.0, 25.6667, -0.6667, 26.3333, -1.6667, 26.6667, -2.6667, 27.3333, -3.6667, 28.3333, -4.6667, 29.0, -5.3333, 30.0, -6.3333, 30.6667, -7.0, 31.3333, -7.6667]",18.164616,11.440396,91.760558
236,236,5c:01:3b:6b:b0:95,-36,256,"[86.0, -32.0, 4.0, 0.0, 11.6667, -8.6667, 11.6667, -9.3333, 11.6667, -8.6667, 11.0, -8.6667, 11.0, -8.3333, 10.3333, -8.0, 9.6667, -7.6667, 9.6667, -7.6667, 9.0, -8.0, 9.0, -8.3333, 8.0, -8.6667, 7.3333, -8.3333, 7.3333, -8.3333, 7.3333, -7.6667, 7.3333, -8.3333, 8.0, -7.6667, 8.0, -8.0, 8.0, -7.3333, 8.0, -6.6667, 7.6667, -6.6667, 7.3333, -6.0, 7.6667, -6.0, 7.6667, -5.3333, 7.3333, -5.6667, 7.0, -5.0, 1.3333, -1.6667, 0.0, 0.0, 0.0, 0.0, 0.0, 0.0, 0.0, 0.0, 0.0, 0.0, 0.0, 0.0, 0.0, 0.0, 0.0, 0.0, 0.0, 0.0, 1.6667, -2.3333, 8.3333, -9.0, 9.0, -8.6667, 9.3333, -9.0, 10.0, -8.6667, 10.6667, -8.3333, 11.3333, -8.3333, 12.0, -8.6667, 12.3333, -8.0, 12.6667, -7.3333, 12.6667, -7.3333, 13.3333, -6.6667, 13.3333, -6.6667, 13.3333, -6.3333, 13.3333, -6.3333, 13.3333, -6.3333, 12.6667, -6.3333, 12.6667, -6.6667, 12.3333, -7.3333, 12.3333, -7.3333, 12.6667, -8.0, 12.0, -8.0, 12.3333, -7.6667, 12.3333, -8.3333, 12.6667, -8.3333, 13.0, -9.0, 13.3333, -9.0, 8.6667, -4.0, 27.6667, -13.3333, 27.6667, -13.3333, 26.6667, -13.0, 26.6667, -13.0, 26.0, -13.6667, 25.3333, -14.0, 23.6667, -13.3333, 23.0, -13.3333, 22.0, -13.6667, 21.6667, -14.6667, 21.3333, -14.6667, 19.6667, -15.6667, 19.0, -15.3333, 19.0, -15.3333, 19.0, -14.6667, 19.6667, -14.6667, 19.3333, -13.6667, 19.0, -13.6667, 19.0, -13.0, 19.0, -12.6667, 18.3333, -12.0, 18.0, -11.3333, 17.6667, -11.0, 17.3333, -10.3333, 17.0, -9.6667, 17.3333, -8.6667, 20.0, -4.3333, 19.3333, -3.3333, 3.0, -1.0, 0.6667, -0.3333, -1.0, -0.6667, -1.0, 0.0, -1.0, 0.0, 0.3333, -1.3333, 3.0, -3.6667, 19.0, -15.3333, 20.6667, -15.6667, 20.0, -14.6667, 21.6667, -14.3333, 23.0, -14.0, 24.0, -12.6667, 25.0, -11.3333, 25.3333, -9.6667, 26.3333, -9.0, 26.6667, -7.3333, 27.6667, -6.3333, 28.3333, -6.3333, 28.6667, -6.6667, 29.3333, -6.6667, 29.3333, -5.6667, 29.3333, -5.6667, 28.3333, -5.6667, 28.3333, -5.6667, 27.6667, -5.6667, 27.3333, -6.3333, 27.6667, -7.3333, 27.3333, -8.3333, 27.6667, -9.3333, 27.6667, -10.3333, 28.0, -11.3333, 28.0, -12.3333, 28.3333, -13.3333, 28.6667, -14.3333]",17.760441,11.555154,91.760558
237,237,5c:01:3b:6b:b0:95,-36,256,"[86.0, -32.0, 4.0, 0.0, 5.3333, 3.3333, 5.3333, 2.3333, 5.6667, 2.3333, 5.6667, 2.3333, 5.6667, 2.3333, 5.6667, 2.0, 5.6667, 1.6667, 5.6667, 1.6667, 5.6667, 1.0, 5.6667, 0.3333, 5.3333, -0.3333, 5.0, -0.3333, 5.0, -0.3333, 5.0, 0.3333, 5.0, -0.3333, 5.3333, 0.3333, 5.3333, 0.3333, 5.3333, 0.6667, 5.3333, 1.0, 4.6667, 1.0, 4.3333, 1.3333, 4.3333, 1.0, 4.0, 1.6667, 3.6667, 1.6667, 3.3333, 2.0, 0.3333, 0.3333, 0.0, 0.0, 0.0, 0.0, 0.0, 0.0, 0.0, 0.0, 0.0, 0.0, 0.0, 0.0, 0.0, 0.0, 0.0, 0.0, 0.0, 0.0, 1.0, 0.0, 5.3333, 0.0, 5.3333, 1.0, 5.0, 1.0, 5.0, 1.6667, 5.0, 2.3333, 5.0, 3.0, 5.0, 2.6667, 4.6667, 3.3333, 4.6667, 4.0, 4.3333, 3.6667, 5.0, 4.3333, 4.6667, 4.3333, 4.6667, 4.3333, 4.6667, 4.3333, 5.0, 4.3333, 4.3333, 4.3333, 4.3333, 4.3333, 4.3333, 3.6667, 4.6667, 4.0, 5.0, 3.6667, 4.6667, 3.6667, 5.3333, 4.0, 5.3333, 3.3333, 5.6667, 3.6667, 5.6667, 3.0, 6.0, 3.0, 3.6667, 2.6667, 12.6667, 9.6667, 12.6667, 9.6667, 12.3333, 9.3333, 12.6667, 9.3333, 12.6667, 8.6667, 12.3333, 7.6667, 12.0, 7.6667, 12.0, 7.0, 12.0, 6.3333, 12.6667, 5.0, 13.0, 4.3333, 12.3333, 3.0, 12.3333, 3.0, 12.3333, 3.0, 12.3333, 3.6667, 12.6667, 3.6667, 12.3333, 4.3333, 12.0, 4.0, 11.6667, 4.3333, 11.0, 4.6667, 10.0, 4.6667, 9.6667, 5.0, 9.3333, 4.6667, 9.0, 4.6667, 8.3333, 5.0, 8.3333, 6.0, 8.6667, 8.0, 8.3333, 8.0, 1.0, 1.0, 0.3333, 0.0, -0.6667, -1.0, -0.6667, -0.3333, -0.6667, -0.3333, 0.3333, -0.3333, 2.0, -0.3333, 13.0, 3.0, 13.3333, 3.3333, 12.0, 4.0, 11.6667, 5.3333, 11.6667, 5.6667, 11.3333, 7.0, 11.0, 8.3333, 10.3333, 9.3333, 10.6667, 10.0, 11.0, 11.0, 12.0, 11.3333, 12.3333, 11.3333, 12.0, 11.3333, 12.3333, 11.0, 12.3333, 11.6667, 12.0, 11.6667, 11.6667, 11.6667, 11.6667, 12.0, 11.3333, 12.0, 11.3333, 11.6667, 11.3333, 11.0, 11.0, 10.6667, 11.0, 10.6667, 11.3333, 10.3333, 12.0, 10.0, 12.3333, 9.6667, 12.6667, 9.3333, 13.0, 8.6667]",9.278388,9.038069,91.760558
238,238,5c:01:3b:6b:b0:95,-37,256,"[86.0, -32.0, 4.0, 0.0, -4.6667, 11.6667, -4.6667, 10.6667, -4.3333, 10.6667, -4.0, 10.6667, -4.0, 10.6667, -4.0, 10.0, -3.6667, 9.3333, -3.3333, 9.3333, -3.3333, 9.0, -3.0, 8.6667, -3.0, 8.3333, -3.0, 8.3333, -3.0, 8.3333, -3.0, 8.6667, -3.0, 8.3333, -2.6667, 8.6667, -2.6667, 8.6667, -2.6667, 8.3333, -2.6667, 8.0, -3.0, 8.0, -3.0, 7.6667, -3.0, 7.0, -3.3333, 7.3333, -3.3333, 7.3333, -3.0, 7.0, -1.0, 1.6667, 0.0, 0.0, 0.0, 0.0, 0.0, 0.0, 0.0, 0.0, 0.0, 0.0, 0.0, 0.0, 0.0, 0.0, 0.0, 0.0, 0.0, 0.0, -1.0, 2.0, -3.0, 8.0, -3.3333, 9.0, -3.3333, 9.0, -3.3333, 9.3333, -3.3333, 9.6667, -3.6667, 10.0, -3.6667, 9.3333, -3.6667, 9.6667, -3.6667, 10.0, -4.3333, 9.3333, -4.0, 9.6667, -4.6667, 9.6667, -4.6667, 9.6667, -4.6667, 9.6667, -4.0, 9.6667, -4.3333, 9.6667, -4.3333, 9.6667, -4.0, 9.3333, -3.6667, 10.0, -3.6667, 10.3333, -4.0, 10.3333, -4.0, 11.0, -4.0, 10.6667, -4.0, 11.3333, -4.3333, 11.0, -4.3333, 11.0, -3.3333, 6.3333, -9.6667, 22.3333, -9.3333, 22.3333, -9.0, 21.6667, -8.3333, 21.6667, -7.6667, 21.3333, -7.6667, 20.3333, -7.3333, 20.3333, -6.6667, 20.0, -6.3333, 19.6667, -5.6667, 19.0, -5.0, 18.6667, -5.0, 18.0, -5.0, 18.0, -4.6667, 18.0, -4.6667, 18.3333, -4.3333, 18.3333, -4.3333, 18.6667, -4.3333, 18.0, -4.6667, 17.6667, -4.6667, 17.3333, -5.3333, 16.3333, -5.0, 16.0, -5.0, 15.3333, -5.0, 14.3333, -5.3333, 14.0, -5.3333, 14.0, -5.3333, 14.0, -6.0, 13.0, -1.6667, 2.0, -0.6667, 0.0, -0.3333, -1.0, -0.3333, -0.6667, -0.3333, -0.6667, -0.3333, 0.3333, -1.0, 2.3333, -3.0, 17.0, -3.6667, 16.6667, -5.3333, 17.0, -6.0, 17.6667, -7.0, 17.3333, -7.6667, 18.0, -8.6667, 18.6667, -9.6667, 18.6667, -10.3333, 19.0, -10.6667, 19.0, -10.6667, 18.6667, -11.0, 18.6667, -11.6667, 18.6667, -12.0, 18.0, -12.0, 18.3333, -12.0, 18.3333, -12.0, 18.3333, -11.6667, 19.0, -11.3333, 19.0, -11.0, 19.3333, -10.6667, 19.0, -10.3333, 19.3333, -10.3333, 20.3333, -10.0, 20.6667, -9.6667, 21.0, -9.6667, 21.3333, -10.0, 21.6667, -10.0, 21.3333]",13.739731,9.999401,91.760558
239,239,5c:01:3b:6b:b0:95,-41,256,"[86.0, -32.0, 4.0, 0.0, -12.0, 13.0, -12.0, 12.3333, -11.6667, 12.6667, -10.6667, 12.6667, -10.6667, 12.6667, -10.3333, 12.0, -9.3333, 11.3333, -8.6667, 11.6667, -8.3333, 11.6667, -7.6667, 12.0, -7.3333, 12.0, -6.6667, 12.3333, -6.6667, 12.0, -6.6667, 12.0, -6.6667, 12.0, -6.6667, 12.0, -6.6667, 12.0, -6.6667, 11.3333, -6.6667, 10.3333, -7.0, 10.3333, -7.0, 9.6667, -7.6667, 9.0, -8.0, 9.0, -8.0, 8.6667, -7.3333, 8.0, -2.0, 2.0, 0.0, 0.0, 0.0, 0.0, 0.0, 0.0, 0.0, 0.0, 0.0, 0.0, 0.0, 0.0, 0.0, 0.0, 0.0, 0.0, 0.0, 0.0, -2.3333, 2.6667, -8.0, 11.0, -9.0, 11.3333, -9.3333, 11.3333, -9.6667, 11.3333, -10.0, 11.0, -11.0, 11.0, -11.3333, 10.0, -11.6667, 9.6667, -12.0, 9.6667, -12.6667, 9.0, -13.0, 9.0, -13.6667, 9.0, -13.6667, 9.0, -13.3333, 9.0, -12.6667, 9.0, -13.0, 9.0, -12.6667, 9.0, -12.0, 9.0, -11.6667, 10.0, -11.6667, 10.6667, -11.6667, 10.6667, -12.0, 11.3333, -12.0, 11.6667, -12.0, 12.3333, -12.3333, 12.3333, -12.3333, 12.3333, -9.6667, 6.3333, -29.3333, 22.0, -28.6667, 22.0, -27.6667, 21.3333, -26.6667, 21.3333, -25.0, 21.0, -24.3333, 20.3333, -23.0, 20.3333, -21.3333, 21.0, -19.6667, 21.6667, -18.3333, 22.3333, -16.6667, 23.0, -15.6667, 23.3333, -15.3333, 23.3333, -14.6667, 23.3333, -14.6667, 23.3333, -14.6667, 23.3333, -14.6667, 23.3333, -14.6667, 22.6667, -15.0, 21.3333, -15.3333, 20.3333, -16.3333, 18.6667, -15.6667, 18.0, -15.6667, 17.0, -15.6667, 15.6667, -16.0, 14.6667, -16.6667, 13.3333, -19.3333, 14.3333, -20.3333, 13.6667, -4.3333, 2.3333, -1.6667, 0.0, 0.0, -1.0, 0.0, -1.0, 0.0, -1.0, -0.6667, 0.6667, -3.0, 3.3333, -14.0, 21.0, -16.0, 19.6667, -17.6667, 19.6667, -20.0, 19.0, -22.6667, 17.6667, -24.6667, 18.3333, -27.3333, 18.6667, -29.3333, 18.6667, -31.3333, 19.3333, -32.3333, 19.3333, -33.3333, 19.3333, -34.3333, 19.3333, -35.3333, 19.3333, -36.3333, 18.6667, -36.3333, 19.0, -36.0, 19.0, -35.6667, 19.0, -35.0, 19.6667, -34.0, 19.3333, -33.3333, 19.6667, -32.6667, 19.3333, -31.6667, 19.3333, -31.6667, 20.3333, -30.6667, 20.6667, -30.3333, 21.0, -29.6667, 21.3333, -30.3333, 21.6667, -30.3333, 21.3333]",20.903509,13.46149,91.760558
240,240,5c:01:3b:6b:b0:95,-37,256,"[86.0, -32.0, 4.0, 0.0, -8.0, 3.6667, -8.3333, 3.3333, -8.3333, 3.3333, -7.6667, 3.3333, -7.6667, 3.3333, -8.0, 3.0, -7.6667, 2.3333, -7.0, 2.6667, -7.3333, 2.3333, -6.6667, 2.3333, -7.0, 2.3333, -6.3333, 2.3333, -6.6667, 2.0, -6.6667, 2.0, -6.3333, 2.0, -6.3333, 2.3333, -6.3333, 2.3333, -6.3333, 2.3333, -6.0, 2.0, -6.0, 2.3333, -5.6667, 2.0, -6.3333, 2.0, -6.0, 2.0, -6.0, 2.0, -5.0, 1.6667, -1.3333, 0.3333, 0.0, 0.0, 0.0, 0.0, 0.0, 0.0, 0.0, 0.0, 0.0, 0.0, 0.0, 0.0, 0.0, 0.0, 0.0, 0.0, 0.0, 0.0, -2.3333, 0.3333, -7.3333, 2.3333, -8.0, 2.6667, -7.6667, 3.0, -7.3333, 3.0, -7.0, 3.0, -7.3333, 3.3333, -7.0, 3.0, -6.6667, 3.0, -6.3333, 3.3333, -6.6667, 3.0, -6.6667, 3.0, -7.0, 3.0, -6.6667, 3.0, -6.6667, 3.0, -6.3333, 3.0, -6.6667, 3.0, -6.6667, 3.0, -6.3333, 2.6667, -6.6667, 3.3333, -6.6667, 3.3333, -7.0, 3.3333, -7.6667, 3.3333, -7.6667, 3.3333, -7.6667, 3.3333, -7.6667, 3.3333, -7.6667, 3.3333, -6.6667, 1.6667, -20.3333, 7.6667, -20.0, 7.6667, -19.3333, 7.3333, -19.0, 7.6667, -17.6667, 7.6667, -17.3333, 7.0, -17.0, 6.6667, -16.0, 7.0, -15.3333, 7.3333, -15.0, 7.6667, -14.0, 7.6667, -14.0, 7.6667, -14.0, 7.3333, -13.3333, 7.3333, -13.3333, 7.3333, -13.3333, 7.3333, -13.0, 7.6667, -13.0, 7.6667, -12.6667, 6.6667, -12.3333, 6.6667, -12.6667, 6.0, -12.0, 6.0, -12.0, 5.6667, -11.6667, 5.3333, -11.3333, 5.0, -11.6667, 4.3333, -12.6667, 4.3333, -13.0, 3.6667, -3.0, 0.3333, -1.3333, -0.3333, -0.3333, -1.0, 0.0, -0.6667, 0.0, -0.6667, -1.0, 0.0, -3.3333, 1.0, -14.6667, 7.6667, -15.3333, 7.6667, -15.3333, 6.6667, -16.0, 6.6667, -17.0, 6.0, -17.6667, 6.0, -19.3333, 5.6667, -20.0, 5.3333, -20.6667, 5.3333, -20.6667, 5.0, -20.6667, 5.0, -21.3333, 5.0, -22.0, 5.0, -22.6667, 4.6667, -22.3333, 5.0, -21.6667, 4.6667, -21.6667, 4.6667, -21.0, 5.0, -20.6667, 5.0, -21.0, 5.3333, -20.6667, 5.3333, -20.3333, 5.3333, -20.6667, 5.6667, -20.3333, 6.3333, -20.3333, 7.0, -20.0, 7.3333, -21.0, 7.6667, -21.0, 7.3333]",11.937575,9.964147,91.760558
241,241,5c:01:3b:6b:b0:95,-40,256,"[86.0, -32.0, 4.0, 0.0, -3.0, -5.6667, -3.6667, -5.6667, -3.6667, -6.0, -3.3333, -6.0, -3.3333, -6.0, -4.0, -6.0, -4.3333, -6.6667, -4.0, -6.3333, -4.6667, -7.0, -4.3333, -7.3333, -5.0, -7.3333, -4.6667, -7.6667, -5.3333, -8.0, -5.3333, -8.0, -4.6667, -8.0, -4.6667, -7.3333, -4.6667, -7.3333, -4.6667, -6.6667, -4.0, -6.3333, -4.0, -5.6667, -3.3333, -5.6667, -3.6667, -5.0, -3.0, -5.0, -3.0, -4.6667, -2.0, -4.6667, -0.6667, -1.3333, 0.0, 0.0, 0.0, 0.0, 0.0, 0.0, 0.0, 0.0, 0.0, 0.0, 0.0, 0.0, 0.0, 0.0, 0.0, 0.0, 0.0, 0.0, -1.6667, -2.0, -4.6667, -6.3333, -5.0, -6.0, -4.3333, -5.3333, -3.6667, -5.3333, -3.0, -5.0, -2.6667, -4.3333, -2.0, -4.0, -1.3333, -3.6667, -0.6667, -3.0, -0.6667, -3.0, -0.3333, -3.0, -0.3333, -3.0, 0.3333, -3.0, 0.0, -3.0, 0.0, -3.0, -0.3333, -3.0, -0.6667, -3.0, -0.6667, -3.6667, -1.3333, -3.3333, -1.3333, -4.0, -2.0, -4.0, -2.3333, -4.6667, -2.3333, -5.0, -2.3333, -5.6667, -2.3333, -5.6667, -2.3333, -5.6667, -2.3333, -2.0, -6.6667, -5.3333, -7.0, -5.3333, -6.6667, -5.3333, -7.0, -5.0, -6.3333, -5.3333, -6.6667, -6.3333, -7.0, -7.0, -7.0, -7.0, -7.6667, -7.0, -8.0, -7.0, -8.0, -7.6667, -9.0, -8.0, -9.0, -8.6667, -8.6667, -8.6667, -8.6667, -8.6667, -8.6667, -8.6667, -8.0, -8.0, -8.0, -7.3333, -7.3333, -8.0, -6.6667, -7.0, -6.3333, -6.6667, -6.0, -6.0, -6.0, -5.6667, -5.3333, -5.0, -4.6667, -4.6667, -4.3333, -4.6667, -3.3333, -2.6667, -3.0, -3.3333, -1.0, -1.0, -0.6667, -0.6667, -0.6667, -1.0, 0.0, -0.3333, 0.0, -0.3333, -1.0, -0.6667, -2.6667, -1.3333, -10.3333, -5.6667, -9.6667, -4.3333, -8.6667, -6.3333, -8.0, -5.6667, -7.0, -5.3333, -6.3333, -4.6667, -6.6667, -4.6667, -6.0, -4.0, -5.3333, -4.3333, -4.3333, -5.0, -3.3333, -5.0, -3.6667, -5.3333, -4.0, -5.0, -4.3333, -5.0, -3.6667, -5.0, -3.3333, -5.3333, -3.3333, -5.3333, -3.0, -5.6667, -3.3333, -5.3333, -4.0, -5.0, -4.3333, -4.3333, -4.6667, -4.3333, -5.3333, -4.3333, -5.6667, -4.0, -5.6667, -4.0, -6.0, -4.3333, -7.0, -4.6667, -7.0, -5.3333]",6.980912,8.178586,91.760558
242,242,5c:01:3b:6b:b0:95,-36,256,"[86.0, -32.0, 4.0, 0.0, -4.6667, -3.0, -5.3333, -3.0, -5.0, -3.6667, -4.6667, -3.3333, -4.3333, -3.3333, -5.0, -3.3333, -5.3333, -3.6667, -5.0, -3.6667, -5.3333, -4.3333, -5.0, -4.6667, -5.6667, -4.6667, -5.6667, -5.0, -6.0, -5.0, -6.0, -5.0, -5.3333, -5.0, -5.3333, -4.3333, -5.3333, -4.6667, -5.3333, -4.3333, -4.6667, -4.0, -4.6667, -3.3333, -4.0, -3.6667, -4.0, -3.0, -3.3333, -3.3333, -3.3333, -3.0, -2.6667, -3.0, -1.0, -1.0, 0.0, 0.0, 0.0, 0.0, 0.0, 0.0, 0.0, 0.0, 0.0, 0.0, 0.0, 0.0, 0.0, 0.0, 0.0, 0.0, 0.0, 0.0, -1.6667, -1.3333, -5.3333, -3.6667, -5.6667, -3.3333, -5.3333, -3.0, -5.0, -3.3333, -4.6667, -2.6667, -4.3333, -2.3333, -4.3333, -2.0, -3.6667, -1.6667, -3.3333, -1.0, -3.6667, -1.3333, -3.3333, -1.3333, -3.3333, -1.6667, -2.3333, -1.6667, -3.0, -1.6667, -3.0, -1.6667, -3.0, -1.3333, -3.3333, -1.3333, -3.0, -1.6667, -3.6667, -1.6667, -3.6667, -2.0, -4.3333, -1.6667, -4.0, -2.3333, -4.0, -3.0, -4.3333, -3.3333, -4.3333, -3.3333, -4.3333, -3.3333, -2.3333, -1.3333, -6.3333, -2.3333, -7.0, -2.3333, -7.0, -2.3333, -7.0, -2.0, -6.6667, -1.6667, -6.6667, -2.3333, -7.0, -2.6667, -7.0, -3.0, -7.6667, -3.0, -8.0, -3.3333, -8.3333, -4.0, -9.0, -4.3333, -9.0, -5.0, -9.0, -5.0, -8.6667, -5.0, -8.6667, -5.0, -8.3333, -4.3333, -8.0, -4.0, -7.3333, -4.3333, -6.6667, -3.6667, -6.3333, -3.3333, -6.3333, -3.0, -6.3333, -2.6667, -5.6667, -2.3333, -5.0, -2.0, -4.3333, -2.0, -2.6667, -4.0, -2.3333, -6.0, -0.6667, -1.6667, -0.6667, -1.0, -0.6667, -1.0, 0.0, -0.3333, 0.0, -0.3333, -1.0, -0.6667, -2.3333, -0.6667, -9.3333, -1.6667, -8.6667, -0.3333, -8.6667, -2.3333, -8.0, -2.0, -7.0, -1.6667, -6.3333, -2.3333, -6.3333, -3.0, -5.6667, -3.6667, -5.0, -5.3333, -4.3333, -7.3333, -3.3333, -8.3333, -3.6667, -9.0, -4.0, -8.3333, -4.0, -8.3333, -3.3333, -9.0, -3.3333, -9.3333, -3.0, -9.3333, -3.0, -10.0, -3.3333, -9.0, -3.6667, -8.0, -4.3333, -6.3333, -4.6667, -5.3333, -5.0, -4.6667, -5.6667, -3.6667, -5.3333, -3.0, -6.0, -2.3333, -6.6667, -2.0, -6.6667, -2.3333]",6.490462,8.057235,91.760558
243,243,5c:01:3b:6b:b0:95,-36,256,"[86.0, -32.0, 4.0, 0.0, -11.3333, 5.3333, -11.6667, 5.3333, -11.0, 4.6667, -10.3333, 5.0, -9.6667, 4.6667, -10.0, 4.3333, -9.6667, 4.3333, -9.0, 4.0, -8.6667, 3.3333, -8.0, 3.3333, -8.3333, 3.0, -8.3333, 3.0, -8.0, 3.0, -8.0, 3.0, -7.6667, 3.0, -7.6667, 3.3333, -7.6667, 3.0, -7.6667, 3.0, -7.3333, 3.0, -7.3333, 3.3333, -7.0, 3.0, -7.0, 3.0, -6.6667, 2.6667, -6.6667, 2.6667, -6.3333, 2.6667, -2.0, 0.3333, 0.0, 0.0, 0.0, 0.0, 0.0, 0.0, 0.0, 0.0, 0.0, 0.0, 0.0, 0.0, 0.0, 0.0, 0.0, 0.0, 0.0, 0.0, -2.3333, 0.3333, -8.6667, 3.3333, -9.3333, 3.6667, -9.6667, 4.0, -10.0, 4.0, -10.3333, 4.6667, -10.6667, 4.6667, -11.6667, 4.3333, -11.3333, 4.3333, -11.6667, 4.3333, -12.3333, 4.0, -12.6667, 4.0, -12.6667, 3.6667, -11.6667, 3.6667, -12.0, 3.6667, -12.0, 3.6667, -12.0, 4.0, -11.6667, 4.0, -11.0, 4.0, -11.3333, 4.3333, -11.3333, 4.3333, -11.6667, 5.0, -11.0, 4.6667, -11.0, 4.6667, -11.6667, 5.0, -11.6667, 5.0, -11.6667, 5.0, -6.6667, 3.3333, -19.6667, 11.6667, -20.0, 11.6667, -20.0, 11.3333, -19.0, 11.3333, -18.3333, 11.0, -17.3333, 10.6667, -17.0, 10.0, -16.0, 9.6667, -15.3333, 9.3333, -15.0, 9.3333, -14.6667, 9.0, -14.0, 8.6667, -14.0, 8.3333, -14.0, 8.3333, -13.3333, 8.0, -13.3333, 8.0, -13.6667, 8.3333, -13.0, 8.3333, -12.6667, 8.0, -12.3333, 8.0, -12.6667, 7.6667, -12.6667, 7.6667, -12.6667, 7.3333, -12.3333, 7.0, -12.0, 7.0, -11.6667, 6.6667, -11.3333, 6.0, -11.6667, 4.3333, -2.3333, 0.3333, -1.3333, -0.6667, -0.3333, -1.0, 0.0, -0.6667, 0.0, -0.6667, -1.0, 0.0, -2.6667, 1.0, -12.6667, 9.0, -13.3333, 9.6667, -15.3333, 9.0, -16.0, 9.3333, -17.0, 10.0, -17.6667, 9.6667, -18.6667, 9.6667, -19.3333, 9.6667, -20.0, 8.6667, -20.6667, 7.0, -20.6667, 6.0, -21.3333, 5.3333, -22.0, 5.6667, -22.0, 5.6667, -21.6667, 5.0, -21.6667, 4.6667, -21.0, 4.6667, -21.0, 4.3333, -20.6667, 5.3333, -20.3333, 6.0, -20.6667, 7.6667, -20.3333, 8.6667, -20.0, 9.6667, -20.3333, 10.3333, -19.6667, 10.6667, -20.0, 11.3333, -20.3333, 11.6667, -20.3333, 11.3333]",13.520801,9.759856,91.760558
244,244,5c:01:3b:6b:b0:95,-41,256,"[86.0, -32.0, 4.0, 0.0, -18.0, 13.6667, -18.0, 13.6667, -17.0, 13.0, -16.0, 13.3333, -15.0, 12.6667, -15.0, 12.0, -14.0, 12.3333, -13.0, 11.6667, -12.0, 11.0, -11.0, 11.3333, -11.0, 10.6667, -11.0, 11.0, -10.0, 11.0, -10.0, 11.0, -10.0, 11.0, -10.0, 11.0, -10.0, 10.6667, -10.0, 10.3333, -10.0, 10.0, -10.0, 10.0, -10.0, 9.6667, -10.0, 9.0, -10.0, 8.6667, -10.0, 8.3333, -10.0, 8.3333, -3.0, 1.6667, 0.0, 0.0, 0.0, 0.0, 0.0, 0.0, 0.0, 0.0, 0.0, 0.0, 0.0, 0.0, 0.0, 0.0, 0.0, 0.0, 0.0, 0.0, -3.0, 2.0, -12.0, 10.3333, -13.0, 10.6667, -14.0, 11.0, -15.0, 11.3333, -16.0, 12.0, -17.0, 11.6667, -19.0, 10.6667, -19.0, 10.3333, -20.0, 9.6667, -21.0, 9.3333, -22.0, 9.3333, -22.0, 9.0, -21.0, 9.0, -21.0, 9.0, -21.0, 9.0, -21.0, 9.3333, -20.0, 9.3333, -19.0, 9.6667, -19.0, 10.3333, -19.0, 10.6667, -19.0, 11.6667, -18.0, 11.6667, -18.0, 12.3333, -19.0, 13.3333, -19.0, 13.3333, -19.0, 13.3333, -11.0, 7.0, -33.0, 24.3333, -33.0, 24.3333, -33.0, 23.6667, -31.0, 23.6667, -30.0, 23.3333, -28.0, 23.6667, -27.0, 22.6667, -25.0, 22.3333, -23.0, 21.6667, -22.0, 22.0, -21.0, 22.0, -19.0, 21.6667, -19.0, 21.6667, -19.0, 21.6667, -18.0, 21.0, -18.0, 21.0, -19.0, 21.0, -18.0, 20.6667, -18.0, 20.3333, -18.0, 19.6667, -19.0, 18.6667, -19.0, 18.3333, -19.0, 17.3333, -19.0, 16.3333, -19.0, 16.0, -19.0, 15.3333, -20.0, 13.0, -21.0, 11.6667, -4.0, 1.6667, -2.0, -0.3333, 0.0, -1.0, 0.0, -1.0, 0.0, -1.0, -1.0, 0.6667, -3.0, 2.6667, -16.0, 19.6667, -18.0, 19.6667, -22.0, 20.3333, -24.0, 20.6667, -27.0, 21.3333, -29.0, 20.0, -31.0, 19.6667, -33.0, 19.0, -35.0, 18.3333, -37.0, 17.0, -38.0, 16.0, -39.0, 15.6667, -40.0, 15.3333, -40.0, 15.3333, -40.0, 15.0, -40.0, 14.3333, -39.0, 14.3333, -39.0, 14.6667, -38.0, 15.6667, -37.0, 16.0, -37.0, 17.3333, -36.0, 18.3333, -35.0, 19.3333, -35.0, 20.3333, -34.0, 21.3333, -34.0, 22.6667, -34.0, 23.6667, -34.0, 23.6667]",23.68684,13.994683,91.760558
245,245,5c:01:3b:6b:b0:95,-37,256,"[86.0, -32.0, 4.0, 0.0, -8.3333, 11.3333, -8.3333, 11.3333, -7.6667, 11.0, -7.0, 11.0, -6.3333, 10.6667, -6.3333, 10.0, -6.0, 10.3333, -5.6667, 9.6667, -5.3333, 9.3333, -5.0, 9.3333, -5.0, 9.0, -5.3333, 9.0, -4.6667, 9.0, -4.6667, 9.0, -4.6667, 9.0, -4.6667, 9.0, -4.6667, 9.0, -4.3333, 8.6667, -4.3333, 8.6667, -4.3333, 8.3333, -4.3333, 8.0, -4.3333, 7.3333, -4.3333, 7.0, -4.3333, 7.0, -4.3333, 6.6667, -1.6667, 1.3333, 0.0, 0.0, 0.0, 0.0, 0.0, 0.0, 0.0, 0.0, 0.0, 0.0, 0.0, 0.0, 0.0, 0.0, 0.0, 0.0, 0.0, 0.0, -1.6667, 1.6667, -5.3333, 8.6667, -5.6667, 9.0, -6.0, 9.3333, -6.3333, 9.6667, -7.0, 10.3333, -8.0, 9.6667, -9.6667, 9.0, -9.6667, 8.6667, -10.3333, 7.6667, -11.0, 7.3333, -11.6667, 7.0, -12.0, 7.0, -11.3333, 7.0, -11.3333, 7.0, -11.3333, 7.0, -11.3333, 7.0, -10.6667, 7.3333, -10.0, 7.3333, -10.0, 8.3333, -9.6667, 8.6667, -9.6667, 9.3333, -8.6667, 9.6667, -8.3333, 10.3333, -9.0, 11.0, -9.0, 11.0, -8.6667, 11.3333, -5.6667, 5.6667, -16.0, 20.6667, -16.3333, 20.6667, -16.3333, 20.0, -15.0, 20.3333, -14.3333, 20.0, -13.0, 20.3333, -12.3333, 19.3333, -10.6667, 19.0, -9.0, 18.3333, -8.3333, 18.6667, -7.3333, 18.6667, -6.6667, 18.3333, -6.6667, 18.6667, -6.6667, 18.6667, -6.0, 18.0, -6.0, 18.0, -6.6667, 17.6667, -6.0, 17.6667, -6.0, 17.0, -6.0, 16.6667, -7.3333, 15.6667, -7.6667, 15.3333, -8.0, 14.6667, -8.3333, 13.6667, -8.6667, 13.3333, -9.3333, 13.0, -11.3333, 11.0, -12.6667, 9.6667, -2.6667, 1.3333, -1.3333, -0.3333, -0.3333, -0.6667, -0.3333, -1.0, -0.3333, -1.0, -0.6667, 0.6667, -1.0, 2.3333, -4.6667, 17.3333, -5.6667, 17.3333, -8.0, 17.6667, -10.0, 18.3333, -12.3333, 18.6667, -14.0, 17.3333, -15.6667, 16.6667, -17.3333, 16.0, -19.0, 15.3333, -20.6667, 14.0, -21.6667, 13.0, -22.6667, 12.6667, -23.0, 12.0, -23.0, 11.6667, -23.3333, 11.6667, -23.3333, 10.6667, -23.0, 10.6667, -23.0, 11.3333, -22.0, 12.3333, -21.0, 12.6667, -21.0, 14.0, -20.0, 15.0, -19.0, 16.0, -18.3333, 17.0, -17.3333, 18.0, -17.0, 19.0, -17.0, 20.0, -16.6667, 20.0]",15.267031,10.404254,91.760558
246,246,5c:01:3b:6b:b0:95,-40,256,"[86.0, -32.0, 4.0, 0.0, -8.6667, 0.0, -8.6667, 0.0, -8.3333, 0.3333, -7.6667, 0.6667, -7.3333, 0.6667, -7.3333, 0.6667, -7.3333, 1.3333, -7.3333, 1.3333, -7.6667, 1.6667, -7.6667, 1.6667, -7.6667, 2.0, -8.0, 2.0, -7.6667, 2.3333, -7.6667, 2.0, -7.6667, 2.0, -7.3333, 2.0, -7.3333, 2.0, -6.6667, 1.6667, -6.3333, 1.6667, -6.3333, 1.3333, -6.0, 1.0, -5.6667, 0.6667, -5.3333, 0.3333, -5.3333, 0.3333, -5.0, -0.3333, -1.6667, -0.3333, 0.0, 0.0, 0.0, 0.0, 0.0, 0.0, 0.0, 0.0, 0.0, 0.0, 0.0, 0.0, 0.0, 0.0, 0.0, 0.0, 0.0, 0.0, -2.3333, 0.0, -7.3333, 1.3333, -7.3333, 1.0, -7.3333, 0.6667, -7.3333, 0.3333, -7.3333, 0.3333, -8.0, -0.6667, -9.0, -1.3333, -9.0, -2.0, -9.0, -2.6667, -9.3333, -3.0, -9.6667, -3.3333, -10.0, -3.3333, -9.6667, -3.3333, -9.3333, -3.3333, -9.3333, -3.0, -9.3333, -3.3333, -9.0, -3.0, -8.6667, -3.0, -9.0, -2.6667, -9.0, -2.0, -9.0, -1.6667, -8.3333, -1.3333, -8.3333, -0.6667, -9.0, -0.3333, -9.0, -0.6667, -8.6667, -0.3333, -5.6667, -1.3333, -16.3333, -2.0, -16.6667, -2.0, -16.3333, -2.0, -15.6667, -1.3333, -15.3333, -0.6667, -14.6667, 0.0, -14.0, 0.3333, -13.0, 1.0, -12.0, 1.3333, -12.0, 2.0, -11.6667, 2.6667, -11.6667, 3.3333, -12.0, 3.6667, -12.0, 4.0, -11.6667, 3.6667, -11.3333, 3.3333, -11.3333, 3.3333, -10.6667, 3.3333, -10.3333, 2.3333, -10.0, 2.0, -10.6667, 1.3333, -10.3333, 1.0, -10.3333, 0.6667, -10.3333, 0.0, -10.0, -0.3333, -10.3333, -1.0, -11.0, -1.6667, -11.6667, -2.3333, -2.6667, -0.6667, -1.0, -0.6667, -0.3333, -0.3333, -0.3333, -0.6667, -0.3333, -0.6667, -1.0, 0.0, -2.0, 0.3333, -10.3333, 4.0, -10.3333, 3.0, -11.3333, 2.0, -12.6667, 1.0, -14.0, -0.3333, -14.6667, -2.0, -15.3333, -3.0, -16.0, -3.3333, -16.6667, -3.6667, -17.3333, -4.3333, -18.0, -5.0, -18.6667, -5.0, -18.6667, -5.6667, -18.6667, -6.0, -18.6667, -5.6667, -18.6667, -6.3333, -18.3333, -6.3333, -18.6667, -6.0, -18.0, -5.3333, -17.6667, -5.3333, -18.0, -4.6667, -17.6667, -4.3333, -17.3333, -3.6667, -17.0, -3.6667, -16.6667, -3.0, -16.6667, -3.0, -17.0, -2.6667, -17.0, -3.0]",10.56616,8.999055,91.760558
247,247,5c:01:3b:6b:b0:95,-40,256,"[86.0, -32.0, 4.0, 0.0, -9.0, -11.3333, -9.0, -11.3333, -9.0, -10.3333, -8.3333, -9.6667, -8.3333, -9.3333, -8.3333, -8.6667, -8.6667, -7.6667, -9.0, -7.0, -10.0, -6.0, -10.3333, -6.0, -10.3333, -5.0, -10.6667, -5.0, -10.6667, -4.3333, -10.6667, -5.0, -10.6667, -5.0, -10.0, -5.0, -10.0, -5.0, -9.0, -5.3333, -8.3333, -5.3333, -8.3333, -5.6667, -7.6667, -6.0, -7.0, -6.0, -6.3333, -6.3333, -6.3333, -6.3333, -5.6667, -7.3333, -1.6667, -2.0, 0.0, 0.0, 0.0, 0.0, 0.0, 0.0, 0.0, 0.0, 0.0, 0.0, 0.0, 0.0, 0.0, 0.0, 0.0, 0.0, 0.0, 0.0, -3.0, -1.6667, -9.3333, -6.0, -9.0, -7.0, -8.6667, -8.0, -8.3333, -9.0, -7.6667, -9.6667, -8.0, -11.0, -8.3333, -11.6667, -8.3333, -12.6667, -7.6667, -13.0, -7.6667, -13.3333, -7.6667, -13.6667, -8.0, -13.6667, -8.0, -13.6667, -7.3333, -13.6667, -7.3333, -13.0, -7.3333, -13.6667, -7.3333, -13.3333, -7.3333, -13.3333, -8.0, -13.6667, -8.3333, -12.6667, -8.3333, -12.6667, -8.0, -12.3333, -8.3333, -11.6667, -9.0, -11.6667, -9.0, -12.3333, -8.6667, -12.0, -5.6667, -8.3333, -16.6667, -24.6667, -17.0, -24.6667, -16.3333, -24.0, -16.3333, -23.0, -16.3333, -21.3333, -16.3333, -20.3333, -15.6667, -18.6667, -15.3333, -17.0, -15.0, -15.6667, -15.6667, -14.6667, -16.0, -13.3333, -16.6667, -11.6667, -17.3333, -11.3333, -17.3333, -10.6667, -17.3333, -10.6667, -16.6667, -11.3333, -16.0, -11.0, -15.3333, -11.0, -14.6667, -12.3333, -14.0, -12.6667, -14.0, -13.0, -13.0, -13.3333, -12.6667, -13.3333, -12.3333, -13.6667, -11.3333, -14.0, -11.3333, -15.0, -10.6667, -14.3333, -10.6667, -14.3333, -2.6667, -2.6667, -0.6667, -1.0, -0.3333, 0.0, -0.3333, -0.3333, -0.3333, -0.3333, -1.3333, -0.6667, -3.0, -1.6667, -16.0, -9.3333, -15.0, -11.3333, -14.6667, -13.6667, -15.3333, -16.3333, -15.6667, -19.3333, -15.3333, -21.3333, -15.0, -22.6667, -14.6667, -22.6667, -14.3333, -22.6667, -14.0, -22.6667, -14.3333, -23.0, -14.6667, -22.6667, -14.3333, -23.3333, -14.3333, -23.6667, -14.0, -23.0, -14.0, -23.3333, -13.6667, -23.3333, -14.3333, -23.3333, -14.0, -23.0, -14.3333, -23.3333, -15.0, -23.3333, -15.3333, -23.6667, -15.6667, -23.3333, -15.6667, -24.3333, -16.0, -24.0, -16.3333, -25.0, -17.0, -25.3333, -17.3333, -26.0]",16.668315,10.959588,91.760558
248,248,5c:01:3b:6b:b0:95,-36,256,"[86.0, -32.0, 4.0, 0.0, -19.0, -12.6667, -19.0, -12.3333, -19.0, -11.6667, -18.0, -10.6667, -18.0, -10.3333, -18.0, -9.6667, -18.0, -8.6667, -18.0, -8.0, -19.0, -7.0, -19.0, -6.6667, -19.0, -5.6667, -19.0, -5.6667, -19.0, -5.0, -19.0, -5.6667, -19.0, -5.6667, -18.0, -5.6667, -18.0, -6.0, -17.0, -6.0, -16.0, -6.3333, -16.0, -6.3333, -15.0, -6.6667, -14.0, -6.6667, -13.0, -6.6667, -13.0, -7.0, -12.0, -7.6667, -3.0, -2.3333, 0.0, 0.0, 0.0, 0.0, 0.0, 0.0, 0.0, 0.0, 0.0, 0.0, 0.0, 0.0, 0.0, 0.0, 0.0, 0.0, 0.0, 0.0, -5.0, -2.0, -18.0, -7.0, -18.0, -8.0, -18.0, -9.0, -18.0, -10.0, -17.0, -11.0, -17.0, -12.0, -17.0, -13.0, -17.0, -14.0, -16.0, -14.3333, -16.0, -14.3333, -16.0, -14.6667, -16.0, -14.6667, -16.0, -14.6667, -15.0, -14.6667, -15.0, -14.0, -15.0, -14.6667, -15.0, -14.3333, -15.0, -14.3333, -16.0, -14.6667, -17.0, -14.0, -17.0, -13.6667, -17.0, -13.6667, -18.0, -12.6667, -19.0, -12.6667, -19.0, -13.3333, -19.0, -13.3333, -11.0, -8.3333, -34.0, -25.3333, -34.0, -25.3333, -33.0, -24.3333, -33.0, -23.6667, -33.0, -22.0, -33.0, -20.6667, -32.0, -19.0, -32.0, -17.3333, -32.0, -16.0, -33.0, -15.0, -34.0, -14.0, -34.0, -12.0, -35.0, -11.6667, -35.0, -11.0, -35.0, -11.0, -34.0, -11.6667, -33.0, -11.3333, -32.0, -11.3333, -31.0, -12.3333, -30.0, -12.6667, -29.0, -13.3333, -27.0, -13.3333, -26.0, -13.3333, -25.0, -13.6667, -23.0, -14.0, -22.0, -15.0, -19.0, -13.6667, -18.0, -13.3333, -4.0, -2.6667, -1.0, -1.0, 0.0, -0.3333, 0.0, -0.3333, 0.0, -0.3333, -2.0, -0.6667, -6.0, -1.6667, -33.0, -9.0, -32.0, -11.0, -32.0, -14.3333, -32.0, -17.3333, -32.0, -20.0, -31.0, -22.0, -30.0, -23.3333, -29.0, -23.3333, -28.0, -23.3333, -27.0, -23.3333, -27.0, -24.0, -27.0, -23.3333, -27.0, -24.3333, -27.0, -24.3333, -26.0, -24.0, -26.0, -24.0, -25.0, -24.0, -26.0, -24.0, -26.0, -23.6667, -27.0, -23.6667, -28.0, -24.0, -29.0, -24.3333, -30.0, -24.0, -31.0, -25.0, -32.0, -24.6667, -33.0, -25.6667, -34.0, -26.3333, -35.0, -26.6667]",24.754995,13.735097,91.760558
249,249,5c:01:3b:6b:b0:95,-40,256,"[86.0, -32.0, 4.0, 0.0, -8.6667, -1.0, -8.6667, -1.0, -8.6667, -1.0, -8.0, -0.6667, -8.0, -0.6667, -8.0, -0.6667, -8.0, -0.3333, -8.0, 0.0, -8.3333, 0.3333, -8.3333, 0.3333, -8.3333, 0.6667, -8.0, 0.6667, -8.0, 1.0, -8.0, 0.6667, -8.0, 0.6667, -7.3333, 0.6667, -7.6667, 0.3333, -7.3333, 0.3333, -7.0, 0.0, -7.0, 0.0, -6.6667, -0.3333, -6.3333, -0.3333, -5.6667, -0.3333, -6.0, -0.6667, -5.3333, -1.0, -1.6667, -0.6667, 0.0, 0.0, 0.0, 0.0, 0.0, 0.0, 0.0, 0.0, 0.0, 0.0, 0.0, 0.0, 0.0, 0.0, 0.0, 0.0, 0.0, 0.0, -2.3333, -0.3333, -7.6667, 0.6667, -8.0, 0.3333, -8.0, 0.0, -8.3333, -0.3333, -7.6667, -0.3333, -8.0, -0.6667, -8.0, -1.0, -8.3333, -1.6667, -8.0, -1.6667, -8.0, -1.3333, -8.0, -1.3333, -8.0, -1.3333, -8.0, -1.3333, -7.3333, -1.3333, -7.6667, -1.3333, -7.6667, -1.6667, -7.3333, -1.6667, -7.3333, -1.6667, -7.6667, -1.6667, -8.3333, -1.6667, -8.0, -1.3333, -8.0, -1.3333, -8.3333, -0.6667, -8.6667, -0.6667, -8.6667, -1.0, -8.3333, -1.0, -6.0, -1.6667, -17.0, -3.3333, -17.0, -3.6667, -16.3333, -3.3333, -16.3333, -3.3333, -16.3333, -3.0, -16.3333, -2.3333, -15.6667, -2.0, -15.3333, -1.6667, -15.0, -1.3333, -15.3333, -1.3333, -15.3333, -1.3333, -15.3333, -0.3333, -16.0, -0.3333, -15.6667, 0.0, -16.0, 0.0, -15.3333, -0.3333, -15.0, -0.3333, -14.3333, -0.3333, -14.3333, -1.0, -14.0, -1.0, -13.6667, -1.6667, -13.0, -1.6667, -12.3333, -1.6667, -12.0, -2.0, -11.3333, -2.3333, -11.0, -2.6667, -10.6667, -2.6667, -10.6667, -2.3333, -2.6667, -0.6667, -0.6667, -0.6667, -0.3333, -0.6667, -0.3333, -0.6667, -0.3333, -0.6667, -1.0, -0.3333, -2.6667, -0.3333, -15.0, 0.0, -15.0, -0.3333, -14.6667, -0.3333, -15.0, -1.3333, -15.6667, -2.3333, -15.6667, -2.6667, -15.3333, -3.0, -15.0, -2.3333, -14.6667, -2.0, -14.6667, -1.6667, -15.0, -2.0, -15.0, -1.3333, -15.0, -1.6667, -15.0, -1.6667, -14.3333, -1.6667, -14.6667, -2.0, -14.0, -2.0, -14.6667, -2.0, -14.6667, -2.0, -15.0, -2.3333, -15.3333, -2.3333, -15.6667, -2.6667, -16.0, -2.6667, -16.0, -3.0, -16.3333, -3.0, -16.3333, -3.6667, -17.0, -4.0, -17.3333, -3.6667]",10.616881,8.868722,91.760558
250,250,5c:01:3b:6b:b0:95,-38,256,"[86.0, -32.0, 4.0, 0.0, 1.6667, 10.6667, 1.6667, 10.3333, 1.6667, 9.6667, 2.0, 9.3333, 2.0, 9.0, 2.0, 8.3333, 2.0, 8.0, 2.0, 8.0, 2.3333, 7.6667, 2.3333, 7.3333, 2.3333, 7.3333, 3.0, 7.3333, 3.0, 7.3333, 3.0, 7.3333, 3.0, 7.3333, 3.3333, 7.3333, 2.6667, 7.0, 2.3333, 6.6667, 2.0, 6.3333, 2.0, 6.3333, 1.6667, 6.0, 1.3333, 6.0, 1.6667, 6.0, 1.0, 5.6667, 1.3333, 5.6667, -0.3333, 1.0, 0.0, 0.0, 0.0, 0.0, 0.0, 0.0, 0.0, 0.0, 0.0, 0.0, 0.0, 0.0, 0.0, 0.0, 0.0, 0.0, 0.0, 0.0, 0.3333, 1.3333, 2.6667, 8.3333, 2.0, 8.6667, 2.0, 9.0, 1.3333, 9.3333, 1.6667, 10.3333, 1.0, 10.6667, 1.0, 11.0, 0.3333, 10.6667, 0.0, 11.0, 0.0, 11.6667, 0.0, 12.0, 0.0, 12.0, 0.0, 12.0, 0.3333, 12.0, -0.3333, 11.3333, -0.3333, 11.3333, 0.3333, 11.0, 0.3333, 11.0, 0.6667, 11.3333, 0.3333, 10.6667, 1.0, 11.0, 1.0, 11.0, 1.3333, 11.3333, 1.6667, 11.3333, 1.6667, 11.3333, 2.3333, 11.3333, -1.0, 6.0, 0.0, 21.6667, 0.0, 21.0, 0.3333, 20.6667, 0.3333, 20.0, 0.3333, 19.3333, 0.3333, 19.3333, 0.6667, 18.6667, 1.3333, 17.6667, 2.0, 17.3333, 2.3333, 16.3333, 3.3333, 15.6667, 3.3333, 15.6667, 3.0, 15.6667, 3.6667, 15.6667, 3.0, 15.6667, 3.3333, 15.3333, 3.0, 15.0, 3.3333, 15.0, 2.3333, 14.6667, 2.0, 14.6667, 1.6667, 13.6667, 1.0, 13.3333, 1.3333, 13.0, 1.0, 12.6667, 0.3333, 12.0, 0.0, 12.0, -2.3333, 11.6667, -3.3333, 12.0, -1.3333, 1.6667, -0.3333, 0.0, -0.6667, -1.0, -0.6667, -1.0, -0.6667, -1.0, 0.0, 0.3333, 0.6667, 2.0, 3.0, 15.0, 2.0, 16.0, 2.6667, 16.6667, 2.0, 17.3333, 0.6667, 18.3333, -0.3333, 19.3333, -0.6667, 19.6667, -1.0, 20.6667, -1.3333, 21.0, -2.3333, 21.3333, -3.0, 21.3333, -3.0, 22.0, -3.0, 22.3333, -3.0, 22.3333, -2.6667, 22.0, -3.3333, 21.6667, -3.0, 21.3333, -3.3333, 21.3333, -3.3333, 21.0, -3.0, 20.6667, -2.6667, 21.0, -2.3333, 21.0, -2.0, 21.0, -1.0, 21.3333, -0.6667, 21.3333, 0.3333, 21.3333, 0.0, 21.3333, 0.3333, 22.3333]",12.645679,9.731731,91.760558
251,251,5c:01:3b:6b:b0:95,-42,256,"[86.0, -32.0, 4.0, 0.0, 8.3333, 18.0, 8.3333, 17.0, 8.3333, 16.0, 8.6667, 15.0, 8.6667, 14.0, 8.6667, 13.0, 8.6667, 12.0, 9.0, 12.0, 9.6667, 11.0, 9.6667, 10.0, 9.6667, 9.6667, 10.3333, 9.6667, 10.6667, 9.6667, 10.6667, 9.6667, 10.6667, 9.6667, 10.6667, 9.6667, 10.0, 9.6667, 9.0, 9.0, 8.3333, 9.0, 8.3333, 9.0, 7.3333, 9.0, 6.6667, 9.0, 6.3333, 9.0, 5.6667, 9.0, 5.6667, 9.0, 0.6667, 2.0, 0.0, 0.0, 0.0, 0.0, 0.0, 0.0, 0.0, 0.0, 0.0, 0.0, 0.0, 0.0, 0.0, 0.0, 0.0, 0.0, 0.0, 0.0, 2.0, 2.0, 9.6667, 12.0, 8.6667, 13.0, 8.6667, 14.0, 7.6667, 15.0, 7.6667, 17.0, 7.0, 18.0, 6.6667, 19.0, 6.0, 19.0, 5.0, 19.6667, 5.0, 20.3333, 5.0, 20.6667, 4.6667, 20.6667, 4.6667, 20.6667, 4.6667, 20.6667, 4.0, 20.0, 4.0, 20.0, 5.0, 19.3333, 5.0, 19.3333, 6.0, 19.3333, 6.0, 19.0, 6.6667, 19.0, 6.6667, 19.0, 7.3333, 19.0, 8.3333, 19.0, 8.3333, 19.0, 9.0, 19.0, 1.6667, 10.6667, 9.6667, 37.0, 9.6667, 36.0, 9.6667, 35.0, 10.0, 34.3333, 10.3333, 33.0, 10.6667, 32.6667, 11.0, 31.3333, 12.3333, 29.6667, 13.3333, 28.6667, 14.6667, 27.6667, 16.6667, 26.6667, 17.0, 26.0, 17.0, 26.0, 17.6667, 26.0, 17.0, 26.0, 17.0, 25.3333, 16.3333, 25.3333, 16.3333, 25.0, 14.6667, 24.6667, 13.3333, 24.3333, 12.3333, 23.6667, 10.6667, 23.0, 10.3333, 22.0, 9.3333, 21.6667, 7.6667, 21.0, 6.6667, 21.0, 0.3333, 20.3333, -1.3333, 20.3333, -1.0, 3.3333, -0.3333, 0.3333, -1.0, -1.0, -1.0, -1.3333, -1.0, -1.0, 0.6667, 0.6667, 3.0, 3.6667, 15.3333, 23.6667, 13.3333, 25.0, 15.0, 27.3333, 13.3333, 29.0, 11.0, 30.6667, 8.6667, 32.0, 7.3333, 33.0, 6.0, 35.0, 4.6667, 36.6667, 3.0, 38.3333, 2.0, 39.3333, 1.6667, 40.3333, 1.6667, 41.3333, 1.3333, 41.3333, 1.3333, 41.3333, 0.3333, 40.6667, 0.3333, 40.3333, 0.3333, 40.3333, 0.6667, 39.3333, 2.0, 37.6667, 3.0, 37.6667, 4.0, 37.0, 5.0, 36.3333, 6.6667, 36.3333, 7.6667, 36.0, 9.6667, 36.3333, 10.0, 36.6667, 10.6667, 37.6667]",22.341313,13.700521,91.760558
252,252,5c:01:3b:6b:b0:95,-38,256,"[86.0, -32.0, 4.0, 0.0, 4.6667, 16.3333, 4.6667, 15.6667, 4.6667, 14.6667, 5.3333, 14.0, 5.3333, 13.3333, 5.3333, 12.3333, 5.3333, 11.6667, 6.0, 11.3333, 6.3333, 10.6667, 6.3333, 10.0, 6.3333, 10.0, 6.6667, 10.0, 7.3333, 10.0, 7.3333, 10.0, 7.3333, 10.0, 7.3333, 10.0, 7.0, 10.0, 6.0, 9.0, 5.6667, 9.0, 5.6667, 9.0, 4.6667, 8.6667, 4.3333, 8.6667, 3.6667, 8.6667, 3.3333, 8.6667, 3.3333, 8.6667, 0.3333, 2.0, 0.0, 0.0, 0.0, 0.0, 0.0, 0.0, 0.0, 0.0, 0.0, 0.0, 0.0, 0.0, 0.0, 0.0, 0.0, 0.0, 0.0, 0.0, 1.0, 2.0, 6.3333, 11.3333, 5.3333, 12.0, 5.3333, 13.0, 4.3333, 13.6667, 4.3333, 15.3333, 4.0, 16.0, 3.3333, 16.6667, 3.0, 16.6667, 2.0, 17.3333, 2.0, 17.6667, 2.0, 17.6667, 1.3333, 17.6667, 1.3333, 17.6667, 1.3333, 17.6667, 1.0, 17.3333, 1.0, 17.3333, 2.0, 16.6667, 2.0, 16.6667, 3.0, 17.0, 3.0, 17.0, 3.3333, 17.0, 3.3333, 17.0, 3.6667, 17.0, 4.6667, 17.0, 4.6667, 17.3333, 5.0, 17.3333, -0.6667, 11.3333, 2.3333, 39.0, 2.3333, 38.0, 2.3333, 37.0, 3.0, 36.6667, 3.6667, 35.6667, 4.3333, 36.0, 5.0, 35.0, 6.6667, 33.6667, 7.6667, 33.3333, 9.3333, 33.3333, 11.3333, 33.0, 12.0, 32.6667, 12.0, 33.3333, 12.3333, 33.3333, 12.0, 33.3333, 12.0, 32.3333, 11.6667, 32.3333, 11.6667, 31.6667, 10.3333, 31.0, 8.6667, 29.6667, 7.6667, 28.6667, 6.3333, 27.6667, 5.6667, 26.0, 4.6667, 25.3333, 3.3333, 24.3333, 2.3333, 23.6667, -5.3333, 22.3333, -6.6667, 21.3333, -2.0, 3.3333, -0.6667, 0.3333, -1.0, -1.0, -1.0, -1.6667, -1.0, -1.0, 0.3333, 1.0, 2.0, 5.3333, 9.6667, 31.3333, 7.6667, 31.3333, 10.0, 31.6667, 7.6667, 32.3333, 5.0, 33.3333, 2.3333, 33.3333, 0.6667, 33.6667, -1.0, 34.3333, -2.6667, 35.3333, -4.0, 36.0, -5.0, 36.6667, -5.6667, 37.3333, -5.6667, 38.0, -6.3333, 38.0, -6.3333, 37.6667, -7.3333, 37.3333, -7.3333, 37.0, -7.3333, 37.0, -6.6667, 36.3333, -5.0, 35.3333, -4.0, 36.0, -3.0, 36.0, -2.0, 36.0, -0.6667, 36.3333, 0.3333, 36.3333, 2.3333, 37.6667, 3.0, 38.3333, 3.3333, 39.3333]",21.786826,14.197547,91.760558
253,253,5c:01:3b:6b:b0:95,-40,256,"[86.0, -32.0, 4.0, 0.0, -3.6667, 13.6667, -3.3333, 13.3333, -3.0, 12.6667, -2.0, 12.3333, -2.0, 12.0, -1.6667, 11.3333, -1.3333, 11.3333, -0.3333, 11.0, -0.3333, 10.6667, 0.0, 10.3333, 0.0, 10.6667, 0.3333, 10.6667, 1.0, 10.6667, 1.3333, 10.6667, 1.3333, 10.6667, 1.3333, 10.6667, 1.0, 10.3333, 0.3333, 9.3333, 0.3333, 9.3333, 0.3333, 9.0, -0.6667, 8.3333, -0.6667, 8.3333, -1.3333, 8.3333, -1.3333, 8.0, -1.3333, 7.6667, -0.6667, 1.6667, 0.0, 0.0, 0.0, 0.0, 0.0, 0.0, 0.0, 0.0, 0.0, 0.0, 0.0, 0.0, 0.0, 0.0, 0.0, 0.0, 0.0, 0.0, -0.6667, 2.0, -0.6667, 11.0, -1.6667, 11.3333, -2.0, 11.6667, -3.0, 12.0, -3.3333, 13.0, -3.6667, 13.0, -4.6667, 13.3333, -5.0, 13.0, -6.0, 13.0, -6.3333, 13.0, -6.6667, 12.6667, -7.3333, 12.6667, -7.3333, 12.6667, -7.0, 12.6667, -7.0, 12.3333, -7.0, 12.3333, -6.0, 12.3333, -5.6667, 12.3333, -5.0, 12.6667, -5.0, 13.3333, -4.6667, 13.3333, -4.6667, 13.6667, -4.6667, 13.6667, -4.0, 14.0, -4.0, 14.6667, -4.0, 14.6667, -5.3333, 8.3333, -13.0, 29.6667, -13.0, 29.0, -12.6667, 28.3333, -11.6667, 28.3333, -10.3333, 27.6667, -9.3333, 28.6667, -8.0, 28.0, -6.0, 27.6667, -5.0, 28.0, -3.3333, 28.6667, -1.3333, 29.0, -0.3333, 29.3333, 0.0, 30.0, 0.0, 30.0, 0.0, 30.0, 0.0, 29.3333, 0.0, 29.0, 0.0, 28.3333, -0.6667, 27.3333, -2.0, 25.6667, -3.0, 24.6667, -3.3333, 23.6667, -4.0, 22.0, -4.6667, 21.0, -5.6667, 19.6667, -6.6667, 18.6667, -14.0, 14.6667, -14.6667, 13.0, -3.3333, 2.0, -1.3333, -0.3333, -0.6667, -1.0, -0.6667, -1.6667, -0.6667, -1.0, -0.3333, 1.0, -0.3333, 5.0, -3.0, 27.6667, -5.0, 26.3333, -3.0, 27.6667, -6.0, 27.0, -8.6667, 26.6667, -11.6667, 25.6667, -13.6667, 25.3333, -15.3333, 25.0, -17.6667, 25.3333, -18.6667, 25.3333, -19.6667, 25.3333, -20.6667, 25.3333, -21.0, 25.6667, -22.0, 25.3333, -22.0, 24.6667, -22.3333, 24.3333, -22.3333, 24.3333, -22.3333, 24.3333, -21.3333, 24.3333, -19.6667, 24.0, -18.6667, 24.6667, -17.6667, 25.0, -16.6667, 25.3333, -15.6667, 26.0, -15.0, 26.3333, -13.6667, 28.0, -13.0, 29.0, -13.0, 29.6667]",18.529566,12.577426,91.760558
254,254,5c:01:3b:6b:b0:95,-38,256,"[86.0, -32.0, 4.0, 0.0, -0.6667, 7.0, -0.3333, 6.6667, -0.3333, 6.3333, 0.0, 6.3333, 0.0, 6.0, 0.0, 5.6667, 0.3333, 5.6667, 0.6667, 5.3333, 0.6667, 5.0, 0.6667, 4.6667, 0.6667, 5.0, 0.6667, 5.0, 1.0, 4.6667, 1.3333, 4.6667, 1.3333, 4.6667, 1.3333, 5.0, 1.0, 4.6667, 0.6667, 4.0, 0.6667, 4.3333, 1.0, 4.0, 0.3333, 3.6667, 0.3333, 4.0, 0.3333, 4.0, 0.3333, 3.6667, 0.3333, 3.6667, -0.3333, 0.6667, 0.0, 0.0, 0.0, 0.0, 0.0, 0.0, 0.0, 0.0, 0.0, 0.0, 0.0, 0.0, 0.0, 0.0, 0.0, 0.0, 0.0, 0.0, -0.3333, 0.6667, 0.0, 5.3333, -0.3333, 5.6667, -0.6667, 6.0, -1.0, 6.0, -0.6667, 7.0, -0.6667, 7.0, -1.3333, 7.3333, -1.3333, 7.0, -1.6667, 7.3333, -1.6667, 7.3333, -2.0, 7.6667, -2.0, 7.6667, -2.0, 7.6667, -1.6667, 7.6667, -2.0, 7.3333, -2.0, 7.3333, -1.6667, 7.3333, -1.3333, 7.0, -1.0, 7.0, -1.0, 7.3333, -1.0, 7.0, -1.0, 7.3333, -1.0, 7.0, -0.6667, 7.3333, -0.3333, 8.0, -0.3333, 7.6667, -2.0, 5.3333, -3.0, 19.0, -3.3333, 18.3333, -3.3333, 18.0, -3.0, 17.6667, -2.3333, 17.0, -2.0, 17.3333, -1.3333, 16.6667, -0.6667, 16.3333, -0.3333, 16.0, 0.0, 16.0, 1.0, 15.6667, 1.3333, 15.6667, 1.6667, 16.0, 1.6667, 16.0, 1.3333, 15.6667, 1.6667, 15.3333, 1.6667, 15.3333, 1.6667, 15.0, 1.3333, 14.3333, 1.0, 14.0, 0.3333, 13.6667, 0.3333, 13.0, 0.0, 12.3333, -0.3333, 12.0, -1.0, 11.3333, -1.6667, 11.0, -4.6667, 8.3333, -4.6667, 7.0, -1.3333, 1.0, -1.0, -0.6667, -0.6667, -1.0, -0.6667, -1.3333, -0.6667, -1.0, -0.3333, 0.3333, -0.3333, 2.6667, -0.6667, 16.6667, -1.3333, 16.6667, -0.3333, 16.3333, -1.6667, 16.3333, -2.6667, 17.0, -4.0, 17.0, -4.6667, 17.3333, -4.6667, 17.3333, -6.0, 17.0, -6.0, 16.0, -6.6667, 15.3333, -7.0, 14.6667, -7.0, 14.6667, -7.6667, 14.0, -7.3333, 13.0, -7.3333, 13.0, -7.6667, 13.0, -7.6667, 13.0, -7.3333, 13.6667, -6.3333, 14.3333, -6.0, 15.0, -5.3333, 16.0, -5.0, 17.0, -4.6667, 17.6667, -4.6667, 17.6667, -4.0, 18.3333, -3.6667, 19.0, -3.6667, 19.3333]",10.29282,9.456849,91.760558
255,255,5c:01:3b:6b:b0:95,-37,256,"[86.0, -32.0, 4.0, 0.0, -2.0, 2.0, -1.6667, 1.3333, -1.6667, 1.3333, -2.0, 1.3333, -2.0, 0.6667, -2.3333, 0.6667, -2.0, 0.3333, -2.3333, 0.3333, -2.6667, -0.3333, -3.0, -1.0, -3.0, -0.6667, -3.0, -0.6667, -3.3333, -1.3333, -3.0, -1.3333, -3.0, -1.3333, -2.6667, -0.6667, -3.0, -1.0, -3.0, -1.3333, -2.6667, -0.6667, -2.0, -1.0, -2.3333, -0.6667, -2.0, 0.0, -1.6667, 0.0, -1.6667, -0.3333, -1.3333, 0.0, -0.6667, -0.3333, 0.0, 0.0, 0.0, 0.0, 0.0, 0.0, 0.0, 0.0, 0.0, 0.0, 0.0, 0.0, 0.0, 0.0, 0.0, 0.0, 0.0, 0.0, -1.0, -0.6667, -2.6667, 0.3333, -2.3333, 1.0, -2.3333, 1.3333, -2.0, 1.3333, -1.3333, 2.6667, -1.0, 3.0, -1.0, 3.6667, -0.6667, 3.3333, -0.6667, 3.6667, -0.3333, 3.6667, -0.6667, 4.3333, -0.3333, 4.3333, -0.3333, 4.3333, 0.0, 4.3333, -0.3333, 4.0, -0.3333, 4.0, -0.6667, 4.3333, -0.3333, 3.6667, -0.6667, 3.0, -0.6667, 3.3333, -1.0, 2.6667, -1.0, 3.0, -1.3333, 2.3333, -1.6667, 2.6667, -1.3333, 3.0, -1.3333, 2.3333, -0.3333, 2.3333, 0.3333, 8.3333, 0.0, 7.6667, 0.0, 7.6667, -0.3333, 7.0, -0.3333, 6.3333, -1.0, 6.0, -1.0, 5.3333, -1.3333, 5.0, -1.6667, 4.0, -2.6667, 3.3333, -3.0, 2.3333, -3.3333, 2.0, -3.3333, 2.0, -3.3333, 2.0, -3.6667, 1.3333, -3.0, 1.3333, -3.0, 1.6667, -2.6667, 1.6667, -2.6667, 1.3333, -2.0, 2.3333, -2.0, 2.6667, -1.6667, 2.3333, -1.6667, 2.6667, -1.3333, 3.0, -1.3333, 3.0, -1.3333, 3.3333, 1.3333, 2.0, 2.0, 1.0, 0.0, 0.0, -0.6667, -1.0, -0.6667, -1.0, -0.3333, -1.0, -0.6667, -1.0, -0.6667, -0.3333, -1.0, 0.3333, -2.6667, 5.6667, -2.0, 7.0, -2.3333, 5.0, -2.0, 5.6667, -1.0, 7.3333, -0.6667, 8.3333, -0.3333, 9.3333, 1.3333, 10.3333, 1.3333, 10.0, 2.3333, 9.0, 2.3333, 8.0, 2.3333, 7.0, 2.3333, 7.0, 2.0, 6.0, 2.6667, 5.0, 3.0, 5.0, 2.6667, 5.0, 2.6667, 5.0, 2.3333, 6.0, 2.3333, 7.0, 1.6667, 7.0, 1.6667, 8.0, 1.3333, 9.0, 1.0, 9.3333, 0.3333, 9.0, -0.3333, 8.6667, -0.3333, 9.0, -0.6667, 9.0]",4.660849,8.140824,91.760558
256,256,5c:01:3b:6b:b0:95,-37,256,"[86.0, -32.0, 4.0, 0.0, 1.3333, -8.6667, 1.3333, -9.3333, 1.0, -8.6667, 0.0, -8.3333, 0.0, -9.0, -1.0, -8.6667, -1.0, -9.0, -2.0, -9.0, -2.6667, -9.3333, -3.6667, -9.6667, -3.6667, -9.6667, -4.0, -9.6667, -4.6667, -10.0, -4.6667, -10.0, -4.6667, -10.0, -4.0, -9.3333, -4.0, -9.3333, -4.0, -9.3333, -3.3333, -8.6667, -2.3333, -8.3333, -2.3333, -7.6667, -1.6667, -6.6667, -1.3333, -6.6667, -1.3333, -6.6667, -0.6667, -6.0, -0.3333, -1.6667, 0.0, 0.0, 0.0, 0.0, 0.0, 0.0, 0.0, 0.0, 0.0, 0.0, 0.0, 0.0, 0.0, 0.0, 0.0, 0.0, 0.0, 0.0, -1.0, -3.0, -1.6667, -9.0, -0.6667, -8.6667, 0.0, -8.3333, 1.0, -8.6667, 2.3333, -7.6667, 3.3333, -7.3333, 4.0, -6.6667, 5.0, -7.0, 5.3333, -6.3333, 6.3333, -6.6667, 6.3333, -6.0, 6.6667, -6.3333, 6.6667, -6.3333, 6.6667, -6.0, 6.3333, -6.0, 6.3333, -6.0, 5.3333, -5.6667, 5.3333, -6.3333, 4.6667, -7.0, 4.6667, -6.6667, 3.6667, -7.6667, 3.6667, -7.6667, 3.0, -8.0, 2.3333, -8.0, 2.6667, -8.3333, 2.6667, -9.3333, 3.6667, -3.3333, 11.6667, -10.6667, 11.3333, -11.3333, 11.0, -10.6667, 10.0, -11.0, 9.0, -11.0, 7.3333, -11.3333, 6.3333, -11.6667, 5.0, -11.6667, 4.0, -12.6667, 2.0, -13.0, 0.3333, -14.3333, -0.6667, -14.6667, -1.3333, -14.3333, -1.3333, -14.3333, -1.6667, -14.6667, -0.6667, -14.6667, -0.6667, -13.6667, 0.0, -13.6667, 0.0, -13.3333, 1.0, -12.0, 1.6667, -11.3333, 1.6667, -11.0, 1.6667, -10.0, 2.3333, -9.0, 3.0, -8.3333, 3.6667, -7.6667, 10.3333, -7.3333, 11.3333, -8.0, 1.6667, -1.6667, 0.0, -1.3333, -1.0, -0.6667, -0.3333, -0.6667, -1.0, -0.6667, -0.6667, -1.3333, -0.3333, -2.6667, 2.3333, -11.0, 4.3333, -9.3333, 3.6667, -12.3333, 5.6667, -11.6667, 8.3333, -10.3333, 10.3333, -9.6667, 11.6667, -8.6667, 14.6667, -7.3333, 16.3333, -8.0, 18.3333, -8.6667, 19.0, -9.3333, 19.3333, -10.0, 19.6667, -10.3333, 19.6667, -11.3333, 20.6667, -11.6667, 20.6667, -11.6667, 20.3333, -11.3333, 20.3333, -11.3333, 19.3333, -10.3333, 18.6667, -9.6667, 17.0, -9.6667, 16.3333, -9.3333, 15.3333, -8.6667, 14.3333, -8.6667, 13.3333, -9.3333, 12.0, -10.0, 12.0, -10.3333, 11.3333, -10.6667]",11.258503,9.196473,91.760558
257,257,5c:01:3b:6b:b0:95,-40,256,"[86.0, -32.0, 4.0, 0.0, -3.0, -15.3333, -3.0, -15.6667, -3.0, -14.3333, -4.0, -13.6667, -4.0, -14.0, -5.0, -13.3333, -5.0, -13.0, -6.0, -13.0, -7.0, -12.6667, -8.0, -12.3333, -8.0, -12.3333, -8.0, -12.3333, -9.0, -12.0, -9.0, -12.0, -9.0, -12.0, -8.0, -11.6667, -8.0, -11.6667, -8.0, -11.6667, -7.0, -11.3333, -6.0, -10.6667, -6.0, -10.3333, -5.0, -9.3333, -5.0, -9.3333, -5.0, -9.3333, -4.0, -9.0, -1.0, -2.3333, 0.0, 0.0, 0.0, 0.0, 0.0, 0.0, 0.0, 0.0, 0.0, 0.0, 0.0, 0.0, 0.0, 0.0, 0.0, 0.0, 0.0, 0.0, -2.0, -4.0, -5.0, -13.0, -4.0, -13.3333, -3.0, -13.6667, -2.0, -14.3333, -1.0, -14.3333, 0.0, -14.6667, 0.6667, -14.3333, 1.6667, -15.0, 1.6667, -14.6667, 2.6667, -15.3333, 2.6667, -15.0, 2.6667, -15.6667, 2.6667, -15.6667, 2.6667, -15.0, 2.6667, -15.0, 2.6667, -15.0, 2.0, -14.3333, 1.6667, -14.6667, 1.0, -15.0, 1.0, -14.3333, 0.0, -15.3333, 0.0, -15.3333, -1.0, -15.0, -2.0, -15.0, -2.0, -15.6667, -2.0, -16.6667, 1.6667, -9.0, 4.6667, -28.3333, 4.3333, -28.6667, 4.3333, -27.3333, 3.3333, -27.0, 2.6667, -26.3333, 1.0, -26.0, 0.0, -25.6667, -1.0, -25.0, -2.3333, -25.0, -4.3333, -25.0, -6.3333, -25.6667, -7.3333, -25.3333, -8.3333, -25.0, -8.3333, -25.0, -8.3333, -24.6667, -7.3333, -24.6667, -7.3333, -23.6667, -6.3333, -23.3333, -6.3333, -23.0, -5.0, -22.0, -4.0, -21.3333, -4.0, -20.6667, -4.0, -19.6667, -3.3333, -18.3333, -2.3333, -17.6667, -1.0, -17.3333, 6.3333, -17.0, 7.3333, -17.0, 1.0, -3.3333, 0.0, -1.6667, -1.0, -0.3333, 0.0, 0.0, -1.0, -0.3333, -1.0, -1.6667, -1.3333, -4.6667, -2.6667, -23.6667, -0.6667, -23.0, -2.0, -25.3333, 0.3333, -25.3333, 3.0, -25.6667, 5.0, -26.0, 6.3333, -25.6667, 9.3333, -25.0, 11.3333, -26.0, 13.3333, -26.3333, 14.3333, -27.0, 14.6667, -27.6667, 14.6667, -28.0, 15.0, -29.0, 15.3333, -28.6667, 15.6667, -28.6667, 15.3333, -28.3333, 15.3333, -28.0, 14.3333, -27.0, 13.3333, -26.6667, 11.6667, -26.3333, 10.6667, -26.6667, 9.6667, -26.3333, 8.6667, -26.6667, 7.6667, -27.0, 6.0, -27.6667, 6.0, -28.3333, 5.0, -29.0]",18.248534,11.318643,91.760558
258,258,5c:01:3b:6b:b0:95,-41,256,"[86.0, -32.0, 4.0, 0.0, -5.6667, -19.6667, -5.6667, -19.6667, -5.6667, -18.0, -6.3333, -17.3333, -6.3333, -17.0, -7.0, -16.0, -7.0, -15.0, -8.0, -15.0, -8.6667, -14.3333, -9.6667, -13.6667, -9.6667, -13.3333, -10.0, -13.3333, -10.6667, -12.6667, -10.6667, -12.6667, -10.6667, -12.6667, -9.6667, -12.6667, -9.6667, -12.6667, -9.6667, -12.6667, -8.6667, -12.3333, -7.6667, -11.6667, -7.3333, -11.6667, -6.6667, -10.6667, -6.3333, -11.0, -6.3333, -11.0, -5.3333, -11.0, -1.3333, -3.0, 0.0, 0.0, 0.0, 0.0, 0.0, 0.0, 0.0, 0.0, 0.0, 0.0, 0.0, 0.0, 0.0, 0.0, 0.0, 0.0, 0.0, 0.0, -2.3333, -4.3333, -7.0, -15.0, -6.0, -15.6667, -5.3333, -16.6667, -4.3333, -17.6667, -3.6667, -18.6667, -2.6667, -19.6667, -2.3333, -20.0, -1.3333, -21.0, -1.0, -21.0, -0.3333, -22.0, -0.3333, -22.3333, 0.0, -23.3333, 0.0, -23.0, 0.0, -22.3333, 0.0, -22.3333, -0.3333, -22.3333, -0.6667, -21.3333, -1.0, -21.3333, -1.6667, -21.0, -1.6667, -20.3333, -2.6667, -20.6667, -2.6667, -20.6667, -3.6667, -20.0, -4.6667, -20.0, -4.6667, -20.6667, -5.0, -21.6667, -0.3333, -14.3333, -1.3333, -45.0, -1.6667, -45.0, -1.6667, -43.0, -2.3333, -42.0, -2.6667, -40.3333, -4.0, -39.3333, -4.6667, -38.3333, -5.6667, -36.6667, -7.0, -35.6667, -8.6667, -35.0, -10.6667, -35.0, -11.6667, -34.0, -12.3333, -33.3333, -12.3333, -33.3333, -12.3333, -32.3333, -11.6667, -32.3333, -11.3333, -31.3333, -10.3333, -31.0, -10.3333, -30.3333, -9.0, -30.0, -8.0, -29.6667, -7.6667, -28.6667, -7.3333, -27.6667, -6.6667, -26.3333, -5.6667, -26.0, -4.3333, -26.0, 2.6667, -26.3333, 3.6667, -26.0, 0.3333, -5.0, -0.3333, -2.0, -0.6667, 0.0, 0.0, 0.3333, -0.6667, 0.0, -1.3333, -2.0, -2.0, -6.3333, -7.3333, -34.6667, -5.3333, -35.3333, -6.6667, -36.6667, -4.6667, -38.0, -2.3333, -40.0, -0.3333, -41.6667, 1.0, -42.3333, 3.6667, -42.3333, 5.3333, -44.0, 7.3333, -44.0, 8.3333, -44.6667, 9.0, -45.3333, 9.0, -45.6667, 9.3333, -46.6667, 9.6667, -45.6667, 9.6667, -45.6667, 9.3333, -45.3333, 9.3333, -44.6667, 8.6667, -43.6667, 7.6667, -43.6667, 6.0, -43.0, 5.0, -44.0, 4.0, -44.0, 2.6667, -44.3333, 1.6667, -44.3333, 0.6667, -44.6667, 0.3333, -45.6667, -0.6667, -46.6667]",25.51064,15.570677,91.760558
259,259,5c:01:3b:6b:b0:95,-38,256,"[86.0, -32.0, 4.0, 0.0, -10.3333, -16.6667, -10.3333, -16.6667, -10.3333, -15.3333, -10.3333, -15.0, -10.6667, -14.6667, -10.6667, -13.6667, -10.6667, -13.0, -11.3333, -13.0, -11.6667, -12.3333, -12.6667, -12.0, -12.6667, -11.3333, -13.0, -11.0, -13.3333, -10.6667, -13.3333, -10.6667, -13.3333, -10.6667, -12.6667, -10.6667, -12.3333, -10.6667, -12.3333, -11.0, -11.3333, -10.6667, -10.6667, -10.3333, -10.0, -10.0, -9.3333, -9.3333, -8.6667, -9.6667, -8.6667, -9.6667, -7.6667, -9.6667, -2.0, -2.6667, 0.0, 0.0, 0.0, 0.0, 0.0, 0.0, 0.0, 0.0, 0.0, 0.0, 0.0, 0.0, 0.0, 0.0, 0.0, 0.0, 0.0, 0.0, -3.0, -3.6667, -10.6667, -12.6667, -10.0, -13.3333, -9.6667, -14.0, -9.0, -15.0, -8.6667, -15.6667, -8.0, -16.3333, -8.0, -17.0, -7.0, -17.6667, -6.6667, -17.6667, -6.3333, -18.3333, -6.3333, -18.6667, -5.6667, -19.3333, -5.6667, -19.0, -5.6667, -18.6667, -5.6667, -18.6667, -6.0, -18.6667, -6.0, -18.0, -6.3333, -17.6667, -7.0, -17.6667, -7.0, -17.3333, -8.0, -17.3333, -8.0, -17.3333, -8.6667, -17.0, -9.6667, -17.0, -9.6667, -17.3333, -10.3333, -18.3333, -3.3333, -13.6667, -11.0, -42.0, -11.0, -42.0, -11.0, -40.3333, -11.3333, -39.3333, -11.3333, -38.0, -12.3333, -37.0, -12.6667, -35.6667, -13.3333, -34.0, -14.3333, -33.0, -15.6667, -32.3333, -17.3333, -32.0, -18.3333, -31.0, -18.6667, -30.6667, -18.6667, -30.3333, -18.3333, -29.6667, -18.0, -29.6667, -17.3333, -29.0, -16.6667, -28.3333, -16.3333, -28.3333, -15.0, -27.6667, -14.0, -27.3333, -13.3333, -26.6667, -12.6667, -26.0, -11.6667, -24.6667, -10.6667, -24.3333, -9.3333, -24.6667, -3.0, -25.6667, -1.6667, -25.3333, -0.6667, -5.0, -0.6667, -2.0, -0.3333, 0.0, 0.0, 0.3333, -0.3333, 0.0, -1.6667, -2.0, -3.3333, -6.0, -14.6667, -31.6667, -12.6667, -32.6667, -14.6667, -33.3333, -13.0, -34.6667, -11.3333, -37.0, -10.0, -38.6667, -8.6667, -39.3333, -6.6667, -39.6667, -5.3333, -41.3333, -3.6667, -41.6667, -2.3333, -42.6667, -1.6667, -43.6667, -1.6667, -44.0, -1.3333, -45.0, -1.0, -44.0, -1.0, -44.0, -1.3333, -44.0, -1.3333, -43.0, -1.6667, -42.0, -2.6667, -41.6667, -4.0, -41.0, -5.3333, -41.6667, -6.3333, -41.3333, -7.6667, -41.6667, -8.6667, -41.3333, -9.0, -41.6667, -9.6667, -42.3333, -10.3333, -43.3333]",24.669982,15.041424,91.760558
260,260,5c:01:3b:6b:b0:95,-37,256,"[86.0, -32.0, 4.0, 0.0, -15.0, -10.3333, -15.0, -10.0, -15.0, -9.3333, -14.3333, -9.0, -15.0, -8.6667, -14.3333, -7.6667, -14.3333, -7.3333, -14.6667, -7.3333, -14.6667, -7.3333, -15.6667, -7.6667, -15.6667, -7.3333, -16.0, -7.0, -16.0, -7.0, -16.0, -7.0, -16.0, -7.0, -15.6667, -7.0, -15.0, -7.0, -15.0, -7.0, -14.0, -6.6667, -13.6667, -6.3333, -12.6667, -6.0, -12.0, -5.6667, -11.0, -6.0, -11.0, -5.6667, -10.0, -5.6667, -2.6667, -1.6667, 0.0, 0.0, 0.0, 0.0, 0.0, 0.0, 0.0, 0.0, 0.0, 0.0, 0.0, 0.0, 0.0, 0.0, 0.0, 0.0, 0.0, 0.0, -3.6667, -2.0, -14.3333, -7.0, -14.0, -7.3333, -14.0, -8.0, -13.6667, -9.0, -13.6667, -9.6667, -13.3333, -10.6667, -13.3333, -11.6667, -12.3333, -12.3333, -12.0, -12.3333, -12.0, -13.0, -12.0, -13.3333, -11.0, -14.0, -11.0, -13.6667, -11.0, -13.3333, -11.0, -13.3333, -11.3333, -13.3333, -11.3333, -13.0, -11.3333, -12.3333, -12.3333, -12.0, -12.3333, -12.0, -13.3333, -11.3333, -13.3333, -11.3333, -13.6667, -11.0, -14.6667, -10.6667, -14.6667, -11.0, -15.6667, -11.6667, -6.0, -10.0, -20.3333, -30.0, -19.6667, -30.3333, -19.6667, -29.0, -19.6667, -28.3333, -19.6667, -27.0, -20.6667, -25.6667, -20.6667, -24.3333, -21.0, -22.3333, -21.3333, -21.3333, -22.3333, -20.0, -23.6667, -19.0, -24.6667, -18.0, -24.6667, -17.6667, -24.6667, -17.3333, -24.0, -16.6667, -24.0, -16.6667, -23.0, -16.3333, -22.6667, -16.0, -22.0, -16.3333, -21.0, -16.3333, -20.0, -16.6667, -19.0, -16.6667, -18.0, -16.3333, -16.3333, -15.6667, -15.3333, -16.0, -14.3333, -16.6667, -8.0, -20.0, -6.3333, -20.6667, -1.6667, -4.3333, -1.0, -1.6667, 0.0, 0.0, 0.0, -0.3333, 0.0, 0.0, -2.0, -1.3333, -4.3333, -3.6667, -21.3333, -19.0, -19.3333, -21.0, -21.6667, -20.6667, -20.6667, -23.0, -19.3333, -25.6667, -18.6667, -28.0, -17.6667, -29.3333, -16.3333, -30.3333, -15.3333, -32.3333, -14.0, -33.3333, -12.3333, -34.6667, -12.0, -35.3333, -12.0, -36.0, -12.0, -36.6667, -11.0, -36.0, -11.3333, -36.0, -11.3333, -36.3333, -11.3333, -35.6667, -11.3333, -34.3333, -12.3333, -33.6667, -13.6667, -33.0, -15.3333, -33.0, -16.3333, -32.3333, -17.6667, -32.0, -18.6667, -31.0, -18.6667, -30.6667, -19.6667, -30.6667, -20.0, -31.3333]",21.698509,13.001377,91.760558
261,261,5c:01:3b:6b:b0:95,-41,256,"[86.0, -32.0, 4.0, 0.0, -7.6667, -6.3333, -7.6667, -5.6667, -8.0, -5.3333, -7.6667, -4.6667, -8.6667, -4.6667, -8.0, -3.6667, -8.3333, -3.6667, -8.6667, -3.6667, -9.0, -4.0, -10.0, -4.6667, -10.3333, -5.0, -10.3333, -4.6667, -10.3333, -4.6667, -10.3333, -4.6667, -10.3333, -4.6667, -10.3333, -4.6667, -9.6667, -4.6667, -9.6667, -4.3333, -9.0, -4.3333, -8.6667, -3.6667, -8.0, -3.3333, -7.3333, -3.3333, -6.6667, -3.3333, -6.6667, -2.6667, -5.6667, -2.6667, -1.6667, -0.6667, 0.0, 0.0, 0.0, 0.0, 0.0, 0.0, 0.0, 0.0, 0.0, 0.0, 0.0, 0.0, 0.0, 0.0, 0.0, 0.0, 0.0, 0.0, -2.3333, -1.0, -8.6667, -3.3333, -8.3333, -3.6667, -7.6667, -4.3333, -7.3333, -5.3333, -7.0, -6.0, -6.6667, -7.3333, -6.3333, -8.3333, -5.3333, -9.0, -5.0, -9.0, -4.6667, -9.6667, -4.6667, -9.6667, -3.6667, -10.3333, -3.6667, -10.3333, -4.0, -9.6667, -4.0, -9.6667, -4.0, -9.6667, -4.3333, -9.6667, -4.6667, -8.6667, -5.3333, -8.3333, -5.6667, -8.3333, -6.3333, -7.6667, -6.3333, -7.6667, -6.6667, -7.0, -7.3333, -6.3333, -7.3333, -7.0, -8.0, -7.3333, -1.6667, -6.6667, -6.0, -19.0, -5.3333, -19.6667, -6.0, -18.6667, -6.3333, -18.3333, -7.0, -17.3333, -8.0, -15.6667, -8.6667, -14.3333, -9.3333, -12.3333, -10.0, -11.3333, -11.0, -9.6667, -12.3333, -8.0, -13.3333, -7.0, -13.3333, -7.0, -13.3333, -6.6667, -13.0, -6.0, -13.0, -6.0, -12.3333, -6.0, -12.3333, -5.6667, -11.6667, -6.6667, -10.6667, -7.0, -10.0, -7.6667, -9.3333, -8.3333, -8.6667, -8.3333, -7.3333, -8.0, -6.6667, -8.6667, -5.6667, -9.6667, 0.3333, -14.6667, 2.0, -16.0, -0.3333, -3.6667, -0.3333, -1.3333, -0.3333, 0.0, -0.3333, -0.6667, -0.3333, 0.0, -1.3333, -0.6667, -2.6667, -1.6667, -10.0, -8.0, -8.0, -10.6667, -10.3333, -9.6667, -8.6667, -12.3333, -7.0, -15.3333, -6.0, -18.0, -5.0, -19.6667, -3.6667, -21.3333, -2.3333, -23.3333, -1.0, -25.0, 0.6667, -26.6667, 0.6667, -27.0, 1.0, -28.0, 1.0, -28.3333, 1.6667, -28.0, 2.0, -28.0, 2.0, -28.6667, 1.6667, -28.3333, 1.3333, -26.6667, 0.3333, -25.6667, -0.6667, -25.0, -2.3333, -24.3333, -3.3333, -23.3333, -4.0, -22.6667, -5.0, -21.0, -5.3333, -20.3333, -6.0, -19.6667, -5.6667, -20.0]",13.1276,10.145572,91.760558
262,262,5c:01:3b:6b:b0:95,-41,256,"[86.0, -32.0, 4.0, 0.0, 4.6667, -7.3333, 4.6667, -6.6667, 4.0, -6.6667, 3.6667, -6.0, 3.0, -6.0, 3.0, -5.0, 2.3333, -5.3333, 1.6667, -5.3333, 1.0, -6.0, 0.0, -7.0, -0.3333, -7.6667, -0.6667, -8.0, -0.6667, -8.0, -0.6667, -8.0, -0.6667, -8.0, -0.6667, -7.6667, -0.3333, -7.6667, -0.3333, -6.6667, 0.0, -6.3333, 0.3333, -5.6667, 0.6667, -5.3333, 1.0, -5.0, 1.3333, -5.0, 1.0, -4.0, 2.0, -4.0, 0.3333, -1.0, 0.0, 0.0, 0.0, 0.0, 0.0, 0.0, 0.0, 0.0, 0.0, 0.0, 0.0, 0.0, 0.0, 0.0, 0.0, 0.0, 0.0, 0.0, 0.0, -1.3333, 1.3333, -5.0, 2.0, -5.0, 3.0, -5.6667, 4.0, -6.0, 4.6667, -6.6667, 5.3333, -7.6667, 6.0, -8.0, 6.6667, -8.3333, 7.3333, -8.3333, 7.6667, -9.0, 8.0, -9.0, 8.6667, -9.6667, 8.6667, -9.6667, 8.3333, -8.6667, 8.3333, -8.6667, 8.0, -9.0, 7.6667, -9.0, 7.0, -8.3333, 7.0, -8.0, 6.3333, -8.0, 6.0, -7.3333, 6.0, -7.6667, 5.3333, -7.3333, 5.3333, -7.0, 5.3333, -7.6667, 5.3333, -8.0, 4.0, -6.3333, 13.6667, -18.3333, 14.0, -19.0, 13.0, -18.3333, 12.0, -18.0, 11.0, -17.6667, 10.0, -16.3333, 8.6667, -15.6667, 7.3333, -14.3333, 6.0, -13.6667, 5.0, -12.6667, 3.6667, -11.6667, 2.3333, -11.0, 2.3333, -11.0, 2.3333, -11.0, 2.0, -10.6667, 2.3333, -10.6667, 2.6667, -10.3333, 2.6667, -10.0, 2.6667, -10.3333, 3.6667, -10.6667, 4.0, -10.6667, 4.3333, -11.0, 4.3333, -10.3333, 5.0, -10.0, 5.3333, -10.3333, 6.3333, -10.3333, 10.6667, -13.6667, 12.0, -14.3333, 1.3333, -3.3333, 0.3333, -1.0, -0.6667, 0.0, -0.6667, -0.6667, -0.6667, 0.0, -0.6667, -0.6667, -0.3333, -2.0, 4.0, -11.0, 6.0, -12.6667, 5.6667, -11.6667, 8.0, -13.3333, 10.3333, -15.3333, 12.0, -17.0, 13.3333, -18.0, 15.0, -19.0, 16.6667, -20.0, 18.0, -21.0, 19.0, -22.0, 19.0, -22.0, 20.0, -22.6667, 20.0, -22.6667, 20.3333, -22.3333, 20.6667, -22.3333, 20.3333, -23.0, 19.6667, -23.0, 19.0, -22.0, 18.3333, -21.6667, 18.0, -21.3333, 17.0, -21.0, 16.3333, -20.6667, 15.6667, -20.3333, 14.6667, -19.3333, 14.3333, -19.0, 14.3333, -18.6667, 14.6667, -19.0]",12.846864,11.116871,91.760558
263,263,5c:01:3b:6b:b0:95,-41,256,"[86.0, -32.0, 4.0, 0.0, 14.6667, -12.6667, 14.6667, -12.3333, 13.6667, -12.3333, 12.6667, -11.6667, 12.3333, -11.6667, 11.6667, -11.0, 10.6667, -11.3333, 9.6667, -11.3333, 8.6667, -11.6667, 8.0, -12.3333, 7.3333, -12.6667, 7.0, -13.0, 7.0, -13.0, 7.0, -13.0, 7.0, -13.0, 7.0, -12.6667, 7.0, -12.6667, 7.0, -11.6667, 7.0, -11.0, 7.6667, -10.6667, 7.6667, -10.0, 7.6667, -9.3333, 7.6667, -9.3333, 7.3333, -8.3333, 8.0, -8.3333, 1.6667, -2.0, 0.0, 0.0, 0.0, 0.0, 0.0, 0.0, 0.0, 0.0, 0.0, 0.0, 0.0, 0.0, 0.0, 0.0, 0.0, 0.0, 0.0, 0.0, 1.6667, -3.0, 9.0, -10.6667, 10.0, -10.6667, 11.3333, -11.0, 12.6667, -11.0, 13.6667, -11.3333, 15.0, -11.6667, 16.0, -11.6667, 16.3333, -11.3333, 17.3333, -11.3333, 18.0, -11.6667, 18.3333, -11.6667, 19.0, -12.0, 19.0, -12.0, 18.3333, -11.0, 18.3333, -11.0, 18.0, -11.3333, 17.3333, -11.3333, 16.6667, -11.3333, 17.0, -11.3333, 16.0, -11.6667, 16.0, -11.3333, 16.0, -11.6667, 15.0, -12.0, 15.3333, -12.3333, 15.3333, -13.0, 15.6667, -13.3333, 9.6667, -8.6667, 32.0, -25.6667, 32.0, -26.0, 31.0, -25.6667, 29.3333, -25.0, 28.0, -25.3333, 27.0, -24.6667, 25.3333, -24.3333, 23.3333, -23.6667, 21.3333, -23.3333, 20.3333, -23.3333, 19.0, -23.3333, 17.6667, -23.0, 17.6667, -23.0, 17.6667, -23.0, 17.0, -23.3333, 17.3333, -23.3333, 17.3333, -22.6667, 17.0, -22.0, 16.6667, -21.6667, 17.3333, -21.3333, 17.6667, -20.3333, 17.3333, -20.0, 17.0, -18.6667, 17.0, -18.0, 17.0, -17.6667, 18.0, -16.6667, 21.0, -17.3333, 22.0, -16.6667, 3.0, -3.6667, 1.0, -1.0, -1.0, 0.0, -1.0, -0.3333, -1.0, 0.0, 0.0, -1.3333, 2.0, -4.0, 18.0, -22.0, 20.0, -22.3333, 21.0, -21.3333, 24.0, -21.6667, 26.6667, -22.6667, 29.0, -23.0, 30.6667, -23.0, 32.3333, -23.0, 34.3333, -23.0, 36.0, -23.0, 36.6667, -23.0, 36.6667, -23.0, 38.0, -23.3333, 38.0, -23.3333, 38.0, -22.6667, 38.6667, -22.6667, 38.3333, -23.0, 37.3333, -23.0, 36.3333, -23.0, 35.6667, -23.3333, 35.3333, -23.6667, 34.6667, -24.0, 34.3333, -24.3333, 33.6667, -24.6667, 33.0, -24.6667, 32.6667, -25.0, 33.0, -25.3333, 33.6667, -26.0]",23.418118,14.638843,91.760558
264,264,5c:01:3b:6b:b0:95,-41,256,"[86.0, -32.0, 4.0, 0.0, 15.3333, -17.0, 15.3333, -17.0, 14.3333, -17.0, 13.3333, -16.6667, 13.3333, -16.6667, 12.3333, -16.0, 11.3333, -16.6667, 10.3333, -16.6667, 9.3333, -16.6667, 9.0, -17.3333, 8.3333, -17.3333, 8.0, -18.0, 8.0, -18.0, 8.0, -18.0, 8.0, -18.0, 8.0, -17.3333, 8.0, -17.3333, 8.0, -16.3333, 8.0, -15.3333, 8.6667, -15.3333, 8.6667, -14.3333, 8.6667, -13.3333, 8.6667, -13.3333, 8.3333, -12.3333, 8.6667, -12.3333, 1.6667, -3.0, 0.0, 0.0, 0.0, 0.0, 0.0, 0.0, 0.0, 0.0, 0.0, 0.0, 0.0, 0.0, 0.0, 0.0, 0.0, 0.0, 0.0, 0.0, 1.6667, -4.3333, 9.3333, -15.6667, 10.3333, -15.6667, 11.3333, -15.6667, 12.6667, -15.0, 13.6667, -15.0, 15.3333, -14.3333, 16.3333, -14.0, 16.3333, -13.3333, 17.3333, -13.6667, 17.6667, -14.3333, 18.3333, -14.3333, 18.6667, -14.3333, 18.6667, -14.3333, 18.3333, -13.3333, 18.3333, -13.3333, 18.0, -13.6667, 17.3333, -13.6667, 17.0, -13.6667, 17.3333, -14.0, 16.3333, -14.0, 16.3333, -14.0, 16.3333, -14.3333, 15.3333, -15.3333, 15.6667, -16.3333, 15.6667, -16.6667, 16.0, -17.3333, 10.0, -10.0, 32.3333, -31.0, 32.3333, -30.6667, 32.0, -30.6667, 30.0, -30.0, 29.0, -30.6667, 28.0, -31.0, 26.6667, -31.0, 24.6667, -31.0, 22.6667, -31.0, 21.6667, -32.0, 20.6667, -33.0, 19.3333, -33.0, 19.3333, -33.3333, 19.3333, -33.0, 19.0, -33.6667, 19.3333, -33.6667, 19.3333, -32.6667, 18.6667, -32.0, 18.3333, -31.0, 18.6667, -30.0, 19.3333, -28.3333, 18.6667, -27.0, 18.3333, -25.3333, 18.3333, -24.3333, 18.3333, -23.3333, 19.3333, -21.3333, 20.0, -19.3333, 21.0, -18.6667, 3.0, -4.0, 1.0, -1.3333, -1.0, 0.0, -1.0, 0.0, -1.0, 0.0, 0.0, -2.0, 2.0, -5.6667, 16.3333, -30.0, 18.3333, -29.0, 21.6667, -29.3333, 24.6667, -28.3333, 27.0, -28.0, 29.0, -27.3333, 31.0, -26.3333, 32.3333, -26.3333, 34.3333, -26.0, 35.6667, -25.0, 36.3333, -24.0, 36.3333, -24.0, 37.6667, -24.0, 37.6667, -24.0, 37.6667, -23.0, 38.0, -23.0, 37.6667, -23.0, 37.0, -23.0, 36.0, -24.0, 35.3333, -25.0, 35.3333, -26.0, 34.6667, -27.0, 34.6667, -27.6667, 33.6667, -28.3333, 33.3333, -28.6667, 33.3333, -29.3333, 33.6667, -30.3333, 34.3333, -31.3333]",26.577401,15.202375,91.760558
265,265,5c:01:3b:6b:b0:95,-37,256,"[86.0, -32.0, 4.0, 0.0, 0.6667, -15.3333, 0.6667, -15.3333, 0.3333, -15.0, -0.3333, -14.3333, -0.3333, -14.0, -0.6667, -13.3333, -1.3333, -13.3333, -2.0, -13.3333, -2.3333, -13.0, -2.3333, -13.3333, -3.0, -13.0, -3.0, -13.3333, -3.0, -13.0, -3.0, -13.0, -3.0, -13.0, -2.6667, -12.6667, -2.6667, -12.6667, -2.6667, -12.3333, -2.3333, -11.6667, -1.6667, -11.6667, -1.6667, -11.0, -1.3333, -10.6667, -1.0, -10.6667, -1.0, -10.3333, -0.6667, -10.3333, -0.6667, -2.6667, 0.0, 0.0, 0.0, 0.0, 0.0, 0.0, 0.0, 0.0, 0.0, 0.0, 0.0, 0.0, 0.0, 0.0, 0.0, 0.0, 0.0, 0.0, -1.0, -3.6667, -2.0, -12.6667, -1.3333, -13.0, -1.0, -13.3333, -0.3333, -13.3333, 0.3333, -14.0, 1.6667, -14.0, 2.0, -14.3333, 2.3333, -14.0, 3.0, -14.6667, 3.3333, -16.0, 3.6667, -16.0, 4.0, -16.0, 4.3333, -16.0, 4.0, -15.0, 4.0, -15.0, 3.6667, -15.0, 3.0, -15.0, 3.0, -14.6667, 3.0, -14.6667, 2.0, -14.3333, 2.0, -14.3333, 2.0, -14.0, 1.0, -14.6667, 1.0, -15.3333, 0.6667, -16.0, 0.6667, -16.3333, 2.0, -9.0, 6.0, -28.0, 6.0, -27.6667, 6.3333, -27.3333, 5.3333, -26.6667, 4.6667, -26.3333, 4.0, -26.3333, 3.6667, -26.0, 2.6667, -25.3333, 1.6667, -24.6667, 0.6667, -25.0, 0.0, -25.0, -0.6667, -24.3333, -1.0, -24.3333, -1.0, -24.0, -0.6667, -24.3333, -0.6667, -24.3333, -0.3333, -24.0, -0.6667, -23.6667, -0.3333, -23.3333, 0.0, -23.0, 0.6667, -22.3333, 0.6667, -21.3333, 1.0, -20.3333, 1.3333, -19.6667, 1.6667, -19.0, 2.6667, -18.0, 4.0, -17.0, 5.0, -17.3333, 0.3333, -3.6667, 0.0, -1.3333, -0.6667, 0.0, -0.3333, 0.0, -0.6667, 0.0, -0.6667, -1.6667, -1.0, -4.0, -2.0, -21.0, -0.6667, -21.0, 1.3333, -23.0, 3.3333, -23.3333, 4.3333, -24.0, 5.6667, -24.6667, 7.0, -24.6667, 8.0, -24.6667, 9.3333, -24.3333, 10.3333, -23.3333, 11.3333, -22.6667, 11.3333, -22.3333, 11.6667, -22.6667, 11.6667, -22.6667, 12.0, -21.6667, 12.3333, -22.0, 12.3333, -22.3333, 12.0, -22.3333, 11.3333, -23.0, 10.6667, -23.3333, 10.0, -24.0, 9.0, -25.3333, 8.6667, -26.0, 7.6667, -26.6667, 7.3333, -26.6667, 7.0, -27.3333, 6.6667, -28.0, 7.0, -28.6667]",17.315447,10.728497,91.760558
266,266,5c:01:3b:6b:b0:95,-41,256,"[86.0, -32.0, 4.0, 0.0, -11.6667, -12.6667, -11.6667, -12.6667, -11.3333, -12.0, -11.6667, -11.3333, -11.6667, -10.6667, -11.3333, -9.6667, -11.6667, -9.3333, -12.0, -9.3333, -11.6667, -8.6667, -11.6667, -9.0, -12.0, -8.3333, -12.0, -8.6667, -12.0, -8.0, -12.0, -8.0, -12.0, -8.0, -11.3333, -7.6667, -11.3333, -7.6667, -11.3333, -8.0, -10.6667, -7.6667, -10.3333, -7.6667, -10.3333, -7.3333, -9.6667, -7.6667, -9.0, -7.6667, -9.0, -8.0, -8.3333, -8.0, -2.3333, -2.3333, 0.0, 0.0, 0.0, 0.0, 0.0, 0.0, 0.0, 0.0, 0.0, 0.0, 0.0, 0.0, 0.0, 0.0, 0.0, 0.0, 0.0, 0.0, -3.0, -2.6667, -11.0, -9.0, -10.6667, -9.6667, -11.0, -10.3333, -10.6667, -10.6667, -10.3333, -12.0, -9.6667, -12.3333, -10.0, -13.0, -9.3333, -13.0, -9.0, -14.0, -9.0, -16.0, -8.6667, -16.3333, -8.6667, -16.3333, -8.0, -16.3333, -8.0, -15.3333, -8.0, -15.3333, -8.6667, -15.0, -9.0, -15.0, -9.0, -14.0, -9.0, -14.0, -10.0, -13.0, -10.0, -13.0, -10.0, -12.3333, -11.0, -12.6667, -11.0, -13.0, -11.6667, -13.6667, -11.6667, -14.0, -6.0, -8.0, -19.0, -25.0, -19.0, -24.6667, -18.3333, -24.0, -18.3333, -23.3333, -18.6667, -22.0, -19.0, -21.6667, -18.6667, -21.0, -18.6667, -19.6667, -18.6667, -18.3333, -19.6667, -18.0, -20.0, -17.0, -20.3333, -15.6667, -21.0, -15.3333, -21.0, -15.0, -20.3333, -15.0, -20.3333, -15.0, -19.6667, -15.3333, -19.3333, -15.3333, -18.6667, -15.6667, -18.0, -16.0, -17.6667, -16.3333, -16.6667, -15.6667, -16.0, -15.3333, -15.3333, -15.0, -14.6667, -14.6667, -13.6667, -14.6667, -12.0, -15.3333, -11.0, -17.0, -2.3333, -3.6667, -1.0, -1.6667, -0.3333, 0.0, 0.3333, 0.0, -0.3333, 0.0, -1.3333, -1.3333, -4.0, -2.3333, -20.3333, -12.0, -19.6667, -13.0, -18.3333, -16.6667, -17.3333, -18.3333, -17.3333, -20.0, -16.6667, -22.0, -16.0, -23.0, -15.0, -24.0, -14.3333, -25.0, -14.0, -25.0, -13.0, -25.0, -13.0, -25.0, -13.3333, -25.6667, -13.3333, -25.6667, -12.6667, -25.0, -12.6667, -25.0, -12.6667, -25.3333, -12.6667, -25.3333, -13.0, -25.3333, -13.3333, -25.0, -14.0, -25.0, -15.0, -25.6667, -15.6667, -25.6667, -16.6667, -26.0, -17.3333, -25.3333, -18.0, -25.3333, -18.6667, -25.6667, -19.0, -26.0]",18.93823,11.241303,91.760558
267,267,5c:01:3b:6b:b0:95,-41,256,"[86.0, -32.0, 4.0, 0.0, -18.6667, -15.0, -18.6667, -14.6667, -18.3333, -14.0, -18.3333, -13.0, -18.3333, -12.0, -17.6667, -11.3333, -18.0, -10.6667, -18.0, -10.3333, -17.6667, -9.6667, -18.0, -9.6667, -18.3333, -8.6667, -18.3333, -8.6667, -18.3333, -8.0, -18.3333, -8.0, -18.3333, -8.0, -17.6667, -8.0, -17.6667, -8.0, -17.3333, -8.6667, -16.3333, -8.3333, -16.0, -8.3333, -15.6667, -8.0, -15.0, -8.6667, -14.0, -8.3333, -14.0, -9.0, -13.0, -9.0, -3.3333, -2.6667, 0.0, 0.0, 0.0, 0.0, 0.0, 0.0, 0.0, 0.0, 0.0, 0.0, 0.0, 0.0, 0.0, 0.0, 0.0, 0.0, 0.0, 0.0, -4.3333, -3.0, -16.3333, -10.0, -16.3333, -11.0, -16.6667, -12.0, -16.3333, -12.6667, -16.3333, -14.0, -16.0, -15.0, -16.3333, -15.6667, -15.3333, -16.0, -15.0, -16.6667, -15.0, -18.0, -15.0, -18.3333, -15.0, -18.3333, -14.3333, -18.3333, -14.0, -17.6667, -14.0, -17.6667, -15.0, -17.3333, -15.0, -17.0, -15.3333, -16.3333, -15.3333, -16.3333, -16.3333, -16.0, -16.3333, -16.0, -16.6667, -15.3333, -17.6667, -15.3333, -18.0, -15.6667, -18.6667, -16.6667, -18.6667, -16.6667, -10.0, -9.6667, -31.0, -30.0, -31.0, -29.6667, -30.3333, -28.6667, -30.0, -27.6667, -30.0, -26.0, -30.3333, -25.0, -30.0, -24.3333, -29.6667, -22.6667, -29.6667, -21.3333, -30.6667, -20.6667, -31.6667, -19.3333, -32.0, -17.6667, -33.0, -17.0, -33.0, -17.3333, -32.0, -17.0, -32.0, -17.0, -31.3333, -17.3333, -30.3333, -17.0, -29.3333, -17.6667, -28.0, -18.0, -27.6667, -18.3333, -26.0, -18.0, -25.3333, -17.6667, -24.3333, -17.3333, -23.3333, -17.0, -22.3333, -17.3333, -17.6667, -18.0, -16.3333, -18.6667, -3.3333, -3.6667, -1.3333, -1.6667, -0.3333, 0.0, 0.6667, 0.0, 0.0, 0.0, -1.6667, -1.3333, -5.3333, -2.6667, -28.0, -15.3333, -27.0, -16.6667, -28.6667, -19.3333, -28.0, -21.3333, -28.0, -23.6667, -27.3333, -26.0, -26.6667, -27.6667, -25.3333, -28.0, -24.6667, -29.0, -24.0, -29.3333, -23.0, -29.6667, -22.6667, -29.6667, -23.6667, -30.3333, -23.6667, -30.3333, -22.6667, -30.0, -22.6667, -30.0, -22.3333, -30.3333, -22.6667, -30.3333, -23.0, -29.6667, -23.3333, -29.0, -24.3333, -28.6667, -25.3333, -29.0, -26.3333, -29.3333, -27.3333, -30.3333, -28.6667, -30.0, -30.0, -30.3333, -31.0, -30.3333, -31.6667, -30.6667]",25.564124,13.867579,91.760558
268,268,5c:01:3b:6b:b0:95,-41,256,"[86.0, -32.0, 4.0, 0.0, -13.3333, -19.0, -13.3333, -18.3333, -13.6667, -18.0, -13.6667, -17.0, -13.6667, -16.0, -13.3333, -15.6667, -14.0, -15.3333, -14.0, -14.6667, -14.3333, -14.3333, -15.0, -14.3333, -15.6667, -13.3333, -15.6667, -13.3333, -15.6667, -13.0, -15.6667, -13.0, -15.6667, -13.0, -15.3333, -13.0, -15.3333, -13.0, -14.6667, -13.3333, -13.6667, -12.6667, -13.0, -12.6667, -12.3333, -12.0, -12.0, -12.3333, -11.0, -11.6667, -11.0, -12.0, -10.0, -12.0, -2.6667, -3.3333, 0.0, 0.0, 0.0, 0.0, 0.0, 0.0, 0.0, 0.0, 0.0, 0.0, 0.0, 0.0, 0.0, 0.0, 0.0, 0.0, 0.0, 0.0, -3.6667, -4.0, -12.6667, -14.0, -12.6667, -15.0, -12.3333, -16.0, -11.6667, -16.3333, -11.6667, -17.0, -11.0, -18.0, -10.6667, -18.3333, -9.6667, -19.0, -9.0, -19.3333, -9.0, -20.3333, -9.0, -20.6667, -9.0, -21.0, -8.6667, -20.6667, -8.0, -20.3333, -8.0, -20.3333, -9.0, -20.0, -9.0, -19.3333, -9.6667, -19.0, -9.6667, -19.0, -10.6667, -19.0, -10.6667, -19.0, -11.3333, -18.6667, -12.3333, -18.6667, -13.0, -19.3333, -13.3333, -20.3333, -13.3333, -20.3333, -6.0, -11.6667, -18.0, -37.0, -18.0, -36.3333, -17.6667, -35.3333, -18.0, -34.0, -18.0, -32.6667, -18.6667, -31.6667, -19.0, -30.6667, -19.3333, -29.3333, -20.3333, -28.6667, -21.3333, -28.3333, -23.3333, -27.6667, -24.0, -26.3333, -25.0, -26.0, -25.0, -26.6667, -24.0, -26.0, -24.0, -26.0, -23.6667, -25.6667, -22.6667, -25.0, -21.6667, -25.3333, -20.0, -25.0, -19.3333, -24.6667, -18.0, -24.0, -17.6667, -23.3333, -16.6667, -22.6667, -15.6667, -22.0, -14.6667, -22.0, -8.3333, -23.3333, -6.6667, -23.6667, -1.6667, -4.6667, -0.6667, -2.0, -0.6667, 0.0, 0.3333, 0.0, 0.0, 0.0, -1.3333, -1.6667, -3.6667, -4.3333, -19.0, -24.6667, -17.0, -25.3333, -19.3333, -26.6667, -18.0, -27.6667, -17.0, -29.6667, -15.6667, -31.6667, -14.3333, -33.3333, -12.6667, -34.3333, -11.3333, -36.3333, -10.0, -37.3333, -9.0, -38.0, -8.3333, -38.3333, -9.3333, -39.0, -9.3333, -39.0, -8.3333, -39.0, -8.3333, -38.6667, -7.6667, -38.6667, -8.3333, -38.6667, -9.0, -37.6667, -9.6667, -37.0, -10.6667, -36.6667, -11.6667, -36.3333, -12.6667, -36.3333, -13.6667, -37.0, -15.3333, -36.3333, -17.0, -36.6667, -18.0, -36.6667, -18.3333, -37.0]",24.973697,13.614365,91.760558
269,269,5c:01:3b:6b:b0:95,-38,256,"[86.0, -32.0, 4.0, 0.0, -5.3333, -22.3333, -5.3333, -21.6667, -6.0, -21.3333, -6.3333, -20.6667, -6.3333, -20.0, -6.3333, -20.0, -7.3333, -19.6667, -7.6667, -19.0, -8.3333, -19.0, -9.3333, -19.0, -10.0, -18.3333, -10.3333, -18.0, -10.3333, -18.0, -10.3333, -18.3333, -10.3333, -18.3333, -10.3333, -18.0, -10.3333, -18.0, -9.3333, -18.0, -8.6667, -17.0, -7.6667, -17.0, -7.0, -16.0, -6.6667, -15.6667, -6.0, -15.0, -5.6667, -15.0, -5.0, -14.6667, -1.6667, -4.0, 0.0, 0.0, 0.0, 0.0, 0.0, 0.0, 0.0, 0.0, 0.0, 0.0, 0.0, 0.0, 0.0, 0.0, 0.0, 0.0, 0.0, 0.0, -2.3333, -5.0, -7.0, -18.0, -6.6667, -18.6667, -5.6667, -19.3333, -4.6667, -19.6667, -4.3333, -19.6667, -3.3333, -20.6667, -2.6667, -21.0, -1.6667, -22.0, -0.6667, -22.0, -0.3333, -22.3333, -0.3333, -22.3333, 0.0, -22.6667, 0.0, -22.3333, 0.6667, -22.3333, 0.3333, -22.3333, -0.3333, -22.3333, -0.6667, -21.3333, -1.3333, -21.3333, -1.6667, -21.3333, -2.3333, -22.0, -2.3333, -22.0, -3.3333, -21.6667, -4.0, -21.6667, -4.6667, -22.3333, -5.0, -23.3333, -5.0, -23.3333, -0.3333, -13.3333, 0.0, -43.0, 0.0, -42.0, -0.3333, -41.0, -1.3333, -39.6667, -1.6667, -38.6667, -2.6667, -37.6667, -3.6667, -37.0, -4.6667, -36.0, -6.6667, -35.3333, -7.6667, -35.0, -10.3333, -35.3333, -11.3333, -34.6667, -12.3333, -34.6667, -12.3333, -35.3333, -11.3333, -34.6667, -11.3333, -34.3333, -11.0, -33.6667, -10.3333, -32.6667, -9.6667, -32.3333, -8.0, -31.3333, -7.0, -30.6667, -6.3333, -29.6667, -6.0, -28.6667, -5.3333, -28.0, -4.3333, -27.0, -3.3333, -26.3333, 4.6667, -26.0, 6.3333, -25.3333, 0.6667, -4.6667, 0.0, -2.0, -1.0, 0.0, -0.3333, 0.0, -0.3333, 0.0, -1.0, -2.0, -1.3333, -6.0, -6.3333, -33.3333, -3.6667, -34.0, -6.3333, -33.3333, -4.3333, -34.0, -2.0, -35.3333, 0.0, -36.6667, 1.6667, -38.0, 3.6667, -38.3333, 5.6667, -39.6667, 7.6667, -40.0, 8.6667, -40.3333, 9.6667, -40.3333, 9.0, -40.6667, 9.0, -40.6667, 10.0, -40.6667, 10.0, -40.6667, 10.6667, -40.6667, 9.6667, -40.6667, 8.6667, -39.6667, 7.6667, -39.3333, 7.0, -39.3333, 6.0, -39.3333, 5.0, -40.0, 4.0, -41.3333, 2.3333, -41.0, 0.6667, -42.0, 0.0, -42.0, -0.3333, -42.6667]",25.627492,14.102978,91.760558
270,270,5c:01:3b:6b:b0:95,-42,256,"[86.0, -32.0, 4.0, 0.0, -5.3333, -21.6667, -5.3333, -21.3333, -5.6667, -20.6667, -6.0, -20.3333, -6.3333, -20.0, -6.3333, -20.0, -7.3333, -19.3333, -7.6667, -19.0, -8.3333, -19.0, -9.0, -19.0, -9.3333, -18.6667, -10.0, -18.3333, -10.0, -18.3333, -10.0, -18.6667, -10.0, -18.6667, -10.0, -18.3333, -10.0, -18.3333, -9.0, -18.0, -8.3333, -17.0, -7.6667, -17.0, -7.0, -16.0, -6.3333, -15.3333, -5.6667, -15.0, -5.0, -15.0, -4.6667, -14.3333, -1.6667, -4.0, 0.0, 0.0, 0.0, 0.0, 0.0, 0.0, 0.0, 0.0, 0.0, 0.0, 0.0, 0.0, 0.0, 0.0, 0.0, 0.0, 0.0, 0.0, -2.3333, -5.0, -7.3333, -18.0, -6.6667, -18.3333, -6.0, -18.6667, -5.0, -19.3333, -4.3333, -19.3333, -3.3333, -20.3333, -3.0, -21.0, -2.0, -22.0, -1.0, -22.0, -0.6667, -22.6667, -0.3333, -22.6667, 0.3333, -23.3333, 0.3333, -22.6667, 0.6667, -22.6667, 0.3333, -22.6667, -0.3333, -22.6667, -0.6667, -21.6667, -1.3333, -21.6667, -1.6667, -21.6667, -2.3333, -22.0, -2.6667, -22.0, -3.3333, -21.3333, -4.0, -21.3333, -4.3333, -21.6667, -4.6667, -22.6667, -5.0, -22.6667, 0.0, -13.6667, 0.3333, -44.0, 0.3333, -43.0, 0.0, -42.0, -0.6667, -40.3333, -1.3333, -39.3333, -2.3333, -38.3333, -3.3333, -37.0, -4.3333, -36.0, -6.3333, -34.6667, -7.3333, -34.0, -9.6667, -34.6667, -10.6667, -34.3333, -11.6667, -34.3333, -11.6667, -34.6667, -11.0, -34.3333, -10.6667, -33.6667, -10.3333, -33.3333, -9.6667, -32.3333, -9.0, -31.6667, -7.6667, -30.6667, -6.6667, -30.3333, -6.0, -29.3333, -5.3333, -28.3333, -4.6667, -28.0, -3.6667, -27.0, -2.3333, -26.6667, 5.6667, -28.0, 7.3333, -27.6667, 1.0, -5.3333, 0.0, -2.0, -1.0, 0.0, -0.3333, 0.0, -0.3333, 0.0, -1.0, -2.0, -1.3333, -6.0, -5.6667, -32.6667, -3.0, -34.0, -6.3333, -32.6667, -4.3333, -34.0, -1.6667, -35.6667, 0.3333, -37.3333, 1.6667, -39.0, 3.6667, -39.6667, 5.6667, -41.3333, 7.3333, -42.0, 8.3333, -42.6667, 9.3333, -42.6667, 9.0, -43.3333, 9.3333, -43.3333, 10.0, -43.3333, 10.3333, -43.3333, 10.6667, -43.3333, 9.6667, -43.3333, 8.6667, -42.3333, 8.0, -41.6667, 7.3333, -41.6667, 6.0, -41.6667, 5.0, -42.0, 3.6667, -42.6667, 2.3333, -42.0, 1.0, -43.0, 0.6667, -43.0, 0.0, -43.3333]",25.93387,14.484199,91.760558
271,271,5c:01:3b:6b:b0:95,-38,256,"[86.0, -32.0, 4.0, 0.0, 0.3333, -21.0, 0.3333, -21.0, 0.0, -20.0, -0.6667, -20.0, -1.0, -20.0, -1.3333, -20.0, -2.3333, -19.0, -3.0, -19.0, -3.3333, -19.0, -4.0, -19.0, -4.0, -19.0, -5.0, -18.6667, -5.0, -18.6667, -5.0, -19.0, -5.0, -19.0, -5.0, -18.6667, -5.0, -18.6667, -4.0, -18.0, -3.6667, -17.0, -3.3333, -17.0, -3.0, -16.0, -2.0, -15.0, -1.6667, -15.0, -1.0, -15.0, -1.0, -14.0, -0.6667, -4.0, 0.0, 0.0, 0.0, 0.0, 0.0, 0.0, 0.0, 0.0, 0.0, 0.0, 0.0, 0.0, 0.0, 0.0, 0.0, 0.0, 0.0, 0.0, -1.0, -5.0, -3.0, -18.0, -1.6667, -18.0, -1.0, -18.0, 0.0, -19.0, 1.0, -19.0, 2.0, -19.6667, 2.3333, -20.3333, 3.3333, -21.0, 4.0, -20.6667, 4.6667, -21.0, 5.3333, -21.0, 6.0, -21.3333, 6.0, -21.0, 6.0, -21.0, 5.6667, -21.0, 5.0, -21.0, 4.3333, -20.3333, 4.0, -20.3333, 3.6667, -20.6667, 3.0, -21.0, 2.6667, -21.0, 2.3333, -20.6667, 1.6667, -20.6667, 1.6667, -21.0, 1.3333, -22.0, 1.0, -22.0, 3.3333, -12.6667, 10.3333, -40.6667, 10.0, -39.6667, 9.6667, -39.0, 9.0, -37.6667, 8.0, -36.6667, 7.0, -36.0, 5.6667, -35.3333, 4.6667, -35.0, 2.6667, -33.6667, 1.6667, -33.0, -0.3333, -34.0, -1.3333, -34.0, -2.0, -34.0, -2.0, -34.0, -1.6667, -34.0, -1.3333, -33.0, -1.0, -33.0, -0.6667, -32.0, -0.3333, -31.0, 0.3333, -30.0, 1.0, -29.3333, 1.3333, -28.3333, 2.0, -27.3333, 2.6667, -27.0, 3.3333, -26.0, 4.3333, -25.0, 12.0, -23.6667, 13.0, -23.0, 2.0, -4.3333, 0.3333, -1.6667, -1.0, 0.0, -0.6667, 0.0, -0.6667, 0.0, -0.6667, -2.0, 0.0, -6.0, 3.0, -31.6667, 5.0, -32.3333, 2.0, -31.6667, 4.3333, -32.6667, 7.0, -33.6667, 9.0, -34.6667, 10.3333, -35.6667, 12.3333, -35.6667, 14.3333, -36.6667, 15.6667, -37.0, 16.6667, -37.0, 17.6667, -37.0, 17.6667, -37.3333, 18.3333, -37.3333, 18.6667, -37.3333, 19.0, -37.0, 19.0, -37.0, 18.0, -37.3333, 17.0, -36.6667, 16.6667, -36.3333, 16.0, -36.3333, 14.6667, -36.3333, 14.0, -37.0, 12.6667, -38.3333, 11.6667, -38.3333, 11.0, -39.6667, 10.6667, -40.0, 10.0, -40.3333]",24.575407,13.89016,91.760558
272,272,5c:01:3b:6b:b0:95,-42,256,"[86.0, -32.0, 4.0, 0.0, -2.3333, -20.6667, -2.3333, -20.6667, -2.6667, -19.6667, -3.0, -19.3333, -3.6667, -19.3333, -4.0, -19.0, -5.0, -18.0, -5.3333, -17.6667, -6.0, -17.6667, -6.3333, -17.3333, -6.3333, -17.3333, -7.3333, -17.3333, -7.3333, -17.3333, -7.3333, -17.3333, -7.3333, -17.3333, -7.3333, -17.3333, -7.3333, -17.3333, -6.3333, -16.6667, -5.6667, -15.6667, -5.6667, -15.6667, -5.0, -15.0, -4.0, -14.0, -3.3333, -14.3333, -2.6667, -14.3333, -2.6667, -13.6667, -1.0, -4.0, 0.0, 0.0, 0.0, 0.0, 0.0, 0.0, 0.0, 0.0, 0.0, 0.0, 0.0, 0.0, 0.0, 0.0, 0.0, 0.0, 0.0, 0.0, -1.6667, -4.6667, -5.3333, -16.6667, -4.0, -17.0, -3.6667, -17.3333, -2.6667, -18.3333, -1.6667, -18.6667, -0.6667, -19.3333, -0.3333, -20.0, 0.6667, -20.3333, 1.3333, -20.3333, 1.6667, -21.0, 2.6667, -21.0, 3.3333, -21.6667, 3.3333, -21.0, 3.3333, -21.0, 3.3333, -21.0, 2.3333, -21.0, 2.0, -20.3333, 1.3333, -20.3333, 1.3333, -20.6667, 0.3333, -20.6667, -0.3333, -20.3333, -0.3333, -20.3333, -1.3333, -20.3333, -1.3333, -21.0, -1.3333, -21.6667, -2.0, -21.6667, 2.0, -13.0, 5.6667, -40.6667, 5.3333, -40.0, 5.3333, -39.3333, 5.0, -37.6667, 4.0, -36.3333, 3.0, -35.6667, 1.6667, -34.6667, 0.6667, -34.3333, -1.3333, -33.3333, -2.3333, -32.6667, -4.3333, -33.0, -5.3333, -33.0, -6.0, -32.6667, -6.0, -32.6667, -6.0, -32.6667, -5.3333, -31.6667, -5.3333, -31.6667, -4.6667, -31.0, -4.0, -30.3333, -3.3333, -29.6667, -2.6667, -28.6667, -2.0, -27.6667, -1.3333, -26.6667, -0.3333, -26.3333, 0.3333, -25.3333, 1.6667, -24.6667, 9.3333, -24.6667, 10.6667, -24.3333, 1.6667, -4.6667, 0.3333, -1.6667, -1.0, 0.0, -0.3333, 0.0, -0.3333, 0.0, -0.6667, -2.0, -0.6667, -5.6667, 0.0, -30.6667, 2.3333, -31.3333, -1.6667, -31.0, 0.6667, -32.0, 3.3333, -33.3333, 5.3333, -34.6667, 6.6667, -36.0, 8.6667, -36.3333, 10.6667, -37.3333, 11.6667, -38.0, 12.6667, -38.3333, 13.6667, -38.3333, 13.6667, -39.0, 14.6667, -39.3333, 14.6667, -39.3333, 15.3333, -39.0, 15.3333, -38.6667, 14.3333, -39.0, 13.3333, -38.3333, 13.3333, -37.6667, 12.3333, -37.6667, 10.6667, -37.6667, 10.0, -38.0, 8.3333, -38.6667, 7.3333, -38.6667, 6.6667, -39.6667, 6.3333, -40.3333, 5.6667, -40.3333]",24.140206,13.808635,91.760558
273,273,5c:01:3b:6b:b0:95,-42,256,"[86.0, -32.0, 4.0, 0.0, -3.0, -17.3333, -2.6667, -17.3333, -2.6667, -16.6667, -2.6667, -16.3333, -3.0, -16.6667, -3.3333, -16.3333, -3.6667, -15.6667, -3.6667, -15.3333, -3.6667, -15.6667, -3.6667, -15.3333, -3.6667, -15.6667, -4.3333, -15.6667, -4.3333, -15.3333, -4.3333, -15.3333, -4.3333, -15.6667, -4.3333, -15.6667, -4.3333, -15.3333, -3.6667, -15.0, -3.6667, -14.0, -3.6667, -13.6667, -3.6667, -13.0, -3.0, -12.3333, -2.6667, -12.3333, -2.3333, -12.0, -2.6667, -11.6667, -1.0, -3.3333, 0.0, 0.0, 0.0, 0.0, 0.0, 0.0, 0.0, 0.0, 0.0, 0.0, 0.0, 0.0, 0.0, 0.0, 0.0, 0.0, 0.0, 0.0, -1.0, -4.0, -3.0, -14.6667, -2.3333, -15.0, -2.3333, -15.3333, -2.3333, -15.6667, -2.0, -15.6667, -1.6667, -15.6667, -1.6667, -16.0, -1.3333, -15.6667, -0.6667, -15.3333, -0.3333, -15.6667, 0.3333, -15.3333, 0.6667, -15.6667, 1.0, -15.3333, 1.0, -15.3333, 1.0, -15.3333, 0.3333, -15.3333, -0.3333, -15.0, -0.6667, -15.3333, -1.0, -15.6667, -1.6667, -16.0, -2.0, -16.0, -1.6667, -16.3333, -2.0, -16.6667, -2.0, -17.3333, -2.3333, -18.0, -2.3333, -18.0, 0.6667, -9.6667, 1.0, -30.0, 1.0, -29.6667, 1.0, -29.0, 0.6667, -28.3333, 0.0, -27.3333, -0.6667, -27.3333, -1.3333, -27.3333, -1.6667, -27.6667, -2.6667, -27.6667, -3.0, -27.6667, -3.6667, -28.3333, -4.0, -28.6667, -4.3333, -28.3333, -4.0, -28.3333, -4.3333, -28.3333, -4.0, -27.3333, -4.0, -27.3333, -3.6667, -27.0, -3.3333, -26.3333, -3.3333, -25.3333, -3.0, -24.0, -3.0, -22.6667, -2.6667, -21.6667, -2.0, -21.0, -2.0, -19.6667, -0.6667, -18.6667, 7.0, -15.3333, 8.0, -14.3333, 1.0, -2.6667, 0.3333, -1.0, -1.0, 0.0, -0.3333, 0.0, -0.3333, 0.0, -0.6667, -2.0, -0.6667, -5.0, 0.0, -26.3333, 0.6667, -25.6667, -1.6667, -26.3333, -1.0, -26.0, 0.0, -26.0, 1.0, -26.0, 2.3333, -26.3333, 4.3333, -25.6667, 6.0, -25.6667, 7.0, -25.6667, 8.0, -25.0, 8.6667, -25.0, 9.0, -25.0, 9.6667, -25.3333, 9.6667, -25.0, 10.3333, -24.6667, 10.6667, -24.3333, 9.6667, -24.6667, 8.6667, -24.6667, 8.3333, -24.6667, 7.3333, -24.6667, 6.0, -25.3333, 5.3333, -26.0, 4.0, -27.0, 3.0, -28.0, 2.3333, -29.0, 1.6667, -29.6667, 1.3333, -30.0]",18.724601,10.998796,91.760558
274,274,5c:01:3b:6b:b0:95,-38,256,"[86.0, -32.0, 4.0, 0.0, -9.3333, -11.3333, -8.6667, -11.6667, -8.0, -11.3333, -7.3333, -11.0, -7.6667, -11.6667, -7.6667, -11.3333, -7.3333, -11.3333, -6.6667, -11.0, -6.3333, -11.6667, -5.6667, -11.6667, -5.6667, -12.0, -6.0, -12.3333, -6.0, -12.0, -6.0, -12.0, -6.0, -12.3333, -6.0, -12.0, -6.0, -11.6667, -5.6667, -11.3333, -6.0, -10.3333, -6.0, -10.0, -6.3333, -9.3333, -6.0, -9.0, -5.6667, -8.6667, -5.3333, -8.0, -6.0, -8.0, -2.0, -2.3333, 0.0, 0.0, 0.0, 0.0, 0.0, 0.0, 0.0, 0.0, 0.0, 0.0, 0.0, 0.0, 0.0, 0.0, 0.0, 0.0, 0.0, 0.0, -1.6667, -3.0, -5.3333, -11.0, -5.6667, -11.0, -6.3333, -11.3333, -7.3333, -11.0, -7.6667, -10.6667, -8.0, -10.3333, -8.6667, -10.3333, -9.0, -9.6667, -8.0, -9.3333, -8.0, -9.3333, -7.6667, -9.0, -7.3333, -9.0, -6.6667, -8.6667, -6.6667, -8.6667, -6.6667, -8.6667, -7.0, -9.0, -7.6667, -8.6667, -8.0, -9.3333, -8.6667, -9.3333, -9.0, -10.0, -9.3333, -10.0, -8.6667, -10.3333, -8.3333, -10.6667, -8.3333, -11.3333, -9.0, -11.6667, -8.6667, -11.6667, -3.6667, -6.0, -13.3333, -18.3333, -12.6667, -18.3333, -12.6667, -17.6667, -12.6667, -17.6667, -13.0, -17.0, -13.3333, -17.3333, -13.0, -17.6667, -12.6667, -18.3333, -12.6667, -18.6667, -12.3333, -19.3333, -11.6667, -20.3333, -11.3333, -21.0, -11.6667, -21.0, -11.0, -21.0, -11.6667, -20.6667, -11.3333, -20.0, -11.3333, -20.0, -11.0, -19.6667, -10.6667, -19.0, -11.0, -18.0, -10.6667, -16.6667, -11.0, -15.3333, -10.6667, -14.6667, -10.3333, -14.0, -10.6667, -12.6667, -8.6667, -11.6667, -0.6667, -8.0, 0.6667, -6.6667, -0.3333, -1.3333, 0.0, -0.6667, -1.0, -0.3333, 0.0, 0.0, 0.0, 0.0, -1.0, -1.6667, -2.0, -4.0, -8.0, -19.6667, -8.3333, -19.0, -10.0, -19.0, -11.3333, -18.0, -11.6667, -17.3333, -11.6667, -16.3333, -10.6667, -16.0, -8.6667, -15.0, -7.3333, -14.3333, -6.3333, -13.6667, -5.3333, -13.0, -5.0, -13.0, -4.3333, -13.0, -4.0, -13.0, -4.0, -12.6667, -3.0, -12.3333, -2.3333, -12.0, -3.3333, -12.0, -4.3333, -12.3333, -5.0, -12.6667, -6.0, -13.0, -7.3333, -14.0, -8.3333, -14.6667, -9.6667, -15.3333, -10.6667, -16.6667, -11.6667, -17.3333, -12.3333, -18.0, -12.6667, -18.3333]",14.182154,9.57206,91.760558
275,275,5c:01:3b:6b:b0:95,-38,256,"[86.0, -32.0, 4.0, 0.0, -10.0, -5.6667, -9.0, -6.3333, -8.0, -6.3333, -7.0, -6.3333, -7.0, -7.3333, -7.0, -7.3333, -6.0, -8.0, -5.0, -8.0, -4.0, -9.0, -3.0, -9.6667, -3.0, -10.0, -3.0, -10.6667, -3.0, -10.3333, -3.0, -10.3333, -3.0, -10.6667, -3.0, -10.0, -3.0, -9.6667, -3.0, -9.0, -4.0, -8.0, -4.0, -7.6667, -5.0, -6.6667, -5.0, -6.6667, -5.0, -5.6667, -5.0, -4.6667, -6.0, -4.6667, -2.0, -1.3333, 0.0, 0.0, 0.0, 0.0, 0.0, 0.0, 0.0, 0.0, 0.0, 0.0, 0.0, 0.0, 0.0, 0.0, 0.0, 0.0, 0.0, 0.0, -1.0, -2.3333, -3.0, -8.6667, -4.0, -8.0, -5.0, -8.0, -7.0, -7.0, -8.0, -6.0, -9.0, -5.0, -10.0, -4.3333, -11.0, -3.3333, -10.3333, -2.3333, -10.6667, -1.6667, -10.6667, -1.3333, -11.0, -0.6667, -10.3333, -0.6667, -10.3333, -0.6667, -10.3333, -0.6667, -10.3333, -1.3333, -10.6667, -1.3333, -10.3333, -2.3333, -11.0, -2.3333, -11.0, -3.3333, -11.0, -3.6667, -10.0, -4.3333, -9.0, -4.6667, -9.0, -5.3333, -10.0, -5.6667, -9.0, -5.6667, -6.0, -1.3333, -19.3333, -4.3333, -18.6667, -4.3333, -18.3333, -4.0, -18.0, -5.0, -17.6667, -5.0, -17.0, -6.0, -16.0, -7.0, -15.0, -8.6667, -14.0, -9.6667, -13.0, -11.3333, -11.0, -13.3333, -10.0, -14.3333, -10.0, -15.0, -9.0, -15.0, -10.0, -14.3333, -10.0, -14.0, -10.0, -14.0, -10.0, -13.3333, -10.0, -12.3333, -11.0, -11.0, -11.0, -9.3333, -12.0, -8.0, -12.0, -7.6667, -12.0, -6.6667, -13.0, -5.3333, -12.0, -3.6667, -6.3333, 2.6667, -5.3333, 4.6667, -1.3333, 0.6667, -0.3333, 0.0, -0.6667, -0.6667, 0.0, 0.0, 0.0, 0.0, -1.0, -1.3333, -2.0, -3.3333, -8.0, -13.6667, -10.0, -11.6667, -10.0, -12.0, -13.0, -9.3333, -15.0, -7.3333, -16.6667, -4.6667, -16.6667, -3.0, -16.0, -1.0, -15.0, 0.6667, -14.0, 2.3333, -13.0, 3.6667, -12.6667, 3.6667, -12.3333, 4.0, -12.3333, 4.6667, -12.0, 5.0, -11.0, 5.6667, -10.3333, 5.6667, -11.0, 5.6667, -12.0, 4.6667, -13.0, 3.6667, -14.0, 3.0, -15.0, 1.6667, -16.0, 0.6667, -17.0, -0.3333, -17.6667, -2.3333, -18.0, -3.3333, -18.6667, -4.0, -18.6667, -4.3333]",11.762322,8.892112,91.760558
276,276,5c:01:3b:6b:b0:95,-42,256,"[86.0, -32.0, 4.0, 0.0, -2.3333, -3.0, -1.6667, -4.0, -1.3333, -4.0, -0.6667, -4.0, -0.6667, -5.0, -1.0, -5.0, -0.3333, -6.0, 0.3333, -6.0, 1.0, -7.0, 1.3333, -8.0, 1.3333, -8.0, 1.3333, -9.0, 1.3333, -9.0, 1.3333, -9.0, 1.3333, -9.0, 1.3333, -8.0, 1.3333, -8.0, 1.3333, -7.0, 0.3333, -6.0, 0.3333, -6.0, -0.3333, -5.0, -0.6667, -5.0, -0.6667, -4.0, -0.6667, -3.0, -1.3333, -3.0, -0.6667, -1.0, 0.0, 0.0, 0.0, 0.0, 0.0, 0.0, 0.0, 0.0, 0.0, 0.0, 0.0, 0.0, 0.0, 0.0, 0.0, 0.0, 0.0, 0.0, 0.0, -2.0, 1.0, -7.0, 0.6667, -6.0, 0.0, -6.0, -1.0, -5.0, -1.6667, -4.0, -2.0, -3.0, -2.6667, -2.0, -3.3333, -1.0, -2.6667, 0.0, -3.0, 0.6667, -3.0, 0.6667, -3.3333, 1.6667, -3.0, 1.6667, -3.0, 1.6667, -3.0, 1.6667, -3.0, 0.6667, -3.3333, 0.6667, -3.0, 0.0, -3.3333, 0.0, -3.3333, -1.0, -3.0, -1.0, -2.3333, -2.0, -1.6667, -2.0, -1.6667, -3.0, -2.3333, -3.0, -1.3333, -3.0, 0.6667, 0.0, 3.3333, 0.0, 3.6667, 0.0, 3.3333, 0.0, 3.3333, -1.0, 3.3333, -1.0, 3.6667, -2.0, 4.0, -3.0, 4.3333, -5.0, 4.6667, -6.0, 5.0, -8.0, 6.3333, -10.0, 6.6667, -11.0, 6.6667, -12.0, 7.3333, -12.0, 6.6667, -11.0, 6.6667, -11.0, 6.3333, -11.0, 6.0, -10.0, 6.0, -9.0, 5.0, -8.0, 4.6667, -6.0, 3.6667, -5.0, 3.0, -5.0, 2.6667, -4.0, 1.6667, -3.0, 1.6667, -1.0, 4.3333, 5.0, 4.3333, 7.0, 0.3333, 1.0, 0.0, 0.0, -0.6667, -1.0, -0.6667, 0.0, -0.3333, 0.0, -0.3333, -1.0, 0.6667, -3.0, 7.0, -11.0, 6.0, -9.0, 6.0, -9.0, 4.3333, -6.0, 3.6667, -4.0, 2.6667, -1.0, 2.6667, 1.0, 3.0, 3.0, 4.0, 5.0, 4.6667, 7.0, 5.6667, 8.0, 6.0, 8.0, 6.3333, 8.0, 6.3333, 9.0, 6.6667, 9.0, 7.3333, 10.0, 7.6667, 10.0, 7.3333, 10.0, 6.3333, 9.0, 5.6667, 8.0, 5.0, 7.0, 4.3333, 6.0, 4.0, 5.0, 3.6667, 4.0, 3.3333, 2.0, 3.6667, 1.0, 3.6667, 0.0, 4.0, 0.0]",6.265646,8.428489,91.760558
277,277,5c:01:3b:6b:b0:95,-36,256,"[86.0, -32.0, 4.0, 0.0, -4.6667, -2.6667, -4.0, -3.3333, -3.6667, -3.3333, -3.3333, -3.6667, -3.0, -4.3333, -3.0, -4.3333, -2.3333, -5.0, -2.0, -5.3333, -1.3333, -6.0, -1.0, -6.6667, -1.0, -7.0, -0.6667, -7.6667, -0.6667, -7.6667, -0.6667, -7.6667, -0.6667, -7.6667, -0.6667, -7.0, -0.6667, -6.6667, -0.6667, -6.0, -1.3333, -5.3333, -1.3333, -5.0, -2.0, -4.3333, -2.3333, -4.3333, -2.3333, -3.3333, -2.3333, -2.6667, -2.6667, -2.6667, -1.0, -1.0, 0.0, 0.0, 0.0, 0.0, 0.0, 0.0, 0.0, 0.0, 0.0, 0.0, 0.0, 0.0, 0.0, 0.0, 0.0, 0.0, 0.0, 0.0, -0.6667, -1.6667, -2.0, -6.0, -2.3333, -5.0, -3.0, -5.0, -3.6667, -4.3333, -4.0, -3.3333, -4.0, -2.6667, -4.0, -1.6667, -4.3333, -1.0, -4.0, 0.0, -4.3333, 0.3333, -4.3333, 0.3333, -4.3333, 1.3333, -4.3333, 1.3333, -4.3333, 1.3333, -4.3333, 1.3333, -4.3333, 0.3333, -4.3333, 0.3333, -4.3333, 0.0, -4.3333, 0.0, -4.6667, -1.0, -4.3333, -1.0, -4.3333, -1.6667, -4.0, -1.6667, -4.3333, -2.3333, -4.6667, -2.6667, -4.0, -2.6667, -0.6667, 0.3333, 0.0, 1.3333, 0.3333, 1.3333, 0.0, 1.0, 0.3333, 0.0, 0.3333, 0.0, 0.3333, -1.0, 0.3333, -2.0, 0.3333, -3.6667, 0.6667, -5.3333, 0.6667, -7.0, 1.6667, -9.0, 2.0, -10.3333, 2.3333, -11.0, 2.6667, -11.0, 2.6667, -10.3333, 2.6667, -10.0, 2.3333, -10.0, 2.0, -9.0, 2.0, -8.0, 1.3333, -7.0, 1.0, -5.3333, 0.3333, -4.3333, -0.3333, -4.0, -0.6667, -3.0, -0.6667, -2.0, -1.0, 0.0, 1.0, 6.6667, 1.0, 8.0, 0.0, 1.0, -0.3333, 0.0, -0.3333, -1.0, -0.6667, 0.0, -0.3333, -0.3333, -0.6667, -1.0, -0.3333, -2.6667, 1.3333, -9.6667, 1.0, -7.3333, 0.6667, -8.0, 0.3333, -5.0, 0.3333, -3.0, 0.0, -0.3333, 0.0, 2.0, 0.0, 4.0, 1.0, 6.0, 1.6667, 7.6667, 2.6667, 9.0, 3.3333, 9.0, 3.0, 9.0, 3.0, 10.0, 3.6667, 10.0, 4.3333, 11.0, 4.3333, 11.0, 4.3333, 10.6667, 3.3333, 9.6667, 2.6667, 9.0, 2.0, 8.0, 1.3333, 7.3333, 1.0, 6.0, 0.6667, 5.0, 0.3333, 3.0, 0.6667, 2.0, 0.3333, 1.0, 0.6667, 0.6667]",5.652091,8.277105,91.760558
278,278,5c:01:3b:6b:b0:95,-37,256,"[86.0, -32.0, 4.0, 0.0, 1.3333, -2.3333, 1.6667, -2.6667, 1.6667, -2.6667, 1.6667, -3.3333, 1.6667, -3.6667, 1.6667, -3.6667, 1.6667, -4.0, 1.6667, -4.6667, 1.6667, -5.0, 1.6667, -5.3333, 1.6667, -6.0, 2.0, -6.3333, 2.0, -6.3333, 1.6667, -6.3333, 2.0, -6.3333, 2.0, -6.0, 2.0, -5.3333, 2.0, -5.0, 1.6667, -4.6667, 1.6667, -4.0, 1.3333, -3.6667, 1.0, -3.6667, 1.0, -2.6667, 1.0, -2.3333, 1.0, -2.3333, 0.0, -1.0, 0.0, 0.0, 0.0, 0.0, 0.0, 0.0, 0.0, 0.0, 0.0, 0.0, 0.0, 0.0, 0.0, 0.0, 0.0, 0.0, 0.0, 0.0, 0.0, -1.3333, 1.0, -5.0, 1.0, -4.0, 1.0, -4.0, 1.0, -3.6667, 1.3333, -2.6667, 2.0, -2.3333, 2.3333, -1.3333, 2.3333, -1.0, 3.0, 0.0, 3.0, 0.0, 3.3333, 0.0, 3.6667, 1.0, 3.6667, 1.0, 3.6667, 1.0, 3.3333, 1.0, 3.3333, 0.0, 3.0, 0.0, 2.6667, 0.0, 2.3333, 0.0, 2.0, -1.0, 2.3333, -1.0, 2.0, -1.3333, 2.0, -1.3333, 1.6667, -1.6667, 2.0, -2.3333, 2.3333, -2.3333, 6.0, 0.6667, 20.6667, 2.6667, 20.6667, 2.6667, 19.6667, 2.0, 19.3333, 1.0, 18.6667, 1.0, 17.3333, 0.0, 16.6667, -1.0, 15.6667, -2.3333, 15.0, -4.6667, 14.3333, -6.0, 14.3333, -8.0, 14.0, -9.6667, 14.0, -10.0, 14.0, -10.0, 14.3333, -9.6667, 14.3333, -9.0, 14.0, -9.0, 13.6667, -8.0, 13.6667, -7.0, 13.0, -6.0, 12.6667, -4.6667, 12.3333, -3.6667, 11.6667, -3.0, 11.3333, -2.0, 11.6667, -1.0, 11.3333, 1.0, 14.3333, 8.3333, 14.0, 9.0, 2.0, 1.0, 0.3333, 0.0, -0.6667, -1.0, -1.3333, 0.0, -0.6667, -0.6667, 0.0, -1.0, 1.6667, -2.3333, 13.0, -8.3333, 13.6667, -5.6667, 13.0, -7.0, 14.3333, -4.0, 16.0, -2.0, 17.3333, 0.3333, 18.6667, 3.0, 20.0, 5.0, 21.3333, 7.0, 22.0, 8.3333, 23.0, 10.0, 23.6667, 10.0, 24.0, 10.0, 24.0, 11.0, 24.3333, 11.0, 24.6667, 12.0, 24.6667, 12.0, 24.6667, 11.3333, 23.6667, 10.3333, 23.0, 10.0, 22.6667, 9.0, 22.3333, 8.6667, 22.0, 7.0, 22.0, 6.0, 21.6667, 4.0, 21.6667, 3.0, 21.3333, 2.0, 21.6667, 1.3333]",10.829799,11.220571,91.760558
279,279,5c:01:3b:6b:b0:95,-38,256,"[86.0, -32.0, 4.0, 0.0, -8.3333, 4.3333, -7.6667, 4.6667, -7.0, 4.3333, -6.6667, 3.6667, -6.6667, 3.6667, -6.0, 3.6667, -6.0, 3.6667, -5.6667, 3.0, -5.3333, 3.0, -5.0, 3.0, -4.6667, 2.3333, -4.3333, 2.3333, -4.0, 2.3333, -4.3333, 2.3333, -4.3333, 2.3333, -4.3333, 2.3333, -4.3333, 2.6667, -4.3333, 2.3333, -4.3333, 2.3333, -4.3333, 2.6667, -5.0, 2.3333, -5.0, 2.3333, -5.0, 2.6667, -5.0, 2.3333, -5.0, 2.0, -1.6667, 0.0, 0.0, 0.0, 0.0, 0.0, 0.0, 0.0, 0.0, 0.0, 0.0, 0.0, 0.0, 0.0, 0.0, 0.0, 0.0, 0.0, 0.0, 0.0, -1.6667, 0.3333, -5.0, 2.3333, -5.6667, 3.0, -6.0, 3.0, -6.6667, 3.0, -7.0, 3.6667, -7.0, 3.6667, -7.0, 4.0, -7.0, 4.0, -7.0, 4.6667, -7.3333, 4.3333, -7.0, 4.3333, -7.0, 5.0, -7.0, 5.0, -6.6667, 5.0, -7.0, 5.0, -7.0, 4.3333, -7.0, 4.3333, -7.0, 4.3333, -7.3333, 4.6667, -7.6667, 4.3333, -7.6667, 4.3333, -7.6667, 4.6667, -7.6667, 4.6667, -8.0, 5.0, -7.6667, 4.3333, -7.6667, 4.6667, -2.6667, 3.3333, -7.3333, 11.6667, -7.0, 11.6667, -7.0, 11.0, -6.6667, 10.3333, -6.6667, 10.3333, -7.3333, 9.3333, -7.3333, 9.0, -7.3333, 8.3333, -7.3333, 6.6667, -7.0, 6.0, -6.6667, 5.0, -6.3333, 3.6667, -6.0, 4.0, -6.0, 4.0, -5.6667, 4.0, -5.6667, 4.6667, -5.6667, 4.3333, -5.6667, 4.6667, -6.0, 5.0, -6.3333, 5.3333, -6.3333, 5.3333, -6.3333, 5.6667, -6.3333, 5.6667, -6.3333, 6.3333, -5.6667, 6.3333, -5.6667, 7.3333, -3.0, 10.6667, -2.6667, 10.0, -1.0, 1.0, -0.6667, 0.0, -0.3333, -1.0, -0.6667, -0.3333, -0.3333, -1.0, -0.6667, -0.3333, -1.3333, 0.3333, -5.3333, 4.3333, -5.6667, 5.6667, -6.3333, 4.6667, -6.3333, 6.3333, -6.3333, 7.3333, -6.0, 8.3333, -5.6667, 10.3333, -5.3333, 11.3333, -5.0, 12.3333, -4.6667, 13.0, -4.3333, 13.6667, -4.0, 13.6667, -4.0, 13.3333, -4.3333, 14.0, -4.0, 13.6667, -3.6667, 14.3333, -3.6667, 14.3333, -3.3333, 14.0, -4.0, 13.6667, -4.3333, 14.0, -4.6667, 13.6667, -5.0, 14.0, -5.3333, 13.0, -5.6667, 12.6667, -5.6667, 11.6667, -5.6667, 11.3333, -6.3333, 11.0, -6.6667, 10.3333]",8.574301,8.442027,91.760558
280,280,5c:01:3b:6b:b0:95,-39,256,"[86.0, -32.0, 4.0, 0.0, -1.0, 1.6667, -1.0, 2.0, -0.6667, 1.6667, -0.3333, 1.3333, -1.0, 1.3333, -0.6667, 1.3333, -1.3333, 1.3333, -1.3333, 1.0, -1.6667, 1.0, -1.6667, 1.0, -1.6667, 0.6667, -1.6667, 0.6667, -1.6667, 0.6667, -2.0, 0.6667, -2.0, 0.6667, -1.6667, 0.6667, -1.6667, 0.6667, -1.6667, 0.3333, -1.6667, 0.6667, -1.3333, 0.6667, -1.6667, 0.3333, -1.3333, 0.6667, -1.0, 0.6667, -1.0, 0.6667, -1.0, 0.3333, -0.6667, -0.3333, 0.0, 0.0, 0.0, 0.0, 0.0, 0.0, 0.0, 0.0, 0.0, 0.0, 0.0, 0.0, 0.0, 0.0, 0.0, 0.0, 0.0, 0.0, -0.6667, -0.3333, -0.6667, 0.6667, -0.6667, 1.0, -0.3333, 1.0, -0.3333, 1.0, -0.3333, 1.3333, 0.0, 1.3333, 0.0, 1.3333, 0.3333, 1.6667, 0.3333, 2.0, 0.3333, 1.6667, 1.0, 1.6667, 1.0, 2.0, 1.0, 2.0, 1.3333, 2.0, 0.6667, 2.0, 0.3333, 1.6667, 0.3333, 1.6667, 0.3333, 1.6667, 0.0, 2.0, 0.0, 1.6667, -0.3333, 1.6667, 0.0, 2.0, -0.3333, 2.0, -0.3333, 2.0, 0.3333, 1.6667, 0.3333, 2.0, 1.6667, -0.3333, 6.3333, 0.0, 6.0, 0.3333, 5.6667, 0.0, 5.6667, -0.3333, 5.3333, -0.3333, 4.6667, -1.0, 4.3333, -1.0, 3.6667, -1.6667, 3.0, -2.6667, 2.6667, -3.3333, 2.0, -4.0, 1.6667, -4.6667, 1.6667, -4.3333, 1.6667, -4.3333, 1.6667, -4.3333, 1.6667, -3.6667, 2.0, -4.0, 2.0, -3.6667, 1.6667, -3.3333, 1.6667, -2.6667, 2.0, -2.6667, 2.0, -2.0, 2.3333, -2.0, 2.6667, -1.0, 2.6667, -0.6667, 2.6667, 0.0, 4.6667, 3.3333, 5.3333, 3.0, 0.3333, 0.0, -0.3333, -0.3333, -0.6667, -0.6667, -0.6667, -0.3333, -0.6667, -0.6667, -0.3333, -0.6667, 0.0, -1.0, 2.0, -2.6667, 2.6667, -1.6667, 3.3333, -3.0, 4.0, -1.6667, 5.0, -1.0, 5.6667, -0.3333, 6.0, 1.0, 7.0, 1.6667, 7.6667, 2.3333, 8.0, 3.0, 8.3333, 3.0, 8.3333, 3.0, 9.0, 2.6667, 9.0, 3.3333, 9.0, 3.0, 9.3333, 3.3333, 9.0, 3.3333, 9.3333, 3.3333, 8.6667, 3.3333, 8.3333, 3.6667, 8.0, 3.3333, 8.0, 3.0, 7.6667, 2.3333, 7.3333, 1.6667, 7.0, 1.0, 7.0, 0.3333, 7.0, 0.0, 6.6667, -0.3333]",4.101685,8.248314,91.760558
281,281,5c:01:3b:6b:b0:95,-39,256,"[86.0, -32.0, 4.0, 0.0, -9.0, 1.3333, -8.6667, 1.6667, -8.0, 1.3333, -7.3333, 1.6667, -7.6667, 2.0, -7.0, 2.3333, -7.3333, 2.3333, -7.0, 2.6667, -6.6667, 2.6667, -6.6667, 2.6667, -6.3333, 3.0, -6.3333, 3.3333, -6.0, 3.3333, -6.0, 3.3333, -6.6667, 3.3333, -6.3333, 3.3333, -6.3333, 3.0, -6.3333, 2.3333, -6.3333, 2.6667, -6.3333, 2.0, -6.6667, 1.6667, -6.3333, 2.0, -6.0, 1.3333, -6.0, 1.0, -6.0, 0.6667, -2.0, -0.3333, 0.0, 0.0, 0.0, 0.0, 0.0, 0.0, 0.0, 0.0, 0.0, 0.0, 0.0, 0.0, 0.0, 0.0, 0.0, 0.0, 0.0, 0.0, -2.0, 0.0, -5.6667, 1.6667, -6.0, 1.3333, -6.3333, 1.0, -6.6667, 0.6667, -7.6667, 0.6667, -8.0, 0.3333, -8.3333, -0.3333, -8.0, -0.3333, -8.6667, -0.3333, -9.0, -1.0, -8.6667, -1.3333, -9.0, -1.6667, -9.0, -1.6667, -8.3333, -1.3333, -8.6667, -1.3333, -9.0, -1.3333, -9.0, -1.0, -8.6667, -0.6667, -8.6667, -0.3333, -8.6667, 0.0, -9.0, 0.3333, -8.3333, 0.6667, -8.6667, 0.6667, -8.6667, 0.6667, -8.3333, 0.6667, -8.3333, 1.0, -6.0, -1.3333, -18.3333, -2.6667, -18.0, -2.3333, -17.6667, -2.3333, -17.0, -2.0, -16.6667, -1.6667, -16.3333, -1.6667, -16.0, -1.0, -15.3333, -1.0, -15.0, -0.6667, -14.3333, -0.3333, -14.3333, 0.0, -14.0, 0.3333, -13.3333, 1.0, -13.3333, 1.3333, -13.3333, 1.3333, -13.3333, 1.6667, -13.0, 1.3333, -13.0, 1.0, -13.6667, 0.6667, -13.3333, 0.6667, -13.0, 0.0, -13.0, 0.0, -12.6667, -0.6667, -12.3333, -0.3333, -12.3333, -0.6667, -12.0, -1.0, -12.0, -0.6667, -11.3333, -1.6667, -2.6667, -0.6667, -1.3333, -0.6667, -0.3333, -0.6667, 0.0, -0.6667, -0.3333, -0.6667, -1.0, -0.3333, -2.3333, 0.0, -13.0, 2.6667, -13.3333, 2.0, -12.3333, -0.6667, -13.3333, -1.0, -14.3333, -1.6667, -15.0, -2.3333, -16.0, -2.3333, -16.3333, -3.0, -17.0, -3.6667, -17.3333, -4.0, -17.6667, -5.0, -18.3333, -5.3333, -18.0, -6.0, -18.3333, -6.0, -18.3333, -6.3333, -18.0, -6.3333, -18.3333, -6.0, -17.6667, -5.6667, -18.0, -5.0, -17.6667, -4.3333, -18.0, -4.0, -18.0, -3.6667, -17.6667, -3.3333, -18.0, -3.3333, -18.0, -3.0, -17.6667, -3.3333, -17.6667, -3.0, -18.3333, -3.0]",10.897369,9.154535,91.760558
282,282,5c:01:3b:6b:b0:95,-39,256,"[86.0, -32.0, 4.0, 0.0, -7.3333, -7.0, -7.3333, -7.0, -7.0, -7.0, -6.6667, -6.3333, -7.0, -6.0, -6.6667, -5.3333, -7.0, -5.3333, -7.0, -4.6667, -7.0, -4.6667, -7.0, -4.6667, -7.0, -4.3333, -7.0, -3.6667, -7.0, -3.6667, -7.0, -3.6667, -7.3333, -3.6667, -7.0, -3.6667, -7.0, -3.6667, -7.0, -4.0, -6.6667, -3.6667, -6.6667, -4.3333, -6.3333, -4.0, -6.0, -3.6667, -5.6667, -4.0, -5.3333, -4.3333, -5.3333, -4.3333, -1.6667, -1.6667, 0.0, 0.0, 0.0, 0.0, 0.0, 0.0, 0.0, 0.0, 0.0, 0.0, 0.0, 0.0, 0.0, 0.0, 0.0, 0.0, 0.0, 0.0, -2.0, -1.6667, -5.6667, -5.3333, -6.0, -5.6667, -5.6667, -6.3333, -5.6667, -7.0, -6.0, -7.0, -6.3333, -7.6667, -6.3333, -8.0, -5.6667, -8.3333, -6.0, -8.3333, -6.0, -8.6667, -5.6667, -9.3333, -5.6667, -9.6667, -5.6667, -9.6667, -5.3333, -9.3333, -5.6667, -9.3333, -6.0, -9.0, -6.0, -8.6667, -6.0, -8.3333, -6.0, -8.3333, -6.3333, -8.3333, -6.6667, -7.6667, -6.3333, -7.6667, -6.6667, -7.6667, -7.0, -8.0, -6.6667, -8.0, -6.6667, -8.0, -6.3333, -8.3333, -19.3333, -24.3333, -19.0, -23.6667, -18.6667, -23.3333, -18.3333, -22.3333, -18.3333, -21.6667, -18.3333, -20.6667, -18.3333, -20.0, -18.3333, -19.3333, -18.3333, -19.0, -18.6667, -18.0, -19.3333, -17.3333, -19.6667, -16.6667, -19.6667, -16.0, -19.3333, -15.6667, -19.3333, -15.3333, -19.0, -15.0, -18.6667, -15.0, -18.3333, -15.0, -18.0, -15.3333, -17.3333, -15.3333, -16.6667, -15.3333, -16.0, -14.6667, -15.3333, -14.6667, -14.6667, -14.3333, -14.3333, -14.0, -13.3333, -14.0, -10.6667, -13.3333, -9.3333, -13.0, -2.0, -2.6667, -1.0, -1.3333, -0.3333, -0.3333, 0.0, -0.3333, -0.3333, -0.3333, -1.3333, -1.0, -3.3333, -3.0, -17.6667, -14.0, -16.6667, -14.6667, -16.3333, -18.0, -16.0, -19.0, -15.6667, -20.0, -15.3333, -21.3333, -15.3333, -22.0, -15.0, -23.0, -14.6667, -24.0, -14.3333, -24.3333, -14.0, -24.6667, -14.3333, -25.0, -14.3333, -25.3333, -14.3333, -25.3333, -14.3333, -25.3333, -14.0, -25.3333, -14.0, -25.0, -13.6667, -25.0, -14.0, -24.3333, -14.3333, -24.0, -15.0, -24.3333, -15.3333, -24.3333, -16.0, -24.3333, -17.0, -24.3333, -17.6667, -24.0, -18.3333, -24.6667, -18.6667, -24.6667, -19.3333, -24.6667]",16.096463,12.181899,91.760558
283,283,5c:01:3b:6b:b0:95,-43,256,"[86.0, -32.0, 4.0, 0.0, -12.6667, -6.3333, -12.3333, -6.3333, -12.0, -6.3333, -11.6667, -5.3333, -11.6667, -5.0, -11.3333, -4.0, -11.3333, -4.0, -11.0, -3.0, -10.6667, -3.0, -10.6667, -3.0, -10.3333, -2.6667, -10.3333, -1.6667, -10.0, -1.6667, -10.0, -1.6667, -10.3333, -1.6667, -10.3333, -1.6667, -10.3333, -1.6667, -10.3333, -2.0, -9.6667, -2.0, -10.0, -3.0, -9.3333, -2.3333, -9.3333, -2.3333, -9.3333, -2.6667, -8.6667, -3.6667, -8.6667, -3.6667, -2.3333, -1.6667, 0.0, 0.0, 0.0, 0.0, 0.0, 0.0, 0.0, 0.0, 0.0, 0.0, 0.0, 0.0, 0.0, 0.0, 0.0, 0.0, 0.0, 0.0, -3.0, -1.3333, -9.0, -4.3333, -10.0, -4.6667, -9.6667, -5.6667, -10.0, -6.6667, -10.6667, -6.6667, -11.6667, -7.6667, -12.0, -8.0, -11.3333, -9.0, -11.6667, -9.0, -12.0, -9.3333, -12.0, -10.3333, -12.3333, -10.6667, -12.3333, -10.6667, -12.0, -10.3333, -12.0, -10.3333, -12.0, -9.6667, -12.0, -9.3333, -11.6667, -9.0, -11.6667, -9.0, -12.3333, -8.6667, -12.3333, -7.6667, -12.0, -7.6667, -12.0, -7.6667, -12.6667, -7.6667, -12.6667, -7.6667, -12.6667, -7.6667, -11.6667, -9.3333, -36.0, -26.6667, -35.0, -26.0, -34.0, -25.3333, -33.6667, -23.6667, -33.3333, -22.6667, -33.0, -21.0, -32.6667, -20.0, -32.0, -18.3333, -31.6667, -17.3333, -31.6667, -15.3333, -32.0, -13.6667, -32.3333, -12.6667, -32.6667, -11.6667, -32.0, -11.3333, -32.0, -10.6667, -31.3333, -10.6667, -31.3333, -10.6667, -30.6667, -11.0, -29.6667, -12.0, -29.0, -13.0, -28.3333, -13.3333, -27.0, -13.0, -26.3333, -13.3333, -25.6667, -13.6667, -25.0, -14.0, -23.6667, -14.3333, -20.3333, -18.3333, -19.0, -18.0, -3.6667, -3.6667, -1.3333, -1.6667, 0.0, -0.3333, 0.0, -0.3333, 0.0, -0.3333, -1.6667, -0.6667, -5.0, -2.3333, -27.3333, -12.3333, -26.6667, -14.3333, -28.0, -17.0, -28.3333, -19.6667, -28.6667, -21.6667, -28.6667, -24.3333, -28.6667, -26.0, -29.3333, -28.0, -29.3333, -30.0, -29.0, -31.3333, -28.6667, -31.6667, -29.0, -32.3333, -29.6667, -33.0, -30.0, -33.3333, -30.0, -33.0, -30.0, -33.0, -29.3333, -32.6667, -29.0, -33.0, -29.0, -31.6667, -29.3333, -31.0, -30.0, -31.0, -30.6667, -30.0, -31.6667, -29.6667, -33.0, -28.6667, -33.3333, -27.6667, -34.3333, -27.6667, -35.0, -27.3333, -36.0, -27.3333]",22.625848,16.173264,91.760558
284,284,5c:01:3b:6b:b0:95,-39,256,"[86.0, -32.0, 4.0, 0.0, -8.0, -8.0, -8.0, -8.0, -8.0, -8.0, -8.3333, -7.0, -8.3333, -7.0, -8.3333, -6.0, -8.6667, -6.0, -9.0, -5.0, -9.3333, -5.0, -9.3333, -5.0, -9.6667, -5.0, -9.6667, -4.0, -9.6667, -4.0, -9.6667, -4.0, -9.6667, -4.0, -9.6667, -4.0, -9.3333, -4.0, -9.3333, -4.0, -8.3333, -4.0, -8.0, -5.0, -7.3333, -4.0, -7.0, -4.0, -7.0, -4.0, -6.3333, -5.0, -6.0, -5.0, -1.6667, -2.0, 0.0, 0.0, 0.0, 0.0, 0.0, 0.0, 0.0, 0.0, 0.0, 0.0, 0.0, 0.0, 0.0, 0.0, 0.0, 0.0, 0.0, 0.0, -2.6667, -2.0, -7.6667, -6.0, -8.3333, -6.0, -7.3333, -7.0, -7.0, -8.0, -6.6667, -8.0, -7.0, -9.0, -6.6667, -9.0, -5.6667, -10.0, -5.3333, -10.0, -5.3333, -10.0, -5.3333, -11.0, -5.0, -11.0, -5.0, -11.0, -5.0, -11.0, -5.0, -11.0, -5.0, -10.0, -5.3333, -10.0, -5.3333, -10.0, -5.6667, -10.0, -6.3333, -10.0, -6.6667, -9.0, -6.6667, -9.0, -7.0, -9.0, -7.6667, -9.0, -7.6667, -9.0, -7.6667, -9.0, -7.6667, -13.0, -24.0, -38.0, -23.3333, -37.0, -23.0, -36.0, -23.0, -34.0, -23.3333, -33.0, -23.6667, -31.0, -24.0, -30.0, -24.3333, -28.0, -25.0, -27.0, -26.0, -25.0, -27.3333, -23.0, -28.3333, -22.0, -29.0, -21.0, -28.3333, -21.0, -28.3333, -20.0, -27.3333, -20.0, -27.3333, -20.0, -26.3333, -20.0, -24.6667, -21.0, -23.6667, -22.0, -22.6667, -22.0, -21.3333, -21.0, -20.3333, -21.0, -19.3333, -21.0, -18.3333, -21.0, -16.6667, -21.0, -11.0, -26.6667, -9.3333, -25.3333, -1.6667, -5.0, -0.6667, -2.0, -0.3333, 0.0, 0.0, 0.0, 0.0, 0.0, -1.6667, -1.0, -4.6667, -4.0, -24.3333, -23.0, -22.0, -25.0, -23.3333, -26.0, -22.0, -29.0, -20.3333, -31.0, -19.0, -34.0, -18.0, -36.0, -17.3333, -38.0, -16.0, -40.0, -14.6667, -41.3333, -13.6667, -41.3333, -13.3333, -42.0, -14.3333, -42.6667, -14.0, -42.6667, -14.0, -42.0, -13.6667, -42.0, -13.0, -42.0, -13.0, -42.6667, -13.0, -41.0, -14.3333, -40.3333, -15.3333, -40.6667, -16.3333, -40.0, -18.0, -40.0, -19.6667, -39.0, -21.0, -38.0, -22.6667, -38.0, -23.3333, -38.0, -24.3333, -38.0]",22.078419,16.867128,91.760558
285,285,5c:01:3b:6b:b0:95,-39,256,"[86.0, -32.0, 4.0, 0.0, 0.6667, -5.0, 0.6667, -5.3333, 0.6667, -5.3333, 0.0, -4.6667, 0.0, -5.0, 0.0, -4.3333, 0.0, -4.3333, -0.3333, -4.0, -0.6667, -4.3333, -0.3333, -4.3333, -0.6667, -4.6667, -0.6667, -4.0, -0.6667, -4.0, -0.6667, -4.0, -0.6667, -4.0, -0.6667, -4.0, -0.6667, -3.6667, -0.6667, -3.6667, -0.3333, -3.3333, -0.3333, -4.0, -0.3333, -3.0, 0.0, -3.0, -0.3333, -3.0, -0.3333, -3.3333, 0.0, -3.0, -0.3333, -1.3333, 0.0, 0.0, 0.0, 0.0, 0.0, 0.0, 0.0, 0.0, 0.0, 0.0, 0.0, 0.0, 0.0, 0.0, 0.0, 0.0, 0.0, 0.0, -0.6667, -1.6667, 0.0, -5.3333, -0.6667, -5.0, 0.0, -5.3333, 0.3333, -5.6667, 0.6667, -5.3333, 0.3333, -5.6667, 0.6667, -5.3333, 1.0, -5.6667, 1.3333, -5.3333, 1.3333, -5.3333, 1.3333, -6.0, 1.3333, -5.6667, 1.3333, -5.6667, 1.3333, -5.6667, 1.3333, -5.6667, 1.3333, -5.0, 1.0, -5.0, 1.3333, -5.3333, 1.0, -5.6667, 1.0, -5.6667, 0.6667, -5.0, 1.0, -5.3333, 0.6667, -5.3333, 0.6667, -5.6667, 1.0, -5.6667, 1.0, -5.6667, -1.3333, -7.3333, -4.0, -21.6667, -3.6667, -21.0, -4.0, -20.6667, -4.0, -19.3333, -4.3333, -19.0, -4.3333, -18.0, -4.6667, -17.6667, -4.6667, -16.6667, -5.3333, -16.6667, -5.6667, -15.6667, -6.3333, -15.0, -6.6667, -14.6667, -6.6667, -14.0, -6.3333, -14.0, -6.6667, -13.0, -6.0, -13.0, -6.3333, -12.6667, -6.0, -12.6667, -5.3333, -13.3333, -5.0, -13.6667, -4.6667, -13.3333, -4.3333, -12.6667, -4.0, -12.6667, -4.0, -12.3333, -3.6667, -12.0, -3.3333, -11.6667, -1.3333, -13.3333, -1.0, -12.0, -0.3333, -2.3333, -0.3333, -1.3333, -0.6667, -0.3333, -0.3333, 0.0, -0.3333, -0.3333, -0.6667, -1.0, -1.3333, -3.0, -6.0, -15.0, -4.6667, -15.6667, -5.0, -17.0, -4.6667, -18.3333, -3.6667, -19.0, -3.0, -20.3333, -2.6667, -21.0, -2.3333, -21.3333, -1.6667, -22.0, -1.0, -23.0, -0.6667, -22.3333, -0.3333, -23.0, -1.0, -23.6667, -0.6667, -23.3333, -0.6667, -22.6667, -0.3333, -22.3333, -0.3333, -22.3333, -0.3333, -23.3333, -0.3333, -22.0, -1.0, -21.6667, -1.3333, -22.0, -1.6667, -21.6667, -2.0, -21.6667, -2.6667, -21.3333, -3.0, -21.3333, -3.6667, -21.6667, -3.6667, -22.0, -4.0, -22.0]",10.986919,10.644767,91.760558
286,286,5c:01:3b:6b:b0:95,-39,256,"[86.0, -32.0, 4.0, 0.0, 9.3333, -2.0, 9.3333, -2.6667, 9.3333, -2.6667, 8.3333, -2.3333, 8.3333, -3.0, 8.3333, -2.6667, 8.6667, -2.6667, 8.3333, -3.0, 8.0, -3.6667, 8.6667, -3.6667, 8.3333, -4.3333, 8.3333, -4.0, 8.3333, -4.0, 8.3333, -4.0, 8.3333, -4.0, 8.3333, -4.0, 8.0, -3.3333, 8.0, -3.3333, 7.6667, -2.6667, 7.3333, -3.0, 6.6667, -2.0, 7.0, -2.0, 6.3333, -2.0, 5.6667, -1.6667, 6.0, -1.0, 1.0, -0.6667, 0.0, 0.0, 0.0, 0.0, 0.0, 0.0, 0.0, 0.0, 0.0, 0.0, 0.0, 0.0, 0.0, 0.0, 0.0, 0.0, 0.0, 0.0, 1.3333, -1.3333, 7.6667, -4.6667, 7.0, -4.0, 7.3333, -3.6667, 7.6667, -3.3333, 8.0, -2.6667, 7.6667, -2.3333, 8.0, -1.6667, 7.6667, -1.3333, 8.0, -0.6667, 8.0, -0.6667, 8.0, -1.0, 7.6667, -0.3333, 7.6667, -0.3333, 7.6667, -0.3333, 7.6667, -0.3333, 7.6667, 0.0, 7.3333, 0.0, 8.0, -0.6667, 7.6667, -1.3333, 8.3333, -1.3333, 8.0, -1.0, 8.6667, -1.6667, 8.3333, -1.6667, 9.0, -2.3333, 9.6667, -2.3333, 9.6667, -2.3333, 5.0, -1.6667, 16.0, -5.3333, 16.0, -5.0, 15.0, -5.3333, 15.0, -4.6667, 14.6667, -5.0, 15.0, -5.0, 14.6667, -5.3333, 15.0, -5.3333, 14.3333, -6.3333, 14.6667, -6.3333, 14.6667, -7.0, 15.0, -7.3333, 15.6667, -7.0, 15.6667, -7.0, 15.0, -6.0, 15.3333, -6.0, 14.6667, -5.3333, 14.3333, -5.3333, 14.0, -5.6667, 13.6667, -5.3333, 13.3333, -4.6667, 12.6667, -4.3333, 12.3333, -4.3333, 11.3333, -3.6667, 11.0, -3.0, 10.0, -2.3333, 8.3333, 0.3333, 7.3333, 2.0, 1.0, 0.3333, 0.0, -0.6667, -1.0, -0.6667, -0.6667, 0.0, -0.6667, -0.6667, 0.3333, -1.0, 2.0, -2.0, 12.3333, -7.0, 12.6667, -6.3333, 13.3333, -8.0, 12.6667, -7.6667, 13.0, -7.0, 13.0, -6.6667, 12.6667, -6.0, 12.6667, -4.6667, 12.6667, -4.0, 12.6667, -4.0, 12.3333, -2.6667, 12.6667, -3.0, 12.3333, -3.3333, 12.6667, -2.6667, 12.6667, -2.3333, 13.0, -1.6667, 12.3333, -1.6667, 12.3333, -2.6667, 12.3333, -2.0, 12.3333, -2.3333, 12.6667, -3.0, 13.0, -3.3333, 14.0, -3.3333, 14.3333, -3.6667, 15.0, -4.6667, 15.3333, -5.3333, 16.0, -6.0, 16.3333, -6.0]",10.487845,8.730976,91.760558
287,287,5c:01:3b:6b:b0:95,-43,256,"[86.0, -32.0, 4.0, 0.0, 12.0, -3.0, 12.0, -3.6667, 11.6667, -3.3333, 10.6667, -3.3333, 10.6667, -4.0, 10.3333, -3.6667, 11.0, -3.6667, 10.6667, -4.0, 10.3333, -4.6667, 10.6667, -4.3333, 10.6667, -5.0, 10.3333, -5.0, 10.3333, -5.0, 10.3333, -5.0, 10.3333, -5.0, 10.3333, -5.0, 10.0, -4.3333, 10.0, -4.3333, 9.6667, -3.6667, 9.0, -3.6667, 8.3333, -3.0, 8.6667, -3.0, 8.0, -2.6667, 7.3333, -2.3333, 7.6667, -1.6667, 1.3333, -0.6667, 0.0, 0.0, 0.0, 0.0, 0.0, 0.0, 0.0, 0.0, 0.0, 0.0, 0.0, 0.0, 0.0, 0.0, 0.0, 0.0, 0.0, 0.0, 2.0, -1.3333, 9.6667, -5.3333, 9.3333, -4.6667, 9.6667, -4.3333, 10.0, -4.0, 10.6667, -3.3333, 10.3333, -3.0, 10.6667, -2.6667, 10.3333, -2.0, 10.3333, -1.3333, 10.6667, -1.3333, 10.6667, -1.6667, 10.0, -1.0, 10.0, -1.0, 10.0, -0.6667, 10.0, -0.6667, 10.0, -0.6667, 9.6667, -0.6667, 10.3333, -1.3333, 10.3333, -2.0, 10.6667, -2.0, 10.6667, -2.0, 11.0, -2.3333, 11.0, -2.3333, 11.3333, -3.0, 12.0, -3.3333, 12.3333, -3.3333, 7.0, -1.6667, 22.3333, -6.0, 22.0, -5.6667, 21.3333, -6.0, 21.0, -5.6667, 20.6667, -6.0, 20.6667, -6.6667, 20.3333, -7.3333, 20.6667, -8.0, 20.0, -9.0, 20.0, -9.6667, 20.3333, -10.6667, 20.6667, -11.0, 21.0, -10.6667, 21.0, -10.6667, 20.3333, -10.0, 20.6667, -9.6667, 20.0, -8.6667, 19.3333, -8.6667, 19.0, -9.0, 18.6667, -8.0, 18.0, -7.3333, 17.3333, -7.3333, 16.6667, -7.0, 15.3333, -6.0, 15.0, -4.6667, 14.0, -3.6667, 10.0, 2.6667, 8.0, 4.3333, 1.0, 0.6667, 0.0, -0.3333, -1.0, -0.6667, -1.0, 0.0, -1.0, -0.6667, 0.6667, -1.3333, 3.3333, -2.6667, 19.3333, -10.0, 19.3333, -8.6667, 19.0, -10.3333, 18.3333, -9.0, 18.3333, -7.6667, 18.6667, -6.3333, 18.0, -5.0, 17.0, -3.0, 16.0, -1.6667, 15.0, -1.0, 14.0, 0.3333, 14.0, 0.6667, 14.0, 0.3333, 14.0, 1.0, 14.0, 1.0, 14.0, 1.6667, 13.0, 1.6667, 13.0, 1.0, 13.0, 1.3333, 14.0, 0.3333, 15.0, -0.3333, 16.0, -1.3333, 18.0, -1.6667, 19.0, -2.6667, 21.0, -4.3333, 21.6667, -5.3333, 22.3333, -6.3333, 23.0, -6.6667]",13.454122,9.702679,91.760558
288,288,5c:01:3b:6b:b0:95,-38,256,"[86.0, -32.0, 4.0, 0.0, 4.0, -7.0, 4.0, -7.3333, 3.6667, -6.6667, 3.0, -6.6667, 3.0, -7.0, 2.6667, -6.3333, 3.0, -6.3333, 2.6667, -6.0, 2.3333, -6.3333, 2.3333, -5.6667, 2.3333, -6.0, 2.3333, -6.0, 2.3333, -6.0, 2.3333, -6.0, 2.3333, -6.0, 2.3333, -6.0, 2.3333, -5.6667, 2.3333, -5.6667, 2.3333, -5.3333, 2.0, -5.3333, 1.6667, -5.0, 2.3333, -5.0, 2.0, -4.3333, 1.6667, -4.6667, 2.0, -4.3333, 0.0, -1.3333, 0.0, 0.0, 0.0, 0.0, 0.0, 0.0, 0.0, 0.0, 0.0, 0.0, 0.0, 0.0, 0.0, 0.0, 0.0, 0.0, 0.0, 0.0, 0.3333, -1.6667, 2.3333, -6.6667, 2.3333, -6.3333, 2.6667, -6.6667, 3.0, -7.0, 4.0, -6.6667, 4.0, -7.0, 4.3333, -7.3333, 4.3333, -7.0, 4.6667, -6.6667, 5.0, -6.6667, 4.6667, -7.3333, 4.3333, -7.0, 4.6667, -7.0, 4.6667, -6.3333, 4.6667, -6.3333, 4.6667, -6.3333, 4.0, -6.3333, 4.3333, -6.6667, 4.3333, -7.0, 4.3333, -7.0, 4.3333, -7.0, 4.0, -6.6667, 4.0, -6.6667, 3.6667, -7.0, 4.0, -7.6667, 4.3333, -7.6667, 2.3333, -7.3333, 6.6667, -23.0, 6.3333, -22.3333, 6.0, -22.0, 6.0, -21.3333, 5.6667, -21.0, 5.3333, -21.3333, 4.6667, -21.6667, 4.3333, -22.0, 3.3333, -22.0, 2.6667, -22.3333, 2.3333, -22.3333, 1.6667, -22.0, 1.6667, -21.3333, 1.3333, -21.3333, 1.3333, -21.0, 1.6667, -20.3333, 1.6667, -19.3333, 1.3333, -19.3333, 1.6667, -20.0, 2.3333, -19.0, 2.6667, -18.6667, 3.0, -18.6667, 3.0, -18.0, 2.6667, -17.0, 3.0, -15.3333, 3.3333, -14.3333, 3.3333, -8.6667, 2.6667, -7.3333, 0.0, -1.6667, -0.3333, -0.6667, -0.6667, -0.3333, -0.6667, 0.0, -0.6667, -0.3333, -0.3333, -1.6667, 0.6667, -4.3333, 4.6667, -21.0, 5.6667, -20.3333, 3.6667, -21.6667, 4.0, -21.0, 5.0, -20.3333, 6.0, -19.6667, 6.3333, -19.0, 6.0, -18.0, 5.6667, -17.3333, 5.6667, -17.0, 5.3333, -16.3333, 5.3333, -15.6667, 5.3333, -16.3333, 5.3333, -16.0, 5.6667, -16.0, 5.6667, -15.6667, 5.0, -15.6667, 4.6667, -16.0, 4.3333, -15.3333, 5.0, -16.3333, 5.3333, -16.6667, 5.6667, -17.6667, 6.3333, -18.3333, 6.3333, -19.3333, 7.3333, -20.6667, 7.0, -21.6667, 7.0, -22.6667, 7.3333, -23.3333]",12.313867,10.335127,91.760558
289,289,5c:01:3b:6b:b0:95,-39,256,"[86.0, -32.0, 4.0, 0.0, 0.6667, -15.0, 0.6667, -15.0, 0.0, -14.0, -0.3333, -14.0, -0.3333, -14.0, -1.0, -13.0, -1.3333, -13.0, -2.0, -12.0, -2.6667, -12.0, -3.0, -11.3333, -3.3333, -11.3333, -3.3333, -11.3333, -3.6667, -11.3333, -3.6667, -11.3333, -3.3333, -11.3333, -3.3333, -11.3333, -3.0, -11.3333, -2.6667, -11.0, -2.3333, -10.6667, -2.0, -10.6667, -2.0, -10.3333, -1.0, -10.0, -1.0, -9.3333, -1.0, -9.6667, -0.6667, -9.6667, -0.6667, -2.6667, 0.0, 0.0, 0.0, 0.0, 0.0, 0.0, 0.0, 0.0, 0.0, 0.0, 0.0, 0.0, 0.0, 0.0, 0.0, 0.0, 0.0, 0.0, -0.6667, -3.0, -2.0, -11.6667, -1.3333, -11.6667, -0.6667, -12.6667, 0.0, -13.6667, 1.3333, -13.6667, 2.0, -14.3333, 2.6667, -15.0, 3.3333, -15.0, 3.6667, -15.0, 4.3333, -15.0, 4.0, -15.6667, 4.3333, -16.0, 4.6667, -16.0, 4.6667, -15.3333, 4.6667, -15.0, 4.6667, -15.0, 3.6667, -15.0, 3.3333, -15.0, 3.3333, -15.0, 3.0, -15.0, 3.0, -15.3333, 2.0, -14.6667, 1.6667, -14.6667, 1.0, -15.0, 1.0, -16.0, 1.3333, -16.3333, 0.6667, -13.0, 1.6667, -40.0, 1.0, -39.0, 0.6667, -38.0, 0.6667, -37.0, 0.0, -36.0, -0.6667, -36.0, -1.6667, -36.0, -2.6667, -36.0, -4.3333, -35.0, -6.0, -35.0, -7.0, -34.6667, -8.6667, -34.3333, -9.0, -33.6667, -9.6667, -33.6667, -9.3333, -33.3333, -8.6667, -32.6667, -8.3333, -31.6667, -8.0, -31.6667, -7.0, -32.0, -5.6667, -31.0, -4.6667, -30.3333, -3.6667, -30.0, -3.3333, -29.0, -2.6667, -28.0, -1.6667, -26.0, -0.3333, -25.0, 1.3333, -20.0, 1.6667, -19.0, 0.0, -4.0, -0.3333, -1.0, -0.6667, 0.0, -0.3333, 0.0, -0.3333, 0.0, -1.0, -2.0, -1.3333, -6.0, -5.3333, -32.0, -3.3333, -32.0, -4.0, -33.0, -2.3333, -33.0, -0.3333, -33.0, 1.6667, -33.0, 3.0, -33.0, 3.6667, -33.0, 4.3333, -33.0, 5.3333, -33.0, 5.6667, -33.0, 6.0, -32.0, 6.3333, -33.0, 6.6667, -33.0, 7.0, -33.0, 7.0, -33.0, 6.3333, -33.0, 5.6667, -33.0, 5.0, -32.0, 5.0, -33.0, 5.0, -33.0, 4.6667, -34.0, 4.6667, -35.0, 4.0, -36.0, 3.6667, -37.0, 3.0, -38.0, 2.3333, -39.0, 2.3333, -40.0]",21.040355,14.010214,91.760558
290,290,5c:01:3b:6b:b0:95,-38,256,"[86.0, -32.0, 4.0, 0.0, -5.3333, -9.0, -5.3333, -9.0, -5.3333, -8.3333, -5.3333, -8.3333, -5.3333, -8.3333, -5.3333, -7.6667, -5.6667, -7.6667, -5.6667, -7.0, -6.0, -7.0, -6.0, -6.6667, -6.3333, -6.3333, -5.6667, -6.3333, -6.0, -6.3333, -6.0, -6.3333, -5.6667, -6.3333, -5.6667, -6.3333, -5.6667, -6.6667, -5.3333, -6.3333, -5.3333, -6.3333, -5.0, -6.3333, -5.0, -6.0, -4.3333, -6.0, -4.3333, -5.6667, -4.3333, -6.0, -4.3333, -6.0, -1.3333, -1.6667, 0.0, 0.0, 0.0, 0.0, 0.0, 0.0, 0.0, 0.0, 0.0, 0.0, 0.0, 0.0, 0.0, 0.0, 0.0, 0.0, 0.0, 0.0, -1.3333, -2.0, -5.0, -7.0, -5.0, -7.0, -4.6667, -7.6667, -4.6667, -8.3333, -4.3333, -8.3333, -4.0, -9.0, -4.0, -9.3333, -3.6667, -9.3333, -3.3333, -9.3333, -3.3333, -9.3333, -3.6667, -10.0, -3.3333, -10.3333, -3.0, -10.3333, -3.0, -10.0, -3.0, -9.6667, -3.0, -9.6667, -3.6667, -9.6667, -3.6667, -9.6667, -3.6667, -9.3333, -3.6667, -9.3333, -3.6667, -9.6667, -4.3333, -9.0, -4.6667, -9.0, -5.0, -9.0, -5.0, -9.6667, -5.0, -10.0, -6.0, -7.3333, -18.6667, -21.0, -19.0, -20.6667, -18.6667, -19.6667, -18.0, -19.0, -17.6667, -18.3333, -17.3333, -18.3333, -17.6667, -18.3333, -17.6667, -18.0, -18.0, -17.0, -18.6667, -16.6667, -19.3333, -16.0, -20.3333, -15.6667, -20.3333, -15.0, -21.0, -15.0, -20.3333, -14.6667, -20.0, -14.3333, -19.6667, -14.0, -19.3333, -14.3333, -18.6667, -14.6667, -17.6667, -14.6667, -16.6667, -14.6667, -15.3333, -14.6667, -15.0, -14.3333, -14.0, -14.3333, -13.3333, -13.3333, -12.3333, -13.3333, -10.6667, -12.6667, -9.6667, -12.6667, -2.0, -3.0, -1.0, -1.0, -0.3333, -0.3333, 0.0, -0.3333, 0.0, -0.3333, -1.6667, -1.0, -3.6667, -3.0, -17.6667, -14.6667, -17.0, -15.6667, -16.6667, -15.3333, -16.3333, -16.0, -16.0, -16.6667, -15.3333, -17.3333, -14.6667, -17.6667, -14.3333, -18.3333, -14.0, -18.6667, -13.0, -19.0, -12.6667, -19.3333, -12.6667, -18.6667, -12.3333, -19.3333, -12.3333, -19.6667, -12.0, -19.6667, -12.0, -20.0, -12.3333, -20.0, -12.6667, -19.6667, -13.0, -19.0, -13.0, -19.3333, -13.3333, -19.0, -14.0, -19.3333, -14.6667, -19.6667, -15.6667, -19.6667, -16.3333, -20.0, -17.0, -20.0, -18.0, -20.3333, -18.0, -21.0]",15.073494,11.115938,91.760558
291,291,5c:01:3b:6b:b0:95,-39,256,"[86.0, -32.0, 4.0, 0.0, -6.0, -0.6667, -5.6667, -0.6667, -5.3333, -0.3333, -5.3333, -0.3333, -5.0, -0.3333, -5.0, 0.0, -5.0, 0.0, -4.6667, 0.3333, -5.0, 0.3333, -5.0, 0.3333, -5.0, 0.6667, -4.6667, 1.0, -5.0, 1.0, -4.6667, 1.0, -4.3333, 1.0, -4.6667, 1.0, -4.6667, 0.3333, -4.3333, 0.3333, -4.3333, 0.0, -4.0, 0.0, -4.0, 0.0, -4.0, -0.3333, -4.0, -0.3333, -4.0, -0.6667, -4.0, -1.0, -1.3333, -0.3333, 0.0, 0.0, 0.0, 0.0, 0.0, 0.0, 0.0, 0.0, 0.0, 0.0, 0.0, 0.0, 0.0, 0.0, 0.0, 0.0, 0.0, 0.0, -1.3333, -0.3333, -4.3333, 0.3333, -4.3333, 0.0, -4.3333, -0.3333, -4.6667, -0.6667, -5.3333, -0.6667, -5.0, -1.3333, -5.3333, -1.3333, -5.3333, -1.3333, -5.6667, -1.6667, -6.0, -1.6667, -6.0, -2.3333, -5.6667, -2.6667, -5.6667, -2.6667, -5.6667, -2.6667, -5.6667, -2.3333, -5.3333, -2.3333, -5.6667, -2.3333, -5.6667, -2.3333, -5.3333, -1.6667, -5.3333, -1.3333, -5.0, -1.6667, -5.3333, -1.3333, -5.6667, -1.0, -5.6667, -1.0, -5.6667, -1.0, -5.6667, -1.3333, -6.0, -1.0, -17.6667, 0.0, -18.0, 0.0, -17.6667, 0.3333, -16.6667, 0.6667, -16.0, 1.0, -15.3333, 1.0, -15.0, 1.3333, -14.3333, 1.6667, -13.6667, 2.6667, -13.6667, 3.3333, -13.3333, 4.0, -13.6667, 4.0, -13.3333, 4.3333, -13.6667, 4.3333, -13.3333, 4.6667, -13.0, 4.6667, -13.0, 4.3333, -13.0, 4.0, -12.6667, 3.6667, -12.6667, 2.6667, -12.3333, 2.0, -11.6667, 1.6667, -11.6667, 1.3333, -11.0, 0.6667, -11.0, 0.3333, -10.6667, -0.3333, -12.3333, -2.3333, -12.0, -3.3333, -2.3333, -1.3333, -1.0, -0.6667, -0.3333, -0.6667, 0.0, -0.6667, 0.0, -0.6667, -1.3333, 0.0, -3.0, 0.3333, -13.0, 4.0, -13.3333, 2.6667, -12.6667, 3.3333, -13.6667, 2.3333, -14.6667, 1.3333, -15.0, 0.3333, -15.6667, -0.3333, -16.3333, -1.3333, -16.6667, -2.0, -17.0, -2.6667, -17.3333, -3.3333, -17.3333, -3.3333, -17.0, -3.6667, -17.0, -4.0, -17.3333, -4.0, -17.3333, -4.6667, -17.6667, -4.6667, -17.6667, -4.3333, -17.6667, -3.6667, -17.3333, -3.6667, -17.0, -3.0, -17.0, -2.3333, -16.6667, -2.0, -17.0, -1.3333, -17.0, -1.0, -17.0, -0.3333, -17.6667, 0.0, -17.6667, 0.0]",9.652465,9.408323,91.760558
292,292,5c:01:3b:6b:b0:95,-39,256,"[86.0, -32.0, 4.0, 0.0, -11.3333, 11.6667, -10.6667, 11.6667, -9.6667, 11.6667, -9.6667, 11.6667, -9.0, 11.6667, -8.6667, 11.6667, -8.0, 11.6667, -7.0, 11.6667, -7.0, 11.6667, -7.0, 11.6667, -6.3333, 12.0, -6.0, 12.6667, -6.0, 12.6667, -5.3333, 12.6667, -5.3333, 12.6667, -6.0, 12.6667, -6.0, 11.6667, -6.0, 11.0, -6.0, 10.0, -6.0, 10.0, -6.0, 9.3333, -6.6667, 8.3333, -6.6667, 8.3333, -6.6667, 7.3333, -6.6667, 6.6667, -2.0, 1.6667, 0.0, 0.0, 0.0, 0.0, 0.0, 0.0, 0.0, 0.0, 0.0, 0.0, 0.0, 0.0, 0.0, 0.0, 0.0, 0.0, 0.0, 0.0, -2.0, 2.3333, -6.6667, 11.3333, -7.0, 10.6667, -7.6667, 10.6667, -8.6667, 10.6667, -10.3333, 10.6667, -10.3333, 9.6667, -11.3333, 9.6667, -12.0, 9.6667, -12.6667, 9.0, -13.6667, 9.0, -13.6667, 8.0, -13.6667, 8.0, -13.6667, 8.0, -13.6667, 8.0, -13.6667, 8.0, -13.0, 8.0, -13.0, 8.0, -12.6667, 8.0, -12.0, 9.0, -12.0, 9.6667, -11.3333, 9.6667, -11.3333, 10.0, -11.3333, 10.6667, -11.3333, 11.0, -11.3333, 11.6667, -11.3333, 11.6667, -9.0, 5.3333, -27.3333, 21.0, -27.3333, 20.6667, -26.6667, 20.3333, -25.0, 20.3333, -23.6667, 20.3333, -22.6667, 20.3333, -21.6667, 21.0, -20.3333, 21.3333, -18.3333, 22.3333, -17.3333, 23.3333, -16.0, 24.6667, -15.6667, 25.0, -15.0, 25.3333, -15.0, 25.3333, -14.6667, 25.3333, -14.6667, 25.3333, -14.6667, 24.3333, -15.3333, 24.0, -15.3333, 23.0, -16.0, 21.0, -16.0, 19.0, -15.6667, 18.0, -15.6667, 17.0, -15.3333, 15.6667, -16.0, 14.0, -16.0, 12.6667, -18.6667, 8.0, -18.6667, 6.0, -3.6667, 0.3333, -1.3333, -0.3333, 0.0, -1.0, 0.0, -1.0, 0.0, -1.0, -1.3333, 1.0, -2.6667, 3.6667, -12.6667, 22.6667, -14.3333, 21.0, -16.3333, 22.0, -19.0, 20.6667, -21.3333, 19.3333, -23.0, 18.0, -25.0, 17.0, -27.0, 15.6667, -28.3333, 14.6667, -30.0, 13.6667, -31.0, 12.6667, -31.3333, 12.0, -31.3333, 12.0, -31.6667, 11.6667, -32.3333, 11.6667, -32.3333, 10.6667, -32.3333, 10.6667, -32.0, 11.0, -31.6667, 11.6667, -30.6667, 12.0, -30.0, 13.0, -29.3333, 14.6667, -28.6667, 15.6667, -28.6667, 17.0, -27.6667, 18.0, -27.6667, 19.3333, -28.0, 20.3333, -28.0, 21.0]",19.705563,12.566586,91.760558
293,293,5c:01:3b:6b:b0:95,-40,256,"[86.0, -32.0, 4.0, 0.0, -7.0, 4.0, -6.6667, 4.0, -6.0, 4.3333, -6.0, 4.3333, -5.3333, 4.3333, -5.3333, 4.3333, -5.0, 4.6667, -4.3333, 4.6667, -4.6667, 4.6667, -5.0, 4.6667, -4.3333, 5.0, -4.3333, 5.6667, -4.3333, 5.6667, -3.6667, 5.6667, -3.6667, 5.6667, -4.3333, 5.6667, -4.3333, 5.0, -4.0, 4.3333, -4.0, 4.0, -4.0, 4.0, -3.6667, 3.3333, -4.3333, 3.0, -4.3333, 3.0, -4.3333, 2.3333, -4.0, 2.0, -1.3333, 0.3333, 0.0, 0.0, 0.0, 0.0, 0.0, 0.0, 0.0, 0.0, 0.0, 0.0, 0.0, 0.0, 0.0, 0.0, 0.0, 0.0, 0.0, 0.0, -1.6667, 0.6667, -4.6667, 5.0, -4.3333, 4.3333, -5.0, 4.0, -5.3333, 4.0, -6.3333, 4.0, -6.3333, 3.3333, -6.6667, 3.0, -7.0, 3.0, -7.6667, 2.3333, -8.3333, 2.3333, -8.0, 1.6667, -8.0, 1.6667, -8.0, 1.6667, -8.0, 1.6667, -8.0, 1.6667, -7.3333, 1.6667, -7.6667, 1.6667, -7.6667, 1.6667, -7.0, 2.3333, -7.0, 3.0, -6.6667, 3.0, -6.6667, 2.6667, -6.6667, 3.3333, -7.0, 3.3333, -7.0, 4.0, -7.0, 3.6667, -5.0, 0.6667, -14.3333, 5.0, -14.3333, 5.3333, -14.3333, 4.6667, -13.0, 5.0, -12.6667, 5.3333, -12.0, 5.6667, -11.6667, 6.3333, -11.0, 6.6667, -10.0, 7.3333, -9.6667, 8.0, -9.0, 9.0, -9.3333, 9.0, -8.6667, 9.3333, -8.6667, 9.3333, -8.6667, 9.3333, -8.6667, 9.3333, -8.3333, 8.6667, -9.0, 8.6667, -8.6667, 8.3333, -9.0, 7.0, -9.0, 5.6667, -8.6667, 5.3333, -8.6667, 5.0, -8.3333, 4.6667, -8.6667, 3.3333, -8.6667, 3.0, -10.6667, 1.0, -10.3333, -0.3333, -2.0, -0.6667, -0.6667, -0.6667, -0.3333, -0.6667, 0.0, -0.6667, 0.0, -0.6667, -1.0, 0.0, -1.3333, 1.3333, -6.3333, 9.0, -8.0, 8.0, -9.0, 7.3333, -10.3333, 6.6667, -11.3333, 5.6667, -12.3333, 4.6667, -13.3333, 3.6667, -14.3333, 3.0, -14.3333, 2.0, -15.3333, 1.0, -15.6667, 0.3333, -15.6667, -0.3333, -15.6667, -0.3333, -15.3333, -0.3333, -16.0, -0.3333, -16.0, -1.0, -16.0, -1.0, -16.3333, -1.0, -16.3333, 0.0, -16.0, 0.0, -15.3333, 0.3333, -15.0, 1.6667, -14.3333, 2.3333, -14.6667, 3.0, -14.3333, 3.6667, -14.6667, 4.0, -14.6667, 4.6667, -14.6667, 5.3333]",9.552469,8.705561,91.760558
294,294,5c:01:3b:6b:b0:95,-43,256,"[86.0, -32.0, 4.0, 0.0, -3.0, -6.0, -3.3333, -6.0, -3.0, -5.3333, -3.0, -5.3333, -2.6667, -5.3333, -2.6667, -5.3333, -3.0, -4.6667, -2.6667, -4.6667, -3.3333, -4.6667, -4.0, -4.6667, -3.6667, -4.0, -3.6667, -3.6667, -3.6667, -3.6667, -3.3333, -3.6667, -3.3333, -3.6667, -3.6667, -3.6667, -3.6667, -4.0, -3.0, -4.3333, -3.0, -4.0, -3.0, -4.0, -2.3333, -4.3333, -2.6667, -4.0, -2.6667, -4.0, -2.6667, -4.3333, -2.0, -4.0, -0.6667, -1.3333, 0.0, 0.0, 0.0, 0.0, 0.0, 0.0, 0.0, 0.0, 0.0, 0.0, 0.0, 0.0, 0.0, 0.0, 0.0, 0.0, 0.0, 0.0, -1.3333, -1.6667, -3.3333, -4.0, -2.6667, -4.3333, -3.0, -5.0, -2.6667, -5.0, -2.6667, -5.0, -2.6667, -5.3333, -2.3333, -6.0, -2.0, -6.0, -2.3333, -6.3333, -2.6667, -6.3333, -2.0, -6.6667, -2.0, -6.6667, -2.0, -6.6667, -2.0, -6.6667, -2.0, -6.6667, -1.6667, -6.6667, -2.3333, -6.6667, -2.3333, -6.6667, -2.0, -6.3333, -2.0, -6.0, -2.3333, -6.0, -2.3333, -6.6667, -2.3333, -6.3333, -3.0, -6.3333, -3.0, -6.0, -3.0, -6.6667, -3.0, -4.6667, -7.6667, -13.0, -7.6667, -12.3333, -7.6667, -12.6667, -7.0, -12.0, -7.3333, -11.3333, -7.0, -10.6667, -7.3333, -10.3333, -7.0, -9.6667, -7.0, -9.3333, -7.3333, -9.0, -8.0, -8.0, -8.6667, -8.0, -8.3333, -7.3333, -8.3333, -7.3333, -8.3333, -7.3333, -8.3333, -7.3333, -7.6667, -7.6667, -8.0, -7.6667, -7.3333, -7.3333, -7.0, -8.0, -7.0, -8.6667, -6.3333, -8.3333, -6.3333, -8.0, -5.6667, -7.6667, -5.3333, -8.3333, -5.3333, -8.0, -6.3333, -9.0, -5.6667, -9.6667, -1.0, -2.3333, -0.3333, -1.3333, -0.6667, -0.3333, 0.0, -0.3333, 0.0, -0.3333, -1.0, -1.0, -1.3333, -1.3333, -7.3333, -6.0, -8.3333, -7.0, -7.0, -8.3333, -6.6667, -8.6667, -6.6667, -9.6667, -6.6667, -10.6667, -6.6667, -11.6667, -6.6667, -12.0, -5.6667, -13.0, -5.6667, -14.0, -5.3333, -14.3333, -5.3333, -14.6667, -5.3333, -14.6667, -4.6667, -14.6667, -5.0, -14.6667, -5.0, -15.0, -5.0, -15.0, -5.6667, -15.0, -5.6667, -14.0, -6.0, -14.0, -5.6667, -14.3333, -6.0, -13.6667, -5.6667, -13.3333, -6.3333, -13.0, -6.6667, -12.6667, -7.3333, -13.0, -7.3333, -12.6667, -7.3333, -12.3333]",8.917392,8.713719,91.760558
295,295,5c:01:3b:6b:b0:95,-43,256,"[86.0, -32.0, 4.0, 0.0, 1.0, -16.0, 0.0, -16.0, 0.0, -15.0, 0.0, -15.0, 0.0, -15.0, 0.0, -15.0, -1.0, -14.0, -1.0, -14.0, -2.0, -14.0, -3.0, -14.0, -3.0, -13.0, -3.0, -13.0, -3.0, -13.0, -3.0, -13.0, -3.0, -13.0, -3.0, -13.0, -3.0, -13.0, -2.0, -13.0, -2.0, -12.0, -2.0, -12.0, -1.0, -12.0, -1.0, -11.0, -1.0, -11.0, -1.0, -11.0, 0.0, -10.0, 0.0, -3.0, 0.0, 0.0, 0.0, 0.0, 0.0, 0.0, 0.0, 0.0, 0.0, 0.0, 0.0, 0.0, 0.0, 0.0, 0.0, 0.0, 0.0, 0.0, -1.0, -4.0, -2.0, -13.0, -1.0, -13.0, -1.0, -14.0, 0.0, -14.0, 1.0, -14.0, 1.0, -14.0, 2.0, -15.0, 3.0, -15.0, 3.0, -15.0, 3.0, -15.0, 4.0, -15.0, 4.0, -15.0, 4.0, -15.0, 4.0, -15.0, 4.0, -15.0, 4.0, -15.0, 3.0, -15.0, 3.0, -15.0, 3.0, -15.0, 3.0, -15.0, 2.0, -15.0, 2.0, -16.0, 2.0, -16.0, 1.0, -16.0, 1.0, -16.0, 1.0, -17.0, -1.0, -10.0, -1.0, -31.0, -1.0, -30.0, -1.0, -30.0, -1.0, -29.0, -2.0, -28.0, -2.0, -27.0, -3.0, -27.0, -3.0, -26.0, -4.0, -26.0, -5.0, -26.0, -7.0, -25.0, -8.0, -25.0, -8.0, -24.0, -8.0, -24.0, -8.0, -24.0, -8.0, -24.0, -7.0, -24.0, -7.0, -24.0, -6.0, -23.0, -5.0, -23.0, -5.0, -23.0, -4.0, -22.0, -4.0, -21.0, -3.0, -20.0, -2.0, -20.0, -2.0, -19.0, -2.0, -17.6667, -1.0, -17.0, 0.0, -3.6667, 0.0, -1.6667, -1.0, 0.0, 0.0, 0.0, 0.0, 0.0, -1.0, -2.0, -1.6667, -4.0, -8.6667, -21.0, -8.6667, -22.0, -5.0, -24.0, -3.0, -24.0, -2.0, -25.0, -1.0, -26.0, 0.0, -26.3333, 1.0, -26.0, 3.0, -26.6667, 4.0, -27.0, 5.0, -26.6667, 5.0, -26.6667, 5.0, -26.6667, 6.0, -26.6667, 6.0, -26.6667, 6.0, -26.3333, 6.0, -26.3333, 5.0, -26.6667, 5.0, -26.0, 4.0, -26.3333, 4.0, -27.0, 3.0, -27.3333, 3.0, -27.6667, 2.0, -28.0, 1.0, -28.6667, 0.0, -29.6667, 0.0, -30.0, 0.0, -30.0]",17.969903,11.043912,91.760558
296,296,5c:01:3b:6b:b0:95,-39,256,"[86.0, -32.0, 4.0, 0.0, 5.6667, -7.0, 5.0, -7.3333, 4.6667, -7.0, 4.3333, -7.3333, 4.3333, -7.3333, 4.0, -7.6667, 3.0, -7.3333, 2.6667, -7.3333, 1.6667, -7.6667, 1.0, -7.6667, 1.0, -7.3333, 0.6667, -7.3333, 0.6667, -7.6667, 0.6667, -7.6667, 0.6667, -7.6667, 0.6667, -7.3333, 0.6667, -7.3333, 1.3333, -7.3333, 1.3333, -6.6667, 1.3333, -6.3333, 2.0, -6.3333, 2.3333, -5.6667, 2.3333, -5.3333, 2.0, -5.3333, 3.0, -4.6667, 0.6667, -1.6667, 0.0, 0.0, 0.0, 0.0, 0.0, 0.0, 0.0, 0.0, 0.0, 0.0, 0.0, 0.0, 0.0, 0.0, 0.0, 0.0, 0.0, 0.0, 0.0, -2.3333, 2.0, -7.0, 3.0, -6.6667, 3.3333, -7.0, 4.3333, -6.6667, 5.3333, -6.3333, 5.6667, -6.0, 6.6667, -6.3333, 7.6667, -6.0, 7.6667, -5.6667, 8.0, -5.3333, 9.0, -5.0, 9.0, -5.0, 8.6667, -5.0, 8.6667, -5.3333, 8.6667, -5.3333, 8.6667, -5.3333, 8.0, -5.6667, 7.6667, -5.6667, 7.6667, -6.0, 7.3333, -6.0, 6.6667, -6.3333, 6.6667, -7.0, 6.6667, -7.0, 6.0, -7.0, 6.3333, -6.6667, 6.0, -7.6667, 2.6667, -4.3333, 11.0, -13.0, 10.6667, -12.3333, 10.3333, -12.6667, 10.0, -12.3333, 9.0, -12.3333, 8.3333, -12.0, 7.3333, -12.3333, 7.0, -12.0, 5.6667, -12.6667, 4.3333, -13.3333, 2.6667, -13.0, 1.6667, -13.3333, 1.3333, -13.0, 1.3333, -13.0, 1.3333, -13.0, 1.3333, -13.0, 2.0, -13.0, 2.0, -12.6667, 2.6667, -12.0, 3.3333, -11.6667, 3.3333, -11.6667, 4.0, -10.6667, 4.0, -10.0, 4.3333, -9.3333, 5.0, -9.0, 5.0, -8.3333, 6.0, -5.6667, 6.3333, -4.6667, 1.0, -1.3333, 0.0, -1.0, -1.0, -0.3333, -0.3333, -0.3333, -0.3333, -0.3333, -0.3333, -1.3333, -0.3333, -2.3333, 0.6667, -11.6667, 1.6667, -11.6667, 4.3333, -12.3333, 6.3333, -11.6667, 7.6667, -11.3333, 9.3333, -11.3333, 10.6667, -10.6667, 11.6667, -9.3333, 13.6667, -9.0, 14.0, -8.6667, 14.6667, -7.6667, 14.6667, -7.3333, 14.6667, -7.3333, 15.3333, -7.3333, 15.3333, -7.3333, 15.0, -7.0, 15.0, -7.0, 14.6667, -7.3333, 14.6667, -7.3333, 14.0, -7.6667, 14.0, -8.3333, 13.6667, -9.0, 14.0, -9.3333, 13.3333, -10.0, 12.3333, -11.0, 11.6667, -12.0, 11.6667, -12.3333, 11.6667, -12.3333]",10.486999,8.777651,91.760558
297,297,5c:01:3b:6b:b0:95,-42,256,"[86.0, -32.0, 4.0, 0.0, 12.3333, -1.6667, 12.0, -2.3333, 11.6667, -2.3333, 11.0, -2.6667, 11.0, -3.0, 10.6667, -3.3333, 9.6667, -3.3333, 9.3333, -3.6667, 8.6667, -4.3333, 8.3333, -4.6667, 8.0, -5.0, 7.6667, -5.0, 7.6667, -5.3333, 7.6667, -5.3333, 7.6667, -5.3333, 7.6667, -5.0, 7.6667, -4.6667, 8.0, -4.6667, 7.6667, -4.0, 7.6667, -3.6667, 7.6667, -3.3333, 7.6667, -3.0, 7.6667, -2.6667, 7.0, -2.3333, 7.3333, -1.6667, 1.6667, -1.0, 0.0, 0.0, 0.0, 0.0, 0.0, 0.0, 0.0, 0.0, 0.0, 0.0, 0.0, 0.0, 0.0, 0.0, 0.0, 0.0, 0.0, 0.0, 1.6667, -1.3333, 8.6667, -3.6667, 9.3333, -3.0, 10.0, -2.6667, 10.6667, -2.0, 11.3333, -1.3333, 11.6667, -0.6667, 12.3333, -0.3333, 13.0, 0.3333, 13.0, 0.6667, 13.3333, 1.3333, 14.0, 1.6667, 14.0, 1.6667, 13.6667, 1.6667, 13.6667, 1.3333, 13.3333, 1.3333, 13.3333, 1.3333, 13.0, 0.6667, 12.6667, 0.3333, 13.0, 0.0, 12.6667, 0.0, 12.6667, -0.6667, 12.6667, -1.0, 12.6667, -1.3333, 12.6667, -1.3333, 13.3333, -1.0, 13.0, -1.6667, 7.0, -0.3333, 24.6667, -0.6667, 24.3333, -0.3333, 23.6667, -1.0, 23.0, -1.0, 22.3333, -1.6667, 21.3333, -2.0, 20.6667, -2.6667, 20.0, -3.3333, 19.0, -4.6667, 18.0, -5.6667, 17.3333, -6.3333, 16.3333, -7.0, 16.0, -7.0, 16.3333, -7.0, 16.0, -7.0, 16.0, -7.0, 16.0, -7.0, 16.0, -6.3333, 16.0, -5.6667, 16.0, -5.3333, 15.6667, -5.0, 15.3333, -4.0, 15.0, -3.3333, 14.6667, -2.6667, 14.3333, -2.0, 14.0, -1.3333, 14.6667, 3.3333, 14.6667, 4.6667, 2.3333, 0.3333, 0.3333, -0.3333, -1.0, -0.6667, -1.0, -0.3333, -0.6667, -0.6667, 0.3333, -1.0, 2.0, -1.3333, 15.3333, -6.0, 16.0, -5.0, 17.3333, -4.6667, 18.6667, -3.3333, 19.6667, -1.6667, 21.3333, -0.6667, 22.3333, 1.0, 23.0, 3.0, 24.3333, 4.3333, 25.0, 5.3333, 25.6667, 6.6667, 25.6667, 7.3333, 26.0, 7.3333, 26.3333, 7.3333, 26.6667, 7.6667, 26.3333, 8.0, 26.0, 8.0, 25.6667, 7.6667, 25.6667, 7.0, 25.0, 6.3333, 24.6667, 5.6667, 24.6667, 4.3333, 25.0, 3.6667, 25.0, 2.6667, 24.6667, 1.3333, 24.6667, 0.3333, 25.0, -0.3333, 25.0, -0.3333]",14.651803,10.428952,91.760558
298,298,5c:01:3b:6b:b0:95,-42,256,"[86.0, -32.0, 4.0, 0.0, 19.0, 4.6667, 19.0, 4.0, 18.6667, 3.6667, 17.6667, 3.0, 17.6667, 2.6667, 17.3333, 2.3333, 16.3333, 1.6667, 16.0, 1.3333, 15.6667, 0.6667, 15.6667, 0.0, 15.0, -0.6667, 14.6667, -0.6667, 14.6667, -1.0, 14.6667, -1.0, 14.6667, -1.0, 14.6667, -0.6667, 14.6667, -0.3333, 14.6667, -0.3333, 14.0, 0.0, 14.0, 0.6667, 13.3333, 1.0, 13.0, 1.0, 13.0, 1.3333, 12.0, 1.6667, 11.6667, 2.3333, 2.6667, 0.0, 0.0, 0.0, 0.0, 0.0, 0.0, 0.0, 0.0, 0.0, 0.0, 0.0, 0.0, 0.0, 0.0, 0.0, 0.0, 0.0, 0.0, 0.0, 3.3333, 0.0, 15.3333, 1.0, 15.6667, 2.0, 16.6667, 2.6667, 17.0, 3.3333, 17.3333, 4.3333, 17.6667, 5.3333, 18.0, 6.0, 18.3333, 7.0, 18.3333, 7.3333, 18.6667, 8.0, 19.0, 8.6667, 19.0, 8.6667, 18.3333, 8.6667, 18.3333, 8.0, 18.0, 8.0, 18.0, 8.0, 18.0, 7.3333, 17.6667, 7.0, 18.3333, 6.6667, 18.0, 6.3333, 18.6667, 5.6667, 18.6667, 5.6667, 18.6667, 5.3333, 19.3333, 5.3333, 20.3333, 5.6667, 20.0, 5.3333, 11.6667, 4.3333, 39.3333, 14.3333, 39.0, 14.0, 38.0, 13.0, 37.3333, 12.3333, 36.6667, 11.0, 35.3333, 10.0, 35.0, 9.0, 34.0, 7.3333, 33.0, 5.6667, 32.0, 4.3333, 32.0, 2.6667, 31.3333, 1.6667, 31.0, 1.0, 31.3333, 1.0, 31.0, 1.0, 31.0, 1.0, 30.3333, 1.3333, 30.0, 2.0, 29.3333, 2.3333, 28.6667, 3.0, 28.0, 3.6667, 27.0, 4.3333, 26.3333, 5.0, 25.3333, 5.6667, 24.3333, 6.6667, 23.6667, 7.3333, 24.0, 11.0, 23.3333, 12.3333, 3.6667, 1.6667, 0.6667, 0.0, -1.0, -1.0, -1.6667, -0.3333, -1.0, -1.0, 1.0, -0.6667, 4.3333, -0.3333, 30.0, 0.3333, 30.3333, 2.6667, 30.3333, 5.0, 31.3333, 7.0, 32.0, 9.6667, 33.6667, 12.0, 34.6667, 14.0, 35.0, 16.3333, 36.0, 18.3333, 36.3333, 19.6667, 36.6667, 21.0, 36.6667, 22.0, 37.0, 22.0, 37.0, 22.3333, 37.3333, 22.6667, 37.0, 22.6667, 36.3333, 22.6667, 36.3333, 22.3333, 36.3333, 21.3333, 36.0, 20.6667, 36.0, 19.6667, 36.6667, 18.6667, 37.3333, 18.0, 38.0, 17.0, 38.0, 16.0, 38.6667, 15.0, 39.3333, 14.6667, 39.3333, 14.6667]",23.54888,14.500081,91.760558
299,299,5c:01:3b:6b:b0:95,-39,256,"[86.0, -32.0, 4.0, 0.0, 17.6667, 1.0, 17.6667, 0.3333, 17.6667, 0.3333, 16.6667, 0.3333, 16.6667, 0.0, 16.6667, 0.3333, 16.0, 0.0, 16.0, -0.3333, 16.0, -0.6667, 16.0, -1.6667, 15.3333, -2.0, 15.0, -2.0, 15.0, -2.0, 15.0, -2.0, 15.3333, -2.0, 15.3333, -2.0, 15.3333, -1.6667, 15.0, -1.6667, 14.3333, -1.3333, 14.0, -0.6667, 13.3333, -0.3333, 12.6667, -0.3333, 12.6667, -0.3333, 11.6667, -0.3333, 11.0, 0.0, 2.3333, -0.6667, 0.0, 0.0, 0.0, 0.0, 0.0, 0.0, 0.0, 0.0, 0.0, 0.0, 0.0, 0.0, 0.0, 0.0, 0.0, 0.0, 0.0, 0.0, 3.3333, -0.3333, 15.0, -0.3333, 15.0, 0.3333, 15.6667, 0.3333, 15.6667, 0.6667, 16.0, 1.6667, 16.0, 2.6667, 16.0, 3.3333, 16.0, 4.3333, 16.0, 4.3333, 16.0, 5.0, 16.0, 5.3333, 16.0, 5.3333, 15.6667, 5.3333, 15.3333, 5.0, 15.0, 5.0, 15.0, 5.0, 15.0, 4.3333, 15.3333, 3.6667, 16.0, 3.6667, 16.0, 3.3333, 16.6667, 2.6667, 16.6667, 2.6667, 17.0, 2.0, 17.6667, 2.0, 18.3333, 2.0, 18.6667, 2.0, 12.6667, 2.6667, 42.0, 8.6667, 42.0, 8.3333, 41.0, 7.3333, 40.6667, 7.0, 40.0, 6.0, 39.0, 5.0, 39.0, 4.0, 38.0, 2.0, 37.3333, 0.3333, 36.6667, -0.3333, 37.0, -1.3333, 36.3333, -1.6667, 36.3333, -2.0, 37.0, -2.0, 36.3333, -2.0, 36.3333, -2.0, 35.3333, -1.3333, 35.0, -1.3333, 34.0, -1.0, 33.0, -1.3333, 32.0, -0.6667, 30.6667, -0.3333, 29.6667, 0.6667, 28.6667, 1.6667, 27.3333, 2.6667, 26.3333, 3.6667, 25.3333, 8.0, 24.6667, 9.3333, 4.0, 1.0, 1.0, 0.0, -1.0, -1.0, -2.0, 0.0, -1.0, -1.0, 1.0, -1.0, 5.0, -1.0, 34.0, -2.6667, 34.0, -1.0, 34.0, 1.0, 34.6667, 3.0, 34.6667, 5.6667, 35.6667, 8.0, 36.3333, 10.0, 36.3333, 12.0, 37.0, 14.0, 37.6667, 15.3333, 38.0, 16.3333, 38.0, 17.3333, 38.3333, 17.3333, 38.3333, 17.6667, 38.6667, 18.3333, 38.6667, 18.3333, 37.6667, 18.3333, 37.3333, 18.0, 37.3333, 17.0, 37.0, 16.0, 37.3333, 15.0, 38.0, 13.6667, 38.6667, 12.6667, 39.6667, 11.6667, 40.0, 10.6667, 41.0, 9.6667, 42.0, 9.0, 42.0, 9.0]",23.72962,15.157154,91.760558
300,300,5c:01:3b:6b:b0:95,-37,256,"[86.0, -32.0, 4.0, 0.0, 6.3333, 0.6667, 6.3333, 0.3333, 6.6667, 0.3333, 6.0, 0.6667, 6.0, 0.6667, 6.0, 1.3333, 5.6667, 1.0, 5.6667, 1.0, 5.6667, 1.0, 5.6667, 0.0, 5.6667, 0.0, 5.3333, 0.0, 5.3333, 0.0, 5.3333, 0.0, 5.6667, 0.0, 5.6667, 0.0, 5.6667, 0.0, 5.3333, 0.0, 5.0, 0.0, 5.0, 1.0, 4.6667, 1.0, 4.6667, 1.0, 4.6667, 1.0, 4.0, 0.3333, 3.6667, 0.0, 0.6667, -0.6667, 0.0, 0.0, 0.0, 0.0, 0.0, 0.0, 0.0, 0.0, 0.0, 0.0, 0.0, 0.0, 0.0, 0.0, 0.0, 0.0, 0.0, 0.0, 1.0, 0.0, 5.3333, 1.0, 5.3333, 1.3333, 5.6667, 0.6667, 5.6667, 0.3333, 6.0, 0.6667, 6.0, 1.0, 5.6667, 1.3333, 5.6667, 1.6667, 5.6667, 1.3333, 5.6667, 1.3333, 5.6667, 1.6667, 5.6667, 1.6667, 5.3333, 1.3333, 5.0, 1.0, 5.0, 1.0, 5.0, 1.3333, 5.3333, 1.0, 5.6667, 1.0, 5.6667, 1.0, 5.6667, 1.0, 6.0, 1.0, 6.0, 1.0, 6.3333, 1.0, 6.3333, 1.0, 6.6667, 1.0, 7.0, 1.0, 4.0, 0.6667, 14.3333, 3.3333, 14.6667, 2.6667, 14.3333, 2.3333, 14.6667, 2.0, 14.0, 1.6667, 13.3333, 1.3333, 13.6667, 1.0, 13.3333, 0.3333, 12.6667, -0.3333, 12.0, 0.0, 11.6667, 0.0, 11.3333, 0.3333, 11.3333, 0.0, 11.6667, 0.0, 11.6667, 0.0, 11.6667, 0.0, 11.3333, 1.0, 11.0, 0.3333, 10.6667, 0.3333, 10.3333, -0.6667, 10.0, -0.3333, 10.0, -0.6667, 9.6667, 0.0, 9.3333, 0.3333, 9.0, 0.6667, 8.6667, 1.0, 10.0, 1.3333, 10.0, 2.0, 1.3333, -0.3333, 0.3333, -0.3333, -0.6667, -0.6667, -1.3333, 0.0, -0.6667, -0.6667, 0.0, -1.0, 1.0, -1.0, 11.0, -2.0, 11.3333, -1.6667, 10.6667, 0.6667, 11.3333, 1.0, 11.0, 1.6667, 12.0, 2.6667, 12.6667, 3.6667, 13.0, 4.3333, 13.6667, 5.0, 13.6667, 5.6667, 14.0, 5.6667, 14.0, 6.3333, 13.6667, 6.0, 13.3333, 6.3333, 13.6667, 6.3333, 13.6667, 6.3333, 13.0, 6.3333, 13.0, 6.0, 13.3333, 5.6667, 13.3333, 5.3333, 13.6667, 5.0, 14.0, 4.6667, 14.3333, 4.3333, 14.3333, 4.0, 14.3333, 3.6667, 14.3333, 3.3333, 14.3333, 3.3333, 14.0, 3.3333]",8.71767,8.755731,91.760558
301,301,5c:01:3b:6b:b0:95,-43,256,"[86.0, -32.0, 4.0, 0.0, -5.0, -2.0, -5.0, -2.3333, -4.3333, -2.0, -4.6667, -1.3333, -4.6667, -1.0, -4.6667, -0.3333, -4.6667, -0.3333, -4.6667, 0.0, -4.6667, 0.0, -4.6667, -0.6667, -4.0, -0.3333, -4.3333, -0.3333, -4.3333, -0.3333, -4.3333, -0.3333, -4.0, -0.3333, -4.0, -0.3333, -4.0, -0.3333, -4.3333, -0.6667, -4.3333, -0.6667, -4.0, 0.0, -4.0, 0.0, -3.3333, 0.0, -3.3333, 0.0, -3.6667, -1.0, -3.6667, -1.6667, -1.0, -1.0, 0.0, 0.0, 0.0, 0.0, 0.0, 0.0, 0.0, 0.0, 0.0, 0.0, 0.0, 0.0, 0.0, 0.0, 0.0, 0.0, 0.0, 0.0, -1.3333, -0.3333, -4.3333, 0.0, -4.3333, -0.3333, -4.3333, -1.0, -4.3333, -1.6667, -4.0, -1.6667, -4.0, -2.0, -4.6667, -2.0, -4.6667, -2.0, -4.6667, -2.3333, -4.6667, -2.6667, -4.6667, -2.6667, -4.6667, -2.6667, -4.6667, -3.0, -5.0, -3.0, -5.0, -3.0, -5.0, -2.6667, -4.3333, -3.0, -4.0, -2.6667, -4.6667, -2.6667, -4.6667, -2.3333, -4.6667, -2.0, -4.6667, -2.0, -4.3333, -2.0, -5.0, -2.0, -5.0, -2.0, -4.6667, -2.0, -5.0, -3.6667, -14.3333, -10.0, -13.6667, -10.3333, -13.3333, -10.0, -12.6667, -10.0, -13.0, -9.3333, -13.3333, -9.0, -12.6667, -8.6667, -12.3333, -8.0, -12.6667, -7.6667, -13.0, -6.6667, -13.6667, -5.6667, -14.0, -4.3333, -14.0, -4.0, -13.6667, -4.0, -13.3333, -4.0, -13.3333, -4.0, -13.0, -3.3333, -13.0, -4.0, -12.6667, -4.6667, -12.3333, -6.0, -12.0, -6.3333, -11.0, -6.3333, -10.6667, -6.0, -10.3333, -6.0, -10.0, -6.3333, -9.6667, -6.6667, -6.0, -7.6667, -5.0, -8.0, -1.3333, -2.0, -0.6667, -1.0, -0.3333, -0.3333, -0.3333, 0.0, -0.3333, -0.3333, -1.0, -1.0, -3.0, -1.3333, -12.0, -5.3333, -11.3333, -7.0, -12.6667, -6.0, -12.3333, -7.3333, -13.0, -8.3333, -12.0, -9.3333, -11.6667, -9.3333, -11.0, -10.0, -10.6667, -10.6667, -10.6667, -11.3333, -10.0, -12.0, -10.0, -12.0, -10.6667, -12.3333, -11.3333, -12.6667, -10.6667, -12.6667, -10.6667, -12.6667, -11.0, -12.6667, -11.0, -12.6667, -10.3333, -12.3333, -10.3333, -12.0, -10.6667, -11.6667, -11.0, -11.6667, -11.3333, -11.3333, -12.3333, -11.3333, -12.3333, -11.0, -13.3333, -10.6667, -14.3333, -10.6667, -15.0, -11.0]",9.312708,9.371251,91.760558
302,302,5c:01:3b:6b:b0:95,-36,256,"[86.0, -32.0, 4.0, 0.0, -12.3333, -4.0, -12.3333, -4.0, -11.6667, -3.6667, -11.6667, -3.0, -11.6667, -2.6667, -11.3333, -2.3333, -11.3333, -2.3333, -11.3333, -1.6667, -11.3333, -1.6667, -11.3333, -1.6667, -10.6667, -1.3333, -10.6667, -1.3333, -11.0, -1.3333, -10.6667, -1.3333, -10.6667, -1.3333, -10.6667, -1.3333, -10.6667, -1.3333, -10.6667, -1.6667, -10.3333, -1.6667, -9.6667, -1.3333, -9.6667, -1.3333, -8.6667, -1.3333, -8.6667, -1.3333, -8.6667, -2.3333, -8.3333, -2.6667, -2.0, -1.0, 0.0, 0.0, 0.0, 0.0, 0.0, 0.0, 0.0, 0.0, 0.0, 0.0, 0.0, 0.0, 0.0, 0.0, 0.0, 0.0, 0.0, 0.0, -3.0, -0.6667, -10.3333, -1.6667, -10.3333, -2.0, -10.6667, -2.6667, -10.6667, -3.6667, -10.6667, -4.0, -10.6667, -5.0, -11.0, -5.3333, -11.0, -6.0, -11.0, -6.3333, -11.0, -7.0, -11.3333, -7.0, -11.3333, -7.0, -11.0, -7.3333, -11.0, -7.3333, -11.0, -7.3333, -11.0, -7.3333, -10.3333, -7.0, -10.3333, -6.3333, -11.0, -6.3333, -11.3333, -5.6667, -11.3333, -5.0, -11.3333, -5.0, -11.3333, -4.6667, -12.3333, -4.6667, -12.3333, -4.6667, -12.6667, -4.6667, -13.6667, -7.3333, -42.0, -21.3333, -41.3333, -21.3333, -40.3333, -20.3333, -39.3333, -20.0, -39.3333, -18.3333, -39.0, -17.3333, -38.3333, -16.3333, -37.3333, -14.6667, -37.3333, -13.0, -37.3333, -11.6667, -38.3333, -10.3333, -38.3333, -9.0, -38.6667, -8.3333, -38.6667, -8.3333, -38.0, -8.3333, -37.6667, -8.3333, -36.6667, -8.0, -36.6667, -8.3333, -35.6667, -9.3333, -34.3333, -10.0, -33.3333, -10.6667, -31.3333, -10.6667, -30.3333, -10.6667, -29.3333, -11.0, -28.0, -11.6667, -27.0, -12.6667, -21.6667, -17.6667, -20.0, -18.6667, -4.0, -4.0, -1.3333, -1.6667, 0.0, 0.0, 0.6667, 0.0, 0.0, 0.0, -2.0, -1.0, -6.6667, -2.0, -34.3333, -9.6667, -33.3333, -12.0, -35.0, -11.0, -35.0, -14.0, -35.6667, -17.0, -35.0, -19.3333, -35.0, -20.6667, -34.3333, -22.6667, -34.3333, -24.6667, -34.0, -26.0, -33.0, -27.3333, -33.0, -28.0, -33.6667, -28.3333, -34.3333, -29.0, -33.6667, -29.3333, -33.6667, -29.3333, -33.6667, -29.3333, -33.6667, -29.6667, -33.3333, -28.3333, -33.0, -27.3333, -34.0, -26.3333, -35.0, -25.3333, -36.0, -24.6667, -37.6667, -24.0, -38.0, -23.0, -39.6667, -22.0, -41.3333, -21.6667, -42.3333, -22.3333]",23.280535,17.292375,91.760558
303,303,5c:01:3b:6b:b0:95,-37,256,"[86.0, -32.0, 4.0, 0.0, -11.6667, -5.6667, -11.6667, -5.6667, -11.3333, -5.3333, -11.3333, -4.6667, -11.3333, -4.3333, -10.6667, -4.3333, -10.6667, -4.3333, -10.6667, -3.3333, -10.6667, -3.3333, -10.6667, -2.6667, -10.3333, -2.3333, -10.3333, -2.3333, -11.0, -2.3333, -10.3333, -2.3333, -10.3333, -2.3333, -10.3333, -2.3333, -10.3333, -2.3333, -10.3333, -2.6667, -9.6667, -2.6667, -9.3333, -2.6667, -9.3333, -2.6667, -8.3333, -2.6667, -8.3333, -2.6667, -8.3333, -3.6667, -7.6667, -3.6667, -2.0, -1.0, 0.0, 0.0, 0.0, 0.0, 0.0, 0.0, 0.0, 0.0, 0.0, 0.0, 0.0, 0.0, 0.0, 0.0, 0.0, 0.0, 0.0, 0.0, -3.0, -1.0, -9.6667, -3.3333, -9.6667, -3.6667, -10.3333, -4.3333, -10.3333, -5.3333, -10.3333, -5.3333, -10.3333, -6.3333, -10.0, -6.6667, -10.0, -7.3333, -10.0, -7.3333, -10.0, -7.6667, -10.6667, -7.6667, -10.6667, -7.6667, -10.0, -7.6667, -10.0, -7.6667, -10.0, -7.6667, -10.0, -8.3333, -9.6667, -7.6667, -9.6667, -7.3333, -10.0, -7.3333, -10.6667, -6.6667, -10.6667, -6.3333, -10.6667, -6.3333, -10.6667, -6.3333, -11.6667, -6.3333, -11.6667, -6.3333, -12.3333, -6.3333, -13.3333, -9.0, -41.0, -27.3333, -40.6667, -26.6667, -39.6667, -25.6667, -38.6667, -25.0, -38.6667, -23.0, -38.0, -22.0, -37.3333, -21.0, -36.3333, -19.6667, -35.6667, -17.6667, -35.3333, -16.6667, -35.6667, -15.0, -35.3333, -13.6667, -35.6667, -12.6667, -35.6667, -12.6667, -35.0, -12.6667, -34.6667, -12.6667, -34.0, -12.6667, -33.6667, -12.6667, -33.3333, -14.0, -32.0, -14.0, -31.3333, -15.0, -29.6667, -14.6667, -29.0, -14.6667, -28.0, -14.6667, -27.0, -15.0, -26.0, -16.0, -21.3333, -20.0, -20.0, -21.0, -4.0, -4.3333, -1.6667, -2.0, 0.0, 0.0, 0.6667, 0.0, 0.0, 0.0, -2.0, -1.0, -6.0, -2.3333, -31.0, -13.0, -31.0, -15.6667, -33.3333, -15.6667, -34.0, -18.6667, -34.3333, -21.6667, -34.0, -24.0, -34.0, -25.6667, -33.6667, -27.6667, -33.6667, -29.6667, -33.0, -31.0, -32.0, -32.0, -32.0, -33.0, -32.3333, -33.0, -32.6667, -34.0, -32.3333, -34.0, -32.3333, -34.0, -32.3333, -34.0, -32.3333, -34.3333, -32.6667, -33.0, -32.0, -32.0, -33.0, -31.0, -34.0, -30.0, -35.0, -29.6667, -36.3333, -29.0, -37.0, -28.0, -38.3333, -27.0, -39.6667, -27.0, -40.6667, -28.0]",23.670718,17.838713,91.760558
304,304,5c:01:3b:6b:b0:95,-41,256,"[86.0, -32.0, 4.0, 0.0, -14.6667, -3.6667, -14.6667, -3.6667, -14.0, -3.6667, -13.6667, -2.6667, -13.6667, -2.3333, -12.6667, -2.3333, -12.6667, -2.0, -12.3333, -1.3333, -12.0, -1.0, -12.0, -0.3333, -11.6667, 0.0, -11.6667, 0.0, -12.3333, 0.3333, -11.3333, 0.3333, -11.6667, 0.3333, -11.6667, 0.3333, -11.6667, 0.0, -11.3333, -0.3333, -10.6667, -0.3333, -10.6667, -0.6667, -10.6667, -1.0, -10.0, -1.0, -9.6667, -1.3333, -9.6667, -2.0, -9.0, -2.3333, -2.6667, -0.6667, 0.0, 0.0, 0.0, 0.0, 0.0, 0.0, 0.0, 0.0, 0.0, 0.0, 0.0, 0.0, 0.0, 0.0, 0.0, 0.0, 0.0, 0.0, -3.3333, -0.3333, -11.3333, -1.3333, -11.6667, -1.6667, -12.6667, -2.6667, -13.0, -3.3333, -13.3333, -4.0, -13.6667, -5.0, -13.0, -5.0, -13.3333, -6.0, -13.6667, -6.3333, -13.6667, -6.6667, -14.6667, -7.0, -14.6667, -7.0, -14.0, -7.0, -13.6667, -7.0, -13.6667, -7.0, -13.6667, -7.6667, -13.6667, -6.6667, -13.3333, -6.3333, -13.3333, -6.3333, -14.0, -5.3333, -14.0, -5.0, -14.0, -5.0, -14.0, -5.0, -14.6667, -4.6667, -15.0, -4.6667, -15.6667, -4.6667, -13.3333, -7.0, -41.0, -20.3333, -41.0, -20.0, -39.6667, -19.3333, -38.6667, -18.3333, -38.0, -16.6667, -37.0, -15.6667, -36.3333, -14.3333, -35.3333, -13.3333, -34.0, -11.3333, -33.3333, -10.3333, -33.0, -8.6667, -32.3333, -7.3333, -32.6667, -6.6667, -32.6667, -6.3333, -32.0, -6.3333, -31.6667, -6.3333, -31.3333, -6.6667, -30.6667, -6.6667, -31.0, -7.6667, -29.6667, -8.3333, -29.3333, -9.3333, -28.0, -9.3333, -27.6667, -9.6667, -26.6667, -10.0, -26.0, -10.3333, -25.3333, -11.6667, -22.6667, -16.6667, -22.0, -17.6667, -4.3333, -3.6667, -1.6667, -1.6667, 0.0, 0.0, 0.3333, -0.3333, 0.0, 0.0, -2.0, -0.6667, -5.3333, -1.3333, -27.6667, -7.6667, -28.6667, -10.3333, -31.6667, -9.6667, -33.0, -12.6667, -33.6667, -15.6667, -34.3333, -17.6667, -35.0, -19.6667, -35.3333, -21.6667, -36.0, -23.6667, -35.6667, -25.0, -35.3333, -26.0, -35.3333, -27.0, -35.6667, -27.3333, -35.6667, -28.0, -35.6667, -28.3333, -35.6667, -28.3333, -35.6667, -28.3333, -35.6667, -28.3333, -36.0, -27.0, -35.0, -26.0, -35.6667, -25.0, -36.3333, -24.0, -37.0, -23.3333, -37.6667, -22.3333, -38.0, -21.3333, -38.6667, -20.3333, -39.6667, -20.3333, -40.3333, -20.6667]",23.053699,16.232203,91.760558
305,305,5c:01:3b:6b:b0:95,-43,256,"[86.0, -32.0, 4.0, 0.0, -18.3333, -1.3333, -18.3333, -1.3333, -17.0, -1.3333, -16.3333, -0.3333, -16.3333, 0.3333, -15.3333, 0.3333, -15.3333, 1.0, -14.6667, 1.3333, -14.0, 2.0, -14.0, 2.3333, -13.3333, 3.0, -13.3333, 3.0, -13.6667, 3.6667, -12.6667, 3.6667, -13.3333, 3.6667, -13.3333, 3.6667, -13.3333, 3.0, -12.6667, 2.3333, -12.3333, 2.3333, -12.3333, 1.6667, -12.3333, 1.0, -12.0, 1.0, -11.3333, 0.3333, -11.3333, 0.0, -11.0, -0.6667, -3.3333, -0.3333, 0.0, 0.0, 0.0, 0.0, 0.0, 0.0, 0.0, 0.0, 0.0, 0.0, 0.0, 0.0, 0.0, 0.0, 0.0, 0.0, 0.0, 0.0, -3.6667, 0.3333, -13.6667, 1.3333, -14.3333, 0.6667, -15.3333, -0.3333, -16.0, -0.6667, -16.6667, -2.0, -17.3333, -3.0, -17.0, -3.0, -17.6667, -4.0, -18.3333, -4.6667, -18.3333, -5.3333, -19.3333, -5.6667, -19.3333, -5.6667, -19.0, -5.6667, -18.3333, -5.6667, -18.3333, -5.6667, -18.3333, -6.0, -18.3333, -5.3333, -17.6667, -4.6667, -17.6667, -4.6667, -18.0, -3.6667, -18.0, -3.0, -18.0, -3.0, -18.0, -3.0, -18.3333, -2.3333, -19.0, -2.3333, -19.3333, -2.3333, -14.6667, -5.0, -45.3333, -12.6667, -45.0, -13.0, -43.6667, -12.6667, -42.6667, -11.6667, -41.3333, -10.3333, -40.3333, -9.3333, -39.3333, -7.6667, -38.3333, -6.6667, -36.6667, -4.6667, -36.0, -3.6667, -35.0, -2.3333, -34.3333, -0.6667, -34.3333, -0.3333, -34.3333, 0.3333, -33.3333, 0.3333, -33.3333, 0.3333, -33.3333, -0.3333, -32.3333, -0.3333, -33.0, -1.3333, -31.6667, -2.6667, -31.3333, -3.6667, -30.3333, -3.6667, -30.0, -4.3333, -29.0, -5.0, -28.3333, -5.6667, -27.6667, -7.3333, -26.0, -12.3333, -25.3333, -13.3333, -5.0, -2.6667, -2.0, -1.3333, 0.0, -0.3333, 0.3333, -0.6667, 0.0, -0.3333, -2.3333, -0.3333, -5.6667, 0.0, -30.0, -0.6667, -31.3333, -3.6667, -34.6667, -3.3333, -36.3333, -6.3333, -37.3333, -9.3333, -38.3333, -11.3333, -39.3333, -13.3333, -40.0, -15.3333, -41.0, -17.3333, -41.0, -19.0, -41.0, -20.0, -41.0, -21.0, -41.6667, -21.6667, -41.6667, -22.0, -41.6667, -22.6667, -41.6667, -22.6667, -41.6667, -22.6667, -41.6667, -22.0, -41.3333, -21.0, -40.6667, -20.0, -41.0, -19.0, -41.3333, -18.0, -42.0, -16.6667, -42.6667, -15.6667, -42.6667, -14.6667, -43.6667, -13.6667, -44.3333, -13.6667, -45.0, -13.3333]",24.752827,16.208568,91.760558
306,306,5c:01:3b:6b:b0:95,-43,256,"[86.0, -32.0, 4.0, 0.0, -22.6667, 1.0, -22.3333, 1.0, -20.6667, 1.0, -19.6667, 2.0, -19.6667, 3.0, -18.6667, 3.0, -18.3333, 4.0, -17.3333, 4.0, -16.6667, 5.0, -16.3333, 5.0, -15.6667, 6.0, -15.6667, 6.0, -15.6667, 7.0, -15.0, 7.0, -15.6667, 7.0, -15.6667, 7.0, -15.3333, 6.0, -14.6667, 5.0, -14.6667, 5.0, -14.6667, 4.0, -14.3333, 3.0, -14.3333, 3.0, -13.6667, 2.0, -13.3333, 2.0, -13.3333, 1.0, -4.0, 0.0, 0.0, 0.0, 0.0, 0.0, 0.0, 0.0, 0.0, 0.0, 0.0, 0.0, 0.0, 0.0, 0.0, 0.0, 0.0, 0.0, 0.0, 0.0, -4.3333, 1.0, -16.3333, 4.0, -17.3333, 3.0, -18.3333, 2.0, -19.3333, 2.0, -20.3333, 0.0, -21.3333, -1.0, -21.3333, -1.0, -22.3333, -2.0, -23.3333, -3.0, -23.3333, -4.0, -24.3333, -4.3333, -24.3333, -4.3333, -24.0, -4.3333, -23.3333, -4.3333, -23.3333, -4.3333, -23.3333, -4.3333, -23.3333, -4.0, -22.3333, -3.0, -22.3333, -3.0, -22.3333, -2.0, -22.3333, -1.0, -22.3333, -1.0, -22.3333, -1.0, -22.6667, 0.0, -23.3333, 0.0, -23.3333, 0.0, -16.0, -3.0, -49.6667, -5.0, -49.0, -6.0, -47.6667, -6.0, -46.6667, -5.0, -44.6667, -4.0, -43.6667, -3.0, -42.6667, -1.0, -41.6667, 0.0, -40.3333, 2.0, -40.0, 3.0, -39.0, 4.0, -38.6667, 6.0, -38.6667, 6.0, -38.6667, 7.0, -37.6667, 7.0, -37.6667, 7.0, -37.6667, 6.0, -36.6667, 6.0, -37.0, 5.0, -35.3333, 3.0, -34.6667, 2.0, -33.6667, 2.0, -33.0, 1.0, -32.0, 0.0, -30.6667, -1.0, -30.0, -3.0, -29.3333, -9.0, -28.6667, -10.0, -5.6667, -2.0, -2.0, -1.0, 0.0, -0.6667, 0.6667, -1.0, 0.0, -0.6667, -2.6667, 0.0, -6.3333, 1.0, -35.0, 5.3333, -35.6667, 2.3333, -38.3333, 3.0, -39.6667, 0.0, -41.0, -3.0, -42.3333, -5.0, -43.6667, -7.0, -44.6667, -9.0, -46.0, -11.0, -46.3333, -13.0, -46.6667, -14.0, -46.6667, -15.0, -47.6667, -16.0, -47.6667, -16.0, -47.6667, -17.0, -47.6667, -17.0, -47.6667, -17.0, -47.6667, -16.0, -46.6667, -15.0, -46.3333, -14.0, -46.3333, -13.0, -46.3333, -12.0, -47.0, -10.0, -47.6667, -9.0, -47.3333, -8.0, -48.6667, -7.0, -49.0, -7.0, -49.6667, -6.0]",27.634565,16.737638,91.760558
307,307,5c:01:3b:6b:b0:95,-37,256,"[86.0, -32.0, 4.0, 0.0, -20.3333, 3.6667, -19.6667, 3.3333, -18.6667, 3.6667, -17.6667, 4.3333, -17.6667, 5.0, -17.0, 5.3333, -16.3333, 6.0, -15.6667, 6.0, -15.3333, 7.0, -15.0, 7.0, -14.6667, 7.6667, -14.6667, 8.0, -14.6667, 8.6667, -14.3333, 8.6667, -14.6667, 8.6667, -14.6667, 8.6667, -14.3333, 7.6667, -13.6667, 7.0, -13.6667, 6.6667, -13.6667, 5.6667, -13.0, 4.6667, -13.0, 4.6667, -12.6667, 3.6667, -12.0, 3.6667, -12.0, 2.6667, -3.6667, 0.3333, 0.0, 0.0, 0.0, 0.0, 0.0, 0.0, 0.0, 0.0, 0.0, 0.0, 0.0, 0.0, 0.0, 0.0, 0.0, 0.0, 0.0, 0.0, -4.0, 1.3333, -14.6667, 6.0, -15.6667, 5.0, -16.3333, 4.3333, -17.0, 4.0, -18.0, 2.3333, -18.6667, 1.6667, -18.6667, 1.3333, -19.6667, 0.3333, -20.3333, -0.3333, -20.3333, -1.0, -21.0, -1.3333, -21.0, -1.3333, -20.6667, -1.3333, -20.0, -1.3333, -20.0, -1.3333, -20.3333, -1.3333, -20.3333, -1.3333, -19.3333, -0.3333, -19.3333, -0.3333, -19.3333, 0.6667, -19.6667, 1.6667, -19.6667, 1.6667, -19.6667, 1.6667, -20.0, 2.6667, -20.3333, 2.6667, -20.6667, 3.0, -16.3333, -1.3333, -50.6667, -0.6667, -50.0, -1.3333, -49.0, -1.3333, -47.6667, -0.6667, -46.0, 0.3333, -45.0, 1.0, -44.0, 2.6667, -43.0, 3.6667, -41.6667, 5.3333, -41.3333, 6.3333, -40.6667, 7.6667, -40.3333, 9.3333, -40.3333, 9.6667, -40.3333, 10.3333, -39.6667, 10.0, -39.6667, 10.0, -39.3333, 9.3333, -38.6667, 9.0, -38.3333, 8.0, -37.0, 6.3333, -36.0, 5.0, -35.0, 4.6667, -34.0, 4.0, -33.0, 3.0, -31.6667, 1.6667, -30.6667, 0.0, -30.3333, -6.3333, -29.3333, -7.6667, -5.6667, -1.6667, -2.0, -1.0, 0.0, -1.0, 1.0, -1.0, 0.0, -1.0, -2.6667, 0.0, -6.6667, 1.3333, -37.6667, 8.3333, -38.0, 5.3333, -39.3333, 6.3333, -40.6667, 3.6667, -42.0, 1.0, -43.0, -1.0, -44.3333, -2.6667, -45.3333, -4.6667, -46.6667, -6.3333, -47.0, -8.0, -47.0, -9.3333, -47.0, -10.0, -48.0, -11.0, -48.0, -11.0, -48.0, -11.6667, -48.0, -12.0, -48.0, -12.0, -48.0, -11.0, -47.0, -10.0, -46.6667, -9.3333, -46.6667, -8.3333, -46.6667, -7.3333, -47.6667, -5.6667, -48.3333, -4.6667, -48.3333, -3.3333, -49.6667, -2.3333, -50.0, -2.0, -50.6667, -1.3333]",27.249813,17.212463,91.760558
308,308,5c:01:3b:6b:b0:95,-41,256,"[86.0, -32.0, 4.0, 0.0, -13.3333, 6.3333, -12.3333, 5.6667, -12.0, 6.3333, -11.0, 6.6667, -11.0, 7.0, -10.3333, 7.6667, -9.6667, 8.0, -9.0, 8.0, -8.6667, 9.0, -8.3333, 9.0, -8.3333, 9.3333, -8.0, 10.0, -8.0, 10.3333, -8.0, 10.3333, -8.0, 10.3333, -8.0, 10.3333, -7.6667, 9.3333, -7.6667, 9.0, -7.6667, 8.3333, -8.0, 7.3333, -7.6667, 6.3333, -8.0, 6.3333, -8.0, 5.3333, -7.3333, 5.3333, -7.6667, 4.3333, -2.3333, 0.6667, 0.0, 0.0, 0.0, 0.0, 0.0, 0.0, 0.0, 0.0, 0.0, 0.0, 0.0, 0.0, 0.0, 0.0, 0.0, 0.0, 0.0, 0.0, -2.3333, 1.6667, -8.0, 8.0, -9.0, 7.0, -9.6667, 6.6667, -10.3333, 6.0, -11.3333, 4.6667, -12.0, 4.3333, -12.3333, 3.6667, -13.3333, 2.6667, -14.0, 2.3333, -14.0, 2.0, -14.6667, 1.3333, -14.6667, 1.3333, -14.3333, 1.3333, -14.0, 1.3333, -14.0, 1.3333, -14.3333, 1.3333, -14.0, 1.3333, -13.3333, 2.3333, -13.0, 2.3333, -13.0, 3.3333, -13.0, 4.3333, -13.0, 4.3333, -13.0, 4.3333, -13.0, 5.3333, -13.0, 5.3333, -13.0, 6.0, -12.3333, 0.3333, -37.0, 3.6667, -36.6667, 3.3333, -35.6667, 3.3333, -34.3333, 3.6667, -33.0, 4.6667, -32.0, 5.0, -31.0, 6.3333, -30.0, 7.3333, -28.3333, 8.6667, -27.6667, 9.6667, -27.0, 11.3333, -26.0, 12.6667, -26.0, 13.3333, -26.0, 13.6667, -25.6667, 13.0, -25.6667, 13.0, -25.3333, 12.6667, -25.3333, 12.0, -25.3333, 11.0, -24.6667, 9.6667, -24.3333, 8.0, -24.0, 7.3333, -23.3333, 7.0, -23.0, 6.0, -22.6667, 4.3333, -22.3333, 3.0, -25.0, -3.3333, -24.6667, -3.6667, -4.6667, -1.0, -1.6667, -0.6667, 0.0, -1.0, 0.6667, -1.0, 0.0, -1.0, -1.6667, 0.0, -4.6667, 1.6667, -25.3333, 10.6667, -26.3333, 7.6667, -26.0, 9.6667, -27.6667, 7.3333, -29.6667, 5.0, -31.0, 3.0, -32.6667, 1.6667, -34.0, -0.3333, -35.6667, -1.6667, -36.6667, -2.6667, -37.0, -3.3333, -37.3333, -3.3333, -38.0, -3.6667, -38.0, -3.6667, -38.0, -4.0, -38.3333, -4.0, -38.3333, -4.3333, -38.3333, -4.0, -37.3333, -3.3333, -36.6667, -3.3333, -36.3333, -3.0, -35.6667, -2.6667, -36.0, -1.3333, -36.3333, -0.3333, -36.0, 1.3333, -36.3333, 2.3333, -36.3333, 3.0, -36.6667, 3.3333]",20.105716,13.696858,91.760558
309,309,5c:01:3b:6b:b0:95,-36,256,"[86.0, -32.0, 4.0, 0.0, -5.6667, 4.3333, -4.6667, 3.6667, -4.6667, 4.3333, -3.6667, 4.0, -3.6667, 4.0, -3.0, 4.3333, -2.6667, 4.3333, -2.0, 4.0, -1.3333, 4.6667, -1.3333, 4.3333, -1.3333, 4.3333, -0.6667, 5.0, -0.6667, 4.6667, -0.6667, 4.6667, -0.6667, 5.0, -0.6667, 5.0, -0.6667, 4.3333, -1.0, 4.6667, -1.0, 4.0, -1.6667, 3.6667, -2.0, 3.0, -2.6667, 3.3333, -2.6667, 3.0, -2.3333, 3.3333, -3.0, 2.6667, -1.0, 0.3333, 0.0, 0.0, 0.0, 0.0, 0.0, 0.0, 0.0, 0.0, 0.0, 0.0, 0.0, 0.0, 0.0, 0.0, 0.0, 0.0, 0.0, 0.0, -0.3333, 0.6667, -1.0, 4.3333, -2.0, 4.0, -2.6667, 4.3333, -3.3333, 3.6667, -4.3333, 3.3333, -5.0, 3.6667, -5.6667, 3.3333, -6.6667, 3.0, -7.3333, 3.0, -7.3333, 3.3333, -8.0, 3.0, -8.0, 3.0, -8.0, 3.0, -7.6667, 3.0, -7.6667, 3.0, -8.0, 2.6667, -7.3333, 2.6667, -7.0, 3.0, -6.3333, 3.0, -6.3333, 3.3333, -6.0, 3.6667, -6.0, 3.6667, -6.0, 3.6667, -5.3333, 4.3333, -5.3333, 4.0, -5.0, 4.6667, -8.3333, 0.6667, -23.3333, 3.6667, -23.3333, 4.0, -22.3333, 3.6667, -21.0, 3.6667, -20.0, 4.0, -19.0, 3.6667, -18.0, 4.0, -17.0, 4.3333, -15.0, 4.6667, -14.0, 4.6667, -13.3333, 5.6667, -11.6667, 6.0, -11.6667, 6.6667, -11.6667, 6.3333, -11.6667, 5.6667, -11.6667, 5.6667, -11.3333, 6.0, -12.0, 5.6667, -12.3333, 5.0, -12.3333, 5.0, -12.6667, 4.0, -13.0, 3.6667, -12.6667, 4.0, -13.0, 3.6667, -13.6667, 2.6667, -14.0, 2.3333, -16.0, -0.3333, -15.3333, 0.3333, -3.0, -0.3333, -1.0, -0.3333, 0.0, -1.0, 0.3333, -0.6667, 0.0, -0.6667, -0.6667, -0.3333, -2.6667, 0.3333, -13.0, 5.0, -14.6667, 3.6667, -12.6667, 5.3333, -14.6667, 4.6667, -17.3333, 4.3333, -19.0, 3.3333, -21.0, 3.3333, -22.6667, 2.6667, -24.0, 2.6667, -24.6667, 2.6667, -24.6667, 2.6667, -25.0, 3.3333, -25.0, 3.6667, -25.0, 3.6667, -25.0, 3.6667, -25.0, 4.0, -25.0, 3.3333, -25.3333, 3.0, -24.6667, 3.3333, -24.3333, 2.6667, -24.0, 2.3333, -24.0, 2.0, -24.3333, 2.0, -24.3333, 2.3333, -23.6667, 3.3333, -23.0, 3.6667, -22.6667, 4.3333, -22.6667, 4.3333]",11.658467,10.812815,91.760558
310,310,5c:01:3b:6b:b0:95,-41,256,"[86.0, -32.0, 4.0, 0.0, -0.3333, -0.3333, 0.3333, -0.6667, 0.6667, -0.3333, 1.3333, -1.0, 1.6667, -1.0, 2.3333, -1.3333, 2.6667, -1.3333, 3.3333, -2.0, 4.3333, -1.6667, 4.3333, -2.3333, 4.3333, -2.3333, 5.3333, -2.0, 5.3333, -2.6667, 5.3333, -2.6667, 5.3333, -2.0, 5.3333, -2.0, 5.3333, -2.3333, 4.6667, -1.6667, 4.3333, -2.0, 3.3333, -1.6667, 2.6667, -2.0, 1.6667, -1.3333, 1.3333, -1.0, 1.0, -0.3333, 0.3333, -0.6667, 0.0, -0.3333, 0.0, 0.0, 0.0, 0.0, 0.0, 0.0, 0.0, 0.0, 0.0, 0.0, 0.0, 0.0, 0.0, 0.0, 0.0, 0.0, 0.0, 0.0, 1.0, -0.6667, 4.0, -1.3333, 3.0, -1.0, 2.0, -0.3333, 1.0, -0.6667, 0.0, -0.3333, -0.6667, 0.3333, -1.6667, 0.6667, -2.6667, 1.0, -3.3333, 1.0, -4.0, 1.6667, -4.6667, 2.0, -5.0, 2.0, -5.0, 2.0, -5.0, 2.0, -4.6667, 2.0, -4.6667, 1.3333, -3.6667, 1.3333, -3.6667, 1.0, -2.6667, 1.0, -2.6667, 0.6667, -1.6667, 0.3333, -1.3333, 0.3333, -1.3333, 0.3333, -1.0, 0.6667, -0.6667, 0.0, 0.0, 0.3333, -3.3333, -0.6667, -8.0, -0.6667, -8.0, 0.0, -7.0, -0.6667, -6.3333, -0.6667, -5.3333, -1.0, -4.3333, -1.6667, -3.3333, -2.0, -2.0, -2.3333, -0.3333, -2.6667, 0.6667, -3.6667, 1.6667, -3.6667, 3.3333, -4.0, 3.6667, -3.6667, 3.6667, -4.3333, 3.6667, -4.6667, 3.6667, -4.6667, 3.3333, -4.0, 2.6667, -3.6667, 1.6667, -4.0, 1.3333, -3.0, 0.3333, -3.0, -0.6667, -2.6667, -1.0, -2.0, -2.0, -1.6667, -3.3333, -1.6667, -4.3333, -1.3333, -7.0, 0.0, -6.6667, 2.0, -1.6667, 0.0, -0.3333, 0.0, -0.3333, -1.0, -0.3333, -0.3333, -0.3333, -0.3333, 0.0, -0.6667, 0.0, -1.3333, 1.3333, -3.0, -0.3333, -2.6667, 0.6667, -2.3333, -1.3333, -1.6667, -4.0, -0.3333, -6.0, -0.3333, -7.6667, 0.6667, -9.6667, 1.3333, -10.6667, 2.3333, -11.6667, 3.0, -12.0, 4.0, -13.0, 5.0, -13.0, 6.0, -13.0, 6.0, -13.0, 6.0, -12.6667, 7.0, -12.6667, 6.0, -13.0, 5.0, -12.3333, 5.0, -12.0, 4.0, -11.3333, 3.0, -11.0, 2.0, -10.6667, 1.0, -10.3333, 0.6667, -9.3333, 0.6667, -8.3333, 0.3333, -7.6667, 0.6667, -7.3333, 0.6667]",5.307928,8.578955,91.760558
311,311,5c:01:3b:6b:b0:95,-38,256,"[86.0, -32.0, 4.0, 0.0, -4.3333, -0.6667, -4.3333, -0.6667, -4.0, -0.6667, -3.6667, -1.3333, -3.3333, -1.0, -3.0, -1.6667, -2.6667, -1.6667, -2.3333, -2.3333, -1.6667, -2.0, -2.0, -2.6667, -2.0, -2.3333, -1.3333, -2.3333, -1.3333, -3.0, -1.3333, -3.0, -1.3333, -2.0, -1.3333, -2.3333, -1.3333, -2.3333, -1.3333, -2.0, -1.3333, -2.3333, -1.6667, -2.0, -2.0, -2.0, -2.3333, -1.6667, -2.3333, -1.0, -2.6667, -0.6667, -2.6667, -0.6667, -0.6667, -0.3333, 0.0, 0.0, 0.0, 0.0, 0.0, 0.0, 0.0, 0.0, 0.0, 0.0, 0.0, 0.0, 0.0, 0.0, 0.0, 0.0, 0.0, 0.0, -0.6667, -0.6667, -2.0, -1.6667, -2.3333, -1.3333, -3.0, -0.6667, -3.6667, -1.0, -4.0, -0.3333, -4.3333, 0.0, -5.0, 0.3333, -5.3333, 0.6667, -5.3333, 0.6667, -6.0, 1.0, -6.0, 1.6667, -6.3333, 1.6667, -6.3333, 1.6667, -6.0, 1.6667, -6.0, 1.6667, -6.0, 1.0, -5.6667, 1.0, -5.6667, 0.6667, -5.0, 0.6667, -5.3333, 0.3333, -4.6667, -0.3333, -4.6667, 0.0, -4.6667, 0.0, -5.0, 0.3333, -4.6667, 0.0, -4.3333, 0.0, -3.6667, -0.6667, -10.0, 0.0, -10.0, 0.6667, -9.3333, 0.0, -9.0, 0.0, -8.6667, -0.6667, -8.0, -1.0, -7.3333, -1.3333, -6.6667, -2.0, -6.0, -2.3333, -5.6667, -3.3333, -5.3333, -3.3333, -4.3333, -3.6667, -4.3333, -3.6667, -4.3333, -4.0, -4.0, -4.3333, -4.0, -4.0, -4.3333, -3.6667, -4.3333, -3.0, -4.6667, -3.6667, -4.6667, -2.6667, -4.6667, -2.6667, -5.0, -2.3333, -5.0, -2.0, -5.3333, -1.6667, -5.6667, -1.3333, -6.0, -1.0, -3.3333, 0.6667, -2.3333, 1.6667, -1.0, 0.0, -0.3333, -0.3333, -0.3333, -1.0, -0.3333, -0.3333, -0.3333, -0.3333, -0.6667, -0.3333, -1.3333, -1.3333, -5.0, -2.6667, -5.0, -2.0, -5.6667, -2.3333, -6.6667, -1.6667, -7.6667, -0.3333, -8.6667, 0.0, -9.3333, 0.6667, -10.0, 1.6667, -10.0, 2.3333, -10.0, 2.6667, -9.6667, 3.0, -10.3333, 3.3333, -10.0, 4.0, -10.0, 3.6667, -10.0, 3.6667, -9.3333, 4.3333, -9.3333, 3.6667, -9.6667, 3.0, -9.3333, 3.3333, -9.6667, 3.0, -9.3333, 2.6667, -10.3333, 2.3333, -10.6667, 1.3333, -10.6667, 1.0, -10.3333, 1.0, -10.0, 0.6667, -10.0, 1.0, -9.6667, 1.0]",5.94375,8.24484,91.760558
312,312,5c:01:3b:6b:b0:95,-42,256,"[86.0, -32.0, 4.0, 0.0, -11.6667, 3.6667, -12.0, 3.6667, -11.0, 3.6667, -11.0, 3.3333, -10.3333, 4.0, -10.3333, 3.6667, -9.6667, 3.6667, -9.3333, 3.3333, -8.6667, 4.0, -9.0, 3.6667, -9.0, 4.3333, -8.6667, 4.3333, -8.3333, 4.0, -8.3333, 4.0, -8.3333, 5.0, -8.3333, 4.3333, -8.3333, 4.3333, -8.0, 4.0, -7.6667, 3.3333, -7.6667, 3.0, -7.6667, 3.0, -7.6667, 2.6667, -7.3333, 3.0, -7.6667, 2.6667, -7.3333, 2.6667, -2.0, 0.3333, 0.0, 0.0, 0.0, 0.0, 0.0, 0.0, 0.0, 0.0, 0.0, 0.0, 0.0, 0.0, 0.0, 0.0, 0.0, 0.0, 0.0, 0.0, -2.3333, 0.6667, -9.0, 3.6667, -9.3333, 3.3333, -10.0, 3.6667, -10.6667, 3.0, -11.0, 3.3333, -11.3333, 3.0, -11.6667, 2.6667, -12.0, 2.3333, -11.6667, 2.3333, -12.3333, 2.0, -12.3333, 2.3333, -12.6667, 2.3333, -12.6667, 2.3333, -12.3333, 2.3333, -12.3333, 2.3333, -12.0, 2.0, -12.0, 2.0, -12.0, 2.3333, -11.6667, 2.3333, -12.0, 2.6667, -11.6667, 2.3333, -11.6667, 3.0, -11.3333, 3.0, -12.3333, 3.6667, -12.0, 4.0, -12.0, 4.0, -7.0, 0.6667, -21.3333, 5.0, -21.0, 5.3333, -20.3333, 5.0, -19.6667, 5.0, -19.3333, 4.6667, -18.6667, 5.0, -18.0, 5.3333, -17.3333, 5.0, -16.6667, 5.3333, -16.3333, 5.3333, -16.3333, 6.3333, -15.6667, 6.6667, -15.6667, 6.6667, -15.6667, 7.0, -15.0, 6.3333, -15.0, 7.0, -15.3333, 6.6667, -14.6667, 7.0, -14.6667, 5.6667, -14.6667, 5.6667, -14.0, 4.6667, -13.6667, 4.3333, -13.3333, 4.0, -13.3333, 3.6667, -13.0, 3.3333, -13.0, 3.0, -11.3333, 1.3333, -11.0, 1.3333, -2.3333, 0.0, -1.0, -0.6667, -0.3333, -1.0, -0.3333, -0.6667, -0.3333, -0.6667, -1.3333, 0.3333, -3.0, 0.3333, -14.6667, 5.6667, -14.3333, 5.0, -16.3333, 5.3333, -17.3333, 4.6667, -17.6667, 4.3333, -18.6667, 4.0, -19.0, 3.3333, -19.6667, 3.3333, -20.0, 2.6667, -20.3333, 2.3333, -20.6667, 2.0, -21.3333, 1.6667, -21.6667, 2.0, -21.6667, 1.3333, -21.6667, 1.3333, -21.3333, 1.6667, -21.3333, 1.3333, -21.3333, 1.0, -20.6667, 1.6667, -20.3333, 2.0, -20.3333, 2.3333, -20.6667, 2.6667, -20.6667, 2.6667, -20.6667, 3.0, -20.6667, 4.0, -20.6667, 4.3333, -21.3333, 5.0, -21.0, 5.0]",13.303269,9.470785,91.760558
313,313,5c:01:3b:6b:b0:95,-43,256,"[86.0, -32.0, 4.0, 0.0, -19.6667, 7.3333, -20.0, 7.3333, -19.0, 7.6667, -18.6667, 7.6667, -18.3333, 8.6667, -18.0, 8.6667, -17.6667, 8.6667, -17.0, 8.6667, -16.3333, 9.6667, -16.6667, 10.0, -16.6667, 10.6667, -16.6667, 10.6667, -16.0, 11.0, -16.0, 11.0, -16.0, 11.6667, -16.0, 10.6667, -16.0, 10.6667, -15.6667, 9.6667, -14.6667, 8.6667, -14.3333, 8.0, -14.3333, 7.6667, -14.0, 7.0, -13.0, 6.6667, -13.0, 5.6667, -12.3333, 5.6667, -3.3333, 1.0, 0.0, 0.0, 0.0, 0.0, 0.0, 0.0, 0.0, 0.0, 0.0, 0.0, 0.0, 0.0, 0.0, 0.0, 0.0, 0.0, 0.0, 0.0, -4.3333, 2.0, -16.3333, 8.3333, -16.6667, 7.6667, -17.0, 7.3333, -17.6667, 6.6667, -18.0, 6.3333, -18.6667, 5.3333, -18.6667, 4.3333, -19.0, 3.6667, -18.6667, 3.3333, -18.6667, 2.6667, -19.0, 2.3333, -19.0, 2.3333, -19.0, 2.3333, -18.6667, 2.3333, -19.0, 2.3333, -18.3333, 2.3333, -18.6667, 2.3333, -18.6667, 3.3333, -18.6667, 3.6667, -19.0, 4.3333, -19.0, 4.6667, -19.3333, 5.3333, -18.6667, 5.6667, -19.6667, 6.6667, -19.6667, 7.3333, -19.6667, 7.3333, -12.0, 1.3333, -36.6667, 8.0, -36.0, 8.0, -35.3333, 8.0, -34.0, 8.0, -33.6667, 8.3333, -33.0, 9.3333, -32.3333, 10.0, -32.0, 10.6667, -31.0, 11.6667, -30.6667, 13.0, -31.3333, 14.6667, -31.0, 15.6667, -31.3333, 16.0, -31.3333, 16.6667, -30.6667, 16.0, -30.3333, 16.6667, -30.3333, 15.6667, -29.3333, 15.6667, -29.0, 14.0, -28.0, 13.0, -26.6667, 11.0, -25.6667, 10.0, -24.6667, 9.0, -24.3333, 8.3333, -23.0, 7.0, -22.6667, 6.0, -20.0, 0.3333, -19.6667, -0.6667, -3.6667, -0.3333, -1.6667, -1.0, 0.0, -1.0, 0.0, -1.0, 0.0, -1.0, -2.0, 0.6667, -5.6667, 1.6667, -28.6667, 12.0, -28.3333, 10.0, -29.6667, 11.3333, -30.6667, 9.3333, -30.6667, 7.3333, -31.6667, 6.0, -32.0, 4.0, -32.6667, 3.0, -33.0, 1.0, -32.6667, 0.0, -33.0, -1.0, -33.0, -2.0, -33.3333, -2.0, -33.3333, -2.6667, -33.3333, -2.6667, -33.3333, -3.0, -33.3333, -3.0, -33.3333, -2.6667, -32.6667, -2.0, -32.3333, -1.0, -33.0, 0.0, -33.6667, 1.0, -34.0, 2.0, -34.3333, 3.3333, -34.6667, 5.0, -35.0, 6.0, -36.0, 7.3333, -36.0, 7.3333]",22.742883,12.622971,91.760558
314,314,5c:01:3b:6b:b0:95,-42,256,"[86.0, -32.0, 4.0, 0.0, -23.0, 1.6667, -23.0, 1.6667, -21.6667, 2.3333, -21.0, 2.6667, -20.6667, 3.3333, -20.0, 3.6667, -19.6667, 4.0, -18.6667, 4.3333, -17.6667, 5.0, -17.6667, 5.6667, -17.6667, 6.3333, -17.6667, 6.3333, -16.6667, 6.6667, -16.6667, 6.6667, -16.6667, 7.0, -16.6667, 6.3333, -16.6667, 6.3333, -16.6667, 5.6667, -15.6667, 4.6667, -15.6667, 4.3333, -15.6667, 4.0, -15.6667, 3.3333, -14.6667, 3.0, -14.6667, 2.3333, -14.0, 2.0, -4.0, 0.0, 0.0, 0.0, 0.0, 0.0, 0.0, 0.0, 0.0, 0.0, 0.0, 0.0, 0.0, 0.0, 0.0, 0.0, 0.0, 0.0, 0.0, 0.0, -4.6667, 0.6667, -17.6667, 3.6667, -18.6667, 3.0, -19.0, 2.0, -20.0, 1.3333, -20.6667, 1.3333, -21.3333, 1.0, -21.3333, 0.6667, -22.0, 0.6667, -22.0, 0.6667, -22.0, 0.3333, -22.6667, 0.0, -22.3333, 0.3333, -22.3333, 0.3333, -22.3333, 0.3333, -22.3333, 0.3333, -21.6667, 0.3333, -21.6667, 0.0, -22.0, 0.6667, -22.0, 0.6667, -22.0, 0.6667, -22.3333, 0.6667, -22.3333, 1.0, -21.6667, 1.0, -22.6667, 1.6667, -23.0, 1.6667, -23.0, 1.6667, -14.0, -0.3333, -43.6667, 1.6667, -43.0, 2.0, -42.0, 2.0, -40.3333, 2.0, -39.3333, 2.0, -38.6667, 2.3333, -38.0, 2.3333, -37.0, 2.6667, -35.6667, 2.6667, -35.0, 4.0, -35.6667, 5.3333, -35.3333, 6.6667, -35.3333, 7.0, -35.3333, 7.3333, -35.0, 7.3333, -34.3333, 7.6667, -34.3333, 7.0, -33.3333, 7.0, -33.3333, 5.6667, -32.0, 4.6667, -31.0, 3.0, -30.0, 2.6667, -29.0, 2.0, -28.6667, 2.0, -27.6667, 1.3333, -27.0, 1.3333, -26.0, -1.3333, -25.6667, -2.3333, -4.6667, -0.6667, -2.0, -1.0, 0.0, -1.0, 0.0, -0.6667, 0.0, -0.6667, -2.0, 0.0, -6.0, 0.0, -32.0, 3.0, -32.6667, 2.6667, -33.6667, 2.6667, -35.0, 2.3333, -35.6667, 1.6667, -37.0, 1.3333, -37.6667, 0.6667, -38.6667, 0.6667, -39.3333, -1.0, -39.3333, -2.0, -39.6667, -3.0, -39.6667, -4.0, -40.6667, -4.0, -40.6667, -4.3333, -40.6667, -4.3333, -40.3333, -5.0, -40.6667, -5.0, -40.6667, -4.3333, -39.6667, -4.0, -39.0, -3.0, -40.0, -2.0, -40.3333, -1.0, -40.6667, 0.0, -41.0, 0.6667, -41.3333, 1.0, -41.6667, 1.0, -43.0, 1.6667, -43.0, 1.6667]",25.186215,14.180785,91.760558
315,315,5c:01:3b:6b:b0:95,-39,256,"[86.0, -32.0, 4.0, 0.0, -18.0, -4.0, -18.0, -4.0, -17.0, -3.0, -16.0, -2.3333, -16.0, -2.0, -15.0, -1.3333, -14.6667, -0.6667, -13.6667, 0.0, -12.6667, 0.3333, -12.6667, 1.3333, -12.6667, 2.0, -12.3333, 2.0, -11.6667, 2.3333, -11.6667, 2.3333, -11.6667, 2.3333, -11.6667, 2.0, -11.6667, 2.0, -12.0, 1.6667, -11.3333, 0.6667, -11.6667, 0.6667, -11.6667, 0.3333, -12.0, -0.3333, -11.3333, -0.6667, -11.6667, -1.0, -11.0, -1.6667, -3.3333, -1.0, 0.0, 0.0, 0.0, 0.0, 0.0, 0.0, 0.0, 0.0, 0.0, 0.0, 0.0, 0.0, 0.0, 0.0, 0.0, 0.0, 0.0, 0.0, -3.6667, -0.6667, -12.6667, -1.0, -13.6667, -1.6667, -14.3333, -3.3333, -15.3333, -4.0, -16.0, -3.6667, -16.6667, -3.3333, -17.0, -3.0, -17.6667, -2.3333, -18.0, -2.0, -18.3333, -2.0, -19.0, -2.3333, -18.6667, -1.6667, -18.6667, -1.6667, -18.6667, -1.6667, -18.6667, -1.6667, -18.0, -1.6667, -18.0, -2.3333, -18.0, -2.0, -18.0, -2.3333, -17.6667, -3.0, -18.0, -3.3333, -17.6667, -3.3333, -17.3333, -3.6667, -18.0, -3.3333, -18.3333, -4.0, -18.3333, -4.0, -11.6667, -2.0, -36.0, -4.6667, -35.6667, -4.0, -34.6667, -4.0, -33.3333, -4.0, -32.3333, -4.3333, -31.3333, -4.6667, -30.3333, -5.3333, -29.3333, -5.3333, -28.0, -6.3333, -27.0, -5.0, -27.0, -4.0, -26.6667, -2.3333, -26.6667, -2.0, -26.6667, -2.0, -26.6667, -1.3333, -26.0, -1.3333, -26.0, -1.6667, -25.6667, -1.6667, -26.0, -2.6667, -24.6667, -3.6667, -24.3333, -5.0, -23.6667, -4.6667, -23.0, -5.0, -22.6667, -4.3333, -22.3333, -4.3333, -22.0, -3.3333, -23.0, -1.6667, -23.0, -1.6667, -4.3333, -0.6667, -2.0, -0.6667, 0.0, -1.0, 0.0, -0.3333, 0.0, -0.3333, -1.6667, -0.6667, -4.6667, -1.6667, -24.3333, -6.0, -25.6667, -4.6667, -26.0, -6.0, -27.6667, -4.6667, -29.0, -4.0, -30.3333, -3.3333, -31.3333, -2.6667, -32.6667, -1.6667, -33.6667, -2.0, -34.0, -2.3333, -34.6667, -2.6667, -34.6667, -3.3333, -35.6667, -3.3333, -35.6667, -3.0, -36.0, -3.0, -35.6667, -3.3333, -36.0, -3.3333, -36.0, -3.0, -35.0, -3.0, -34.3333, -2.6667, -34.6667, -2.3333, -34.6667, -2.0, -34.6667, -2.0, -34.6667, -2.0, -34.6667, -3.0, -34.6667, -4.0, -35.6667, -4.0, -35.6667, -4.0]",20.497708,12.693921,91.760558
316,316,5c:01:3b:6b:b0:95,-43,256,"[86.0, -32.0, 4.0, 0.0, -13.0, -6.3333, -13.0, -6.0, -12.0, -5.3333, -11.0, -4.6667, -11.0, -4.6667, -10.0, -3.6667, -9.3333, -2.6667, -8.3333, -2.0, -7.3333, -1.6667, -7.3333, -1.0, -7.3333, 0.0, -6.6667, 0.3333, -6.3333, 0.3333, -6.3333, 0.3333, -6.3333, 0.0, -6.3333, 0.0, -6.3333, 0.0, -7.0, 0.0, -6.6667, -1.0, -7.3333, -1.3333, -7.3333, -1.3333, -8.0, -2.0, -7.6667, -2.3333, -8.3333, -2.3333, -8.0, -3.3333, -2.6667, -1.3333, 0.0, 0.0, 0.0, 0.0, 0.0, 0.0, 0.0, 0.0, 0.0, 0.0, 0.0, 0.0, 0.0, 0.0, 0.0, 0.0, 0.0, 0.0, -2.3333, -1.3333, -7.3333, -2.6667, -8.3333, -3.6667, -9.6667, -5.3333, -10.6667, -6.3333, -11.3333, -6.0, -12.0, -5.3333, -12.6667, -5.0, -13.3333, -4.6667, -14.0, -4.0, -14.6667, -4.0, -15.3333, -4.0, -15.0, -3.0, -15.0, -3.0, -15.0, -3.0, -15.0, -3.0, -14.3333, -3.0, -14.3333, -4.0, -14.0, -4.0, -14.0, -4.6667, -13.3333, -5.3333, -13.6667, -5.6667, -13.0, -5.6667, -13.0, -6.0, -13.3333, -6.0, -13.6667, -6.6667, -13.6667, -6.6667, -9.3333, -3.0, -28.3333, -8.0, -28.3333, -7.3333, -27.3333, -7.3333, -26.3333, -7.0, -25.3333, -7.3333, -24.0, -8.0, -22.6667, -8.3333, -21.6667, -8.3333, -20.3333, -9.3333, -19.0, -8.0, -18.0, -7.0, -17.3333, -5.3333, -17.3333, -5.0, -17.3333, -5.0, -17.3333, -4.0, -17.0, -4.3333, -17.0, -4.3333, -17.3333, -4.3333, -18.0, -5.3333, -17.3333, -6.6667, -17.6667, -7.6667, -17.3333, -7.3333, -17.0, -7.3333, -16.6667, -7.0, -17.0, -6.6667, -17.0, -5.6667, -20.0, -0.3333, -20.3333, 0.6667, -4.0, -0.3333, -2.0, -0.3333, 0.0, -1.0, 0.0, -0.3333, 0.0, -0.3333, -1.3333, -0.6667, -3.3333, -1.6667, -16.6667, -7.0, -18.6667, -5.6667, -18.3333, -8.0, -20.3333, -7.0, -22.3333, -6.3333, -23.6667, -5.6667, -25.0, -4.0, -26.6667, -2.0, -28.0, -1.0, -28.6667, -0.6667, -29.6667, -0.3333, -29.6667, -0.6667, -30.6667, -0.6667, -30.6667, 0.0, -31.3333, 0.0, -31.0, 0.3333, -31.3333, 0.3333, -31.3333, 0.0, -30.3333, 0.0, -29.6667, -0.3333, -29.3333, -0.6667, -29.0, -1.0, -28.6667, -2.0, -28.3333, -3.0, -28.0, -5.0, -27.6667, -7.0, -28.3333, -7.6667, -28.3333, -7.6667]",16.137234,11.512309,91.760558
317,317,5c:01:3b:6b:b0:95,-43,256,"[86.0, -32.0, 4.0, 0.0, -8.0, -3.6667, -8.0, -3.0, -7.0, -2.6667, -6.0, -2.3333, -6.0, -2.3333, -5.0, -1.3333, -4.3333, -0.3333, -4.0, 0.0, -3.3333, 0.6667, -3.3333, 1.0, -3.3333, 2.0, -3.0, 2.6667, -3.0, 2.6667, -3.0, 2.6667, -3.0, 2.0, -3.0, 2.0, -3.0, 2.0, -3.3333, 2.0, -3.3333, 1.0, -4.0, 0.3333, -3.6667, 0.3333, -4.3333, 0.0, -4.0, -0.6667, -5.0, -0.6667, -5.0, -1.6667, -2.0, -0.6667, 0.0, 0.0, 0.0, 0.0, 0.0, 0.0, 0.0, 0.0, 0.0, 0.0, 0.0, 0.0, 0.0, 0.0, 0.0, 0.0, 0.0, 0.0, -1.3333, -0.6667, -3.0, -0.3333, -3.3333, -1.3333, -5.0, -2.6667, -6.0, -3.6667, -7.0, -4.0, -8.0, -3.6667, -9.0, -4.0, -10.0, -4.3333, -11.0, -4.3333, -12.0, -4.6667, -13.0, -4.6667, -13.0, -4.3333, -13.0, -4.3333, -13.0, -4.0, -13.0, -4.0, -12.0, -4.0, -12.0, -4.3333, -11.0, -4.0, -11.0, -4.3333, -10.0, -4.6667, -10.0, -4.3333, -9.0, -4.3333, -9.0, -4.0, -9.0, -4.0, -9.0, -4.3333, -9.0, -4.3333, -8.0, -3.0, -23.0, -7.0, -23.0, -6.6667, -22.0, -6.6667, -21.0, -6.0, -20.0, -5.6667, -18.0, -6.0, -16.0, -5.6667, -15.0, -4.6667, -13.3333, -4.6667, -12.3333, -3.0, -11.6667, -2.0, -11.3333, -0.6667, -11.6667, 0.0, -11.6667, 0.0, -11.3333, 1.0, -11.3333, 0.3333, -11.0, 0.3333, -11.6667, 0.3333, -12.0, -0.6667, -11.3333, -2.3333, -11.6667, -3.3333, -11.3333, -3.6667, -11.0, -3.6667, -11.0, -4.0, -12.0, -4.3333, -13.0, -4.3333, -19.0, -2.0, -20.0, -1.0, -4.0, -0.6667, -2.0, -0.3333, 0.0, -0.6667, 0.0, -0.6667, 0.0, -0.6667, -1.0, -0.3333, -2.3333, -0.3333, -10.3333, -1.0, -12.0, -1.3333, -11.3333, -3.0, -14.0, -4.0, -17.0, -4.6667, -19.0, -5.3333, -21.0, -5.0, -24.0, -4.3333, -26.0, -3.6667, -27.0, -3.3333, -29.0, -3.3333, -29.0, -3.6667, -30.0, -3.6667, -30.0, -3.3333, -31.0, -3.3333, -31.0, -2.6667, -31.0, -2.6667, -31.0, -3.0, -30.0, -2.6667, -29.0, -3.0, -28.0, -3.3333, -27.0, -4.0, -26.0, -5.0, -25.0, -5.3333, -24.0, -6.3333, -23.0, -7.3333, -23.0, -7.3333, -23.0, -7.3333]",12.672511,11.430398,91.760558
318,318,5c:01:3b:6b:b0:95,-38,256,"[86.0, -32.0, 4.0, 0.0, -11.6667, -1.0, -11.3333, 0.0, -10.3333, 0.0, -9.3333, 0.0, -9.3333, 0.0, -8.3333, 1.0, -7.6667, 2.0, -7.3333, 2.0, -6.6667, 3.0, -6.6667, 3.0, -6.3333, 4.0, -6.3333, 5.0, -6.0, 5.0, -6.0, 5.0, -6.0, 4.0, -6.0, 4.0, -6.0, 4.0, -6.0, 4.0, -6.0, 3.0, -6.3333, 2.0, -6.3333, 2.0, -6.6667, 2.0, -6.3333, 1.0, -7.0, 1.0, -7.0, 0.0, -2.3333, 0.0, 0.0, 0.0, 0.0, 0.0, 0.0, 0.0, 0.0, 0.0, 0.0, 0.0, 0.0, 0.0, 0.0, 0.0, 0.0, 0.0, 0.0, 0.0, -2.3333, 0.0, -6.6667, 2.0, -7.0, 1.0, -8.3333, 0.0, -9.3333, -1.0, -10.3333, -2.0, -11.6667, -2.0, -12.6667, -3.0, -13.6667, -4.0, -14.3333, -4.6667, -15.3333, -5.3333, -16.3333, -5.3333, -16.3333, -5.6667, -16.3333, -5.6667, -16.3333, -5.0, -16.0, -5.0, -15.3333, -5.0, -15.0, -4.6667, -14.0, -4.0, -14.0, -4.0, -13.3333, -4.0, -13.3333, -3.0, -12.6667, -3.0, -12.3333, -2.0, -12.3333, -2.0, -12.6667, -2.0, -12.6667, -2.0, -9.6667, -3.0, -28.3333, -6.0, -28.3333, -6.0, -27.0, -6.0, -25.6667, -5.0, -24.6667, -4.0, -22.6667, -4.0, -21.0, -3.0, -19.6667, -1.0, -18.0, 0.0, -17.3333, 2.0, -16.6667, 3.0, -16.3333, 4.0, -16.6667, 5.0, -16.3333, 5.0, -16.0, 6.0, -16.0, 5.0, -15.6667, 5.0, -16.0, 5.0, -16.0, 4.0, -15.3333, 2.0, -15.3333, 1.0, -15.0, 0.0, -14.6667, 0.0, -14.3333, -1.0, -15.3333, -2.0, -16.0, -3.0, -21.0, -5.0, -21.6667, -5.0, -4.3333, -1.3333, -2.0, -0.6667, 0.0, -0.3333, 0.0, -1.0, 0.0, -1.0, -1.3333, 0.0, -3.0, 1.0, -15.0, 5.0, -16.3333, 3.0, -16.6667, 2.0, -19.0, -1.0, -22.0, -3.0, -24.0, -5.0, -26.3333, -6.0, -29.0, -6.6667, -31.0, -7.3333, -32.0, -7.6667, -33.3333, -8.6667, -33.3333, -9.3333, -34.3333, -9.3333, -34.3333, -9.6667, -34.6667, -9.6667, -34.6667, -9.3333, -34.6667, -9.3333, -34.6667, -9.0, -34.0, -8.3333, -33.0, -8.0, -32.3333, -7.6667, -31.6667, -8.0, -30.6667, -8.0, -30.0, -7.6667, -29.0, -7.6667, -28.3333, -7.6667, -28.3333, -7.0, -28.3333, -7.0]",15.987976,12.301588,91.760558
319,319,5c:01:3b:6b:b0:95,-39,256,"[86.0, -32.0, 4.0, 0.0, -10.6667, 3.3333, -10.3333, 3.6667, -9.6667, 3.6667, -9.0, 3.3333, -9.0, 3.3333, -8.3333, 4.0, -8.0, 4.3333, -8.3333, 4.3333, -8.0, 5.0, -8.0, 4.6667, -7.6667, 5.3333, -8.3333, 6.0, -8.0, 6.0, -8.0, 6.0, -8.0, 5.3333, -8.0, 5.3333, -8.0, 5.3333, -7.3333, 5.3333, -7.3333, 4.6667, -7.3333, 4.0, -7.0, 4.0, -7.0, 3.6667, -6.3333, 3.0, -6.6667, 3.0, -6.6667, 2.3333, -2.0, 0.3333, 0.0, 0.0, 0.0, 0.0, 0.0, 0.0, 0.0, 0.0, 0.0, 0.0, 0.0, 0.0, 0.0, 0.0, 0.0, 0.0, 0.0, 0.0, -2.6667, 0.6667, -7.6667, 4.0, -7.3333, 3.3333, -8.0, 3.0, -8.6667, 2.6667, -9.0, 2.0, -10.0, 2.0, -10.6667, 1.6667, -11.0, 1.0, -11.3333, 0.3333, -11.6667, 0.0, -12.3333, 0.0, -12.3333, -0.6667, -12.3333, -0.6667, -12.3333, 0.0, -12.0, 0.0, -12.0, 0.0, -11.6667, 0.6667, -11.0, 1.0, -11.0, 1.0, -11.0, 1.0, -11.0, 1.6667, -10.6667, 2.0, -10.3333, 2.6667, -10.6667, 2.6667, -11.0, 2.6667, -11.0, 2.6667, -8.0, 1.3333, -23.6667, 7.3333, -23.6667, 7.3333, -22.6667, 7.0, -21.3333, 7.6667, -21.0, 8.0, -20.0, 8.0, -19.3333, 8.6667, -18.6667, 10.3333, -18.3333, 11.0, -18.6667, 12.6667, -19.3333, 13.6667, -19.6667, 14.0, -20.3333, 14.6667, -20.0, 14.6667, -19.3333, 15.3333, -19.3333, 14.6667, -18.6667, 14.6667, -18.6667, 14.3333, -18.0, 13.6667, -16.6667, 12.0, -16.0, 10.6667, -15.3333, 9.3333, -14.6667, 9.0, -14.0, 7.6667, -14.3333, 6.6667, -14.3333, 5.6667, -14.3333, 1.0, -14.3333, -0.3333, -3.0, -0.6667, -1.6667, -0.6667, -0.3333, -0.3333, 0.0, -1.0, -0.3333, -1.0, -1.3333, 0.3333, -3.3333, 2.0, -16.3333, 13.3333, -15.6667, 12.0, -17.0, 11.3333, -17.3333, 8.6667, -18.6667, 7.0, -19.6667, 5.6667, -20.6667, 4.0, -22.0, 2.6667, -22.6667, 1.0, -22.6667, 0.0, -23.0, -1.3333, -22.6667, -2.3333, -23.3333, -2.3333, -23.3333, -3.0, -23.3333, -3.3333, -23.6667, -3.3333, -23.6667, -3.3333, -23.6667, -2.3333, -23.0, -1.6667, -22.6667, -0.6667, -22.6667, 0.3333, -22.6667, 0.6667, -22.6667, 1.6667, -22.6667, 3.0, -22.6667, 4.0, -22.6667, 5.0, -22.6667, 6.0, -22.6667, 6.3333]",14.496453,10.435961,91.760558
320,320,5c:01:3b:6b:b0:95,-42,256,"[86.0, -32.0, 4.0, 0.0, -14.3333, 7.6667, -13.6667, 7.3333, -13.0, 7.3333, -12.3333, 6.6667, -12.3333, 6.6667, -11.6667, 7.0, -11.0, 6.6667, -10.6667, 7.0, -10.0, 7.3333, -10.0, 7.3333, -9.3333, 8.0, -9.6667, 8.3333, -9.0, 8.3333, -9.0, 8.3333, -9.0, 8.0, -9.0, 8.0, -9.0, 7.6667, -8.6667, 7.3333, -8.6667, 7.0, -8.6667, 6.3333, -9.0, 6.0, -9.0, 5.6667, -8.6667, 5.0, -8.6667, 5.0, -8.6667, 4.6667, -2.3333, 0.6667, 0.0, 0.0, 0.0, 0.0, 0.0, 0.0, 0.0, 0.0, 0.0, 0.0, 0.0, 0.0, 0.0, 0.0, 0.0, 0.0, 0.0, 0.0, -3.3333, 1.3333, -10.3333, 6.6667, -10.6667, 6.3333, -11.3333, 6.0, -12.0, 6.3333, -12.3333, 6.0, -13.6667, 6.0, -14.3333, 6.3333, -14.6667, 6.0, -14.6667, 5.6667, -15.0, 6.0, -15.6667, 6.0, -15.6667, 5.6667, -15.6667, 5.6667, -15.6667, 6.0, -15.0, 6.0, -15.3333, 6.0, -14.6667, 6.3333, -14.0, 6.0, -14.0, 6.0, -14.3333, 6.0, -14.3333, 6.3333, -14.3333, 7.0, -13.6667, 7.3333, -14.0, 7.3333, -14.6667, 7.3333, -14.6667, 7.3333, -9.6667, 5.6667, -29.0, 20.6667, -29.0, 20.6667, -27.6667, 20.0, -26.0, 20.3333, -25.6667, 20.0, -24.6667, 20.0, -24.3333, 20.3333, -23.3333, 21.6667, -22.6667, 22.0, -22.3333, 23.3333, -21.6667, 24.3333, -21.3333, 24.0, -21.6667, 24.3333, -21.0, 24.3333, -20.6667, 24.6667, -20.6667, 24.3333, -20.3333, 24.3333, -20.3333, 23.6667, -20.0, 23.3333, -19.3333, 22.0, -19.0, 20.3333, -18.6667, 18.6667, -18.3333, 18.0, -17.3333, 16.3333, -17.6667, 15.3333, -17.3333, 14.3333, -16.3333, 10.0, -16.3333, 8.3333, -3.3333, 0.6667, -1.6667, -0.3333, -0.3333, -0.6667, 0.0, -1.0, -0.3333, -1.0, -1.6667, 0.6667, -3.6667, 3.0, -19.6667, 21.6667, -20.0, 21.0, -22.0, 20.6667, -22.3333, 18.3333, -23.6667, 17.0, -24.6667, 16.3333, -26.0, 15.0, -27.0, 14.3333, -27.6667, 13.0, -27.6667, 12.0, -27.6667, 11.3333, -27.3333, 10.3333, -28.3333, 10.3333, -28.3333, 10.0, -27.6667, 9.3333, -28.0, 9.3333, -28.0, 9.3333, -27.6667, 10.3333, -27.3333, 10.6667, -27.0, 11.6667, -27.0, 12.6667, -27.3333, 13.3333, -27.3333, 14.3333, -27.6667, 16.0, -27.6667, 17.0, -28.0, 18.0, -28.0, 19.0, -28.0, 19.6667]",19.689696,12.609861,91.760558
321,321,5c:01:3b:6b:b0:95,-36,256,"[86.0, -32.0, 4.0, 0.0, -12.6667, 11.0, -12.3333, 10.3333, -11.6667, 10.3333, -11.3333, 9.6667, -11.3333, 9.6667, -10.6667, 9.6667, -10.3333, 9.0, -10.3333, 9.3333, -10.0, 9.3333, -9.6667, 9.0, -9.3333, 9.3333, -9.6667, 9.3333, -9.3333, 9.3333, -9.3333, 9.3333, -9.3333, 9.3333, -9.3333, 9.3333, -9.3333, 9.0, -9.0, 8.6667, -8.6667, 8.6667, -8.6667, 8.3333, -8.6667, 8.0, -8.3333, 7.3333, -8.0, 7.0, -8.0, 7.0, -8.0, 6.6667, -2.3333, 1.0, 0.0, 0.0, 0.0, 0.0, 0.0, 0.0, 0.0, 0.0, 0.0, 0.0, 0.0, 0.0, 0.0, 0.0, 0.0, 0.0, 0.0, 0.0, -3.0, 2.0, -9.6667, 8.6667, -9.6667, 8.6667, -10.3333, 9.0, -10.6667, 9.3333, -11.0, 9.0, -11.6667, 9.0, -12.0, 9.3333, -12.0, 9.0, -12.3333, 9.0, -12.3333, 9.6667, -12.6667, 9.6667, -12.6667, 9.3333, -12.6667, 9.3333, -12.6667, 9.3333, -12.0, 9.3333, -12.6667, 9.3333, -12.3333, 9.6667, -11.6667, 9.0, -11.6667, 9.3333, -12.0, 9.3333, -12.0, 9.3333, -12.0, 10.3333, -12.0, 10.3333, -12.3333, 10.6667, -13.0, 11.0, -13.0, 10.6667, -10.0, 6.6667, -31.0, 24.0, -31.0, 24.0, -30.0, 23.3333, -28.3333, 23.6667, -28.0, 23.0, -27.6667, 23.3333, -27.0, 23.6667, -26.0, 24.6667, -25.6667, 25.0, -25.6667, 26.3333, -25.6667, 27.6667, -25.3333, 27.6667, -25.6667, 28.0, -25.3333, 28.0, -25.0, 28.0, -25.0, 28.0, -24.3333, 27.6667, -24.0, 26.6667, -23.6667, 26.3333, -22.6667, 25.0, -22.3333, 23.0, -21.6667, 21.6667, -21.0, 20.6667, -20.0, 19.3333, -20.0, 18.3333, -19.3333, 17.0, -17.3333, 13.6667, -17.0, 11.6667, -3.3333, 1.0, -1.6667, -0.3333, -0.3333, -1.0, 0.0, -1.0, -0.3333, -1.0, -1.6667, 1.0, -4.6667, 3.6667, -23.6667, 25.3333, -23.6667, 24.3333, -24.6667, 23.3333, -24.6667, 21.3333, -25.6667, 20.0, -26.3333, 19.3333, -27.0, 18.3333, -27.6667, 17.6667, -28.0, 16.3333, -27.6667, 15.0, -28.0, 14.6667, -27.6667, 14.0, -29.0, 14.0, -29.0, 14.0, -28.3333, 13.0, -28.6667, 13.0, -28.6667, 13.0, -28.0, 13.6667, -27.6667, 13.6667, -27.3333, 15.0, -27.6667, 15.6667, -28.0, 17.0, -28.3333, 17.6667, -28.6667, 19.3333, -29.0, 20.6667, -29.6667, 22.0, -30.0, 23.0, -30.3333, 23.6667]",21.371648,13.854529,91.760558
322,322,5c:01:3b:6b:b0:95,-37,256,"[86.0, -32.0, 4.0, 0.0, -15.6667, 7.3333, -15.3333, 7.0, -14.3333, 7.0, -14.0, 7.0, -14.0, 7.0, -13.0, 7.0, -12.6667, 6.6667, -12.3333, 7.0, -12.0, 7.3333, -11.3333, 7.3333, -11.0, 8.0, -11.0, 8.0, -10.6667, 8.0, -10.6667, 8.0, -10.6667, 8.0, -10.6667, 8.0, -10.6667, 7.6667, -10.6667, 7.0, -10.0, 7.0, -10.0, 6.3333, -10.3333, 6.0, -9.6667, 5.6667, -9.6667, 5.3333, -9.6667, 5.0, -9.6667, 4.6667, -3.0, 0.6667, 0.0, 0.0, 0.0, 0.0, 0.0, 0.0, 0.0, 0.0, 0.0, 0.0, 0.0, 0.0, 0.0, 0.0, 0.0, 0.0, 0.0, 0.0, -3.3333, 1.3333, -11.6667, 6.6667, -12.0, 6.3333, -13.0, 6.3333, -13.3333, 6.0, -14.3333, 5.6667, -15.0, 5.3333, -15.3333, 5.3333, -15.6667, 4.6667, -16.3333, 4.6667, -16.6667, 5.0, -17.0, 4.6667, -17.0, 4.3333, -17.0, 4.3333, -17.0, 4.6667, -16.0, 4.6667, -16.6667, 4.6667, -16.3333, 5.0, -15.3333, 4.6667, -15.3333, 5.3333, -15.3333, 5.3333, -15.3333, 5.3333, -15.3333, 6.0, -15.6667, 6.3333, -15.6667, 6.6667, -16.6667, 7.0, -16.6667, 6.6667, -13.6667, 3.3333, -43.0, 14.0, -43.0, 13.6667, -41.6667, 13.3333, -39.6667, 14.0, -38.6667, 14.0, -38.0, 14.6667, -36.3333, 15.3333, -34.3333, 16.0, -33.0, 16.6667, -32.6667, 18.3333, -32.0, 19.6667, -31.0, 20.6667, -31.0, 21.3333, -30.6667, 21.3333, -30.6667, 21.0, -30.6667, 21.0, -30.0, 20.3333, -29.3333, 19.3333, -29.3333, 18.6667, -28.6667, 17.3333, -28.6667, 15.6667, -28.0, 14.6667, -27.3333, 14.0, -26.3333, 13.0, -26.6667, 12.0, -26.0, 10.6667, -27.0, 5.6667, -26.6667, 4.0, -5.0, -0.3333, -2.0, -0.6667, 0.0, -1.0, 0.0, -1.0, 0.0, -1.0, -2.0, 0.6667, -6.0, 2.6667, -31.0, 18.0, -32.3333, 16.3333, -32.3333, 15.6667, -33.6667, 13.6667, -36.0, 11.6667, -37.3333, 10.3333, -39.0, 9.0, -40.3333, 7.6667, -41.6667, 6.0, -42.0, 4.6667, -43.0, 3.6667, -43.0, 3.3333, -45.0, 3.3333, -45.0, 3.3333, -44.0, 2.3333, -44.0, 2.3333, -44.0, 2.3333, -43.0, 2.6667, -43.0, 3.0, -42.0, 4.3333, -42.3333, 5.0, -42.3333, 6.6667, -42.0, 7.6667, -42.0, 9.0, -41.6667, 10.6667, -42.3333, 12.0, -43.0, 13.0, -43.6667, 13.3333]",24.083831,15.970578,91.760558
323,323,5c:01:3b:6b:b0:95,-37,256,"[86.0, -32.0, 4.0, 0.0, -9.0, -2.0, -9.0, -2.0, -8.6667, -1.6667, -9.0, -1.3333, -9.0, -1.6667, -8.6667, -1.6667, -8.6667, -1.6667, -9.0, -1.6667, -9.0, -1.3333, -8.3333, -2.0, -8.6667, -1.6667, -8.6667, -1.6667, -8.6667, -1.6667, -9.0, -1.6667, -8.6667, -1.6667, -8.6667, -1.6667, -8.6667, -1.3333, -8.6667, -1.6667, -7.6667, -1.3333, -7.6667, -1.3333, -7.3333, -1.0, -6.3333, -1.3333, -6.3333, -1.0, -6.0, -1.0, -6.0, -1.3333, -2.0, -0.6667, 0.0, 0.0, 0.0, 0.0, 0.0, 0.0, 0.0, 0.0, 0.0, 0.0, 0.0, 0.0, 0.0, 0.0, 0.0, 0.0, 0.0, 0.0, -2.3333, -0.6667, -8.3333, -1.6667, -8.0, -2.0, -8.3333, -1.3333, -8.0, -2.0, -8.3333, -2.0, -8.3333, -2.3333, -8.0, -2.6667, -7.6667, -3.0, -8.0, -3.0, -7.6667, -3.0, -7.3333, -3.3333, -7.3333, -3.6667, -7.3333, -3.6667, -7.3333, -3.0, -6.6667, -3.0, -7.6667, -3.0, -7.6667, -3.0, -7.3333, -3.0, -7.3333, -2.3333, -7.6667, -2.6667, -7.6667, -3.0, -8.0, -2.6667, -8.6667, -2.3333, -8.6667, -2.3333, -9.3333, -2.3333, -9.3333, -2.6667, -8.3333, -2.6667, -27.0, -6.0, -27.0, -6.0, -26.3333, -6.0, -25.3333, -5.0, -25.0, -4.6667, -25.3333, -4.3333, -24.3333, -3.6667, -23.3333, -3.6667, -23.3333, -3.3333, -23.6667, -2.0, -24.3333, -1.3333, -24.0, -0.3333, -24.3333, 0.0, -24.3333, 0.0, -24.0, 0.0, -24.0, 0.0, -23.3333, -0.3333, -22.6667, -1.0, -22.3333, -1.3333, -21.3333, -2.0, -21.0, -2.3333, -20.0, -2.3333, -19.3333, -2.3333, -18.6667, -2.3333, -18.3333, -2.3333, -17.3333, -3.0, -15.3333, -5.0, -14.3333, -5.3333, -2.6667, -1.6667, -1.3333, -1.0, -0.3333, -0.6667, -0.3333, -0.6667, -0.3333, -0.6667, -1.6667, -0.3333, -4.6667, -0.3333, -23.0, -0.3333, -22.6667, -1.3333, -23.0, -2.6667, -23.0, -3.3333, -23.3333, -4.6667, -23.3333, -5.3333, -23.3333, -6.3333, -23.3333, -7.3333, -23.3333, -8.3333, -23.0, -9.0, -23.3333, -9.6667, -23.0, -9.6667, -24.0, -9.6667, -24.0, -9.6667, -23.0, -10.3333, -23.0, -10.0, -23.0, -10.0, -22.6667, -10.3333, -23.0, -10.0, -22.6667, -9.3333, -23.6667, -9.0, -24.0, -8.0, -24.3333, -8.0, -24.3333, -8.0, -24.6667, -7.0, -25.6667, -6.3333, -26.6667, -6.0, -27.3333, -6.0]",14.727291,11.410892,91.760558
324,324,5c:01:3b:6b:b0:95,-38,256,"[86.0, -32.0, 4.0, 0.0, -0.3333, -10.3333, -0.3333, -10.3333, -0.6667, -9.6667, -1.0, -9.3333, -1.0, -10.0, -1.3333, -10.0, -1.3333, -10.0, -1.6667, -10.0, -2.0, -9.6667, -1.6667, -10.3333, -2.0, -10.0, -2.0, -10.0, -2.0, -10.0, -2.3333, -10.0, -2.0, -10.0, -2.0, -10.0, -2.0, -9.3333, -2.3333, -9.6667, -1.6667, -9.0, -1.6667, -8.6667, -1.3333, -8.0, -0.6667, -8.0, -0.6667, -7.3333, -0.3333, -7.0, -0.6667, -7.0, -0.6667, -2.0, 0.0, 0.0, 0.0, 0.0, 0.0, 0.0, 0.0, 0.0, 0.0, 0.0, 0.0, 0.0, 0.0, 0.0, 0.0, 0.0, 0.0, 0.0, -0.6667, -2.6667, -1.6667, -9.3333, -1.3333, -9.6667, -1.0, -9.0, -0.6667, -9.3333, -0.3333, -8.6667, -0.3333, -9.0, 0.0, -9.0, 0.6667, -8.6667, 0.6667, -8.6667, 1.3333, -8.6667, 1.6667, -9.0, 1.6667, -9.0, 1.3333, -9.0, 1.3333, -8.0, 1.6667, -8.0, 1.0, -8.0, 1.0, -8.6667, 1.0, -8.6667, 1.0, -8.3333, 0.6667, -9.0, 0.6667, -9.6667, 0.3333, -9.6667, 0.0, -9.3333, 0.0, -10.0, 0.0, -10.6667, 0.0, -10.6667, 0.0, -5.3333, 0.3333, -16.0, 0.0, -15.6667, 0.0, -15.6667, 0.0, -14.6667, -0.6667, -14.3333, -1.3333, -14.6667, -1.3333, -14.3333, -1.6667, -15.0, -2.3333, -15.3333, -3.3333, -14.6667, -4.3333, -15.0, -4.6667, -15.0, -5.0, -15.3333, -5.0, -15.3333, -4.6667, -15.0, -4.6667, -15.0, -4.6667, -14.6667, -4.3333, -15.0, -4.0, -14.6667, -3.3333, -14.3333, -3.0, -13.3333, -2.6667, -13.0, -2.3333, -12.3333, -2.3333, -12.0, -2.0, -11.0, -1.3333, -10.6667, 2.0, -10.3333, 2.6667, -9.3333, 0.3333, -2.0, -0.3333, -1.0, -0.6667, -0.3333, -0.6667, -0.3333, -0.6667, -0.3333, -0.6667, -1.3333, -1.0, -3.0, -3.3333, -14.0, -2.0, -13.3333, -2.6667, -14.3333, -1.6667, -13.6667, -0.3333, -14.0, 0.3333, -13.3333, 1.3333, -14.0, 2.3333, -14.0, 3.3333, -14.0, 4.0, -13.6667, 4.0, -13.6667, 4.3333, -13.6667, 4.3333, -13.6667, 4.6667, -13.6667, 5.3333, -14.0, 5.6667, -13.3333, 5.3333, -13.3333, 5.0, -14.0, 4.6667, -13.6667, 4.3333, -14.0, 3.3333, -13.6667, 3.0, -13.6667, 2.3333, -14.3333, 2.3333, -15.3333, 1.6667, -15.3333, 1.0, -15.6667, 0.6667, -16.0, 0.3333, -16.0]",10.918098,8.587732,91.760558
325,325,5c:01:3b:6b:b0:95,-38,256,"[86.0, -32.0, 4.0, 0.0, 9.0, -16.0, 8.6667, -16.0, 8.0, -15.0, 7.3333, -15.0, 7.0, -16.0, 6.0, -16.0, 6.0, -16.0, 5.6667, -16.0, 5.0, -16.0, 5.0, -17.0, 4.6667, -17.0, 4.6667, -17.0, 4.6667, -17.0, 4.3333, -17.0, 4.6667, -17.0, 4.6667, -17.0, 4.6667, -16.0, 4.0, -16.0, 4.3333, -15.0, 4.3333, -14.0, 4.6667, -13.0, 5.0, -13.0, 5.0, -12.0, 5.3333, -11.0, 5.0, -11.0, 1.0, -3.0, 0.0, 0.0, 0.0, 0.0, 0.0, 0.0, 0.0, 0.0, 0.0, 0.0, 0.0, 0.0, 0.0, 0.0, 0.0, 0.0, 0.0, 0.0, 1.0, -4.0, 5.0, -15.0, 5.3333, -15.0, 6.3333, -14.0, 7.0, -14.0, 8.0, -13.0, 8.3333, -13.0, 9.0, -13.0, 10.0, -12.0, 10.6667, -12.0, 11.6667, -12.0, 12.3333, -12.0, 12.3333, -12.0, 12.0, -12.0, 12.0, -11.0, 11.6667, -11.0, 11.3333, -11.0, 11.0, -12.0, 10.6667, -12.0, 10.3333, -12.0, 10.0, -13.0, 10.0, -14.0, 9.3333, -14.0, 9.3333, -14.0, 9.6667, -15.0, 10.0, -16.0, 10.0, -16.0, 8.3333, -8.0, 27.6667, -26.0, 27.0, -25.0, 26.3333, -25.0, 25.3333, -24.0, 23.6667, -24.0, 22.6667, -25.0, 21.6667, -25.0, 20.0, -26.0, 18.6667, -27.0, 17.0, -27.0, 15.6667, -28.0, 14.6667, -29.0, 14.3333, -30.0, 14.3333, -30.0, 14.6667, -29.0, 14.6667, -29.0, 14.0, -28.0, 14.0, -28.0, 14.3333, -27.0, 14.6667, -26.0, 15.0, -24.0, 14.6667, -23.0, 14.6667, -22.0, 14.0, -21.0, 14.3333, -19.0, 14.6667, -18.0, 19.3333, -13.0, 19.6667, -11.0, 3.3333, -2.0, 0.6667, -1.0, -1.0, 0.0, -1.0, 0.0, -1.0, 0.0, 0.3333, -2.0, 2.6667, -5.0, 16.3333, -25.0, 18.6667, -23.0, 17.6667, -25.0, 19.6667, -23.0, 22.6667, -22.0, 24.0, -20.0, 26.0, -20.0, 28.0, -19.0, 30.0, -18.0, 31.0, -17.0, 31.3333, -16.0, 31.6667, -16.0, 32.6667, -16.0, 33.3333, -16.0, 33.6667, -16.0, 34.3333, -15.0, 33.6667, -15.0, 32.6667, -16.0, 32.3333, -16.0, 31.3333, -17.0, 30.3333, -17.0, 30.0, -18.0, 29.0, -20.0, 29.0, -22.0, 28.0, -23.0, 27.6667, -24.0, 28.0, -25.0, 28.0, -25.0]",21.894728,13.167795,91.760558
326,326,5c:01:3b:6b:b0:95,-38,256,"[86.0, -32.0, 4.0, 0.0, 12.6667, -12.0, 12.3333, -12.0, 11.6667, -11.3333, 11.3333, -11.3333, 11.0, -12.3333, 10.0, -12.3333, 9.6667, -12.3333, 9.3333, -12.3333, 8.6667, -12.6667, 8.3333, -13.3333, 8.3333, -13.3333, 8.0, -13.3333, 8.0, -13.3333, 8.0, -13.3333, 8.0, -13.3333, 8.0, -13.3333, 8.0, -12.6667, 7.3333, -12.6667, 7.3333, -11.6667, 7.6667, -11.0, 7.6667, -10.3333, 8.0, -10.0, 8.0, -9.3333, 8.0, -8.3333, 7.3333, -8.3333, 1.3333, -2.3333, 0.0, 0.0, 0.0, 0.0, 0.0, 0.0, 0.0, 0.0, 0.0, 0.0, 0.0, 0.0, 0.0, 0.0, 0.0, 0.0, 0.0, 0.0, 1.6667, -3.3333, 8.3333, -11.6667, 8.6667, -11.6667, 10.0, -11.0, 10.3333, -10.6667, 11.3333, -10.0, 11.6667, -9.6667, 12.0, -9.6667, 13.0, -8.6667, 13.3333, -8.6667, 14.3333, -8.6667, 14.6667, -8.3333, 14.6667, -8.3333, 14.0, -8.3333, 14.0, -7.6667, 13.6667, -7.6667, 13.6667, -7.6667, 13.3333, -8.6667, 13.3333, -8.6667, 13.0, -8.6667, 13.0, -9.6667, 13.0, -10.3333, 12.6667, -10.3333, 12.6667, -10.3333, 13.0, -11.3333, 13.6667, -12.0, 13.6667, -12.0, 10.0, -6.3333, 33.6667, -20.3333, 33.0, -19.6667, 32.0, -19.6667, 31.0, -19.0, 29.3333, -19.0, 28.0, -20.0, 27.0, -20.6667, 25.0, -21.6667, 23.6667, -22.6667, 22.0, -23.0, 20.6667, -24.3333, 19.6667, -25.0, 19.3333, -26.0, 19.3333, -26.0, 19.3333, -25.3333, 19.3333, -25.3333, 19.0, -24.3333, 19.0, -24.3333, 19.0, -23.3333, 19.3333, -22.0, 19.3333, -20.3333, 18.6667, -19.3333, 18.6667, -18.0, 18.0, -17.0, 18.3333, -15.0, 18.3333, -14.0, 21.6667, -8.3333, 22.0, -6.3333, 3.6667, -1.3333, 1.0, -0.6667, -1.0, -0.3333, -1.0, 0.0, -1.0, 0.0, 0.6667, -2.0, 3.0, -4.3333, 19.3333, -22.0, 21.3333, -20.0, 22.3333, -21.6667, 24.6667, -19.6667, 27.6667, -18.3333, 29.0, -16.6667, 31.3333, -16.0, 33.3333, -14.3333, 35.3333, -13.3333, 36.6667, -12.0, 37.0, -11.0, 37.3333, -10.6667, 38.3333, -10.3333, 39.0, -10.3333, 39.0, -10.0, 39.6667, -9.3333, 39.0, -9.3333, 38.3333, -10.3333, 38.0, -10.6667, 37.0, -11.6667, 36.0, -11.6667, 35.6667, -12.6667, 34.6667, -14.6667, 34.6667, -16.3333, 33.6667, -17.3333, 33.3333, -18.3333, 34.0, -19.3333, 34.0, -19.6667]",22.040327,13.93627,91.760558
327,327,5c:01:3b:6b:b0:95,-43,256,"[86.0, -32.0, 4.0, 0.0, 13.3333, -11.3333, 12.6667, -11.3333, 12.3333, -11.0, 11.6667, -11.0, 11.0, -12.0, 10.0, -12.0, 9.3333, -12.0, 8.6667, -12.0, 8.3333, -12.3333, 7.6667, -13.0, 7.6667, -13.0, 7.0, -13.0, 7.0, -13.0, 7.0, -13.0, 7.0, -13.0, 7.0, -13.0, 7.0, -12.6667, 6.6667, -12.3333, 6.6667, -11.3333, 7.3333, -10.6667, 7.3333, -10.0, 8.0, -9.3333, 8.0, -9.0, 8.0, -8.0, 7.6667, -7.6667, 1.6667, -2.3333, 0.0, 0.0, 0.0, 0.0, 0.0, 0.0, 0.0, 0.0, 0.0, 0.0, 0.0, 0.0, 0.0, 0.0, 0.0, 0.0, 0.0, 0.0, 1.3333, -3.3333, 7.6667, -11.6667, 8.3333, -11.6667, 10.0, -11.0, 10.6667, -10.6667, 11.6667, -10.0, 12.3333, -9.3333, 13.0, -9.3333, 14.0, -8.3333, 14.6667, -8.3333, 15.6667, -8.0, 16.3333, -7.6667, 16.3333, -7.6667, 16.0, -7.3333, 16.0, -7.0, 15.3333, -7.0, 15.3333, -7.0, 14.6667, -8.0, 14.6667, -8.0, 14.0, -8.3333, 14.0, -9.0, 14.0, -9.6667, 13.3333, -9.6667, 13.3333, -10.0, 14.0, -10.6667, 14.3333, -11.3333, 14.3333, -11.3333, 9.0, -6.3333, 30.3333, -20.0, 30.0, -19.6667, 29.0, -19.3333, 28.0, -19.0, 26.6667, -19.3333, 25.0, -20.0, 24.0, -20.6667, 22.0, -21.6667, 20.3333, -22.3333, 19.0, -23.0, 17.3333, -24.6667, 16.3333, -25.3333, 15.6667, -26.0, 15.6667, -26.0, 15.6667, -25.6667, 15.6667, -25.6667, 16.0, -24.6667, 16.0, -24.3333, 16.0, -23.3333, 16.6667, -22.0, 16.6667, -20.3333, 16.3333, -19.0, 16.3333, -17.6667, 16.0, -16.6667, 16.6667, -14.6667, 16.6667, -13.3333, 19.3333, -8.3333, 20.0, -6.3333, 3.3333, -1.3333, 1.0, -0.6667, -1.0, -0.3333, -1.0, 0.0, -1.0, 0.0, 0.3333, -2.0, 2.0, -4.6667, 14.6667, -23.6667, 16.6667, -21.6667, 18.6667, -22.3333, 21.3333, -20.3333, 24.3333, -19.0, 26.0, -17.6667, 28.6667, -16.6667, 30.6667, -14.6667, 32.6667, -13.6667, 34.3333, -12.3333, 35.0, -11.3333, 35.6667, -10.6667, 36.6667, -10.3333, 37.0, -10.3333, 37.0, -10.0, 37.3333, -9.3333, 37.0, -9.3333, 36.6667, -10.3333, 36.0, -10.6667, 35.0, -11.6667, 34.0, -11.6667, 33.3333, -12.6667, 32.3333, -14.3333, 32.3333, -16.0, 31.3333, -17.0, 30.6667, -18.3333, 31.0, -19.0, 31.0, -19.6667]",21.168459,13.18194,91.760558
328,328,5c:01:3b:6b:b0:95,-38,256,"[86.0, -32.0, 4.0, 0.0, 7.6667, -10.6667, 7.3333, -10.6667, 6.6667, -10.6667, 6.3333, -10.6667, 6.0, -11.6667, 5.3333, -11.6667, 4.3333, -11.6667, 3.3333, -11.6667, 3.0, -12.0, 2.3333, -12.6667, 2.3333, -12.6667, 1.6667, -12.6667, 1.6667, -12.6667, 1.6667, -12.6667, 1.6667, -12.6667, 1.6667, -12.6667, 1.6667, -12.6667, 1.6667, -12.0, 2.0, -11.0, 2.6667, -10.3333, 3.0, -9.6667, 4.0, -8.6667, 4.0, -8.6667, 4.3333, -7.6667, 4.0, -7.0, 0.6667, -2.3333, 0.0, 0.0, 0.0, 0.0, 0.0, 0.0, 0.0, 0.0, 0.0, 0.0, 0.0, 0.0, 0.0, 0.0, 0.0, 0.0, 0.0, 0.0, 0.0, -3.3333, 3.0, -11.6667, 4.0, -11.6667, 5.6667, -11.0, 6.0, -10.6667, 7.0, -10.0, 7.6667, -9.0, 8.3333, -9.0, 9.0, -8.0, 9.6667, -8.0, 10.6667, -7.3333, 11.0, -7.0, 11.3333, -7.0, 11.0, -6.3333, 11.0, -6.3333, 10.3333, -6.3333, 10.3333, -6.3333, 10.0, -7.3333, 9.6667, -7.3333, 9.0, -8.0, 9.0, -8.3333, 9.0, -9.0, 8.3333, -9.0, 8.0, -9.6667, 8.3333, -10.0, 8.6667, -10.6667, 8.3333, -10.6667, 5.0, -6.3333, 17.3333, -19.6667, 17.3333, -19.6667, 16.3333, -19.0, 15.6667, -19.0, 14.6667, -19.6667, 13.3333, -20.0, 12.6667, -20.6667, 11.0, -21.6667, 9.0, -22.0, 7.6667, -23.0, 6.0, -25.0, 4.6667, -25.6667, 3.6667, -26.0, 3.6667, -26.0, 4.0, -26.0, 4.0, -26.0, 5.0, -25.0, 5.0, -24.3333, 5.3333, -23.3333, 6.6667, -22.0, 7.0, -20.3333, 7.0, -18.6667, 7.3333, -17.3333, 7.6667, -16.3333, 8.6667, -14.3333, 9.0, -12.6667, 12.0, -8.3333, 13.0, -6.3333, 2.0, -1.3333, 0.6667, -0.6667, -1.0, -0.3333, -0.6667, 0.0, -0.6667, 0.0, -0.3333, -2.0, 0.0, -5.0, 3.6667, -25.3333, 5.6667, -23.3333, 7.6667, -23.0, 10.6667, -21.0, 13.3333, -19.6667, 15.3333, -18.6667, 17.6667, -17.3333, 19.6667, -15.0, 21.3333, -14.0, 23.3333, -12.6667, 24.3333, -11.6667, 25.3333, -10.6667, 26.3333, -10.3333, 26.3333, -10.3333, 26.3333, -10.0, 26.3333, -9.3333, 26.3333, -9.3333, 26.0, -10.3333, 25.3333, -10.6667, 24.3333, -11.6667, 23.3333, -11.6667, 22.3333, -12.6667, 21.3333, -14.0, 21.0, -15.6667, 19.6667, -16.6667, 18.6667, -18.3333, 18.3333, -18.6667, 18.3333, -19.6667]",16.54869,10.993183,91.760558
329,329,5c:01:3b:6b:b0:95,-42,256,"[86.0, -32.0, 4.0, 0.0, 10.6667, -14.0, 10.3333, -14.0, 9.6667, -14.0, 9.0, -14.0, 8.6667, -15.0, 8.0, -15.0, 7.0, -15.0, 6.0, -15.0, 5.3333, -15.0, 5.0, -16.0, 5.0, -16.0, 4.3333, -16.0, 4.3333, -16.0, 4.3333, -16.0, 4.3333, -16.0, 4.3333, -16.0, 4.3333, -16.0, 4.3333, -15.0, 4.6667, -14.0, 5.0, -13.0, 5.3333, -12.0, 6.0, -11.0, 6.0, -11.0, 6.0, -10.0, 6.0, -9.0, 1.3333, -3.0, 0.0, 0.0, 0.0, 0.0, 0.0, 0.0, 0.0, 0.0, 0.0, 0.0, 0.0, 0.0, 0.0, 0.0, 0.0, 0.0, 0.0, 0.0, 0.6667, -4.0, 5.6667, -15.0, 6.6667, -15.0, 8.0, -14.0, 8.6667, -14.0, 9.6667, -13.0, 10.6667, -12.0, 11.6667, -12.0, 12.3333, -11.0, 13.0, -11.0, 14.0, -10.0, 14.6667, -10.0, 15.0, -10.0, 15.0, -9.0, 14.6667, -9.0, 14.0, -9.0, 14.0, -9.0, 13.3333, -10.0, 13.0, -10.0, 12.3333, -11.0, 12.3333, -11.0, 12.3333, -12.0, 11.6667, -12.0, 11.0, -13.0, 11.6667, -13.0, 12.0, -14.0, 11.6667, -14.0, 6.6667, -8.0, 22.6667, -25.0, 22.3333, -25.0, 21.3333, -24.0, 20.6667, -24.0, 19.3333, -25.0, 18.3333, -25.0, 17.6667, -25.0, 16.0, -26.0, 14.0, -26.0, 12.6667, -27.0, 11.3333, -29.0, 10.0, -30.0, 9.3333, -30.0, 9.3333, -30.0, 9.3333, -30.0, 9.6667, -30.0, 10.3333, -29.0, 10.0, -28.0, 10.3333, -27.0, 11.3333, -26.0, 11.6667, -24.0, 11.3333, -22.0, 11.6667, -21.0, 11.6667, -20.0, 12.3333, -18.0, 12.6667, -16.0, 15.6667, -13.0, 15.6667, -11.0, 2.3333, -2.0, 0.6667, -1.0, -1.0, 0.0, -0.6667, 0.0, -0.6667, 0.0, 0.0, -2.0, 1.0, -6.0, 8.3333, -30.0, 10.3333, -28.0, 12.3333, -27.0, 15.0, -25.0, 17.6667, -24.0, 20.0, -23.0, 22.0, -22.0, 24.0, -20.0, 25.3333, -19.0, 26.6667, -18.0, 27.3333, -17.0, 28.0, -16.0, 29.0, -16.0, 29.0, -16.0, 28.6667, -16.0, 28.6667, -15.0, 28.6667, -15.0, 28.3333, -16.0, 28.0, -16.0, 27.3333, -17.0, 26.6667, -17.0, 26.3333, -18.0, 25.6667, -19.0, 25.3333, -21.0, 24.0, -22.0, 23.6667, -24.0, 23.3333, -24.0, 23.3333, -25.0]",20.719881,12.264266,91.760558
330,330,5c:01:3b:6b:b0:95,-39,256,"[86.0, -32.0, 4.0, 0.0, 5.0, -16.0, 5.0, -15.6667, 4.0, -15.3333, 3.6667, -15.3333, 3.6667, -15.6667, 3.3333, -15.3333, 2.3333, -15.0, 1.3333, -14.6667, 0.3333, -14.6667, 0.3333, -15.0, 0.0, -14.6667, -0.3333, -14.6667, -0.3333, -14.6667, -0.3333, -14.6667, -0.3333, -14.6667, -0.3333, -14.6667, 0.0, -14.6667, 0.0, -14.0, 0.6667, -13.3333, 0.6667, -12.6667, 1.3333, -12.0, 2.0, -11.3333, 2.0, -11.3333, 2.3333, -10.6667, 2.3333, -10.0, 0.3333, -3.0, 0.0, 0.0, 0.0, 0.0, 0.0, 0.0, 0.0, 0.0, 0.0, 0.0, 0.0, 0.0, 0.0, 0.0, 0.0, 0.0, 0.0, 0.0, -0.3333, -4.0, 1.6667, -14.6667, 2.6667, -15.0, 3.6667, -15.0, 4.0, -15.3333, 5.0, -15.0, 6.0, -14.6667, 7.0, -15.0, 7.3333, -14.6667, 8.0, -14.6667, 9.0, -14.0, 9.3333, -14.3333, 10.0, -14.3333, 10.0, -13.6667, 9.6667, -13.6667, 9.0, -13.6667, 9.0, -13.6667, 8.6667, -14.0, 8.0, -13.6667, 7.3333, -14.3333, 7.3333, -14.3333, 7.3333, -15.0, 6.6667, -15.0, 5.6667, -15.3333, 6.0, -15.3333, 6.3333, -16.3333, 5.6667, -16.3333, 3.6667, -10.0, 13.0, -31.0, 12.6667, -31.0, 11.6667, -30.0, 11.3333, -29.6667, 10.0, -29.6667, 9.6667, -29.3333, 9.3333, -28.6667, 8.0, -29.0, 6.0, -28.3333, 4.3333, -28.6667, 3.3333, -29.6667, 1.6667, -30.0, 1.0, -30.0, 1.0, -29.6667, 1.3333, -29.6667, 1.6667, -29.6667, 2.3333, -29.0, 2.0, -28.3333, 2.6667, -27.6667, 4.0, -27.0, 4.6667, -25.6667, 4.3333, -24.0, 5.0, -23.0, 5.3333, -22.3333, 6.0, -21.0, 6.6667, -19.6667, 10.6667, -17.6667, 10.6667, -16.3333, 1.3333, -3.0, 0.3333, -1.3333, -1.0, 0.0, -0.3333, 0.0, -0.3333, 0.0, -0.3333, -2.0, 0.0, -6.0, 2.0, -30.3333, 4.0, -29.6667, 5.0, -28.6667, 7.6667, -28.0, 10.0, -28.3333, 12.3333, -28.0, 13.6667, -28.0, 15.6667, -27.0, 16.6667, -26.6667, 18.0, -26.0, 18.6667, -25.6667, 19.3333, -25.0, 20.3333, -25.0, 20.3333, -25.0, 20.0, -24.6667, 20.0, -24.0, 20.0, -24.0, 19.3333, -24.6667, 19.3333, -24.6667, 18.6667, -25.3333, 18.0, -25.3333, 17.6667, -26.0, 17.0, -26.6667, 16.3333, -28.3333, 14.6667, -28.6667, 14.3333, -30.3333, 13.6667, -30.3333, 13.6667, -31.3333]",20.093398,12.212747,91.760558
331,331,5c:01:3b:6b:b0:95,-43,256,"[86.0, -32.0, 4.0, 0.0, 0.0, -17.6667, 0.3333, -17.0, -0.3333, -16.3333, -0.6667, -16.0, -0.6667, -16.0, -1.0, -15.0, -1.6667, -14.3333, -2.6667, -14.0, -3.3333, -13.6667, -3.3333, -13.3333, -4.0, -13.0, -4.3333, -13.0, -4.3333, -13.0, -4.3333, -13.0, -4.3333, -13.0, -4.3333, -12.6667, -4.0, -13.0, -3.6667, -12.6667, -3.0, -12.3333, -2.6667, -12.0, -2.0, -11.6667, -1.3333, -11.3333, -1.3333, -11.3333, -1.0, -11.3333, -1.0, -11.0, -0.6667, -3.0, 0.0, 0.0, 0.0, 0.0, 0.0, 0.0, 0.0, 0.0, 0.0, 0.0, 0.0, 0.0, 0.0, 0.0, 0.0, 0.0, 0.0, 0.0, -1.0, -3.6667, -2.0, -13.6667, -1.3333, -14.3333, -0.6667, -15.3333, 0.0, -16.0, 0.6667, -16.3333, 1.6667, -16.6667, 2.3333, -17.3333, 3.0, -17.6667, 3.3333, -17.6667, 4.3333, -17.6667, 4.3333, -18.0, 5.0, -18.3333, 5.0, -18.0, 4.6667, -18.0, 4.3333, -18.0, 4.3333, -17.6667, 3.6667, -17.6667, 3.3333, -17.0, 3.0, -17.3333, 2.6667, -17.3333, 2.6667, -17.3333, 2.0, -17.3333, 1.3333, -17.0, 1.3333, -17.3333, 1.3333, -18.0, 0.6667, -18.0, 1.6667, -11.6667, 5.6667, -36.0, 5.3333, -36.0, 5.0, -35.0, 4.6667, -34.3333, 3.6667, -33.3333, 3.0, -32.6667, 2.6667, -31.3333, 1.3333, -31.0, 0.0, -29.6667, -1.3333, -29.3333, -2.6667, -29.0, -4.0, -28.6667, -4.6667, -28.6667, -4.6667, -28.0, -4.3333, -28.0, -4.0, -28.0, -3.3333, -27.6667, -3.3333, -27.3333, -2.6667, -27.3333, -1.3333, -27.0, -0.6667, -26.3333, -0.6667, -25.0, 0.0, -24.3333, 0.3333, -24.0, 1.3333, -23.3333, 2.0, -22.6667, 7.3333, -23.0, 7.6667, -22.6667, 1.0, -4.3333, 0.0, -1.6667, -0.6667, 0.0, -0.3333, 0.0, -0.3333, 0.0, -0.6667, -2.0, -1.0, -5.6667, -2.3333, -29.0, -0.6667, -30.0, -0.6667, -29.0, 1.6667, -30.0, 3.6667, -31.3333, 6.0, -32.0, 7.3333, -33.0, 9.0, -33.3333, 10.3333, -34.0, 11.3333, -34.0, 12.0, -34.3333, 12.3333, -34.3333, 13.0, -34.3333, 13.0, -34.3333, 12.6667, -34.0, 12.6667, -34.0, 12.6667, -33.6667, 12.3333, -34.0, 12.3333, -33.6667, 11.6667, -33.6667, 11.0, -33.6667, 10.6667, -34.0, 10.0, -34.0, 9.0, -35.0, 7.6667, -34.6667, 7.0, -35.6667, 6.3333, -36.0, 6.0, -36.6667]",21.139495,13.052155,91.760558
332,332,5c:01:3b:6b:b0:95,-43,256,"[86.0, -32.0, 4.0, 0.0, -13.6667, -19.3333, -13.0, -18.3333, -13.3333, -17.3333, -13.3333, -16.6667, -13.3333, -16.3333, -13.3333, -14.6667, -13.6667, -13.6667, -14.3333, -13.3333, -14.6667, -12.6667, -14.6667, -11.6667, -15.3333, -11.3333, -15.6667, -11.3333, -15.6667, -11.3333, -15.6667, -11.3333, -15.6667, -11.3333, -15.3333, -10.6667, -15.0, -11.3333, -14.3333, -11.3333, -13.6667, -11.3333, -13.0, -11.3333, -12.0, -11.3333, -11.0, -11.3333, -11.0, -11.3333, -10.0, -12.0, -9.6667, -12.0, -3.0, -3.0, 0.0, 0.0, 0.0, 0.0, 0.0, 0.0, 0.0, 0.0, 0.0, 0.0, 0.0, 0.0, 0.0, 0.0, 0.0, 0.0, 0.0, 0.0, -3.6667, -3.3333, -12.6667, -12.6667, -12.3333, -13.6667, -12.0, -15.6667, -11.6667, -16.6667, -11.3333, -17.6667, -10.6667, -18.6667, -10.0, -19.6667, -9.6667, -20.6667, -9.0, -20.6667, -8.3333, -21.3333, -8.6667, -21.6667, -8.0, -22.3333, -8.0, -22.3333, -8.0, -22.3333, -8.0, -22.3333, -8.3333, -21.6667, -8.6667, -21.3333, -9.0, -20.3333, -9.6667, -20.3333, -10.0, -20.3333, -10.3333, -19.6667, -11.0, -19.6667, -11.6667, -18.6667, -12.3333, -19.3333, -13.0, -19.6667, -13.6667, -19.6667, -6.0, -13.3333, -19.0, -41.0, -18.6667, -41.0, -18.6667, -40.0, -18.3333, -39.0, -18.6667, -37.0, -19.3333, -36.0, -19.3333, -34.0, -20.0, -33.0, -21.0, -31.0, -22.0, -30.0, -23.6667, -28.3333, -25.0, -27.3333, -25.6667, -27.3333, -25.6667, -26.3333, -25.0, -26.3333, -24.6667, -26.3333, -24.0, -26.3333, -23.3333, -26.3333, -22.3333, -27.0, -20.3333, -27.0, -19.3333, -27.0, -18.3333, -26.0, -17.3333, -25.6667, -16.3333, -25.6667, -14.6667, -25.6667, -13.6667, -25.6667, -6.6667, -28.3333, -5.0, -29.0, -1.0, -5.6667, -0.6667, -2.0, -0.3333, 0.0, 0.0, 0.0, 0.0, 0.0, -1.6667, -2.0, -4.3333, -5.3333, -19.6667, -27.6667, -18.3333, -30.3333, -20.0, -29.3333, -18.0, -32.0, -16.6667, -34.3333, -15.0, -36.0, -14.0, -38.0, -12.6667, -39.6667, -11.3333, -41.3333, -10.0, -42.0, -9.0, -43.0, -8.6667, -43.6667, -8.3333, -43.6667, -8.3333, -43.6667, -8.0, -43.3333, -8.0, -44.0, -7.6667, -43.3333, -8.3333, -43.3333, -8.3333, -42.6667, -9.3333, -42.0, -10.3333, -42.0, -11.3333, -42.0, -12.3333, -41.3333, -14.0, -41.6667, -15.3333, -40.6667, -16.6667, -41.0, -17.6667, -41.6667, -18.3333, -42.0]",26.449163,14.998087,91.760558
333,333,5c:01:3b:6b:b0:95,-43,256,"[86.0, -32.0, 4.0, 0.0, -19.3333, -17.3333, -18.3333, -16.6667, -18.3333, -16.0, -18.3333, -15.3333, -18.3333, -15.3333, -18.3333, -14.0, -18.3333, -13.0, -18.6667, -13.0, -18.6667, -12.0, -18.6667, -11.0, -19.0, -11.0, -19.6667, -11.0, -19.6667, -11.0, -19.6667, -11.0, -19.6667, -11.0, -19.0, -10.0, -19.0, -11.0, -18.0, -11.0, -17.6667, -11.0, -16.6667, -11.0, -15.6667, -11.0, -14.6667, -11.0, -14.6667, -11.0, -13.6667, -11.3333, -13.0, -11.0, -4.0, -3.0, 0.0, 0.0, 0.0, 0.0, 0.0, 0.0, 0.0, 0.0, 0.0, 0.0, 0.0, 0.0, 0.0, 0.0, 0.0, 0.0, 0.0, 0.0, -4.6667, -3.0, -16.6667, -12.0, -16.6667, -13.0, -16.6667, -14.3333, -16.3333, -15.0, -16.3333, -15.6667, -16.0, -16.0, -15.3333, -16.6667, -15.0, -17.6667, -14.3333, -18.0, -14.0, -18.6667, -14.3333, -19.0, -14.0, -19.6667, -14.0, -19.6667, -14.0, -19.6667, -13.3333, -19.6667, -14.0, -19.0, -14.3333, -18.6667, -14.3333, -17.6667, -15.0, -17.6667, -15.3333, -17.6667, -16.0, -17.0, -16.3333, -16.6667, -17.0, -16.0, -18.0, -17.0, -19.0, -17.3333, -19.3333, -17.3333, -9.0, -12.0, -28.6667, -36.0, -28.0, -36.0, -27.6667, -35.0, -27.0, -34.0, -27.0, -32.3333, -28.0, -31.3333, -28.0, -29.6667, -28.3333, -28.6667, -29.0, -26.6667, -29.3333, -26.3333, -31.3333, -25.3333, -32.3333, -25.0, -32.6667, -25.0, -32.6667, -24.3333, -32.3333, -24.3333, -31.6667, -24.3333, -31.3333, -24.3333, -30.3333, -24.0, -29.3333, -24.3333, -27.3333, -23.6667, -26.3333, -23.3333, -24.6667, -22.3333, -23.6667, -22.3333, -22.6667, -22.3333, -20.6667, -22.3333, -19.6667, -22.6667, -12.0, -26.6667, -10.0, -27.6667, -1.6667, -5.6667, -1.0, -2.0, 0.0, 0.0, 0.0, 0.0, 0.0, 0.0, -2.0, -2.0, -5.6667, -4.6667, -26.0, -23.3333, -25.0, -26.0, -27.3333, -25.3333, -26.0, -27.3333, -25.0, -29.6667, -23.6667, -31.6667, -22.6667, -33.6667, -21.6667, -35.6667, -20.3333, -37.6667, -19.3333, -38.6667, -18.3333, -39.6667, -18.3333, -40.3333, -18.3333, -40.6667, -18.3333, -40.6667, -17.6667, -40.6667, -17.6667, -41.3333, -17.0, -40.6667, -17.6667, -40.6667, -17.6667, -39.6667, -18.6667, -38.6667, -19.6667, -38.6667, -20.6667, -38.3333, -21.6667, -37.6667, -23.6667, -37.3333, -24.6667, -36.3333, -26.0, -36.0, -27.0, -36.6667, -28.0, -37.0]",27.728842,15.020421,91.760558
334,334,5c:01:3b:6b:b0:95,-39,256,"[86.0, -32.0, 4.0, 0.0, -17.3333, -14.6667, -16.6667, -14.0, -16.3333, -13.6667, -16.0, -13.0, -15.6667, -13.0, -15.6667, -12.0, -15.3333, -11.0, -15.0, -11.0, -14.6667, -10.0, -14.6667, -9.3333, -14.6667, -9.0, -15.0, -8.6667, -15.0, -8.6667, -15.0, -8.6667, -15.0, -8.6667, -14.3333, -8.3333, -14.3333, -9.0, -13.6667, -9.0, -14.0, -9.3333, -13.3333, -9.3333, -13.0, -9.3333, -12.3333, -9.3333, -12.3333, -9.3333, -11.6667, -9.6667, -11.3333, -9.3333, -3.3333, -2.6667, 0.0, 0.0, 0.0, 0.0, 0.0, 0.0, 0.0, 0.0, 0.0, 0.0, 0.0, 0.0, 0.0, 0.0, 0.0, 0.0, 0.0, 0.0, -4.0, -2.6667, -13.3333, -10.0, -13.6667, -11.0, -14.0, -12.0, -14.3333, -13.0, -14.6667, -13.6667, -15.0, -14.0, -14.6667, -14.0, -15.0, -14.6667, -14.6667, -14.6667, -15.0, -15.0, -15.0, -15.3333, -15.0, -15.3333, -15.0, -15.3333, -15.0, -15.3333, -14.3333, -15.3333, -15.0, -15.0, -14.6667, -15.0, -14.6667, -14.3333, -15.3333, -14.6667, -15.0, -14.6667, -15.6667, -14.6667, -15.6667, -14.3333, -16.0, -14.0, -16.6667, -14.3333, -17.3333, -15.0, -17.3333, -15.0, -10.0, -9.3333, -30.3333, -28.6667, -29.6667, -28.6667, -29.3333, -27.6667, -28.3333, -27.0, -27.6667, -26.0, -28.0, -25.6667, -27.6667, -24.6667, -27.3333, -24.3333, -27.3333, -23.3333, -27.0, -22.6667, -27.6667, -22.0, -28.0, -21.6667, -28.0, -21.3333, -28.0, -21.0, -28.0, -21.0, -27.3333, -21.0, -27.3333, -21.3333, -26.6667, -21.0, -26.0, -21.3333, -25.0, -20.6667, -24.6667, -20.3333, -23.0, -19.6667, -22.3333, -19.3333, -21.6667, -19.0, -20.6667, -18.3333, -20.0, -18.3333, -14.6667, -18.3333, -12.6667, -18.3333, -2.3333, -4.0, -1.0, -1.6667, 0.0, 0.0, 0.0, 0.0, 0.0, 0.0, -1.6667, -1.6667, -5.0, -4.0, -24.0, -20.3333, -24.0, -21.6667, -25.0, -22.0, -25.0, -23.0, -25.3333, -24.3333, -25.3333, -25.0, -25.6667, -26.0, -25.6667, -27.0, -24.6667, -28.0, -24.0, -28.0, -23.0, -28.3333, -23.0, -28.6667, -23.0, -29.0, -23.0, -28.6667, -22.0, -28.6667, -22.0, -29.0, -21.3333, -28.6667, -22.0, -28.6667, -22.0, -28.0, -22.6667, -27.6667, -23.6667, -28.0, -24.6667, -28.0, -25.6667, -28.0, -27.3333, -28.0, -27.6667, -28.0, -28.3333, -28.0, -29.0, -28.6667, -29.6667, -29.3333]",24.165819,13.633159,91.760558
335,335,5c:01:3b:6b:b0:95,-43,256,"[86.0, -32.0, 4.0, 0.0, -14.3333, -1.6667, -14.0, -1.3333, -13.3333, -1.6667, -12.6667, -1.3333, -12.0, -1.3333, -11.6667, -1.0, -11.0, -0.3333, -10.3333, -0.6667, -10.0, 0.0, -9.6667, 0.3333, -9.6667, 1.0, -9.6667, 1.3333, -9.3333, 1.3333, -9.3333, 1.3333, -9.3333, 1.3333, -9.0, 1.3333, -9.3333, 0.6667, -9.0, 0.3333, -9.3333, 0.0, -9.3333, -0.3333, -9.3333, -0.6667, -9.3333, -1.0, -9.3333, -1.0, -9.0, -1.3333, -9.3333, -1.0, -2.6667, -0.6667, 0.0, 0.0, 0.0, 0.0, 0.0, 0.0, 0.0, 0.0, 0.0, 0.0, 0.0, 0.0, 0.0, 0.0, 0.0, 0.0, 0.0, 0.0, -3.0, -0.3333, -9.3333, 0.0, -10.0, -0.6667, -10.6667, -1.0, -11.6667, -1.6667, -12.3333, -2.0, -13.0, -2.0, -13.3333, -1.6667, -14.0, -2.0, -14.3333, -2.0, -14.6667, -2.0, -15.0, -2.3333, -15.0, -2.0, -15.0, -2.3333, -15.0, -2.3333, -14.6667, -2.3333, -15.0, -2.0, -14.3333, -2.3333, -14.3333, -2.0, -14.3333, -2.0, -14.0, -2.0, -14.0, -2.0, -14.0, -1.6667, -13.6667, -1.6667, -14.3333, -1.3333, -14.6667, -1.6667, -14.3333, -1.6667, -9.6667, -1.6667, -29.0, -4.0, -28.6667, -4.0, -28.3333, -3.6667, -27.3333, -3.6667, -26.0, -3.6667, -25.3333, -3.6667, -24.6667, -3.3333, -23.6667, -3.3333, -22.6667, -3.0, -22.0, -2.3333, -21.3333, -2.0, -21.0, -2.0, -21.0, -1.3333, -21.0, -1.3333, -21.0, -1.6667, -20.6667, -1.6667, -21.0, -2.3333, -20.6667, -2.3333, -20.3333, -2.6667, -20.3333, -2.3333, -20.3333, -2.6667, -19.3333, -2.6667, -19.0, -2.6667, -18.6667, -2.6667, -18.6667, -2.6667, -18.6667, -3.0, -17.6667, -3.3333, -16.6667, -3.6667, -3.3333, -1.3333, -1.3333, -1.0, 0.0, -0.3333, 0.0, -0.6667, 0.0, -0.3333, -1.3333, -0.6667, -3.6667, -0.6667, -19.0, -1.3333, -20.3333, -2.0, -20.3333, -2.3333, -21.6667, -2.6667, -23.3333, -3.3333, -24.3333, -3.6667, -26.0, -4.0, -27.0, -4.3333, -27.0, -4.6667, -27.0, -4.6667, -26.6667, -4.6667, -27.0, -5.0, -27.3333, -5.3333, -27.3333, -5.0, -26.6667, -5.0, -26.6667, -5.3333, -26.3333, -5.3333, -26.6667, -5.0, -26.3333, -4.6667, -26.3333, -4.6667, -27.0, -5.0, -27.3333, -4.6667, -27.6667, -4.6667, -28.3333, -4.3333, -28.0, -4.3333, -28.3333, -4.0, -28.6667, -3.6667, -28.6667, -4.3333]",16.395842,11.040534,91.760558
336,336,5c:01:3b:6b:b0:95,-38,256,"[86.0, -32.0, 4.0, 0.0, -11.3333, 11.0, -11.3333, 11.3333, -10.3333, 10.6667, -9.3333, 11.0, -8.3333, 10.6667, -7.6667, 11.0, -6.6667, 11.0, -5.6667, 10.3333, -5.3333, 10.6667, -4.6667, 10.6667, -4.6667, 11.0, -4.3333, 11.3333, -3.6667, 11.3333, -3.6667, 11.3333, -3.6667, 11.3333, -3.6667, 11.0, -4.3333, 10.6667, -4.3333, 10.3333, -4.6667, 9.6667, -5.3333, 9.3333, -5.6667, 8.6667, -6.3333, 8.3333, -6.3333, 8.3333, -6.3333, 7.3333, -7.3333, 7.3333, -2.0, 1.6667, 0.0, 0.0, 0.0, 0.0, 0.0, 0.0, 0.0, 0.0, 0.0, 0.0, 0.0, 0.0, 0.0, 0.0, 0.0, 0.0, 0.0, 0.0, -2.0, 2.0, -5.3333, 10.3333, -6.3333, 10.3333, -7.3333, 10.3333, -9.0, 9.6667, -10.0, 9.3333, -11.0, 9.3333, -12.0, 9.6667, -13.0, 9.6667, -14.0, 9.6667, -14.3333, 9.6667, -15.0, 9.6667, -15.0, 10.0, -15.0, 9.6667, -15.0, 9.6667, -15.0, 9.6667, -15.0, 10.0, -14.0, 9.0, -14.0, 9.0, -13.3333, 9.3333, -13.0, 9.6667, -12.3333, 9.6667, -12.3333, 10.0, -11.3333, 10.0, -12.0, 10.6667, -12.0, 11.0, -11.3333, 11.3333, -9.3333, 5.6667, -27.6667, 19.3333, -27.6667, 19.0, -27.3333, 18.6667, -26.3333, 18.0, -24.3333, 17.6667, -22.6667, 17.0, -21.6667, 17.0, -20.0, 16.6667, -18.0, 16.3333, -17.0, 17.3333, -15.0, 18.3333, -14.0, 18.3333, -14.0, 19.0, -14.0, 19.0, -14.0, 18.6667, -14.0, 18.6667, -14.6667, 17.6667, -14.6667, 17.3333, -14.6667, 16.6667, -15.6667, 15.6667, -16.0, 14.3333, -15.6667, 13.6667, -15.6667, 13.0, -15.6667, 12.6667, -16.6667, 12.3333, -17.3333, 12.0, -20.6667, 11.0, -20.6667, 10.6667, -4.3333, 1.3333, -1.6667, -0.3333, 0.0, -0.6667, 0.0, -1.3333, 0.0, -0.6667, -1.0, 0.3333, -2.3333, 2.6667, -14.0, 16.3333, -16.6667, 16.3333, -15.6667, 16.3333, -18.3333, 16.0, -21.3333, 16.3333, -23.3333, 16.6667, -26.3333, 17.0, -28.3333, 17.3333, -29.3333, 17.6667, -30.0, 17.6667, -30.3333, 18.0, -31.0, 17.6667, -31.6667, 17.6667, -31.6667, 18.0, -31.3333, 18.0, -31.3333, 17.3333, -31.3333, 17.3333, -31.3333, 17.6667, -30.6667, 17.3333, -30.0, 17.0, -30.3333, 17.3333, -30.0, 17.6667, -29.6667, 18.0, -29.3333, 18.3333, -28.3333, 18.3333, -28.3333, 18.6667, -28.3333, 19.6667, -27.6667, 19.3333]",19.128782,12.551434,91.760558
337,337,5c:01:3b:6b:b0:95,-43,256,"[86.0, -32.0, 4.0, 0.0, -8.0, 22.6667, -8.0, 22.6667, -7.3333, 21.6667, -6.6667, 21.6667, -6.0, 21.0, -5.3333, 21.0, -5.0, 20.3333, -4.3333, 19.3333, -4.3333, 19.3333, -4.0, 19.3333, -4.0, 19.0, -4.0, 19.0, -3.0, 19.0, -3.0, 19.0, -3.0, 19.0, -3.0, 19.0, -4.0, 18.6667, -4.0, 18.3333, -4.0, 17.6667, -4.3333, 17.3333, -4.3333, 16.3333, -4.6667, 16.0, -4.6667, 16.0, -4.6667, 15.0, -5.3333, 15.0, -1.6667, 3.6667, 0.0, 0.0, 0.0, 0.0, 0.0, 0.0, 0.0, 0.0, 0.0, 0.0, 0.0, 0.0, 0.0, 0.0, 0.0, 0.0, 0.0, 0.0, -1.6667, 4.0, -4.0, 18.6667, -4.6667, 19.3333, -5.3333, 20.0, -6.3333, 20.0, -7.0, 20.0, -7.3333, 20.6667, -8.0, 20.6667, -8.6667, 20.6667, -9.3333, 20.0, -9.3333, 20.0, -10.3333, 20.0, -10.3333, 20.0, -10.3333, 19.6667, -10.6667, 19.6667, -10.6667, 19.6667, -10.3333, 20.0, -9.6667, 19.0, -9.3333, 19.0, -8.6667, 20.0, -8.6667, 20.6667, -8.0, 21.0, -8.0, 21.6667, -7.3333, 21.6667, -8.3333, 22.0, -8.3333, 23.0, -7.6667, 23.6667, -6.0, 11.3333, -17.6667, 39.3333, -17.6667, 38.6667, -17.6667, 37.6667, -17.3333, 36.6667, -16.0, 36.3333, -15.0, 35.6667, -14.6667, 35.6667, -14.0, 35.6667, -13.0, 35.6667, -12.6667, 36.0, -12.0, 37.0, -12.0, 36.3333, -12.0, 36.6667, -12.3333, 36.6667, -12.0, 36.3333, -12.0, 36.3333, -12.3333, 35.3333, -12.3333, 35.0, -12.0, 34.6667, -12.3333, 33.0, -12.0, 31.0, -11.6667, 30.0, -11.3333, 28.3333, -11.0, 27.3333, -11.3333, 26.0, -11.6667, 25.0, -15.0, 19.3333, -16.3333, 18.0, -3.6667, 2.6667, -1.6667, 0.0, -0.3333, -1.0, 0.0, -2.0, 0.0, -1.0, -1.0, 1.0, -2.0, 5.6667, -11.0, 33.6667, -12.3333, 33.3333, -11.6667, 34.3333, -13.0, 34.0, -14.0, 34.0, -14.6667, 33.6667, -16.3333, 33.6667, -18.6667, 33.6667, -20.3333, 33.6667, -21.3333, 32.6667, -22.6667, 32.6667, -23.3333, 32.3333, -24.0, 32.3333, -24.3333, 32.3333, -24.3333, 32.3333, -24.6667, 31.3333, -24.6667, 31.3333, -24.6667, 31.6667, -24.0, 31.0, -22.6667, 31.0, -22.3333, 32.3333, -21.3333, 33.3333, -20.0, 34.3333, -19.0, 35.3333, -17.6667, 36.3333, -17.6667, 37.3333, -17.6667, 39.3333, -17.0, 39.3333]",25.791801,14.233331,91.760558
338,338,5c:01:3b:6b:b0:95,-43,256,"[86.0, -32.0, 4.0, 0.0, -3.0, 15.3333, -3.0, 15.3333, -2.6667, 14.6667, -2.0, 14.6667, -1.6667, 14.0, -1.0, 13.6667, -1.0, 13.0, -0.3333, 12.0, 0.0, 12.0, 0.0, 11.6667, 0.0, 11.0, 0.0, 11.0, 1.0, 11.0, 1.0, 11.0, 1.0, 11.0, 1.0, 11.0, 0.0, 11.0, 0.0, 11.3333, -0.3333, 10.6667, -0.6667, 10.6667, -1.0, 10.3333, -1.0, 10.3333, -1.3333, 10.3333, -1.3333, 10.0, -2.0, 10.0, -1.0, 2.3333, 0.0, 0.0, 0.0, 0.0, 0.0, 0.0, 0.0, 0.0, 0.0, 0.0, 0.0, 0.0, 0.0, 0.0, 0.0, 0.0, 0.0, 0.0, -0.6667, 2.3333, 0.0, 11.6667, -0.6667, 12.6667, -1.3333, 13.3333, -1.6667, 13.6667, -2.3333, 14.0, -2.6667, 14.6667, -3.3333, 15.0, -4.0, 15.0, -4.3333, 14.6667, -4.3333, 14.6667, -4.6667, 14.6667, -4.6667, 15.0, -4.6667, 15.0, -5.0, 15.0, -5.0, 15.0, -5.0, 14.6667, -4.6667, 14.0, -4.3333, 14.0, -4.0, 14.3333, -4.0, 15.0, -3.3333, 14.6667, -3.3333, 15.3333, -2.6667, 15.3333, -3.3333, 15.3333, -3.0, 15.6667, -2.6667, 16.3333, -2.6667, 7.3333, -6.6667, 26.3333, -7.0, 25.6667, -7.0, 25.0, -7.0, 24.0, -6.0, 24.0, -5.3333, 23.0, -4.6667, 22.6667, -4.3333, 22.6667, -3.6667, 22.3333, -3.0, 22.0, -2.6667, 22.3333, -2.6667, 21.6667, -2.3333, 21.3333, -2.6667, 21.3333, -2.6667, 21.3333, -2.6667, 21.3333, -3.0, 20.6667, -3.0, 21.0, -3.0, 21.0, -3.6667, 20.0, -3.6667, 19.0, -3.6667, 18.6667, -3.6667, 17.6667, -3.6667, 17.0, -4.0, 16.6667, -4.6667, 16.3333, -5.3333, 12.6667, -6.0, 12.6667, -1.6667, 1.6667, -1.0, -0.3333, -0.6667, -1.0, -0.3333, -1.3333, -0.3333, -0.6667, -0.3333, 0.3333, -0.6667, 3.0, -1.6667, 19.0, -2.6667, 19.3333, -3.0, 21.3333, -4.0, 22.0, -5.0, 22.3333, -5.6667, 22.6667, -6.3333, 23.0, -7.3333, 23.3333, -7.6667, 23.6667, -8.0, 23.3333, -8.3333, 23.6667, -8.6667, 24.0, -8.6667, 24.3333, -8.6667, 24.3333, -8.6667, 24.3333, -9.0, 23.6667, -9.0, 23.6667, -9.3333, 23.3333, -9.3333, 22.6667, -8.6667, 22.3333, -8.3333, 23.3333, -8.0, 23.6667, -7.6667, 24.0, -7.6667, 24.6667, -7.0, 25.0, -7.0, 25.6667, -6.6667, 27.0, -6.3333, 27.0]",16.3245,10.406967,91.760558
339,339,5c:01:3b:6b:b0:95,-40,256,"[86.0, -32.0, 4.0, 0.0, 6.0, 6.6667, 6.0, 6.6667, 5.6667, 6.3333, 6.0, 6.3333, 6.0, 5.6667, 6.0, 5.0, 5.6667, 4.6667, 5.6667, 3.6667, 6.0, 3.6667, 5.6667, 3.0, 5.6667, 2.6667, 5.3333, 2.3333, 6.0, 2.3333, 6.0, 2.3333, 6.3333, 2.3333, 6.3333, 2.3333, 5.3333, 2.3333, 5.3333, 3.0, 5.0, 2.6667, 4.6667, 3.0, 4.3333, 3.0, 4.6667, 3.3333, 4.0, 3.6667, 4.0, 3.6667, 3.6667, 4.0, 0.3333, 0.6667, 0.0, 0.0, 0.0, 0.0, 0.0, 0.0, 0.0, 0.0, 0.0, 0.0, 0.0, 0.0, 0.0, 0.0, 0.0, 0.0, 0.0, 0.0, 1.0, 0.6667, 6.0, 4.3333, 5.6667, 5.3333, 5.6667, 5.6667, 6.0, 6.3333, 6.0, 7.0, 6.0, 7.3333, 5.6667, 8.0, 5.3333, 8.0, 5.6667, 8.3333, 5.6667, 8.3333, 5.6667, 8.3333, 5.6667, 9.0, 5.6667, 9.0, 5.0, 9.0, 5.0, 9.0, 5.0, 8.3333, 5.0, 8.0, 5.3333, 8.0, 5.3333, 7.6667, 5.3333, 8.0, 5.6667, 7.3333, 6.0, 7.6667, 6.3333, 7.6667, 6.0, 7.6667, 6.6667, 7.3333, 6.6667, 7.6667, 3.3333, 2.6667, 12.6667, 10.6667, 12.3333, 10.3333, 12.0, 10.0, 11.6667, 9.0, 11.3333, 9.0, 11.3333, 8.0, 11.3333, 7.3333, 10.6667, 7.3333, 10.3333, 6.6667, 10.6667, 6.0, 10.0, 5.6667, 9.6667, 5.3333, 10.0, 4.6667, 9.6667, 4.6667, 9.6667, 4.6667, 9.3333, 4.6667, 9.3333, 4.3333, 9.3333, 5.0, 9.3333, 5.0, 8.6667, 5.0, 8.6667, 5.0, 8.3333, 5.3333, 8.3333, 5.3333, 8.0, 5.0, 8.0, 5.3333, 7.3333, 5.6667, 8.6667, 4.3333, 8.3333, 5.3333, 1.0, 0.3333, -0.3333, -0.6667, -1.0, -1.0, -0.6667, -0.6667, -0.6667, -0.3333, 0.3333, -0.3333, 1.0, 0.0, 9.6667, 3.0, 10.0, 3.6667, 10.0, 6.6667, 10.3333, 8.0, 10.6667, 8.6667, 11.0, 9.3333, 11.6667, 10.0, 11.6667, 10.6667, 12.0, 11.3333, 12.3333, 11.6667, 12.3333, 12.3333, 12.3333, 13.0, 13.0, 13.6667, 13.0, 13.6667, 13.0, 13.6667, 12.6667, 13.3333, 12.3333, 13.3333, 12.0, 12.6667, 11.6667, 12.3333, 11.6667, 11.6667, 12.3333, 11.6667, 12.3333, 11.3333, 12.3333, 11.0, 12.0, 11.3333, 12.3333, 11.0, 12.6667, 11.3333, 13.0, 12.0, 13.3333, 12.0]",10.199988,8.90757,91.760558
340,340,5c:01:3b:6b:b0:95,-44,256,"[86.0, -32.0, 4.0, 0.0, 12.0, -2.0, 12.0, -2.0, 11.3333, -2.0, 11.6667, -2.0, 11.6667, -2.6667, 11.3333, -3.6667, 11.3333, -3.6667, 11.0, -4.6667, 11.3333, -4.6667, 11.3333, -5.6667, 11.3333, -5.6667, 10.6667, -6.3333, 11.0, -6.3333, 11.0, -6.3333, 11.6667, -6.3333, 11.6667, -6.3333, 10.6667, -6.3333, 10.6667, -5.3333, 10.3333, -5.3333, 9.3333, -4.6667, 9.0, -4.3333, 9.0, -3.6667, 8.0, -3.0, 8.0, -2.6667, 7.6667, -2.0, 1.3333, -1.0, 0.0, 0.0, 0.0, 0.0, 0.0, 0.0, 0.0, 0.0, 0.0, 0.0, 0.0, 0.0, 0.0, 0.0, 0.0, 0.0, 0.0, 0.0, 2.3333, -1.0, 11.0, -3.0, 10.6667, -2.0, 11.0, -2.0, 11.0, -1.0, 11.3333, 0.0, 11.0, 0.0, 10.6667, 1.0, 10.3333, 1.0, 11.0, 2.0, 11.0, 2.0, 11.3333, 2.0, 11.3333, 3.0, 11.3333, 3.0, 10.6667, 3.0, 10.6667, 3.0, 10.3333, 2.0, 10.3333, 2.0, 10.3333, 2.0, 10.3333, 1.0, 10.3333, 1.0, 10.6667, 0.0, 11.3333, 0.0, 11.6667, 0.0, 11.6667, 0.0, 12.6667, -1.0, 12.6667, -1.0, 6.3333, -2.0, 22.6667, -5.0, 22.3333, -5.0, 21.6667, -5.0, 21.6667, -6.0, 20.6667, -6.0, 21.0, -7.0, 21.0, -8.0, 20.6667, -8.0, 20.3333, -9.0, 21.0, -10.0, 20.6667, -11.0, 21.0, -11.0, 21.3333, -12.0, 21.3333, -12.0, 21.0, -12.0, 20.3333, -12.0, 20.0, -12.0, 20.0, -11.0, 19.6667, -11.0, 18.3333, -10.0, 18.0, -9.0, 17.0, -8.0, 16.6667, -7.0, 15.6667, -7.0, 15.3333, -6.0, 14.0, -5.0, 14.6667, -4.0, 15.0, -2.0, 2.3333, -1.0, 0.0, -1.0, -1.0, -1.0, -1.0, 0.0, -1.0, 0.0, 1.0, -1.0, 2.6667, -3.0, 19.0, -13.0, 19.0, -12.0, 19.6667, -8.0, 19.6667, -6.0, 19.3333, -5.0, 19.3333, -4.0, 20.0, -3.0, 21.3333, -2.0, 22.0, -1.0, 23.0, 0.0, 23.6667, 1.0, 23.6667, 2.0, 24.6667, 3.0, 25.0, 3.0, 25.0, 3.0, 25.0, 3.0, 24.3333, 3.0, 24.0, 2.0, 23.6667, 2.0, 22.6667, 1.0, 23.3333, 0.0, 23.0, -1.0, 22.3333, -2.0, 21.6667, -2.0, 21.3333, -3.0, 22.0, -3.0, 22.3333, -3.0, 23.0, -3.0]",15.064202,10.262925,91.760558
341,341,5c:01:3b:6b:b0:95,-43,256,"[86.0, -32.0, 4.0, 0.0, 11.6667, -7.0, 11.3333, -6.6667, 10.6667, -6.6667, 10.6667, -6.3333, 10.6667, -7.0, 9.6667, -7.6667, 9.6667, -7.3333, 8.6667, -8.0, 8.6667, -8.0, 8.3333, -8.6667, 8.3333, -8.6667, 7.6667, -9.3333, 7.6667, -9.3333, 7.6667, -9.3333, 8.3333, -9.3333, 8.3333, -9.3333, 7.6667, -9.3333, 7.6667, -8.3333, 8.0, -8.3333, 7.3333, -7.6667, 7.3333, -7.3333, 7.6667, -6.3333, 7.0, -5.6667, 7.0, -5.6667, 7.0, -5.0, 1.3333, -1.6667, 0.0, 0.0, 0.0, 0.0, 0.0, 0.0, 0.0, 0.0, 0.0, 0.0, 0.0, 0.0, 0.0, 0.0, 0.0, 0.0, 0.0, 0.0, 1.6667, -2.0, 8.6667, -6.3333, 8.6667, -6.0, 9.6667, -6.0, 9.6667, -5.6667, 10.6667, -5.0, 11.0, -5.0, 11.3333, -4.3333, 11.6667, -4.3333, 12.3333, -3.6667, 12.3333, -3.6667, 12.3333, -4.0, 12.6667, -3.3333, 12.6667, -3.3333, 12.0, -3.3333, 12.0, -3.0, 12.0, -3.6667, 11.6667, -3.6667, 11.6667, -3.6667, 11.6667, -4.3333, 11.6667, -4.3333, 11.3333, -5.3333, 12.0, -5.3333, 11.6667, -5.3333, 11.6667, -5.3333, 12.3333, -6.3333, 12.3333, -6.3333, 7.0, -4.6667, 24.0, -13.3333, 24.0, -13.3333, 23.0, -13.0, 23.0, -13.3333, 21.3333, -13.3333, 21.0, -13.6667, 20.3333, -14.3333, 19.3333, -14.3333, 18.3333, -15.0, 17.6667, -15.3333, 16.6667, -16.3333, 16.3333, -16.0, 16.3333, -17.0, 16.3333, -16.6667, 16.3333, -16.6667, 15.6667, -16.6667, 16.0, -16.3333, 16.0, -15.6667, 16.0, -15.6667, 15.6667, -14.6667, 15.6667, -13.6667, 15.0, -12.6667, 15.3333, -11.6667, 14.6667, -11.6667, 14.6667, -10.6667, 14.3333, -9.6667, 15.3333, -8.3333, 15.6667, -6.6667, 2.3333, -1.6667, 0.0, -1.0, -1.0, -0.6667, -1.0, 0.0, -1.0, 0.0, 0.6667, -1.3333, 2.0, -3.6667, 14.6667, -16.6667, 16.0, -16.0, 17.0, -13.6667, 18.3333, -12.6667, 19.6667, -12.0, 20.6667, -11.3333, 22.0, -10.6667, 23.0, -10.3333, 23.6667, -9.6667, 24.6667, -9.0, 25.0, -8.0, 25.0, -7.6667, 25.6667, -7.0, 25.6667, -7.0, 25.6667, -7.0, 26.0, -7.0, 25.3333, -6.6667, 25.0, -7.3333, 25.0, -7.3333, 24.0, -8.0, 24.6667, -8.6667, 24.6667, -9.6667, 24.3333, -10.3333, 24.0, -10.6667, 23.6667, -11.3333, 24.0, -11.6667, 24.0, -12.0, 24.6667, -12.0]",16.23564,10.791683,91.760558
342,342,5c:01:3b:6b:b0:95,-43,256,"[86.0, -32.0, 4.0, 0.0, 7.3333, -13.6667, 6.6667, -13.3333, 6.3333, -13.0, 6.3333, -12.3333, 6.3333, -12.3333, 5.3333, -12.3333, 5.3333, -11.6667, 4.3333, -12.0, 4.3333, -11.6667, 3.6667, -11.6667, 3.6667, -11.6667, 3.3333, -11.6667, 3.0, -11.6667, 3.0, -11.6667, 3.3333, -11.6667, 3.6667, -11.6667, 3.3333, -11.6667, 3.3333, -11.0, 3.6667, -11.0, 3.6667, -10.6667, 3.6667, -10.3333, 4.3333, -9.3333, 4.0, -9.0, 4.0, -9.0, 4.0, -9.0, 0.6667, -2.6667, 0.0, 0.0, 0.0, 0.0, 0.0, 0.0, 0.0, 0.0, 0.0, 0.0, 0.0, 0.0, 0.0, 0.0, 0.0, 0.0, 0.0, 0.0, 0.3333, -3.0, 4.3333, -10.6667, 4.3333, -11.0, 5.3333, -11.3333, 5.3333, -11.6667, 6.3333, -11.6667, 7.0, -12.0, 7.6667, -12.0, 8.3333, -12.3333, 8.6667, -12.0, 8.6667, -12.0, 8.6667, -12.3333, 9.3333, -12.0, 9.3333, -12.0, 9.0, -12.0, 9.0, -11.3333, 9.0, -12.0, 8.3333, -12.0, 8.3333, -11.6667, 8.3333, -12.3333, 8.3333, -12.3333, 7.6667, -12.6667, 8.0, -12.6667, 7.3333, -12.6667, 7.3333, -12.6667, 7.6667, -13.6667, 7.6667, -13.6667, 5.0, -8.6667, 17.0, -26.0, 17.0, -26.0, 16.0, -25.3333, 16.0, -25.0, 14.6667, -24.6667, 14.0, -24.6667, 13.6667, -24.6667, 12.6667, -24.3333, 11.6667, -24.0, 10.3333, -23.6667, 9.3333, -24.0, 8.6667, -23.3333, 8.6667, -24.0, 8.6667, -23.6667, 8.6667, -23.3333, 8.3333, -23.3333, 9.0, -23.0, 9.0, -22.6667, 9.0, -22.6667, 9.3333, -21.6667, 9.3333, -21.0, 9.0, -20.0, 9.6667, -19.0, 9.3333, -19.0, 9.3333, -18.0, 9.6667, -17.0, 11.6667, -14.3333, 12.3333, -13.0, 1.6667, -2.6667, 0.0, -1.3333, -1.0, -0.3333, -1.0, 0.3333, -1.0, 0.0, 0.3333, -1.6667, 1.0, -4.6667, 8.3333, -23.6667, 10.0, -24.0, 10.0, -22.3333, 11.6667, -22.6667, 13.3333, -22.6667, 14.3333, -22.3333, 16.0, -22.3333, 17.0, -22.3333, 18.3333, -22.0, 19.3333, -21.3333, 20.0, -20.6667, 20.0, -20.6667, 20.3333, -20.6667, 20.3333, -20.6667, 20.3333, -20.3333, 21.0, -20.3333, 20.6667, -19.6667, 20.0, -20.3333, 20.0, -20.3333, 19.0, -20.6667, 19.3333, -21.0, 19.3333, -22.0, 18.6667, -22.3333, 18.0, -23.3333, 17.3333, -23.6667, 17.0, -24.6667, 17.0, -25.3333, 17.3333, -25.6667]",17.933966,11.473042,91.760558
343,343,5c:01:3b:6b:b0:95,-43,256,"[86.0, -32.0, 4.0, 0.0, 3.0, -21.3333, 2.0, -21.0, 2.0, -20.3333, 2.0, -19.6667, 2.0, -19.3333, 1.0, -18.6667, 1.0, -17.6667, 0.0, -17.6667, 0.0, -17.0, -1.0, -16.6667, -1.0, -16.6667, -1.0, -16.3333, -1.6667, -16.3333, -1.6667, -16.3333, -1.6667, -16.3333, -1.0, -16.0, -1.0, -16.0, -1.0, -15.6667, -0.6667, -15.3333, 0.0, -15.3333, 0.0, -14.6667, 1.0, -13.6667, 1.0, -13.6667, 1.0, -13.6667, 1.0, -13.6667, 0.0, -3.6667, 0.0, 0.0, 0.0, 0.0, 0.0, 0.0, 0.0, 0.0, 0.0, 0.0, 0.0, 0.0, 0.0, 0.0, 0.0, 0.0, 0.0, 0.0, -1.0, -4.3333, 0.0, -16.6667, 0.0, -17.3333, 1.0, -18.0, 1.0, -18.6667, 2.0, -19.3333, 3.0, -19.6667, 4.0, -20.0, 5.0, -20.3333, 5.0, -20.3333, 5.0, -20.3333, 5.0, -20.6667, 6.0, -20.6667, 6.0, -20.6667, 6.0, -20.6667, 6.0, -19.6667, 6.0, -20.3333, 5.0, -20.3333, 5.0, -19.6667, 5.0, -20.3333, 5.0, -20.3333, 4.0, -20.6667, 4.0, -20.6667, 3.0, -20.6667, 3.0, -21.0, 3.0, -22.0, 3.0, -22.0, 3.0, -12.6667, 10.0, -38.6667, 10.0, -38.6667, 9.0, -37.6667, 9.0, -36.6667, 8.0, -36.0, 7.0, -35.6667, 7.0, -35.0, 6.0, -34.6667, 5.0, -33.6667, 3.0, -33.0, 2.0, -33.3333, 1.0, -32.6667, 1.0, -33.0, 1.0, -32.6667, 1.0, -32.3333, 1.0, -32.0, 2.0, -31.6667, 2.0, -31.3333, 2.0, -31.3333, 3.0, -30.0, 3.0, -29.3333, 3.0, -28.0, 4.0, -27.0, 4.0, -26.6667, 4.0, -25.3333, 5.0, -24.3333, 8.0, -20.3333, 9.0, -19.3333, 1.0, -3.6667, 0.0, -1.6667, -1.0, 0.0, -1.0, 0.6667, -1.0, 0.0, 0.0, -2.0, 0.0, -6.0, 2.0, -31.3333, 4.0, -32.0, 3.0, -32.0, 5.0, -33.0, 7.0, -33.3333, 8.0, -33.3333, 10.0, -34.0, 11.0, -34.3333, 13.0, -34.3333, 14.0, -33.6667, 15.0, -33.3333, 15.0, -33.6667, 15.0, -34.3333, 15.0, -34.3333, 15.0, -33.6667, 16.0, -33.6667, 16.0, -32.6667, 15.0, -33.3333, 15.0, -33.3333, 14.0, -33.3333, 14.0, -33.3333, 14.0, -34.3333, 13.0, -34.3333, 12.0, -36.0, 11.0, -36.0, 10.0, -37.6667, 10.0, -38.6667, 10.0, -39.3333]",23.403984,13.370393,91.760558
344,344,5c:01:3b:6b:b0:95,-42,256,"[86.0, -32.0, 4.0, 0.0, 4.0, -24.0, 3.3333, -24.0, 3.0, -23.0, 2.6667, -22.6667, 2.3333, -22.3333, 1.6667, -21.3333, 1.3333, -20.3333, 0.3333, -20.3333, 0.0, -19.3333, -0.6667, -19.0, -1.0, -19.0, -1.0, -18.6667, -2.0, -18.6667, -2.0, -18.6667, -2.0, -18.6667, -1.0, -18.0, -1.0, -18.0, -1.0, -18.0, -1.0, -17.3333, 0.0, -17.3333, 0.3333, -16.6667, 1.0, -15.6667, 1.0, -15.6667, 1.3333, -15.6667, 1.3333, -15.3333, 0.0, -4.0, 0.0, 0.0, 0.0, 0.0, 0.0, 0.0, 0.0, 0.0, 0.0, 0.0, 0.0, 0.0, 0.0, 0.0, 0.0, 0.0, 0.0, 0.0, -0.6667, -4.6667, 0.6667, -19.3333, 1.0, -19.6667, 2.0, -20.6667, 2.3333, -21.0, 3.3333, -22.0, 4.3333, -22.3333, 5.3333, -22.6667, 6.3333, -23.0, 6.6667, -23.0, 6.6667, -23.0, 7.0, -23.0, 7.6667, -23.0, 8.0, -23.0, 7.6667, -23.0, 7.6667, -22.0, 7.6667, -23.0, 6.6667, -23.0, 6.3333, -22.0, 6.3333, -23.0, 6.3333, -23.0, 5.3333, -23.3333, 5.0, -23.3333, 4.3333, -23.3333, 4.3333, -24.0, 4.3333, -25.0, 4.3333, -25.0, 4.0, -14.0, 13.6667, -43.0, 13.6667, -43.0, 12.6667, -42.0, 12.3333, -41.0, 11.3333, -40.0, 10.0, -40.0, 9.6667, -39.0, 8.3333, -38.6667, 7.0, -37.3333, 5.3333, -37.0, 4.0, -37.3333, 2.6667, -37.0, 2.6667, -37.0, 2.6667, -37.0, 2.6667, -36.6667, 3.0, -36.0, 3.6667, -36.0, 3.6667, -35.3333, 3.6667, -35.3333, 4.6667, -33.6667, 5.0, -33.0, 5.0, -31.3333, 5.6667, -30.3333, 5.6667, -29.6667, 6.0, -28.0, 7.0, -27.0, 11.6667, -22.0, 12.6667, -21.0, 1.6667, -4.0, 0.3333, -2.0, -1.0, 0.0, -1.0, 1.0, -1.0, 0.0, 0.0, -2.0, 0.3333, -6.6667, 5.0, -35.3333, 7.3333, -36.0, 5.3333, -36.0, 7.6667, -36.6667, 10.0, -37.0, 11.3333, -37.0, 13.6667, -38.0, 15.0, -38.0, 17.0, -38.0, 18.0, -37.0, 19.0, -37.0, 19.3333, -37.0, 19.6667, -38.0, 19.6667, -38.0, 19.6667, -37.0, 20.3333, -37.0, 20.3333, -36.0, 19.3333, -37.0, 19.3333, -37.0, 18.3333, -37.0, 18.0, -37.0, 17.6667, -38.0, 16.6667, -38.0, 15.6667, -40.0, 14.6667, -40.0, 13.6667, -42.0, 13.6667, -43.0, 13.6667, -44.0]",26.448651,14.689173,91.760558
345,345,5c:01:3b:6b:b0:95,-44,256,"[86.0, -32.0, 4.0, 0.0, 2.3333, -21.0, 2.0, -21.0, 1.6667, -20.3333, 1.3333, -20.3333, 0.6667, -20.6667, 0.3333, -20.0, 0.0, -19.3333, -0.3333, -19.3333, -0.6667, -18.6667, -0.6667, -19.0, -1.0, -19.0, -1.0, -19.0, -1.3333, -19.3333, -1.3333, -19.3333, -1.3333, -19.3333, -0.6667, -18.3333, -0.6667, -18.3333, -1.0, -18.0, -1.0, -17.3333, -0.3333, -17.0, -0.3333, -16.0, 0.0, -15.0, 0.0, -15.0, 0.0, -14.6667, 0.3333, -13.6667, -0.3333, -3.6667, 0.0, 0.0, 0.0, 0.0, 0.0, 0.0, 0.0, 0.0, 0.0, 0.0, 0.0, 0.0, 0.0, 0.0, 0.0, 0.0, 0.0, 0.0, -0.6667, -4.6667, 0.0, -18.3333, 0.0, -18.0, 1.0, -18.6667, 1.6667, -18.3333, 2.6667, -19.0, 3.6667, -18.6667, 4.3333, -18.6667, 5.3333, -18.3333, 6.0, -18.0, 6.3333, -18.0, 6.6667, -17.6667, 7.3333, -17.6667, 7.6667, -17.6667, 7.3333, -17.6667, 7.3333, -17.0, 7.0, -17.6667, 6.3333, -18.0, 5.6667, -17.3333, 5.6667, -18.3333, 5.3333, -18.6667, 4.3333, -19.6667, 4.0, -19.6667, 3.3333, -19.6667, 3.3333, -20.6667, 3.3333, -21.3333, 3.0, -21.6667, 3.0, -11.3333, 10.3333, -35.0, 10.3333, -35.0, 9.3333, -34.0, 9.0, -33.3333, 8.0, -32.6667, 6.6667, -33.0, 6.0, -32.6667, 4.6667, -33.0, 3.3333, -32.6667, 2.6667, -33.0, 2.0, -34.0, 1.3333, -34.3333, 1.3333, -34.6667, 1.6667, -34.6667, 1.6667, -34.3333, 2.0, -33.6667, 2.0, -33.3333, 2.0, -32.6667, 1.6667, -32.3333, 2.0, -30.3333, 2.3333, -29.3333, 2.3333, -27.6667, 2.3333, -26.6667, 2.6667, -25.3333, 3.3333, -23.6667, 4.3333, -22.6667, 9.3333, -17.3333, 10.6667, -16.3333, 1.3333, -3.0, 0.3333, -1.6667, -1.0, 0.0, -0.6667, 0.6667, -0.6667, 0.0, 0.0, -2.0, 0.0, -6.3333, 3.3333, -31.6667, 4.3333, -31.0, 2.3333, -31.6667, 4.6667, -31.0, 7.3333, -30.3333, 9.0, -30.0, 11.3333, -30.0, 13.0, -29.6667, 15.0, -29.0, 16.3333, -28.0, 17.3333, -27.6667, 17.6667, -27.6667, 18.0, -28.3333, 18.3333, -28.3333, 18.3333, -27.6667, 18.6667, -27.3333, 18.6667, -26.6667, 18.0, -27.3333, 17.6667, -27.6667, 16.6667, -28.0, 16.0, -28.0, 15.3333, -29.0, 14.3333, -29.3333, 13.0, -31.3333, 12.0, -32.0, 11.0, -33.6667, 10.6667, -34.6667, 10.6667, -35.6667]",22.57473,12.51286,91.760558
346,346,5c:01:3b:6b:b0:95,-42,256,"[86.0, -32.0, 4.0, 0.0, 5.3333, -13.0, 5.3333, -13.3333, 4.6667, -13.0, 4.3333, -13.0, 3.6667, -13.3333, 3.3333, -13.3333, 3.0, -13.0, 3.0, -13.0, 2.6667, -12.6667, 2.6667, -13.0, 2.3333, -13.3333, 2.3333, -13.3333, 2.3333, -13.6667, 2.3333, -13.6667, 2.3333, -13.6667, 2.6667, -13.0, 2.6667, -12.6667, 2.0, -12.3333, 2.0, -12.0, 2.3333, -11.6667, 2.3333, -11.0, 2.0, -10.0, 2.0, -10.0, 2.0, -9.3333, 2.3333, -8.6667, 0.0, -2.6667, 0.0, 0.0, 0.0, 0.0, 0.0, 0.0, 0.0, 0.0, 0.0, 0.0, 0.0, 0.0, 0.0, 0.0, 0.0, 0.0, 0.0, 0.0, 0.3333, -3.3333, 3.0, -12.3333, 3.3333, -12.0, 4.0, -12.0, 4.6667, -11.6667, 5.6667, -11.6667, 6.3333, -11.3333, 6.6667, -11.3333, 7.3333, -10.6667, 8.3333, -10.0, 8.6667, -10.0, 9.0, -9.6667, 9.3333, -9.6667, 9.6667, -9.6667, 9.3333, -9.6667, 9.3333, -9.3333, 8.6667, -9.6667, 8.3333, -10.0, 7.6667, -9.6667, 7.6667, -10.6667, 7.3333, -11.0, 7.0, -12.0, 6.6667, -11.6667, 6.3333, -11.6667, 6.3333, -12.3333, 6.6667, -13.0, 6.3333, -13.3333, 6.3333, -6.6667, 21.6667, -20.0, 21.3333, -20.0, 20.3333, -19.6667, 19.6667, -19.3333, 18.3333, -19.3333, 17.0, -20.0, 16.0, -20.3333, 14.3333, -21.0, 12.6667, -21.3333, 12.3333, -22.3333, 11.6667, -23.3333, 11.0, -24.0, 11.0, -24.6667, 11.3333, -24.6667, 11.3333, -24.3333, 11.3333, -24.0, 11.0, -23.3333, 10.6667, -23.0, 10.3333, -22.3333, 10.3333, -20.6667, 10.3333, -19.6667, 10.0, -18.3333, 9.6667, -17.3333, 9.6667, -16.3333, 10.0, -14.6667, 10.6667, -13.6667, 15.3333, -8.3333, 15.6667, -7.0, 2.3333, -1.3333, 0.6667, -1.0, -1.0, -0.3333, -0.6667, 0.3333, -0.6667, -0.3333, 0.3333, -1.6667, 1.6667, -4.6667, 12.3333, -22.3333, 13.3333, -20.6667, 12.0, -21.0, 14.3333, -19.6667, 17.3333, -18.3333, 19.3333, -17.3333, 21.6667, -16.3333, 23.3333, -15.3333, 25.0, -14.0, 26.0, -13.0, 27.0, -12.3333, 27.3333, -12.0, 28.0, -12.0, 28.3333, -11.6667, 28.0, -11.3333, 28.0, -11.0, 28.0, -10.6667, 27.3333, -11.0, 26.6667, -11.6667, 26.0, -12.3333, 25.3333, -12.6667, 25.0, -14.0, 24.6667, -14.3333, 23.6667, -16.0, 22.6667, -17.0, 22.0, -18.3333, 22.0, -19.0, 22.3333, -20.0]",17.630934,11.448669,91.760558
347,347,5c:01:3b:6b:b0:95,-39,256,"[86.0, -32.0, 4.0, 0.0, 7.3333, -1.3333, 7.3333, -1.6667, 6.6667, -2.0, 6.6667, -2.3333, 6.3333, -3.0, 5.6667, -3.3333, 5.6667, -3.6667, 6.0, -4.0, 6.0, -4.3333, 5.6667, -4.6667, 5.6667, -5.3333, 5.6667, -5.6667, 6.0, -6.0, 6.0, -5.6667, 6.0, -5.6667, 6.0, -5.3333, 6.0, -5.0, 5.0, -4.6667, 5.0, -4.3333, 5.0, -4.0, 4.6667, -3.6667, 4.0, -3.0, 4.0, -3.0, 3.6667, -2.0, 4.0, -1.6667, 0.3333, -1.0, 0.0, 0.0, 0.0, 0.0, 0.0, 0.0, 0.0, 0.0, 0.0, 0.0, 0.0, 0.0, 0.0, 0.0, 0.0, 0.0, 0.0, 0.0, 1.0, -1.6667, 5.3333, -4.0, 5.6667, -3.3333, 6.0, -2.6667, 6.3333, -2.0, 7.3333, -1.0, 7.6667, -0.3333, 7.6667, 0.0, 8.0, 1.0, 9.0, 2.0, 9.3333, 2.0, 9.3333, 2.6667, 9.6667, 2.6667, 9.6667, 2.6667, 9.6667, 2.6667, 9.6667, 2.6667, 8.6667, 2.6667, 8.6667, 2.0, 8.3333, 2.0, 8.3333, 1.0, 8.0, 0.6667, 8.3333, -0.3333, 8.3333, 0.0, 8.0, -0.3333, 8.0, -0.6667, 8.6667, -0.6667, 8.3333, -1.0, 9.0, -0.6667, 30.0, -0.3333, 29.3333, -0.3333, 28.3333, -0.6667, 27.6667, -1.0, 26.3333, -1.6667, 25.3333, -3.0, 24.3333, -4.0, 23.0, -5.3333, 21.6667, -6.3333, 21.3333, -8.0, 21.3333, -9.0, 21.3333, -10.0, 21.3333, -11.0, 21.6667, -11.0, 21.3333, -10.6667, 20.6667, -10.6667, 20.3333, -10.0, 19.6667, -10.0, 19.3333, -9.0, 18.6667, -8.0, 18.0, -7.0, 17.0, -6.3333, 16.6667, -5.3333, 16.3333, -4.3333, 16.0, -3.0, 16.0, -2.0, 17.6667, 1.0, 17.0, 2.6667, 2.6667, 0.3333, 0.6667, -0.3333, -1.0, -0.6667, -1.0, 0.0, -0.6667, -0.6667, 0.6667, -1.3333, 3.3333, -2.6667, 20.3333, -11.6667, 20.6667, -9.0, 20.6667, -6.6667, 22.6667, -4.6667, 25.0, -2.3333, 26.6667, -0.6667, 28.3333, 1.3333, 29.3333, 3.3333, 30.6667, 5.3333, 31.3333, 6.3333, 31.6667, 7.6667, 31.6667, 8.3333, 32.0, 9.0, 32.3333, 9.6667, 32.0, 9.6667, 32.0, 10.0, 31.6667, 10.0, 31.3333, 9.6667, 30.6667, 8.6667, 30.3333, 7.6667, 30.3333, 7.0, 30.6667, 5.6667, 30.6667, 5.0, 30.3333, 3.6667, 29.6667, 2.3333, 29.6667, 1.3333, 30.0, 1.3333, 30.3333, 0.6667]",15.431524,12.806215,91.760558
348,348,5c:01:3b:6b:b0:95,-39,256,"[86.0, -32.0, 4.0, 0.0, 12.0, 2.6667, 12.0, 2.0, 11.0, 1.6667, 11.0, 1.3333, 11.0, 1.0, 10.0, 0.3333, 10.0, 0.0, 10.0, -0.3333, 10.0, -0.6667, 9.0, -0.6667, 9.0, -1.6667, 9.0, -2.0, 9.0, -2.0, 9.0, -1.6667, 9.0, -1.6667, 9.0, -1.6667, 9.0, -1.0, 8.0, -1.0, 8.0, -0.6667, 8.0, -0.6667, 8.0, -0.6667, 7.0, 0.0, 7.0, 0.0, 7.0, 1.0, 7.0, 1.0, 1.0, -0.3333, 0.0, 0.0, 0.0, 0.0, 0.0, 0.0, 0.0, 0.0, 0.0, 0.0, 0.0, 0.0, 0.0, 0.0, 0.0, 0.0, 0.0, 0.0, 2.0, -0.6667, 9.0, -0.6667, 10.0, -0.3333, 10.0, 0.6667, 10.0, 1.0, 11.0, 2.3333, 11.0, 2.6667, 11.0, 3.0, 11.3333, 4.0, 12.3333, 5.0, 12.6667, 5.0, 12.6667, 5.3333, 13.0, 5.3333, 13.0, 5.3333, 13.0, 5.3333, 12.6667, 5.3333, 12.0, 5.3333, 11.6667, 5.0, 11.6667, 5.0, 11.3333, 4.0, 11.3333, 4.0, 12.0, 3.0, 12.0, 3.6667, 12.0, 3.3333, 12.0, 3.3333, 13.0, 3.0, 13.0, 3.0, 13.6667, 1.3333, 45.3333, 6.6667, 44.3333, 6.6667, 43.3333, 5.6667, 42.3333, 5.3333, 41.0, 4.3333, 40.0, 3.0, 39.0, 2.0, 37.6667, 0.6667, 36.3333, -0.3333, 35.3333, -2.3333, 35.0, -3.3333, 34.6667, -4.3333, 34.6667, -5.3333, 34.6667, -5.3333, 34.0, -5.3333, 33.0, -5.3333, 33.0, -4.6667, 32.0, -4.6667, 32.0, -3.6667, 31.3333, -3.0, 30.3333, -2.0, 28.6667, -1.3333, 28.6667, -0.3333, 27.6667, 0.0, 26.6667, 1.6667, 26.0, 2.6667, 26.0, 5.3333, 24.0, 7.3333, 4.0, 1.0, 1.0, 0.0, -1.0, -1.0, -1.6667, 0.0, -1.0, -1.0, 1.0, -1.0, 5.6667, -1.6667, 33.0, -6.6667, 34.3333, -3.6667, 34.6667, -1.3333, 36.6667, 0.6667, 38.3333, 3.0, 39.6667, 5.0, 41.0, 7.0, 41.3333, 9.3333, 42.3333, 11.3333, 42.3333, 12.3333, 42.0, 13.6667, 42.0, 14.6667, 42.3333, 15.6667, 42.3333, 16.6667, 42.0, 16.6667, 42.0, 16.6667, 41.3333, 16.6667, 41.0, 16.3333, 40.6667, 15.3333, 40.6667, 14.3333, 41.3333, 13.3333, 42.3333, 11.6667, 42.6667, 11.3333, 43.3333, 10.3333, 43.0, 9.3333, 43.6667, 8.3333, 44.6667, 8.6667, 45.0, 8.0]",22.157712,17.035635,91.760558
349,349,5c:01:3b:6b:b0:95,-43,256,"[86.0, -32.0, 4.0, 0.0, 11.3333, 6.3333, 11.3333, 6.0, 10.3333, 5.3333, 10.0, 4.6667, 10.0, 4.0, 9.0, 3.6667, 8.6667, 3.0, 8.3333, 2.3333, 8.0, 1.6667, 7.3333, 1.6667, 7.0, 0.6667, 7.0, 0.0, 7.0, 0.0, 7.0, 0.6667, 7.0, 0.6667, 7.0, 0.6667, 7.0, 1.0, 6.3333, 1.0, 6.6667, 1.6667, 6.6667, 1.6667, 6.6667, 1.6667, 6.3333, 2.0, 6.3333, 2.0, 6.3333, 3.0, 6.3333, 3.0, 1.0, 0.3333, 0.0, 0.0, 0.0, 0.0, 0.0, 0.0, 0.0, 0.0, 0.0, 0.0, 0.0, 0.0, 0.0, 0.0, 0.0, 0.0, 0.0, 0.0, 1.6667, -0.3333, 7.3333, 1.6667, 8.3333, 2.3333, 8.6667, 3.3333, 9.3333, 4.0, 10.3333, 5.6667, 10.6667, 6.0, 11.0, 6.0, 11.6667, 6.3333, 12.6667, 7.0, 13.3333, 7.0, 13.3333, 7.0, 14.0, 7.0, 14.0, 7.0, 14.0, 7.0, 13.3333, 7.0, 13.0, 7.0, 12.3333, 6.6667, 12.3333, 7.0, 11.6667, 6.3333, 11.6667, 6.6667, 12.0, 6.3333, 11.6667, 6.6667, 11.6667, 6.6667, 11.6667, 6.6667, 12.3333, 7.0, 12.3333, 7.0, 12.0, 2.6667, 39.3333, 11.3333, 38.6667, 11.3333, 37.6667, 10.3333, 36.3333, 9.6667, 35.3333, 8.6667, 34.3333, 7.0, 33.3333, 6.0, 32.0, 4.3333, 30.6667, 3.3333, 29.6667, 1.3333, 29.0, 0.3333, 28.3333, -0.6667, 28.3333, -1.6667, 28.3333, -1.6667, 27.6667, -1.6667, 27.0, -1.6667, 27.0, -1.3333, 26.3333, -1.3333, 26.6667, -0.3333, 26.0, 0.0, 25.6667, 1.0, 24.3333, 1.3333, 24.3333, 2.3333, 23.6667, 3.0, 23.0, 4.3333, 22.6667, 5.3333, 23.6667, 5.6667, 22.3333, 7.3333, 3.6667, 1.0, 1.0, 0.0, -1.0, -1.0, -1.6667, 0.0, -1.0, -1.0, 0.6667, -1.0, 4.3333, -1.3333, 27.0, -5.3333, 28.6667, -2.3333, 28.3333, 2.3333, 30.3333, 4.3333, 32.0, 7.0, 33.6667, 9.0, 35.0, 10.6667, 35.6667, 12.0, 37.3333, 12.6667, 37.6667, 13.0, 37.6667, 13.6667, 38.0, 14.3333, 38.3333, 15.0, 38.3333, 15.3333, 38.3333, 15.3333, 38.3333, 15.0, 37.6667, 15.0, 37.3333, 15.0, 37.3333, 14.3333, 37.0, 14.0, 37.3333, 13.6667, 37.6667, 13.0, 37.3333, 13.0, 38.0, 13.0, 37.6667, 12.6667, 38.0, 12.6667, 38.6667, 13.3333, 38.6667, 13.0]",20.021863,15.229067,91.760558
350,350,5c:01:3b:6b:b0:95,-42,256,"[86.0, -32.0, 4.0, 0.0, -0.6667, 2.0, -0.3333, 1.6667, -0.6667, 1.6667, -0.6667, 1.3333, -0.3333, 1.3333, -1.0, 1.0, -1.0, 1.0, -1.0, 1.0, -1.0, 0.6667, -1.3333, 1.0, -1.3333, 0.6667, -1.3333, 0.3333, -1.3333, 0.3333, -1.0, 0.6667, -1.3333, 0.6667, -1.0, 0.6667, -1.0, 1.0, -1.3333, 0.6667, -1.0, 0.6667, -1.0, 0.6667, -1.0, 0.3333, -0.6667, 0.6667, -0.6667, 0.6667, -0.3333, 1.3333, -0.3333, 1.0, -0.6667, -0.3333, 0.0, 0.0, 0.0, 0.0, 0.0, 0.0, 0.0, 0.0, 0.0, 0.0, 0.0, 0.0, 0.0, 0.0, 0.0, 0.0, 0.0, 0.0, -0.6667, -0.3333, -1.3333, 0.6667, -1.0, 0.6667, -1.3333, 1.0, -1.0, 1.0, -0.6667, 1.6667, -0.6667, 1.3333, -0.6667, 0.6667, 0.0, 0.3333, 0.3333, 0.3333, 1.0, 0.3333, 0.6667, -0.3333, 1.3333, -0.3333, 1.3333, -0.3333, 1.6667, -0.3333, 1.0, -0.6667, 1.0, -0.3333, 0.6667, -0.3333, 0.6667, 0.3333, 0.0, 0.3333, 0.0, 0.6667, 0.0, 1.0, -0.3333, 1.3333, 0.0, 2.0, -0.3333, 2.3333, 0.0, 2.3333, 0.0, 2.3333, 2.3333, -0.3333, 8.3333, 2.0, 8.3333, 1.6667, 8.0, 1.3333, 7.3333, 1.0, 7.3333, 0.6667, 7.0, 0.3333, 7.0, 0.0, 6.3333, -0.3333, 6.0, -0.6667, 5.6667, -1.3333, 5.6667, -1.3333, 5.3333, -1.6667, 5.3333, -2.3333, 5.3333, -2.3333, 5.0, -2.3333, 5.0, -2.3333, 5.0, -2.0, 5.0, -2.0, 5.3333, -1.6667, 5.0, -1.6667, 5.0, -1.3333, 5.0, -1.0, 5.0, -0.6667, 5.0, -0.3333, 5.0, 0.3333, 5.0, 0.6667, 6.0, 0.0, 5.6667, 0.3333, 0.6667, -0.3333, 0.0, -0.3333, -0.6667, -0.6667, -1.0, -0.3333, -0.6667, -0.6667, -0.3333, -0.6667, 0.3333, -1.0, 5.0, -4.3333, 5.6667, -3.3333, 4.6667, -0.6667, 5.3333, -0.3333, 6.0, 0.3333, 6.6667, 1.0, 7.0, 1.3333, 7.3333, 1.0, 8.3333, 0.3333, 8.6667, -0.3333, 9.0, -1.0, 9.3333, -1.0, 9.6667, -0.6667, 9.6667, -1.0, 9.6667, -1.0, 9.6667, -1.3333, 9.6667, -1.3333, 9.0, -1.0, 9.3333, -1.0, 9.0, -0.3333, 8.6667, 0.0, 8.6667, 0.0, 8.0, 0.6667, 8.0, 1.3333, 8.0, 1.6667, 8.0, 2.3333, 8.0, 3.0, 8.0, 2.6667]",4.468509,8.375485,91.760558
351,351,5c:01:3b:6b:b0:95,-43,256,"[86.0, -32.0, 4.0, 0.0, -12.6667, 6.0, -12.0, 6.0, -11.6667, 6.0, -11.3333, 5.6667, -10.6667, 5.6667, -11.0, 5.6667, -10.6667, 6.0, -10.3333, 6.0, -10.0, 5.6667, -10.0, 6.3333, -9.6667, 6.3333, -9.6667, 6.3333, -9.6667, 6.3333, -9.0, 6.6667, -9.6667, 6.3333, -9.0, 6.3333, -9.0, 6.3333, -9.0, 5.6667, -8.6667, 5.3333, -8.6667, 5.0, -8.6667, 4.6667, -7.6667, 4.3333, -7.6667, 4.3333, -7.0, 4.3333, -7.0, 3.6667, -2.3333, 0.3333, 0.0, 0.0, 0.0, 0.0, 0.0, 0.0, 0.0, 0.0, 0.0, 0.0, 0.0, 0.0, 0.0, 0.0, 0.0, 0.0, 0.0, 0.0, -3.0, 1.0, -10.0, 5.6667, -10.3333, 5.3333, -11.3333, 5.3333, -11.3333, 5.0, -11.6667, 5.3333, -12.0, 4.6667, -12.3333, 3.6667, -12.0, 2.6667, -12.3333, 2.3333, -12.0, 2.3333, -12.6667, 1.3333, -12.3333, 1.3333, -12.3333, 1.3333, -11.6667, 1.3333, -12.0, 1.0, -12.0, 1.3333, -11.6667, 1.3333, -11.6667, 2.3333, -12.0, 2.6667, -12.0, 3.3333, -12.0, 4.3333, -12.3333, 4.3333, -11.6667, 5.3333, -12.3333, 6.0, -12.3333, 6.3333, -12.3333, 6.3333, -7.3333, 1.3333, -22.6667, 7.3333, -22.0, 7.0, -21.6667, 7.0, -21.6667, 6.3333, -20.6667, 6.6667, -20.3333, 6.6667, -19.3333, 7.0, -19.3333, 7.0, -18.6667, 7.3333, -18.3333, 7.6667, -17.6667, 8.3333, -17.6667, 8.6667, -17.6667, 8.6667, -17.6667, 8.6667, -17.6667, 8.6667, -17.0, 8.6667, -17.0, 8.3333, -16.3333, 8.0, -16.0, 7.6667, -16.0, 6.6667, -15.6667, 6.3333, -14.3333, 5.6667, -14.3333, 5.3333, -13.6667, 5.6667, -13.0, 5.0, -12.6667, 4.6667, -11.6667, 1.0, -11.0, 0.3333, -2.3333, -0.3333, -1.0, -0.3333, -0.3333, -0.6667, -0.3333, -0.6667, -0.3333, -0.6667, -1.3333, 0.0, -3.6667, 1.0, -17.0, 6.3333, -17.3333, 5.6667, -19.0, 8.0, -19.6667, 7.0, -20.0, 6.3333, -20.3333, 6.0, -21.0, 5.0, -21.0, 3.6667, -20.6667, 1.6667, -20.3333, 0.3333, -19.6667, -1.0, -19.3333, -1.3333, -19.0, -1.3333, -19.0, -2.3333, -19.0, -2.3333, -19.0, -3.0, -18.6667, -3.0, -19.3333, -2.3333, -18.6667, -2.0, -19.0, -0.6667, -20.0, 0.3333, -20.3333, 1.3333, -21.3333, 2.3333, -22.0, 4.0, -21.6667, 5.0, -22.0, 6.6667, -22.6667, 7.6667, -22.6667, 7.6667]",14.185241,9.579135,91.760558
352,352,5c:01:3b:6b:b0:95,-43,256,"[86.0, -32.0, 4.0, 0.0, -22.6667, 1.6667, -22.0, 1.6667, -20.6667, 2.3333, -19.6667, 2.3333, -19.0, 3.0, -18.6667, 3.0, -17.6667, 4.0, -17.3333, 4.6667, -16.6667, 4.6667, -16.6667, 5.6667, -16.0, 6.3333, -16.0, 6.6667, -16.0, 6.6667, -15.3333, 6.6667, -16.0, 6.3333, -15.3333, 6.3333, -15.3333, 6.3333, -15.0, 5.3333, -14.6667, 4.3333, -14.6667, 4.0, -14.3333, 3.3333, -13.3333, 3.0, -13.0, 3.0, -12.3333, 2.6667, -12.3333, 1.6667, -3.6667, -0.3333, 0.0, 0.0, 0.0, 0.0, 0.0, 0.0, 0.0, 0.0, 0.0, 0.0, 0.0, 0.0, 0.0, 0.0, 0.0, 0.0, 0.0, 0.0, -4.6667, 1.0, -16.0, 4.6667, -17.0, 3.6667, -18.6667, 3.0, -19.6667, 2.0, -20.6667, 1.3333, -21.6667, 0.3333, -22.6667, -0.6667, -23.0, -1.6667, -24.0, -2.3333, -24.3333, -2.3333, -25.0, -3.3333, -25.3333, -3.3333, -25.3333, -3.3333, -24.3333, -3.3333, -24.3333, -4.0, -24.3333, -3.3333, -23.3333, -3.3333, -23.0, -2.3333, -23.0, -1.6667, -23.0, -1.3333, -22.6667, -0.3333, -22.6667, -0.3333, -22.0, 0.6667, -23.0, 1.6667, -23.0, 1.6667, -23.0, 1.6667, -14.3333, -1.6667, -44.3333, -2.0, -43.6667, -2.6667, -42.6667, -2.0, -41.6667, -2.3333, -39.6667, -1.3333, -38.3333, 0.0, -36.3333, 1.0, -35.3333, 2.3333, -33.3333, 3.3333, -32.6667, 5.0, -31.3333, 6.6667, -31.0, 7.6667, -31.3333, 8.0, -31.3333, 8.0, -31.3333, 8.0, -30.3333, 8.0, -30.3333, 7.6667, -29.3333, 7.3333, -29.0, 6.3333, -28.3333, 5.0, -28.0, 4.0, -26.3333, 3.3333, -26.0, 2.3333, -25.3333, 2.3333, -24.6667, 1.0, -24.6667, 0.0, -25.6667, -4.6667, -25.3333, -6.3333, -5.0, -1.6667, -2.0, -0.6667, 0.0, -0.3333, 0.0, -1.0, 0.0, -0.3333, -2.0, 0.3333, -5.6667, 1.3333, -29.6667, 7.3333, -30.6667, 4.6667, -32.3333, 5.0, -34.3333, 2.3333, -36.6667, -0.3333, -38.6667, -2.0, -41.0, -4.0, -42.3333, -5.6667, -43.6667, -7.6667, -44.0, -9.3333, -44.3333, -11.0, -44.6667, -11.6667, -45.0, -11.6667, -45.0, -12.6667, -45.0, -12.6667, -45.0, -13.0, -44.3333, -13.0, -45.0, -12.6667, -44.0, -12.0, -43.6667, -10.3333, -44.0, -9.3333, -43.6667, -8.3333, -44.3333, -7.3333, -44.6667, -6.0, -44.0, -5.0, -44.0, -3.6667, -44.6667, -2.6667, -44.6667, -2.6667]",25.4453,15.075282,91.760558
353,353,5c:01:3b:6b:b0:95,-43,256,"[86.0, -32.0, 4.0, 0.0, -19.6667, -0.3333, -19.3333, -0.3333, -18.3333, 0.0, -17.6667, 0.0, -17.3333, 0.3333, -17.0, 0.3333, -16.3333, 1.0, -16.0, 1.0, -15.3333, 1.0, -15.3333, 1.3333, -14.6667, 1.6667, -14.6667, 1.6667, -14.6667, 2.0, -14.0, 2.0, -14.3333, 1.6667, -14.0, 1.6667, -14.0, 2.0, -13.6667, 1.3333, -13.3333, 1.0, -13.3333, 1.0, -13.0, 0.6667, -12.3333, 0.6667, -12.0, 0.6667, -11.6667, 0.6667, -11.3333, 0.3333, -3.3333, -0.6667, 0.0, 0.0, 0.0, 0.0, 0.0, 0.0, 0.0, 0.0, 0.0, 0.0, 0.0, 0.0, 0.0, 0.0, 0.0, 0.0, 0.0, 0.0, -4.3333, 0.0, -14.6667, 0.6667, -15.3333, 0.0, -16.3333, 0.0, -17.0, -0.3333, -17.6667, -0.6667, -18.0, -1.0, -18.6667, -1.3333, -18.6667, -2.0, -19.3333, -2.0, -19.6667, -2.0, -19.6667, -2.6667, -20.0, -2.3333, -20.0, -2.3333, -19.3333, -2.3333, -19.3333, -2.6667, -19.6667, -2.3333, -19.0, -2.3333, -18.6667, -1.6667, -19.0, -1.6667, -19.0, -1.3333, -19.0, -1.0, -19.0, -1.0, -19.0, -0.3333, -19.6667, 0.0, -20.0, -0.3333, -20.0, -0.3333, -12.3333, -1.3333, -38.0, -2.0, -37.3333, -2.3333, -36.6667, -2.0, -35.6667, -2.3333, -34.3333, -1.6667, -33.6667, -1.0, -32.3333, -0.3333, -31.6667, 0.0, -30.6667, 0.0, -30.0, 0.6667, -28.6667, 1.3333, -28.3333, 1.6667, -28.6667, 1.6667, -28.6667, 2.0, -28.3333, 2.3333, -27.6667, 2.3333, -27.6667, 2.3333, -27.0, 2.0, -26.6667, 1.6667, -26.0, 1.3333, -25.6667, 1.0, -24.3333, 0.6667, -24.0, 0.3333, -23.3333, 0.3333, -22.3333, -0.3333, -22.0, -0.3333, -21.3333, -1.6667, -21.0, -2.0, -4.3333, -0.6667, -1.6667, -0.3333, 0.0, -0.3333, 0.0, -0.6667, 0.0, -0.3333, -1.6667, -0.3333, -5.0, 0.0, -26.3333, 1.6667, -27.3333, 0.6667, -29.0, 0.6667, -30.0, -0.6667, -31.3333, -1.6667, -32.3333, -2.0, -34.0, -3.0, -34.6667, -3.3333, -35.3333, -4.3333, -35.3333, -4.6667, -35.3333, -5.6667, -35.6667, -6.0, -35.6667, -6.0, -35.6667, -6.3333, -35.6667, -6.3333, -35.3333, -6.3333, -35.0, -6.3333, -35.6667, -6.0, -35.3333, -5.6667, -35.3333, -5.0, -35.6667, -4.3333, -35.6667, -4.0, -36.3333, -4.0, -36.6667, -3.3333, -36.6667, -3.3333, -37.0, -2.6667, -37.6667, -2.3333, -37.6667, -2.3333]",21.609885,12.940833,91.760558
354,354,5c:01:3b:6b:b0:95,-39,256,"[86.0, -32.0, 4.0, 0.0, -16.6667, -8.3333, -16.6667, -8.3333, -16.0, -7.6667, -15.6667, -7.6667, -15.6667, -7.0, -15.3333, -7.0, -15.0, -6.3333, -15.3333, -6.3333, -15.0, -6.3333, -15.0, -6.6667, -14.6667, -6.3333, -14.6667, -7.0, -14.6667, -6.3333, -14.3333, -6.3333, -14.3333, -6.3333, -14.3333, -6.3333, -14.3333, -5.6667, -13.6667, -6.0, -13.0, -5.6667, -13.0, -5.0, -12.3333, -5.3333, -11.6667, -5.0, -11.0, -5.0, -11.0, -4.6667, -10.3333, -5.0, -3.0, -2.0, 0.0, 0.0, 0.0, 0.0, 0.0, 0.0, 0.0, 0.0, 0.0, 0.0, 0.0, 0.0, 0.0, 0.0, 0.0, 0.0, 0.0, 0.0, -4.0, -2.0, -13.3333, -7.0, -13.6667, -7.3333, -14.0, -7.0, -14.3333, -7.0, -14.6667, -7.6667, -14.3333, -8.0, -14.6667, -8.3333, -14.3333, -9.0, -14.6667, -9.3333, -15.0, -9.3333, -14.3333, -10.0, -14.6667, -9.6667, -14.6667, -9.6667, -14.3333, -9.6667, -14.3333, -10.0, -15.0, -9.6667, -14.6667, -9.3333, -14.3333, -9.0, -15.0, -9.0, -15.0, -9.0, -15.3333, -8.6667, -15.3333, -8.6667, -16.0, -8.0, -16.3333, -8.0, -17.0, -8.3333, -17.0, -8.6667, -10.3333, -6.3333, -31.6667, -18.3333, -31.0, -18.6667, -30.6667, -18.0, -29.6667, -17.6667, -29.0, -17.0, -29.0, -16.0, -28.3333, -15.3333, -28.0, -14.6667, -28.0, -14.3333, -27.6667, -13.6667, -27.0, -12.6667, -27.3333, -12.3333, -28.0, -12.6667, -28.0, -12.3333, -27.6667, -12.0, -27.0, -12.0, -27.0, -11.6667, -26.3333, -11.6667, -25.6667, -12.0, -24.3333, -11.6667, -23.6667, -11.6667, -22.6667, -11.0, -22.0, -11.0, -21.3333, -11.0, -20.0, -11.0, -19.3333, -11.0, -17.0, -12.0, -16.3333, -12.0, -3.3333, -2.6667, -1.3333, -1.0, 0.0, 0.0, 0.0, -0.3333, 0.0, 0.0, -1.6667, -1.3333, -4.6667, -2.6667, -25.0, -12.3333, -25.0, -12.6667, -25.6667, -12.3333, -25.6667, -14.0, -26.0, -15.3333, -26.0, -16.0, -27.0, -17.0, -27.0, -17.6667, -27.0, -18.6667, -26.6667, -19.0, -26.3333, -20.0, -26.6667, -20.3333, -26.3333, -20.6667, -26.3333, -20.6667, -26.3333, -20.6667, -25.6667, -20.6667, -25.3333, -20.6667, -26.3333, -20.6667, -26.6667, -20.0, -27.0, -19.3333, -27.3333, -18.6667, -27.6667, -18.6667, -28.3333, -18.6667, -28.6667, -18.6667, -29.3333, -18.6667, -30.0, -18.6667, -30.6667, -18.6667, -30.6667, -18.6667]",21.051574,12.515739,91.760558
355,355,5c:01:3b:6b:b0:95,-39,256,"[86.0, -32.0, 4.0, 0.0, -3.0, -10.3333, -3.0, -10.3333, -3.3333, -10.0, -3.3333, -10.0, -3.3333, -10.0, -3.6667, -10.0, -4.0, -9.6667, -4.3333, -10.0, -4.0, -10.0, -4.3333, -11.0, -4.0, -11.0, -4.0, -12.0, -4.0, -11.3333, -3.6667, -11.0, -4.0, -11.0, -4.0, -11.0, -4.0, -10.0, -3.6667, -10.0, -3.3333, -9.0, -3.6667, -8.0, -3.3333, -8.0, -3.0, -7.6667, -2.6667, -7.3333, -3.0, -6.6667, -2.3333, -6.6667, -1.0, -2.3333, 0.0, 0.0, 0.0, 0.0, 0.0, 0.0, 0.0, 0.0, 0.0, 0.0, 0.0, 0.0, 0.0, 0.0, 0.0, 0.0, 0.0, 0.0, -1.6667, -3.0, -3.6667, -11.0, -3.3333, -10.6667, -3.0, -10.0, -2.6667, -9.3333, -2.3333, -9.6667, -1.6667, -9.3333, -1.3333, -9.0, -0.3333, -9.3333, 0.0, -9.0, 0.0, -9.0, 1.0, -9.3333, 1.0, -8.6667, 1.0, -8.6667, 1.0, -8.6667, 0.6667, -8.6667, 0.0, -8.6667, -0.3333, -8.3333, -0.3333, -8.3333, -1.0, -9.0, -1.0, -9.0, -1.6667, -9.3333, -1.6667, -9.3333, -2.3333, -9.0, -2.0, -9.6667, -2.6667, -10.3333, -2.6667, -10.6667, -1.6667, -6.0, -4.6667, -19.0, -4.0, -18.6667, -4.3333, -18.3333, -3.6667, -18.3333, -4.3333, -18.0, -5.3333, -18.0, -5.6667, -17.6667, -6.0, -18.0, -7.0, -18.6667, -7.0, -19.0, -6.6667, -19.0, -7.0, -18.6667, -7.3333, -19.0, -7.3333, -18.6667, -7.0, -18.3333, -7.0, -18.3333, -7.0, -18.0, -6.6667, -18.0, -6.3333, -17.6667, -6.0, -16.6667, -6.0, -16.0, -5.6667, -14.6667, -5.3333, -14.0, -5.0, -13.3333, -4.0, -12.6667, -3.3333, -11.6667, -0.6667, -9.6667, 0.3333, -8.3333, -0.3333, -2.0, -0.3333, -0.6667, -0.3333, 0.0, -0.3333, 0.0, -0.3333, 0.0, -0.6667, -2.0, -1.6667, -4.0, -6.6667, -18.0, -6.6667, -17.3333, -6.3333, -17.3333, -5.0, -17.3333, -3.6667, -17.0, -2.6667, -16.6667, -2.0, -16.3333, -1.0, -16.0, 0.0, -15.6667, 1.0, -14.6667, 2.0, -14.6667, 2.0, -14.6667, 3.0, -15.0, 3.0, -14.3333, 3.0, -14.3333, 3.6667, -14.0, 3.3333, -14.0, 2.6667, -14.0, 1.6667, -14.0, 1.0, -14.3333, 0.3333, -14.3333, 0.0, -15.0, -0.6667, -15.6667, -1.3333, -16.3333, -2.0, -17.0, -2.6667, -17.6667, -3.0, -18.3333, -3.0, -18.6667]",12.225838,9.147532,91.760558
356,356,5c:01:3b:6b:b0:95,-39,256,"[86.0, -32.0, 4.0, 0.0, -4.6667, -10.3333, -4.6667, -10.3333, -4.6667, -10.0, -4.6667, -10.0, -4.6667, -10.3333, -5.0, -10.3333, -5.0, -10.0, -5.6667, -9.6667, -6.0, -9.3333, -6.3333, -9.6667, -6.3333, -9.6667, -6.3333, -10.0, -6.3333, -9.6667, -6.3333, -9.6667, -6.6667, -9.6667, -6.6667, -9.6667, -6.3333, -9.0, -5.6667, -9.3333, -5.0, -8.6667, -5.3333, -8.0, -4.6667, -8.0, -4.0, -8.0, -3.6667, -7.3333, -3.6667, -6.6667, -3.3333, -7.0, -1.0, -2.3333, 0.0, 0.0, 0.0, 0.0, 0.0, 0.0, 0.0, 0.0, 0.0, 0.0, 0.0, 0.0, 0.0, 0.0, 0.0, 0.0, 0.0, 0.0, -2.0, -2.6667, -5.3333, -9.6667, -5.0, -9.6667, -4.6667, -9.6667, -4.3333, -9.3333, -4.0, -9.3333, -3.6667, -9.0, -3.3333, -9.3333, -2.6667, -10.0, -2.0, -10.3333, -2.3333, -10.6667, -1.6667, -11.3333, -1.3333, -11.0, -1.3333, -11.0, -1.3333, -11.0, -1.6667, -11.0, -2.0, -10.6667, -2.3333, -10.0, -2.3333, -10.0, -2.6667, -10.3333, -2.6667, -10.0, -3.3333, -9.6667, -3.3333, -9.6667, -4.0, -9.3333, -4.0, -9.6667, -4.3333, -10.0, -4.6667, -10.6667, -2.0, -7.0, -6.0, -21.6667, -5.6667, -21.3333, -6.0, -21.0, -5.3333, -20.6667, -6.0, -20.0, -6.6667, -19.6667, -7.0, -18.6667, -7.3333, -19.0, -8.0, -19.6667, -8.3333, -20.0, -9.0, -20.0, -9.6667, -19.0, -10.3333, -19.0, -10.3333, -19.0, -10.0, -19.0, -9.6667, -19.0, -9.3333, -19.0, -9.0, -19.0, -8.3333, -18.6667, -7.3333, -18.0, -7.0, -17.3333, -6.6667, -15.6667, -6.0, -15.0, -5.3333, -13.6667, -4.6667, -13.3333, -3.6667, -13.3333, -0.6667, -14.6667, 0.6667, -14.6667, 0.0, -3.3333, -0.3333, -1.3333, -0.3333, 0.0, -0.3333, 0.0, -0.3333, 0.0, -1.0, -1.6667, -2.3333, -3.6667, -9.6667, -17.3333, -8.3333, -18.0, -8.0, -18.0, -6.6667, -17.6667, -5.6667, -18.0, -4.6667, -19.0, -4.0, -19.6667, -3.0, -20.6667, -2.3333, -21.3333, -1.3333, -21.6667, -0.6667, -22.0, -0.6667, -22.3333, 0.0, -23.0, 0.0, -22.6667, 0.3333, -22.6667, 0.6667, -23.0, 0.3333, -22.6667, 0.0, -22.6667, -0.6667, -22.3333, -1.0, -22.0, -1.6667, -21.6667, -1.6667, -21.6667, -2.3333, -21.3333, -3.3333, -21.3333, -4.0, -21.0, -5.0, -21.0, -5.3333, -21.3333, -5.3333, -21.6667]",14.148423,9.907826,91.760558
357,357,5c:01:3b:6b:b0:95,-44,256,"[86.0, -32.0, 4.0, 0.0, -4.0, -8.3333, -4.0, -8.0, -3.6667, -7.6667, -3.6667, -7.6667, -3.3333, -8.0, -3.6667, -8.0, -3.3333, -7.6667, -3.6667, -7.0, -4.0, -6.6667, -4.3333, -6.3333, -4.0, -6.3333, -4.0, -6.0, -4.0, -6.0, -4.0, -6.0, -4.3333, -6.0, -4.3333, -6.0, -4.0, -5.6667, -3.6667, -6.3333, -3.0, -6.0, -3.3333, -6.0, -3.0, -6.0, -2.6667, -6.0, -2.6667, -5.6667, -2.6667, -5.0, -2.6667, -5.3333, -0.6667, -1.6667, 0.0, 0.0, 0.0, 0.0, 0.0, 0.0, 0.0, 0.0, 0.0, 0.0, 0.0, 0.0, 0.0, 0.0, 0.0, 0.0, 0.0, 0.0, -1.6667, -2.0, -4.0, -6.6667, -4.0, -7.0, -3.6667, -7.6667, -3.6667, -7.6667, -3.3333, -7.6667, -3.6667, -7.3333, -3.6667, -7.0, -3.3333, -7.0, -2.6667, -7.0, -3.3333, -7.0, -3.0, -7.0, -3.0, -6.6667, -2.6667, -6.6667, -2.6667, -6.6667, -3.0, -6.6667, -3.0, -6.6667, -3.3333, -6.3333, -3.0, -6.6667, -3.0, -7.0, -3.0, -7.0, -3.3333, -7.3333, -3.3333, -7.3333, -3.6667, -7.3333, -3.6667, -8.0, -4.0, -8.3333, -4.3333, -8.6667, -3.6667, -5.0, -12.0, -16.0, -12.0, -15.3333, -12.0, -15.3333, -11.3333, -15.6667, -11.3333, -15.3333, -11.6667, -15.6667, -11.6667, -15.0, -12.0, -15.3333, -12.3333, -16.0, -12.0, -16.0, -12.3333, -16.3333, -12.6667, -15.0, -12.6667, -15.0, -12.3333, -15.0, -11.6667, -14.6667, -11.6667, -14.6667, -11.3333, -15.0, -11.3333, -15.0, -11.0, -14.6667, -10.6667, -14.3333, -10.3333, -14.0, -10.0, -12.6667, -9.3333, -12.0, -8.6667, -10.6667, -8.0, -10.3333, -7.0, -9.3333, -4.0, -8.3333, -3.0, -7.6667, -0.6667, -2.0, -0.6667, -0.6667, -0.3333, 0.0, -0.3333, 0.0, -0.3333, 0.0, -1.0, -1.3333, -2.6667, -3.0, -11.6667, -14.3333, -11.3333, -15.6667, -11.6667, -15.3333, -11.3333, -15.0, -11.0, -14.6667, -10.3333, -14.6667, -9.6667, -14.0, -9.3333, -14.0, -9.0, -13.3333, -8.3333, -12.6667, -7.6667, -12.3333, -7.6667, -12.3333, -7.6667, -12.3333, -7.6667, -11.6667, -7.0, -11.6667, -7.0, -11.6667, -7.3333, -11.3333, -7.3333, -11.6667, -7.6667, -12.0, -7.6667, -12.3333, -8.3333, -12.6667, -8.0, -13.0, -8.6667, -13.3333, -9.6667, -13.6667, -10.3333, -14.0, -11.3333, -14.3333, -12.0, -15.0, -12.0, -15.6667]",11.372724,9.45974,91.760558
358,358,5c:01:3b:6b:b0:95,-43,256,"[86.0, -32.0, 4.0, 0.0, -19.0, -2.6667, -18.6667, -2.3333, -17.6667, -2.0, -17.3333, -2.0, -17.0, -2.0, -16.6667, -2.0, -15.6667, -1.6667, -15.3333, -1.0, -15.3333, -0.6667, -15.3333, 0.0, -14.6667, 0.0, -14.6667, 0.6667, -14.6667, 1.0, -14.3333, 0.6667, -14.3333, 0.3333, -14.6667, 0.3333, -14.3333, 0.3333, -13.6667, -0.6667, -13.0, -0.6667, -13.0, -1.0, -12.6667, -1.3333, -12.3333, -1.3333, -12.3333, -1.6667, -11.6667, -1.3333, -11.6667, -2.0, -3.0, -0.6667, 0.0, 0.0, 0.0, 0.0, 0.0, 0.0, 0.0, 0.0, 0.0, 0.0, 0.0, 0.0, 0.0, 0.0, 0.0, 0.0, 0.0, 0.0, -4.3333, -0.3333, -15.0, -0.3333, -15.6667, -1.0, -16.0, -1.6667, -16.6667, -2.3333, -17.0, -2.3333, -17.6667, -2.3333, -18.0, -2.3333, -18.3333, -2.6667, -18.0, -3.0, -18.6667, -3.0, -18.6667, -3.3333, -18.6667, -3.3333, -18.0, -3.3333, -18.0, -3.3333, -18.0, -3.3333, -18.0, -3.3333, -18.0, -3.0, -17.6667, -3.3333, -17.6667, -3.0, -18.0, -3.0, -18.3333, -2.6667, -18.3333, -2.6667, -18.6667, -2.6667, -19.0, -3.0, -19.6667, -2.6667, -20.0, -3.0, -12.6667, -1.3333, -41.3333, -2.6667, -41.3333, -2.6667, -40.6667, -2.6667, -39.6667, -2.6667, -38.3333, -2.3333, -38.3333, -2.3333, -37.6667, -1.6667, -37.6667, -1.3333, -37.6667, -1.3333, -36.3333, -0.6667, -36.0, -0.3333, -36.0, 1.0, -35.6667, 1.3333, -35.0, 1.6667, -34.0, 1.6667, -33.6667, 1.6667, -33.3333, 1.0, -33.3333, 0.6667, -33.0, 0.0, -32.3333, -0.3333, -31.3333, -1.0, -30.3333, -1.0, -29.3333, -1.0, -28.0, -1.0, -26.3333, -1.6667, -25.0, -2.0, -20.6667, -4.0, -19.3333, -4.6667, -3.3333, -1.6667, -1.6667, -0.6667, 0.0, -0.3333, 0.0, -0.6667, 0.0, -0.3333, -2.0, -0.3333, -6.0, 0.0, -32.0, 1.3333, -32.6667, -0.6667, -34.0, 0.0, -35.0, -1.0, -35.6667, -2.0, -35.3333, -2.6667, -35.3333, -3.0, -35.6667, -3.6667, -35.6667, -4.0, -35.6667, -4.6667, -35.6667, -5.0, -35.6667, -5.3333, -36.6667, -5.6667, -37.0, -5.6667, -36.0, -6.0, -36.0, -6.3333, -35.6667, -6.0, -35.6667, -6.0, -35.3333, -5.6667, -35.0, -5.3333, -35.3333, -5.0, -35.3333, -4.6667, -36.3333, -4.3333, -37.6667, -3.6667, -38.6667, -3.3333, -40.0, -2.6667, -41.6667, -3.0, -41.6667, -3.0]",22.942027,14.093877,91.760558
359,359,5c:01:3b:6b:b0:95,-44,256,"[86.0, -32.0, 4.0, 0.0, -16.6667, 3.0, -16.3333, 3.3333, -15.3333, 3.6667, -15.0, 3.6667, -14.3333, 4.0, -14.0, 4.0, -13.0, 4.3333, -12.6667, 4.6667, -12.3333, 4.6667, -12.3333, 5.0, -11.3333, 5.0, -11.3333, 5.3333, -11.3333, 6.0, -11.0, 6.0, -11.0, 5.3333, -11.3333, 5.3333, -11.3333, 5.3333, -11.0, 4.3333, -10.3333, 4.3333, -10.3333, 4.0, -10.3333, 3.3333, -10.3333, 3.3333, -10.3333, 2.3333, -10.0, 2.3333, -10.0, 1.3333, -2.6667, 0.3333, 0.0, 0.0, 0.0, 0.0, 0.0, 0.0, 0.0, 0.0, 0.0, 0.0, 0.0, 0.0, 0.0, 0.0, 0.0, 0.0, 0.0, 0.0, -3.6667, 1.0, -12.0, 4.6667, -13.0, 4.3333, -13.3333, 4.0, -14.3333, 3.0, -14.6667, 2.6667, -15.6667, 2.6667, -16.3333, 3.0, -16.6667, 3.0, -16.6667, 2.6667, -17.3333, 3.0, -17.3333, 2.6667, -18.0, 2.6667, -17.0, 2.6667, -17.0, 2.6667, -17.0, 2.6667, -17.0, 2.6667, -17.0, 2.6667, -16.3333, 2.6667, -16.3333, 3.0, -16.6667, 2.6667, -16.6667, 2.6667, -16.6667, 2.6667, -16.6667, 2.6667, -16.6667, 2.3333, -17.6667, 2.6667, -17.6667, 2.6667, -13.3333, 4.3333, -43.0, 15.0, -43.0, 14.6667, -42.0, 14.6667, -41.0, 14.3333, -39.0, 13.6667, -38.6667, 12.6667, -37.3333, 12.3333, -36.6667, 12.6667, -36.3333, 13.3333, -34.3333, 14.6667, -33.3333, 15.6667, -33.0, 17.0, -32.3333, 17.6667, -31.3333, 18.3333, -30.3333, 18.0, -30.3333, 18.0, -30.3333, 17.0, -30.3333, 16.3333, -30.3333, 14.6667, -30.3333, 13.6667, -30.0, 12.0, -29.3333, 10.6667, -28.6667, 10.0, -28.0, 9.0, -26.6667, 8.3333, -26.0, 8.6667, -22.0, 9.6667, -21.3333, 9.6667, -4.0, 1.0, -2.0, 0.3333, 0.0, -0.6667, 0.0, -1.3333, 0.0, -0.6667, -1.6667, 0.3333, -4.6667, 2.6667, -26.3333, 16.3333, -28.3333, 14.3333, -32.6667, 15.3333, -34.6667, 13.0, -36.3333, 12.3333, -37.0, 12.6667, -37.6667, 12.6667, -39.0, 12.3333, -39.6667, 12.6667, -40.6667, 12.3333, -41.0, 11.6667, -41.0, 11.3333, -42.6667, 11.3333, -43.3333, 11.3333, -42.3333, 11.0, -42.3333, 11.0, -41.6667, 11.0, -41.6667, 11.0, -41.0, 11.3333, -40.3333, 11.6667, -40.0, 12.0, -40.0, 12.3333, -40.3333, 12.6667, -41.0, 13.3333, -41.3333, 13.6667, -42.0, 14.3333, -43.6667, 14.0, -43.6667, 14.3333]",23.730478,15.972737,91.760558
360,360,5c:01:3b:6b:b0:95,-44,256,"[86.0, -32.0, 4.0, 0.0, -10.6667, 9.0, -10.3333, 9.0, -9.6667, 8.6667, -9.0, 8.6667, -8.6667, 8.6667, -8.3333, 8.3333, -7.6667, 8.3333, -7.3333, 8.0, -7.0, 8.0, -7.0, 8.0, -6.3333, 8.0, -6.3333, 7.6667, -6.3333, 8.3333, -5.6667, 8.3333, -5.6667, 7.6667, -6.0, 7.6667, -6.3333, 7.6667, -6.0, 7.0, -5.6667, 7.0, -6.0, 7.0, -6.0, 6.3333, -6.3333, 6.3333, -6.3333, 5.6667, -6.0, 5.6667, -6.3333, 5.0, -2.0, 1.0, 0.0, 0.0, 0.0, 0.0, 0.0, 0.0, 0.0, 0.0, 0.0, 0.0, 0.0, 0.0, 0.0, 0.0, 0.0, 0.0, 0.0, 0.0, -2.3333, 2.0, -7.3333, 8.0, -8.0, 8.0, -8.3333, 8.3333, -9.0, 7.6667, -9.3333, 8.0, -10.3333, 8.0, -10.6667, 8.0, -11.3333, 7.3333, -11.3333, 7.3333, -11.6667, 7.3333, -12.0, 6.6667, -12.3333, 6.6667, -11.6667, 6.6667, -11.6667, 6.6667, -11.6667, 6.6667, -11.3333, 7.0, -11.3333, 7.0, -11.0, 7.0, -11.0, 7.3333, -11.0, 7.6667, -11.0, 8.3333, -11.0, 8.3333, -11.0, 8.3333, -11.0, 8.6667, -11.3333, 9.3333, -11.3333, 9.3333, -6.3333, 9.0, -19.6667, 31.3333, -19.6667, 30.3333, -19.3333, 30.0, -18.6667, 29.6667, -17.3333, 28.6667, -16.6667, 28.3333, -15.6667, 27.6667, -15.0, 27.6667, -14.3333, 27.6667, -12.6667, 28.0, -11.6667, 28.3333, -11.0, 28.6667, -10.6667, 29.3333, -9.6667, 29.6667, -9.0, 29.0, -9.3333, 29.0, -9.3333, 28.6667, -9.6667, 27.6667, -10.3333, 26.3333, -11.0, 25.6667, -11.3333, 24.3333, -11.6667, 22.6667, -11.6667, 21.6667, -11.6667, 20.3333, -11.3333, 19.0, -11.6667, 18.3333, -9.0, 19.3333, -9.3333, 18.3333, -2.0, 2.6667, -1.3333, 0.6667, -0.3333, -1.0, -0.6667, -1.6667, -0.3333, -1.0, -0.6667, 1.0, -1.0, 4.3333, -5.3333, 26.6667, -7.0, 26.0, -12.6667, 28.3333, -14.3333, 27.0, -16.0, 26.3333, -17.0, 26.6667, -18.0, 26.6667, -19.6667, 27.0, -21.0, 27.0, -22.3333, 26.3333, -23.3333, 25.6667, -23.3333, 25.3333, -24.6667, 25.3333, -25.3333, 25.0, -24.6667, 24.6667, -24.6667, 25.0, -24.0, 24.6667, -23.6667, 25.0, -23.0, 25.3333, -22.3333, 25.6667, -21.3333, 26.3333, -21.3333, 26.6667, -20.6667, 27.3333, -20.6667, 28.0, -20.0, 28.6667, -20.0, 29.6667, -20.6667, 29.6667, -20.3333, 30.3333]",19.478599,13.642031,91.760558
361,361,5c:01:3b:6b:b0:95,-40,256,"[86.0, -32.0, 4.0, 0.0, -1.0, 10.0, -1.0, 10.0, -0.6667, 9.3333, 0.0, 9.3333, 0.3333, 9.3333, 0.3333, 8.6667, 0.6667, 8.6667, 0.6667, 8.0, 0.6667, 8.0, 0.6667, 8.0, 1.0, 8.0, 1.0, 7.3333, 1.0, 7.6667, 1.6667, 7.6667, 1.6667, 7.3333, 1.6667, 7.3333, 1.0, 7.3333, 1.0, 7.0, 1.3333, 7.0, 0.6667, 7.0, 0.6667, 6.6667, 0.0, 6.6667, 0.0, 6.3333, 0.0, 6.3333, -0.6667, 6.0, -0.6667, 1.0, 0.0, 0.0, 0.0, 0.0, 0.0, 0.0, 0.0, 0.0, 0.0, 0.0, 0.0, 0.0, 0.0, 0.0, 0.0, 0.0, 0.0, 0.0, -0.3333, 2.0, 0.3333, 8.0, 0.0, 8.0, 0.0, 8.6667, -0.3333, 8.3333, -0.3333, 9.0, -1.3333, 9.0, -1.6667, 9.3333, -2.3333, 9.0, -2.3333, 9.3333, -2.6667, 9.3333, -3.3333, 9.0, -3.6667, 9.0, -3.3333, 9.0, -3.3333, 9.0, -3.3333, 8.6667, -2.6667, 9.0, -2.6667, 9.0, -2.3333, 9.0, -2.3333, 9.0, -1.6667, 9.3333, -1.6667, 9.6667, -1.6667, 9.6667, -1.6667, 9.6667, -1.6667, 10.3333, -1.3333, 10.6667, -1.3333, 10.6667, 0.6667, 11.0, 3.6667, 37.0, 3.6667, 36.0, 3.3333, 35.3333, 3.6667, 34.6667, 4.3333, 33.0, 5.3333, 32.3333, 6.0, 31.0, 6.6667, 30.0, 7.6667, 29.6667, 9.0, 29.0, 10.0, 28.6667, 11.0, 28.3333, 11.0, 28.6667, 12.0, 28.3333, 12.3333, 28.0, 11.6667, 28.0, 11.6667, 28.3333, 11.0, 27.3333, 9.6667, 26.6667, 8.3333, 26.3333, 7.3333, 25.6667, 6.0, 24.3333, 5.3333, 23.6667, 4.6667, 22.6667, 4.0, 22.0, 2.6667, 22.0, 4.0, 24.6667, 2.6667, 24.3333, 0.0, 4.0, -0.6667, 1.0, -0.6667, -1.0, -1.3333, -1.3333, -0.6667, -1.0, 0.3333, 1.0, 2.6667, 3.6667, 15.6667, 24.3333, 14.3333, 25.0, 7.3333, 28.6667, 6.0, 28.6667, 4.3333, 29.3333, 3.0, 30.6667, 1.6667, 31.6667, -0.3333, 33.3333, -2.3333, 34.3333, -3.6667, 35.0, -4.6667, 34.6667, -4.6667, 35.0, -5.3333, 35.3333, -5.6667, 35.6667, -5.3333, 35.3333, -5.3333, 35.6667, -5.0, 35.3333, -4.3333, 35.3333, -4.0, 35.0, -3.6667, 34.6667, -2.6667, 35.0, -2.6667, 35.0, -1.0, 35.3333, -0.3333, 35.3333, 1.3333, 35.3333, 2.0, 36.0, 2.3333, 36.0, 3.0, 36.3333]",18.313119,14.50046,91.760558
362,362,5c:01:3b:6b:b0:95,-39,256,"[86.0, -32.0, 4.0, 0.0, 5.0, 12.0, 5.0, 12.0, 5.0, 11.0, 6.0, 11.0, 6.0, 11.0, 6.0, 10.3333, 6.0, 10.0, 6.0, 9.3333, 6.0, 9.3333, 6.0, 9.3333, 6.0, 9.3333, 6.0, 8.6667, 6.0, 8.6667, 7.0, 8.6667, 7.0, 8.6667, 7.0, 8.6667, 6.0, 8.3333, 6.0, 8.3333, 6.0, 8.3333, 5.0, 8.0, 5.0, 8.0, 4.0, 8.0, 4.0, 7.6667, 4.0, 7.6667, 3.0, 7.6667, 0.0, 1.3333, 0.0, 0.0, 0.0, 0.0, 0.0, 0.0, 0.0, 0.0, 0.0, 0.0, 0.0, 0.0, 0.0, 0.0, 0.0, 0.0, 0.0, 0.0, 1.0, 2.0, 5.0, 9.0, 5.0, 9.3333, 5.0, 10.0, 5.0, 10.0, 5.0, 11.0, 4.0, 10.6667, 4.0, 11.0, 3.0, 10.6667, 3.0, 11.3333, 3.0, 11.3333, 2.0, 11.3333, 2.0, 11.3333, 2.0, 11.3333, 2.0, 11.3333, 2.0, 11.0, 3.0, 11.0, 3.0, 10.6667, 3.0, 10.3333, 3.0, 10.6667, 4.0, 11.0, 4.0, 11.3333, 4.0, 11.3333, 4.0, 11.3333, 4.0, 12.3333, 5.0, 12.6667, 5.0, 13.0, 4.6667, 12.0, 17.3333, 40.3333, 17.3333, 39.3333, 16.6667, 38.3333, 17.0, 37.3333, 17.3333, 36.0, 18.0, 35.6667, 18.3333, 34.0, 18.6667, 33.0, 19.6667, 32.3333, 20.6667, 31.0, 22.0, 30.3333, 22.6667, 29.3333, 22.6667, 29.6667, 23.6667, 29.0, 23.3333, 29.0, 22.6667, 28.6667, 22.6667, 29.0, 21.6667, 28.3333, 20.0, 28.0, 18.3333, 28.0, 17.3333, 27.6667, 15.6667, 26.6667, 14.6667, 26.0, 14.0, 25.0, 13.0, 24.3333, 11.0, 23.6667, 8.6667, 25.3333, 6.6667, 24.6667, 0.6667, 4.0, -0.3333, 1.0, -1.0, -1.0, -1.6667, -1.3333, -1.0, -1.0, 0.6667, 1.0, 4.0, 3.6667, 23.3333, 25.3333, 22.0, 27.0, 19.6667, 30.0, 18.3333, 31.3333, 17.0, 32.0, 15.3333, 33.6667, 14.3333, 35.3333, 12.3333, 38.0, 10.6667, 39.6667, 9.3333, 41.3333, 8.6667, 41.6667, 8.3333, 42.6667, 8.6667, 43.0, 8.3333, 43.6667, 8.3333, 43.0, 8.0, 43.3333, 8.0, 43.0, 8.6667, 43.0, 9.0, 42.0, 9.0, 41.0, 10.0, 41.0, 10.3333, 40.6667, 12.0, 40.6667, 13.0, 40.3333, 15.0, 39.6667, 16.0, 40.3333, 17.0, 40.3333, 17.6667, 40.3333]",22.24782,16.658845,91.760558
363,363,5c:01:3b:6b:b0:95,-44,256,"[86.0, -32.0, 4.0, 0.0, 5.6667, 13.0, 5.6667, 13.0, 5.6667, 12.0, 6.0, 12.0, 6.0, 12.0, 5.6667, 11.6667, 5.6667, 11.0, 5.3333, 10.6667, 5.3333, 10.6667, 5.0, 10.6667, 5.0, 10.6667, 5.0, 10.3333, 5.0, 10.3333, 5.3333, 10.3333, 5.3333, 10.3333, 5.3333, 10.3333, 4.6667, 9.6667, 4.6667, 9.6667, 5.0, 9.6667, 4.3333, 9.0, 4.3333, 9.0, 3.6667, 9.0, 3.6667, 8.3333, 3.6667, 8.3333, 3.0, 8.3333, 0.0, 1.6667, 0.0, 0.0, 0.0, 0.0, 0.0, 0.0, 0.0, 0.0, 0.0, 0.0, 0.0, 0.0, 0.0, 0.0, 0.0, 0.0, 0.0, 0.0, 1.0, 2.0, 5.0, 10.0, 5.3333, 10.6667, 5.6667, 11.0, 5.6667, 11.0, 5.3333, 12.0, 4.6667, 12.0, 4.3333, 12.3333, 3.3333, 12.3333, 3.0, 12.6667, 3.0, 12.6667, 2.3333, 12.6667, 2.3333, 12.6667, 2.3333, 12.6667, 2.3333, 12.6667, 2.0, 12.3333, 3.0, 12.3333, 3.0, 11.6667, 3.3333, 11.6667, 3.3333, 12.3333, 4.0, 12.3333, 4.3333, 12.3333, 4.3333, 12.3333, 4.6667, 12.3333, 5.0, 13.3333, 5.6667, 13.3333, 5.6667, 14.0, 2.3333, 13.0, 10.6667, 42.6667, 10.6667, 42.0, 10.3333, 41.0, 11.0, 40.0, 11.6667, 38.6667, 12.0, 37.6667, 12.6667, 35.6667, 13.3333, 34.3333, 14.3333, 33.3333, 15.3333, 32.0, 17.0, 31.6667, 17.3333, 30.6667, 17.3333, 31.3333, 18.3333, 31.0, 17.6667, 31.0, 17.3333, 30.3333, 17.3333, 30.0, 16.3333, 29.6667, 15.0, 29.0, 13.6667, 29.0, 12.6667, 28.3333, 11.3333, 27.3333, 10.3333, 26.6667, 10.0, 25.6667, 9.0, 25.6667, 7.0, 25.0, 2.3333, 25.6667, 0.3333, 25.0, -0.6667, 4.0, -0.6667, 1.0, -1.0, -1.0, -1.3333, -1.6667, -1.0, -1.0, 0.3333, 1.0, 2.6667, 4.3333, 16.3333, 28.6667, 15.0, 30.0, 15.3333, 31.0, 13.6667, 33.0, 12.0, 34.3333, 9.6667, 36.3333, 8.6667, 37.6667, 6.6667, 39.6667, 5.3333, 41.6667, 3.6667, 43.0, 3.3333, 43.0, 2.6667, 43.6667, 3.3333, 44.0, 2.6667, 44.6667, 2.6667, 44.0, 2.0, 44.0, 2.0, 44.0, 2.3333, 43.6667, 3.0, 43.0, 3.0, 42.0, 4.0, 42.0, 4.6667, 42.3333, 6.0, 42.3333, 7.0, 42.3333, 9.0, 41.6667, 10.0, 42.3333, 11.0, 42.6667, 11.3333, 42.6667]",22.456346,16.299013,91.760558
364,364,5c:01:3b:6b:b0:95,-38,256,"[86.0, -32.0, 4.0, 0.0, 6.3333, 13.0, 6.3333, 12.6667, 6.3333, 12.0, 6.0, 12.3333, 6.0, 12.3333, 5.3333, 12.6667, 5.3333, 12.0, 4.6667, 12.0, 4.6667, 12.0, 4.0, 12.0, 4.0, 12.3333, 4.0, 12.3333, 4.0, 12.3333, 3.6667, 12.3333, 3.6667, 12.3333, 3.6667, 12.3333, 3.3333, 11.3333, 3.3333, 11.3333, 4.0, 11.0, 3.6667, 10.0, 3.6667, 9.6667, 3.3333, 9.6667, 3.3333, 8.6667, 3.3333, 8.3333, 3.0, 8.3333, 0.0, 1.6667, 0.0, 0.0, 0.0, 0.0, 0.0, 0.0, 0.0, 0.0, 0.0, 0.0, 0.0, 0.0, 0.0, 0.0, 0.0, 0.0, 0.0, 0.0, 1.0, 2.3333, 5.0, 11.3333, 5.6667, 11.6667, 6.3333, 11.6667, 6.3333, 11.3333, 5.6667, 12.0, 5.3333, 11.6667, 4.6667, 11.6667, 3.6667, 11.3333, 3.0, 11.3333, 3.0, 11.0, 2.6667, 11.0, 2.6667, 10.6667, 2.6667, 10.6667, 2.6667, 10.6667, 2.0, 10.6667, 3.0, 10.6667, 3.0, 10.0, 3.6667, 10.3333, 3.6667, 11.0, 4.0, 11.3333, 4.6667, 11.6667, 4.6667, 11.6667, 5.3333, 12.0, 6.0, 12.6667, 6.3333, 12.6667, 6.3333, 13.6667, 0.0, 10.0, 4.0, 33.6667, 4.0, 33.0, 4.0, 32.0, 5.0, 31.3333, 6.0, 30.6667, 6.0, 30.3333, 7.0, 29.3333, 8.0, 29.0, 9.0, 28.6667, 10.0, 28.3333, 12.0, 28.6667, 12.0, 28.3333, 12.0, 29.0, 13.0, 29.0, 12.0, 29.0, 12.0, 28.3333, 12.0, 27.3333, 11.0, 27.3333, 10.0, 26.3333, 9.0, 25.6667, 8.0, 24.6667, 7.0, 23.3333, 6.0, 22.3333, 6.0, 21.3333, 5.0, 21.0, 3.0, 20.0, -4.0, 18.6667, -6.0, 17.6667, -2.0, 2.6667, -1.0, 0.3333, -1.0, -1.0, -1.0, -1.6667, -1.0, -1.0, 0.0, 1.0, 1.3333, 4.3333, 9.3333, 28.0, 8.0, 28.0, 11.0, 27.6667, 9.0, 28.3333, 7.0, 28.3333, 4.0, 29.3333, 3.0, 29.3333, 1.0, 30.0, 0.0, 30.6667, -2.0, 31.0, -2.0, 30.6667, -3.0, 30.6667, -2.0, 31.0, -3.0, 31.0, -3.0, 30.6667, -4.0, 30.6667, -4.0, 30.6667, -4.0, 30.3333, -3.0, 30.0, -3.0, 29.6667, -2.0, 30.0, -1.0, 30.6667, 0.0, 31.3333, 1.0, 31.6667, 3.0, 31.6667, 4.0, 32.6667, 5.0, 33.3333, 5.0, 33.3333]",18.753484,12.713165,91.760558
365,365,5c:01:3b:6b:b0:95,-43,256,"[86.0, -32.0, 4.0, 0.0, 7.3333, 4.0, 7.0, 3.6667, 7.0, 3.3333, 6.0, 3.6667, 6.0, 3.6667, 5.0, 4.0, 5.0, 3.6667, 4.0, 3.3333, 4.0, 3.6667, 3.0, 3.3333, 3.0, 3.6667, 3.0, 3.6667, 3.0, 3.6667, 2.0, 4.0, 2.0, 4.0, 2.0, 4.0, 2.0, 3.3333, 2.0, 3.3333, 3.0, 3.3333, 3.0, 2.6667, 3.0, 2.6667, 3.0, 2.6667, 3.0, 2.3333, 3.0, 2.0, 3.0, 2.3333, 0.0, 0.0, 0.0, 0.0, 0.0, 0.0, 0.0, 0.0, 0.0, 0.0, 0.0, 0.0, 0.0, 0.0, 0.0, 0.0, 0.0, 0.0, 0.0, 0.0, 1.0, 0.3333, 5.0, 3.3333, 6.0, 3.3333, 7.0, 3.3333, 7.0, 3.0, 6.6667, 3.6667, 6.6667, 3.6667, 6.3333, 4.0, 6.0, 4.0, 5.3333, 4.0, 5.3333, 3.6667, 5.6667, 3.6667, 5.6667, 3.3333, 5.6667, 3.3333, 5.6667, 3.6667, 5.0, 3.6667, 5.3333, 3.3333, 5.3333, 3.0, 5.6667, 3.3333, 5.6667, 3.3333, 5.6667, 3.6667, 6.3333, 4.0, 6.3333, 3.6667, 7.0, 3.6667, 7.3333, 3.6667, 7.3333, 3.6667, 7.3333, 4.3333, 3.0, 3.3333, 13.3333, 11.6667, 13.3333, 11.3333, 13.0, 11.0, 13.3333, 10.6667, 13.3333, 10.3333, 13.0, 10.0, 12.6667, 9.6667, 12.6667, 9.3333, 12.6667, 9.0, 12.3333, 8.6667, 13.0, 8.6667, 12.6667, 8.3333, 12.3333, 8.6667, 13.0, 8.6667, 12.3333, 8.6667, 12.3333, 8.3333, 12.3333, 8.0, 11.6667, 8.3333, 11.3333, 8.0, 10.6667, 7.6667, 10.3333, 7.3333, 9.6667, 7.0, 9.0, 6.6667, 9.0, 6.3333, 8.6667, 6.6667, 7.6667, 6.3333, 4.3333, 6.0, 3.3333, 6.0, -0.3333, 0.6667, -0.3333, -0.3333, -1.0, -0.6667, -1.0, -1.0, -1.0, -0.6667, 0.0, 0.0, 1.0, 1.0, 9.0, 8.0, 9.6667, 8.3333, 13.6667, 8.6667, 14.0, 9.3333, 13.6667, 9.3333, 12.6667, 10.0, 12.6667, 10.0, 12.3333, 10.6667, 12.6667, 11.0, 12.0, 11.3333, 12.6667, 11.3333, 12.3333, 11.0, 13.0, 11.3333, 12.3333, 11.0, 12.6667, 11.0, 12.0, 11.3333, 11.6667, 11.6667, 11.6667, 11.0, 12.0, 11.0, 11.3333, 10.6667, 12.0, 10.6667, 12.3333, 11.0, 12.6667, 11.3333, 12.6667, 11.0, 13.6667, 11.0, 14.0, 11.0, 14.6667, 11.3333, 14.6667, 11.3333]",9.961157,9.343522,91.760558
366,366,5c:01:3b:6b:b0:95,-43,256,"[86.0, -32.0, 4.0, 0.0, 2.6667, 3.0, 2.3333, 2.3333, 2.6667, 2.3333, 2.0, 3.0, 2.3333, 3.0, 1.6667, 3.6667, 2.0, 3.6667, 1.6667, 3.3333, 2.0, 3.6667, 1.3333, 3.3333, 1.6667, 4.0, 1.6667, 4.0, 1.6667, 4.0, 1.3333, 4.3333, 1.3333, 4.3333, 1.3333, 4.3333, 1.0, 3.6667, 1.0, 3.6667, 1.3333, 3.3333, 1.3333, 2.6667, 1.0, 2.3333, 1.0, 2.3333, 1.0, 2.0, 0.6667, 1.3333, 0.6667, 1.6667, -0.3333, -0.3333, 0.0, 0.0, 0.0, 0.0, 0.0, 0.0, 0.0, 0.0, 0.0, 0.0, 0.0, 0.0, 0.0, 0.0, 0.0, 0.0, 0.0, 0.0, 0.3333, 0.6667, 2.6667, 3.6667, 3.0, 3.0, 3.3333, 3.0, 3.0, 2.3333, 2.3333, 2.6667, 2.0, 2.3333, 2.0, 2.6667, 1.3333, 2.3333, 1.0, 2.3333, 0.6667, 1.6667, 0.6667, 1.6667, 0.6667, 1.0, 0.6667, 1.0, 0.6667, 1.3333, 0.3333, 1.3333, 0.3333, 1.0, 0.6667, 1.0, 1.0, 1.6667, 1.0, 1.3333, 1.0, 2.0, 1.6667, 2.6667, 1.6667, 2.3333, 2.3333, 2.6667, 2.3333, 2.3333, 2.3333, 2.3333, 2.3333, 3.0, 0.6667, 0.3333, 5.3333, 3.0, 5.3333, 2.3333, 5.3333, 2.0, 5.6667, 2.0, 5.6667, 2.0, 6.0, 2.3333, 5.6667, 3.0, 5.6667, 3.3333, 6.0, 3.6667, 5.6667, 4.0, 6.3333, 4.3333, 6.3333, 4.6667, 6.3333, 4.6667, 6.6667, 4.6667, 6.3333, 4.6667, 6.3333, 4.6667, 6.3333, 4.3333, 5.6667, 4.6667, 5.6667, 4.3333, 5.0, 3.3333, 4.6667, 3.0, 4.3333, 2.3333, 4.0, 2.0, 4.0, 1.6667, 3.6667, 1.6667, 3.0, 1.3333, 0.3333, -1.3333, -0.3333, -1.3333, -0.6667, -0.6667, -0.6667, -1.0, -0.6667, -0.6667, -0.6667, -0.6667, -0.6667, -0.6667, -0.3333, 0.0, 0.3333, 0.3333, 3.6667, 4.0, 4.0, 3.3333, 7.0, 4.3333, 7.0, 3.6667, 6.6667, 2.6667, 5.6667, 2.3333, 5.3333, 1.3333, 5.0, 1.3333, 5.0, 0.3333, 4.3333, 0.3333, 4.6667, 0.0, 4.3333, -0.6667, 4.3333, -0.6667, 4.0, -1.3333, 4.3333, -1.3333, 4.0, -1.0, 3.6667, -0.6667, 3.6667, -1.0, 4.0, -1.0, 3.6667, -0.6667, 4.3333, -0.3333, 4.6667, 0.0, 5.0, 1.0, 5.0, 1.0, 5.6667, 1.3333, 5.6667, 2.0, 6.3333, 2.3333, 6.3333, 2.3333]",4.501092,8.05373,91.760558
367,367,5c:01:3b:6b:b0:95,-44,256,"[86.0, -32.0, 4.0, 0.0, 4.6667, 6.0, 4.3333, 5.6667, 4.6667, 5.3333, 4.3333, 5.3333, 4.6667, 5.0, 4.3333, 5.3333, 4.6667, 5.0, 5.0, 4.3333, 5.3333, 4.3333, 5.0, 3.6667, 5.3333, 4.0, 5.3333, 3.6667, 5.3333, 3.6667, 5.3333, 4.0, 5.3333, 4.0, 5.3333, 4.0, 5.0, 3.6667, 5.0, 3.6667, 4.6667, 3.6667, 4.3333, 3.3333, 3.6667, 3.3333, 3.6667, 3.0, 3.3333, 3.0, 3.0, 2.6667, 2.6667, 3.0, 0.3333, 0.0, 0.0, 0.0, 0.0, 0.0, 0.0, 0.0, 0.0, 0.0, 0.0, 0.0, 0.0, 0.0, 0.0, 0.0, 0.0, 0.0, 0.0, 0.0, 1.0, 0.6667, 5.3333, 4.3333, 5.0, 4.3333, 5.0, 4.6667, 4.6667, 5.0, 4.0, 5.3333, 3.6667, 5.6667, 3.6667, 6.3333, 3.0, 6.6667, 3.0, 7.0, 2.6667, 6.6667, 2.6667, 6.6667, 2.3333, 6.3333, 2.3333, 6.3333, 2.3333, 6.3333, 2.3333, 6.3333, 2.0, 6.0, 2.6667, 6.0, 2.6667, 6.3333, 2.6667, 6.0, 3.0, 6.3333, 3.3333, 6.6667, 3.6667, 6.3333, 4.0, 6.0, 4.0, 6.0, 4.3333, 6.0, 4.6667, 6.3333, 2.0, 3.3333, 9.6667, 12.0, 9.6667, 11.3333, 9.6667, 11.0, 9.6667, 10.6667, 9.3333, 10.0, 9.6667, 9.6667, 9.3333, 9.3333, 9.3333, 9.0, 9.6667, 8.3333, 9.3333, 8.0, 9.6667, 7.6667, 10.0, 7.6667, 10.0, 7.3333, 10.0, 7.3333, 10.0, 7.3333, 10.0, 7.0, 9.6667, 7.0, 9.0, 7.3333, 9.3333, 7.3333, 8.3333, 6.6667, 8.0, 6.6667, 7.3333, 6.3333, 7.0, 6.0, 6.6667, 6.0, 6.3333, 6.0, 5.6667, 6.0, 3.0, 5.0, 2.3333, 5.0, 0.0, 0.3333, -0.6667, -0.3333, -0.6667, -0.6667, -0.6667, -0.6667, -0.6667, -0.6667, 0.0, 0.0, 1.0, 1.0, 7.3333, 7.3333, 7.3333, 7.6667, 10.0, 8.3333, 10.0, 9.0, 9.6667, 9.3333, 9.3333, 10.0, 8.6667, 10.0, 8.6667, 10.3333, 8.6667, 10.0, 8.3333, 10.3333, 8.3333, 10.3333, 8.0, 10.0, 7.6667, 10.0, 7.6667, 9.6667, 8.0, 9.3333, 7.6667, 9.6667, 7.3333, 10.0, 7.3333, 9.6667, 7.6667, 9.6667, 7.3333, 9.6667, 8.0, 9.6667, 8.6667, 10.0, 9.0, 10.6667, 9.0, 10.6667, 9.6667, 10.6667, 9.6667, 11.3333, 10.3333, 11.6667, 10.3333, 11.6667]",8.86414,8.586313,91.760558
368,368,5c:01:3b:6b:b0:95,-43,256,"[86.0, -32.0, 4.0, 0.0, 5.3333, 17.0, 5.3333, 16.6667, 5.6667, 16.0, 5.6667, 15.6667, 6.0, 15.0, 6.0, 15.3333, 6.3333, 14.6667, 7.3333, 14.0, 7.6667, 13.3333, 8.0, 12.6667, 8.3333, 13.0, 8.3333, 12.3333, 8.3333, 12.3333, 8.6667, 12.3333, 8.6667, 12.6667, 8.6667, 12.6667, 8.3333, 12.0, 8.0, 12.0, 7.0, 11.6667, 6.6667, 11.3333, 5.6667, 11.0, 5.3333, 10.3333, 5.0, 10.0, 4.3333, 9.6667, 4.0, 9.6667, 0.6667, 1.6667, 0.0, 0.0, 0.0, 0.0, 0.0, 0.0, 0.0, 0.0, 0.0, 0.0, 0.0, 0.0, 0.0, 0.0, 0.0, 0.0, 0.0, 0.0, 1.3333, 3.0, 7.0, 13.3333, 6.3333, 13.6667, 5.6667, 14.3333, 5.3333, 15.3333, 4.0, 15.3333, 3.6667, 15.6667, 3.0, 16.3333, 2.0, 16.6667, 1.6667, 17.3333, 1.3333, 17.0, 0.6667, 17.0, 0.3333, 16.6667, 0.3333, 16.6667, 0.3333, 16.0, 0.3333, 16.0, 0.3333, 16.0, 1.0, 16.0, 1.6667, 16.3333, 1.6667, 16.3333, 2.3333, 16.6667, 2.6667, 17.0, 3.3333, 17.0, 3.6667, 16.6667, 4.3333, 17.3333, 4.6667, 17.3333, 5.3333, 17.6667, 0.0, 10.0, 3.0, 34.0, 3.0, 33.0, 3.3333, 32.0, 3.6667, 31.3333, 4.0, 30.0, 4.6667, 29.6667, 5.6667, 28.6667, 6.6667, 28.3333, 8.0, 27.3333, 9.0, 27.0, 10.3333, 26.6667, 11.3333, 27.0, 12.0, 26.3333, 11.6667, 26.3333, 11.6667, 26.3333, 11.6667, 25.6667, 11.3333, 25.3333, 10.6667, 25.3333, 10.3333, 25.0, 8.6667, 23.6667, 7.6667, 23.3333, 6.6667, 22.0, 6.0, 21.0, 5.3333, 20.6667, 4.3333, 19.6667, 3.0, 19.3333, -3.0, 17.0, -4.3333, 16.6667, -1.0, 2.3333, -1.3333, 0.3333, -0.6667, -1.0, -0.6667, -1.0, -0.6667, -1.0, 0.3333, 1.0, 1.3333, 4.3333, 9.3333, 26.6667, 7.3333, 26.6667, 8.6667, 27.0, 6.3333, 27.6667, 4.3333, 28.3333, 2.6667, 29.3333, 1.0, 29.3333, -0.3333, 29.0, -2.0, 28.3333, -3.3333, 28.3333, -4.3333, 28.3333, -5.3333, 28.0, -5.6667, 28.3333, -5.6667, 28.0, -5.6667, 27.6667, -6.0, 27.6667, -6.0, 27.3333, -6.0, 27.3333, -5.3333, 27.3333, -4.6667, 27.3333, -3.6667, 27.6667, -2.3333, 28.0, -1.3333, 29.3333, 0.0, 30.3333, 1.3333, 30.6667, 2.0, 32.6667, 3.0, 33.6667, 3.0, 33.6667]",19.44721,11.660808,91.760558
369,369,5c:01:3b:6b:b0:95,-42,256,"[86.0, -32.0, 4.0, 0.0, 11.0, 19.6667, 11.0, 19.3333, 11.0, 18.6667, 11.0, 17.6667, 11.0, 17.0, 11.0, 16.6667, 11.0, 15.6667, 12.0, 14.6667, 12.0, 14.0, 12.6667, 13.0, 12.6667, 13.0, 12.6667, 12.0, 12.6667, 12.0, 12.6667, 12.0, 12.6667, 12.3333, 12.6667, 12.3333, 12.6667, 12.0, 12.0, 12.0, 11.0, 12.0, 10.6667, 12.0, 9.6667, 11.6667, 9.0, 11.0, 8.6667, 11.0, 8.0, 11.0, 7.6667, 11.0, 1.3333, 2.0, 0.0, 0.0, 0.0, 0.0, 0.0, 0.0, 0.0, 0.0, 0.0, 0.0, 0.0, 0.0, 0.0, 0.0, 0.0, 0.0, 0.0, 0.0, 2.3333, 3.0, 11.0, 14.0, 10.6667, 15.0, 10.0, 16.0, 10.0, 17.6667, 9.0, 17.6667, 9.0, 18.6667, 8.0, 19.6667, 7.6667, 20.6667, 7.0, 21.3333, 7.0, 21.6667, 6.3333, 21.6667, 6.0, 22.0, 6.0, 21.6667, 6.0, 21.0, 6.0, 21.0, 6.0, 21.0, 6.3333, 20.6667, 7.0, 20.6667, 7.0, 20.6667, 8.0, 20.3333, 8.0, 20.3333, 9.0, 20.3333, 9.0, 19.6667, 10.0, 20.6667, 10.3333, 20.6667, 11.3333, 21.0, 3.3333, 12.6667, 13.6667, 41.6667, 13.6667, 41.0, 13.6667, 40.0, 13.6667, 39.0, 13.6667, 37.3333, 13.6667, 36.0, 14.6667, 34.3333, 15.6667, 33.0, 16.6667, 31.3333, 17.6667, 30.3333, 18.6667, 29.3333, 19.6667, 29.3333, 20.3333, 28.3333, 19.6667, 28.6667, 19.6667, 28.3333, 19.6667, 27.6667, 19.3333, 27.6667, 19.0, 27.3333, 18.3333, 27.3333, 16.3333, 26.6667, 15.3333, 26.3333, 14.0, 25.3333, 13.0, 24.3333, 12.0, 24.3333, 11.0, 23.6667, 9.6667, 23.3333, 3.3333, 23.6667, 2.0, 24.0, 0.0, 3.6667, -1.0, 1.0, -1.0, -1.0, -1.0, -1.0, -1.0, -1.0, 1.0, 1.0, 2.3333, 5.0, 16.6667, 29.6667, 14.6667, 30.6667, 16.6667, 30.3333, 14.6667, 32.3333, 12.6667, 34.3333, 11.6667, 36.0, 10.3333, 37.3333, 9.3333, 37.6667, 7.6667, 38.0, 6.6667, 38.6667, 5.6667, 39.3333, 4.6667, 39.3333, 4.6667, 40.0, 4.6667, 40.0, 4.6667, 39.6667, 4.3333, 39.6667, 4.3333, 39.0, 4.3333, 39.0, 4.6667, 39.0, 5.3333, 38.3333, 6.3333, 38.3333, 7.6667, 38.0, 8.6667, 38.6667, 10.3333, 39.6667, 11.6667, 39.6667, 12.6667, 41.0, 13.6667, 41.6667, 13.6667, 42.0]",24.828765,14.199819,91.760558
370,370,5c:01:3b:6b:b0:95,-38,256,"[86.0, -32.0, 4.0, 0.0, 10.0, 12.6667, 10.0, 12.3333, 10.0, 12.3333, 10.0, 12.0, 10.0, 11.6667, 10.0, 11.6667, 10.0, 11.3333, 11.0, 10.6667, 11.0, 10.3333, 12.0, 10.0, 12.0, 10.0, 12.0, 9.6667, 12.0, 9.6667, 12.0, 9.6667, 12.0, 10.0, 12.0, 10.0, 12.0, 9.6667, 11.0, 9.3333, 10.0, 9.3333, 10.0, 9.3333, 9.0, 8.6667, 8.0, 8.0, 8.0, 8.0, 7.0, 7.6667, 7.0, 7.6667, 1.0, 1.3333, 0.0, 0.0, 0.0, 0.0, 0.0, 0.0, 0.0, 0.0, 0.0, 0.0, 0.0, 0.0, 0.0, 0.0, 0.0, 0.0, 0.0, 0.0, 2.0, 2.0, 10.0, 10.0, 10.0, 10.3333, 9.0, 10.6667, 9.0, 11.3333, 8.0, 11.0, 8.0, 11.3333, 7.0, 12.0, 7.0, 12.3333, 6.0, 12.3333, 6.0, 12.6667, 5.0, 12.6667, 5.0, 13.0, 5.0, 13.0, 5.0, 12.6667, 5.0, 12.6667, 5.0, 12.6667, 5.0, 12.3333, 6.0, 12.0, 6.0, 12.3333, 7.0, 12.3333, 7.0, 12.3333, 8.0, 12.6667, 8.0, 12.3333, 9.0, 13.0, 9.0, 13.0, 10.0, 13.6667, 3.0, 9.0, 12.0, 29.6667, 12.0, 29.0, 12.0, 28.6667, 12.0, 28.0, 12.0, 27.3333, 12.0, 26.6667, 13.0, 26.0, 14.0, 25.3333, 15.0, 24.6667, 16.0, 24.3333, 17.0, 24.0, 18.0, 24.3333, 19.0, 23.6667, 18.0, 24.3333, 18.0, 24.0, 18.0, 23.6667, 18.0, 23.6667, 18.0, 23.0, 17.0, 23.0, 15.0, 22.0, 14.0, 21.3333, 13.0, 20.3333, 12.0, 19.3333, 11.0, 19.0, 10.0, 18.0, 9.0, 17.3333, 3.0, 19.0, 2.0, 19.0, 0.0, 3.0, -1.0, 0.6667, -1.0, -1.0, -1.0, -1.0, -1.0, -1.0, 1.0, 1.0, 2.0, 4.3333, 15.0, 26.3333, 13.0, 26.6667, 15.0, 23.0, 13.0, 24.0, 11.0, 24.6667, 10.0, 25.0, 9.0, 25.6667, 8.0, 25.3333, 6.0, 25.0, 5.0, 25.3333, 4.0, 25.6667, 3.0, 26.0, 3.0, 26.6667, 3.0, 26.6667, 3.0, 27.0, 3.0, 27.0, 3.0, 26.3333, 3.0, 26.3333, 3.0, 26.0, 4.0, 25.0, 5.0, 25.3333, 6.0, 25.3333, 7.0, 26.0, 9.0, 27.3333, 10.0, 27.3333, 11.0, 28.3333, 12.0, 28.6667, 12.0, 29.0]",18.677404,11.561808,91.760558
371,371,5c:01:3b:6b:b0:95,-43,256,"[86.0, -32.0, 4.0, 0.0, 0.3333, 5.6667, 0.3333, 5.3333, 0.6667, 6.0, 1.0, 6.3333, 1.0, 6.3333, 1.3333, 6.6667, 1.6667, 7.0, 2.6667, 6.6667, 2.6667, 6.6667, 3.6667, 7.0, 3.6667, 7.0, 3.6667, 7.3333, 3.6667, 7.3333, 4.0, 7.3333, 4.0, 7.3333, 4.0, 7.3333, 3.6667, 7.3333, 3.0, 6.6667, 2.6667, 6.6667, 2.6667, 6.6667, 2.0, 5.6667, 1.3333, 5.0, 1.3333, 5.0, 0.6667, 4.3333, 0.6667, 4.3333, -0.3333, 0.6667, 0.0, 0.0, 0.0, 0.0, 0.0, 0.0, 0.0, 0.0, 0.0, 0.0, 0.0, 0.0, 0.0, 0.0, 0.0, 0.0, 0.0, 0.0, 0.0, 1.0, 2.3333, 6.0, 2.0, 5.6667, 0.6667, 5.3333, 0.3333, 5.0, -0.6667, 4.3333, -1.0, 4.0, -2.0, 4.3333, -2.0, 4.0, -2.6667, 3.3333, -3.0, 3.6667, -4.0, 3.6667, -4.0, 4.0, -4.0, 4.3333, -3.6667, 4.3333, -3.6667, 4.3333, -3.6667, 4.3333, -3.6667, 4.0, -2.6667, 3.3333, -2.6667, 4.0, -2.0, 4.3333, -2.0, 4.3333, -1.0, 5.0, -1.0, 5.0, -0.3333, 5.3333, -0.6667, 5.3333, 0.0, 6.3333, -2.3333, 5.3333, -5.3333, 17.6667, -5.3333, 17.0, -5.0, 17.3333, -4.3333, 17.0, -4.0, 17.3333, -4.0, 17.3333, -2.6667, 17.6667, -1.3333, 17.6667, -0.3333, 18.0, 0.6667, 18.3333, 1.3333, 18.6667, 2.3333, 19.3333, 3.0, 19.0, 2.3333, 20.0, 2.6667, 19.6667, 2.6667, 19.6667, 3.0, 19.6667, 3.0, 18.6667, 2.3333, 18.6667, 1.0, 17.3333, 0.3333, 16.3333, 0.0, 15.3333, -0.6667, 14.3333, -1.0, 13.6667, -1.3333, 12.3333, -2.3333, 11.3333, -7.0, 12.3333, -7.3333, 11.3333, -1.6667, 1.6667, -1.3333, 0.3333, -0.6667, -1.0, -0.6667, -1.0, -0.6667, -1.0, 0.0, 1.0, -0.6667, 3.6667, 0.3333, 21.6667, -1.6667, 21.3333, 0.0, 15.6667, -2.0, 15.6667, -4.0, 15.0, -5.3333, 14.0, -6.3333, 14.0, -7.3333, 13.0, -9.3333, 12.0, -10.0, 11.6667, -11.0, 11.3333, -12.0, 12.0, -12.3333, 12.3333, -12.3333, 12.3333, -12.0, 13.0, -12.0, 13.0, -12.0, 12.6667, -12.0, 12.6667, -11.6667, 12.0, -10.6667, 11.0, -9.6667, 11.6667, -9.3333, 12.6667, -8.6667, 13.3333, -7.3333, 15.0, -6.6667, 15.0, -6.0, 15.6667, -5.3333, 15.6667, -5.6667, 16.0]",10.701833,9.709287,91.760558
372,372,5c:01:3b:6b:b0:95,-38,256,"[86.0, -32.0, 4.0, 0.0, -8.6667, -3.6667, -8.6667, -3.6667, -8.3333, -3.0, -7.6667, -2.6667, -7.6667, -2.6667, -7.3333, -2.0, -6.6667, -1.3333, -5.6667, -1.3333, -5.6667, -1.3333, -4.6667, -0.3333, -4.6667, 0.0, -4.6667, 0.6667, -4.6667, 0.6667, -4.0, 0.6667, -4.0, 0.6667, -4.0, 0.6667, -4.6667, 0.6667, -5.0, 0.0, -4.6667, 0.0, -4.6667, 0.0, -5.0, -0.6667, -5.3333, -1.3333, -5.3333, -1.3333, -5.6667, -1.6667, -5.6667, -1.3333, -1.6667, -0.6667, 0.0, 0.0, 0.0, 0.0, 0.0, 0.0, 0.0, 0.0, 0.0, 0.0, 0.0, 0.0, 0.0, 0.0, 0.0, 0.0, 0.0, 0.0, -2.0, -1.0, -5.3333, -2.3333, -6.0, -2.6667, -7.3333, -3.3333, -7.6667, -3.6667, -8.3333, -4.0, -8.6667, -4.3333, -9.0, -4.3333, -9.0, -4.6667, -9.0, -5.0, -9.3333, -5.0, -10.0, -5.0, -10.0, -5.0, -10.0, -4.0, -9.6667, -4.0, -9.6667, -4.0, -9.6667, -4.0, -9.6667, -4.0, -9.0, -5.0, -9.3333, -4.6667, -9.3333, -4.0, -9.3333, -4.3333, -9.0, -3.6667, -9.0, -4.0, -9.0, -4.0, -9.3333, -4.3333, -9.0, -4.0, -6.0, 0.0, -18.0, 1.0, -18.0, 0.3333, -17.6667, 1.0, -16.6667, 1.0, -16.0, 1.6667, -16.0, 2.0, -15.3333, 2.3333, -14.3333, 2.6667, -14.0, 3.0, -13.6667, 3.0, -13.6667, 3.3333, -13.0, 3.6667, -13.0, 3.6667, -13.3333, 4.0, -12.6667, 4.3333, -12.6667, 4.3333, -12.0, 4.6667, -11.6667, 4.0, -12.0, 4.3333, -12.0, 3.3333, -12.0, 3.3333, -11.6667, 3.0, -11.6667, 2.6667, -11.3333, 2.3333, -11.0, 1.6667, -11.3333, 1.3333, -12.0, 3.3333, -11.3333, 2.6667, -2.3333, 0.0, -1.3333, -0.3333, -0.3333, -1.0, -0.3333, -0.6667, -0.3333, -0.6667, -1.0, 0.0, -3.0, 0.6667, -12.3333, 6.3333, -13.3333, 6.3333, -13.0, 0.6667, -14.0, 0.6667, -15.0, 0.0, -15.6667, -0.6667, -16.0, -0.6667, -16.3333, -1.6667, -17.3333, -2.3333, -17.3333, -2.6667, -18.0, -3.0, -18.6667, -2.0, -19.0, -2.0, -19.3333, -2.0, -18.6667, -1.0, -18.3333, -1.0, -18.3333, -1.0, -18.3333, -1.0, -18.0, -2.0, -17.6667, -3.0, -17.3333, -2.3333, -17.6667, -1.3333, -17.6667, -1.0, -17.3333, -0.3333, -17.6667, -0.6667, -18.0, -0.3333, -18.0, -1.0, -18.3333, -1.0]",10.842175,9.17354,91.760558
373,373,5c:01:3b:6b:b0:95,-37,256,"[86.0, -32.0, 4.0, 0.0, -17.6667, -6.6667, -17.6667, -6.6667, -17.3333, -6.3333, -16.3333, -6.3333, -16.3333, -6.3333, -16.0, -6.0, -15.0, -5.6667, -14.0, -5.6667, -14.0, -5.6667, -13.0, -4.6667, -13.0, -4.0, -13.0, -3.6667, -13.0, -3.6667, -12.0, -3.6667, -12.0, -3.6667, -12.0, -3.6667, -13.0, -3.6667, -13.0, -4.0, -12.0, -4.0, -12.0, -4.0, -12.0, -4.3333, -12.0, -4.3333, -12.0, -4.3333, -12.0, -4.3333, -12.0, -4.0, -3.0, -1.3333, 0.0, 0.0, 0.0, 0.0, 0.0, 0.0, 0.0, 0.0, 0.0, 0.0, 0.0, 0.0, 0.0, 0.0, 0.0, 0.0, 0.0, 0.0, -4.0, -2.0, -13.0, -6.0, -14.0, -6.0, -15.3333, -6.3333, -15.6667, -6.3333, -16.0, -6.3333, -16.3333, -6.3333, -16.0, -6.3333, -16.0, -6.3333, -15.3333, -6.3333, -15.6667, -6.0, -16.0, -6.0, -16.0, -6.0, -16.0, -5.3333, -15.6667, -5.3333, -15.6667, -5.3333, -15.6667, -5.3333, -15.6667, -5.3333, -15.3333, -6.0, -16.0, -6.0, -16.6667, -6.0, -16.6667, -6.3333, -17.0, -6.0, -17.0, -6.3333, -17.6667, -6.6667, -18.0, -7.0, -18.0, -7.0, -9.6667, -4.3333, -30.6667, -12.6667, -30.6667, -12.6667, -30.3333, -12.0, -29.0, -11.6667, -28.0, -11.0, -28.0, -10.6667, -28.0, -10.3333, -27.3333, -9.6667, -27.6667, -9.3333, -28.0, -9.3333, -28.6667, -8.6667, -28.3333, -8.3333, -29.0, -8.3333, -29.0, -8.3333, -28.0, -8.0, -28.0, -8.0, -27.0, -7.3333, -26.3333, -7.6667, -26.3333, -7.6667, -25.0, -8.0, -24.3333, -7.3333, -23.3333, -7.3333, -22.6667, -7.0, -21.6667, -7.0, -20.6667, -7.0, -20.3333, -7.0, -17.0, -5.3333, -15.3333, -4.6667, -3.0, -1.3333, -1.3333, -0.6667, 0.0, -0.6667, 0.0, -0.3333, 0.0, -0.3333, -2.0, -1.0, -5.3333, -1.6667, -25.0, -8.3333, -25.0, -8.6667, -26.0, -10.6667, -26.0, -11.0, -26.0, -12.0, -26.0, -12.0, -25.6667, -11.3333, -25.3333, -11.6667, -25.3333, -11.3333, -24.6667, -11.3333, -25.0, -11.0, -25.3333, -10.3333, -25.6667, -10.3333, -26.3333, -10.0, -25.3333, -9.3333, -24.6667, -9.0, -24.6667, -9.0, -24.6667, -9.0, -24.3333, -9.6667, -24.6667, -10.6667, -25.0, -10.3333, -26.0, -10.3333, -26.6667, -11.0, -27.3333, -11.3333, -28.6667, -12.0, -30.0, -12.3333, -30.6667, -13.3333, -31.0, -13.6667]",19.498168,11.549797,91.760558
374,374,5c:01:3b:6b:b0:95,-39,256,"[86.0, -32.0, 4.0, 0.0, -8.6667, -9.6667, -8.6667, -9.6667, -9.0, -9.6667, -8.3333, -10.0, -8.3333, -10.0, -8.3333, -10.0, -8.0, -10.0, -7.6667, -10.0, -7.6667, -10.0, -7.0, -9.0, -7.0, -8.0, -7.3333, -8.0, -7.3333, -8.0, -6.6667, -8.0, -6.6667, -8.0, -6.3333, -8.0, -7.3333, -8.0, -7.3333, -8.0, -6.6667, -8.0, -6.6667, -8.0, -6.3333, -8.0, -6.3333, -7.3333, -6.3333, -7.3333, -6.3333, -7.0, -6.6667, -6.6667, -1.6667, -2.0, 0.0, 0.0, 0.0, 0.0, 0.0, 0.0, 0.0, 0.0, 0.0, 0.0, 0.0, 0.0, 0.0, 0.0, 0.0, 0.0, 0.0, 0.0, -2.3333, -3.0, -7.3333, -9.6667, -7.6667, -9.3333, -8.0, -9.3333, -8.0, -9.0, -7.6667, -8.6667, -7.6667, -8.3333, -6.6667, -8.3333, -6.6667, -8.0, -5.6667, -7.6667, -5.6667, -7.0, -5.3333, -7.0, -5.3333, -7.0, -5.3333, -6.6667, -5.3333, -6.6667, -5.3333, -6.6667, -5.6667, -6.6667, -5.6667, -6.6667, -5.6667, -7.0, -6.3333, -7.3333, -7.0, -8.0, -7.0, -8.3333, -8.0, -8.3333, -8.0, -8.6667, -8.6667, -9.3333, -8.3333, -9.6667, -8.3333, -10.0, -1.6667, -8.6667, -5.3333, -26.3333, -5.6667, -25.6667, -6.0, -25.0, -5.6667, -24.3333, -5.3333, -23.6667, -5.6667, -23.3333, -7.0, -23.0, -7.6667, -22.0, -8.6667, -21.6667, -10.0, -21.6667, -11.0, -20.6667, -11.3333, -20.3333, -12.3333, -20.3333, -12.3333, -20.6667, -11.6667, -20.3333, -11.6667, -20.3333, -11.0, -19.3333, -10.3333, -19.3333, -10.3333, -19.6667, -9.0, -19.3333, -8.0, -18.0, -7.6667, -17.6667, -7.0, -16.6667, -6.3333, -16.3333, -5.6667, -15.6667, -5.0, -15.3333, 0.0, -12.3333, 1.0, -10.3333, -0.3333, -2.3333, -0.3333, -1.0, -0.3333, -0.3333, -0.3333, 0.0, -0.3333, 0.0, -1.3333, -2.0, -2.3333, -4.0, -8.6667, -21.6667, -7.3333, -22.3333, -8.6667, -22.0, -7.3333, -22.6667, -5.6667, -24.0, -4.3333, -23.3333, -3.0, -22.0, -1.6667, -21.6667, -0.3333, -20.3333, 1.0, -20.0, 1.6667, -19.0, 1.6667, -18.6667, 2.0, -18.6667, 1.3333, -18.0, 2.0, -17.6667, 2.6667, -17.0, 2.3333, -17.0, 2.3333, -17.0, 2.3333, -17.3333, 1.3333, -18.3333, 0.3333, -18.3333, -0.3333, -19.3333, -1.0, -21.0, -1.6667, -22.3333, -3.6667, -23.3333, -4.6667, -24.3333, -5.3333, -25.6667, -5.3333, -26.3333]",14.637762,10.272071,91.760558
375,375,5c:01:3b:6b:b0:95,-38,256,"[86.0, -32.0, 4.0, 0.0, 4.3333, -8.6667, 4.0, -8.6667, 3.3333, -9.0, 3.3333, -9.0, 3.3333, -9.0, 3.0, -9.0, 2.6667, -9.0, 2.6667, -9.3333, 2.3333, -9.3333, 2.6667, -9.0, 2.6667, -8.6667, 2.3333, -8.6667, 2.0, -8.6667, 2.3333, -8.6667, 2.3333, -8.3333, 2.6667, -8.3333, 2.0, -8.3333, 2.0, -8.0, 2.0, -7.6667, 2.0, -7.6667, 2.3333, -7.3333, 2.3333, -6.6667, 2.0, -6.6667, 2.0, -6.3333, 1.6667, -6.3333, 0.3333, -2.0, 0.0, 0.0, 0.0, 0.0, 0.0, 0.0, 0.0, 0.0, 0.0, 0.0, 0.0, 0.0, 0.0, 0.0, 0.0, 0.0, 0.0, 0.0, 0.0, -2.6667, 2.3333, -8.6667, 2.6667, -8.6667, 2.6667, -8.3333, 3.0, -8.0, 3.6667, -8.0, 4.0, -7.6667, 4.6667, -7.3333, 5.0, -7.0, 5.6667, -7.0, 6.0, -6.0, 6.3333, -6.0, 6.3333, -6.0, 6.3333, -6.0, 6.3333, -5.6667, 6.3333, -5.6667, 6.0, -5.6667, 5.6667, -6.0, 5.6667, -6.0, 5.0, -6.3333, 5.0, -7.0, 5.0, -7.3333, 4.3333, -7.3333, 4.3333, -7.6667, 4.0, -8.6667, 4.6667, -8.6667, 5.0, -8.6667, 5.3333, -8.3333, 17.6667, -25.6667, 17.0, -25.0, 16.3333, -24.3333, 16.0, -23.6667, 15.3333, -23.0, 14.6667, -22.6667, 13.3333, -22.3333, 12.0, -21.3333, 11.3333, -21.0, 9.6667, -20.6667, 9.0, -19.6667, 8.3333, -19.3333, 7.6667, -19.6667, 7.6667, -19.6667, 7.6667, -19.3333, 7.6667, -19.3333, 8.0, -18.6667, 8.3333, -18.3333, 8.3333, -18.6667, 8.6667, -18.3333, 9.0, -17.3333, 8.6667, -17.0, 8.6667, -16.0, 8.6667, -15.6667, 9.0, -15.3333, 9.0, -14.6667, 12.0, -12.3333, 12.3333, -10.3333, 1.6667, -2.0, 0.3333, -0.6667, -0.6667, 0.0, -0.6667, 0.0, -0.6667, 0.0, -0.3333, -2.0, 1.0, -3.6667, 8.6667, -21.0, 10.0, -22.0, 9.6667, -21.0, 11.3333, -21.6667, 13.3333, -23.3333, 14.6667, -22.6667, 16.0, -21.6667, 17.3333, -21.0, 18.6667, -20.0, 20.0, -19.3333, 20.6667, -18.3333, 20.6667, -18.0, 21.0, -18.0, 21.0, -17.3333, 21.3333, -17.0, 21.3333, -16.3333, 21.0, -16.3333, 21.0, -16.3333, 20.6667, -16.6667, 20.0, -17.6667, 19.6667, -18.0, 19.3333, -19.0, 19.3333, -20.6667, 19.0, -21.6667, 17.6667, -22.6667, 17.3333, -23.6667, 17.3333, -24.6667, 17.6667, -25.3333]",15.200711,11.796488,91.760558
376,376,5c:01:3b:6b:b0:95,-43,256,"[86.0, -32.0, 4.0, 0.0, 17.3333, -7.3333, 16.6667, -7.3333, 15.6667, -8.0, 15.0, -8.0, 15.0, -8.0, 14.3333, -8.0, 13.3333, -8.0, 13.0, -8.6667, 12.3333, -8.6667, 12.3333, -9.0, 12.3333, -9.3333, 12.0, -9.3333, 11.3333, -9.3333, 11.3333, -9.3333, 11.3333, -8.6667, 11.6667, -8.6667, 11.3333, -8.6667, 11.3333, -8.0, 10.6667, -7.3333, 10.6667, -7.3333, 11.0, -6.6667, 11.0, -6.3333, 10.3333, -6.3333, 10.3333, -5.6667, 10.0, -5.6667, 2.3333, -2.0, 0.0, 0.0, 0.0, 0.0, 0.0, 0.0, 0.0, 0.0, 0.0, 0.0, 0.0, 0.0, 0.0, 0.0, 0.0, 0.0, 0.0, 0.0, 2.3333, -2.3333, 12.0, -8.3333, 13.0, -8.3333, 13.3333, -7.6667, 14.0, -7.0, 15.0, -7.0, 15.6667, -6.3333, 16.0, -5.6667, 16.6667, -5.0, 17.0, -5.0, 17.6667, -4.0, 18.0, -4.0, 18.0, -4.0, 18.0, -4.0, 18.0, -3.3333, 18.0, -3.3333, 17.6667, -3.3333, 17.0, -4.0, 17.0, -4.0, 16.3333, -4.6667, 17.0, -5.0, 17.0, -5.6667, 16.6667, -5.6667, 16.6667, -6.3333, 16.6667, -7.3333, 17.6667, -7.3333, 18.3333, -7.3333, 12.3333, -5.6667, 40.6667, -17.3333, 39.6667, -17.0, 38.6667, -16.6667, 37.6667, -16.3333, 36.0, -16.0, 35.0, -16.3333, 33.6667, -16.6667, 31.6667, -16.6667, 31.3333, -17.0, 29.3333, -17.3333, 29.0, -17.3333, 28.0, -17.6667, 27.6667, -18.3333, 27.6667, -18.3333, 27.0, -17.6667, 27.0, -17.6667, 27.0, -17.3333, 27.0, -16.6667, 27.0, -16.3333, 26.3333, -15.6667, 26.0, -14.6667, 25.0, -14.0, 24.3333, -13.0, 23.6667, -12.3333, 23.6667, -11.6667, 23.0, -10.3333, 24.0, -7.6667, 23.3333, -5.6667, 3.3333, -1.0, 1.0, -0.3333, -1.0, 0.0, -1.0, 0.0, -1.0, 0.0, 0.6667, -2.0, 4.3333, -3.3333, 26.0, -18.0, 27.3333, -18.0, 28.0, -17.0, 30.0, -16.3333, 32.3333, -16.6667, 33.6667, -15.3333, 35.0, -14.3333, 36.3333, -13.0, 37.6667, -12.0, 39.0, -10.6667, 39.6667, -9.6667, 39.6667, -9.0, 40.0, -9.0, 40.3333, -8.6667, 40.3333, -8.0, 40.0, -7.6667, 39.3333, -7.6667, 39.3333, -7.6667, 39.0, -8.3333, 38.6667, -9.3333, 39.0, -10.0, 39.0, -11.0, 39.6667, -12.3333, 39.6667, -13.3333, 39.0, -14.3333, 39.3333, -15.3333, 40.0, -16.3333, 40.6667, -16.6667]",23.331515,14.750964,91.760558
377,377,5c:01:3b:6b:b0:95,-39,256,"[86.0, -32.0, 4.0, 0.0, 15.0, -6.0, 14.3333, -6.0, 13.3333, -7.0, 12.6667, -7.0, 12.3333, -7.0, 11.3333, -7.0, 10.6667, -7.0, 10.3333, -8.0, 9.3333, -8.0, 9.3333, -9.0, 9.0, -10.0, 9.0, -10.0, 8.0, -10.0, 8.0, -10.0, 8.0, -9.0, 8.0, -9.0, 8.3333, -9.0, 8.3333, -8.0, 8.0, -7.0, 8.0, -7.0, 8.3333, -6.0, 8.6667, -6.0, 8.0, -6.0, 8.3333, -5.0, 8.3333, -5.0, 1.6667, -2.0, 0.0, 0.0, 0.0, 0.0, 0.0, 0.0, 0.0, 0.0, 0.0, 0.0, 0.0, 0.0, 0.0, 0.0, 0.0, 0.0, 0.0, 0.0, 1.6667, -2.0, 10.0, -8.0, 11.0, -8.0, 11.3333, -7.0, 12.3333, -6.0, 13.3333, -6.0, 14.3333, -5.0, 14.3333, -4.0, 15.3333, -3.0, 15.6667, -3.0, 16.6667, -2.3333, 16.6667, -2.3333, 17.0, -2.6667, 17.0, -2.3333, 17.0, -1.6667, 17.0, -1.6667, 16.6667, -1.6667, 15.6667, -2.3333, 15.6667, -2.3333, 15.0, -3.0, 15.3333, -3.0, 15.0, -4.0, 15.0, -4.0, 14.6667, -5.0, 14.6667, -6.0, 15.3333, -6.0, 16.0, -6.0, 9.6667, -3.3333, 31.6667, -9.0, 31.0, -9.0, 30.3333, -9.0, 29.6667, -9.0, 27.6667, -9.0, 26.6667, -10.0, 25.6667, -11.0, 23.6667, -12.0, 23.0, -13.0, 21.3333, -14.0, 20.6667, -15.0, 19.6667, -16.0, 19.3333, -17.0, 19.3333, -17.0, 18.6667, -16.0, 19.0, -16.0, 19.0, -16.0, 19.0, -15.0, 19.3333, -14.0, 19.0, -13.0, 18.3333, -12.0, 18.0, -11.0, 17.3333, -10.0, 17.0, -9.0, 17.3333, -8.0, 17.0, -6.0, 19.0, -5.6667, 19.3333, -5.0, 3.0, -1.0, 0.6667, -0.3333, -1.0, 0.0, -1.0, 0.0, -1.0, 0.0, 0.3333, -2.0, 3.0, -3.0, 19.3333, -15.0, 21.0, -14.0, 21.3333, -13.0, 23.6667, -11.0, 25.6667, -10.0, 27.3333, -8.0, 28.6667, -8.0, 30.0, -7.6667, 31.3333, -7.3333, 32.3333, -6.6667, 32.6667, -6.6667, 33.0, -6.0, 33.0, -6.0, 33.6667, -6.3333, 33.6667, -5.6667, 33.6667, -6.0, 33.0, -6.0, 33.0, -5.6667, 32.3333, -6.0, 32.0, -6.3333, 32.3333, -7.0, 32.0, -7.3333, 32.3333, -7.6667, 31.6667, -8.0, 31.3333, -8.0, 31.0, -8.0, 31.3333, -8.6667, 32.0, -8.3333]",18.922128,12.166914,91.760558
378,378,5c:01:3b:6b:b0:95,-43,256,"[86.0, -32.0, 4.0, 0.0, 8.0, -4.3333, 7.6667, -4.3333, 6.6667, -4.6667, 6.3333, -4.6667, 5.6667, -4.6667, 4.6667, -4.6667, 4.3333, -4.6667, 3.6667, -5.0, 2.6667, -5.0, 2.6667, -5.6667, 2.0, -6.6667, 2.0, -6.6667, 1.0, -7.0, 1.0, -7.0, 1.0, -6.0, 1.0, -6.0, 1.6667, -6.0, 1.6667, -5.0, 2.0, -4.3333, 2.0, -4.3333, 2.6667, -3.6667, 3.3333, -4.0, 3.0, -4.0, 3.6667, -3.3333, 3.6667, -3.3333, 0.3333, -1.3333, 0.0, 0.0, 0.0, 0.0, 0.0, 0.0, 0.0, 0.0, 0.0, 0.0, 0.0, 0.0, 0.0, 0.0, 0.0, 0.0, 0.0, 0.0, 0.3333, -1.3333, 4.0, -5.0, 5.0, -5.3333, 5.6667, -4.6667, 6.6667, -4.3333, 7.6667, -4.3333, 8.6667, -4.0, 8.6667, -3.3333, 9.6667, -3.0, 10.3333, -3.0, 11.3333, -2.6667, 11.3333, -2.6667, 12.0, -3.3333, 12.0, -2.6667, 12.0, -2.3333, 12.0, -2.3333, 11.3333, -2.3333, 10.3333, -2.6667, 10.3333, -2.6667, 10.0, -3.0, 9.6667, -3.0, 9.0, -3.3333, 9.0, -3.3333, 8.3333, -4.0, 8.3333, -4.3333, 8.6667, -4.3333, 9.0, -4.3333, 6.3333, -3.6667, 20.3333, -9.0, 20.0, -9.0, 19.6667, -9.0, 19.3333, -9.0, 17.3333, -8.6667, 16.3333, -9.0, 15.3333, -9.3333, 13.3333, -9.3333, 12.0, -9.6667, 10.6667, -9.6667, 9.3333, -10.0, 8.3333, -10.3333, 7.6667, -10.6667, 7.6667, -10.6667, 7.3333, -9.6667, 8.0, -9.6667, 8.0, -10.0, 8.0, -9.3333, 8.6667, -9.3333, 9.0, -8.6667, 8.6667, -8.3333, 9.0, -8.0, 8.6667, -7.3333, 9.0, -6.6667, 9.6667, -6.3333, 10.0, -5.6667, 14.0, -8.3333, 15.0, -9.0, 2.3333, -2.0, 0.3333, -0.6667, -1.0, -0.3333, -1.0, -0.3333, -1.0, 0.0, -0.3333, -1.3333, 1.0, -2.0, 9.6667, -9.3333, 12.0, -9.6667, 11.6667, -8.6667, 14.3333, -8.3333, 16.3333, -8.6667, 18.6667, -8.0, 20.3333, -9.0, 22.0, -10.3333, 23.6667, -10.6667, 24.6667, -11.3333, 25.3333, -12.3333, 26.0, -12.0, 26.0, -12.0, 26.6667, -12.6667, 26.6667, -12.3333, 27.3333, -13.0, 26.3333, -13.0, 26.3333, -12.3333, 25.6667, -12.0, 25.0, -11.6667, 24.6667, -12.0, 24.0, -11.6667, 23.6667, -11.3333, 22.3333, -11.0, 21.6667, -10.0, 21.0, -9.0, 20.6667, -9.3333, 21.0, -8.6667]",12.822236,10.926601,91.760558
379,379,5c:01:3b:6b:b0:95,-37,256,"[86.0, -32.0, 4.0, 0.0, -4.0, -2.6667, -3.6667, -2.6667, -4.3333, -2.3333, -4.3333, -2.3333, -4.6667, -2.3333, -5.3333, -2.3333, -5.3333, -2.3333, -5.6667, -2.0, -6.3333, -2.0, -6.3333, -2.3333, -7.0, -3.3333, -7.0, -3.3333, -7.6667, -4.0, -7.6667, -4.0, -7.6667, -3.0, -7.6667, -3.0, -7.0, -3.0, -6.6667, -2.0, -6.0, -1.6667, -6.0, -1.6667, -5.3333, -1.3333, -4.3333, -2.0, -4.3333, -2.0, -3.6667, -1.6667, -3.3333, -1.6667, -1.3333, -0.6667, 0.0, 0.0, 0.0, 0.0, 0.0, 0.0, 0.0, 0.0, 0.0, 0.0, 0.0, 0.0, 0.0, 0.0, 0.0, 0.0, 0.0, 0.0, -1.6667, -0.6667, -5.0, -2.0, -4.3333, -2.6667, -4.0, -2.3333, -3.3333, -2.6667, -2.6667, -2.6667, -2.0, -3.0, -2.3333, -2.6667, -1.6667, -3.0, -1.0, -3.0, -0.3333, -3.0, -0.3333, -3.0, 0.3333, -4.0, 0.3333, -3.0, 0.3333, -3.0, 0.3333, -3.0, -0.3333, -3.0, -1.0, -3.0, -1.0, -3.0, -1.0, -3.0, -1.6667, -3.0, -2.3333, -2.6667, -2.3333, -2.6667, -3.0, -3.0, -3.0, -2.6667, -3.3333, -2.6667, -3.3333, -2.6667, -2.0, -4.0, -7.0, -9.0, -7.0, -9.0, -6.6667, -9.0, -6.3333, -9.0, -7.3333, -8.3333, -8.0, -8.0, -8.3333, -7.6667, -9.6667, -6.6667, -11.0, -6.3333, -12.0, -5.3333, -13.3333, -5.0, -14.3333, -4.6667, -15.0, -4.3333, -15.0, -4.3333, -14.6667, -3.3333, -14.0, -3.3333, -13.6667, -4.0, -13.6667, -3.6667, -12.6667, -4.6667, -11.3333, -4.3333, -11.0, -4.6667, -9.6667, -5.0, -9.3333, -4.6667, -8.3333, -4.3333, -7.3333, -4.6667, -6.0, -5.3333, -0.6667, -11.0, 1.3333, -13.0, 0.0, -3.0, -0.3333, -1.0, -0.6667, -0.6667, -0.6667, -0.6667, -0.6667, 0.0, -1.3333, -0.6667, -3.0, -1.0, -11.3333, -3.6667, -9.0, -5.3333, -10.3333, -4.3333, -8.0, -5.6667, -6.6667, -7.3333, -4.6667, -8.0, -3.0, -10.0, -1.6667, -13.0, -0.3333, -14.0, 0.6667, -16.0, 1.3333, -18.0, 2.3333, -18.0, 2.0, -18.0, 2.6667, -19.0, 3.0, -19.0, 3.6667, -20.0, 3.0, -20.0, 3.0, -19.0, 2.3333, -18.0, 1.6667, -17.0, 0.6667, -17.0, -0.3333, -16.0, -1.3333, -15.0, -3.0, -14.0, -4.0, -12.0, -5.0, -10.0, -6.0, -10.0, -6.3333, -9.0]",8.763057,9.187834,91.760558
380,380,5c:01:3b:6b:b0:95,-42,256,"[86.0, -32.0, 4.0, 0.0, -0.3333, -2.6667, 0.0, -2.6667, -0.6667, -2.0, -0.6667, -2.0, -0.6667, -2.0, -1.3333, -2.3333, -1.3333, -2.3333, -1.6667, -1.6667, -2.0, -1.6667, -2.0, -1.6667, -2.3333, -2.0, -2.6667, -1.6667, -3.0, -2.3333, -3.0, -2.3333, -3.0, -1.6667, -3.0, -1.6667, -2.6667, -1.6667, -2.3333, -1.0, -2.0, -1.3333, -2.0, -1.3333, -2.0, -1.3333, -1.3333, -1.6667, -1.3333, -1.6667, -1.0, -1.3333, -0.6667, -1.3333, -0.6667, -0.3333, 0.0, 0.0, 0.0, 0.0, 0.0, 0.0, 0.0, 0.0, 0.0, 0.0, 0.0, 0.0, 0.0, 0.0, 0.0, 0.0, 0.0, 0.0, -0.6667, -0.6667, -1.6667, -1.6667, -1.0, -2.0, -0.6667, -2.0, -0.3333, -2.6667, 0.3333, -2.6667, 0.6667, -3.0, 0.6667, -3.0, 1.0, -3.6667, 1.3333, -3.3333, 1.6667, -3.3333, 2.0, -3.0, 2.3333, -3.6667, 2.3333, -3.0, 2.3333, -3.0, 2.3333, -3.0, 2.0, -3.3333, 1.3333, -3.3333, 1.3333, -3.3333, 1.3333, -3.3333, 1.0, -3.6667, 0.6667, -3.0, 0.6667, -3.0, 0.3333, -3.0, 0.3333, -2.3333, 0.3333, -2.3333, 0.3333, -2.3333, 1.0, -5.6667, 3.6667, -14.6667, 3.3333, -14.6667, 3.3333, -14.6667, 3.6667, -14.3333, 3.0, -13.6667, 2.3333, -13.0, 2.3333, -11.6667, 1.3333, -10.0, 0.0, -8.6667, -1.3333, -6.6667, -2.3333, -5.6667, -3.3333, -4.3333, -3.6667, -3.6667, -3.6667, -3.6667, -3.3333, -2.6667, -3.3333, -2.6667, -3.0, -3.3333, -3.0, -3.3333, -2.3333, -5.0, -1.3333, -5.0, -1.0, -6.0, -0.3333, -6.3333, -0.3333, -6.3333, 0.3333, -6.3333, 0.6667, -7.3333, 1.0, -8.6667, 3.0, -13.0, 4.0, -13.3333, 0.3333, -3.0, -0.3333, -1.0, -0.6667, -0.6667, -0.6667, -0.6667, -0.6667, 0.0, -1.0, -0.3333, -1.6667, -1.0, -4.6667, -4.0, -2.6667, -6.6667, -1.0, -6.0, 1.0, -9.0, 2.6667, -11.6667, 3.6667, -13.6667, 5.0, -14.6667, 5.3333, -16.3333, 6.0, -16.6667, 6.6667, -17.3333, 7.0, -18.3333, 7.6667, -17.6667, 7.3333, -17.6667, 7.6667, -18.0, 8.0, -18.0, 8.0, -18.6667, 7.6667, -19.0, 7.6667, -18.3333, 7.3333, -17.6667, 7.0, -17.0, 6.6667, -17.6667, 6.3333, -17.3333, 6.0, -17.0, 5.3333, -16.6667, 5.0, -15.6667, 4.6667, -14.6667, 4.3333, -15.0, 4.0, -14.3333]",7.494516,9.753548,91.760558
381,381,5c:01:3b:6b:b0:95,-43,256,"[86.0, -32.0, 4.0, 0.0, -6.3333, -6.6667, -6.0, -6.3333, -6.0, -5.6667, -6.0, -5.3333, -5.6667, -5.3333, -6.0, -5.3333, -5.6667, -5.0, -6.0, -4.3333, -6.0, -4.3333, -6.0, -4.3333, -6.0, -4.3333, -6.3333, -4.0, -6.3333, -4.3333, -6.3333, -4.3333, -6.6667, -4.0, -6.3333, -4.0, -6.3333, -4.0, -5.6667, -3.6667, -5.6667, -3.6667, -5.3333, -3.6667, -5.3333, -3.6667, -5.0, -3.6667, -4.6667, -3.6667, -4.3333, -3.6667, -4.0, -3.6667, -1.3333, -1.0, 0.0, 0.0, 0.0, 0.0, 0.0, 0.0, 0.0, 0.0, 0.0, 0.0, 0.0, 0.0, 0.0, 0.0, 0.0, 0.0, 0.0, 0.0, -1.6667, -1.3333, -6.0, -4.3333, -5.6667, -4.6667, -5.6667, -5.0, -5.6667, -5.6667, -5.0, -6.3333, -5.0, -6.6667, -5.0, -6.6667, -4.6667, -7.3333, -4.6667, -7.3333, -4.6667, -7.6667, -4.3333, -7.6667, -4.3333, -8.0, -4.3333, -7.6667, -4.0, -7.6667, -4.0, -7.6667, -4.3333, -7.6667, -4.6667, -7.6667, -4.6667, -7.3333, -4.6667, -7.3333, -5.0, -7.3333, -5.0, -7.0, -5.3333, -6.6667, -5.3333, -6.6667, -5.6667, -6.3333, -5.6667, -6.6667, -6.0, -6.6667, -2.6667, -7.6667, -8.3333, -21.3333, -8.3333, -21.3333, -8.3333, -21.3333, -7.6667, -20.6667, -7.6667, -19.6667, -8.0, -19.3333, -7.6667, -18.6667, -8.3333, -17.3333, -9.0, -16.0, -10.3333, -14.3333, -11.0, -13.0, -11.6667, -11.6667, -12.0, -11.3333, -11.6667, -11.3333, -11.3333, -10.3333, -11.6667, -10.3333, -11.0, -10.6667, -10.6667, -10.3333, -10.0, -11.6667, -9.0, -11.3333, -8.3333, -12.0, -7.6667, -12.0, -7.3333, -12.0, -6.6667, -11.6667, -6.3333, -12.3333, -5.6667, -12.3333, -4.3333, -16.3333, -3.6667, -16.3333, -1.0, -3.3333, -0.6667, -1.3333, -0.3333, -0.3333, -0.3333, -0.3333, -0.3333, 0.0, -1.3333, -1.0, -3.0, -2.3333, -13.0, -12.3333, -11.3333, -14.3333, -10.3333, -14.0, -8.6667, -17.0, -7.3333, -18.3333, -7.0, -19.6667, -6.0, -20.6667, -6.3333, -22.0, -6.0, -22.6667, -5.3333, -23.0, -5.3333, -24.0, -4.6667, -23.3333, -5.0, -23.6667, -5.0, -24.0, -4.6667, -24.0, -4.6667, -24.3333, -4.6667, -24.6667, -5.0, -24.0, -5.0, -23.3333, -5.3333, -22.6667, -5.3333, -23.3333, -5.6667, -23.0, -6.3333, -22.6667, -6.6667, -22.3333, -7.0, -21.6667, -7.3333, -21.3333, -7.6667, -21.6667, -8.0, -21.3333]",12.808439,10.393364,91.760558
382,382,5c:01:3b:6b:b0:95,-39,256,"[86.0, -32.0, 4.0, 0.0, 1.3333, -8.3333, 1.3333, -8.0, 1.3333, -7.6667, 1.3333, -7.3333, 1.3333, -7.3333, 1.0, -7.6667, 1.3333, -7.3333, 0.6667, -7.0, 0.6667, -7.0, 0.6667, -7.0, 0.6667, -6.6667, 0.0, -6.3333, 0.0, -6.3333, 0.0, -6.3333, -0.3333, -6.3333, 0.0, -6.3333, 0.0, -6.3333, 0.3333, -6.3333, 0.3333, -6.0, 0.6667, -6.0, 0.3333, -6.0, 0.3333, -5.3333, 0.3333, -5.3333, 0.6667, -5.0, 0.6667, -5.0, -0.3333, -1.3333, 0.0, 0.0, 0.0, 0.0, 0.0, 0.0, 0.0, 0.0, 0.0, 0.0, 0.0, 0.0, 0.0, 0.0, 0.0, 0.0, 0.0, 0.0, 0.0, -2.0, 0.3333, -7.0, 0.6667, -6.6667, 1.0, -7.0, 1.0, -7.3333, 1.6667, -8.0, 1.6667, -7.6667, 2.0, -7.6667, 2.0, -8.0, 2.0, -7.6667, 2.0, -8.0, 2.3333, -7.6667, 2.3333, -7.6667, 2.3333, -7.6667, 2.6667, -7.6667, 2.6667, -7.6667, 2.3333, -8.0, 2.0, -8.0, 2.0, -7.6667, 2.0, -7.6667, 2.0, -8.0, 2.0, -8.0, 1.6667, -7.6667, 1.6667, -7.6667, 1.6667, -7.6667, 2.0, -8.0, 2.0, -8.0, 4.3333, -9.3333, 15.0, -27.0, 14.6667, -27.0, 14.3333, -27.0, 14.6667, -26.0, 14.3333, -25.3333, 14.3333, -25.6667, 14.0, -25.6667, 13.3333, -24.6667, 12.6667, -23.3333, 11.6667, -22.0, 11.3333, -20.3333, 10.6667, -19.0, 10.3333, -19.0, 10.6667, -19.0, 10.6667, -18.0, 10.0, -18.0, 10.3333, -18.0, 10.6667, -17.3333, 11.0, -18.3333, 11.0, -17.6667, 10.6667, -18.0, 10.3333, -17.6667, 10.0, -17.6667, 10.0, -17.0, 9.6667, -17.3333, 9.0, -16.0, 7.6667, -18.3333, 7.0, -16.6667, 1.0, -3.3333, -0.3333, -1.3333, -0.6667, 0.0, -0.6667, 0.0, -0.6667, 0.0, -0.6667, -1.6667, 0.3333, -3.6667, 5.0, -20.6667, 7.0, -22.0, 11.3333, -22.0, 12.3333, -25.0, 13.3333, -25.0, 13.6667, -25.3333, 14.0, -25.3333, 13.3333, -25.3333, 13.0, -25.3333, 13.0, -24.3333, 12.6667, -24.3333, 13.0, -23.0, 13.3333, -23.3333, 13.3333, -23.0, 13.0, -23.0, 13.0, -23.0, 13.0, -23.6667, 12.3333, -23.3333, 12.6667, -23.0, 12.3333, -22.6667, 13.3333, -24.0, 13.6667, -24.3333, 13.6667, -24.6667, 14.0, -25.0, 14.3333, -25.3333, 15.0, -26.0, 15.3333, -26.6667, 15.6667, -26.6667]",14.995416,12.407309,91.760558
383,383,5c:01:3b:6b:b0:95,-38,256,"[86.0, -32.0, 4.0, 0.0, 0.3333, -4.6667, 0.3333, -4.3333, 0.6667, -4.3333, 0.6667, -4.0, 0.6667, -4.3333, 0.6667, -4.3333, 1.0, -4.3333, 0.6667, -4.3333, 0.6667, -4.6667, 0.6667, -5.0, 0.6667, -5.0, 0.3333, -5.3333, 0.3333, -5.3333, 0.3333, -5.3333, 0.0, -5.3333, 0.3333, -5.0, 0.3333, -5.0, 0.6667, -4.6667, 0.3333, -4.0, 0.6667, -3.6667, 0.3333, -3.6667, 0.3333, -3.3333, 0.0, -3.3333, 0.3333, -3.3333, 0.3333, -3.0, -0.3333, -1.0, 0.0, 0.0, 0.0, 0.0, 0.0, 0.0, 0.0, 0.0, 0.0, 0.0, 0.0, 0.0, 0.0, 0.0, 0.0, 0.0, 0.0, 0.0, 0.0, -1.6667, 0.3333, -4.6667, 0.3333, -4.3333, 0.3333, -4.3333, 0.3333, -4.3333, 0.6667, -4.6667, 0.6667, -4.3333, 0.6667, -3.6667, 0.3333, -3.6667, 0.3333, -3.3333, 0.3333, -3.6667, 0.3333, -3.6667, 0.3333, -3.6667, 0.3333, -3.6667, 0.6667, -3.6667, 0.6667, -3.3333, 0.3333, -3.3333, 0.3333, -3.6667, 0.3333, -3.6667, 0.3333, -3.6667, 0.6667, -3.6667, 0.6667, -4.0, 0.3333, -3.6667, 0.3333, -4.0, 0.6667, -4.0, 0.6667, -4.3333, 1.0, -4.3333, 3.3333, -4.3333, 11.6667, -12.3333, 11.3333, -12.3333, 11.3333, -12.6667, 11.6667, -12.3333, 11.6667, -12.0, 12.3333, -12.6667, 11.6667, -13.6667, 11.3333, -13.6667, 11.3333, -13.6667, 11.0, -13.6667, 11.3333, -12.6667, 11.3333, -12.6667, 11.3333, -12.6667, 11.6667, -12.6667, 11.6667, -12.0, 11.0, -12.0, 11.0, -12.0, 11.0, -11.3333, 11.0, -11.6667, 10.6667, -10.6667, 9.6667, -10.6667, 9.3333, -10.3333, 9.0, -10.3333, 8.6667, -9.6667, 8.3333, -9.3333, 7.6667, -7.6667, 6.3333, -7.6667, 5.3333, -6.6667, 0.6667, -1.6667, -0.3333, -1.0, -0.6667, -0.3333, -1.0, -0.3333, -0.6667, -0.3333, -0.3333, -1.3333, 1.0, -2.6667, 8.6667, -13.6667, 9.6667, -13.6667, 11.3333, -14.0, 11.3333, -15.0, 11.0, -13.6667, 11.3333, -12.3333, 11.0, -12.0, 10.3333, -11.6667, 9.3333, -11.3333, 9.0, -10.3333, 8.3333, -10.0, 8.6667, -9.3333, 9.3333, -9.3333, 9.3333, -9.3333, 8.6667, -9.3333, 9.0, -9.0, 9.0, -9.3333, 8.0, -9.3333, 8.6667, -9.3333, 8.3333, -9.0, 9.6667, -10.0, 10.0, -10.3333, 10.0, -10.6667, 10.3333, -11.0, 10.6667, -11.3333, 11.6667, -12.0, 12.0, -12.3333, 12.6667, -12.3333]",9.202625,9.597638,91.760558
384,384,5c:01:3b:6b:b0:95,-37,256,"[86.0, -32.0, 4.0, 0.0, 13.0, 1.3333, 13.0, 1.3333, 12.6667, 0.6667, 12.3333, 0.6667, 12.3333, 0.0, 12.0, -0.3333, 11.6667, -1.0, 11.6667, -1.6667, 11.6667, -2.3333, 11.3333, -3.0, 11.3333, -3.0, 10.6667, -3.6667, 10.6667, -3.6667, 10.6667, -3.6667, 10.6667, -3.6667, 10.6667, -3.0, 10.6667, -3.0, 10.6667, -2.3333, 10.0, -2.0, 10.0, -1.3333, 9.0, -1.3333, 9.0, -1.0, 8.3333, -1.0, 8.3333, -0.6667, 8.0, 0.0, 1.6667, -0.3333, 0.0, 0.0, 0.0, 0.0, 0.0, 0.0, 0.0, 0.0, 0.0, 0.0, 0.0, 0.0, 0.0, 0.0, 0.0, 0.0, 0.0, 0.0, 2.6667, -1.3333, 11.0, -2.3333, 11.0, -1.3333, 11.3333, -0.6667, 11.6667, 0.0, 12.0, 0.6667, 12.0, 1.6667, 12.3333, 3.0, 11.6667, 3.6667, 11.6667, 4.6667, 12.0, 4.6667, 12.0, 5.0, 12.3333, 5.0, 12.3333, 5.0, 12.0, 5.0, 12.0, 5.6667, 12.0, 5.3333, 11.6667, 4.6667, 11.6667, 4.0, 11.6667, 4.0, 12.3333, 3.6667, 12.3333, 3.0, 12.3333, 3.0, 12.3333, 2.3333, 13.3333, 2.3333, 13.3333, 2.3333, 14.3333, 2.3333, 10.3333, 1.0, 34.6667, 3.3333, 33.6667, 3.3333, 33.3333, 2.6667, 33.0, 2.3333, 32.6667, 1.6667, 33.0, 0.6667, 32.0, -0.3333, 31.6667, -1.3333, 31.0, -2.3333, 31.0, -3.3333, 31.3333, -3.3333, 31.3333, -4.3333, 32.0, -4.3333, 32.0, -4.3333, 32.0, -4.0, 31.0, -4.0, 30.3333, -4.0, 29.6667, -3.6667, 29.0, -3.3333, 28.0, -2.3333, 26.6667, -2.3333, 25.3333, -1.6667, 24.6667, -1.6667, 23.6667, -1.3333, 22.6667, -0.6667, 21.3333, 0.6667, 18.0, 4.3333, 16.0, 6.0, 2.3333, 0.3333, 0.0, -0.3333, -1.0, -0.6667, -1.6667, -0.6667, -1.0, -0.6667, 0.6667, -0.6667, 4.3333, -1.3333, 27.3333, -4.3333, 27.6667, -3.3333, 30.6667, -4.0, 30.6667, -3.0, 30.3333, -1.3333, 31.0, 1.0, 30.6667, 2.6667, 30.3333, 4.3333, 29.0, 6.0, 28.3333, 8.0, 27.6667, 9.6667, 27.6667, 10.3333, 28.3333, 11.0, 28.6667, 11.3333, 27.6667, 11.3333, 27.6667, 12.0, 27.3333, 11.6667, 26.6667, 11.0, 27.3333, 10.3333, 27.3333, 10.3333, 28.6667, 9.0, 29.6667, 8.0, 30.6667, 7.0, 31.6667, 6.0, 32.3333, 5.0, 33.6667, 4.0, 34.6667, 3.6667, 35.3333, 3.6667]",18.759511,12.981191,91.760558
385,385,5c:01:3b:6b:b0:95,-42,256,"[86.0, -32.0, 4.0, 0.0, 17.0, 3.6667, 17.0, 3.3333, 16.3333, 2.6667, 15.6667, 2.6667, 15.6667, 1.6667, 15.0, 1.6667, 14.3333, 1.0, 14.3333, 0.3333, 14.3333, -0.6667, 13.6667, -1.3333, 13.6667, -1.3333, 13.0, -2.3333, 13.0, -2.3333, 13.0, -2.3333, 13.0, -2.0, 13.0, -1.3333, 13.0, -1.3333, 13.0, -0.6667, 12.0, -0.6667, 12.0, 0.3333, 11.0, 0.3333, 11.0, 0.3333, 10.6667, 0.3333, 10.6667, 0.6667, 10.0, 1.3333, 2.3333, 0.0, 0.0, 0.0, 0.0, 0.0, 0.0, 0.0, 0.0, 0.0, 0.0, 0.0, 0.0, 0.0, 0.0, 0.0, 0.0, 0.0, 0.0, 0.0, 3.3333, -1.0, 14.0, -0.6667, 14.0, 0.3333, 14.6667, 1.0, 15.3333, 2.0, 16.0, 2.6667, 16.0, 3.6667, 16.6667, 5.0, 16.3333, 6.0, 16.3333, 6.6667, 17.0, 6.6667, 17.0, 7.0, 17.6667, 7.0, 17.6667, 7.0, 17.0, 7.0, 17.0, 7.6667, 17.0, 7.6667, 16.3333, 7.0, 16.3333, 6.0, 16.3333, 6.0, 16.6667, 6.0, 16.6667, 5.0, 16.6667, 5.0, 16.6667, 4.3333, 17.6667, 4.3333, 17.6667, 4.3333, 18.6667, 4.3333, 11.6667, 5.0, 39.0, 15.6667, 38.0, 16.0, 37.3333, 15.0, 36.6667, 14.3333, 36.0, 13.0, 35.6667, 12.0, 35.0, 11.0, 34.3333, 9.3333, 33.3333, 7.3333, 33.3333, 5.3333, 33.6667, 4.3333, 33.6667, 2.3333, 34.3333, 2.3333, 34.3333, 2.3333, 34.3333, 2.3333, 33.3333, 2.6667, 32.6667, 2.6667, 31.6667, 2.6667, 30.6667, 3.3333, 29.6667, 4.3333, 28.3333, 4.6667, 27.0, 5.6667, 26.3333, 5.6667, 25.3333, 6.0, 24.0, 7.0, 23.0, 8.0, 20.6667, 14.3333, 19.0, 15.3333, 2.6667, 2.0, 0.0, 0.0, -1.0, -1.0, -2.0, -1.0, -1.0, -1.0, 1.3333, -0.3333, 5.3333, 0.0, 33.0, 4.0, 32.6667, 6.0, 33.0, 4.6667, 33.6667, 7.3333, 33.6667, 9.6667, 34.3333, 12.6667, 34.6667, 14.3333, 35.0, 16.6667, 34.6667, 18.3333, 34.3333, 20.3333, 34.0, 22.3333, 34.0, 22.3333, 34.6667, 23.3333, 35.3333, 23.6667, 34.3333, 23.6667, 34.3333, 24.6667, 34.0, 24.6667, 33.3333, 23.6667, 33.6667, 22.6667, 33.3333, 22.3333, 34.3333, 21.3333, 35.0, 20.3333, 35.6667, 19.3333, 36.3333, 18.3333, 37.0, 17.3333, 38.0, 16.3333, 38.6667, 16.3333, 39.3333, 16.0]",22.960497,14.849259,91.760558
386,386,5c:01:3b:6b:b0:95,-38,256,"[86.0, -32.0, 4.0, 0.0, 18.0, 0.0, 18.0, -0.3333, 17.3333, -0.6667, 16.6667, -1.0, 16.3333, -1.6667, 15.6667, -2.0, 15.0, -2.3333, 14.6667, -2.6667, 14.6667, -3.6667, 14.0, -4.0, 14.0, -4.0, 13.3333, -5.0, 13.3333, -4.6667, 13.3333, -4.6667, 13.3333, -4.6667, 13.3333, -4.0, 13.3333, -4.0, 13.3333, -3.3333, 12.3333, -3.3333, 12.3333, -2.3333, 11.3333, -2.3333, 11.3333, -2.0, 11.3333, -2.0, 11.0, -1.3333, 10.3333, -0.6667, 2.3333, -0.3333, 0.0, 0.0, 0.0, 0.0, 0.0, 0.0, 0.0, 0.0, 0.0, 0.0, 0.0, 0.0, 0.0, 0.0, 0.0, 0.0, 0.0, 0.0, 3.3333, -1.3333, 14.6667, -3.3333, 14.6667, -2.6667, 15.6667, -2.0, 16.3333, -1.3333, 17.0, -0.6667, 17.3333, 0.3333, 18.0, 1.3333, 18.0, 2.0, 18.0, 2.6667, 18.6667, 3.0, 19.0, 3.3333, 19.6667, 3.3333, 19.3333, 3.6667, 18.6667, 3.6667, 18.6667, 4.0, 18.6667, 4.0, 18.0, 3.3333, 18.0, 2.6667, 18.0, 2.3333, 18.0, 2.0, 18.0, 1.3333, 18.0, 1.0, 18.0, 0.6667, 18.6667, 0.6667, 19.0, 0.6667, 19.6667, 0.3333, 13.0, 2.0, 42.6667, 7.0, 41.6667, 7.3333, 40.6667, 7.0, 39.6667, 6.3333, 38.6667, 5.3333, 37.6667, 4.3333, 37.0, 3.3333, 36.0, 2.0, 34.3333, 0.3333, 34.3333, -1.3333, 34.0, -2.3333, 33.3333, -4.0, 33.6667, -4.3333, 33.6667, -4.3333, 33.6667, -4.3333, 32.6667, -3.6667, 32.3333, -3.6667, 31.3333, -3.3333, 30.6667, -2.6667, 29.6667, -1.6667, 29.0, -1.0, 27.3333, 0.0, 27.0, 0.3333, 26.0, 1.0, 24.6667, 2.0, 24.3333, 3.0, 23.3333, 9.0, 22.3333, 10.0, 3.3333, 1.3333, 0.3333, 0.0, -1.0, -1.0, -1.6667, -0.6667, -1.0, -0.6667, 1.3333, -1.0, 5.3333, -1.0, 32.6667, -2.6667, 33.0, -0.6667, 33.6667, -1.6667, 35.3333, 0.6667, 36.0, 3.0, 37.3333, 5.6667, 38.3333, 7.0, 39.6667, 9.3333, 40.3333, 10.6667, 40.3333, 12.3333, 40.6667, 14.0, 40.6667, 14.3333, 41.3333, 15.3333, 42.0, 15.6667, 41.3333, 15.6667, 41.3333, 16.3333, 40.6667, 16.3333, 40.3333, 15.6667, 40.0, 15.0, 39.6667, 14.3333, 40.0, 13.3333, 40.3333, 12.3333, 40.6667, 11.3333, 41.0, 10.0, 41.3333, 9.3333, 41.6667, 8.3333, 42.3333, 8.0, 42.6667, 7.3333]",23.635563,15.163258,91.760558
387,387,5c:01:3b:6b:b0:95,-37,256,"[86.0, -32.0, 4.0, 0.0, 15.0, -5.3333, 15.0, -5.3333, 14.6667, -5.3333, 14.3333, -5.6667, 13.6667, -6.0, 13.3333, -6.3333, 13.0, -6.3333, 12.3333, -6.3333, 12.3333, -7.0, 12.0, -7.0, 12.0, -7.0, 11.6667, -7.6667, 11.6667, -7.3333, 11.6667, -7.3333, 11.6667, -7.3333, 11.6667, -7.0, 11.6667, -7.0, 11.6667, -6.6667, 10.6667, -6.3333, 10.6667, -5.6667, 9.6667, -5.3333, 9.6667, -5.0, 9.6667, -5.0, 9.0, -4.0, 8.6667, -3.6667, 1.6667, -1.0, 0.0, 0.0, 0.0, 0.0, 0.0, 0.0, 0.0, 0.0, 0.0, 0.0, 0.0, 0.0, 0.0, 0.0, 0.0, 0.0, 0.0, 0.0, 2.6667, -2.0, 12.3333, -6.3333, 12.3333, -6.0, 13.3333, -5.6667, 13.6667, -5.3333, 14.0, -5.0, 14.6667, -4.3333, 15.0, -4.0, 15.0, -3.6667, 15.0, -3.3333, 15.3333, -2.6667, 16.0, -2.3333, 16.3333, -2.3333, 15.6667, -2.0, 15.3333, -2.0, 15.3333, -2.0, 15.3333, -2.0, 15.0, -2.3333, 15.0, -2.6667, 15.0, -3.3333, 15.0, -3.6667, 15.0, -4.0, 15.0, -4.6667, 15.0, -4.6667, 15.3333, -4.6667, 16.0, -4.6667, 16.3333, -5.3333, 12.6667, -1.6667, 41.6667, -4.6667, 40.6667, -4.0, 39.6667, -4.0, 38.6667, -4.3333, 37.6667, -5.0, 36.6667, -5.6667, 36.0, -6.6667, 34.6667, -7.6667, 33.3333, -9.0, 33.0, -10.0, 32.6667, -11.0, 31.6667, -12.3333, 31.6667, -13.0, 31.6667, -13.0, 31.6667, -12.6667, 30.6667, -12.0, 30.6667, -11.6667, 29.6667, -11.3333, 29.3333, -10.6667, 28.6667, -9.6667, 27.6667, -8.3333, 26.3333, -7.3333, 26.0, -6.6667, 25.0, -5.6667, 24.0, -4.6667, 23.6667, -3.6667, 24.0, 2.6667, 23.6667, 3.6667, 3.6667, 0.3333, 0.6667, -0.3333, -1.0, -1.0, -1.3333, -0.3333, -1.0, -0.3333, 1.3333, -1.6667, 5.0, -2.3333, 31.3333, -11.0, 32.3333, -8.6667, 32.3333, -10.3333, 33.6667, -8.3333, 35.0, -6.3333, 36.3333, -4.3333, 37.6667, -3.3333, 39.0, -1.3333, 40.3333, -0.3333, 41.0, 1.3333, 41.6667, 2.6667, 41.6667, 3.0, 42.6667, 4.0, 43.0, 4.3333, 42.3333, 4.6667, 42.3333, 5.0, 42.0, 5.0, 41.3333, 4.6667, 41.0, 4.0, 40.6667, 3.0, 40.6667, 2.3333, 40.6667, 1.3333, 40.3333, 0.3333, 40.3333, -1.0, 40.3333, -1.6667, 41.0, -2.6667, 41.3333, -3.3333, 42.0, -4.0]",22.603832,15.085518,91.760558
388,388,5c:01:3b:6b:b0:95,-37,256,"[86.0, -32.0, 4.0, 0.0, 13.0, -9.3333, 13.0, -8.6667, 13.0, -8.6667, 13.0, -9.0, 12.3333, -9.0, 12.0, -9.3333, 12.0, -9.3333, 11.3333, -9.3333, 11.0, -9.6667, 10.6667, -9.6667, 10.6667, -9.6667, 10.3333, -10.0, 10.3333, -9.6667, 10.3333, -9.6667, 10.3333, -10.0, 10.3333, -9.6667, 10.3333, -9.6667, 10.3333, -9.3333, 9.6667, -8.6667, 9.6667, -8.3333, 9.0, -7.6667, 9.0, -7.3333, 8.6667, -7.3333, 8.0, -6.3333, 8.0, -6.0, 1.3333, -1.6667, 0.0, 0.0, 0.0, 0.0, 0.0, 0.0, 0.0, 0.0, 0.0, 0.0, 0.0, 0.0, 0.0, 0.0, 0.0, 0.0, 0.0, 0.0, 2.3333, -2.6667, 10.6667, -8.6667, 11.0, -8.6667, 11.6667, -8.3333, 11.6667, -8.3333, 11.6667, -8.0, 12.3333, -7.6667, 12.0, -7.3333, 12.0, -7.3333, 12.0, -7.0, 11.6667, -6.0, 12.6667, -6.0, 12.3333, -6.0, 11.6667, -5.6667, 11.6667, -5.6667, 11.6667, -5.6667, 11.3333, -5.6667, 11.6667, -6.0, 11.6667, -6.0, 12.0, -7.0, 12.0, -7.3333, 12.3333, -7.3333, 12.3333, -8.3333, 12.6667, -8.3333, 13.0, -8.3333, 14.0, -8.3333, 14.0, -9.3333, 12.0, -4.3333, 39.6667, -14.0, 38.6667, -13.3333, 37.6667, -13.0, 36.3333, -13.3333, 35.3333, -13.3333, 34.6667, -13.6667, 33.3333, -14.6667, 31.6667, -15.6667, 30.0, -16.6667, 29.0, -17.0, 28.0, -18.0, 27.6667, -19.0, 27.6667, -20.0, 27.6667, -20.0, 27.6667, -19.3333, 26.6667, -19.0, 26.6667, -18.3333, 25.6667, -18.0, 25.3333, -17.0, 24.6667, -16.0, 24.3333, -14.3333, 23.3333, -13.3333, 23.0, -12.3333, 22.3333, -11.3333, 22.0, -10.3333, 22.0, -9.3333, 24.0, -3.0, 24.0, -2.0, 4.0, -0.6667, 1.0, -0.6667, -1.0, -1.0, -1.0, 0.0, -1.0, 0.0, 1.0, -2.0, 4.3333, -3.6667, 27.0, -18.3333, 28.6667, -15.6667, 28.6667, -17.6667, 30.6667, -15.6667, 32.6667, -14.3333, 34.6667, -13.0, 36.3333, -12.0, 38.0, -10.6667, 39.3333, -9.6667, 40.3333, -8.0, 41.3333, -7.0, 41.3333, -6.6667, 42.3333, -5.6667, 42.3333, -5.6667, 42.0, -5.0, 42.0, -5.0, 41.6667, -5.0, 41.0, -5.0, 40.3333, -5.6667, 40.3333, -6.6667, 40.0, -7.0, 39.6667, -8.0, 39.6667, -9.0, 39.6667, -10.3333, 39.0, -11.0, 39.3333, -12.0, 40.0, -13.0, 40.3333, -13.3333]",22.356355,15.122009,91.760558
389,389,5c:01:3b:6b:b0:95,-38,256,"[86.0, -32.0, 4.0, 0.0, 14.0, -11.6667, 14.0, -11.0, 14.0, -11.0, 14.0, -11.0, 13.6667, -11.0, 13.0, -11.0, 13.0, -11.0, 12.6667, -11.0, 12.0, -11.0, 11.3333, -11.3333, 11.3333, -11.3333, 10.6667, -11.6667, 10.6667, -11.6667, 10.6667, -11.3333, 10.6667, -11.3333, 10.6667, -11.3333, 10.6667, -11.0, 10.6667, -11.0, 10.3333, -10.0, 10.3333, -9.6667, 10.0, -9.0, 10.0, -8.6667, 9.3333, -8.6667, 9.0, -7.6667, 9.0, -7.3333, 1.6667, -2.0, 0.0, 0.0, 0.0, 0.0, 0.0, 0.0, 0.0, 0.0, 0.0, 0.0, 0.0, 0.0, 0.0, 0.0, 0.0, 0.0, 0.0, 0.0, 2.6667, -3.3333, 11.3333, -10.6667, 12.0, -10.3333, 12.3333, -10.3333, 12.3333, -10.3333, 12.6667, -10.0, 13.3333, -10.0, 13.3333, -9.6667, 13.6667, -9.6667, 14.0, -9.3333, 13.6667, -8.6667, 14.6667, -8.6667, 14.3333, -8.6667, 14.0, -8.3333, 14.0, -8.3333, 14.0, -8.3333, 13.6667, -8.3333, 13.6667, -8.3333, 13.3333, -8.6667, 13.6667, -9.3333, 13.6667, -9.6667, 14.0, -9.6667, 13.6667, -10.6667, 14.0, -10.6667, 14.3333, -10.6667, 15.3333, -11.0, 15.0, -11.6667, 11.3333, -5.0, 37.3333, -17.0, 36.3333, -16.0, 35.3333, -16.0, 34.0, -16.0, 32.6667, -16.0, 32.0, -16.0, 30.3333, -17.0, 28.6667, -18.0, 27.0, -19.0, 25.6667, -19.0, 25.3333, -20.0, 25.6667, -21.0, 25.6667, -22.0, 25.6667, -22.0, 25.6667, -21.0, 24.6667, -21.0, 24.6667, -20.0, 23.6667, -20.0, 23.0, -19.0, 22.3333, -18.0, 21.3333, -16.0, 21.0, -15.0, 20.6667, -14.0, 20.3333, -13.0, 20.0, -12.0, 20.3333, -11.0, 23.6667, -4.0, 23.6667, -3.0, 3.6667, -1.0, 1.0, -1.0, -1.0, -1.0, -1.0, 0.0, -1.0, 0.0, 1.0, -2.0, 3.6667, -4.0, 24.3333, -20.0, 26.3333, -17.0, 25.3333, -20.0, 27.3333, -18.0, 30.0, -17.0, 32.3333, -16.0, 34.3333, -15.0, 36.0, -14.0, 37.6667, -13.0, 39.3333, -11.0, 40.0, -10.0, 40.3333, -10.0, 41.3333, -9.0, 41.3333, -9.0, 41.0, -8.0, 41.3333, -8.0, 41.0, -8.0, 40.3333, -8.0, 39.6667, -9.0, 39.3333, -10.0, 38.6667, -10.0, 38.3333, -11.0, 38.0, -12.0, 38.0, -13.0, 37.0, -14.0, 37.3333, -15.0, 37.6667, -16.0, 38.0, -16.0]",22.852228,14.378277,91.760558
390,390,5c:01:3b:6b:b0:95,-38,256,"[86.0, -32.0, 4.0, 0.0, 15.0, -4.0, 15.0, -3.6667, 14.6667, -4.0, 14.3333, -4.0, 14.0, -4.0, 13.3333, -4.3333, 13.0, -4.3333, 12.6667, -4.3333, 11.6667, -4.6667, 11.0, -5.0, 10.6667, -5.0, 9.6667, -5.3333, 9.6667, -5.3333, 9.6667, -5.0, 10.0, -5.0, 10.0, -5.3333, 10.0, -5.0, 10.0, -5.0, 10.0, -4.3333, 10.0, -4.0, 10.0, -3.6667, 10.0, -3.6667, 9.3333, -3.6667, 9.3333, -3.0, 9.3333, -2.6667, 2.0, -1.0, 0.0, 0.0, 0.0, 0.0, 0.0, 0.0, 0.0, 0.0, 0.0, 0.0, 0.0, 0.0, 0.0, 0.0, 0.0, 0.0, 0.0, 0.0, 2.6667, -1.6667, 11.0, -4.6667, 12.0, -4.0, 12.3333, -4.0, 13.0, -3.6667, 13.3333, -3.3333, 13.6667, -3.3333, 13.3333, -2.6667, 13.6667, -2.6667, 14.0, -2.3333, 13.3333, -1.6667, 14.3333, -1.6667, 13.6667, -1.6667, 13.6667, -1.3333, 13.6667, -1.6667, 13.6667, -1.6667, 13.0, -1.6667, 13.3333, -1.6667, 13.0, -2.0, 13.6667, -2.3333, 13.6667, -2.6667, 14.3333, -2.6667, 14.0, -3.3333, 14.6667, -3.3333, 15.3333, -3.3333, 16.3333, -3.3333, 16.0, -3.6667, 9.3333, 0.3333, 31.3333, 0.6667, 30.3333, 1.3333, 29.6667, 1.0, 28.6667, 0.6667, 27.6667, 0.0, 27.3333, -0.3333, 26.3333, -1.6667, 25.3333, -2.6667, 24.3333, -4.0, 23.6667, -4.3333, 23.0, -5.3333, 23.3333, -6.3333, 23.3333, -7.0, 23.3333, -7.0, 23.3333, -6.3333, 22.6667, -6.6667, 22.6667, -6.0, 21.6667, -6.3333, 21.0, -5.6667, 20.3333, -5.0, 19.6667, -3.6667, 19.3333, -3.0, 18.6667, -2.6667, 18.3333, -2.3333, 17.6667, -1.6667, 17.6667, -0.6667, 18.0, 5.0, 17.6667, 5.6667, 2.3333, 0.6667, 0.6667, -0.3333, -1.0, -1.0, -1.0, -0.3333, -1.0, -0.3333, 1.0, -1.0, 3.3333, -1.3333, 22.0, -4.6667, 22.6667, -2.0, 23.0, -4.6667, 24.3333, -2.6667, 25.3333, -1.3333, 26.6667, 0.0, 27.6667, 1.3333, 28.6667, 2.6667, 29.6667, 3.6667, 30.3333, 5.3333, 30.3333, 6.0, 30.6667, 6.3333, 31.3333, 7.0, 31.3333, 7.3333, 31.0, 8.0, 31.3333, 8.0, 31.0, 8.0, 30.6667, 7.6667, 30.0, 6.6667, 30.0, 5.6667, 30.0, 5.6667, 30.0, 5.0, 30.3333, 4.3333, 30.6667, 3.3333, 30.3333, 2.6667, 31.0, 1.6667, 31.6667, 1.3333, 31.6667, 1.6667]",17.759254,11.714205,91.760558
391,391,5c:01:3b:6b:b0:95,-38,256,"[86.0, -32.0, 4.0, 0.0, 11.0, -7.0, 11.0, -7.0, 10.6667, -7.3333, 10.3333, -7.0, 10.0, -7.0, 9.6667, -7.3333, 9.6667, -7.0, 9.3333, -6.6667, 8.6667, -7.0, 8.6667, -7.0, 8.3333, -7.0, 7.6667, -7.0, 7.6667, -7.0, 7.6667, -6.6667, 8.0, -6.6667, 8.0, -7.0, 8.0, -6.6667, 8.0, -6.6667, 7.6667, -6.3333, 7.6667, -5.6667, 7.3333, -5.6667, 7.3333, -5.3333, 7.0, -5.3333, 7.0, -5.0, 6.6667, -4.6667, 1.3333, -1.6667, 0.0, 0.0, 0.0, 0.0, 0.0, 0.0, 0.0, 0.0, 0.0, 0.0, 0.0, 0.0, 0.0, 0.0, 0.0, 0.0, 0.0, 0.0, 2.0, -2.3333, 8.3333, -7.3333, 8.6667, -7.0, 9.0, -7.3333, 9.3333, -7.0, 9.6667, -6.6667, 10.0, -6.6667, 9.6667, -5.6667, 10.0, -5.6667, 10.0, -5.3333, 9.6667, -5.0, 10.3333, -5.0, 10.0, -4.6667, 10.0, -4.3333, 10.0, -4.6667, 10.0, -4.6667, 9.6667, -4.6667, 9.6667, -4.6667, 9.6667, -5.0, 10.0, -5.0, 10.0, -5.6667, 10.3333, -5.6667, 10.0, -6.3333, 10.6667, -6.3333, 11.0, -6.6667, 12.0, -7.0, 11.6667, -7.0, 5.6667, -1.3333, 20.0, -4.6667, 19.3333, -4.3333, 19.3333, -4.3333, 19.3333, -4.6667, 18.6667, -5.0, 19.0, -5.3333, 18.6667, -6.3333, 18.6667, -7.3333, 18.6667, -8.3333, 19.3333, -8.6667, 19.3333, -9.6667, 19.6667, -10.3333, 20.0, -10.6667, 20.0, -10.3333, 20.0, -10.0, 19.6667, -10.0, 19.3333, -9.6667, 18.3333, -9.6667, 17.6667, -9.3333, 17.0, -8.6667, 16.0, -7.6667, 15.3333, -7.0, 14.6667, -6.3333, 14.0, -6.0, 13.0, -5.0, 12.3333, -4.0, 11.3333, 1.0, 11.3333, 2.0, 1.0, 0.0, 0.3333, -0.3333, -1.0, -0.6667, -1.0, -0.3333, -1.0, -0.3333, 1.0, -1.0, 2.6667, -2.0, 18.6667, -8.0, 17.6667, -6.0, 17.6667, -8.3333, 17.3333, -7.0, 16.6667, -5.6667, 16.6667, -4.3333, 16.6667, -3.0, 17.0, -2.0, 18.0, -1.3333, 19.0, 0.0, 18.6667, 0.6667, 19.3333, 1.0, 19.6667, 1.3333, 19.6667, 2.0, 19.3333, 2.3333, 20.0, 2.6667, 19.6667, 2.6667, 19.3333, 2.0, 19.0, 1.3333, 18.6667, 0.3333, 18.3333, 0.3333, 18.3333, -0.3333, 18.0, -1.0, 18.0, -2.3333, 18.3333, -3.0, 19.3333, -4.0, 20.3333, -4.3333, 20.3333, -4.0]",13.647411,9.486646,91.760558
392,392,5c:01:3b:6b:b0:95,-37,256,"[86.0, -32.0, 4.0, 0.0, 7.0, 1.3333, 7.0, 1.3333, 6.6667, 0.6667, 6.3333, 1.0, 6.0, 1.0, 6.0, 0.3333, 6.3333, 0.6667, 6.0, 1.0, 5.6667, 0.3333, 6.3333, 0.6667, 6.0, 0.3333, 5.6667, 0.6667, 5.6667, 0.6667, 5.6667, 0.6667, 6.0, 0.6667, 6.0, 0.3333, 6.0, 0.3333, 6.0, 0.3333, 5.3333, 0.3333, 5.3333, 0.6667, 4.6667, 0.6667, 4.6667, 0.3333, 4.6667, 0.3333, 4.6667, 0.3333, 4.0, 0.3333, 0.6667, -0.6667, 0.0, 0.0, 0.0, 0.0, 0.0, 0.0, 0.0, 0.0, 0.0, 0.0, 0.0, 0.0, 0.0, 0.0, 0.0, 0.0, 0.0, 0.0, 1.3333, -0.3333, 5.6667, 0.3333, 5.3333, 0.6667, 5.6667, 0.3333, 5.6667, 1.0, 5.6667, 1.0, 5.6667, 1.0, 4.6667, 2.0, 4.6667, 2.0, 4.0, 2.0, 3.6667, 2.6667, 4.0, 2.6667, 3.6667, 3.0, 3.6667, 3.0, 3.6667, 2.3333, 3.6667, 2.3333, 3.3333, 2.3333, 3.6667, 2.3333, 4.3333, 2.3333, 4.6667, 2.3333, 4.6667, 2.0, 5.0, 2.0, 5.0, 1.6667, 6.0, 1.6667, 6.3333, 1.3333, 7.3333, 1.6667, 7.3333, 1.6667, 2.0, 4.0, 9.6667, 13.0, 9.3333, 12.6667, 10.0, 12.3333, 10.6667, 11.6667, 10.6667, 10.6667, 12.0, 10.0, 12.3333, 9.0, 13.0, 7.6667, 14.0, 6.3333, 15.6667, 5.6667, 15.6667, 4.3333, 16.0, 3.6667, 16.6667, 3.3333, 16.6667, 3.6667, 16.6667, 3.6667, 16.6667, 3.6667, 16.0, 3.6667, 15.0, 3.6667, 14.3333, 3.6667, 13.6667, 4.0, 13.0, 4.3333, 12.0, 4.6667, 11.0, 4.6667, 10.0, 4.6667, 9.0, 5.3333, 7.3333, 6.0, 5.0, 10.0, 5.3333, 11.0, 0.0, 1.6667, 0.0, 0.3333, -1.0, -0.6667, -1.0, -0.6667, -1.0, -0.6667, 1.0, -0.3333, 2.3333, 0.3333, 16.0, 5.6667, 13.3333, 7.3333, 13.6667, 5.6667, 12.0, 7.3333, 9.3333, 9.3333, 7.6667, 11.0, 6.6667, 12.6667, 6.3333, 14.0, 7.0, 15.3333, 8.0, 16.3333, 7.6667, 17.0, 8.3333, 17.6667, 8.3333, 18.0, 8.3333, 18.6667, 8.0, 18.6667, 8.6667, 19.0, 8.6667, 19.0, 8.0, 18.0, 8.0, 17.3333, 7.6667, 16.3333, 7.3333, 16.3333, 7.0, 16.0, 6.6667, 15.3333, 6.3333, 14.3333, 7.3333, 13.6667, 8.6667, 13.0, 10.3333, 13.0, 10.3333, 13.3333]",10.061147,9.577528,91.760558
393,393,5c:01:3b:6b:b0:95,-38,256,"[86.0, -32.0, 4.0, 0.0, 8.3333, -7.6667, 8.3333, -7.6667, 8.0, -7.6667, 8.0, -7.3333, 8.0, -7.6667, 7.6667, -8.0, 8.0, -7.6667, 7.6667, -7.3333, 7.3333, -7.6667, 8.0, -7.6667, 7.6667, -8.0, 7.6667, -7.3333, 7.6667, -7.3333, 7.6667, -7.3333, 7.6667, -7.3333, 7.6667, -7.3333, 7.3333, -7.3333, 7.3333, -7.3333, 6.6667, -7.0, 6.6667, -6.3333, 6.0, -6.3333, 6.0, -6.0, 6.0, -5.6667, 5.6667, -5.6667, 5.0, -5.3333, 0.6667, -2.0, 0.0, 0.0, 0.0, 0.0, 0.0, 0.0, 0.0, 0.0, 0.0, 0.0, 0.0, 0.0, 0.0, 0.0, 0.0, 0.0, 0.0, 0.0, 1.6667, -2.3333, 7.6667, -7.3333, 7.3333, -7.3333, 7.6667, -7.6667, 7.0, -7.0, 7.0, -7.0, 7.0, -6.6667, 6.3333, -6.0, 6.0, -5.6667, 5.3333, -5.3333, 5.3333, -5.0, 5.3333, -5.0, 5.3333, -4.3333, 5.0, -4.3333, 5.0, -4.6667, 5.0, -4.6667, 5.0, -4.6667, 5.0, -5.0, 6.0, -5.0, 6.0, -5.3333, 6.0, -6.0, 6.3333, -6.0, 6.3333, -6.6667, 7.3333, -6.6667, 7.3333, -7.3333, 8.3333, -7.3333, 8.6667, -7.3333, 3.0, -2.3333, 13.3333, -7.0, 13.0, -7.3333, 13.6667, -7.0, 14.0, -7.3333, 14.0, -7.6667, 15.3333, -8.3333, 15.3333, -8.6667, 16.0, -10.0, 16.6667, -11.0, 18.0, -11.6667, 18.3333, -13.0, 18.6667, -13.3333, 19.3333, -13.6667, 19.3333, -13.6667, 19.0, -13.6667, 19.0, -13.0, 18.3333, -13.0, 17.3333, -12.3333, 16.6667, -12.0, 16.0, -11.3333, 15.0, -10.3333, 14.0, -9.6667, 13.0, -8.6667, 12.0, -8.0, 11.0, -7.0, 9.0, -6.0, 7.3333, -1.6667, 7.3333, 0.0, 0.6667, -0.3333, 0.0, -0.3333, -1.0, -0.3333, -1.0, -0.3333, -1.0, -0.3333, 1.0, -1.3333, 2.6667, -2.6667, 18.6667, -11.6667, 17.0, -10.0, 16.6667, -11.0, 15.0, -9.6667, 12.6667, -7.6667, 11.3333, -6.3333, 10.3333, -5.3333, 10.3333, -4.3333, 10.6667, -3.0, 11.6667, -2.0, 11.3333, -0.6667, 11.6667, 0.0, 12.0, 0.3333, 12.0, 1.0, 11.6667, 1.0, 12.0, 1.3333, 12.3333, 1.3333, 11.6667, 0.3333, 11.6667, 0.0, 11.3333, -1.0, 10.6667, -1.3333, 10.3333, -2.0, 10.0, -3.3333, 10.0, -4.3333, 11.0, -5.3333, 12.0, -6.0, 13.6667, -6.6667, 13.6667, -6.6667]",11.442904,9.274183,91.760558
394,394,5c:01:3b:6b:b0:95,-42,256,"[86.0, -32.0, 4.0, 0.0, 13.6667, -6.0, 13.6667, -6.0, 13.0, -5.6667, 13.0, -5.6667, 13.0, -6.3333, 12.3333, -6.6667, 12.0, -6.6667, 11.3333, -6.6667, 10.6667, -7.0, 11.0, -7.6667, 10.3333, -8.0, 10.3333, -7.6667, 10.3333, -7.6667, 10.3333, -7.6667, 10.3333, -7.6667, 10.3333, -7.6667, 9.6667, -7.3333, 9.6667, -7.3333, 9.3333, -6.6667, 9.3333, -6.0, 9.0, -6.0, 9.0, -5.6667, 9.0, -5.0, 8.3333, -5.0, 8.0, -4.3333, 1.3333, -1.6667, 0.0, 0.0, 0.0, 0.0, 0.0, 0.0, 0.0, 0.0, 0.0, 0.0, 0.0, 0.0, 0.0, 0.0, 0.0, 0.0, 0.0, 0.0, 2.3333, -2.0, 11.3333, -6.3333, 11.6667, -6.0, 12.3333, -6.0, 12.0, -5.0, 12.0, -5.0, 12.0, -4.3333, 11.6667, -4.0, 11.0, -3.3333, 10.6667, -2.6667, 10.6667, -2.3333, 10.6667, -2.3333, 10.6667, -1.6667, 10.0, -1.6667, 10.0, -2.0, 10.0, -2.0, 10.0, -2.0, 10.0, -2.6667, 11.0, -2.6667, 11.0, -3.3333, 11.0, -4.0, 11.6667, -4.0, 11.6667, -4.6667, 12.6667, -4.6667, 12.6667, -5.3333, 13.6667, -5.0, 14.3333, -5.0, 6.0, -1.6667, 22.6667, -4.0, 22.0, -4.3333, 22.3333, -4.0, 22.0, -4.3333, 22.0, -5.0, 22.6667, -6.0, 22.6667, -6.3333, 23.0, -7.6667, 23.3333, -9.0, 24.0, -10.0, 23.6667, -11.3333, 23.3333, -11.6667, 23.6667, -12.0, 23.6667, -12.6667, 23.0, -12.6667, 23.0, -12.0, 22.6667, -12.0, 21.6667, -11.3333, 21.3333, -10.6667, 21.0, -10.0, 20.0, -8.6667, 19.0, -8.0, 18.0, -7.0, 17.0, -6.3333, 16.0, -5.6667, 14.0, -4.3333, 10.6667, -0.3333, 9.6667, 1.3333, 1.3333, 0.0, 0.0, -0.3333, -1.0, -0.3333, -1.0, -0.3333, -1.0, -0.3333, 1.0, -1.3333, 3.3333, -2.3333, 23.3333, -10.3333, 23.0, -8.3333, 23.3333, -8.6667, 22.0, -7.0, 20.3333, -4.6667, 19.6667, -3.3333, 18.6667, -2.6667, 18.6667, -1.3333, 18.3333, 0.3333, 18.3333, 1.3333, 17.6667, 3.0, 17.3333, 4.0, 18.0, 4.3333, 18.0, 5.0, 17.3333, 5.0, 17.0, 5.0, 17.6667, 5.0, 17.3333, 4.0, 17.3333, 3.6667, 17.6667, 2.6667, 17.3333, 2.0, 17.6667, 1.3333, 18.0, -0.3333, 19.0, -1.0, 20.0, -2.0, 21.0, -2.6667, 22.3333, -3.3333, 22.3333, -3.3333]",15.002107,10.074212,91.760558
395,395,5c:01:3b:6b:b0:95,-42,256,"[86.0, -32.0, 4.0, 0.0, 9.6667, -15.0, 9.6667, -15.0, 9.0, -14.0, 8.6667, -14.0, 8.6667, -15.0, 7.6667, -15.0, 7.0, -15.0, 6.3333, -15.0, 5.3333, -15.0, 5.3333, -16.0, 4.6667, -16.0, 4.3333, -15.6667, 4.3333, -15.6667, 4.3333, -15.6667, 4.3333, -15.6667, 4.3333, -15.6667, 3.6667, -15.0, 4.0, -15.0, 4.3333, -14.0, 4.3333, -13.0, 4.6667, -13.0, 5.0, -12.0, 5.3333, -11.0, 4.6667, -11.0, 5.0, -10.0, 0.6667, -3.0, 0.0, 0.0, 0.0, 0.0, 0.0, 0.0, 0.0, 0.0, 0.0, 0.0, 0.0, 0.0, 0.0, 0.0, 0.0, 0.0, 0.0, 0.0, 1.0, -4.0, 6.6667, -14.0, 7.6667, -14.0, 8.6667, -14.0, 8.6667, -13.0, 9.0, -13.0, 9.3333, -12.0, 9.3333, -12.0, 8.6667, -11.0, 9.0, -10.0, 9.3333, -10.0, 9.3333, -10.0, 9.6667, -9.0, 9.0, -9.0, 9.0, -9.0, 9.0, -9.0, 8.6667, -9.0, 8.6667, -10.0, 9.0, -10.0, 9.0, -11.0, 8.6667, -12.0, 9.0, -12.0, 9.0, -13.0, 9.3333, -13.0, 9.3333, -14.0, 10.0, -14.0, 10.6667, -14.0, 5.3333, -8.0, 18.6667, -24.0, 18.3333, -24.0, 18.0, -23.0, 17.3333, -23.0, 17.0, -23.0, 17.0, -24.0, 16.6667, -24.0, 16.3333, -25.0, 16.0, -26.0, 15.6667, -27.0, 14.3333, -28.0, 13.3333, -28.0, 13.0, -28.0, 13.0, -29.0, 12.3333, -29.0, 12.3333, -28.0, 12.6667, -28.0, 12.0, -27.0, 12.3333, -26.0, 13.0, -25.0, 12.6667, -23.0, 12.0, -22.0, 11.6667, -20.0, 11.3333, -19.0, 11.0, -18.0, 10.3333, -16.0, 9.6667, -12.3333, 9.0, -11.3333, 1.3333, -2.3333, 0.0, -1.0, -1.0, 0.0, -0.6667, 0.0, -1.0, 0.0, 0.3333, -2.0, 2.0, -5.0, 15.3333, -26.0, 17.0, -24.0, 16.3333, -24.0, 16.3333, -23.0, 16.3333, -21.0, 17.0, -20.0, 17.3333, -20.0, 18.0, -19.0, 17.6667, -18.0, 17.0, -17.0, 16.6667, -16.0, 16.0, -15.6667, 17.0, -15.6667, 17.3333, -15.3333, 16.6667, -15.3333, 16.3333, -15.6667, 17.0, -15.6667, 16.3333, -16.0, 16.0, -16.0, 16.3333, -16.3333, 16.3333, -16.6667, 16.6667, -17.0, 16.6667, -19.0, 17.6667, -20.0, 18.0, -21.0, 18.3333, -22.0, 18.6667, -23.0, 18.6667, -23.0]",18.599605,11.284091,91.760558
396,396,5c:01:3b:6b:b0:95,-38,256,"[86.0, -32.0, 4.0, 0.0, 0.3333, -18.0, 0.3333, -18.0, 0.0, -17.0, -0.6667, -16.6667, -0.6667, -17.3333, -1.6667, -17.0, -2.0, -16.6667, -2.3333, -16.3333, -3.3333, -16.0, -3.3333, -16.6667, -3.6667, -16.3333, -4.3333, -16.3333, -4.3333, -16.3333, -4.3333, -16.3333, -4.3333, -16.3333, -4.3333, -16.3333, -4.6667, -15.6667, -4.0, -15.6667, -3.3333, -14.6667, -3.3333, -14.0, -2.6667, -13.6667, -2.0, -13.0, -1.3333, -12.3333, -1.6667, -12.3333, -1.0, -11.6667, -0.6667, -3.3333, 0.0, 0.0, 0.0, 0.0, 0.0, 0.0, 0.0, 0.0, 0.0, 0.0, 0.0, 0.0, 0.0, 0.0, 0.0, 0.0, 0.0, 0.0, -1.0, -4.3333, -1.6667, -15.6667, -0.6667, -16.0, 0.3333, -16.3333, 0.3333, -16.0, 1.0, -16.0, 1.6667, -15.6667, 1.6667, -16.0, 1.3333, -15.6667, 2.0, -15.0, 2.6667, -15.3333, 2.6667, -15.3333, 3.3333, -15.0, 3.0, -14.6667, 3.0, -14.6667, 3.0, -14.3333, 2.3333, -14.3333, 2.3333, -15.0, 2.0, -14.6667, 2.0, -15.3333, 1.3333, -16.0, 1.0, -16.0, 1.0, -16.6667, 0.6667, -16.6667, 0.6667, -17.6667, 1.0, -18.0, 1.3333, -18.0, 1.0, -10.3333, 4.6667, -32.0, 4.6667, -31.6667, 4.3333, -30.6667, 4.0, -30.3333, 3.6667, -29.6667, 3.3333, -30.0, 3.0, -29.6667, 2.3333, -30.0, 1.3333, -30.0, 0.6667, -30.3333, -1.0, -31.0, -2.0, -30.6667, -2.3333, -30.6667, -2.6667, -31.3333, -3.0, -31.0, -2.6667, -30.3333, -2.3333, -30.0, -2.3333, -29.3333, -1.6667, -28.6667, -0.6667, -27.6667, 0.0, -26.0, 0.0, -25.0, 0.3333, -23.3333, 0.6667, -22.3333, 1.0, -21.3333, 1.3333, -20.0, 3.6667, -17.6667, 4.0, -17.3333, 0.3333, -3.3333, -0.3333, -1.3333, -0.6667, 0.0, -0.3333, 0.0, -0.6667, 0.0, -0.6667, -2.0, -0.6667, -5.3333, -0.3333, -28.6667, 2.0, -28.0, 1.6667, -28.3333, 2.6667, -28.0, 3.6667, -27.3333, 5.0, -27.0, 6.0, -27.6667, 7.3333, -27.3333, 8.0, -27.0, 8.0, -26.6667, 8.6667, -26.3333, 8.6667, -26.6667, 9.3333, -27.0, 10.0, -27.0, 9.6667, -27.0, 9.6667, -27.3333, 9.6667, -27.0, 9.0, -27.0, 8.3333, -26.6667, 8.0, -26.6667, 8.0, -26.6667, 7.6667, -26.6667, 6.6667, -28.0, 6.6667, -29.0, 6.3333, -29.6667, 6.0, -30.3333, 5.6667, -31.3333, 5.6667, -31.6667]",19.719994,11.62281,91.760558
397,397,5c:01:3b:6b:b0:95,-42,256,"[86.0, -32.0, 4.0, 0.0, -14.6667, -13.3333, -14.6667, -13.3333, -14.3333, -12.3333, -14.6667, -12.0, -14.3333, -12.0, -15.0, -11.3333, -14.6667, -11.0, -14.3333, -10.3333, -15.0, -10.0, -15.0, -10.0, -14.6667, -9.3333, -15.3333, -9.3333, -15.3333, -9.3333, -15.3333, -9.3333, -15.3333, -9.3333, -15.3333, -9.3333, -15.0, -9.3333, -14.3333, -9.3333, -13.3333, -9.0, -13.3333, -8.6667, -12.3333, -8.6667, -11.6667, -8.3333, -10.6667, -8.0, -10.6667, -8.3333, -9.6667, -8.0, -2.6667, -2.3333, 0.0, 0.0, 0.0, 0.0, 0.0, 0.0, 0.0, 0.0, 0.0, 0.0, 0.0, 0.0, 0.0, 0.0, 0.0, 0.0, 0.0, 0.0, -3.6667, -3.0, -13.6667, -10.0, -13.0, -10.6667, -12.6667, -11.3333, -13.0, -11.6667, -12.6667, -12.0, -12.0, -12.3333, -12.0, -13.0, -12.3333, -13.3333, -11.6667, -13.0, -11.0, -13.6667, -11.3333, -14.0, -10.6667, -14.0, -10.3333, -13.6667, -10.3333, -13.6667, -10.3333, -13.3333, -11.0, -13.3333, -11.0, -13.3333, -11.3333, -13.0, -11.3333, -13.0, -12.3333, -13.0, -13.0, -13.0, -13.0, -13.0, -13.6667, -13.0, -14.0, -13.3333, -14.3333, -13.6667, -14.3333, -13.6667, -7.0, -9.3333, -22.0, -27.6667, -21.3333, -27.6667, -21.3333, -26.6667, -21.0, -26.0, -20.6667, -25.0, -20.6667, -24.6667, -21.0, -24.0, -21.3333, -23.6667, -22.0, -22.6667, -22.6667, -22.0, -24.0, -22.0, -24.3333, -21.0, -24.6667, -21.0, -25.0, -21.3333, -25.0, -21.0, -24.3333, -20.6667, -24.0, -20.3333, -23.3333, -20.3333, -22.3333, -20.0, -21.0, -19.6667, -19.6667, -19.0, -18.6667, -18.6667, -18.0, -17.6667, -16.6667, -17.0, -15.6667, -16.6667, -14.3333, -16.3333, -9.6667, -18.0, -8.0, -18.6667, -2.0, -3.6667, -1.0, -1.3333, -0.3333, 0.0, 0.3333, -0.3333, -0.3333, 0.0, -1.6667, -1.3333, -4.3333, -3.6667, -22.3333, -20.3333, -20.3333, -21.3333, -21.3333, -20.6667, -20.3333, -21.6667, -19.3333, -22.6667, -18.3333, -23.6667, -17.0, -24.6667, -15.6667, -25.6667, -15.0, -26.3333, -14.6667, -26.6667, -13.6667, -27.3333, -13.3333, -28.3333, -13.3333, -28.6667, -12.6667, -29.3333, -12.6667, -29.3333, -12.3333, -30.0, -12.6667, -29.6667, -13.3333, -29.0, -13.6667, -28.6667, -14.3333, -28.0, -14.3333, -27.3333, -15.0, -26.3333, -16.6667, -26.6667, -17.6667, -27.0, -18.3333, -27.0, -19.3333, -27.0, -20.6667, -27.3333, -20.6667, -27.6667]",21.342663,12.142861,91.760558
398,398,5c:01:3b:6b:b0:95,-38,256,"[86.0, -32.0, 4.0, 0.0, -13.6667, -8.3333, -13.6667, -8.0, -13.3333, -7.3333, -13.6667, -6.6667, -13.3333, -6.3333, -13.6667, -5.3333, -13.3333, -5.0, -13.3333, -4.0, -14.0, -3.3333, -14.0, -3.0, -14.0, -2.6667, -14.3333, -2.6667, -14.3333, -2.6667, -14.3333, -2.6667, -14.3333, -2.6667, -14.3333, -2.6667, -14.0, -3.0, -13.3333, -3.0, -12.3333, -2.6667, -12.3333, -3.0, -11.3333, -3.0, -10.6667, -3.0, -10.0, -3.3333, -10.0, -3.6667, -9.0, -4.0, -2.6667, -1.3333, 0.0, 0.0, 0.0, 0.0, 0.0, 0.0, 0.0, 0.0, 0.0, 0.0, 0.0, 0.0, 0.0, 0.0, 0.0, 0.0, 0.0, 0.0, -3.3333, -1.6667, -13.0, -4.3333, -12.6667, -5.3333, -12.3333, -6.3333, -12.3333, -7.3333, -12.0, -8.0, -11.3333, -9.0, -11.0, -10.0, -11.3333, -11.0, -10.6667, -11.0, -10.0, -11.6667, -10.3333, -12.3333, -9.6667, -12.6667, -9.3333, -12.3333, -9.3333, -12.3333, -9.3333, -12.0, -10.0, -12.0, -10.0, -11.3333, -10.3333, -11.0, -10.3333, -10.3333, -11.0, -10.0, -11.6667, -9.6667, -12.0, -9.3333, -12.3333, -9.0, -13.0, -8.6667, -13.3333, -8.6667, -13.6667, -8.6667, -7.6667, -7.3333, -22.6667, -21.0, -22.3333, -21.3333, -22.0, -20.6667, -21.6667, -19.6667, -21.0, -18.3333, -21.3333, -17.3333, -21.3333, -16.3333, -21.6667, -15.0, -22.6667, -13.3333, -23.3333, -11.6667, -24.6667, -10.6667, -25.0, -9.3333, -25.0, -9.0, -25.6667, -9.0, -25.6667, -9.0, -24.6667, -9.0, -24.6667, -8.6667, -23.6667, -9.0, -22.6667, -9.3333, -21.6667, -9.6667, -20.0, -10.0, -18.6667, -10.3333, -18.0, -10.0, -16.6667, -10.0, -15.6667, -10.3333, -14.6667, -11.0, -11.3333, -15.3333, -10.0, -16.3333, -2.3333, -3.3333, -1.3333, -1.3333, 0.0, -0.3333, 0.3333, -0.6667, 0.0, -0.3333, -2.0, -0.6667, -5.0, -1.6667, -25.3333, -10.3333, -23.3333, -12.6667, -22.3333, -12.0, -21.3333, -14.3333, -20.3333, -17.0, -19.3333, -19.0, -18.6667, -20.6667, -17.3333, -22.6667, -16.3333, -24.3333, -15.6667, -25.6667, -14.3333, -26.0, -13.6667, -27.0, -14.0, -27.3333, -13.3333, -27.6667, -13.3333, -27.6667, -13.3333, -28.3333, -14.0, -28.0, -14.0, -27.6667, -14.3333, -27.0, -15.0, -26.3333, -15.0, -25.6667, -15.6667, -24.6667, -17.3333, -24.0, -18.3333, -23.3333, -19.0, -22.3333, -20.0, -21.6667, -21.3333, -21.3333, -21.3333, -21.3333]",18.62038,11.49816,91.760558
399,399,5c:01:3b:6b:b0:95,-43,256,"[86.0, -32.0, 4.0, 0.0, -4.3333, -0.3333, -4.3333, 0.3333, -4.3333, 0.6667, -4.3333, 1.3333, -4.0, 1.6667, -4.3333, 2.6667, -4.0, 2.6667, -4.0, 3.6667, -4.3333, 4.3333, -4.3333, 4.6667, -4.3333, 4.3333, -4.3333, 4.3333, -4.3333, 4.3333, -4.3333, 4.3333, -4.3333, 4.3333, -4.3333, 4.3333, -4.3333, 4.0, -4.0, 4.0, -3.6667, 4.3333, -4.0, 3.6667, -3.3333, 3.3333, -3.3333, 3.3333, -3.3333, 2.6667, -3.3333, 2.3333, -2.6667, 1.6667, -1.3333, 0.0, 0.0, 0.0, 0.0, 0.0, 0.0, 0.0, 0.0, 0.0, 0.0, 0.0, 0.0, 0.0, 0.0, 0.0, 0.0, 0.0, 0.0, 0.0, -1.0, 0.0, -4.0, 3.0, -4.0, 2.0, -4.0, 1.0, -3.6667, 0.0, -4.0, -1.0, -3.6667, -2.0, -3.3333, -2.6667, -3.6667, -3.0, -3.6667, -2.6667, -3.3333, -3.3333, -3.3333, -4.0, -3.0, -4.0, -2.6667, -3.6667, -3.0, -3.6667, -3.0, -3.6667, -3.3333, -3.6667, -3.3333, -3.0, -3.3333, -3.3333, -3.3333, -2.6667, -3.3333, -2.6667, -3.6667, -2.3333, -3.6667, -2.0, -3.6667, -1.3333, -4.0, -0.3333, -4.0, 0.3333, -4.3333, 0.3333, -3.0, -2.0, -7.6667, -4.0, -7.6667, -4.6667, -7.6667, -4.3333, -7.3333, -4.0, -7.0, -3.6667, -7.0, -3.0, -7.0, -2.6667, -7.3333, -1.3333, -7.6667, 0.0, -8.0, 2.0, -8.3333, 3.6667, -8.3333, 5.0, -8.3333, 5.6667, -8.6667, 5.6667, -8.6667, 5.0, -8.3333, 5.0, -8.3333, 5.0, -8.0, 4.6667, -7.6667, 4.0, -7.3333, 3.0, -6.6667, 2.0, -6.3333, 1.0, -6.3333, 1.0, -5.6667, 0.3333, -5.3333, -0.6667, -5.0, -1.6667, -4.0, -3.3333, -3.6667, -3.6667, -1.3333, -1.3333, -1.0, -0.6667, -0.3333, -0.6667, -0.3333, -1.0, -0.3333, -0.6667, -1.0, 0.0, -2.0, 0.6667, -8.3333, 2.3333, -8.0, 0.0, -7.3333, 1.0, -7.3333, -2.0, -7.0, -4.0, -6.6667, -5.0, -6.3333, -5.3333, -5.6667, -6.0, -5.3333, -6.6667, -5.3333, -7.3333, -4.6667, -7.3333, -4.6667, -7.6667, -5.0, -7.6667, -4.6667, -8.0, -4.6667, -8.0, -4.6667, -8.3333, -5.0, -8.3333, -5.0, -8.0, -5.0, -8.0, -5.3333, -7.6667, -5.0, -7.3333, -5.0, -6.3333, -5.6667, -6.3333, -6.0, -5.6667, -6.3333, -5.3333, -6.3333, -5.0, -7.3333, -4.6667, -7.3333, -4.0]",6.40895,8.079843,91.760558
400,400,5c:01:3b:6b:b0:95,-39,256,"[86.0, -32.0, 4.0, 0.0, 10.6667, -1.3333, 10.6667, -1.0, 10.0, -1.0, 9.6667, -0.3333, 9.6667, -0.6667, 9.0, 0.0, 9.0, 0.0, 8.6667, 0.3333, 8.3333, 0.6667, 8.3333, 0.3333, 8.0, -0.3333, 8.0, -0.6667, 8.0, -0.3333, 8.0, -0.3333, 8.0, -0.3333, 8.0, -0.3333, 7.3333, 0.0, 7.6667, 0.3333, 7.3333, 1.0, 6.6667, 0.6667, 7.0, 0.6667, 6.6667, 0.6667, 6.0, 0.3333, 6.0, 0.3333, 6.3333, 0.0, 0.6667, -0.3333, 0.0, 0.0, 0.0, 0.0, 0.0, 0.0, 0.0, 0.0, 0.0, 0.0, 0.0, 0.0, 0.0, 0.0, 0.0, 0.0, 0.0, 0.0, 2.0, -0.6667, 8.6667, -0.6667, 8.6667, -1.0, 9.0, -1.3333, 10.0, -1.6667, 9.6667, -2.0, 10.0, -2.3333, 10.3333, -2.3333, 10.3333, -2.0, 10.0, -1.3333, 10.3333, -2.0, 11.0, -2.3333, 11.3333, -2.3333, 11.3333, -1.6667, 10.6667, -1.6667, 10.6667, -1.6667, 10.3333, -1.6667, 10.3333, -1.3333, 10.0, -2.0, 10.0, -1.6667, 10.6667, -2.3333, 10.3333, -2.0, 10.6667, -2.3333, 10.6667, -2.0, 11.0, -1.6667, 11.6667, -1.0, 11.3333, -1.0, 5.3333, 0.0, 20.0, 0.6667, 19.3333, 0.3333, 18.6667, 0.3333, 18.6667, 0.0, 18.0, -0.3333, 17.6667, 0.0, 17.6667, -0.3333, 16.6667, 0.0, 16.0, 0.3333, 15.6667, 1.0, 15.6667, 1.6667, 15.3333, 2.0, 15.3333, 2.3333, 15.0, 2.3333, 15.0, 2.0, 14.6667, 2.0, 14.6667, 2.0, 14.3333, 2.3333, 14.0, 1.6667, 13.6667, 1.6667, 13.6667, 1.3333, 12.6667, 0.6667, 12.3333, 1.0, 12.0, 0.3333, 11.6667, 0.0, 11.3333, 0.0, 10.6667, 3.6667, 9.6667, 4.3333, 1.0, 0.0, -0.3333, -0.3333, -0.6667, -1.0, -1.3333, -1.0, -0.6667, -1.0, 0.0, -0.3333, 2.0, 0.0, 15.0, 1.3333, 14.6667, 0.6667, 16.0, -0.6667, 16.0, -1.6667, 16.6667, -2.0, 17.3333, -1.3333, 17.6667, -0.6667, 18.3333, 0.6667, 19.0, 1.3333, 18.6667, 1.3333, 19.3333, 2.0, 19.0, 2.3333, 19.0, 2.3333, 19.3333, 2.3333, 19.3333, 2.3333, 19.3333, 2.6667, 19.0, 2.6667, 19.0, 2.6667, 18.6667, 2.3333, 18.3333, 2.0, 19.0, 1.6667, 19.3333, 2.0, 19.3333, 1.0, 19.6667, 1.0, 19.3333, 0.3333, 20.3333, 0.0, 20.0, -0.3333, 20.0, 0.6667]",11.955549,9.27791,91.760558
401,401,5c:01:3b:6b:b0:95,-42,256,"[86.0, -32.0, 4.0, 0.0, 19.0, -2.0, 19.0, -2.0, 18.0, -2.0, 18.0, -1.5, 18.0, -2.0, 17.0, -1.5, 17.0, -1.5, 17.0, -1.5, 17.0, -1.5, 17.0, -2.0, 17.0, -2.5, 17.0, -3.0, 17.0, -2.5, 17.0, -2.5, 17.0, -2.5, 17.0, -2.5, 16.0, -2.0, 16.0, -1.5, 15.0, -1.0, 14.0, -1.0, 14.0, -1.0, 13.0, -1.0, 12.0, -1.0, 12.0, -1.0, 12.0, -1.0, 2.0, -0.5, 0.0, 0.0, 0.0, 0.0, 0.0, 0.0, 0.0, 0.0, 0.0, 0.0, 0.0, 0.0, 0.0, 0.0, 0.0, 0.0, 0.0, 0.0, 4.0, -1.0, 17.0, -2.5, 17.0, -2.5, 17.0, -2.5, 18.0, -2.5, 17.0, -2.5, 17.0, -2.5, 17.0, -2.0, 17.0, -1.0, 16.0, 0.0, 16.0, -1.0, 17.0, -1.0, 17.0, -1.0, 17.0, 0.0, 16.0, 0.0, 16.0, 0.0, 16.0, 0.0, 16.0, 0.0, 16.0, -1.0, 16.0, -1.0, 17.0, -2.0, 17.0, -2.0, 18.0, -2.5, 18.0, -2.5, 19.0, -2.5, 20.0, -2.0, 20.0, -2.0, 10.0, 1.0, 35.0, 3.0, 34.0, 3.0, 33.0, 3.0, 33.0, 2.0, 32.0, 1.0, 32.0, 1.0, 32.0, 0.0, 31.0, -0.5, 31.0, -0.5, 31.0, -0.5, 32.0, -0.5, 32.0, -0.5, 32.0, -0.5, 32.0, -0.5, 32.0, -0.5, 31.0, -0.5, 31.0, -0.5, 30.0, 0.0, 29.0, -0.5, 28.0, 0.0, 27.0, 0.0, 25.0, -0.5, 24.0, 0.0, 23.0, -0.5, 22.0, -0.5, 21.0, 0.0, 18.0, 8.0, 16.0, 10.0, 2.0, 1.0, 0.0, 0.0, -1.0, -1.0, -2.0, -1.0, -1.0, -1.0, 1.0, -0.5, 5.0, -0.5, 32.0, 0.0, 30.0, 0.0, 31.0, -2.0, 30.0, -2.0, 30.0, -1.0, 30.0, 1.0, 30.0, 3.0, 30.0, 6.0, 30.0, 8.0, 29.0, 9.0, 29.0, 10.0, 28.0, 11.0, 28.0, 11.0, 28.0, 11.0, 28.0, 11.0, 28.0, 12.0, 28.0, 12.0, 28.0, 12.0, 28.0, 11.0, 28.0, 10.0, 29.0, 9.0, 30.0, 9.0, 31.0, 7.0, 32.0, 6.0, 32.0, 4.0, 34.0, 3.0, 34.0, 2.0, 34.0, 3.0]",20.785363,12.159822,91.760558
