type,id,mac,rssi,rate,sig_mode,mcs,bandwidth,smoothing,not_sounding,aggregation,stbc,fec_coding,sgi,noise_floor,ampdu_cnt,channel,secondary_channel,local_timestamp,ant,sig_len,rx_format,len,first_word,data
CSI_DATA,0,5c:01:3b:6b:b0:95,-46,11,0,0,0,0,0,0,0,0,0,-96,0,11,0,8926113,0,86,0,128,1,"[86,-32,4,0,-11,21,-11,21,-9,20,-8,18,-7,17,-6,16,-5,15,-5,14,-5,14,-5,13,-4,12,-3,11,-4,11,-4,11,-5,10,-4,9,-4,8,-4,7,-4,6,-4,5,-4,3,-4,2,-4,2,-4,2,-4,1,-1,0,0,0,0,0,0,0,0,0,0,0,0,0,0,0,0,0,0,0,-4,5,-14,21,-15,21,-16,21,-18,21,-18,21,-18,20,-19,20,-19,20,-20,20,-20,21,-22,21,-22,21,-22,20,-20,20,-20,20,-20,21,-18,21,-16,20,-15,20,-14,20,-14,21,-13,21,-13,21,-13,21,-14,22,-14,22]"
CSI_DATA,1,5c:01:3b:6b:b0:95,-51,11,1,6,0,1,1,1,0,0,0,-96,1,11,0,8937934,0,86,1,256,1,"[86,-32,4,0,-23,-12,-23,-11,-21,-10,-20,-9,-20,-9,-19,-8,-18,-7,-16,-6,-15,-6,-15,-5,-15,-5,-14,-5,-13,-5,-12,-4,-11,-4,-10,-5,-9,-5,-7,-5,-7,-5,-6,-5,-5,-5,-4,-4,-3,-4,-2,-4,-1,-4,-1,-1,0,0,0,0,0,0,0,0,0,0,0,0,0,0,0,0,0,0,-7,-3,-26,-11,-26,-12,-26,-14,-26,-15,-26,-16,-26,-17,-26,-18,-26,-19,-26,-20,-27,-21,-26,-21,-26,-21,-25,-21,-25,-21,-24,-20,-24,-19,-24,-18,-24,-17,-24,-17,-25,-16,-25,-15,-26,-15,-26,-14,-26,-14,-26,-13,-25,-13,-14,-9,-43,-26,-41,-26,-39,-25,-37,-23,-35,-22,-34,-20,-33,-18,-32,-16,-30,-15,-29,-13,-28,-12,-26,-11,-25,-11,-23,-11,-22,-10,-20,-10,-18,-10,-16,-9,-14,-9,-13,-9,-11,-9,-9,-9,-7,-9,-5,-8,-3,-8,-1,-7,1,-5,3,-5,0,-1,0,-1,-1,0,1,0,0,0,-3,-2,-9,-5,-46,-25,-44,-28,-46,-27,-45,-30,-45,-33,-45,-36,-45,-37,-45,-39,-45,-41,-45,-42,-45,-44,-44,-45,-43,-45,-42,-45,-41,-45,-41,-45,-41,-43,-42,-42,-42,-40,-42,-38,-42,-37,-43,-35,-43,-34,-44,-33,-44,-31,-45,-31,-45,-30,-44,-29]"
CSI_DATA,2,5c:01:3b:6b:b0:95,-50,11,1,5,0,1,1,1,0,0,0,-96,1,11,0,8959145,0,86,1,256,1,"[86,-32,4,0,-14,-19,-14,-18,-13,-16,-13,-15,-13,-14,-12,-13,-11,-12,-11,-11,-10,-11,-10,-10,-11,-9,-10,-9,-9,-9,-8,-8,-8,-8,-7,-8,-6,-7,-5,-7,-4,-7,-3,-6,-3,-6,-2,-5,-1,-5,0,-4,0,-4,0,-1,0,0,0,0,0,0,0,0,0,0,0,0,0,0,0,0,0,0,-4,-5,-14,-20,-13,-21,-13,-22,-12,-23,-12,-24,-11,-25,-11,-25,-10,-26,-10,-26,-10,-27,-10,-27,-10,-27,-10,-27,-10,-26,-10,-26,-10,-25,-11,-24,-11,-23,-12,-23,-12,-23,-13,-22,-14,-22,-14,-21,-15,-21,-15,-21,-15,-20,-6,-13,-20,-39,-20,-38,-19,-36,-18,-34,-17,-32,-17,-30,-17,-28,-17,-26,-17,-24,-17,-23,-17,-21,-16,-20,-15,-19,-14,-19,-13,-18,-12,-17,-10,-16,-8,-15,-7,-13,-6,-13,-5,-12,-3,-11,-2,-10,-1,-9,1,-8,2,-6,4,-4,5,-3,1,-1,0,-1,-1,0,0,1,0,0,-2,-3,-4,-7,-19,-40,-16,-42,-19,-41,-17,-43,-15,-45,-13,-47,-13,-48,-12,-50,-11,-51,-10,-52,-10,-52,-9,-52,-9,-53,-10,-53,-9,-52,-9,-52,-10,-51,-11,-50,-12,-49,-12,-47,-13,-46,-15,-45,-16,-45,-18,-44,-19,-43,-20,-43,-20,-42,-21,-42]"
CSI_DATA,3,5c:01:3b:6b:b0:95,-49,11,1,4,0,1,1,1,0,0,0,-96,1,11,0,8986056,0,86,1,256,1,"[86,-32,4,0,-20,-15,-19,-14,-18,-13,-17,-12,-17,-11,-16,-11,-15,-10,-15,-9,-14,-8,-14,-7,-14,-7,-13,-7,-12,-6,-11,-6,-10,-6,-10,-6,-8,-6,-7,-6,-6,-6,-5,-6,-5,-6,-4,-5,-3,-5,-2,-5,-1,-4,-1,-1,0,0,0,0,0,0,0,0,0,0,0,0,0,0,0,0,0,0,-5,-4,-20,-16,-20,-17,-20,-18,-20,-20,-19,-20,-19,-21,-19,-22,-18,-23,-18,-23,-18,-24,-18,-24,-19,-24,-18,-24,-18,-23,-18,-23,-18,-22,-18,-21,-18,-20,-19,-20,-20,-19,-20,-19,-20,-18,-20,-17,-21,-17,-21,-17,-21,-16,-9,-12,-28,-36,-27,-35,-25,-34,-24,-31,-23,-29,-23,-28,-22,-26,-21,-24,-21,-22,-20,-20,-20,-19,-20,-18,-19,-17,-18,-17,-16,-16,-15,-15,-14,-15,-12,-14,-10,-13,-8,-12,-6,-12,-5,-11,-4,-10,-2,-9,-1,-8,0,-8,3,-6,4,-4,0,-1,0,-1,-1,0,0,1,0,0,-2,-2,-5,-7,-23,-40,-21,-41,-27,-38,-25,-40,-24,-43,-23,-45,-22,-46,-21,-47,-20,-49,-19,-50,-19,-51,-19,-51,-19,-51,-20,-51,-19,-51,-19,-50,-19,-49,-19,-48,-20,-47,-21,-45,-22,-44,-24,-43,-25,-42,-25,-41,-26,-40,-28,-39,-29,-39,-29,-39]"
CSI_DATA,4,5c:01:3b:6b:b0:95,-49,11,1,3,0,1,1,1,0,0,0,-96,1,11,0,9003227,0,86,1,256,1,"[86,-32,4,0,-24,-3,-23,-3,-22,-2,-21,-2,-20,-2,-19,-2,-18,-1,-17,0,-16,1,-15,1,-15,1,-14,0,-13,0,-13,0,-12,0,-11,-1,-10,-1,-9,-1,-8,-2,-7,-3,-7,-3,-6,-3,-5,-3,-4,-3,-3,-3,-1,-1,0,0,0,0,0,0,0,0,0,0,0,0,0,0,0,0,0,0,-7,-1,-25,-4,-25,-6,-26,-7,-26,-8,-27,-9,-27,-10,-27,-10,-27,-11,-27,-12,-28,-12,-28,-12,-28,-12,-28,-12,-27,-12,-27,-11,-27,-11,-26,-9,-26,-8,-26,-8,-26,-8,-26,-7,-26,-6,-26,-5,-26,-4,-26,-4,-26,-3,-14,-6,-43,-15,-42,-15,-40,-15,-38,-13,-36,-12,-34,-11,-32,-10,-31,-8,-30,-7,-29,-6,-29,-5,-27,-4,-26,-4,-25,-4,-23,-4,-21,-5,-20,-6,-18,-6,-17,-6,-15,-7,-13,-7,-11,-8,-9,-8,-8,-8,-6,-8,-5,-7,-1,-8,1,-7,0,-2,0,-1,-1,0,1,0,0,0,-3,-1,-8,-3,-41,-19,-41,-22,-44,-18,-43,-21,-43,-24,-43,-26,-43,-28,-43,-29,-43,-31,-43,-32,-43,-33,-44,-33,-45,-33,-45,-32,-45,-32,-44,-32,-44,-32,-43,-31,-43,-29,-42,-27,-42,-26,-42,-24,-43,-23,-44,-21,-44,-19,-45,-17,-46,-16,-46,-16]"
CSI_DATA,5,5c:01:3b:6b:b0:95,-49,11,1,4,0,1,1,1,0,0,0,-96,1,11,0,9023928,0,86,1,256,1,"[86,-32,4,0,13,19,13,18,12,17,12,16,12,15,11,14,11,13,10,12,10,11,10,11,9,10,9,9,8,9,7,9,7,8,6,8,5,8,4,8,3,7,2,7,1,6,1,5,0,5,-1,4,-2,4,-1,1,0,0,0,0,0,0,0,0,0,0,0,0,0,0,0,0,0,0,3,4,14,19,14,20,13,21,13,22,12,24,12,24,11,25,11,26,10,26,10,27,10,27,10,28,10,27,10,26,10,26,10,25,10,24,11,23,11,23,12,23,13,23,13,22,13,22,14,22,14,22,14,21,5,12,20,40,19,39,18,38,17,36,17,34,17,32,17,30,16,27,16,25,16,24,16,22,15,21,14,20,13,20,12,19,10,18,9,17,7,16,6,15,4,14,2,13,1,12,0,11,-1,9,-3,8,-4,7,-6,5,-7,5,-2,0,-1,0,-1,-1,-1,-2,-1,-1,1,1,4,6,25,36,23,38,22,40,20,42,19,45,17,47,16,48,15,49,14,51,13,52,12,52,12,53,12,53,13,54,12,53,12,53,11,51,11,51,12,49,13,48,14,47,16,47,17,46,18,45,19,44,21,43,22,43,22,43]"
CSI_DATA,6,5c:01:3b:6b:b0:95,-51,11,1,6,0,1,1,1,0,0,0,-96,1,11,0,9037281,0,86,1,256,1,"[86,-32,4,0,-23,1,-22,1,-21,1,-20,1,-19,1,-18,1,-17,2,-16,2,-15,3,-14,3,-14,2,-13,2,-13,2,-12,2,-12,2,-11,1,-10,1,-9,0,-8,-1,-7,-1,-7,-2,-6,-3,-5,-3,-4,-3,-4,-3,-1,-1,0,0,0,0,0,0,0,0,0,0,0,0,0,0,0,0,0,0,-6,0,-24,0,-24,-1,-25,-2,-26,-3,-26,-4,-27,-4,-27,-5,-27,-6,-27,-6,-28,-7,-28,-7,-28,-7,-27,-7,-27,-7,-27,-6,-27,-5,-26,-4,-26,-4,-26,-3,-26,-3,-26,-2,-25,-1,-25,-1,-25,0,-25,0,-25,1,-14,-2,-45,-4,-43,-4,-41,-4,-39,-4,-37,-3,-35,-2,-33,-2,-32,-1,-31,0,-29,1,-28,1,-27,2,-26,1,-24,1,-23,1,-22,0,-20,-1,-19,-2,-18,-3,-16,-4,-14,-4,-12,-5,-11,-5,-9,-6,-7,-6,-6,-6,-4,-7,-2,-7,-1,-2,0,-1,-1,0,1,0,0,0,-3,-1,-8,-1,-43,-6,-43,-8,-44,-6,-45,-9,-46,-11,-46,-13,-47,-15,-48,-17,-49,-18,-49,-20,-49,-20,-49,-21,-50,-21,-50,-21,-49,-20,-48,-20,-48,-19,-48,-18,-47,-17,-47,-15,-47,-14,-47,-12,-47,-11,-47,-9,-46,-8,-46,-7,-47,-6,-46,-5]"
CSI_DATA,7,5c:01:3b:6b:b0:95,-49,11,1,4,0,1,1,1,0,0,0,-96,1,11,0,9060704,0,86,1,256,1,"[86,-32,4,0,3,-24,2,-23,2,-22,2,-21,1,-20,1,-19,1,-18,0,-17,0,-17,-1,-16,-1,-15,-1,-14,-1,-14,0,-13,0,-13,0,-12,1,-11,2,-11,2,-9,2,-8,2,-7,2,-6,3,-5,3,-5,3,-4,0,-1,0,0,0,0,0,0,0,0,0,0,0,0,0,0,0,0,0,0,1,-6,4,-25,5,-25,6,-25,7,-26,8,-26,9,-27,10,-27,11,-27,12,-27,12,-27,12,-28,13,-28,12,-27,11,-26,11,-26,10,-26,9,-26,8,-26,8,-26,7,-26,6,-26,5,-26,5,-25,4,-26,4,-26,4,-26,4,-14,14,-44,14,-42,13,-41,13,-39,12,-37,10,-36,9,-34,8,-32,6,-31,5,-30,4,-29,3,-28,3,-27,3,-26,4,-24,5,-22,5,-20,6,-19,6,-17,7,-15,7,-14,7,-12,7,-10,7,-9,7,-7,7,-5,8,-2,8,-1,1,-1,0,-1,-1,0,-1,1,-1,0,0,-3,2,-8,16,-42,18,-41,17,-44,20,-44,22,-44,24,-44,26,-44,27,-44,30,-44,31,-44,32,-43,32,-44,32,-45,32,-46,32,-45,31,-44,31,-44,30,-44,28,-43,26,-43,24,-44,23,-45,22,-45,20,-46,19,-46,17,-46,16,-47,16,-47]"
CSI_DATA,8,5c:01:3b:6b:b0:95,-49,11,1,4,0,1,1,1,0,0,0,-96,1,11,0,9082717,0,86,1,256,1,"[86,-32,4,0,3,-24,3,-24,3,-22,2,-21,1,-20,1,-19,1,-18,0,-17,0,-17,-1,-16,-1,-15,-1,-15,-1,-14,0,-14,0,-13,0,-12,1,-11,2,-11,2,-10,2,-9,2,-7,2,-6,3,-5,3,-5,4,-4,1,-1,0,0,0,0,0,0,0,0,0,0,0,0,0,0,0,0,0,0,1,-6,5,-24,5,-25,7,-25,8,-26,9,-26,10,-26,11,-27,11,-27,12,-27,12,-27,13,-27,13,-27,12,-27,11,-27,11,-26,11,-26,10,-26,9,-26,8,-26,7,-26,6,-26,6,-26,5,-25,4,-26,4,-27,5,-27,5,-13,17,-42,17,-41,16,-40,15,-38,14,-37,12,-36,11,-34,10,-32,8,-30,7,-30,6,-29,5,-28,5,-27,5,-26,6,-24,6,-22,6,-20,7,-18,8,-16,8,-15,8,-13,8,-11,8,-10,8,-8,8,-6,8,-5,8,-1,8,0,1,0,0,0,-1,-1,-1,1,-1,0,0,-3,2,-8,17,-42,20,-41,17,-43,20,-43,23,-43,26,-43,27,-43,29,-43,31,-42,33,-42,33,-42,33,-42,34,-44,33,-44,33,-43,33,-43,32,-42,31,-42,30,-42,28,-42,27,-42,25,-43,23,-43,22,-44,21,-44,19,-45,18,-46,18,-46]"
CSI_DATA,9,5c:01:3b:6b:b0:95,-51,11,1,5,0,1,1,1,0,0,0,-96,1,11,0,9100036,0,86,1,256,1,"[86,-32,4,0,3,21,4,20,3,19,3,18,2,17,2,16,3,15,2,14,3,13,3,12,3,11,3,10,3,10,2,10,2,10,2,9,0,9,-1,8,-2,7,-2,7,-2,5,-2,4,-2,3,-3,3,-3,2,-1,0,0,0,0,0,0,0,0,0,0,0,0,0,0,0,0,0,0,0,1,5,4,22,3,22,2,23,2,24,1,24,0,25,-2,26,-2,26,-3,26,-3,26,-4,27,-4,27,-3,26,-3,25,-3,25,-2,25,-1,24,0,24,0,24,0,23,1,23,1,23,2,23,2,23,3,23,2,23,4,12,14,39,14,38,14,37,14,35,13,33,12,31,11,29,11,28,11,26,12,24,12,22,12,21,11,21,10,20,9,19,8,18,7,17,5,16,3,15,1,13,0,13,-1,11,-1,10,-2,9,-3,7,-4,6,-4,7,-5,7,-1,1,-1,0,-1,-1,-1,-1,-1,-1,1,1,5,5,28,31,26,34,16,39,14,40,12,42,11,44,10,46,9,47,7,48,6,49,5,50,5,50,4,51,5,51,5,50,5,49,5,48,6,48,7,47,8,46,9,46,9,45,11,44,12,44,13,43,14,42,15,41,14,41]"
CSI_DATA,10,5c:01:3b:6b:b0:95,-52,11,1,7,0,1,1,1,0,0,0,-96,1,11,0,9115214,0,86,1,256,1,"[86,-32,4,0,-20,-16,-19,-15,-18,-14,-18,-13,-17,-12,-16,-12,-16,-11,-15,-10,-14,-9,-14,-8,-14,-8,-13,-7,-13,-7,-12,-7,-11,-7,-10,-8,-9,-7,-8,-7,-6,-7,-6,-7,-5,-7,-4,-7,-3,-6,-2,-5,-1,-5,-1,-2,0,0,0,0,0,0,0,0,0,0,0,0,0,0,0,0,0,0,-6,-4,-21,-15,-21,-16,-21,-18,-21,-19,-20,-20,-20,-21,-20,-22,-19,-23,-19,-23,-19,-23,-19,-23,-20,-23,-20,-23,-19,-23,-19,-23,-19,-22,-19,-21,-19,-20,-20,-20,-20,-20,-21,-20,-21,-19,-21,-17,-21,-17,-22,-17,-22,-16,-13,-9,-41,-28,-39,-28,-37,-27,-35,-26,-33,-24,-32,-23,-31,-21,-30,-19,-29,-18,-28,-16,-27,-14,-27,-14,-25,-13,-24,-13,-23,-13,-21,-13,-19,-13,-17,-13,-15,-12,-13,-12,-11,-13,-10,-13,-8,-12,-6,-11,-4,-11,-2,-10,-1,-9,1,-9,0,-2,0,-1,-1,0,1,0,0,0,-3,-1,-8,-3,-44,-18,-43,-20,-41,-27,-40,-30,-40,-33,-40,-36,-40,-37,-39,-39,-39,-41,-38,-42,-38,-43,-38,-44,-38,-44,-38,-44,-37,-44,-37,-43,-37,-43,-37,-42,-37,-40,-37,-38,-37,-37,-38,-36,-39,-35,-39,-34,-40,-32,-41,-31,-42,-31,-42,-30]"
CSI_DATA,11,5c:01:3b:6b:b0:95,-49,11,1,4,0,1,1,1,0,0,0,-96,1,11,0,9140403,0,86,1,256,1,"[86,-32,4,0,-25,2,-24,2,-23,3,-21,3,-20,3,-19,3,-18,3,-17,4,-16,4,-16,4,-15,3,-14,3,-14,3,-13,3,-13,3,-12,2,-11,1,-10,1,-9,0,-9,-1,-8,-2,-8,-2,-7,-3,-6,-3,-5,-3,-2,-1,0,0,0,0,0,0,0,0,0,0,0,0,0,0,0,0,0,0,-7,0,-25,2,-25,1,-26,0,-27,-1,-28,-1,-28,-2,-29,-2,-29,-3,-29,-4,-30,-5,-30,-5,-30,-5,-29,-5,-29,-5,-28,-4,-29,-3,-28,-2,-27,-2,-27,-1,-27,-1,-27,0,-27,1,-27,2,-27,1,-27,2,-27,2,-15,0,-48,2,-47,1,-45,1,-42,2,-40,3,-38,3,-36,4,-34,4,-33,5,-31,5,-30,5,-29,6,-28,5,-26,5,-25,4,-24,3,-23,2,-21,1,-20,0,-18,-1,-17,-3,-15,-4,-13,-4,-12,-5,-10,-6,-9,-6,-7,-7,-5,-7,-1,-2,-1,-1,0,0,1,-1,0,0,-3,0,-8,1,-45,6,-46,3,-47,1,-48,-2,-50,-4,-51,-6,-52,-7,-53,-9,-54,-10,-54,-12,-55,-13,-55,-14,-56,-14,-56,-14,-55,-13,-54,-13,-54,-12,-53,-12,-52,-10,-51,-9,-51,-7,-51,-5,-51,-3,-51,-2,-50,-1,-50,0,-51,1,-51,1]"
CSI_DATA,12,5c:01:3b:6b:b0:95,-50,11,1,5,0,1,1,1,0,0,0,-96,1,11,0,9160037,0,86,1,256,1,"[86,-32,4,0,-4,-8,-4,-8,-4,-8,-4,-7,-4,-7,-4,-6,-4,-6,-4,-6,-4,-6,-4,-5,-4,-5,-4,-5,-4,-5,-3,-4,-3,-4,-3,-4,-2,-4,-2,-4,-2,-4,-1,-4,-1,-3,-1,-3,-1,-3,0,-3,0,-2,0,-1,0,0,0,0,0,0,0,0,0,0,0,0,0,0,0,0,0,0,-1,-3,-4,-9,-4,-9,-4,-9,-3,-10,-3,-10,-3,-10,-3,-10,-2,-11,-2,-11,-2,-11,-2,-11,-2,-11,-2,-11,-2,-11,-2,-10,-3,-10,-3,-10,-3,-10,-3,-10,-4,-10,-4,-9,-4,-9,-4,-9,-5,-9,-5,-9,-4,-9,-4,-11,-12,-33,-11,-32,-11,-31,-10,-29,-10,-28,-10,-26,-9,-25,-10,-24,-10,-22,-10,-21,-11,-20,-11,-19,-10,-19,-10,-18,-9,-17,-8,-16,-7,-15,-5,-14,-5,-14,-4,-13,-3,-12,-2,-11,-1,-10,0,-9,1,-8,2,-7,4,-5,5,-4,1,-1,0,-1,-1,-1,0,0,0,0,-1,-2,-2,-6,-9,-32,-8,-32,-9,-33,-8,-34,-7,-35,-5,-37,-4,-38,-4,-39,-3,-39,-2,-40,-1,-40,-1,-40,-1,-41,-1,-41,-1,-40,-1,-40,-2,-39,-3,-39,-4,-38,-5,-37,-5,-37,-6,-36,-7,-36,-8,-36,-9,-35,-10,-35,-11,-35,-11,-34]"
CSI_DATA,13,5c:01:3b:6b:b0:95,-49,11,1,4,0,1,1,1,0,0,0,-96,1,11,0,9180110,0,86,1,256,1,"[86,-32,4,0,-16,-21,-15,-20,-15,-18,-14,-17,-14,-16,-14,-15,-13,-14,-12,-13,-12,-12,-12,-12,-12,-11,-12,-11,-11,-10,-10,-10,-9,-10,-9,-10,-7,-9,-6,-9,-5,-9,-4,-8,-4,-7,-3,-7,-2,-7,-1,-6,-1,-6,-1,-2,0,0,0,0,0,0,0,0,0,0,0,0,0,0,0,0,0,0,-4,-5,-14,-21,-14,-22,-13,-23,-13,-24,-13,-25,-12,-26,-12,-27,-11,-27,-11,-28,-11,-28,-11,-29,-11,-29,-11,-29,-11,-28,-11,-27,-11,-27,-12,-26,-12,-25,-13,-25,-14,-24,-15,-24,-15,-23,-15,-23,-16,-23,-16,-23,-16,-23,-6,-14,-20,-43,-20,-42,-19,-41,-18,-38,-18,-37,-18,-35,-17,-33,-17,-30,-17,-28,-17,-27,-18,-26,-18,-24,-17,-23,-16,-23,-15,-22,-14,-21,-12,-20,-10,-19,-8,-18,-6,-17,-5,-16,-3,-15,-2,-14,-1,-13,0,-12,1,-10,4,-8,5,-7,1,-2,0,-1,-1,0,0,1,0,0,-2,-3,-4,-8,-17,-42,-15,-43,-18,-43,-16,-45,-14,-48,-13,-49,-12,-51,-11,-52,-9,-53,-8,-54,-7,-54,-7,-55,-8,-56,-9,-56,-8,-55,-8,-55,-8,-54,-9,-53,-10,-52,-11,-50,-12,-50,-14,-49,-15,-48,-16,-48,-18,-47,-20,-46,-21,-46,-22,-47]"
CSI_DATA,14,5c:01:3b:6b:b0:95,-50,11,1,5,0,1,1,1,0,0,0,-96,1,11,0,9200657,0,86,1,256,1,"[86,-32,4,0,14,18,13,17,13,16,13,15,13,14,12,13,12,12,11,11,10,11,10,10,10,10,10,9,9,9,8,8,8,8,7,8,6,8,5,8,4,7,3,7,3,6,2,5,1,5,0,5,-1,5,-1,1,0,0,0,0,0,0,0,0,0,0,0,0,0,0,0,0,0,0,3,4,14,18,14,19,13,20,13,21,12,22,12,23,12,23,11,24,11,24,10,24,10,25,10,26,10,25,11,25,11,25,11,24,11,23,11,22,12,22,13,21,14,21,14,20,14,20,14,20,15,21,15,21,7,11,25,37,23,37,22,35,21,33,20,31,20,30,20,28,19,26,19,23,19,22,19,21,18,20,18,19,17,19,16,18,14,17,12,16,11,15,9,15,7,14,5,13,4,12,2,11,1,10,0,9,-2,9,-3,8,-4,7,-1,1,-1,0,-1,-1,-1,-1,-1,-1,1,1,5,5,27,31,26,33,24,36,22,38,21,41,19,43,18,45,17,46,17,48,16,49,16,49,15,49,16,50,16,50,16,50,16,50,16,49,16,49,17,47,17,45,18,44,20,43,21,43,22,42,23,41,25,40,25,40,26,40]"
CSI_DATA,15,5c:01:3b:6b:b0:95,-49,11,1,4,0,1,1,1,0,0,0,-96,1,11,0,9220478,0,86,1,256,1,"[86,-32,4,0,-3,-25,-3,-24,-3,-22,-3,-20,-3,-19,-3,-19,-4,-18,-4,-17,-4,-17,-5,-16,-5,-14,-5,-13,-4,-13,-3,-13,-3,-12,-2,-12,-2,-11,-1,-10,0,-10,0,-9,1,-7,1,-6,1,-6,2,-5,2,-5,0,-1,0,0,0,0,0,0,0,0,0,0,0,0,0,0,0,0,0,0,-1,-6,-3,-24,-2,-25,-1,-26,0,-27,1,-27,2,-28,3,-28,4,-28,5,-29,5,-29,4,-30,4,-30,4,-29,4,-28,4,-28,3,-28,3,-28,2,-27,1,-27,1,-27,0,-27,0,-27,-1,-26,-3,-26,-3,-27,-2,-27,1,-15,2,-48,2,-47,2,-45,2,-43,1,-41,0,-40,0,-37,-1,-35,-2,-33,-3,-32,-3,-31,-4,-30,-4,-28,-3,-27,-2,-26,-2,-24,-1,-22,0,-21,2,-19,3,-18,3,-16,4,-15,4,-13,4,-11,5,-9,5,-8,7,-5,7,-4,1,-1,0,-1,-1,0,0,1,-1,0,-1,-3,-1,-9,-1,-46,1,-46,2,-47,5,-48,8,-50,9,-51,11,-51,13,-51,15,-52,16,-53,17,-53,18,-53,17,-54,17,-54,17,-53,17,-53,17,-52,16,-52,15,-51,13,-50,11,-50,9,-51,8,-51,7,-51,5,-51,4,-51,3,-51,3,-51]"
CSI_DATA,16,5c:01:3b:6b:b0:95,-51,11,1,6,0,1,1,1,0,0,0,-96,1,11,0,9234872,0,86,1,256,1,"[86,-32,4,0,-4,6,-4,6,-3,6,-3,5,-3,5,-3,5,-2,4,-2,4,-2,4,-2,4,-2,3,-2,3,-2,3,-2,3,-2,3,-2,3,-2,2,-2,2,-2,2,-2,1,-2,1,-2,0,-2,0,-2,0,-2,0,-1,0,0,0,0,0,0,0,0,0,0,0,0,0,0,0,0,0,0,0,-1,1,-4,6,-5,6,-5,6,-5,6,-6,6,-6,6,-6,6,-6,6,-7,6,-7,6,-7,6,-7,6,-7,6,-7,6,-6,6,-6,6,-6,6,-6,6,-5,6,-5,6,-5,6,-5,6,-5,6,-5,7,-5,7,-4,7,-8,15,-24,51,-24,50,-22,48,-21,46,-18,44,-16,42,-15,39,-14,38,-14,36,-13,34,-12,32,-11,31,-10,30,-9,28,-9,27,-9,25,-9,23,-10,20,-11,18,-11,15,-11,12,-11,10,-10,7,-10,6,-10,4,-10,2,-9,1,-9,0,-2,-1,-1,-1,-1,-1,0,-3,0,-2,-1,3,-3,10,-14,56,-17,55,-26,51,-30,51,-33,51,-35,51,-38,51,-40,52,-43,53,-45,53,-46,52,-47,52,-49,52,-48,51,-47,50,-46,50,-45,50,-43,50,-41,50,-39,51,-36,52,-34,53,-32,53,-31,54,-30,55,-29,54,-27,53,-26,52]"
CSI_DATA,17,5c:01:3b:6b:b0:95,-51,11,1,6,0,1,1,1,0,0,0,-96,1,11,0,9255142,0,86,1,256,1,"[86,-32,4,0,22,-8,21,-8,20,-8,19,-8,18,-7,17,-7,16,-7,15,-8,14,-8,13,-8,13,-7,12,-7,12,-7,11,-7,11,-6,10,-5,9,-5,9,-4,8,-3,8,-2,7,-1,6,0,6,0,5,0,4,1,1,0,0,0,0,0,0,0,0,0,0,0,0,0,0,0,0,0,0,0,5,-2,22,-8,23,-8,24,-7,25,-6,26,-6,26,-5,27,-4,27,-4,28,-3,28,-3,28,-3,28,-2,28,-2,27,-2,27,-2,27,-3,26,-4,25,-5,25,-5,25,-5,25,-6,25,-7,24,-7,24,-7,25,-8,25,-9,14,-4,45,-11,43,-11,42,-11,40,-10,38,-11,35,-11,33,-11,32,-11,30,-12,28,-12,27,-12,26,-12,25,-11,24,-11,23,-10,22,-9,21,-7,20,-6,19,-5,17,-3,15,-2,14,-1,12,0,11,1,9,2,8,3,7,5,5,4,0,0,0,0,-1,-1,-2,0,-1,0,2,-2,7,-3,41,-15,42,-12,43,-11,45,-9,47,-7,48,-5,49,-4,51,-3,52,-1,53,0,53,1,54,2,54,2,54,2,53,2,53,2,53,1,52,0,51,-1,50,-2,50,-3,49,-5,49,-6,48,-8,47,-9,47,-10,48,-11,48,-12]"
CSI_DATA,18,5c:01:3b:6b:b0:95,-50,11,1,5,0,1,1,1,0,0,0,-96,1,11,0,9282640,0,86,1,256,1,"[86,-32,4,0,12,21,12,20,11,18,11,17,11,17,11,16,10,14,10,13,9,13,9,12,9,11,9,11,8,10,7,10,7,10,6,10,5,10,4,9,3,8,2,8,2,7,1,6,0,6,-1,5,-1,5,-1,1,0,0,0,0,0,0,0,0,0,0,0,0,0,0,0,0,0,0,3,4,13,19,13,20,12,21,12,23,11,23,11,24,10,25,10,26,9,26,9,27,9,28,9,28,9,27,9,27,9,26,9,26,9,25,10,24,10,24,11,24,12,23,12,23,12,22,13,23,13,23,13,22,6,13,21,42,20,41,20,40,19,38,18,35,18,34,17,32,17,29,17,27,17,25,18,24,17,23,16,22,15,22,14,21,13,20,11,19,9,18,8,17,6,16,4,15,2,14,1,12,0,11,-1,10,-3,9,-4,8,-5,8,-1,1,-1,0,-1,-1,-1,-2,-1,-1,1,1,4,5,26,34,24,36,23,38,21,40,19,43,18,45,17,47,16,49,15,51,14,51,13,52,13,52,14,53,14,53,14,53,13,53,12,52,13,51,14,50,14,48,15,47,16,47,17,46,19,46,20,44,22,44,23,44,23,44]"
CSI_DATA,19,5c:01:3b:6b:b0:95,-49,11,1,4,0,1,1,1,0,0,0,-96,1,11,0,9300187,0,86,1,256,1,"[86,-32,4,0,11,-21,10,-21,9,-19,9,-19,8,-18,7,-17,6,-16,6,-16,5,-15,5,-15,4,-14,3,-13,3,-13,3,-13,4,-12,4,-11,4,-10,4,-10,4,-9,4,-8,4,-6,4,-4,4,-4,3,-3,3,-3,0,-1,0,0,0,0,0,0,0,0,0,0,0,0,0,0,0,0,0,0,3,-6,13,-21,14,-21,15,-21,16,-21,17,-21,19,-21,19,-21,20,-21,20,-20,21,-20,21,-21,21,-20,21,-20,20,-20,20,-20,19,-20,18,-20,17,-21,17,-21,16,-21,15,-22,14,-22,13,-22,13,-22,13,-23,13,-23,8,-12,26,-37,25,-37,24,-36,23,-34,21,-33,19,-33,17,-31,16,-29,15,-28,13,-28,12,-27,11,-26,9,-25,9,-23,9,-22,9,-20,9,-19,10,-17,10,-16,9,-13,9,-11,8,-9,8,-8,7,-6,7,-5,7,-3,6,-1,5,0,1,0,0,-1,-1,-1,-1,1,-1,0,1,-3,4,-7,26,-37,28,-36,29,-37,31,-36,34,-36,36,-36,38,-35,40,-35,41,-34,43,-34,44,-33,44,-32,45,-33,45,-33,45,-32,43,-32,42,-33,41,-33,39,-34,38,-34,36,-35,35,-37,33,-38,32,-38,31,-38,30,-38,30,-39,29,-39]"
CSI_DATA,20,5c:01:3b:6b:b0:95,-48,11,1,4,0,1,1,1,0,0,0,-96,1,11,0,9319779,0,86,1,256,1,"[86,-32,4,0,11,23,11,22,11,20,11,19,11,18,11,17,10,16,10,15,9,14,10,13,10,12,10,12,9,11,8,11,7,11,7,11,6,10,4,10,3,9,3,8,2,8,2,7,1,6,0,6,-1,5,-1,1,0,0,0,0,0,0,0,0,0,0,0,0,0,0,0,0,0,0,2,5,10,22,10,23,9,25,9,26,8,26,7,27,7,28,6,29,6,29,5,29,5,30,5,30,6,30,6,29,6,28,6,28,7,27,7,27,8,26,9,26,10,26,11,25,11,25,12,25,12,25,12,24,3,14,12,47,10,46,10,44,9,42,10,39,11,38,11,36,11,33,12,31,12,29,12,28,12,27,12,26,11,25,10,24,9,23,8,22,6,20,5,19,3,17,2,16,1,15,0,13,-1,12,-3,10,-3,9,-6,7,-7,7,-2,1,-1,0,0,-1,-1,-2,-1,-1,0,2,1,7,8,44,6,45,10,46,7,47,5,49,3,51,2,52,0,53,-1,54,-3,55,-3,55,-3,55,-3,57,-2,57,-2,56,-3,56,-3,55,-2,54,-1,53,0,52,2,52,4,51,6,51,7,51,9,50,10,50,12,50,12,51]"
CSI_DATA,21,5c:01:3b:6b:b0:95,-50,11,1,5,0,1,1,1,0,0,0,-96,1,11,0,9337024,0,86,1,256,1,"[86,-32,4,0,-4,23,-4,22,-4,21,-3,19,-2,18,-1,17,-1,17,-1,16,-2,15,-1,14,-1,13,0,13,-1,13,-1,12,-1,12,-2,11,-2,10,-2,9,-3,8,-3,7,-3,6,-3,4,-4,4,-4,3,-4,3,-1,0,0,0,0,0,0,0,0,0,0,0,0,0,0,0,0,0,0,0,-1,5,-3,23,-4,24,-5,24,-6,25,-7,25,-8,25,-8,26,-8,26,-9,26,-11,26,-12,26,-12,26,-12,26,-11,25,-11,25,-10,25,-9,25,-9,24,-7,24,-6,24,-5,24,-5,24,-5,24,-5,24,-5,25,-5,25,-4,14,-11,46,-11,45,-11,43,-10,41,-8,39,-7,37,-6,35,-6,34,-5,32,-4,31,-3,30,-3,28,-3,28,-3,27,-3,25,-4,23,-5,22,-5,20,-6,18,-6,16,-7,14,-7,12,-7,11,-8,9,-8,7,-8,6,-9,4,-10,4,-2,0,-1,0,0,-1,-1,-2,0,-1,0,2,-1,8,-3,45,-6,44,-7,45,-10,45,-13,46,-15,47,-17,48,-19,48,-20,49,-22,49,-23,49,-24,49,-25,49,-25,50,-25,49,-25,49,-24,48,-23,48,-22,48,-20,47,-19,47,-17,47,-16,47,-14,48,-13,48,-12,48,-12,49,-12,48]"
CSI_DATA,22,5c:01:3b:6b:b0:95,-48,11,1,4,0,1,1,1,0,0,0,-96,1,11,0,9359717,0,86,1,256,1,"[86,-32,4,0,17,19,17,19,16,17,16,16,15,15,15,14,14,13,13,12,13,11,13,11,13,10,12,9,12,9,11,9,10,9,9,9,8,9,7,9,6,8,5,8,4,7,3,6,2,6,1,6,0,6,0,1,0,0,0,0,0,0,0,0,0,0,0,0,0,0,0,0,0,0,4,4,17,18,17,19,17,20,17,21,16,23,16,24,15,25,15,25,14,26,14,27,14,27,14,27,14,27,14,26,14,26,14,25,14,24,15,23,15,23,16,23,17,22,17,22,17,21,18,21,19,21,18,21,7,13,25,43,24,42,23,40,22,38,21,36,22,35,21,32,20,29,20,27,20,26,20,24,20,23,19,22,18,22,16,21,15,20,13,19,12,18,10,17,8,17,6,16,4,15,3,14,2,13,0,12,-1,11,-4,9,-5,8,-2,1,-1,0,-1,-1,-1,-2,-1,-1,1,1,4,6,26,38,24,40,26,39,24,42,23,45,22,47,21,48,19,50,18,52,17,53,16,54,16,54,17,55,17,55,17,55,16,54,16,54,16,53,17,51,18,49,19,49,21,48,22,47,23,47,24,46,26,45,27,45,27,45]"
CSI_DATA,23,5c:01:3b:6b:b0:95,-49,11,1,5,0,1,1,1,0,0,0,-96,1,11,0,9376980,0,86,1,256,1,"[86,-32,4,0,22,-4,21,-4,20,-5,19,-4,18,-4,17,-4,16,-5,15,-5,14,-6,14,-6,13,-5,12,-5,12,-5,12,-5,11,-5,11,-4,10,-3,9,-3,9,-2,8,-1,7,0,7,0,6,0,5,0,4,1,1,0,0,0,0,0,0,0,0,0,0,0,0,0,0,0,0,0,0,0,5,-2,21,-5,22,-4,23,-3,23,-2,24,-2,25,-1,25,0,25,0,26,1,26,1,27,1,27,1,26,2,25,2,25,1,25,0,25,0,24,-1,24,-1,24,-1,24,-2,24,-3,23,-3,24,-4,24,-4,24,-5,13,0,43,-1,42,0,40,0,38,-1,36,-1,34,-2,33,-2,31,-3,30,-4,29,-5,28,-5,26,-6,25,-5,24,-5,24,-4,23,-3,21,-2,20,-2,19,-1,17,0,15,1,14,2,12,2,11,3,9,3,8,4,6,7,4,6,0,1,0,0,-1,-1,-2,0,-1,-1,2,-1,6,-1,40,0,40,2,41,-1,41,1,43,4,43,6,45,7,46,9,47,11,47,12,47,13,47,13,48,13,48,12,48,12,47,12,46,12,46,11,45,10,45,9,45,8,44,6,44,5,45,3,44,2,45,1,45,0,45,0]"
CSI_DATA,24,5c:01:3b:6b:b0:95,-48,11,1,4,0,1,1,1,0,0,0,-96,1,11,0,9398466,0,86,1,256,1,"[86,-32,4,0,-15,19,-14,19,-13,18,-12,17,-11,16,-11,15,-10,15,-9,15,-8,15,-7,14,-7,13,-6,13,-6,12,-7,12,-7,11,-6,11,-6,10,-7,9,-7,8,-7,7,-6,5,-6,4,-6,4,-6,3,-6,2,-2,0,0,0,0,0,0,0,0,0,0,0,0,0,0,0,0,0,0,0,-4,4,-14,19,-15,18,-16,18,-17,18,-18,18,-19,18,-20,18,-21,18,-22,18,-22,18,-22,19,-22,18,-22,18,-21,17,-21,17,-21,18,-20,18,-19,18,-19,18,-18,18,-17,19,-17,19,-16,19,-15,20,-15,21,-16,21,-12,8,-35,28,-34,27,-33,26,-31,25,-30,25,-28,24,-26,23,-24,22,-23,22,-22,22,-20,22,-19,21,-19,20,-18,19,-18,18,-17,17,-17,15,-16,13,-16,12,-15,10,-15,8,-14,7,-13,5,-12,4,-11,3,-11,1,-10,-3,-9,-3,-2,-1,-1,-1,0,-1,0,-1,0,-1,-2,1,-6,4,-34,26,-36,24,-33,27,-36,26,-38,25,-40,25,-42,24,-43,23,-45,22,-46,22,-47,21,-47,21,-48,22,-48,22,-48,21,-47,21,-47,21,-46,21,-44,21,-43,22,-42,24,-41,25,-40,26,-39,27,-38,28,-37,29,-37,29,-37,30]"
CSI_DATA,25,5c:01:3b:6b:b0:95,-49,11,1,5,0,1,1,1,0,0,0,-96,1,11,0,9417189,0,86,1,256,1,"[86,-32,4,0,-16,-21,-16,-20,-15,-19,-15,-17,-15,-17,-15,-16,-14,-15,-14,-14,-13,-13,-13,-12,-13,-12,-13,-11,-12,-11,-11,-10,-11,-10,-10,-10,-9,-10,-7,-9,-7,-9,-6,-9,-5,-8,-4,-8,-3,-7,-2,-7,-1,-7,-1,-2,0,0,0,0,0,0,0,0,0,0,0,0,0,0,0,0,0,0,-4,-6,-15,-21,-14,-22,-14,-23,-14,-24,-13,-25,-13,-25,-12,-26,-12,-27,-12,-28,-11,-29,-11,-29,-11,-29,-11,-29,-11,-28,-11,-28,-12,-27,-13,-26,-13,-25,-13,-25,-15,-24,-16,-24,-16,-24,-16,-23,-17,-23,-17,-23,-17,-23,-8,-14,-26,-44,-26,-43,-25,-41,-24,-39,-23,-37,-22,-35,-22,-33,-22,-31,-22,-28,-22,-27,-23,-25,-22,-24,-22,-23,-21,-23,-19,-22,-18,-21,-16,-20,-14,-19,-13,-19,-11,-18,-9,-17,-7,-16,-6,-15,-4,-14,-3,-13,-1,-12,2,-11,3,-10,0,-2,0,-1,-1,0,0,1,0,0,-2,-2,-5,-7,-24,-39,-22,-41,-24,-42,-22,-44,-20,-46,-19,-49,-18,-50,-16,-52,-16,-53,-15,-54,-15,-55,-14,-55,-15,-56,-15,-56,-15,-56,-14,-56,-15,-55,-16,-54,-17,-52,-18,-51,-18,-50,-19,-49,-21,-48,-23,-48,-24,-47,-26,-46,-27,-46,-27,-46]"
CSI_DATA,26,5c:01:3b:6b:b0:95,-51,11,1,6,0,1,1,1,0,0,0,-96,1,11,0,9435182,0,86,1,256,1,"[86,-32,4,0,16,19,16,18,15,17,15,16,15,15,14,14,13,13,13,12,12,11,12,11,12,10,12,9,11,9,10,9,10,9,9,9,8,8,6,8,5,7,4,7,4,7,3,6,2,6,1,6,0,5,0,1,0,0,0,0,0,0,0,0,0,0,0,0,0,0,0,0,0,0,4,4,16,18,16,19,15,20,15,21,15,22,15,23,14,24,14,25,13,25,13,26,12,27,12,27,12,27,13,26,13,25,13,25,13,24,14,23,15,23,15,22,16,22,16,21,16,21,17,21,17,21,17,20,8,11,28,38,27,38,26,36,24,35,23,32,23,30,22,28,22,26,22,24,21,23,21,22,20,20,20,20,19,19,17,18,16,17,15,17,13,16,11,15,9,14,8,13,6,13,4,12,2,11,1,10,0,9,-2,8,-4,7,-1,1,-1,0,-1,-1,-2,-2,-1,-1,1,1,5,6,27,34,26,36,27,37,26,39,24,42,23,43,22,45,22,47,21,49,20,50,19,51,19,51,19,52,18,52,18,52,18,51,19,50,20,49,20,48,21,46,22,45,23,44,24,44,25,43,26,43,27,42,28,42,28,41]"
CSI_DATA,27,5c:01:3b:6b:b0:95,-48,11,1,4,0,1,1,1,0,0,0,-96,1,11,0,9458467,0,86,1,256,1,"[86,-32,4,0,-10,23,-9,22,-9,21,-8,20,-7,19,-6,18,-6,17,-5,17,-5,17,-4,16,-3,15,-3,14,-3,14,-4,14,-4,13,-4,12,-4,12,-5,11,-5,9,-5,8,-5,7,-5,6,-5,5,-5,5,-5,4,-2,1,0,0,0,0,0,0,0,0,0,0,0,0,0,0,0,0,0,0,-3,5,-9,21,-10,21,-12,22,-13,22,-14,22,-15,22,-16,23,-17,22,-17,22,-18,22,-18,23,-18,23,-18,23,-17,22,-17,22,-17,22,-16,22,-15,22,-14,22,-13,23,-12,23,-12,23,-11,23,-11,23,-11,24,-11,24,-8,12,-23,41,-23,40,-22,39,-21,37,-19,36,-18,35,-16,33,-15,32,-13,31,-12,30,-11,29,-10,28,-9,28,-9,27,-10,25,-10,23,-10,22,-10,20,-11,18,-11,16,-11,14,-11,13,-10,11,-10,9,-10,8,-10,6,-10,4,-10,3,-2,0,-1,0,0,-1,0,-2,0,-1,-1,2,-3,7,-16,41,-19,40,-21,39,-24,39,-27,39,-29,40,-31,40,-32,40,-34,39,-36,39,-37,38,-38,38,-38,40,-39,40,-38,39,-37,39,-37,39,-36,38,-34,38,-32,38,-31,39,-30,40,-29,41,-28,42,-26,42,-25,42,-25,43,-25,44]"
CSI_DATA,28,5c:01:3b:6b:b0:95,-49,11,1,5,0,1,1,1,0,0,0,-96,1,11,0,9479200,0,86,1,256,1,"[86,-32,4,0,3,23,3,22,3,21,4,20,4,19,4,18,4,17,4,16,4,16,5,15,5,14,5,13,5,13,4,13,3,12,3,12,2,11,1,11,1,10,0,9,0,8,0,7,-1,6,-2,6,-2,6,-1,1,0,0,0,0,0,0,0,0,0,0,0,0,0,0,0,0,0,0,0,5,2,22,1,23,0,24,-1,24,-1,25,-2,25,-3,26,-3,26,-4,27,-4,27,-4,28,-4,28,-4,27,-4,26,-4,26,-3,26,-3,26,-2,25,-1,25,0,25,1,25,1,25,2,25,3,25,3,25,3,25,-2,13,-2,45,-3,44,-2,42,-2,40,-1,38,0,37,1,35,1,33,2,31,3,30,4,29,4,28,4,28,4,27,3,25,3,24,2,23,1,21,0,20,-1,18,-2,17,-3,15,-4,14,-4,12,-5,11,-6,9,-8,6,-9,5,-2,0,-1,0,-1,-1,-1,-2,-1,-1,0,2,0,7,-2,41,-5,41,-3,42,-5,43,-8,44,-10,45,-11,46,-13,47,-15,48,-16,48,-16,48,-16,48,-16,49,-16,50,-16,49,-17,49,-16,48,-15,48,-13,47,-12,46,-11,46,-10,46,-8,47,-7,47,-5,47,-3,47,-2,47,-2,47]"
CSI_DATA,29,5c:01:3b:6b:b0:95,-48,11,1,4,0,1,1,1,0,0,0,-96,1,11,0,9500173,0,86,1,256,1,"[86,-32,4,0,-19,15,-18,14,-17,14,-15,13,-14,13,-13,12,-12,12,-12,12,-11,12,-11,12,-10,11,-10,10,-9,10,-9,10,-9,9,-9,8,-8,8,-8,7,-7,6,-7,5,-7,3,-7,2,-6,2,-6,2,-6,1,-2,0,0,0,0,0,0,0,0,0,0,0,0,0,0,0,0,0,0,0,-5,4,-18,15,-18,15,-20,15,-21,14,-22,14,-23,14,-23,14,-24,14,-25,13,-26,13,-27,13,-27,12,-26,12,-25,11,-24,12,-24,12,-24,13,-22,13,-22,13,-21,14,-21,15,-21,15,-20,15,-21,15,-21,15,-21,16,-14,5,-42,20,-41,19,-40,18,-38,18,-36,18,-34,18,-32,17,-30,17,-28,17,-27,17,-26,17,-25,17,-24,17,-23,15,-22,14,-22,13,-21,11,-20,10,-19,8,-18,7,-17,5,-16,4,-14,3,-14,2,-12,0,-11,-1,-11,-4,-10,-5,-2,-1,-1,-1,0,-1,1,-1,0,-1,-2,1,-7,3,-39,19,-41,17,-40,21,-42,19,-44,17,-46,16,-47,15,-48,13,-50,12,-51,12,-52,11,-52,10,-54,11,-54,12,-53,11,-52,11,-51,10,-51,11,-50,11,-48,12,-47,14,-46,16,-46,17,-45,19,-45,20,-44,20,-44,21,-45,22]"
CSI_DATA,30,5c:01:3b:6b:b0:95,-50,11,1,5,0,1,1,1,0,0,0,-96,1,11,0,9514986,0,86,1,256,1,"[86,-32,4,0,-3,23,-2,22,-2,20,-1,19,0,18,0,17,1,16,1,16,0,15,0,14,1,14,1,13,1,13,0,12,0,12,0,11,0,10,-1,9,-2,8,-2,8,-2,6,-2,5,-3,5,-3,4,-3,4,-1,1,0,0,0,0,0,0,0,0,0,0,0,0,0,0,0,0,0,0,-1,5,-3,22,-4,22,-4,23,-5,23,-6,24,-7,24,-8,25,-8,25,-9,25,-10,25,-10,25,-10,25,-10,25,-10,25,-9,25,-9,24,-8,24,-7,24,-6,24,-5,24,-4,24,-4,24,-3,23,-3,24,-3,24,-3,24,-4,12,-10,42,-10,41,-10,40,-9,38,-8,36,-7,35,-6,33,-4,31,-3,30,-3,28,-2,28,-2,27,-1,26,-2,25,-2,24,-2,22,-3,20,-3,19,-4,17,-5,15,-5,14,-6,12,-6,11,-6,9,-6,8,-7,6,-8,4,-8,3,-2,0,-1,0,-1,-1,0,-2,0,-1,-1,2,-2,7,-10,40,-12,39,-10,41,-13,41,-15,41,-17,42,-19,43,-21,43,-22,44,-24,44,-24,43,-25,43,-26,44,-26,44,-26,44,-25,44,-25,44,-23,44,-22,43,-20,43,-19,43,-17,43,-16,44,-14,44,-13,44,-12,44,-12,44,-12,44]"
CSI_DATA,31,5c:01:3b:6b:b0:95,-49,11,1,5,0,1,1,1,0,0,0,-96,1,11,0,9539954,0,86,1,256,1,"[86,-32,4,0,19,15,19,14,18,12,17,12,17,11,16,11,15,10,15,8,14,7,14,7,14,6,14,6,13,6,12,6,11,6,11,6,10,6,8,6,7,6,6,6,6,6,5,5,4,5,3,5,2,5,0,1,0,0,0,0,0,0,0,0,0,0,0,0,0,0,0,0,0,0,4,3,18,13,18,14,18,16,18,17,18,18,18,19,17,20,17,20,17,21,17,22,17,22,17,22,17,22,17,21,17,21,17,20,17,19,17,18,18,18,18,18,19,18,19,17,19,16,20,16,21,16,21,15,10,9,35,31,34,31,32,30,31,28,30,26,28,24,28,23,27,21,27,19,26,17,26,16,25,15,24,14,23,14,22,14,21,14,20,13,18,13,16,12,14,12,12,12,10,12,9,11,7,11,5,10,4,9,2,10,0,9,-1,1,-1,0,-1,-1,-2,-1,-1,-1,1,1,5,4,33,26,32,28,32,29,31,31,30,34,30,36,30,38,29,40,29,42,28,43,28,44,27,44,28,45,28,45,28,45,27,45,28,44,28,43,29,41,29,40,29,39,30,37,32,37,33,36,34,35,35,34,35,33,35,33]"
CSI_DATA,32,5c:01:3b:6b:b0:95,-45,11,1,5,0,1,1,1,0,0,0,-96,1,11,0,9555607,0,86,1,256,1,"[86,-32,4,0,11,-6,10,-6,9,-6,9,-6,8,-5,8,-5,7,-5,7,-6,7,-6,6,-5,6,-5,5,-5,5,-5,5,-5,5,-5,5,-4,4,-4,4,-4,4,-3,4,-3,3,-2,3,-2,3,-2,2,-1,2,-1,0,-1,0,0,0,0,0,0,0,0,0,0,0,0,0,0,0,0,0,0,2,-2,10,-6,11,-6,11,-6,12,-5,12,-5,12,-5,13,-4,13,-4,14,-3,14,-3,14,-3,14,-3,14,-3,13,-3,13,-3,13,-4,13,-4,12,-4,12,-4,12,-4,12,-5,12,-5,12,-5,12,-5,12,-6,12,-6,13,-6,43,-20,42,-19,40,-18,38,-18,36,-17,34,-17,32,-17,30,-17,28,-18,27,-18,25,-18,23,-18,22,-17,21,-17,21,-16,20,-14,19,-13,18,-12,17,-11,16,-10,15,-9,13,-7,12,-5,11,-4,10,-3,9,-2,8,-1,7,0,1,-1,0,-1,-1,-1,-2,0,-1,0,1,-2,6,-5,35,-23,37,-21,40,-21,43,-19,45,-17,46,-15,48,-14,50,-12,51,-10,53,-9,54,-9,54,-8,55,-8,55,-8,55,-8,54,-7,53,-8,51,-10,49,-10,48,-11,48,-11,48,-13,48,-15,48,-16,46,-17,46,-18,45,-19,45,-18]"
CSI_DATA,33,5c:01:3b:6b:b0:95,-48,11,1,4,0,1,1,1,0,0,0,-96,1,11,0,9577575,0,86,1,256,1,"[86,-32,4,0,16,-20,15,-20,14,-19,13,-18,12,-17,12,-17,11,-16,10,-16,9,-16,8,-16,7,-15,7,-14,7,-14,7,-14,7,-13,7,-12,7,-11,7,-10,7,-9,7,-8,6,-7,6,-5,6,-5,5,-5,5,-4,1,-1,0,0,0,0,0,0,0,0,0,0,0,0,0,0,0,0,0,0,3,-5,15,-20,16,-19,17,-19,18,-19,19,-19,21,-19,21,-19,22,-18,23,-18,23,-18,24,-18,24,-18,24,-18,23,-17,23,-17,22,-18,21,-18,20,-18,20,-19,19,-19,19,-19,18,-20,18,-20,17,-21,18,-21,18,-22,11,-10,37,-31,36,-30,35,-29,33,-28,32,-28,30,-27,28,-26,26,-25,24,-25,22,-25,21,-25,20,-25,19,-24,18,-23,18,-21,18,-20,17,-18,17,-16,17,-15,16,-13,15,-11,14,-10,13,-8,12,-7,11,-6,11,-4,11,0,10,0,1,0,0,0,-1,-1,-1,0,-1,0,1,-2,5,-6,33,-30,35,-28,34,-31,37,-29,40,-28,42,-27,44,-26,45,-25,47,-24,49,-23,49,-22,49,-22,50,-24,51,-24,50,-24,50,-23,49,-23,48,-23,47,-23,45,-24,44,-25,44,-27,42,-28,42,-30,40,-30,39,-31,40,-33,40,-33]"
CSI_DATA,34,5c:01:3b:6b:b0:95,-48,11,1,4,0,1,1,1,0,0,0,-96,1,11,0,9600285,0,86,1,256,1,"[86,-32,4,0,-21,15,-20,14,-19,14,-18,13,-17,13,-16,13,-15,12,-14,13,-13,13,-12,12,-12,11,-11,11,-11,11,-11,11,-11,10,-10,9,-10,9,-10,8,-9,7,-9,6,-8,4,-8,3,-7,2,-7,2,-7,2,-2,0,0,0,0,0,0,0,0,0,0,0,0,0,0,0,0,0,0,0,-5,3,-20,15,-21,14,-22,13,-24,13,-24,13,-25,13,-26,12,-27,12,-27,11,-28,11,-29,11,-29,11,-28,11,-27,10,-27,11,-27,11,-26,12,-25,12,-25,13,-24,13,-24,14,-23,14,-23,15,-23,15,-23,15,-23,16,-13,8,-41,28,-41,27,-39,26,-37,25,-35,25,-33,25,-30,24,-28,24,-27,23,-26,23,-24,23,-23,22,-22,22,-21,21,-21,20,-21,18,-20,16,-19,15,-19,13,-18,11,-17,10,-16,8,-15,6,-14,5,-13,4,-12,2,-11,1,-10,0,-2,0,-1,-1,0,-1,0,-2,0,-1,-2,1,-6,5,-32,32,-35,30,-39,27,-41,25,-44,24,-46,23,-48,22,-49,21,-51,21,-52,20,-53,19,-54,18,-55,19,-55,19,-54,18,-54,18,-53,18,-52,19,-51,19,-49,21,-48,22,-47,24,-46,25,-45,26,-44,27,-44,28,-44,29,-44,29]"
CSI_DATA,35,5c:01:3b:6b:b0:95,-45,11,1,5,0,1,1,1,0,0,0,-96,1,11,0,9614989,0,86,1,256,1,"[86,-32,4,0,2,-13,2,-13,2,-13,2,-12,1,-11,1,-11,1,-10,1,-10,0,-10,0,-9,-1,-9,-1,-8,-1,-8,-1,-8,0,-7,0,-7,0,-7,0,-7,0,-6,1,-5,0,-5,0,-4,1,-4,1,-3,0,-3,0,-1,0,0,0,0,0,0,0,0,0,0,0,0,0,0,0,0,0,0,0,-4,2,-14,3,-14,3,-14,4,-14,4,-14,5,-15,6,-15,6,-15,6,-15,7,-15,7,-15,7,-15,7,-14,7,-14,6,-14,6,-14,5,-14,5,-14,5,-14,5,-14,4,-14,4,-14,4,-14,4,-14,4,-14,4,-15,2,-16,9,-50,8,-50,7,-49,5,-48,5,-45,4,-42,3,-40,2,-38,1,-37,0,-36,-1,-35,-2,-33,-2,-32,-2,-30,-2,-29,-1,-27,-1,-25,-1,-24,0,-21,1,-19,2,-17,2,-16,2,-15,2,-13,2,-12,3,-10,3,-8,2,-7,0,-2,0,-1,-1,-1,0,1,-1,0,-1,-3,-2,-10,-6,-52,-3,-51,5,-51,8,-51,12,-52,14,-53,16,-54,18,-55,20,-56,22,-57,23,-56,24,-56,25,-57,25,-57,25,-56,24,-55,23,-54,21,-54,20,-54,18,-53,17,-53,16,-53,14,-54,12,-55,11,-54,10,-54,10,-54,10,-54]"
CSI_DATA,36,5c:01:3b:6b:b0:95,-48,11,1,4,0,1,1,1,0,0,0,-96,1,11,0,9636917,0,86,1,256,1,"[86,-32,4,0,25,-5,24,-5,22,-5,21,-5,20,-5,19,-5,18,-5,17,-6,16,-7,16,-7,15,-6,14,-6,14,-6,14,-6,13,-5,12,-5,12,-4,11,-4,10,-3,9,-2,9,-1,8,0,7,0,6,0,6,1,1,0,0,0,0,0,0,0,0,0,0,0,0,0,0,0,0,0,0,0,5,-2,23,-7,24,-6,25,-5,26,-4,27,-4,27,-3,28,-2,28,-1,29,-1,29,0,30,0,30,0,29,1,28,1,28,0,28,0,28,-1,27,-2,27,-2,27,-2,27,-3,26,-4,26,-4,26,-5,27,-5,27,-6,14,1,47,2,46,3,44,3,42,2,40,1,39,1,37,0,35,-1,33,-2,32,-3,31,-4,30,-5,29,-5,28,-4,27,-3,26,-2,24,-1,22,0,21,0,19,1,17,2,15,3,14,3,12,4,10,4,9,5,7,7,5,7,0,1,0,0,-1,-1,-2,0,-1,-1,2,-1,7,-1,44,-1,44,2,45,-2,46,1,48,4,49,6,49,8,50,10,50,12,51,14,51,15,52,14,53,14,53,13,52,14,52,14,51,15,50,14,49,13,49,12,49,10,49,9,49,7,49,6,49,4,49,3,50,2,51,1]"
CSI_DATA,37,5c:01:3b:6b:b0:95,-48,11,1,4,0,1,1,1,0,0,0,-96,1,11,0,9659090,0,86,1,256,1,"[86,-32,4,0,12,22,12,21,12,19,11,18,12,17,11,16,11,15,10,14,10,13,10,13,10,12,10,12,10,11,9,11,8,11,8,10,6,10,5,9,4,9,4,8,3,8,3,7,2,6,1,6,0,6,0,1,0,0,0,0,0,0,0,0,0,0,0,0,0,0,0,0,0,0,3,5,12,20,11,21,11,23,10,24,10,25,9,26,9,26,8,27,8,27,7,28,7,28,7,29,7,29,7,28,7,27,8,27,8,26,8,25,9,25,11,25,11,24,12,24,12,23,13,24,13,24,13,24,4,14,15,45,15,44,14,43,14,40,14,38,14,37,14,34,14,32,14,30,14,28,15,27,14,26,14,25,13,25,12,24,11,22,10,21,9,20,7,19,5,18,4,17,3,16,2,14,0,13,-1,12,-2,11,-5,9,-6,8,-2,1,-1,0,-1,-1,-1,-2,-1,-1,1,2,3,7,17,41,15,42,16,42,14,44,12,47,11,49,10,50,8,51,7,52,6,53,5,54,4,54,4,55,4,56,4,55,3,54,4,54,4,53,5,52,7,50,8,50,10,50,12,49,13,49,14,48,15,48,16,48,17,48]"
CSI_DATA,38,5c:01:3b:6b:b0:95,-48,11,1,4,0,1,1,1,0,0,0,-96,1,11,0,9679647,0,86,1,256,1,"[86,-32,4,0,-23,11,-22,11,-21,11,-19,10,-18,10,-17,10,-16,10,-15,10,-14,11,-14,10,-13,10,-12,9,-12,9,-12,9,-12,9,-11,8,-10,7,-10,6,-9,5,-9,4,-9,3,-8,2,-7,1,-7,1,-6,1,-2,0,0,0,0,0,0,0,0,0,0,0,0,0,0,0,0,0,0,0,-6,2,-23,10,-23,9,-25,8,-26,8,-27,7,-28,7,-28,7,-29,6,-29,6,-30,5,-30,5,-30,5,-29,5,-28,5,-28,5,-28,6,-28,7,-27,7,-26,8,-26,8,-26,9,-25,10,-25,10,-25,11,-25,12,-25,12,-15,2,-47,10,-46,9,-44,9,-42,9,-40,9,-38,10,-36,10,-34,10,-32,11,-31,11,-30,12,-28,12,-27,12,-26,11,-25,10,-25,9,-23,8,-22,6,-21,6,-19,4,-18,3,-17,2,-15,1,-14,0,-12,-1,-11,-2,-9,-6,-8,-6,-2,-1,-1,-1,0,-1,1,-1,0,-1,-3,0,-8,1,-44,7,-45,4,-45,8,-47,5,-49,3,-50,1,-51,0,-52,-2,-53,-3,-54,-4,-54,-5,-55,-5,-56,-4,-56,-4,-55,-4,-55,-4,-54,-4,-54,-4,-52,-3,-51,-1,-51,1,-50,3,-50,5,-50,6,-49,8,-49,9,-50,10,-50,11]"
CSI_DATA,39,5c:01:3b:6b:b0:95,-48,11,1,4,0,1,1,1,0,0,0,-96,1,11,0,9701589,0,86,1,256,1,"[86,-32,4,0,25,-2,24,-2,22,-2,21,-2,20,-2,19,-2,18,-3,17,-4,16,-4,16,-5,15,-4,14,-4,14,-4,13,-4,13,-3,12,-2,11,-2,10,-2,9,-1,9,0,8,1,7,1,6,1,5,1,5,1,1,0,0,0,0,0,0,0,0,0,0,0,0,0,0,0,0,0,0,0,5,-1,23,-4,24,-3,25,-1,26,0,27,0,27,1,27,2,28,3,28,4,28,4,29,4,29,4,29,4,28,4,28,4,28,4,27,3,26,2,26,2,26,1,26,1,26,0,26,-1,26,-2,27,-2,27,-3,13,3,45,10,44,10,42,10,39,9,38,7,37,7,35,6,33,5,32,3,31,2,30,1,29,0,28,0,27,1,25,1,24,2,23,3,21,3,19,4,18,4,16,5,14,5,12,5,10,5,9,5,7,6,4,8,3,7,0,1,-1,0,-1,-1,-2,-1,-1,-1,2,0,7,1,42,9,42,12,44,6,44,9,45,13,46,15,46,16,46,18,46,21,47,22,47,23,47,23,48,23,49,22,48,22,47,23,46,23,46,22,45,21,44,19,45,18,45,16,46,15,46,13,46,12,47,11,48,10,49,10]"
CSI_DATA,40,5c:01:3b:6b:b0:95,-45,11,1,5,0,1,1,1,0,0,0,-96,1,11,0,9715233,0,86,1,256,1,"[86,-32,4,0,-13,1,-13,1,-12,1,-11,1,-11,1,-10,1,-10,1,-9,1,-9,1,-9,1,-8,1,-8,1,-8,2,-7,2,-6,1,-6,1,-6,1,-5,1,-5,1,-4,0,-4,0,-4,-1,-3,-1,-3,-1,-3,-1,-1,-1,0,0,0,0,0,0,0,0,0,0,0,0,0,0,0,0,0,0,-4,0,-13,1,-14,1,-14,0,-15,0,-15,-1,-15,-1,-15,-2,-15,-2,-16,-2,-16,-3,-16,-3,-16,-4,-16,-4,-16,-3,-15,-3,-15,-2,-15,-2,-14,-2,-14,-1,-14,-1,-14,-1,-14,0,-14,0,-14,0,-14,0,-15,0,-16,-2,-51,-4,-50,-5,-48,-4,-45,-3,-42,-2,-39,-1,-37,0,-35,1,-34,2,-33,2,-32,2,-31,3,-30,3,-28,3,-26,3,-25,2,-24,1,-22,0,-20,0,-18,-1,-16,-2,-14,-2,-13,-2,-11,-3,-9,-3,-8,-3,-6,-4,-5,-3,-1,-1,-1,-1,0,-1,1,-1,0,0,-3,0,-9,0,-49,3,-49,1,-50,1,-51,-2,-52,-5,-53,-7,-55,-9,-55,-11,-56,-13,-57,-14,-57,-16,-58,-17,-58,-18,-58,-19,-57,-18,-56,-18,-55,-16,-55,-15,-54,-14,-53,-13,-52,-12,-52,-10,-52,-8,-52,-7,-51,-7,-52,-6,-52,-5,-53,-4]"
CSI_DATA,41,5c:01:3b:6b:b0:95,-48,11,1,4,0,1,1,1,0,0,0,-96,1,11,0,9737912,0,86,1,256,1,"[86,-32,4,0,10,22,10,21,10,20,10,18,9,18,9,17,9,15,8,15,8,14,9,13,9,12,8,12,8,11,7,11,7,11,6,11,5,10,4,10,3,9,2,8,2,7,1,7,1,6,-1,6,-1,5,-1,1,0,0,0,0,0,0,0,0,0,0,0,0,0,0,0,0,0,0,2,5,10,20,10,21,9,23,9,24,8,25,7,26,7,26,6,27,5,27,5,28,5,28,5,29,5,28,5,28,5,27,6,27,6,26,7,25,7,25,8,25,9,25,9,24,10,24,10,24,11,24,10,24,2,13,11,44,10,44,10,42,10,40,10,38,10,36,10,34,10,32,11,30,11,29,11,27,11,26,11,25,10,24,9,23,9,22,7,21,6,20,4,18,3,17,2,16,1,15,0,13,-1,12,-2,11,-3,10,-5,7,-6,7,-2,1,-1,0,-1,-1,-1,-2,-1,-1,0,2,2,7,13,42,11,43,13,42,10,44,8,46,6,48,5,49,4,50,2,51,0,52,0,53,-1,53,-1,54,0,54,-1,53,-1,53,-1,52,0,51,1,50,2,49,4,49,6,49,7,49,8,48,9,48,11,47,12,48,12,48]"
CSI_DATA,42,5c:01:3b:6b:b0:95,-48,11,1,4,0,1,1,1,0,0,0,-96,1,11,0,9756822,0,86,1,256,1,"[86,-32,4,0,-7,23,-7,22,-6,21,-6,19,-5,19,-4,18,-4,17,-3,17,-3,16,-2,15,-2,14,-2,14,-2,14,-2,13,-2,13,-2,12,-3,11,-3,10,-4,9,-4,8,-4,7,-4,5,-4,5,-4,4,-4,4,-1,1,0,0,0,0,0,0,0,0,0,0,0,0,0,0,0,0,0,0,-2,5,-7,22,-8,23,-9,23,-10,23,-11,23,-12,24,-13,24,-14,24,-15,24,-15,24,-16,25,-16,25,-15,24,-15,24,-14,23,-14,24,-13,23,-12,23,-11,23,-10,23,-10,24,-9,24,-9,24,-8,24,-8,25,-8,25,-6,13,-18,43,-18,42,-17,40,-16,38,-14,37,-13,36,-11,34,-10,32,-9,31,-8,30,-8,29,-7,28,-6,27,-6,26,-6,25,-7,23,-7,21,-7,20,-8,18,-8,16,-9,14,-8,12,-8,11,-8,9,-8,7,-9,6,-9,4,-9,3,-2,0,-1,0,0,-1,0,-2,0,-1,-1,2,-2,7,-11,42,-14,41,-16,42,-19,42,-22,42,-24,43,-26,43,-27,43,-29,44,-31,43,-32,43,-33,43,-34,43,-34,44,-34,43,-33,43,-32,42,-31,42,-30,42,-28,41,-26,42,-24,44,-23,44,-22,45,-21,44,-20,45,-20,45,-20,45]"
CSI_DATA,43,5c:01:3b:6b:b0:95,-48,11,1,4,0,1,1,1,0,0,0,-96,1,11,0,9782106,0,86,1,256,1,"[86,-32,4,0,-13,-22,-13,-21,-12,-19,-12,-18,-12,-17,-11,-16,-11,-15,-11,-14,-10,-13,-11,-12,-11,-12,-11,-11,-10,-11,-9,-11,-8,-11,-8,-10,-7,-10,-5,-10,-4,-9,-4,-8,-3,-8,-3,-7,-2,-7,-1,-6,-1,-6,-1,-2,0,0,0,0,0,0,0,0,0,0,0,0,0,0,0,0,0,0,-4,-5,-13,-20,-13,-21,-12,-23,-12,-24,-11,-24,-11,-25,-10,-26,-9,-26,-9,-27,-9,-27,-10,-28,-10,-28,-10,-27,-10,-27,-9,-27,-9,-27,-10,-26,-10,-25,-11,-24,-11,-24,-12,-24,-12,-24,-13,-23,-14,-22,-14,-22,-14,-22,-6,-14,-19,-43,-17,-42,-16,-40,-14,-37,-14,-35,-15,-34,-15,-32,-15,-29,-15,-27,-15,-26,-15,-25,-15,-24,-16,-24,-15,-23,-13,-22,-12,-20,-10,-19,-9,-18,-8,-16,-7,-15,-5,-15,-4,-14,-2,-13,-1,-11,0,-10,1,-9,3,-6,4,-5,0,-1,0,-1,-1,-1,0,1,0,0,-2,-2,-3,-7,-16,-39,-14,-41,-17,-42,-14,-44,-12,-47,-11,-48,-10,-48,-9,-49,-8,-51,-7,-51,-7,-52,-7,-51,-7,-52,-7,-52,-7,-52,-6,-53,-6,-52,-6,-52,-7,-50,-8,-48,-10,-47,-12,-47,-13,-46,-14,-46,-15,-44,-17,-44,-18,-44,-18,-46]"
CSI_DATA,44,5c:01:3b:6b:b0:95,-44,11,1,4,0,1,1,1,0,0,0,-96,1,11,0,9797429,0,86,1,256,1,"[86,-32,4,0,9,-10,8,-10,8,-9,7,-9,7,-8,6,-8,6,-8,5,-8,5,-8,5,-7,4,-7,4,-7,4,-7,4,-6,3,-6,3,-6,3,-5,3,-5,3,-4,2,-4,2,-3,2,-2,2,-2,2,-2,2,-2,0,-1,0,0,0,0,0,0,0,0,0,0,0,0,0,0,0,0,0,0,2,-3,9,-10,10,-10,10,-10,11,-10,11,-9,12,-9,13,-9,13,-8,14,-8,14,-8,14,-8,14,-8,14,-8,13,-8,13,-8,13,-8,12,-9,12,-8,12,-9,11,-9,11,-9,11,-9,11,-9,10,-10,11,-10,11,-11,13,-9,42,-29,41,-28,39,-27,36,-26,34,-26,32,-25,29,-25,27,-24,25,-24,23,-24,22,-24,20,-24,19,-23,18,-22,17,-20,17,-18,16,-16,15,-15,15,-13,14,-12,13,-10,11,-8,10,-7,9,-6,8,-5,7,-4,7,-1,6,-1,1,-1,0,-1,-1,-1,-2,1,-1,0,1,-3,6,-7,37,-33,40,-30,41,-30,43,-28,46,-26,48,-25,50,-24,51,-23,54,-21,56,-20,56,-19,56,-19,57,-20,57,-20,57,-20,56,-20,55,-20,53,-20,52,-20,50,-21,49,-23,48,-25,47,-26,46,-28,45,-28,44,-29,45,-31,46,-32]"
CSI_DATA,45,5c:01:3b:6b:b0:95,-44,11,1,4,0,1,1,1,0,0,0,-96,1,11,0,9817224,0,86,1,256,1,"[86,-32,4,0,1,-13,1,-13,1,-12,1,-12,1,-11,1,-11,0,-10,0,-10,0,-10,-1,-9,-1,-8,-1,-8,-1,-8,-1,-8,-1,-7,-1,-7,-1,-6,0,-6,0,-6,0,-5,0,-4,0,-4,0,-3,0,-3,1,-3,0,-1,0,0,0,0,0,0,0,0,0,0,0,0,0,0,0,0,0,0,0,-4,2,-14,3,-14,4,-14,4,-14,5,-14,5,-15,5,-15,6,-15,6,-15,6,-15,7,-15,7,-15,7,-15,7,-15,6,-14,6,-14,6,-14,5,-14,4,-14,4,-14,3,-14,3,-14,3,-14,3,-14,3,-15,3,-15,3,-16,13,-49,13,-48,12,-46,11,-44,10,-43,8,-42,6,-40,5,-38,4,-36,3,-35,2,-33,0,-32,0,-30,0,-29,1,-27,1,-26,2,-23,2,-21,2,-20,3,-18,3,-17,3,-15,3,-13,3,-11,3,-9,3,-8,3,-6,3,-6,0,-1,-1,-1,-1,-1,-1,1,-1,0,0,-3,1,-10,8,-50,10,-49,14,-50,17,-51,21,-51,23,-51,25,-51,27,-51,28,-51,30,-51,32,-51,32,-52,32,-53,32,-53,31,-52,31,-52,30,-51,29,-50,28,-50,26,-49,24,-49,22,-50,21,-51,19,-52,18,-52,17,-52,16,-53,16,-53]"
CSI_DATA,46,5c:01:3b:6b:b0:95,-44,11,1,4,0,1,1,1,0,0,0,-96,1,11,0,9835280,0,86,1,256,1,"[86,-32,4,0,-14,-4,-13,-3,-12,-3,-12,-3,-11,-2,-11,-2,-10,-2,-10,-1,-9,-1,-9,-1,-9,-1,-8,-1,-8,-1,-7,-1,-7,-1,-7,-1,-6,-1,-5,-1,-5,-1,-4,-1,-4,-2,-4,-2,-3,-2,-3,-1,-2,-2,-1,-1,0,0,0,0,0,0,0,0,0,0,0,0,0,0,0,0,0,0,-4,-1,-14,-3,-14,-4,-14,-5,-15,-5,-15,-6,-15,-6,-15,-6,-15,-7,-15,-7,-15,-8,-15,-8,-15,-9,-15,-9,-14,-8,-14,-8,-14,-7,-14,-7,-14,-6,-14,-6,-14,-6,-15,-5,-15,-5,-14,-4,-14,-4,-14,-4,-14,-4,-16,-5,-50,-16,-48,-16,-46,-15,-43,-13,-42,-12,-41,-11,-38,-10,-37,-8,-35,-6,-35,-5,-34,-5,-32,-4,-31,-4,-29,-4,-27,-4,-25,-3,-23,-3,-21,-4,-19,-4,-17,-4,-16,-6,-14,-7,-12,-7,-10,-6,-9,-5,-8,-5,-5,-5,-4,-4,-1,-1,-1,-1,-1,-1,1,0,0,0,-3,-1,-9,-1,-49,-5,-49,-9,-50,-13,-51,-17,-52,-20,-53,-22,-53,-24,-54,-26,-54,-28,-54,-30,-53,-31,-53,-32,-53,-33,-53,-34,-51,-34,-51,-33,-50,-32,-51,-30,-50,-28,-50,-26,-51,-25,-51,-24,-51,-22,-51,-21,-51,-19,-52,-18,-53,-17,-54,-17]"
CSI_DATA,47,5c:01:3b:6b:b0:95,-49,11,1,4,0,1,1,1,0,0,0,-96,1,11,0,9855203,0,86,1,256,1,"[86,-32,4,0,23,4,23,4,21,3,20,2,19,2,18,2,17,1,16,0,15,0,14,0,14,0,13,-1,12,-1,12,0,11,0,10,1,9,0,8,0,7,1,6,2,5,2,5,3,4,2,3,2,2,2,0,0,0,0,0,0,0,0,0,0,0,0,0,0,0,0,0,0,0,0,6,0,24,3,24,4,25,5,26,7,26,8,26,9,27,9,27,10,26,11,26,11,27,11,27,12,27,12,26,12,26,11,26,10,26,9,25,9,25,8,25,7,25,6,25,6,25,5,25,5,26,4,26,4,12,6,42,19,41,19,39,18,37,16,35,15,34,14,32,12,31,11,30,10,29,9,28,8,27,6,25,6,24,6,23,7,22,7,20,7,18,7,16,7,14,7,12,8,10,8,8,8,6,8,5,7,3,7,1,8,-1,7,-1,1,-1,0,-1,-1,-2,-1,-1,-1,2,0,7,2,43,18,42,21,43,17,43,20,44,23,44,26,44,28,43,30,43,32,43,33,43,34,43,35,44,35,44,35,43,35,43,34,42,33,42,33,41,31,41,29,42,28,42,26,43,25,43,23,43,22,44,21,46,20,46,20]"
CSI_DATA,48,5c:01:3b:6b:b0:95,-45,11,1,4,0,1,1,1,0,0,0,-96,1,11,0,9875213,0,86,1,256,1,"[86,-32,4,0,-13,-1,-13,-1,-12,-1,-11,-1,-11,-1,-11,-1,-10,-1,-10,0,-9,0,-9,0,-8,0,-8,0,-8,1,-7,1,-7,0,-6,0,-6,0,-6,0,-5,0,-5,-1,-4,-1,-4,-1,-3,-1,-2,-1,-2,-1,-1,-1,0,0,0,0,0,0,0,0,0,0,0,0,0,0,0,0,0,0,-4,-1,-13,-1,-14,-1,-14,-2,-15,-3,-15,-3,-15,-4,-15,-4,-16,-5,-16,-5,-16,-5,-16,-6,-16,-6,-15,-6,-15,-6,-15,-5,-15,-5,-15,-4,-14,-4,-14,-4,-15,-4,-15,-3,-14,-3,-14,-2,-14,-2,-14,-2,-14,-1,-16,0,-50,2,-48,2,-45,2,-43,2,-41,2,-40,2,-38,2,-36,3,-34,5,-33,6,-31,6,-29,6,-28,6,-27,6,-25,5,-24,4,-22,4,-20,3,-19,2,-18,1,-16,0,-14,-1,-12,-2,-10,-2,-9,-2,-8,-3,-7,-3,-6,-4,-1,-1,-1,-1,-1,-1,1,-1,0,-1,-3,1,-8,3,-45,19,-47,17,-50,3,-51,0,-53,-2,-55,-4,-56,-6,-57,-7,-58,-9,-58,-11,-58,-13,-58,-14,-59,-14,-59,-13,-58,-13,-57,-12,-56,-12,-55,-11,-54,-10,-53,-9,-54,-7,-53,-6,-53,-4,-52,-3,-52,-1,-52,0,-53,1,-53,1]"
CSI_DATA,49,5c:01:3b:6b:b0:95,-49,11,1,4,0,1,1,1,0,0,0,-96,1,11,0,9895396,0,86,1,256,1,"[86,-32,4,0,10,-20,10,-20,9,-19,8,-18,7,-17,7,-16,6,-16,5,-16,5,-15,5,-15,4,-13,3,-13,3,-12,4,-12,4,-12,4,-11,4,-10,4,-9,4,-8,4,-7,4,-6,4,-4,4,-4,4,-3,4,-3,1,-1,0,0,0,0,0,0,0,0,0,0,0,0,0,0,0,0,0,0,2,-5,11,-20,12,-20,13,-21,14,-21,15,-21,16,-21,17,-21,17,-21,18,-20,19,-20,20,-20,20,-20,19,-20,18,-19,18,-19,17,-20,16,-20,15,-20,15,-20,14,-21,13,-21,13,-21,12,-21,12,-21,13,-21,13,-22,9,-10,28,-32,28,-30,27,-29,25,-28,24,-27,22,-27,20,-26,18,-25,17,-24,16,-23,15,-23,14,-22,13,-21,12,-20,12,-19,12,-17,12,-16,11,-14,11,-13,11,-11,11,-9,10,-8,9,-6,8,-5,8,-4,7,-2,7,1,7,2,1,0,0,0,-1,-1,-1,0,-1,0,1,-2,5,-6,29,-30,31,-28,29,-32,31,-31,34,-30,36,-29,37,-29,38,-28,40,-28,41,-27,42,-26,43,-26,44,-27,44,-27,43,-26,42,-26,41,-26,41,-26,39,-26,37,-27,36,-28,35,-30,34,-31,33,-31,32,-32,32,-32,31,-33,31,-34]"
CSI_DATA,50,5c:01:3b:6b:b0:95,-47,11,1,3,0,1,1,1,0,0,0,-97,1,11,0,9916994,0,86,1,256,1,"[86,-32,4,0,-6,-24,-6,-22,-6,-21,-6,-19,-6,-18,-6,-17,-6,-16,-6,-15,-5,-15,-6,-14,-6,-13,-6,-12,-6,-12,-5,-11,-4,-11,-3,-11,-2,-10,-2,-9,-1,-8,-1,-7,0,-6,0,-5,1,-5,1,-4,2,-4,0,-1,0,0,0,0,0,0,0,0,0,0,0,0,0,0,0,0,0,0,-2,-6,-6,-24,-5,-25,-4,-26,-3,-27,-2,-27,-2,-28,-1,-29,0,-29,0,-29,1,-30,1,-30,1,-30,1,-30,1,-29,0,-29,0,-28,-1,-28,-2,-27,-3,-27,-3,-26,-4,-26,-5,-26,-5,-25,-5,-25,-5,-25,-5,-25,-1,-15,-4,-46,-4,-45,-3,-44,-3,-42,-3,-40,-4,-38,-4,-35,-5,-33,-5,-32,-6,-30,-6,-29,-6,-28,-6,-27,-6,-25,-5,-24,-4,-22,-3,-21,-1,-19,0,-18,1,-16,1,-15,2,-13,2,-12,3,-10,4,-8,4,-7,7,-4,8,-3,1,-1,0,-1,-1,0,0,1,-1,0,-1,-3,-1,-9,-3,-47,0,-47,-4,-48,-2,-49,1,-50,3,-51,5,-52,7,-52,8,-53,10,-54,11,-54,11,-54,11,-55,11,-56,11,-55,11,-55,11,-54,10,-53,8,-52,6,-51,5,-50,4,-50,2,-50,1,-50,0,-49,-2,-49,-3,-49,-3,-50]"
CSI_DATA,51,5c:01:3b:6b:b0:95,-43,11,1,4,0,1,1,1,0,0,0,-97,1,11,0,9935163,0,86,1,256,1,"[86,-32,4,0,10,-6,10,-6,9,-6,8,-6,7,-6,7,-6,6,-5,6,-5,6,-5,5,-5,5,-5,4,-5,4,-4,4,-4,3,-4,3,-4,3,-3,2,-3,2,-3,2,-2,2,-2,1,-1,1,-1,1,-1,1,-1,0,-1,0,0,0,0,0,0,0,0,0,0,0,0,0,0,0,0,0,0,2,-2,11,-6,11,-6,12,-5,13,-5,13,-5,13,-5,14,-4,14,-4,14,-3,14,-3,15,-3,15,-3,14,-3,14,-3,14,-4,13,-4,13,-4,12,-4,12,-4,12,-5,12,-5,12,-6,11,-6,12,-6,12,-6,12,-6,12,-4,40,-13,40,-12,38,-12,36,-12,34,-13,32,-13,30,-13,28,-13,27,-13,25,-13,24,-13,22,-14,20,-13,19,-12,18,-11,17,-10,15,-9,14,-8,12,-7,11,-6,10,-5,8,-3,7,-2,6,-1,4,-1,4,0,3,2,3,1,0,0,0,-1,-1,-1,-2,0,-1,-1,2,-1,8,-2,47,-10,47,-8,45,-13,47,-11,49,-9,51,-7,52,-6,53,-4,53,-3,54,-1,55,1,56,2,57,2,57,2,55,1,54,1,53,0,52,-1,51,-2,50,-3,49,-5,49,-7,48,-9,48,-10,48,-11,47,-12,47,-12,48,-12]"
CSI_DATA,52,5c:01:3b:6b:b0:95,-43,11,1,4,0,1,1,1,0,0,0,-97,1,11,0,9955118,0,86,1,256,1,"[86,-32,4,0,-4,-12,-4,-11,-4,-11,-4,-10,-4,-9,-4,-9,-4,-8,-4,-8,-4,-8,-4,-7,-4,-7,-4,-6,-4,-6,-3,-6,-3,-5,-2,-5,-2,-5,-2,-4,-2,-4,-1,-3,-1,-3,-1,-2,-1,-2,0,-2,0,-2,0,-1,0,0,0,0,0,0,0,0,0,0,0,0,0,0,0,0,0,0,-2,-3,-5,-13,-4,-13,-4,-14,-3,-14,-3,-15,-3,-15,-2,-15,-2,-15,-1,-16,-1,-16,-1,-16,0,-16,-1,-16,-1,-15,-1,-15,-1,-15,-2,-14,-2,-14,-3,-13,-3,-13,-3,-14,-3,-13,-3,-13,-4,-13,-4,-14,-4,-14,-4,-14,-12,-44,-12,-44,-12,-42,-11,-40,-11,-38,-12,-36,-12,-34,-12,-31,-12,-30,-11,-29,-12,-27,-12,-25,-12,-24,-12,-22,-10,-21,-9,-19,-7,-18,-6,-16,-5,-14,-4,-12,-3,-11,-3,-10,-2,-9,-1,-8,0,-7,0,-5,0,-4,0,-4,0,-1,0,-1,-1,-1,0,1,0,0,-2,-3,-4,-8,-19,-44,-16,-45,-13,-48,-11,-50,-9,-52,-8,-54,-6,-55,-5,-56,-3,-57,-1,-58,0,-58,2,-58,3,-59,3,-59,3,-58,2,-58,1,-57,0,-55,-2,-54,-4,-52,-5,-52,-7,-52,-8,-52,-9,-51,-10,-50,-11,-50,-11,-50,-12,-50]"
CSI_DATA,53,5c:01:3b:6b:b0:95,-43,11,1,4,0,1,1,1,0,0,0,-97,1,11,0,9975747,0,86,1,256,1,"[86,-32,4,0,9,-8,9,-8,8,-8,8,-7,7,-7,7,-6,6,-6,6,-7,5,-7,5,-7,4,-6,4,-6,4,-6,4,-6,4,-5,4,-5,3,-4,3,-4,3,-3,2,-3,2,-2,2,-1,2,-1,2,-1,1,-1,0,0,0,0,0,0,0,0,0,0,0,0,0,0,0,0,0,0,0,0,2,-3,10,-8,11,-8,11,-8,12,-8,12,-7,13,-7,13,-7,13,-7,14,-7,14,-6,14,-7,14,-6,14,-6,13,-6,13,-6,13,-6,12,-7,12,-7,12,-7,11,-7,11,-7,11,-8,11,-8,11,-8,11,-8,11,-9,13,-7,42,-21,42,-21,39,-20,36,-19,34,-19,32,-18,29,-18,28,-17,26,-18,24,-19,23,-19,21,-19,19,-18,19,-17,19,-16,19,-14,17,-12,16,-10,15,-9,13,-7,11,-6,10,-5,9,-4,7,-3,6,-2,5,-1,4,2,3,2,0,0,-1,0,-1,-1,-2,0,-1,0,1,-2,7,-5,41,-23,43,-21,43,-24,46,-22,48,-20,50,-18,51,-17,52,-15,53,-14,54,-12,55,-11,56,-11,57,-12,57,-12,57,-12,56,-11,55,-11,54,-11,52,-13,49,-14,48,-15,48,-17,47,-18,47,-19,46,-20,46,-22,45,-22,45,-23]"
CSI_DATA,54,5c:01:3b:6b:b0:95,-43,11,1,3,0,1,1,1,0,0,0,-97,1,11,0,9998779,0,86,1,256,1,"[86,-32,4,0,4,-12,4,-12,3,-11,3,-11,3,-10,2,-10,2,-9,2,-9,1,-9,1,-8,1,-8,1,-8,0,-7,1,-7,1,-6,1,-6,1,-5,1,-5,1,-5,1,-4,1,-3,1,-2,1,-2,1,-2,1,-2,0,-1,0,0,0,0,0,0,0,0,0,0,0,0,0,0,0,0,0,0,1,-4,4,-13,4,-13,5,-13,6,-13,6,-13,7,-13,7,-13,8,-13,8,-13,8,-13,9,-13,9,-13,9,-13,8,-13,8,-13,8,-13,7,-12,7,-12,7,-12,6,-12,6,-13,5,-13,5,-12,5,-12,5,-13,6,-13,5,-15,17,-45,17,-44,17,-42,16,-40,14,-38,13,-36,11,-35,10,-33,8,-33,7,-32,6,-31,4,-29,4,-28,4,-27,4,-25,5,-23,6,-21,6,-20,6,-17,6,-16,5,-14,5,-11,4,-9,4,-8,4,-6,4,-5,5,-2,5,-2,0,-1,0,-1,-1,-1,-1,1,-1,0,0,-3,1,-9,12,-47,14,-46,17,-48,20,-48,23,-47,26,-47,28,-47,30,-47,32,-47,33,-47,34,-46,34,-46,35,-46,36,-48,35,-48,35,-47,35,-47,34,-46,32,-45,30,-45,29,-44,27,-45,26,-46,24,-47,22,-46,21,-46,21,-47,21,-48]"
CSI_DATA,55,5c:01:3b:6b:b0:95,-47,11,1,3,0,1,1,1,0,0,0,-97,1,11,0,10017984,0,86,1,256,1,"[86,-32,4,0,4,-24,3,-24,3,-22,2,-21,2,-20,1,-19,1,-18,1,-18,0,-17,0,-16,-1,-15,-1,-14,-1,-14,0,-14,1,-13,1,-12,1,-11,2,-11,2,-10,2,-8,2,-7,2,-6,3,-5,3,-5,3,-4,0,-1,0,0,0,0,0,0,0,0,0,0,0,0,0,0,0,0,0,0,1,-7,5,-25,6,-25,7,-26,8,-26,9,-26,10,-27,11,-27,12,-27,12,-27,13,-27,13,-28,13,-28,13,-27,12,-27,12,-26,11,-26,10,-26,9,-26,9,-26,8,-26,7,-26,6,-26,5,-26,5,-26,5,-27,5,-27,5,-13,16,-43,16,-42,16,-40,15,-39,14,-37,12,-35,11,-34,10,-32,9,-31,7,-30,6,-29,5,-28,5,-27,5,-26,6,-24,6,-22,6,-20,7,-18,7,-17,8,-15,7,-13,7,-11,7,-9,7,-8,7,-6,7,-5,8,0,7,1,1,0,0,0,-1,-1,-1,1,-1,0,0,-3,3,-8,18,-42,21,-41,17,-44,20,-43,23,-43,26,-43,28,-43,29,-43,31,-43,33,-43,33,-43,33,-43,33,-44,34,-45,33,-44,33,-44,33,-43,32,-43,30,-42,28,-42,27,-42,25,-43,24,-43,23,-44,21,-45,19,-45,18,-46,18,-46]"
CSI_DATA,56,5c:01:3b:6b:b0:95,-48,11,1,4,0,1,1,1,0,0,0,-97,1,11,0,10035219,0,86,1,256,1,"[86,-32,4,0,22,-4,21,-4,20,-5,19,-4,18,-4,17,-4,16,-4,15,-5,14,-6,13,-6,12,-5,11,-5,11,-4,10,-4,10,-4,9,-3,8,-2,8,-1,7,-1,6,0,6,0,5,1,4,1,3,1,2,2,0,0,0,0,0,0,0,0,0,0,0,0,0,0,0,0,0,0,0,0,5,-2,23,-5,24,-4,25,-3,26,-2,27,-1,27,0,27,1,28,2,28,2,29,2,29,1,29,1,28,1,27,1,27,1,27,1,27,0,26,-1,25,-1,25,-1,25,-1,25,-2,25,-4,24,-5,25,-5,25,-5,13,1,43,2,42,2,40,2,38,1,35,0,34,-1,32,-1,30,-2,29,-3,27,-3,26,-4,24,-4,23,-3,22,-3,21,-2,20,-1,19,0,17,0,15,1,13,2,11,2,9,3,8,4,6,4,4,4,3,5,1,6,0,5,-1,0,-1,0,-1,-1,-2,-1,-1,-1,2,-1,7,0,44,3,44,6,45,1,46,4,47,7,48,9,49,10,49,12,50,14,50,15,50,16,51,16,52,16,51,15,50,16,49,15,49,16,48,15,48,14,47,11,47,10,47,8,47,6,47,5,46,4,46,3,46,2,47,1]"
CSI_DATA,57,5c:01:3b:6b:b0:95,-47,11,1,4,0,1,1,1,0,0,0,-97,1,11,0,10057733,0,86,1,256,1,"[86,-32,4,0,-18,17,-17,16,-16,16,-15,15,-14,14,-13,13,-12,13,-11,13,-10,13,-9,12,-9,11,-9,11,-9,10,-8,10,-8,9,-8,9,-8,8,-8,7,-7,5,-7,4,-7,3,-6,2,-6,2,-6,1,-5,1,-2,0,0,0,0,0,0,0,0,0,0,0,0,0,0,0,0,0,0,0,-5,4,-18,17,-20,17,-21,16,-22,16,-23,16,-24,16,-25,15,-26,15,-26,14,-26,14,-27,15,-27,15,-26,14,-26,14,-26,14,-25,15,-24,15,-23,15,-23,15,-22,16,-21,16,-21,17,-20,17,-20,18,-20,18,-20,19,-13,7,-40,26,-39,25,-38,24,-35,23,-33,22,-31,22,-29,21,-27,20,-25,20,-24,19,-22,19,-21,19,-20,18,-20,17,-19,15,-19,14,-18,12,-17,11,-17,9,-16,7,-15,5,-14,3,-12,2,-11,1,-10,0,-9,-1,-8,-4,-7,-4,-2,-1,-1,-1,0,-1,1,-1,0,-1,-2,1,-7,4,-37,27,-39,24,-40,26,-43,24,-46,23,-48,22,-49,21,-50,20,-52,19,-53,17,-54,17,-54,16,-55,17,-55,18,-54,17,-54,17,-53,17,-52,17,-50,18,-49,19,-47,20,-47,22,-45,23,-45,24,-43,25,-43,26,-43,27,-43,28]"
CSI_DATA,58,5c:01:3b:6b:b0:95,-43,11,1,4,0,1,1,1,0,0,0,-97,1,11,0,10075118,0,86,1,256,1,"[86,-32,4,0,-4,-12,-4,-11,-4,-11,-4,-10,-4,-9,-4,-9,-4,-8,-4,-8,-4,-7,-4,-7,-4,-6,-4,-6,-4,-6,-3,-5,-3,-5,-3,-5,-2,-5,-2,-5,-2,-4,-2,-4,-1,-3,-1,-2,-1,-2,-1,-2,0,-2,0,-1,0,0,0,0,0,0,0,0,0,0,0,0,0,0,0,0,0,0,-1,-4,-4,-13,-4,-13,-3,-14,-3,-14,-3,-15,-2,-15,-2,-15,-2,-15,-1,-16,-1,-16,-1,-16,-1,-16,-1,-16,-1,-15,-1,-15,-1,-15,-1,-14,-2,-14,-2,-14,-3,-14,-4,-13,-4,-13,-4,-13,-4,-13,-4,-13,-4,-13,-1,-15,-4,-46,-4,-45,-4,-44,-3,-41,-4,-40,-4,-38,-6,-35,-6,-33,-6,-31,-7,-30,-7,-29,-7,-27,-7,-26,-7,-24,-6,-22,-5,-21,-4,-20,-3,-18,-2,-17,-2,-15,-2,-13,-1,-11,-1,-10,0,-8,1,-6,1,-5,4,-4,4,-3,0,-1,0,-1,-1,-1,-1,1,-1,0,-1,-3,-2,-9,-5,-48,-2,-48,-5,-49,-2,-51,1,-53,3,-54,4,-55,5,-55,7,-55,9,-56,10,-55,11,-55,12,-57,11,-57,11,-56,11,-55,11,-54,10,-53,8,-51,7,-50,5,-51,3,-51,1,-51,0,-51,0,-51,-1,-50,-2,-50,-2,-51]"
CSI_DATA,59,5c:01:3b:6b:b0:95,-43,11,1,4,0,1,1,1,0,0,0,-97,1,11,0,10095068,0,86,1,256,1,"[86,-32,4,0,10,7,9,7,9,6,8,6,8,6,8,5,8,4,7,4,6,4,6,3,6,2,6,2,5,2,5,2,5,2,4,3,4,3,3,2,3,2,2,2,2,2,1,1,1,1,0,1,0,1,0,0,0,0,0,0,0,0,0,0,0,0,0,0,0,0,0,0,0,0,2,1,10,6,10,7,10,8,10,8,10,9,10,10,10,11,10,11,10,11,9,11,9,11,10,11,9,11,9,11,9,11,9,11,9,10,9,10,9,9,10,9,10,9,10,9,10,8,10,8,11,8,11,8,10,7,35,26,34,26,33,25,32,24,31,22,30,21,28,19,27,17,25,14,24,12,23,11,22,9,22,9,20,9,19,9,18,9,16,8,13,8,11,7,9,6,8,6,6,5,5,5,4,4,2,4,1,3,0,3,-1,2,-1,0,-1,-1,-1,-1,-2,-1,-1,-1,2,0,8,2,45,15,44,18,41,24,41,27,40,31,40,33,40,35,40,37,39,39,37,41,36,41,35,42,36,42,36,42,36,42,35,43,35,42,34,41,34,39,35,37,35,35,37,35,37,34,38,33,38,31,39,30,40,29,40,29]"
CSI_DATA,60,5c:01:3b:6b:b0:95,-43,11,1,4,0,1,1,1,0,0,0,-97,1,11,0,10115939,0,86,1,256,1,"[86,-32,4,0,-11,-7,-11,-7,-10,-6,-9,-6,-9,-6,-9,-5,-9,-4,-8,-4,-8,-4,-8,-3,-8,-3,-7,-3,-7,-3,-6,-3,-6,-3,-5,-2,-5,-2,-5,-2,-4,-2,-3,-2,-3,-3,-3,-2,-2,-2,-2,-2,-1,-2,-1,-1,0,0,0,0,0,0,0,0,0,0,0,0,0,0,0,0,0,0,-3,-2,-12,-7,-12,-7,-12,-8,-12,-9,-12,-9,-12,-10,-12,-10,-12,-11,-11,-11,-11,-12,-12,-12,-12,-12,-11,-12,-11,-11,-11,-11,-11,-11,-11,-10,-11,-10,-11,-9,-11,-9,-11,-9,-11,-8,-12,-8,-12,-8,-12,-8,-12,-8,-12,-10,-37,-31,-36,-31,-35,-30,-33,-28,-31,-26,-31,-25,-30,-22,-29,-20,-28,-18,-27,-17,-27,-16,-25,-15,-24,-14,-23,-13,-21,-13,-20,-12,-18,-11,-17,-10,-15,-10,-13,-10,-11,-10,-10,-9,-8,-9,-6,-8,-5,-7,-3,-7,0,-5,1,-4,0,-1,0,-1,-1,-1,1,0,0,0,-3,-2,-8,-5,-40,-27,-38,-30,-40,-31,-39,-34,-38,-37,-38,-40,-38,-42,-37,-44,-37,-45,-36,-46,-35,-47,-35,-48,-35,-49,-36,-49,-35,-48,-34,-47,-33,-46,-33,-46,-33,-44,-34,-42,-35,-41,-36,-40,-36,-38,-37,-36,-38,-35,-39,-34,-40,-33,-40,-33]"
CSI_DATA,61,5c:01:3b:6b:b0:95,-48,11,1,4,0,1,1,1,0,0,0,-97,1,11,0,10135158,0,86,1,256,1,"[86,-32,4,0,9,-21,9,-21,8,-19,7,-18,6,-18,5,-17,5,-16,4,-15,4,-15,3,-14,3,-13,2,-13,2,-12,3,-12,3,-11,3,-10,3,-9,3,-8,3,-7,3,-6,3,-5,3,-3,3,-3,3,-3,3,-2,0,-1,0,0,0,0,0,0,0,0,0,0,0,0,0,0,0,0,0,0,2,-6,10,-22,12,-22,13,-22,14,-23,15,-23,16,-23,17,-23,17,-23,18,-23,19,-22,19,-22,19,-22,18,-22,18,-22,17,-22,17,-22,16,-22,15,-22,14,-22,13,-22,12,-22,12,-23,11,-22,11,-22,11,-23,11,-24,7,-11,24,-35,24,-34,24,-33,22,-32,20,-31,18,-30,16,-28,15,-27,13,-26,13,-26,12,-25,11,-24,10,-22,10,-21,10,-20,10,-18,9,-16,9,-14,9,-12,8,-11,8,-9,8,-8,8,-6,7,-4,7,-3,6,-2,6,2,5,3,0,0,0,0,-1,-1,-1,1,-1,0,1,-3,4,-7,28,-36,30,-34,27,-37,30,-36,33,-36,35,-36,36,-36,38,-35,39,-35,41,-34,42,-34,43,-33,43,-34,43,-34,42,-33,41,-33,41,-32,39,-32,38,-33,36,-33,34,-34,33,-36,32,-37,31,-37,30,-37,29,-38,28,-38,28,-39]"
CSI_DATA,62,5c:01:3b:6b:b0:95,-47,11,1,4,0,1,1,1,0,0,0,-97,1,11,0,10155196,0,86,1,256,1,"[86,-32,4,0,-14,-21,-13,-21,-13,-19,-13,-18,-13,-17,-13,-16,-12,-15,-11,-14,-11,-13,-11,-12,-11,-12,-11,-11,-10,-11,-9,-10,-8,-10,-7,-9,-6,-9,-5,-9,-4,-8,-4,-8,-3,-7,-3,-6,-2,-6,0,-5,0,-5,0,-2,0,0,0,0,0,0,0,0,0,0,0,0,0,0,0,0,0,0,-4,-6,-13,-22,-12,-23,-12,-25,-12,-26,-11,-26,-10,-27,-10,-28,-10,-28,-9,-29,-9,-29,-8,-30,-8,-30,-8,-30,-8,-29,-9,-28,-9,-28,-10,-27,-10,-26,-11,-26,-12,-25,-13,-25,-13,-24,-13,-24,-14,-24,-14,-24,-14,-24,-5,-14,-17,-44,-17,-43,-16,-42,-15,-39,-15,-37,-15,-35,-15,-33,-15,-30,-15,-28,-15,-27,-15,-26,-15,-24,-15,-24,-14,-23,-12,-22,-11,-20,-10,-19,-8,-17,-7,-16,-5,-15,-4,-15,-3,-13,-1,-12,0,-11,1,-10,2,-9,4,-6,5,-5,1,-1,0,-1,-1,0,0,1,-1,0,-1,-3,-3,-8,-15,-44,-13,-45,-16,-46,-13,-48,-11,-50,-9,-52,-8,-52,-7,-53,-6,-54,-5,-55,-5,-55,-4,-56,-5,-57,-5,-57,-4,-56,-4,-56,-4,-55,-5,-54,-6,-52,-8,-51,-9,-50,-11,-50,-13,-49,-14,-49,-15,-47,-17,-47,-18,-47,-18,-48]"
CSI_DATA,63,5c:01:3b:6b:b0:95,-43,11,1,4,0,1,1,1,0,0,0,-97,1,11,0,10175058,0,86,1,256,1,"[86,-32,4,0,-9,-10,-9,-10,-9,-9,-9,-8,-9,-7,-8,-7,-8,-7,-7,-7,-6,-6,-7,-6,-7,-5,-7,-5,-6,-4,-6,-4,-5,-4,-5,-4,-4,-4,-4,-4,-3,-3,-3,-3,-2,-2,-2,-2,-2,-2,-1,-2,-1,-2,-1,-1,0,0,0,0,0,0,0,0,0,0,0,0,0,0,0,0,0,0,-3,-3,-10,-11,-10,-11,-10,-12,-10,-13,-10,-13,-10,-14,-9,-14,-9,-14,-9,-15,-8,-15,-8,-16,-8,-16,-8,-16,-8,-15,-8,-15,-8,-15,-8,-14,-9,-13,-9,-13,-9,-12,-9,-12,-9,-12,-9,-11,-9,-12,-10,-12,-10,-12,-12,-11,-37,-35,-36,-34,-35,-32,-34,-30,-33,-28,-33,-26,-31,-24,-30,-21,-29,-20,-27,-19,-26,-17,-25,-16,-24,-14,-23,-13,-21,-12,-20,-11,-17,-11,-14,-10,-12,-10,-11,-9,-10,-8,-9,-8,-7,-7,-6,-6,-5,-5,-3,-4,-2,-3,-1,-3,-1,-1,-1,-1,-1,-1,1,0,0,0,-3,-1,-9,-4,-48,-21,-47,-24,-41,-35,-41,-38,-40,-41,-40,-43,-39,-45,-39,-46,-39,-49,-38,-50,-36,-52,-34,-53,-33,-55,-33,-56,-32,-56,-32,-53,-33,-52,-34,-50,-35,-48,-36,-46,-37,-45,-38,-43,-38,-42,-38,-42,-38,-40,-38,-40,-38,-39,-38,-39]"
CSI_DATA,64,5c:01:3b:6b:b0:95,-47,11,1,4,0,1,1,1,0,0,0,-97,1,11,0,10196941,0,86,1,256,1,"[86,-32,4,0,11,21,11,20,10,18,10,17,10,16,10,15,9,14,9,13,8,12,8,12,9,11,8,10,8,10,7,9,6,9,5,9,4,8,3,8,2,7,2,6,1,5,1,5,0,4,-1,4,-1,3,-1,0,0,0,0,0,0,0,0,0,0,0,0,0,0,0,0,0,0,0,3,5,13,21,12,22,11,23,11,24,10,25,10,26,9,27,8,27,8,28,7,29,7,29,7,29,7,29,7,28,7,28,7,27,8,26,8,25,9,25,10,25,11,24,11,24,11,23,11,23,12,23,11,23,2,13,11,44,10,43,10,41,9,39,9,37,10,35,10,33,10,30,10,27,10,26,11,25,11,23,10,23,9,22,8,21,7,19,6,17,5,16,3,15,2,13,1,12,0,11,-1,9,-2,8,-3,6,-3,5,-5,3,-6,2,-1,0,-1,0,-1,-1,-1,-2,-1,-1,0,2,2,7,13,44,10,45,14,45,11,46,9,49,7,50,6,51,5,52,3,53,1,54,0,54,0,55,1,56,1,56,0,55,0,55,0,54,0,53,1,51,3,50,4,50,6,49,7,49,8,48,9,47,11,47,12,47,12,48]"
CSI_DATA,65,5c:01:3b:6b:b0:95,-48,11,1,4,0,1,1,1,0,0,0,-97,1,11,0,10215117,0,86,1,256,1,"[86,-32,4,0,-12,-21,-12,-20,-11,-18,-11,-17,-10,-16,-10,-15,-10,-14,-9,-13,-9,-12,-10,-11,-10,-10,-9,-10,-8,-9,-8,-8,-7,-8,-6,-8,-5,-7,-4,-7,-3,-7,-3,-6,-2,-5,-2,-4,-1,-4,0,-3,0,-3,0,-1,0,0,0,0,0,0,0,0,0,0,0,0,0,0,0,0,0,0,-4,-6,-13,-22,-12,-23,-11,-25,-11,-25,-10,-26,-9,-27,-8,-28,-8,-28,-8,-28,-8,-29,-8,-29,-8,-29,-8,-29,-8,-28,-8,-28,-8,-27,-9,-26,-9,-25,-9,-25,-10,-25,-11,-25,-11,-24,-12,-23,-13,-23,-13,-23,-13,-23,-6,-13,-18,-42,-17,-41,-16,-39,-16,-37,-15,-34,-16,-32,-15,-30,-15,-27,-15,-25,-15,-24,-15,-23,-14,-21,-14,-20,-13,-20,-12,-18,-11,-17,-10,-16,-8,-14,-7,-13,-5,-12,-4,-11,-3,-9,-2,-8,-1,-7,0,-5,1,-4,2,-2,3,-1,0,-1,0,0,-1,-1,0,1,0,0,-2,-3,-5,-7,-23,-41,-20,-42,-19,-44,-17,-46,-15,-49,-14,-51,-13,-52,-11,-53,-10,-54,-9,-55,-8,-55,-8,-55,-8,-56,-8,-56,-8,-55,-8,-54,-7,-53,-8,-53,-8,-51,-10,-50,-11,-49,-13,-48,-15,-47,-16,-46,-17,-45,-18,-45,-19,-45,-20,-45]"
CSI_DATA,66,5c:01:3b:6b:b0:95,-43,11,1,4,0,1,1,1,0,0,0,-97,1,11,0,10235209,0,86,1,256,1,"[86,-32,4,0,-4,-12,-4,-11,-4,-11,-4,-10,-4,-9,-4,-8,-4,-7,-4,-7,-4,-7,-4,-7,-4,-6,-4,-6,-4,-5,-4,-5,-3,-5,-3,-4,-2,-4,-2,-4,-2,-3,-2,-3,-2,-2,-2,-2,-1,-2,-1,-1,-1,-1,-1,-1,0,0,0,0,0,0,0,0,0,0,0,0,0,0,0,0,0,0,-2,-3,-5,-12,-5,-13,-4,-13,-4,-14,-4,-14,-4,-15,-3,-15,-3,-15,-2,-15,-2,-15,-2,-16,-2,-16,-2,-15,-2,-15,-1,-15,-2,-15,-2,-14,-3,-14,-3,-13,-4,-13,-4,-13,-4,-13,-4,-13,-4,-13,-4,-13,-5,-13,-3,-15,-10,-46,-9,-45,-8,-43,-8,-40,-8,-38,-9,-36,-9,-33,-9,-30,-9,-29,-10,-28,-10,-26,-11,-25,-12,-23,-11,-22,-10,-21,-9,-19,-8,-17,-6,-15,-5,-14,-5,-13,-4,-11,-4,-10,-4,-8,-3,-7,-2,-5,-2,-5,1,-4,2,-3,0,-1,0,-1,-1,-1,0,1,-1,0,-2,-3,-3,-9,-15,-48,-12,-49,-13,-49,-11,-51,-9,-53,-7,-55,-5,-56,-3,-56,-1,-57,1,-57,2,-56,3,-57,2,-58,2,-59,3,-58,3,-57,3,-56,2,-55,1,-54,-1,-52,-2,-51,-3,-51,-4,-51,-5,-51,-6,-50,-7,-50,-9,-50,-10,-50]"
CSI_DATA,67,5c:01:3b:6b:b0:95,-45,11,1,5,0,1,1,1,0,0,0,-97,1,11,0,10255272,0,86,1,256,1,"[86,-32,4,0,-11,4,-11,4,-10,4,-9,4,-9,3,-8,3,-7,3,-7,3,-7,3,-6,3,-6,3,-6,3,-6,3,-5,3,-5,3,-4,2,-4,2,-4,2,-3,2,-3,1,-3,1,-2,0,-2,0,-1,0,-1,0,-1,0,0,0,0,0,0,0,0,0,0,0,0,0,0,0,0,0,0,0,-3,1,-11,5,-12,5,-12,5,-13,4,-14,4,-14,4,-14,4,-15,4,-15,3,-15,3,-15,2,-15,2,-15,2,-14,2,-14,2,-14,2,-14,2,-13,3,-13,3,-13,4,-12,4,-12,4,-12,4,-13,4,-13,4,-12,5,-14,3,-44,11,-43,10,-41,10,-39,10,-36,10,-34,10,-32,9,-30,9,-28,9,-26,9,-25,10,-23,10,-22,11,-21,10,-19,10,-18,9,-17,8,-16,7,-14,6,-13,5,-12,3,-10,3,-9,2,-7,2,-5,1,-4,1,-4,0,-3,1,-1,0,-1,0,-1,-1,1,-1,0,-1,-3,1,-8,3,-43,19,-45,15,-45,17,-47,14,-49,12,-51,10,-53,9,-55,8,-56,6,-56,4,-57,2,-57,2,-57,2,-57,2,-56,2,-55,1,-54,1,-54,2,-53,3,-50,4,-49,5,-49,7,-48,8,-48,9,-48,10,-48,11,-48,12,-47,12]"
CSI_DATA,68,5c:01:3b:6b:b0:95,-48,11,1,4,0,1,1,1,0,0,0,-97,1,11,0,10276910,0,86,1,256,1,"[86,-32,4,0,21,-9,20,-9,19,-8,18,-8,17,-8,16,-7,15,-8,13,-8,12,-9,11,-8,11,-8,10,-7,10,-7,9,-7,9,-6,8,-5,7,-5,7,-4,6,-4,5,-3,5,-2,4,-1,3,-1,2,-1,2,0,0,0,0,0,0,0,0,0,0,0,0,0,0,0,0,0,0,0,0,0,5,-3,23,-10,24,-9,25,-8,26,-7,27,-6,27,-6,28,-5,29,-5,29,-4,29,-4,30,-4,30,-4,29,-3,28,-3,28,-3,27,-4,27,-5,26,-6,26,-6,25,-6,25,-7,24,-7,24,-8,24,-8,24,-9,24,-10,13,-1,43,-4,41,-3,39,-3,37,-3,35,-4,34,-5,31,-5,29,-6,27,-7,26,-7,25,-8,23,-8,22,-8,21,-7,19,-6,18,-5,17,-4,15,-3,14,-3,12,-2,11,-1,9,0,7,0,5,1,4,1,3,1,1,3,0,2,-1,0,-1,-1,-1,-1,-2,0,-1,-1,2,-1,8,-1,46,-1,46,2,46,-5,47,-2,49,1,49,3,50,5,51,6,51,8,52,9,52,10,52,11,53,10,53,10,52,10,52,10,51,10,50,9,49,8,48,6,48,5,48,3,47,1,47,0,46,-1,46,-2,47,-3,47,-4]"
CSI_DATA,69,5c:01:3b:6b:b0:95,-48,11,1,4,0,1,1,1,0,0,0,-97,1,11,0,10301319,0,86,1,256,1,"[86,-32,4,0,7,-23,7,-22,6,-20,5,-19,5,-18,4,-17,3,-16,3,-16,2,-16,2,-15,1,-14,1,-13,1,-12,1,-12,1,-11,1,-10,1,-10,2,-9,2,-8,2,-6,1,-5,1,-4,1,-3,2,-3,2,-3,0,-1,0,0,0,0,0,0,0,0,0,0,0,0,0,0,0,0,0,0,2,-6,9,-24,10,-24,11,-24,13,-25,14,-25,15,-25,15,-25,16,-25,17,-25,17,-25,18,-25,18,-25,17,-24,17,-23,16,-23,16,-23,15,-23,14,-23,13,-24,12,-24,11,-24,10,-24,10,-24,9,-24,10,-24,10,-25,6,-13,20,-41,19,-39,18,-38,17,-36,16,-35,14,-34,12,-32,10,-30,9,-28,8,-28,7,-27,6,-26,5,-25,5,-23,5,-21,5,-19,5,-18,5,-16,5,-14,5,-13,5,-11,4,-9,4,-7,4,-6,3,-5,3,-3,3,-1,3,-1,0,-1,0,-1,-1,-1,-1,1,-1,0,0,-3,2,-8,17,-43,20,-42,22,-43,25,-43,28,-43,31,-43,32,-43,34,-42,35,-42,37,-41,38,-41,38,-41,39,-42,39,-42,38,-41,38,-40,37,-40,36,-40,34,-39,32,-39,30,-40,29,-41,27,-42,26,-42,24,-42,23,-43,23,-43,23,-44]"
CSI_DATA,70,5c:01:3b:6b:b0:95,-48,11,1,4,0,1,1,1,0,0,0,-97,1,11,0,10318210,0,86,1,256,1,"[86,-32,4,0,-6,-24,-5,-23,-5,-21,-5,-20,-5,-19,-5,-17,-5,-16,-6,-16,-6,-15,-6,-14,-6,-13,-6,-12,-6,-11,-5,-11,-4,-11,-4,-10,-3,-9,-3,-9,-2,-8,-2,-7,-1,-6,-1,-4,0,-4,0,-4,0,-3,0,-1,0,0,0,0,0,0,0,0,0,0,0,0,0,0,0,0,0,0,-2,-7,-6,-25,-5,-26,-4,-27,-4,-28,-3,-28,-2,-29,-1,-29,0,-30,0,-30,1,-31,1,-31,1,-31,0,-30,0,-29,1,-29,1,-29,0,-28,-1,-28,-2,-27,-3,-27,-3,-27,-4,-26,-4,-26,-5,-26,-5,-26,-5,-26,0,-14,1,-45,1,-44,0,-42,0,-40,0,-38,-1,-37,-2,-34,-2,-32,-3,-30,-4,-29,-4,-28,-5,-26,-5,-25,-5,-23,-4,-22,-3,-20,-2,-18,-2,-17,-1,-15,0,-13,0,-12,0,-11,1,-9,1,-7,1,-6,1,-5,3,-2,3,-2,0,-1,0,-1,-1,-1,-1,1,-1,0,-1,-3,-1,-9,-1,-47,2,-48,-2,-48,1,-49,4,-51,6,-52,7,-53,9,-53,11,-53,13,-54,14,-53,15,-54,15,-55,15,-55,15,-54,14,-53,14,-52,13,-51,12,-51,11,-50,9,-50,7,-50,6,-49,5,-49,3,-49,2,-48,2,-49,1,-49]"
CSI_DATA,71,5c:01:3b:6b:b0:95,-49,11,1,5,0,1,1,1,0,0,0,-97,1,11,0,10335137,0,86,1,256,1,"[86,-32,4,0,-21,-12,-20,-11,-19,-11,-18,-10,-18,-10,-17,-9,-16,-8,-15,-7,-14,-6,-13,-5,-13,-5,-12,-5,-12,-4,-11,-4,-10,-4,-9,-4,-8,-4,-7,-4,-6,-4,-6,-4,-5,-4,-4,-3,-3,-3,-2,-2,-2,-2,-1,-1,0,0,0,0,0,0,0,0,0,0,0,0,0,0,0,0,0,0,-6,-3,-22,-12,-22,-13,-22,-14,-23,-15,-22,-16,-22,-17,-22,-18,-22,-19,-21,-20,-21,-21,-21,-21,-21,-21,-21,-21,-20,-20,-20,-19,-21,-19,-21,-18,-20,-17,-21,-17,-21,-17,-21,-16,-21,-15,-21,-15,-22,-14,-22,-14,-22,-13,-13,-5,-39,-16,-39,-16,-37,-15,-35,-14,-33,-13,-32,-12,-30,-11,-28,-9,-27,-8,-26,-7,-25,-6,-24,-6,-22,-5,-21,-5,-20,-4,-19,-4,-17,-4,-15,-4,-13,-4,-12,-4,-10,-4,-8,-4,-7,-4,-5,-3,-4,-3,-3,-2,-1,-1,0,-1,0,-1,0,-1,-1,-1,1,0,0,0,-3,0,-9,-1,-46,-4,-45,-6,-43,-16,-43,-19,-43,-21,-44,-24,-44,-26,-45,-28,-44,-30,-44,-31,-43,-33,-43,-34,-43,-34,-42,-35,-42,-34,-41,-33,-41,-32,-41,-30,-41,-28,-41,-27,-41,-26,-41,-25,-41,-24,-42,-23,-42,-22,-42,-21,-42,-20,-41,-20]"
CSI_DATA,72,5c:01:3b:6b:b0:95,-44,11,1,5,0,1,1,1,0,0,0,-97,1,11,0,10356911,0,86,1,256,1,"[86,-32,4,0,10,-7,10,-6,9,-6,9,-6,8,-6,7,-6,7,-5,6,-5,6,-6,5,-6,5,-6,4,-5,4,-5,4,-5,4,-5,3,-5,3,-4,3,-4,3,-3,2,-3,2,-2,2,-2,1,-2,1,-2,1,-2,0,-1,0,0,0,0,0,0,0,0,0,0,0,0,0,0,0,0,0,0,2,-2,10,-8,11,-7,12,-7,12,-7,13,-6,13,-6,14,-5,14,-5,14,-5,14,-4,15,-4,14,-4,14,-4,14,-4,14,-4,13,-4,13,-5,13,-5,12,-5,12,-5,12,-6,12,-6,11,-6,12,-6,12,-6,11,-7,13,-6,44,-18,43,-17,41,-17,39,-16,37,-16,34,-17,32,-17,30,-17,28,-17,26,-18,24,-18,22,-18,21,-17,20,-16,19,-14,18,-13,17,-13,16,-13,15,-12,13,-10,12,-8,10,-7,8,-6,6,-5,5,-5,4,-4,3,-2,2,-3,0,-1,-1,-1,-1,-1,-2,0,-1,0,2,-2,7,-5,42,-22,43,-19,44,-21,46,-19,49,-17,51,-15,53,-14,54,-12,56,-11,57,-9,57,-8,57,-7,57,-7,57,-7,57,-6,56,-7,55,-7,54,-8,53,-9,52,-11,51,-12,50,-13,50,-13,49,-15,48,-15,48,-16,47,-16,47,-17]"
CSI_DATA,73,5c:01:3b:6b:b0:95,-48,11,1,5,0,1,1,1,0,0,0,-97,1,11,0,10375223,0,86,1,256,1,"[86,-32,4,0,16,-16,15,-15,14,-15,13,-14,12,-13,11,-13,10,-13,9,-13,9,-13,8,-12,7,-11,7,-11,6,-10,6,-10,6,-10,6,-9,5,-8,5,-7,5,-7,5,-6,4,-5,4,-3,3,-3,3,-3,3,-2,0,-1,0,0,0,0,0,0,0,0,0,0,0,0,0,0,0,0,0,0,3,-5,16,-17,17,-16,18,-16,19,-16,20,-15,21,-15,22,-15,22,-14,23,-14,24,-14,24,-14,24,-14,23,-13,23,-13,22,-13,22,-13,21,-14,20,-14,20,-14,19,-15,19,-15,18,-16,18,-16,18,-16,18,-17,18,-17,10,-9,33,-28,32,-27,31,-26,29,-25,27,-24,25,-24,23,-23,22,-23,20,-22,18,-22,17,-22,16,-21,15,-20,14,-19,14,-18,13,-17,13,-15,12,-14,12,-12,11,-11,10,-9,9,-8,8,-6,7,-5,6,-4,5,-3,5,-1,4,-1,0,-1,0,-1,-1,-1,-1,0,-1,0,1,-2,4,-6,27,-32,29,-31,32,-30,34,-29,37,-28,39,-27,41,-26,43,-25,44,-24,45,-23,46,-22,46,-22,47,-22,47,-22,47,-22,46,-22,45,-22,44,-23,43,-23,41,-23,40,-24,39,-25,39,-26,38,-27,37,-28,36,-28,36,-29,36,-29]"
CSI_DATA,74,5c:01:3b:6b:b0:95,-48,11,1,5,0,1,1,1,0,0,0,-97,1,11,0,10395128,0,86,1,256,1,"[86,-32,4,0,-19,-17,-18,-17,-17,-15,-16,-14,-16,-13,-16,-12,-15,-11,-14,-10,-13,-9,-13,-9,-13,-8,-13,-8,-12,-7,-11,-7,-10,-6,-10,-6,-8,-6,-7,-5,-6,-5,-5,-5,-5,-4,-4,-4,-3,-4,-2,-4,-2,-3,-1,-1,0,0,0,0,0,0,0,0,0,0,0,0,0,0,0,0,0,0,-5,-5,-18,-19,-18,-20,-18,-21,-17,-22,-17,-23,-17,-24,-17,-24,-16,-25,-16,-25,-15,-26,-14,-27,-14,-27,-14,-27,-14,-26,-15,-25,-15,-24,-16,-23,-16,-22,-17,-22,-17,-22,-18,-21,-18,-21,-18,-20,-18,-20,-18,-20,-18,-20,-11,-11,-35,-34,-34,-35,-32,-33,-31,-32,-29,-29,-29,-28,-28,-26,-27,-23,-26,-21,-26,-19,-25,-18,-25,-17,-24,-16,-23,-15,-22,-14,-20,-14,-18,-13,-16,-12,-14,-11,-12,-11,-11,-11,-9,-10,-8,-9,-6,-9,-5,-8,-4,-7,-3,-7,-1,-7,-1,-2,0,-1,-1,0,1,0,0,0,-3,-2,-7,-5,-38,-29,-37,-31,-35,-35,-33,-38,-32,-41,-31,-43,-31,-45,-30,-47,-29,-49,-29,-50,-28,-51,-28,-51,-28,-52,-28,-52,-27,-52,-27,-51,-27,-50,-28,-49,-28,-47,-29,-45,-29,-44,-30,-43,-32,-42,-33,-41,-34,-40,-35,-39,-35,-38,-35,-38]"
CSI_DATA,75,5c:01:3b:6b:b0:95,-47,11,1,4,0,1,1,1,0,0,0,-97,1,11,0,10418426,0,86,1,256,1,"[86,-32,4,0,-23,10,-22,9,-20,9,-19,9,-18,9,-17,8,-16,8,-15,9,-14,9,-13,9,-13,8,-12,8,-11,8,-11,7,-11,7,-10,6,-10,6,-9,5,-8,4,-8,3,-7,2,-6,1,-6,1,-5,1,-5,0,-2,0,0,0,0,0,0,0,0,0,0,0,0,0,0,0,0,0,0,0,-6,2,-22,11,-23,10,-24,9,-25,8,-26,8,-27,8,-28,7,-28,7,-28,6,-29,5,-30,5,-30,5,-29,5,-28,5,-28,5,-28,5,-27,6,-26,7,-26,7,-26,8,-25,8,-25,9,-24,9,-24,10,-25,10,-25,11,-15,2,-46,8,-44,8,-42,7,-40,8,-38,8,-36,9,-34,9,-32,9,-30,9,-29,10,-28,10,-26,11,-25,11,-24,10,-23,9,-22,8,-21,7,-19,6,-18,5,-17,3,-15,2,-14,1,-12,0,-11,0,-9,0,-9,-1,-7,-3,-6,-3,-1,-1,-1,-1,0,-1,1,-1,0,-1,-3,0,-8,1,-44,9,-45,7,-45,10,-46,8,-49,5,-50,3,-51,2,-52,0,-53,-1,-53,-3,-54,-4,-54,-4,-55,-4,-55,-4,-54,-4,-54,-4,-53,-4,-52,-3,-51,-2,-50,-1,-49,1,-49,3,-49,4,-49,6,-48,7,-48,8,-48,9,-49,9]"
CSI_DATA,76,5c:01:3b:6b:b0:95,-46,11,1,4,0,1,1,1,0,0,0,-97,1,11,0,10437306,0,86,1,256,1,"[86,-32,4,0,19,15,18,14,17,13,17,12,16,11,16,10,15,9,14,8,14,7,13,7,13,7,13,6,12,6,11,5,10,5,10,5,9,5,7,5,6,5,6,4,5,4,5,4,3,4,2,3,2,3,0,0,0,0,0,0,0,0,0,0,0,0,0,0,0,0,0,0,0,0,4,3,19,14,19,15,19,17,19,18,18,19,18,20,18,20,18,21,17,22,17,23,17,23,17,24,17,23,16,23,16,22,17,21,17,20,17,19,17,19,18,18,19,18,19,17,19,17,20,17,20,17,20,16,9,10,31,33,30,32,29,31,28,29,27,27,27,26,26,24,25,21,24,19,24,18,24,16,23,15,22,15,21,14,20,14,18,13,17,13,15,12,13,11,12,11,10,10,8,10,7,9,5,8,4,8,3,7,1,6,-1,6,-1,0,-1,0,-1,-1,-2,-1,-1,-1,2,1,6,5,33,29,32,31,32,32,31,34,30,38,29,40,28,41,27,43,27,44,26,46,25,47,25,47,26,48,26,48,26,47,25,47,25,46,25,45,25,44,26,42,27,41,28,40,29,39,30,38,31,37,32,36,34,36,34,35]"
CSI_DATA,77,5c:01:3b:6b:b0:95,-46,11,1,4,0,1,1,1,0,0,0,-97,1,11,0,10457044,0,86,1,256,1,"[86,-32,4,0,-13,-22,-13,-21,-12,-19,-12,-18,-12,-18,-12,-17,-11,-15,-11,-14,-11,-14,-11,-13,-11,-12,-11,-12,-10,-11,-9,-11,-9,-10,-8,-10,-7,-10,-6,-9,-5,-9,-4,-8,-4,-7,-4,-7,-3,-6,-2,-6,-1,-5,-1,-2,0,0,0,0,0,0,0,0,0,0,0,0,0,0,0,0,0,0,-4,-6,-13,-21,-12,-22,-12,-24,-11,-25,-11,-26,-10,-26,-9,-27,-9,-28,-8,-28,-8,-29,-8,-29,-8,-29,-8,-29,-8,-28,-8,-28,-8,-27,-9,-26,-9,-26,-10,-26,-11,-25,-11,-25,-12,-24,-12,-24,-13,-24,-13,-24,-13,-24,-5,-14,-17,-44,-17,-43,-17,-42,-16,-39,-16,-38,-16,-37,-16,-34,-16,-32,-16,-30,-16,-28,-17,-26,-17,-25,-17,-24,-16,-23,-15,-22,-14,-21,-12,-20,-11,-19,-9,-17,-7,-17,-6,-16,-5,-15,-4,-13,-3,-12,-2,-11,-1,-10,1,-8,3,-7,0,-2,0,-1,-1,0,0,1,0,0,-2,-3,-4,-8,-19,-42,-17,-43,-18,-43,-16,-46,-14,-48,-12,-50,-11,-51,-9,-52,-8,-53,-6,-54,-6,-55,-6,-55,-6,-56,-7,-56,-6,-56,-6,-55,-6,-54,-7,-53,-8,-52,-9,-51,-10,-50,-11,-50,-12,-49,-14,-49,-15,-48,-17,-47,-18,-47,-18,-47]"
CSI_DATA,78,5c:01:3b:6b:b0:95,-44,11,1,5,0,1,1,1,0,0,0,-97,1,11,0,10474946,0,86,1,256,1,"[86,-32,4,0,-10,-10,-9,-10,-9,-9,-8,-8,-8,-8,-8,-7,-8,-6,-7,-6,-7,-5,-7,-5,-7,-5,-7,-5,-7,-5,-6,-4,-6,-4,-5,-4,-5,-4,-5,-3,-4,-3,-4,-3,-3,-2,-3,-2,-3,-2,-2,-2,-2,-2,-1,-1,0,0,0,0,0,0,0,0,0,0,0,0,0,0,0,0,0,0,-3,-3,-9,-10,-9,-11,-9,-11,-9,-12,-9,-13,-9,-13,-9,-13,-9,-14,-8,-14,-8,-14,-7,-15,-7,-15,-7,-15,-7,-14,-7,-14,-8,-14,-8,-13,-8,-13,-8,-13,-9,-12,-9,-12,-9,-11,-9,-11,-9,-11,-10,-11,-10,-11,-11,-12,-34,-38,-33,-38,-32,-36,-31,-34,-29,-31,-28,-28,-28,-26,-27,-24,-27,-22,-26,-21,-26,-20,-26,-19,-25,-18,-24,-17,-23,-16,-21,-15,-19,-14,-17,-12,-16,-11,-14,-11,-12,-10,-11,-10,-10,-10,-9,-9,-7,-8,-6,-7,-5,-6,-4,-5,-1,-1,-1,-1,-1,-1,1,0,0,0,-3,-2,-7,-6,-37,-34,-36,-36,-35,-39,-33,-41,-32,-44,-31,-47,-31,-49,-30,-50,-30,-52,-30,-53,-29,-53,-27,-54,-26,-56,-25,-56,-24,-55,-24,-55,-25,-53,-26,-53,-27,-51,-28,-49,-29,-48,-30,-46,-31,-45,-32,-44,-33,-43,-33,-43,-33,-42,-34,-42]"
CSI_DATA,79,5c:01:3b:6b:b0:95,-46,11,1,4,0,1,1,1,0,0,0,-97,1,11,0,10497104,0,86,1,256,1,"[86,-32,4,0,-11,-24,-10,-23,-10,-21,-10,-20,-10,-19,-10,-18,-10,-17,-9,-16,-9,-15,-9,-14,-10,-14,-10,-13,-9,-13,-8,-12,-8,-12,-7,-11,-6,-11,-5,-10,-4,-10,-3,-9,-3,-8,-3,-8,-2,-7,-1,-6,0,-6,0,-2,0,0,0,0,0,0,0,0,0,0,0,0,0,0,0,0,0,0,-3,-6,-11,-22,-10,-23,-10,-25,-9,-26,-9,-27,-8,-27,-7,-28,-6,-28,-6,-29,-5,-29,-5,-30,-5,-30,-5,-30,-5,-29,-5,-29,-6,-28,-6,-27,-7,-27,-8,-27,-8,-26,-9,-26,-9,-26,-10,-25,-11,-25,-11,-26,-10,-26,-3,-15,-10,-47,-10,-46,-9,-44,-9,-42,-9,-40,-10,-39,-10,-36,-10,-34,-11,-32,-12,-31,-12,-29,-12,-28,-12,-27,-11,-26,-10,-25,-9,-24,-9,-22,-7,-21,-6,-20,-4,-18,-3,-17,-2,-16,-1,-15,-1,-13,0,-12,1,-10,3,-8,5,-7,0,-2,0,-1,-1,0,0,1,0,0,-1,-3,-3,-8,-11,-45,-8,-46,-12,-45,-10,-47,-7,-49,-6,-51,-4,-52,-3,-52,-1,-54,0,-54,1,-55,2,-55,2,-56,2,-56,2,-55,2,-55,2,-54,1,-54,0,-52,-1,-51,-3,-51,-4,-51,-6,-50,-7,-50,-8,-50,-9,-50,-10,-50,-11,-50]"
CSI_DATA,80,5c:01:3b:6b:b0:95,-44,11,1,5,0,1,1,1,0,0,0,-97,1,11,0,10515230,0,86,1,256,1,"[86,-32,4,0,12,3,12,3,11,2,11,2,10,1,10,1,9,1,9,0,8,0,7,0,7,0,7,0,7,-1,6,-1,6,0,5,0,5,0,5,0,4,0,4,0,3,0,3,0,2,0,2,0,1,0,0,0,0,0,0,0,0,0,0,0,0,0,0,0,0,0,0,0,0,0,3,0,13,2,13,3,13,3,13,4,13,4,14,5,13,5,13,6,13,7,13,7,13,7,13,7,13,7,13,7,13,6,13,6,12,6,12,5,13,5,13,5,13,4,13,4,12,4,13,3,13,4,13,4,15,3,50,13,48,13,46,12,45,11,43,10,41,8,38,7,37,5,35,3,33,1,32,0,31,0,29,0,29,-1,27,-1,26,0,23,0,21,1,20,1,18,1,16,2,14,2,12,2,10,2,8,2,6,2,5,4,4,5,0,0,-1,0,-1,-1,-2,-1,-1,-1,2,-1,9,-1,51,-1,50,2,50,7,50,11,50,14,51,18,52,20,53,22,53,24,53,26,53,27,52,27,53,27,53,28,53,28,52,27,51,27,51,26,50,24,50,22,50,21,50,20,50,19,51,17,50,16,51,14,51,13,51,13]"
CSI_DATA,81,5c:01:3b:6b:b0:95,-42,11,1,4,0,1,1,1,0,0,0,-97,1,11,0,10537139,0,86,1,256,1,"[86,-32,4,0,6,-11,6,-11,5,-10,5,-10,4,-10,4,-9,4,-9,3,-9,3,-9,2,-8,2,-8,2,-7,2,-7,2,-7,2,-7,2,-7,2,-6,1,-6,1,-6,2,-5,1,-4,1,-3,1,-3,1,-3,1,-3,0,-1,0,0,0,0,0,0,0,0,0,0,0,0,0,0,0,0,0,0,1,-3,6,-11,6,-11,7,-11,7,-12,8,-11,9,-11,9,-11,10,-11,10,-11,10,-11,11,-11,11,-11,10,-10,10,-10,10,-10,9,-11,9,-11,8,-11,8,-11,8,-11,8,-11,7,-11,7,-11,7,-11,7,-12,8,-12,9,-11,30,-36,30,-35,29,-34,27,-33,25,-33,23,-32,21,-31,20,-29,18,-28,16,-28,14,-28,12,-27,11,-26,11,-25,11,-24,11,-23,10,-21,10,-20,10,-18,10,-16,9,-15,9,-13,8,-11,7,-9,7,-8,6,-7,6,-4,6,-3,1,-1,0,-1,-1,0,-1,1,-1,0,1,-3,4,-7,28,-36,30,-34,30,-37,33,-36,35,-35,37,-35,39,-34,41,-33,43,-32,44,-31,45,-30,46,-31,47,-31,47,-31,47,-31,46,-30,45,-30,44,-30,42,-30,40,-31,39,-32,37,-33,37,-35,35,-36,34,-36,34,-37,33,-38,34,-39]"
CSI_DATA,82,5c:01:3b:6b:b0:95,-46,11,1,4,0,1,1,1,0,0,0,-97,1,11,0,10556897,0,86,1,256,1,"[86,-32,4,0,-20,14,-19,13,-18,12,-17,12,-16,12,-15,11,-14,11,-13,12,-12,11,-11,11,-11,10,-10,10,-10,10,-10,10,-10,9,-9,8,-8,8,-8,7,-8,6,-8,5,-7,3,-6,2,-6,2,-6,2,-5,1,-2,0,0,0,0,0,0,0,0,0,0,0,0,0,0,0,0,0,0,0,-5,3,-20,14,-21,13,-22,12,-23,12,-24,11,-25,11,-26,11,-26,10,-27,10,-27,9,-28,10,-28,9,-27,9,-27,9,-27,9,-26,10,-25,10,-24,11,-24,11,-23,12,-23,13,-23,13,-22,13,-22,13,-22,14,-22,15,-14,5,-44,19,-43,17,-41,17,-39,17,-37,17,-35,17,-33,16,-31,16,-29,16,-28,16,-26,17,-25,17,-24,17,-23,16,-22,14,-22,13,-21,11,-20,10,-19,9,-18,7,-17,5,-16,4,-14,3,-13,2,-12,1,-11,0,-10,-3,-9,-3,-2,-1,-1,-1,0,-1,1,-1,0,-1,-3,1,-8,3,-41,19,-43,17,-42,19,-44,16,-47,14,-49,13,-50,12,-51,10,-53,9,-54,8,-54,7,-54,6,-56,8,-56,8,-55,7,-54,7,-54,7,-53,8,-51,8,-50,10,-49,11,-49,13,-48,14,-48,16,-47,17,-46,18,-46,19,-47,20]"
CSI_DATA,83,5c:01:3b:6b:b0:95,-44,11,1,5,0,1,1,1,0,0,0,-97,1,11,0,10575221,0,86,1,256,1,"[86,-32,4,0,-12,3,-11,3,-11,3,-10,3,-9,3,-9,3,-8,3,-8,3,-7,3,-7,3,-7,3,-7,3,-7,3,-6,3,-6,3,-6,2,-5,2,-5,2,-4,1,-4,1,-4,1,-4,0,-3,0,-3,0,-3,0,-1,0,0,0,0,0,0,0,0,0,0,0,0,0,0,0,0,0,0,0,-3,1,-11,4,-12,4,-12,4,-13,3,-13,3,-14,3,-14,2,-14,2,-15,2,-15,1,-15,1,-15,1,-15,1,-15,1,-14,1,-14,1,-13,2,-13,2,-13,2,-13,2,-13,3,-13,3,-13,3,-13,3,-13,4,-13,4,-15,2,-48,8,-47,8,-45,7,-42,7,-39,7,-37,7,-35,7,-34,8,-32,9,-30,9,-29,10,-28,10,-27,10,-26,9,-25,8,-24,8,-23,7,-22,6,-20,6,-18,5,-17,3,-15,2,-14,1,-13,0,-11,0,-10,-1,-9,-2,-7,-2,-2,-1,-1,-1,-1,-1,1,-1,0,-1,-2,0,-8,2,-42,12,-44,9,-45,11,-46,8,-48,5,-49,4,-51,3,-52,2,-54,0,-55,-1,-55,-2,-55,-3,-55,-3,-56,-3,-55,-3,-55,-3,-54,-4,-54,-3,-52,-3,-51,-1,-50,0,-49,2,-49,3,-50,4,-49,5,-49,6,-48,8,-48,9]"
CSI_DATA,84,5c:01:3b:6b:b0:95,-46,11,1,4,0,1,1,1,0,0,0,-97,1,11,0,10596711,0,86,1,256,1,"[86,-32,4,0,8,24,8,23,8,21,8,20,8,19,8,18,8,17,7,16,7,15,8,15,8,14,8,13,7,13,6,12,6,12,5,12,4,11,3,11,3,10,2,9,1,8,1,7,0,7,-1,6,-1,6,-1,1,0,0,0,0,0,0,0,0,0,0,0,0,0,0,0,0,0,0,2,5,9,22,8,23,8,24,7,25,6,26,5,27,5,28,4,28,3,28,3,29,3,29,3,30,3,29,3,29,3,28,3,28,4,27,4,26,5,26,6,26,7,26,7,25,7,25,8,25,9,26,8,26,1,14,6,47,6,46,6,45,5,42,6,41,6,39,7,37,7,34,8,32,8,31,9,30,9,28,9,28,8,27,7,26,7,24,6,23,4,21,3,20,2,19,0,18,-1,16,-1,15,-2,13,-3,12,-4,10,-6,8,-7,7,-2,1,-1,0,0,-1,-1,-2,-1,-1,0,2,1,7,9,44,6,44,9,44,6,46,4,48,2,50,1,51,-1,52,-3,53,-4,53,-5,53,-6,54,-6,55,-6,55,-6,54,-6,54,-6,53,-6,52,-4,51,-3,50,-2,50,0,51,2,50,3,50,4,49,6,50,7,50,7,50]"
CSI_DATA,85,5c:01:3b:6b:b0:95,-42,11,1,4,0,1,1,1,0,0,0,-97,1,11,0,10616990,0,86,1,256,1,"[86,-32,4,0,9,-8,9,-8,8,-8,8,-8,7,-7,7,-7,6,-7,6,-7,5,-7,5,-7,5,-7,5,-6,4,-6,4,-6,4,-6,4,-5,4,-5,3,-5,3,-4,3,-4,3,-3,3,-2,2,-2,2,-2,2,-2,0,-1,0,0,0,0,0,0,0,0,0,0,0,0,0,0,0,0,0,0,2,-3,8,-9,9,-9,10,-9,10,-9,11,-8,11,-8,12,-8,12,-8,12,-8,13,-8,13,-8,13,-7,13,-7,13,-7,12,-7,12,-7,12,-7,11,-7,11,-7,11,-7,11,-8,10,-8,10,-8,10,-9,10,-9,10,-9,13,-7,41,-23,40,-22,39,-22,37,-21,35,-21,33,-21,31,-20,28,-20,27,-20,25,-20,24,-21,23,-21,22,-20,21,-19,20,-18,19,-17,18,-15,17,-13,16,-12,16,-10,14,-9,13,-8,11,-7,10,-6,9,-5,8,-4,8,-1,7,-1,1,-1,0,-1,-1,-1,-2,0,-1,0,1,-2,6,-5,36,-26,38,-24,38,-27,41,-25,44,-23,46,-22,47,-21,48,-19,50,-17,52,-16,52,-16,53,-15,55,-17,54,-17,53,-16,53,-16,51,-16,51,-16,49,-15,48,-16,47,-17,47,-18,46,-20,46,-21,44,-22,44,-23,44,-24,43,-24]"
CSI_DATA,86,5c:01:3b:6b:b0:95,-46,11,1,4,0,1,1,1,0,0,0,-97,1,11,0,10637094,0,86,1,256,1,"[86,-32,4,0,23,9,22,8,21,7,20,7,20,6,19,6,18,5,17,4,16,3,16,3,16,3,15,3,15,3,14,2,13,2,12,3,11,3,10,3,9,3,8,3,7,4,7,4,5,4,4,4,4,4,1,1,0,0,0,0,0,0,0,0,0,0,0,0,0,0,0,0,0,0,5,1,22,7,22,8,23,10,23,11,23,12,24,13,24,14,23,14,23,15,23,16,24,16,24,17,23,17,23,17,23,16,23,15,23,14,23,13,23,13,24,13,24,12,24,11,23,10,24,10,25,10,25,9,10,9,36,28,35,28,33,26,32,24,31,23,31,22,29,20,28,18,27,16,27,15,27,14,26,13,25,12,24,12,23,12,22,12,20,12,18,12,16,11,15,11,13,11,11,11,9,10,7,10,6,10,5,9,1,10,-1,9,-1,1,-1,0,-1,-1,-2,-1,-1,-1,1,1,6,4,33,28,32,30,36,25,35,28,35,31,34,33,34,35,33,36,33,38,32,40,31,41,31,41,32,42,33,42,32,42,32,42,31,41,31,40,31,38,32,37,33,35,34,34,34,33,35,32,36,30,37,30,38,30,39,30]"
CSI_DATA,87,5c:01:3b:6b:b0:95,-48,11,1,5,0,1,1,1,0,0,0,-97,1,11,0,10655237,0,86,1,256,1,"[86,-32,4,0,-22,8,-21,7,-20,7,-18,7,-18,7,-17,7,-16,7,-15,7,-15,8,-14,7,-13,6,-12,6,-12,6,-12,6,-12,5,-11,5,-10,4,-9,3,-9,3,-8,2,-8,1,-7,0,-7,0,-6,0,-6,-1,-2,-1,0,0,0,0,0,0,0,0,0,0,0,0,0,0,0,0,0,0,-6,2,-22,9,-22,8,-23,7,-24,7,-25,6,-25,5,-26,5,-27,4,-27,4,-28,3,-29,3,-28,2,-27,2,-26,2,-26,2,-27,3,-26,4,-25,4,-24,5,-24,5,-24,6,-24,7,-24,7,-24,7,-24,7,-24,8,-14,3,-44,11,-43,11,-41,11,-39,10,-37,9,-36,9,-34,9,-32,9,-31,10,-29,11,-27,11,-26,11,-24,11,-24,11,-23,10,-23,8,-22,7,-21,6,-20,4,-19,3,-18,1,-16,1,-14,0,-12,-1,-11,-2,-10,-2,-8,-4,-7,-4,-2,-1,-1,-1,0,-1,1,-1,0,-1,-3,1,-7,3,-39,15,-40,13,-42,13,-43,11,-45,8,-47,6,-48,5,-50,3,-51,2,-52,1,-53,0,-53,-1,-53,0,-53,0,-52,0,-51,0,-51,0,-50,2,-50,2,-49,3,-48,3,-47,4,-48,6,-48,7,-47,9,-46,10,-46,11,-45,11]"
CSI_DATA,88,5c:01:3b:6b:b0:95,-48,11,1,5,0,1,1,1,0,0,0,-97,1,11,0,10679891,0,86,1,256,1,"[86,-32,4,0,8,-23,7,-22,7,-21,6,-20,5,-19,5,-19,4,-18,3,-18,3,-17,3,-17,2,-16,1,-15,2,-15,2,-14,2,-14,2,-13,3,-12,3,-12,3,-11,3,-10,3,-8,3,-7,3,-6,4,-6,4,-5,1,-2,0,0,0,0,0,0,0,0,0,0,0,0,0,0,0,0,0,0,2,-6,8,-22,9,-22,11,-22,12,-22,13,-23,14,-23,14,-23,15,-23,16,-23,16,-23,17,-23,17,-23,17,-22,16,-22,15,-22,15,-23,14,-22,13,-22,13,-22,12,-22,11,-23,10,-23,10,-23,10,-23,10,-24,10,-24,6,-13,21,-41,20,-40,20,-39,19,-38,17,-36,16,-35,14,-34,13,-33,11,-32,10,-31,9,-30,8,-30,7,-29,7,-28,8,-26,8,-24,8,-22,8,-21,8,-20,8,-18,8,-16,8,-14,8,-12,8,-11,8,-9,8,-8,9,-4,9,-3,1,-1,0,-1,-1,0,-1,1,-1,0,0,-3,2,-8,17,-39,20,-38,20,-40,23,-39,26,-39,28,-39,30,-39,32,-39,33,-39,35,-38,35,-38,36,-38,36,-39,37,-39,37,-38,36,-38,35,-38,34,-38,32,-38,31,-38,30,-39,29,-39,27,-40,26,-41,24,-42,24,-42,23,-43,23,-43]"
CSI_DATA,89,5c:01:3b:6b:b0:95,-48,11,1,5,0,1,1,1,0,0,0,-97,1,11,0,10695329,0,86,1,256,1,"[86,-32,4,0,22,0,21,0,20,0,19,-1,18,-1,17,-1,16,-2,15,-3,14,-3,14,-3,14,-2,13,-2,12,-2,12,-3,11,-2,11,-2,10,-1,9,-1,8,-1,7,0,7,1,6,1,5,2,4,1,4,1,0,0,0,0,0,0,0,0,0,0,0,0,0,0,0,0,0,0,0,0,5,-1,22,0,23,0,23,1,24,3,24,3,25,4,25,4,25,5,25,6,25,7,26,7,25,8,25,8,25,8,25,7,25,6,24,5,23,4,23,4,24,3,24,2,24,2,23,2,24,2,24,1,24,1,13,1,44,5,43,6,41,5,39,5,37,4,35,3,33,2,32,1,31,-1,29,-1,29,-2,28,-3,27,-3,26,-2,25,-2,23,-1,22,0,21,0,19,1,17,1,16,2,14,3,12,4,10,4,9,4,7,4,6,6,5,7,0,1,0,0,-1,-1,-2,0,-1,-1,2,-1,7,-1,41,0,42,3,43,3,43,6,44,9,45,11,45,13,46,15,47,16,47,18,47,18,47,19,48,19,48,19,48,19,47,19,47,19,46,18,46,17,45,15,44,14,44,12,44,11,45,9,45,8,46,7,46,6,47,6]"
CSI_DATA,90,5c:01:3b:6b:b0:95,-48,11,1,5,0,1,1,1,0,0,0,-97,1,11,0,10715039,0,86,1,256,1,"[86,-32,4,0,-15,-19,-14,-18,-14,-16,-14,-16,-14,-15,-13,-14,-13,-13,-12,-12,-12,-11,-12,-10,-12,-10,-11,-10,-10,-9,-10,-9,-9,-9,-9,-8,-8,-8,-7,-8,-6,-7,-5,-7,-4,-7,-4,-6,-3,-6,-2,-5,-1,-5,-1,-2,0,0,0,0,0,0,0,0,0,0,0,0,0,0,0,0,0,0,-4,-5,-15,-17,-15,-18,-14,-20,-14,-21,-13,-22,-13,-23,-13,-23,-12,-24,-12,-24,-12,-25,-12,-25,-12,-25,-12,-25,-12,-25,-12,-24,-12,-24,-12,-23,-12,-22,-13,-22,-14,-22,-15,-21,-15,-21,-15,-20,-16,-20,-16,-20,-16,-19,-7,-13,-22,-39,-21,-39,-20,-37,-18,-35,-18,-33,-18,-31,-17,-29,-18,-27,-18,-25,-18,-24,-18,-22,-18,-21,-17,-21,-16,-21,-16,-20,-14,-19,-13,-18,-11,-17,-10,-16,-8,-15,-7,-14,-5,-13,-4,-12,-3,-11,-2,-10,-1,-9,2,-8,3,-7,0,-2,0,-1,-1,0,0,1,0,0,-2,-2,-4,-7,-21,-36,-19,-38,-22,-37,-20,-39,-18,-42,-17,-43,-16,-45,-15,-46,-14,-48,-13,-49,-13,-49,-13,-49,-13,-50,-13,-50,-13,-49,-12,-49,-12,-49,-13,-48,-14,-47,-14,-45,-15,-44,-16,-43,-17,-43,-19,-43,-20,-42,-21,-41,-22,-41,-22,-40]"
CSI_DATA,91,5c:01:3b:6b:b0:95,-43,11,1,4,0,1,1,1,0,0,0,-97,1,11,0,10735244,0,86,1,256,1,"[86,-32,4,0,8,-9,8,-9,7,-9,7,-8,6,-8,6,-8,6,-7,5,-7,4,-8,4,-8,4,-7,4,-7,3,-7,3,-6,3,-6,3,-5,3,-5,3,-5,3,-4,2,-4,2,-3,2,-3,2,-3,2,-2,2,-2,0,-1,0,0,0,0,0,0,0,0,0,0,0,0,0,0,0,0,0,0,1,-3,7,-10,8,-10,9,-10,9,-9,10,-9,10,-9,11,-9,11,-8,12,-8,12,-8,12,-8,12,-8,12,-8,11,-8,11,-8,11,-8,11,-8,10,-9,10,-9,10,-9,10,-9,9,-9,9,-9,9,-9,9,-10,9,-10,11,-9,35,-29,35,-29,33,-28,30,-27,28,-25,26,-24,25,-23,23,-22,21,-22,20,-23,18,-23,16,-23,16,-22,16,-21,15,-20,15,-18,15,-17,14,-15,12,-14,11,-13,11,-11,9,-9,9,-8,8,-7,8,-5,7,-4,6,0,4,0,0,-1,0,-1,-1,-1,-1,0,-1,0,1,-2,5,-6,28,-32,31,-31,33,-32,36,-30,39,-29,41,-27,42,-26,44,-25,45,-24,47,-23,48,-22,49,-23,49,-24,49,-23,47,-22,47,-22,47,-21,47,-21,45,-22,43,-24,42,-25,41,-26,40,-27,40,-28,39,-28,38,-29,38,-31,38,-32]"
CSI_DATA,92,5c:01:3b:6b:b0:95,-47,11,1,4,0,1,1,1,0,0,0,-97,1,11,0,10755097,0,86,1,256,1,"[86,-32,4,0,23,3,22,2,20,2,20,1,19,1,18,0,17,0,16,-1,15,-2,14,-2,14,-1,13,-1,13,-1,12,-1,12,-1,11,0,10,0,9,0,7,0,7,0,6,1,6,2,5,2,4,2,3,2,0,0,0,0,0,0,0,0,0,0,0,0,0,0,0,0,0,0,0,0,5,0,22,3,23,4,23,5,24,6,24,7,25,7,25,8,25,9,25,9,25,10,25,11,25,11,24,12,24,11,24,10,24,9,24,8,24,7,24,7,24,6,24,5,24,5,23,4,24,5,25,4,25,3,12,4,41,14,40,14,38,13,36,11,35,10,34,9,32,7,30,6,29,5,28,3,27,2,26,1,25,1,24,2,23,3,22,3,20,4,19,4,17,3,15,4,13,4,11,5,9,5,8,5,6,5,5,5,3,6,2,6,0,1,-1,0,-1,-1,-2,-1,-1,-1,2,0,7,1,40,12,40,15,41,13,41,16,41,20,41,22,41,23,41,25,42,26,41,28,41,29,42,29,43,29,44,28,43,28,42,28,41,28,40,28,40,26,40,24,41,23,41,21,41,19,42,18,42,16,43,15,44,14,45,14]"
CSI_DATA,93,5c:01:3b:6b:b0:95,-47,11,1,4,0,1,1,1,0,0,0,-97,1,11,0,10775107,0,86,1,256,1,"[86,-32,4,0,9,-22,8,-22,7,-21,7,-20,6,-19,5,-18,4,-17,4,-17,3,-17,3,-16,2,-15,2,-14,2,-14,2,-14,3,-13,2,-12,3,-12,3,-11,3,-10,3,-8,3,-7,3,-6,3,-6,4,-5,4,-5,1,-1,0,0,0,0,0,0,0,0,0,0,0,0,0,0,0,0,0,0,2,-6,9,-22,10,-22,11,-22,12,-22,13,-23,14,-23,15,-23,16,-23,16,-23,17,-23,18,-23,18,-23,18,-22,17,-22,16,-22,16,-22,15,-22,14,-22,13,-22,12,-23,11,-23,11,-23,11,-23,11,-24,11,-24,11,-24,8,-11,26,-36,25,-35,24,-33,23,-32,21,-31,19,-30,18,-29,16,-27,14,-27,13,-27,11,-26,10,-26,10,-25,10,-24,10,-22,10,-20,10,-18,10,-16,10,-15,10,-13,10,-12,9,-10,8,-9,7,-8,7,-6,7,-5,7,-1,6,0,1,0,0,-1,-1,-1,-1,1,-1,0,1,-2,3,-7,23,-34,26,-33,25,-36,28,-35,31,-35,33,-34,34,-34,36,-33,38,-32,39,-32,40,-31,40,-32,40,-33,40,-34,39,-34,40,-33,39,-32,38,-32,37,-31,35,-31,34,-32,33,-33,31,-34,31,-36,29,-37,28,-38,27,-39,27,-39]"
CSI_DATA,94,5c:01:3b:6b:b0:95,-43,11,1,4,0,1,1,1,0,0,0,-97,1,11,0,10795118,0,86,1,256,1,"[86,-32,4,0,-14,-2,-13,-2,-12,-1,-12,-1,-11,-1,-11,0,-10,0,-10,0,-9,0,-9,0,-9,0,-8,0,-8,0,-7,1,-7,1,-6,0,-6,0,-6,0,-5,0,-4,-1,-4,-1,-4,-1,-3,-1,-3,-1,-2,-1,-1,-1,0,0,0,0,0,0,0,0,0,0,0,0,0,0,0,0,0,0,-4,-1,-14,-1,-14,-2,-14,-2,-15,-3,-15,-3,-15,-4,-15,-4,-16,-5,-16,-5,-16,-5,-16,-6,-16,-6,-16,-6,-15,-6,-15,-6,-15,-6,-15,-5,-14,-5,-15,-4,-15,-3,-15,-3,-15,-3,-14,-2,-15,-2,-15,-2,-14,-2,-16,-5,-50,-14,-49,-14,-47,-13,-45,-12,-43,-10,-41,-9,-38,-8,-37,-7,-36,-5,-34,-3,-33,-1,-32,0,-30,-1,-29,-1,-27,-1,-26,-2,-24,-3,-22,-3,-21,-4,-20,-4,-17,-5,-15,-5,-13,-5,-11,-5,-9,-4,-8,-4,-5,-4,-3,-3,-1,-1,-1,-1,-1,-1,1,-1,0,0,-3,0,-9,0,-48,0,-49,-4,-51,-9,-52,-13,-53,-17,-53,-19,-54,-21,-54,-23,-55,-26,-55,-27,-55,-28,-55,-28,-56,-27,-56,-26,-55,-27,-54,-28,-53,-28,-52,-28,-52,-27,-51,-25,-51,-23,-51,-21,-51,-19,-51,-17,-51,-15,-52,-14,-53,-13,-53,-12]"
CSI_DATA,95,5c:01:3b:6b:b0:95,-46,11,1,4,0,1,1,1,0,0,0,-97,1,11,0,10816971,0,86,1,256,1,"[86,-32,4,0,14,20,13,19,13,17,12,16,12,15,12,14,11,13,11,12,10,11,11,11,11,10,11,10,10,9,9,9,8,9,8,9,7,9,6,8,5,8,4,7,3,7,3,6,2,6,1,5,0,5,0,1,0,0,0,0,0,0,0,0,0,0,0,0,0,0,0,0,0,0,3,4,14,18,13,19,13,21,13,22,12,23,11,23,11,24,10,25,10,25,10,26,10,26,10,26,10,26,10,26,10,25,10,25,10,24,11,23,11,23,12,22,13,22,13,22,13,21,14,21,15,21,14,21,6,12,21,40,20,39,20,38,19,36,18,34,18,33,18,30,18,28,17,26,17,25,17,23,17,22,17,21,16,21,15,20,14,19,12,18,11,17,9,16,7,16,6,15,4,14,3,13,2,11,0,10,-1,10,-3,8,-4,7,-1,1,-1,0,-1,-1,-1,-2,-1,-1,1,1,4,6,23,35,21,37,22,38,20,40,18,43,17,45,16,46,15,48,13,49,12,50,11,51,11,51,12,52,12,52,12,51,11,51,11,50,11,49,12,48,13,47,14,46,16,46,17,45,18,44,19,43,21,43,22,43,22,43]"
CSI_DATA,96,5c:01:3b:6b:b0:95,-47,11,1,4,0,1,1,1,0,0,0,-97,1,11,0,10835172,0,86,1,256,1,"[86,-32,4,0,14,-21,14,-20,12,-19,12,-18,11,-18,10,-17,9,-16,8,-16,7,-16,6,-15,5,-14,4,-14,5,-14,5,-13,5,-12,5,-11,5,-11,6,-10,6,-8,5,-7,5,-6,4,-4,4,-4,4,-4,4,-3,1,-1,0,0,0,0,0,0,0,0,0,0,0,0,0,0,0,0,0,0,3,-5,14,-20,16,-20,17,-20,19,-20,20,-20,21,-20,22,-20,23,-19,23,-18,23,-19,23,-20,23,-20,22,-20,22,-19,22,-19,22,-19,21,-19,20,-19,20,-20,19,-20,18,-20,17,-20,15,-20,15,-21,15,-23,16,-23,10,-12,32,-36,31,-34,30,-33,28,-32,27,-31,25,-31,22,-29,20,-28,19,-27,17,-26,16,-27,14,-26,13,-26,13,-24,13,-22,13,-20,12,-18,12,-16,12,-14,11,-13,11,-11,10,-9,9,-8,8,-6,8,-5,7,-4,7,-1,7,0,1,0,0,0,-1,-1,-1,1,-1,0,1,-3,4,-7,29,-35,31,-34,33,-34,36,-33,40,-33,42,-32,43,-31,45,-30,47,-30,48,-28,48,-28,48,-28,49,-29,49,-29,49,-28,48,-29,47,-29,47,-29,45,-29,43,-30,42,-31,41,-32,39,-33,38,-34,36,-34,35,-35,35,-36,35,-37]"
CSI_DATA,97,5c:01:3b:6b:b0:95,-43,11,1,4,0,1,1,1,0,0,0,-97,1,11,0,10860188,0,86,1,256,1,"[86,-32,4,0,1,13,1,13,1,12,1,11,2,11,2,10,2,9,2,9,2,9,2,8,2,7,2,7,2,7,1,6,1,6,1,6,1,6,0,5,0,5,0,4,0,4,0,3,-1,2,-1,2,-1,2,-1,0,0,0,0,0,0,0,0,0,0,0,0,0,0,0,0,0,0,0,0,3,2,12,1,13,1,14,0,14,-1,14,-1,15,-1,15,-2,15,-2,16,-2,16,-2,16,-3,16,-3,15,-2,15,-2,15,-2,15,-2,15,-2,14,-1,14,0,14,0,14,0,14,1,13,1,14,1,14,1,14,-2,7,-4,24,-4,24,-4,23,-4,22,-3,21,-2,20,-2,19,-1,18,-1,17,0,16,0,16,1,15,1,14,0,14,0,13,0,12,-1,11,-1,10,-1,10,-1,9,-2,8,-2,7,-2,6,-2,5,-2,4,-2,4,-3,2,-4,1,-1,0,-1,-1,-1,-1,0,-1,0,-1,-1,1,-1,4,-4,24,-5,24,-2,24,-4,25,-6,25,-7,26,-7,26,-8,26,-10,27,-10,27,-11,27,-11,27,-11,27,-11,28,-12,27,-12,27,-12,26,-12,26,-11,25,-10,25,-9,25,-8,26,-7,25,-6,26,-5,25,-5,25,-4,26,-4,26]"
CSI_DATA,98,5c:01:3b:6b:b0:95,-47,11,1,4,0,1,1,1,0,0,0,-97,1,11,0,10875147,0,86,1,256,1,"[86,-32,4,0,2,-23,2,-22,2,-21,1,-19,1,-19,0,-18,0,-17,-1,-17,-1,-16,-1,-15,-2,-14,-2,-13,-2,-13,-1,-13,-1,-12,-1,-12,0,-11,1,-10,1,-9,1,-8,1,-7,1,-6,1,-5,2,-5,2,-4,0,-1,0,0,0,0,0,0,0,0,0,0,0,0,0,0,0,0,0,0,0,-6,3,-23,4,-23,6,-24,7,-24,7,-24,8,-25,9,-25,10,-25,11,-25,11,-26,11,-26,11,-26,11,-25,10,-25,10,-24,10,-25,9,-24,8,-24,7,-24,6,-24,5,-24,5,-24,4,-24,3,-24,3,-25,4,-25,5,-13,16,-40,16,-38,15,-37,14,-35,13,-34,11,-34,10,-32,9,-30,7,-29,6,-28,5,-27,4,-26,4,-25,4,-24,5,-23,5,-21,5,-20,5,-18,6,-17,6,-15,6,-14,6,-12,6,-10,5,-8,5,-7,5,-5,6,-2,7,-1,1,-1,0,0,-1,-1,-1,1,-1,0,0,-3,2,-7,16,-38,19,-37,16,-40,19,-39,22,-40,24,-40,25,-40,27,-39,29,-39,30,-39,31,-39,31,-39,31,-40,31,-41,30,-40,30,-40,30,-39,30,-39,28,-38,26,-38,25,-39,23,-40,22,-40,20,-41,19,-41,17,-41,16,-42,16,-43]"
CSI_DATA,99,5c:01:3b:6b:b0:95,-47,11,1,4,0,1,1,1,0,0,0,-97,1,11,0,10895092,0,86,1,256,1,"[86,-32,4,0,-12,19,-11,18,-10,17,-10,16,-9,16,-9,15,-8,14,-7,14,-6,14,-6,13,-5,12,-5,11,-5,11,-5,11,-5,10,-5,10,-5,9,-5,8,-5,7,-5,6,-5,4,-5,3,-4,3,-4,2,-4,2,-1,0,0,0,0,0,0,0,0,0,0,0,0,0,0,0,0,0,0,0,-3,4,-11,19,-12,19,-14,19,-15,20,-16,19,-17,20,-18,20,-18,19,-19,19,-19,19,-20,19,-20,20,-19,19,-19,18,-19,18,-19,18,-18,18,-17,18,-16,19,-15,19,-15,19,-14,19,-13,19,-13,20,-13,20,-13,21,-10,9,-29,31,-29,29,-27,28,-26,27,-25,26,-23,26,-21,24,-19,23,-18,22,-17,22,-16,22,-14,21,-14,21,-13,20,-13,18,-13,17,-13,15,-12,13,-12,11,-12,10,-11,8,-11,6,-10,5,-9,4,-9,3,-8,1,-8,-1,-7,-2,-2,-1,-1,-1,-1,-1,0,-2,0,-1,-2,1,-5,5,-28,29,-31,28,-29,31,-31,30,-34,30,-36,29,-38,28,-39,27,-41,27,-42,26,-43,26,-43,25,-44,26,-44,27,-43,26,-43,26,-43,25,-42,25,-40,25,-39,26,-37,27,-36,28,-35,29,-34,30,-33,31,-32,31,-31,32,-32,33]"
CSI_DATA,100,5c:01:3b:6b:b0:95,-43,11,1,4,0,1,1,1,0,0,0,-97,1,11,0,10916674,0,86,1,256,1,"[86,-32,4,0,-12,-4,-12,-4,-11,-4,-11,-3,-10,-3,-10,-3,-9,-2,-9,-2,-8,-1,-8,-1,-8,-1,-8,-1,-7,-1,-7,-1,-7,-1,-6,-1,-6,-1,-5,-1,-5,-2,-4,-2,-4,-2,-4,-2,-3,-2,-2,-2,-2,-2,-1,-1,0,0,0,0,0,0,0,0,0,0,0,0,0,0,0,0,0,0,-3,-1,-12,-3,-12,-4,-13,-4,-13,-5,-13,-5,-13,-6,-13,-6,-13,-7,-13,-7,-13,-7,-13,-8,-13,-8,-13,-8,-13,-8,-13,-7,-13,-7,-13,-7,-12,-6,-12,-6,-12,-6,-12,-6,-13,-5,-13,-5,-13,-4,-13,-4,-13,-4,-12,-8,-39,-21,-39,-22,-37,-21,-36,-20,-35,-18,-34,-16,-32,-15,-31,-14,-30,-12,-29,-11,-29,-10,-28,-9,-27,-8,-26,-8,-24,-8,-23,-8,-21,-7,-19,-7,-18,-8,-15,-8,-13,-8,-12,-8,-11,-8,-9,-7,-8,-6,-7,-6,-5,-5,-4,-4,-1,-1,-1,-1,-1,-1,1,0,0,0,-3,-1,-8,-4,-40,-19,-39,-21,-41,-20,-41,-23,-41,-26,-42,-28,-42,-30,-41,-32,-41,-34,-40,-35,-40,-37,-40,-37,-41,-37,-41,-37,-40,-37,-39,-37,-39,-36,-39,-35,-39,-33,-39,-32,-38,-31,-39,-30,-39,-29,-40,-27,-41,-26,-42,-24,-42,-23,-43,-23]"
CSI_DATA,101,5c:01:3b:6b:b0:95,-42,11,1,4,0,1,1,1,0,0,0,-97,1,11,0,10935185,0,86,1,256,1,"[86,-32,4,0,13,1,12,1,11,1,11,0,10,0,10,0,10,0,9,-1,8,-1,8,-1,8,-1,7,-1,7,-1,7,-1,7,-1,6,0,5,0,5,-1,4,0,4,0,3,0,3,0,3,0,2,0,2,0,0,0,0,0,0,0,0,0,0,0,0,0,0,0,0,0,0,0,0,0,3,-1,13,-1,13,0,13,1,14,2,14,2,14,2,14,3,15,3,15,4,15,4,15,4,15,4,15,4,14,4,14,4,14,4,14,4,14,3,14,3,14,3,14,2,14,2,13,2,14,2,14,1,14,1,14,5,46,16,45,16,43,15,41,14,39,13,39,11,37,10,35,8,33,6,31,5,30,3,29,2,28,3,27,3,25,4,25,4,23,4,21,4,19,4,17,4,15,5,13,5,11,5,9,4,7,4,6,4,5,6,4,5,0,0,0,0,-1,-1,-2,-1,-1,-1,2,0,8,1,46,13,46,16,48,11,48,14,48,18,49,21,49,23,49,24,49,26,49,29,49,30,49,31,51,31,51,30,50,30,48,30,47,30,46,30,45,28,45,26,46,24,47,23,47,21,48,20,48,19,48,18,49,17,50,17]"
CSI_DATA,102,5c:01:3b:6b:b0:95,-47,11,1,4,0,1,1,1,0,0,0,-97,1,11,0,10959563,0,86,1,256,1,"[86,-32,4,0,10,-24,9,-23,9,-22,8,-21,7,-20,6,-19,5,-19,5,-18,5,-18,4,-17,3,-16,3,-16,3,-15,4,-15,4,-14,4,-13,4,-12,4,-11,4,-10,4,-9,4,-8,4,-6,4,-5,4,-5,4,-4,1,-1,0,0,0,0,0,0,0,0,0,0,0,0,0,0,0,0,0,0,2,-6,9,-24,11,-24,12,-25,13,-25,14,-25,15,-25,16,-25,17,-25,18,-25,18,-25,19,-25,19,-25,19,-25,18,-24,18,-24,18,-24,17,-24,15,-24,14,-24,13,-25,13,-25,12,-25,12,-25,11,-25,12,-26,12,-26,9,-13,28,-41,27,-40,26,-38,24,-37,23,-36,21,-36,19,-34,17,-32,15,-31,14,-31,13,-30,12,-29,12,-28,11,-27,12,-25,11,-23,11,-21,11,-19,11,-18,11,-16,11,-14,10,-12,10,-10,9,-8,9,-7,9,-5,9,-1,9,0,1,-1,0,-1,-1,0,-1,1,-1,0,1,-3,4,-8,24,-40,27,-39,26,-41,29,-41,32,-41,35,-40,36,-40,38,-39,40,-39,41,-39,42,-38,42,-38,43,-39,44,-39,43,-38,43,-38,42,-38,41,-37,40,-37,38,-38,36,-39,35,-40,33,-41,32,-42,31,-42,30,-42,29,-44,29,-45]"
CSI_DATA,103,5c:01:3b:6b:b0:95,-49,11,1,5,0,1,1,1,0,0,0,-97,1,11,0,10975210,0,86,1,256,1,"[86,-32,4,0,6,-24,6,-23,6,-22,5,-20,4,-20,4,-19,3,-18,3,-17,2,-17,2,-16,1,-15,1,-15,1,-14,2,-14,2,-13,2,-12,2,-12,2,-11,3,-9,3,-8,3,-7,3,-5,3,-5,3,-5,3,-4,0,-1,0,0,0,0,0,0,0,0,0,0,0,0,0,0,0,0,0,0,1,-6,5,-24,6,-24,7,-25,8,-25,9,-26,11,-26,12,-26,13,-26,13,-26,14,-26,14,-26,14,-26,14,-26,14,-25,13,-25,13,-25,12,-25,11,-25,10,-25,9,-25,9,-25,8,-25,8,-24,8,-25,8,-26,8,-26,0,-14,3,-45,3,-45,3,-43,3,-41,2,-39,1,-38,1,-36,0,-34,-1,-32,-1,-31,-2,-30,-3,-29,-3,-28,-2,-27,-2,-25,-1,-23,0,-22,1,-20,2,-18,2,-16,3,-15,3,-13,4,-11,4,-10,4,-9,5,-7,4,-6,5,-5,0,-1,0,-1,-1,-1,0,1,0,0,-1,-3,-3,-8,-13,-42,-11,-43,1,-46,3,-47,6,-48,8,-49,10,-50,12,-51,14,-52,16,-52,16,-51,17,-50,18,-51,18,-52,18,-51,18,-51,17,-51,16,-50,15,-49,13,-49,12,-49,10,-49,9,-49,8,-49,6,-48,6,-48,5,-49,5,-49]"
CSI_DATA,104,5c:01:3b:6b:b0:95,-44,11,1,5,0,1,1,1,0,0,0,-97,1,11,0,10995105,0,86,1,256,1,"[86,-32,4,0,0,11,0,11,0,10,0,10,1,9,1,9,1,8,1,8,1,8,1,7,1,6,1,6,1,6,1,6,1,5,1,5,0,5,0,4,0,4,0,3,0,2,0,2,-1,2,-1,2,-1,1,-1,0,0,0,0,0,0,0,0,0,0,0,0,0,0,0,0,0,0,0,0,3,1,12,0,12,0,13,-1,13,-2,13,-2,14,-2,14,-2,14,-3,14,-3,14,-4,15,-4,14,-4,14,-4,13,-4,13,-3,13,-3,13,-2,13,-2,13,-1,13,-1,13,-1,13,-1,13,-1,13,0,13,0,13,-2,14,-4,47,-4,46,-3,44,-3,41,-2,39,-1,37,1,35,1,32,2,31,3,29,3,28,4,26,4,25,3,25,3,23,2,21,2,19,1,18,0,16,-1,15,-1,13,-2,11,-2,10,-2,9,-3,7,-3,5,-3,3,-3,1,-1,0,-1,-1,-1,-1,-1,-2,-1,-1,0,2,1,7,6,45,4,46,1,47,-2,48,-5,49,-8,50,-10,50,-12,52,-14,53,-15,54,-16,53,-17,53,-17,54,-18,54,-18,53,-18,53,-17,52,-15,52,-14,50,-13,48,-12,47,-10,48,-9,49,-8,50,-6,50,-5,51,-4,50,-4,49]"
CSI_DATA,105,5c:01:3b:6b:b0:95,-48,11,1,5,0,1,1,1,0,0,0,-97,1,11,0,11015177,0,86,1,256,1,"[86,-32,4,0,-15,-21,-15,-20,-14,-19,-14,-17,-14,-17,-13,-16,-13,-15,-12,-14,-12,-13,-12,-12,-12,-11,-12,-11,-11,-11,-10,-10,-9,-10,-9,-10,-8,-10,-6,-9,-5,-9,-4,-8,-4,-8,-4,-7,-3,-7,-2,-6,-1,-6,-1,-2,0,0,0,0,0,0,0,0,0,0,0,0,0,0,0,0,0,0,-4,-5,-15,-20,-15,-21,-14,-22,-14,-24,-14,-25,-13,-26,-12,-26,-12,-27,-11,-27,-11,-28,-11,-29,-11,-29,-11,-28,-11,-27,-11,-27,-12,-26,-12,-26,-12,-25,-13,-25,-13,-24,-14,-24,-14,-23,-15,-23,-16,-23,-16,-23,-15,-22,-9,-13,-27,-41,-26,-40,-25,-39,-24,-37,-23,-35,-23,-33,-23,-31,-22,-29,-22,-27,-22,-25,-22,-24,-21,-23,-21,-22,-20,-22,-18,-21,-17,-20,-15,-19,-13,-18,-11,-17,-10,-16,-8,-16,-6,-15,-5,-14,-4,-13,-2,-12,-1,-10,2,-9,3,-8,0,-2,0,-1,-1,0,0,1,0,0,-2,-2,-6,-6,-30,-35,-28,-37,-27,-39,-25,-42,-24,-44,-22,-47,-22,-49,-21,-50,-20,-52,-19,-52,-18,-53,-18,-53,-18,-54,-18,-55,-17,-54,-17,-54,-17,-53,-18,-52,-19,-50,-20,-49,-21,-48,-22,-47,-23,-46,-24,-46,-25,-45,-27,-44,-27,-44,-27,-44]"
CSI_DATA,106,5c:01:3b:6b:b0:95,-47,11,1,3,0,1,1,1,0,0,0,-97,1,11,0,11043463,0,86,1,256,1,"[86,-32,4,0,-23,6,-22,5,-21,6,-20,5,-19,5,-18,5,-16,6,-15,6,-14,6,-14,6,-14,5,-13,5,-13,5,-12,5,-12,5,-11,4,-10,4,-10,3,-9,2,-8,2,-8,0,-7,0,-6,-1,-6,-1,-5,-1,-2,-1,0,0,0,0,0,0,0,0,0,0,0,0,0,0,0,0,0,0,-6,1,-22,5,-23,4,-24,3,-25,3,-26,2,-27,2,-27,1,-27,1,-28,0,-28,0,-28,0,-29,-1,-28,-1,-27,-1,-27,0,-27,0,-27,1,-26,2,-26,2,-25,3,-25,4,-25,4,-24,5,-25,5,-25,5,-25,6,-13,-3,-41,-4,-40,-5,-38,-5,-36,-4,-34,-4,-33,-3,-31,-2,-30,-1,-29,-1,-28,0,-27,1,-26,1,-25,1,-24,1,-23,1,-22,0,-20,-1,-19,-1,-18,-2,-16,-3,-15,-3,-13,-4,-11,-5,-10,-5,-8,-5,-7,-5,-4,-8,-3,-7,-1,-2,-1,-1,0,0,1,0,0,0,-3,-1,-8,-3,-40,-14,-40,-16,-41,-5,-41,-8,-41,-10,-42,-12,-43,-14,-43,-15,-43,-16,-44,-17,-44,-19,-44,-19,-45,-19,-45,-19,-45,-19,-44,-19,-44,-18,-44,-18,-43,-16,-42,-15,-41,-13,-41,-12,-42,-11,-42,-9,-42,-8,-43,-7,-43,-6,-43,-6]"
CSI_DATA,107,5c:01:3b:6b:b0:95,-48,11,1,5,0,1,1,1,0,0,0,-97,1,11,0,11055145,0,86,1,256,1,"[86,-32,4,0,19,16,18,15,17,13,17,13,17,12,16,11,15,10,14,9,13,8,13,7,13,7,13,7,12,7,11,6,11,6,10,6,9,6,8,6,6,6,6,5,5,5,4,5,3,5,2,4,1,4,0,1,0,0,0,0,0,0,0,0,0,0,0,0,0,0,0,0,0,0,4,3,18,15,18,17,18,18,18,19,18,20,17,21,17,22,17,22,16,23,16,24,16,24,16,24,16,24,16,24,16,23,16,22,17,21,17,20,18,20,19,19,19,19,19,18,19,17,19,17,20,17,20,17,8,11,28,36,27,36,26,35,25,32,24,30,23,29,23,27,22,25,22,22,22,21,22,20,21,19,20,18,19,18,18,16,17,16,15,15,13,14,12,13,10,13,8,13,7,12,5,11,4,10,2,9,1,8,-2,7,-3,7,-1,1,-1,0,-1,-1,-1,-2,-1,-1,1,1,4,6,25,37,23,38,27,36,25,38,24,41,23,43,22,45,21,47,20,48,19,49,19,50,19,50,20,51,20,51,19,51,19,50,19,49,20,48,20,46,21,44,22,44,23,43,24,42,26,42,27,41,28,40,29,40,29,39]"
CSI_DATA,108,5c:01:3b:6b:b0:95,-47,11,1,4,0,1,1,1,0,0,0,-97,1,11,0,11076915,0,86,1,256,1,"[86,-32,4,0,-8,-25,-7,-24,-7,-22,-7,-20,-7,-19,-7,-18,-7,-17,-7,-16,-7,-16,-7,-15,-7,-14,-7,-14,-6,-13,-6,-12,-5,-12,-5,-11,-4,-11,-3,-10,-2,-9,-1,-8,-1,-7,-1,-7,0,-6,1,-5,1,-5,0,-1,0,0,0,0,0,0,0,0,0,0,0,0,0,0,0,0,0,0,-2,-6,-8,-24,-7,-25,-6,-26,-5,-27,-4,-28,-4,-28,-3,-29,-2,-29,-2,-30,-1,-31,-1,-31,-1,-31,-1,-31,-1,-30,-1,-29,-2,-29,-3,-28,-3,-27,-4,-27,-5,-27,-6,-27,-6,-27,-7,-27,-7,-27,-8,-26,-7,-26,1,-15,0,-47,0,-46,1,-45,0,-42,0,-40,-1,-39,-2,-37,-3,-35,-4,-33,-5,-32,-5,-31,-6,-29,-6,-29,-5,-28,-4,-26,-3,-24,-3,-23,-2,-21,0,-19,1,-17,2,-16,2,-14,3,-13,3,-11,4,-10,4,-8,7,-5,7,-4,1,-1,0,-1,-1,0,-1,1,-1,0,-1,-3,0,-9,2,-47,5,-47,-1,-48,2,-49,5,-50,7,-51,9,-51,10,-51,12,-52,13,-53,14,-53,14,-53,14,-55,14,-55,14,-54,14,-54,14,-53,14,-52,12,-50,11,-49,9,-49,7,-50,6,-50,5,-51,3,-50,1,-51,0,-51,-1,-51]"
CSI_DATA,109,5c:01:3b:6b:b0:95,-44,11,1,5,0,1,1,1,0,0,0,-97,1,11,0,11095215,0,86,1,256,1,"[86,-32,4,0,11,-1,11,0,10,-1,10,-1,10,-2,9,-2,9,-2,8,-2,7,-2,7,-2,6,-2,6,-2,6,-2,6,-2,6,-2,5,-2,5,-2,4,-2,4,-1,3,-1,3,-1,2,-1,2,-1,1,-1,1,0,0,0,0,0,0,0,0,0,0,0,0,0,0,0,0,0,0,0,0,0,3,-1,12,-1,12,-1,13,0,13,1,13,1,14,1,14,2,14,2,14,2,14,3,14,3,14,4,14,3,14,3,14,3,14,3,13,2,13,2,13,1,13,1,13,0,13,0,13,0,13,0,13,0,13,0,14,-1,47,-2,46,-2,44,-2,42,-2,40,-3,38,-4,36,-5,34,-6,32,-7,31,-7,29,-8,27,-9,26,-8,25,-8,24,-8,23,-6,21,-5,19,-5,18,-5,16,-4,14,-3,12,-2,10,-1,9,-1,7,0,6,0,7,0,6,1,1,0,0,-1,-1,-1,-2,0,-1,0,2,-2,7,-3,44,-15,45,-12,47,-5,48,-3,49,0,51,1,52,3,54,6,55,8,55,9,55,11,55,12,55,12,55,12,55,12,54,11,54,10,53,9,53,7,51,6,51,5,50,4,51,3,51,2,50,1,51,-1,50,-2,50,-2]"
CSI_DATA,110,5c:01:3b:6b:b0:95,-48,11,1,5,0,1,1,1,0,0,0,-97,1,11,0,11117182,0,86,1,256,1,"[86,-32,4,0,15,19,15,18,14,16,14,15,14,14,14,13,13,12,12,11,12,10,12,10,12,9,11,9,11,9,10,8,9,8,9,8,7,8,6,7,5,7,4,7,4,6,3,6,2,5,1,5,0,4,0,1,0,0,0,0,0,0,0,0,0,0,0,0,0,0,0,0,0,0,3,4,14,19,14,20,14,21,14,22,13,23,13,24,13,25,12,25,11,26,11,26,11,27,11,27,11,27,11,26,11,25,12,25,12,24,12,23,13,23,14,23,15,22,15,21,15,21,16,21,16,21,16,21,6,12,24,40,23,39,22,38,21,36,20,34,20,32,19,30,19,27,19,25,19,23,19,22,19,21,18,20,17,20,16,19,15,18,13,17,12,16,10,15,8,15,6,14,5,13,4,12,2,11,1,10,-1,8,-3,7,-5,6,-1,1,-1,0,-1,-1,-1,-2,-1,-1,1,1,4,6,24,38,22,39,23,39,21,41,20,43,19,46,18,48,16,49,15,51,15,52,14,52,14,53,14,54,14,54,14,53,13,52,14,52,15,51,16,49,16,48,17,47,18,46,19,45,21,45,22,44,24,43,25,43,25,43]"
CSI_DATA,111,5c:01:3b:6b:b0:95,-47,11,1,4,0,1,1,1,0,0,0,-97,1,11,0,11137404,0,86,1,256,1,"[86,-32,4,0,24,10,23,9,22,8,21,7,20,7,19,6,18,5,17,4,16,3,16,3,16,3,15,3,14,3,14,2,13,3,12,3,11,3,9,3,8,3,7,3,7,4,6,4,5,4,3,3,3,3,0,1,0,0,0,0,0,0,0,0,0,0,0,0,0,0,0,0,0,0,5,1,24,8,24,9,24,11,25,12,25,13,25,14,24,15,24,16,24,17,25,17,25,17,25,18,25,18,24,18,24,17,24,16,24,15,23,14,24,14,24,13,25,13,25,12,25,11,25,11,26,10,26,10,10,10,35,31,34,30,33,29,31,27,30,25,29,23,28,22,27,20,27,18,26,16,26,15,25,14,24,13,23,13,21,13,20,13,18,13,16,12,14,12,12,11,10,11,9,11,7,10,5,9,4,9,2,8,-1,8,-2,7,-1,1,-1,0,-1,-1,-2,-2,-1,-1,1,1,5,5,32,34,30,36,36,29,34,32,34,35,33,37,33,38,32,40,31,42,30,44,30,45,30,45,31,46,31,46,31,45,30,45,30,44,30,43,30,42,30,40,31,38,33,37,33,36,34,35,35,34,36,33,37,33,38,33]"
CSI_DATA,112,5c:01:3b:6b:b0:95,-47,11,1,4,0,1,1,1,0,0,0,-97,1,11,0,11157264,0,86,1,256,1,"[86,-32,4,0,21,9,20,9,19,7,18,7,18,7,17,6,16,5,15,4,14,3,14,3,14,3,13,3,13,3,12,3,11,3,10,3,9,3,8,3,7,3,6,3,6,4,5,4,4,4,3,3,2,3,0,0,0,0,0,0,0,0,0,0,0,0,0,0,0,0,0,0,0,0,5,1,21,8,21,9,21,10,22,11,22,12,22,13,22,14,22,15,22,16,22,16,22,16,22,17,22,17,21,16,21,16,21,15,21,14,20,13,21,13,21,12,22,12,22,11,22,10,22,10,23,10,23,10,9,8,32,26,31,26,30,25,29,24,28,22,27,21,26,19,25,18,24,16,24,14,23,13,23,12,22,12,21,12,19,12,18,12,17,11,15,11,13,10,11,10,9,10,8,10,6,9,5,9,3,8,2,8,-1,8,-2,7,-1,1,-1,0,-1,-1,-2,-1,-1,-1,1,1,5,4,32,27,30,29,34,25,33,27,32,30,32,32,31,34,31,36,30,37,30,39,29,40,29,40,30,41,30,40,30,40,29,40,28,39,28,38,28,37,28,36,29,34,30,33,31,32,32,31,33,30,34,29,35,29,35,29]"
CSI_DATA,113,5c:01:3b:6b:b0:95,-44,11,1,5,0,1,1,1,0,0,0,-97,1,11,0,11177592,0,86,1,256,1,"[86,-32,4,0,12,-3,12,-3,11,-3,10,-3,10,-3,9,-3,9,-3,8,-3,8,-4,7,-4,7,-3,6,-3,6,-4,6,-3,5,-3,5,-3,5,-3,4,-2,4,-2,4,-1,3,-1,3,-1,2,-1,2,-1,2,0,0,0,0,0,0,0,0,0,0,0,0,0,0,0,0,0,0,0,0,0,3,-1,12,-4,12,-4,13,-3,13,-3,13,-2,14,-2,14,-2,14,-1,15,0,15,0,15,0,15,0,15,0,15,1,14,1,14,0,14,-1,13,-1,13,-1,13,-1,13,-2,13,-2,13,-2,13,-2,14,-3,14,-3,15,-3,48,-8,47,-8,45,-8,43,-8,40,-8,38,-8,37,-8,35,-9,32,-10,31,-11,29,-12,28,-12,26,-12,25,-11,25,-9,23,-8,21,-7,20,-6,18,-5,17,-5,15,-4,13,-3,12,-2,10,-1,8,0,7,0,7,2,5,2,0,0,0,0,-1,-1,-2,0,-1,0,2,-2,7,-4,42,-17,44,-14,46,-13,48,-10,50,-8,52,-6,53,-4,55,-2,56,0,56,2,56,3,57,4,57,4,57,3,57,3,56,4,56,4,55,3,53,2,52,1,51,1,50,-1,51,-3,51,-5,51,-6,51,-7,51,-8,51,-8]"
CSI_DATA,114,5c:01:3b:6b:b0:95,-47,11,1,4,0,1,1,1,0,0,0,-97,1,11,0,11196835,0,86,1,256,1,"[86,-32,4,0,-14,22,-13,21,-12,20,-11,19,-10,18,-9,17,-8,17,-8,17,-7,16,-7,16,-6,14,-5,14,-6,14,-6,13,-6,13,-6,12,-6,11,-6,10,-6,8,-6,7,-6,6,-6,4,-6,4,-6,3,-5,3,-2,0,0,0,0,0,0,0,0,0,0,0,0,0,0,0,0,0,0,0,-4,5,-13,22,-14,22,-16,22,-17,22,-18,22,-19,22,-20,22,-21,22,-21,22,-22,22,-23,22,-23,22,-22,21,-22,21,-21,21,-21,21,-20,21,-19,21,-18,22,-17,22,-16,22,-16,23,-16,23,-15,23,-15,23,-16,24,-12,10,-34,35,-34,34,-32,33,-31,31,-29,31,-27,30,-25,29,-23,27,-21,26,-20,26,-18,26,-17,25,-16,25,-16,23,-16,22,-16,20,-15,18,-15,16,-15,14,-14,12,-14,11,-13,9,-12,7,-11,6,-11,4,-10,3,-10,-1,-9,-1,-2,-1,-1,-1,0,-1,0,-2,0,-1,-2,2,-6,6,-32,34,-34,32,-33,36,-36,34,-39,33,-41,32,-43,32,-44,31,-47,30,-48,29,-49,29,-49,29,-50,30,-50,31,-49,30,-49,30,-48,29,-48,29,-46,29,-44,29,-42,31,-41,32,-40,33,-39,35,-38,36,-37,37,-36,38,-37,39]"
CSI_DATA,115,5c:01:3b:6b:b0:95,-49,11,1,5,0,1,1,1,0,0,0,-97,1,11,0,11215186,0,86,1,256,1,"[86,-32,4,0,23,-2,22,-2,21,-2,20,-2,19,-3,18,-3,17,-3,15,-4,14,-4,14,-4,14,-4,13,-4,12,-4,11,-4,11,-3,11,-3,10,-2,8,-2,7,-1,7,-1,6,0,5,1,5,1,4,1,3,1,0,0,0,0,0,0,0,0,0,0,0,0,0,0,0,0,0,0,0,0,6,-1,24,-2,24,-1,25,0,26,1,26,2,27,3,27,3,27,4,27,5,28,6,28,6,28,6,27,7,27,6,27,5,27,5,26,4,25,3,25,2,25,2,25,1,25,0,25,0,25,0,26,-1,26,-1,14,-1,45,-1,44,0,42,-1,40,-1,38,-2,35,-3,33,-3,32,-4,30,-6,29,-6,28,-7,27,-7,26,-6,25,-6,24,-5,22,-4,21,-3,19,-2,18,-2,16,-1,13,0,12,1,10,2,9,2,7,3,6,3,5,5,3,5,0,0,-1,0,-1,-1,-2,0,-1,0,2,-1,7,-3,43,-11,44,-8,46,-3,47,0,48,3,49,6,50,7,51,9,52,11,53,12,53,13,53,13,54,12,54,12,53,12,53,12,51,13,51,13,50,11,49,9,48,8,48,6,48,4,48,2,48,1,48,-1,49,-2,49,-2]"
CSI_DATA,116,5c:01:3b:6b:b0:95,-47,11,1,4,0,1,1,1,0,0,0,-97,1,11,0,11240295,0,86,1,256,1,"[86,-32,4,0,-15,-20,-14,-19,-14,-18,-13,-16,-13,-16,-13,-15,-12,-14,-12,-13,-11,-12,-12,-12,-12,-11,-12,-10,-11,-10,-10,-10,-9,-10,-8,-9,-7,-9,-6,-9,-5,-8,-5,-8,-4,-7,-4,-7,-3,-6,-2,-6,-1,-6,-1,-2,0,0,0,0,0,0,0,0,0,0,0,0,0,0,0,0,0,0,-4,-5,-14,-19,-14,-20,-14,-21,-13,-23,-13,-23,-12,-24,-12,-25,-11,-26,-11,-26,-11,-27,-11,-27,-11,-27,-11,-27,-11,-26,-10,-26,-11,-25,-11,-24,-12,-24,-12,-23,-13,-23,-13,-23,-14,-22,-14,-21,-15,-21,-16,-21,-15,-21,-5,-14,-16,-41,-16,-41,-15,-39,-14,-37,-14,-35,-14,-34,-14,-32,-14,-30,-14,-28,-15,-27,-15,-25,-15,-24,-15,-23,-14,-23,-13,-22,-12,-21,-10,-20,-9,-18,-7,-17,-6,-16,-4,-16,-3,-14,-2,-13,-1,-12,0,-11,0,-10,4,-7,5,-6,1,-1,0,-1,-1,0,0,1,-1,0,-1,-3,-3,-8,-14,-41,-12,-42,-17,-41,-15,-43,-12,-45,-11,-46,-10,-47,-9,-48,-7,-49,-6,-50,-5,-51,-5,-51,-6,-52,-6,-52,-6,-52,-6,-51,-5,-51,-6,-50,-7,-48,-8,-47,-9,-47,-10,-46,-11,-46,-13,-45,-14,-44,-16,-44,-17,-44,-18,-45]"
CSI_DATA,117,5c:01:3b:6b:b0:95,-47,11,1,4,0,1,1,1,0,0,0,-97,1,11,0,11255272,0,86,1,256,1,"[86,-32,4,0,20,-9,19,-8,18,-8,17,-8,17,-8,15,-8,14,-8,13,-8,12,-8,11,-8,11,-7,11,-7,10,-7,9,-7,9,-6,9,-5,8,-5,8,-4,7,-4,6,-3,6,-2,5,-1,4,0,3,0,3,0,0,0,0,0,0,0,0,0,0,0,0,0,0,0,0,0,0,0,0,0,5,-3,20,-9,21,-9,22,-8,23,-8,24,-7,25,-7,25,-6,25,-6,26,-5,26,-4,27,-4,27,-3,26,-3,26,-3,25,-4,25,-4,24,-5,23,-6,24,-6,23,-7,23,-7,22,-8,22,-8,22,-8,23,-8,23,-9,12,-2,41,-8,40,-7,38,-7,36,-6,34,-7,32,-8,30,-8,28,-8,27,-9,26,-9,24,-9,23,-9,22,-9,21,-8,20,-8,20,-7,18,-5,17,-4,15,-4,14,-3,12,-2,11,0,9,1,8,1,7,2,6,2,4,4,3,4,0,0,0,0,-1,-1,-2,0,-1,0,2,-1,6,-2,40,-6,41,-4,41,-8,43,-6,44,-4,45,-3,46,-1,47,0,48,1,48,3,49,4,49,5,50,5,50,5,49,6,49,6,48,5,47,4,46,3,45,1,44,-1,44,-3,44,-4,44,-5,43,-5,43,-5,44,-6,44,-7]"
CSI_DATA,118,5c:01:3b:6b:b0:95,-47,11,1,3,0,1,1,1,0,0,0,-97,1,11,0,11278733,0,86,1,256,1,"[86,-32,4,0,-24,5,-23,5,-21,5,-20,5,-19,5,-18,5,-17,5,-16,6,-15,6,-15,6,-14,5,-13,5,-13,5,-13,5,-12,4,-12,4,-11,3,-10,3,-10,2,-9,1,-8,0,-8,-1,-7,-1,-6,-1,-5,-1,-2,-1,0,0,0,0,0,0,0,0,0,0,0,0,0,0,0,0,0,0,-6,1,-23,6,-23,5,-25,4,-26,3,-26,3,-27,2,-27,2,-28,1,-28,1,-28,0,-29,0,-29,0,-28,-1,-28,-1,-28,0,-28,0,-27,1,-26,2,-26,2,-26,3,-26,3,-25,4,-25,5,-25,5,-25,5,-25,6,-15,2,-45,8,-45,7,-43,7,-41,7,-39,7,-37,8,-34,8,-33,8,-31,9,-30,9,-29,10,-28,10,-27,9,-26,9,-25,8,-24,7,-23,5,-22,5,-21,3,-19,2,-17,1,-15,0,-14,-2,-12,-2,-11,-3,-10,-4,-8,-5,-7,-5,-1,-1,-1,-1,0,-1,1,-1,0,-1,-2,0,-8,2,-41,13,-42,10,-44,9,-46,7,-47,4,-49,2,-50,0,-51,-1,-52,-2,-53,-3,-53,-4,-53,-4,-54,-5,-54,-4,-54,-4,-53,-5,-53,-5,-52,-4,-51,-3,-50,-1,-49,0,-49,1,-48,3,-48,5,-47,6,-47,7,-48,7,-48,7]"
CSI_DATA,119,5c:01:3b:6b:b0:95,-47,11,1,3,0,1,1,1,0,0,0,-97,1,11,0,11297082,0,86,1,256,1,"[86,-32,4,0,19,-15,18,-14,17,-14,15,-13,15,-12,14,-12,13,-12,12,-12,11,-13,10,-12,10,-11,9,-11,9,-10,9,-10,9,-10,8,-9,8,-8,7,-7,7,-6,7,-5,6,-4,6,-3,5,-2,5,-2,5,-2,1,-1,0,0,0,0,0,0,0,0,0,0,0,0,0,0,0,0,0,0,4,-4,18,-15,19,-14,20,-14,21,-13,22,-13,23,-12,24,-12,25,-12,25,-11,26,-11,26,-11,26,-11,26,-11,25,-10,24,-10,24,-11,24,-12,23,-12,22,-12,22,-13,21,-13,21,-14,21,-14,20,-15,21,-15,21,-15,12,-6,39,-19,38,-18,37,-18,35,-17,33,-17,31,-17,29,-17,28,-17,27,-17,25,-17,24,-17,22,-17,22,-16,21,-15,20,-14,19,-13,19,-11,18,-10,17,-8,16,-7,15,-5,13,-4,12,-3,11,-2,9,-1,9,0,7,4,6,4,1,0,0,0,-1,-1,-2,0,-1,0,2,-2,6,-4,39,-18,40,-15,38,-20,40,-18,42,-16,44,-15,46,-14,47,-12,48,-11,49,-10,50,-9,50,-9,51,-10,51,-10,50,-9,50,-9,49,-9,48,-10,47,-11,46,-12,45,-12,44,-14,44,-15,43,-17,42,-18,42,-19,42,-19,43,-20]"
CSI_DATA,120,5c:01:3b:6b:b0:95,-47,11,1,4,0,1,1,1,0,0,0,-97,1,11,0,11315751,0,86,1,256,1,"[86,-32,4,0,-10,21,-9,21,-9,19,-8,19,-7,18,-6,17,-6,16,-5,16,-5,15,-4,15,-4,14,-3,13,-3,13,-4,13,-4,12,-4,11,-4,11,-4,10,-4,9,-5,8,-5,6,-4,5,-5,4,-5,4,-5,3,-2,0,0,0,0,0,0,0,0,0,0,0,0,0,0,0,0,0,0,0,-3,5,-10,21,-11,21,-12,21,-13,21,-14,21,-15,22,-16,22,-17,22,-17,22,-18,22,-19,22,-19,22,-18,21,-18,21,-17,21,-17,21,-16,21,-15,21,-14,21,-14,22,-13,22,-12,22,-12,22,-11,22,-11,23,-11,23,-7,12,-20,41,-20,40,-19,38,-18,37,-16,36,-15,35,-13,33,-12,31,-11,30,-10,29,-9,28,-8,27,-7,27,-7,25,-7,24,-8,22,-8,21,-8,19,-9,17,-9,16,-9,14,-9,12,-8,10,-8,9,-9,7,-9,6,-9,4,-9,3,-2,0,-1,0,0,-1,0,-2,0,-1,-1,2,-2,7,-11,41,-13,40,-19,40,-22,40,-25,40,-27,41,-29,41,-30,41,-32,40,-34,40,-35,39,-35,40,-36,40,-36,41,-36,40,-35,40,-35,39,-34,39,-32,39,-30,39,-29,40,-27,41,-26,42,-25,42,-23,42,-22,42,-22,43,-22,44]"
CSI_DATA,121,5c:01:3b:6b:b0:95,-43,11,1,4,0,1,1,1,0,0,0,-97,1,11,0,11335144,0,86,1,256,1,"[86,-32,4,0,12,-3,12,-3,11,-3,10,-3,10,-3,9,-3,9,-4,8,-4,7,-4,7,-4,7,-3,6,-3,6,-4,6,-3,5,-3,5,-3,4,-3,4,-3,4,-2,3,-2,3,-2,3,-1,2,-1,2,-1,1,-1,0,-1,0,0,0,0,0,0,0,0,0,0,0,0,0,0,0,0,0,0,3,-1,12,-3,13,-3,13,-2,14,-2,14,-2,14,-2,15,-1,15,-1,15,0,15,0,16,0,16,1,15,1,15,1,15,0,14,0,14,-1,14,-1,13,-1,13,-2,13,-2,13,-2,13,-2,13,-2,14,-3,14,-3,7,-1,24,-3,23,-3,22,-3,21,-3,20,-3,19,-3,18,-4,16,-4,16,-5,15,-5,14,-5,13,-5,12,-5,12,-5,11,-5,11,-4,10,-4,9,-4,8,-4,7,-3,7,-2,6,-2,5,-1,5,-1,4,-1,3,0,3,1,2,1,0,0,-1,-1,-1,-1,-1,0,-1,-1,1,-1,4,-1,24,-4,25,-2,25,-3,25,-2,26,0,26,1,27,1,27,2,27,3,28,4,28,5,28,5,29,6,29,6,28,6,28,6,27,5,27,4,27,4,26,3,26,2,26,0,26,0,26,-1,26,-1,26,-1,26,-2,27,-2]"
CSI_DATA,122,5c:01:3b:6b:b0:95,-43,11,1,4,0,1,1,1,0,0,0,-97,1,11,0,11355101,0,86,1,256,1,"[86,-32,4,0,-14,0,-14,1,-13,1,-12,1,-12,1,-11,1,-10,1,-10,1,-9,1,-9,1,-9,2,-8,2,-8,2,-8,1,-7,1,-7,1,-6,1,-6,1,-5,0,-5,0,-5,0,-4,-1,-4,0,-3,-1,-3,-1,-1,-1,0,0,0,0,0,0,0,0,0,0,0,0,0,0,0,0,0,0,-4,0,-14,1,-14,0,-15,-1,-15,-1,-15,-1,-16,-2,-16,-2,-16,-2,-16,-3,-16,-3,-16,-4,-16,-4,-16,-3,-16,-3,-16,-3,-16,-3,-16,-2,-15,-2,-15,-2,-15,-1,-15,-1,-15,-1,-14,0,-15,0,-15,0,-15,0,-16,-1,-51,0,-49,-1,-47,-1,-44,0,-42,0,-41,1,-38,1,-36,2,-34,3,-33,4,-32,4,-31,4,-30,5,-28,5,-26,5,-25,5,-23,4,-21,3,-19,2,-17,1,-16,0,-14,-1,-13,-2,-11,-2,-10,-2,-8,-2,-6,-1,-5,-1,-1,-1,-1,-1,-1,-1,1,-1,0,0,-3,0,-10,1,-50,5,-50,2,-51,0,-52,-4,-54,-7,-56,-8,-57,-10,-58,-11,-58,-13,-58,-15,-58,-16,-58,-18,-58,-19,-58,-20,-57,-19,-57,-19,-56,-17,-56,-16,-55,-14,-55,-13,-55,-11,-55,-9,-54,-8,-53,-6,-53,-5,-53,-5,-54,-4,-55,-4]"
CSI_DATA,123,5c:01:3b:6b:b0:95,-43,11,1,4,0,1,1,1,0,0,0,-97,1,11,0,11375114,0,86,1,256,1,"[86,-32,4,0,-6,-13,-6,-13,-5,-11,-5,-11,-5,-10,-5,-10,-5,-9,-5,-9,-5,-8,-5,-7,-5,-7,-5,-7,-5,-7,-4,-6,-4,-6,-4,-6,-4,-5,-3,-5,-2,-5,-2,-5,-2,-4,-1,-3,-1,-3,-1,-3,-1,-3,-1,-1,0,0,0,0,0,0,0,0,0,0,0,0,0,0,0,0,0,0,-2,-3,-6,-12,-6,-13,-6,-14,-5,-14,-5,-15,-4,-15,-4,-16,-3,-16,-3,-16,-3,-16,-3,-17,-3,-17,-3,-16,-3,-16,-3,-16,-3,-16,-3,-15,-4,-15,-4,-14,-4,-14,-5,-14,-5,-14,-5,-13,-6,-14,-6,-14,-6,-14,-2,-8,-7,-25,-7,-24,-7,-24,-6,-22,-6,-21,-7,-20,-7,-19,-6,-18,-7,-17,-7,-16,-7,-15,-7,-15,-7,-14,-7,-13,-7,-13,-6,-12,-6,-11,-5,-10,-4,-9,-3,-9,-3,-8,-2,-8,-2,-7,-1,-6,-1,-6,-1,-5,0,-4,1,-3,0,-1,0,-1,-1,-1,0,0,0,0,-1,-2,-2,-4,-8,-23,-7,-24,-8,-25,-7,-26,-6,-27,-5,-28,-5,-29,-4,-29,-2,-30,-1,-30,-1,-30,0,-30,0,-31,0,-31,0,-30,0,-30,0,-30,-1,-30,-1,-29,-2,-28,-3,-28,-3,-27,-4,-27,-5,-27,-6,-27,-6,-26,-6,-26,-6,-26]"
CSI_DATA,124,5c:01:3b:6b:b0:95,-43,11,1,4,0,1,1,1,0,0,0,-97,1,11,0,11395147,0,86,1,256,1,"[86,-32,4,0,-1,-12,-1,-12,-1,-11,-1,-10,-1,-10,-1,-9,-1,-9,-1,-8,-1,-8,-2,-8,-2,-7,-2,-7,-2,-7,-2,-7,-2,-7,-1,-6,-1,-6,-1,-5,-1,-5,-1,-4,0,-4,0,-3,0,-3,0,-3,0,-2,0,-1,0,0,0,0,0,0,0,0,0,0,0,0,0,0,0,0,0,0,-1,-3,-1,-12,0,-12,0,-13,1,-14,1,-14,2,-14,2,-14,2,-14,3,-14,3,-14,3,-14,3,-14,3,-14,3,-14,3,-13,3,-13,3,-13,2,-13,2,-13,1,-13,1,-13,1,-13,0,-13,0,-13,0,-13,0,-14,4,-14,12,-43,12,-42,12,-41,11,-39,10,-38,9,-37,7,-34,6,-32,5,-31,4,-30,3,-30,2,-29,1,-28,1,-27,2,-25,2,-23,3,-21,3,-20,3,-18,3,-17,3,-15,3,-14,3,-12,3,-11,4,-9,3,-8,6,-5,6,-4,1,-1,0,-1,-1,-1,-1,1,-1,0,0,-3,1,-8,12,-43,15,-42,10,-44,13,-44,16,-45,19,-45,20,-45,22,-45,24,-45,25,-45,26,-45,26,-44,26,-45,26,-46,26,-46,26,-45,26,-44,25,-44,24,-43,23,-42,21,-43,19,-44,17,-44,16,-45,15,-44,14,-45,13,-46,14,-47]"
CSI_DATA,125,5c:01:3b:6b:b0:95,-42,11,1,4,0,1,1,1,0,0,0,-97,1,11,0,11415094,0,86,1,256,1,"[86,-32,4,0,-12,2,-12,2,-11,2,-10,2,-10,2,-9,2,-9,2,-8,2,-8,3,-8,2,-7,2,-7,2,-7,2,-6,2,-6,2,-5,2,-5,1,-5,1,-4,1,-4,1,-4,0,-3,0,-3,0,-3,0,-3,0,-1,0,0,0,0,0,0,0,0,0,0,0,0,0,0,0,0,0,0,0,-3,0,-12,2,-12,2,-13,1,-13,1,-14,1,-14,0,-14,0,-14,0,-15,0,-15,-1,-15,-1,-15,-1,-15,-1,-14,-1,-14,-1,-14,-1,-14,0,-13,0,-13,0,-13,0,-13,1,-13,1,-13,2,-13,2,-13,2,-13,2,-14,-2,-43,-3,-43,-4,-42,-4,-40,-3,-38,-2,-36,-1,-34,0,-32,0,-30,2,-30,2,-29,3,-28,3,-27,3,-25,3,-24,3,-23,2,-21,1,-19,1,-17,1,-15,0,-14,-1,-13,-2,-11,-3,-10,-3,-8,-3,-7,-3,-5,-4,-4,-3,-1,-1,-1,-1,-1,-1,1,-1,0,0,-3,0,-9,0,-45,-1,-45,-4,-45,-1,-46,-4,-48,-6,-49,-8,-50,-10,-49,-12,-50,-13,-50,-15,-50,-16,-51,-16,-52,-16,-52,-15,-50,-15,-49,-16,-49,-16,-49,-16,-48,-15,-47,-13,-47,-12,-47,-9,-47,-8,-47,-6,-47,-5,-47,-4,-48,-3,-48,-2]"
CSI_DATA,126,5c:01:3b:6b:b0:95,-46,11,1,4,0,1,1,1,0,0,0,-97,1,11,0,11435205,0,86,1,256,1,"[86,-32,4,0,-23,10,-22,9,-21,9,-20,9,-19,8,-18,8,-17,8,-16,9,-15,9,-14,9,-13,8,-13,8,-13,8,-12,8,-12,7,-11,6,-11,6,-10,5,-10,4,-9,3,-9,2,-8,1,-7,1,-7,0,-6,0,-2,0,0,0,0,0,0,0,0,0,0,0,0,0,0,0,0,0,0,0,-6,2,-22,10,-23,9,-24,8,-25,7,-26,7,-27,6,-28,6,-28,5,-28,5,-29,4,-29,4,-30,4,-29,4,-28,4,-28,4,-28,5,-27,6,-26,6,-26,6,-26,7,-25,7,-25,8,-25,9,-25,9,-25,10,-25,10,-15,2,-46,9,-45,8,-43,7,-41,7,-39,8,-37,8,-35,8,-33,8,-32,9,-30,10,-29,10,-28,11,-27,10,-26,10,-25,9,-24,8,-23,6,-22,5,-21,4,-20,3,-18,1,-16,0,-15,-1,-13,-1,-12,-2,-11,-3,-9,-6,-8,-6,-2,-1,-1,-1,0,-1,1,-1,0,-1,-3,0,-8,1,-43,6,-44,4,-45,8,-46,5,-48,3,-49,1,-50,0,-51,-2,-52,-3,-53,-5,-53,-6,-53,-6,-55,-5,-55,-5,-54,-5,-54,-5,-53,-5,-52,-4,-51,-3,-50,-2,-49,0,-49,1,-49,3,-49,5,-48,6,-48,7,-49,8,-49,9]"
CSI_DATA,127,5c:01:3b:6b:b0:95,-47,11,1,4,0,1,1,1,0,0,0,-97,1,11,0,11455245,0,86,1,256,1,"[86,-32,4,0,-3,15,-3,14,-3,13,-2,13,-2,12,-2,12,-2,11,-1,11,-1,10,-1,10,-1,9,-1,9,-1,9,-1,8,-1,8,-2,8,-2,7,-2,6,-2,6,-3,5,-2,4,-2,4,-3,3,-3,3,-3,2,-1,0,0,0,0,0,0,0,0,0,0,0,0,0,0,0,0,0,0,0,-1,3,-2,15,-3,15,-4,15,-4,15,-5,16,-6,16,-6,16,-6,16,-7,16,-7,16,-8,16,-8,17,-8,16,-8,16,-7,16,-7,16,-7,15,-6,15,-5,15,-5,15,-4,16,-4,16,-4,15,-4,16,-4,16,-4,16,-3,8,-8,28,-8,27,-8,26,-7,24,-7,24,-6,23,-5,22,-4,20,-4,19,-3,18,-3,18,-3,17,-2,17,-3,16,-3,15,-3,14,-4,13,-4,12,-4,11,-4,9,-5,8,-5,7,-5,6,-5,5,-5,4,-5,4,-5,2,-5,2,-1,0,-1,-1,0,-1,-1,-1,0,-1,0,1,0,4,-1,26,-3,26,-6,27,-8,28,-10,28,-11,29,-12,29,-13,29,-14,29,-15,29,-16,29,-16,29,-16,29,-16,30,-16,29,-17,29,-16,29,-16,28,-15,28,-14,27,-13,28,-12,28,-11,28,-10,29,-9,28,-9,29,-8,29,-8,30]"
CSI_DATA,128,5c:01:3b:6b:b0:95,-46,11,1,4,0,1,1,1,0,0,0,-97,1,11,0,11477340,0,86,1,256,1,"[86,-32,4,0,-25,-6,-24,-6,-23,-5,-22,-5,-21,-5,-20,-4,-19,-3,-18,-2,-17,-2,-17,-2,-17,-2,-16,-2,-16,-1,-15,-1,-14,-1,-13,-2,-12,-2,-11,-2,-10,-3,-9,-3,-9,-4,-8,-4,-7,-4,-6,-4,-5,-4,-2,-1,0,0,0,0,0,0,0,0,0,0,0,0,0,0,0,0,0,0,-6,-2,-24,-5,-24,-7,-25,-8,-25,-9,-25,-10,-26,-11,-26,-12,-26,-12,-26,-13,-26,-14,-26,-14,-26,-14,-26,-14,-25,-14,-25,-13,-25,-13,-25,-12,-25,-11,-25,-11,-26,-10,-26,-9,-26,-9,-25,-8,-26,-7,-27,-7,-26,-7,-14,-6,-45,-16,-44,-16,-43,-15,-41,-14,-39,-13,-38,-12,-36,-11,-34,-10,-33,-8,-33,-7,-32,-5,-31,-5,-30,-5,-29,-5,-27,-5,-26,-5,-25,-6,-23,-6,-21,-6,-19,-7,-17,-8,-15,-8,-13,-8,-12,-8,-10,-8,-8,-8,-6,-9,-5,-9,-1,-2,-1,-1,0,0,1,0,0,0,-3,-1,-8,-2,-43,-10,-43,-13,-44,-15,-44,-18,-45,-21,-45,-23,-45,-25,-45,-26,-45,-28,-45,-30,-45,-31,-45,-32,-46,-32,-46,-31,-46,-31,-45,-31,-45,-30,-45,-30,-45,-28,-44,-26,-45,-25,-45,-24,-45,-23,-46,-21,-46,-20,-47,-18,-48,-18,-48,-18]"
CSI_DATA,129,5c:01:3b:6b:b0:95,-43,11,1,4,0,1,1,1,0,0,0,-97,1,11,0,11495146,0,86,1,256,1,"[86,-32,4,0,7,11,7,10,7,9,7,9,6,8,6,8,6,7,6,7,6,6,6,6,5,5,5,5,5,5,5,4,4,4,4,4,3,4,3,3,2,3,2,3,2,3,2,2,1,2,1,2,1,2,0,0,0,0,0,0,0,0,0,0,0,0,0,0,0,0,0,0,0,0,1,2,7,10,7,11,6,12,6,12,6,13,6,13,5,14,5,14,5,15,5,15,5,15,4,15,4,15,4,15,4,14,5,14,5,13,5,13,6,13,6,13,6,12,6,12,7,12,7,12,7,12,7,12,6,13,23,43,23,43,22,42,21,40,20,38,20,36,20,34,20,31,20,28,20,26,20,25,19,23,18,21,18,21,17,20,17,19,15,17,12,16,10,15,9,14,7,14,7,13,6,12,4,10,3,8,1,7,-2,8,-3,8,-1,1,-1,0,-1,-1,-1,-2,-1,-1,1,1,5,6,29,39,26,41,24,43,22,46,20,49,19,52,18,53,16,54,15,56,13,57,12,57,13,59,13,59,12,59,11,59,11,58,12,57,13,56,14,54,15,53,16,52,17,51,19,50,20,49,21,49,23,49,24,49,24,50]"
CSI_DATA,130,5c:01:3b:6b:b0:95,-46,11,1,3,0,1,1,1,0,0,0,-97,1,11,0,11516853,0,86,1,256,1,"[86,-32,4,0,-25,-5,-25,-5,-23,-4,-22,-3,-22,-3,-21,-2,-20,-2,-18,-1,-17,0,-17,0,-17,0,-16,0,-16,0,-15,0,-14,0,-14,-1,-13,-1,-12,-2,-10,-2,-10,-3,-9,-3,-8,-3,-7,-3,-6,-4,-5,-4,-2,-1,0,0,0,0,0,0,0,0,0,0,0,0,0,0,0,0,0,0,-6,-1,-24,-4,-24,-5,-25,-6,-26,-7,-26,-8,-26,-9,-27,-9,-27,-10,-27,-11,-27,-12,-28,-12,-27,-12,-27,-12,-26,-12,-26,-12,-26,-11,-26,-10,-26,-9,-26,-9,-26,-8,-26,-7,-26,-6,-26,-6,-27,-5,-27,-5,-27,-5,-14,-6,-43,-17,-42,-18,-41,-17,-39,-16,-37,-15,-36,-13,-34,-12,-34,-11,-32,-10,-32,-9,-31,-8,-30,-7,-29,-7,-28,-7,-26,-7,-25,-7,-24,-8,-22,-8,-21,-8,-19,-8,-16,-9,-14,-9,-13,-9,-11,-9,-9,-9,-8,-9,-4,-10,-2,-10,-1,-2,0,-1,0,0,1,0,0,0,-3,-1,-8,-3,-40,-18,-40,-21,-43,-16,-42,-18,-42,-21,-43,-24,-43,-25,-43,-27,-43,-29,-43,-30,-43,-31,-43,-32,-44,-32,-44,-32,-43,-32,-43,-32,-42,-32,-43,-31,-42,-29,-42,-28,-42,-27,-42,-25,-43,-23,-43,-22,-43,-20,-45,-20,-46,-19,-46,-19]"
CSI_DATA,131,5c:01:3b:6b:b0:95,-47,11,1,4,0,1,1,1,0,0,0,-97,1,11,0,11535145,0,86,1,256,1,"[86,-32,4,0,-21,-13,-21,-13,-19,-11,-19,-11,-18,-10,-18,-10,-17,-9,-16,-8,-15,-7,-15,-6,-15,-6,-15,-5,-14,-5,-13,-6,-12,-5,-11,-5,-10,-6,-9,-6,-8,-6,-7,-6,-7,-6,-6,-5,-5,-5,-4,-5,-3,-5,-1,-2,0,0,0,0,0,0,0,0,0,0,0,0,0,0,0,0,0,0,-5,-3,-20,-13,-20,-14,-20,-16,-21,-17,-20,-18,-20,-18,-20,-19,-20,-20,-19,-20,-20,-20,-20,-21,-20,-21,-20,-21,-20,-21,-20,-21,-20,-20,-20,-19,-19,-18,-20,-18,-21,-17,-21,-17,-21,-16,-21,-14,-22,-14,-23,-14,-23,-14,-9,-11,-28,-34,-27,-34,-26,-32,-24,-30,-24,-29,-24,-27,-24,-25,-23,-23,-22,-22,-22,-20,-22,-19,-21,-18,-21,-17,-20,-17,-18,-16,-17,-15,-16,-15,-14,-14,-12,-14,-11,-13,-9,-13,-8,-13,-6,-12,-5,-11,-4,-10,-2,-9,2,-8,4,-7,0,-2,0,-1,-1,0,0,1,0,0,-2,-2,-5,-7,-23,-38,-20,-39,-27,-34,-25,-36,-24,-39,-24,-41,-23,-42,-22,-43,-21,-44,-21,-46,-20,-47,-20,-47,-20,-47,-20,-47,-20,-47,-20,-47,-20,-46,-20,-45,-21,-44,-21,-42,-22,-41,-24,-40,-25,-40,-26,-39,-27,-37,-28,-37,-29,-37,-29,-36]"
CSI_DATA,132,5c:01:3b:6b:b0:95,-47,11,1,4,0,1,1,1,0,0,0,-97,1,11,0,11555350,0,86,1,256,1,"[86,-32,4,0,20,-12,19,-11,18,-11,17,-11,16,-11,15,-10,14,-10,13,-11,13,-11,12,-11,11,-10,10,-9,10,-9,9,-9,9,-9,9,-8,8,-7,8,-6,7,-6,7,-5,6,-3,6,-2,6,-2,5,-2,5,-1,1,-1,0,0,0,0,0,0,0,0,0,0,0,0,0,0,0,0,0,0,5,-3,20,-11,21,-10,22,-10,23,-9,24,-9,25,-8,25,-8,26,-8,26,-7,27,-6,28,-6,28,-6,27,-6,26,-6,26,-6,25,-7,25,-8,24,-8,24,-9,23,-9,23,-10,23,-11,22,-11,23,-11,23,-11,23,-12,12,-4,41,-14,41,-13,39,-13,37,-13,35,-14,34,-14,31,-14,29,-14,28,-14,27,-15,26,-15,25,-14,23,-14,22,-13,21,-12,20,-11,19,-10,18,-9,17,-7,16,-6,15,-5,14,-3,12,-2,11,-1,10,0,9,1,7,4,7,3,1,0,0,0,-1,-1,-2,0,-1,0,2,-1,7,-3,41,-12,42,-10,41,-13,43,-11,45,-9,47,-8,48,-6,49,-5,50,-4,51,-3,51,-1,52,-1,53,-1,53,-1,52,0,51,-1,50,-2,49,-3,48,-4,47,-5,47,-7,47,-9,46,-10,46,-12,46,-12,46,-13,46,-13,46,-14]"
CSI_DATA,133,5c:01:3b:6b:b0:95,-42,11,1,4,0,1,1,1,0,0,0,-97,1,11,0,11577528,0,86,1,256,1,"[86,-32,4,0,2,-13,2,-13,2,-12,1,-11,1,-11,1,-10,1,-10,1,-10,0,-9,0,-9,-1,-9,-1,-8,-1,-8,0,-8,0,-7,0,-7,0,-7,0,-6,1,-6,0,-5,0,-5,0,-4,1,-4,1,-3,1,-3,0,-1,0,0,0,0,0,0,0,0,0,0,0,0,0,0,0,0,0,0,0,-3,1,-12,2,-13,3,-13,3,-13,4,-14,4,-14,5,-14,5,-14,5,-14,6,-14,6,-14,6,-14,6,-14,6,-14,6,-13,5,-13,5,-13,5,-13,4,-13,4,-13,3,-13,3,-13,3,-13,3,-13,3,-14,3,-14,4,-15,13,-46,13,-45,13,-43,12,-42,11,-40,10,-40,9,-37,7,-35,6,-34,4,-33,3,-33,2,-32,1,-31,2,-29,2,-28,2,-26,3,-25,4,-23,5,-21,5,-19,5,-17,5,-15,4,-14,4,-12,5,-10,5,-9,5,-7,6,-6,1,-1,0,-1,-1,0,-1,1,-1,0,-1,-3,0,-9,3,-46,6,-45,10,-46,13,-46,16,-48,19,-48,20,-48,23,-48,25,-48,27,-48,28,-48,28,-48,28,-49,28,-49,28,-48,28,-48,27,-47,27,-47,25,-47,24,-46,22,-46,21,-47,20,-47,19,-48,17,-48,16,-48,14,-49,14,-49]"
CSI_DATA,134,5c:01:3b:6b:b0:95,-48,11,1,5,0,1,1,1,0,0,0,-97,1,11,0,11596078,0,86,1,256,1,"[86,-32,4,0,20,11,19,10,18,9,18,8,18,8,17,7,16,7,15,5,14,5,14,4,14,3,13,4,13,4,12,4,11,4,10,4,9,4,8,4,7,5,6,5,6,4,5,4,4,4,3,3,2,3,0,0,0,0,0,0,0,0,0,0,0,0,0,0,0,0,0,0,0,0,5,2,20,9,20,10,20,11,20,12,20,13,20,14,20,15,20,16,20,17,20,17,20,17,20,17,20,17,20,17,20,17,19,16,19,15,19,14,20,14,20,14,20,13,21,13,20,11,21,11,22,11,22,10,11,7,37,24,36,24,34,23,33,21,31,20,30,18,29,17,28,15,27,13,26,12,26,11,25,10,24,10,23,10,22,10,21,10,19,10,18,9,16,9,14,10,12,10,10,10,8,9,6,8,5,8,3,7,1,7,0,7,-1,1,-1,0,-1,-1,-2,-1,-1,-1,2,0,6,2,37,17,36,19,37,20,36,23,35,26,35,29,35,31,35,33,35,34,35,35,35,36,34,36,35,36,35,36,35,36,34,36,33,36,34,35,34,34,34,33,34,32,35,31,36,29,36,28,36,27,37,25,38,24,39,24]"
CSI_DATA,135,5c:01:3b:6b:b0:95,-42,11,1,4,0,1,1,1,0,0,0,-97,1,11,0,11616809,0,86,1,256,1,"[86,-32,4,0,6,10,6,10,6,9,6,9,5,8,5,8,5,7,5,7,5,6,5,6,5,6,5,5,4,5,4,5,4,5,4,5,3,5,3,4,2,4,2,4,1,3,1,3,1,3,0,3,0,2,0,0,0,0,0,0,0,0,0,0,0,0,0,0,0,0,0,0,0,0,1,2,6,9,6,10,6,11,5,12,5,12,5,13,5,13,4,13,4,13,4,14,4,14,3,14,4,14,4,13,4,13,4,13,4,13,4,12,5,12,5,12,5,12,5,11,6,11,6,11,6,12,7,12,4,13,16,44,14,43,14,41,13,39,13,37,13,35,14,33,14,31,15,29,15,27,15,27,14,25,14,24,13,24,12,22,11,21,11,20,9,19,8,18,7,17,6,16,4,14,3,13,1,12,0,11,-1,9,-3,8,-4,7,-1,1,-1,0,-1,-1,-1,-2,-1,-1,1,1,3,6,17,39,15,41,17,41,15,43,13,46,11,48,10,49,9,49,8,51,6,53,5,53,5,54,5,55,4,55,4,54,4,53,4,53,4,52,6,50,7,48,9,48,11,48,12,48,13,48,13,48,14,47,16,47,17,47]"
CSI_DATA,136,5c:01:3b:6b:b0:95,-46,11,1,4,0,1,1,1,0,0,0,-97,1,11,0,11641548,0,86,1,256,1,"[86,-32,4,0,10,23,10,22,10,20,10,19,10,19,10,18,10,16,9,15,9,14,9,14,10,13,10,13,9,12,8,12,7,12,7,12,6,11,5,11,3,10,3,9,2,9,2,8,1,7,0,7,-1,6,-1,1,0,0,0,0,0,0,0,0,0,0,0,0,0,0,0,0,0,0,2,5,10,21,10,22,9,23,9,24,8,25,7,26,6,27,6,27,5,28,5,28,5,29,5,29,5,29,5,28,5,28,5,27,6,26,6,25,7,26,8,26,9,25,9,25,10,24,11,24,11,25,11,25,2,14,9,46,9,45,9,44,8,42,8,40,9,39,9,36,9,34,10,32,11,30,11,29,12,28,11,27,11,27,9,26,8,25,7,23,6,22,5,21,3,19,2,18,1,17,0,16,-1,14,-2,13,-3,11,-7,9,-8,8,-2,1,-1,0,0,-1,-1,-2,-1,-1,0,2,1,7,9,43,7,44,10,43,8,45,5,47,4,49,2,50,1,51,-1,52,-3,52,-3,53,-3,53,-3,54,-2,55,-2,54,-3,54,-3,53,-3,52,-2,51,0,50,1,50,3,50,4,50,5,49,7,49,9,49,10,49,11,50]"
CSI_DATA,137,5c:01:3b:6b:b0:95,-47,11,1,4,0,1,1,1,0,0,0,-97,1,11,0,11657836,0,86,1,256,1,"[86,-32,4,0,-24,8,-23,8,-21,8,-20,7,-20,7,-19,7,-17,7,-16,8,-14,8,-14,8,-14,8,-13,8,-13,8,-12,7,-12,7,-11,6,-11,5,-11,4,-10,3,-9,3,-9,2,-8,1,-7,0,-6,0,-6,0,-2,-1,0,0,0,0,0,0,0,0,0,0,0,0,0,0,0,0,0,0,-6,1,-23,7,-24,6,-25,6,-26,5,-27,4,-27,3,-28,3,-28,2,-29,2,-29,2,-29,2,-29,2,-29,2,-28,2,-28,2,-28,2,-27,3,-26,4,-26,4,-27,4,-27,5,-26,6,-25,7,-25,8,-26,9,-26,9,-14,6,-43,19,-42,18,-41,17,-38,17,-36,17,-34,17,-32,17,-30,17,-28,17,-27,17,-26,17,-25,17,-24,16,-23,15,-22,14,-22,13,-21,12,-20,11,-19,9,-18,8,-17,6,-16,4,-15,3,-13,2,-12,1,-12,0,-10,-1,-9,-1,-2,-1,-1,-1,0,-1,1,-1,0,-1,-2,1,-7,4,-35,26,-37,24,-42,16,-44,14,-46,13,-48,11,-50,11,-50,10,-52,9,-53,8,-53,7,-54,6,-55,6,-55,6,-54,6,-53,6,-52,6,-52,7,-51,8,-49,10,-49,11,-48,13,-48,14,-47,16,-46,17,-46,17,-46,18,-47,19]"
CSI_DATA,138,5c:01:3b:6b:b0:95,-46,11,1,4,0,1,1,1,0,0,0,-97,1,11,0,11677099,0,86,1,256,1,"[86,-32,4,0,-25,-11,-24,-11,-22,-9,-22,-9,-21,-8,-20,-8,-20,-7,-19,-6,-18,-5,-17,-4,-17,-4,-17,-4,-16,-4,-15,-4,-15,-4,-14,-4,-13,-4,-12,-5,-11,-5,-10,-5,-9,-5,-8,-5,-7,-5,-6,-5,-5,-5,-2,-2,0,0,0,0,0,0,0,0,0,0,0,0,0,0,0,0,0,0,-6,-3,-22,-10,-22,-12,-23,-13,-23,-14,-23,-15,-23,-16,-23,-17,-23,-18,-23,-18,-23,-19,-24,-19,-24,-19,-24,-19,-23,-19,-23,-18,-23,-18,-23,-17,-23,-16,-23,-15,-24,-15,-24,-14,-25,-13,-25,-12,-26,-12,-26,-12,-26,-11,-12,-10,-38,-31,-37,-31,-36,-30,-34,-28,-33,-26,-32,-25,-31,-23,-30,-21,-29,-19,-29,-17,-29,-16,-29,-15,-28,-15,-27,-15,-25,-14,-24,-14,-23,-14,-21,-13,-19,-13,-17,-13,-15,-14,-13,-13,-12,-13,-10,-12,-8,-11,-7,-11,-3,-12,-1,-11,0,-2,0,-1,-1,0,1,0,0,0,-2,-2,-6,-6,-32,-31,-30,-33,-35,-29,-34,-32,-33,-35,-33,-37,-33,-39,-32,-40,-32,-42,-31,-44,-31,-44,-31,-45,-32,-45,-32,-45,-32,-45,-31,-45,-31,-44,-31,-43,-31,-42,-32,-40,-33,-39,-34,-37,-35,-36,-36,-35,-37,-34,-38,-33,-39,-33,-40,-33]"
CSI_DATA,139,5c:01:3b:6b:b0:95,-48,11,1,5,0,1,1,1,0,0,0,-97,1,11,0,11695174,0,86,1,256,1,"[86,-32,4,0,-6,-23,-6,-23,-6,-21,-6,-20,-7,-19,-7,-18,-7,-17,-6,-16,-6,-16,-6,-16,-7,-15,-7,-14,-6,-13,-6,-13,-5,-12,-5,-12,-4,-12,-3,-11,-2,-10,-2,-9,-1,-8,-1,-8,0,-8,1,-7,1,-6,0,-2,0,0,0,0,0,0,0,0,0,0,0,0,0,0,0,0,0,0,-2,-6,-6,-22,-6,-23,-5,-24,-4,-25,-4,-26,-3,-26,-2,-27,-1,-27,-1,-27,0,-28,1,-29,1,-29,1,-28,0,-28,0,-27,-1,-27,-2,-26,-2,-26,-3,-26,-4,-25,-5,-25,-5,-25,-5,-25,-6,-26,-6,-26,-5,-25,-7,-13,-18,-42,-18,-42,-17,-40,-16,-38,-16,-36,-16,-34,-16,-33,-16,-31,-16,-29,-16,-27,-17,-26,-17,-25,-16,-24,-15,-23,-15,-22,-14,-21,-12,-20,-10,-20,-8,-19,-7,-18,-6,-17,-5,-16,-3,-15,-2,-13,-1,-12,0,-11,0,-10,1,-9,0,-2,0,-1,-1,0,0,0,0,0,-2,-2,-6,-6,-30,-30,-28,-32,-19,-39,-17,-41,-15,-43,-14,-45,-12,-47,-11,-48,-10,-50,-9,-51,-8,-51,-8,-52,-8,-52,-8,-52,-8,-51,-8,-51,-8,-51,-9,-51,-10,-49,-10,-48,-11,-47,-13,-47,-14,-46,-16,-46,-17,-45,-18,-45,-18,-44,-18,-44]"
CSI_DATA,140,5c:01:3b:6b:b0:95,-48,11,1,5,0,1,1,1,0,0,0,-97,1,11,0,11715120,0,86,1,256,1,"[86,-32,4,0,-5,-24,-5,-23,-5,-21,-5,-20,-6,-19,-6,-18,-6,-17,-6,-16,-5,-16,-6,-16,-6,-15,-6,-14,-6,-14,-5,-13,-5,-13,-4,-12,-3,-12,-2,-11,-2,-10,-1,-9,-1,-9,-1,-8,0,-7,1,-7,1,-6,0,-2,0,0,0,0,0,0,0,0,0,0,0,0,0,0,0,0,0,0,-2,-6,-5,-23,-5,-24,-4,-25,-3,-25,-2,-26,-2,-26,-1,-27,0,-27,0,-27,1,-28,2,-28,2,-29,2,-28,2,-28,1,-28,0,-27,-1,-26,-1,-26,-2,-26,-3,-25,-4,-26,-4,-26,-4,-25,-4,-25,-4,-26,-4,-25,-4,-14,-11,-45,-11,-45,-11,-43,-10,-41,-10,-39,-10,-37,-11,-35,-11,-33,-12,-31,-12,-30,-12,-29,-12,-28,-12,-27,-12,-26,-11,-25,-10,-24,-8,-23,-7,-21,-6,-20,-5,-19,-3,-18,-2,-16,-1,-15,0,-14,1,-12,2,-11,3,-9,4,-8,0,-2,0,-1,-1,0,0,1,0,0,-2,-3,-4,-7,-16,-39,-14,-40,-11,-43,-9,-44,-7,-46,-6,-48,-4,-49,-3,-51,-2,-52,-1,-52,0,-53,2,-53,3,-54,3,-54,4,-53,3,-53,2,-52,0,-51,-2,-51,-3,-50,-4,-49,-5,-48,-6,-49,-7,-49,-8,-48,-9,-48,-9,-48,-9,-47]"
CSI_DATA,141,5c:01:3b:6b:b0:95,-43,11,1,5,0,1,1,1,0,0,0,-97,1,11,0,11735159,0,86,1,256,1,"[86,-32,4,0,3,-12,3,-12,3,-12,3,-11,2,-10,2,-10,2,-10,1,-10,1,-10,1,-9,0,-9,0,-8,0,-8,0,-8,0,-7,0,-7,1,-7,1,-6,1,-6,1,-5,1,-5,1,-4,1,-4,1,-3,1,-3,0,-1,0,0,0,0,0,0,0,0,0,0,0,0,0,0,0,0,0,0,0,-3,3,-12,4,-12,4,-12,5,-13,5,-13,6,-13,7,-13,7,-12,8,-12,8,-13,8,-13,8,-13,8,-12,8,-12,7,-12,7,-12,7,-12,6,-12,6,-12,5,-12,5,-12,5,-12,4,-12,4,-13,4,-13,4,-13,5,-14,19,-45,18,-44,17,-42,16,-40,15,-38,13,-37,12,-37,12,-36,10,-35,9,-34,7,-34,6,-32,5,-31,5,-30,5,-28,5,-26,5,-24,5,-23,5,-21,6,-20,6,-18,7,-16,7,-14,6,-12,6,-11,6,-10,7,-8,7,-7,1,-2,0,-1,-1,-1,-1,1,-1,0,0,-3,1,-8,11,-42,13,-42,16,-44,20,-43,22,-43,25,-44,26,-44,29,-44,31,-44,33,-43,34,-43,34,-43,34,-44,34,-45,33,-45,33,-44,33,-44,32,-44,31,-44,29,-44,28,-43,27,-43,25,-43,24,-44,22,-45,20,-46,19,-47,19,-47]"
CSI_DATA,142,5c:01:3b:6b:b0:95,-46,11,1,3,0,1,1,1,0,0,0,-97,1,11,0,11764408,0,86,1,256,1,"[86,-32,4,0,-27,0,-26,0,-24,1,-23,1,-23,1,-22,1,-20,1,-19,2,-18,3,-18,3,-18,2,-17,2,-17,3,-16,3,-15,2,-15,2,-14,1,-13,0,-12,0,-11,-1,-11,-2,-10,-2,-9,-3,-8,-3,-7,-3,-2,-1,0,0,0,0,0,0,0,0,0,0,0,0,0,0,0,0,0,0,-6,0,-24,2,-25,0,-26,-1,-27,-2,-28,-3,-28,-3,-28,-4,-29,-5,-29,-6,-29,-6,-30,-6,-30,-7,-29,-7,-29,-7,-29,-6,-29,-6,-28,-5,-28,-4,-28,-4,-28,-3,-28,-2,-28,-2,-27,-1,-28,-1,-28,0,-28,1,-15,-4,-48,-9,-47,-9,-46,-9,-44,-8,-42,-7,-40,-6,-38,-5,-37,-4,-36,-3,-35,-2,-34,-1,-33,-1,-32,-1,-31,-1,-30,-1,-28,-2,-27,-3,-26,-4,-24,-4,-22,-5,-20,-6,-18,-7,-17,-7,-15,-7,-13,-8,-12,-8,-8,-10,-6,-10,-1,-2,-1,-1,0,0,1,0,0,0,-3,-1,-8,-1,-44,-7,-44,-10,-46,-6,-46,-9,-47,-12,-48,-14,-49,-16,-49,-18,-49,-20,-50,-21,-50,-22,-50,-23,-51,-23,-52,-23,-51,-23,-50,-23,-50,-23,-50,-22,-49,-21,-48,-19,-48,-18,-48,-16,-48,-15,-49,-13,-49,-11,-50,-10,-51,-10,-51,-10]"
CSI_DATA,143,5c:01:3b:6b:b0:95,-47,11,1,5,0,1,1,1,0,0,0,-97,1,11,0,11775179,0,86,1,256,1,"[86,-32,4,0,-24,-7,-23,-7,-22,-6,-21,-5,-21,-5,-20,-4,-19,-4,-17,-3,-16,-2,-16,-3,-17,-3,-16,-2,-16,-2,-15,-2,-14,-2,-13,-2,-12,-3,-11,-3,-10,-3,-9,-3,-9,-4,-8,-4,-7,-4,-6,-4,-5,-4,-2,-1,0,0,0,0,0,0,0,0,0,0,0,0,0,0,0,0,0,0,-6,-2,-23,-7,-23,-8,-24,-9,-24,-10,-24,-11,-24,-12,-24,-12,-25,-12,-25,-13,-24,-14,-25,-15,-25,-15,-24,-15,-24,-15,-24,-14,-24,-13,-24,-12,-23,-12,-24,-11,-24,-10,-25,-9,-25,-9,-24,-9,-25,-9,-26,-9,-26,-8,-14,-6,-44,-17,-43,-17,-40,-17,-38,-16,-37,-14,-35,-13,-34,-12,-33,-10,-32,-9,-31,-8,-30,-7,-30,-6,-29,-6,-28,-6,-27,-6,-25,-6,-23,-6,-22,-6,-20,-7,-18,-7,-16,-8,-14,-8,-12,-8,-11,-8,-9,-8,-8,-8,-5,-9,-3,-9,-1,-2,-1,-1,-1,0,1,0,0,0,-3,-1,-8,-2,-40,-11,-40,-14,-42,-16,-42,-18,-42,-21,-42,-24,-42,-25,-43,-28,-43,-29,-44,-30,-43,-30,-42,-31,-42,-32,-43,-32,-43,-32,-43,-32,-42,-31,-42,-30,-42,-29,-42,-27,-42,-26,-43,-24,-43,-22,-44,-21,-44,-20,-44,-19,-45,-19,-46,-18]"
CSI_DATA,144,5c:01:3b:6b:b0:95,-47,11,1,5,0,1,1,1,0,0,0,-97,1,11,0,11795168,0,86,1,256,1,"[86,-32,4,0,-19,16,-18,16,-17,15,-16,14,-15,14,-14,14,-14,13,-13,13,-12,14,-11,13,-10,12,-10,12,-10,12,-9,12,-9,11,-9,10,-9,10,-9,9,-9,7,-9,6,-8,5,-8,4,-7,3,-7,3,-7,3,-2,0,0,0,0,0,0,0,0,0,0,0,0,0,0,0,0,0,0,0,-5,3,-18,15,-19,15,-20,14,-21,14,-22,14,-23,13,-24,13,-25,13,-25,12,-26,12,-26,13,-26,12,-26,12,-25,12,-25,12,-25,13,-24,13,-23,13,-23,14,-22,14,-22,15,-21,15,-20,15,-20,16,-21,17,-21,18,-14,7,-42,26,-41,25,-39,25,-37,24,-34,23,-33,23,-31,22,-29,22,-28,22,-26,22,-24,22,-23,22,-22,21,-22,21,-21,19,-21,17,-20,16,-20,15,-19,13,-19,11,-18,9,-17,8,-16,6,-15,5,-14,4,-13,2,-13,-2,-12,-2,-2,-1,-1,-1,0,-1,0,-1,0,-1,-2,1,-6,4,-35,26,-37,24,-37,24,-40,23,-42,21,-44,20,-46,19,-48,18,-50,17,-51,17,-51,16,-51,15,-52,16,-52,16,-52,17,-52,17,-51,16,-50,17,-49,18,-47,18,-46,19,-46,21,-45,22,-44,24,-43,25,-43,26,-43,27,-43,27]"
CSI_DATA,145,5c:01:3b:6b:b0:95,-46,11,1,4,0,1,1,1,0,0,0,-97,1,11,0,11817151,0,86,1,256,1,"[86,-32,4,0,1,26,1,25,1,23,2,22,2,21,3,20,3,19,3,19,3,18,4,17,4,16,4,15,3,15,3,15,2,14,2,14,1,13,1,13,0,12,-1,11,-1,9,-1,8,-2,8,-3,7,-3,7,-1,1,0,0,0,0,0,0,0,0,0,0,0,0,0,0,0,0,0,0,0,6,0,24,-1,24,-2,25,-3,26,-4,27,-4,27,-5,28,-6,28,-7,28,-7,29,-8,29,-8,29,-7,29,-7,28,-7,28,-6,28,-5,27,-4,27,-3,27,-2,27,-1,27,-1,27,-1,27,0,27,0,28,0,28,-3,15,-6,49,-6,48,-6,46,-6,44,-5,42,-3,41,-2,39,-1,37,0,35,0,34,1,33,2,32,2,31,2,30,1,29,0,27,0,26,-1,24,-2,23,-3,21,-4,20,-5,18,-5,16,-6,15,-7,13,-7,11,-9,9,-10,8,-2,1,-1,0,0,-1,0,-2,0,-1,0,2,-1,7,-3,44,-5,44,-5,45,-8,46,-11,48,-13,49,-15,49,-16,49,-18,50,-20,50,-21,50,-22,51,-22,52,-22,52,-22,51,-22,51,-21,50,-20,50,-19,49,-17,49,-15,49,-13,50,-12,50,-11,51,-9,51,-8,51,-7,51,-7,52]"
CSI_DATA,146,5c:01:3b:6b:b0:95,-46,11,1,4,0,1,1,1,0,0,0,-97,1,11,0,11836857,0,86,1,256,1,"[86,-32,4,0,16,-20,15,-20,14,-19,13,-19,12,-18,11,-18,10,-17,9,-17,9,-17,8,-17,7,-16,7,-15,7,-15,7,-15,7,-14,7,-13,7,-13,7,-12,7,-11,7,-9,6,-8,6,-6,6,-6,6,-5,6,-5,1,-1,0,0,0,0,0,0,0,0,0,0,0,0,0,0,0,0,0,0,3,-5,15,-19,16,-19,17,-19,18,-19,20,-19,21,-19,21,-19,22,-19,23,-18,23,-18,24,-18,25,-18,24,-17,23,-17,22,-17,22,-18,21,-18,20,-19,20,-19,19,-20,18,-20,18,-20,17,-20,18,-21,18,-21,18,-22,10,-12,34,-37,33,-36,32,-35,30,-34,28,-33,27,-33,24,-32,22,-30,21,-30,20,-29,18,-29,17,-29,16,-28,16,-27,16,-26,16,-24,16,-22,16,-21,16,-19,15,-17,15,-15,14,-13,13,-11,12,-10,12,-8,12,-7,12,-4,11,-3,2,-1,0,-1,-1,0,-1,1,-1,0,1,-3,4,-7,28,-35,30,-34,32,-34,35,-33,37,-32,40,-32,41,-31,43,-30,45,-30,46,-29,47,-28,48,-28,49,-29,49,-29,48,-29,48,-29,47,-29,46,-29,44,-29,43,-30,42,-31,41,-33,39,-34,39,-35,37,-36,37,-37,37,-38,37,-38]"
CSI_DATA,147,5c:01:3b:6b:b0:95,-48,11,1,5,0,1,1,1,0,0,0,-97,1,11,0,11855225,0,86,1,256,1,"[86,-32,4,0,-15,18,-14,17,-14,17,-13,16,-11,15,-11,15,-9,14,-9,14,-9,14,-9,14,-8,13,-7,12,-7,12,-7,12,-7,11,-7,10,-7,10,-7,9,-7,7,-7,6,-6,5,-6,4,-7,4,-6,3,-6,3,-2,0,0,0,0,0,0,0,0,0,0,0,0,0,0,0,0,0,0,0,-4,4,-15,17,-16,17,-17,17,-18,17,-19,17,-20,17,-21,17,-21,16,-22,16,-23,16,-24,15,-24,15,-23,15,-22,15,-22,15,-22,16,-21,16,-20,16,-19,17,-18,17,-18,17,-17,18,-17,18,-18,18,-18,19,-17,19,-9,12,-27,38,-27,38,-26,37,-24,35,-23,34,-21,33,-20,32,-18,30,-16,29,-15,29,-14,29,-13,28,-12,27,-12,26,-12,25,-12,23,-13,22,-13,20,-13,18,-13,16,-13,14,-12,12,-12,11,-12,9,-12,8,-11,6,-11,5,-11,4,-2,0,-1,0,0,-1,0,-2,0,-1,-1,2,-3,7,-15,41,-17,40,-25,36,-28,35,-31,35,-33,35,-35,35,-37,35,-39,35,-40,34,-41,33,-42,33,-42,34,-42,34,-42,34,-42,34,-41,33,-40,34,-38,34,-37,34,-36,35,-34,36,-33,37,-32,38,-31,39,-30,39,-30,40,-29,40]"
CSI_DATA,148,5c:01:3b:6b:b0:95,-46,11,1,4,0,1,1,1,0,0,0,-97,1,11,0,11881708,0,86,1,256,1,"[86,-32,4,0,14,-22,13,-22,13,-21,12,-19,11,-19,10,-18,9,-18,8,-18,8,-18,7,-17,6,-16,6,-15,6,-15,6,-15,6,-15,6,-14,6,-13,7,-12,7,-11,6,-10,6,-8,6,-6,6,-6,6,-6,6,-5,1,-2,0,0,0,0,0,0,0,0,0,0,0,0,0,0,0,0,0,0,3,-6,13,-21,14,-21,15,-21,16,-21,18,-21,19,-21,20,-21,21,-21,21,-20,22,-20,22,-21,22,-21,22,-20,21,-20,21,-20,21,-20,20,-20,19,-21,18,-21,18,-21,17,-21,17,-22,16,-22,16,-22,16,-23,16,-24,10,-11,34,-36,33,-35,32,-34,30,-33,29,-32,27,-32,25,-30,23,-29,21,-29,20,-29,19,-29,17,-28,17,-28,17,-27,17,-25,17,-23,16,-22,16,-20,16,-18,15,-16,15,-14,14,-13,13,-11,13,-9,12,-8,12,-6,12,-2,12,-1,1,-1,0,-1,-1,0,-1,1,-1,0,1,-3,4,-7,28,-35,31,-33,31,-35,34,-33,37,-33,39,-32,40,-31,42,-31,44,-30,46,-29,46,-28,47,-28,48,-29,48,-30,47,-29,47,-29,46,-29,46,-29,44,-29,42,-30,41,-31,40,-33,39,-34,39,-35,37,-36,36,-36,36,-37,36,-38]"
CSI_DATA,149,5c:01:3b:6b:b0:95,-46,11,1,4,0,1,1,1,0,0,0,-97,1,11,0,11897354,0,86,1,256,1,"[86,-32,4,0,25,6,24,6,23,5,22,4,21,4,21,3,20,3,18,1,17,0,17,0,17,0,17,0,16,0,15,0,14,1,14,1,13,1,12,2,11,2,10,3,9,3,8,3,7,3,6,3,5,3,1,0,0,0,0,0,0,0,0,0,0,0,0,0,0,0,0,0,0,0,5,1,23,5,23,6,24,8,24,9,25,10,25,10,25,11,25,12,25,13,25,13,26,14,26,14,26,14,25,14,25,13,25,12,25,11,25,10,25,10,25,10,26,9,26,8,26,7,26,7,27,7,27,6,13,7,43,22,42,22,40,21,38,19,37,18,36,17,35,15,33,14,32,12,32,10,31,9,30,8,29,8,28,8,27,8,26,8,25,9,23,9,21,9,19,9,17,10,15,10,13,10,11,9,9,9,8,9,4,11,2,10,0,1,-1,0,-1,-1,-2,-1,-1,-1,2,0,7,3,39,20,38,22,40,20,40,22,40,25,40,27,40,29,40,31,40,33,40,35,39,36,39,37,41,36,41,36,40,36,40,36,39,35,39,35,39,33,39,32,40,30,41,29,41,28,42,26,43,25,44,24,45,23,46,23]"
CSI_DATA,150,5c:01:3b:6b:b0:95,-43,11,1,5,0,1,1,1,0,0,0,-97,1,11,0,11915191,0,86,1,256,1,"[86,-32,4,0,11,0,11,-1,10,-1,10,-1,10,-1,9,-1,9,-2,8,-2,7,-2,7,-2,7,-2,7,-2,6,-2,6,-2,6,-2,5,-2,5,-1,4,-1,4,-1,4,-1,3,0,3,0,3,0,2,0,2,0,0,0,0,0,0,0,0,0,0,0,0,0,0,0,0,0,0,0,0,0,3,-1,12,-1,12,0,12,0,12,1,12,1,13,2,13,2,13,2,13,3,13,3,13,3,13,3,13,4,13,3,13,3,13,3,12,2,12,2,12,2,12,1,13,0,13,0,12,0,13,0,13,0,12,0,13,2,46,5,45,6,43,5,41,5,39,4,37,2,35,1,34,0,33,-1,32,-2,31,-3,30,-4,29,-4,28,-4,26,-3,25,-2,23,-1,21,-1,20,-1,18,0,16,0,15,1,13,2,12,2,10,3,9,3,8,5,6,6,1,1,0,0,-1,-1,-2,-1,-1,-1,2,-1,7,0,43,3,43,5,44,4,44,7,45,10,46,12,47,15,48,17,49,18,49,20,49,20,48,21,49,21,49,21,49,21,48,21,48,20,48,19,46,18,45,16,45,14,45,13,46,11,47,10,47,9,47,7,48,7,47,7]"
CSI_DATA,151,5c:01:3b:6b:b0:95,-46,11,1,4,0,1,1,1,0,0,0,-97,1,11,0,11937434,0,86,1,256,1,"[86,-32,4,0,25,-4,24,-4,23,-5,22,-5,21,-5,20,-5,19,-5,18,-6,17,-7,16,-7,16,-6,15,-6,15,-6,14,-6,14,-6,13,-5,12,-4,12,-4,11,-3,10,-2,10,-1,9,0,8,0,7,0,7,0,1,0,0,0,0,0,0,0,0,0,0,0,0,0,0,0,0,0,0,0,5,-2,23,-4,24,-3,25,-2,26,-1,27,-1,27,0,28,1,28,1,28,2,29,2,30,3,30,3,29,3,28,3,28,3,28,2,28,1,27,0,27,0,27,-1,27,-2,27,-2,26,-3,27,-3,27,-4,27,-5,15,0,49,0,48,1,46,0,44,0,42,-1,40,-1,38,-2,36,-3,35,-4,34,-5,33,-6,31,-7,30,-7,29,-6,28,-5,28,-5,26,-3,25,-3,23,-2,22,0,20,1,18,2,16,3,15,3,13,4,12,4,10,7,8,7,1,1,0,0,-1,-1,-2,0,-1,-1,2,-1,7,-1,44,-2,44,1,45,0,46,2,48,5,49,7,50,9,50,11,51,12,52,14,52,16,52,16,53,15,53,15,52,15,52,15,51,15,51,14,50,13,50,11,50,9,50,8,50,6,50,5,50,3,50,2,51,1,52,1]"
CSI_DATA,152,5c:01:3b:6b:b0:95,-46,11,1,4,0,1,1,1,0,0,0,-97,1,11,0,11957034,0,86,1,256,1,"[86,-32,4,0,0,-15,0,-15,0,-14,0,-13,0,-13,-1,-12,-1,-12,-1,-12,-1,-11,-1,-11,-2,-10,-2,-10,-2,-10,-1,-10,-1,-9,-1,-9,-1,-9,0,-8,0,-7,0,-7,1,-6,1,-6,1,-5,1,-5,1,-4,0,-1,0,0,0,0,0,0,0,0,0,0,0,0,0,0,0,0,0,0,0,-4,0,-14,1,-15,1,-15,2,-16,2,-16,3,-16,3,-16,4,-16,4,-17,5,-17,5,-17,5,-17,5,-17,5,-16,4,-16,4,-16,4,-16,3,-16,3,-16,2,-16,2,-16,2,-16,1,-16,1,-16,1,-16,1,-17,2,-9,7,-28,6,-27,6,-26,6,-25,5,-24,5,-24,4,-23,4,-21,3,-21,2,-20,1,-20,1,-19,0,-19,1,-18,1,-17,1,-16,2,-15,2,-15,3,-14,3,-13,4,-12,4,-11,4,-10,4,-9,4,-8,4,-7,5,-5,5,-4,1,-1,0,-1,-1,0,-1,0,-1,0,0,-2,0,-5,5,-25,6,-25,5,-26,7,-27,9,-27,10,-27,11,-28,12,-27,13,-28,14,-28,15,-27,15,-28,15,-29,15,-29,15,-29,15,-28,15,-28,14,-28,13,-27,12,-27,11,-27,11,-28,10,-28,9,-28,9,-29,7,-29,7,-29,7,-29]"
CSI_DATA,153,5c:01:3b:6b:b0:95,-42,11,1,4,0,1,1,1,0,0,0,-97,1,11,0,11977243,0,86,1,256,1,"[86,-32,4,0,11,-7,10,-7,10,-6,9,-6,9,-6,8,-6,7,-6,7,-6,7,-6,6,-6,6,-6,6,-6,6,-6,5,-6,5,-5,5,-5,5,-4,4,-4,4,-4,4,-3,4,-3,4,-2,3,-2,3,-2,2,-2,0,-1,0,0,0,0,0,0,0,0,0,0,0,0,0,0,0,0,0,0,2,-2,10,-7,11,-7,11,-6,12,-6,12,-6,13,-6,13,-5,13,-5,14,-5,14,-5,14,-5,14,-5,14,-4,14,-4,13,-4,13,-4,13,-5,12,-5,13,-6,12,-5,12,-6,12,-6,12,-6,12,-6,12,-7,12,-7,14,-5,46,-17,45,-16,43,-16,40,-16,38,-15,36,-15,34,-15,32,-16,31,-16,30,-17,28,-18,27,-18,25,-17,25,-16,24,-15,23,-14,23,-12,21,-11,20,-10,19,-8,18,-7,16,-6,15,-5,13,-4,12,-3,11,-2,10,1,8,2,1,0,0,0,-1,-1,-2,0,-1,0,2,-2,6,-5,40,-21,42,-19,43,-19,45,-17,47,-15,49,-13,50,-12,51,-11,53,-9,54,-7,55,-6,55,-6,56,-6,56,-7,55,-6,54,-6,54,-6,53,-6,52,-6,51,-8,50,-10,49,-12,49,-13,49,-14,48,-14,48,-16,48,-17,50,-18]"
CSI_DATA,154,5c:01:3b:6b:b0:95,-46,11,1,4,0,1,1,1,0,0,0,-97,1,11,0,11995281,0,86,1,256,1,"[86,-32,4,0,12,-23,12,-23,11,-22,10,-20,9,-20,8,-19,8,-18,7,-18,6,-18,5,-18,5,-17,4,-16,5,-16,5,-16,5,-15,5,-14,5,-14,5,-13,5,-11,6,-10,6,-9,5,-7,5,-7,5,-6,5,-6,1,-2,0,0,0,0,0,0,0,0,0,0,0,0,0,0,0,0,0,0,2,-6,11,-22,12,-22,14,-22,15,-22,16,-22,17,-23,18,-23,19,-22,19,-22,20,-22,20,-23,20,-23,20,-22,19,-22,19,-22,19,-22,18,-22,17,-22,16,-22,16,-22,15,-23,14,-23,14,-23,13,-24,14,-25,14,-25,10,-12,32,-38,31,-37,30,-35,29,-34,27,-34,25,-33,23,-32,22,-31,20,-30,18,-30,17,-30,16,-29,15,-29,15,-27,15,-26,15,-24,15,-22,15,-21,15,-19,15,-17,14,-15,13,-14,13,-12,12,-10,12,-9,12,-7,12,-2,12,-1,2,-1,0,-1,-1,0,-1,1,-1,0,1,-2,4,-7,28,-35,30,-33,29,-36,32,-35,35,-34,37,-34,39,-33,40,-33,42,-32,44,-31,44,-30,45,-30,45,-32,46,-33,45,-32,45,-32,45,-31,44,-31,42,-31,41,-32,40,-33,38,-34,37,-35,36,-37,35,-37,34,-38,34,-39,34,-40]"
CSI_DATA,155,5c:01:3b:6b:b0:95,-42,11,1,4,0,1,1,1,0,0,0,-97,1,11,0,12016088,0,86,1,256,1,"[86,-32,4,0,12,1,12,1,12,1,11,1,11,1,10,1,10,0,9,0,8,-1,8,-1,8,-1,8,-1,7,-1,7,-1,7,-1,6,0,6,0,5,0,5,0,4,0,4,1,4,1,3,1,3,1,2,1,0,0,0,0,0,0,0,0,0,0,0,0,0,0,0,0,0,0,0,0,2,0,11,0,12,1,12,1,13,2,13,2,13,3,14,4,13,4,13,4,13,5,14,5,14,5,14,5,13,5,13,5,13,5,13,4,13,3,13,3,13,3,13,3,13,3,13,2,13,2,14,2,14,1,13,6,43,18,42,18,41,18,39,17,37,15,37,14,35,13,33,11,32,9,32,8,31,7,30,6,29,6,28,6,27,5,26,6,24,6,23,6,21,6,18,7,16,7,13,7,12,6,10,6,9,6,8,7,5,9,3,9,0,1,-1,0,-1,-1,-2,-1,-1,-1,2,0,7,2,43,15,42,18,43,13,43,16,43,20,44,22,43,24,43,26,44,29,44,30,44,31,43,32,45,32,45,32,44,32,44,32,43,32,43,31,42,29,42,27,42,26,44,25,44,23,45,22,44,21,45,20,47,19,48,19]"
CSI_DATA,156,5c:01:3b:6b:b0:95,-46,11,1,4,0,1,1,1,0,0,0,-97,1,11,0,12035185,0,86,1,256,1,"[86,-32,4,0,25,6,24,6,23,5,22,5,22,5,21,4,20,3,18,2,17,1,17,1,17,1,17,1,16,1,15,0,15,1,14,1,13,2,12,2,11,2,10,3,9,3,8,4,7,4,6,4,5,4,1,1,0,0,0,0,0,0,0,0,0,0,0,0,0,0,0,0,0,0,5,1,23,5,24,6,24,7,25,8,25,9,25,10,25,11,25,12,25,13,26,14,26,14,26,15,26,15,25,14,25,13,25,13,25,11,25,10,25,10,25,10,26,9,26,9,26,8,26,8,27,8,27,7,14,6,46,19,45,19,43,18,41,17,39,16,38,15,36,13,35,12,34,10,33,8,33,6,32,5,31,5,30,6,29,6,28,7,26,7,24,7,22,7,20,8,18,9,16,9,14,9,12,9,11,9,9,9,6,10,4,10,0,1,-1,0,-1,-1,-2,-1,-1,-1,2,0,7,1,43,12,42,15,43,15,43,19,43,22,43,24,43,26,43,29,43,31,43,33,43,33,43,34,45,33,45,33,44,33,44,33,43,33,43,32,43,31,42,29,43,28,44,26,44,25,45,24,45,22,47,21,48,20,49,20]"
CSI_DATA,157,5c:01:3b:6b:b0:95,-46,11,1,3,0,1,1,1,0,0,0,-97,1,11,0,12058447,0,86,1,256,1,"[86,-32,4,0,10,24,10,23,10,21,10,20,10,19,10,18,10,17,10,16,9,15,10,14,10,14,10,13,9,13,8,12,8,12,7,12,6,12,5,11,4,11,3,10,3,9,2,8,1,8,0,7,0,7,0,1,0,0,0,0,0,0,0,0,0,0,0,0,0,0,0,0,0,0,2,5,9,22,8,23,8,24,7,25,7,26,6,26,6,27,5,28,5,28,4,29,4,30,4,30,4,29,4,29,4,28,5,28,5,27,6,26,7,26,8,26,9,26,9,25,10,25,10,25,11,26,10,25,4,14,17,47,16,46,15,44,14,42,14,40,15,38,14,36,15,34,15,32,15,31,16,30,16,28,15,28,15,27,14,26,13,24,12,24,10,23,8,22,7,20,5,20,4,18,3,17,2,15,0,14,-1,13,-4,11,-6,11,-2,1,-1,0,-1,-1,-1,-2,-1,-1,1,2,3,7,17,40,15,42,15,43,13,45,11,47,9,49,8,50,7,52,5,53,4,54,3,55,3,55,3,56,3,56,3,56,2,56,3,55,4,54,5,52,6,51,7,51,9,50,10,50,12,50,13,50,15,50,16,50,17,50]"
CSI_DATA,158,5c:01:3b:6b:b0:95,-46,11,1,4,0,1,1,1,0,0,0,-97,1,11,0,12075293,0,86,1,256,1,"[86,-32,4,0,-23,10,-23,10,-21,10,-20,9,-19,9,-18,9,-17,9,-16,10,-14,10,-14,9,-14,9,-13,8,-13,8,-13,8,-12,8,-11,7,-11,6,-10,6,-10,5,-10,4,-9,3,-9,2,-8,1,-7,1,-7,0,-2,0,0,0,0,0,0,0,0,0,0,0,0,0,0,0,0,0,0,0,-6,2,-22,9,-23,8,-24,7,-26,7,-26,6,-27,6,-28,6,-28,5,-29,4,-29,4,-29,4,-30,4,-29,4,-28,4,-28,4,-28,5,-27,6,-26,6,-26,6,-26,7,-26,8,-25,8,-25,9,-24,9,-25,10,-25,11,-15,2,-48,10,-47,9,-45,9,-43,9,-40,9,-39,10,-37,10,-35,10,-33,11,-32,11,-31,12,-30,12,-29,12,-28,11,-27,10,-26,9,-25,8,-23,7,-23,6,-21,4,-20,3,-18,2,-17,0,-15,-1,-14,-2,-13,-3,-12,-6,-10,-6,-2,-2,-1,-1,0,-1,1,-1,0,-1,-3,0,-8,1,-44,8,-45,5,-45,8,-47,6,-49,3,-50,2,-51,0,-52,-1,-53,-2,-54,-3,-54,-4,-55,-5,-56,-5,-56,-5,-55,-5,-55,-5,-54,-4,-53,-4,-52,-3,-51,-1,-51,1,-51,3,-51,5,-51,6,-50,7,-50,8,-50,9,-51,10]"
CSI_DATA,159,5c:01:3b:6b:b0:95,-46,11,1,4,0,1,1,1,0,0,0,-97,1,11,0,12095258,0,86,1,256,1,"[86,-32,4,0,13,19,12,18,12,17,12,16,12,15,11,14,11,13,11,12,10,12,10,11,10,11,10,10,10,10,9,10,9,10,8,10,7,9,6,9,5,9,4,8,4,7,3,7,2,7,1,6,0,6,0,1,0,0,0,0,0,0,0,0,0,0,0,0,0,0,0,0,0,0,3,4,12,16,12,17,12,19,12,20,11,21,11,22,10,22,10,23,9,23,9,24,9,25,9,25,9,25,9,24,9,24,9,23,9,22,10,22,11,22,11,21,12,21,12,21,12,20,13,20,13,21,13,20,4,12,16,39,16,39,15,38,15,36,15,34,15,33,15,31,15,29,15,27,15,26,15,25,15,24,15,23,14,23,13,22,12,21,11,20,10,19,8,18,6,17,5,17,4,16,3,15,1,13,0,12,-1,11,-4,10,-5,9,-2,1,-1,0,-1,-1,-1,-2,-1,-1,1,1,3,6,17,36,15,37,17,36,15,38,14,40,13,42,12,43,11,44,9,46,8,46,8,47,7,48,7,48,7,49,7,48,7,48,7,47,7,46,8,45,9,44,10,44,12,44,13,43,14,43,15,42,16,42,17,42,17,42]"
CSI_DATA,160,5c:01:3b:6b:b0:95,-42,11,1,4,0,1,1,1,0,0,0,-97,1,11,0,12115091,0,86,1,256,1,"[86,-32,4,0,-10,-9,-10,-8,-9,-8,-9,-7,-9,-6,-9,-6,-9,-5,-8,-5,-8,-5,-8,-5,-8,-4,-7,-4,-7,-4,-7,-4,-6,-4,-6,-4,-6,-4,-5,-3,-5,-3,-4,-3,-4,-3,-3,-3,-3,-3,-2,-3,-2,-3,-1,-1,0,0,0,0,0,0,0,0,0,0,0,0,0,0,0,0,0,0,-3,-2,-10,-8,-10,-9,-10,-10,-10,-10,-9,-11,-9,-11,-9,-11,-9,-12,-9,-12,-9,-13,-8,-13,-8,-13,-8,-13,-8,-12,-8,-12,-9,-12,-9,-11,-9,-11,-9,-11,-10,-10,-10,-10,-10,-10,-10,-10,-10,-10,-11,-9,-10,-9,-13,-8,-40,-25,-39,-26,-38,-26,-36,-24,-35,-23,-35,-21,-33,-19,-32,-16,-31,-15,-30,-15,-30,-14,-29,-13,-29,-12,-28,-11,-26,-11,-24,-10,-23,-10,-21,-10,-19,-9,-17,-9,-15,-9,-14,-9,-12,-10,-10,-9,-9,-9,-8,-9,-6,-7,-5,-8,-1,-2,-1,-1,-1,-1,1,0,0,0,-3,-1,-8,-3,-43,-15,-43,-17,-40,-27,-39,-30,-39,-33,-39,-35,-38,-36,-38,-37,-38,-39,-38,-40,-37,-42,-36,-43,-35,-45,-35,-46,-34,-45,-35,-44,-35,-43,-36,-41,-37,-38,-37,-36,-38,-36,-39,-34,-40,-33,-41,-32,-40,-31,-41,-31,-41,-31,-41,-31]"
CSI_DATA,161,5c:01:3b:6b:b0:95,-46,11,1,4,0,1,1,1,0,0,0,-97,1,11,0,12139374,0,86,1,256,1,"[86,-32,4,0,-7,-14,-7,-14,-6,-13,-6,-12,-7,-11,-6,-11,-6,-10,-6,-10,-6,-10,-6,-9,-7,-9,-7,-8,-6,-8,-6,-8,-5,-8,-5,-8,-4,-7,-4,-7,-3,-7,-3,-6,-3,-6,-2,-5,-2,-5,-1,-5,-1,-5,-1,-2,0,0,0,0,0,0,0,0,0,0,0,0,0,0,0,0,0,0,-2,-4,-5,-13,-5,-14,-4,-15,-4,-15,-4,-16,-3,-16,-3,-16,-3,-17,-2,-17,-2,-17,-2,-18,-2,-18,-2,-18,-3,-17,-3,-17,-3,-17,-3,-16,-4,-16,-4,-16,-5,-15,-5,-15,-5,-15,-6,-15,-6,-15,-7,-15,-6,-16,-2,-9,-6,-28,-6,-28,-6,-27,-6,-25,-6,-24,-6,-24,-6,-22,-6,-21,-7,-20,-7,-19,-8,-19,-8,-18,-8,-17,-7,-17,-7,-16,-6,-16,-6,-15,-5,-14,-4,-13,-3,-13,-2,-12,-2,-11,-1,-10,-1,-10,0,-9,1,-8,3,-7,4,-6,0,-1,0,-1,-1,0,-1,0,-1,0,-1,-2,-1,-5,-3,-26,-2,-26,-4,-27,-3,-27,-1,-29,0,-29,0,-30,1,-30,2,-31,3,-31,3,-31,4,-32,3,-32,3,-32,3,-32,3,-32,3,-31,2,-31,2,-31,1,-30,0,-30,-1,-30,-2,-30,-3,-30,-4,-29,-5,-29,-6,-30,-6,-30]"
CSI_DATA,162,5c:01:3b:6b:b0:95,-42,11,1,4,0,1,1,1,0,0,0,-97,1,11,0,12155161,0,86,1,256,1,"[86,-32,4,0,-2,12,-2,11,-2,11,-2,10,-1,10,-1,9,-1,9,-1,8,-1,8,0,8,0,7,0,7,0,7,0,7,0,6,0,6,-1,6,-1,5,-1,4,-1,4,-1,3,-1,3,-1,2,-2,2,-2,2,-1,0,0,0,0,0,0,0,0,0,0,0,0,0,0,0,0,0,0,0,-1,2,-2,12,-2,12,-3,12,-3,12,-4,12,-5,13,-5,13,-5,13,-5,13,-6,13,-7,13,-7,13,-6,13,-6,12,-6,12,-6,12,-5,12,-5,12,-5,12,-4,12,-3,12,-3,12,-3,12,-3,12,-3,13,-3,12,-5,14,-12,46,-12,45,-12,43,-11,42,-10,41,-9,40,-7,37,-6,35,-5,33,-4,32,-3,32,-2,31,-2,30,-2,28,-2,27,-2,25,-3,24,-4,22,-4,20,-5,18,-5,16,-6,15,-6,13,-6,12,-6,10,-7,9,-8,7,-9,6,-2,0,-1,0,0,-1,-1,-2,0,-1,0,2,0,8,-2,45,-4,45,-8,46,-11,46,-14,47,-16,48,-18,49,-20,48,-22,49,-24,49,-25,49,-26,49,-27,50,-27,50,-27,49,-26,49,-26,48,-25,48,-24,47,-23,47,-21,47,-19,48,-17,48,-16,48,-15,48,-14,48,-13,49,-13,49]"
CSI_DATA,163,5c:01:3b:6b:b0:95,-42,11,1,4,0,1,1,1,0,0,0,-97,1,11,0,12177532,0,86,1,256,1,"[86,-32,4,0,-8,11,-7,10,-7,9,-6,9,-6,9,-5,8,-5,8,-4,8,-4,8,-4,7,-3,7,-3,7,-4,7,-4,7,-3,6,-3,6,-3,5,-3,5,-3,4,-3,4,-3,3,-3,3,-3,2,-3,2,-3,2,-1,0,0,0,0,0,0,0,0,0,0,0,0,0,0,0,0,0,0,0,-2,2,-7,10,-7,10,-8,10,-9,10,-9,10,-10,10,-10,10,-11,10,-11,10,-11,10,-12,10,-12,10,-11,10,-11,9,-11,9,-11,10,-10,10,-10,10,-9,10,-9,10,-9,10,-8,10,-8,10,-8,11,-8,11,-8,11,-9,12,-28,41,-28,39,-27,37,-26,36,-24,35,-22,35,-19,33,-18,31,-17,30,-16,30,-14,29,-13,28,-13,27,-13,27,-13,26,-13,24,-12,22,-12,21,-12,19,-12,17,-12,15,-11,13,-10,11,-10,10,-10,8,-10,7,-9,6,-9,5,-2,1,-1,0,0,-1,0,-2,0,-1,-1,2,-3,7,-15,42,-18,42,-25,40,-28,40,-31,40,-33,40,-35,39,-36,39,-39,38,-40,38,-42,37,-42,37,-43,38,-44,38,-43,37,-43,37,-42,36,-42,37,-40,37,-37,37,-36,38,-35,38,-33,38,-32,39,-31,40,-30,41,-30,43,-31,44]"
CSI_DATA,164,5c:01:3b:6b:b0:95,-46,11,1,4,0,1,1,1,0,0,0,-97,1,11,0,12195558,0,86,1,256,1,"[86,-32,4,0,10,11,10,11,9,10,9,9,9,9,9,8,8,8,8,7,8,7,8,6,8,5,7,5,7,5,6,5,6,5,6,5,5,5,4,5,4,5,3,5,3,4,2,3,1,3,1,3,1,3,0,0,0,0,0,0,0,0,0,0,0,0,0,0,0,0,0,0,0,0,2,2,10,10,10,11,9,12,9,13,9,13,9,14,9,15,8,15,8,15,8,15,8,16,9,16,8,15,8,15,8,15,8,15,8,14,9,14,9,13,9,13,10,13,10,13,10,12,10,12,11,12,11,12,4,7,16,24,16,24,15,23,14,22,14,21,14,20,14,18,13,16,13,15,13,14,13,14,12,13,12,13,12,13,11,12,10,12,9,11,8,11,7,10,6,10,5,9,4,9,3,8,2,7,1,7,0,6,-2,6,-2,6,-1,1,-1,0,-1,-1,-1,-1,-1,-1,1,1,3,3,16,21,15,22,16,23,15,24,14,26,14,27,13,28,13,29,12,30,11,31,11,31,11,31,11,32,11,32,10,32,10,32,10,32,11,31,11,30,11,28,12,28,14,27,14,27,15,27,15,26,16,26,17,26,17,26]"
CSI_DATA,165,5c:01:3b:6b:b0:95,-46,11,1,4,0,1,1,1,0,0,0,-97,1,11,0,12217041,0,86,1,256,1,"[86,-32,4,0,-17,19,-16,19,-15,18,-14,17,-13,16,-13,16,-12,15,-11,16,-10,16,-9,15,-9,14,-8,13,-8,13,-8,13,-9,12,-8,11,-8,11,-8,10,-8,9,-8,7,-8,6,-7,5,-7,4,-7,4,-7,3,-2,0,0,0,0,0,0,0,0,0,0,0,0,0,0,0,0,0,0,0,-4,4,-15,19,-16,19,-18,18,-19,18,-20,18,-21,18,-22,18,-23,18,-24,17,-24,17,-25,18,-25,18,-24,17,-23,16,-23,16,-23,17,-22,17,-21,17,-21,17,-20,18,-20,18,-19,19,-19,19,-18,20,-18,21,-19,21,-12,10,-37,33,-36,32,-34,31,-33,30,-31,30,-29,29,-27,28,-25,27,-24,27,-23,26,-21,26,-20,26,-19,25,-19,24,-19,22,-19,21,-18,19,-18,17,-18,15,-18,14,-17,12,-16,10,-15,8,-14,7,-13,5,-13,4,-12,1,-12,0,-3,0,-1,-1,0,-1,0,-2,0,-1,-2,2,-5,6,-27,36,-29,34,-32,33,-35,32,-38,32,-40,31,-42,31,-44,30,-46,29,-47,28,-48,27,-49,27,-50,28,-49,28,-49,28,-48,27,-48,27,-47,27,-46,27,-44,28,-43,29,-42,30,-41,32,-41,33,-39,34,-38,34,-38,35,-38,36]"
CSI_DATA,166,5c:01:3b:6b:b0:95,-43,11,1,5,0,1,1,1,0,0,0,-97,1,11,0,12236258,0,86,1,256,1,"[86,-32,4,0,-11,-7,-11,-7,-10,-6,-10,-6,-10,-5,-10,-5,-9,-5,-8,-4,-8,-4,-8,-3,-8,-3,-8,-3,-8,-3,-7,-3,-7,-3,-7,-3,-6,-3,-5,-3,-5,-3,-5,-3,-4,-3,-4,-3,-3,-3,-3,-2,-3,-3,-1,-1,0,0,0,0,0,0,0,0,0,0,0,0,0,0,0,0,0,0,-3,-2,-11,-7,-11,-7,-11,-8,-11,-9,-11,-9,-11,-10,-11,-10,-10,-11,-10,-11,-10,-11,-10,-12,-10,-12,-10,-12,-10,-11,-10,-11,-11,-11,-11,-10,-10,-10,-10,-10,-11,-9,-11,-9,-11,-8,-11,-8,-11,-8,-12,-8,-11,-8,-12,-10,-39,-31,-38,-31,-36,-30,-34,-28,-32,-27,-31,-24,-30,-23,-29,-21,-29,-18,-29,-17,-29,-16,-29,-15,-28,-14,-27,-13,-26,-13,-24,-12,-22,-12,-20,-11,-19,-12,-17,-12,-16,-11,-14,-11,-12,-11,-11,-10,-9,-9,-7,-9,-3,-9,-2,-8,-1,-2,-1,-1,-1,-1,0,0,0,0,-3,-2,-7,-5,-37,-28,-35,-30,-36,-30,-34,-33,-33,-36,-32,-38,-33,-40,-33,-42,-33,-43,-32,-44,-31,-45,-30,-46,-30,-46,-30,-47,-31,-47,-30,-46,-30,-44,-31,-43,-32,-42,-32,-41,-32,-40,-33,-38,-34,-37,-35,-36,-36,-35,-37,-34,-38,-33,-38,-33]"
CSI_DATA,167,5c:01:3b:6b:b0:95,-43,11,1,5,0,1,1,1,0,0,0,-97,1,11,0,12255108,0,86,1,256,1,"[86,-32,4,0,8,8,8,8,7,7,7,6,7,6,7,5,7,5,6,4,6,4,6,4,6,4,6,3,5,3,5,3,5,3,4,3,4,3,4,3,3,2,3,2,2,2,2,2,1,2,1,2,1,1,0,0,0,0,0,0,0,0,0,0,0,0,0,0,0,0,0,0,0,0,2,1,8,8,8,8,7,9,7,10,7,10,7,10,7,11,7,11,6,11,6,12,6,12,6,12,6,12,6,12,6,11,6,11,7,11,7,10,7,10,8,10,8,10,8,9,8,9,8,9,8,9,8,9,7,11,27,36,25,36,24,35,24,32,23,30,23,28,22,26,22,24,21,22,21,21,21,19,20,18,20,18,19,17,18,16,17,16,15,15,14,15,13,14,11,13,10,13,8,12,6,10,5,9,3,8,2,7,-1,7,-2,7,-1,1,-1,0,-1,-1,-1,-1,-1,-1,1,1,4,5,27,34,25,36,27,35,24,37,23,39,21,41,21,43,20,45,20,47,19,47,18,48,18,48,18,49,18,50,17,49,17,49,17,48,18,47,18,46,19,45,20,44,21,43,22,42,23,41,24,40,26,40,26,40,26,39]"
CSI_DATA,168,5c:01:3b:6b:b0:95,-46,11,1,4,0,1,1,1,0,0,0,-97,1,11,0,12276856,0,86,1,256,1,"[86,-32,4,0,13,-22,13,-21,12,-20,11,-19,11,-18,10,-18,9,-17,8,-17,7,-17,7,-17,6,-16,5,-15,6,-15,6,-14,6,-14,6,-13,6,-12,6,-11,6,-10,6,-9,6,-8,6,-6,5,-6,5,-5,5,-5,1,-1,0,0,0,0,0,0,0,0,0,0,0,0,0,0,0,0,0,0,3,-6,12,-21,13,-21,14,-21,16,-21,17,-21,18,-21,19,-21,20,-21,21,-20,21,-20,22,-21,22,-21,21,-20,20,-20,20,-20,20,-20,19,-20,18,-20,18,-21,17,-21,17,-21,16,-21,15,-21,15,-22,15,-23,16,-23,9,-12,31,-37,31,-36,29,-35,28,-34,26,-33,24,-33,23,-32,21,-30,19,-30,18,-30,17,-29,16,-28,15,-27,15,-26,15,-25,15,-24,15,-22,14,-20,14,-18,14,-17,14,-15,13,-13,12,-11,12,-9,11,-8,11,-6,11,-3,11,-2,1,-1,0,-1,-1,0,-1,1,-1,0,1,-3,4,-7,25,-37,28,-35,29,-36,31,-35,34,-35,36,-35,37,-34,39,-34,41,-33,43,-32,44,-31,45,-31,46,-32,46,-32,46,-31,45,-31,44,-31,43,-31,41,-32,40,-32,38,-34,37,-35,36,-36,36,-37,35,-37,34,-38,34,-38,34,-39]"
CSI_DATA,169,5c:01:3b:6b:b0:95,-46,11,1,4,0,1,1,1,0,0,0,-97,1,11,0,12296785,0,86,1,256,1,"[86,-32,4,0,-7,23,-7,22,-6,21,-5,20,-5,19,-4,18,-4,17,-3,17,-3,16,-2,16,-2,15,-2,14,-2,14,-2,13,-2,13,-2,12,-3,12,-3,11,-3,9,-4,8,-4,7,-4,6,-4,6,-5,5,-5,4,-2,1,0,0,0,0,0,0,0,0,0,0,0,0,0,0,0,0,0,0,-2,5,-6,22,-7,22,-9,23,-10,23,-11,24,-12,24,-13,24,-14,24,-14,24,-15,24,-15,25,-15,25,-15,24,-14,24,-14,23,-14,24,-13,23,-12,23,-11,23,-10,23,-10,23,-9,23,-8,24,-8,24,-8,25,-8,25,-9,12,-24,40,-24,39,-23,37,-22,36,-20,35,-19,35,-17,32,-16,31,-14,29,-13,29,-12,29,-11,28,-10,27,-10,26,-10,25,-11,23,-11,21,-11,19,-12,18,-12,16,-12,14,-11,12,-11,11,-11,9,-11,8,-11,6,-12,3,-12,2,-3,0,-1,0,0,-1,0,-2,0,-1,-1,2,-4,6,-21,38,-24,37,-21,39,-24,39,-27,39,-29,39,-31,39,-33,38,-35,38,-36,38,-37,37,-38,38,-38,39,-38,39,-38,39,-38,38,-37,38,-36,37,-35,37,-33,37,-32,38,-30,39,-29,40,-28,40,-27,41,-26,42,-25,43,-25,43]"
CSI_DATA,170,5c:01:3b:6b:b0:95,-46,11,1,4,0,1,1,1,0,0,0,-97,1,11,0,12320321,0,86,1,256,1,"[86,-32,4,0,24,-9,23,-9,21,-9,20,-8,19,-8,18,-8,17,-9,16,-9,15,-10,14,-9,14,-9,13,-8,13,-9,13,-9,12,-8,12,-7,11,-7,10,-6,10,-5,9,-4,9,-3,8,-2,7,-2,7,-1,6,-1,1,-1,0,0,0,0,0,0,0,0,0,0,0,0,0,0,0,0,0,0,5,-2,22,-8,23,-7,24,-6,25,-5,26,-5,27,-4,27,-4,28,-3,28,-3,29,-2,29,-2,29,-2,29,-1,28,-2,28,-2,28,-3,27,-4,26,-5,26,-5,26,-6,26,-6,26,-7,25,-8,25,-8,26,-9,26,-9,14,-2,47,-5,46,-5,44,-5,42,-5,40,-6,38,-7,36,-7,34,-8,33,-9,31,-9,30,-10,29,-10,28,-10,27,-9,26,-9,25,-8,24,-6,23,-5,22,-4,20,-3,19,-2,17,-1,15,0,14,1,12,2,11,3,9,6,7,6,1,1,0,0,-1,-1,-2,0,-1,-1,2,-1,7,-1,43,-3,44,-1,44,-4,46,-2,47,1,48,2,49,4,50,5,51,7,52,8,52,9,52,10,53,10,54,10,53,10,52,10,52,9,51,8,50,7,49,6,49,4,49,2,49,0,49,-2,49,-3,49,-3,50,-4,50,-5]"
CSI_DATA,171,5c:01:3b:6b:b0:95,-48,11,1,5,0,1,1,1,0,0,0,-97,1,11,0,12335241,0,86,1,256,1,"[86,-32,4,0,19,18,19,18,18,16,17,16,17,15,17,14,16,12,15,11,14,10,14,10,14,10,14,9,13,9,12,8,12,8,11,9,10,9,9,8,7,8,6,8,6,7,5,7,4,7,3,6,2,6,0,1,0,0,0,0,0,0,0,0,0,0,0,0,0,0,0,0,0,0,4,4,18,17,18,18,17,20,17,21,17,22,17,23,17,24,16,24,16,25,15,26,15,26,15,27,15,27,15,26,15,25,15,24,16,23,16,23,17,23,18,22,18,22,19,21,19,20,19,21,20,21,20,20,10,11,34,38,33,37,32,36,31,35,30,33,29,31,28,28,28,26,28,24,27,22,27,21,26,20,25,19,24,19,23,18,22,18,20,18,18,17,17,16,15,16,12,15,10,15,8,14,7,14,5,13,3,12,1,11,-1,11,-1,2,-1,0,-1,-1,-2,-1,-1,-1,2,1,6,5,35,30,33,33,32,35,31,38,29,41,29,43,28,45,28,47,28,49,27,50,26,51,26,52,26,52,26,53,26,52,25,52,25,51,26,50,27,48,27,47,28,46,30,45,31,44,32,43,33,42,34,41,35,41,35,40]"
CSI_DATA,172,5c:01:3b:6b:b0:95,-48,11,1,5,0,1,1,1,0,0,0,-97,1,11,0,12355414,0,86,1,256,1,"[86,-32,4,0,9,-23,8,-22,8,-21,7,-20,7,-19,6,-19,5,-18,5,-18,4,-17,3,-17,3,-16,2,-15,3,-15,3,-15,3,-14,3,-13,4,-12,4,-12,4,-11,4,-9,4,-8,4,-7,4,-6,4,-6,5,-5,1,-2,0,0,0,0,0,0,0,0,0,0,0,0,0,0,0,0,0,0,1,-6,8,-22,9,-22,10,-23,11,-23,12,-23,13,-23,14,-23,15,-23,16,-23,16,-23,16,-24,16,-23,16,-23,16,-22,15,-22,15,-22,14,-23,14,-23,13,-23,12,-23,12,-23,11,-23,11,-23,10,-24,10,-24,10,-25,7,-13,22,-41,22,-41,21,-39,20,-38,19,-36,18,-35,16,-34,15,-33,13,-32,11,-31,10,-31,9,-30,9,-29,9,-28,9,-26,9,-24,10,-23,10,-21,10,-20,10,-18,10,-16,10,-14,10,-13,9,-11,9,-9,9,-8,10,-4,10,-3,1,-1,0,-1,-1,0,-1,1,-1,0,0,-3,2,-8,16,-39,18,-39,19,-40,22,-40,25,-39,27,-39,29,-39,31,-39,33,-39,35,-39,36,-39,36,-38,36,-39,36,-40,36,-39,36,-39,35,-38,34,-39,33,-39,31,-39,30,-39,29,-40,28,-40,27,-42,25,-42,24,-43,24,-43,24,-43]"
CSI_DATA,173,5c:01:3b:6b:b0:95,-46,11,1,4,0,1,1,1,0,0,0,-97,1,11,0,12376701,0,86,1,256,1,"[86,-32,4,0,21,-9,21,-9,20,-9,18,-9,17,-9,16,-8,15,-8,14,-9,14,-10,13,-9,13,-8,12,-8,11,-8,11,-8,11,-8,10,-7,9,-6,9,-5,8,-5,8,-4,7,-2,7,-2,6,-1,5,-1,5,0,1,0,0,0,0,0,0,0,0,0,0,0,0,0,0,0,0,0,0,0,5,-3,21,-9,22,-8,23,-7,24,-7,25,-6,25,-6,26,-5,26,-5,27,-4,28,-3,29,-3,28,-2,28,-2,27,-2,26,-3,26,-4,25,-5,25,-6,24,-6,24,-6,24,-7,24,-8,24,-8,24,-8,24,-8,24,-9,14,-4,45,-11,44,-11,42,-10,40,-11,38,-11,36,-11,34,-11,32,-11,31,-12,30,-13,29,-14,27,-14,26,-13,25,-12,24,-11,24,-10,23,-9,21,-8,20,-7,19,-5,17,-4,16,-2,15,-2,13,-1,12,1,11,2,10,4,8,5,1,0,0,0,-1,-1,-2,0,-1,0,2,-2,7,-3,41,-14,42,-12,43,-11,45,-9,47,-7,48,-5,49,-4,50,-2,51,-1,52,1,53,2,54,3,55,2,55,2,54,2,53,2,52,1,51,1,50,0,49,-2,49,-3,49,-5,48,-6,48,-8,48,-9,48,-10,48,-11,49,-11]"
CSI_DATA,174,5c:01:3b:6b:b0:95,-46,11,1,4,0,1,1,1,0,0,0,-97,1,11,0,12397095,0,86,1,256,1,"[86,-32,4,0,21,-14,20,-14,19,-13,17,-13,17,-12,16,-12,15,-12,14,-12,13,-13,12,-13,11,-12,10,-11,10,-11,10,-11,10,-10,10,-9,10,-9,9,-8,9,-7,8,-6,8,-4,7,-3,7,-3,6,-3,6,-2,1,-1,0,0,0,0,0,0,0,0,0,0,0,0,0,0,0,0,0,0,4,-4,19,-14,20,-13,22,-13,23,-12,24,-12,25,-12,26,-11,26,-10,26,-10,27,-10,27,-11,27,-11,27,-10,26,-10,26,-10,26,-10,25,-11,24,-11,24,-11,24,-12,23,-12,23,-13,22,-13,22,-14,23,-15,23,-16,13,-4,44,-15,43,-14,41,-13,39,-13,37,-13,36,-14,34,-14,32,-14,30,-14,29,-15,27,-16,26,-16,25,-15,25,-14,24,-13,23,-12,22,-10,21,-9,20,-8,19,-6,18,-5,16,-4,15,-3,13,-2,12,-1,11,0,10,5,9,5,1,1,0,0,-1,-1,-2,0,-1,0,2,-1,7,-3,41,-12,43,-9,41,-15,43,-13,45,-11,47,-9,48,-8,49,-6,50,-5,52,-3,52,-2,52,-2,53,-3,53,-4,53,-3,52,-3,52,-3,51,-3,49,-4,48,-6,48,-7,48,-9,47,-10,47,-11,46,-13,46,-14,47,-15,47,-16]"
CSI_DATA,175,5c:01:3b:6b:b0:95,-42,11,1,4,0,1,1,1,0,0,0,-97,1,11,0,12422057,0,86,1,256,1,"[86,-32,4,0,2,12,3,11,3,10,3,10,3,9,2,9,2,8,2,8,3,7,3,7,3,7,3,6,3,6,3,6,2,6,2,5,1,5,1,5,1,4,0,4,0,3,0,3,0,3,0,2,-1,2,-1,0,0,0,0,0,0,0,0,0,0,0,0,0,0,0,0,0,0,0,0,2,3,11,3,11,2,12,2,12,2,13,1,13,1,14,0,14,0,14,0,14,-1,15,-1,15,-1,14,0,14,-1,14,0,14,0,13,1,13,1,13,1,13,2,13,2,12,2,12,3,13,2,13,2,13,0,14,2,47,2,45,3,44,3,41,3,40,4,39,4,37,4,34,5,32,6,30,6,29,7,28,7,27,7,26,6,25,6,23,5,22,3,20,2,19,1,17,0,16,-1,14,-2,13,-2,11,-3,10,-3,9,-5,7,-5,6,-1,1,-1,0,-1,-1,-1,-2,-1,-1,0,2,1,7,7,44,4,44,6,45,3,46,0,48,-2,50,-3,50,-5,51,-7,52,-8,53,-9,53,-10,54,-10,55,-10,55,-11,54,-11,53,-11,52,-10,51,-9,50,-7,49,-5,49,-4,49,-2,49,-1,50,1,50,2,50,3,50,2,50]"
CSI_DATA,176,5c:01:3b:6b:b0:95,-44,11,1,5,0,1,1,1,0,0,0,-97,1,11,0,12434897,0,86,1,256,1,"[86,-32,4,0,-7,-11,-7,-10,-6,-9,-6,-9,-6,-8,-6,-8,-6,-7,-6,-7,-5,-7,-6,-7,-6,-6,-6,-6,-5,-5,-5,-5,-5,-5,-4,-5,-4,-5,-3,-4,-3,-4,-3,-4,-2,-3,-2,-3,-1,-3,-1,-3,-1,-3,-1,-1,0,0,0,0,0,0,0,0,0,0,0,0,0,0,0,0,0,0,-2,-3,-7,-11,-7,-11,-7,-11,-6,-12,-6,-12,-6,-12,-6,-13,-5,-13,-5,-14,-4,-14,-4,-14,-4,-14,-4,-14,-4,-14,-5,-14,-5,-13,-5,-13,-5,-12,-6,-12,-6,-12,-6,-11,-6,-11,-6,-11,-7,-11,-7,-11,-6,-12,-6,-14,-20,-42,-19,-41,-18,-39,-17,-38,-16,-35,-17,-34,-17,-32,-17,-30,-17,-28,-16,-27,-17,-26,-16,-24,-16,-23,-16,-21,-15,-20,-14,-19,-12,-18,-11,-17,-10,-16,-8,-15,-7,-14,-6,-13,-5,-12,-3,-11,-2,-10,-1,-8,1,-6,2,-5,0,-1,0,-1,-1,-1,0,1,0,0,-2,-2,-4,-7,-20,-38,-18,-39,-20,-40,-19,-42,-17,-44,-16,-45,-15,-47,-14,-48,-12,-50,-11,-51,-10,-52,-8,-52,-8,-53,-8,-53,-8,-53,-8,-53,-9,-51,-10,-51,-11,-49,-12,-48,-12,-47,-14,-46,-15,-46,-16,-46,-17,-45,-18,-44,-19,-44,-19,-43]"
CSI_DATA,177,5c:01:3b:6b:b0:95,-46,11,1,4,0,1,1,1,0,0,0,-97,1,11,0,12457277,0,86,1,256,1,"[86,-32,4,0,24,3,24,3,22,2,21,2,21,1,20,1,19,0,18,-1,17,-1,16,-1,16,-1,15,-1,15,-1,14,-2,14,-1,13,-1,12,0,11,0,10,0,9,1,9,2,8,2,7,2,6,2,5,3,1,0,0,0,0,0,0,0,0,0,0,0,0,0,0,0,0,0,0,0,5,0,23,4,23,5,24,6,25,7,25,8,25,8,26,9,26,10,26,11,26,11,26,12,26,12,26,12,25,12,25,11,25,10,25,9,25,8,25,8,25,7,25,6,25,6,25,5,26,5,26,5,27,4,13,4,45,13,44,13,42,13,40,11,39,10,37,9,36,8,34,6,33,5,32,4,31,3,30,2,29,2,28,2,27,2,26,3,25,3,23,4,21,4,19,5,17,5,15,6,13,6,11,6,10,7,8,7,6,9,5,9,0,1,0,0,-1,-1,-2,-1,-1,-1,2,0,7,1,42,10,42,12,43,13,43,16,44,19,44,21,44,22,45,24,45,26,45,28,45,29,45,30,46,30,46,30,45,29,45,29,44,28,44,27,44,26,44,24,44,22,45,21,45,19,46,18,46,17,46,16,47,15,48,15]"
CSI_DATA,178,5c:01:3b:6b:b0:95,-46,11,1,4,0,1,1,1,0,0,0,-97,1,11,0,12477133,0,86,1,256,1,"[86,-32,4,0,2,-26,2,-25,1,-23,1,-22,0,-21,0,-20,0,-19,-1,-19,-1,-18,-2,-18,-2,-17,-3,-16,-2,-16,-1,-15,-1,-15,-1,-14,0,-13,0,-13,1,-12,1,-11,1,-9,1,-8,2,-7,2,-7,3,-7,0,-2,0,0,0,0,0,0,0,0,0,0,0,0,0,0,0,0,0,0,0,-6,3,-24,4,-24,5,-25,6,-26,7,-26,8,-27,9,-27,10,-27,10,-27,10,-27,11,-28,11,-28,11,-27,10,-27,10,-27,9,-27,8,-26,7,-26,7,-26,6,-26,5,-26,5,-26,4,-26,3,-26,3,-27,4,-28,4,-15,12,-46,12,-45,12,-44,11,-42,10,-40,9,-40,7,-38,6,-36,5,-34,4,-33,3,-33,2,-32,2,-31,2,-30,3,-28,3,-27,3,-25,4,-23,5,-22,5,-20,6,-19,6,-17,6,-15,6,-13,7,-11,7,-10,9,-6,9,-5,1,-1,0,-1,-1,0,-1,1,-1,0,0,-3,1,-8,11,-43,13,-42,12,-44,15,-44,18,-45,20,-46,21,-46,23,-46,25,-46,27,-46,28,-46,28,-46,29,-47,29,-47,29,-46,28,-46,28,-46,26,-45,25,-45,23,-45,21,-46,20,-47,19,-47,18,-47,16,-47,15,-47,14,-48,14,-49]"
CSI_DATA,179,5c:01:3b:6b:b0:95,-48,11,1,5,0,1,1,1,0,0,0,-97,1,11,0,12495292,0,86,1,256,1,"[86,-32,4,0,-13,7,-13,7,-12,7,-11,6,-11,6,-10,6,-10,6,-9,6,-8,6,-8,6,-8,5,-8,5,-7,5,-7,5,-7,5,-7,4,-6,4,-6,3,-6,2,-5,2,-5,1,-5,1,-4,0,-4,0,-3,0,-1,0,0,0,0,0,0,0,0,0,0,0,0,0,0,0,0,0,0,0,-3,1,-13,7,-13,7,-14,6,-15,6,-15,6,-16,6,-16,5,-17,5,-17,5,-17,5,-17,5,-17,5,-17,5,-17,4,-17,4,-17,5,-16,5,-15,5,-15,5,-15,6,-15,6,-15,6,-14,7,-14,7,-14,8,-14,8,-9,3,-26,12,-26,11,-25,11,-23,11,-22,10,-21,10,-20,10,-19,10,-17,10,-17,10,-16,10,-15,10,-15,9,-14,9,-14,8,-13,7,-13,7,-12,6,-11,5,-11,4,-10,3,-9,2,-9,1,-8,0,-7,0,-6,-1,-6,-2,-5,-2,-1,-1,-1,-1,-1,-1,0,-1,0,-1,-2,0,-5,2,-24,13,-24,12,-25,12,-26,11,-28,9,-29,9,-30,8,-31,7,-32,7,-33,6,-33,6,-33,5,-33,5,-33,6,-33,5,-33,5,-32,5,-32,6,-31,7,-30,7,-30,8,-29,8,-29,9,-29,10,-28,11,-27,11,-27,12,-27,12]"
CSI_DATA,180,5c:01:3b:6b:b0:95,-44,11,1,5,0,1,1,1,0,0,0,-97,1,11,0,12515175,0,86,1,256,1,"[86,-32,4,0,-1,11,-1,10,0,10,0,10,0,9,0,8,0,8,0,8,1,7,1,7,1,6,1,6,1,6,1,5,1,5,1,5,0,5,0,5,0,4,-1,4,-1,3,-1,2,-1,2,-1,2,-1,2,-1,0,0,0,0,0,0,0,0,0,0,0,0,0,0,0,0,0,0,0,0,2,0,11,-1,11,-2,12,-2,12,-2,12,-3,12,-4,13,-4,13,-4,13,-4,13,-5,13,-5,13,-5,13,-4,13,-4,12,-4,12,-4,12,-3,12,-3,12,-2,12,-2,12,-2,12,-2,12,-1,12,-1,12,-1,12,-4,13,-8,44,-9,43,-8,41,-6,40,-6,38,-6,36,-5,34,-3,33,-2,31,-1,30,0,29,0,27,0,27,0,26,0,25,-1,23,-1,22,-1,21,-2,19,-3,16,-4,15,-4,12,-4,11,-4,9,-4,8,-4,8,-7,6,-6,6,-2,1,-1,0,-1,-1,-1,-2,-1,-1,0,2,-1,7,-3,42,-7,42,-7,43,-10,43,-13,44,-15,45,-17,46,-19,46,-21,47,-22,47,-23,47,-23,47,-23,48,-24,48,-24,47,-23,47,-22,46,-21,45,-20,45,-18,45,-17,45,-16,45,-15,46,-13,46,-12,46,-10,46,-10,46,-10,46]"
CSI_DATA,181,5c:01:3b:6b:b0:95,-42,11,1,4,0,1,1,1,0,0,0,-97,1,11,0,12536924,0,86,1,256,1,"[86,-32,4,0,-13,0,-13,0,-12,0,-12,0,-11,0,-11,0,-10,1,-9,1,-9,1,-8,1,-8,1,-8,1,-8,1,-7,2,-7,1,-7,1,-6,1,-6,1,-5,0,-5,0,-5,0,-5,0,-4,-1,-3,-1,-3,-1,-1,-1,0,0,0,0,0,0,0,0,0,0,0,0,0,0,0,0,0,0,-4,0,-13,0,-13,-1,-13,-1,-14,-2,-14,-3,-14,-3,-15,-3,-15,-3,-15,-4,-15,-4,-15,-4,-15,-5,-15,-5,-15,-4,-15,-4,-15,-3,-14,-3,-14,-3,-14,-2,-14,-2,-14,-2,-14,-2,-14,-1,-14,-1,-14,0,-14,0,-15,-3,-47,-8,-46,-8,-44,-8,-42,-7,-40,-6,-39,-5,-38,-5,-36,-4,-35,-2,-34,-1,-33,1,-31,2,-30,2,-29,1,-28,1,-27,0,-25,-1,-23,-1,-21,-2,-20,-2,-18,-3,-17,-3,-15,-3,-13,-3,-11,-4,-11,-4,-8,-5,-7,-5,-2,-1,-1,-1,-1,-1,1,0,0,0,-3,0,-9,-1,-46,-3,-46,-6,-47,-7,-48,-11,-49,-14,-49,-17,-49,-18,-49,-20,-50,-21,-50,-23,-50,-24,-51,-25,-52,-24,-53,-24,-51,-23,-51,-23,-50,-22,-49,-22,-49,-21,-48,-19,-48,-18,-48,-17,-49,-15,-49,-14,-49,-12,-49,-10,-51,-8,-51,-7]"
CSI_DATA,182,5c:01:3b:6b:b0:95,-47,11,1,4,0,1,1,1,0,0,0,-97,1,11,0,12555167,0,86,1,256,1,"[86,-32,4,0,-11,21,-11,20,-10,19,-9,18,-8,17,-8,16,-7,16,-6,16,-6,15,-6,15,-5,14,-5,13,-5,13,-5,12,-5,12,-5,11,-5,10,-5,9,-5,8,-5,7,-5,6,-5,5,-5,4,-5,4,-5,3,-2,0,0,0,0,0,0,0,0,0,0,0,0,0,0,0,0,0,0,0,-3,5,-11,20,-12,20,-14,21,-15,21,-16,21,-17,21,-18,21,-18,21,-19,21,-20,20,-21,21,-21,20,-21,20,-20,20,-19,20,-18,20,-17,20,-16,20,-16,21,-15,21,-14,21,-14,21,-14,21,-14,22,-14,22,-14,22,-11,9,-33,31,-32,31,-31,30,-30,28,-28,28,-27,27,-25,26,-23,25,-21,24,-20,24,-19,24,-18,24,-17,23,-17,22,-16,20,-16,19,-15,17,-15,15,-15,14,-15,12,-15,10,-14,9,-13,7,-12,6,-12,4,-11,3,-12,-1,-11,-2,-2,-1,-1,-1,0,-1,0,-1,0,-1,-2,1,-6,5,-33,30,-35,28,-31,32,-33,30,-36,30,-38,29,-40,29,-41,28,-43,27,-44,26,-45,25,-46,25,-47,26,-48,27,-47,26,-47,25,-46,25,-44,26,-43,26,-41,26,-40,28,-39,29,-38,30,-38,31,-37,31,-36,32,-35,33,-35,34]"
CSI_DATA,183,5c:01:3b:6b:b0:95,-46,11,1,4,0,1,1,1,0,0,0,-97,1,11,0,12575094,0,86,1,256,1,"[86,-32,4,0,-5,-14,-5,-13,-5,-12,-5,-12,-5,-11,-5,-11,-5,-10,-5,-9,-5,-9,-5,-9,-5,-8,-5,-8,-5,-8,-4,-7,-4,-7,-3,-7,-3,-7,-3,-7,-2,-6,-2,-6,-1,-5,-1,-5,-1,-4,0,-4,0,-4,0,-1,0,0,0,0,0,0,0,0,0,0,0,0,0,0,0,0,0,0,-2,-4,-6,-13,-6,-13,-5,-14,-5,-15,-4,-15,-4,-16,-4,-16,-3,-16,-3,-16,-3,-17,-3,-17,-3,-17,-2,-17,-3,-16,-3,-16,-3,-16,-3,-16,-3,-15,-4,-15,-4,-15,-5,-15,-5,-15,-5,-14,-6,-14,-6,-15,-6,-15,-2,-9,-5,-27,-4,-26,-4,-25,-4,-24,-4,-23,-5,-23,-4,-22,-4,-20,-5,-19,-6,-18,-6,-17,-7,-17,-7,-16,-6,-16,-5,-15,-4,-14,-4,-14,-3,-13,-2,-13,-2,-12,-1,-11,0,-10,0,-9,0,-8,1,-7,1,-6,3,-5,3,-5,0,-1,0,-1,-1,0,0,0,0,0,-1,-2,-2,-5,-6,-24,-4,-25,-6,-26,-4,-27,-3,-28,-2,-29,-1,-29,0,-29,2,-30,2,-30,3,-30,3,-30,2,-31,2,-32,2,-31,2,-31,2,-31,2,-30,2,-29,1,-29,0,-29,-1,-29,-1,-29,-2,-29,-3,-28,-5,-28,-6,-28,-6,-29]"
CSI_DATA,184,5c:01:3b:6b:b0:95,-47,11,1,3,0,1,1,1,0,0,0,-97,1,11,0,12597264,0,86,1,256,1,"[86,-32,4,0,-19,-17,-18,-16,-17,-15,-17,-14,-17,-13,-16,-12,-16,-11,-15,-10,-14,-9,-14,-9,-14,-9,-13,-9,-13,-8,-12,-8,-12,-8,-11,-8,-9,-7,-8,-7,-7,-7,-6,-6,-6,-7,-5,-7,-4,-6,-3,-6,-3,-5,-1,-2,0,0,0,0,0,0,0,0,0,0,0,0,0,0,0,0,0,0,-5,-4,-18,-15,-18,-17,-18,-18,-18,-19,-18,-20,-18,-21,-18,-21,-18,-22,-17,-23,-17,-24,-16,-25,-16,-25,-16,-25,-16,-24,-16,-23,-17,-22,-17,-21,-17,-21,-17,-20,-18,-20,-19,-19,-19,-19,-19,-18,-19,-19,-20,-19,-19,-18,-11,-11,-36,-34,-35,-34,-33,-32,-32,-30,-30,-29,-29,-27,-28,-25,-28,-24,-28,-22,-28,-20,-27,-19,-27,-18,-26,-17,-25,-17,-23,-16,-22,-16,-21,-16,-19,-15,-17,-15,-15,-15,-13,-15,-11,-14,-9,-14,-8,-13,-6,-12,-5,-11,-3,-11,-1,-10,0,-2,0,-1,0,0,1,0,0,0,-3,-2,-7,-5,-36,-27,-35,-29,-35,-31,-34,-34,-33,-37,-32,-40,-31,-41,-30,-43,-30,-45,-29,-46,-29,-47,-29,-48,-29,-48,-29,-48,-29,-48,-29,-47,-29,-47,-29,-46,-29,-44,-29,-42,-30,-41,-31,-40,-32,-40,-33,-39,-34,-38,-35,-37,-36,-37,-37,-36]"
CSI_DATA,185,5c:01:3b:6b:b0:95,-46,11,1,4,0,1,1,1,0,0,0,-97,1,11,0,12618872,0,86,1,256,1,"[86,-32,4,0,-16,5,-15,5,-14,5,-14,5,-13,5,-12,5,-12,5,-11,5,-11,5,-10,5,-10,5,-10,4,-9,4,-9,4,-9,4,-8,4,-8,3,-8,3,-7,2,-7,2,-6,1,-6,0,-6,0,-5,0,-5,-1,-2,-1,0,0,0,0,0,0,0,0,0,0,0,0,0,0,0,0,0,0,-4,1,-15,6,-15,5,-16,4,-17,4,-17,4,-18,3,-18,3,-18,3,-19,2,-19,2,-19,2,-20,2,-19,1,-19,1,-18,2,-19,2,-18,3,-18,3,-17,3,-17,4,-17,4,-17,4,-17,5,-17,5,-17,5,-17,6,-10,0,-31,4,-30,3,-29,3,-28,3,-26,3,-26,4,-24,4,-23,4,-22,4,-21,5,-21,5,-20,5,-19,5,-19,5,-18,5,-18,4,-17,3,-16,2,-15,2,-14,1,-13,0,-12,-1,-11,-1,-10,-2,-9,-2,-8,-3,-7,-4,-6,-4,-1,-1,-1,-1,0,-1,0,-1,0,-1,-2,0,-5,0,-28,4,-29,2,-29,4,-30,3,-32,1,-32,0,-33,-1,-34,-2,-34,-3,-34,-4,-35,-5,-35,-5,-36,-4,-36,-4,-35,-5,-35,-5,-35,-4,-34,-4,-34,-4,-33,-3,-33,-2,-33,0,-32,0,-32,1,-32,2,-32,3,-33,3,-33,4]"
CSI_DATA,186,5c:01:3b:6b:b0:95,-42,11,1,4,0,1,1,1,0,0,0,-97,1,11,0,12635139,0,86,1,256,1,"[86,-32,4,0,1,12,1,12,1,11,1,10,1,10,1,9,1,9,2,8,2,8,2,7,2,7,2,7,2,6,2,6,1,6,1,6,1,5,1,5,0,5,0,4,0,3,0,3,-1,3,-1,2,-1,2,-1,0,0,0,0,0,0,0,0,0,0,0,0,0,0,0,0,0,0,0,0,2,1,12,1,12,0,12,0,13,-1,13,-1,13,-2,14,-2,14,-2,14,-2,14,-3,14,-3,14,-3,14,-3,14,-2,14,-2,13,-2,13,-1,13,-1,13,-1,13,0,13,0,13,0,12,0,12,1,13,1,14,-4,14,-9,46,-9,44,-9,43,-8,41,-7,39,-6,38,-5,35,-4,33,-3,32,-2,31,-1,30,0,29,0,28,0,27,-1,25,-1,24,-2,22,-1,21,-2,20,-3,18,-3,16,-4,14,-4,12,-5,11,-5,9,-5,8,-8,6,-8,6,-2,1,-1,0,0,-1,0,-2,0,-1,-1,2,-2,7,-7,43,-9,43,-5,44,-8,45,-11,46,-14,47,-16,47,-18,47,-21,48,-22,48,-23,48,-23,48,-22,49,-22,50,-22,49,-23,49,-22,48,-22,46,-21,45,-19,46,-17,46,-16,47,-14,47,-13,47,-11,46,-10,47,-9,48,-8,50]"
CSI_DATA,187,5c:01:3b:6b:b0:95,-46,11,1,4,0,1,1,1,0,0,0,-97,1,11,0,12655113,0,86,1,256,1,"[86,-32,4,0,-6,-14,-6,-13,-6,-12,-6,-12,-6,-11,-6,-11,-6,-10,-6,-10,-6,-10,-6,-9,-6,-8,-6,-8,-5,-8,-5,-8,-5,-7,-4,-7,-4,-7,-3,-7,-3,-7,-2,-6,-2,-5,-2,-5,-1,-5,-1,-5,0,-4,0,-1,0,0,0,0,0,0,0,0,0,0,0,0,0,0,0,0,0,0,-2,-4,-6,-13,-6,-14,-5,-14,-5,-15,-5,-15,-4,-16,-4,-16,-4,-17,-3,-17,-3,-17,-3,-17,-3,-17,-3,-17,-3,-17,-3,-16,-3,-16,-4,-16,-4,-15,-4,-15,-5,-15,-5,-15,-5,-15,-6,-14,-6,-14,-6,-15,-6,-15,-2,-9,-6,-26,-6,-26,-6,-25,-6,-24,-6,-23,-6,-23,-6,-21,-6,-20,-6,-19,-7,-18,-7,-18,-7,-17,-7,-16,-7,-16,-6,-15,-5,-14,-5,-13,-4,-13,-3,-12,-3,-12,-2,-11,-2,-10,-1,-9,-1,-8,0,-7,1,-7,3,-5,3,-5,0,-1,0,-1,-1,0,0,0,-1,0,-1,-2,-2,-5,-7,-25,-5,-26,-7,-26,-5,-27,-4,-28,-3,-29,-3,-29,-2,-30,-1,-30,0,-31,1,-31,1,-31,1,-32,1,-32,1,-32,1,-31,1,-31,0,-30,0,-30,-1,-29,-2,-29,-3,-29,-3,-29,-4,-29,-5,-28,-6,-28,-6,-28,-6,-29]"
CSI_DATA,188,5c:01:3b:6b:b0:95,-46,11,1,4,0,1,1,1,0,0,0,-97,1,11,0,12675085,0,86,1,256,1,"[86,-32,4,0,22,-11,21,-11,20,-11,19,-10,17,-10,16,-10,15,-10,14,-10,14,-10,13,-10,12,-9,12,-9,12,-9,12,-9,11,-9,11,-7,10,-7,9,-6,8,-5,8,-5,8,-3,7,-2,6,-1,6,-1,5,-1,1,-1,0,0,0,0,0,0,0,0,0,0,0,0,0,0,0,0,0,0,5,-3,20,-11,22,-11,23,-10,24,-10,25,-9,26,-9,26,-9,26,-8,27,-8,28,-7,28,-6,29,-6,28,-6,27,-5,27,-6,27,-7,26,-8,25,-8,25,-9,24,-9,24,-10,24,-10,23,-10,24,-10,24,-11,24,-12,13,-4,44,-12,43,-11,42,-11,40,-12,38,-12,36,-13,34,-13,32,-13,30,-13,29,-14,28,-14,27,-14,26,-13,25,-13,24,-12,24,-11,23,-9,21,-8,20,-7,18,-6,17,-4,15,-3,14,-2,13,-1,12,0,11,1,9,5,8,5,1,0,0,0,-1,-1,-2,0,-1,0,2,-2,7,-3,41,-14,43,-11,42,-14,44,-12,47,-10,48,-8,49,-7,50,-5,51,-4,52,-3,53,-2,54,-1,55,-1,55,-2,54,-1,53,0,52,-1,52,-1,50,-2,49,-4,49,-6,48,-8,48,-9,48,-11,47,-11,47,-12,48,-13,48,-14]"
CSI_DATA,189,5c:01:3b:6b:b0:95,-46,11,1,4,0,1,1,1,0,0,0,-97,1,11,0,12695297,0,86,1,256,1,"[86,-32,4,0,-24,-14,-23,-14,-22,-13,-21,-12,-21,-11,-20,-10,-19,-9,-18,-8,-17,-8,-17,-7,-17,-7,-17,-7,-16,-6,-15,-6,-15,-6,-14,-6,-13,-7,-12,-7,-10,-7,-9,-7,-9,-7,-8,-7,-7,-6,-5,-6,-5,-6,-1,-2,0,0,0,0,0,0,0,0,0,0,0,0,0,0,0,0,0,0,-6,-3,-22,-12,-22,-14,-22,-15,-22,-17,-22,-18,-22,-19,-22,-19,-22,-20,-22,-21,-22,-22,-22,-22,-22,-23,-22,-22,-21,-22,-21,-21,-21,-20,-21,-19,-22,-19,-22,-18,-23,-18,-23,-17,-23,-17,-24,-16,-24,-16,-25,-16,-24,-15,-12,-11,-39,-33,-38,-33,-37,-31,-35,-30,-34,-28,-34,-27,-33,-25,-31,-22,-31,-21,-30,-19,-30,-18,-29,-17,-29,-16,-28,-16,-26,-15,-26,-15,-24,-15,-22,-15,-20,-15,-18,-15,-16,-15,-14,-15,-12,-14,-10,-13,-9,-13,-7,-12,-4,-12,-2,-12,-1,-3,0,-1,0,0,1,0,0,0,-3,-2,-7,-6,-36,-29,-35,-32,-37,-30,-36,-33,-35,-36,-35,-38,-35,-40,-35,-41,-34,-43,-33,-45,-33,-46,-32,-47,-33,-48,-33,-48,-32,-47,-31,-47,-32,-46,-32,-45,-33,-43,-33,-42,-34,-41,-36,-39,-37,-38,-38,-38,-38,-37,-39,-36,-40,-35,-40,-35]"
CSI_DATA,190,5c:01:3b:6b:b0:95,-46,11,1,4,0,1,1,1,0,0,0,-97,1,11,0,12718599,0,86,1,256,1,"[86,-32,4,0,-23,-7,-22,-7,-21,-6,-20,-6,-20,-6,-19,-5,-19,-4,-18,-4,-17,-3,-17,-2,-16,-2,-16,-2,-15,-2,-15,-2,-14,-2,-13,-3,-12,-3,-11,-3,-10,-3,-10,-4,-9,-4,-8,-4,-7,-4,-6,-4,-6,-4,-2,-1,0,0,0,0,0,0,0,0,0,0,0,0,0,0,0,0,0,0,-6,-2,-21,-6,-22,-7,-22,-9,-23,-10,-23,-11,-23,-11,-23,-12,-23,-13,-23,-14,-23,-14,-24,-14,-24,-15,-23,-15,-23,-14,-23,-14,-23,-13,-23,-12,-23,-12,-23,-11,-23,-11,-24,-10,-24,-10,-24,-9,-24,-8,-25,-8,-24,-8,-14,-6,-44,-16,-43,-16,-41,-16,-39,-14,-37,-13,-37,-13,-35,-12,-33,-10,-33,-8,-32,-7,-31,-5,-31,-5,-30,-4,-29,-5,-27,-5,-26,-6,-25,-6,-23,-6,-21,-7,-20,-7,-18,-8,-16,-8,-15,-8,-13,-8,-11,-8,-10,-8,-8,-9,-6,-8,-1,-2,-1,-1,0,-1,1,0,0,0,-3,-1,-8,-1,-40,-6,-40,-9,-41,-13,-41,-16,-41,-19,-42,-22,-42,-23,-42,-25,-42,-27,-42,-28,-42,-29,-42,-30,-43,-29,-43,-29,-43,-29,-42,-29,-42,-29,-42,-28,-41,-27,-41,-25,-41,-24,-42,-23,-42,-22,-43,-20,-43,-19,-44,-18,-45,-17,-46,-16]"
CSI_DATA,191,5c:01:3b:6b:b0:95,-46,11,1,4,0,1,1,1,0,0,0,-97,1,11,0,12737192,0,86,1,256,1,"[86,-32,4,0,-1,15,-1,14,0,14,0,13,0,12,0,12,0,11,1,11,1,11,1,10,1,9,1,9,1,9,1,9,1,8,0,8,0,8,0,7,-1,7,-1,6,-1,5,-1,5,-2,4,-2,4,-2,4,-1,1,0,0,0,0,0,0,0,0,0,0,0,0,0,0,0,0,0,0,0,3,-1,14,-1,14,-2,14,-2,15,-3,15,-3,16,-4,16,-4,16,-5,16,-5,16,-6,17,-6,17,-6,16,-5,16,-5,16,-5,16,-4,16,-4,15,-3,15,-2,15,-2,16,-2,16,-2,15,-1,16,-2,16,-2,16,-2,8,-3,29,-4,28,-3,27,-3,26,-2,25,-2,24,-1,23,-1,21,0,20,0,20,1,19,1,19,1,18,1,18,1,17,0,16,0,15,-1,14,-1,13,-2,12,-3,11,-3,10,-3,9,-4,8,-4,7,-4,7,-5,6,-6,5,-1,0,-1,0,-1,-1,-1,-1,0,-1,0,1,0,4,1,26,0,26,-2,27,-4,27,-6,28,-7,29,-8,29,-9,29,-10,30,-11,30,-12,30,-12,30,-12,30,-12,31,-12,31,-12,30,-12,30,-12,30,-11,29,-10,29,-9,29,-8,29,-7,29,-6,30,-5,30,-4,30,-4,30,-4,31]"
CSI_DATA,192,5c:01:3b:6b:b0:95,-46,11,1,4,0,1,1,1,0,0,0,-97,1,11,0,12756777,0,86,1,256,1,"[86,-32,4,0,-8,-27,-8,-26,-8,-24,-8,-22,-9,-22,-8,-21,-9,-20,-8,-19,-8,-18,-9,-17,-9,-16,-10,-16,-9,-16,-8,-15,-7,-15,-7,-15,-6,-14,-5,-14,-4,-13,-3,-12,-3,-11,-2,-10,-1,-9,0,-9,0,-9,0,-2,0,0,0,0,0,0,0,0,0,0,0,0,0,0,0,0,0,0,-3,-6,-8,-24,-8,-25,-7,-26,-6,-27,-5,-28,-4,-29,-4,-29,-3,-30,-2,-30,-2,-30,-2,-31,-2,-32,-2,-31,-2,-31,-2,-30,-3,-30,-3,-29,-4,-29,-5,-29,-6,-28,-6,-28,-7,-28,-7,-27,-8,-28,-9,-28,-8,-28,-4,-16,-12,-50,-12,-50,-11,-48,-11,-46,-11,-44,-12,-43,-12,-41,-12,-38,-13,-36,-13,-35,-14,-34,-14,-32,-14,-32,-14,-31,-13,-30,-12,-29,-11,-27,-9,-26,-7,-24,-6,-23,-4,-22,-3,-21,-2,-19,-1,-18,0,-16,1,-15,3,-13,5,-12,1,-3,0,-1,-1,0,0,1,0,0,-2,-3,-4,-8,-16,-44,-14,-45,-12,-47,-10,-49,-7,-51,-6,-53,-5,-54,-3,-55,-1,-56,0,-57,2,-57,2,-57,2,-59,2,-59,2,-59,2,-58,2,-57,1,-57,0,-56,-2,-55,-3,-54,-5,-55,-6,-54,-8,-54,-9,-54,-11,-53,-12,-54,-12,-54]"
CSI_DATA,193,5c:01:3b:6b:b0:95,-43,11,1,5,0,1,1,1,0,0,0,-97,1,11,0,12780034,0,86,1,256,1,"[86,-32,4,0,11,-7,10,-7,10,-7,9,-7,9,-7,8,-7,8,-7,7,-7,6,-7,6,-7,6,-6,5,-6,5,-6,5,-6,5,-6,5,-5,5,-5,5,-5,4,-4,4,-4,4,-3,3,-2,3,-2,3,-2,3,-2,0,-1,0,0,0,0,0,0,0,0,0,0,0,0,0,0,0,0,0,0,2,-2,10,-8,10,-8,11,-7,12,-7,12,-6,13,-6,13,-6,13,-5,14,-5,14,-5,14,-5,15,-5,14,-5,13,-5,13,-5,13,-5,13,-5,12,-5,12,-6,12,-6,12,-7,11,-7,11,-7,12,-7,12,-7,12,-8,13,-8,44,-26,43,-25,41,-25,39,-24,37,-23,34,-23,32,-23,31,-23,28,-24,27,-24,26,-24,24,-23,23,-23,22,-22,22,-21,21,-20,20,-18,20,-16,19,-15,18,-13,17,-11,15,-10,14,-9,13,-7,13,-6,12,-5,11,-3,10,-2,1,-1,0,-1,-1,-1,-2,0,-1,0,1,-2,5,-6,33,-30,35,-28,39,-27,41,-25,43,-24,45,-22,48,-21,50,-19,53,-18,55,-17,55,-16,56,-15,56,-15,56,-15,55,-15,54,-15,53,-15,52,-16,50,-16,49,-17,48,-19,47,-21,47,-23,47,-24,46,-24,46,-25,46,-25,46,-26]"
CSI_DATA,194,5c:01:3b:6b:b0:95,-47,11,1,5,0,1,1,1,0,0,0,-97,1,11,0,12798452,0,86,1,256,1,"[86,-32,4,0,13,22,13,21,13,20,13,19,13,18,12,17,12,16,11,15,11,14,11,13,11,13,11,12,11,12,10,12,9,12,9,12,8,11,6,11,5,10,4,10,4,9,3,8,2,8,1,8,1,7,0,1,0,0,0,0,0,0,0,0,0,0,0,0,0,0,0,0,0,0,3,4,14,19,13,20,13,21,13,22,12,23,12,24,11,25,10,26,10,26,10,27,9,28,9,28,9,28,9,27,9,27,9,26,10,25,10,25,11,25,12,25,13,24,13,24,13,23,14,24,14,24,14,24,4,14,17,46,17,45,16,44,16,42,16,40,16,38,15,36,16,34,16,32,16,30,17,29,17,28,16,27,16,27,15,26,14,25,13,24,11,23,9,22,7,21,6,20,4,19,3,17,2,16,0,15,-1,14,-4,12,-6,11,-2,1,-1,0,-1,-1,-1,-2,-1,-1,1,2,3,7,19,40,17,41,20,40,18,42,16,44,14,46,13,48,12,50,11,51,10,52,9,53,8,54,8,55,8,55,7,55,7,54,7,53,9,53,10,51,10,50,11,50,12,49,13,49,15,49,16,49,17,48,18,48,18,48]"
CSI_DATA,195,5c:01:3b:6b:b0:95,-45,11,1,4,0,1,1,1,0,0,0,-97,1,11,0,12818209,0,86,1,256,1,"[86,-32,4,0,-25,6,-24,6,-22,6,-21,5,-20,5,-20,6,-19,6,-17,6,-17,7,-16,7,-16,6,-15,6,-15,6,-14,6,-14,6,-13,5,-13,5,-12,4,-12,3,-11,2,-10,1,-10,0,-9,0,-8,0,-8,0,-2,-1,0,0,0,0,0,0,0,0,0,0,0,0,0,0,0,0,0,0,-6,1,-22,6,-23,5,-24,4,-25,3,-26,3,-26,2,-27,2,-27,1,-28,1,-28,0,-29,0,-29,-1,-28,-1,-28,-1,-27,0,-27,0,-27,1,-26,2,-26,2,-26,3,-26,4,-26,4,-25,5,-26,5,-26,5,-26,6,-15,1,-47,6,-46,6,-45,6,-43,6,-41,7,-39,7,-37,7,-36,7,-34,8,-33,9,-32,10,-31,11,-30,11,-29,10,-28,9,-27,8,-26,7,-25,6,-24,5,-23,3,-21,2,-20,1,-18,0,-17,-1,-15,-2,-14,-3,-13,-5,-11,-5,-2,-1,-1,-1,0,-1,1,-1,0,-1,-3,0,-7,2,-40,11,-41,9,-43,7,-44,5,-46,3,-48,1,-49,0,-50,-2,-51,-4,-52,-5,-52,-6,-52,-7,-53,-6,-53,-6,-53,-6,-52,-6,-52,-6,-52,-5,-51,-4,-50,-3,-50,-2,-49,0,-49,2,-49,3,-48,4,-49,5,-50,6,-50,7]"
CSI_DATA,196,5c:01:3b:6b:b0:95,-47,11,1,5,0,1,1,1,0,0,0,-97,1,11,0,12835246,0,86,1,256,1,"[86,-32,4,0,16,-17,15,-16,14,-16,13,-15,12,-15,11,-14,11,-14,10,-14,9,-14,9,-14,8,-13,7,-13,7,-12,7,-12,7,-11,7,-11,7,-10,7,-9,6,-9,6,-8,6,-6,6,-5,6,-5,6,-4,5,-4,1,-1,0,0,0,0,0,0,0,0,0,0,0,0,0,0,0,0,0,0,3,-4,15,-16,16,-15,17,-15,18,-15,19,-15,20,-14,21,-14,21,-14,22,-13,22,-13,23,-14,23,-13,23,-13,22,-13,21,-13,21,-13,20,-14,20,-14,19,-15,18,-15,18,-16,18,-16,17,-16,17,-17,18,-17,18,-18,11,-7,36,-23,36,-23,34,-23,33,-22,31,-21,29,-21,27,-21,26,-20,24,-21,23,-21,22,-21,20,-21,20,-20,19,-19,19,-18,18,-17,18,-16,17,-15,17,-13,16,-11,15,-10,14,-9,13,-7,12,-6,11,-5,11,-4,11,1,11,1,1,0,0,0,-1,-1,-2,0,-1,0,1,-2,6,-4,34,-21,35,-19,33,-22,35,-21,37,-19,39,-18,41,-17,42,-16,44,-15,45,-15,46,-14,46,-14,47,-14,47,-14,47,-14,46,-14,45,-14,44,-15,43,-16,42,-16,41,-17,40,-18,40,-20,40,-21,39,-22,39,-23,39,-23,38,-23]"
CSI_DATA,197,5c:01:3b:6b:b0:95,-42,11,1,5,0,1,1,1,0,0,0,-97,1,11,0,12855195,0,86,1,256,1,"[86,-32,4,0,13,-1,13,-1,12,-1,12,-1,11,-1,11,-1,10,-2,10,-2,9,-3,9,-3,8,-3,8,-3,8,-3,7,-3,7,-3,7,-2,6,-2,6,-2,6,-2,5,-1,5,0,5,0,4,0,3,0,3,0,0,0,0,0,0,0,0,0,0,0,0,0,0,0,0,0,0,0,0,0,3,-1,12,-2,12,-1,13,-1,13,0,14,0,14,1,14,1,14,1,14,2,15,2,15,3,15,3,14,3,14,3,14,2,14,2,14,1,14,1,14,1,14,1,14,1,14,0,14,0,14,0,14,0,14,-1,15,-1,52,-1,51,-1,49,-1,47,-1,44,-2,42,-2,40,-3,39,-4,38,-6,37,-7,35,-9,34,-9,32,-8,32,-8,31,-8,30,-7,28,-5,26,-5,25,-4,23,-3,21,-1,19,0,18,1,16,1,14,1,13,2,12,4,11,5,1,0,0,0,-1,-1,-2,0,-1,0,2,-1,8,-3,46,-11,46,-8,47,-5,49,-2,50,1,51,4,53,5,54,7,55,9,55,10,56,12,56,12,57,12,57,12,56,12,55,12,55,12,55,12,54,11,53,9,53,8,52,6,53,5,53,3,53,2,53,1,53,0,53,0]"
CSI_DATA,198,5c:01:3b:6b:b0:95,-45,11,1,3,0,1,1,1,0,0,0,-97,1,11,0,12881068,0,86,1,256,1,"[86,-32,4,0,-25,-3,-24,-3,-23,-2,-22,-2,-21,-3,-21,-2,-20,-1,-19,0,-18,1,-18,1,-17,1,-17,1,-16,1,-15,1,-15,1,-14,1,-13,0,-12,-1,-11,-1,-11,-2,-10,-3,-10,-3,-9,-2,-8,-2,-7,-3,-2,-1,0,0,0,0,0,0,0,0,0,0,0,0,0,0,0,0,0,0,-6,-1,-23,-2,-23,-3,-24,-4,-25,-5,-25,-6,-25,-7,-25,-8,-25,-9,-26,-10,-27,-10,-27,-9,-27,-10,-27,-10,-26,-10,-25,-9,-26,-9,-26,-8,-25,-7,-25,-7,-25,-7,-25,-6,-26,-6,-26,-4,-26,-3,-27,-3,-26,-3,-14,-5,-45,-14,-44,-14,-42,-14,-41,-13,-39,-12,-37,-11,-35,-10,-35,-8,-34,-7,-33,-6,-33,-4,-32,-4,-31,-3,-30,-3,-29,-3,-27,-4,-26,-5,-25,-5,-23,-6,-21,-6,-20,-7,-17,-7,-16,-7,-14,-7,-13,-8,-12,-8,-8,-10,-6,-9,-1,-2,-1,-1,0,0,1,0,0,0,-3,-1,-7,-2,-39,-13,-39,-15,-42,-12,-42,-15,-42,-18,-42,-20,-42,-22,-42,-24,-42,-26,-42,-27,-43,-28,-43,-28,-44,-28,-45,-27,-44,-27,-44,-28,-43,-28,-43,-27,-43,-25,-43,-24,-42,-23,-42,-22,-43,-21,-44,-19,-44,-17,-45,-16,-46,-15,-47,-15]"
CSI_DATA,199,5c:01:3b:6b:b0:95,-45,11,1,4,0,1,1,1,0,0,0,-97,1,11,0,12897542,0,86,1,256,1,"[86,-32,4,0,12,22,12,21,12,20,12,18,12,18,12,17,12,16,11,15,11,14,11,13,11,13,11,12,11,12,10,11,10,11,9,11,8,11,7,10,6,10,5,9,5,9,4,9,3,8,2,7,1,7,0,1,0,0,0,0,0,0,0,0,0,0,0,0,0,0,0,0,0,0,2,4,11,19,11,20,10,21,10,22,10,23,9,24,8,25,8,25,8,26,7,27,6,28,6,28,6,27,6,27,7,26,7,26,8,25,8,24,9,24,10,24,11,24,12,24,12,23,12,24,12,24,12,23,5,13,18,42,18,42,18,42,18,40,17,39,17,37,17,35,17,32,17,31,18,29,18,27,18,26,18,25,17,24,17,24,17,23,15,23,13,22,11,21,9,20,7,19,6,19,5,17,4,16,2,15,1,14,-1,13,-3,12,-1,2,-1,0,-1,-1,-1,-2,-1,-1,1,2,4,6,22,37,20,38,19,38,17,40,16,42,15,45,13,46,12,47,10,49,9,51,8,51,7,53,8,53,8,53,7,52,7,51,8,50,9,50,10,49,10,48,11,48,12,48,14,48,15,47,16,47,18,47,19,46,19,46]"
CSI_DATA,200,5c:01:3b:6b:b0:95,-46,11,1,5,0,1,1,1,0,0,0,-97,1,11,0,12915248,0,86,1,256,1,"[86,-32,4,0,17,-18,17,-18,16,-17,15,-16,14,-16,13,-16,12,-15,11,-15,10,-16,9,-16,8,-15,8,-15,8,-14,9,-14,9,-14,8,-13,8,-12,8,-11,8,-10,8,-9,7,-8,7,-6,7,-6,7,-6,7,-5,1,-2,0,0,0,0,0,0,0,0,0,0,0,0,0,0,0,0,0,0,3,-5,15,-17,16,-17,17,-17,18,-17,19,-16,21,-16,21,-16,22,-15,23,-15,23,-15,24,-15,24,-15,23,-15,23,-14,22,-15,22,-15,22,-15,21,-16,20,-16,20,-16,19,-17,19,-17,18,-18,18,-18,19,-19,19,-20,10,-11,34,-34,33,-33,31,-33,30,-31,28,-31,27,-30,26,-29,24,-29,22,-28,20,-28,18,-29,16,-28,16,-28,16,-27,16,-25,16,-23,16,-22,16,-21,16,-20,16,-17,16,-16,14,-14,13,-12,12,-11,12,-9,12,-8,11,-5,11,-4,1,-1,0,-1,-1,0,-1,1,-1,0,0,-2,3,-7,22,-34,24,-33,29,-32,31,-31,34,-30,36,-29,38,-29,40,-28,42,-27,44,-26,44,-26,44,-26,45,-27,45,-27,44,-27,44,-27,44,-27,43,-27,42,-27,41,-28,40,-29,39,-29,38,-31,37,-32,36,-33,35,-34,35,-35,35,-35]"
CSI_DATA,201,5c:01:3b:6b:b0:95,-47,11,1,5,0,1,1,1,0,0,0,-97,1,11,0,12935149,0,86,1,256,1,"[86,-32,4,0,-23,14,-23,14,-21,14,-20,13,-19,13,-18,13,-17,12,-16,13,-15,13,-14,12,-14,12,-13,12,-13,12,-13,11,-13,11,-12,10,-12,9,-11,9,-11,7,-10,6,-10,5,-10,3,-9,3,-8,3,-8,2,-2,0,0,0,0,0,0,0,0,0,0,0,0,0,0,0,0,0,0,0,-5,3,-19,15,-21,15,-22,14,-24,14,-25,13,-26,13,-27,13,-27,12,-27,11,-28,11,-29,11,-29,11,-29,10,-28,10,-28,10,-28,11,-27,11,-26,12,-26,12,-25,13,-25,13,-24,14,-24,14,-24,15,-25,15,-25,16,-16,6,-49,23,-48,22,-46,21,-44,20,-41,20,-39,20,-38,20,-36,20,-34,20,-32,20,-31,21,-30,21,-29,21,-29,20,-28,18,-28,17,-27,15,-26,14,-25,13,-24,11,-23,9,-21,7,-20,5,-18,4,-17,3,-16,2,-17,-3,-15,-3,-3,-1,-1,-1,0,-1,1,-1,0,-1,-2,1,-7,4,-40,24,-41,21,-41,24,-43,22,-46,20,-48,18,-51,17,-53,16,-54,14,-55,13,-56,12,-56,12,-57,13,-57,13,-57,12,-57,12,-56,12,-56,12,-55,13,-53,14,-53,16,-52,17,-51,18,-51,20,-49,21,-50,23,-50,24,-51,24]"
CSI_DATA,202,5c:01:3b:6b:b0:95,-47,11,1,5,0,1,1,1,0,0,0,-97,1,11,0,12955192,0,86,1,256,1,"[86,-32,4,0,-16,18,-15,18,-14,18,-13,17,-12,17,-11,16,-10,16,-9,16,-9,15,-9,15,-9,14,-8,13,-7,13,-7,13,-7,13,-8,13,-7,12,-7,11,-7,10,-7,9,-7,7,-7,6,-7,5,-7,5,-7,4,-2,1,0,0,0,0,0,0,0,0,0,0,0,0,0,0,0,0,0,0,-4,4,-15,17,-16,17,-17,17,-18,17,-19,16,-20,17,-20,17,-21,17,-21,17,-23,15,-24,15,-24,14,-24,14,-23,14,-22,15,-22,16,-21,16,-20,16,-19,17,-18,18,-18,18,-17,18,-18,18,-18,18,-18,19,-18,20,-10,12,-30,39,-30,38,-28,37,-26,36,-24,35,-22,34,-21,33,-19,32,-18,32,-17,31,-16,31,-15,30,-14,29,-14,29,-14,28,-14,26,-14,25,-14,24,-14,22,-14,20,-14,18,-13,16,-13,14,-13,12,-12,11,-12,9,-13,8,-13,7,-3,1,-1,0,0,-1,0,-2,0,-1,-1,2,-3,6,-16,38,-19,37,-25,35,-28,34,-31,34,-33,33,-35,33,-37,33,-39,34,-40,34,-41,33,-42,32,-43,32,-43,32,-43,32,-42,32,-42,32,-41,33,-39,33,-38,33,-36,34,-34,36,-34,37,-33,38,-32,38,-32,39,-32,39,-32,39]"
CSI_DATA,203,5c:01:3b:6b:b0:95,-45,11,1,4,0,1,1,1,0,0,0,-97,1,11,0,12979857,0,86,1,256,1,"[86,-32,4,0,2,24,2,23,3,22,3,21,4,20,4,19,4,18,4,18,4,17,5,16,5,16,5,15,5,15,4,14,4,14,4,14,3,13,2,13,1,12,1,11,0,10,0,9,0,9,-1,8,-2,8,-1,2,0,0,0,0,0,0,0,0,0,0,0,0,0,0,0,0,0,0,0,5,3,21,2,21,1,22,0,23,0,24,-1,24,-2,25,-3,25,-3,25,-4,26,-4,27,-4,27,-4,26,-3,26,-3,25,-3,25,-3,25,-2,24,-1,24,0,25,1,25,1,25,2,24,2,25,2,25,2,26,-2,14,-3,46,-3,45,-3,44,-3,42,-2,40,-1,39,0,37,1,35,2,34,3,33,4,32,4,31,4,31,4,30,3,29,3,28,2,26,1,25,0,23,-1,22,-2,21,-3,19,-3,18,-4,16,-4,15,-5,14,-8,11,-9,11,-2,1,-1,0,0,-1,-1,-2,0,-1,0,2,0,7,2,39,-1,40,0,40,-3,41,-5,43,-7,44,-8,45,-10,45,-12,46,-13,46,-14,46,-15,47,-15,48,-15,48,-15,48,-15,47,-15,47,-15,46,-13,46,-12,45,-10,46,-9,46,-8,46,-6,47,-5,47,-4,47,-3,48,-3,48]"
CSI_DATA,204,5c:01:3b:6b:b0:95,-44,11,1,4,0,1,1,1,0,0,0,-97,1,11,0,13000083,0,86,1,256,1,"[86,-32,4,0,-15,5,-15,5,-14,5,-13,5,-13,5,-12,5,-11,5,-11,5,-11,6,-10,5,-10,5,-10,5,-9,5,-9,5,-9,5,-9,4,-8,4,-8,4,-8,3,-7,3,-7,2,-7,1,-6,1,-6,1,-6,0,-2,0,0,0,0,0,0,0,0,0,0,0,0,0,0,0,0,0,0,0,-4,1,-13,5,-14,5,-14,4,-15,4,-16,3,-16,3,-16,3,-17,3,-17,2,-17,2,-18,2,-18,1,-18,1,-17,1,-17,2,-17,2,-17,2,-16,3,-16,3,-16,4,-16,4,-16,4,-16,5,-16,5,-16,5,-16,6,-10,1,-30,5,-30,4,-29,4,-27,4,-26,5,-25,5,-24,5,-23,5,-22,6,-21,6,-21,6,-20,7,-20,7,-19,7,-19,6,-18,5,-17,5,-17,4,-16,3,-15,2,-15,2,-14,1,-13,0,-12,0,-11,-1,-10,-1,-9,-4,-8,-4,-2,-1,-1,-1,0,-1,0,-1,0,-1,-2,0,-5,1,-25,6,-25,4,-26,5,-27,4,-29,2,-29,1,-30,1,-31,0,-31,-1,-32,-2,-32,-3,-32,-3,-33,-3,-33,-3,-33,-3,-33,-3,-32,-3,-32,-3,-32,-2,-31,-1,-31,0,-31,1,-31,2,-31,2,-30,3,-31,4,-31,4,-32,5]"
CSI_DATA,205,5c:01:3b:6b:b0:95,-46,11,1,5,0,1,1,1,0,0,0,-97,1,11,0,13015334,0,86,1,256,1,"[86,-32,4,0,-2,15,-1,14,-1,14,-1,13,-1,13,-1,12,0,11,0,11,0,11,0,10,1,10,1,10,1,10,0,10,0,9,0,9,0,9,-1,8,-1,7,-1,7,-2,6,-2,5,-2,5,-2,5,-2,4,-1,1,0,0,0,0,0,0,0,0,0,0,0,0,0,0,0,0,0,0,0,3,0,13,-1,13,-1,14,-2,14,-2,14,-3,15,-4,15,-4,15,-4,15,-5,15,-5,16,-5,16,-5,15,-5,15,-5,15,-5,15,-4,15,-4,15,-3,15,-3,15,-3,15,-2,15,-2,15,-2,15,-2,16,-2,16,-4,8,-9,28,-9,27,-8,26,-7,25,-7,24,-6,23,-6,22,-5,22,-4,21,-4,20,-3,20,-2,19,-2,19,-3,19,-3,18,-3,17,-3,16,-4,15,-4,14,-4,13,-5,12,-5,11,-5,10,-5,9,-5,8,-6,7,-7,5,-8,5,-2,0,-1,0,0,-1,0,-1,0,-1,-1,1,-1,4,-4,23,-6,23,-4,24,-6,24,-8,25,-9,25,-10,26,-11,26,-13,26,-13,26,-14,26,-14,26,-14,27,-15,27,-15,27,-15,27,-15,27,-14,26,-13,26,-13,26,-12,26,-12,26,-11,27,-10,27,-9,27,-9,28,-8,28,-8,28]"
CSI_DATA,206,5c:01:3b:6b:b0:95,-46,11,1,5,0,1,1,1,0,0,0,-97,1,11,0,13037764,0,86,1,256,1,"[86,-32,4,0,-16,2,-15,2,-14,2,-14,2,-13,2,-13,2,-12,3,-12,3,-11,3,-11,3,-11,3,-11,3,-10,3,-10,3,-10,3,-9,3,-9,2,-9,2,-8,1,-8,1,-7,0,-7,0,-7,0,-6,0,-6,-1,-2,-1,0,0,0,0,0,0,0,0,0,0,0,0,0,0,0,0,0,0,-4,0,-13,3,-14,2,-15,2,-15,1,-15,1,-16,0,-17,0,-17,0,-17,-1,-17,-1,-17,-1,-17,-2,-17,-2,-17,-2,-17,-1,-17,-1,-17,0,-16,0,-16,0,-16,0,-16,1,-16,1,-16,2,-16,2,-17,2,-17,2,-10,-2,-30,-3,-29,-3,-28,-2,-27,-2,-26,-1,-25,-1,-24,-1,-23,0,-22,1,-22,1,-22,2,-21,2,-21,2,-20,2,-19,1,-19,1,-18,1,-17,1,-17,0,-16,-1,-14,-1,-13,-2,-12,-2,-11,-3,-11,-3,-10,-3,-8,-6,-7,-6,-2,-2,-1,-1,-1,-1,0,-1,0,0,-2,0,-5,-1,-25,-2,-25,-4,-26,0,-26,-2,-27,-4,-27,-5,-28,-6,-29,-7,-29,-8,-30,-8,-30,-9,-30,-9,-30,-10,-30,-10,-30,-10,-30,-10,-30,-9,-30,-9,-30,-8,-29,-7,-29,-7,-29,-6,-29,-5,-30,-4,-29,-4,-30,-3,-30,-3,-31,-2]"
CSI_DATA,207,5c:01:3b:6b:b0:95,-44,11,1,4,0,1,1,1,0,0,0,-97,1,11,0,13058026,0,86,1,256,1,"[86,-32,4,0,-3,-17,-3,-16,-3,-15,-3,-14,-3,-14,-4,-13,-4,-13,-4,-13,-4,-12,-4,-12,-5,-11,-5,-11,-4,-11,-4,-10,-4,-10,-4,-10,-3,-10,-3,-9,-2,-9,-2,-8,-2,-8,-1,-7,-1,-7,0,-6,0,-6,0,-2,0,0,0,0,0,0,0,0,0,0,0,0,0,0,0,0,0,0,-1,-4,-2,-14,-2,-15,-1,-16,-1,-16,0,-16,0,-17,1,-17,1,-17,2,-17,2,-18,2,-18,2,-18,2,-18,2,-18,2,-18,1,-17,1,-17,1,-17,0,-17,-1,-17,-1,-17,-1,-17,-2,-17,-2,-17,-2,-17,-2,-18,-1,-10,-1,-32,-1,-31,-2,-30,-2,-29,-2,-28,-3,-27,-3,-26,-3,-25,-4,-24,-5,-23,-5,-23,-6,-22,-6,-22,-6,-21,-5,-20,-5,-20,-4,-19,-4,-18,-3,-17,-2,-16,-1,-16,-1,-15,0,-13,0,-13,1,-12,1,-11,3,-9,4,-9,0,-2,0,-1,-1,0,0,0,-1,0,-1,-2,-1,-5,-4,-26,-3,-26,-2,-28,0,-28,1,-29,2,-30,3,-31,5,-31,6,-31,7,-32,7,-32,7,-32,7,-33,7,-33,8,-33,8,-33,7,-33,7,-32,6,-32,5,-31,4,-31,3,-32,2,-32,1,-32,1,-32,0,-32,-1,-33,-1,-33]"
CSI_DATA,208,5c:01:3b:6b:b0:95,-46,11,1,5,0,1,1,1,0,0,0,-97,1,11,0,13075194,0,86,1,256,1,"[86,-32,4,0,25,9,25,8,24,7,23,7,22,6,22,6,21,5,20,4,19,3,19,3,19,2,18,2,18,2,17,2,17,2,16,3,15,3,14,3,13,3,12,4,11,4,10,4,9,4,8,4,7,4,1,1,0,0,0,0,0,0,0,0,0,0,0,0,0,0,0,0,0,0,5,1,22,6,22,7,23,8,24,10,24,11,23,12,24,12,24,13,24,14,24,15,24,16,24,16,24,16,24,16,23,15,24,14,24,13,24,12,24,12,25,12,25,11,25,11,25,10,26,10,27,10,26,9,14,6,46,19,46,19,44,18,42,17,41,16,39,16,38,15,37,13,36,10,36,9,35,7,34,6,33,6,32,6,31,6,30,6,29,7,27,7,26,8,24,8,22,9,19,9,17,9,16,9,14,9,12,9,9,10,7,10,1,1,0,0,-1,-1,-2,-1,-1,-1,2,0,7,1,41,10,41,12,41,14,41,16,41,19,42,22,42,24,43,27,43,29,43,30,43,32,43,32,43,33,43,32,43,32,42,32,42,32,43,31,43,29,43,28,43,27,43,27,44,26,45,24,46,23,47,22,47,21,47,21]"
CSI_DATA,209,5c:01:3b:6b:b0:95,-46,11,1,5,0,1,1,1,0,0,0,-97,1,11,0,13095249,0,86,1,256,1,"[86,-32,4,0,1,26,1,26,1,25,2,23,2,22,3,21,3,20,3,20,3,19,3,19,3,17,4,17,4,17,3,17,3,17,3,16,2,15,1,15,1,14,0,13,-1,11,-1,10,-2,10,-2,9,-3,9,-1,2,0,0,0,0,0,0,0,0,0,0,0,0,0,0,0,0,0,0,0,5,2,23,1,24,1,24,0,25,-1,26,-2,27,-3,27,-3,27,-4,27,-5,28,-6,28,-7,29,-6,28,-6,28,-5,27,-5,27,-5,27,-4,27,-3,27,-1,27,-1,27,-1,27,-1,27,0,27,0,28,0,28,2,15,6,50,6,50,7,49,7,47,7,45,7,44,8,42,8,40,9,38,10,36,11,35,12,34,12,33,11,32,11,31,10,31,8,30,7,29,5,27,3,26,2,24,1,23,0,21,0,20,-2,18,-3,17,-3,16,-4,16,-1,3,-1,0,-1,-1,-1,-2,-1,-1,1,2,3,6,20,38,18,40,10,43,7,44,5,46,3,48,1,50,-1,51,-2,53,-4,53,-5,54,-6,54,-6,55,-6,55,-6,55,-6,54,-5,54,-4,54,-3,53,-2,52,-1,53,0,53,1,53,3,53,5,52,6,52,6,52,6,52]"
CSI_DATA,210,5c:01:3b:6b:b0:95,-44,11,1,4,0,1,1,1,0,0,0,-97,1,11,0,13118586,0,86,1,256,1,"[86,-32,4,0,16,3,15,3,15,2,14,2,14,2,13,2,13,1,12,1,11,0,11,0,11,0,11,0,11,0,10,0,10,0,10,0,9,1,8,1,8,1,7,1,7,2,6,2,6,2,5,2,5,2,1,0,0,0,0,0,0,0,0,0,0,0,0,0,0,0,0,0,0,0,3,0,14,0,14,1,14,2,15,3,15,3,15,4,15,4,15,5,16,6,16,6,16,6,16,6,16,7,16,6,16,6,15,6,15,5,15,5,15,5,16,5,16,4,16,4,16,3,16,3,17,3,17,3,8,3,29,10,28,10,27,9,26,9,25,8,25,8,24,7,23,6,23,5,22,4,22,3,21,2,21,2,20,3,20,2,19,3,18,3,17,3,16,4,15,4,14,5,12,5,11,5,10,5,9,5,8,5,6,7,5,7,0,1,0,0,-1,-1,-1,-1,-1,-1,1,0,4,0,25,4,25,6,26,5,26,7,27,9,27,10,27,11,27,13,28,14,28,15,28,16,28,16,28,17,28,17,28,17,28,17,27,16,27,16,27,15,27,14,27,14,28,13,28,12,29,12,29,11,29,11,30,10,31,10]"
CSI_DATA,211,5c:01:3b:6b:b0:95,-44,11,1,4,0,1,1,1,0,0,0,-97,1,11,0,13137256,0,86,1,256,1,"[86,-32,4,0,23,11,22,10,21,9,21,9,20,8,20,8,19,7,18,5,17,4,17,4,17,4,17,4,17,4,16,3,16,4,15,4,14,4,13,4,12,4,11,4,10,5,9,5,8,5,7,5,7,5,1,1,0,0,0,0,0,0,0,0,0,0,0,0,0,0,0,0,0,0,5,1,20,7,20,9,21,10,21,11,21,12,21,13,21,14,21,15,21,16,21,16,22,17,22,17,22,17,21,17,21,17,21,16,21,15,21,14,22,14,22,14,23,13,23,12,23,12,24,12,24,12,25,11,11,8,39,28,38,28,37,27,35,25,34,24,34,23,33,21,32,19,31,17,31,16,31,14,31,13,30,13,29,13,28,13,27,13,26,13,24,13,23,13,21,13,18,13,16,13,15,12,13,12,11,12,10,12,7,13,5,13,0,2,0,0,-1,-1,-2,-1,-1,-1,1,0,6,3,34,21,33,23,35,22,34,25,34,28,34,30,34,32,34,33,33,35,33,37,33,38,33,39,34,39,34,39,33,39,33,39,33,39,33,38,33,37,33,35,34,34,35,33,36,32,37,31,37,30,39,30,40,29,41,30]"
CSI_DATA,212,5c:01:3b:6b:b0:95,-44,11,1,4,0,1,1,1,0,0,0,-97,1,11,0,13155232,0,86,1,256,1,"[86,-32,4,0,15,4,15,4,14,3,14,3,14,2,13,2,13,2,12,1,12,0,11,0,11,0,11,0,11,0,10,0,10,0,10,1,9,1,8,1,8,1,7,1,7,2,6,2,6,2,5,2,4,2,1,0,0,0,0,0,0,0,0,0,0,0,0,0,0,0,0,0,0,0,3,0,13,2,14,3,14,4,14,4,15,5,15,5,15,6,15,6,15,7,15,7,16,8,16,8,16,8,15,8,15,8,15,7,15,7,15,6,15,6,15,6,15,5,16,5,16,4,16,4,17,4,17,4,8,4,27,13,27,13,26,12,25,11,24,10,24,10,23,9,22,8,22,7,21,6,21,5,21,4,20,4,20,5,19,5,18,5,18,5,17,5,15,5,14,5,13,6,12,6,11,6,10,6,8,6,8,6,6,7,4,7,0,1,0,0,-1,-1,-1,-1,-1,-1,1,0,4,1,24,9,23,10,24,9,24,11,25,13,25,14,25,15,25,16,25,18,25,19,25,20,25,20,26,20,26,20,25,20,25,20,25,20,25,20,24,19,24,18,25,17,26,16,26,16,27,15,27,14,28,14,29,13,30,13]"
CSI_DATA,213,5c:01:3b:6b:b0:95,-45,11,1,4,0,1,1,1,0,0,0,-97,1,11,0,13175075,0,86,1,256,1,"[86,-32,4,0,-24,9,-23,8,-22,8,-21,8,-20,8,-19,8,-18,8,-17,8,-16,9,-15,9,-15,8,-15,8,-14,9,-14,9,-14,8,-13,8,-13,7,-12,6,-12,5,-12,4,-11,3,-10,2,-9,2,-8,2,-8,1,-2,0,0,0,0,0,0,0,0,0,0,0,0,0,0,0,0,0,0,0,-5,2,-20,8,-21,8,-23,7,-24,6,-24,6,-25,5,-26,5,-26,4,-27,3,-27,3,-27,3,-28,3,-27,3,-27,3,-27,3,-27,3,-26,4,-25,5,-25,5,-25,5,-26,6,-25,7,-24,7,-24,8,-25,8,-25,9,-15,1,-47,6,-46,6,-45,6,-42,6,-41,7,-40,7,-38,7,-36,8,-34,9,-33,9,-32,10,-31,10,-30,11,-30,10,-29,10,-28,9,-27,8,-26,7,-24,6,-23,4,-22,3,-21,2,-19,1,-18,0,-16,0,-16,-1,-14,-5,-12,-6,-2,-1,-1,-1,0,0,1,-1,0,-1,-2,0,-7,1,-40,8,-40,5,-41,8,-43,5,-44,3,-46,1,-47,0,-48,-1,-49,-3,-50,-4,-50,-5,-51,-6,-52,-5,-52,-5,-51,-6,-51,-6,-50,-6,-50,-5,-49,-4,-49,-3,-48,-1,-48,0,-48,2,-48,3,-48,4,-48,5,-49,6,-49,7]"
CSI_DATA,214,5c:01:3b:6b:b0:95,-41,11,1,4,0,1,1,1,0,0,0,-97,1,11,0,13195248,0,86,1,256,1,"[86,-32,4,0,-10,-11,-9,-10,-9,-10,-8,-9,-8,-8,-8,-8,-8,-7,-8,-7,-8,-7,-8,-7,-8,-6,-8,-6,-8,-6,-7,-6,-7,-5,-6,-5,-6,-5,-5,-5,-5,-5,-4,-5,-4,-5,-4,-4,-3,-4,-3,-4,-3,-4,-1,-1,0,0,0,0,0,0,0,0,0,0,0,0,0,0,0,0,0,0,-2,-3,-9,-9,-9,-9,-9,-10,-9,-11,-8,-11,-8,-12,-8,-12,-8,-13,-7,-13,-7,-13,-7,-13,-7,-14,-7,-14,-7,-14,-7,-13,-7,-13,-7,-13,-7,-12,-8,-12,-8,-12,-9,-12,-8,-11,-9,-11,-9,-11,-9,-11,-9,-11,-7,-15,-24,-46,-24,-45,-23,-44,-22,-42,-21,-40,-22,-38,-22,-36,-21,-34,-21,-32,-22,-31,-23,-30,-23,-29,-23,-28,-22,-27,-20,-26,-19,-25,-18,-24,-16,-23,-14,-22,-13,-21,-11,-21,-10,-20,-9,-19,-8,-18,-7,-16,-6,-16,-1,-14,0,-13,0,-3,0,-1,-1,0,0,1,0,0,-2,-3,-5,-7,-22,-39,-21,-40,-25,-39,-23,-41,-22,-44,-21,-46,-20,-47,-19,-48,-17,-50,-16,-52,-15,-53,-14,-54,-14,-54,-14,-55,-13,-54,-13,-54,-14,-53,-14,-53,-15,-51,-16,-50,-17,-50,-19,-49,-20,-49,-21,-49,-22,-48,-23,-48,-23,-48,-24,-48]"
CSI_DATA,215,5c:01:3b:6b:b0:95,-44,11,1,4,0,1,1,1,0,0,0,-97,1,11,0,13217023,0,86,1,256,1,"[86,-32,4,0,-10,-14,-10,-14,-9,-13,-9,-12,-9,-12,-9,-11,-9,-11,-9,-10,-9,-10,-9,-9,-9,-9,-9,-9,-9,-8,-8,-8,-8,-8,-8,-8,-7,-8,-6,-8,-6,-7,-5,-7,-5,-7,-4,-6,-4,-6,-3,-6,-3,-6,-1,-2,0,0,0,0,0,0,0,0,0,0,0,0,0,0,0,0,0,0,-3,-3,-9,-12,-9,-12,-8,-13,-8,-14,-8,-15,-8,-15,-7,-16,-7,-16,-7,-16,-7,-17,-7,-17,-7,-17,-7,-17,-7,-17,-7,-17,-7,-17,-7,-16,-7,-16,-8,-16,-8,-15,-9,-15,-9,-15,-9,-15,-10,-15,-10,-15,-10,-15,-5,-9,-15,-28,-15,-28,-15,-27,-14,-26,-14,-25,-14,-24,-14,-23,-14,-21,-14,-20,-14,-19,-15,-19,-15,-18,-15,-17,-14,-17,-14,-17,-13,-16,-12,-16,-11,-15,-10,-15,-9,-14,-8,-14,-7,-14,-6,-13,-5,-12,-4,-11,-4,-11,-1,-10,0,-10,0,-2,0,-1,-1,0,0,0,0,0,-1,-2,-3,-4,-16,-21,-15,-22,-15,-24,-14,-25,-13,-27,-12,-28,-12,-29,-11,-30,-10,-31,-9,-32,-9,-32,-9,-33,-9,-33,-9,-33,-9,-33,-8,-33,-8,-33,-9,-32,-9,-32,-10,-31,-11,-31,-12,-31,-13,-30,-13,-30,-14,-29,-15,-29,-16,-30,-16,-30]"
CSI_DATA,216,5c:01:3b:6b:b0:95,-44,11,1,4,0,1,1,1,0,0,0,-97,1,11,0,13235221,0,86,1,256,1,"[86,-32,4,0,9,13,9,12,9,11,9,11,9,10,9,10,8,9,8,8,8,8,8,7,8,7,8,7,8,7,7,7,7,7,7,7,6,7,5,6,5,6,4,6,4,5,4,5,3,5,2,5,2,5,0,1,0,0,0,0,0,0,0,0,0,0,0,0,0,0,0,0,0,0,2,2,8,10,8,11,8,12,8,13,8,13,7,14,7,14,7,15,7,15,6,15,7,16,7,16,7,16,7,16,6,15,6,15,7,15,7,14,7,14,8,14,8,14,9,14,9,13,10,13,10,13,10,14,4,8,14,27,13,26,13,25,12,24,12,23,13,23,13,21,12,19,13,18,13,17,13,17,13,16,13,16,13,15,12,15,11,15,11,14,10,14,9,13,7,13,6,12,6,12,5,11,4,10,3,10,2,9,0,9,-1,9,-1,1,-1,0,-1,-1,-1,-1,-1,-1,0,1,2,3,13,22,12,23,13,22,12,24,11,26,10,27,9,28,9,29,8,29,8,30,7,31,7,31,7,32,7,32,7,32,7,32,7,31,7,31,7,30,8,29,9,29,10,29,11,29,12,28,12,28,13,28,14,28,15,28]"
CSI_DATA,217,5c:01:3b:6b:b0:95,-44,11,1,4,0,1,1,1,0,0,0,-97,1,11,0,13255155,0,86,1,256,1,"[86,-32,4,0,5,24,5,23,5,21,5,21,5,20,5,19,6,18,5,17,6,16,6,15,7,15,7,14,7,14,6,14,5,14,5,13,4,13,3,12,2,12,2,11,1,10,1,9,1,8,0,8,-1,7,-1,1,0,0,0,0,0,0,0,0,0,0,0,0,0,0,0,0,0,0,1,5,5,20,4,21,3,22,3,23,2,24,1,25,0,25,-1,25,-1,25,-1,26,-1,26,0,27,0,27,0,26,-1,26,-1,26,0,25,0,25,1,25,2,25,2,25,3,24,4,24,5,24,6,25,6,25,0,14,2,47,2,46,1,44,1,42,2,40,3,39,4,37,5,35,5,33,6,31,7,31,8,30,8,30,7,30,7,29,6,27,5,26,4,24,3,23,2,22,0,21,0,19,-1,17,-2,16,-3,14,-4,14,-7,12,-8,11,-2,1,-1,0,0,-1,-1,-2,-1,-1,0,1,1,6,6,38,4,39,4,40,2,41,-1,43,-3,44,-4,45,-5,46,-7,47,-8,47,-9,48,-9,48,-9,49,-9,49,-9,49,-10,49,-10,48,-9,48,-8,47,-7,46,-5,46,-4,47,-3,47,-2,47,0,46,2,47,3,48,4,49]"
CSI_DATA,218,5c:01:3b:6b:b0:95,-45,11,1,4,0,1,1,1,0,0,0,-97,1,11,0,13275140,0,86,1,256,1,"[86,-32,4,0,24,2,23,2,22,1,21,1,21,1,20,1,19,0,18,-1,17,-2,17,-2,16,-2,16,-2,16,-2,15,-2,15,-2,14,-1,13,-1,12,0,11,0,10,1,10,1,9,2,8,2,7,2,7,2,1,0,0,0,0,0,0,0,0,0,0,0,0,0,0,0,0,0,0,0,5,-1,21,-2,21,-1,23,1,23,2,24,3,24,4,24,4,24,5,25,6,25,6,26,6,26,7,26,7,25,7,25,7,25,6,24,5,24,5,24,5,24,4,25,4,25,3,25,2,25,2,26,2,26,1,13,4,43,14,42,15,41,14,39,13,38,11,37,10,36,9,34,8,33,7,32,5,32,4,31,3,30,3,29,4,28,4,27,5,26,5,25,5,23,5,21,6,19,7,17,7,16,7,14,7,12,7,11,8,8,11,7,11,1,1,0,0,-1,-1,-2,-1,-1,-1,2,0,6,1,38,8,38,10,39,7,39,10,40,13,41,15,42,17,42,19,42,20,42,22,42,23,42,24,43,24,43,24,42,24,42,24,41,24,41,24,41,23,41,22,41,20,42,19,42,17,43,16,43,15,44,15,45,14,46,14]"
CSI_DATA,219,5c:01:3b:6b:b0:95,-44,11,1,4,0,1,1,1,0,0,0,-97,1,11,0,13296251,0,86,1,256,1,"[86,-32,4,0,23,-10,23,-9,21,-9,20,-9,19,-9,19,-9,17,-9,16,-10,16,-11,15,-11,14,-10,14,-10,13,-10,13,-9,13,-9,13,-8,12,-8,12,-7,11,-6,11,-5,10,-4,10,-3,9,-3,8,-3,8,-2,2,-1,0,0,0,0,0,0,0,0,0,0,0,0,0,0,0,0,0,0,4,-3,19,-10,20,-9,22,-8,22,-8,23,-7,24,-7,25,-6,25,-6,26,-5,26,-5,27,-5,27,-5,26,-4,26,-4,26,-4,26,-5,25,-6,25,-6,24,-6,24,-7,24,-7,24,-8,24,-9,24,-9,24,-10,24,-11,14,-3,46,-9,45,-8,44,-8,42,-8,40,-9,39,-9,37,-10,35,-10,33,-11,32,-12,31,-13,30,-13,29,-13,29,-12,28,-12,28,-11,27,-9,25,-8,24,-8,23,-6,22,-5,20,-3,19,-2,17,-2,16,-1,15,0,14,4,12,5,2,0,0,0,-1,-1,-2,0,-1,0,1,-1,6,-2,38,-9,39,-6,40,-10,41,-7,43,-5,44,-4,45,-3,46,-1,48,1,48,2,49,3,49,4,50,3,51,3,50,3,50,3,49,3,49,3,48,2,47,1,47,-1,47,-2,47,-4,47,-5,47,-6,47,-7,48,-8,49,-9]"
CSI_DATA,220,5c:01:3b:6b:b0:95,-46,11,1,5,0,1,1,1,0,0,0,-97,1,11,0,13316734,0,86,1,256,1,"[86,-32,4,0,-1,-16,-1,-15,-1,-15,-1,-14,-1,-14,-2,-13,-2,-13,-2,-12,-2,-12,-2,-12,-3,-11,-3,-11,-3,-11,-2,-10,-2,-10,-2,-10,-1,-9,-1,-9,-1,-8,-1,-8,0,-7,0,-7,0,-6,1,-6,1,-6,0,-2,0,0,0,0,0,0,0,0,0,0,0,0,0,0,0,0,0,0,-1,-4,-1,-14,-1,-14,0,-15,0,-15,1,-15,2,-16,2,-16,3,-16,3,-16,3,-16,4,-17,4,-17,4,-17,3,-17,3,-16,3,-16,2,-16,2,-16,2,-16,1,-16,1,-16,0,-16,0,-16,0,-16,0,-17,0,-17,0,-10,2,-30,2,-30,2,-29,1,-28,1,-27,1,-26,0,-25,-1,-24,-1,-23,-2,-23,-3,-22,-3,-22,-3,-21,-3,-21,-3,-20,-2,-19,-2,-18,-1,-17,0,-17,0,-16,1,-15,1,-14,1,-13,2,-12,2,-11,2,-10,4,-8,5,-8,0,-2,0,-1,-1,0,0,0,-1,0,-1,-2,-1,-5,-2,-25,0,-25,0,-26,2,-27,3,-27,4,-28,5,-28,6,-29,8,-30,8,-30,9,-30,10,-30,10,-31,10,-31,10,-31,10,-31,9,-30,8,-30,8,-30,7,-29,6,-29,6,-30,5,-30,4,-31,4,-31,3,-31,2,-31,2,-31]"
CSI_DATA,221,5c:01:3b:6b:b0:95,-42,11,1,5,0,1,1,1,0,0,0,-97,1,11,0,13335156,0,86,1,256,1,"[86,-32,4,0,-8,10,-8,9,-8,9,-7,9,-7,9,-7,8,-6,8,-5,8,-5,8,-5,8,-5,8,-4,7,-4,7,-4,7,-4,7,-4,7,-4,6,-4,6,-4,5,-4,5,-4,4,-4,3,-4,3,-4,3,-3,3,-1,0,0,0,0,0,0,0,0,0,0,0,0,0,0,0,0,0,0,0,-2,2,-7,9,-8,9,-8,9,-9,9,-9,9,-10,9,-10,9,-11,9,-11,9,-11,9,-12,9,-12,8,-12,8,-12,8,-11,9,-11,9,-11,9,-10,9,-10,9,-10,9,-9,10,-9,9,-9,9,-9,10,-9,10,-9,11,-10,11,-32,38,-32,37,-30,36,-28,35,-26,34,-25,33,-23,32,-22,31,-20,31,-18,31,-17,31,-16,30,-15,29,-15,28,-14,27,-15,25,-14,24,-14,22,-15,21,-14,19,-13,17,-12,15,-12,14,-12,12,-11,10,-12,9,-11,6,-11,6,-3,0,-1,0,0,-1,0,-2,0,-1,-1,1,-3,6,-18,35,-20,35,-26,36,-28,35,-31,35,-34,34,-36,34,-39,34,-41,34,-42,33,-42,33,-42,33,-43,33,-43,33,-43,33,-43,33,-43,32,-43,32,-42,33,-40,33,-38,34,-37,35,-36,35,-34,36,-33,37,-32,38,-32,39,-33,39]"
CSI_DATA,222,5c:01:3b:6b:b0:95,-46,11,1,5,0,1,1,1,0,0,0,-97,1,11,0,13355086,0,86,1,256,1,"[86,-32,4,0,-19,18,-18,18,-17,17,-16,16,-15,16,-15,15,-14,15,-13,15,-12,15,-11,15,-10,14,-10,14,-10,14,-10,14,-10,13,-9,12,-9,12,-9,11,-9,10,-9,9,-9,7,-9,6,-8,5,-8,5,-8,4,-2,1,0,0,0,0,0,0,0,0,0,0,0,0,0,0,0,0,0,0,-4,4,-16,17,-17,16,-18,16,-19,16,-20,15,-22,15,-23,15,-24,15,-24,14,-24,14,-25,15,-25,15,-24,14,-24,14,-24,14,-24,14,-23,15,-22,15,-22,16,-22,16,-21,16,-21,17,-20,17,-19,18,-20,19,-20,20,-13,9,-39,31,-38,31,-36,30,-34,29,-32,28,-30,28,-29,27,-27,26,-26,26,-24,26,-23,26,-22,26,-21,25,-20,25,-20,23,-20,22,-20,21,-19,19,-19,18,-19,16,-18,14,-17,12,-16,10,-15,9,-15,8,-14,6,-14,3,-13,2,-3,0,-1,-1,0,-1,0,-2,0,-1,-2,1,-6,5,-30,30,-31,29,-33,29,-35,28,-37,26,-39,26,-42,25,-44,25,-46,24,-47,23,-48,22,-48,22,-49,22,-49,22,-49,22,-49,22,-48,22,-47,23,-46,24,-44,24,-43,26,-43,27,-42,28,-42,29,-40,30,-40,30,-40,31,-40,31]"
CSI_DATA,223,5c:01:3b:6b:b0:95,-45,11,1,4,0,1,1,1,0,0,0,-97,1,11,0,13378634,0,86,1,256,1,"[86,-32,4,0,15,19,15,18,14,16,14,16,14,15,14,14,13,13,13,12,13,11,13,11,13,10,12,10,12,10,11,9,11,9,10,9,9,9,8,9,7,9,6,8,6,8,5,8,4,7,3,7,2,7,0,1,0,0,0,0,0,0,0,0,0,0,0,0,0,0,0,0,0,0,3,3,14,15,14,16,14,17,13,18,13,19,13,20,12,21,12,21,12,22,12,23,12,23,12,24,12,24,11,23,11,22,12,22,12,21,12,21,13,20,14,20,14,20,15,20,15,19,16,20,16,20,16,19,5,12,19,40,18,39,18,38,17,37,17,35,18,34,17,32,17,29,17,28,18,26,18,26,18,24,18,24,17,23,16,23,15,22,14,21,13,20,11,20,10,19,8,18,7,17,5,16,4,15,3,14,1,14,-3,13,-4,12,-1,2,-1,0,-1,-1,-1,-2,-1,-1,1,1,3,5,17,34,15,35,19,33,17,35,16,38,15,40,14,41,13,43,12,44,11,45,11,46,10,46,11,47,10,47,10,47,9,47,9,46,10,46,11,45,12,44,13,43,15,43,16,43,17,42,18,42,19,42,20,42,21,42]"
CSI_DATA,224,5c:01:3b:6b:b0:95,-45,11,1,4,0,1,1,1,0,0,0,-97,1,11,0,13397986,0,86,1,256,1,"[86,-32,4,0,-25,-11,-24,-11,-23,-9,-22,-9,-22,-8,-21,-7,-20,-6,-19,-5,-18,-5,-18,-5,-18,-5,-18,-4,-18,-4,-17,-4,-16,-4,-16,-5,-14,-5,-13,-5,-12,-5,-11,-5,-11,-5,-10,-6,-9,-6,-7,-6,-7,-6,-2,-2,0,0,0,0,0,0,0,0,0,0,0,0,0,0,0,0,0,0,-6,-2,-22,-8,-22,-9,-23,-10,-23,-12,-24,-13,-24,-13,-24,-14,-24,-14,-24,-16,-24,-17,-24,-17,-24,-18,-24,-18,-23,-18,-23,-17,-24,-16,-23,-15,-23,-14,-24,-14,-24,-13,-25,-13,-25,-12,-25,-11,-25,-12,-26,-12,-26,-11,-11,-11,-35,-33,-34,-33,-33,-32,-31,-30,-30,-28,-30,-27,-29,-26,-28,-24,-28,-21,-28,-20,-29,-19,-28,-18,-28,-18,-27,-18,-26,-17,-25,-16,-23,-16,-21,-16,-19,-16,-17,-15,-15,-15,-14,-15,-13,-15,-11,-14,-10,-13,-8,-13,-3,-14,-1,-13,0,-3,0,-1,-1,0,0,0,0,0,-2,-2,-6,-5,-29,-30,-28,-33,-33,-27,-32,-30,-32,-33,-31,-34,-31,-35,-30,-37,-29,-39,-29,-40,-28,-41,-28,-42,-29,-43,-29,-43,-29,-43,-29,-43,-29,-43,-29,-42,-28,-41,-28,-39,-29,-38,-31,-37,-32,-36,-33,-35,-34,-34,-35,-34,-37,-34,-38,-34]"
CSI_DATA,225,5c:01:3b:6b:b0:95,-46,11,1,5,0,1,1,1,0,0,0,-97,1,11,0,13415566,0,86,1,256,1,"[86,-32,4,0,-17,-20,-16,-19,-16,-18,-16,-17,-16,-17,-15,-16,-15,-15,-14,-13,-14,-13,-14,-12,-14,-12,-14,-12,-13,-11,-12,-11,-12,-11,-11,-11,-10,-11,-9,-10,-8,-10,-7,-10,-7,-9,-6,-9,-5,-8,-4,-8,-3,-8,-1,-2,0,0,0,0,0,0,0,0,0,0,0,0,0,0,0,0,0,0,-4,-4,-16,-16,-16,-17,-16,-19,-16,-20,-15,-21,-15,-22,-14,-22,-14,-23,-14,-24,-13,-24,-14,-25,-14,-25,-14,-25,-14,-25,-14,-25,-14,-24,-14,-23,-14,-23,-15,-23,-15,-22,-16,-22,-16,-21,-16,-21,-17,-21,-18,-21,-18,-21,-9,-13,-29,-41,-28,-40,-27,-39,-25,-37,-25,-36,-24,-34,-24,-32,-24,-30,-24,-28,-24,-27,-24,-25,-24,-24,-24,-24,-23,-24,-22,-23,-21,-22,-20,-22,-18,-21,-16,-20,-14,-20,-12,-19,-10,-18,-9,-17,-8,-16,-6,-15,-5,-14,-2,-14,0,-13,0,-3,0,-1,-1,0,0,0,0,0,-2,-2,-5,-6,-27,-31,-26,-33,-27,-34,-26,-36,-24,-39,-23,-41,-23,-43,-22,-45,-21,-46,-20,-47,-20,-48,-19,-48,-20,-49,-20,-50,-20,-50,-19,-50,-19,-49,-20,-48,-21,-47,-21,-46,-22,-45,-22,-45,-23,-44,-25,-44,-26,-43,-28,-42,-29,-42,-29,-42]"
CSI_DATA,226,5c:01:3b:6b:b0:95,-47,11,1,5,0,1,1,1,0,0,0,-97,1,11,0,13435138,0,86,1,256,1,"[86,-32,4,0,-18,-17,-18,-17,-17,-15,-17,-14,-16,-14,-16,-13,-16,-12,-15,-11,-14,-10,-15,-9,-15,-9,-15,-9,-14,-8,-13,-8,-12,-8,-12,-8,-11,-8,-9,-8,-8,-8,-8,-8,-7,-7,-7,-7,-6,-7,-5,-6,-4,-6,-1,-2,0,0,0,0,0,0,0,0,0,0,0,0,0,0,0,0,0,0,-4,-4,-16,-15,-16,-17,-16,-18,-16,-19,-16,-20,-15,-21,-15,-22,-14,-22,-14,-23,-14,-23,-15,-24,-15,-24,-15,-24,-14,-23,-14,-23,-15,-22,-15,-21,-15,-21,-16,-21,-16,-20,-17,-20,-17,-19,-18,-19,-19,-18,-19,-18,-18,-18,-12,-9,-37,-30,-36,-30,-35,-29,-33,-27,-32,-26,-32,-24,-31,-23,-30,-21,-29,-19,-29,-17,-29,-16,-28,-15,-27,-15,-27,-15,-25,-14,-24,-14,-23,-14,-21,-13,-19,-13,-17,-13,-16,-13,-14,-13,-12,-12,-11,-12,-9,-11,-7,-10,-7,-10,-5,-10,-1,-2,-1,-1,0,-1,1,0,0,0,-2,-1,-7,-3,-37,-15,-36,-18,-33,-26,-32,-29,-32,-32,-31,-34,-31,-36,-31,-38,-31,-39,-30,-40,-30,-40,-30,-41,-30,-41,-30,-42,-30,-42,-30,-42,-30,-42,-31,-41,-31,-39,-31,-38,-32,-37,-33,-36,-33,-35,-34,-34,-35,-33,-36,-32,-37,-31,-38,-31]"
CSI_DATA,227,5c:01:3b:6b:b0:95,-43,11,1,5,0,1,1,1,0,0,0,-97,1,11,0,13455112,0,86,1,256,1,"[86,-32,4,0,1,-14,1,-13,1,-13,1,-12,0,-12,0,-11,0,-11,0,-10,0,-10,-1,-10,-1,-9,-1,-9,-1,-9,-1,-9,-1,-9,-1,-8,-1,-8,-1,-7,0,-7,0,-7,0,-6,0,-5,0,-5,0,-4,0,-4,0,-1,0,0,0,0,0,0,0,0,0,0,0,0,0,0,0,0,0,0,0,-4,1,-13,1,-14,1,-14,2,-14,3,-14,3,-15,3,-15,4,-15,5,-15,5,-15,5,-15,6,-15,6,-15,5,-14,5,-15,4,-15,4,-14,4,-14,3,-14,3,-14,3,-14,2,-14,2,-14,2,-14,2,-15,2,-15,-2,-16,-3,-52,-2,-51,-2,-49,-3,-47,-3,-45,-4,-44,-4,-41,-5,-39,-6,-37,-6,-37,-7,-36,-7,-35,-8,-33,-8,-32,-7,-31,-6,-29,-5,-27,-4,-26,-3,-25,-2,-23,-1,-22,-1,-20,0,-18,0,-16,0,-14,1,-13,0,-10,2,-9,0,-2,0,-1,-1,-1,0,1,0,0,-2,-3,-4,-8,-18,-43,-15,-45,-4,-48,-2,-49,0,-51,2,-52,4,-53,6,-55,8,-56,10,-56,12,-56,13,-55,14,-56,14,-57,14,-56,13,-56,12,-56,10,-55,9,-54,8,-53,7,-54,5,-53,4,-54,3,-54,2,-54,1,-53,0,-53,0,-53]"
CSI_DATA,228,5c:01:3b:6b:b0:95,-45,11,1,4,0,1,1,1,0,0,0,-97,1,11,0,13476881,0,86,1,256,1,"[86,-32,4,0,12,25,12,24,12,22,12,21,12,20,12,19,11,17,11,17,11,16,11,15,11,14,11,14,10,13,10,13,9,13,9,13,8,13,6,12,5,11,4,11,4,10,3,9,2,8,1,8,0,8,0,1,0,0,0,0,0,0,0,0,0,0,0,0,0,0,0,0,0,0,3,5,12,21,12,22,11,24,11,25,10,26,9,27,9,28,8,28,8,29,7,30,6,31,6,31,7,30,7,30,7,29,7,29,8,28,8,27,9,27,11,27,11,27,12,26,12,26,12,26,13,26,12,27,4,15,16,49,15,49,15,47,15,45,15,43,16,42,16,39,16,36,16,34,16,33,17,32,17,30,17,30,16,29,15,28,14,27,12,25,11,24,9,23,7,22,5,21,4,20,3,18,2,17,1,15,-1,14,-4,13,-5,12,-2,2,-1,0,-1,-1,-1,-2,-1,-1,1,2,3,7,19,42,17,43,18,44,15,46,13,49,12,51,10,52,9,53,7,55,6,56,5,56,4,57,4,58,4,59,4,58,4,58,4,57,4,56,5,55,7,54,8,54,11,54,12,53,13,53,14,52,15,52,17,53,17,53]"
CSI_DATA,229,5c:01:3b:6b:b0:95,-45,11,1,4,0,1,1,1,0,0,0,-97,1,11,0,13504039,0,86,1,256,1,"[86,-32,4,0,-16,-4,-16,-4,-15,-4,-14,-3,-14,-3,-13,-3,-13,-2,-12,-2,-12,-1,-11,-1,-11,-1,-11,-1,-10,-1,-10,-1,-10,-1,-9,-1,-9,-2,-8,-2,-7,-2,-7,-2,-6,-2,-6,-2,-5,-2,-4,-2,-4,-3,-1,-1,0,0,0,0,0,0,0,0,0,0,0,0,0,0,0,0,0,0,-4,-1,-15,-3,-15,-4,-15,-5,-16,-5,-16,-6,-16,-6,-16,-7,-16,-7,-16,-8,-16,-8,-16,-9,-16,-9,-16,-9,-16,-9,-16,-8,-16,-8,-16,-7,-15,-7,-16,-7,-16,-6,-16,-6,-16,-5,-16,-5,-17,-5,-17,-5,-17,-5,-9,-5,-27,-14,-26,-14,-25,-14,-24,-13,-23,-12,-23,-11,-22,-10,-21,-9,-20,-8,-20,-7,-20,-7,-20,-6,-19,-6,-18,-6,-18,-6,-17,-6,-16,-6,-15,-6,-14,-6,-12,-6,-11,-6,-10,-6,-9,-6,-8,-6,-7,-6,-6,-6,-4,-7,-3,-6,-1,-1,-1,-1,0,0,0,0,0,0,-2,-1,-5,-2,-24,-12,-24,-13,-25,-12,-25,-13,-25,-15,-25,-17,-25,-18,-25,-19,-25,-20,-25,-21,-25,-21,-25,-22,-26,-22,-26,-22,-26,-22,-25,-22,-25,-22,-25,-21,-25,-21,-25,-20,-25,-19,-26,-18,-26,-17,-27,-16,-27,-15,-28,-15,-28,-15,-29,-15]"
CSI_DATA,230,5c:01:3b:6b:b0:95,-43,11,1,5,0,1,1,1,0,0,0,-97,1,11,0,13517472,0,86,1,256,1,"[86,-32,4,0,12,-3,12,-3,11,-3,11,-3,11,-3,10,-3,9,-3,9,-3,9,-3,8,-3,8,-3,7,-3,7,-3,7,-3,7,-3,6,-3,6,-2,6,-2,5,-2,5,-2,4,-1,4,-1,3,-1,3,-1,2,-1,0,0,0,0,0,0,0,0,0,0,0,0,0,0,0,0,0,0,0,0,2,-2,11,-4,12,-4,12,-3,13,-3,13,-2,14,-2,14,-1,14,-1,14,-1,14,0,15,0,15,0,14,0,14,0,14,0,14,0,14,-1,13,-1,14,-1,13,-2,13,-2,13,-2,13,-2,13,-2,14,-2,14,-3,14,-4,48,-11,47,-11,45,-11,43,-11,42,-11,40,-11,37,-12,36,-13,34,-13,33,-14,32,-15,30,-15,28,-15,27,-14,26,-13,25,-12,24,-10,23,-9,22,-8,20,-7,19,-6,17,-4,15,-4,13,-3,12,-3,11,-2,10,0,9,1,1,0,0,0,-1,-1,-2,0,-1,0,1,-2,6,-5,37,-25,39,-22,43,-17,45,-14,47,-12,49,-10,52,-9,54,-7,55,-5,56,-4,57,-2,56,-1,56,-1,57,-1,57,0,56,-1,56,-1,55,-2,54,-3,53,-4,52,-5,51,-6,51,-7,51,-8,51,-10,52,-11,52,-12,52,-12]"
CSI_DATA,231,5c:01:3b:6b:b0:95,-46,11,1,4,0,1,1,1,0,0,0,-97,1,11,0,13537010,0,86,1,256,1,"[86,-32,4,0,17,20,16,20,16,18,15,17,15,16,15,15,14,14,13,13,13,12,13,11,13,11,13,10,12,10,12,10,11,10,10,10,9,9,8,9,6,8,6,8,5,8,5,7,4,7,2,6,2,6,0,1,0,0,0,0,0,0,0,0,0,0,0,0,0,0,0,0,0,0,4,4,17,17,16,18,16,19,16,21,16,22,15,23,15,24,14,25,14,26,14,26,14,27,13,27,13,27,13,26,13,25,13,25,14,24,14,23,15,23,15,23,16,23,16,22,17,22,18,22,18,22,17,22,7,13,24,44,23,43,23,42,22,39,21,37,21,36,21,33,20,31,21,28,21,27,21,26,21,24,20,24,19,23,18,22,17,22,16,21,14,20,12,19,10,18,8,17,7,16,6,15,4,14,3,13,1,12,-2,11,-3,10,-1,1,-1,0,-1,-1,-1,-2,-1,-1,1,1,4,6,26,36,24,38,26,37,24,40,23,43,22,45,21,47,19,48,18,50,17,52,16,53,16,54,17,54,17,54,16,54,15,53,15,52,15,52,16,51,17,49,18,49,19,48,20,48,22,47,23,46,25,46,26,46,27,46]"
CSI_DATA,232,5c:01:3b:6b:b0:95,-47,11,1,5,0,1,1,1,0,0,0,-97,1,11,0,13557320,0,86,1,256,1,"[86,-32,4,0,4,25,4,24,4,22,4,21,5,21,5,19,5,18,5,17,4,16,5,16,5,15,5,15,5,14,4,14,4,13,4,13,3,12,2,11,1,10,1,10,0,9,0,8,-1,7,-2,6,-2,6,-1,1,0,0,0,0,0,0,0,0,0,0,0,0,0,0,0,0,0,0,1,5,6,22,5,23,4,24,3,25,2,26,2,27,1,27,0,27,-1,28,-1,28,-2,29,-2,29,-2,29,-2,28,-2,27,-1,27,-1,27,0,26,1,26,2,26,3,26,3,26,3,26,4,26,4,27,4,26,0,15,4,48,3,47,4,46,4,44,4,42,4,40,4,38,5,36,6,34,7,32,8,31,8,30,8,29,7,29,7,27,6,26,5,24,4,23,2,21,1,20,0,18,-1,17,-2,15,-2,14,-3,12,-4,10,-5,9,-6,8,-2,1,-1,0,0,-1,-1,-2,-1,-1,0,2,2,7,11,41,9,42,8,43,5,45,3,46,1,48,-1,50,-2,51,-4,52,-6,53,-7,53,-7,53,-8,54,-8,54,-8,54,-8,54,-8,53,-6,52,-5,52,-5,51,-4,50,-3,50,-1,50,0,51,2,50,3,51,4,51,4,50]"
CSI_DATA,233,5c:01:3b:6b:b0:95,-46,11,1,4,0,1,1,1,0,0,0,-97,1,11,0,13583541,0,86,1,256,1,"[86,-32,4,0,15,21,15,20,14,18,14,17,14,16,14,15,13,14,13,13,12,12,12,12,12,11,12,11,11,10,11,10,10,10,9,9,8,9,7,9,6,8,5,8,5,7,4,7,3,6,2,6,1,5,0,1,0,0,0,0,0,0,0,0,0,0,0,0,0,0,0,0,0,0,3,4,15,18,14,19,14,21,14,22,13,23,13,24,12,25,12,25,11,26,11,27,10,28,10,28,10,27,10,27,11,26,11,26,12,25,12,24,13,24,14,23,15,23,15,23,15,22,15,22,16,23,15,22,5,13,20,44,19,43,19,41,18,39,18,37,18,36,18,33,18,31,18,28,18,27,18,26,18,25,17,24,17,23,16,22,15,21,14,20,12,19,10,18,9,17,7,16,5,15,4,14,3,13,1,11,0,11,-3,10,-4,9,-1,1,-1,0,-1,-1,-1,-2,-1,-1,1,2,3,6,19,40,17,41,21,40,18,42,17,44,16,46,15,48,14,49,12,50,11,52,11,52,10,53,10,54,9,54,9,54,9,53,9,53,10,52,11,50,12,49,13,48,15,48,16,48,17,47,18,47,20,47,21,46,22,46]"
CSI_DATA,234,5c:01:3b:6b:b0:95,-47,11,1,3,0,1,1,1,0,0,0,-97,1,11,0,13601697,0,86,1,256,1,"[86,-32,4,0,10,23,10,22,10,20,10,19,10,18,10,17,10,16,9,15,9,14,9,13,10,12,10,12,9,12,8,11,7,11,7,11,6,10,5,10,4,9,3,9,3,8,2,7,2,6,1,6,0,5,0,1,0,0,0,0,0,0,0,0,0,0,0,0,0,0,0,0,0,0,2,5,10,21,9,22,8,23,8,24,7,25,6,26,6,27,5,27,5,27,5,28,4,29,5,29,5,29,5,28,5,28,5,27,5,26,6,25,7,25,8,25,9,25,9,25,9,24,10,24,11,25,11,25,3,14,12,45,11,45,10,44,10,42,10,40,11,38,11,35,11,33,12,31,12,30,13,29,13,27,13,27,12,26,11,24,10,23,9,22,8,21,6,20,4,18,3,17,2,15,2,14,1,12,0,11,-1,10,-4,8,-5,8,-1,1,-1,0,-1,-1,-1,-2,-1,-1,0,2,2,7,12,41,10,42,13,42,10,44,8,46,6,47,5,49,3,50,2,51,0,52,0,53,0,53,0,54,0,54,0,54,-1,54,-1,53,-1,52,1,51,2,50,3,49,4,49,6,49,7,49,9,48,11,48,12,49,13,49]"
CSI_DATA,235,5c:01:3b:6b:b0:95,-46,11,1,4,0,1,1,1,0,0,0,-97,1,11,0,13619071,0,86,1,256,1,"[86,-32,4,0,-2,-26,-2,-25,-2,-23,-2,-22,-3,-21,-3,-20,-3,-19,-3,-19,-4,-18,-4,-17,-5,-16,-5,-16,-5,-15,-4,-15,-3,-14,-3,-14,-2,-13,-1,-12,-1,-11,-1,-10,0,-9,0,-8,0,-7,1,-7,1,-6,0,-2,0,0,0,0,0,0,0,0,0,0,0,0,0,0,0,0,0,0,-1,-6,-2,-24,-1,-25,0,-26,1,-26,2,-27,3,-28,4,-28,5,-28,6,-28,6,-29,6,-29,6,-30,6,-29,5,-28,5,-28,5,-28,4,-28,3,-27,3,-27,2,-27,1,-27,1,-27,0,-27,-1,-27,-1,-28,-1,-28,3,-15,10,-46,10,-45,9,-44,9,-42,8,-40,6,-40,5,-37,4,-35,3,-34,2,-33,0,-32,0,-31,-1,-30,0,-29,0,-27,0,-26,1,-24,1,-22,2,-21,3,-19,4,-18,4,-16,4,-14,4,-13,4,-11,4,-10,7,-6,7,-5,1,-1,0,-1,-1,0,-1,1,-1,0,0,-3,2,-8,13,-42,15,-42,9,-44,12,-44,14,-45,16,-46,18,-46,20,-46,21,-47,23,-47,24,-46,25,-46,25,-48,25,-48,25,-48,25,-47,25,-47,24,-46,22,-46,20,-45,19,-46,17,-47,16,-47,15,-48,13,-47,12,-48,11,-49,11,-49]"
CSI_DATA,236,5c:01:3b:6b:b0:95,-46,11,1,4,0,1,1,1,0,0,0,-97,1,11,0,13640630,0,86,1,256,1,"[86,-32,4,0,-2,25,-1,24,-1,22,0,21,0,20,1,19,1,18,1,18,1,17,2,16,2,15,2,15,2,14,1,14,1,13,1,13,0,12,0,11,-1,10,-1,9,-1,8,-1,7,-2,6,-2,6,-3,5,-1,1,0,0,0,0,0,0,0,0,0,0,0,0,0,0,0,0,0,0,-1,5,-1,23,-2,24,-4,24,-5,25,-5,25,-6,26,-7,26,-8,27,-9,27,-9,27,-10,28,-10,28,-9,27,-9,27,-9,26,-9,26,-8,26,-7,26,-6,26,-5,26,-4,26,-3,26,-3,26,-2,26,-2,26,-2,27,-5,14,-12,46,-12,45,-12,43,-11,41,-10,39,-9,39,-7,36,-6,34,-5,32,-4,31,-3,31,-2,30,-1,29,-2,28,-2,26,-3,24,-3,23,-4,21,-4,19,-5,17,-6,16,-6,14,-6,13,-6,11,-6,9,-6,8,-8,5,-8,4,-2,0,-1,0,0,-1,0,-2,0,-1,-1,2,-1,7,-7,42,-10,42,-10,43,-13,44,-16,45,-18,45,-20,46,-22,46,-24,46,-25,46,-26,46,-26,46,-26,47,-26,48,-26,47,-27,47,-26,46,-26,46,-24,45,-23,44,-21,45,-20,46,-18,46,-17,47,-15,47,-14,47,-13,48,-12,49]"
CSI_DATA,237,5c:01:3b:6b:b0:95,-46,11,1,4,0,1,1,1,0,0,0,-97,1,11,0,13657105,0,86,1,256,1,"[86,-32,4,0,-14,20,-13,20,-12,19,-11,18,-10,17,-10,16,-9,16,-8,16,-7,16,-7,15,-6,14,-6,13,-6,13,-6,13,-6,12,-5,12,-5,11,-6,10,-6,9,-5,7,-5,6,-5,5,-5,4,-5,4,-5,3,-2,0,0,0,0,0,0,0,0,0,0,0,0,0,0,0,0,0,0,0,-4,4,-13,19,-14,19,-15,19,-17,20,-18,19,-19,20,-20,20,-20,19,-21,19,-22,19,-22,19,-23,19,-22,19,-21,18,-21,18,-21,19,-20,19,-19,19,-18,20,-17,20,-17,20,-16,20,-15,20,-15,21,-16,22,-16,22,-10,11,-29,38,-29,37,-27,35,-26,34,-24,33,-22,33,-20,31,-18,30,-17,29,-16,28,-15,28,-14,27,-13,26,-13,25,-12,24,-12,22,-12,20,-12,19,-12,17,-12,15,-11,13,-11,11,-10,9,-10,8,-9,6,-9,5,-9,3,-8,2,-2,0,-1,-1,0,-1,0,-2,0,-1,-1,2,-4,6,-21,38,-23,37,-27,36,-30,36,-33,35,-35,35,-36,35,-38,35,-40,35,-41,34,-42,33,-43,33,-44,33,-44,34,-44,33,-44,33,-43,33,-42,33,-40,33,-39,33,-37,35,-36,36,-34,37,-33,38,-32,38,-32,38,-32,39,-32,40]"
CSI_DATA,238,5c:01:3b:6b:b0:95,-46,11,1,4,0,1,1,1,0,0,0,-97,1,11,0,13677214,0,86,1,256,1,"[86,-32,4,0,4,24,4,23,4,21,4,20,5,19,5,18,5,17,5,16,4,16,5,15,6,14,6,13,5,13,4,13,4,12,3,12,2,11,1,10,1,9,0,8,0,7,0,6,-1,6,-1,5,-2,5,-1,1,0,0,0,0,0,0,0,0,0,0,0,0,0,0,0,0,0,0,1,5,6,22,5,23,4,24,3,25,2,25,1,26,0,27,0,27,-1,28,-1,28,-1,29,-1,29,-1,28,-1,28,-1,28,-1,27,-1,26,0,26,1,26,2,26,3,26,3,25,4,25,5,25,5,26,4,26,-1,14,0,47,0,45,0,44,0,41,0,40,1,39,2,36,2,34,3,32,4,31,5,29,5,28,5,27,5,27,4,25,3,24,2,22,1,20,0,19,-1,17,-2,16,-2,14,-3,13,-3,11,-4,10,-4,8,-6,6,-7,5,-2,0,-1,0,-1,-1,-1,-2,-1,-1,0,2,1,7,5,42,2,43,4,44,1,45,-2,47,-4,48,-6,49,-7,49,-9,50,-11,50,-12,51,-12,51,-12,52,-12,52,-12,52,-12,51,-12,51,-12,50,-11,49,-9,48,-8,48,-6,49,-5,49,-4,49,-2,48,-1,49,0,49,0,50]"
CSI_DATA,239,5c:01:3b:6b:b0:95,-48,11,1,5,0,1,1,1,0,0,0,-97,1,11,0,13695193,0,86,1,256,1,"[86,-32,4,0,-17,15,-16,14,-14,14,-14,13,-13,13,-12,13,-11,12,-10,12,-10,11,-9,11,-9,10,-8,10,-8,10,-8,9,-7,9,-7,8,-7,8,-6,7,-6,6,-6,5,-5,4,-5,2,-4,2,-4,2,-4,1,-1,0,0,0,0,0,0,0,0,0,0,0,0,0,0,0,0,0,0,0,-4,3,-16,15,-17,15,-18,15,-19,15,-20,15,-21,15,-21,15,-22,15,-22,14,-23,13,-24,13,-24,12,-24,12,-24,12,-23,13,-23,13,-21,13,-20,13,-20,14,-19,15,-18,15,-18,15,-18,15,-18,15,-19,16,-19,17,-11,8,-34,28,-34,27,-32,26,-30,24,-28,23,-26,23,-25,22,-23,22,-21,21,-20,20,-19,20,-18,20,-17,20,-16,19,-15,17,-15,15,-14,14,-14,13,-13,11,-12,9,-11,8,-10,6,-10,5,-9,4,-8,3,-8,2,-7,0,-6,0,-2,-1,-1,-1,-1,-1,0,-1,0,-1,-2,1,-5,5,-28,28,-30,27,-32,28,-34,26,-37,25,-39,24,-40,23,-42,23,-44,23,-45,22,-45,21,-46,20,-46,20,-47,20,-47,20,-47,20,-46,20,-45,21,-43,21,-42,22,-41,23,-40,24,-38,25,-38,26,-36,26,-36,27,-37,28,-37,28]"
