type,id,mac,rssi,rate,sig_mode,mcs,bandwidth,smoothing,not_sounding,aggregation,stbc,fec_coding,sgi,noise_floor,ampdu_cnt,channel,secondary_channel,local_timestamp,ant,sig_len,sig_mode,len,first_word,data
CSI_DATA,0,5c:01:3b:6b:b0:95,-50,11,1,5,0,1,1,0,0,0,0,-96,0,11,0,7937949,0,86,1,256,1,"[86,-32,4,0,-19,18,-18,18,-17,18,-16,17,-15,18,-15,18,-14,18,-13,18,-12,19,-11,20,-11,20,-11,20,-11,20,-11,20,-11,21,-11,21,-12,21,-12,20,-12,19,-12,18,-12,17,-12,16,-13,16,-13,16,-13,15,-4,3,0,0,0,0,0,0,0,0,0,0,0,0,0,0,0,0,0,0,-3,3,-12,15,-13,15,-14,15,-15,15,-16,15,-18,14,-19,14,-19,14,-20,13,-20,13,-21,14,-21,14,-20,13,-20,13,-21,12,-21,12,-21,13,-20,13,-19,13,-19,14,-18,14,-18,15,-18,16,-18,17,-19,18,-19,19,-12,10,-37,34,-36,33,-35,33,-34,33,-32,33,-31,34,-30,34,-29,34,-27,35,-25,35,-24,37,-23,38,-23,38,-23,39,-23,38,-22,38,-22,38,-23,38,-24,37,-24,36,-25,34,-25,32,-25,31,-25,30,-26,28,-26,26,-30,22,-31,21,-6,3,-2,0,0,-1,0,-2,0,-1,-1,1,-4,5,-19,31,-21,29,-24,28,-26,27,-29,27,-31,27,-33,26,-35,25,-37,25,-38,24,-39,23,-39,23,-40,23,-41,23,-41,23,-42,22,-42,22,-42,22,-40,22,-39,23,-38,24,-38,25,-38,27,-37,28,-36,30,-36,31,-36,33,-37,34]"
CSI_DATA,1,5c:01:3b:6b:b0:95,-51,11,1,6,0,1,1,1,0,0,0,-96,1,11,0,7986259,0,86,1,256,1,"[86,-32,4,0,22,2,22,2,21,1,21,1,20,1,20,0,20,-1,20,-2,19,-3,19,-4,19,-4,19,-4,19,-4,20,-5,20,-5,20,-5,20,-4,20,-4,19,-3,19,-3,18,-2,18,-1,17,-1,17,-1,17,0,4,0,0,0,0,0,0,0,0,0,0,0,0,0,0,0,0,0,0,0,4,-1,17,-1,18,0,18,1,18,2,19,3,19,4,19,5,20,5,20,6,20,7,21,7,20,8,20,8,19,8,19,7,20,7,20,6,19,6,19,6,19,6,20,5,21,5,21,4,22,4,22,3,23,3,12,4,40,14,39,14,38,13,38,12,37,11,37,10,36,9,36,8,36,6,36,4,37,2,37,1,37,1,38,1,38,1,38,1,37,2,37,2,37,3,36,4,35,5,34,5,33,6,32,6,31,7,29,9,26,18,24,19,4,3,1,1,-1,-1,-2,-1,-1,-1,1,0,5,0,30,5,30,8,32,5,32,8,32,10,32,12,33,14,33,16,33,18,33,20,33,21,33,22,34,22,34,22,33,22,33,22,33,22,33,22,33,21,33,20,33,20,34,19,35,18,36,17,37,16,38,15,39,15,40,14]"
CSI_DATA,2,5c:01:3b:6b:b0:95,-52,11,1,7,0,1,1,1,0,0,0,-96,1,11,0,8031640,0,86,1,256,1,"[86,-32,4,0,8,16,8,16,8,15,8,15,9,14,9,14,10,13,10,12,10,12,10,12,11,12,11,12,11,12,11,11,11,12,11,12,11,12,11,12,10,12,10,12,9,12,8,12,8,12,7,12,6,12,1,3,0,0,0,0,0,0,0,0,0,0,0,0,0,0,0,0,0,0,2,2,8,10,7,11,7,12,7,13,6,14,6,14,5,15,5,15,5,16,4,16,4,17,4,17,4,17,3,17,3,17,4,16,4,16,5,16,5,16,6,16,6,16,7,16,7,16,7,16,8,17,8,17,5,9,17,32,16,32,16,31,16,30,16,29,17,28,17,27,18,26,19,25,19,24,21,23,21,23,22,22,22,22,22,22,23,23,22,23,22,23,21,24,20,24,19,24,18,24,16,23,15,23,14,23,12,23,10,24,9,24,1,4,0,1,-1,-1,-1,-1,-1,-1,1,0,3,3,18,18,18,19,16,21,15,22,14,24,12,26,12,28,11,29,10,30,10,31,9,32,9,33,8,33,8,33,8,32,7,32,7,32,7,32,8,32,8,31,9,31,11,31,11,31,12,31,13,31,14,31,15,32,16,32]"
CSI_DATA,3,5c:01:3b:6b:b0:95,-52,11,1,7,0,1,1,1,0,0,0,-96,1,11,0,8084916,0,86,1,256,1,"[86,-32,4,0,-4,24,-3,23,-3,22,-2,22,-1,22,-1,22,0,21,1,21,1,20,2,20,3,20,3,20,3,21,3,20,3,21,3,21,3,21,2,21,1,20,1,20,0,19,0,18,-1,18,-2,18,-2,17,-1,4,0,0,0,0,0,0,0,0,0,0,0,0,0,0,0,0,0,0,0,4,0,18,-1,18,-2,19,-2,20,-3,20,-5,21,-6,21,-6,21,-7,21,-8,21,-8,22,-9,22,-8,22,-8,21,-8,21,-8,21,-8,21,-7,21,-7,21,-6,22,-5,22,-5,22,-5,22,-4,23,-4,24,-4,24,-5,13,-13,44,-14,43,-13,42,-12,41,-11,40,-10,40,-9,39,-7,39,-5,39,-3,39,-2,39,-1,39,0,40,0,40,0,40,0,40,0,40,-1,40,-2,39,-3,38,-5,37,-5,36,-6,35,-7,34,-8,33,-9,32,-16,29,-17,27,-4,4,-2,1,0,-1,0,-2,0,-1,-1,1,-1,5,-5,33,-6,33,-4,34,-6,35,-9,36,-11,37,-13,37,-15,37,-17,38,-19,37,-20,38,-21,38,-21,38,-22,38,-22,38,-23,37,-23,37,-22,37,-21,37,-20,37,-19,38,-19,38,-18,39,-17,39,-16,40,-15,42,-14,43,-14,45]"
CSI_DATA,4,5c:01:3b:6b:b0:95,-52,11,1,7,0,1,1,1,0,0,0,-96,1,11,0,8135551,0,86,1,256,1,"[86,-32,4,0,-25,2,-25,3,-24,3,-23,3,-23,4,-22,5,-22,5,-21,6,-21,7,-21,8,-20,8,-20,8,-20,9,-21,9,-21,9,-21,9,-21,9,-21,8,-20,8,-20,7,-20,6,-19,5,-19,4,-19,4,-18,3,-5,0,0,0,0,0,0,0,0,0,0,0,0,0,0,0,0,0,0,0,-5,1,-19,5,-20,4,-20,2,-21,1,-22,1,-23,0,-24,-1,-24,-1,-24,-2,-24,-3,-25,-3,-25,-3,-24,-4,-24,-4,-24,-4,-24,-3,-24,-3,-24,-2,-23,-2,-23,-1,-24,-1,-24,0,-24,0,-25,1,-26,2,-26,2,-15,-1,-49,0,-48,0,-47,0,-46,1,-45,1,-43,3,-42,4,-42,5,-41,6,-41,8,-41,10,-40,11,-40,12,-41,12,-41,12,-41,12,-41,12,-40,11,-40,10,-40,9,-39,8,-38,6,-38,5,-37,4,-36,3,-35,1,-34,-7,-33,-8,-6,-2,-2,-1,0,-1,0,-1,0,-1,-2,0,-7,1,-35,7,-36,5,-37,5,-38,3,-39,0,-40,-2,-42,-3,-43,-5,-43,-7,-44,-9,-45,-10,-45,-11,-45,-11,-45,-11,-45,-12,-44,-12,-44,-12,-44,-11,-44,-10,-44,-9,-44,-8,-44,-7,-45,-6,-45,-4,-46,-3,-47,-2,-48,-2,-49,-2]"
CSI_DATA,5,5c:01:3b:6b:b0:95,-50,11,1,5,0,1,1,1,0,0,0,-96,1,11,0,8193557,0,86,1,256,1,"[86,-32,4,0,5,24,5,24,5,23,6,22,6,22,7,21,7,21,8,20,8,19,9,19,9,18,10,18,10,19,11,19,11,19,10,19,10,19,10,19,9,19,8,19,7,18,6,18,5,18,5,17,4,17,1,4,0,0,0,0,0,0,0,0,0,0,0,0,0,0,0,0,0,0,1,4,6,16,5,17,4,18,4,20,3,20,2,21,1,21,1,21,0,22,-1,22,-2,23,-2,23,-2,23,-2,23,-1,22,-1,22,0,22,0,22,1,22,1,23,2,23,3,23,3,23,3,23,4,24,4,24,1,13,4,45,4,45,4,44,5,43,5,41,6,41,7,40,8,39,10,38,12,37,14,37,15,36,16,36,16,37,16,38,16,37,15,37,15,37,14,37,12,36,10,36,9,35,8,34,7,34,5,33,4,32,-2,32,-4,31,-1,5,-1,1,-1,-1,-1,-1,-1,-1,0,1,2,5,11,29,9,30,9,32,7,33,5,35,3,37,1,38,-1,39,-2,41,-4,41,-4,42,-5,42,-5,42,-5,42,-5,42,-6,42,-6,42,-6,42,-5,42,-4,41,-4,41,-3,41,-2,42,0,43,1,43,3,44,4,44,5,45]"
CSI_DATA,6,5c:01:3b:6b:b0:95,-50,11,1,6,0,1,1,1,0,0,0,-96,1,11,0,8239661,0,86,1,256,1,"[86,-32,4,0,4,22,4,22,4,21,5,20,5,20,6,19,6,19,6,18,7,17,7,18,8,18,8,18,9,18,9,18,9,17,8,18,8,18,8,18,7,18,7,17,6,17,5,17,4,17,3,16,3,16,0,4,0,0,0,0,0,0,0,0,0,0,0,0,0,0,0,0,0,0,1,3,5,15,4,16,4,17,3,18,2,18,1,19,1,20,0,20,0,20,-1,20,-1,21,-2,21,-2,22,-2,22,-2,21,-2,21,-1,20,-1,20,0,21,1,21,2,21,2,21,3,21,3,22,3,22,3,23,2,13,9,42,8,42,7,41,8,40,9,39,10,38,11,37,12,36,13,35,14,34,16,34,16,34,17,34,17,34,18,34,18,33,17,34,17,34,16,34,15,34,13,33,12,32,10,32,9,31,8,31,6,31,4,31,2,31,0,5,-1,1,-1,-1,-1,-1,-1,-1,0,1,2,4,15,26,14,27,10,29,9,31,7,33,5,34,4,35,3,37,2,38,1,38,0,39,0,39,-1,39,-2,40,-2,40,-3,40,-3,40,-3,40,-2,40,-1,39,0,39,1,40,2,39,4,40,5,40,7,41,7,42,7,43]"
CSI_DATA,7,5c:01:3b:6b:b0:95,-51,11,1,6,0,1,1,1,0,0,0,-96,1,11,0,8292894,0,86,1,256,1,"[86,-32,4,0,14,-21,13,-21,12,-20,12,-20,11,-20,11,-20,10,-20,9,-20,8,-20,8,-21,7,-21,7,-21,7,-21,7,-21,7,-22,7,-21,8,-21,8,-21,9,-20,9,-19,9,-18,9,-17,9,-17,10,-16,10,-15,2,-4,0,0,0,0,0,0,0,0,0,0,0,0,0,0,0,0,0,0,1,-5,7,-18,7,-18,8,-18,9,-18,11,-18,12,-18,14,-18,14,-18,15,-17,16,-17,16,-18,17,-18,16,-17,16,-17,16,-17,16,-17,16,-17,15,-17,15,-18,14,-18,14,-18,14,-19,13,-19,13,-20,14,-21,15,-22,9,-11,31,-36,30,-36,29,-35,29,-35,28,-35,26,-35,25,-35,23,-35,22,-35,20,-36,19,-37,18,-37,18,-38,18,-38,18,-38,18,-38,19,-38,19,-37,20,-37,20,-35,21,-34,21,-32,21,-31,22,-29,22,-27,23,-26,28,-20,28,-18,5,-4,1,-1,-1,0,-1,0,-1,0,0,-2,2,-6,14,-31,16,-30,16,-31,19,-31,22,-31,24,-31,26,-31,28,-30,30,-30,31,-29,32,-28,33,-28,34,-28,35,-28,35,-28,35,-27,35,-27,35,-28,34,-28,33,-28,33,-29,32,-30,32,-31,32,-32,31,-33,31,-34,31,-36,31,-37]"
CSI_DATA,8,5c:01:3b:6b:b0:95,-50,11,1,6,0,1,1,1,0,0,0,-96,1,11,0,8343500,0,86,1,256,1,"[86,-32,4,0,-20,16,-20,16,-18,16,-18,16,-17,16,-17,15,-16,16,-15,16,-14,17,-13,18,-13,18,-13,19,-13,19,-13,19,-13,19,-13,19,-14,19,-14,18,-14,17,-14,16,-14,15,-14,14,-14,15,-15,14,-15,13,-4,3,0,0,0,0,0,0,0,0,0,0,0,0,0,0,0,0,0,0,-3,3,-13,14,-14,14,-15,14,-16,14,-17,13,-18,13,-20,12,-21,12,-21,11,-21,11,-22,12,-22,12,-21,12,-21,11,-21,11,-21,11,-21,12,-20,12,-20,12,-20,12,-20,12,-20,13,-19,14,-19,16,-20,16,-21,17,-13,7,-41,26,-41,26,-40,26,-40,26,-38,26,-37,27,-35,27,-34,27,-32,28,-30,29,-29,31,-28,31,-28,33,-29,33,-29,33,-29,33,-29,33,-30,32,-31,30,-31,29,-31,27,-30,25,-30,24,-30,24,-30,22,-31,20,-34,15,-35,13,-7,2,-2,0,0,-1,0,-1,0,-1,-2,1,-5,4,-24,24,-25,23,-26,24,-29,23,-31,22,-34,21,-36,20,-38,19,-40,18,-41,16,-41,16,-41,15,-42,16,-42,16,-42,15,-43,15,-43,15,-43,15,-42,16,-42,16,-42,17,-42,18,-41,19,-41,21,-40,23,-40,25,-40,26,-41,27]"
CSI_DATA,9,5c:01:3b:6b:b0:95,-51,11,1,6,0,1,1,1,0,0,0,-96,1,11,0,8395484,0,86,1,256,1,"[86,-32,4,0,-25,6,-24,6,-23,6,-23,7,-22,7,-22,7,-21,8,-20,9,-20,9,-20,10,-20,10,-20,11,-20,12,-20,12,-20,12,-20,12,-21,11,-21,11,-20,10,-20,9,-20,8,-19,7,-19,6,-19,5,-19,5,-5,1,0,0,0,0,0,0,0,0,0,0,0,0,0,0,0,0,0,0,-5,1,-18,7,-19,6,-19,5,-20,5,-21,4,-22,3,-23,3,-24,2,-24,1,-24,1,-25,0,-25,0,-24,0,-24,0,-24,0,-24,0,-24,0,-23,1,-23,2,-23,2,-23,3,-24,4,-24,4,-24,4,-25,5,-26,5,-15,1,-47,5,-47,5,-46,5,-45,6,-45,7,-44,8,-43,9,-42,10,-41,12,-39,13,-40,15,-39,16,-40,17,-40,17,-40,17,-39,16,-39,16,-40,15,-40,14,-40,13,-39,11,-38,10,-37,9,-37,8,-36,6,-36,4,-36,-3,-35,-5,-7,-1,-2,-1,0,-1,0,-1,0,-1,-2,1,-6,2,-32,14,-32,12,-35,10,-36,8,-38,5,-39,4,-41,2,-42,1,-43,-1,-43,-2,-43,-4,-44,-4,-45,-4,-46,-4,-46,-5,-46,-5,-45,-6,-45,-6,-44,-5,-44,-4,-45,-3,-45,-1,-45,0,-46,2,-46,4,-47,4,-48,5,-50,6]"
CSI_DATA,10,5c:01:3b:6b:b0:95,-51,11,1,6,0,1,1,1,0,0,0,-96,1,11,0,8449539,0,86,1,256,1,"[86,-32,4,0,22,-10,22,-10,21,-10,20,-10,20,-11,19,-11,19,-11,18,-12,18,-13,17,-13,17,-13,17,-13,17,-14,17,-14,17,-15,17,-15,18,-14,18,-14,18,-13,18,-12,17,-11,17,-10,17,-9,17,-8,17,-7,4,-2,0,0,0,0,0,0,0,0,0,0,0,0,0,0,0,0,0,0,3,-3,16,-10,16,-10,17,-9,18,-9,18,-8,20,-7,20,-7,21,-7,22,-6,22,-5,23,-5,23,-4,22,-4,22,-4,22,-4,22,-4,22,-5,21,-6,21,-6,21,-7,21,-7,22,-8,21,-8,22,-8,23,-9,23,-9,13,-4,43,-12,43,-12,42,-12,41,-12,40,-13,39,-14,38,-15,37,-16,36,-17,35,-19,35,-20,34,-21,35,-21,35,-22,35,-22,35,-22,35,-21,35,-20,35,-20,35,-18,35,-17,34,-15,33,-14,33,-13,33,-11,32,-9,33,-3,33,-1,5,0,1,0,-1,0,-2,0,-1,0,1,-2,5,-3,28,-16,29,-13,31,-14,32,-13,34,-11,36,-10,37,-8,38,-7,40,-5,40,-4,41,-3,41,-2,42,-2,43,-2,42,-1,43,-1,43,-1,42,-1,41,-2,41,-3,41,-4,41,-5,42,-7,42,-8,42,-9,42,-10,43,-11,44,-11]"
CSI_DATA,11,5c:01:3b:6b:b0:95,-51,11,1,6,0,1,1,1,0,0,0,-96,1,11,0,8501436,0,86,1,256,1,"[86,-32,4,0,6,22,7,22,7,21,7,20,8,20,8,19,8,18,9,17,9,17,10,17,10,17,11,17,11,17,11,17,12,17,11,17,11,17,10,17,10,17,9,17,8,17,7,17,7,17,6,16,5,16,1,4,0,0,0,0,0,0,0,0,0,0,0,0,0,0,0,0,0,0,2,3,8,15,7,16,6,17,6,18,5,19,5,19,4,20,3,20,2,21,2,21,2,22,1,22,1,22,1,22,1,21,2,21,2,21,2,21,3,21,3,21,4,21,4,21,5,21,6,22,6,22,7,22,3,13,12,43,12,42,12,41,12,40,13,39,13,38,14,37,16,36,17,34,18,34,19,33,20,33,21,33,22,33,22,33,22,33,21,33,21,34,20,34,18,34,17,33,15,32,14,32,13,32,11,32,9,31,7,32,5,32,0,5,-1,1,-1,-1,-1,-1,-1,-1,1,1,3,4,18,26,17,27,15,29,13,31,11,33,10,35,9,36,7,38,6,40,5,40,4,41,3,41,3,41,2,42,2,42,1,42,1,42,2,42,2,41,3,40,4,41,5,41,6,40,7,41,9,41,10,42,11,43,12,43]"
CSI_DATA,12,5c:01:3b:6b:b0:95,-52,11,1,7,0,1,1,1,0,0,0,-96,1,11,0,8551527,0,86,1,256,1,"[86,-32,4,0,4,24,3,24,4,23,5,22,6,22,6,21,6,20,7,20,8,19,9,19,10,19,10,19,10,19,10,19,10,20,10,20,10,20,9,20,8,19,7,19,6,19,6,18,5,19,5,18,4,18,1,4,0,0,0,0,0,0,0,0,0,0,0,0,0,0,0,0,0,0,1,4,5,17,5,18,4,19,3,20,2,21,1,21,0,22,-1,22,-1,22,-2,23,-2,23,-2,24,-2,24,-2,23,-2,23,-2,23,-2,22,-1,22,0,23,0,23,1,23,1,23,2,23,3,24,4,25,5,25,2,14,7,48,7,46,6,45,7,44,8,43,8,42,10,41,11,40,13,39,15,38,17,37,18,37,18,38,18,38,18,38,18,38,17,38,17,38,16,38,15,38,14,38,12,37,10,37,9,36,8,35,6,35,1,34,-1,34,-1,6,-1,1,-1,-1,-1,-1,-1,-1,1,1,2,5,15,30,14,31,10,34,8,35,6,37,4,39,2,40,1,41,0,43,-2,43,-3,44,-3,44,-4,44,-4,45,-5,44,-5,44,-5,44,-5,43,-4,43,-3,43,-2,43,-1,43,0,44,2,44,3,44,5,45,6,47,7,48]"
CSI_DATA,13,5c:01:3b:6b:b0:95,-51,11,1,6,0,1,1,1,0,0,0,-96,1,11,0,8607393,0,86,1,256,1,"[86,-32,4,0,-20,-14,-20,-13,-20,-12,-19,-12,-19,-11,-19,-11,-19,-10,-20,-9,-20,-7,-20,-7,-20,-6,-21,-6,-21,-6,-21,-5,-21,-5,-21,-6,-21,-6,-21,-6,-20,-7,-20,-7,-19,-8,-18,-8,-17,-8,-17,-8,-16,-8,-4,-3,0,0,0,0,0,0,0,0,0,0,0,0,0,0,0,0,0,0,-4,-2,-16,-9,-16,-10,-16,-11,-16,-12,-16,-13,-16,-14,-16,-15,-15,-16,-15,-17,-15,-17,-16,-17,-15,-17,-15,-18,-15,-17,-15,-17,-15,-17,-16,-16,-16,-16,-16,-16,-16,-16,-17,-16,-18,-15,-18,-14,-19,-14,-20,-14,-21,-14,-11,-10,-34,-31,-33,-31,-33,-30,-32,-29,-32,-27,-32,-26,-32,-25,-33,-24,-34,-22,-34,-20,-35,-19,-36,-18,-37,-17,-37,-17,-37,-17,-37,-17,-37,-18,-36,-18,-36,-19,-35,-19,-33,-20,-32,-19,-31,-20,-29,-20,-28,-20,-27,-21,-21,-27,-19,-28,-4,-5,-1,-2,0,0,0,0,0,0,-2,-1,-5,-3,-27,-18,-26,-20,-28,-21,-27,-23,-26,-25,-26,-27,-25,-29,-25,-31,-24,-33,-24,-35,-23,-36,-23,-36,-23,-36,-23,-36,-23,-36,-23,-36,-23,-36,-23,-37,-23,-36,-24,-35,-24,-34,-26,-33,-27,-33,-28,-32,-29,-31,-31,-31,-32,-32,-33,-32]"
CSI_DATA,14,5c:01:3b:6b:b0:95,-51,11,1,6,0,1,1,1,0,0,0,-96,1,11,0,8658380,0,86,1,256,1,"[86,-32,4,0,-24,-4,-24,-4,-23,-3,-22,-3,-22,-2,-22,-1,-22,-1,-22,0,-22,2,-21,2,-21,2,-21,3,-21,3,-22,4,-22,4,-22,4,-22,3,-21,3,-21,2,-21,2,-20,1,-19,0,-19,0,-19,-1,-18,-1,-5,-1,0,0,0,0,0,0,0,0,0,0,0,0,0,0,0,0,0,0,-5,-1,-19,-1,-19,-2,-19,-3,-20,-5,-20,-5,-21,-6,-21,-7,-21,-7,-21,-8,-21,-9,-22,-9,-21,-9,-21,-10,-21,-10,-21,-10,-21,-9,-21,-9,-21,-8,-21,-8,-21,-7,-22,-7,-22,-6,-22,-5,-23,-5,-24,-5,-24,-4,-14,-5,-45,-12,-45,-12,-44,-12,-43,-11,-42,-10,-41,-8,-41,-7,-41,-6,-41,-4,-41,-2,-41,-1,-41,1,-41,1,-42,2,-42,2,-41,2,-41,1,-41,1,-41,-1,-40,-2,-39,-3,-38,-3,-37,-4,-36,-4,-35,-6,-34,-7,-31,-14,-30,-15,-6,-3,-2,-1,0,0,0,-1,0,0,-2,0,-6,0,-33,-2,-33,-4,-35,-5,-35,-8,-36,-10,-36,-12,-37,-14,-37,-16,-38,-18,-38,-20,-37,-21,-37,-21,-38,-21,-38,-21,-38,-22,-38,-22,-38,-22,-38,-22,-38,-21,-38,-20,-38,-19,-39,-18,-40,-17,-41,-16,-41,-14,-43,-13,-44,-13,-45,-12]"
CSI_DATA,15,5c:01:3b:6b:b0:95,-51,11,1,7,0,1,1,1,0,0,0,-96,1,11,0,8709599,0,86,1,256,1,"[86,-32,4,0,0,25,0,24,1,23,1,23,2,23,3,22,3,22,4,21,4,21,5,21,6,21,6,21,6,21,6,21,7,21,6,21,6,21,5,21,4,20,4,20,3,20,2,19,2,19,1,18,0,18,0,4,0,0,0,0,0,0,0,0,0,0,0,0,0,0,0,0,0,0,1,4,4,18,3,19,2,20,1,21,0,21,-1,22,-2,22,-3,22,-4,23,-4,23,-5,24,-5,24,-5,24,-5,23,-5,23,-5,23,-4,23,-4,23,-3,23,-2,23,-2,24,-2,24,-1,24,-1,25,0,25,0,25,0,14,1,49,0,48,0,47,1,46,2,45,2,45,4,43,6,43,8,41,9,41,11,41,12,41,12,41,13,41,13,41,13,41,12,42,12,42,11,42,9,41,8,41,6,39,5,38,4,37,2,36,1,36,-2,35,-4,34,-1,6,-1,1,-1,-1,-1,-2,-1,-1,0,1,2,6,11,35,10,35,7,36,4,37,2,39,0,40,-2,42,-4,43,-6,44,-7,45,-8,45,-9,45,-10,45,-10,46,-10,45,-11,45,-11,44,-10,44,-10,45,-9,44,-8,44,-7,45,-6,45,-5,46,-3,46,-1,47,0,49,0,50]"
CSI_DATA,16,5c:01:3b:6b:b0:95,-48,11,1,5,0,1,1,1,0,0,0,-97,1,11,0,8763171,0,86,1,256,1,"[86,-32,4,0,-6,13,-6,12,-5,12,-5,12,-5,12,-4,12,-4,12,-3,12,-3,11,-3,12,-2,12,-2,12,-2,12,-2,12,-2,12,-2,12,-2,12,-2,12,-2,11,-3,11,-3,11,-4,10,-4,10,-4,10,-4,9,-2,2,0,0,0,0,0,0,0,0,0,0,0,0,0,0,0,0,0,0,-1,2,-3,10,-3,10,-4,10,-5,10,-5,11,-6,11,-7,11,-7,11,-7,10,-8,10,-8,11,-9,11,-9,11,-9,10,-8,10,-8,10,-8,10,-7,10,-7,11,-7,11,-7,11,-6,12,-6,12,-6,12,-7,13,-6,13,-11,13,-31,44,-31,43,-30,42,-29,41,-27,40,-26,40,-24,40,-23,41,-20,41,-19,42,-17,43,-15,44,-15,44,-15,45,-15,45,-15,45,-16,44,-16,44,-16,43,-17,41,-19,40,-19,38,-20,37,-20,35,-21,33,-22,31,-30,25,-31,22,-6,3,-2,0,0,-1,0,-2,0,-1,-1,1,-4,5,-18,34,-20,34,-17,35,-20,35,-23,35,-26,35,-28,35,-30,35,-32,35,-34,35,-35,34,-36,33,-37,34,-37,34,-38,34,-38,33,-38,32,-38,33,-37,33,-35,33,-34,34,-34,35,-33,36,-33,37,-32,39,-31,41,-31,43,-31,44]"
CSI_DATA,17,5c:01:3b:6b:b0:95,-49,11,1,6,0,1,1,1,0,0,0,-97,1,11,0,8813585,0,86,1,256,1,"[86,-32,4,0,10,-24,9,-24,9,-24,8,-24,8,-23,7,-23,6,-23,5,-23,5,-23,3,-23,2,-23,2,-23,2,-23,2,-24,2,-24,3,-24,3,-24,4,-23,5,-23,5,-22,6,-21,6,-21,6,-20,7,-19,7,-18,1,-5,0,0,0,0,0,0,0,0,0,0,0,0,0,0,0,0,0,0,1,-5,4,-18,5,-19,6,-20,7,-20,8,-20,10,-20,11,-20,12,-20,13,-20,14,-20,14,-20,14,-20,14,-20,14,-19,13,-19,13,-20,13,-20,12,-20,12,-20,12,-21,12,-22,12,-22,11,-23,11,-23,10,-24,10,-24,7,-14,24,-45,23,-44,22,-44,22,-43,21,-42,19,-41,18,-40,16,-41,15,-41,13,-42,10,-43,9,-43,9,-44,9,-44,9,-44,9,-44,10,-44,11,-43,12,-42,13,-41,13,-39,14,-38,14,-37,15,-36,16,-34,17,-33,22,-30,23,-29,4,-5,1,-2,-1,0,-1,0,-1,0,0,-2,1,-7,8,-35,9,-35,11,-35,14,-35,17,-36,19,-36,21,-36,24,-35,26,-35,27,-34,28,-35,29,-35,30,-35,30,-35,30,-35,30,-34,30,-35,30,-36,29,-36,28,-35,28,-36,28,-36,27,-36,26,-38,25,-40,24,-42,24,-43,24,-44]"
CSI_DATA,18,5c:01:3b:6b:b0:95,-49,11,1,6,0,1,1,1,0,0,0,-97,1,11,0,8865522,0,86,1,256,1,"[86,-32,4,0,-17,-20,-16,-19,-16,-18,-16,-17,-16,-17,-17,-16,-17,-15,-17,-14,-17,-13,-18,-13,-18,-13,-19,-13,-19,-12,-19,-12,-19,-12,-19,-12,-19,-12,-18,-13,-17,-13,-17,-13,-16,-13,-15,-14,-15,-14,-14,-14,-13,-14,-4,-4,0,0,0,0,0,0,0,0,0,0,0,0,0,0,0,0,0,0,-4,-3,-14,-13,-14,-14,-14,-15,-13,-16,-13,-17,-13,-18,-12,-18,-12,-19,-11,-20,-11,-21,-11,-21,-11,-22,-11,-22,-11,-22,-11,-21,-11,-21,-11,-20,-11,-20,-12,-20,-13,-20,-13,-20,-14,-20,-14,-19,-15,-20,-16,-20,-16,-20,-8,-13,-26,-41,-25,-42,-25,-41,-24,-40,-24,-38,-25,-37,-25,-36,-26,-34,-28,-33,-29,-31,-31,-30,-31,-29,-32,-29,-32,-29,-32,-29,-33,-29,-32,-29,-32,-30,-31,-31,-29,-31,-28,-31,-26,-30,-25,-30,-24,-30,-22,-30,-20,-30,-13,-34,-11,-34,-2,-7,-1,-2,0,0,0,0,0,0,-2,-2,-4,-5,-21,-27,-20,-29,-22,-28,-21,-30,-21,-32,-20,-35,-19,-37,-18,-39,-16,-40,-15,-41,-15,-42,-14,-43,-14,-43,-13,-43,-13,-43,-13,-43,-13,-43,-13,-43,-14,-42,-14,-42,-15,-42,-16,-42,-18,-41,-19,-41,-21,-41,-22,-41,-23,-42,-24,-42]"
CSI_DATA,19,5c:01:3b:6b:b0:95,-49,11,1,5,0,1,1,1,0,0,0,-97,1,11,0,8919177,0,86,1,256,1,"[86,-32,4,0,-21,-11,-21,-11,-21,-10,-21,-9,-20,-9,-20,-8,-20,-7,-20,-6,-21,-5,-21,-5,-20,-5,-20,-4,-21,-4,-21,-4,-22,-4,-22,-4,-21,-4,-21,-4,-20,-5,-20,-5,-19,-6,-18,-7,-18,-7,-17,-7,-17,-7,-4,-2,0,0,0,0,0,0,0,0,0,0,0,0,0,0,0,0,0,0,-5,-2,-17,-6,-17,-7,-17,-8,-18,-9,-18,-10,-18,-11,-19,-12,-18,-12,-18,-13,-18,-14,-18,-15,-18,-15,-17,-15,-17,-15,-17,-15,-18,-15,-18,-14,-18,-13,-18,-13,-18,-13,-19,-12,-19,-12,-20,-12,-20,-12,-21,-12,-22,-12,-12,-8,-39,-23,-39,-23,-39,-22,-38,-21,-37,-20,-37,-19,-37,-17,-37,-16,-37,-14,-38,-13,-39,-12,-39,-11,-39,-10,-40,-10,-40,-10,-40,-10,-40,-10,-40,-11,-39,-11,-38,-12,-37,-13,-35,-14,-34,-14,-33,-15,-31,-15,-30,-16,-26,-20,-25,-21,-5,-4,-2,-2,0,0,0,0,0,0,-2,-1,-6,-1,-32,-7,-31,-10,-32,-12,-32,-15,-32,-17,-32,-19,-33,-21,-33,-24,-33,-25,-32,-27,-32,-28,-31,-29,-32,-30,-32,-30,-31,-30,-31,-30,-31,-30,-31,-30,-32,-29,-32,-28,-32,-27,-33,-26,-34,-25,-35,-25,-36,-24,-37,-24,-38,-24,-39,-24]"
CSI_DATA,20,5c:01:3b:6b:b0:95,-49,11,1,6,0,1,1,1,0,0,0,-97,1,11,0,8969525,0,86,1,256,1,"[86,-32,4,0,-20,-16,-19,-15,-19,-14,-19,-14,-20,-14,-20,-12,-20,-11,-20,-10,-20,-9,-21,-9,-21,-8,-21,-8,-22,-8,-22,-7,-22,-7,-22,-8,-22,-8,-21,-9,-20,-9,-20,-9,-19,-10,-18,-10,-17,-10,-17,-10,-16,-11,-4,-3,0,0,0,0,0,0,0,0,0,0,0,0,0,0,0,0,0,0,-4,-3,-16,-10,-15,-12,-15,-13,-15,-14,-15,-15,-15,-16,-15,-17,-14,-17,-14,-18,-14,-18,-14,-19,-14,-19,-14,-20,-14,-20,-14,-19,-14,-19,-14,-18,-14,-18,-15,-18,-16,-18,-16,-17,-17,-16,-17,-16,-18,-16,-19,-17,-20,-17,-12,-10,-36,-32,-36,-31,-35,-30,-35,-28,-35,-27,-35,-26,-35,-25,-35,-23,-36,-22,-37,-19,-38,-18,-39,-16,-40,-16,-40,-16,-40,-16,-40,-16,-39,-16,-39,-17,-39,-18,-37,-19,-36,-20,-34,-20,-33,-19,-32,-20,-31,-20,-29,-21,-26,-24,-24,-24,-4,-5,-2,-2,0,0,0,0,0,0,-2,-1,-6,-3,-31,-14,-30,-17,-30,-20,-29,-23,-28,-25,-27,-27,-27,-29,-26,-31,-26,-34,-25,-35,-25,-36,-25,-36,-26,-36,-26,-36,-26,-37,-26,-37,-25,-37,-25,-37,-25,-36,-26,-34,-27,-34,-27,-34,-28,-33,-30,-32,-32,-31,-34,-31,-35,-31,-36,-31]"
CSI_DATA,21,5c:01:3b:6b:b0:95,-49,11,1,5,0,1,1,1,0,0,0,-97,1,11,0,9023504,0,86,1,256,1,"[86,-32,4,0,5,-26,5,-25,4,-24,3,-24,3,-24,2,-23,1,-23,0,-23,0,-23,-1,-23,-2,-23,-2,-23,-2,-23,-2,-23,-2,-23,-2,-23,-2,-23,-1,-23,-1,-23,0,-22,0,-22,1,-21,2,-20,2,-20,3,-19,0,-5,0,0,0,0,0,0,0,0,0,0,0,0,0,0,0,0,0,0,0,-5,1,-20,2,-20,3,-21,4,-21,5,-22,7,-22,8,-22,9,-22,9,-22,10,-22,11,-23,11,-23,10,-23,10,-22,10,-22,10,-22,10,-22,9,-22,8,-22,8,-23,7,-23,7,-23,6,-24,6,-24,6,-25,6,-26,5,-14,15,-46,16,-46,15,-45,14,-45,13,-44,12,-43,11,-43,9,-43,6,-42,5,-43,3,-43,1,-43,1,-44,1,-44,1,-44,1,-44,1,-44,2,-44,3,-44,4,-43,5,-42,6,-40,7,-39,7,-38,8,-36,10,-35,16,-32,18,-30,3,-6,1,-2,-1,0,-1,1,-1,0,0,-2,0,-7,4,-36,6,-36,6,-37,8,-37,11,-38,14,-38,16,-39,18,-39,20,-39,22,-39,23,-38,23,-38,24,-39,24,-40,24,-39,25,-39,25,-39,24,-39,23,-39,22,-39,22,-39,21,-40,20,-41,19,-42,18,-43,17,-44,16,-45,16,-46]"
CSI_DATA,22,5c:01:3b:6b:b0:95,-49,11,1,5,0,1,1,1,0,0,0,-97,1,11,0,9074213,0,86,1,256,1,"[86,-32,4,0,15,-20,15,-20,14,-20,13,-20,12,-20,12,-20,11,-20,10,-20,10,-20,9,-21,8,-21,8,-21,8,-21,8,-22,9,-22,9,-22,9,-22,9,-21,10,-21,10,-20,10,-19,10,-17,11,-17,11,-16,12,-15,3,-4,0,0,0,0,0,0,0,0,0,0,0,0,0,0,0,0,0,0,2,-5,8,-18,9,-18,10,-18,11,-18,13,-18,14,-18,16,-18,16,-17,17,-17,17,-16,18,-17,18,-17,18,-16,18,-16,18,-16,18,-16,18,-16,17,-16,16,-17,16,-17,15,-18,15,-18,15,-18,15,-19,16,-20,16,-21,11,-10,35,-33,35,-33,34,-33,32,-32,31,-32,30,-32,28,-33,27,-33,25,-34,24,-35,23,-36,22,-36,22,-37,22,-38,22,-38,22,-38,22,-37,23,-37,23,-37,24,-35,24,-34,24,-32,24,-30,25,-28,25,-27,26,-25,31,-18,31,-16,5,-3,1,-1,-1,0,-1,0,-1,0,1,-2,3,-6,22,-28,23,-27,21,-30,23,-29,26,-28,28,-28,30,-27,33,-27,35,-26,36,-25,37,-24,37,-24,38,-24,39,-24,39,-23,39,-23,39,-23,38,-23,37,-24,37,-24,36,-25,36,-26,36,-27,36,-28,35,-29,35,-30,35,-32,35,-33]"
CSI_DATA,23,5c:01:3b:6b:b0:95,-49,11,1,5,0,1,1,1,0,0,0,-97,1,11,0,9125558,0,86,1,256,1,"[86,-32,4,0,13,-20,12,-20,12,-20,11,-20,10,-20,9,-20,9,-20,8,-20,8,-20,7,-20,7,-20,6,-20,6,-21,6,-21,6,-22,6,-22,6,-22,7,-21,7,-21,7,-20,8,-19,8,-17,8,-17,9,-16,10,-15,2,-4,0,0,0,0,0,0,0,0,0,0,0,0,0,0,0,0,0,0,2,-4,8,-16,9,-16,10,-16,11,-17,12,-16,13,-16,14,-16,15,-16,15,-15,16,-15,17,-14,17,-14,17,-14,17,-14,16,-14,16,-15,16,-15,15,-16,15,-16,14,-17,14,-17,14,-18,13,-18,13,-18,14,-19,15,-19,8,-11,28,-35,28,-35,27,-35,26,-34,25,-34,24,-34,23,-34,22,-35,20,-35,18,-36,16,-37,15,-37,14,-38,14,-39,14,-39,15,-39,16,-38,16,-38,16,-38,17,-37,18,-35,18,-34,18,-32,18,-31,19,-29,20,-27,24,-23,25,-21,4,-4,1,-1,-1,0,-1,0,-1,0,0,-2,2,-6,16,-29,17,-28,18,-29,20,-28,22,-27,25,-27,27,-27,28,-26,30,-26,31,-26,32,-25,33,-25,34,-25,34,-25,34,-25,34,-24,34,-24,33,-25,33,-25,32,-25,32,-26,31,-28,31,-29,31,-30,30,-31,29,-32,29,-33,29,-34]"
CSI_DATA,24,5c:01:3b:6b:b0:95,-48,11,1,5,0,1,1,1,0,0,0,-97,1,11,0,9177507,0,86,1,256,1,"[86,-32,4,0,23,-3,23,-3,22,-4,21,-4,21,-4,21,-5,20,-6,20,-7,19,-8,19,-8,19,-8,19,-8,20,-9,19,-9,20,-9,20,-9,20,-9,20,-8,19,-8,19,-7,18,-6,18,-5,17,-5,18,-4,18,-3,4,-1,0,0,0,0,0,0,0,0,0,0,0,0,0,0,0,0,0,0,4,-2,17,-5,18,-4,18,-3,19,-2,19,-1,20,0,21,0,21,1,21,1,21,2,22,2,22,3,22,3,22,4,22,3,22,3,21,2,21,1,21,1,21,1,21,0,22,-1,22,-1,22,-2,24,-2,25,-2,13,-1,45,-2,44,-2,44,-3,42,-3,41,-4,41,-5,40,-6,40,-7,39,-10,38,-11,38,-13,37,-14,38,-14,38,-15,38,-14,38,-14,38,-14,39,-13,39,-12,38,-11,38,-10,36,-9,35,-8,34,-7,34,-5,33,-3,33,3,32,5,5,0,1,0,-1,-1,-2,0,-1,0,1,-1,5,-3,30,-12,31,-9,33,-7,34,-5,35,-3,37,-1,38,1,39,3,40,4,41,6,41,7,40,7,41,7,42,7,42,7,42,8,41,8,41,8,41,8,41,7,41,6,41,4,41,3,42,1,42,0,43,-1,44,-2,45,-1]"
CSI_DATA,25,5c:01:3b:6b:b0:95,-44,11,1,5,0,1,1,1,0,0,0,-97,1,11,0,9230317,0,86,1,256,1,"[86,-32,4,0,11,-5,11,-5,10,-5,10,-5,10,-5,9,-5,9,-6,9,-6,9,-7,8,-7,8,-7,7,-7,8,-7,8,-7,8,-7,8,-7,8,-7,8,-7,8,-6,8,-6,8,-5,8,-5,8,-5,8,-5,8,-4,2,-1,0,0,0,0,0,0,0,0,0,0,0,0,0,0,0,0,0,0,2,-2,8,-5,8,-4,9,-4,9,-4,10,-4,10,-3,11,-3,11,-3,11,-2,11,-2,12,-2,12,-2,11,-2,11,-1,11,-2,11,-2,11,-2,11,-3,11,-3,11,-3,11,-3,11,-3,11,-4,11,-4,11,-4,12,-5,13,-2,45,-8,45,-8,43,-8,41,-8,40,-9,39,-11,39,-12,39,-13,38,-15,37,-17,36,-18,35,-18,35,-19,36,-19,36,-19,36,-19,35,-19,35,-19,35,-18,35,-17,35,-16,34,-14,34,-12,33,-11,32,-9,31,-7,33,3,32,5,5,0,1,0,-1,-1,-2,0,-1,0,1,-1,5,-3,31,-12,32,-9,33,-11,34,-9,36,-7,37,-6,38,-5,40,-3,42,-2,43,0,42,1,43,2,44,2,44,2,44,3,44,3,43,2,43,2,43,1,43,0,43,0,43,-1,43,-2,43,-4,43,-5,43,-7,44,-8,44,-8]"
CSI_DATA,26,5c:01:3b:6b:b0:95,-50,11,1,6,0,1,1,1,0,0,0,-97,1,11,0,9281641,0,86,1,256,1,"[86,-32,4,0,24,0,23,-1,23,-1,22,-2,22,-2,21,-2,20,-3,20,-4,20,-5,20,-6,20,-6,20,-6,20,-7,20,-7,20,-7,20,-7,20,-6,20,-6,20,-5,19,-5,19,-4,18,-3,18,-2,18,-2,18,-1,4,-1,0,0,0,0,0,0,0,0,0,0,0,0,0,0,0,0,0,0,4,-1,18,-3,18,-3,19,-2,19,-1,20,0,21,1,21,2,21,3,22,4,22,4,22,4,22,5,21,5,21,5,21,5,22,4,22,4,21,3,21,3,21,3,22,2,22,2,22,1,23,1,24,1,25,0,14,1,46,3,45,3,44,2,43,1,42,0,42,-1,41,-2,40,-3,39,-5,39,-6,39,-7,39,-8,39,-9,39,-10,39,-10,39,-10,40,-9,40,-9,40,-8,39,-6,38,-5,36,-4,36,-3,35,-2,34,0,33,1,32,6,31,8,5,1,1,0,-1,-1,-2,0,-1,0,1,-1,5,-2,32,-9,32,-6,34,-4,35,-2,36,0,37,1,38,3,39,5,40,7,40,9,40,11,41,12,41,12,41,12,41,13,41,12,41,12,41,12,40,11,40,10,41,9,41,8,42,7,42,5,43,5,44,4,45,4,45,3]"
CSI_DATA,27,5c:01:3b:6b:b0:95,-50,11,1,6,0,1,1,1,0,0,0,-97,1,11,0,9333478,0,86,1,256,1,"[86,-32,4,0,11,-23,11,-23,10,-22,9,-22,9,-22,8,-22,7,-22,6,-22,5,-22,5,-22,4,-22,4,-22,3,-23,3,-23,3,-23,3,-23,4,-23,5,-23,5,-22,5,-21,5,-20,6,-19,6,-19,7,-19,7,-18,2,-5,0,0,0,0,0,0,0,0,0,0,0,0,0,0,0,0,0,0,1,-5,7,-18,8,-18,8,-18,9,-19,11,-18,12,-18,14,-18,14,-18,15,-18,15,-18,16,-18,16,-18,16,-18,16,-18,15,-18,15,-18,14,-18,14,-18,14,-19,13,-19,13,-20,12,-20,12,-20,12,-22,13,-22,13,-23,8,-12,27,-40,27,-39,26,-39,25,-39,24,-38,23,-38,22,-38,20,-38,18,-39,16,-39,15,-40,14,-40,13,-41,13,-42,13,-42,12,-42,13,-41,14,-41,15,-40,15,-39,16,-38,16,-36,17,-35,18,-33,19,-32,19,-30,26,-25,27,-24,4,-5,1,-2,-1,0,-1,0,-1,0,0,-2,2,-6,16,-30,17,-30,17,-31,19,-31,22,-31,24,-31,26,-31,28,-31,30,-31,31,-30,32,-29,33,-29,34,-29,34,-28,35,-27,35,-28,34,-28,34,-29,33,-30,32,-30,32,-31,31,-32,31,-33,30,-34,29,-35,28,-36,29,-38,29,-38]"
CSI_DATA,28,5c:01:3b:6b:b0:95,-50,11,1,6,0,1,1,1,0,0,0,-97,1,11,0,9388785,0,86,1,256,1,"[86,-32,4,0,18,14,18,13,18,12,18,12,18,12,18,11,18,10,18,9,19,8,19,7,19,7,19,7,19,7,20,7,20,7,20,7,20,7,19,8,18,8,18,8,17,9,16,9,15,9,15,9,14,10,3,2,0,0,0,0,0,0,0,0,0,0,0,0,0,0,0,0,0,0,4,1,16,7,16,8,16,10,16,11,16,12,16,13,16,14,15,14,15,15,15,16,15,16,15,17,14,17,14,17,14,16,14,16,15,16,15,15,15,15,15,15,16,15,16,15,17,14,18,14,19,14,20,14,10,9,34,30,33,30,33,29,32,28,32,26,32,25,32,24,32,22,33,21,34,19,35,18,35,17,36,16,36,17,36,17,36,17,36,17,36,18,35,19,34,19,32,19,30,19,29,20,28,20,26,20,25,21,21,25,19,26,3,4,0,1,-1,-1,-1,-1,-1,-1,1,0,5,2,29,13,28,15,29,17,28,19,28,22,27,24,27,26,27,29,27,31,26,32,25,33,25,34,25,34,25,34,25,34,24,34,24,34,24,34,24,34,25,33,26,32,27,32,28,31,29,30,30,30,32,30,33,30,34,30]"
CSI_DATA,29,5c:01:3b:6b:b0:95,-49,11,1,5,0,1,1,1,0,0,0,-97,1,11,0,9439425,0,86,1,256,1,"[86,-32,4,0,4,25,4,24,5,23,6,23,6,23,7,22,7,21,7,21,8,20,9,20,10,19,10,20,11,20,11,19,11,20,11,20,10,20,10,20,9,20,8,20,7,19,7,18,6,18,5,18,4,18,1,4,0,0,0,0,0,0,0,0,0,0,0,0,0,0,0,0,0,0,1,4,5,18,5,19,4,20,3,21,2,21,1,22,0,23,0,23,-1,23,-2,23,-2,24,-2,24,-2,24,-2,24,-2,24,-2,23,-1,23,-1,23,0,23,1,24,2,24,2,24,2,23,3,24,4,25,4,26,0,15,2,49,2,48,2,47,3,46,4,44,5,44,6,43,7,42,9,41,11,40,13,40,14,39,15,40,15,41,15,41,15,40,15,40,15,40,14,40,12,39,11,39,9,38,8,37,6,37,5,36,3,35,-4,36,-7,35,-2,6,-1,1,-1,-1,-1,-2,-1,-1,0,1,1,5,8,34,7,35,7,35,5,37,2,38,1,40,-1,41,-3,42,-4,43,-6,44,-7,44,-8,44,-9,45,-9,45,-10,45,-10,45,-10,45,-9,45,-8,45,-7,44,-6,44,-5,44,-4,45,-3,46,-1,46,0,47,1,48,2,48]"
CSI_DATA,30,5c:01:3b:6b:b0:95,-49,11,1,5,0,1,1,1,0,0,0,-97,1,11,0,9491401,0,86,1,256,1,"[86,-32,4,0,24,5,24,4,23,4,23,3,22,3,22,2,22,1,22,0,22,-1,22,-2,21,-2,21,-2,22,-3,22,-3,22,-3,22,-2,22,-2,22,-2,22,-1,21,0,20,1,19,1,19,2,19,2,18,3,4,0,0,0,0,0,0,0,0,0,0,0,0,0,0,0,0,0,0,0,4,-1,19,-1,19,0,20,1,20,3,21,4,21,5,22,5,22,6,22,7,22,8,22,8,22,9,21,9,21,9,21,9,21,9,22,8,21,7,21,7,22,7,22,7,22,6,23,6,23,6,24,5,26,5,13,5,45,15,44,15,44,14,43,13,42,12,41,11,41,10,41,8,41,6,41,4,42,2,41,1,42,1,43,1,43,1,43,1,42,2,42,2,42,3,41,5,39,6,38,7,37,7,36,8,35,9,33,10,30,17,28,19,4,3,1,1,-1,-1,-2,0,-1,-1,1,-1,6,-1,34,1,34,3,35,3,36,6,37,8,37,11,38,13,38,16,39,18,39,20,39,21,38,22,39,22,39,22,39,22,39,22,38,22,38,22,38,22,38,21,38,20,39,19,40,18,41,17,42,16,43,15,44,14,45,14]"
CSI_DATA,31,5c:01:3b:6b:b0:95,-50,11,1,6,0,1,1,1,0,0,0,-97,1,11,0,9541591,0,86,1,256,1,"[86,-32,4,0,-15,-24,-15,-23,-15,-22,-15,-22,-16,-21,-16,-20,-16,-19,-17,-18,-17,-18,-18,-18,-18,-17,-18,-17,-19,-16,-19,-16,-20,-16,-20,-16,-19,-16,-19,-16,-18,-17,-17,-17,-16,-17,-15,-18,-14,-18,-13,-18,-12,-18,-3,-5,0,0,0,0,0,0,0,0,0,0,0,0,0,0,0,0,0,0,-4,-4,-12,-17,-12,-18,-12,-19,-11,-21,-11,-22,-10,-22,-10,-23,-9,-24,-8,-24,-7,-25,-7,-26,-6,-27,-6,-26,-6,-26,-7,-25,-8,-25,-8,-24,-9,-24,-9,-24,-10,-24,-11,-24,-12,-24,-12,-24,-13,-25,-13,-25,-14,-25,-9,-15,-28,-46,-27,-46,-27,-44,-27,-43,-28,-41,-28,-40,-29,-39,-30,-37,-31,-36,-33,-35,-34,-34,-35,-32,-36,-32,-37,-32,-37,-31,-37,-32,-37,-32,-36,-32,-35,-33,-34,-33,-32,-33,-30,-33,-28,-33,-27,-34,-25,-34,-23,-34,-19,-35,-17,-35,-3,-7,-1,-2,0,0,0,0,0,0,-2,-2,-5,-5,-26,-28,-26,-30,-24,-33,-23,-35,-22,-37,-21,-40,-20,-41,-19,-44,-18,-46,-16,-47,-15,-48,-14,-48,-13,-49,-12,-49,-12,-49,-12,-49,-13,-48,-14,-48,-15,-48,-16,-46,-17,-46,-18,-46,-19,-46,-21,-46,-22,-46,-23,-46,-24,-47,-25,-47]"
CSI_DATA,32,5c:01:3b:6b:b0:95,-50,11,1,6,0,1,1,1,0,0,0,-97,1,11,0,9603244,0,86,1,256,1,"[86,-32,4,0,18,8,18,8,17,7,17,6,17,6,17,5,17,4,17,3,17,3,17,2,17,2,17,2,17,2,18,1,18,1,18,2,18,2,18,2,17,2,17,3,16,4,15,4,15,4,14,5,14,5,3,1,0,0,0,0,0,0,0,0,0,0,0,0,0,0,0,0,0,0,3,0,15,3,15,4,15,5,15,6,15,7,16,7,16,8,16,9,16,10,15,10,15,11,15,11,15,11,15,11,15,11,15,11,15,10,15,10,15,10,15,9,16,9,16,9,17,8,17,9,18,8,19,8,10,6,33,19,32,19,32,18,32,17,31,16,31,15,31,14,31,13,31,11,31,10,32,9,32,8,33,8,33,8,33,7,33,7,33,8,33,8,33,9,32,10,31,10,29,11,28,11,27,12,26,13,24,14,21,19,20,19,3,3,0,1,-1,-1,-1,-1,-1,-1,1,0,4,1,26,8,25,10,27,10,27,12,27,14,27,16,27,17,27,19,27,21,27,22,26,24,26,24,26,25,26,25,25,25,25,25,25,25,26,25,25,24,26,23,26,23,27,22,28,21,29,20,30,20,31,20,32,20,32,20]"
CSI_DATA,33,5c:01:3b:6b:b0:95,-49,11,1,6,0,1,1,1,0,0,0,-97,1,11,0,9646711,0,86,1,256,1,"[86,-32,4,0,13,-5,12,-5,12,-5,11,-5,11,-5,11,-5,11,-6,10,-6,10,-7,10,-7,9,-7,9,-7,9,-7,10,-8,10,-8,10,-8,10,-7,10,-7,10,-7,10,-6,10,-6,9,-5,9,-5,9,-5,9,-4,2,-1,0,0,0,0,0,0,0,0,0,0,0,0,0,0,0,0,0,0,2,-2,9,-5,9,-5,10,-4,10,-4,11,-4,11,-3,12,-3,12,-3,12,-2,13,-2,13,-2,13,-2,13,-2,12,-2,12,-1,12,-2,12,-2,12,-2,12,-2,12,-2,12,-3,12,-3,12,-4,12,-4,13,-4,14,-5,15,-4,51,-13,50,-13,49,-13,48,-13,46,-14,45,-15,44,-16,43,-17,42,-19,41,-21,40,-23,39,-24,39,-24,40,-24,40,-24,40,-24,40,-23,40,-23,41,-22,41,-20,40,-19,39,-17,38,-16,38,-15,37,-13,37,-11,39,-4,39,-2,7,-1,1,0,-1,-1,-2,0,-1,0,1,-2,5,-4,33,-18,34,-16,36,-16,38,-14,40,-12,42,-10,43,-8,45,-6,46,-4,47,-2,48,-1,48,-1,49,-1,50,-1,49,-1,49,0,49,0,49,-1,48,-1,47,-2,47,-3,48,-4,48,-5,49,-7,49,-9,50,-11,51,-12,52,-12]"
CSI_DATA,34,5c:01:3b:6b:b0:95,-50,11,1,6,0,1,1,1,0,0,0,-97,1,11,0,9698145,0,86,1,256,1,"[86,-32,4,0,23,-4,22,-4,22,-5,21,-5,21,-6,20,-6,20,-7,19,-7,19,-8,19,-9,18,-9,18,-9,18,-10,18,-10,19,-10,19,-10,19,-10,19,-9,19,-8,18,-8,18,-7,17,-6,17,-5,17,-5,17,-4,4,-1,0,0,0,0,0,0,0,0,0,0,0,0,0,0,0,0,0,0,4,-2,17,-7,17,-6,18,-5,19,-5,19,-4,20,-3,21,-2,22,-2,22,-1,22,0,23,0,23,1,22,1,21,1,22,1,22,0,22,0,21,-1,21,-1,22,-1,21,-2,22,-2,22,-3,22,-3,23,-4,24,-4,13,-3,44,-9,43,-9,43,-9,42,-10,41,-10,40,-11,39,-12,38,-13,37,-14,36,-16,36,-17,35,-18,35,-19,35,-19,35,-20,36,-19,36,-19,36,-18,37,-17,36,-15,36,-14,34,-13,34,-12,34,-11,33,-9,33,-7,33,-5,33,-4,5,-1,1,-1,-1,-1,-1,0,-1,0,1,-2,4,-4,27,-18,28,-16,31,-13,33,-11,35,-10,36,-9,38,-7,39,-5,40,-3,41,-1,41,0,42,1,43,1,43,1,42,1,42,1,42,1,42,1,42,1,41,0,42,-1,42,-3,42,-4,42,-5,43,-7,43,-8,44,-8,44,-8]"
CSI_DATA,35,5c:01:3b:6b:b0:95,-49,11,1,5,0,1,1,1,0,0,0,-97,1,11,0,9754647,0,86,1,256,1,"[86,-32,4,0,22,-5,22,-5,21,-6,21,-6,20,-6,20,-7,19,-7,18,-8,18,-9,18,-10,17,-10,17,-10,17,-11,17,-11,18,-11,18,-11,18,-11,18,-10,18,-10,18,-9,17,-8,17,-7,17,-6,16,-6,16,-5,4,-2,0,0,0,0,0,0,0,0,0,0,0,0,0,0,0,0,0,0,4,-2,16,-6,17,-6,17,-5,18,-4,19,-3,20,-3,21,-2,21,-1,21,0,21,0,22,0,22,0,21,1,21,1,21,1,21,0,21,0,21,-1,21,-1,21,-2,21,-2,21,-3,21,-3,22,-4,23,-4,23,-5,13,-1,44,-3,43,-3,42,-3,41,-4,40,-5,39,-6,39,-6,38,-8,37,-9,37,-11,36,-13,36,-14,36,-14,36,-15,36,-15,36,-14,36,-14,37,-14,37,-13,36,-11,36,-10,34,-9,34,-8,33,-7,32,-5,31,-3,31,5,31,6,5,1,1,0,-1,-1,-2,0,-1,0,1,-1,5,-2,31,-8,31,-6,32,-8,33,-6,34,-4,36,-2,37,0,38,2,39,3,40,5,40,6,40,7,40,7,41,7,41,7,40,7,40,7,40,7,40,6,40,5,40,4,40,4,40,2,41,1,41,0,42,-1,43,-2,44,-2]"
CSI_DATA,36,5c:01:3b:6b:b0:95,-49,11,1,5,0,1,1,1,0,0,0,-97,1,11,0,9803256,0,86,1,256,1,"[86,-32,4,0,17,15,17,15,17,14,17,13,17,13,17,12,17,11,17,10,18,9,18,9,18,8,18,8,18,8,19,8,19,8,19,8,19,8,18,8,17,9,17,9,16,9,15,10,14,10,14,10,13,10,3,2,0,0,0,0,0,0,0,0,0,0,0,0,0,0,0,0,0,0,3,2,15,8,14,9,14,11,14,12,14,13,14,14,14,15,13,15,13,16,13,17,13,18,13,18,12,18,12,18,12,17,13,17,13,17,13,16,13,16,14,16,14,16,15,16,15,15,16,16,17,16,17,15,8,10,28,34,28,33,27,32,27,31,27,30,27,29,27,27,28,26,29,24,30,23,31,21,32,20,32,20,33,21,33,21,33,21,33,21,32,21,32,22,30,22,29,23,27,22,26,22,24,22,23,23,21,23,16,28,14,28,2,5,0,1,-1,-1,-1,-1,-1,-1,1,0,4,3,24,19,23,21,25,20,24,23,23,25,22,27,22,30,21,32,20,34,20,35,19,36,18,36,19,36,19,37,19,37,18,37,18,37,18,37,18,36,19,35,20,34,20,34,21,34,23,33,24,33,26,33,27,33,28,33]"
CSI_DATA,37,5c:01:3b:6b:b0:95,-49,11,1,5,0,1,1,1,0,0,0,-97,1,11,0,9855434,0,86,1,256,1,"[86,-32,4,0,14,-19,14,-19,13,-19,13,-19,12,-19,11,-19,11,-19,10,-19,9,-19,8,-20,7,-21,7,-21,7,-21,8,-21,8,-21,8,-21,9,-21,9,-20,9,-19,9,-19,10,-18,9,-17,9,-17,10,-16,10,-16,2,-4,0,0,0,0,0,0,0,0,0,0,0,0,0,0,0,0,0,0,2,-4,9,-16,10,-16,11,-16,12,-16,13,-15,14,-15,16,-15,16,-14,17,-14,17,-14,17,-15,18,-15,17,-15,17,-15,17,-14,17,-14,17,-14,16,-14,16,-15,16,-15,15,-16,15,-16,15,-17,14,-19,15,-20,16,-20,9,-10,31,-32,31,-33,30,-32,29,-32,28,-32,27,-32,25,-32,24,-33,22,-34,20,-35,18,-36,17,-37,17,-37,18,-38,18,-37,18,-37,18,-36,18,-36,19,-36,19,-35,20,-33,20,-32,20,-31,20,-30,21,-28,21,-26,25,-21,26,-19,4,-4,1,-1,-1,0,-1,0,-1,0,0,-2,2,-6,17,-28,18,-27,20,-28,22,-27,24,-27,26,-26,28,-26,30,-25,32,-25,33,-24,34,-23,34,-23,35,-24,36,-24,36,-24,36,-23,36,-23,36,-23,35,-23,34,-24,33,-24,33,-25,33,-26,32,-28,31,-30,31,-31,31,-32,32,-33]"
CSI_DATA,38,5c:01:3b:6b:b0:95,-48,11,1,5,0,1,1,1,0,0,0,-97,1,11,0,9905616,0,86,1,256,1,"[86,-32,4,0,-21,13,-20,12,-19,13,-18,13,-18,13,-17,14,-16,14,-16,14,-15,15,-15,15,-14,15,-14,16,-14,17,-14,17,-14,17,-14,17,-15,17,-15,16,-15,15,-15,15,-15,13,-15,12,-15,12,-15,11,-15,11,-4,2,0,0,0,0,0,0,0,0,0,0,0,0,0,0,0,0,0,0,-4,3,-14,12,-15,11,-16,11,-17,10,-18,9,-19,9,-20,9,-21,9,-21,8,-21,8,-22,8,-22,7,-22,7,-22,7,-22,7,-22,7,-21,8,-21,8,-21,8,-20,9,-20,10,-20,10,-20,11,-20,11,-21,12,-22,13,-13,4,-42,17,-41,17,-40,17,-39,17,-37,18,-36,18,-35,19,-34,19,-33,20,-32,22,-31,24,-30,25,-30,26,-30,26,-30,26,-30,26,-30,25,-31,25,-31,24,-31,23,-31,21,-31,20,-30,19,-30,18,-30,16,-30,14,-32,6,-32,4,-6,0,-2,0,0,-1,0,-1,0,-1,-2,1,-5,3,-28,16,-30,14,-29,17,-31,15,-33,13,-34,12,-36,11,-38,10,-39,9,-40,7,-41,6,-40,6,-41,6,-42,6,-42,6,-42,6,-42,6,-41,6,-41,7,-40,7,-40,8,-40,9,-40,10,-40,12,-40,13,-40,15,-41,16,-41,17]"
CSI_DATA,39,5c:01:3b:6b:b0:95,-49,11,1,5,0,1,1,1,0,0,0,-97,1,11,0,9957593,0,86,1,256,1,"[86,-32,4,0,21,-7,21,-7,20,-8,19,-8,19,-8,18,-8,18,-9,17,-10,17,-11,16,-11,16,-11,16,-12,16,-12,16,-13,16,-13,16,-12,17,-12,17,-12,17,-11,16,-10,16,-9,16,-9,15,-8,15,-8,15,-7,4,-2,0,0,0,0,0,0,0,0,0,0,0,0,0,0,0,0,0,0,3,-2,16,-7,16,-7,17,-6,18,-5,18,-5,20,-4,20,-4,21,-3,21,-2,21,-2,22,-2,22,-1,21,-1,21,-1,21,-1,21,-1,21,-2,20,-2,20,-3,20,-3,20,-4,20,-4,20,-5,21,-5,22,-6,23,-7,13,-1,42,-4,41,-4,40,-4,40,-5,39,-6,38,-6,37,-7,36,-8,35,-10,35,-12,35,-13,34,-15,34,-15,35,-16,35,-16,34,-15,34,-15,35,-14,35,-14,34,-12,34,-11,33,-10,32,-9,32,-8,31,-7,30,-5,31,5,30,7,5,1,1,0,-1,-1,-1,0,-1,0,1,-1,5,-2,30,-8,31,-5,31,-8,32,-6,33,-4,35,-2,36,-1,37,1,38,3,38,4,38,5,38,6,39,6,40,5,40,6,39,6,39,6,39,6,38,5,38,4,38,4,38,2,39,1,40,0,40,-1,41,-3,42,-4,42,-4]"
CSI_DATA,40,5c:01:3b:6b:b0:95,-49,11,1,5,0,1,1,1,0,0,0,-97,1,11,0,10009480,0,86,1,256,1,"[86,-32,4,0,-3,-27,-3,-26,-3,-25,-4,-24,-5,-24,-5,-23,-5,-23,-6,-23,-7,-23,-9,-23,-9,-22,-10,-22,-10,-22,-9,-22,-9,-23,-9,-23,-9,-23,-8,-23,-7,-22,-6,-22,-5,-22,-5,-21,-5,-21,-4,-21,-3,-21,-1,-6,0,0,0,0,0,0,0,0,0,0,0,0,0,0,0,0,0,0,-2,-5,-5,-19,-5,-20,-4,-21,-3,-22,-2,-22,-1,-23,1,-23,2,-24,2,-24,2,-24,2,-25,3,-26,2,-26,2,-26,2,-25,3,-25,2,-25,2,-24,1,-24,0,-24,0,-25,0,-25,-1,-25,-2,-26,-2,-27,-2,-28,1,-15,3,-49,3,-50,2,-49,2,-48,1,-47,0,-46,-2,-45,-3,-45,-5,-44,-7,-44,-9,-44,-10,-44,-11,-44,-11,-45,-11,-45,-11,-45,-10,-45,-10,-45,-9,-44,-8,-43,-6,-43,-5,-42,-3,-41,-2,-40,0,-39,1,-37,10,-36,12,-35,2,-7,0,-2,-1,0,-1,1,-1,0,-1,-2,-1,-7,-3,-36,-1,-37,-4,-37,-2,-38,1,-40,3,-41,4,-42,6,-43,8,-44,9,-44,11,-44,12,-44,13,-45,14,-45,14,-45,14,-45,14,-44,13,-45,12,-45,11,-45,10,-45,9,-45,8,-45,7,-46,6,-47,5,-48,4,-49,4,-50]"
CSI_DATA,41,5c:01:3b:6b:b0:95,-49,11,1,5,0,1,1,1,0,0,0,-97,1,11,0,10063000,0,86,1,256,1,"[86,-32,4,0,-25,-4,-25,-3,-24,-3,-23,-2,-23,-2,-23,-1,-22,-1,-22,1,-23,2,-22,2,-22,2,-22,3,-22,3,-22,3,-23,3,-23,3,-23,3,-22,3,-22,2,-22,1,-21,0,-20,-1,-20,-1,-20,-1,-19,-2,-5,-1,0,0,0,0,0,0,0,0,0,0,0,0,0,0,0,0,0,0,-5,0,-20,1,-20,0,-20,-1,-21,-2,-22,-3,-22,-4,-23,-5,-23,-6,-23,-7,-23,-8,-23,-8,-23,-8,-22,-9,-22,-9,-22,-9,-23,-8,-23,-8,-22,-7,-22,-7,-22,-7,-23,-6,-23,-6,-24,-5,-24,-5,-25,-4,-26,-4,-15,-5,-47,-12,-46,-12,-46,-11,-45,-10,-43,-9,-43,-8,-42,-7,-42,-6,-42,-4,-42,-2,-42,0,-42,1,-43,1,-43,1,-43,2,-43,1,-43,1,-43,1,-43,0,-42,-2,-41,-3,-39,-4,-38,-5,-37,-5,-36,-6,-35,-8,-33,-15,-31,-16,-6,-3,-2,-1,0,0,1,-1,0,0,-2,0,-7,0,-35,0,-35,-2,-37,-3,-37,-5,-38,-8,-39,-10,-40,-12,-40,-14,-41,-17,-41,-18,-41,-20,-40,-20,-41,-21,-41,-21,-41,-21,-41,-21,-40,-21,-41,-21,-40,-20,-40,-19,-40,-18,-41,-17,-42,-16,-43,-15,-44,-14,-45,-13,-46,-12,-47,-12]"
CSI_DATA,42,5c:01:3b:6b:b0:95,-49,11,1,5,0,1,1,1,0,0,0,-97,1,11,0,10115437,0,86,1,256,1,"[86,-32,4,0,7,23,8,22,8,21,8,21,8,20,9,20,9,19,10,18,10,17,11,17,12,17,12,17,12,17,13,17,13,17,13,17,12,17,11,17,10,17,10,17,9,17,8,17,8,17,7,16,6,16,1,4,0,0,0,0,0,0,0,0,0,0,0,0,0,0,0,0,0,0,2,3,8,15,8,16,7,17,7,19,6,19,5,20,4,21,3,21,3,22,2,22,2,23,2,23,2,23,2,23,2,22,2,22,3,22,3,21,3,22,4,22,4,22,5,22,5,22,6,23,7,23,7,23,1,13,8,45,8,45,8,44,8,42,9,41,10,40,10,39,12,38,14,37,15,36,17,36,18,35,19,35,19,36,19,36,19,36,19,36,19,36,18,36,16,36,14,35,13,34,12,34,11,34,9,33,7,32,0,34,-2,33,-1,5,-1,1,-1,-1,-1,-1,-1,-1,0,1,2,5,11,30,10,32,12,32,10,33,8,35,6,36,5,38,3,40,2,41,1,42,0,42,-1,43,-2,43,-2,43,-2,43,-3,43,-3,43,-2,43,-1,43,-1,42,0,42,1,42,2,42,3,43,5,43,6,44,7,44,8,45]"
CSI_DATA,43,5c:01:3b:6b:b0:95,-49,11,1,5,0,1,1,1,0,0,0,-97,1,11,0,10171385,0,86,1,256,1,"[86,-32,4,0,8,-23,8,-23,7,-22,7,-22,6,-22,5,-21,4,-21,4,-21,3,-22,2,-22,1,-21,1,-21,1,-22,1,-22,0,-22,1,-23,1,-22,2,-22,2,-22,3,-21,3,-20,3,-20,4,-19,4,-18,5,-18,1,-5,0,0,0,0,0,0,0,0,0,0,0,0,0,0,0,0,0,0,1,-5,5,-18,6,-18,6,-19,7,-19,8,-19,10,-19,11,-19,12,-19,13,-19,13,-19,14,-19,14,-19,14,-19,13,-19,13,-19,13,-19,12,-19,12,-19,11,-19,11,-20,10,-20,10,-21,10,-21,9,-22,10,-22,10,-23,6,-13,21,-41,21,-41,20,-40,19,-40,18,-39,17,-39,16,-38,14,-38,12,-38,10,-39,8,-40,6,-40,6,-41,6,-42,6,-42,6,-41,6,-41,7,-41,8,-40,9,-39,10,-38,11,-37,11,-36,11,-35,12,-33,13,-32,19,-28,21,-26,3,-5,1,-2,-1,0,-1,0,-1,0,0,-2,1,-6,9,-33,10,-33,12,-33,14,-33,17,-34,19,-34,21,-34,23,-34,25,-33,27,-33,27,-33,28,-32,28,-33,29,-33,29,-33,30,-33,29,-33,28,-33,27,-34,27,-33,26,-33,26,-34,26,-35,25,-36,23,-37,22,-39,22,-40,22,-41]"
CSI_DATA,44,5c:01:3b:6b:b0:95,-48,11,1,4,0,1,1,1,0,0,0,-97,1,11,0,10220689,0,86,1,256,1,"[86,-32,4,0,16,18,16,17,16,16,16,16,16,16,16,15,16,13,16,12,17,11,18,11,18,11,18,11,18,11,19,10,19,11,19,11,19,11,18,11,17,11,16,12,15,12,14,12,14,12,13,12,13,12,3,3,0,0,0,0,0,0,0,0,0,0,0,0,0,0,0,0,0,0,3,2,15,10,15,11,14,13,14,14,14,15,14,16,14,17,13,17,13,18,12,19,12,20,12,20,12,20,11,20,11,20,12,20,12,19,12,18,13,18,13,18,13,18,14,18,14,18,15,18,16,18,17,18,7,11,26,37,25,37,25,36,25,35,26,34,26,33,26,31,26,29,27,28,29,27,30,25,31,24,32,24,32,25,32,25,33,25,32,25,31,25,31,26,29,26,27,27,26,26,25,26,24,26,22,26,21,27,15,30,13,30,2,5,0,1,-1,-1,-1,-1,-1,-1,1,0,4,3,24,21,24,23,25,24,24,26,23,29,22,31,21,33,20,35,19,37,18,38,17,39,17,40,17,40,17,40,16,40,16,40,16,40,16,40,16,39,17,39,18,38,19,38,20,37,21,37,22,37,24,37,25,38,26,39]"
CSI_DATA,45,5c:01:3b:6b:b0:95,-50,11,1,6,0,1,1,1,0,0,0,-97,1,11,0,10269606,0,86,1,256,1,"[86,-32,4,0,-25,9,-24,9,-23,9,-22,10,-22,10,-21,10,-20,11,-19,12,-19,12,-18,13,-18,13,-18,14,-18,15,-18,15,-18,15,-18,15,-18,15,-19,14,-18,13,-18,12,-18,11,-17,11,-18,10,-18,9,-18,9,-5,2,0,0,0,0,0,0,0,0,0,0,0,0,0,0,0,0,0,0,-5,2,-19,8,-20,7,-20,7,-21,6,-22,5,-23,4,-24,4,-24,3,-25,2,-25,2,-26,2,-26,2,-25,1,-25,1,-25,2,-25,2,-25,3,-24,3,-24,3,-24,4,-24,4,-24,5,-24,6,-24,7,-25,7,-26,8,-14,7,-45,22,-45,22,-44,22,-42,23,-41,23,-39,24,-38,24,-36,25,-35,26,-34,27,-33,28,-33,29,-32,30,-32,31,-32,32,-32,32,-32,32,-32,31,-33,30,-33,28,-33,27,-33,25,-33,24,-33,23,-33,20,-33,19,-33,18,-34,17,-7,2,-2,0,0,-1,0,-1,0,-1,-2,1,-5,5,-25,28,-27,26,-33,20,-35,18,-37,17,-39,17,-40,15,-42,14,-44,12,-45,11,-46,10,-47,9,-48,9,-48,8,-48,8,-47,8,-47,8,-47,9,-46,9,-45,11,-45,12,-45,14,-45,15,-45,17,-45,18,-45,18,-46,19,-46,19]"
CSI_DATA,46,5c:01:3b:6b:b0:95,-50,11,1,6,0,1,1,1,0,0,0,-97,1,11,0,10321517,0,86,1,256,1,"[86,-32,4,0,22,-13,21,-13,21,-13,20,-14,20,-14,19,-14,18,-14,17,-15,17,-15,16,-16,16,-16,16,-17,16,-18,15,-18,16,-18,16,-17,17,-18,17,-17,17,-16,17,-15,16,-14,16,-13,16,-12,17,-12,17,-11,4,-3,0,0,0,0,0,0,0,0,0,0,0,0,0,0,0,0,0,0,3,-4,15,-13,16,-13,17,-12,18,-11,19,-10,21,-10,22,-10,23,-9,23,-8,23,-8,24,-8,24,-7,24,-7,24,-7,23,-7,23,-7,23,-7,22,-8,22,-9,22,-9,22,-10,22,-10,22,-11,22,-11,24,-12,25,-13,14,-4,45,-13,44,-13,44,-13,43,-13,42,-14,41,-15,40,-16,39,-16,38,-17,36,-19,36,-21,35,-22,35,-24,35,-24,35,-24,35,-23,36,-22,36,-22,37,-21,37,-20,36,-18,35,-16,34,-15,34,-14,34,-13,33,-11,35,1,35,3,6,0,1,0,-1,-1,-2,0,-1,0,1,-2,5,-3,33,-15,33,-13,32,-17,34,-15,36,-13,38,-11,40,-10,41,-8,42,-7,43,-5,43,-3,44,-2,45,-3,45,-3,45,-2,45,-2,45,-2,44,-2,44,-2,44,-3,44,-5,44,-6,44,-7,44,-8,44,-9,45,-11,45,-12,46,-13]"
CSI_DATA,47,5c:01:3b:6b:b0:95,-50,11,1,6,0,1,1,1,0,0,0,-97,1,11,0,10373590,0,86,1,256,1,"[86,-32,4,0,-1,-23,-1,-22,-2,-22,-2,-21,-3,-21,-4,-20,-4,-20,-5,-19,-5,-19,-6,-19,-6,-19,-7,-19,-7,-19,-7,-19,-7,-19,-7,-19,-7,-19,-6,-19,-6,-19,-5,-19,-5,-18,-4,-18,-4,-17,-3,-17,-2,-17,-1,-5,0,0,0,0,0,0,0,0,0,0,0,0,0,0,0,0,0,0,-1,-4,-3,-17,-2,-17,-2,-18,-1,-19,0,-20,1,-20,2,-20,2,-20,3,-21,4,-21,4,-21,5,-21,5,-21,5,-21,4,-21,4,-21,3,-20,3,-20,2,-21,2,-21,1,-22,1,-22,0,-22,0,-22,0,-23,0,-23,-1,-14,-2,-44,-2,-44,-2,-43,-3,-42,-3,-41,-4,-41,-5,-40,-7,-39,-8,-39,-10,-38,-11,-37,-12,-36,-13,-36,-14,-36,-14,-36,-15,-37,-14,-37,-13,-38,-12,-38,-11,-38,-10,-37,-9,-36,-8,-35,-6,-34,-5,-33,-4,-33,-2,-32,0,-32,0,-6,0,-2,-1,0,0,0,-1,0,-1,-2,-2,-6,-8,-31,-7,-31,-5,-32,-4,-33,-2,-35,0,-36,1,-37,3,-39,4,-40,5,-40,7,-40,8,-40,9,-40,10,-40,10,-40,9,-40,9,-40,8,-41,7,-40,6,-40,6,-41,5,-41,4,-41,3,-42,2,-42,1,-42,1,-43,0,-43]"
CSI_DATA,48,5c:01:3b:6b:b0:95,-50,11,1,6,0,1,1,1,0,0,0,-97,1,11,0,10425537,0,86,1,256,1,"[86,-32,4,0,-20,17,-19,17,-18,17,-17,17,-17,16,-16,16,-15,16,-14,17,-14,18,-13,19,-13,19,-13,19,-12,20,-12,20,-12,20,-13,20,-13,20,-14,19,-14,18,-14,17,-14,16,-14,15,-14,15,-15,14,-15,13,-4,3,0,0,0,0,0,0,0,0,0,0,0,0,0,0,0,0,0,0,-4,3,-13,15,-14,15,-15,15,-16,14,-17,14,-19,14,-20,13,-21,13,-21,12,-22,12,-23,12,-23,12,-22,12,-22,12,-22,11,-22,11,-22,12,-21,12,-21,13,-20,13,-20,13,-20,14,-20,15,-20,16,-21,17,-21,18,-14,7,-44,26,-42,26,-41,25,-39,25,-38,26,-37,26,-36,26,-35,27,-33,29,-31,30,-30,31,-29,32,-30,33,-30,33,-29,32,-29,32,-28,32,-29,32,-31,31,-31,29,-31,28,-30,26,-30,25,-31,24,-31,22,-31,20,-35,12,-35,10,-7,1,-2,0,0,-1,0,-1,0,-1,-2,1,-5,4,-26,25,-27,23,-28,25,-31,23,-34,22,-36,21,-37,20,-39,19,-41,18,-42,17,-43,16,-43,16,-44,17,-45,17,-45,16,-45,15,-45,14,-45,14,-44,14,-43,16,-43,17,-42,18,-42,19,-42,21,-41,23,-42,25,-42,26,-43,27]"
CSI_DATA,49,5c:01:3b:6b:b0:95,-50,11,1,5,0,1,1,1,0,0,0,-97,1,11,0,10479511,0,86,1,256,1,"[86,-32,4,0,-4,23,-4,22,-3,22,-3,21,-2,21,-2,21,-1,20,0,20,0,20,1,20,2,20,3,20,3,20,3,20,3,21,3,21,2,21,2,21,1,20,0,20,0,19,-1,18,-1,18,-2,18,-2,17,-1,4,0,0,0,0,0,0,0,0,0,0,0,0,0,0,0,0,0,0,0,4,-1,17,-2,18,-2,19,-3,19,-4,19,-6,20,-7,20,-8,20,-8,20,-9,20,-10,21,-10,21,-9,21,-9,20,-9,20,-9,20,-8,20,-8,20,-7,20,-7,21,-6,21,-6,21,-6,21,-5,22,-5,23,-5,23,-4,13,-12,43,-11,43,-11,42,-10,42,-8,41,-7,40,-6,40,-5,39,-3,39,-2,39,0,39,2,39,2,39,3,40,3,40,3,40,2,40,2,40,1,39,0,38,-1,38,-2,36,-3,35,-4,35,-5,33,-7,32,-11,31,-13,30,-3,5,-1,1,0,-1,0,-2,0,-1,0,1,-1,5,-1,32,-2,33,-3,33,-6,34,-8,35,-10,36,-12,36,-14,37,-16,38,-17,38,-18,38,-19,38,-20,38,-20,38,-21,38,-21,37,-21,37,-20,38,-19,38,-18,37,-18,38,-17,38,-16,39,-16,40,-14,41,-13,42,-12,43,-12,43]"
CSI_DATA,50,5c:01:3b:6b:b0:95,-50,11,1,6,0,1,1,1,0,0,0,-97,1,11,0,10529556,0,86,1,256,1,"[86,-32,4,0,-7,24,-6,24,-5,23,-5,23,-5,23,-4,22,-3,22,-2,22,-1,21,0,21,1,22,1,22,1,23,1,22,2,22,2,22,0,23,-1,22,-1,22,-1,21,-1,21,-2,20,-2,19,-3,19,-4,19,-1,4,0,0,0,0,0,0,0,0,0,0,0,0,0,0,0,0,0,0,-1,4,-3,18,-4,19,-5,20,-6,20,-7,20,-9,20,-10,21,-11,20,-11,20,-11,21,-12,21,-12,21,-12,21,-12,22,-12,21,-12,20,-11,20,-11,20,-10,21,-10,21,-9,22,-8,22,-8,22,-7,23,-8,24,-8,25,-8,12,-21,42,-21,41,-21,40,-20,40,-19,39,-18,39,-16,38,-15,38,-12,38,-10,38,-8,39,-7,40,-6,41,-6,41,-6,41,-6,41,-6,40,-7,40,-8,40,-9,39,-10,38,-10,36,-10,35,-11,35,-12,33,-14,32,-21,27,-23,26,-5,4,-2,1,0,-1,0,-1,0,-1,-1,1,-3,5,-12,32,-14,31,-12,33,-15,33,-18,33,-20,33,-22,33,-24,33,-26,33,-28,33,-28,33,-29,33,-29,34,-30,34,-30,33,-30,33,-30,33,-30,33,-29,33,-28,32,-28,33,-27,34,-26,34,-25,36,-23,38,-22,40,-22,41,-22,42]"
CSI_DATA,51,5c:01:3b:6b:b0:95,-50,11,1,6,0,1,1,1,0,0,0,-97,1,11,0,10581528,0,86,1,256,1,"[86,-32,4,0,-15,-21,-15,-21,-15,-20,-15,-19,-16,-18,-16,-18,-16,-17,-16,-16,-16,-15,-17,-15,-17,-14,-18,-14,-18,-14,-19,-13,-19,-13,-19,-14,-19,-14,-18,-14,-17,-15,-16,-15,-16,-15,-15,-15,-14,-15,-13,-15,-13,-15,-3,-4,0,0,0,0,0,0,0,0,0,0,0,0,0,0,0,0,0,0,-4,-4,-13,-15,-12,-16,-12,-17,-12,-19,-12,-19,-11,-20,-11,-21,-10,-21,-9,-22,-9,-23,-8,-23,-8,-24,-8,-24,-8,-23,-8,-23,-9,-23,-9,-22,-10,-22,-10,-22,-11,-22,-11,-22,-12,-22,-12,-21,-13,-22,-14,-22,-14,-22,-10,-12,-30,-40,-30,-40,-29,-39,-29,-37,-30,-36,-30,-35,-30,-33,-31,-32,-32,-30,-33,-29,-34,-27,-35,-26,-36,-26,-36,-26,-37,-26,-37,-26,-37,-26,-37,-27,-36,-27,-34,-28,-33,-28,-31,-28,-29,-28,-28,-28,-26,-29,-24,-29,-22,-30,-20,-31,-4,-6,-1,-2,0,0,0,0,0,0,-2,-1,-6,-4,-29,-21,-29,-23,-26,-27,-25,-30,-24,-32,-24,-34,-23,-36,-23,-38,-22,-40,-21,-41,-20,-42,-19,-43,-18,-44,-17,-44,-16,-44,-17,-44,-17,-44,-18,-44,-19,-43,-19,-42,-21,-42,-22,-41,-23,-41,-24,-40,-25,-40,-26,-40,-27,-41,-27,-41]"
CSI_DATA,52,5c:01:3b:6b:b0:95,-50,11,1,5,0,1,1,1,0,0,0,-97,1,11,0,10636635,0,86,1,256,1,"[86,-32,4,0,14,-2,14,-3,14,-3,13,-3,13,-3,13,-3,12,-4,12,-4,12,-5,12,-5,11,-6,11,-6,11,-6,12,-6,12,-6,12,-6,12,-6,12,-6,12,-5,12,-5,11,-4,11,-4,11,-3,11,-3,11,-3,2,-1,0,0,0,0,0,0,0,0,0,0,0,0,0,0,0,0,0,0,2,-1,11,-4,11,-3,11,-3,12,-2,12,-1,13,-1,13,0,13,0,14,0,14,1,14,1,14,1,14,2,13,1,13,1,14,1,13,1,13,0,13,0,13,0,13,0,14,-1,14,-1,14,-1,15,-1,15,-2,17,-2,56,-5,55,-5,54,-7,53,-7,51,-8,50,-9,49,-10,49,-12,48,-14,47,-16,46,-19,45,-20,46,-21,46,-22,47,-22,47,-21,47,-21,47,-20,47,-19,47,-17,46,-16,45,-15,44,-14,43,-12,42,-10,41,-7,42,-1,42,1,7,0,2,0,-1,-1,-2,0,-1,0,1,-2,6,-4,38,-16,39,-13,42,-12,43,-9,45,-6,47,-4,49,-2,50,1,52,3,52,5,52,7,52,8,53,8,53,8,53,8,53,8,53,8,53,8,52,7,52,6,52,5,52,3,52,2,53,0,53,-1,54,-3,56,-4,57,-4]"
CSI_DATA,53,5c:01:3b:6b:b0:95,-50,11,1,5,0,1,1,1,0,0,0,-97,1,11,0,10689943,0,86,1,256,1,"[86,-32,4,0,-22,10,-21,10,-20,10,-19,10,-19,10,-18,11,-18,11,-17,12,-17,13,-16,13,-15,13,-15,14,-15,14,-15,15,-16,15,-16,15,-16,15,-16,14,-16,13,-16,13,-16,11,-15,10,-16,10,-16,9,-16,9,-4,2,0,0,0,0,0,0,0,0,0,0,0,0,0,0,0,0,0,0,-4,2,-16,9,-16,9,-17,8,-18,8,-19,7,-20,7,-21,6,-22,6,-22,5,-22,5,-23,4,-23,4,-22,4,-22,4,-22,4,-22,4,-22,5,-22,5,-21,5,-21,6,-21,7,-21,7,-21,8,-21,8,-22,9,-23,9,-14,3,-43,13,-43,13,-42,14,-41,14,-39,14,-38,15,-37,16,-36,17,-35,18,-34,19,-34,21,-33,22,-33,23,-33,24,-33,24,-33,24,-33,23,-33,23,-33,22,-33,20,-33,19,-33,17,-32,16,-32,15,-32,14,-31,12,-34,5,-33,3,-6,0,-2,-1,0,-1,0,-1,0,-1,-2,1,-6,3,-29,16,-30,14,-31,15,-33,13,-35,12,-36,10,-38,9,-40,8,-41,6,-42,5,-42,3,-42,3,-43,2,-44,2,-43,2,-43,2,-43,2,-43,3,-43,4,-42,5,-42,5,-42,6,-42,7,-42,9,-42,10,-42,11,-43,12,-44,13]"
CSI_DATA,54,5c:01:3b:6b:b0:95,-49,11,1,5,0,1,1,1,0,0,0,-97,1,11,0,10737623,0,86,1,256,1,"[86,-32,4,0,3,24,3,24,4,23,4,22,5,22,5,22,6,21,7,20,7,20,7,20,8,20,8,20,9,20,10,20,10,20,10,20,9,20,8,20,8,20,7,20,6,19,5,19,4,18,3,18,3,18,0,4,0,0,0,0,0,0,0,0,0,0,0,0,0,0,0,0,0,0,1,4,4,17,4,18,3,19,2,20,2,21,1,21,0,22,-1,22,-2,22,-3,22,-4,22,-4,23,-4,23,-4,22,-3,22,-3,22,-2,22,-1,22,-1,23,0,23,1,23,1,23,1,23,1,23,1,24,2,24,0,14,3,47,3,47,3,46,4,44,5,43,6,42,7,42,8,41,10,40,11,39,12,39,13,38,14,38,15,38,16,39,16,40,15,40,15,39,14,39,13,39,11,39,9,38,8,37,6,36,4,35,3,34,-3,34,-5,34,-2,6,-1,1,-1,-1,-1,-2,-1,-1,0,1,1,5,8,32,8,32,7,33,6,34,4,36,2,38,0,39,-1,41,-3,42,-4,42,-6,43,-8,43,-9,43,-9,43,-9,42,-9,42,-8,42,-7,43,-6,43,-6,42,-5,42,-4,43,-3,43,-2,44,-1,45,0,45,1,45,1,45]"
CSI_DATA,55,5c:01:3b:6b:b0:95,-49,11,1,5,0,1,1,1,0,0,0,-97,1,11,0,10793252,0,86,1,256,1,"[86,-32,4,0,2,24,2,23,3,22,3,22,4,21,4,21,5,20,5,20,6,19,6,19,7,19,7,19,8,19,8,19,8,19,8,20,7,20,7,19,6,19,5,19,4,19,4,18,3,18,2,18,1,18,0,4,0,0,0,0,0,0,0,0,0,0,0,0,0,0,0,0,0,0,1,4,5,16,5,17,4,19,3,20,2,20,1,20,0,21,0,22,-1,22,-2,22,-2,22,-3,23,-3,23,-3,23,-3,22,-3,22,-3,22,-2,21,-1,22,-1,22,0,22,0,22,1,22,1,23,1,24,1,24,0,14,1,46,1,45,1,44,1,43,2,42,3,41,4,40,6,39,8,38,9,38,11,38,12,37,12,38,12,39,13,39,13,39,12,38,11,38,11,38,9,38,8,37,6,36,5,36,4,35,2,34,1,33,-4,33,-6,32,-2,5,-1,1,-1,-1,-1,-2,-1,-1,0,1,2,5,11,32,9,32,7,32,6,34,4,35,2,37,0,39,-1,40,-3,41,-5,42,-6,42,-7,42,-7,42,-7,42,-8,42,-9,43,-9,42,-9,42,-8,42,-7,41,-6,41,-5,42,-4,42,-3,43,-1,43,0,44,0,45,0,46]"
CSI_DATA,56,5c:01:3b:6b:b0:95,-50,11,1,6,0,1,1,1,0,0,0,-97,1,11,0,10841594,0,86,1,256,1,"[86,-32,4,0,-23,-3,-23,-2,-22,-1,-21,-1,-21,-1,-21,0,-21,0,-20,1,-20,3,-20,3,-20,4,-21,4,-21,4,-21,5,-21,5,-21,5,-20,5,-20,4,-20,3,-20,2,-19,2,-19,1,-19,1,-19,1,-18,0,-5,0,0,0,0,0,0,0,0,0,0,0,0,0,0,0,0,0,0,0,-5,0,-18,0,-18,-1,-18,-2,-19,-3,-19,-4,-20,-5,-20,-5,-21,-6,-20,-7,-20,-7,-21,-7,-21,-8,-21,-8,-21,-8,-21,-8,-21,-8,-21,-7,-21,-7,-20,-6,-21,-6,-21,-6,-21,-5,-21,-4,-22,-3,-24,-3,-25,-3,-13,-5,-42,-13,-41,-13,-40,-12,-39,-12,-38,-10,-37,-9,-37,-8,-37,-7,-37,-5,-37,-4,-37,-2,-38,-1,-38,0,-38,1,-38,1,-38,1,-38,0,-38,0,-38,-1,-37,-2,-36,-3,-35,-4,-34,-4,-33,-5,-32,-6,-31,-7,-28,-15,-27,-16,-5,-3,-2,-1,0,0,0,0,0,0,-2,-1,-6,-1,-31,-6,-31,-8,-32,-6,-33,-9,-33,-11,-33,-13,-34,-14,-34,-16,-34,-18,-34,-20,-34,-21,-34,-22,-35,-22,-35,-22,-35,-22,-34,-22,-35,-22,-35,-22,-35,-21,-34,-20,-35,-19,-35,-18,-36,-17,-37,-16,-38,-15,-39,-14,-40,-14,-41,-14]"
CSI_DATA,57,5c:01:3b:6b:b0:95,-50,11,1,6,0,1,1,1,0,0,0,-97,1,11,0,10893620,0,86,1,256,1,"[86,-32,4,0,-10,-19,-10,-19,-10,-18,-10,-17,-11,-17,-11,-16,-11,-16,-11,-14,-12,-14,-12,-14,-13,-14,-13,-14,-14,-14,-14,-13,-14,-13,-14,-13,-14,-14,-14,-14,-13,-14,-12,-14,-11,-14,-11,-14,-10,-14,-9,-14,-9,-14,-3,-4,0,0,0,0,0,0,0,0,0,0,0,0,0,0,0,0,0,0,-2,-4,-8,-13,-8,-14,-7,-15,-7,-16,-6,-17,-6,-18,-5,-18,-5,-18,-4,-19,-4,-19,-4,-20,-3,-20,-3,-20,-3,-20,-4,-20,-4,-19,-4,-19,-5,-19,-5,-19,-6,-19,-7,-19,-7,-19,-8,-19,-8,-19,-8,-20,-9,-20,-4,-12,-13,-37,-13,-37,-13,-36,-13,-35,-13,-33,-14,-33,-15,-32,-16,-31,-17,-30,-18,-29,-19,-29,-20,-28,-21,-28,-21,-28,-21,-27,-22,-27,-21,-27,-21,-28,-20,-28,-19,-28,-18,-28,-17,-27,-16,-27,-15,-27,-14,-27,-12,-26,-6,-27,-4,-27,-1,-5,-1,-2,0,0,0,0,0,0,-1,-2,-2,-5,-11,-26,-10,-26,-12,-27,-11,-28,-9,-30,-8,-31,-7,-32,-6,-34,-5,-35,-3,-35,-3,-36,-2,-36,-2,-37,-2,-37,-1,-37,-1,-37,-2,-37,-2,-37,-3,-36,-3,-35,-4,-36,-5,-36,-6,-35,-7,-36,-9,-36,-10,-37,-10,-37,-11,-38]"
CSI_DATA,58,5c:01:3b:6b:b0:95,-49,11,1,5,0,1,1,1,0,0,0,-97,1,11,0,10951906,0,86,1,256,1,"[86,-32,4,0,-5,13,-5,12,-5,12,-4,12,-4,12,-3,12,-3,11,-3,11,-2,12,-2,12,-2,12,-1,12,-1,12,-1,12,-1,12,-1,12,-1,12,-2,12,-2,12,-2,11,-2,11,-3,10,-3,10,-3,10,-4,9,-1,2,0,0,0,0,0,0,0,0,0,0,0,0,0,0,0,0,0,0,-1,2,-3,10,-3,10,-4,10,-4,10,-5,10,-6,11,-6,11,-7,11,-7,11,-8,11,-8,11,-8,11,-8,11,-8,11,-8,10,-8,10,-8,11,-7,10,-7,11,-6,11,-6,11,-6,11,-6,12,-6,12,-6,13,-6,13,-10,14,-27,47,-27,46,-25,46,-24,45,-22,44,-21,44,-20,43,-18,43,-16,43,-14,43,-12,45,-11,45,-10,46,-10,46,-9,47,-9,47,-9,46,-10,45,-12,45,-13,43,-14,42,-15,40,-15,39,-16,38,-17,37,-18,35,-24,31,-25,29,-5,5,-2,1,0,-1,0,-2,0,-1,-1,2,-2,6,-10,37,-12,37,-13,37,-16,37,-19,37,-22,37,-24,37,-27,37,-30,37,-31,37,-32,37,-33,37,-34,38,-34,38,-34,37,-35,37,-34,37,-34,37,-33,37,-32,37,-32,37,-31,38,-30,40,-29,41,-28,42,-27,44,-26,46,-27,46]"
CSI_DATA,59,5c:01:3b:6b:b0:95,-50,11,1,6,0,1,1,1,0,0,0,-97,1,11,0,10997576,0,86,1,256,1,"[86,-32,4,0,-26,-3,-25,-3,-25,-2,-24,-2,-24,-1,-24,-1,-23,0,-23,2,-23,3,-23,3,-23,3,-23,4,-23,4,-23,5,-23,5,-23,5,-23,4,-23,4,-23,3,-22,2,-22,2,-21,1,-21,0,-20,0,-20,-1,-5,-1,0,0,0,0,0,0,0,0,0,0,0,0,0,0,0,0,0,0,-5,0,-20,0,-20,-1,-21,-3,-22,-4,-22,-5,-23,-5,-24,-6,-24,-7,-23,-8,-23,-8,-24,-9,-24,-9,-23,-10,-23,-10,-22,-9,-23,-9,-23,-8,-23,-7,-23,-7,-24,-7,-24,-6,-24,-6,-24,-5,-25,-5,-26,-5,-27,-4,-16,-3,-49,-9,-49,-8,-48,-8,-47,-7,-46,-5,-46,-4,-45,-3,-44,-2,-44,0,-43,2,-43,4,-43,5,-44,6,-45,6,-45,7,-45,6,-44,6,-44,5,-45,4,-44,3,-43,2,-41,1,-40,0,-39,-2,-38,-3,-37,-5,-36,-9,-35,-11,-7,-2,-2,-1,0,0,1,-1,0,0,-2,0,-7,0,-35,4,-36,1,-38,-2,-39,-4,-40,-7,-41,-9,-42,-11,-43,-13,-43,-15,-43,-17,-43,-19,-43,-19,-43,-20,-43,-20,-43,-20,-43,-20,-43,-20,-43,-20,-43,-19,-43,-18,-44,-17,-44,-15,-45,-14,-45,-13,-45,-11,-46,-11,-47,-10,-48,-10]"
CSI_DATA,60,5c:01:3b:6b:b0:95,-50,11,1,6,0,1,1,1,0,0,0,-97,1,11,0,11049559,0,86,1,256,1,"[86,-32,4,0,-23,-12,-23,-11,-23,-10,-22,-9,-22,-9,-21,-8,-21,-7,-22,-6,-22,-5,-22,-4,-23,-4,-23,-4,-23,-4,-23,-4,-23,-4,-23,-4,-23,-4,-22,-4,-21,-5,-21,-5,-20,-6,-20,-7,-19,-7,-19,-8,-18,-8,-5,-2,0,0,0,0,0,0,0,0,0,0,0,0,0,0,0,0,0,0,-5,-2,-19,-5,-19,-6,-20,-8,-20,-9,-20,-10,-20,-11,-20,-12,-20,-13,-20,-13,-20,-14,-20,-15,-20,-15,-19,-16,-19,-16,-19,-16,-20,-15,-20,-14,-19,-14,-20,-14,-20,-13,-21,-13,-21,-13,-21,-12,-22,-12,-24,-12,-24,-12,-15,-8,-46,-23,-44,-22,-43,-21,-43,-20,-42,-19,-41,-17,-41,-16,-41,-15,-41,-13,-42,-11,-43,-10,-43,-9,-44,-8,-44,-8,-44,-8,-44,-8,-44,-8,-44,-9,-44,-10,-42,-11,-41,-12,-39,-12,-38,-13,-37,-14,-35,-15,-34,-16,-31,-19,-29,-20,-5,-4,-2,-2,0,0,1,0,0,0,-2,0,-7,-1,-36,-5,-36,-8,-37,-11,-37,-13,-37,-16,-37,-19,-37,-21,-38,-23,-38,-25,-38,-27,-37,-28,-37,-29,-37,-30,-37,-30,-36,-31,-36,-31,-36,-31,-37,-30,-37,-29,-37,-28,-37,-27,-38,-26,-39,-25,-39,-24,-40,-23,-42,-23,-43,-24,-44,-24]"
CSI_DATA,61,5c:01:3b:6b:b0:95,-50,11,1,5,0,1,1,1,0,0,0,-97,1,11,0,11103285,0,86,1,256,1,"[86,-32,4,0,-16,-18,-16,-18,-16,-17,-16,-16,-16,-16,-16,-15,-16,-14,-16,-13,-17,-12,-17,-12,-17,-12,-18,-12,-18,-11,-18,-11,-18,-11,-18,-12,-18,-12,-18,-12,-17,-12,-16,-12,-15,-12,-14,-12,-14,-12,-13,-13,-13,-13,-4,-4,0,0,0,0,0,0,0,0,0,0,0,0,0,0,0,0,0,0,-4,-3,-14,-11,-14,-12,-14,-14,-14,-15,-13,-16,-13,-17,-13,-17,-13,-18,-12,-19,-12,-19,-12,-20,-11,-21,-11,-21,-10,-20,-11,-20,-11,-20,-11,-19,-11,-19,-12,-19,-12,-19,-13,-19,-13,-18,-14,-18,-15,-19,-15,-19,-16,-19,-8,-12,-26,-37,-26,-37,-25,-36,-25,-35,-25,-33,-25,-32,-25,-31,-26,-30,-27,-28,-29,-27,-30,-26,-31,-25,-32,-25,-32,-25,-32,-25,-32,-25,-32,-25,-31,-25,-31,-26,-29,-26,-28,-27,-26,-26,-25,-26,-24,-26,-22,-26,-21,-27,-15,-30,-14,-30,-3,-6,-1,-2,0,0,0,0,0,0,-2,-1,-5,-4,-24,-21,-23,-23,-25,-24,-24,-26,-23,-29,-22,-31,-21,-33,-20,-35,-19,-37,-18,-38,-17,-39,-17,-39,-17,-40,-17,-40,-17,-40,-16,-40,-16,-40,-16,-40,-17,-39,-17,-38,-17,-38,-18,-37,-19,-37,-21,-37,-22,-37,-24,-37,-25,-37,-26,-37]"
CSI_DATA,62,5c:01:3b:6b:b0:95,-50,11,1,6,0,1,1,1,0,0,0,-97,1,11,0,11160078,0,86,1,256,1,"[86,-32,4,0,8,22,9,21,9,20,10,20,10,19,10,18,11,18,11,17,11,16,12,16,12,16,12,16,13,16,13,16,14,16,13,16,13,16,12,16,12,16,11,16,10,16,9,16,8,16,7,16,7,16,1,4,0,0,0,0,0,0,0,0,0,0,0,0,0,0,0,0,0,0,2,3,9,15,9,16,8,17,8,18,7,19,6,20,6,21,5,21,5,22,4,22,3,23,3,23,3,23,3,23,3,22,3,22,4,22,4,21,5,21,6,22,6,22,7,22,7,22,7,22,8,23,8,23,4,13,15,43,14,42,14,42,15,40,15,39,16,38,17,37,18,35,19,34,20,33,21,33,22,32,23,33,24,33,24,32,24,32,24,32,23,32,23,32,21,32,19,32,18,32,16,32,15,32,13,31,11,31,8,32,5,32,0,5,0,1,-1,-1,-1,-1,-1,-1,1,1,3,4,18,28,18,29,17,30,15,32,14,34,12,36,11,38,10,40,8,41,7,42,6,43,5,43,4,44,4,44,3,44,3,43,3,43,4,44,4,43,5,42,6,42,7,42,8,42,9,42,11,42,12,43,13,44,14,44]"
CSI_DATA,63,5c:01:3b:6b:b0:95,-50,11,1,5,0,1,1,1,0,0,0,-97,1,11,0,11207225,0,86,1,256,1,"[86,-32,4,0,-7,-27,-7,-26,-7,-25,-8,-24,-8,-24,-9,-23,-9,-23,-10,-22,-10,-21,-11,-21,-12,-21,-13,-21,-13,-21,-13,-21,-13,-21,-13,-21,-12,-21,-11,-21,-11,-21,-10,-21,-9,-21,-8,-20,-8,-20,-7,-19,-6,-19,-2,-5,0,0,0,0,0,0,0,0,0,0,0,0,0,0,0,0,0,0,-3,-5,-8,-19,-8,-20,-7,-22,-6,-23,-5,-23,-4,-24,-3,-24,-2,-25,-2,-25,-1,-26,-1,-27,-1,-27,-1,-27,-1,-27,-1,-26,-1,-26,-2,-25,-2,-25,-2,-25,-3,-26,-4,-26,-4,-26,-5,-26,-6,-26,-6,-27,-6,-27,-1,-16,-3,-51,-3,-50,-3,-49,-4,-48,-4,-46,-5,-45,-6,-45,-8,-44,-10,-43,-12,-42,-14,-42,-15,-42,-16,-42,-16,-43,-17,-43,-16,-42,-16,-42,-15,-42,-14,-42,-13,-41,-11,-41,-10,-40,-9,-39,-8,-39,-6,-38,-4,-37,5,-37,7,-36,1,-7,0,-2,-1,0,0,1,0,0,-1,-2,-2,-7,-8,-37,-6,-38,-9,-39,-7,-40,-4,-42,-2,-43,0,-44,2,-46,3,-47,5,-47,6,-48,7,-48,7,-48,8,-49,8,-48,9,-48,9,-48,8,-48,7,-47,6,-47,6,-47,4,-47,3,-47,2,-48,0,-48,-1,-49,-2,-50,-2,-51]"
CSI_DATA,64,5c:01:3b:6b:b0:95,-50,11,1,5,0,1,1,1,0,0,0,-97,1,11,0,11259228,0,86,1,256,1,"[86,-32,4,0,18,9,18,8,18,8,17,7,17,7,17,6,17,5,17,4,17,3,17,3,17,2,17,2,17,2,18,2,18,2,18,2,18,2,18,2,17,3,17,3,16,4,15,4,15,5,14,5,14,5,3,1,0,0,0,0,0,0,0,0,0,0,0,0,0,0,0,0,0,0,3,0,15,3,15,5,15,6,15,7,15,8,16,8,16,9,16,10,15,11,15,11,16,12,16,12,15,12,14,12,14,12,15,12,15,11,15,10,15,11,15,10,16,10,16,10,17,9,17,10,18,9,19,9,10,6,34,19,33,19,33,18,32,17,32,16,32,15,31,14,32,13,32,11,32,9,33,8,33,7,33,6,34,6,34,6,34,7,34,7,34,7,34,8,33,9,31,10,30,10,29,10,28,11,26,12,25,13,23,17,22,17,3,3,1,0,-1,-1,-1,-1,-1,-1,1,0,4,1,27,6,27,8,28,9,28,11,28,14,28,16,28,18,28,20,28,22,28,23,28,24,27,25,27,25,28,25,27,25,27,25,26,25,27,25,27,24,27,24,27,23,28,22,29,22,30,21,31,20,32,20,33,20,34,19]"
CSI_DATA,65,5c:01:3b:6b:b0:95,-49,11,1,5,0,1,1,1,0,0,0,-97,1,11,0,11309544,0,86,1,256,1,"[86,-32,4,0,-16,19,-15,19,-14,18,-13,18,-12,18,-12,18,-11,18,-10,18,-10,18,-9,19,-8,19,-8,20,-8,20,-8,20,-9,20,-8,20,-9,20,-9,20,-9,19,-10,18,-10,17,-10,16,-10,16,-11,16,-11,15,-3,3,0,0,0,0,0,0,0,0,0,0,0,0,0,0,0,0,0,0,-3,3,-9,15,-10,16,-11,16,-12,16,-14,15,-15,15,-16,15,-17,15,-17,14,-17,15,-18,15,-19,15,-18,15,-18,15,-18,14,-19,14,-18,14,-17,15,-17,15,-16,15,-16,16,-16,16,-15,17,-15,18,-16,19,-17,20,-12,7,-38,27,-37,26,-36,26,-34,26,-33,26,-32,26,-31,27,-30,28,-28,28,-27,29,-25,31,-25,32,-25,32,-25,33,-25,33,-25,32,-25,32,-25,32,-26,30,-26,29,-27,28,-27,26,-26,25,-26,24,-27,22,-27,20,-34,11,-35,9,-7,1,-2,0,0,-1,0,-1,0,-1,-2,1,-5,4,-24,24,-25,22,-23,25,-26,24,-28,23,-31,22,-33,22,-34,21,-36,20,-37,19,-38,18,-38,18,-38,18,-39,18,-39,18,-40,17,-40,17,-40,17,-39,18,-38,18,-38,19,-37,20,-37,21,-37,23,-36,24,-36,25,-37,26,-37,27]"
CSI_DATA,66,5c:01:3b:6b:b0:95,-48,11,1,4,0,1,1,1,0,0,0,-97,1,11,0,11371371,0,86,1,256,1,"[86,-32,4,0,22,-7,22,-8,21,-8,21,-8,20,-8,19,-8,19,-9,18,-10,18,-11,17,-12,17,-12,17,-12,17,-13,17,-13,18,-13,18,-13,18,-12,18,-12,18,-11,18,-10,17,-9,17,-8,17,-8,17,-7,17,-7,4,-2,0,0,0,0,0,0,0,0,0,0,0,0,0,0,0,0,0,0,4,-3,16,-9,17,-8,18,-7,18,-7,19,-6,21,-6,21,-5,22,-4,22,-3,22,-3,23,-3,23,-3,22,-2,22,-2,22,-2,22,-2,22,-3,22,-3,21,-4,21,-4,22,-4,22,-5,22,-6,22,-6,23,-7,24,-7,13,-2,45,-7,44,-7,43,-7,42,-8,41,-9,41,-10,39,-10,38,-11,37,-13,36,-15,36,-17,35,-19,35,-19,36,-20,36,-19,36,-19,36,-18,36,-17,36,-16,36,-15,36,-13,35,-13,34,-12,33,-11,33,-10,33,-8,34,-1,33,1,5,0,1,0,-1,-1,-2,0,-1,0,1,-1,5,-3,30,-14,31,-12,32,-12,34,-10,36,-8,37,-7,39,-5,40,-3,41,-1,41,1,42,2,42,2,43,2,44,2,43,2,43,2,43,3,42,3,42,2,41,2,42,0,42,-1,42,-2,43,-3,43,-5,43,-6,44,-7,46,-8]"
CSI_DATA,67,5c:01:3b:6b:b0:95,-48,11,1,4,0,1,1,1,0,0,0,-97,1,11,0,11415453,0,86,1,256,1,"[86,-32,4,0,7,12,7,11,7,11,7,10,7,10,7,10,7,9,8,9,8,8,8,8,9,8,9,8,9,8,9,8,10,8,9,8,9,8,9,8,8,8,8,8,7,8,7,8,7,8,6,8,6,8,1,2,0,0,0,0,0,0,0,0,0,0,0,0,0,0,0,0,0,0,1,1,6,7,6,8,6,9,5,10,5,10,5,11,5,11,4,11,4,12,4,12,4,13,3,13,3,13,3,13,3,12,3,12,4,12,4,11,4,12,5,12,5,12,5,12,6,12,6,12,6,12,7,12,4,14,18,48,18,48,18,47,18,45,20,43,21,43,21,41,22,39,23,38,25,37,27,37,28,36,29,36,29,36,29,36,30,37,29,37,28,36,27,36,26,36,24,36,22,35,21,35,20,35,18,34,16,35,5,39,3,39,0,6,-1,1,-1,-1,-1,-1,-1,-1,1,1,3,5,20,32,18,34,20,34,18,36,16,39,15,41,13,43,12,44,11,46,9,47,8,48,7,49,7,50,7,50,6,50,6,50,5,49,5,49,6,48,7,47,9,47,11,47,12,47,14,47,15,47,16,48,18,49,19,50]"
CSI_DATA,68,5c:01:3b:6b:b0:95,-50,11,1,5,0,1,1,1,0,0,0,-97,1,11,0,11467329,0,86,1,256,1,"[86,-32,4,0,-1,-24,-2,-24,-2,-23,-2,-23,-3,-23,-3,-22,-4,-21,-4,-21,-5,-20,-6,-21,-7,-20,-7,-20,-7,-20,-7,-20,-7,-20,-7,-21,-7,-21,-6,-21,-5,-20,-4,-20,-4,-20,-3,-19,-3,-19,-2,-18,-1,-18,-1,-5,0,0,0,0,0,0,0,0,0,0,0,0,0,0,0,0,0,0,-1,-5,-4,-18,-4,-19,-3,-20,-2,-20,-1,-21,0,-21,1,-22,2,-22,3,-22,3,-22,4,-23,4,-23,4,-23,4,-23,4,-23,4,-22,3,-22,3,-22,2,-22,2,-23,1,-23,1,-23,0,-23,0,-24,0,-24,0,-25,1,-14,3,-45,3,-45,3,-44,2,-43,2,-42,1,-42,-1,-41,-2,-40,-4,-39,-5,-39,-7,-40,-9,-40,-9,-40,-9,-40,-9,-40,-9,-40,-8,-40,-8,-40,-7,-40,-6,-39,-5,-39,-4,-37,-3,-36,-2,-35,0,-34,1,-33,7,-32,9,-31,1,-6,0,-2,-1,0,0,0,0,0,-1,-2,-1,-6,-5,-33,-4,-33,-4,-34,-2,-35,0,-37,2,-38,4,-39,6,-40,8,-41,9,-41,10,-41,11,-41,12,-42,12,-42,13,-42,13,-42,13,-42,12,-42,11,-41,11,-41,10,-41,9,-41,8,-42,7,-43,6,-43,5,-44,4,-45,4,-46]"
CSI_DATA,69,5c:01:3b:6b:b0:95,-49,11,1,5,0,1,1,1,0,0,0,-97,1,11,0,11517568,0,86,1,256,1,"[86,-32,4,0,-20,1,-19,1,-19,1,-18,1,-18,2,-18,2,-17,3,-17,4,-17,4,-17,5,-16,5,-16,5,-16,6,-16,6,-17,6,-17,6,-17,6,-17,6,-17,5,-16,4,-16,4,-15,3,-15,2,-15,2,-15,1,-4,0,0,0,0,0,0,0,0,0,0,0,0,0,0,0,0,0,0,0,-4,0,-15,2,-15,1,-16,0,-16,0,-17,-1,-18,-1,-18,-2,-18,-2,-18,-3,-18,-4,-19,-4,-19,-5,-18,-5,-18,-5,-18,-5,-18,-4,-18,-4,-18,-3,-18,-3,-18,-2,-18,-2,-18,-1,-18,-1,-19,-1,-20,-1,-21,0,-12,0,-37,1,-37,1,-37,1,-36,2,-35,3,-34,4,-34,5,-33,6,-33,7,-33,8,-32,9,-32,10,-31,11,-31,12,-31,12,-32,12,-32,12,-32,11,-32,11,-32,9,-32,8,-31,7,-30,6,-29,5,-29,4,-28,3,-27,1,-27,0,-5,-1,-2,-1,0,-1,0,-1,0,-1,-2,0,-5,1,-26,8,-27,6,-28,4,-29,2,-30,1,-31,0,-32,-1,-33,-3,-34,-4,-35,-6,-35,-8,-35,-9,-35,-9,-35,-9,-35,-9,-35,-9,-34,-9,-34,-8,-35,-7,-34,-6,-35,-5,-35,-4,-35,-3,-36,-2,-36,-2,-36,-1,-37,-1,-37,-1]"
CSI_DATA,70,5c:01:3b:6b:b0:95,-50,11,1,5,0,1,1,1,0,0,0,-97,1,11,0,11569800,0,86,1,256,1,"[86,-32,4,0,-17,-18,-17,-17,-17,-16,-17,-16,-17,-15,-17,-14,-17,-13,-17,-12,-18,-11,-18,-11,-18,-11,-19,-11,-19,-10,-19,-10,-19,-10,-19,-10,-19,-10,-19,-10,-18,-11,-17,-11,-17,-11,-16,-11,-15,-12,-14,-12,-14,-12,-4,-3,0,0,0,0,0,0,0,0,0,0,0,0,0,0,0,0,0,0,-4,-3,-14,-12,-14,-13,-14,-14,-14,-15,-14,-16,-13,-17,-13,-17,-13,-18,-12,-19,-12,-20,-12,-20,-11,-21,-11,-21,-11,-21,-11,-20,-12,-20,-12,-19,-12,-19,-13,-19,-13,-19,-14,-18,-14,-18,-15,-18,-15,-18,-16,-19,-17,-18,-9,-11,-30,-35,-29,-35,-29,-34,-28,-33,-28,-32,-28,-30,-29,-29,-29,-28,-30,-26,-32,-25,-33,-24,-33,-23,-34,-22,-34,-22,-35,-22,-35,-22,-35,-22,-34,-22,-33,-23,-32,-23,-30,-24,-29,-24,-28,-24,-26,-24,-25,-25,-23,-25,-18,-28,-17,-28,-3,-6,-1,-2,0,0,0,0,0,0,-2,-1,-5,-4,-26,-21,-25,-23,-26,-24,-25,-26,-24,-28,-23,-30,-23,-32,-22,-34,-22,-36,-21,-37,-20,-38,-19,-39,-19,-40,-18,-40,-18,-40,-18,-40,-18,-39,-19,-39,-20,-38,-20,-37,-21,-37,-21,-36,-22,-36,-24,-36,-25,-36,-26,-36,-27,-36,-27,-36]"
CSI_DATA,71,5c:01:3b:6b:b0:95,-49,11,1,5,0,1,1,1,0,0,0,-97,1,11,0,11623895,0,86,1,256,1,"[86,-32,4,0,-4,-24,-4,-24,-5,-23,-5,-22,-6,-22,-6,-22,-6,-21,-7,-20,-7,-20,-8,-20,-9,-20,-9,-20,-10,-20,-10,-20,-10,-20,-10,-21,-9,-20,-9,-20,-8,-20,-7,-20,-6,-20,-6,-19,-5,-19,-4,-19,-4,-18,-1,-5,0,0,0,0,0,0,0,0,0,0,0,0,0,0,0,0,0,0,-2,-5,-6,-18,-5,-18,-4,-19,-4,-20,-3,-21,-2,-22,-1,-22,0,-22,1,-22,1,-23,2,-23,2,-24,2,-24,2,-23,2,-23,1,-23,1,-22,0,-22,0,-23,-1,-23,-2,-23,-2,-23,-2,-23,-3,-24,-3,-25,-3,-25,-4,-14,-12,-43,-12,-43,-12,-43,-13,-42,-13,-41,-14,-40,-14,-39,-16,-37,-17,-36,-18,-35,-20,-35,-21,-34,-22,-35,-23,-35,-23,-34,-23,-34,-22,-34,-21,-34,-20,-34,-19,-34,-18,-35,-16,-34,-15,-33,-14,-33,-12,-32,-11,-32,-12,-30,-10,-31,-2,-6,-1,-2,0,0,0,0,0,0,-2,-2,-4,-5,-21,-26,-20,-27,-15,-31,-13,-33,-12,-35,-10,-37,-9,-38,-8,-40,-6,-41,-5,-42,-4,-42,-2,-42,-1,-43,-1,-44,0,-44,0,-44,-1,-43,-2,-43,-3,-42,-4,-42,-5,-42,-5,-42,-6,-42,-7,-43,-8,-43,-10,-43,-10,-44,-11,-44]"
CSI_DATA,72,5c:01:3b:6b:b0:95,-50,11,1,6,0,1,1,1,0,0,0,-97,1,11,0,11673643,0,86,1,256,1,"[86,-32,4,0,-18,17,-17,17,-16,17,-15,17,-14,17,-14,16,-13,16,-13,17,-12,18,-11,19,-10,19,-10,20,-10,20,-10,19,-11,20,-11,20,-11,20,-11,19,-11,18,-12,18,-12,16,-12,16,-12,16,-12,15,-13,14,-4,3,0,0,0,0,0,0,0,0,0,0,0,0,0,0,0,0,0,0,-3,3,-12,15,-13,15,-14,14,-16,14,-17,14,-18,14,-19,13,-20,13,-20,12,-21,13,-21,13,-21,13,-21,13,-20,13,-20,12,-21,12,-21,12,-20,13,-19,13,-19,13,-18,13,-18,14,-18,15,-18,16,-19,17,-19,18,-13,7,-40,25,-39,25,-38,25,-38,25,-36,25,-34,25,-33,25,-32,26,-31,27,-29,28,-28,30,-27,31,-27,32,-27,32,-27,32,-27,32,-27,31,-27,31,-28,30,-28,29,-29,27,-28,26,-28,24,-28,24,-28,22,-29,20,-35,12,-35,10,-7,1,-2,0,0,-1,0,-1,0,-1,-2,1,-5,4,-27,23,-28,21,-27,23,-30,22,-32,21,-35,20,-37,20,-38,18,-40,17,-41,15,-41,14,-42,14,-43,15,-43,15,-43,15,-43,14,-43,14,-43,14,-42,14,-41,15,-41,16,-40,17,-40,18,-40,19,-39,21,-39,23,-40,25,-40,25]"
CSI_DATA,73,5c:01:3b:6b:b0:95,-50,11,1,6,0,1,1,1,0,0,0,-97,1,11,0,11729061,0,86,1,256,1,"[86,-32,4,0,24,-3,24,-3,23,-4,22,-4,22,-5,21,-5,20,-6,19,-7,19,-8,20,-8,20,-9,20,-9,20,-9,20,-10,20,-10,20,-9,20,-9,19,-9,19,-8,19,-7,19,-6,18,-5,19,-5,18,-4,18,-3,4,-1,0,0,0,0,0,0,0,0,0,0,0,0,0,0,0,0,0,0,4,-2,17,-6,18,-5,19,-4,20,-3,21,-2,21,-1,21,-1,22,0,22,1,22,1,22,2,23,3,23,3,23,3,23,3,22,2,22,1,22,1,22,1,22,0,23,0,23,-1,22,-1,23,-2,25,-2,25,-3,13,1,45,3,44,2,44,2,43,1,41,0,40,0,39,-2,39,-3,39,-5,38,-7,38,-9,38,-10,39,-11,39,-11,39,-11,39,-11,39,-10,39,-10,39,-9,39,-8,38,-6,37,-5,36,-4,35,-3,34,-2,34,0,32,7,32,8,5,1,1,0,-1,-1,-2,0,-1,-1,1,-1,5,-2,32,-6,33,-4,34,-5,35,-3,36,0,37,2,39,4,40,6,41,8,41,10,41,11,41,12,42,11,42,11,41,12,41,12,40,12,41,12,40,12,40,11,41,10,41,9,41,8,42,7,42,5,43,4,45,3,46,3]"
CSI_DATA,74,5c:01:3b:6b:b0:95,-50,11,1,5,0,1,1,1,0,0,0,-97,1,11,0,11785497,0,86,1,256,1,"[86,-32,4,0,14,-18,14,-18,13,-18,12,-18,12,-18,11,-18,10,-18,10,-18,9,-19,8,-19,7,-19,7,-19,7,-19,7,-19,8,-20,8,-20,8,-20,8,-19,8,-19,9,-18,9,-17,9,-16,9,-15,10,-15,10,-14,2,-4,0,0,0,0,0,0,0,0,0,0,0,0,0,0,0,0,0,0,2,-4,9,-15,10,-15,10,-16,11,-15,13,-15,14,-15,15,-15,16,-15,17,-14,17,-14,18,-14,18,-14,17,-14,17,-14,17,-13,17,-13,17,-14,16,-14,16,-15,15,-15,15,-15,15,-16,15,-16,15,-17,15,-18,16,-18,9,-9,32,-30,31,-30,31,-30,29,-29,28,-29,27,-30,25,-30,24,-31,22,-31,21,-32,20,-33,19,-34,19,-34,19,-35,19,-35,19,-35,19,-35,19,-34,20,-34,20,-32,21,-31,21,-30,21,-28,21,-27,22,-25,22,-23,27,-18,28,-16,5,-3,1,-1,-1,0,-1,0,-1,0,0,-2,2,-6,17,-28,18,-27,19,-27,22,-27,24,-26,26,-26,28,-25,30,-25,32,-24,33,-24,34,-23,34,-22,35,-22,36,-22,36,-22,36,-21,36,-21,35,-22,35,-22,34,-22,33,-23,33,-24,33,-25,33,-27,32,-28,32,-29,32,-30,32,-30]"
CSI_DATA,75,5c:01:3b:6b:b0:95,-50,11,1,5,0,1,1,1,0,0,0,-97,1,11,0,11832432,0,86,1,256,1,"[86,-32,4,0,14,18,14,17,14,16,14,15,14,15,14,14,15,14,15,12,15,12,16,11,16,11,16,11,17,11,17,10,17,11,17,11,17,11,16,11,15,11,15,12,14,12,13,12,13,12,12,12,11,12,2,3,0,0,0,0,0,0,0,0,0,0,0,0,0,0,0,0,0,0,3,2,13,11,13,12,12,13,12,14,12,15,11,16,11,17,10,18,10,18,9,19,9,19,9,20,9,20,9,20,9,19,9,19,9,18,10,18,10,18,11,18,11,18,12,18,12,18,13,18,14,18,14,18,7,11,26,36,25,35,24,34,24,33,25,31,25,30,25,29,26,27,27,26,28,25,29,24,30,23,31,22,31,23,31,23,32,23,31,23,31,23,30,23,29,24,28,24,26,24,24,24,23,24,22,24,20,24,16,28,14,28,2,5,0,1,-1,-1,-1,-1,-1,-1,1,0,4,3,24,20,23,22,23,23,22,25,21,27,20,29,20,31,19,34,18,35,18,37,17,37,16,38,16,38,15,39,15,38,15,38,14,38,15,38,15,38,16,37,17,36,18,36,19,36,20,36,21,35,23,35,24,35,25,36]"
CSI_DATA,76,5c:01:3b:6b:b0:95,-50,11,1,6,0,1,1,1,0,0,0,-97,1,11,0,11882676,0,86,1,256,1,"[86,-32,4,0,-8,24,-7,24,-6,23,-5,22,-4,22,-4,22,-3,22,-3,22,-2,22,-2,22,-1,22,-1,22,0,22,0,22,0,22,0,23,-1,23,-1,22,-1,22,-2,21,-3,21,-4,20,-5,19,-5,18,-6,18,-2,4,0,0,0,0,0,0,0,0,0,0,0,0,0,0,0,0,0,0,-1,4,-3,19,-4,19,-5,20,-5,20,-6,20,-8,21,-9,21,-10,21,-11,21,-12,21,-13,21,-13,21,-13,21,-13,21,-12,20,-12,20,-11,20,-11,20,-10,21,-9,22,-8,22,-8,23,-8,23,-8,23,-9,24,-9,25,-7,12,-19,43,-19,43,-18,42,-18,41,-16,40,-15,40,-13,40,-12,39,-10,39,-8,39,-7,40,-6,40,-6,41,-5,41,-5,41,-5,41,-5,41,-6,41,-7,40,-8,39,-9,38,-10,37,-11,36,-12,35,-13,33,-14,32,-19,28,-20,26,-4,4,-2,1,0,-1,0,-2,0,-1,-1,1,-1,6,-7,35,-8,34,-9,35,-11,35,-14,36,-16,36,-18,36,-20,37,-22,37,-24,37,-25,36,-26,36,-27,37,-28,36,-28,36,-28,35,-28,35,-27,36,-26,36,-25,36,-24,36,-24,37,-23,38,-22,39,-21,40,-20,41,-20,42,-20,43]"
CSI_DATA,77,5c:01:3b:6b:b0:95,-50,11,1,6,0,1,1,1,0,0,0,-97,1,11,0,11934920,0,86,1,256,1,"[86,-32,4,0,-14,1,-14,1,-13,1,-13,1,-13,2,-12,2,-12,2,-12,3,-12,3,-12,3,-11,4,-11,4,-12,4,-12,4,-12,5,-12,4,-12,4,-12,4,-12,4,-12,3,-11,2,-11,2,-11,2,-11,2,-11,1,-3,0,0,0,0,0,0,0,0,0,0,0,0,0,0,0,0,0,0,0,-3,0,-11,2,-11,1,-12,1,-12,0,-12,0,-13,-1,-13,-1,-13,-1,-13,-2,-13,-2,-14,-3,-14,-3,-13,-3,-13,-3,-13,-3,-14,-3,-13,-2,-13,-2,-13,-2,-13,-1,-13,-1,-13,-1,-13,-1,-14,0,-14,0,-14,0,-17,0,-53,1,-52,1,-51,2,-50,3,-49,4,-48,5,-47,6,-46,7,-45,9,-45,11,-44,13,-44,14,-45,15,-45,16,-45,16,-44,16,-44,15,-44,15,-45,14,-44,12,-43,10,-42,9,-41,8,-41,7,-40,5,-40,4,-39,-2,-38,-4,-7,-1,-3,-1,0,-1,1,-1,0,-1,-2,0,-7,2,-35,13,-36,10,-40,7,-41,5,-43,2,-45,0,-46,-2,-47,-4,-48,-6,-49,-7,-49,-9,-49,-10,-50,-10,-50,-10,-50,-11,-50,-11,-50,-11,-50,-12,-49,-10,-49,-9,-49,-8,-49,-6,-50,-5,-50,-3,-50,-2,-51,-1,-52,0,-53,0]"
CSI_DATA,78,5c:01:3b:6b:b0:95,-50,11,1,6,0,1,1,1,0,0,0,-97,1,11,0,11986647,0,86,1,256,1,"[86,-32,4,0,18,-18,17,-18,17,-18,16,-18,15,-18,14,-18,13,-19,13,-19,12,-19,11,-20,11,-20,10,-21,10,-21,10,-21,11,-21,11,-21,11,-21,12,-20,12,-19,12,-19,12,-18,12,-17,12,-16,13,-15,13,-14,3,-4,0,0,0,0,0,0,0,0,0,0,0,0,0,0,0,0,0,0,3,-4,12,-16,13,-16,14,-16,15,-15,16,-15,18,-15,19,-15,20,-14,20,-13,20,-13,21,-13,21,-13,21,-13,21,-12,20,-12,20,-12,20,-13,19,-13,19,-14,19,-14,18,-15,18,-15,18,-16,18,-16,19,-18,20,-18,11,-10,37,-30,37,-30,36,-29,35,-29,34,-30,33,-31,31,-32,30,-32,28,-33,26,-34,25,-35,24,-36,24,-37,24,-37,24,-36,24,-36,24,-36,25,-36,26,-35,26,-34,26,-32,25,-31,26,-29,26,-28,26,-26,27,-24,30,-17,31,-15,5,-3,1,-1,-1,0,-1,0,-1,0,0,-2,3,-6,20,-30,22,-28,25,-28,27,-27,30,-26,32,-25,34,-24,36,-24,38,-23,38,-22,39,-21,40,-20,41,-20,42,-20,41,-20,42,-19,41,-19,41,-19,40,-19,40,-20,40,-22,39,-23,38,-25,38,-26,37,-27,37,-28,38,-30,39,-31]"
CSI_DATA,79,5c:01:3b:6b:b0:95,-50,11,1,5,0,1,1,1,0,0,0,-97,1,11,0,12045020,0,86,1,256,1,"[86,-32,4,0,-6,-24,-6,-23,-7,-22,-7,-21,-8,-21,-8,-21,-9,-20,-9,-19,-9,-18,-10,-18,-11,-18,-11,-18,-11,-19,-12,-18,-12,-18,-11,-19,-11,-19,-10,-19,-10,-18,-9,-18,-8,-18,-7,-18,-7,-18,-6,-17,-5,-17,-2,-5,0,0,0,0,0,0,0,0,0,0,0,0,0,0,0,0,0,0,-2,-4,-8,-16,-8,-17,-7,-19,-6,-20,-5,-20,-5,-21,-4,-21,-3,-21,-2,-22,-2,-22,-2,-23,-1,-23,-1,-23,-1,-23,-1,-23,-2,-23,-2,-22,-2,-22,-3,-22,-3,-22,-4,-22,-4,-22,-5,-22,-5,-23,-6,-24,-6,-24,-4,-14,-12,-44,-11,-44,-11,-43,-11,-42,-12,-41,-13,-40,-13,-39,-15,-38,-16,-36,-17,-36,-19,-36,-20,-35,-20,-35,-21,-36,-21,-35,-21,-35,-21,-35,-20,-35,-20,-35,-18,-35,-17,-35,-15,-35,-14,-34,-12,-34,-11,-33,-9,-32,-6,-33,-4,-32,-1,-6,0,-2,0,0,0,0,0,0,-2,-2,-4,-5,-18,-28,-17,-29,-15,-31,-13,-33,-11,-35,-10,-37,-9,-38,-7,-40,-6,-41,-5,-42,-3,-43,-2,-43,-2,-44,-1,-44,-1,-43,-1,-43,-1,-43,-1,-43,-2,-43,-3,-42,-4,-42,-5,-42,-6,-42,-7,-43,-8,-43,-9,-43,-10,-44,-11,-45]"
CSI_DATA,80,5c:01:3b:6b:b0:95,-51,11,1,6,0,1,1,1,0,0,0,-97,1,11,0,12090714,0,86,1,256,1,"[86,-32,4,0,-19,10,-19,10,-18,10,-17,10,-17,10,-16,10,-15,10,-15,11,-15,12,-14,12,-13,13,-13,13,-13,13,-13,13,-14,14,-14,14,-14,13,-14,13,-14,12,-14,11,-14,10,-14,10,-14,9,-14,9,-14,8,-4,2,0,0,0,0,0,0,0,0,0,0,0,0,0,0,0,0,0,0,-4,2,-13,10,-14,10,-15,9,-16,9,-17,8,-18,8,-19,7,-19,7,-19,6,-20,6,-20,6,-20,6,-20,6,-19,6,-19,5,-20,5,-20,6,-19,6,-19,6,-19,7,-19,7,-19,8,-18,8,-18,9,-19,10,-19,10,-12,5,-37,18,-37,18,-36,18,-35,18,-34,18,-33,19,-31,19,-30,20,-29,20,-28,22,-27,23,-26,24,-27,25,-27,25,-26,25,-26,25,-27,25,-27,24,-28,23,-28,22,-28,20,-27,19,-27,18,-27,17,-27,16,-27,14,-28,11,-29,10,-6,1,-2,0,0,-1,0,-1,0,-1,-1,1,-4,3,-20,21,-22,20,-25,18,-27,17,-29,16,-31,15,-33,14,-34,13,-36,12,-36,11,-37,10,-37,9,-38,10,-38,10,-38,9,-38,9,-38,9,-38,9,-38,9,-37,10,-37,11,-37,12,-36,13,-36,14,-36,15,-36,17,-37,18,-37,18]"
CSI_DATA,81,5c:01:3b:6b:b0:95,-51,11,1,6,0,1,1,1,0,0,0,-97,1,11,0,12142608,0,86,1,256,1,"[86,-32,4,0,-3,23,-2,23,-2,22,-1,22,0,22,0,21,1,21,1,20,2,20,2,20,3,20,3,20,4,20,4,20,4,21,4,21,3,21,3,20,2,20,1,20,1,19,0,19,-1,18,-1,17,-2,17,-1,4,0,0,0,0,0,0,0,0,0,0,0,0,0,0,0,0,0,0,0,4,1,18,1,18,0,19,-1,20,-2,20,-3,21,-4,21,-5,21,-6,21,-7,22,-8,22,-8,22,-8,22,-7,21,-7,21,-7,21,-7,21,-6,21,-6,21,-5,22,-4,22,-4,22,-4,22,-4,23,-3,24,-3,24,-1,13,-3,45,-3,45,-2,44,-1,43,0,42,1,41,1,40,3,40,4,39,6,38,7,38,8,38,9,38,10,39,10,39,10,39,9,39,9,39,8,39,6,38,5,37,4,36,2,36,1,35,0,34,-2,33,-2,33,-4,32,-1,5,-1,1,-1,-1,-1,-1,-1,-1,0,1,2,5,12,31,10,32,5,34,3,35,1,37,-1,38,-3,39,-5,40,-6,41,-8,42,-9,42,-10,42,-11,42,-12,42,-12,42,-12,41,-12,41,-12,42,-11,41,-10,41,-9,41,-8,42,-8,42,-7,42,-6,43,-4,44,-4,45,-3,46]"
CSI_DATA,82,5c:01:3b:6b:b0:95,-50,11,1,5,0,1,1,1,0,0,0,-97,1,11,0,12196561,0,86,1,256,1,"[86,-32,4,0,18,12,18,12,18,11,18,10,18,10,18,9,18,8,18,7,18,6,19,5,19,5,19,5,19,5,19,5,20,5,20,5,19,5,19,5,19,6,18,6,17,7,17,7,16,7,16,7,15,7,3,2,0,0,0,0,0,0,0,0,0,0,0,0,0,0,0,0,0,0,3,1,15,7,15,8,15,9,15,10,15,11,15,12,15,13,15,14,15,14,15,15,15,15,15,16,14,16,14,16,14,15,14,15,14,15,14,14,15,14,15,14,16,14,16,13,17,13,17,13,18,13,19,12,9,9,30,29,30,29,30,28,29,27,29,25,29,24,30,23,30,22,31,20,31,18,33,17,33,16,34,16,34,16,35,16,34,17,34,17,34,16,34,17,32,18,31,18,29,18,28,19,27,19,25,19,24,20,18,27,16,27,2,4,0,1,-1,-1,-1,-1,-1,-1,1,0,4,2,25,16,25,18,26,17,25,20,25,22,24,24,24,26,23,28,23,30,23,31,22,33,22,33,22,33,22,34,21,34,21,34,21,33,21,33,21,33,22,32,22,31,23,31,24,30,26,30,27,29,28,29,30,29,31,29]"
CSI_DATA,83,5c:01:3b:6b:b0:95,-50,11,1,6,0,1,1,1,0,0,0,-97,1,11,0,12246864,0,86,1,256,1,"[86,-32,4,0,-10,10,-9,10,-9,10,-8,9,-8,9,-8,9,-7,9,-7,10,-7,10,-7,10,-6,10,-6,10,-6,11,-6,11,-6,11,-6,11,-6,11,-6,11,-7,10,-7,10,-7,9,-7,9,-7,8,-7,8,-7,8,-2,2,0,0,0,0,0,0,0,0,0,0,0,0,0,0,0,0,0,0,-2,2,-6,8,-7,8,-7,8,-8,8,-9,8,-9,8,-10,8,-10,7,-11,7,-11,7,-11,7,-12,7,-11,6,-11,7,-11,7,-11,7,-11,7,-10,7,-10,7,-10,8,-10,8,-10,8,-10,8,-10,9,-10,9,-11,9,-13,10,-39,33,-39,33,-39,33,-38,33,-36,33,-35,33,-33,33,-32,34,-30,35,-28,36,-27,37,-26,38,-26,39,-26,40,-26,40,-26,40,-26,40,-27,39,-28,38,-28,36,-29,34,-29,32,-29,31,-29,30,-30,28,-30,26,-34,21,-35,19,-7,3,-3,0,0,-1,0,-1,0,-1,-2,1,-4,5,-23,30,-24,29,-26,29,-28,28,-31,27,-33,26,-36,26,-38,25,-40,24,-41,23,-42,22,-42,22,-44,22,-44,22,-44,22,-44,21,-45,21,-44,21,-43,21,-42,22,-42,23,-41,24,-41,25,-41,27,-40,29,-40,31,-40,32,-40,33]"
CSI_DATA,84,5c:01:3b:6b:b0:95,-49,11,1,6,0,1,1,1,0,0,0,-97,1,11,0,12298522,0,86,1,256,1,"[86,-32,4,0,-11,-26,-12,-25,-12,-24,-12,-23,-13,-22,-14,-22,-14,-21,-14,-20,-15,-20,-15,-20,-15,-19,-15,-19,-16,-19,-17,-19,-17,-19,-17,-20,-16,-20,-16,-20,-16,-20,-15,-20,-14,-20,-12,-20,-11,-20,-9,-19,-9,-19,-2,-5,0,0,0,0,0,0,0,0,0,0,0,0,0,0,0,0,0,0,-3,-5,-11,-17,-10,-18,-10,-19,-9,-21,-9,-21,-8,-22,-8,-23,-7,-23,-6,-24,-5,-25,-4,-25,-4,-25,-3,-25,-3,-25,-4,-25,-5,-25,-6,-24,-6,-24,-7,-24,-8,-25,-9,-25,-9,-25,-9,-25,-9,-25,-9,-26,-10,-26,-8,-14,-26,-46,-25,-46,-25,-45,-26,-44,-26,-43,-27,-41,-28,-40,-29,-38,-29,-37,-30,-35,-31,-34,-32,-33,-33,-33,-34,-34,-35,-34,-35,-34,-35,-35,-34,-35,-34,-35,-32,-36,-30,-36,-28,-36,-26,-35,-24,-35,-21,-35,-20,-35,-20,-34,-18,-35,-3,-7,-1,-3,0,0,0,0,0,0,-2,-2,-5,-4,-26,-24,-26,-25,-22,-30,-22,-33,-21,-35,-20,-37,-19,-40,-18,-42,-17,-43,-16,-45,-15,-46,-13,-46,-12,-46,-11,-46,-10,-46,-10,-46,-11,-46,-13,-47,-14,-46,-15,-45,-16,-46,-18,-45,-18,-45,-19,-45,-20,-45,-21,-45,-22,-45,-22,-45]"
CSI_DATA,85,5c:01:3b:6b:b0:95,-50,11,1,6,0,1,1,1,0,0,0,-97,1,11,0,12350847,0,86,1,256,1,"[86,-32,4,0,-24,4,-23,4,-23,4,-22,5,-21,5,-21,5,-20,6,-20,7,-20,7,-20,8,-19,8,-19,9,-19,9,-19,9,-20,10,-20,10,-20,9,-20,9,-20,8,-20,7,-19,6,-19,5,-18,5,-18,4,-18,4,-5,0,0,0,0,0,0,0,0,0,0,0,0,0,0,0,0,0,0,0,-4,1,-17,6,-17,5,-18,4,-19,3,-20,3,-21,2,-22,1,-22,1,-22,0,-22,-1,-23,-1,-23,-1,-22,-1,-22,-1,-22,-1,-22,-1,-22,-1,-22,0,-22,0,-22,1,-22,1,-22,2,-22,2,-23,3,-24,3,-24,4,-15,0,-46,4,-45,4,-45,4,-44,4,-43,5,-42,6,-41,7,-40,8,-39,9,-39,11,-39,12,-39,13,-39,14,-39,14,-39,15,-39,15,-39,14,-39,13,-39,12,-39,11,-38,9,-37,8,-36,7,-36,6,-35,5,-35,3,-35,-2,-34,-4,-6,-1,-2,-1,0,-1,0,-1,0,-1,-2,0,-6,2,-30,10,-31,8,-32,8,-34,6,-35,4,-36,2,-38,1,-39,-1,-40,-2,-40,-4,-41,-5,-41,-6,-42,-6,-42,-7,-42,-7,-42,-7,-42,-7,-42,-7,-42,-6,-42,-5,-42,-4,-42,-3,-43,-2,-43,0,-43,1,-44,2,-45,3,-46,3]"
CSI_DATA,86,5c:01:3b:6b:b0:95,-49,11,1,6,0,1,1,1,0,0,0,-97,1,11,0,12402666,0,86,1,256,1,"[86,-32,4,0,-14,-22,-14,-22,-15,-21,-15,-20,-15,-19,-15,-19,-15,-18,-16,-17,-17,-16,-18,-16,-18,-15,-19,-15,-18,-15,-18,-15,-19,-15,-19,-15,-18,-15,-18,-16,-17,-16,-16,-16,-15,-16,-14,-16,-14,-16,-13,-16,-13,-16,-3,-4,0,0,0,0,0,0,0,0,0,0,0,0,0,0,0,0,0,0,-3,-4,-12,-14,-12,-15,-11,-16,-11,-18,-11,-19,-10,-20,-10,-20,-9,-21,-8,-21,-9,-22,-9,-22,-9,-23,-8,-23,-8,-23,-8,-22,-8,-22,-9,-22,-10,-21,-10,-22,-11,-22,-11,-22,-12,-22,-12,-21,-14,-22,-15,-23,-15,-23,-8,-14,-24,-43,-23,-43,-23,-42,-23,-41,-23,-39,-23,-38,-24,-37,-25,-36,-26,-34,-28,-33,-30,-32,-31,-31,-32,-31,-31,-31,-31,-30,-31,-31,-31,-31,-31,-31,-30,-32,-28,-32,-26,-32,-25,-31,-24,-31,-23,-31,-21,-31,-19,-31,-13,-32,-11,-32,-2,-6,-1,-2,0,0,0,0,0,0,-2,-2,-4,-5,-21,-25,-20,-26,-20,-28,-19,-30,-18,-32,-17,-34,-16,-36,-15,-38,-14,-40,-13,-41,-13,-42,-12,-42,-12,-43,-12,-43,-11,-43,-11,-43,-11,-43,-11,-44,-12,-43,-13,-42,-14,-42,-15,-42,-16,-42,-17,-42,-19,-42,-21,-43,-22,-43,-23,-44]"
CSI_DATA,87,5c:01:3b:6b:b0:95,-49,11,1,6,0,1,1,1,0,0,0,-97,1,11,0,12454529,0,86,1,256,1,"[86,-32,4,0,-24,-11,-24,-11,-24,-10,-23,-9,-23,-9,-22,-8,-22,-7,-22,-6,-22,-5,-23,-4,-23,-4,-23,-4,-23,-3,-23,-3,-24,-3,-23,-3,-23,-3,-23,-4,-22,-4,-21,-5,-20,-6,-20,-6,-20,-6,-19,-6,-18,-7,-5,-2,0,0,0,0,0,0,0,0,0,0,0,0,0,0,0,0,0,0,-5,-2,-18,-5,-18,-7,-18,-8,-19,-9,-19,-10,-19,-11,-19,-12,-19,-13,-19,-14,-19,-14,-20,-15,-20,-15,-19,-16,-19,-16,-19,-16,-19,-15,-20,-14,-20,-14,-20,-14,-20,-13,-21,-13,-21,-13,-22,-12,-23,-12,-24,-12,-25,-12,-14,-8,-46,-24,-45,-24,-45,-23,-44,-22,-44,-20,-43,-19,-43,-17,-43,-16,-43,-14,-43,-13,-43,-12,-44,-11,-44,-10,-45,-9,-45,-9,-45,-9,-45,-9,-45,-10,-44,-10,-43,-11,-41,-12,-39,-13,-38,-14,-37,-15,-35,-16,-34,-17,-31,-21,-30,-22,-6,-4,-2,-2,0,0,0,0,0,0,-2,-1,-6,-2,-33,-8,-33,-11,-34,-13,-34,-15,-34,-18,-35,-20,-36,-22,-36,-24,-37,-26,-36,-28,-36,-29,-35,-30,-35,-31,-35,-32,-34,-32,-34,-32,-35,-32,-36,-32,-36,-31,-37,-29,-38,-29,-39,-27,-39,-27,-40,-26,-41,-25,-43,-25,-44,-26,-44,-25]"
CSI_DATA,88,5c:01:3b:6b:b0:95,-49,11,1,6,0,1,1,1,0,0,0,-97,1,11,0,12506598,0,86,1,256,1,"[86,-32,4,0,23,7,23,7,22,6,22,6,21,5,21,4,21,4,21,3,21,2,21,1,20,0,20,0,21,0,21,0,21,0,21,0,21,0,21,1,20,1,20,2,18,3,18,3,17,3,17,4,16,4,4,1,0,0,0,0,0,0,0,0,0,0,0,0,0,0,0,0,0,0,4,0,17,1,18,2,18,3,18,4,19,5,20,6,20,7,20,8,20,9,20,9,20,10,20,10,20,11,19,11,19,10,20,10,20,10,20,9,20,9,20,9,21,9,21,8,21,8,22,8,23,7,24,7,13,6,43,19,42,19,41,19,41,18,40,17,40,15,39,14,39,13,39,11,39,10,39,8,40,7,40,6,41,6,40,6,40,6,40,7,40,8,39,8,39,9,37,10,36,11,34,11,33,11,32,12,30,14,26,20,25,21,4,4,1,1,-1,-1,-2,-1,-1,-1,1,0,5,0,31,6,31,8,32,7,33,9,34,11,34,14,35,16,35,19,35,21,36,23,35,24,35,25,36,25,36,26,35,26,35,26,35,26,35,26,35,25,35,24,36,24,37,23,38,22,39,22,40,21,41,20,42,20,42,19]"
CSI_DATA,89,5c:01:3b:6b:b0:95,-49,11,1,6,0,1,1,1,0,0,0,-97,1,11,0,12558618,0,86,1,256,1,"[86,-32,4,0,13,5,13,5,13,4,13,4,13,4,12,3,12,3,12,2,13,2,13,1,12,1,12,1,13,1,13,1,13,1,13,1,13,1,13,1,12,1,12,2,11,2,11,3,10,3,10,3,10,3,2,0,0,0,0,0,0,0,0,0,0,0,0,0,0,0,0,0,0,0,2,0,10,1,10,2,11,2,11,3,11,4,11,4,12,5,12,6,11,6,11,7,12,7,12,7,11,7,11,7,11,7,11,7,12,7,12,6,12,6,12,6,12,6,12,6,13,6,13,6,14,6,14,5,14,9,48,29,47,28,46,27,45,25,45,24,45,22,45,21,45,20,46,18,46,15,47,13,47,11,48,11,48,11,48,11,47,12,47,12,47,13,46,13,45,14,43,15,41,16,40,17,39,17,37,18,35,19,30,27,28,28,4,5,1,1,-1,-1,-2,-1,-1,-1,2,0,6,1,38,10,37,13,38,11,38,14,38,18,38,21,38,23,38,26,38,29,39,31,39,33,39,33,41,33,41,34,40,35,40,35,39,35,39,35,38,34,39,33,40,32,41,32,42,31,43,30,45,29,47,29,49,28,50,28]"
CSI_DATA,90,5c:01:3b:6b:b0:95,-50,11,1,6,0,1,1,1,0,0,0,-97,1,11,0,12612128,0,86,1,256,1,"[86,-32,4,0,11,23,11,23,12,22,12,21,12,21,12,20,12,19,13,18,14,18,14,17,14,17,14,16,15,16,16,16,16,16,16,17,15,17,15,17,14,17,13,17,12,17,11,17,10,17,9,16,8,16,2,4,0,0,0,0,0,0,0,0,0,0,0,0,0,0,0,0,0,0,2,3,11,14,11,15,10,16,10,18,10,19,9,20,9,20,8,21,7,22,7,23,6,24,6,24,5,23,5,23,6,23,6,23,7,23,7,22,7,23,8,23,8,23,9,23,10,23,10,24,11,24,11,23,8,12,27,40,27,40,26,39,27,38,27,36,27,35,27,33,28,32,29,30,30,29,31,28,31,26,32,26,33,26,33,26,33,26,33,27,33,27,32,28,30,28,28,28,26,28,25,28,24,28,22,28,20,28,22,26,20,27,3,5,0,1,-1,-1,-1,-1,-1,-1,1,0,5,2,29,14,29,16,25,23,24,26,23,28,23,30,22,33,22,35,21,37,20,39,19,40,18,41,18,41,18,41,17,41,17,41,17,42,17,42,18,42,18,41,19,40,20,40,21,40,22,40,24,40,25,40,26,41,27,40]"
CSI_DATA,91,5c:01:3b:6b:b0:95,-49,11,1,5,0,1,1,1,0,0,0,-97,1,11,0,12665889,0,86,1,256,1,"[86,-32,4,0,-24,-10,-24,-10,-23,-9,-23,-8,-23,-8,-23,-7,-22,-6,-22,-5,-23,-4,-23,-4,-23,-3,-23,-3,-23,-2,-23,-2,-24,-2,-23,-3,-23,-3,-23,-3,-22,-4,-22,-4,-21,-5,-20,-5,-20,-6,-19,-6,-18,-7,-5,-2,0,0,0,0,0,0,0,0,0,0,0,0,0,0,0,0,0,0,-5,-1,-17,-4,-18,-5,-18,-6,-18,-7,-19,-8,-19,-9,-19,-10,-20,-10,-20,-12,-20,-12,-20,-13,-20,-13,-19,-14,-19,-13,-19,-13,-20,-13,-20,-12,-20,-12,-20,-12,-21,-12,-21,-12,-22,-11,-22,-11,-23,-11,-24,-11,-24,-10,-14,-8,-44,-23,-43,-23,-43,-23,-42,-22,-41,-20,-40,-19,-40,-18,-41,-16,-41,-14,-41,-12,-42,-11,-43,-9,-43,-9,-43,-9,-43,-9,-43,-10,-43,-10,-43,-10,-42,-11,-41,-12,-40,-13,-38,-14,-37,-14,-36,-14,-34,-15,-33,-16,-29,-22,-27,-23,-5,-5,-2,-2,0,0,0,0,0,0,-2,-1,-6,-2,-30,-8,-30,-10,-32,-10,-32,-13,-32,-16,-33,-18,-33,-20,-33,-22,-34,-24,-34,-26,-34,-27,-34,-28,-34,-28,-35,-28,-34,-29,-34,-29,-34,-29,-35,-29,-35,-29,-35,-28,-35,-27,-36,-26,-37,-26,-39,-25,-40,-24,-41,-23,-42,-23,-43,-23]"
CSI_DATA,92,5c:01:3b:6b:b0:95,-50,11,1,7,0,1,1,1,0,0,0,-97,1,11,0,12714646,0,86,1,256,1,"[86,-32,4,0,21,1,22,0,21,0,21,0,20,-1,20,-1,20,-2,19,-3,19,-4,19,-4,19,-4,19,-4,19,-5,20,-5,20,-5,20,-5,20,-4,19,-4,19,-3,19,-3,18,-2,18,-1,18,-1,17,0,17,1,4,0,0,0,0,0,0,0,0,0,0,0,0,0,0,0,0,0,0,0,3,-1,14,-3,15,-2,15,-1,16,0,17,0,17,1,18,1,18,2,18,3,18,3,19,4,19,4,19,5,18,5,19,5,19,4,19,4,19,3,19,3,19,3,19,2,20,2,20,2,21,2,22,1,23,1,12,2,42,7,41,7,41,6,41,6,39,5,38,4,38,3,38,2,37,0,37,-2,37,-3,37,-4,37,-5,38,-5,39,-5,39,-4,39,-3,39,-3,38,-2,38,-1,37,0,35,1,34,2,33,3,32,4,31,5,29,12,28,13,4,2,1,0,-1,-1,-1,0,-1,-1,1,-1,4,-1,25,-2,26,0,27,-1,28,0,29,2,30,4,31,5,32,7,33,9,33,10,34,11,34,12,34,12,34,13,34,13,34,13,34,13,35,13,35,13,35,12,35,11,36,11,37,10,38,9,38,7,39,6,41,7,42,6]"
CSI_DATA,93,5c:01:3b:6b:b0:95,-50,11,1,7,0,1,1,1,0,0,0,-97,1,11,0,12766576,0,86,1,256,1,"[86,-32,4,0,-24,-11,-23,-11,-23,-10,-23,-9,-23,-8,-23,-7,-23,-7,-23,-5,-23,-5,-23,-5,-23,-5,-23,-5,-23,-4,-23,-3,-24,-4,-24,-4,-24,-4,-24,-4,-23,-4,-23,-5,-22,-6,-21,-7,-20,-8,-19,-9,-18,-9,-5,-3,0,0,0,0,0,0,0,0,0,0,0,0,0,0,0,0,0,0,-5,-2,-17,-6,-17,-7,-17,-8,-17,-9,-18,-10,-18,-10,-19,-11,-19,-12,-19,-13,-18,-14,-18,-15,-18,-16,-17,-16,-17,-16,-17,-15,-18,-14,-19,-14,-19,-13,-20,-13,-20,-12,-21,-12,-21,-12,-22,-12,-22,-13,-22,-13,-23,-12,-14,-5,-46,-14,-45,-14,-45,-14,-44,-13,-44,-12,-43,-10,-43,-9,-43,-8,-42,-6,-43,-5,-43,-3,-43,-2,-43,-2,-44,-1,-44,-1,-44,-1,-44,-2,-44,-2,-44,-3,-43,-4,-42,-6,-41,-7,-39,-8,-38,-9,-37,-10,-35,-12,-35,-10,-33,-11,-6,-3,-2,-1,0,-1,0,-1,0,-1,-2,0,-6,0,-30,3,-31,1,-32,-6,-33,-9,-33,-10,-34,-12,-34,-14,-35,-16,-36,-18,-36,-19,-36,-21,-36,-22,-37,-22,-36,-23,-36,-23,-36,-23,-36,-23,-37,-22,-37,-22,-37,-21,-38,-20,-39,-19,-40,-18,-41,-17,-41,-17,-42,-17,-43,-17,-44,-17]"
CSI_DATA,94,5c:01:3b:6b:b0:95,-51,11,1,6,0,1,1,1,0,0,0,-97,1,11,0,12820516,0,86,1,256,1,"[86,-32,4,0,9,18,9,18,9,17,9,16,10,16,10,16,10,15,10,14,11,14,12,13,12,13,12,13,13,13,13,13,13,14,13,14,13,14,12,14,11,14,11,14,10,14,9,14,9,14,8,14,7,14,1,3,0,0,0,0,0,0,0,0,0,0,0,0,0,0,0,0,0,0,2,2,8,10,8,11,7,12,7,14,6,14,6,15,5,15,5,16,5,16,4,17,4,17,4,18,4,18,4,18,4,18,4,18,5,17,5,17,5,17,6,17,6,17,7,18,7,17,8,18,9,18,9,18,2,11,11,37,10,37,10,36,10,35,11,34,11,33,12,32,13,32,14,31,15,30,17,30,18,29,19,30,19,30,19,30,19,30,18,30,18,31,17,31,16,31,14,31,13,30,12,30,11,30,9,29,8,29,0,31,-2,30,-1,5,-1,1,-1,-1,-1,-1,-1,-1,0,1,1,3,10,22,9,23,11,23,10,24,8,26,7,27,6,29,5,30,4,32,3,32,2,33,2,34,2,34,2,34,1,34,1,34,1,34,1,35,1,34,2,34,3,34,4,34,5,34,6,34,7,34,9,36,10,36,11,37]"
CSI_DATA,95,5c:01:3b:6b:b0:95,-52,11,1,7,0,1,1,1,0,0,0,-97,1,11,0,12870636,0,86,1,256,1,"[86,-32,4,0,-23,10,-22,10,-21,10,-20,11,-20,11,-19,11,-19,12,-18,13,-18,13,-17,14,-17,14,-17,14,-17,15,-17,15,-17,16,-17,16,-18,16,-18,15,-18,15,-18,14,-18,13,-18,11,-18,10,-18,9,-19,9,-5,2,0,0,0,0,0,0,0,0,0,0,0,0,0,0,0,0,0,0,-4,2,-16,9,-17,8,-17,8,-18,7,-19,7,-20,6,-21,6,-22,6,-22,5,-23,4,-23,4,-23,3,-23,3,-23,3,-22,3,-22,3,-22,4,-22,5,-22,6,-22,6,-22,7,-22,8,-22,8,-23,8,-23,8,-24,9,-13,5,-42,19,-41,19,-40,20,-39,20,-38,20,-36,21,-35,21,-34,22,-33,23,-32,25,-31,26,-30,27,-30,28,-30,29,-30,29,-31,29,-31,29,-32,29,-32,27,-33,26,-33,25,-33,23,-32,22,-32,20,-32,18,-33,17,-32,14,-33,12,-6,2,-2,0,0,-1,0,-1,0,-1,-2,1,-4,4,-21,23,-23,21,-27,18,-29,17,-31,16,-33,15,-35,14,-37,13,-39,11,-40,10,-41,9,-41,9,-42,9,-43,9,-42,9,-42,8,-42,8,-42,8,-41,9,-41,10,-41,11,-41,13,-41,14,-41,15,-41,16,-41,17,-41,18,-42,18]"
CSI_DATA,96,5c:01:3b:6b:b0:95,-52,11,1,5,0,1,1,1,0,0,0,-97,1,11,0,12924436,0,86,1,256,1,"[86,-32,4,0,8,24,8,23,9,22,9,21,10,21,10,20,10,19,11,18,12,17,13,17,13,16,14,16,14,16,15,16,15,16,15,17,15,17,14,17,13,17,13,17,12,17,11,17,10,17,10,17,9,17,2,4,0,0,0,0,0,0,0,0,0,0,0,0,0,0,0,0,0,0,2,3,9,16,9,17,8,19,7,20,7,21,6,22,5,22,4,23,4,23,3,24,3,25,3,25,3,25,2,25,2,24,3,24,3,24,4,23,4,23,4,24,5,24,5,23,6,23,7,24,8,24,8,24,3,14,12,47,12,46,13,45,13,43,14,42,15,41,16,39,17,38,19,36,21,35,23,34,24,33,25,33,25,34,26,34,26,34,26,34,26,34,25,35,24,35,22,35,20,35,19,34,18,34,16,34,14,34,9,36,7,36,0,6,0,1,-1,-1,-1,-1,-1,-1,1,1,3,5,17,30,16,31,16,32,14,34,12,37,10,39,9,41,8,43,6,45,5,46,4,46,3,46,2,47,2,48,2,47,1,47,1,47,1,47,2,46,3,46,3,45,4,45,6,45,7,46,8,46,10,46,12,47,12,47]"
CSI_DATA,97,5c:01:3b:6b:b0:95,-51,11,1,5,0,1,1,1,0,0,0,-97,1,11,0,12982573,0,86,1,256,1,"[86,-32,4,0,-21,-13,-21,-13,-21,-12,-20,-11,-20,-11,-20,-10,-20,-9,-20,-8,-21,-7,-21,-6,-21,-6,-21,-6,-22,-5,-22,-5,-23,-5,-23,-6,-23,-6,-22,-6,-22,-7,-21,-7,-20,-8,-19,-9,-19,-9,-18,-9,-18,-10,-5,-3,0,0,0,0,0,0,0,0,0,0,0,0,0,0,0,0,0,0,-5,-2,-17,-7,-18,-8,-18,-9,-18,-11,-18,-12,-18,-13,-18,-14,-18,-14,-17,-15,-17,-16,-17,-17,-17,-17,-16,-17,-16,-17,-16,-17,-17,-17,-17,-16,-17,-15,-17,-15,-18,-15,-18,-15,-19,-15,-19,-14,-20,-14,-21,-15,-21,-14,-12,-9,-39,-27,-39,-27,-38,-26,-38,-25,-37,-23,-37,-22,-37,-21,-37,-19,-38,-17,-39,-16,-40,-14,-40,-13,-41,-12,-42,-12,-42,-12,-43,-12,-42,-13,-42,-13,-42,-14,-41,-15,-39,-16,-38,-17,-36,-17,-35,-18,-34,-19,-32,-20,-29,-24,-27,-25,-5,-5,-2,-2,0,0,0,0,0,0,-2,-1,-6,-2,-31,-11,-31,-13,-32,-15,-32,-17,-32,-20,-32,-22,-32,-24,-32,-27,-32,-29,-32,-31,-31,-32,-30,-33,-30,-34,-30,-34,-30,-35,-29,-34,-29,-34,-30,-34,-31,-33,-31,-32,-31,-31,-32,-30,-33,-30,-34,-29,-34,-29,-36,-28,-37,-28,-38,-28]"
CSI_DATA,98,5c:01:3b:6b:b0:95,-52,11,1,5,0,1,1,1,0,0,0,-97,1,11,0,13033307,0,86,1,256,1,"[86,-32,4,0,-19,-18,-19,-17,-18,-16,-18,-15,-19,-15,-19,-14,-19,-13,-19,-11,-19,-11,-20,-10,-20,-10,-21,-10,-21,-10,-21,-9,-22,-9,-22,-10,-21,-10,-21,-10,-20,-11,-20,-11,-19,-11,-18,-12,-17,-12,-17,-12,-16,-13,-4,-4,0,0,0,0,0,0,0,0,0,0,0,0,0,0,0,0,0,0,-4,-3,-16,-10,-16,-11,-16,-13,-16,-15,-16,-16,-16,-16,-16,-17,-15,-18,-15,-19,-14,-19,-14,-20,-14,-21,-14,-21,-13,-21,-13,-20,-14,-20,-14,-19,-14,-19,-15,-19,-15,-19,-16,-19,-16,-18,-17,-18,-18,-18,-19,-18,-19,-18,-10,-12,-31,-36,-30,-36,-30,-35,-30,-34,-30,-32,-30,-31,-31,-30,-32,-28,-32,-26,-34,-25,-35,-24,-36,-23,-37,-22,-37,-23,-38,-23,-38,-23,-38,-23,-38,-23,-37,-24,-36,-25,-34,-25,-33,-25,-31,-26,-30,-26,-28,-27,-26,-27,-20,-32,-18,-33,-3,-6,-1,-2,0,0,0,0,0,0,-2,-1,-5,-4,-26,-22,-25,-24,-28,-23,-27,-26,-26,-28,-26,-30,-25,-33,-25,-35,-24,-37,-23,-39,-22,-40,-21,-40,-21,-41,-21,-42,-21,-42,-20,-42,-20,-41,-20,-41,-21,-40,-22,-39,-22,-39,-23,-38,-24,-38,-25,-38,-26,-37,-28,-37,-29,-37,-30,-37]"
CSI_DATA,99,5c:01:3b:6b:b0:95,-52,11,1,5,0,1,1,1,0,0,0,-97,1,11,0,13080142,0,86,1,256,1,"[86,-32,4,0,-26,1,-25,1,-25,1,-24,2,-24,3,-23,4,-23,4,-23,5,-23,6,-22,6,-22,6,-22,6,-22,8,-22,9,-23,9,-23,8,-23,8,-23,8,-23,7,-23,7,-22,5,-21,4,-21,3,-21,2,-21,1,-6,0,0,0,0,0,0,0,0,0,0,0,0,0,0,0,0,0,0,0,-5,0,-20,3,-20,2,-21,1,-21,1,-22,0,-23,-2,-25,-2,-25,-3,-25,-4,-25,-5,-25,-6,-24,-7,-23,-7,-24,-7,-24,-6,-25,-6,-25,-5,-24,-4,-24,-4,-24,-3,-25,-2,-25,-2,-25,-2,-25,-2,-26,-2,-26,-2,-15,-4,-47,-9,-46,-8,-45,-8,-44,-7,-43,-5,-42,-4,-42,-3,-41,-1,-41,1,-41,3,-41,4,-41,5,-42,6,-42,7,-42,8,-42,8,-42,7,-42,7,-42,6,-41,5,-41,3,-40,2,-39,1,-38,0,-38,-2,-36,-4,-34,-14,-33,-16,-6,-3,-2,-2,0,0,0,-1,0,0,-2,0,-7,0,-35,-1,-35,-3,-37,-1,-37,-3,-38,-6,-39,-7,-40,-10,-41,-12,-42,-14,-42,-15,-42,-17,-42,-18,-42,-18,-42,-19,-42,-19,-42,-20,-42,-19,-42,-19,-41,-18,-41,-17,-41,-16,-42,-14,-43,-13,-44,-12,-44,-11,-45,-10,-46,-10,-46,-10]"
CSI_DATA,100,5c:01:3b:6b:b0:95,-53,11,1,6,0,1,1,1,0,0,0,-97,1,11,0,13133320,0,86,1,256,1,"[86,-32,4,0,-12,-22,-12,-21,-12,-20,-12,-19,-12,-19,-12,-18,-13,-17,-13,-16,-14,-15,-15,-15,-15,-14,-16,-14,-16,-14,-16,-14,-16,-14,-16,-14,-16,-14,-15,-14,-15,-15,-14,-15,-14,-15,-13,-15,-13,-15,-12,-14,-11,-15,-3,-4,0,0,0,0,0,0,0,0,0,0,0,0,0,0,0,0,0,0,-4,-4,-13,-15,-13,-16,-12,-18,-12,-19,-11,-20,-10,-21,-9,-22,-9,-22,-8,-23,-8,-24,-8,-24,-7,-24,-7,-24,-7,-24,-7,-24,-7,-23,-8,-23,-8,-22,-8,-23,-8,-23,-9,-23,-9,-23,-10,-22,-11,-22,-11,-23,-12,-22,-4,-14,-14,-44,-14,-43,-14,-42,-14,-40,-14,-39,-15,-38,-16,-37,-17,-35,-19,-34,-20,-33,-22,-32,-24,-31,-25,-31,-25,-31,-25,-31,-25,-30,-25,-31,-25,-31,-24,-32,-22,-32,-21,-32,-20,-31,-19,-31,-18,-31,-17,-30,-15,-31,-7,-34,-5,-34,-1,-6,-1,-2,0,0,0,0,0,0,-1,-2,-3,-6,-16,-31,-15,-33,-18,-32,-17,-34,-15,-37,-14,-39,-12,-41,-10,-42,-9,-44,-7,-45,-6,-46,-6,-46,-6,-46,-5,-46,-5,-46,-4,-46,-4,-46,-4,-46,-5,-45,-5,-44,-6,-44,-6,-44,-7,-43,-9,-43,-11,-43,-12,-44,-13,-44,-14,-45]"
CSI_DATA,101,5c:01:3b:6b:b0:95,-51,11,1,5,0,1,1,1,0,0,0,-97,1,11,0,13184347,0,86,1,256,1,"[86,-32,4,0,-7,-24,-7,-23,-7,-22,-8,-21,-8,-20,-8,-20,-9,-19,-10,-18,-10,-17,-11,-17,-12,-16,-12,-16,-12,-16,-12,-16,-13,-16,-13,-16,-13,-15,-12,-15,-11,-15,-11,-15,-10,-15,-10,-15,-9,-15,-9,-15,-8,-15,-2,-4,0,0,0,0,0,0,0,0,0,0,0,0,0,0,0,0,0,0,-3,-5,-9,-18,-8,-19,-7,-21,-7,-22,-6,-23,-5,-23,-4,-24,-3,-24,-2,-25,-2,-25,-2,-26,-2,-26,-2,-26,-1,-25,-1,-25,-2,-25,-2,-24,-3,-24,-3,-24,-3,-24,-4,-24,-5,-24,-5,-24,-6,-24,-6,-25,-6,-24,-2,-14,-6,-45,-6,-45,-6,-44,-7,-42,-7,-41,-8,-39,-9,-38,-10,-37,-12,-36,-14,-35,-16,-34,-18,-33,-18,-33,-18,-33,-19,-33,-19,-32,-19,-32,-19,-32,-18,-32,-17,-32,-16,-31,-15,-30,-14,-30,-13,-29,-12,-29,-11,-29,-4,-30,-2,-30,-1,-6,-1,-2,0,0,0,0,0,0,-1,-2,-3,-6,-13,-35,-11,-36,-12,-37,-10,-38,-8,-40,-6,-42,-4,-43,-2,-45,-1,-46,1,-47,2,-47,3,-47,3,-48,3,-48,4,-48,4,-47,5,-47,4,-47,3,-46,3,-45,2,-45,2,-45,0,-45,-1,-45,-3,-45,-4,-46,-5,-46,-6,-46]"
CSI_DATA,102,5c:01:3b:6b:b0:95,-51,11,1,5,0,1,1,1,0,0,0,-97,1,11,0,13234691,0,86,1,256,1,"[86,-32,4,0,24,3,23,3,23,2,22,1,22,1,21,0,20,-1,20,-2,19,-3,19,-4,19,-4,19,-5,19,-5,19,-6,19,-6,19,-6,19,-6,19,-6,18,-5,18,-5,17,-4,16,-3,16,-3,16,-3,16,-2,4,-1,0,0,0,0,0,0,0,0,0,0,0,0,0,0,0,0,0,0,5,-1,21,-1,21,0,22,1,22,2,23,3,24,4,25,5,25,6,24,7,24,8,25,9,25,9,24,9,23,9,23,9,23,9,23,8,23,7,24,7,24,7,24,6,24,5,24,5,24,5,25,5,26,4,13,4,44,14,43,14,43,13,41,11,40,10,39,8,39,7,39,5,38,3,37,1,37,0,36,-2,36,-3,36,-4,36,-4,36,-4,36,-4,36,-5,36,-4,35,-3,34,-2,33,-1,32,-1,31,0,30,1,29,2,28,10,27,11,4,2,1,0,-1,-1,-2,-1,-1,-1,2,-1,6,-1,39,2,39,5,40,3,40,6,41,9,42,11,42,13,43,16,44,18,44,20,43,22,43,23,43,24,44,24,43,24,42,25,41,24,41,24,41,23,41,22,41,20,41,19,42,18,43,17,43,17,44,16,45,15,45,14]"
CSI_DATA,103,5c:01:3b:6b:b0:95,-49,11,1,5,0,1,1,1,0,0,0,-97,1,11,0,13287895,0,86,1,256,1,"[86,-32,4,0,-7,22,-6,22,-6,21,-5,20,-4,20,-3,20,-2,19,-2,19,-1,18,-1,18,0,18,0,18,1,18,1,18,1,18,1,18,1,18,0,17,0,17,0,16,-1,16,-1,15,-2,15,-2,14,-2,14,-1,3,0,0,0,0,0,0,0,0,0,0,0,0,0,0,0,0,0,0,-1,4,-2,18,-3,18,-4,19,-5,20,-6,20,-7,20,-8,21,-9,21,-10,21,-10,21,-11,21,-11,21,-11,21,-11,20,-11,20,-11,20,-10,20,-10,20,-9,20,-8,21,-8,21,-8,22,-8,22,-8,22,-8,23,-7,23,-5,12,-14,42,-14,42,-13,41,-12,40,-11,39,-10,38,-9,37,-7,36,-5,35,-4,35,-2,35,-1,35,-1,35,0,35,1,35,1,35,0,34,0,34,0,34,-1,32,-2,31,-2,30,-3,29,-4,28,-5,27,-6,26,-9,25,-10,25,-2,4,-1,1,0,-1,-1,-2,0,-1,0,1,0,5,1,34,-1,34,-4,34,-6,35,-9,36,-11,37,-13,38,-14,39,-16,40,-18,40,-19,39,-20,39,-21,40,-22,40,-22,39,-23,39,-23,39,-22,39,-21,39,-20,39,-19,39,-18,39,-17,40,-17,41,-16,41,-15,42,-15,43,-14,43]"
CSI_DATA,104,5c:01:3b:6b:b0:95,-46,11,1,5,0,1,1,1,0,0,0,-97,1,11,0,13338628,0,86,1,256,1,"[86,-32,4,0,-25,-1,-25,0,-24,0,-24,0,-24,1,-23,1,-22,2,-21,3,-21,4,-21,4,-21,5,-21,5,-21,6,-21,6,-21,6,-21,6,-21,6,-21,5,-20,5,-20,4,-18,3,-18,2,-18,2,-18,2,-18,1,-5,0,0,0,0,0,0,0,0,0,0,0,0,0,0,0,0,0,0,0,-5,0,-19,1,-20,0,-20,-1,-21,-1,-22,-2,-23,-3,-24,-4,-24,-4,-23,-5,-23,-6,-24,-7,-24,-7,-23,-7,-23,-7,-23,-7,-24,-6,-24,-6,-23,-5,-24,-5,-24,-4,-24,-3,-24,-3,-24,-3,-25,-2,-26,-2,-27,-2,-15,-3,-48,-6,-48,-6,-47,-5,-46,-4,-45,-4,-44,-3,-43,-2,-42,0,-41,2,-40,3,-41,5,-40,6,-40,7,-40,7,-40,7,-40,7,-40,7,-40,6,-40,5,-39,4,-38,3,-36,2,-35,2,-34,1,-33,0,-32,-2,-31,-8,-30,-9,-6,-2,-2,-1,0,0,1,-1,0,-1,-2,0,-7,1,-35,6,-35,3,-37,1,-38,-2,-39,-4,-40,-6,-41,-8,-42,-10,-43,-12,-44,-13,-43,-15,-43,-15,-44,-15,-44,-15,-44,-15,-44,-16,-44,-16,-44,-15,-44,-15,-44,-14,-44,-13,-44,-11,-45,-10,-46,-9,-46,-8,-47,-7,-48,-6,-49,-6]"
CSI_DATA,105,5c:01:3b:6b:b0:95,-46,11,1,5,0,1,1,1,0,0,0,-97,1,11,0,13390627,0,86,1,256,1,"[86,-32,4,0,-8,25,-7,24,-6,23,-6,23,-5,23,-4,23,-4,22,-3,22,-2,22,-1,22,-1,22,0,22,0,22,0,22,0,22,0,22,-1,22,-2,22,-2,21,-3,20,-3,20,-4,19,-4,18,-5,18,-5,18,-2,4,0,0,0,0,0,0,0,0,0,0,0,0,0,0,0,0,0,0,-1,4,-4,18,-4,19,-5,19,-6,20,-7,20,-9,20,-10,21,-11,21,-12,21,-12,21,-12,21,-13,21,-12,21,-12,21,-12,21,-12,21,-12,21,-11,21,-10,21,-10,22,-9,22,-9,22,-8,23,-8,23,-8,25,-8,25,-8,12,-24,42,-24,42,-23,41,-22,40,-21,39,-20,39,-18,39,-17,39,-15,39,-13,39,-11,40,-10,40,-10,41,-10,41,-10,41,-10,41,-10,40,-10,40,-11,39,-12,38,-13,36,-14,34,-14,33,-14,32,-15,31,-16,29,-25,24,-26,22,-5,3,-2,0,0,-1,0,-2,0,-1,-1,1,-3,5,-15,33,-17,32,-14,33,-16,33,-19,33,-21,33,-23,33,-25,33,-27,33,-28,33,-29,33,-30,33,-30,33,-31,34,-31,34,-32,33,-31,33,-31,34,-30,34,-29,34,-28,34,-28,35,-27,36,-26,37,-25,38,-24,40,-24,41,-24,42]"
CSI_DATA,106,5c:01:3b:6b:b0:95,-47,11,1,6,0,1,1,1,0,0,0,-97,1,11,0,13442599,0,86,1,256,1,"[86,-32,4,0,16,16,16,16,16,14,16,14,16,14,16,13,16,12,16,11,16,10,17,9,17,9,18,9,18,9,18,9,18,9,18,9,17,9,17,10,16,10,15,10,14,11,13,11,13,11,12,11,12,11,3,2,0,0,0,0,0,0,0,0,0,0,0,0,0,0,0,0,0,0,3,2,15,9,15,10,15,12,15,13,14,14,14,15,14,15,13,16,13,17,13,17,13,18,13,18,13,18,13,18,12,18,12,18,13,17,13,16,13,17,14,17,14,17,14,16,15,16,16,16,17,16,18,16,6,11,23,37,22,36,22,35,22,34,22,33,22,32,22,30,23,29,24,28,24,26,25,25,26,25,27,25,28,25,27,25,27,25,27,25,26,26,25,26,24,26,22,26,21,26,19,26,18,26,17,26,15,25,6,30,4,30,0,5,0,1,-1,-1,-1,-1,-1,-1,1,1,3,4,19,26,18,27,22,24,21,26,20,28,19,30,18,32,18,34,17,36,16,37,15,38,14,38,14,38,14,38,13,38,13,38,13,38,13,38,14,37,14,37,15,37,16,37,17,36,18,36,19,35,21,36,22,37,23,37]"
CSI_DATA,107,5c:01:3b:6b:b0:95,-47,11,1,5,0,1,1,1,0,0,0,-97,1,11,0,13499436,0,86,1,256,1,"[86,-32,4,0,23,-10,22,-10,22,-10,21,-10,21,-10,20,-11,20,-11,19,-12,19,-13,18,-13,18,-14,17,-14,18,-14,18,-14,19,-14,19,-13,19,-13,19,-12,19,-11,19,-10,18,-9,18,-8,18,-7,17,-6,17,-6,4,-2,0,0,0,0,0,0,0,0,0,0,0,0,0,0,0,0,0,0,4,-3,16,-10,16,-10,17,-9,18,-9,19,-8,20,-7,21,-6,22,-6,22,-5,23,-5,23,-5,23,-5,22,-4,22,-4,22,-4,22,-5,22,-5,22,-6,22,-6,22,-6,22,-7,22,-7,22,-8,22,-9,23,-10,24,-10,13,-5,45,-16,45,-16,44,-17,43,-17,42,-17,41,-17,41,-18,40,-19,38,-20,37,-22,37,-23,36,-24,36,-25,37,-25,37,-24,37,-24,37,-23,37,-22,38,-20,38,-19,37,-17,36,-15,35,-14,34,-12,34,-10,33,-8,34,-3,33,-1,5,0,1,0,-1,0,-1,0,-1,0,1,-2,4,-4,27,-20,29,-18,31,-17,33,-16,35,-14,36,-13,38,-11,40,-10,41,-8,42,-7,43,-6,42,-6,43,-6,44,-6,44,-6,44,-6,43,-5,43,-6,43,-7,42,-8,42,-8,43,-9,43,-10,43,-12,43,-13,43,-15,44,-17,45,-17]"
CSI_DATA,108,5c:01:3b:6b:b0:95,-49,11,1,6,0,1,1,1,0,0,0,-97,1,11,0,13546603,0,86,1,256,1,"[86,-32,4,0,9,25,9,25,9,24,10,24,10,23,10,22,11,22,11,21,12,20,13,20,13,20,13,21,13,21,13,21,14,21,13,21,13,21,12,21,10,21,9,21,8,21,8,20,7,20,6,20,5,20,1,5,0,0,0,0,0,0,0,0,0,0,0,0,0,0,0,0,0,0,1,3,6,15,6,16,5,17,5,18,4,19,4,19,3,20,3,20,2,21,2,21,2,22,2,23,2,23,2,23,2,22,2,22,3,22,3,22,4,23,5,23,5,23,6,23,7,23,8,24,9,25,9,25,3,15,11,51,11,50,11,49,11,48,12,47,13,46,13,45,15,44,16,44,17,43,19,43,20,43,21,43,21,44,21,43,21,44,20,44,19,44,17,44,15,44,13,43,11,42,10,41,8,40,6,40,4,39,-3,39,-6,37,-2,6,-1,1,-1,-1,-1,-1,-1,-1,0,1,1,5,9,29,8,31,9,31,7,32,6,34,4,36,3,37,1,39,0,40,-1,41,-2,42,-2,42,-2,43,-2,43,-2,43,-2,43,-2,43,-1,44,-1,44,1,43,2,44,3,44,4,45,6,45,7,46,9,47,10,49,10,50]"
CSI_DATA,109,5c:01:3b:6b:b0:95,-49,11,1,5,0,1,1,1,0,0,0,-97,1,11,0,13600577,0,86,1,256,1,"[86,-32,4,0,-19,-19,-19,-19,-19,-18,-19,-17,-19,-17,-19,-16,-19,-16,-20,-15,-20,-14,-21,-14,-21,-13,-21,-13,-21,-13,-22,-13,-22,-13,-21,-14,-21,-14,-20,-14,-19,-14,-18,-15,-17,-15,-16,-16,-15,-16,-14,-16,-13,-16,-4,-4,0,0,0,0,0,0,0,0,0,0,0,0,0,0,0,0,0,0,-4,-4,-14,-14,-13,-15,-13,-17,-13,-18,-12,-19,-12,-19,-12,-20,-11,-20,-11,-21,-10,-22,-10,-22,-10,-22,-10,-22,-10,-22,-10,-21,-12,-21,-12,-20,-13,-19,-13,-20,-14,-20,-14,-20,-15,-20,-16,-19,-17,-20,-18,-20,-18,-19,-11,-12,-35,-38,-34,-38,-34,-36,-34,-35,-34,-34,-34,-33,-34,-32,-35,-31,-36,-29,-37,-28,-39,-27,-40,-25,-40,-25,-41,-26,-41,-26,-40,-26,-39,-27,-39,-27,-38,-28,-35,-29,-33,-30,-31,-30,-30,-30,-28,-30,-26,-30,-24,-30,-20,-32,-17,-32,-3,-6,-1,-2,0,0,0,0,0,0,-2,-1,-5,-4,-27,-23,-26,-26,-26,-28,-24,-31,-23,-33,-22,-35,-21,-37,-20,-38,-20,-40,-19,-41,-19,-41,-18,-42,-18,-42,-19,-41,-19,-41,-19,-41,-19,-41,-20,-41,-21,-40,-21,-39,-22,-38,-23,-38,-25,-38,-27,-37,-28,-37,-30,-37,-32,-37,-33,-37]"
CSI_DATA,110,5c:01:3b:6b:b0:95,-47,11,1,6,0,1,1,1,0,0,0,-97,1,11,0,13655551,0,86,1,256,1,"[86,-32,4,0,-20,-17,-20,-16,-19,-15,-19,-15,-19,-15,-19,-14,-19,-13,-19,-12,-19,-11,-20,-11,-20,-11,-20,-11,-21,-10,-21,-10,-21,-10,-20,-11,-20,-11,-19,-11,-18,-12,-17,-12,-16,-12,-15,-12,-15,-12,-14,-12,-13,-12,-4,-3,0,0,0,0,0,0,0,0,0,0,0,0,0,0,0,0,0,0,-4,-3,-14,-10,-14,-11,-14,-12,-14,-13,-14,-14,-14,-15,-13,-15,-13,-16,-13,-17,-13,-17,-13,-18,-13,-18,-13,-18,-13,-18,-13,-18,-14,-18,-14,-17,-15,-17,-15,-17,-15,-17,-16,-17,-17,-17,-17,-16,-18,-17,-19,-17,-20,-16,-10,-12,-32,-37,-31,-37,-30,-36,-30,-34,-29,-33,-30,-32,-30,-31,-31,-30,-31,-29,-32,-27,-33,-26,-34,-26,-35,-26,-35,-26,-34,-26,-34,-26,-33,-26,-33,-27,-31,-27,-30,-28,-28,-28,-26,-27,-25,-27,-23,-27,-21,-27,-20,-27,-12,-30,-10,-31,-2,-6,-1,-2,0,0,0,0,0,0,-2,-1,-4,-4,-20,-22,-19,-24,-22,-23,-21,-25,-21,-27,-20,-29,-20,-30,-19,-32,-19,-34,-18,-35,-18,-36,-18,-36,-18,-37,-18,-37,-18,-37,-18,-38,-19,-38,-19,-38,-20,-37,-20,-36,-21,-36,-22,-36,-23,-35,-25,-35,-26,-35,-28,-36,-30,-36,-31,-37]"
CSI_DATA,111,5c:01:3b:6b:b0:95,-42,11,1,6,0,1,1,1,0,0,0,-97,1,11,0,13704447,0,86,1,256,1,"[86,-32,4,0,-14,1,-14,1,-13,1,-13,1,-13,1,-12,2,-12,2,-12,2,-12,3,-12,3,-12,3,-12,3,-12,3,-11,4,-11,4,-11,3,-11,3,-11,3,-11,2,-11,2,-11,1,-10,1,-10,1,-10,1,-10,0,-3,0,0,0,0,0,0,0,0,0,0,0,0,0,0,0,0,0,0,0,-3,0,-9,2,-9,1,-10,0,-10,0,-10,0,-11,0,-11,0,-12,-1,-12,-2,-12,-2,-12,-2,-12,-2,-12,-2,-12,-2,-12,-2,-12,-2,-12,-1,-12,-1,-12,-1,-12,-1,-13,0,-13,0,-13,0,-13,0,-14,0,-14,1,-16,-1,-51,-1,-51,-1,-50,-1,-50,0,-48,1,-47,2,-46,2,-46,3,-45,5,-44,6,-44,7,-44,9,-45,9,-45,9,-44,9,-44,9,-44,8,-44,7,-44,6,-43,4,-42,2,-40,1,-39,1,-38,0,-36,-1,-35,-3,-34,-10,-33,-12,-6,-3,-2,-1,0,-1,0,-1,0,-1,-2,0,-6,1,-32,6,-33,4,-34,4,-35,1,-36,-1,-38,-2,-38,-3,-40,-5,-41,-6,-42,-8,-43,-9,-43,-10,-43,-10,-44,-10,-43,-11,-43,-11,-44,-11,-44,-10,-44,-10,-43,-8,-44,-7,-45,-6,-46,-5,-47,-3,-48,-3,-49,-2,-50,-1,-51,0]"
CSI_DATA,112,5c:01:3b:6b:b0:95,-47,11,1,5,0,1,1,1,0,0,0,-97,1,11,0,13756304,0,86,1,256,1,"[86,-32,4,0,-15,22,-15,22,-14,21,-13,21,-12,21,-12,21,-11,20,-10,21,-10,21,-9,21,-8,21,-8,21,-8,21,-8,22,-8,22,-8,22,-8,21,-9,21,-9,20,-9,19,-9,18,-10,17,-10,17,-10,16,-11,15,-3,3,0,0,0,0,0,0,0,0,0,0,0,0,0,0,0,0,0,0,-2,3,-9,15,-9,15,-10,16,-11,16,-12,16,-14,16,-15,16,-16,16,-16,16,-17,16,-18,16,-18,16,-18,16,-17,16,-17,16,-17,16,-17,16,-16,17,-16,17,-15,18,-15,18,-15,19,-15,19,-15,20,-15,21,-16,22,-10,12,-30,41,-30,41,-29,40,-28,40,-26,39,-25,39,-24,39,-23,39,-21,39,-19,39,-18,40,-17,40,-16,41,-16,42,-16,42,-16,41,-16,41,-17,40,-17,39,-18,38,-18,36,-19,35,-19,33,-20,31,-20,30,-21,28,-23,26,-25,24,-5,4,-2,1,0,-1,0,-2,0,-1,-1,1,-3,5,-13,30,-14,29,-17,29,-19,29,-21,29,-23,29,-25,29,-27,30,-29,30,-31,29,-32,29,-33,28,-34,29,-35,29,-35,29,-35,29,-35,29,-34,30,-33,31,-33,31,-32,32,-32,33,-31,34,-31,36,-30,37,-30,38,-30,39,-31,39]"
CSI_DATA,113,5c:01:3b:6b:b0:95,-46,11,1,6,0,1,1,1,0,0,0,-97,1,11,0,13806885,0,86,1,256,1,"[86,-32,4,0,24,-7,24,-7,23,-7,22,-7,22,-8,21,-8,20,-8,20,-9,20,-10,19,-10,19,-11,19,-11,19,-11,19,-11,19,-11,19,-11,19,-10,19,-10,19,-9,19,-8,18,-7,17,-6,17,-5,17,-5,17,-4,4,-1,0,0,0,0,0,0,0,0,0,0,0,0,0,0,0,0,0,0,4,-2,16,-8,17,-7,17,-7,18,-6,19,-5,20,-5,21,-5,21,-4,22,-3,22,-2,22,-2,23,-2,22,-2,22,-2,22,-2,22,-3,22,-3,22,-3,22,-4,22,-4,22,-5,22,-5,22,-5,23,-6,24,-7,25,-8,14,-2,47,-7,47,-6,46,-6,45,-6,44,-7,43,-8,42,-9,41,-10,40,-11,40,-12,39,-14,39,-15,39,-15,40,-15,39,-15,39,-14,39,-13,39,-13,39,-11,38,-10,37,-9,35,-8,35,-6,34,-5,33,-4,32,-2,31,5,31,7,5,1,1,0,-1,-1,-2,0,-1,0,1,-1,5,-3,31,-10,31,-8,32,-9,33,-8,35,-6,36,-5,37,-3,38,-2,39,0,40,1,41,2,41,2,42,2,43,2,42,3,43,3,43,3,43,3,42,3,42,2,43,0,43,-1,44,-2,44,-4,44,-5,45,-6,47,-7,48,-7]"
CSI_DATA,114,5c:01:3b:6b:b0:95,-56,11,1,6,0,1,1,1,0,0,0,-97,1,11,0,13858724,0,86,1,256,1,"[86,-32,4,0,-6,-28,-6,-28,-7,-29,-7,-28,-8,-27,-8,-25,-7,-24,-7,-24,-8,-24,-8,-24,-7,-23,-6,-22,-6,-21,-7,-21,-7,-21,-6,-21,-5,-20,-5,-19,-4,-18,-3,-17,-2,-16,-2,-16,0,-15,1,-14,1,-12,0,-3,0,0,0,0,0,0,0,0,0,0,0,0,0,0,0,0,0,0,-1,-5,-4,-19,-4,-20,-4,-21,-4,-22,-4,-23,-4,-24,-3,-24,-3,-24,-2,-25,-1,-27,0,-28,0,-28,-1,-28,-1,-27,-1,-26,-2,-27,-3,-27,-4,-28,-4,-29,-6,-28,-7,-28,-6,-28,-6,-29,-7,-31,-7,-31,-7,-31,0,-19,-1,-60,0,-60,1,-58,2,-57,1,-55,1,-54,0,-52,-1,-51,-3,-49,-5,-48,-7,-47,-7,-46,-6,-45,-4,-45,-3,-44,-3,-43,-1,-42,0,-41,1,-39,3,-37,4,-35,4,-32,4,-30,5,-28,6,-26,7,-24,15,-22,16,-21,3,-4,0,-1,-1,0,0,1,-1,0,-1,-2,-1,-7,-1,-36,1,-37,-2,-37,0,-40,2,-42,4,-44,5,-45,6,-47,8,-48,9,-48,8,-49,8,-50,7,-51,7,-52,7,-52,9,-52,9,-53,9,-54,9,-54,8,-54,7,-55,5,-56,4,-55,2,-56,0,-57,-3,-58,-4,-60,-4,-60]"
CSI_DATA,115,5c:01:3b:6b:b0:95,-54,11,1,5,0,1,1,1,0,0,0,-97,1,11,0,13912534,0,86,1,256,1,"[86,-32,4,0,6,30,6,30,7,28,7,27,8,27,8,26,8,24,9,23,9,22,10,22,11,22,11,22,12,22,12,21,12,21,12,21,12,21,11,21,10,20,10,20,9,20,8,19,7,19,7,19,6,19,1,4,0,0,0,0,0,0,0,0,0,0,0,0,0,0,0,0,0,0,2,4,10,17,9,19,9,20,9,22,8,23,7,24,6,25,6,25,5,26,4,27,4,28,3,29,3,29,3,29,3,29,3,29,4,28,4,28,4,28,5,29,6,29,6,29,6,29,7,30,7,31,7,31,0,17,3,58,2,58,1,56,1,54,2,52,3,51,4,49,6,48,7,47,9,46,10,46,12,45,13,45,14,45,14,44,14,43,14,43,14,42,13,42,12,41,11,41,9,39,8,39,7,38,6,38,4,37,-6,39,-7,38,-2,6,-1,1,-1,-1,-1,-2,-1,-1,0,1,1,6,9,36,8,37,12,36,11,38,8,40,7,42,5,45,3,47,2,49,1,50,-1,51,-2,52,-3,53,-4,54,-5,54,-5,54,-6,54,-5,54,-4,54,-4,53,-3,53,-2,54,-1,54,-1,55,0,56,1,57,2,59,3,59]"
CSI_DATA,116,5c:01:3b:6b:b0:95,-48,11,1,5,0,1,1,1,0,0,0,-97,1,11,0,13962742,0,86,1,256,1,"[86,-32,4,0,-22,-17,-21,-17,-21,-16,-21,-15,-21,-15,-20,-15,-20,-14,-20,-13,-20,-12,-20,-11,-20,-11,-20,-10,-20,-10,-20,-10,-20,-10,-19,-10,-19,-11,-18,-11,-17,-11,-16,-11,-15,-11,-14,-11,-13,-11,-12,-11,-12,-10,-3,-3,0,0,0,0,0,0,0,0,0,0,0,0,0,0,0,0,0,0,-5,-3,-17,-11,-17,-12,-17,-13,-18,-14,-17,-15,-17,-16,-17,-17,-17,-18,-17,-19,-16,-19,-16,-20,-16,-20,-16,-20,-16,-20,-16,-19,-17,-19,-17,-19,-17,-18,-18,-18,-19,-18,-19,-18,-20,-18,-20,-17,-21,-18,-22,-18,-22,-17,-14,-9,-44,-29,-44,-30,-43,-29,-42,-28,-41,-27,-40,-26,-39,-25,-39,-23,-39,-21,-40,-20,-40,-18,-40,-17,-40,-16,-40,-16,-39,-17,-39,-17,-38,-17,-37,-17,-36,-17,-34,-18,-32,-18,-30,-18,-28,-18,-27,-18,-25,-18,-23,-18,-23,-17,-21,-18,-4,-4,-2,-2,0,0,1,0,0,0,-2,-1,-7,-2,-36,-10,-36,-12,-34,-18,-34,-20,-34,-23,-34,-25,-35,-27,-35,-29,-35,-31,-35,-32,-35,-34,-34,-34,-34,-35,-34,-35,-34,-35,-34,-35,-34,-35,-35,-35,-35,-34,-35,-33,-36,-32,-37,-32,-38,-31,-39,-31,-40,-30,-42,-30,-43,-30,-43,-29]"
CSI_DATA,117,5c:01:3b:6b:b0:95,-47,11,1,5,0,1,1,1,0,0,0,-97,1,11,0,14014586,0,86,1,256,1,"[86,-32,4,0,-12,21,-12,21,-11,20,-10,20,-10,19,-9,19,-9,19,-8,19,-8,19,-7,19,-6,18,-6,18,-6,19,-6,19,-7,19,-7,18,-7,18,-8,17,-8,16,-8,15,-8,14,-8,13,-8,13,-8,12,-8,11,-2,2,0,0,0,0,0,0,0,0,0,0,0,0,0,0,0,0,0,0,-2,4,-7,17,-8,17,-9,17,-10,18,-11,18,-12,18,-13,18,-14,18,-14,17,-15,18,-16,18,-16,18,-15,17,-15,17,-15,17,-15,17,-14,17,-14,18,-13,18,-13,19,-13,19,-12,19,-12,20,-12,21,-12,21,-13,22,-10,10,-29,36,-29,36,-28,35,-27,34,-26,34,-25,33,-24,33,-22,33,-21,33,-19,33,-18,34,-17,34,-17,34,-17,34,-17,33,-17,33,-17,32,-17,31,-18,30,-18,28,-18,26,-18,25,-18,23,-18,22,-18,21,-18,19,-21,15,-21,14,-4,2,-2,0,0,-1,0,-1,0,-1,-1,1,-3,5,-15,31,-17,30,-17,30,-20,30,-22,29,-24,29,-26,29,-28,29,-29,29,-31,29,-31,28,-32,29,-32,30,-33,30,-33,30,-33,29,-33,29,-33,29,-32,29,-31,29,-31,29,-30,30,-30,31,-29,33,-28,34,-28,36,-28,37,-28,38]"
CSI_DATA,118,5c:01:3b:6b:b0:95,-44,11,1,4,0,1,1,1,0,0,0,-97,1,11,0,14068449,0,86,1,256,1,"[86,-32,4,0,-9,24,-8,24,-7,23,-7,23,-6,22,-6,22,-5,21,-4,21,-4,21,-3,21,-2,21,-1,21,-2,21,-2,21,-2,21,-2,21,-2,20,-3,20,-3,19,-4,18,-4,17,-4,16,-4,15,-5,15,-5,15,-2,3,0,0,0,0,0,0,0,0,0,0,0,0,0,0,0,0,0,0,-2,4,-6,18,-7,19,-8,19,-8,20,-9,20,-11,20,-12,20,-13,20,-13,20,-14,20,-14,20,-14,21,-14,21,-13,21,-13,20,-13,20,-12,20,-12,20,-11,21,-10,21,-10,22,-10,22,-9,23,-9,23,-9,24,-9,25,-8,13,-23,43,-23,43,-23,42,-21,41,-20,40,-19,40,-18,39,-16,38,-15,38,-13,38,-12,38,-10,39,-10,39,-10,39,-10,38,-10,38,-10,37,-10,35,-11,34,-12,33,-13,32,-13,31,-13,29,-13,28,-13,26,-14,25,-19,21,-20,20,-4,3,-2,0,0,-1,0,-2,0,-1,-1,1,-3,6,-15,33,-16,33,-16,34,-18,33,-21,34,-23,34,-24,34,-26,34,-28,34,-29,33,-30,33,-31,33,-31,34,-31,34,-31,34,-32,34,-31,34,-31,34,-30,34,-29,34,-28,35,-27,37,-26,38,-26,39,-25,40,-24,41,-23,43,-23,44]"
CSI_DATA,119,5c:01:3b:6b:b0:95,-40,11,1,5,0,1,1,1,0,0,0,-97,1,11,0,14118608,0,86,1,256,1,"[86,-32,4,0,-8,9,-8,9,-7,9,-7,9,-7,9,-6,9,-6,9,-6,9,-6,9,-5,9,-5,9,-5,9,-5,9,-5,9,-5,9,-5,9,-5,9,-5,8,-5,8,-5,7,-5,7,-6,6,-6,6,-6,6,-6,5,-2,1,0,0,0,0,0,0,0,0,0,0,0,0,0,0,0,0,0,0,-2,2,-6,7,-6,7,-7,7,-7,7,-7,7,-8,8,-9,7,-9,7,-9,7,-9,7,-10,7,-10,7,-10,7,-9,7,-9,7,-9,7,-9,7,-9,7,-9,8,-8,8,-8,8,-8,8,-8,9,-8,9,-9,9,-9,10,-12,9,-37,32,-37,31,-36,31,-34,31,-33,30,-32,30,-30,30,-29,31,-28,31,-26,31,-25,32,-25,31,-25,32,-24,32,-24,32,-24,32,-24,31,-24,30,-24,29,-24,27,-24,25,-24,23,-24,22,-24,21,-24,19,-24,17,-27,11,-28,10,-5,1,-2,0,0,-1,0,-1,0,-1,-2,1,-5,4,-25,27,-26,25,-24,26,-27,25,-29,25,-31,24,-33,24,-35,24,-36,23,-37,22,-38,22,-38,21,-39,21,-40,22,-40,22,-40,22,-40,22,-39,22,-38,22,-37,23,-37,23,-36,25,-36,26,-36,28,-36,29,-36,30,-37,32,-37,32]"
CSI_DATA,120,5c:01:3b:6b:b0:95,-44,11,1,6,0,1,1,1,0,0,0,-97,1,11,0,14170618,0,86,1,256,1,"[86,-32,4,0,16,0,16,0,16,0,15,-1,15,-1,15,-1,14,-1,14,-2,14,-3,14,-3,14,-3,13,-3,13,-3,13,-3,14,-3,14,-3,13,-3,13,-3,13,-2,12,-2,12,-1,11,0,11,0,10,0,10,0,2,0,0,0,0,0,0,0,0,0,0,0,0,0,0,0,0,0,0,0,3,-1,12,-2,13,-1,13,-1,13,0,14,1,15,1,15,1,15,2,15,2,15,3,15,3,15,4,15,4,15,4,15,3,15,3,15,2,15,2,15,2,15,2,15,1,15,1,15,1,16,1,17,1,17,0,9,1,32,4,31,4,30,4,30,3,29,3,28,2,28,1,27,1,27,0,27,-2,27,-3,26,-4,27,-4,27,-4,26,-3,26,-3,26,-2,25,-1,25,-1,24,0,23,1,22,1,21,1,21,2,20,2,19,3,17,7,17,8,2,1,0,0,-1,-1,-1,0,-1,-1,1,-1,3,-1,22,-3,23,-2,24,-1,24,1,25,2,25,4,26,5,26,6,27,8,27,9,27,9,27,9,28,9,28,9,28,9,28,9,28,10,28,10,27,9,27,8,28,8,28,7,28,6,29,5,29,4,30,4,31,3,32,3]"
CSI_DATA,121,5c:01:3b:6b:b0:95,-43,11,1,6,0,1,1,1,0,0,0,-97,1,11,0,14222600,0,86,1,256,1,"[86,-32,4,0,-23,11,-23,11,-22,11,-21,11,-20,11,-20,11,-19,11,-18,12,-18,12,-17,13,-16,13,-16,13,-16,13,-16,14,-16,14,-16,13,-17,13,-17,12,-16,11,-16,10,-16,9,-15,8,-15,8,-15,7,-15,7,-4,1,0,0,0,0,0,0,0,0,0,0,0,0,0,0,0,0,0,0,-5,2,-17,9,-18,9,-18,8,-19,7,-20,7,-22,7,-22,6,-23,5,-23,5,-23,5,-24,5,-24,5,-23,5,-23,5,-23,5,-23,5,-23,6,-23,6,-22,7,-22,7,-22,7,-22,8,-22,9,-22,10,-23,11,-24,11,-15,4,-46,15,-46,15,-44,15,-43,15,-42,15,-41,15,-39,16,-38,16,-37,17,-36,19,-35,21,-34,22,-34,22,-35,22,-34,21,-34,21,-34,20,-34,19,-34,18,-33,16,-33,14,-31,13,-31,12,-30,12,-29,10,-29,9,-29,2,-29,1,-6,0,-2,-1,0,-1,0,-1,0,-1,-2,1,-6,3,-30,17,-32,15,-33,15,-35,13,-37,11,-39,9,-40,8,-42,7,-43,5,-44,4,-44,4,-44,4,-45,5,-46,5,-45,5,-45,4,-45,4,-45,4,-44,4,-44,6,-44,7,-44,8,-44,9,-45,11,-44,13,-45,14,-45,15,-46,16]"
CSI_DATA,122,5c:01:3b:6b:b0:95,-42,11,1,6,0,1,1,1,0,0,0,-97,1,11,0,14274617,0,86,1,256,1,"[86,-32,4,0,-1,27,0,26,0,26,1,25,1,25,1,24,2,23,2,23,3,22,3,22,4,22,4,22,4,22,4,22,4,22,4,22,3,22,3,21,2,21,1,20,0,19,0,19,-1,18,-2,17,-2,17,-1,4,0,0,0,0,0,0,0,0,0,0,0,0,0,0,0,0,0,0,0,4,2,19,1,20,1,21,0,22,-1,22,-2,23,-3,23,-4,23,-5,24,-6,24,-7,24,-7,25,-6,25,-6,25,-6,24,-6,24,-5,24,-4,24,-4,24,-3,25,-2,25,-2,25,-2,25,-2,26,-1,27,-1,28,-4,15,-10,50,-9,49,-9,49,-9,47,-8,46,-7,45,-6,44,-5,44,-3,43,-2,43,0,43,1,43,1,43,1,43,1,43,1,42,1,42,0,41,-2,40,-3,39,-4,38,-5,36,-6,35,-7,34,-8,32,-9,31,-16,27,-18,26,-4,4,-2,1,0,-1,-1,-2,0,-1,-1,2,-1,6,-4,38,-6,38,-2,37,-4,38,-7,39,-9,40,-10,41,-12,42,-14,43,-15,43,-17,43,-18,43,-19,44,-19,44,-19,43,-19,43,-19,43,-18,44,-17,44,-16,43,-15,44,-14,45,-13,45,-13,46,-12,47,-11,49,-10,50,-10,50]"
CSI_DATA,123,5c:01:3b:6b:b0:95,-37,11,1,6,0,1,1,1,0,0,0,-97,1,11,0,14326619,0,86,1,256,1,"[86,-32,4,0,9,-9,9,-9,9,-9,8,-9,8,-9,8,-9,7,-9,7,-9,7,-10,6,-10,6,-10,6,-10,6,-10,6,-10,6,-10,6,-10,6,-10,6,-9,6,-9,6,-8,6,-7,6,-7,6,-6,6,-6,6,-6,1,-2,0,0,0,0,0,0,0,0,0,0,0,0,0,0,0,0,0,0,1,-2,6,-8,6,-8,7,-8,7,-8,8,-8,9,-8,9,-8,10,-7,10,-7,10,-7,10,-7,10,-7,10,-7,10,-7,10,-7,10,-7,10,-7,10,-7,9,-7,9,-8,9,-8,9,-8,9,-8,9,-9,10,-9,10,-10,13,-8,42,-25,42,-25,41,-25,40,-24,39,-24,38,-24,37,-25,35,-25,34,-27,33,-28,32,-29,31,-30,31,-30,31,-30,31,-30,31,-29,31,-28,31,-27,31,-26,31,-24,31,-22,30,-20,30,-19,29,-18,29,-16,29,-14,31,-5,31,-3,5,-1,1,-1,-1,-1,-1,0,-1,0,1,-2,5,-4,31,-21,32,-19,29,-23,31,-22,33,-21,34,-20,36,-19,38,-18,39,-16,41,-15,42,-15,42,-14,44,-15,44,-15,44,-15,44,-15,44,-15,43,-15,42,-16,41,-16,41,-17,41,-18,42,-19,42,-21,42,-22,42,-24,42,-25,43,-26]"
CSI_DATA,124,5c:01:3b:6b:b0:95,-41,11,1,6,0,1,1,1,0,0,0,-97,1,11,0,14378649,0,86,1,256,1,"[86,-32,4,0,-20,-17,-20,-17,-20,-16,-19,-15,-19,-15,-19,-14,-19,-13,-19,-13,-19,-12,-20,-11,-19,-11,-19,-11,-20,-11,-20,-10,-20,-11,-19,-11,-19,-11,-18,-11,-17,-12,-16,-12,-15,-12,-14,-12,-14,-12,-13,-12,-12,-12,-3,-3,0,0,0,0,0,0,0,0,0,0,0,0,0,0,0,0,0,0,-5,-3,-17,-10,-16,-11,-16,-13,-16,-14,-16,-15,-16,-16,-16,-16,-16,-17,-16,-18,-15,-19,-15,-19,-15,-20,-15,-20,-15,-19,-15,-19,-16,-18,-16,-18,-16,-18,-16,-18,-17,-18,-17,-18,-18,-17,-18,-17,-19,-17,-20,-17,-20,-17,-13,-10,-39,-31,-39,-30,-38,-29,-37,-28,-37,-28,-36,-27,-36,-26,-36,-25,-37,-23,-37,-21,-38,-20,-38,-18,-38,-18,-38,-18,-38,-18,-38,-18,-37,-19,-36,-20,-35,-21,-33,-21,-32,-22,-30,-21,-28,-21,-27,-21,-25,-21,-23,-21,-22,-21,-20,-22,-4,-5,-1,-2,0,0,0,0,0,0,-2,-1,-6,-2,-33,-12,-32,-14,-31,-18,-31,-21,-31,-23,-31,-25,-31,-27,-31,-30,-31,-32,-30,-33,-30,-34,-30,-35,-30,-35,-30,-35,-29,-35,-29,-35,-29,-35,-30,-35,-31,-34,-31,-33,-32,-33,-32,-33,-33,-32,-34,-31,-35,-31,-37,-30,-38,-30,-38,-30]"
CSI_DATA,125,5c:01:3b:6b:b0:95,-42,11,1,6,0,1,1,1,0,0,0,-97,1,11,0,14430603,0,86,1,256,1,"[86,-32,4,0,24,-4,24,-4,23,-4,22,-4,22,-5,21,-5,21,-6,20,-7,20,-8,19,-8,19,-8,19,-8,19,-9,19,-9,19,-9,19,-8,19,-8,19,-7,18,-7,18,-6,17,-5,16,-4,16,-4,16,-3,15,-3,3,-1,0,0,0,0,0,0,0,0,0,0,0,0,0,0,0,0,0,0,4,-1,18,-4,18,-3,19,-2,19,-2,20,-1,21,0,22,0,22,1,22,2,22,2,23,2,23,2,22,2,22,3,22,2,22,2,22,1,22,0,22,0,22,0,22,-1,23,-2,23,-2,23,-3,24,-3,25,-4,14,-2,46,-4,46,-4,45,-4,44,-4,43,-5,42,-6,41,-7,40,-8,39,-9,38,-11,38,-13,37,-13,38,-14,38,-14,37,-13,37,-13,37,-12,37,-11,36,-10,36,-9,34,-8,33,-7,32,-6,31,-5,30,-3,29,-2,28,3,28,4,4,0,1,0,-1,-1,-1,0,-1,0,1,-1,5,-2,31,-10,32,-7,34,-5,35,-3,36,-2,37,0,38,1,39,3,40,5,41,6,41,7,41,7,42,6,43,6,42,6,42,7,43,7,43,7,42,6,42,5,42,4,43,2,43,1,44,0,44,-2,45,-3,46,-4,47,-4]"
CSI_DATA,126,5c:01:3b:6b:b0:95,-37,11,1,5,0,1,1,1,0,0,0,-97,1,11,0,14484322,0,86,1,256,1,"[86,-32,4,0,5,-12,4,-12,4,-12,4,-11,3,-11,3,-11,3,-11,3,-11,2,-11,2,-11,1,-11,1,-11,1,-11,1,-11,1,-11,2,-11,2,-11,2,-11,2,-10,2,-10,2,-9,2,-9,3,-9,3,-8,3,-8,0,-2,0,0,0,0,0,0,0,0,0,0,0,0,0,0,0,0,0,0,0,-3,3,-9,3,-9,3,-9,4,-10,5,-10,5,-10,6,-10,6,-10,6,-9,7,-10,7,-10,7,-10,7,-10,6,-10,7,-10,6,-10,6,-10,6,-10,6,-10,5,-10,5,-11,5,-11,5,-11,5,-11,5,-12,5,-12,6,-13,22,-42,21,-43,21,-42,20,-41,18,-41,18,-40,17,-41,15,-40,13,-40,11,-41,10,-41,8,-41,8,-41,8,-41,9,-41,9,-40,10,-40,10,-39,11,-38,11,-36,12,-35,13,-34,13,-32,14,-31,14,-29,15,-27,18,-24,19,-22,3,-4,1,-2,-1,0,-1,0,-1,0,0,-2,1,-7,9,-34,10,-33,12,-33,15,-33,17,-34,19,-34,21,-34,23,-34,25,-34,26,-34,27,-34,28,-34,28,-35,29,-35,29,-35,29,-35,29,-34,28,-35,27,-35,26,-35,25,-36,25,-37,24,-38,24,-40,23,-41,22,-42,22,-42,22,-42]"
CSI_DATA,127,5c:01:3b:6b:b0:95,-39,11,1,6,0,1,1,1,0,0,0,-97,1,11,0,14534635,0,86,1,256,1,"[86,-32,4,0,19,14,18,13,19,12,18,12,18,12,17,11,17,10,17,9,18,8,18,8,18,7,18,7,18,7,18,7,18,7,18,8,17,8,17,8,16,8,15,9,14,9,13,9,13,9,12,9,11,9,2,2,0,0,0,0,0,0,0,0,0,0,0,0,0,0,0,0,0,0,3,2,15,8,15,9,15,10,15,12,15,13,15,14,15,14,15,14,14,15,14,16,15,16,14,17,14,17,14,16,14,16,14,16,15,15,15,15,15,15,16,15,17,14,17,14,17,14,18,14,19,15,20,14,11,8,38,26,37,25,36,24,36,23,35,22,34,21,34,20,34,18,35,17,35,15,36,13,36,12,36,12,36,13,36,13,35,13,35,14,34,14,33,15,31,16,30,16,28,16,27,16,26,16,24,16,22,17,21,17,19,18,3,3,0,0,-1,-1,-1,-1,-1,-1,1,0,5,1,31,8,31,10,30,15,30,17,30,19,29,21,29,23,29,25,29,27,29,28,28,29,29,29,29,29,29,30,29,30,29,30,29,30,29,30,29,29,29,28,30,28,31,27,32,26,33,26,34,25,36,25,37,25,37,25]"
CSI_DATA,128,5c:01:3b:6b:b0:95,-42,11,1,5,0,1,1,1,0,0,0,-97,1,11,0,14589178,0,86,1,256,1,"[86,-32,4,0,13,-24,13,-24,12,-23,11,-23,11,-23,10,-22,10,-22,9,-22,8,-22,7,-23,7,-22,6,-23,6,-23,7,-22,7,-22,7,-22,8,-22,8,-21,9,-20,9,-19,9,-18,9,-17,9,-16,10,-15,10,-15,2,-4,0,0,0,0,0,0,0,0,0,0,0,0,0,0,0,0,0,0,1,-5,7,-19,8,-19,9,-20,10,-20,11,-20,12,-20,14,-20,14,-19,15,-19,15,-19,16,-20,16,-20,16,-20,16,-20,16,-19,16,-19,15,-20,15,-20,14,-20,14,-21,14,-22,13,-22,13,-22,13,-23,13,-24,14,-25,10,-12,33,-39,33,-39,32,-38,31,-38,30,-37,29,-37,28,-36,26,-37,24,-37,23,-37,21,-39,20,-39,20,-39,21,-39,21,-39,20,-38,21,-37,21,-37,22,-36,23,-33,23,-31,23,-29,23,-28,23,-26,23,-24,23,-22,28,-15,28,-13,5,-3,1,-1,-1,0,-1,0,-1,0,1,-2,3,-6,20,-31,22,-30,19,-32,22,-32,24,-32,26,-31,28,-31,30,-31,32,-31,34,-30,34,-30,35,-29,36,-30,36,-30,37,-30,37,-29,37,-29,36,-30,35,-31,35,-31,34,-31,34,-32,33,-34,33,-35,32,-36,32,-38,32,-39,33,-40]"
CSI_DATA,129,5c:01:3b:6b:b0:95,-43,11,1,6,0,1,1,1,0,0,0,-97,1,11,0,14638676,0,86,1,256,1,"[86,-32,4,0,-17,-23,-17,-23,-17,-21,-17,-21,-17,-20,-17,-19,-17,-18,-17,-17,-18,-16,-18,-16,-19,-16,-19,-16,-19,-16,-19,-15,-19,-15,-18,-16,-18,-16,-17,-16,-16,-16,-15,-16,-14,-16,-13,-15,-12,-15,-11,-15,-10,-15,-3,-4,0,0,0,0,0,0,0,0,0,0,0,0,0,0,0,0,0,0,-4,-4,-13,-15,-13,-16,-13,-18,-13,-19,-13,-20,-12,-21,-12,-21,-11,-22,-11,-23,-11,-23,-11,-24,-11,-24,-10,-25,-10,-24,-11,-24,-11,-23,-12,-23,-12,-22,-13,-23,-14,-23,-14,-23,-15,-22,-15,-22,-16,-23,-17,-23,-17,-23,-7,-15,-23,-47,-23,-47,-22,-45,-22,-44,-22,-42,-22,-41,-23,-40,-23,-39,-24,-38,-26,-36,-28,-36,-29,-35,-29,-35,-29,-35,-28,-34,-28,-34,-27,-34,-26,-34,-25,-34,-23,-34,-21,-34,-19,-33,-18,-32,-17,-32,-15,-31,-14,-31,-5,-32,-3,-31,-1,-6,0,-2,0,0,0,0,0,0,-2,-2,-4,-6,-18,-32,-16,-34,-20,-33,-18,-35,-17,-37,-15,-39,-14,-40,-13,-42,-12,-44,-11,-45,-11,-46,-11,-46,-11,-47,-12,-47,-11,-47,-10,-47,-10,-47,-11,-47,-12,-46,-13,-45,-14,-45,-15,-45,-16,-45,-18,-45,-19,-45,-21,-46,-22,-47,-23,-47]"
CSI_DATA,130,5c:01:3b:6b:b0:95,-39,11,1,7,0,1,1,1,0,0,0,-97,1,11,0,14690599,0,86,1,256,1,"[86,-32,4,0,-9,8,-9,8,-9,8,-8,8,-8,7,-8,7,-8,7,-7,8,-7,8,-6,8,-6,8,-6,8,-6,8,-6,8,-6,8,-6,8,-6,8,-7,8,-7,7,-7,7,-7,6,-6,5,-6,5,-6,5,-7,5,-2,1,0,0,0,0,0,0,0,0,0,0,0,0,0,0,0,0,0,0,-2,1,-6,6,-7,6,-7,6,-8,6,-8,6,-9,6,-9,6,-10,6,-10,5,-10,5,-10,5,-10,6,-10,5,-10,5,-10,5,-10,5,-10,6,-10,6,-10,6,-10,6,-10,6,-9,7,-9,7,-9,8,-9,8,-9,8,-11,9,-34,33,-35,32,-34,31,-33,31,-31,30,-30,30,-28,30,-27,30,-26,31,-25,31,-24,32,-23,32,-23,32,-22,33,-22,33,-23,32,-23,32,-23,31,-24,30,-24,28,-24,26,-24,24,-24,23,-24,22,-24,20,-24,19,-25,16,-25,15,-5,2,-2,0,0,-1,0,-2,0,-1,-1,1,-3,5,-18,28,-19,26,-23,25,-25,24,-27,24,-29,24,-31,24,-32,24,-34,23,-35,22,-36,21,-37,21,-37,22,-38,22,-38,21,-38,21,-38,21,-37,21,-37,22,-36,23,-35,24,-35,25,-35,26,-35,27,-34,29,-34,30,-34,31,-34,31]"
CSI_DATA,131,5c:01:3b:6b:b0:95,-38,11,1,6,0,1,1,1,0,0,0,-97,1,11,0,14748397,0,86,1,256,1,"[86,-32,4,0,-14,-1,-14,-1,-13,-1,-13,0,-13,0,-12,0,-12,1,-12,1,-12,1,-12,1,-12,1,-12,2,-12,2,-12,2,-12,2,-12,2,-12,1,-11,1,-11,1,-11,0,-10,0,-10,-1,-10,-1,-9,-1,-9,-2,-3,-1,0,0,0,0,0,0,0,0,0,0,0,0,0,0,0,0,0,0,-3,0,-10,1,-11,0,-11,0,-11,-1,-11,-1,-12,-1,-12,-2,-12,-2,-12,-2,-12,-3,-13,-3,-13,-3,-12,-3,-12,-3,-12,-3,-13,-3,-13,-3,-12,-2,-12,-2,-13,-2,-13,-2,-13,-1,-13,-1,-13,-1,-14,-1,-14,-1,-16,-3,-51,-8,-51,-8,-50,-8,-49,-7,-47,-6,-47,-5,-46,-4,-45,-3,-45,-1,-45,0,-45,1,-45,2,-45,3,-45,3,-44,3,-44,2,-43,1,-43,0,-43,-1,-41,-2,-39,-4,-38,-5,-37,-5,-35,-6,-34,-7,-33,-9,-30,-14,-29,-15,-6,-3,-2,-1,0,0,0,-1,0,-1,-2,0,-7,0,-36,1,-37,-1,-38,-1,-39,-3,-40,-6,-41,-8,-41,-10,-42,-12,-43,-13,-43,-14,-43,-16,-44,-16,-45,-16,-45,-17,-44,-17,-44,-17,-44,-17,-45,-17,-44,-16,-45,-15,-45,-14,-46,-13,-46,-11,-47,-10,-48,-9,-49,-8,-50,-8,-51,-8]"
CSI_DATA,132,5c:01:3b:6b:b0:95,-39,11,1,7,0,1,1,1,0,0,0,-97,1,11,0,14795091,0,86,1,256,1,"[86,-32,4,0,5,-22,5,-22,4,-21,4,-21,4,-21,3,-20,3,-20,2,-20,2,-19,1,-20,0,-20,0,-20,0,-20,0,-19,0,-20,0,-20,1,-19,1,-19,2,-18,3,-17,3,-16,3,-16,3,-15,4,-15,4,-14,1,-4,0,0,0,0,0,0,0,0,0,0,0,0,0,0,0,0,0,0,0,-5,2,-17,3,-18,4,-18,4,-18,5,-19,6,-19,7,-19,8,-19,9,-19,9,-19,9,-20,9,-20,9,-20,9,-19,9,-19,9,-19,9,-19,8,-19,8,-20,7,-20,6,-21,6,-21,6,-21,6,-22,6,-23,6,-23,5,-13,16,-41,17,-40,16,-39,16,-38,15,-37,14,-37,13,-36,12,-36,10,-36,8,-36,6,-36,5,-37,5,-37,5,-37,5,-36,5,-36,6,-36,6,-35,7,-34,8,-33,9,-32,9,-30,10,-29,10,-28,10,-26,11,-25,16,-21,17,-20,3,-4,0,-1,-1,0,-1,0,-1,0,0,-2,1,-6,10,-31,11,-30,9,-31,11,-31,13,-31,15,-32,16,-32,18,-32,19,-32,21,-32,22,-32,22,-32,23,-33,23,-33,23,-33,23,-33,23,-33,22,-33,22,-33,21,-33,21,-33,20,-34,19,-35,19,-36,18,-37,17,-39,17,-40,16,-41]"
CSI_DATA,133,5c:01:3b:6b:b0:95,-42,11,1,6,0,1,1,1,0,0,0,-97,1,11,0,14848469,0,86,1,256,1,"[86,-32,4,0,18,-18,18,-18,17,-17,16,-17,16,-17,15,-17,14,-17,14,-17,13,-18,12,-18,12,-18,12,-18,12,-18,12,-18,12,-18,12,-18,13,-17,13,-17,13,-16,13,-15,13,-14,12,-12,12,-12,12,-11,12,-10,3,-3,0,0,0,0,0,0,0,0,0,0,0,0,0,0,0,0,0,0,2,-4,12,-15,12,-15,13,-15,14,-15,15,-15,17,-15,18,-14,19,-14,19,-13,19,-13,20,-14,20,-13,20,-13,20,-13,20,-13,20,-13,19,-13,19,-14,18,-14,18,-15,18,-15,18,-16,18,-16,18,-17,19,-18,20,-18,12,-7,40,-25,40,-25,39,-24,38,-24,37,-24,36,-24,35,-24,33,-24,32,-25,31,-26,30,-27,29,-28,29,-29,29,-28,29,-28,29,-27,29,-27,29,-26,30,-24,29,-22,29,-21,28,-19,28,-18,27,-17,27,-15,26,-13,29,-5,29,-3,5,-1,1,-1,-1,0,-1,0,-1,0,1,-2,4,-4,28,-21,29,-20,27,-23,29,-22,31,-21,33,-20,35,-19,36,-18,38,-17,39,-16,40,-15,40,-15,41,-16,42,-15,41,-15,41,-15,41,-15,41,-15,40,-15,40,-16,40,-17,40,-18,40,-19,40,-21,40,-22,40,-24,40,-25,41,-26]"
CSI_DATA,134,5c:01:3b:6b:b0:95,-44,11,1,7,0,1,1,1,0,0,0,-97,1,11,0,14898723,0,86,1,256,1,"[86,-32,4,0,-9,-27,-9,-27,-9,-26,-9,-25,-10,-24,-10,-24,-10,-23,-11,-22,-11,-21,-11,-21,-12,-21,-12,-21,-12,-21,-12,-21,-12,-21,-12,-21,-11,-21,-11,-21,-10,-20,-9,-20,-8,-19,-7,-19,-6,-19,-5,-18,-5,-18,-1,-5,0,0,0,0,0,0,0,0,0,0,0,0,0,0,0,0,0,0,-3,-5,-9,-19,-9,-20,-8,-22,-8,-23,-7,-23,-6,-24,-5,-25,-5,-25,-4,-25,-3,-26,-3,-26,-2,-27,-2,-27,-2,-27,-3,-26,-3,-26,-4,-26,-4,-25,-5,-26,-6,-26,-6,-26,-7,-26,-7,-26,-7,-27,-8,-28,-9,-27,-4,-17,-13,-53,-13,-52,-12,-51,-12,-49,-12,-47,-12,-46,-13,-45,-14,-44,-16,-43,-18,-42,-20,-41,-22,-40,-22,-41,-21,-41,-21,-41,-20,-41,-19,-41,-18,-40,-17,-40,-15,-39,-14,-39,-12,-38,-11,-36,-10,-35,-8,-34,-7,-34,-2,-34,0,-33,0,-6,0,-2,-1,0,0,0,0,0,-2,-2,-4,-6,-18,-33,-17,-35,-16,-38,-14,-40,-11,-42,-9,-44,-8,-45,-6,-46,-5,-47,-3,-48,-3,-49,-3,-50,-3,-50,-3,-50,-3,-50,-2,-50,-2,-50,-2,-50,-3,-49,-3,-49,-4,-49,-5,-49,-6,-49,-7,-49,-10,-49,-12,-50,-13,-52,-14,-52]"
CSI_DATA,135,5c:01:3b:6b:b0:95,-44,11,1,7,0,1,1,1,0,0,0,-97,1,11,0,14950691,0,86,1,256,1,"[86,-32,4,0,-4,-26,-4,-26,-4,-25,-4,-24,-5,-24,-5,-23,-6,-23,-6,-22,-6,-22,-7,-22,-8,-22,-8,-22,-8,-22,-8,-21,-8,-22,-8,-21,-7,-21,-6,-21,-6,-21,-5,-20,-4,-20,-3,-19,-2,-18,-2,-18,-1,-18,-1,-5,0,0,0,0,0,0,0,0,0,0,0,0,0,0,0,0,0,0,-1,-5,-4,-18,-4,-19,-3,-20,-3,-21,-2,-21,-1,-22,0,-22,0,-22,1,-23,1,-23,2,-24,2,-24,2,-24,2,-24,2,-24,1,-24,1,-23,0,-23,-1,-24,-1,-24,-2,-25,-2,-25,-2,-25,-3,-25,-3,-26,-3,-26,0,-16,1,-50,2,-50,2,-49,1,-47,1,-46,0,-45,-1,-44,-3,-44,-4,-43,-6,-43,-7,-43,-8,-42,-9,-42,-9,-42,-9,-42,-8,-42,-7,-41,-7,-41,-6,-41,-4,-40,-3,-39,-1,-38,0,-36,1,-35,2,-33,3,-32,10,-30,12,-28,2,-5,0,-2,-1,0,0,1,-1,0,-1,-2,-1,-6,-3,-34,-1,-35,-3,-35,-1,-36,1,-37,2,-38,4,-40,5,-40,7,-41,8,-42,9,-42,9,-43,10,-43,10,-44,10,-43,11,-43,11,-44,10,-44,9,-43,8,-43,8,-44,7,-44,6,-45,5,-46,4,-46,2,-47,2,-49,1,-50]"
CSI_DATA,136,5c:01:3b:6b:b0:95,-51,11,1,6,0,1,1,1,0,0,0,-97,1,11,0,15005786,0,86,1,256,1,"[86,-32,4,0,24,4,24,3,23,3,23,2,22,1,22,1,21,0,21,-1,20,-2,20,-2,19,-2,19,-2,19,-3,19,-3,19,-3,19,-3,19,-3,18,-3,18,-3,17,-2,16,-2,16,-1,15,-1,14,0,14,0,3,0,0,0,0,0,0,0,0,0,0,0,0,0,0,0,0,0,0,0,4,-1,18,-1,19,-1,19,1,20,2,20,2,21,3,22,4,22,5,23,6,23,7,23,8,22,9,22,9,21,9,22,8,22,7,22,7,22,6,22,6,23,5,23,5,24,5,24,5,24,5,25,5,25,4,14,3,48,9,46,9,45,9,44,8,43,7,43,6,42,4,41,3,40,1,39,0,39,-2,38,-3,38,-4,38,-4,37,-4,37,-3,37,-3,36,-3,36,-3,35,-2,33,-1,31,0,30,0,29,1,27,2,27,2,26,5,25,6,4,1,1,0,-1,-1,-2,0,-1,-1,1,-1,5,-2,32,-6,33,-4,35,-2,36,0,37,3,38,5,39,7,40,9,41,12,42,14,42,15,42,16,43,17,42,17,42,17,42,18,42,18,42,17,42,17,42,15,42,14,43,13,44,12,45,11,45,11,46,10,47,10,47,9]"
CSI_DATA,137,5c:01:3b:6b:b0:95,-43,11,1,7,0,1,1,1,0,0,0,-97,1,11,0,15054833,0,86,1,256,1,"[86,-32,4,0,-23,16,-22,16,-21,16,-20,16,-20,16,-20,16,-19,16,-18,16,-18,16,-17,17,-16,17,-16,17,-16,17,-16,17,-17,17,-17,17,-17,16,-18,15,-18,14,-18,13,-17,12,-17,11,-17,10,-17,9,-17,9,-5,2,0,0,0,0,0,0,0,0,0,0,0,0,0,0,0,0,0,0,-3,3,-12,13,-13,13,-14,13,-15,13,-16,12,-18,12,-19,12,-20,12,-20,11,-21,11,-22,11,-22,11,-21,11,-21,11,-22,11,-22,11,-22,12,-21,12,-21,12,-21,13,-21,14,-21,14,-21,15,-22,15,-22,16,-23,17,-14,8,-45,29,-44,29,-44,29,-43,28,-42,28,-41,28,-40,27,-38,28,-37,28,-35,29,-34,31,-33,31,-33,32,-33,32,-33,32,-33,32,-34,31,-34,30,-34,28,-35,25,-35,23,-34,22,-33,20,-33,19,-32,17,-32,15,-33,11,-33,9,-6,1,-2,0,0,-1,0,-1,0,-1,-2,1,-4,4,-20,25,-21,24,-24,24,-26,23,-28,23,-31,22,-33,22,-35,21,-37,20,-39,19,-40,19,-41,18,-42,19,-43,19,-43,18,-43,18,-43,18,-43,19,-42,20,-42,20,-42,21,-43,22,-43,23,-43,25,-43,26,-43,27,-44,28,-44,29]"
CSI_DATA,138,5c:01:3b:6b:b0:95,-46,11,1,6,0,1,1,1,0,0,0,-97,1,11,0,15112030,0,86,1,256,1,"[86,-32,4,0,8,13,8,12,9,12,8,11,8,11,8,10,9,10,9,9,9,9,9,8,9,8,9,8,9,8,9,8,9,8,9,8,9,8,8,7,8,7,7,7,6,7,6,7,6,7,5,7,5,7,1,1,0,0,0,0,0,0,0,0,0,0,0,0,0,0,0,0,0,0,2,1,8,8,7,8,7,9,7,10,7,11,7,11,6,12,6,12,6,12,6,13,5,13,5,14,5,14,5,13,5,13,5,13,6,13,6,13,6,13,7,13,7,13,7,13,7,13,8,13,9,13,9,13,7,16,27,54,26,53,25,52,25,50,25,48,25,46,26,44,27,43,28,41,29,39,30,37,30,36,30,36,31,36,30,35,30,35,29,35,28,35,27,35,25,34,23,33,20,31,19,31,17,30,15,29,14,29,7,32,5,31,0,5,0,1,-1,-1,-1,-1,-1,-1,1,1,4,5,25,32,24,34,25,34,24,37,23,40,21,43,20,45,19,48,18,50,17,51,16,52,15,53,15,54,14,55,14,54,13,54,13,54,14,55,15,54,15,53,17,53,18,53,19,52,21,52,23,52,25,53,26,54,27,54]"
CSI_DATA,139,5c:01:3b:6b:b0:95,-38,11,1,6,0,1,1,1,0,0,0,-97,1,11,0,15161495,0,86,1,256,1,"[86,-32,4,0,7,-11,6,-11,6,-11,6,-11,5,-11,5,-11,5,-11,5,-11,4,-11,4,-11,3,-11,3,-11,3,-11,4,-11,4,-11,4,-11,4,-11,4,-11,4,-10,4,-10,4,-9,4,-9,4,-8,5,-8,5,-7,1,-2,0,0,0,0,0,0,0,0,0,0,0,0,0,0,0,0,0,0,0,-2,3,-8,4,-8,4,-9,5,-9,5,-9,6,-9,7,-9,7,-9,7,-9,7,-9,8,-9,8,-9,8,-9,7,-9,7,-9,8,-9,8,-9,7,-9,7,-9,7,-10,7,-10,7,-10,6,-10,6,-11,7,-11,7,-12,10,-11,33,-36,33,-36,33,-35,33,-34,31,-33,30,-34,28,-34,27,-34,25,-35,23,-35,22,-36,21,-37,22,-37,22,-37,22,-36,22,-36,22,-35,23,-34,24,-34,24,-32,24,-30,23,-28,23,-26,23,-25,23,-23,23,-21,28,-13,29,-11,5,-2,1,-1,-1,0,-1,0,-1,0,0,-2,3,-5,20,-25,21,-24,19,-27,21,-27,24,-26,25,-26,27,-26,29,-25,31,-25,32,-24,33,-24,34,-23,35,-24,36,-24,36,-24,36,-24,36,-24,36,-25,35,-25,35,-25,35,-26,35,-27,34,-28,33,-30,33,-31,33,-33,33,-35,34,-36]"
CSI_DATA,140,5c:01:3b:6b:b0:95,-44,11,1,7,0,1,1,1,0,0,0,-97,1,11,0,15211958,0,86,1,256,1,"[86,-32,4,0,-18,-21,-17,-20,-17,-19,-17,-18,-18,-18,-17,-17,-17,-16,-18,-15,-18,-15,-19,-14,-19,-14,-19,-13,-19,-13,-19,-13,-19,-13,-19,-13,-18,-14,-17,-14,-17,-14,-16,-14,-15,-14,-14,-14,-13,-14,-12,-14,-11,-14,-3,-4,0,0,0,0,0,0,0,0,0,0,0,0,0,0,0,0,0,0,-4,-3,-13,-12,-13,-13,-13,-15,-13,-16,-13,-17,-12,-17,-12,-18,-11,-19,-11,-20,-11,-20,-12,-20,-12,-21,-12,-21,-12,-21,-11,-21,-12,-21,-12,-20,-13,-20,-13,-20,-14,-20,-14,-20,-15,-20,-16,-20,-17,-20,-17,-20,-18,-20,-11,-12,-34,-39,-33,-39,-32,-38,-32,-37,-31,-35,-31,-34,-31,-33,-32,-32,-33,-30,-34,-29,-35,-27,-36,-26,-36,-26,-36,-26,-36,-26,-36,-26,-35,-26,-34,-27,-33,-27,-31,-28,-29,-28,-27,-28,-26,-27,-25,-27,-22,-27,-21,-27,-17,-27,-15,-27,-3,-5,-1,-2,0,0,0,0,0,0,-2,-1,-5,-3,-26,-18,-26,-20,-25,-23,-24,-25,-24,-28,-23,-30,-23,-32,-23,-34,-22,-35,-21,-37,-21,-38,-21,-39,-21,-39,-21,-40,-21,-40,-21,-40,-21,-40,-22,-40,-23,-40,-24,-39,-24,-39,-25,-39,-26,-39,-27,-38,-29,-38,-31,-38,-32,-38,-33,-39]"
CSI_DATA,141,5c:01:3b:6b:b0:95,-44,11,1,7,0,1,1,1,0,0,0,-97,1,11,0,15263629,0,86,1,256,1,"[86,-32,4,0,1,-28,1,-27,0,-27,0,-26,-1,-26,-1,-25,-2,-25,-3,-24,-3,-24,-4,-24,-5,-23,-5,-23,-5,-24,-5,-24,-5,-24,-4,-24,-4,-24,-3,-23,-3,-23,-2,-22,-1,-21,-1,-21,0,-20,1,-19,1,-18,0,-5,0,0,0,0,0,0,0,0,0,0,0,0,0,0,0,0,0,0,-1,-5,-1,-19,0,-20,1,-21,1,-21,2,-22,3,-22,4,-22,5,-23,6,-23,6,-23,7,-24,7,-24,7,-24,7,-24,6,-24,6,-24,5,-24,5,-24,4,-25,4,-25,3,-26,3,-26,2,-26,2,-27,2,-28,2,-28,3,-16,9,-52,8,-52,8,-51,7,-49,7,-48,6,-48,5,-47,4,-46,1,-46,-1,-45,-3,-46,-5,-46,-5,-46,-5,-46,-5,-46,-4,-45,-3,-45,-2,-44,-1,-44,1,-43,2,-41,3,-40,3,-38,4,-37,5,-35,6,-34,12,-31,14,-30,2,-5,0,-2,-1,0,-1,0,-1,0,-1,-2,-1,-6,0,-34,2,-34,1,-36,4,-37,6,-38,8,-39,10,-40,12,-40,14,-41,16,-41,16,-41,17,-42,16,-43,17,-44,17,-44,18,-44,18,-43,17,-44,16,-44,16,-44,15,-44,15,-45,14,-46,13,-47,11,-48,9,-49,8,-51,8,-53]"
CSI_DATA,142,5c:01:3b:6b:b0:95,-43,11,1,6,0,1,1,1,0,0,0,-97,1,11,0,15315655,0,86,1,256,1,"[86,-32,4,0,26,6,25,6,24,5,24,5,24,4,23,4,23,3,22,2,22,1,22,0,22,0,22,0,22,0,22,0,22,0,22,0,22,0,22,1,21,2,20,2,19,3,18,3,18,4,17,4,16,5,4,1,0,0,0,0,0,0,0,0,0,0,0,0,0,0,0,0,0,0,4,0,19,1,19,2,19,3,20,4,21,5,21,6,22,7,22,7,22,8,22,9,22,9,22,10,22,10,21,10,22,10,22,10,22,9,22,8,22,8,23,8,23,8,24,7,24,7,25,7,26,6,27,6,14,6,46,21,45,20,44,20,44,19,43,18,42,16,42,15,41,14,41,12,41,11,41,9,41,8,42,8,42,8,41,8,41,8,40,9,40,9,40,10,38,11,36,12,34,12,32,13,31,13,29,14,28,15,23,22,21,22,3,4,0,1,-1,-1,-2,-1,-1,-1,1,0,5,1,33,8,33,11,34,8,34,11,35,13,35,15,36,17,36,20,37,22,36,23,36,25,37,25,37,26,38,26,37,27,37,27,37,27,37,27,37,26,38,25,39,24,40,24,40,23,42,21,43,20,44,20,45,20,46,20]"
CSI_DATA,143,5c:01:3b:6b:b0:95,-46,11,1,6,0,1,1,1,0,0,0,-97,1,11,0,15367649,0,86,1,256,1,"[86,-32,4,0,25,-2,24,-2,23,-3,22,-3,22,-3,21,-3,21,-4,20,-5,20,-6,19,-6,19,-7,18,-7,18,-7,19,-7,19,-7,19,-7,18,-6,18,-6,17,-5,17,-4,16,-4,15,-3,15,-3,14,-2,14,-2,3,-1,0,0,0,0,0,0,0,0,0,0,0,0,0,0,0,0,0,0,4,-2,18,-5,19,-4,19,-3,20,-2,21,-2,22,-1,23,0,23,1,23,2,23,2,24,3,24,3,23,3,23,3,23,3,23,3,23,2,23,1,23,1,23,1,23,0,23,0,23,-1,24,-1,25,-1,26,-2,14,-1,48,-2,47,-2,46,-2,45,-3,44,-3,43,-4,42,-5,41,-6,40,-7,39,-9,38,-12,37,-13,37,-13,37,-13,37,-12,36,-12,36,-11,35,-10,35,-9,34,-8,33,-7,31,-6,30,-6,29,-5,28,-4,27,-3,27,0,26,2,4,0,1,0,-1,-1,-2,0,-1,0,1,-2,5,-3,32,-16,32,-13,35,-9,37,-7,38,-4,40,-2,41,0,42,2,43,4,44,6,44,7,45,7,46,6,46,5,45,6,45,6,45,7,45,7,44,7,44,6,44,5,45,4,46,3,46,1,46,0,47,-2,48,-3,48,-3]"
CSI_DATA,144,5c:01:3b:6b:b0:95,-43,11,1,5,0,1,1,1,0,0,0,-97,1,11,0,15422779,0,86,1,256,1,"[86,-32,4,0,11,-24,11,-24,10,-24,10,-23,9,-23,8,-23,7,-22,7,-22,6,-22,5,-23,5,-22,4,-22,4,-23,5,-22,5,-22,5,-22,5,-22,6,-21,6,-20,6,-20,7,-18,6,-17,7,-17,7,-16,7,-15,2,-4,0,0,0,0,0,0,0,0,0,0,0,0,0,0,0,0,0,0,1,-4,6,-17,6,-17,7,-18,8,-18,9,-18,10,-18,12,-19,12,-19,13,-19,13,-19,14,-19,14,-19,14,-19,14,-19,14,-19,14,-19,14,-20,13,-20,13,-20,12,-21,12,-21,12,-22,11,-22,11,-23,12,-24,13,-25,9,-13,29,-41,29,-41,28,-40,27,-39,26,-38,25,-38,24,-38,23,-38,21,-38,19,-39,17,-40,16,-40,16,-40,16,-40,16,-40,16,-39,17,-38,17,-37,18,-36,18,-34,19,-33,18,-31,18,-29,18,-28,18,-26,19,-24,25,-18,25,-16,4,-3,1,-1,-1,0,-1,0,-1,0,0,-2,2,-6,14,-29,15,-28,15,-29,17,-29,19,-30,21,-30,23,-30,26,-30,28,-30,29,-30,30,-29,30,-29,31,-30,32,-31,32,-31,33,-30,33,-30,32,-31,32,-32,31,-32,31,-32,31,-33,31,-34,30,-36,29,-37,29,-39,29,-41,29,-41]"
CSI_DATA,145,5c:01:3b:6b:b0:95,-42,11,1,6,0,1,1,1,0,0,0,-97,1,11,0,15471698,0,86,1,256,1,"[86,-32,4,0,-23,-18,-23,-17,-22,-16,-22,-15,-22,-15,-21,-15,-21,-14,-21,-12,-22,-11,-22,-10,-22,-10,-22,-10,-22,-10,-22,-10,-22,-10,-22,-10,-22,-10,-21,-11,-20,-11,-19,-11,-18,-12,-17,-12,-16,-11,-15,-11,-15,-11,-4,-3,0,0,0,0,0,0,0,0,0,0,0,0,0,0,0,0,0,0,-5,-3,-17,-9,-18,-10,-18,-12,-18,-13,-18,-14,-18,-15,-18,-16,-17,-17,-17,-18,-17,-18,-18,-19,-18,-19,-17,-20,-17,-19,-17,-19,-18,-19,-18,-18,-18,-18,-19,-18,-19,-18,-20,-18,-20,-18,-21,-17,-22,-17,-23,-17,-24,-17,-10,-13,-33,-41,-32,-41,-31,-40,-30,-39,-30,-37,-30,-36,-30,-35,-31,-34,-31,-32,-32,-31,-34,-29,-35,-28,-35,-28,-35,-28,-34,-28,-34,-28,-33,-28,-32,-28,-31,-29,-29,-29,-28,-29,-26,-28,-24,-28,-23,-27,-21,-27,-19,-27,-9,-32,-7,-32,-2,-6,-1,-2,0,0,0,0,0,0,-2,-2,-5,-5,-23,-26,-22,-28,-26,-24,-25,-27,-24,-29,-24,-32,-23,-34,-23,-36,-22,-38,-21,-40,-21,-41,-21,-41,-22,-41,-22,-41,-21,-42,-21,-42,-21,-42,-21,-42,-22,-42,-22,-41,-23,-41,-24,-41,-25,-40,-27,-40,-29,-40,-30,-40,-32,-41,-32,-41]"
CSI_DATA,146,5c:01:3b:6b:b0:95,-41,11,1,6,0,1,1,1,0,0,0,-97,1,11,0,15525363,0,86,1,256,1,"[86,-32,4,0,-18,-22,-18,-21,-18,-20,-18,-19,-18,-19,-18,-18,-18,-17,-18,-16,-18,-15,-19,-15,-19,-14,-19,-14,-19,-14,-19,-14,-19,-14,-19,-14,-18,-14,-18,-14,-17,-14,-16,-14,-15,-14,-14,-14,-13,-14,-12,-14,-12,-14,-3,-4,0,0,0,0,0,0,0,0,0,0,0,0,0,0,0,0,0,0,-4,-3,-15,-13,-15,-14,-15,-15,-15,-17,-15,-18,-14,-19,-14,-19,-14,-20,-13,-21,-13,-22,-13,-22,-13,-23,-12,-23,-12,-23,-12,-23,-13,-22,-13,-22,-14,-21,-14,-22,-15,-22,-15,-22,-16,-21,-16,-21,-17,-22,-18,-22,-19,-22,-9,-15,-28,-45,-27,-45,-26,-44,-26,-42,-26,-41,-26,-40,-26,-38,-27,-37,-28,-35,-29,-34,-31,-33,-31,-32,-32,-32,-32,-32,-31,-32,-31,-32,-30,-32,-29,-32,-28,-32,-26,-32,-24,-31,-23,-30,-21,-30,-20,-29,-19,-29,-17,-29,-10,-31,-8,-31,-2,-6,-1,-2,0,0,0,0,0,0,-2,-2,-5,-5,-23,-26,-22,-29,-24,-28,-23,-31,-22,-33,-21,-35,-20,-37,-19,-40,-18,-42,-17,-43,-17,-44,-17,-44,-17,-45,-17,-45,-17,-45,-16,-46,-16,-46,-17,-46,-17,-45,-17,-44,-18,-44,-19,-44,-20,-44,-22,-44,-24,-43,-26,-44,-27,-45,-28,-45]"
CSI_DATA,147,5c:01:3b:6b:b0:95,-41,11,1,6,0,1,1,1,0,0,0,-97,1,11,0,15577363,0,86,1,256,1,"[86,-32,4,0,22,-14,22,-15,21,-14,20,-14,19,-14,18,-14,17,-14,17,-15,16,-16,16,-17,15,-17,15,-17,15,-17,15,-17,15,-17,15,-17,15,-16,15,-16,15,-14,15,-13,14,-12,14,-11,14,-11,14,-11,14,-10,3,-3,0,0,0,0,0,0,0,0,0,0,0,0,0,0,0,0,0,0,3,-4,15,-13,16,-13,17,-12,18,-12,19,-11,20,-11,21,-11,22,-10,23,-9,23,-9,24,-9,24,-9,23,-9,23,-9,23,-9,23,-9,23,-9,22,-10,22,-10,22,-11,22,-11,22,-12,22,-12,22,-13,23,-14,24,-14,14,-7,45,-23,44,-23,44,-23,42,-22,41,-23,40,-23,38,-24,37,-24,35,-25,34,-26,33,-27,32,-28,32,-28,32,-29,32,-28,32,-28,31,-27,31,-26,31,-25,31,-23,31,-22,30,-20,29,-19,29,-18,28,-16,28,-14,29,-9,29,-7,5,-2,1,-1,-1,0,-1,0,-1,0,1,-2,4,-5,27,-25,28,-23,30,-22,32,-21,34,-20,36,-19,39,-18,41,-17,42,-15,43,-14,44,-13,45,-12,46,-13,46,-13,46,-12,46,-12,46,-12,46,-12,45,-13,44,-14,44,-15,44,-16,45,-17,45,-19,45,-20,45,-21,45,-22,45,-22]"
CSI_DATA,148,5c:01:3b:6b:b0:95,-38,11,1,7,0,1,1,1,0,0,0,-97,1,11,0,15627670,0,86,1,256,1,"[86,-32,4,0,12,-19,11,-19,11,-18,10,-18,9,-18,9,-18,8,-18,8,-18,7,-18,7,-18,6,-18,6,-18,5,-18,5,-18,5,-18,6,-18,6,-18,6,-17,6,-17,6,-16,6,-15,7,-14,7,-13,7,-13,7,-12,2,-3,0,0,0,0,0,0,0,0,0,0,0,0,0,0,0,0,0,0,1,-4,7,-16,8,-16,9,-16,10,-16,11,-16,12,-16,12,-16,13,-16,14,-16,15,-15,16,-15,16,-15,15,-15,15,-15,15,-15,15,-15,14,-16,14,-16,13,-16,13,-17,12,-17,12,-18,13,-18,13,-18,13,-19,14,-20,8,-10,28,-33,27,-33,27,-32,26,-32,25,-31,24,-31,22,-31,21,-31,19,-31,18,-32,16,-32,15,-32,15,-33,15,-32,15,-32,15,-32,16,-32,16,-31,16,-30,17,-28,17,-27,17,-26,16,-24,16,-23,16,-22,17,-20,20,-15,21,-13,3,-3,1,-1,-1,0,-1,0,-1,0,0,-2,2,-5,15,-27,16,-26,16,-28,18,-27,21,-27,23,-27,25,-27,26,-27,28,-26,30,-25,31,-25,31,-24,32,-24,32,-25,32,-24,32,-24,32,-24,31,-24,31,-25,30,-25,30,-26,30,-27,29,-28,29,-29,28,-30,28,-31,28,-32,29,-33]"
CSI_DATA,149,5c:01:3b:6b:b0:95,-38,11,1,7,0,1,1,1,0,0,0,-97,1,11,0,15679700,0,86,1,256,1,"[86,-32,4,0,-12,5,-11,5,-11,5,-11,5,-10,5,-10,5,-10,6,-9,6,-9,6,-9,6,-9,6,-9,6,-9,7,-9,7,-9,7,-8,6,-8,6,-9,6,-9,6,-8,5,-8,4,-8,4,-8,4,-8,3,-8,3,-2,0,0,0,0,0,0,0,0,0,0,0,0,0,0,0,0,0,0,0,-2,1,-8,5,-8,5,-9,5,-9,4,-10,4,-10,4,-11,4,-11,4,-12,3,-12,3,-12,3,-12,3,-12,3,-12,2,-12,2,-12,3,-12,3,-12,3,-11,4,-11,4,-11,4,-12,4,-12,5,-12,5,-12,5,-12,6,-15,5,-46,19,-46,19,-45,19,-43,19,-42,18,-41,18,-39,19,-38,19,-37,20,-36,21,-35,22,-35,23,-34,24,-34,25,-33,25,-33,24,-33,24,-33,22,-33,21,-33,19,-33,17,-32,16,-31,15,-31,13,-30,11,-29,10,-29,6,-29,5,-6,0,-2,0,0,-1,0,-1,0,-1,-2,1,-5,3,-29,20,-30,18,-31,18,-33,17,-35,16,-37,15,-39,15,-40,13,-42,12,-43,11,-44,9,-45,8,-45,8,-46,8,-46,8,-46,8,-45,8,-45,9,-45,9,-44,10,-44,11,-44,12,-45,13,-45,14,-45,16,-45,17,-45,18,-46,19]"
CSI_DATA,150,5c:01:3b:6b:b0:95,-42,11,1,7,0,1,1,1,0,0,0,-97,1,11,0,15731683,0,86,1,256,1,"[86,-32,4,0,-22,-14,-22,-13,-21,-12,-21,-12,-21,-11,-21,-10,-20,-9,-20,-8,-20,-8,-20,-7,-20,-7,-20,-7,-20,-6,-20,-6,-20,-6,-20,-6,-20,-6,-19,-6,-18,-7,-18,-7,-17,-7,-16,-8,-15,-8,-14,-8,-14,-8,-4,-2,0,0,0,0,0,0,0,0,0,0,0,0,0,0,0,0,0,0,-5,-2,-17,-8,-17,-9,-18,-11,-18,-12,-18,-13,-18,-13,-18,-14,-18,-15,-18,-16,-18,-16,-18,-17,-17,-17,-17,-17,-16,-17,-17,-17,-17,-16,-18,-16,-18,-15,-18,-15,-19,-15,-20,-15,-20,-14,-20,-14,-21,-14,-21,-14,-22,-14,-13,-9,-41,-26,-41,-27,-40,-26,-40,-24,-38,-23,-38,-22,-37,-21,-38,-19,-38,-18,-38,-16,-38,-15,-38,-14,-38,-13,-38,-13,-38,-13,-38,-13,-38,-13,-37,-13,-36,-14,-35,-15,-33,-15,-32,-15,-30,-15,-28,-15,-27,-16,-25,-16,-22,-18,-21,-19,-4,-4,-2,-2,0,0,1,0,0,0,-2,-1,-6,-2,-32,-11,-32,-13,-33,-16,-33,-18,-33,-21,-33,-23,-33,-25,-33,-27,-33,-28,-33,-30,-33,-31,-32,-32,-32,-33,-32,-33,-31,-33,-31,-33,-31,-33,-32,-32,-33,-32,-33,-31,-34,-30,-34,-29,-36,-29,-37,-28,-37,-27,-38,-27,-39,-27,-40,-27]"
CSI_DATA,151,5c:01:3b:6b:b0:95,-44,11,1,7,0,1,1,1,0,0,0,-97,1,11,0,15783655,0,86,1,256,1,"[86,-32,4,0,-15,19,-14,19,-13,18,-13,18,-12,18,-12,17,-11,17,-10,17,-10,17,-9,18,-8,17,-8,18,-8,18,-9,17,-9,17,-8,17,-9,17,-9,16,-9,16,-9,15,-9,14,-9,13,-9,12,-9,12,-10,11,-3,2,0,0,0,0,0,0,0,0,0,0,0,0,0,0,0,0,0,0,-2,4,-8,16,-9,17,-10,17,-11,17,-12,16,-14,17,-15,17,-16,16,-17,16,-17,16,-18,16,-18,16,-17,16,-17,15,-17,15,-17,15,-17,15,-16,15,-16,16,-15,17,-15,17,-15,17,-15,18,-15,18,-15,19,-15,20,-11,10,-32,35,-32,33,-31,33,-30,32,-29,31,-28,31,-26,31,-25,31,-23,31,-22,31,-20,32,-19,33,-19,33,-19,33,-19,33,-19,32,-19,31,-19,31,-20,30,-20,28,-20,27,-20,25,-20,23,-20,22,-20,21,-20,19,-22,16,-23,14,-5,2,-2,0,0,-1,0,-2,0,-1,-1,1,-3,5,-16,31,-17,30,-18,30,-21,30,-23,29,-26,29,-28,29,-30,29,-32,28,-33,28,-34,27,-35,27,-36,27,-36,27,-36,27,-36,26,-36,26,-36,26,-35,26,-34,26,-34,27,-34,28,-33,29,-33,30,-32,31,-31,33,-31,34,-31,35]"
CSI_DATA,152,5c:01:3b:6b:b0:95,-44,11,1,5,0,1,1,1,0,0,0,-97,1,11,0,15838758,0,86,1,256,1,"[86,-32,4,0,-12,-26,-12,-25,-12,-24,-12,-23,-13,-23,-13,-22,-13,-21,-13,-19,-14,-19,-15,-18,-15,-18,-15,-17,-16,-17,-15,-17,-16,-17,-15,-17,-15,-17,-14,-17,-13,-16,-12,-16,-11,-16,-11,-15,-10,-15,-9,-14,-9,-14,-3,-4,0,0,0,0,0,0,0,0,0,0,0,0,0,0,0,0,0,0,-3,-5,-12,-19,-11,-20,-11,-22,-10,-23,-10,-24,-9,-25,-8,-26,-7,-26,-6,-26,-6,-27,-6,-28,-6,-28,-6,-28,-6,-27,-5,-27,-6,-26,-7,-26,-7,-25,-8,-26,-8,-26,-9,-26,-9,-26,-10,-25,-11,-26,-11,-26,-12,-27,-4,-16,-12,-51,-12,-51,-12,-49,-12,-48,-13,-46,-13,-45,-14,-43,-15,-42,-17,-40,-18,-39,-20,-39,-21,-37,-22,-37,-22,-37,-22,-36,-22,-36,-21,-35,-20,-35,-19,-35,-18,-34,-16,-34,-15,-32,-14,-31,-13,-30,-12,-29,-11,-29,-3,-30,-1,-30,0,-6,0,-2,-1,0,0,1,0,0,-1,-2,-3,-7,-13,-40,-11,-41,-15,-40,-13,-42,-10,-44,-9,-45,-7,-47,-5,-49,-4,-50,-2,-51,-1,-51,-1,-51,-1,-52,-1,-52,-1,-52,0,-51,0,-51,0,-51,-2,-50,-2,-49,-3,-49,-4,-49,-5,-49,-7,-50,-9,-50,-10,-50,-11,-51,-12,-52]"
CSI_DATA,153,5c:01:3b:6b:b0:95,-47,11,1,7,0,1,1,1,0,0,0,-97,1,11,0,15887800,0,86,1,256,1,"[86,-32,4,0,11,-22,11,-22,10,-21,9,-20,9,-20,8,-20,7,-20,7,-20,6,-20,5,-20,4,-20,3,-20,3,-20,4,-20,4,-20,4,-19,4,-19,4,-19,4,-18,5,-17,5,-16,5,-15,5,-15,5,-14,5,-14,1,-4,0,0,0,0,0,0,0,0,0,0,0,0,0,0,0,0,0,0,1,-6,7,-21,8,-21,9,-22,10,-22,11,-21,13,-21,14,-21,15,-21,16,-20,16,-21,17,-21,16,-20,16,-20,15,-20,16,-19,16,-19,15,-19,15,-20,14,-20,13,-20,13,-20,13,-21,13,-21,12,-22,12,-23,12,-23,8,-12,27,-39,27,-39,26,-38,25,-37,23,-36,22,-36,21,-36,19,-36,17,-36,15,-36,13,-36,12,-37,11,-37,11,-37,11,-36,11,-36,11,-35,11,-34,12,-33,12,-32,12,-31,12,-30,12,-28,12,-27,12,-26,13,-24,17,-21,17,-19,3,-4,0,-1,-1,0,-1,1,-1,0,0,-3,2,-7,14,-39,16,-37,17,-39,20,-38,23,-38,25,-37,27,-37,29,-37,31,-36,33,-35,34,-34,35,-34,35,-34,36,-34,36,-33,36,-33,35,-33,35,-32,33,-32,33,-33,32,-33,31,-34,31,-35,30,-36,28,-37,28,-38,28,-39,28,-40]"
CSI_DATA,154,5c:01:3b:6b:b0:95,-49,11,1,7,0,1,1,1,0,0,0,-97,1,11,0,15939596,0,86,1,256,1,"[86,-32,4,0,-22,14,-21,14,-20,14,-19,14,-18,14,-17,14,-16,14,-15,15,-15,16,-14,16,-13,16,-13,16,-13,16,-12,16,-12,16,-12,16,-12,16,-12,16,-12,15,-12,14,-12,13,-11,13,-12,12,-12,12,-12,12,-3,2,0,0,0,0,0,0,0,0,0,0,0,0,0,0,0,0,0,0,-5,4,-21,17,-22,16,-23,15,-23,14,-24,13,-26,13,-27,12,-27,11,-28,10,-28,10,-29,10,-28,9,-28,9,-27,9,-27,8,-27,8,-26,9,-25,9,-24,10,-23,11,-23,11,-23,12,-23,13,-23,13,-24,14,-24,15,-15,7,-45,24,-44,24,-43,23,-41,23,-39,23,-37,24,-35,24,-34,24,-32,25,-31,26,-29,28,-28,29,-27,30,-27,30,-26,30,-26,30,-26,29,-25,29,-25,28,-25,26,-25,25,-24,24,-24,23,-23,22,-23,21,-24,20,-26,16,-27,16,-5,2,-2,0,0,-1,1,-2,0,-1,-2,2,-7,5,-37,31,-39,29,-41,28,-43,26,-46,24,-48,22,-50,21,-52,19,-53,17,-54,15,-54,14,-54,13,-55,13,-55,12,-54,12,-53,11,-52,11,-52,12,-50,12,-49,13,-48,14,-48,16,-47,17,-47,19,-46,20,-46,22,-46,23,-46,23]"
CSI_DATA,155,5c:01:3b:6b:b0:95,-51,11,1,6,0,1,1,1,0,0,0,-97,1,11,0,15993781,0,86,1,256,1,"[86,-32,4,0,-17,2,-17,2,-16,2,-15,2,-15,3,-15,3,-14,3,-14,4,-14,5,-14,5,-14,5,-14,6,-14,6,-14,7,-14,7,-15,7,-15,7,-15,6,-15,5,-15,5,-14,4,-14,4,-14,3,-14,3,-14,2,-4,0,0,0,0,0,0,0,0,0,0,0,0,0,0,0,0,0,0,0,-4,0,-17,2,-17,1,-17,0,-17,-1,-17,-2,-18,-2,-18,-3,-18,-3,-18,-4,-17,-4,-17,-4,-17,-4,-17,-5,-16,-4,-16,-4,-16,-4,-16,-3,-16,-3,-16,-2,-16,-2,-16,-2,-16,-1,-16,0,-16,0,-17,1,-17,1,-10,-1,-32,0,-31,0,-31,0,-30,1,-29,1,-29,2,-29,3,-28,4,-28,5,-28,6,-28,7,-28,8,-28,9,-28,9,-28,9,-28,9,-28,9,-28,9,-29,8,-29,7,-29,6,-28,5,-28,5,-28,4,-27,3,-27,1,-27,-4,-27,-5,-5,-2,-2,-1,0,-1,0,-1,0,-1,-2,0,-6,0,-31,2,-31,0,-31,0,-32,-3,-32,-5,-32,-6,-32,-8,-32,-9,-32,-10,-32,-11,-32,-12,-31,-12,-32,-12,-31,-12,-31,-12,-30,-12,-30,-11,-29,-11,-29,-10,-29,-9,-29,-8,-29,-7,-29,-6,-30,-5,-30,-3,-31,-2,-31,-2,-31,-1]"
CSI_DATA,156,5c:01:3b:6b:b0:95,-47,11,1,5,0,1,1,1,0,0,0,-97,1,11,0,16045442,0,86,1,256,1,"[86,-32,4,0,-24,9,-23,9,-22,9,-22,9,-22,10,-21,10,-21,10,-20,11,-20,12,-20,13,-20,13,-20,13,-20,14,-20,14,-21,14,-21,14,-21,14,-22,13,-22,12,-22,11,-22,10,-21,8,-21,8,-21,7,-21,6,-6,1,0,0,0,0,0,0,0,0,0,0,0,0,0,0,0,0,0,0,-5,1,-18,3,-18,3,-18,2,-19,1,-19,1,-20,1,-21,0,-21,0,-21,0,-21,-1,-21,0,-21,-1,-21,-1,-20,0,-21,0,-21,1,-21,2,-21,2,-21,3,-21,3,-21,4,-21,5,-21,6,-22,6,-23,7,-24,8,-15,3,-46,12,-46,11,-46,12,-45,12,-44,13,-43,13,-43,14,-42,15,-41,16,-41,18,-41,20,-40,21,-41,22,-42,22,-42,22,-42,22,-42,21,-43,20,-43,19,-43,17,-43,15,-42,13,-42,12,-41,10,-41,8,-40,6,-41,-3,-40,-5,-8,-2,-3,-1,0,-1,0,-1,0,-1,-2,0,-6,1,-32,6,-33,3,-34,3,-35,1,-35,0,-36,-2,-37,-3,-38,-4,-38,-4,-39,-5,-39,-6,-38,-6,-39,-6,-39,-5,-40,-5,-40,-4,-40,-4,-40,-3,-39,-1,-39,0,-40,1,-40,2,-40,4,-41,5,-41,7,-42,9,-44,10,-45,11]"
CSI_DATA,157,5c:01:3b:6b:b0:95,-42,11,1,5,0,1,1,1,0,0,0,-97,1,11,0,16097562,0,86,1,256,1,"[86,-32,4,0,-5,-18,-5,-18,-5,-17,-5,-17,-5,-17,-5,-17,-6,-16,-6,-16,-7,-16,-7,-16,-8,-16,-8,-16,-8,-16,-8,-16,-8,-16,-7,-16,-7,-17,-6,-17,-5,-16,-5,-16,-4,-16,-3,-15,-3,-15,-2,-15,-2,-15,-1,-4,0,0,0,0,0,0,0,0,0,0,0,0,0,0,0,0,0,0,-1,-3,-4,-12,-3,-12,-3,-13,-3,-14,-2,-14,-2,-14,-1,-14,-1,-15,0,-15,0,-15,0,-16,0,-16,0,-16,-1,-16,-1,-16,-1,-16,-1,-16,-2,-16,-2,-16,-2,-16,-3,-16,-3,-17,-4,-17,-4,-17,-4,-18,-4,-18,-2,-11,-5,-35,-5,-35,-5,-34,-5,-34,-5,-33,-5,-33,-6,-32,-7,-32,-8,-31,-9,-31,-10,-31,-11,-31,-11,-31,-11,-32,-11,-32,-11,-32,-10,-32,-9,-32,-8,-32,-7,-31,-6,-31,-4,-30,-3,-29,-2,-28,-1,-28,0,-27,5,-26,7,-25,1,-5,0,-2,-1,0,-1,0,-1,0,-1,-2,-1,-4,-3,-23,-2,-23,-4,-23,-2,-24,-1,-24,0,-25,1,-26,1,-26,2,-27,3,-27,3,-28,3,-28,3,-29,3,-29,4,-29,4,-29,3,-29,2,-30,2,-30,1,-29,1,-30,0,-30,-1,-30,-2,-31,-2,-32,-3,-32,-4,-33,-4,-34]"
CSI_DATA,158,5c:01:3b:6b:b0:95,-34,11,1,5,0,1,1,1,0,0,0,-97,1,11,0,16149640,0,86,1,256,1,"[86,-32,4,0,12,-3,12,-3,11,-3,11,-3,11,-3,11,-4,11,-4,10,-4,10,-5,10,-5,9,-5,10,-5,10,-5,10,-5,10,-5,10,-5,10,-5,10,-5,10,-4,10,-4,9,-3,9,-2,9,-2,9,-2,9,-2,2,-1,0,0,0,0,0,0,0,0,0,0,0,0,0,0,0,0,0,0,2,-1,8,-3,8,-2,8,-2,9,-2,9,-1,9,-1,10,-1,10,-1,10,0,10,0,11,0,11,0,11,0,10,0,10,0,10,0,10,-1,10,-1,10,-1,10,-1,11,-2,11,-2,11,-2,11,-2,12,-3,13,-3,14,-2,47,-5,46,-5,45,-5,45,-5,44,-6,43,-6,43,-7,42,-8,42,-10,41,-11,40,-13,40,-14,40,-15,41,-15,41,-14,41,-14,40,-12,41,-12,40,-10,40,-8,39,-7,37,-6,36,-4,35,-4,34,-2,33,0,31,8,30,9,5,1,1,0,-1,-1,-2,0,-1,0,1,-1,5,-2,29,-7,30,-5,31,-6,32,-4,34,-2,35,-1,36,0,37,2,38,4,39,4,39,5,39,6,40,5,41,5,41,5,41,5,41,5,41,4,40,4,40,3,41,2,41,1,42,0,43,-1,43,-2,44,-4,46,-5,47,-5]"
CSI_DATA,159,5c:01:3b:6b:b0:95,-32,11,1,6,0,1,1,1,0,0,0,-97,1,11,0,16201599,0,86,1,256,1,"[86,-32,4,0,13,1,13,1,13,1,12,1,12,1,12,1,12,0,12,-1,12,-1,12,-2,11,-2,11,-2,12,-2,12,-2,12,-2,12,-1,12,-1,12,-1,11,0,11,0,10,1,10,1,10,1,9,1,9,2,2,0,0,0,0,0,0,0,0,0,0,0,0,0,0,0,0,0,0,0,2,-1,9,-1,9,0,9,0,10,1,10,1,10,2,11,2,11,3,11,3,11,3,11,3,11,4,11,4,11,4,11,4,11,3,11,3,11,3,11,3,12,3,12,2,12,2,12,2,13,2,13,1,14,1,15,3,51,10,50,10,49,10,48,9,48,8,47,7,47,6,46,5,46,3,45,1,46,0,45,-1,46,-2,46,-1,46,-1,46,-1,45,0,45,1,45,2,43,4,41,5,39,6,38,7,37,8,35,9,34,11,31,17,29,18,5,3,1,1,-1,-1,-2,-1,-1,-1,1,-1,6,-1,34,1,34,3,35,3,36,5,37,7,38,9,39,11,40,13,40,15,41,16,40,18,40,18,41,18,42,19,41,19,41,19,42,19,42,19,42,18,42,16,43,15,44,14,45,14,46,12,47,11,48,11,50,11,51,10]"
CSI_DATA,160,5c:01:3b:6b:b0:95,-25,11,1,6,0,1,1,1,0,0,0,-97,1,11,0,16253271,0,86,1,256,1,"[86,-32,4,0,-6,22,-6,22,-6,21,-5,20,-5,20,-4,20,-4,19,-3,19,-3,19,-2,19,-1,19,-1,19,-1,19,-1,19,-1,19,-2,19,-2,19,-3,18,-3,18,-4,17,-4,16,-4,16,-5,15,-5,14,-5,14,-2,3,0,0,0,0,0,0,0,0,0,0,0,0,0,0,0,0,0,0,-1,3,-3,15,-3,16,-4,16,-5,17,-5,17,-7,17,-7,17,-8,17,-9,18,-9,18,-9,19,-10,19,-9,19,-9,18,-9,18,-9,18,-9,18,-8,19,-8,19,-7,20,-7,20,-7,20,-6,21,-6,21,-6,22,-6,23,-4,12,-11,42,-11,42,-11,41,-11,41,-10,40,-9,40,-8,39,-7,38,-6,37,-4,37,-3,37,-2,37,-2,37,-2,37,-2,37,-2,37,-3,37,-3,36,-4,35,-5,34,-6,32,-7,31,-7,30,-8,29,-9,28,-10,27,-11,26,-13,25,-3,4,-1,1,0,-1,-1,-1,0,-1,0,1,0,5,1,29,-1,29,-4,29,-6,30,-8,31,-10,31,-11,32,-12,33,-14,34,-15,34,-16,34,-16,34,-17,35,-17,35,-17,35,-17,35,-18,36,-17,36,-17,36,-16,36,-15,37,-15,38,-14,38,-13,39,-12,40,-12,41,-11,42,-12,43]"
CSI_DATA,161,5c:01:3b:6b:b0:95,-33,11,1,7,0,1,1,1,0,0,0,-97,1,11,0,16303765,0,86,1,256,1,"[86,-32,4,0,-13,1,-13,1,-13,2,-12,2,-12,2,-12,2,-11,2,-11,3,-11,3,-11,3,-11,3,-11,3,-11,4,-11,4,-11,4,-11,4,-11,4,-11,3,-11,3,-10,2,-10,2,-10,1,-10,1,-9,1,-9,1,-3,0,0,0,0,0,0,0,0,0,0,0,0,0,0,0,0,0,0,0,-3,0,-10,2,-10,1,-10,1,-11,0,-11,0,-12,0,-12,0,-12,-1,-12,-1,-12,-1,-13,-1,-13,-1,-12,-2,-12,-2,-12,-1,-12,-1,-12,-1,-12,0,-12,0,-12,0,-12,0,-12,0,-13,1,-13,1,-14,1,-14,2,-16,-1,-50,1,-50,1,-49,2,-48,2,-47,3,-46,3,-45,4,-44,5,-44,6,-43,8,-43,10,-43,11,-42,11,-42,11,-42,11,-42,11,-42,10,-42,8,-41,7,-41,5,-40,4,-38,3,-37,2,-36,2,-35,0,-34,-1,-32,-8,-31,-9,-6,-2,-2,-1,0,-1,0,-1,0,-1,-2,0,-6,1,-34,8,-34,6,-36,6,-37,3,-38,1,-40,-1,-41,-2,-43,-4,-43,-6,-44,-7,-44,-8,-45,-8,-46,-8,-46,-8,-46,-8,-45,-8,-45,-8,-46,-8,-45,-8,-45,-7,-45,-6,-46,-5,-46,-3,-47,-2,-48,-1,-49,1,-50,1,-50,2]"
CSI_DATA,162,5c:01:3b:6b:b0:95,-47,11,1,6,0,1,1,1,0,0,0,-97,1,11,0,16357529,0,86,1,256,1,"[86,-32,4,0,0,24,1,24,1,23,2,22,2,22,2,21,3,21,3,20,4,20,4,19,5,19,5,19,5,19,6,19,6,19,5,19,5,19,4,19,3,18,3,18,2,17,2,16,1,16,1,15,0,15,0,3,0,0,0,0,0,0,0,0,0,0,0,0,0,0,0,0,0,0,1,4,4,19,3,20,2,21,1,22,1,22,-1,23,-2,23,-3,23,-4,24,-4,24,-4,24,-5,24,-5,24,-4,24,-5,23,-4,23,-4,23,-3,23,-3,23,-2,23,-1,24,-1,24,-1,24,0,24,0,25,0,25,-3,14,-8,46,-8,45,-8,44,-7,43,-6,41,-5,41,-4,40,-3,39,-1,38,0,38,2,38,3,38,3,38,3,38,4,38,4,37,3,37,3,37,2,36,0,35,-1,34,-1,32,-2,31,-3,31,-4,29,-5,28,-12,26,-13,25,-3,4,-1,1,0,-1,-1,-2,0,-1,0,1,0,6,-1,37,-2,37,0,37,-2,38,-4,39,-6,40,-8,41,-10,42,-12,42,-14,42,-15,43,-16,43,-16,43,-17,43,-17,42,-17,42,-17,42,-17,42,-16,41,-15,41,-14,41,-13,42,-12,42,-11,43,-10,44,-9,45,-8,46,-8,46]"
CSI_DATA,163,5c:01:3b:6b:b0:95,-48,11,1,7,0,1,1,1,0,0,0,-97,1,11,0,16407685,0,86,1,256,1,"[86,-32,4,0,-17,-20,-17,-20,-17,-19,-17,-19,-17,-18,-17,-18,-17,-17,-17,-16,-18,-16,-18,-15,-19,-15,-19,-15,-19,-15,-20,-14,-20,-15,-20,-15,-19,-16,-19,-16,-18,-16,-17,-16,-16,-16,-15,-17,-14,-17,-13,-17,-12,-17,-3,-5,0,0,0,0,0,0,0,0,0,0,0,0,0,0,0,0,0,0,-3,-4,-12,-13,-12,-14,-12,-15,-12,-16,-12,-17,-11,-18,-11,-18,-10,-19,-10,-20,-9,-20,-9,-21,-9,-22,-9,-22,-9,-21,-9,-21,-10,-20,-11,-20,-11,-19,-12,-20,-13,-20,-13,-20,-14,-20,-14,-20,-15,-21,-15,-21,-16,-21,-8,-14,-25,-42,-24,-42,-24,-42,-24,-40,-24,-40,-24,-39,-24,-38,-25,-37,-27,-35,-28,-34,-30,-33,-31,-33,-32,-33,-32,-33,-32,-33,-32,-33,-31,-34,-31,-34,-29,-35,-28,-35,-26,-36,-24,-35,-22,-35,-21,-34,-19,-34,-17,-34,-8,-37,-6,-37,-1,-7,-1,-2,0,0,0,0,0,0,-1,-2,-3,-5,-17,-28,-16,-29,-19,-28,-18,-30,-16,-32,-16,-34,-15,-36,-14,-37,-13,-38,-12,-39,-12,-40,-11,-40,-11,-41,-11,-41,-11,-41,-10,-41,-11,-41,-12,-41,-13,-41,-14,-40,-14,-40,-15,-40,-17,-40,-18,-40,-19,-40,-21,-41,-22,-42,-23,-43]"
CSI_DATA,164,5c:01:3b:6b:b0:95,-43,11,1,7,0,1,1,1,0,0,0,-97,1,11,0,16459597,0,86,1,256,1,"[86,-32,4,0,15,21,15,20,15,19,15,19,15,18,15,18,15,17,15,16,16,15,16,15,16,14,17,14,17,14,17,13,17,14,17,14,17,14,16,14,15,14,14,14,13,14,12,14,12,14,11,14,10,14,2,3,0,0,0,0,0,0,0,0,0,0,0,0,0,0,0,0,0,0,3,3,12,13,11,15,11,16,11,17,11,18,10,19,10,19,9,20,9,21,9,21,8,22,8,22,8,22,8,22,8,21,9,21,9,21,10,20,10,21,11,21,12,20,12,21,13,21,14,21,14,21,15,21,10,11,33,37,32,37,32,36,32,35,31,34,31,33,31,31,32,30,33,28,34,27,34,25,35,25,35,24,35,24,36,24,36,24,36,25,35,25,34,25,33,25,31,25,28,26,27,26,25,26,23,26,22,26,21,26,19,27,3,4,0,1,-1,-1,-1,-1,-1,-1,1,0,5,2,30,18,30,20,26,24,25,26,25,28,24,30,24,32,24,34,24,36,23,38,22,39,21,40,20,41,20,41,19,41,19,40,20,40,21,39,22,39,23,39,24,38,25,38,26,38,27,37,28,37,29,38,31,38,32,39]"
CSI_DATA,165,5c:01:3b:6b:b0:95,-37,11,1,7,0,1,1,1,0,0,0,-97,1,11,0,16511692,0,86,1,256,1,"[86,-32,4,0,12,-1,12,-1,12,-1,12,-1,11,-2,11,-2,11,-2,11,-3,11,-3,10,-3,10,-3,10,-3,10,-3,10,-3,11,-3,10,-3,10,-3,10,-3,10,-3,10,-2,9,-2,9,-1,9,0,8,0,8,0,2,0,0,0,0,0,0,0,0,0,0,0,0,0,0,0,0,0,0,0,2,-1,9,-2,9,-2,9,-2,10,-1,10,-1,10,-1,11,0,11,0,11,1,11,1,11,1,11,2,11,2,11,2,11,1,11,1,11,1,11,0,11,0,11,0,12,0,12,0,12,0,12,0,13,0,13,-1,15,0,49,1,49,1,48,1,47,0,46,0,44,-1,44,-2,43,-3,43,-4,42,-6,42,-8,41,-9,41,-9,41,-9,41,-9,41,-9,41,-8,41,-7,41,-6,40,-5,38,-3,37,-2,35,-1,34,0,33,2,32,3,31,8,29,10,5,1,1,0,-1,-1,-2,0,-1,-1,1,-1,5,-2,33,-6,34,-4,34,-5,36,-3,37,-2,38,0,39,2,40,4,41,6,41,8,42,9,42,10,43,10,43,10,43,10,43,10,43,10,43,9,43,9,43,8,43,6,44,5,45,5,45,4,45,3,46,2,48,3,49,2]"
CSI_DATA,166,5c:01:3b:6b:b0:95,-38,11,1,7,0,1,1,1,0,0,0,-97,1,11,0,16563628,0,86,1,256,1,"[86,-32,4,0,13,-1,13,-1,13,-1,12,-1,12,-1,12,-2,12,-2,12,-2,11,-3,11,-3,11,-3,11,-3,11,-3,11,-3,11,-3,11,-3,11,-3,11,-2,11,-2,10,-2,10,-1,9,0,9,0,9,0,9,0,2,0,0,0,0,0,0,0,0,0,0,0,0,0,0,0,0,0,0,0,2,-1,9,-2,9,-2,9,-1,10,-1,10,-1,11,0,11,0,11,0,11,1,11,1,12,1,12,2,11,2,11,2,11,2,12,1,12,1,12,1,12,1,12,0,12,0,12,0,13,0,13,0,14,0,14,-1,15,1,53,2,52,3,51,2,50,2,48,1,48,1,47,0,46,-1,45,-3,45,-5,44,-7,44,-8,44,-8,44,-8,44,-7,44,-7,44,-5,43,-4,43,-4,42,-2,41,-1,38,0,37,1,36,2,34,3,33,5,31,11,30,13,5,2,1,0,-1,-1,-1,0,-1,0,1,-1,5,-2,32,-7,33,-5,35,-4,35,-2,37,0,37,2,39,4,40,5,41,7,42,8,43,9,43,10,44,10,45,10,45,10,45,11,45,11,45,10,45,10,44,9,45,8,46,7,47,6,48,5,48,4,50,3,52,3,53,2]"
CSI_DATA,167,5c:01:3b:6b:b0:95,-44,11,1,6,0,1,1,1,0,0,0,-97,1,11,0,16617399,0,86,1,256,1,"[86,-32,4,0,-28,-5,-28,-5,-27,-4,-26,-3,-26,-3,-25,-3,-25,-2,-25,-1,-25,0,-25,1,-24,1,-24,1,-25,1,-24,1,-24,1,-24,1,-24,0,-23,0,-22,-1,-22,-2,-21,-3,-20,-3,-19,-3,-18,-4,-18,-4,-5,-1,0,0,0,0,0,0,0,0,0,0,0,0,0,0,0,0,0,0,-5,-1,-18,-1,-19,-2,-19,-3,-20,-4,-20,-5,-21,-6,-22,-6,-22,-7,-22,-8,-23,-8,-23,-8,-23,-9,-23,-9,-23,-9,-23,-9,-24,-8,-24,-8,-24,-7,-24,-7,-24,-7,-25,-6,-26,-6,-26,-5,-27,-5,-28,-5,-29,-4,-16,-7,-50,-20,-49,-20,-48,-19,-47,-18,-46,-17,-45,-16,-45,-15,-45,-14,-45,-12,-45,-11,-45,-9,-45,-8,-46,-7,-46,-7,-45,-8,-44,-8,-43,-9,-42,-9,-41,-10,-40,-12,-38,-12,-36,-13,-34,-13,-33,-13,-31,-14,-30,-15,-24,-22,-22,-23,-4,-5,-1,-2,0,0,0,0,0,0,-2,-1,-6,-2,-31,-10,-30,-12,-33,-9,-33,-12,-34,-14,-34,-16,-34,-18,-35,-20,-35,-21,-36,-23,-36,-24,-37,-24,-38,-24,-39,-24,-38,-25,-38,-25,-39,-25,-40,-26,-39,-25,-40,-24,-41,-23,-41,-22,-42,-22,-44,-20,-45,-19,-47,-19,-49,-18,-50,-18]"
CSI_DATA,168,5c:01:3b:6b:b0:95,-44,11,1,5,0,1,1,1,0,0,0,-97,1,11,0,16670893,0,86,1,256,1,"[86,-32,4,0,-24,-11,-24,-11,-23,-10,-22,-9,-22,-9,-21,-8,-21,-8,-21,-6,-21,-6,-21,-5,-20,-5,-20,-5,-20,-4,-20,-4,-20,-4,-20,-4,-19,-5,-18,-5,-17,-5,-16,-6,-15,-6,-14,-6,-14,-6,-13,-6,-12,-6,-3,-2,0,0,0,0,0,0,0,0,0,0,0,0,0,0,0,0,0,0,-5,-2,-18,-5,-18,-6,-18,-7,-19,-8,-19,-9,-20,-10,-20,-11,-20,-12,-20,-13,-20,-13,-21,-14,-21,-14,-20,-14,-20,-14,-20,-14,-21,-14,-21,-13,-21,-13,-21,-13,-21,-12,-22,-12,-22,-12,-23,-11,-23,-11,-24,-11,-25,-11,-14,-8,-44,-24,-43,-25,-42,-24,-41,-23,-40,-21,-39,-20,-39,-19,-38,-18,-38,-16,-38,-15,-38,-14,-38,-13,-38,-12,-38,-12,-37,-12,-36,-12,-36,-12,-35,-12,-34,-12,-32,-13,-30,-13,-28,-14,-26,-14,-25,-14,-23,-14,-22,-14,-19,-16,-17,-17,-3,-3,-1,-1,0,0,0,0,0,0,-2,-1,-6,-2,-31,-12,-31,-13,-32,-13,-33,-15,-33,-18,-33,-19,-34,-21,-35,-24,-35,-26,-35,-27,-35,-28,-34,-29,-35,-30,-35,-31,-35,-31,-35,-31,-35,-30,-36,-30,-36,-29,-37,-28,-37,-27,-38,-26,-39,-26,-40,-26,-41,-25,-42,-25,-42,-25,-43,-25]"
CSI_DATA,169,5c:01:3b:6b:b0:95,-38,11,1,5,0,1,1,1,0,0,0,-97,1,11,0,16728246,0,86,1,256,1,"[86,-32,4,0,-10,8,-10,7,-9,7,-9,7,-9,7,-8,7,-8,7,-8,7,-7,7,-7,7,-6,8,-6,8,-6,8,-7,7,-7,7,-7,7,-7,7,-7,6,-7,6,-7,6,-6,5,-6,5,-6,5,-6,4,-6,4,-2,1,0,0,0,0,0,0,0,0,0,0,0,0,0,0,0,0,0,0,-2,1,-6,7,-7,7,-7,7,-8,7,-8,6,-9,6,-10,6,-10,6,-10,6,-10,6,-11,6,-11,6,-11,6,-10,6,-11,6,-11,6,-11,6,-10,6,-10,6,-10,6,-10,6,-10,7,-10,7,-10,7,-10,8,-10,8,-14,6,-42,22,-42,21,-41,21,-40,21,-38,21,-37,21,-36,21,-34,21,-32,22,-31,23,-30,24,-29,25,-29,25,-29,25,-29,24,-29,23,-28,23,-28,22,-28,20,-27,18,-27,17,-26,15,-25,15,-24,14,-24,13,-24,11,-25,6,-25,5,-5,0,-2,0,0,-1,0,-1,0,-1,-2,1,-5,3,-27,20,-29,18,-27,21,-30,20,-32,19,-34,18,-35,17,-37,16,-39,15,-40,14,-41,14,-41,14,-42,14,-43,14,-43,14,-43,14,-43,13,-43,14,-43,14,-42,15,-42,15,-42,16,-42,16,-42,18,-41,20,-41,21,-41,23,-42,22]"
CSI_DATA,170,5c:01:3b:6b:b0:95,-36,11,1,6,0,1,1,1,0,0,0,-97,1,11,0,16771603,0,86,1,256,1,"[86,-32,4,0,12,-4,12,-4,12,-5,11,-4,11,-4,11,-4,10,-5,10,-5,10,-6,9,-6,9,-6,9,-6,9,-6,9,-6,9,-6,9,-5,9,-5,9,-5,9,-4,8,-4,8,-3,7,-3,7,-3,7,-3,7,-3,1,-1,0,0,0,0,0,0,0,0,0,0,0,0,0,0,0,0,0,0,2,-2,8,-5,8,-5,9,-5,9,-5,10,-4,11,-4,11,-4,11,-3,12,-3,12,-3,12,-3,12,-3,12,-2,12,-2,12,-2,12,-3,12,-3,12,-3,12,-3,12,-3,12,-3,12,-3,12,-4,12,-4,13,-5,13,-5,15,-1,49,-4,48,-4,48,-4,47,-5,45,-5,44,-6,44,-7,43,-8,41,-9,40,-10,39,-12,38,-12,39,-12,39,-12,38,-12,38,-11,37,-10,37,-10,36,-9,35,-7,34,-6,32,-5,31,-4,30,-4,29,-2,28,-1,27,8,26,10,4,2,1,0,-1,-1,-2,0,-1,0,1,-1,5,-3,33,-10,34,-8,33,-12,35,-10,37,-8,38,-6,40,-5,42,-3,43,-1,44,0,44,2,45,2,46,2,46,2,46,2,46,3,47,3,47,3,46,3,45,2,46,1,46,0,47,-1,48,-3,48,-4,48,-5,49,-5,50,-6]"
CSI_DATA,171,5c:01:3b:6b:b0:95,-35,11,1,6,0,1,1,1,0,0,0,-97,1,11,0,16823710,0,86,1,256,1,"[86,-32,4,0,-1,13,0,13,0,13,0,12,0,12,0,12,1,11,1,11,1,11,2,11,2,11,2,11,2,11,2,10,2,11,2,11,1,11,1,10,1,10,0,9,0,9,0,9,0,8,-1,8,-1,8,-1,2,0,0,0,0,0,0,0,0,0,0,0,0,0,0,0,0,0,0,0,2,1,9,1,9,0,10,0,10,0,11,-1,11,-2,11,-2,11,-2,12,-2,12,-2,12,-3,13,-2,12,-2,12,-3,12,-3,12,-2,12,-2,12,-2,12,-2,12,-1,13,-1,12,-1,13,-1,13,0,14,0,14,-3,15,-6,52,-7,51,-7,51,-7,49,-6,48,-5,47,-5,46,-3,45,-2,44,0,43,2,43,4,43,4,43,3,43,3,42,3,42,2,41,1,40,0,39,-1,38,-2,36,-3,35,-4,34,-5,32,-6,31,-7,29,-11,28,-13,26,-3,4,-1,1,-1,-1,-1,-2,-1,-1,0,1,0,6,4,35,2,35,2,36,0,37,-3,38,-5,40,-7,41,-9,42,-11,43,-12,44,-13,44,-13,45,-13,46,-13,46,-14,46,-15,46,-15,46,-15,47,-15,46,-13,46,-13,46,-12,47,-12,47,-10,48,-8,49,-7,51,-6,52,-5,52]"
CSI_DATA,172,5c:01:3b:6b:b0:95,-34,11,1,6,0,1,1,1,0,0,0,-97,1,11,0,16875618,0,86,1,256,1,"[86,-32,4,0,14,4,13,3,13,3,13,3,13,3,12,3,12,2,12,1,12,1,12,0,12,0,12,1,12,1,12,0,12,0,11,1,11,1,11,1,10,1,10,2,9,2,9,2,9,2,8,2,8,2,2,0,0,0,0,0,0,0,0,0,0,0,0,0,0,0,0,0,0,0,2,0,10,0,10,1,10,1,11,2,11,2,11,3,11,4,11,4,12,4,12,5,12,5,12,5,12,5,12,5,12,5,12,5,12,5,12,4,12,4,12,5,13,4,13,4,13,4,13,4,14,4,14,4,17,3,56,11,54,11,53,10,51,9,50,8,50,7,49,6,48,5,48,3,47,2,46,0,46,-1,46,-1,46,-1,45,-1,45,-1,44,0,44,1,43,2,42,3,40,5,37,5,36,6,35,7,33,8,31,9,31,9,29,10,5,1,1,0,-1,-1,-2,0,-1,0,1,-1,6,-2,35,-8,36,-6,38,-1,39,1,40,4,41,6,43,8,44,10,45,13,46,15,46,16,46,16,47,17,47,17,47,18,47,18,47,18,48,18,47,17,47,16,48,15,49,14,49,13,50,12,51,11,53,11,55,11,56,11]"
CSI_DATA,173,5c:01:3b:6b:b0:95,-34,11,1,6,0,1,1,1,0,0,0,-97,1,11,0,16930113,0,86,1,256,1,"[86,-32,4,0,-8,-11,-8,-11,-8,-11,-8,-10,-8,-10,-8,-10,-8,-9,-8,-9,-8,-8,-9,-8,-9,-8,-9,-8,-9,-8,-9,-7,-9,-7,-9,-7,-8,-7,-8,-7,-8,-7,-7,-7,-7,-7,-6,-7,-6,-7,-6,-7,-5,-7,-2,-2,0,0,0,0,0,0,0,0,0,0,0,0,0,0,0,0,0,0,-2,-2,-6,-7,-6,-8,-6,-9,-6,-9,-6,-10,-6,-10,-6,-10,-6,-11,-5,-11,-5,-11,-5,-12,-5,-12,-5,-12,-5,-12,-5,-12,-5,-12,-6,-11,-6,-11,-6,-11,-7,-11,-7,-11,-7,-11,-7,-11,-8,-11,-8,-12,-8,-11,-7,-15,-23,-46,-23,-45,-22,-44,-21,-43,-21,-42,-22,-40,-22,-39,-22,-38,-23,-37,-25,-35,-26,-34,-27,-33,-28,-33,-28,-33,-27,-33,-26,-32,-25,-32,-25,-32,-24,-32,-21,-32,-20,-31,-18,-30,-18,-29,-17,-28,-15,-28,-14,-27,-6,-29,-4,-28,-1,-5,-1,-2,-1,0,0,0,0,0,-1,-2,-4,-5,-18,-29,-17,-30,-19,-31,-18,-33,-16,-35,-15,-37,-14,-38,-13,-40,-12,-42,-11,-43,-11,-43,-11,-44,-12,-44,-12,-44,-12,-45,-11,-46,-11,-46,-12,-46,-12,-45,-12,-44,-14,-44,-15,-44,-16,-44,-17,-44,-19,-44,-21,-45,-22,-45,-23,-46]"
CSI_DATA,174,5c:01:3b:6b:b0:95,-39,11,1,7,0,1,1,1,0,0,0,-97,1,11,0,16979702,0,86,1,256,1,"[86,-32,4,0,8,-26,8,-26,8,-25,7,-24,6,-24,5,-24,5,-24,4,-23,4,-23,4,-23,3,-23,3,-22,2,-23,2,-22,2,-22,3,-22,3,-22,3,-22,3,-21,4,-20,4,-19,5,-18,6,-17,6,-16,7,-15,1,-4,0,0,0,0,0,0,0,0,0,0,0,0,0,0,0,0,0,0,1,-5,4,-19,5,-19,5,-20,6,-21,7,-21,8,-21,9,-22,10,-22,11,-22,12,-21,13,-21,14,-21,13,-21,13,-21,12,-22,12,-22,12,-22,11,-22,10,-23,9,-24,9,-24,9,-25,9,-24,10,-25,10,-26,10,-26,6,-15,21,-47,22,-46,21,-46,21,-45,20,-44,19,-43,17,-42,16,-42,14,-42,12,-42,11,-42,10,-43,9,-43,9,-42,9,-42,9,-42,10,-41,11,-40,11,-39,12,-37,13,-36,13,-34,13,-32,14,-30,14,-29,15,-27,19,-23,20,-21,3,-4,1,-2,-1,0,-1,1,-1,0,0,-2,1,-7,9,-34,11,-34,11,-35,13,-35,15,-36,17,-36,19,-37,21,-37,23,-37,25,-37,26,-37,27,-37,28,-38,29,-38,29,-38,29,-37,29,-38,28,-38,27,-38,26,-39,26,-40,25,-41,25,-42,24,-43,24,-44,23,-45,23,-47,23,-48]"
CSI_DATA,175,5c:01:3b:6b:b0:95,-34,11,1,6,0,1,1,1,0,0,0,-97,1,11,0,17033680,0,86,1,256,1,"[86,-32,4,0,-9,-11,-9,-11,-8,-10,-8,-10,-8,-9,-8,-9,-8,-9,-8,-8,-8,-8,-9,-8,-9,-8,-9,-7,-9,-7,-9,-7,-9,-7,-9,-7,-8,-7,-8,-7,-7,-7,-7,-7,-7,-7,-6,-7,-6,-7,-5,-7,-5,-7,-2,-2,0,0,0,0,0,0,0,0,0,0,0,0,0,0,0,0,0,0,-2,-2,-7,-7,-7,-7,-7,-8,-7,-9,-7,-9,-6,-10,-6,-10,-6,-10,-6,-10,-6,-11,-5,-11,-5,-12,-5,-12,-5,-11,-5,-11,-6,-11,-6,-11,-6,-11,-6,-11,-7,-11,-7,-11,-8,-11,-8,-11,-8,-11,-8,-11,-8,-11,-10,-13,-30,-41,-30,-41,-29,-40,-28,-39,-27,-37,-28,-36,-28,-34,-29,-33,-30,-32,-30,-31,-31,-30,-31,-29,-31,-28,-31,-28,-31,-27,-31,-27,-30,-27,-30,-27,-28,-27,-27,-27,-25,-27,-23,-26,-22,-26,-20,-25,-19,-25,-17,-25,-14,-25,-12,-25,-2,-5,-1,-2,0,0,0,0,0,0,-2,-2,-5,-5,-25,-23,-24,-25,-24,-27,-23,-29,-22,-31,-22,-33,-22,-35,-21,-37,-21,-39,-20,-40,-19,-41,-18,-42,-18,-43,-18,-43,-17,-43,-17,-43,-18,-43,-19,-43,-20,-42,-20,-41,-21,-42,-22,-41,-23,-41,-25,-40,-26,-40,-27,-41,-28,-42,-29,-42]"
CSI_DATA,176,5c:01:3b:6b:b0:95,-39,11,1,6,0,1,1,1,0,0,0,-97,1,11,0,17086098,0,86,1,256,1,"[86,-32,4,0,-3,28,-3,27,-2,26,-2,25,-1,25,-1,24,0,24,0,23,0,23,1,22,2,22,2,22,2,22,2,22,2,22,2,22,1,22,1,21,0,20,-1,19,-1,18,-2,18,-2,17,-3,16,-3,16,-1,4,0,0,0,0,0,0,0,0,0,0,0,0,0,0,0,0,0,0,0,4,1,20,1,20,0,21,-1,22,-2,23,-3,23,-4,24,-5,24,-6,24,-7,25,-8,25,-8,25,-8,25,-7,25,-7,25,-7,25,-7,25,-6,24,-5,25,-5,26,-4,26,-4,26,-4,26,-4,27,-3,28,-3,28,-5,15,-13,51,-13,51,-13,50,-13,48,-12,47,-11,46,-10,45,-8,44,-7,44,-5,43,-3,43,-2,43,-2,43,-2,43,-2,42,-2,42,-3,41,-3,40,-4,39,-6,38,-7,36,-7,34,-8,33,-8,32,-9,30,-10,29,-16,25,-17,24,-4,4,-2,1,0,-1,-1,-2,-1,-1,0,2,0,6,-1,37,-3,37,-2,37,-5,38,-7,39,-10,41,-12,42,-14,43,-16,44,-17,44,-18,44,-19,44,-20,45,-20,45,-21,45,-21,45,-21,45,-21,45,-20,45,-19,45,-19,46,-18,46,-17,47,-16,48,-15,49,-13,50,-13,52,-12,52]"
CSI_DATA,177,5c:01:3b:6b:b0:95,-36,11,1,7,0,1,1,1,0,0,0,-97,1,11,0,17135834,0,86,1,256,1,"[86,-32,4,0,-8,11,-7,10,-7,10,-6,10,-6,10,-6,10,-5,10,-5,10,-5,10,-5,10,-4,9,-4,9,-4,10,-4,10,-4,10,-4,9,-4,9,-4,9,-4,8,-4,8,-4,7,-4,7,-5,7,-5,6,-5,6,-2,1,0,0,0,0,0,0,0,0,0,0,0,0,0,0,0,0,0,0,-1,2,-5,9,-5,9,-5,9,-6,9,-7,9,-7,9,-8,9,-8,9,-8,9,-9,9,-9,9,-10,9,-9,9,-9,9,-9,9,-9,9,-9,9,-8,9,-8,9,-8,9,-8,10,-8,10,-8,10,-8,10,-8,11,-8,11,-10,12,-30,41,-30,40,-30,39,-28,38,-27,38,-25,38,-24,37,-22,36,-21,36,-19,36,-18,37,-17,37,-16,38,-16,38,-16,37,-16,37,-16,36,-16,35,-17,33,-17,32,-18,30,-18,28,-18,27,-17,26,-18,24,-18,23,-20,20,-20,18,-4,3,-2,0,-1,-1,0,-2,-1,-1,-1,1,-2,6,-11,33,-13,33,-17,33,-19,32,-21,33,-24,33,-26,33,-28,33,-30,33,-32,33,-33,33,-33,33,-35,33,-35,33,-35,33,-36,32,-36,32,-35,33,-34,32,-33,33,-33,34,-32,35,-32,36,-31,38,-30,39,-30,40,-30,41,-30,42]"
CSI_DATA,178,5c:01:3b:6b:b0:95,-37,11,1,7,0,1,1,1,0,0,0,-97,1,11,0,17187624,0,86,1,256,1,"[86,-32,4,0,-13,3,-13,3,-12,3,-12,3,-12,3,-11,3,-11,3,-11,4,-10,4,-10,4,-10,4,-10,4,-10,5,-9,4,-10,4,-9,4,-9,4,-9,4,-9,3,-9,3,-8,2,-8,2,-8,2,-8,2,-8,2,-2,0,0,0,0,0,0,0,0,0,0,0,0,0,0,0,0,0,0,0,-3,1,-10,4,-10,3,-10,3,-11,2,-11,2,-12,2,-12,2,-13,1,-13,1,-13,1,-13,1,-13,1,-13,0,-13,0,-13,0,-13,0,-13,1,-13,1,-13,1,-13,1,-13,1,-13,2,-13,2,-13,2,-13,3,-14,3,-16,0,-50,3,-50,3,-49,3,-48,4,-46,5,-44,5,-43,6,-42,6,-41,7,-40,9,-39,10,-39,12,-39,12,-39,12,-38,12,-38,12,-37,11,-37,10,-36,9,-35,8,-34,7,-33,6,-31,5,-30,4,-29,3,-28,2,-28,-5,-27,-5,-5,-1,-2,-1,0,-1,1,-1,0,-1,-2,0,-7,2,-35,11,-36,9,-37,10,-38,7,-40,5,-42,3,-44,2,-45,1,-46,-1,-47,-2,-47,-3,-48,-4,-48,-4,-48,-4,-48,-5,-48,-5,-48,-5,-48,-5,-48,-5,-47,-4,-47,-3,-47,-2,-48,-1,-49,0,-48,2,-49,4,-50,4,-51,5]"
CSI_DATA,179,5c:01:3b:6b:b0:95,-37,11,1,6,0,1,1,1,0,0,0,-97,1,11,0,17242535,0,86,1,256,1,"[86,-32,4,0,23,11,22,10,22,9,22,9,21,8,21,7,20,7,20,5,20,4,20,4,19,4,19,3,20,3,20,2,20,2,19,3,19,2,18,3,17,3,17,4,16,4,15,4,14,4,13,4,13,4,3,1,0,0,0,0,0,0,0,0,0,0,0,0,0,0,0,0,0,0,4,1,19,5,19,6,20,7,20,9,21,10,21,11,21,11,21,12,20,13,21,14,21,14,21,15,20,15,20,15,20,15,20,14,20,13,20,13,21,13,21,12,21,12,22,12,22,11,23,11,24,11,25,11,13,8,43,25,42,25,41,24,40,23,39,21,38,20,37,18,37,17,37,15,37,13,37,11,37,10,37,10,37,10,36,9,36,10,35,10,35,10,34,10,32,10,31,11,29,11,27,11,26,11,24,11,23,12,20,15,18,16,3,2,0,0,-1,-1,-2,-1,-1,-1,1,0,6,1,35,10,34,12,36,13,36,16,36,18,36,20,36,23,36,25,36,27,36,29,36,30,36,31,37,31,37,31,36,32,36,32,36,32,36,31,35,31,36,29,36,29,37,28,37,27,39,26,39,25,41,25,43,25,44,25]"
CSI_DATA,180,5c:01:3b:6b:b0:95,-42,11,1,7,0,1,1,1,0,0,0,-97,1,11,0,17291618,0,86,1,256,1,"[86,-32,4,0,24,11,23,11,23,9,22,9,22,8,21,7,21,6,20,5,20,4,20,4,20,4,20,3,20,3,20,3,19,3,19,3,19,3,18,3,17,3,17,4,16,4,15,4,14,5,13,5,13,5,3,1,0,0,0,0,0,0,0,0,0,0,0,0,0,0,0,0,0,0,5,0,20,3,21,4,21,6,21,7,22,8,22,9,22,10,22,10,22,11,22,12,22,13,22,14,22,14,22,14,21,14,21,14,21,13,21,12,22,12,22,12,23,11,23,11,23,11,24,11,25,11,26,10,12,8,43,27,41,27,41,26,40,25,38,23,37,22,36,20,36,19,36,17,36,16,36,14,37,13,37,12,37,12,36,12,36,12,35,12,34,13,33,13,32,13,30,13,28,13,26,13,25,13,23,13,22,14,18,19,17,19,2,3,0,1,-1,-1,-2,-1,-1,-1,1,0,6,2,35,14,34,16,36,13,36,15,37,18,37,20,38,22,38,25,38,27,37,29,37,30,36,31,36,32,36,33,36,33,36,33,35,33,35,32,36,32,36,31,37,30,38,29,39,28,40,28,40,27,41,28,42,28,43,28]"
CSI_DATA,181,5c:01:3b:6b:b0:95,-37,11,1,5,0,1,1,1,0,0,0,-97,1,11,0,17346835,0,86,1,256,1,"[86,-32,4,0,21,-8,20,-8,20,-8,19,-8,18,-8,18,-8,17,-8,17,-9,16,-10,15,-10,14,-10,14,-10,14,-11,14,-11,14,-11,14,-11,14,-10,14,-10,13,-9,13,-8,12,-7,11,-7,11,-7,11,-6,11,-5,2,-2,0,0,0,0,0,0,0,0,0,0,0,0,0,0,0,0,0,0,3,-3,16,-8,17,-8,18,-8,18,-8,19,-7,20,-6,21,-5,22,-5,22,-4,22,-4,23,-3,23,-3,22,-3,22,-3,22,-3,22,-3,22,-4,22,-5,21,-5,22,-5,21,-6,21,-6,21,-6,22,-7,23,-7,23,-8,13,-3,43,-10,42,-10,41,-10,40,-11,38,-11,36,-12,35,-12,35,-13,33,-14,32,-15,31,-16,30,-17,29,-18,29,-18,29,-17,29,-17,28,-16,28,-16,27,-15,26,-14,26,-12,24,-11,23,-10,23,-10,22,-9,21,-7,22,-3,21,-2,3,-1,1,-1,-1,0,-1,0,-1,0,1,-2,5,-4,28,-17,30,-15,31,-14,33,-12,35,-11,37,-10,39,-9,40,-7,41,-5,42,-4,43,-3,43,-2,44,-3,44,-3,44,-3,44,-2,43,-2,43,-2,43,-3,42,-4,42,-4,42,-5,42,-6,43,-8,42,-9,43,-10,43,-10,44,-11]"
CSI_DATA,182,5c:01:3b:6b:b0:95,-38,11,1,6,0,1,1,1,0,0,0,-97,1,11,0,17395651,0,86,1,256,1,"[86,-32,4,0,6,11,6,11,6,10,6,9,6,9,6,9,6,8,7,8,7,7,7,7,7,7,7,7,7,7,7,6,7,6,7,6,7,6,6,6,6,6,5,6,5,6,5,6,4,6,4,5,4,5,1,1,0,0,0,0,0,0,0,0,0,0,0,0,0,0,0,0,0,0,1,1,7,7,7,7,6,8,6,9,6,9,6,10,6,10,5,10,5,11,5,11,5,12,4,12,4,12,4,12,4,12,4,11,5,11,5,11,5,11,6,11,6,11,6,11,6,11,6,11,7,11,7,11,10,11,33,37,32,36,31,36,30,35,30,33,30,31,30,29,30,28,30,26,31,24,31,23,31,22,31,22,31,22,30,21,30,21,30,20,30,20,29,20,27,20,25,19,23,19,22,19,21,18,19,18,18,18,20,16,18,17,3,3,0,0,-1,-1,-2,-1,-1,-1,2,0,6,1,36,12,35,15,30,22,30,25,29,27,29,30,29,32,29,35,28,37,27,38,27,39,26,40,26,41,25,42,24,42,24,41,24,41,24,42,25,41,25,40,26,39,27,39,28,38,29,38,30,37,31,38,32,39,33,39]"
CSI_DATA,183,5c:01:3b:6b:b0:95,-39,11,1,6,0,1,1,1,0,0,0,-97,1,11,0,17447665,0,86,1,256,1,"[86,-32,4,0,-7,10,-7,10,-6,10,-6,10,-6,9,-5,9,-5,8,-4,9,-4,9,-4,9,-3,9,-3,9,-3,9,-3,8,-3,9,-3,8,-3,8,-3,8,-3,7,-3,7,-3,6,-3,6,-3,6,-3,6,-4,5,-1,1,0,0,0,0,0,0,0,0,0,0,0,0,0,0,0,0,0,0,-1,2,-3,9,-4,9,-4,9,-5,9,-6,9,-6,9,-7,9,-8,9,-8,9,-8,9,-8,9,-8,9,-8,9,-8,9,-8,9,-8,9,-8,9,-8,9,-7,9,-7,9,-7,9,-7,10,-7,10,-7,10,-7,11,-7,11,-10,11,-30,37,-29,36,-29,35,-28,35,-26,34,-25,33,-23,32,-22,32,-20,32,-18,32,-17,32,-15,32,-15,33,-15,32,-15,32,-14,31,-14,30,-14,29,-15,29,-15,27,-15,26,-15,24,-15,23,-15,22,-15,21,-15,19,-17,16,-17,14,-4,2,-2,0,-1,-1,0,-2,-1,-1,-1,1,-3,5,-14,32,-15,31,-16,33,-18,32,-21,32,-23,33,-26,33,-28,33,-31,32,-32,32,-33,31,-33,31,-34,32,-34,32,-34,32,-35,32,-35,31,-35,31,-34,31,-33,31,-32,32,-32,33,-32,33,-31,34,-30,35,-29,36,-29,38,-29,38]"
CSI_DATA,184,5c:01:3b:6b:b0:95,-43,11,1,6,0,1,1,1,0,0,0,-97,1,11,0,17499701,0,86,1,256,1,"[86,-32,4,0,6,-15,5,-15,5,-15,4,-14,4,-14,4,-14,3,-13,3,-13,2,-13,1,-13,1,-13,0,-13,1,-13,1,-12,1,-12,1,-12,1,-12,1,-11,1,-11,1,-10,1,-10,1,-9,1,-9,1,-9,1,-8,0,-2,0,0,0,0,0,0,0,0,0,0,0,0,0,0,0,0,0,0,0,-4,2,-13,3,-13,4,-14,4,-14,5,-14,6,-14,7,-14,7,-14,8,-14,8,-14,8,-15,8,-15,8,-15,8,-15,8,-14,8,-14,8,-14,7,-14,7,-14,7,-14,7,-15,6,-15,6,-15,6,-15,6,-16,6,-16,10,-16,31,-52,31,-51,30,-50,30,-49,28,-47,26,-46,24,-45,22,-45,19,-45,17,-45,14,-46,12,-45,12,-45,12,-45,12,-43,11,-42,11,-42,11,-41,11,-40,11,-38,12,-36,11,-34,11,-32,11,-31,11,-29,11,-28,17,-24,17,-23,3,-4,0,-2,-1,0,-1,1,-1,0,0,-3,2,-9,17,-45,20,-44,18,-47,21,-46,25,-47,28,-47,30,-47,33,-47,36,-47,38,-46,39,-46,40,-46,40,-47,41,-47,41,-46,42,-46,42,-45,42,-46,40,-45,39,-45,38,-46,38,-47,37,-48,35,-49,33,-50,33,-52,33,-54,33,-55]"
CSI_DATA,185,5c:01:3b:6b:b0:95,-44,11,1,6,0,1,1,1,0,0,0,-97,1,11,0,17551755,0,86,1,256,1,"[86,-32,4,0,12,-12,11,-11,11,-11,10,-11,9,-11,9,-11,8,-11,8,-11,8,-11,7,-11,6,-11,6,-11,6,-11,6,-11,6,-11,6,-11,6,-10,5,-10,5,-10,5,-9,5,-8,5,-8,5,-7,5,-7,5,-7,1,-2,0,0,0,0,0,0,0,0,0,0,0,0,0,0,0,0,0,0,1,-3,8,-12,8,-11,9,-11,10,-11,11,-11,12,-11,13,-11,13,-11,13,-11,14,-10,15,-9,15,-9,15,-9,14,-9,14,-9,14,-9,14,-10,13,-10,13,-10,12,-10,12,-11,12,-11,12,-11,13,-11,13,-12,14,-12,12,-15,42,-47,41,-46,40,-45,38,-44,36,-43,34,-43,32,-42,30,-42,28,-42,26,-42,23,-42,21,-42,20,-42,19,-42,19,-42,18,-40,18,-39,18,-38,18,-37,17,-35,17,-34,16,-31,16,-30,16,-29,16,-27,16,-25,13,-24,14,-23,2,-5,0,-2,-1,0,-1,1,-1,0,0,-3,2,-9,15,-49,18,-48,26,-44,30,-44,34,-44,37,-43,40,-43,43,-42,46,-42,48,-41,49,-40,50,-39,51,-39,52,-38,52,-38,53,-38,52,-38,52,-39,50,-38,48,-39,47,-40,46,-41,46,-42,45,-44,44,-45,44,-46,45,-47,45,-47]"
CSI_DATA,186,5c:01:3b:6b:b0:95,-46,11,1,7,0,1,1,1,0,0,0,-97,1,11,0,17603653,0,86,1,256,1,"[86,-32,4,0,-26,3,-25,3,-24,4,-23,4,-22,4,-21,4,-20,4,-19,5,-19,6,-18,7,-18,7,-17,7,-17,7,-16,8,-16,8,-16,8,-15,7,-15,7,-14,6,-14,5,-13,5,-12,4,-12,5,-12,4,-11,4,-3,1,0,0,0,0,0,0,0,0,0,0,0,0,0,0,0,0,0,0,-6,1,-22,6,-22,5,-23,4,-24,3,-25,3,-26,2,-27,1,-27,0,-27,-1,-28,-1,-28,-1,-28,-2,-27,-2,-27,-2,-27,-2,-27,-2,-27,-1,-27,0,-26,0,-26,0,-26,1,-26,1,-26,2,-27,2,-28,3,-27,3,-15,4,-48,14,-47,14,-46,14,-44,14,-42,14,-40,14,-38,15,-37,16,-35,16,-34,18,-33,19,-32,19,-30,19,-30,20,-29,20,-28,19,-28,19,-27,18,-26,17,-26,16,-24,15,-23,14,-22,13,-21,13,-21,12,-20,11,-19,12,-19,11,-4,2,-2,0,0,-1,0,-1,0,-1,-2,1,-6,5,-30,29,-32,27,-38,18,-40,16,-42,15,-44,14,-46,12,-48,11,-50,9,-51,8,-52,6,-52,6,-53,5,-53,4,-52,4,-51,4,-51,4,-51,5,-51,5,-50,6,-50,7,-49,8,-49,10,-49,11,-49,12,-49,12,-50,12,-50,12]"
CSI_DATA,187,5c:01:3b:6b:b0:95,-46,11,1,6,0,1,1,1,0,0,0,-97,1,11,0,17657795,0,86,1,256,1,"[86,-32,4,0,20,15,20,14,19,13,19,12,18,11,18,10,17,9,17,8,17,7,17,6,17,6,16,5,16,5,16,4,16,4,16,4,15,4,14,4,14,4,13,4,12,4,11,4,11,3,10,3,10,3,2,0,0,0,0,0,0,0,0,0,0,0,0,0,0,0,0,0,0,0,5,2,20,9,20,10,20,11,20,13,20,14,20,15,20,16,20,17,19,18,19,18,19,19,19,19,18,19,18,19,18,19,19,18,19,18,19,17,19,17,19,17,20,16,20,16,20,15,21,16,22,16,23,15,10,10,35,34,34,33,33,32,32,30,31,28,30,27,30,25,30,23,30,21,30,19,30,17,30,16,30,15,29,15,29,14,28,14,27,14,26,13,25,13,24,12,22,12,21,11,20,10,19,10,17,10,16,10,14,13,13,13,2,2,0,0,-1,-1,-2,-1,-1,-1,1,0,6,3,34,21,33,23,35,22,34,25,33,28,33,30,32,33,32,35,31,38,31,39,30,41,30,41,30,41,30,42,29,42,29,42,29,42,29,42,29,41,29,39,30,38,30,38,31,37,32,36,34,35,35,35,36,35,37,35]"
CSI_DATA,188,5c:01:3b:6b:b0:95,-47,11,1,6,0,1,1,1,0,0,0,-97,1,11,0,17710451,0,86,1,256,1,"[86,-32,4,0,-23,10,-22,10,-21,10,-20,10,-19,10,-18,9,-17,9,-17,10,-16,10,-15,11,-14,11,-13,11,-13,11,-13,11,-13,11,-12,10,-12,10,-12,9,-11,8,-11,8,-10,7,-9,6,-9,6,-8,6,-8,5,-2,1,0,0,0,0,0,0,0,0,0,0,0,0,0,0,0,0,0,0,-5,3,-18,12,-19,12,-20,11,-22,11,-23,10,-24,9,-25,9,-26,8,-26,7,-26,7,-27,7,-27,7,-26,7,-26,6,-26,6,-26,7,-26,7,-25,7,-25,8,-25,8,-24,8,-24,9,-24,9,-24,10,-25,11,-25,11,-15,3,-47,14,-46,13,-45,12,-43,12,-41,12,-40,13,-38,13,-36,13,-34,14,-32,15,-31,16,-30,17,-29,17,-28,17,-27,16,-26,16,-25,15,-24,15,-24,14,-23,12,-22,11,-20,10,-19,10,-18,9,-17,9,-16,8,-17,5,-16,4,-3,0,-1,0,0,-1,1,-1,0,-1,-2,1,-7,3,-36,17,-37,15,-37,17,-40,16,-42,14,-44,12,-46,11,-48,10,-49,8,-50,7,-50,5,-50,5,-51,5,-52,5,-52,4,-51,4,-51,4,-51,4,-50,5,-49,6,-49,7,-49,8,-49,9,-48,10,-48,12,-48,13,-49,13,-49,14]"
CSI_DATA,189,5c:01:3b:6b:b0:95,-49,11,1,6,0,1,1,1,0,0,0,-97,1,11,0,17761487,0,86,1,256,1,"[86,-32,4,0,21,14,21,14,20,12,19,12,19,11,18,10,18,9,17,8,17,7,16,7,16,7,15,6,15,5,16,4,15,4,15,4,14,4,13,4,12,4,11,4,10,4,9,4,8,4,8,3,7,3,1,0,0,0,0,0,0,0,0,0,0,0,0,0,0,0,0,0,0,0,5,2,20,8,20,9,20,11,21,12,21,13,21,15,21,15,21,16,21,17,20,18,20,19,19,19,19,19,19,19,19,19,20,18,20,17,20,17,20,17,21,16,21,16,21,16,21,15,21,16,22,16,23,16,10,10,35,33,33,32,32,31,31,29,31,28,30,26,29,24,29,23,29,20,28,19,28,17,28,16,27,15,27,15,26,14,25,14,24,13,23,13,22,13,20,12,18,12,17,11,15,10,14,10,13,9,12,8,8,10,8,10,1,1,0,0,-1,-1,-2,-1,-1,-1,1,0,5,3,33,20,32,22,35,21,34,23,33,26,33,28,33,31,33,34,33,36,32,37,32,39,31,39,31,40,31,40,30,40,30,40,30,40,30,40,30,39,30,38,31,37,32,36,33,35,34,35,34,34,35,34,36,34,37,34]"
CSI_DATA,190,5c:01:3b:6b:b0:95,-52,11,1,6,0,1,1,1,0,0,0,-97,1,11,0,17817398,0,86,1,256,1,"[86,-32,4,0,-3,14,-3,14,-2,13,-2,13,-2,13,-1,12,-1,11,-1,11,-1,10,0,10,0,10,0,10,0,10,0,9,0,9,-1,9,-1,8,-1,8,-1,7,-2,6,-2,6,-2,5,-2,5,-2,4,-2,4,-1,1,0,0,0,0,0,0,0,0,0,0,0,0,0,0,0,0,0,0,-1,2,-1,11,-1,11,-2,12,-3,12,-3,13,-3,13,-4,13,-4,13,-5,13,-5,14,-5,14,-5,14,-5,14,-5,14,-5,14,-5,14,-5,14,-5,14,-4,14,-4,14,-3,14,-3,14,-3,14,-3,15,-3,15,-3,16,-4,8,-10,27,-10,26,-9,26,-9,24,-8,23,-8,23,-7,22,-6,21,-5,20,-5,20,-4,20,-4,19,-4,19,-4,18,-3,18,-3,17,-3,16,-4,15,-4,14,-4,13,-5,12,-5,11,-5,10,-5,9,-5,8,-5,7,-6,5,-7,5,-2,0,-1,0,0,-1,0,-1,0,-1,-1,1,-1,3,-5,20,-6,20,-5,21,-6,21,-8,22,-9,22,-10,23,-11,23,-12,24,-13,24,-14,24,-14,24,-14,25,-15,25,-15,24,-15,24,-15,24,-15,25,-14,25,-13,24,-13,25,-12,25,-11,25,-11,26,-10,26,-10,27,-10,28,-10,28]"
CSI_DATA,191,5c:01:3b:6b:b0:95,-51,11,1,5,0,1,1,1,0,0,0,-97,1,11,0,17867116,0,86,1,256,1,"[86,-32,4,0,-2,27,-2,26,-1,25,-1,24,-1,24,0,24,0,23,1,22,1,22,2,22,2,21,2,21,2,21,1,21,1,21,1,21,0,21,-1,20,-2,19,-3,18,-3,17,-4,16,-4,15,-5,14,-5,14,-2,3,0,0,0,0,0,0,0,0,0,0,0,0,0,0,0,0,0,0,0,3,0,15,0,16,-1,16,-1,17,-2,18,-3,19,-4,19,-4,19,-5,20,-5,21,-5,22,-5,22,-5,22,-5,23,-5,22,-5,23,-5,22,-4,22,-4,23,-3,24,-3,24,-2,24,-2,25,-1,26,-1,27,-1,27,-4,15,-10,50,-10,50,-10,49,-10,47,-9,46,-9,45,-8,44,-6,43,-5,42,-3,42,-2,42,-1,41,-1,42,-2,41,-2,41,-3,40,-4,39,-5,38,-6,37,-8,35,-9,33,-10,31,-10,29,-11,28,-12,26,-13,24,-18,21,-19,19,-4,3,-2,0,0,-1,0,-1,0,-1,-1,1,-1,4,-3,27,-4,28,-3,29,-4,30,-6,31,-8,32,-9,33,-11,35,-12,35,-13,36,-14,37,-14,37,-15,39,-15,40,-15,40,-16,41,-16,41,-15,42,-15,42,-14,42,-14,43,-13,43,-13,44,-12,45,-10,46,-9,48,-8,49,-8,50]"
CSI_DATA,192,5c:01:3b:6b:b0:95,-49,11,1,6,0,1,1,1,0,0,0,-97,1,11,0,17915656,0,86,1,256,1,"[86,-32,4,0,-3,23,-3,23,-2,22,-2,22,-1,22,-1,22,0,21,0,20,0,20,0,20,1,20,1,20,1,20,1,20,1,20,0,20,0,20,0,19,-1,18,-2,18,-2,17,-3,16,-4,16,-4,15,-5,14,-2,3,0,0,0,0,0,0,0,0,0,0,0,0,0,0,0,0,0,0,-1,3,-2,12,-2,13,-2,13,-3,14,-4,15,-4,16,-4,16,-5,16,-6,16,-6,17,-7,17,-7,18,-7,18,-6,18,-6,18,-6,18,-6,18,-6,19,-5,19,-4,20,-3,21,-3,21,-3,21,-3,22,-3,23,-3,23,-4,13,-10,44,-10,44,-10,43,-9,42,-9,41,-8,40,-7,40,-6,40,-5,39,-4,39,-3,39,-3,39,-3,39,-3,39,-3,39,-3,39,-3,38,-4,37,-5,36,-6,35,-8,33,-9,31,-10,30,-11,29,-11,27,-12,26,-17,22,-17,21,-4,3,-2,0,0,-1,0,-1,0,-1,-1,1,-1,4,-5,23,-5,24,-5,24,-6,24,-7,25,-9,26,-10,27,-11,29,-12,29,-13,30,-14,30,-15,31,-15,32,-16,32,-16,32,-16,33,-16,33,-15,34,-15,34,-14,35,-13,36,-12,37,-12,38,-11,39,-11,40,-11,41,-11,43,-10,44]"
CSI_DATA,193,5c:01:3b:6b:b0:95,-44,11,1,6,0,1,1,1,0,0,0,-97,1,11,0,17967914,0,86,1,256,1,"[86,-32,4,0,-26,-8,-26,-7,-25,-7,-25,-7,-24,-6,-24,-6,-24,-5,-24,-4,-24,-3,-24,-3,-23,-3,-23,-2,-23,-2,-24,-2,-24,-2,-24,-2,-23,-3,-22,-3,-21,-4,-21,-4,-20,-5,-19,-6,-18,-6,-17,-6,-17,-7,-4,-2,0,0,0,0,0,0,0,0,0,0,0,0,0,0,0,0,0,0,-4,-1,-16,-4,-17,-5,-17,-6,-17,-7,-18,-8,-18,-8,-19,-9,-19,-10,-19,-10,-19,-11,-20,-11,-20,-12,-19,-12,-19,-12,-20,-12,-21,-11,-21,-10,-21,-10,-21,-10,-22,-10,-22,-9,-23,-9,-24,-8,-24,-8,-26,-8,-26,-8,-16,-6,-49,-17,-48,-18,-48,-17,-47,-17,-46,-15,-45,-14,-45,-13,-45,-12,-45,-11,-45,-9,-44,-8,-45,-7,-45,-7,-45,-7,-44,-7,-44,-7,-44,-8,-43,-9,-42,-10,-40,-11,-38,-12,-36,-12,-35,-13,-33,-13,-31,-14,-30,-15,-27,-19,-25,-20,-5,-4,-2,-2,0,0,0,0,0,0,-2,-1,-6,-1,-29,-6,-29,-8,-31,-10,-31,-12,-32,-14,-32,-16,-33,-17,-34,-19,-34,-21,-34,-22,-35,-23,-35,-24,-36,-24,-36,-24,-36,-25,-37,-25,-37,-24,-38,-24,-38,-23,-39,-22,-40,-21,-41,-20,-42,-19,-43,-18,-44,-18,-45,-18,-47,-18,-48,-18]"
CSI_DATA,194,5c:01:3b:6b:b0:95,-37,11,1,6,0,1,1,1,0,0,0,-97,1,11,0,18021067,0,86,1,256,1,"[86,-32,4,0,-9,-11,-9,-11,-9,-11,-9,-10,-9,-10,-8,-10,-8,-10,-8,-9,-9,-9,-9,-9,-9,-8,-9,-8,-9,-8,-9,-8,-9,-8,-9,-8,-9,-8,-8,-9,-8,-9,-7,-9,-7,-8,-6,-8,-6,-8,-5,-8,-5,-8,-2,-2,0,0,0,0,0,0,0,0,0,0,0,0,0,0,0,0,0,0,-2,-2,-7,-7,-7,-8,-7,-8,-7,-9,-7,-9,-6,-10,-6,-10,-6,-10,-6,-11,-6,-11,-6,-11,-6,-12,-6,-12,-6,-12,-6,-12,-6,-11,-6,-11,-6,-11,-7,-11,-7,-11,-7,-11,-7,-11,-8,-11,-8,-11,-9,-12,-9,-12,-6,-15,-21,-47,-21,-47,-20,-46,-20,-45,-19,-44,-20,-43,-20,-41,-21,-41,-22,-39,-24,-38,-25,-37,-26,-36,-26,-37,-26,-37,-26,-36,-25,-36,-24,-36,-23,-36,-22,-36,-20,-36,-18,-35,-16,-34,-15,-33,-13,-33,-12,-32,-10,-31,0,-32,2,-31,0,-6,0,-2,-1,0,0,0,0,0,-1,-2,-3,-6,-15,-30,-13,-31,-18,-30,-16,-32,-15,-34,-14,-36,-14,-37,-13,-39,-12,-40,-11,-42,-11,-43,-11,-44,-11,-44,-10,-45,-10,-45,-10,-45,-10,-45,-11,-46,-11,-45,-11,-44,-12,-44,-13,-44,-14,-44,-16,-44,-18,-45,-19,-46,-20,-47,-21,-48]"
CSI_DATA,195,5c:01:3b:6b:b0:95,-35,11,1,6,0,1,1,1,0,0,0,-97,1,11,0,18071760,0,86,1,256,1,"[86,-32,4,0,9,9,9,9,9,8,9,8,9,8,9,8,9,7,9,7,9,6,10,6,9,5,9,6,9,6,9,5,10,5,9,6,9,6,9,6,8,6,8,6,7,6,7,6,6,6,6,6,5,6,1,1,0,0,0,0,0,0,0,0,0,0,0,0,0,0,0,0,0,0,1,1,7,5,7,5,7,6,7,7,7,7,7,8,7,8,7,9,7,9,7,9,7,9,7,10,7,10,7,10,7,10,7,10,7,9,7,9,8,9,8,10,8,9,8,9,9,9,9,9,10,9,10,9,11,12,37,39,35,38,34,37,33,35,33,33,34,32,34,31,35,30,35,27,35,26,36,25,37,24,37,25,37,26,36,25,35,25,35,25,34,25,34,25,32,25,30,25,27,24,25,24,24,24,22,24,20,25,16,28,14,28,2,4,0,1,-1,-1,-2,-1,-1,-1,1,0,4,2,28,17,28,19,29,21,28,24,27,27,26,30,26,32,26,34,26,36,26,37,26,37,25,37,26,38,26,39,25,39,25,40,24,40,25,41,25,40,26,39,27,39,29,38,29,37,31,37,32,36,34,36,36,37,38,38]"
CSI_DATA,196,5c:01:3b:6b:b0:95,-40,11,1,6,0,1,1,1,0,0,0,-97,1,11,0,18130522,0,86,1,256,1,"[86,-32,4,0,-19,19,-18,19,-17,19,-16,18,-16,18,-15,18,-14,18,-14,18,-13,19,-12,19,-11,19,-11,19,-11,19,-11,19,-11,19,-11,19,-12,19,-12,18,-12,17,-12,16,-12,15,-12,14,-12,13,-12,13,-12,12,-3,3,0,0,0,0,0,0,0,0,0,0,0,0,0,0,0,0,0,0,-3,4,-12,16,-13,16,-14,16,-15,16,-17,15,-18,15,-19,15,-20,15,-20,14,-21,14,-22,15,-22,15,-21,14,-21,14,-21,14,-21,14,-21,14,-20,15,-20,15,-19,16,-19,16,-19,17,-19,17,-19,18,-19,19,-20,20,-13,10,-40,34,-39,33,-38,33,-37,32,-35,32,-34,32,-33,32,-31,32,-30,33,-28,33,-27,34,-26,34,-26,35,-26,35,-25,35,-25,34,-25,33,-25,32,-26,31,-26,30,-26,28,-25,26,-25,25,-25,23,-25,22,-25,20,-28,15,-28,13,-6,2,-2,0,0,-1,0,-2,0,-1,-2,1,-4,5,-22,30,-24,29,-26,29,-28,28,-30,27,-32,27,-34,27,-36,26,-38,26,-40,25,-41,24,-42,23,-43,24,-43,23,-43,23,-43,23,-43,23,-43,24,-42,24,-41,24,-40,26,-40,27,-40,28,-40,29,-39,31,-39,32,-39,33,-40,33]"
CSI_DATA,197,5c:01:3b:6b:b0:95,-47,11,1,5,0,1,1,1,0,0,0,-97,1,11,0,18184630,0,86,1,256,1,"[86,-32,4,0,8,-24,8,-24,7,-23,6,-23,6,-23,5,-23,4,-23,4,-23,3,-23,3,-23,2,-23,1,-23,1,-24,1,-24,2,-24,2,-24,2,-24,3,-24,3,-24,4,-23,4,-22,5,-21,6,-20,6,-20,7,-20,1,-5,0,0,0,0,0,0,0,0,0,0,0,0,0,0,0,0,0,0,1,-5,5,-18,6,-18,7,-19,8,-19,9,-19,10,-19,11,-19,12,-19,12,-19,13,-19,14,-19,14,-19,13,-19,13,-18,13,-18,13,-19,12,-19,11,-19,11,-20,10,-20,10,-21,9,-21,9,-21,9,-22,9,-23,10,-24,5,-14,18,-45,18,-45,18,-44,17,-43,16,-43,15,-43,14,-43,12,-43,10,-43,8,-43,6,-44,5,-45,5,-46,5,-46,5,-46,5,-46,6,-45,6,-45,8,-45,9,-44,10,-43,11,-41,12,-40,12,-38,14,-37,15,-35,20,-33,22,-31,4,-6,1,-2,-1,0,-1,1,-1,0,0,-2,1,-6,8,-34,9,-33,12,-34,14,-34,17,-34,19,-34,20,-34,22,-34,24,-34,26,-33,26,-33,26,-33,27,-34,27,-34,27,-34,27,-34,27,-34,26,-34,25,-35,24,-35,24,-35,23,-36,23,-37,22,-39,20,-40,19,-41,19,-43,19,-43]"
CSI_DATA,198,5c:01:3b:6b:b0:95,-34,11,1,6,0,1,1,1,0,0,0,-97,1,11,0,18229620,0,86,1,256,1,"[86,-32,4,0,-14,4,-14,4,-13,4,-13,4,-13,4,-12,4,-12,4,-12,5,-12,5,-12,5,-11,5,-11,5,-11,6,-11,6,-11,6,-11,6,-11,5,-11,5,-11,5,-11,4,-11,4,-10,3,-10,3,-10,2,-10,2,-3,0,0,0,0,0,0,0,0,0,0,0,0,0,0,0,0,0,0,0,-3,1,-10,4,-10,3,-11,3,-11,2,-11,2,-12,2,-12,2,-13,2,-13,1,-13,1,-13,1,-14,0,-13,0,-13,0,-13,0,-14,1,-13,1,-13,1,-13,2,-13,2,-13,2,-13,3,-13,3,-14,3,-14,3,-14,4,-17,2,-54,10,-54,10,-52,9,-51,10,-50,10,-49,11,-48,12,-47,13,-45,14,-45,15,-44,16,-44,17,-45,18,-44,19,-44,18,-44,18,-44,17,-44,16,-44,15,-43,13,-42,11,-40,10,-40,9,-39,8,-38,6,-37,4,-36,-2,-36,-4,-7,-1,-2,-1,0,-1,0,-1,0,-1,-2,0,-6,2,-34,14,-35,12,-37,11,-38,9,-40,7,-42,6,-44,4,-45,2,-47,1,-48,0,-48,-1,-48,-1,-49,-1,-49,-1,-49,-2,-49,-2,-50,-2,-50,-2,-50,-1,-49,0,-49,1,-49,3,-50,4,-50,6,-50,8,-52,9,-53,9,-53,10]"
CSI_DATA,199,5c:01:3b:6b:b0:95,-32,11,1,7,0,1,1,1,0,0,0,-97,1,11,0,18279685,0,86,1,256,1,"[86,-32,4,0,-3,-26,-3,-25,-3,-25,-3,-24,-4,-24,-5,-23,-5,-23,-5,-22,-6,-22,-7,-22,-8,-21,-8,-21,-8,-22,-8,-22,-8,-22,-7,-22,-6,-22,-6,-22,-5,-22,-4,-21,-4,-20,-3,-20,-2,-19,-2,-19,-1,-19,-1,-5,0,0,0,0,0,0,0,0,0,0,0,0,0,0,0,0,0,0,-1,-5,-3,-17,-2,-18,-2,-19,-1,-20,-1,-20,1,-21,2,-21,2,-21,3,-22,3,-22,3,-23,3,-23,3,-23,3,-22,3,-22,2,-22,2,-22,1,-23,1,-23,0,-23,0,-23,-1,-24,-2,-24,-2,-25,-2,-26,-2,-26,-1,-16,-3,-50,-2,-49,-2,-48,-2,-47,-3,-46,-4,-45,-5,-44,-6,-44,-8,-43,-9,-42,-11,-42,-12,-42,-13,-42,-12,-42,-12,-42,-12,-42,-11,-42,-10,-42,-9,-42,-8,-41,-6,-41,-5,-39,-4,-38,-2,-37,-1,-36,1,-35,6,-33,8,-32,1,-6,0,-2,-1,0,0,0,-1,0,-1,-2,-2,-6,-6,-32,-4,-32,-3,-34,-1,-34,1,-36,2,-37,3,-38,4,-39,6,-39,7,-40,8,-40,8,-41,8,-41,8,-42,9,-42,9,-42,9,-42,8,-42,7,-42,6,-42,5,-42,5,-43,3,-44,2,-45,1,-45,-1,-46,-2,-48,-2,-49]"
CSI_DATA,200,5c:01:3b:6b:b0:95,-46,11,1,7,0,1,1,1,0,0,0,-97,1,11,0,18332764,0,86,1,256,1,"[86,-32,4,0,6,22,7,22,7,21,7,21,8,21,8,21,8,20,9,19,9,19,9,19,9,19,10,20,10,20,10,20,10,20,10,20,9,20,9,20,8,20,7,20,5,20,4,19,3,19,2,19,1,19,0,4,0,0,0,0,0,0,0,0,0,0,0,0,0,0,0,0,0,0,1,3,4,15,4,15,3,16,3,17,3,17,2,18,2,18,1,18,1,19,0,19,0,19,0,20,0,20,0,20,1,20,1,19,1,19,2,19,3,20,4,20,5,20,5,21,5,21,5,22,6,22,7,22,3,13,11,44,10,43,10,43,11,42,11,41,12,41,12,40,13,39,14,38,15,38,16,38,17,38,17,38,17,38,18,39,17,39,16,40,15,40,14,40,12,39,10,39,8,38,7,38,5,37,3,36,1,36,-4,34,-7,34,-2,5,-1,1,-1,-1,-1,-1,-1,-1,0,1,1,5,8,28,7,29,7,29,6,30,4,31,3,32,2,33,2,34,1,35,0,36,0,36,-1,37,-1,37,-2,37,-2,37,-1,37,-1,37,-1,37,0,37,1,37,3,37,4,38,5,39,6,39,7,40,8,41,9,43,10,43]"
CSI_DATA,201,5c:01:3b:6b:b0:95,-50,11,1,6,0,1,1,1,0,0,0,-97,1,11,0,18386814,0,86,1,256,1,"[86,-32,4,0,17,-15,16,-15,16,-15,15,-15,14,-15,13,-15,12,-15,12,-15,11,-16,11,-16,10,-16,9,-16,9,-17,9,-17,9,-17,9,-17,9,-17,9,-17,9,-16,10,-15,9,-14,9,-14,10,-13,10,-13,10,-12,2,-3,0,0,0,0,0,0,0,0,0,0,0,0,0,0,0,0,0,0,4,-4,16,-16,17,-15,17,-15,18,-14,19,-13,21,-13,22,-12,22,-12,22,-11,22,-10,23,-10,23,-10,22,-9,21,-9,21,-9,21,-9,20,-10,19,-10,19,-11,19,-11,18,-12,18,-12,18,-12,18,-13,18,-14,18,-15,11,-7,36,-21,36,-21,35,-21,34,-21,33,-21,31,-22,30,-22,28,-23,27,-24,26,-25,24,-26,24,-27,23,-28,23,-28,23,-28,23,-28,23,-27,23,-27,23,-26,23,-25,23,-24,22,-23,22,-22,22,-21,23,-20,23,-19,27,-13,27,-11,4,-2,1,-1,-1,0,-2,0,-1,0,1,-2,6,-5,35,-25,35,-22,34,-24,36,-22,38,-20,40,-18,41,-16,43,-15,44,-13,44,-12,44,-10,44,-10,45,-10,45,-10,44,-9,44,-9,43,-9,42,-10,41,-10,40,-11,39,-12,39,-13,39,-14,38,-16,37,-17,38,-19,38,-20,37,-21]"
CSI_DATA,202,5c:01:3b:6b:b0:95,-45,11,1,7,0,1,1,1,0,0,0,-97,1,11,0,18436680,0,86,1,256,1,"[86,-32,4,0,16,-19,15,-19,15,-18,14,-18,13,-18,13,-17,12,-17,11,-18,10,-18,9,-18,8,-18,8,-18,8,-19,8,-18,8,-18,8,-18,8,-18,9,-17,9,-16,9,-16,9,-14,8,-14,8,-13,9,-13,9,-12,2,-3,0,0,0,0,0,0,0,0,0,0,0,0,0,0,0,0,0,0,2,-5,12,-18,13,-18,14,-18,15,-18,16,-17,17,-17,18,-17,19,-16,20,-15,20,-15,20,-16,21,-16,20,-15,20,-15,20,-15,20,-15,19,-15,18,-15,18,-16,18,-16,17,-16,17,-17,17,-17,17,-18,17,-19,18,-20,11,-9,36,-29,36,-29,35,-29,34,-29,32,-28,31,-28,30,-28,28,-28,27,-29,25,-30,23,-31,21,-32,21,-32,21,-32,21,-32,21,-31,21,-31,21,-30,22,-28,22,-27,22,-26,21,-24,20,-23,20,-22,20,-21,20,-19,23,-14,24,-12,4,-3,1,-1,-1,0,-1,0,-1,0,1,-2,4,-6,26,-30,27,-28,27,-30,29,-29,32,-28,34,-27,36,-26,38,-25,40,-23,41,-22,42,-21,42,-21,42,-21,43,-22,42,-21,42,-21,42,-20,41,-21,41,-21,40,-21,39,-22,39,-23,39,-24,38,-25,37,-27,37,-28,37,-29,37,-30]"
CSI_DATA,203,5c:01:3b:6b:b0:95,-37,11,1,5,0,1,1,1,0,0,0,-97,1,11,0,18490584,0,86,1,256,1,"[86,-32,4,0,-14,-1,-13,-1,-13,0,-12,0,-12,0,-12,0,-12,0,-11,1,-11,1,-11,2,-11,2,-11,2,-11,2,-11,2,-11,2,-11,2,-11,2,-11,1,-10,1,-10,1,-9,0,-9,0,-9,0,-8,0,-8,-1,-2,-1,0,0,0,0,0,0,0,0,0,0,0,0,0,0,0,0,0,0,-3,0,-10,1,-11,0,-11,0,-11,-1,-12,-1,-12,-2,-12,-2,-12,-2,-13,-3,-13,-3,-13,-3,-13,-3,-13,-3,-12,-3,-13,-3,-13,-3,-13,-3,-13,-3,-12,-3,-12,-2,-13,-2,-13,-2,-13,-2,-13,-1,-14,-1,-14,-1,-16,-4,-50,-9,-49,-9,-48,-9,-47,-8,-46,-7,-45,-6,-44,-6,-43,-4,-42,-3,-42,-1,-42,1,-42,2,-42,2,-42,2,-42,2,-41,1,-41,1,-40,1,-40,0,-38,-1,-37,-2,-35,-3,-33,-4,-32,-5,-30,-5,-29,-6,-27,-13,-25,-14,-5,-3,-2,-1,0,-1,0,-1,0,0,-2,0,-7,0,-36,2,-37,0,-39,0,-40,-3,-41,-5,-42,-7,-43,-9,-44,-12,-45,-13,-45,-15,-45,-17,-44,-17,-45,-17,-45,-18,-45,-18,-45,-18,-44,-18,-45,-18,-45,-17,-44,-16,-44,-15,-44,-14,-45,-13,-46,-12,-46,-11,-48,-9,-50,-8,-51,-8]"
CSI_DATA,204,5c:01:3b:6b:b0:95,-35,11,1,5,0,1,1,1,0,0,0,-97,1,11,0,18542440,0,86,1,256,1,"[86,-32,4,0,-4,13,-4,13,-4,13,-3,13,-3,12,-3,12,-2,12,-2,11,-2,11,-2,11,-1,11,-1,11,-1,11,-1,11,-1,11,-1,11,-2,11,-2,11,-2,10,-2,10,-3,9,-3,9,-3,8,-3,8,-3,8,-1,2,0,0,0,0,0,0,0,0,0,0,0,0,0,0,0,0,0,0,-1,2,-1,10,-2,10,-2,11,-3,11,-3,11,-4,11,-5,11,-5,11,-5,11,-6,11,-6,12,-7,12,-6,12,-6,12,-6,12,-6,12,-6,11,-6,11,-5,12,-5,12,-5,12,-4,12,-5,12,-4,13,-4,13,-4,14,-9,14,-25,47,-24,46,-24,46,-23,45,-21,44,-20,43,-19,42,-17,42,-15,41,-14,41,-12,42,-11,42,-11,43,-11,43,-11,43,-11,42,-11,41,-12,40,-13,39,-13,37,-15,35,-15,33,-15,32,-15,30,-16,28,-16,27,-23,23,-24,21,-5,3,-2,0,0,-1,0,-2,0,-1,-1,1,-2,6,-10,36,-12,36,-10,37,-13,37,-16,38,-18,38,-21,39,-23,39,-25,40,-27,39,-28,39,-28,39,-29,40,-29,41,-29,40,-30,40,-31,40,-30,40,-29,40,-28,40,-28,40,-27,40,-26,41,-26,43,-25,44,-24,46,-23,47,-22,48]"
CSI_DATA,205,5c:01:3b:6b:b0:95,-36,11,1,6,0,1,1,1,0,0,0,-97,1,11,0,18592624,0,86,1,256,1,"[86,-32,4,0,9,-10,9,-10,8,-10,8,-10,8,-10,7,-10,7,-10,7,-10,6,-10,6,-10,5,-10,5,-10,5,-11,5,-10,6,-10,6,-10,6,-10,6,-9,6,-9,6,-9,6,-8,5,-8,5,-7,6,-7,6,-7,1,-2,0,0,0,0,0,0,0,0,0,0,0,0,0,0,0,0,0,0,1,-2,6,-8,6,-8,7,-8,7,-8,8,-8,9,-8,9,-8,9,-7,10,-7,10,-7,10,-8,11,-7,10,-7,10,-7,10,-7,10,-7,10,-7,10,-8,9,-8,9,-8,9,-8,9,-9,9,-9,9,-10,10,-10,10,-11,12,-11,40,-34,39,-33,39,-32,38,-32,36,-31,35,-32,33,-32,32,-32,30,-33,28,-34,27,-35,26,-35,26,-36,26,-36,25,-35,25,-35,25,-34,25,-33,25,-32,26,-30,26,-29,25,-27,24,-26,24,-24,24,-22,24,-20,27,-14,28,-12,4,-2,1,-1,-1,0,-1,0,-1,0,1,-2,4,-6,24,-29,25,-26,26,-27,28,-27,31,-26,33,-25,34,-25,36,-25,38,-24,40,-23,41,-22,41,-21,43,-22,43,-22,43,-21,43,-21,43,-21,43,-22,42,-22,41,-23,41,-24,40,-25,40,-26,40,-28,40,-29,40,-31,41,-32,42,-33]"
CSI_DATA,206,5c:01:3b:6b:b0:95,-36,11,1,6,0,1,1,1,0,0,0,-97,1,11,0,18644780,0,86,1,256,1,"[86,-32,4,0,-6,12,-5,12,-5,12,-4,11,-4,11,-4,11,-4,10,-3,10,-3,10,-3,10,-2,10,-2,10,-2,10,-2,10,-2,10,-2,10,-2,10,-3,10,-3,9,-3,9,-3,8,-3,8,-3,8,-4,7,-4,7,-1,1,0,0,0,0,0,0,0,0,0,0,0,0,0,0,0,0,0,0,-1,2,-3,9,-3,9,-4,9,-5,10,-5,10,-6,10,-6,10,-7,10,-7,10,-7,10,-8,10,-8,10,-7,10,-7,10,-7,10,-7,10,-7,10,-7,10,-7,10,-6,10,-6,11,-6,11,-6,11,-6,12,-6,12,-6,12,-9,13,-26,44,-26,43,-25,42,-24,41,-23,41,-22,41,-20,40,-18,39,-17,39,-15,39,-14,39,-13,39,-13,40,-13,40,-12,40,-12,39,-12,39,-13,38,-13,37,-14,35,-15,33,-15,31,-15,30,-16,29,-16,27,-17,25,-21,22,-21,20,-4,3,-2,0,0,-1,0,-2,0,-1,-1,1,-2,5,-12,33,-14,32,-15,33,-17,33,-19,33,-22,34,-24,34,-25,34,-27,35,-29,34,-30,34,-31,33,-31,34,-32,35,-32,34,-33,34,-33,34,-33,35,-31,35,-30,35,-30,35,-29,37,-28,37,-28,39,-27,40,-26,42,-26,43,-26,44]"
CSI_DATA,207,5c:01:3b:6b:b0:95,-41,11,1,6,0,1,1,1,0,0,0,-97,1,11,0,18698591,0,86,1,256,1,"[86,-32,4,0,24,-7,24,-7,23,-7,22,-7,22,-7,21,-8,20,-8,20,-9,19,-10,19,-10,18,-10,18,-10,18,-11,18,-11,19,-11,18,-10,18,-10,18,-10,18,-9,17,-8,17,-7,16,-6,15,-5,15,-5,15,-4,3,-1,0,0,0,0,0,0,0,0,0,0,0,0,0,0,0,0,0,0,4,-3,18,-9,19,-8,19,-8,20,-7,21,-6,22,-5,23,-5,24,-4,24,-3,24,-3,25,-3,25,-2,24,-2,24,-2,24,-2,24,-2,24,-3,23,-3,23,-3,23,-4,23,-4,24,-5,24,-5,24,-6,25,-7,26,-7,14,-3,48,-8,47,-8,46,-8,45,-8,44,-8,43,-9,42,-10,41,-11,40,-13,39,-14,38,-16,37,-17,37,-17,37,-17,37,-16,37,-16,36,-15,36,-14,36,-13,35,-12,34,-10,33,-9,31,-8,31,-7,30,-6,29,-4,29,0,28,2,4,0,1,0,-1,-1,-2,0,-1,0,1,-2,5,-4,33,-16,34,-14,35,-13,37,-11,39,-9,40,-8,42,-6,43,-4,45,-2,45,-1,45,1,46,1,47,1,47,1,47,1,46,2,46,2,46,2,45,1,45,0,45,-1,46,-2,46,-3,47,-5,47,-6,48,-7,48,-8,49,-9]"
CSI_DATA,208,5c:01:3b:6b:b0:95,-43,11,1,6,0,1,1,1,0,0,0,-97,1,11,0,18750662,0,86,1,256,1,"[86,-32,4,0,10,-25,9,-25,8,-24,7,-23,7,-23,6,-23,5,-22,5,-22,4,-22,3,-22,2,-22,2,-22,2,-22,2,-22,2,-22,2,-22,2,-22,3,-21,3,-20,4,-19,4,-18,4,-18,4,-17,5,-16,5,-16,1,-4,0,0,0,0,0,0,0,0,0,0,0,0,0,0,0,0,0,0,1,-6,5,-21,6,-21,7,-22,8,-22,9,-22,11,-22,12,-22,13,-22,14,-22,14,-22,15,-22,15,-22,14,-22,14,-22,14,-21,14,-21,13,-21,13,-22,12,-22,11,-23,11,-23,11,-23,10,-23,10,-24,10,-25,11,-26,8,-14,24,-45,24,-44,24,-43,23,-42,22,-41,21,-41,19,-40,18,-40,15,-40,13,-40,11,-41,10,-41,9,-41,9,-41,9,-41,10,-40,10,-39,10,-38,11,-38,12,-36,12,-35,12,-33,12,-32,12,-30,12,-29,13,-27,18,-24,19,-22,3,-4,1,-2,-1,0,-1,1,-1,0,0,-3,1,-7,12,-38,14,-37,14,-38,17,-38,20,-38,23,-38,25,-38,27,-38,29,-37,31,-37,31,-37,32,-37,32,-37,33,-38,33,-37,33,-36,33,-36,33,-36,32,-36,30,-36,30,-37,30,-38,29,-39,28,-40,26,-41,25,-43,25,-44,25,-45]"
CSI_DATA,209,5c:01:3b:6b:b0:95,-46,11,1,6,0,1,1,1,0,0,0,-97,1,11,0,18804041,0,86,1,256,1,"[86,-32,4,0,1,25,1,24,2,23,2,22,3,22,3,21,4,20,4,20,5,19,6,19,6,19,7,19,7,19,7,18,7,18,7,19,7,18,6,18,5,17,5,17,4,16,4,16,3,16,3,15,2,15,0,3,0,0,0,0,0,0,0,0,0,0,0,0,0,0,0,0,0,0,0,5,3,21,2,22,1,23,0,23,-1,24,-2,24,-3,24,-4,25,-5,25,-5,25,-6,25,-6,25,-6,25,-6,25,-6,24,-5,24,-5,24,-4,23,-3,24,-2,24,-2,24,-1,24,-1,24,0,25,0,25,0,25,-1,14,0,48,0,47,0,46,0,45,1,43,2,42,3,41,5,40,6,39,8,38,9,37,10,37,11,37,11,37,11,37,11,36,11,36,10,35,10,35,9,34,7,33,6,32,5,31,5,31,3,30,2,29,-1,28,-2,28,-1,4,-1,1,-1,-1,-1,-2,-1,-1,0,2,2,6,11,38,9,39,5,41,3,42,0,44,-2,45,-4,46,-6,46,-8,47,-10,47,-11,47,-11,47,-12,48,-12,47,-13,47,-13,46,-13,46,-12,46,-11,45,-10,45,-9,45,-8,45,-7,45,-5,46,-4,46,-2,47,-1,48,-1,48]"
CSI_DATA,210,5c:01:3b:6b:b0:95,-51,11,1,6,0,1,1,1,0,0,0,-97,1,11,0,18857161,0,86,1,256,1,"[86,-32,4,0,19,-10,19,-11,18,-11,18,-11,17,-11,16,-11,16,-12,15,-13,15,-13,14,-14,14,-14,13,-14,14,-15,14,-15,14,-15,14,-15,14,-15,15,-15,15,-14,15,-13,15,-12,14,-11,14,-11,15,-11,15,-10,3,-3,0,0,0,0,0,0,0,0,0,0,0,0,0,0,0,0,0,0,4,-3,19,-10,20,-9,20,-8,21,-8,22,-7,23,-6,23,-5,23,-4,23,-4,23,-3,24,-3,23,-3,22,-3,22,-3,21,-3,21,-3,21,-4,20,-5,20,-5,20,-6,20,-6,20,-7,19,-8,20,-8,20,-9,21,-10,12,-4,40,-13,39,-14,39,-14,38,-14,37,-15,36,-16,34,-17,33,-18,32,-19,31,-20,31,-22,30,-22,30,-23,31,-24,31,-24,31,-24,31,-23,31,-23,32,-22,32,-21,31,-20,30,-19,30,-18,30,-16,30,-15,30,-13,33,-5,33,-3,5,-1,1,0,-1,0,-2,0,-1,0,2,-2,6,-4,38,-17,38,-14,39,-15,40,-12,41,-10,42,-8,43,-6,44,-4,44,-3,44,-1,44,0,44,1,44,1,44,1,43,1,42,1,42,0,41,0,40,-1,40,-2,40,-3,40,-5,40,-6,40,-8,40,-9,40,-11,40,-12,40,-12]"
CSI_DATA,211,5c:01:3b:6b:b0:95,-49,11,1,6,0,1,1,1,0,0,0,-97,1,11,0,18907151,0,86,1,256,1,"[86,-32,4,0,18,17,18,17,18,16,18,16,18,15,18,15,18,14,18,13,19,13,19,12,19,12,20,12,20,13,20,13,20,13,20,14,20,14,19,15,18,15,17,16,16,16,15,16,14,16,13,16,12,17,2,4,0,0,0,0,0,0,0,0,0,0,0,0,0,0,0,0,0,0,3,2,12,11,12,12,11,13,11,14,11,15,11,15,10,16,10,16,10,17,10,17,10,17,10,18,10,18,10,17,10,17,11,17,11,16,12,16,12,16,13,16,14,16,14,16,15,16,16,16,17,17,18,16,9,11,31,35,31,35,31,34,31,34,31,33,31,32,31,31,32,30,33,29,34,28,35,27,35,26,36,26,37,27,37,27,37,28,36,29,35,30,34,31,32,32,30,32,28,33,26,33,25,33,22,34,20,34,14,37,12,37,1,6,0,1,-1,-1,-1,-1,-1,-1,1,1,3,4,21,24,20,25,21,25,20,26,19,28,18,29,17,31,17,32,16,34,16,35,15,35,15,36,16,36,16,35,15,35,16,35,16,34,17,35,18,34,19,33,20,33,21,33,23,33,25,33,26,33,28,34,29,34,30,35]"
CSI_DATA,212,5c:01:3b:6b:b0:95,-36,11,1,7,0,1,1,1,0,0,0,-97,1,11,0,18961658,0,86,1,256,1,"[86,-32,4,0,-13,1,-13,1,-13,1,-12,1,-12,2,-12,2,-12,2,-11,3,-11,3,-11,3,-11,3,-11,4,-11,4,-11,4,-11,4,-11,4,-11,4,-11,3,-11,3,-11,2,-10,2,-10,1,-10,1,-10,1,-10,1,-3,0,0,0,0,0,0,0,0,0,0,0,0,0,0,0,0,0,0,0,-3,0,-10,0,-10,0,-10,0,-11,-1,-11,-1,-11,-1,-11,-2,-12,-2,-12,-2,-12,-2,-12,-2,-12,-2,-12,-2,-12,-2,-12,-2,-12,-2,-12,-2,-12,-1,-12,-1,-12,-1,-12,0,-12,0,-13,0,-13,0,-13,1,-14,1,-16,-2,-50,-2,-50,-2,-49,-2,-48,-1,-46,0,-45,1,-45,2,-44,2,-44,4,-43,5,-43,7,-43,8,-43,9,-43,9,-43,9,-43,9,-43,8,-42,7,-42,6,-41,5,-40,3,-39,2,-38,1,-37,0,-36,-1,-35,-3,-32,-11,-31,-12,-6,-3,-2,-1,0,-1,0,-1,0,-1,-2,0,-7,0,-34,0,-34,-2,-36,-2,-37,-4,-37,-5,-38,-7,-39,-8,-40,-10,-41,-11,-41,-12,-41,-13,-41,-14,-42,-14,-42,-14,-42,-14,-42,-14,-43,-14,-43,-13,-43,-12,-43,-11,-43,-10,-44,-8,-44,-7,-45,-6,-46,-5,-47,-4,-48,-3,-49,-4]"
CSI_DATA,213,5c:01:3b:6b:b0:95,-32,11,1,6,0,1,1,1,0,0,0,-97,1,11,0,19008657,0,86,1,256,1,"[86,-32,4,0,-12,6,-12,6,-11,6,-11,5,-11,6,-10,6,-10,6,-10,6,-10,6,-10,7,-9,7,-9,7,-9,7,-9,7,-9,7,-9,7,-9,7,-10,6,-9,6,-9,5,-9,5,-9,4,-9,4,-9,4,-9,3,-3,0,0,0,0,0,0,0,0,0,0,0,0,0,0,0,0,0,0,0,-2,1,-8,5,-9,4,-9,4,-10,4,-10,4,-11,4,-11,3,-11,3,-12,3,-12,3,-12,3,-12,3,-12,3,-12,3,-12,3,-12,3,-12,3,-12,3,-12,3,-11,4,-11,4,-12,4,-12,5,-12,5,-12,6,-12,6,-15,5,-48,18,-47,18,-46,18,-45,18,-43,19,-42,20,-41,20,-40,20,-39,21,-38,22,-38,23,-37,23,-37,24,-37,25,-37,24,-37,24,-36,23,-37,22,-37,21,-37,19,-36,18,-35,16,-35,14,-34,13,-34,11,-33,9,-34,3,-33,1,-6,0,-2,-1,0,-1,0,-1,0,-1,-2,1,-5,3,-28,18,-29,17,-31,16,-33,15,-35,14,-37,13,-38,12,-40,11,-42,10,-43,9,-43,8,-44,8,-45,8,-46,7,-45,7,-46,7,-46,7,-46,8,-45,8,-44,9,-44,10,-44,12,-44,13,-45,15,-45,16,-45,18,-46,19,-46,19]"
CSI_DATA,214,5c:01:3b:6b:b0:95,-46,11,1,5,0,1,1,1,0,0,0,-97,1,11,0,19062696,0,86,1,256,1,"[86,-32,4,0,-15,-23,-15,-22,-15,-21,-15,-20,-15,-19,-15,-19,-15,-18,-15,-17,-15,-16,-16,-16,-16,-15,-16,-15,-17,-15,-17,-14,-17,-15,-16,-15,-16,-14,-15,-14,-14,-14,-13,-14,-12,-14,-11,-14,-11,-14,-10,-13,-9,-13,-3,-4,0,0,0,0,0,0,0,0,0,0,0,0,0,0,0,0,0,0,-3,-4,-12,-16,-12,-17,-11,-18,-11,-19,-11,-20,-10,-21,-10,-21,-10,-22,-9,-22,-9,-23,-9,-23,-8,-24,-8,-24,-8,-24,-8,-23,-9,-23,-10,-22,-10,-22,-11,-22,-11,-22,-12,-22,-12,-22,-13,-22,-14,-23,-14,-23,-14,-23,-7,-14,-22,-45,-21,-45,-21,-44,-20,-42,-20,-41,-20,-40,-21,-38,-22,-37,-23,-36,-24,-35,-25,-34,-26,-32,-27,-32,-27,-32,-26,-32,-26,-32,-25,-31,-24,-31,-23,-31,-22,-30,-20,-30,-18,-29,-17,-28,-16,-28,-14,-27,-13,-26,-7,-28,-5,-28,-1,-5,-1,-2,0,0,0,0,0,0,-1,-2,-3,-6,-16,-32,-15,-33,-18,-33,-17,-34,-15,-36,-14,-38,-13,-40,-12,-41,-11,-43,-10,-44,-10,-45,-9,-45,-9,-46,-9,-46,-9,-46,-9,-46,-9,-45,-10,-46,-11,-45,-12,-44,-12,-44,-13,-44,-14,-44,-16,-44,-17,-44,-19,-45,-20,-45,-20,-46]"
CSI_DATA,215,5c:01:3b:6b:b0:95,-47,11,1,5,0,1,1,1,0,0,0,-97,1,11,0,19115535,0,86,1,256,1,"[86,-32,4,0,4,-25,4,-25,3,-24,3,-24,2,-24,1,-23,1,-23,0,-23,0,-22,-1,-22,-2,-22,-3,-22,-3,-23,-3,-22,-3,-23,-2,-23,-2,-23,-1,-22,-1,-22,0,-21,0,-20,1,-19,1,-19,2,-19,2,-19,0,-5,0,0,0,0,0,0,0,0,0,0,0,0,0,0,0,0,0,0,0,-5,0,-20,1,-21,2,-22,2,-22,4,-22,5,-23,6,-23,7,-23,8,-23,8,-23,9,-24,9,-24,9,-24,9,-23,9,-23,9,-23,8,-23,8,-23,7,-23,6,-24,6,-24,6,-24,5,-24,5,-25,5,-26,5,-27,5,-15,15,-47,15,-46,14,-46,13,-45,13,-44,12,-43,11,-42,9,-42,7,-42,5,-42,3,-42,2,-42,2,-43,1,-43,1,-43,1,-42,2,-42,2,-42,3,-41,4,-40,5,-39,6,-38,7,-36,7,-35,8,-34,9,-33,16,-30,18,-29,3,-5,1,-2,-1,0,-1,1,-1,0,0,-3,0,-7,5,-37,7,-37,5,-38,7,-38,10,-39,12,-39,14,-40,16,-40,18,-41,20,-40,21,-40,22,-40,23,-41,23,-41,23,-40,24,-40,24,-40,23,-40,22,-40,21,-40,20,-40,19,-41,19,-42,18,-43,17,-44,16,-45,16,-46,16,-47]"
CSI_DATA,216,5c:01:3b:6b:b0:95,-42,11,1,6,0,1,1,1,0,0,0,-97,1,11,0,19164712,0,86,1,256,1,"[86,-32,4,0,12,-23,12,-23,11,-22,10,-22,10,-22,9,-21,8,-21,8,-21,7,-21,6,-21,5,-21,5,-21,5,-21,6,-21,6,-21,6,-21,6,-21,7,-20,7,-19,7,-18,7,-17,7,-16,7,-15,7,-15,8,-14,2,-4,0,0,0,0,0,0,0,0,0,0,0,0,0,0,0,0,0,0,1,-5,6,-17,7,-17,8,-17,9,-18,10,-18,11,-18,12,-18,13,-18,14,-18,14,-18,15,-18,15,-19,14,-18,14,-18,14,-18,15,-18,14,-19,14,-19,13,-19,13,-20,12,-20,12,-21,12,-21,12,-22,12,-23,13,-24,9,-12,30,-39,30,-38,29,-37,29,-36,27,-36,26,-36,25,-36,23,-36,22,-36,20,-36,18,-37,17,-37,17,-38,18,-37,18,-37,18,-36,18,-36,18,-35,19,-34,19,-32,19,-30,19,-28,19,-27,19,-25,19,-24,19,-22,24,-16,24,-14,4,-3,1,-1,-1,0,-1,0,-1,0,0,-2,2,-6,17,-28,18,-28,17,-29,19,-29,21,-29,23,-29,25,-29,27,-29,29,-29,30,-28,31,-28,32,-28,32,-29,33,-29,33,-28,34,-28,34,-28,33,-29,33,-29,32,-30,32,-31,31,-32,31,-33,31,-34,30,-35,30,-37,30,-38,30,-39]"
CSI_DATA,217,5c:01:3b:6b:b0:95,-47,11,1,6,0,1,1,1,0,0,0,-97,1,11,0,19216738,0,86,1,256,1,"[86,-32,4,0,-18,20,-17,20,-16,20,-16,19,-16,19,-15,19,-14,19,-14,19,-13,19,-12,19,-12,19,-11,19,-11,19,-11,19,-12,19,-12,19,-12,18,-12,17,-13,16,-13,15,-12,14,-12,12,-12,12,-12,11,-12,10,-3,2,0,0,0,0,0,0,0,0,0,0,0,0,0,0,0,0,0,0,-3,3,-10,13,-11,13,-11,13,-12,13,-13,13,-15,13,-16,13,-17,13,-17,13,-17,13,-18,14,-18,14,-18,14,-18,14,-18,14,-18,14,-18,15,-18,15,-17,16,-17,16,-17,17,-17,17,-17,18,-17,19,-18,20,-18,21,-11,12,-34,39,-33,39,-33,38,-32,38,-31,37,-30,37,-29,37,-28,36,-26,36,-25,37,-23,37,-22,37,-22,38,-22,38,-22,37,-22,36,-23,35,-23,34,-24,32,-24,30,-24,28,-24,26,-23,24,-23,23,-23,21,-23,19,-24,16,-24,15,-5,2,-2,0,0,-1,0,-1,0,-1,-1,1,-2,4,-12,26,-14,26,-18,25,-20,25,-22,25,-24,25,-25,25,-27,25,-29,25,-31,25,-32,25,-33,25,-34,26,-34,27,-34,27,-35,27,-35,27,-35,28,-34,28,-34,29,-34,30,-33,32,-33,33,-33,35,-32,36,-32,37,-33,39,-33,39]"
CSI_DATA,218,5c:01:3b:6b:b0:95,-49,11,1,5,0,1,1,1,0,0,0,-97,1,11,0,19270522,0,86,1,256,1,"[86,-32,4,0,1,-25,1,-25,0,-23,0,-22,-1,-22,-1,-21,-2,-20,-2,-19,-2,-19,-3,-18,-4,-18,-4,-17,-4,-17,-4,-16,-4,-16,-4,-15,-3,-15,-3,-14,-3,-13,-3,-12,-2,-12,-2,-11,-2,-10,-2,-10,-1,-9,-1,-3,0,0,0,0,0,0,0,0,0,0,0,0,0,0,0,0,0,0,-1,-5,-3,-20,-2,-21,-1,-22,-1,-23,0,-23,1,-24,2,-24,3,-25,4,-25,5,-25,5,-26,5,-26,5,-26,5,-26,5,-25,5,-25,4,-25,4,-25,3,-25,2,-26,2,-26,2,-26,1,-26,1,-26,1,-27,1,-27,1,-15,4,-48,4,-48,4,-46,4,-44,3,-42,2,-41,1,-40,0,-38,-1,-36,-3,-36,-4,-35,-5,-34,-5,-33,-6,-33,-6,-32,-6,-30,-5,-29,-5,-28,-5,-26,-4,-25,-4,-24,-3,-22,-3,-21,-3,-19,-2,-18,-2,-17,0,-16,0,-15,0,-3,0,-1,-1,0,0,1,0,0,-1,-2,-2,-7,-6,-37,-5,-38,-4,-39,-2,-40,1,-42,2,-43,4,-44,6,-45,8,-46,9,-47,11,-47,12,-47,12,-48,13,-48,13,-48,14,-48,13,-48,13,-48,12,-48,11,-47,10,-47,9,-47,8,-47,7,-48,6,-48,5,-49,5,-49,5,-49]"
CSI_DATA,219,5c:01:3b:6b:b0:95,-45,11,1,5,0,1,1,1,0,0,0,-97,1,11,0,19322570,0,86,1,256,1,"[86,-32,4,0,-15,7,-14,7,-13,7,-12,7,-12,7,-11,7,-11,7,-10,7,-10,8,-10,8,-9,8,-9,8,-8,8,-8,8,-8,8,-8,8,-8,7,-8,7,-7,7,-7,6,-7,5,-6,5,-6,5,-6,5,-6,4,-2,1,0,0,0,0,0,0,0,0,0,0,0,0,0,0,0,0,0,0,-3,2,-10,8,-11,8,-12,8,-12,7,-13,7,-14,7,-15,7,-15,6,-15,6,-16,6,-16,6,-16,6,-16,5,-16,5,-16,5,-16,5,-16,5,-15,6,-15,6,-15,6,-15,7,-15,7,-15,7,-15,8,-15,8,-15,8,-19,5,-59,20,-58,19,-56,19,-54,19,-51,19,-50,19,-48,20,-45,21,-43,21,-41,23,-40,24,-38,25,-37,26,-36,26,-35,25,-34,25,-33,24,-32,23,-32,22,-31,20,-30,19,-28,17,-27,17,-26,16,-25,15,-25,14,-26,8,-26,7,-5,1,-2,0,0,-1,1,-1,0,-1,-3,1,-8,4,-42,25,-43,23,-43,25,-45,23,-48,21,-51,19,-54,18,-56,17,-58,15,-60,14,-60,12,-60,12,-61,12,-62,12,-62,11,-63,10,-63,10,-63,10,-61,11,-60,12,-60,13,-59,14,-59,15,-59,17,-58,19,-58,20,-59,21,-60,21]"
CSI_DATA,220,5c:01:3b:6b:b0:95,-49,11,1,6,0,1,1,1,0,0,0,-97,1,11,0,19372722,0,86,1,256,1,"[86,-32,4,0,-8,-24,-8,-23,-9,-22,-9,-21,-9,-21,-9,-19,-9,-18,-9,-17,-9,-16,-9,-16,-10,-15,-10,-14,-10,-14,-10,-13,-10,-12,-10,-12,-9,-12,-9,-11,-8,-10,-8,-10,-7,-10,-7,-9,-6,-9,-6,-8,-6,-8,-2,-2,0,0,0,0,0,0,0,0,0,0,0,0,0,0,0,0,0,0,-3,-5,-12,-18,-12,-20,-11,-21,-11,-22,-10,-23,-9,-24,-9,-25,-8,-25,-7,-26,-6,-26,-6,-27,-5,-28,-5,-28,-5,-27,-5,-27,-6,-26,-6,-26,-6,-25,-7,-26,-7,-26,-8,-26,-8,-25,-8,-25,-8,-26,-8,-26,-9,-26,-4,-15,-12,-48,-11,-47,-11,-46,-11,-44,-11,-42,-11,-40,-11,-38,-12,-36,-13,-35,-14,-33,-15,-31,-16,-30,-16,-29,-17,-28,-16,-27,-16,-26,-16,-25,-15,-24,-14,-23,-13,-22,-13,-21,-12,-20,-11,-19,-11,-18,-10,-17,-10,-16,-8,-17,-7,-16,-2,-3,-1,-1,0,0,0,1,0,0,-2,-2,-4,-7,-19,-36,-17,-37,-19,-38,-17,-40,-15,-43,-14,-45,-13,-47,-11,-49,-9,-50,-8,-51,-6,-51,-5,-52,-5,-53,-4,-53,-3,-53,-3,-52,-3,-52,-4,-52,-4,-51,-5,-50,-6,-50,-7,-50,-7,-50,-9,-49,-10,-49,-10,-50,-11,-50,-11,-50]"
CSI_DATA,221,5c:01:3b:6b:b0:95,-48,11,1,5,0,1,1,1,0,0,0,-97,1,11,0,19424716,0,86,1,256,1,"[86,-32,4,0,12,-22,13,-22,12,-22,11,-22,10,-22,10,-22,9,-21,9,-21,9,-21,8,-21,7,-21,7,-21,7,-22,8,-21,8,-21,8,-21,8,-21,8,-20,9,-19,9,-18,9,-16,9,-15,9,-14,10,-14,10,-13,2,-4,0,0,0,0,0,0,0,0,0,0,0,0,0,0,0,0,0,0,1,-4,7,-13,7,-13,7,-14,8,-14,9,-14,10,-15,11,-15,12,-15,12,-15,12,-15,13,-15,13,-16,13,-16,13,-16,13,-16,13,-16,13,-17,13,-17,12,-18,12,-19,12,-19,12,-20,12,-20,12,-21,13,-22,13,-23,9,-12,31,-39,31,-39,31,-38,30,-38,29,-37,28,-37,27,-37,26,-37,24,-37,23,-38,21,-39,20,-39,20,-39,21,-39,21,-38,22,-37,22,-36,22,-35,22,-34,23,-32,23,-30,23,-28,23,-26,23,-24,23,-22,23,-20,28,-14,28,-12,5,-2,1,-1,-1,0,-1,0,-1,0,0,-2,2,-4,14,-22,15,-21,15,-23,17,-23,19,-23,21,-23,22,-24,24,-24,25,-24,27,-24,28,-24,28,-24,29,-25,29,-26,30,-26,31,-26,31,-26,31,-27,30,-28,30,-29,30,-30,30,-31,30,-32,30,-34,29,-35,29,-36,30,-38,30,-39]"
CSI_DATA,222,5c:01:3b:6b:b0:95,-38,11,1,5,0,1,1,1,0,0,0,-97,1,11,0,19476724,0,86,1,256,1,"[86,-32,4,0,10,-8,9,-9,9,-8,9,-8,9,-8,9,-8,8,-8,8,-8,7,-9,7,-9,6,-9,6,-9,6,-9,7,-9,7,-9,7,-9,7,-8,7,-8,7,-7,7,-7,7,-6,6,-6,6,-6,6,-5,6,-5,1,-2,0,0,0,0,0,0,0,0,0,0,0,0,0,0,0,0,0,0,1,-2,5,-8,6,-8,6,-8,7,-7,7,-7,8,-7,9,-7,9,-6,9,-6,10,-7,10,-7,10,-7,10,-7,9,-7,10,-6,10,-6,10,-7,9,-7,9,-7,9,-7,9,-7,9,-7,9,-8,9,-8,10,-9,10,-9,12,-8,42,-26,41,-27,40,-27,39,-26,38,-25,37,-25,36,-24,35,-25,33,-26,31,-28,30,-30,28,-30,28,-30,29,-31,29,-30,29,-29,29,-28,29,-26,29,-25,29,-22,29,-20,28,-19,27,-18,26,-17,25,-16,25,-14,26,-9,26,-7,4,-1,1,-1,-1,-1,-1,0,-1,0,1,-2,3,-5,21,-25,23,-24,24,-25,26,-24,28,-23,31,-22,33,-21,35,-20,37,-19,38,-18,39,-18,40,-18,40,-19,41,-19,41,-19,41,-18,41,-18,41,-19,40,-19,40,-20,39,-20,40,-20,40,-21,41,-23,40,-24,40,-26,40,-27,40,-27]"
CSI_DATA,223,5c:01:3b:6b:b0:95,-47,11,1,4,0,1,1,1,0,0,0,-97,1,11,0,19530311,0,86,1,256,1,"[86,-32,4,0,23,-3,23,-4,22,-4,21,-4,21,-5,21,-5,21,-6,20,-7,20,-8,20,-9,19,-9,19,-9,20,-10,20,-10,21,-10,21,-9,21,-9,21,-9,21,-8,21,-7,20,-6,19,-5,19,-5,19,-4,19,-3,4,-1,0,0,0,0,0,0,0,0,0,0,0,0,0,0,0,0,0,0,4,-1,17,-4,17,-3,18,-2,18,-1,19,0,20,0,20,1,20,1,20,2,20,2,21,2,21,3,20,3,20,3,20,3,20,2,21,2,20,1,20,1,20,0,21,0,21,-1,21,-2,21,-2,23,-3,24,-3,13,0,44,0,43,1,43,0,42,-1,41,-2,41,-3,40,-4,40,-5,39,-7,39,-8,40,-10,39,-11,40,-12,41,-12,41,-12,41,-11,41,-10,41,-10,41,-9,41,-7,41,-6,40,-5,39,-4,38,-3,37,-1,36,1,35,10,34,12,5,2,1,0,-1,-1,-2,0,-1,-1,1,-1,5,-2,31,-5,32,-3,33,-2,33,0,35,2,35,3,36,5,36,7,37,8,37,10,37,11,37,11,38,11,39,11,38,11,38,11,38,11,38,11,37,10,37,9,38,8,39,6,39,5,40,4,40,3,41,2,43,1,44,0]"
CSI_DATA,224,5c:01:3b:6b:b0:95,-31,11,1,5,0,1,1,1,0,0,0,-97,1,11,0,19580686,0,86,1,256,1,"[86,-32,4,0,11,-8,11,-8,10,-8,10,-8,10,-8,9,-8,9,-8,8,-8,8,-9,8,-9,8,-9,7,-9,7,-9,8,-9,8,-9,8,-9,8,-9,8,-9,8,-8,8,-8,8,-7,8,-6,8,-6,8,-6,8,-5,2,-2,0,0,0,0,0,0,0,0,0,0,0,0,0,0,0,0,0,0,1,-2,7,-6,8,-6,8,-6,9,-6,9,-6,10,-6,10,-5,10,-5,11,-5,11,-5,11,-5,11,-5,11,-4,11,-4,11,-4,11,-5,11,-5,11,-5,11,-5,10,-6,10,-6,10,-6,10,-7,11,-7,11,-7,12,-8,13,-7,45,-23,45,-23,44,-23,43,-24,41,-24,40,-24,39,-25,38,-26,36,-27,35,-28,35,-29,34,-29,33,-30,34,-30,34,-30,34,-29,34,-29,34,-28,35,-27,34,-26,34,-24,33,-22,33,-20,32,-19,31,-16,31,-14,33,-7,33,-5,5,-1,1,-1,-1,0,-1,0,-1,0,1,-2,4,-4,28,-21,29,-19,30,-20,32,-19,34,-18,36,-17,38,-16,39,-15,41,-14,42,-13,43,-12,43,-11,44,-11,45,-11,45,-11,45,-11,44,-11,44,-12,44,-13,43,-14,43,-15,43,-16,43,-18,43,-19,43,-20,44,-21,45,-22,46,-22]"
CSI_DATA,225,5c:01:3b:6b:b0:95,-33,11,1,5,0,1,1,1,0,0,0,-97,1,11,0,19634477,0,86,1,256,1,"[86,-32,4,0,-12,6,-12,6,-11,6,-11,6,-11,6,-10,6,-10,6,-10,6,-10,7,-9,7,-9,7,-9,7,-9,7,-9,7,-9,7,-9,7,-9,7,-9,7,-9,6,-9,6,-9,5,-9,5,-9,4,-9,4,-9,4,-3,0,0,0,0,0,0,0,0,0,0,0,0,0,0,0,0,0,0,0,-2,1,-8,4,-8,4,-9,4,-9,4,-10,4,-10,4,-11,3,-11,3,-11,3,-11,3,-12,3,-12,3,-11,3,-11,3,-11,3,-12,3,-12,3,-11,4,-11,4,-11,4,-11,4,-11,4,-11,5,-11,6,-12,6,-12,6,-15,5,-47,19,-47,19,-46,19,-45,19,-43,19,-42,20,-41,20,-40,20,-38,21,-38,22,-37,24,-37,25,-37,26,-37,26,-37,26,-37,25,-37,24,-37,24,-37,22,-37,20,-37,18,-36,16,-35,15,-35,14,-34,12,-33,10,-34,3,-33,1,-6,-1,-2,-1,0,-1,0,-1,0,-1,-2,1,-5,3,-28,17,-29,15,-31,15,-33,14,-35,13,-36,12,-38,11,-39,10,-41,9,-42,8,-42,7,-43,7,-43,7,-44,8,-44,7,-45,7,-44,7,-45,8,-44,8,-43,9,-43,10,-43,11,-43,13,-44,15,-44,16,-45,18,-45,19,-46,20]"
CSI_DATA,226,5c:01:3b:6b:b0:95,-46,11,1,6,0,1,1,1,0,0,0,-97,1,11,0,19684755,0,86,1,256,1,"[86,-32,4,0,19,-16,18,-16,18,-16,17,-16,16,-16,16,-16,16,-17,15,-17,15,-18,14,-19,13,-19,13,-19,14,-19,14,-20,14,-20,15,-20,15,-19,15,-19,16,-18,16,-17,16,-15,16,-14,16,-13,16,-13,16,-12,4,-3,0,0,0,0,0,0,0,0,0,0,0,0,0,0,0,0,0,0,3,-3,14,-10,15,-10,15,-10,16,-9,17,-9,18,-9,18,-8,19,-8,20,-7,20,-7,20,-8,20,-8,19,-8,19,-8,19,-8,19,-9,19,-9,18,-10,18,-11,18,-11,18,-12,18,-12,18,-13,18,-14,19,-15,19,-16,12,-7,40,-23,40,-23,39,-23,38,-23,38,-24,37,-24,36,-25,35,-26,34,-27,33,-28,33,-29,32,-30,32,-30,33,-31,33,-31,33,-30,34,-30,34,-29,35,-28,35,-27,35,-25,35,-23,35,-21,35,-19,35,-17,34,-15,37,-5,37,-2,6,-1,1,0,-1,0,-1,0,-1,0,1,-2,5,-3,30,-15,30,-13,30,-15,31,-13,32,-12,33,-11,34,-10,35,-9,36,-9,37,-8,37,-7,38,-7,39,-7,39,-7,39,-7,39,-8,39,-8,38,-9,37,-10,37,-11,37,-13,37,-14,38,-16,38,-18,38,-19,39,-20,40,-21,40,-22]"
CSI_DATA,227,5c:01:3b:6b:b0:95,-45,11,1,5,0,1,1,1,0,0,0,-97,1,11,0,19739703,0,86,1,256,1,"[86,-32,4,0,-23,8,-23,8,-22,8,-21,8,-21,8,-20,8,-19,9,-19,10,-18,10,-18,11,-17,11,-17,11,-17,12,-17,12,-17,12,-17,12,-17,12,-17,11,-17,10,-17,10,-16,9,-16,8,-16,7,-16,7,-16,7,-4,1,0,0,0,0,0,0,0,0,0,0,0,0,0,0,0,0,0,0,-5,2,-20,9,-21,9,-22,8,-22,7,-23,6,-24,5,-25,5,-25,4,-25,3,-26,2,-26,2,-26,2,-25,2,-24,2,-24,2,-25,2,-24,3,-23,3,-23,4,-23,4,-23,5,-23,5,-23,6,-23,6,-24,7,-24,7,-15,3,-46,11,-45,10,-44,11,-43,11,-41,12,-40,13,-39,13,-38,14,-37,15,-36,16,-35,18,-35,19,-35,20,-35,20,-35,20,-34,19,-34,19,-34,19,-34,18,-33,17,-33,15,-32,14,-32,13,-31,12,-31,11,-30,9,-32,3,-32,2,-6,0,-2,-1,0,-1,1,-1,0,-1,-2,1,-7,3,-36,19,-37,17,-39,16,-41,13,-42,11,-44,9,-45,8,-46,6,-48,4,-48,2,-48,1,-48,0,-48,0,-49,0,-48,0,-48,-1,-47,-1,-47,0,-46,0,-45,1,-45,3,-45,4,-45,5,-45,7,-45,8,-45,9,-46,10,-46,10]"
CSI_DATA,228,5c:01:3b:6b:b0:95,-43,11,1,6,0,1,1,1,0,0,0,-97,1,11,0,19788693,0,86,1,256,1,"[86,-32,4,0,4,-26,4,-25,3,-24,3,-24,2,-23,1,-23,1,-22,0,-22,-1,-22,-2,-22,-2,-21,-2,-21,-3,-21,-2,-21,-3,-21,-2,-21,-2,-21,-1,-20,-1,-19,-1,-19,0,-18,0,-17,0,-17,1,-16,1,-16,0,-4,0,0,0,0,0,0,0,0,0,0,0,0,0,0,0,0,0,0,0,-6,1,-22,2,-22,3,-23,4,-23,5,-24,6,-24,8,-24,9,-24,9,-24,10,-24,10,-24,10,-24,10,-24,10,-24,10,-24,10,-23,9,-23,8,-23,8,-24,7,-24,6,-24,6,-24,5,-24,5,-25,5,-26,6,-26,5,-14,17,-46,17,-45,17,-44,16,-43,15,-42,14,-41,12,-41,10,-40,8,-40,7,-40,5,-40,4,-40,4,-40,3,-40,3,-39,3,-39,3,-38,3,-38,4,-37,5,-36,5,-35,6,-33,6,-31,7,-30,7,-29,8,-28,14,-25,15,-24,2,-4,0,-2,-1,0,-1,1,-1,0,0,-3,1,-7,10,-39,12,-38,10,-40,12,-40,15,-40,17,-41,19,-41,21,-41,23,-41,25,-41,26,-40,26,-40,27,-40,28,-40,28,-40,28,-39,27,-39,27,-39,26,-39,24,-39,24,-40,23,-41,22,-41,21,-42,20,-43,19,-45,19,-46,19,-46]"
CSI_DATA,229,5c:01:3b:6b:b0:95,-44,11,1,6,0,1,1,1,0,0,0,-97,1,11,0,19840740,0,86,1,256,1,"[86,-32,4,0,-16,-2,-16,-2,-15,-1,-15,-1,-14,-1,-14,-1,-14,0,-13,0,-13,1,-13,1,-13,2,-13,2,-13,2,-13,2,-13,2,-13,2,-13,2,-13,2,-12,1,-12,1,-11,0,-11,0,-11,0,-10,0,-10,0,-3,0,0,0,0,0,0,0,0,0,0,0,0,0,0,0,0,0,0,0,-4,0,-14,1,-14,0,-15,-1,-15,-1,-15,-2,-16,-2,-16,-3,-16,-4,-16,-4,-16,-5,-16,-5,-16,-5,-16,-5,-15,-5,-15,-5,-15,-5,-15,-4,-15,-4,-15,-4,-15,-4,-15,-3,-15,-3,-15,-3,-16,-2,-16,-2,-16,-2,-9,-4,-28,-9,-28,-9,-27,-9,-27,-8,-26,-7,-25,-7,-25,-6,-25,-6,-25,-5,-25,-4,-25,-3,-25,-2,-25,-1,-25,-1,-24,-1,-24,-1,-24,-2,-24,-2,-23,-2,-23,-3,-22,-3,-21,-3,-20,-4,-19,-4,-19,-4,-18,-5,-16,-10,-15,-10,-3,-2,-1,-1,0,0,0,0,0,0,-2,-1,-5,-1,-25,-4,-25,-6,-26,-4,-26,-5,-26,-7,-26,-9,-26,-10,-27,-11,-27,-13,-27,-13,-26,-14,-26,-15,-27,-15,-27,-15,-26,-15,-26,-15,-26,-15,-26,-15,-25,-15,-25,-14,-25,-13,-26,-12,-26,-12,-26,-11,-27,-10,-28,-10,-28,-9,-28,-9]"
CSI_DATA,230,5c:01:3b:6b:b0:95,-47,11,1,6,0,1,1,1,0,0,0,-97,1,11,0,19896785,0,86,1,256,1,"[86,-32,4,0,23,1,23,0,23,0,22,-1,22,-1,22,-1,21,-2,21,-3,21,-4,21,-5,21,-5,21,-5,22,-5,22,-5,23,-5,23,-4,23,-4,23,-3,22,-2,22,-1,21,0,20,0,20,1,20,2,19,2,4,0,0,0,0,0,0,0,0,0,0,0,0,0,0,0,0,0,0,0,4,0,18,0,18,0,18,1,18,2,18,3,19,4,19,4,19,5,19,6,19,6,20,6,20,6,19,6,19,6,19,6,19,5,19,4,19,4,19,4,20,4,20,3,21,2,21,2,22,1,23,1,24,0,13,3,44,8,43,8,43,8,42,7,41,7,41,6,41,5,41,4,41,2,41,0,41,-1,42,-2,42,-2,43,-2,43,-2,43,-1,43,0,43,1,43,2,42,4,41,5,39,6,38,7,38,8,36,10,35,11,31,20,30,21,5,3,1,1,-1,-1,-2,-1,-1,-1,1,-1,5,0,31,4,31,7,32,5,33,7,33,9,33,11,33,13,33,15,33,16,33,17,33,18,33,18,34,17,35,17,34,17,34,17,34,17,34,17,34,16,34,15,35,14,36,13,37,12,38,11,39,9,41,9,42,8,43,8]"
CSI_DATA,231,5c:01:3b:6b:b0:95,-37,11,1,6,0,1,1,1,0,0,0,-97,1,11,0,19944675,0,86,1,256,1,"[86,-32,4,0,-25,-4,-25,-4,-24,-3,-24,-3,-24,-2,-23,-2,-23,-1,-23,0,-22,1,-22,1,-22,1,-23,1,-23,1,-23,1,-23,1,-23,1,-22,1,-22,0,-22,-1,-21,-1,-21,-2,-19,-3,-19,-4,-18,-4,-18,-5,-5,-2,0,0,0,0,0,0,0,0,0,0,0,0,0,0,0,0,0,0,-5,-1,-17,-1,-18,-2,-18,-3,-19,-4,-19,-5,-20,-5,-20,-5,-20,-6,-20,-7,-20,-8,-21,-8,-21,-8,-21,-8,-21,-8,-21,-8,-21,-8,-21,-7,-21,-6,-21,-6,-22,-6,-22,-5,-23,-5,-23,-4,-24,-4,-25,-4,-26,-3,-15,-4,-46,-12,-46,-12,-45,-12,-44,-11,-43,-10,-43,-9,-42,-8,-42,-7,-42,-6,-42,-5,-42,-3,-43,-2,-43,-2,-43,-2,-43,-2,-42,-3,-42,-3,-42,-4,-42,-5,-40,-7,-39,-8,-37,-9,-36,-10,-35,-10,-34,-12,-32,-13,-28,-19,-26,-20,-5,-4,-2,-2,0,0,0,0,0,0,-2,0,-6,-1,-31,-5,-31,-7,-32,-6,-33,-8,-33,-10,-33,-12,-34,-14,-35,-15,-36,-17,-36,-18,-36,-19,-36,-20,-37,-19,-37,-19,-37,-19,-37,-20,-37,-19,-37,-19,-37,-18,-38,-17,-38,-16,-39,-16,-40,-15,-41,-14,-42,-13,-43,-13,-44,-12,-45,-12]"
CSI_DATA,232,5c:01:3b:6b:b0:95,-23,11,1,6,0,1,1,1,0,0,0,-97,1,11,0,19998724,0,86,1,256,1,"[86,-32,4,0,8,21,8,21,8,20,8,19,9,19,9,19,9,18,9,17,9,16,10,16,10,16,10,16,10,16,10,16,10,16,10,16,10,16,9,16,8,16,7,15,7,15,6,14,5,14,5,14,4,14,1,3,0,0,0,0,0,0,0,0,0,0,0,0,0,0,0,0,0,0,1,3,7,13,6,14,6,15,6,16,5,17,5,17,4,18,4,18,3,19,3,19,3,20,3,20,3,20,3,20,3,20,3,20,3,19,4,19,5,20,6,20,6,20,6,20,7,20,7,21,8,21,8,22,1,13,8,42,7,42,7,41,7,40,8,39,8,38,8,37,9,36,10,35,11,34,13,34,13,34,14,34,14,34,14,34,14,34,13,33,12,33,11,33,9,32,8,31,7,30,6,29,6,29,4,28,3,28,-4,28,-6,27,-2,4,-1,1,-1,-1,-1,-1,-1,-1,0,1,1,4,7,28,6,28,8,28,7,29,5,30,4,31,3,32,2,34,1,35,0,35,-1,36,-1,36,-1,37,-1,38,-1,38,-1,38,-1,38,-1,38,0,38,0,38,1,38,2,39,3,39,4,39,5,39,7,41,8,42,8,42]"
CSI_DATA,233,5c:01:3b:6b:b0:95,-44,11,1,6,0,1,1,1,0,0,0,-97,1,11,0,20048691,0,86,1,256,1,"[86,-32,4,0,13,4,13,4,13,3,13,3,13,3,12,3,12,2,12,1,12,1,12,0,12,0,11,0,12,0,12,-1,12,-1,12,0,12,0,12,0,11,1,11,1,10,1,10,1,10,1,9,2,9,2,2,0,0,0,0,0,0,0,0,0,0,0,0,0,0,0,0,0,0,0,2,0,11,2,11,2,11,3,11,4,12,4,12,5,12,6,12,6,12,7,12,7,12,7,12,7,11,7,11,7,11,7,11,7,12,6,12,6,12,6,12,6,12,6,12,5,12,5,13,5,14,5,14,5,14,7,49,23,49,22,49,21,48,20,47,19,47,18,46,16,46,15,45,13,45,11,45,9,45,8,45,7,46,6,46,6,46,6,46,7,45,8,44,9,43,10,41,11,39,11,37,12,36,12,35,13,33,14,29,21,28,22,4,3,1,1,-1,-1,-2,-1,-1,-1,2,0,7,1,41,12,40,15,41,13,41,16,41,19,41,21,42,23,42,26,42,29,41,31,41,33,40,33,41,34,41,34,40,34,40,33,41,33,41,32,41,31,41,30,42,29,43,28,44,27,45,26,46,25,48,25,49,25,50,25]"
CSI_DATA,234,5c:01:3b:6b:b0:95,-46,11,1,6,0,1,1,1,0,0,0,-97,1,11,0,20103056,0,86,1,256,1,"[86,-32,4,0,-20,-17,-20,-16,-19,-16,-19,-15,-19,-14,-19,-13,-19,-12,-19,-11,-19,-10,-20,-10,-19,-9,-19,-9,-20,-9,-20,-8,-20,-8,-20,-9,-19,-9,-19,-9,-18,-9,-18,-9,-17,-10,-16,-10,-15,-10,-15,-10,-14,-10,-4,-3,0,0,0,0,0,0,0,0,0,0,0,0,0,0,0,0,0,0,-5,-3,-18,-11,-17,-12,-17,-14,-17,-15,-17,-16,-17,-17,-17,-17,-17,-18,-16,-19,-16,-20,-16,-21,-15,-21,-15,-21,-14,-21,-14,-20,-15,-20,-16,-19,-16,-19,-16,-19,-16,-18,-17,-18,-18,-18,-18,-18,-19,-18,-20,-18,-20,-17,-11,-11,-35,-35,-35,-34,-34,-33,-34,-32,-33,-31,-33,-29,-32,-28,-33,-27,-34,-25,-35,-23,-35,-22,-36,-20,-36,-20,-36,-20,-36,-19,-36,-20,-36,-20,-35,-20,-34,-20,-33,-21,-31,-21,-29,-20,-28,-20,-27,-20,-26,-20,-24,-21,-20,-24,-19,-24,-4,-5,-1,-2,0,0,0,0,0,0,-2,-1,-6,-4,-33,-19,-32,-21,-32,-23,-31,-26,-30,-29,-30,-31,-29,-33,-29,-35,-28,-37,-28,-39,-27,-40,-26,-40,-27,-41,-27,-41,-26,-41,-25,-41,-25,-40,-26,-40,-26,-39,-26,-38,-27,-38,-28,-37,-29,-36,-30,-36,-32,-35,-33,-35,-34,-36,-35,-35]"
CSI_DATA,235,5c:01:3b:6b:b0:95,-44,11,1,7,0,1,1,1,0,0,0,-97,1,11,0,20154653,0,86,1,256,1,"[86,-32,4,0,-15,8,-15,8,-14,8,-14,8,-13,8,-13,8,-12,8,-12,8,-12,9,-12,9,-11,8,-11,9,-11,9,-11,9,-11,9,-11,9,-11,8,-11,8,-11,7,-10,7,-10,6,-10,5,-10,5,-10,4,-10,4,-3,1,0,0,0,0,0,0,0,0,0,0,0,0,0,0,0,0,0,0,-3,1,-10,6,-11,6,-11,5,-12,5,-12,5,-13,5,-14,5,-14,5,-14,4,-15,4,-15,4,-16,3,-15,3,-15,3,-15,4,-15,4,-15,4,-15,5,-15,5,-14,6,-14,6,-15,6,-15,7,-15,7,-15,7,-16,8,-19,8,-60,28,-59,27,-58,26,-57,27,-55,26,-53,27,-51,27,-49,27,-47,28,-46,29,-45,31,-44,32,-44,33,-44,33,-43,33,-43,32,-43,30,-43,29,-42,27,-42,25,-41,24,-40,21,-39,19,-38,17,-37,15,-37,13,-37,8,-37,6,-7,0,-2,0,0,-1,0,-1,0,-1,-2,1,-6,4,-33,25,-35,23,-39,22,-41,20,-44,19,-46,18,-48,17,-50,16,-52,15,-53,13,-54,13,-55,12,-56,12,-58,13,-58,12,-58,12,-58,12,-58,13,-57,14,-57,15,-57,16,-57,18,-57,20,-57,22,-57,24,-57,25,-58,27,-59,28]"
CSI_DATA,236,5c:01:3b:6b:b0:95,-53,11,1,6,0,1,1,1,0,0,0,-97,1,11,0,20207837,0,86,1,256,1,"[86,-32,4,0,18,18,18,18,18,17,18,17,18,16,18,16,17,15,17,14,17,13,17,13,17,13,17,13,17,13,17,13,17,13,17,13,16,13,15,13,13,13,12,13,11,13,10,13,9,13,8,13,7,13,1,3,0,0,0,0,0,0,0,0,0,0,0,0,0,0,0,0,0,0,2,2,11,9,11,9,11,10,11,12,11,12,11,13,11,14,11,15,11,15,11,16,12,17,12,17,12,18,12,18,12,17,13,17,13,17,14,16,14,17,15,17,16,17,16,17,16,17,17,18,19,18,19,18,10,11,34,36,33,36,33,35,32,35,32,34,32,33,32,31,32,30,32,29,32,28,33,27,33,26,33,26,33,26,32,26,31,27,30,27,29,27,27,27,25,28,22,27,20,27,18,26,16,26,14,26,12,25,8,26,6,25,0,4,0,1,-1,-1,-1,-1,-1,-1,1,0,3,2,20,15,19,17,19,18,19,20,19,21,20,23,20,25,20,27,20,29,20,31,20,32,20,33,21,33,21,34,21,34,21,34,22,34,22,35,23,35,24,34,25,34,27,34,28,34,29,34,31,34,32,34,33,35,34,36]"
CSI_DATA,237,5c:01:3b:6b:b0:95,-57,11,1,6,0,1,1,1,0,0,0,-97,1,11,0,20258302,0,86,1,256,1,"[86,-32,4,0,26,6,26,6,25,5,24,5,23,5,22,4,21,4,20,3,20,2,19,2,19,3,18,3,18,4,18,4,17,4,16,6,15,6,15,7,13,8,12,9,11,9,10,10,9,10,8,11,7,11,1,3,0,0,0,0,0,0,0,0,0,0,0,0,0,0,0,0,0,0,5,1,21,7,22,8,23,9,23,10,24,11,24,11,24,12,25,12,25,13,25,14,25,14,26,14,26,14,26,14,26,13,27,12,26,11,26,10,27,9,27,9,28,8,28,8,28,7,28,7,29,7,30,6,16,4,53,14,51,14,49,13,47,13,45,12,44,11,42,10,41,9,39,8,38,8,37,7,36,7,35,8,34,9,33,10,32,11,31,13,29,14,28,15,25,17,23,18,20,19,18,20,17,21,14,22,12,23,9,24,7,25,1,4,0,1,-1,-1,-2,-1,-1,-1,2,0,6,1,39,12,40,14,40,16,41,18,42,21,43,22,43,23,44,25,45,27,46,28,46,29,47,30,48,30,48,29,48,29,49,28,49,27,50,26,49,25,49,23,50,21,51,20,52,18,52,17,53,15,53,15,54,15,55,14]"
CSI_DATA,238,5c:01:3b:6b:b0:95,-49,11,1,7,0,1,1,1,0,0,0,-97,1,11,0,20308844,0,86,1,256,1,"[86,-32,4,0,19,-16,19,-16,18,-16,18,-16,17,-16,17,-16,16,-16,15,-16,15,-17,14,-17,13,-17,13,-17,13,-17,13,-17,14,-17,14,-17,14,-16,14,-15,14,-14,14,-13,14,-12,14,-11,13,-10,13,-10,13,-9,3,-3,0,0,0,0,0,0,0,0,0,0,0,0,0,0,0,0,0,0,2,-3,11,-10,12,-9,13,-9,13,-9,14,-9,15,-9,16,-9,17,-8,17,-8,18,-8,18,-9,19,-8,18,-8,18,-9,18,-9,18,-10,18,-10,18,-11,18,-11,18,-12,18,-12,18,-13,18,-14,19,-14,19,-15,20,-16,12,-9,39,-27,39,-27,39,-27,38,-27,37,-26,36,-26,35,-26,34,-27,32,-28,31,-28,30,-30,29,-30,29,-31,29,-31,29,-30,29,-30,29,-28,30,-27,30,-26,30,-24,30,-22,29,-20,28,-19,28,-17,27,-15,27,-13,28,-8,28,-6,4,-1,1,-1,-1,0,-1,0,-1,0,1,-2,3,-4,20,-17,21,-16,23,-16,24,-16,26,-15,28,-15,29,-14,31,-14,32,-13,33,-12,34,-12,35,-12,36,-13,37,-13,37,-13,37,-14,37,-14,37,-15,37,-16,36,-17,36,-18,37,-19,38,-20,38,-22,38,-24,38,-25,39,-26,40,-27]"
CSI_DATA,239,5c:01:3b:6b:b0:95,-42,11,1,6,0,1,1,1,0,0,0,-97,1,11,0,20362359,0,86,1,256,1,"[86,-32,4,0,15,-23,14,-22,13,-22,12,-21,11,-21,11,-21,10,-21,9,-21,9,-21,8,-21,7,-21,7,-21,7,-21,7,-21,7,-21,7,-21,8,-20,8,-20,8,-19,8,-18,8,-17,8,-15,8,-15,9,-14,9,-14,2,-4,0,0,0,0,0,0,0,0,0,0,0,0,0,0,0,0,0,0,2,-5,9,-18,10,-18,10,-18,11,-18,12,-18,14,-18,15,-18,16,-18,16,-18,17,-18,18,-18,18,-18,17,-18,17,-18,17,-18,17,-18,17,-18,16,-18,15,-19,15,-19,14,-20,15,-20,14,-21,15,-21,15,-22,15,-23,10,-12,32,-40,32,-39,31,-38,30,-37,29,-36,28,-36,26,-36,25,-36,23,-36,21,-37,19,-38,18,-38,18,-39,18,-39,18,-38,18,-37,19,-36,19,-35,19,-34,19,-32,20,-31,19,-29,19,-28,19,-26,19,-25,19,-23,22,-19,23,-17,4,-3,1,-1,-1,0,-1,0,-1,0,0,-2,2,-6,16,-32,18,-31,19,-32,22,-31,24,-31,27,-31,29,-30,31,-30,33,-29,34,-29,35,-28,35,-29,36,-29,36,-30,36,-29,37,-29,37,-29,37,-30,36,-29,35,-30,35,-31,35,-32,34,-33,33,-35,32,-36,32,-38,32,-39,32,-40]"
CSI_DATA,240,5c:01:3b:6b:b0:95,-49,11,1,6,0,1,1,1,0,0,0,-97,1,11,0,20414738,0,86,1,256,1,"[86,-32,4,0,19,-15,19,-15,18,-15,17,-15,17,-16,16,-16,16,-16,15,-17,15,-18,14,-18,13,-18,13,-19,14,-19,14,-20,14,-20,15,-20,15,-20,16,-19,16,-18,16,-17,16,-16,16,-15,16,-14,16,-14,17,-13,4,-4,0,0,0,0,0,0,0,0,0,0,0,0,0,0,0,0,0,0,3,-3,14,-11,15,-11,15,-11,16,-10,17,-10,18,-9,19,-9,19,-9,20,-8,20,-8,21,-8,21,-8,20,-7,19,-8,19,-8,20,-8,19,-9,19,-9,19,-10,18,-10,18,-11,18,-12,18,-12,19,-13,19,-14,20,-15,11,-8,38,-26,38,-26,38,-26,37,-26,36,-27,35,-28,34,-28,33,-29,31,-30,30,-32,29,-33,28,-34,28,-35,29,-36,29,-36,29,-36,30,-35,31,-35,32,-34,32,-32,33,-30,32,-29,32,-27,33,-26,33,-24,33,-22,36,-16,37,-14,6,-3,1,-1,-1,0,-1,0,-1,0,1,-2,4,-5,25,-22,26,-20,28,-19,29,-18,31,-17,33,-16,34,-15,35,-14,37,-13,38,-12,38,-11,39,-11,39,-12,40,-12,39,-12,39,-12,39,-12,39,-13,38,-13,37,-14,38,-16,38,-17,38,-18,38,-20,38,-21,38,-23,38,-24,39,-25]"
CSI_DATA,241,5c:01:3b:6b:b0:95,-21,11,1,4,0,1,1,1,0,0,0,-97,1,11,0,20472776,0,86,1,256,1,"[86,-32,4,0,-19,17,-19,17,-18,17,-17,17,-16,17,-16,17,-15,17,-14,17,-14,18,-13,18,-12,17,-12,18,-12,18,-12,18,-13,19,-13,18,-13,18,-13,17,-13,16,-13,15,-13,14,-13,13,-13,12,-13,12,-14,11,-4,2,0,0,0,0,0,0,0,0,0,0,0,0,0,0,0,0,0,0,-3,3,-13,14,-13,13,-14,13,-15,13,-16,13,-17,13,-18,13,-19,13,-20,12,-20,12,-21,12,-21,12,-21,11,-20,11,-20,11,-21,12,-20,12,-19,13,-19,13,-19,14,-19,14,-19,15,-18,15,-19,16,-19,17,-20,17,-13,8,-39,28,-39,28,-38,27,-37,27,-36,27,-35,28,-33,28,-32,28,-30,28,-30,29,-29,30,-27,31,-27,31,-28,32,-28,32,-28,31,-28,30,-28,29,-28,28,-29,26,-29,25,-28,23,-28,22,-28,20,-28,19,-28,17,-30,11,-30,9,-6,1,-2,0,0,-1,0,-1,0,-1,-2,1,-4,4,-23,25,-25,23,-26,23,-28,22,-31,22,-32,21,-34,21,-36,20,-37,19,-38,18,-39,17,-40,17,-41,18,-42,18,-41,17,-41,17,-41,17,-41,17,-40,18,-39,19,-39,20,-38,22,-39,23,-39,24,-38,25,-38,26,-39,28,-40,29]"
CSI_DATA,242,5c:01:3b:6b:b0:95,-34,11,1,6,0,1,1,1,0,0,0,-97,1,11,0,20516815,0,86,1,256,1,"[86,-32,4,0,-11,8,-11,8,-10,8,-10,8,-9,8,-9,8,-9,8,-8,8,-8,9,-8,9,-8,9,-8,9,-8,9,-8,9,-8,9,-8,9,-8,9,-8,8,-8,8,-9,7,-8,7,-8,6,-8,6,-8,5,-8,5,-2,1,0,0,0,0,0,0,0,0,0,0,0,0,0,0,0,0,0,0,-2,1,-8,6,-8,6,-8,6,-9,5,-9,5,-10,5,-10,5,-11,5,-11,5,-11,5,-12,5,-12,5,-11,5,-11,5,-11,5,-11,5,-11,5,-11,5,-11,6,-10,6,-10,6,-10,7,-11,7,-11,7,-11,8,-11,8,-15,8,-44,28,-44,28,-42,28,-41,28,-40,27,-39,28,-38,28,-37,28,-35,29,-34,30,-34,31,-33,32,-33,33,-33,33,-33,33,-33,32,-33,32,-34,30,-34,29,-34,27,-34,25,-34,23,-34,22,-33,21,-33,18,-33,16,-34,10,-34,8,-6,1,-2,0,0,-1,0,-1,0,-1,-2,1,-5,4,-25,24,-26,22,-29,21,-31,20,-33,19,-35,19,-37,18,-39,17,-40,17,-41,16,-42,15,-43,15,-44,16,-45,16,-44,15,-44,15,-44,15,-44,16,-44,16,-43,17,-42,19,-42,20,-42,21,-42,23,-42,25,-42,27,-43,28,-43,28]"
CSI_DATA,243,5c:01:3b:6b:b0:95,-46,11,1,5,0,1,1,1,0,0,0,-97,1,11,0,20570364,0,86,1,256,1,"[86,-32,4,0,25,-2,24,-2,24,-3,23,-3,23,-3,23,-4,23,-4,22,-5,22,-6,22,-7,22,-7,22,-7,22,-8,23,-8,23,-8,23,-7,23,-7,23,-6,23,-5,22,-4,22,-3,21,-2,21,-1,20,-1,20,0,5,0,0,0,0,0,0,0,0,0,0,0,0,0,0,0,0,0,0,0,4,-1,19,-3,20,-2,20,0,20,1,21,1,21,2,22,2,22,3,22,4,22,4,22,4,22,5,21,5,21,5,21,4,21,4,22,3,21,2,21,2,21,1,22,1,22,0,22,0,23,-1,24,-1,25,-2,14,1,47,3,47,4,46,3,46,3,45,2,44,1,44,0,43,-1,43,-3,43,-5,43,-6,43,-7,44,-8,44,-8,45,-8,45,-7,45,-6,45,-5,45,-4,44,-2,43,0,41,1,40,2,39,3,38,5,37,6,34,16,33,18,5,3,1,1,-1,-1,-2,-1,-1,-1,2,-1,6,0,36,1,36,4,37,2,37,4,37,6,38,8,38,10,39,12,39,13,39,15,39,16,38,16,39,16,39,15,39,15,39,15,39,15,39,14,39,13,39,12,39,11,40,9,41,9,42,7,43,6,44,5,46,4,47,4]"
CSI_DATA,244,5c:01:3b:6b:b0:95,-44,11,1,6,0,1,1,1,0,0,0,-97,1,11,0,20622735,0,86,1,256,1,"[86,-32,4,0,-16,-2,-15,-2,-15,-1,-14,-1,-14,-1,-14,-1,-13,0,-13,0,-13,1,-13,2,-12,2,-12,2,-12,2,-12,2,-12,2,-12,2,-12,2,-12,2,-11,1,-11,1,-11,1,-10,1,-10,1,-10,0,-9,0,-3,0,0,0,0,0,0,0,0,0,0,0,0,0,0,0,0,0,0,0,-4,0,-14,0,-15,-1,-15,-2,-15,-2,-15,-3,-16,-4,-16,-4,-16,-5,-16,-6,-16,-6,-16,-6,-16,-6,-15,-6,-15,-6,-15,-6,-15,-6,-15,-5,-15,-5,-15,-4,-15,-4,-15,-4,-15,-4,-15,-3,-16,-3,-16,-2,-17,-2,-10,-2,-30,-6,-29,-6,-29,-6,-28,-5,-27,-4,-26,-4,-26,-3,-25,-2,-25,-1,-25,0,-24,1,-24,2,-24,2,-24,2,-23,2,-23,2,-23,2,-22,2,-22,1,-21,1,-21,0,-20,0,-19,0,-19,0,-18,-1,-17,-1,-17,-4,-16,-4,-3,-1,-1,-1,0,-1,0,-1,0,0,-2,0,-5,0,-26,2,-26,0,-27,-2,-27,-4,-28,-6,-28,-7,-29,-8,-29,-10,-29,-11,-29,-12,-29,-13,-29,-13,-29,-13,-29,-13,-28,-13,-28,-13,-28,-13,-28,-13,-28,-13,-27,-12,-27,-11,-28,-10,-28,-10,-28,-9,-29,-8,-29,-7,-30,-6,-30,-6]"
CSI_DATA,245,5c:01:3b:6b:b0:95,-42,11,1,6,0,1,1,1,0,0,0,-97,1,11,0,20672737,0,86,1,256,1,"[86,-32,4,0,-10,-24,-10,-23,-10,-22,-10,-21,-11,-21,-11,-20,-11,-19,-11,-18,-12,-17,-13,-17,-13,-16,-13,-16,-13,-16,-13,-16,-13,-16,-12,-16,-12,-16,-11,-15,-10,-15,-10,-15,-9,-14,-8,-14,-8,-13,-8,-13,-7,-13,-2,-4,0,0,0,0,0,0,0,0,0,0,0,0,0,0,0,0,0,0,-3,-5,-12,-18,-11,-19,-10,-21,-10,-22,-9,-23,-8,-23,-7,-24,-7,-24,-6,-25,-6,-25,-6,-25,-6,-26,-6,-26,-6,-25,-5,-25,-5,-25,-6,-24,-6,-24,-7,-24,-7,-24,-8,-24,-8,-24,-9,-23,-10,-24,-11,-24,-11,-24,-6,-14,-18,-45,-18,-45,-17,-44,-17,-42,-17,-41,-18,-39,-18,-38,-19,-37,-20,-35,-21,-34,-22,-33,-23,-32,-23,-31,-23,-31,-23,-31,-23,-30,-22,-30,-21,-29,-20,-29,-19,-29,-17,-28,-16,-27,-15,-26,-14,-26,-13,-25,-11,-24,-9,-24,-7,-23,-2,-5,-1,-2,0,0,0,0,0,0,-2,-2,-5,-6,-23,-31,-22,-33,-21,-35,-19,-37,-17,-39,-16,-41,-15,-43,-13,-45,-12,-46,-10,-47,-9,-48,-9,-48,-8,-48,-8,-48,-8,-48,-7,-48,-8,-48,-8,-48,-9,-47,-9,-46,-10,-46,-11,-46,-12,-45,-13,-45,-15,-45,-16,-45,-17,-46,-18,-46]"
CSI_DATA,246,5c:01:3b:6b:b0:95,-44,11,1,6,0,1,1,1,0,0,0,-97,1,11,0,20724783,0,86,1,256,1,"[86,-32,4,0,-20,-17,-19,-16,-19,-15,-19,-14,-18,-14,-18,-13,-18,-12,-18,-11,-18,-10,-18,-9,-18,-8,-18,-8,-18,-8,-18,-7,-18,-7,-18,-7,-17,-7,-17,-8,-16,-8,-15,-8,-14,-8,-13,-8,-13,-7,-12,-7,-12,-7,-3,-2,0,0,0,0,0,0,0,0,0,0,0,0,0,0,0,0,0,0,-5,-3,-20,-11,-20,-12,-20,-14,-20,-15,-20,-17,-19,-18,-19,-18,-18,-19,-17,-20,-17,-20,-17,-21,-17,-21,-17,-21,-16,-21,-16,-21,-17,-20,-17,-19,-17,-19,-17,-19,-17,-19,-17,-19,-18,-18,-18,-17,-19,-17,-20,-17,-20,-17,-13,-10,-39,-32,-38,-31,-37,-30,-37,-29,-36,-27,-35,-25,-35,-24,-35,-22,-35,-20,-35,-18,-35,-16,-36,-15,-36,-14,-36,-14,-36,-14,-35,-14,-35,-14,-34,-14,-33,-15,-31,-15,-29,-15,-28,-15,-26,-14,-25,-14,-24,-13,-23,-14,-22,-14,-20,-15,-4,-3,-1,-1,0,0,1,0,0,0,-3,-1,-8,-3,-40,-13,-40,-16,-39,-21,-39,-24,-38,-27,-38,-30,-37,-32,-36,-35,-36,-37,-35,-39,-34,-40,-34,-40,-34,-40,-33,-39,-33,-39,-32,-40,-32,-40,-32,-39,-32,-38,-32,-37,-33,-36,-33,-35,-34,-34,-35,-34,-36,-33,-37,-32,-38,-32,-38,-31]"
CSI_DATA,247,5c:01:3b:6b:b0:95,-49,11,1,6,0,1,1,1,0,0,0,-97,1,11,0,20776693,0,86,1,256,1,"[86,-32,4,0,11,16,11,16,12,15,12,14,12,14,13,14,13,13,13,12,13,12,14,12,14,11,14,11,15,11,15,11,15,11,15,12,15,12,15,12,14,12,13,12,13,13,12,13,11,13,10,13,10,13,2,3,0,0,0,0,0,0,0,0,0,0,0,0,0,0,0,0,0,0,2,3,11,15,10,15,9,16,9,18,8,18,7,18,7,19,7,19,6,19,5,19,5,20,5,20,5,20,5,19,5,18,5,18,6,17,6,17,7,17,8,17,9,17,9,16,10,16,10,17,11,17,11,16,5,10,18,34,18,34,18,33,18,32,18,31,19,30,20,29,21,28,22,27,23,26,24,25,25,25,25,25,26,25,26,25,26,25,26,26,26,26,25,27,24,27,22,27,21,27,19,27,18,27,17,27,15,27,10,30,9,30,1,5,0,1,-1,-1,-1,-2,-1,-1,1,1,3,5,20,30,18,31,18,31,16,32,14,34,12,36,11,37,9,38,8,39,7,39,6,40,6,39,6,39,6,38,5,38,5,37,6,36,6,36,7,35,8,35,9,34,10,34,11,34,13,34,14,34,16,34,17,34,18,34]"
CSI_DATA,248,5c:01:3b:6b:b0:95,-38,11,1,6,0,1,1,1,0,0,0,-97,1,11,0,20828802,0,86,1,256,1,"[86,-32,4,0,12,5,12,5,12,5,12,5,11,4,11,4,11,4,11,3,11,3,11,3,11,3,11,3,11,2,12,2,12,2,11,3,11,3,11,3,11,3,10,3,10,4,9,4,8,5,8,5,8,5,2,1,0,0,0,0,0,0,0,0,0,0,0,0,0,0,0,0,0,0,2,0,8,3,8,3,8,4,8,4,9,5,9,5,8,5,8,5,8,6,8,6,8,7,8,7,8,7,8,7,9,7,9,7,9,6,9,6,9,6,10,6,10,5,10,5,11,5,11,6,12,6,12,6,13,7,45,25,44,25,43,24,43,23,43,22,43,21,43,20,43,19,43,18,43,16,43,14,43,13,44,13,44,13,45,13,45,14,44,15,43,16,42,17,40,18,38,19,36,19,34,20,33,21,31,21,30,22,25,26,23,27,3,4,0,1,-1,-1,-2,-1,-1,-1,1,0,5,1,31,12,31,14,31,14,31,16,31,18,31,20,32,22,32,24,32,26,32,28,32,29,32,29,32,30,32,30,32,30,32,30,33,30,34,30,34,29,34,28,35,27,36,26,38,25,39,25,41,24,42,25,44,25,45,26]"
CSI_DATA,249,5c:01:3b:6b:b0:95,-31,11,1,6,0,1,1,1,0,0,0,-97,1,11,0,20880670,0,86,1,256,1,"[86,-32,4,0,-9,-12,-9,-12,-9,-12,-9,-11,-9,-11,-9,-10,-9,-10,-9,-9,-9,-9,-9,-9,-9,-9,-9,-9,-10,-9,-10,-8,-10,-8,-10,-9,-9,-9,-9,-8,-9,-8,-8,-9,-8,-9,-7,-9,-6,-9,-6,-8,-5,-8,-2,-2,0,0,0,0,0,0,0,0,0,0,0,0,0,0,0,0,0,0,-2,-2,-6,-8,-6,-9,-6,-10,-6,-10,-6,-11,-6,-11,-5,-11,-5,-12,-5,-12,-5,-13,-4,-13,-4,-13,-4,-13,-4,-13,-5,-13,-5,-12,-6,-12,-6,-12,-6,-12,-6,-12,-7,-12,-7,-12,-7,-12,-7,-13,-8,-13,-8,-13,-11,-14,-34,-43,-34,-43,-33,-42,-33,-40,-33,-39,-33,-37,-33,-36,-34,-35,-35,-33,-36,-33,-37,-31,-37,-30,-37,-29,-38,-29,-38,-28,-38,-29,-37,-29,-36,-30,-35,-30,-33,-30,-31,-30,-29,-30,-27,-30,-26,-30,-23,-30,-21,-30,-20,-28,-18,-29,-4,-6,-1,-2,0,0,0,0,0,0,-2,-1,-6,-4,-30,-21,-30,-23,-26,-29,-25,-31,-25,-34,-24,-36,-23,-37,-23,-40,-23,-41,-22,-43,-22,-44,-21,-45,-20,-45,-20,-45,-19,-45,-19,-45,-20,-45,-21,-46,-22,-45,-23,-44,-24,-43,-25,-43,-27,-43,-28,-43,-29,-43,-30,-43,-31,-44,-32,-44]"
CSI_DATA,250,5c:01:3b:6b:b0:95,-41,11,1,6,0,1,1,1,0,0,0,-97,1,11,0,20932773,0,86,1,256,1,"[86,-32,4,0,12,1,11,1,11,0,11,0,11,0,11,0,10,-1,10,-1,10,-2,10,-2,10,-2,10,-2,10,-2,10,-2,10,-2,10,-2,10,-2,10,-2,10,-1,10,-1,9,-1,9,0,9,0,8,0,8,0,2,0,0,0,0,0,0,0,0,0,0,0,0,0,0,0,0,0,0,0,2,-1,9,-2,10,-1,10,-1,10,0,10,1,11,1,11,1,11,2,11,2,11,3,11,3,11,3,11,3,11,3,11,3,11,3,10,2,10,2,11,2,11,2,11,2,11,2,11,1,11,1,12,1,13,1,13,2,44,8,43,8,42,7,42,7,41,6,41,5,40,4,40,3,39,1,39,0,39,-2,39,-3,39,-3,39,-3,39,-2,39,-2,39,-2,39,-2,38,-1,37,0,36,1,34,2,33,3,32,4,31,5,30,6,27,12,26,13,4,2,1,0,-1,-1,-2,0,-1,-1,1,-1,6,-1,36,-2,36,0,37,-1,37,1,38,4,39,6,39,9,40,11,41,13,41,14,41,15,41,15,41,16,41,16,41,17,40,17,40,17,40,17,39,16,39,15,40,14,41,13,41,12,42,11,42,9,44,9,46,9,47,9]"
CSI_DATA,251,5c:01:3b:6b:b0:95,-47,11,1,6,0,1,1,1,0,0,0,-97,1,11,0,20991164,0,86,1,256,1,"[86,-32,4,0,-25,-8,-24,-8,-23,-7,-23,-6,-22,-6,-22,-6,-21,-5,-21,-3,-21,-2,-21,-2,-21,-1,-20,-1,-21,0,-21,0,-20,0,-20,0,-20,0,-20,-1,-19,-1,-18,-2,-18,-2,-17,-3,-16,-2,-16,-3,-15,-3,-4,-1,0,0,0,0,0,0,0,0,0,0,0,0,0,0,0,0,0,0,-6,-1,-21,-3,-21,-5,-21,-6,-22,-7,-22,-8,-22,-9,-23,-10,-22,-11,-22,-12,-22,-12,-23,-13,-22,-13,-22,-13,-22,-13,-22,-13,-22,-12,-22,-11,-22,-11,-22,-11,-22,-11,-23,-10,-23,-10,-23,-9,-24,-9,-25,-9,-25,-8,-14,-6,-45,-19,-45,-19,-44,-18,-43,-17,-41,-16,-41,-15,-40,-13,-40,-12,-40,-10,-40,-8,-40,-6,-40,-5,-39,-4,-39,-4,-38,-4,-38,-4,-38,-5,-37,-5,-37,-6,-36,-7,-34,-7,-32,-7,-31,-7,-30,-7,-29,-8,-28,-9,-26,-13,-25,-13,-5,-3,-2,-1,0,0,1,0,0,0,-3,0,-7,-1,-37,-4,-37,-7,-39,-9,-39,-12,-39,-15,-39,-17,-40,-19,-40,-22,-40,-24,-40,-25,-40,-27,-40,-27,-41,-27,-41,-27,-40,-27,-40,-27,-40,-27,-40,-27,-40,-27,-40,-25,-40,-25,-41,-24,-41,-23,-42,-22,-43,-20,-44,-20,-45,-19,-46,-19]"
CSI_DATA,252,5c:01:3b:6b:b0:95,-42,11,1,7,0,1,1,1,0,0,0,-97,1,11,0,21039293,0,86,1,256,1,"[86,-32,4,0,17,-22,17,-22,16,-21,15,-21,15,-21,14,-20,13,-20,13,-21,12,-21,11,-21,10,-21,10,-22,10,-22,10,-21,11,-21,10,-21,11,-20,11,-20,11,-19,12,-18,12,-16,11,-15,11,-15,11,-14,12,-13,3,-4,0,0,0,0,0,0,0,0,0,0,0,0,0,0,0,0,0,0,2,-5,9,-17,10,-17,11,-17,12,-17,14,-17,15,-17,16,-17,17,-17,18,-16,18,-17,19,-17,19,-17,18,-17,18,-17,18,-17,19,-17,18,-17,18,-17,17,-18,17,-18,17,-19,17,-20,17,-20,17,-21,17,-22,18,-23,11,-12,37,-38,37,-37,37,-36,36,-36,35,-35,33,-35,32,-35,31,-35,29,-36,27,-36,26,-38,24,-38,24,-39,24,-38,25,-38,25,-37,25,-36,25,-35,26,-34,26,-32,26,-30,25,-28,25,-26,24,-25,24,-23,25,-21,28,-15,28,-14,5,-3,1,-1,-1,0,-1,0,-1,0,0,-2,3,-6,19,-29,21,-28,21,-29,24,-28,26,-28,28,-28,30,-28,33,-27,34,-27,36,-26,37,-26,37,-26,38,-26,39,-27,39,-27,40,-27,40,-26,40,-27,39,-27,38,-28,38,-29,38,-30,38,-31,38,-33,37,-34,37,-35,37,-37,38,-38]"
CSI_DATA,253,5c:01:3b:6b:b0:95,-42,11,1,7,0,1,1,1,0,0,0,-97,1,11,0,21089689,0,86,1,256,1,"[86,-32,4,0,-10,-26,-10,-25,-10,-24,-11,-23,-11,-23,-11,-23,-11,-22,-12,-21,-12,-20,-12,-20,-13,-20,-13,-20,-13,-20,-13,-19,-13,-19,-12,-20,-11,-19,-10,-19,-10,-19,-9,-19,-8,-19,-7,-18,-6,-18,-5,-17,-5,-17,-1,-5,0,0,0,0,0,0,0,0,0,0,0,0,0,0,0,0,0,0,-3,-4,-9,-15,-8,-16,-8,-17,-8,-18,-8,-19,-7,-20,-6,-20,-6,-21,-5,-22,-5,-22,-5,-23,-5,-23,-5,-24,-5,-24,-5,-23,-6,-23,-6,-23,-6,-23,-7,-23,-8,-23,-8,-24,-9,-24,-9,-24,-10,-25,-10,-25,-10,-25,-5,-16,-15,-50,-14,-50,-14,-49,-13,-47,-13,-46,-14,-45,-14,-44,-15,-43,-16,-42,-18,-41,-19,-41,-20,-40,-20,-40,-20,-40,-20,-39,-20,-39,-18,-39,-17,-39,-16,-39,-14,-38,-13,-37,-11,-36,-9,-35,-8,-34,-6,-33,-5,-32,2,-31,4,-31,0,-6,0,-2,-1,0,0,0,0,0,-1,-2,-3,-5,-13,-28,-12,-30,-13,-30,-12,-32,-11,-34,-10,-36,-9,-37,-8,-39,-6,-40,-5,-41,-5,-42,-5,-43,-4,-43,-4,-44,-4,-44,-4,-44,-4,-44,-4,-45,-5,-45,-6,-45,-7,-45,-8,-45,-9,-46,-10,-46,-11,-46,-13,-47,-14,-49,-14,-50]"
CSI_DATA,254,5c:01:3b:6b:b0:95,-47,11,1,7,0,1,1,1,0,0,0,-97,1,11,0,21140772,0,86,1,256,1,"[86,-32,4,0,5,-27,5,-27,5,-26,4,-26,3,-25,3,-25,2,-24,2,-24,2,-24,1,-23,1,-23,1,-23,1,-23,0,-23,1,-23,1,-23,2,-22,2,-21,3,-20,3,-20,3,-19,4,-17,5,-16,6,-16,6,-15,1,-4,0,0,0,0,0,0,0,0,0,0,0,0,0,0,0,0,0,0,0,-5,2,-17,2,-17,3,-18,4,-19,4,-19,5,-19,6,-20,7,-20,8,-20,8,-21,9,-21,10,-22,9,-22,9,-22,9,-22,8,-22,8,-22,8,-23,7,-23,6,-24,6,-25,6,-25,6,-25,6,-26,6,-27,6,-27,2,-16,9,-52,10,-52,10,-50,10,-49,9,-48,8,-47,7,-46,6,-46,5,-45,3,-45,2,-45,1,-45,1,-45,1,-45,1,-44,1,-43,2,-43,3,-42,4,-41,5,-39,7,-37,7,-35,8,-34,9,-32,10,-30,11,-28,13,-26,14,-24,2,-5,0,-2,-1,0,-1,0,-1,0,-1,-2,-1,-6,0,-31,1,-31,3,-32,5,-33,7,-34,8,-35,10,-36,11,-37,13,-38,14,-38,15,-39,16,-39,17,-40,17,-41,17,-41,17,-41,17,-42,17,-42,16,-43,15,-43,14,-44,14,-45,13,-46,12,-47,11,-47,11,-49,11,-51,10,-52]"
CSI_DATA,255,5c:01:3b:6b:b0:95,-50,11,1,7,0,1,1,1,0,0,0,-97,1,11,0,21192657,0,86,1,256,1,"[86,-32,4,0,-25,-14,-25,-15,-24,-14,-23,-13,-23,-12,-22,-11,-22,-10,-22,-10,-22,-9,-21,-8,-21,-8,-21,-8,-21,-8,-21,-8,-20,-8,-20,-8,-19,-8,-18,-8,-17,-8,-16,-9,-15,-9,-13,-9,-12,-9,-11,-9,-11,-9,-3,-3,0,0,0,0,0,0,0,0,0,0,0,0,0,0,0,0,0,0,-4,-2,-16,-8,-17,-9,-17,-10,-18,-11,-18,-12,-18,-12,-19,-13,-19,-14,-19,-15,-18,-15,-19,-16,-19,-17,-19,-17,-19,-17,-19,-17,-20,-16,-21,-15,-21,-15,-22,-15,-22,-15,-22,-15,-23,-14,-24,-14,-24,-14,-25,-14,-25,-14,-14,-10,-44,-32,-44,-32,-43,-31,-42,-30,-39,-29,-38,-27,-37,-26,-37,-25,-37,-24,-38,-22,-38,-21,-39,-20,-39,-20,-38,-20,-38,-20,-37,-20,-35,-20,-33,-20,-31,-21,-29,-21,-28,-21,-26,-21,-23,-21,-22,-20,-20,-20,-18,-19,-13,-22,-11,-22,-2,-4,-1,-2,0,0,0,0,0,0,-2,-1,-5,-3,-27,-18,-27,-20,-29,-19,-29,-21,-29,-23,-30,-25,-30,-27,-30,-29,-30,-31,-30,-32,-30,-34,-30,-35,-31,-35,-32,-36,-32,-36,-32,-36,-33,-36,-34,-36,-34,-35,-34,-34,-34,-34,-35,-34,-37,-33,-39,-33,-40,-32,-42,-33,-43,-33,-43,-33]"
CSI_DATA,256,5c:01:3b:6b:b0:95,-50,11,1,7,0,1,1,1,0,0,0,-97,1,11,0,21244852,0,86,1,256,1,"[86,-32,4,0,24,-5,24,-5,23,-6,22,-6,21,-6,21,-6,20,-6,19,-7,19,-8,18,-8,18,-7,17,-7,17,-8,17,-8,17,-8,17,-7,16,-7,16,-6,15,-5,15,-4,14,-3,13,-3,12,-2,12,-2,11,-1,2,-1,0,0,0,0,0,0,0,0,0,0,0,0,0,0,0,0,0,0,3,-2,15,-6,16,-5,17,-5,18,-5,18,-4,19,-4,20,-3,21,-3,21,-2,22,-2,22,-2,23,-1,22,-1,22,-1,22,-1,23,-2,23,-2,22,-3,23,-3,23,-3,23,-4,23,-4,23,-5,24,-5,25,-5,25,-6,14,-1,48,-3,47,-3,46,-3,45,-3,44,-4,42,-4,41,-5,40,-6,38,-6,37,-8,37,-8,36,-9,36,-9,35,-9,35,-9,34,-8,33,-7,32,-6,31,-5,30,-4,29,-3,27,-2,25,-1,24,0,22,1,21,2,19,7,18,8,3,1,0,0,-1,-1,-2,0,-1,-1,1,-1,5,-2,28,-7,29,-5,30,-7,31,-6,33,-4,34,-3,36,-2,37,0,38,1,39,2,40,3,41,4,42,4,42,4,43,4,43,4,43,4,43,3,43,3,43,2,43,1,44,0,44,-1,45,-2,46,-3,46,-4,47,-4,48,-4]"
CSI_DATA,257,5c:01:3b:6b:b0:95,-46,11,1,6,0,1,1,1,0,0,0,-97,1,11,0,21299762,0,86,1,256,1,"[86,-32,4,0,-14,23,-14,22,-13,22,-12,21,-12,21,-11,20,-10,20,-10,20,-9,20,-8,20,-7,19,-7,19,-7,19,-8,19,-8,19,-8,19,-8,18,-8,17,-8,16,-9,15,-9,14,-8,13,-9,12,-9,11,-9,11,-3,2,0,0,0,0,0,0,0,0,0,0,0,0,0,0,0,0,0,0,-2,3,-7,15,-8,16,-9,16,-10,17,-11,17,-12,17,-13,18,-14,18,-15,18,-15,18,-16,18,-16,19,-16,18,-16,18,-16,18,-16,18,-16,18,-15,19,-15,20,-14,20,-14,20,-14,21,-14,21,-14,22,-14,23,-15,24,-10,13,-29,43,-29,42,-29,41,-28,40,-27,39,-25,39,-24,38,-22,37,-21,37,-19,37,-18,37,-17,37,-17,37,-17,37,-16,36,-16,35,-17,34,-17,33,-17,32,-18,30,-18,28,-18,26,-18,24,-18,22,-18,20,-18,19,-19,16,-19,15,-4,2,-2,0,0,-1,0,-1,0,-1,-1,1,-2,5,-12,29,-13,28,-16,29,-18,29,-20,30,-22,30,-24,31,-26,31,-27,32,-29,31,-30,31,-31,32,-32,32,-33,33,-33,32,-33,33,-34,33,-33,33,-32,33,-31,34,-31,35,-31,37,-30,38,-30,39,-29,40,-29,41,-29,43,-29,43]"
CSI_DATA,258,5c:01:3b:6b:b0:95,-45,11,1,6,0,1,1,1,0,0,0,-97,1,11,0,21350827,0,86,1,256,1,"[86,-32,4,0,-8,-26,-7,-26,-8,-24,-8,-23,-8,-23,-8,-23,-8,-22,-9,-21,-9,-20,-10,-20,-10,-20,-10,-19,-10,-19,-10,-19,-10,-19,-9,-19,-9,-18,-8,-18,-7,-17,-6,-17,-5,-16,-5,-15,-4,-15,-3,-14,-3,-14,-1,-4,0,0,0,0,0,0,0,0,0,0,0,0,0,0,0,0,0,0,-2,-4,-7,-16,-7,-17,-7,-18,-6,-19,-6,-20,-5,-21,-4,-21,-4,-22,-3,-22,-3,-23,-3,-24,-3,-24,-3,-24,-3,-24,-3,-24,-3,-24,-4,-24,-4,-24,-5,-24,-5,-25,-6,-25,-6,-25,-6,-25,-7,-25,-8,-26,-8,-26,-3,-16,-8,-50,-8,-50,-7,-49,-7,-47,-7,-46,-7,-44,-8,-43,-9,-42,-10,-41,-12,-40,-13,-40,-14,-39,-14,-39,-14,-38,-13,-37,-13,-37,-12,-36,-11,-36,-10,-36,-8,-34,-7,-33,-6,-31,-5,-30,-4,-29,-3,-28,-2,-26,3,-25,5,-24,1,-5,0,-2,-1,0,0,0,0,0,-1,-2,-2,-6,-8,-31,-7,-31,-9,-32,-8,-33,-6,-35,-5,-36,-4,-38,-3,-40,-1,-41,0,-42,1,-43,1,-44,1,-45,1,-45,2,-45,2,-45,2,-46,1,-46,0,-46,0,-45,-1,-46,-2,-46,-3,-47,-4,-47,-5,-48,-7,-49,-7,-50,-8,-51]"
CSI_DATA,259,5c:01:3b:6b:b0:95,-45,11,1,6,0,1,1,1,0,0,0,-97,1,11,0,21400837,0,86,1,256,1,"[86,-32,4,0,8,-26,7,-25,7,-25,7,-24,6,-24,5,-23,5,-23,4,-23,3,-23,2,-22,1,-22,1,-22,1,-22,1,-21,1,-21,2,-21,2,-21,3,-20,3,-19,4,-18,4,-17,4,-16,4,-15,4,-14,5,-14,1,-4,0,0,0,0,0,0,0,0,0,0,0,0,0,0,0,0,0,0,1,-5,4,-18,4,-18,5,-18,6,-19,7,-19,8,-20,9,-20,10,-20,11,-20,11,-21,11,-21,11,-21,11,-21,11,-21,11,-21,11,-21,11,-22,10,-22,10,-22,9,-23,9,-23,9,-24,8,-24,8,-25,8,-26,9,-26,7,-14,23,-46,22,-45,22,-44,22,-43,21,-42,20,-42,18,-41,17,-41,15,-41,13,-41,12,-41,11,-40,10,-40,11,-40,11,-39,11,-38,11,-37,11,-36,12,-35,12,-34,13,-32,13,-30,13,-28,13,-26,13,-25,14,-23,19,-18,20,-17,3,-3,1,-1,-1,0,-1,0,-1,0,0,-2,1,-6,11,-30,13,-29,12,-31,14,-31,16,-32,18,-32,20,-33,22,-33,23,-33,25,-33,26,-34,27,-34,27,-35,28,-36,28,-36,29,-36,29,-36,28,-36,27,-36,27,-37,27,-38,26,-39,26,-40,25,-41,23,-43,23,-44,23,-46,23,-46]"
CSI_DATA,260,5c:01:3b:6b:b0:95,-44,11,1,5,0,1,1,1,0,0,0,-97,1,11,0,21456372,0,86,1,256,1,"[86,-32,4,0,27,-1,26,-1,26,-2,25,-2,25,-2,24,-2,23,-2,22,-3,22,-5,22,-5,21,-5,21,-6,21,-6,21,-5,21,-5,20,-5,20,-4,20,-3,19,-3,18,-2,17,-1,16,-1,15,-1,15,0,14,0,3,0,0,0,0,0,0,0,0,0,0,0,0,0,0,0,0,0,0,0,4,-1,17,-4,18,-3,18,-2,19,-2,20,-1,21,0,22,0,22,1,22,2,22,2,23,2,24,2,24,3,24,3,24,2,24,2,24,1,24,1,24,1,25,1,25,1,25,0,25,-1,26,-1,28,-1,29,-2,15,3,51,8,50,8,49,8,48,7,46,6,45,5,44,5,44,3,43,2,42,1,42,-1,42,-2,42,-2,42,-2,41,-1,40,-1,39,0,39,0,38,1,36,2,34,3,32,4,30,5,29,5,27,6,26,7,23,14,22,14,3,2,0,0,-1,-1,-1,0,-1,-1,1,-1,5,-1,31,1,31,3,32,0,33,2,35,4,36,5,37,7,39,9,40,10,41,12,41,13,41,14,42,14,43,14,43,14,43,14,43,14,44,14,44,13,44,12,44,12,45,11,46,11,47,10,47,8,49,8,50,7,51,7]"
CSI_DATA,261,5c:01:3b:6b:b0:95,-44,11,1,5,0,1,1,1,0,0,0,-97,1,11,0,21511210,0,86,1,256,1,"[86,-32,4,0,-3,25,-3,25,-2,24,-2,23,-1,23,-1,23,0,22,0,21,1,20,1,20,2,20,2,20,2,20,2,20,2,20,1,20,1,19,0,19,0,18,-1,17,-1,16,-2,15,-2,15,-3,14,-3,14,-1,3,0,0,0,0,0,0,0,0,0,0,0,0,0,0,0,0,0,0,0,3,0,16,0,16,-1,17,-2,18,-2,18,-3,19,-4,20,-5,20,-5,20,-6,21,-6,21,-7,22,-6,22,-6,22,-6,22,-6,22,-6,22,-5,22,-4,22,-4,23,-4,23,-3,24,-3,24,-2,25,-2,26,-2,26,-4,14,-11,47,-12,47,-12,46,-11,45,-10,43,-9,42,-8,42,-7,41,-5,40,-4,40,-2,40,-1,40,-1,40,-1,40,-2,39,-2,38,-3,37,-3,36,-4,35,-5,34,-6,32,-6,30,-7,29,-7,27,-8,26,-9,24,-14,22,-15,20,-3,3,-1,0,0,-1,0,-1,0,-1,-1,1,-1,5,-3,28,-4,29,-3,30,-5,30,-7,32,-9,33,-11,34,-12,35,-14,36,-15,36,-16,37,-16,37,-16,39,-17,39,-17,39,-18,39,-18,39,-18,40,-17,40,-16,40,-16,40,-15,41,-14,42,-13,43,-12,44,-11,46,-10,47,-10,48]"
CSI_DATA,262,5c:01:3b:6b:b0:95,-41,11,1,6,0,1,1,1,0,0,0,-97,1,11,0,21556750,0,86,1,256,1,"[86,-32,4,0,6,-13,6,-13,6,-12,6,-12,6,-12,5,-11,5,-11,5,-11,4,-12,3,-12,3,-11,3,-11,3,-11,3,-11,3,-11,4,-11,4,-11,4,-10,4,-10,4,-9,4,-8,4,-8,4,-7,4,-7,4,-7,1,-2,0,0,0,0,0,0,0,0,0,0,0,0,0,0,0,0,0,0,0,-3,2,-9,3,-9,3,-9,4,-9,5,-10,5,-10,6,-10,6,-10,7,-10,7,-10,7,-11,7,-10,7,-10,7,-10,7,-10,7,-11,7,-11,7,-11,7,-11,7,-11,6,-11,6,-11,6,-12,6,-12,7,-13,7,-14,8,-15,28,-48,27,-47,27,-46,26,-45,25,-43,24,-42,24,-42,22,-41,21,-42,19,-42,17,-42,15,-42,15,-42,15,-41,15,-41,15,-41,16,-39,17,-38,18,-36,19,-34,19,-32,19,-31,18,-29,18,-27,18,-25,18,-23,19,-20,21,-19,3,-4,1,-2,-1,0,-1,0,-1,0,0,-2,1,-6,10,-32,11,-31,12,-32,14,-33,17,-34,19,-34,21,-34,23,-34,25,-34,27,-34,28,-34,30,-35,31,-36,31,-36,32,-36,31,-36,32,-37,31,-38,30,-38,29,-39,29,-40,29,-40,29,-42,28,-43,28,-44,28,-46,28,-46,29,-47]"
CSI_DATA,263,5c:01:3b:6b:b0:95,-44,11,1,6,0,1,1,1,0,0,0,-97,1,11,0,21614587,0,86,1,256,1,"[86,-32,4,0,-15,2,-15,2,-15,2,-14,2,-14,2,-13,2,-13,2,-13,3,-13,3,-12,4,-12,4,-12,4,-12,4,-12,4,-12,4,-12,4,-12,3,-11,3,-11,2,-10,2,-10,1,-9,1,-9,1,-9,1,-9,0,-3,0,0,0,0,0,0,0,0,0,0,0,0,0,0,0,0,0,0,0,-3,0,-10,3,-10,2,-11,2,-11,1,-12,1,-12,1,-13,1,-13,0,-13,0,-13,0,-14,0,-14,0,-14,-1,-14,-1,-14,-1,-14,0,-14,0,-14,0,-14,0,-14,1,-14,1,-14,1,-15,2,-15,2,-16,2,-16,2,-19,-1,-59,1,-58,1,-57,1,-55,2,-53,2,-52,2,-51,3,-50,3,-49,5,-48,6,-47,8,-47,9,-47,10,-47,10,-46,10,-45,9,-44,7,-43,6,-43,4,-41,3,-40,1,-37,0,-36,-1,-35,-1,-33,-2,-31,-3,-29,-10,-27,-11,-5,-3,-2,-1,0,-1,0,-1,0,-1,-2,0,-6,1,-34,8,-34,5,-37,6,-38,4,-40,2,-42,1,-44,-1,-45,-2,-47,-4,-48,-6,-48,-7,-49,-7,-50,-7,-51,-7,-51,-7,-51,-8,-52,-8,-53,-8,-52,-8,-52,-6,-52,-5,-53,-4,-54,-3,-54,-1,-55,0,-56,1,-58,2,-59,2]"
CSI_DATA,264,5c:01:3b:6b:b0:95,-39,11,1,4,0,1,1,1,0,0,0,-97,1,11,0,21665092,0,86,1,256,1,"[86,-32,4,0,-12,8,-12,8,-11,8,-11,8,-11,7,-10,7,-10,7,-10,8,-9,8,-9,8,-8,8,-8,8,-8,8,-9,8,-9,8,-8,8,-9,7,-9,6,-9,6,-8,5,-8,5,-8,4,-7,4,-7,4,-7,3,-2,0,0,0,0,0,0,0,0,0,0,0,0,0,0,0,0,0,0,0,-2,1,-6,7,-7,6,-8,6,-8,7,-9,7,-9,7,-10,7,-11,6,-11,6,-11,6,-12,6,-12,7,-12,6,-11,6,-12,6,-12,6,-12,7,-12,7,-12,7,-12,7,-12,7,-11,7,-11,8,-11,8,-12,9,-12,9,-15,9,-47,30,-46,29,-46,29,-44,28,-43,28,-42,28,-40,27,-38,27,-36,28,-35,29,-34,30,-33,31,-33,31,-33,30,-33,29,-32,28,-32,26,-31,25,-31,23,-31,21,-31,19,-30,17,-29,16,-28,15,-27,13,-27,12,-26,9,-26,8,-5,1,-2,0,0,-1,0,-1,0,-1,-1,1,-4,4,-20,27,-21,26,-25,24,-27,24,-30,24,-33,24,-35,24,-37,23,-39,23,-41,22,-42,21,-43,21,-44,22,-45,22,-45,22,-45,22,-45,21,-46,21,-46,22,-45,23,-45,24,-45,25,-45,26,-45,28,-44,29,-44,30,-45,31,-46,32]"
CSI_DATA,265,5c:01:3b:6b:b0:95,-45,11,1,6,0,1,1,1,0,0,0,-97,1,11,0,21716672,0,86,1,256,1,"[86,-32,4,0,15,-23,15,-23,14,-22,13,-21,13,-21,12,-21,11,-20,11,-20,10,-21,9,-21,9,-20,8,-20,8,-20,8,-20,9,-20,9,-20,9,-19,9,-18,9,-17,9,-16,9,-15,9,-13,9,-13,9,-12,9,-11,2,-3,0,0,0,0,0,0,0,0,0,0,0,0,0,0,0,0,0,0,1,-5,7,-17,8,-17,9,-18,10,-18,11,-18,13,-18,14,-18,15,-18,15,-18,16,-18,17,-19,17,-19,17,-19,16,-19,16,-19,16,-19,16,-19,16,-19,16,-20,15,-20,15,-21,15,-21,15,-22,15,-22,15,-23,16,-24,10,-13,33,-41,33,-40,32,-40,32,-39,30,-38,29,-38,28,-37,26,-37,24,-36,23,-37,21,-37,20,-37,20,-37,20,-37,20,-36,20,-35,20,-34,20,-33,21,-32,21,-30,20,-28,20,-26,20,-24,19,-22,19,-20,19,-19,21,-14,21,-13,3,-3,1,-1,-1,0,-1,0,-1,0,0,-2,2,-6,14,-30,15,-29,16,-30,19,-30,21,-31,23,-31,25,-31,27,-31,29,-31,31,-31,32,-31,33,-31,34,-31,35,-31,36,-31,36,-31,36,-32,35,-32,35,-32,34,-33,34,-34,34,-35,34,-36,34,-37,33,-38,33,-40,33,-41,33,-41]"
CSI_DATA,266,5c:01:3b:6b:b0:95,-44,11,1,5,0,1,1,1,0,0,0,-97,1,11,0,21767619,0,86,1,256,1,"[86,-32,4,0,10,-13,10,-13,10,-13,9,-12,9,-12,8,-12,8,-12,7,-12,7,-12,6,-12,6,-12,6,-12,6,-12,6,-12,6,-12,6,-11,6,-11,6,-11,6,-10,6,-9,6,-8,6,-8,6,-7,5,-7,6,-6,1,-2,0,0,0,0,0,0,0,0,0,0,0,0,0,0,0,0,0,0,1,-3,5,-10,6,-10,6,-11,7,-11,8,-11,9,-11,9,-11,10,-11,10,-11,11,-11,11,-11,11,-11,11,-11,11,-10,11,-11,11,-11,11,-11,11,-11,11,-11,11,-12,10,-12,10,-12,10,-13,10,-13,11,-14,11,-14,14,-13,47,-43,47,-43,45,-42,44,-41,42,-40,41,-40,39,-39,38,-40,35,-40,33,-40,31,-41,30,-41,29,-41,29,-41,29,-40,30,-39,30,-37,29,-36,29,-34,29,-32,28,-30,27,-27,26,-25,25,-24,25,-21,24,-19,27,-12,27,-10,4,-2,1,-1,-1,0,-1,0,-1,0,1,-2,4,-6,23,-32,26,-31,25,-34,28,-34,31,-34,33,-34,36,-34,39,-34,42,-34,44,-33,45,-32,46,-31,47,-32,48,-33,49,-33,49,-33,49,-33,49,-33,48,-34,47,-34,47,-35,47,-36,47,-38,47,-40,46,-41,46,-42,47,-44,47,-45]"
CSI_DATA,267,5c:01:3b:6b:b0:95,-44,11,1,4,0,1,1,1,0,0,0,-97,1,11,0,21819729,0,86,1,256,1,"[86,-32,4,0,2,29,2,28,2,26,3,25,3,25,4,24,4,23,4,22,5,22,6,21,6,21,6,20,6,20,6,20,6,20,6,19,5,19,4,18,4,17,3,17,3,16,2,15,2,14,1,13,0,13,0,3,0,0,0,0,0,0,0,0,0,0,0,0,0,0,0,0,0,0,1,4,3,18,3,19,2,20,1,21,1,22,0,23,-1,23,-2,24,-2,25,-3,25,-3,26,-3,26,-3,27,-3,26,-3,26,-3,26,-2,26,-2,26,-1,26,0,27,0,27,1,27,1,27,2,28,2,29,2,29,-5,15,-12,50,-12,50,-12,48,-11,46,-10,45,-9,45,-8,43,-6,42,-4,41,-3,40,-2,40,0,39,0,40,0,39,0,38,0,37,-1,36,-1,35,-2,34,-3,32,-4,31,-5,29,-5,27,-5,26,-5,24,-6,23,-14,20,-15,19,-3,3,-1,0,0,-1,0,-2,0,-1,-1,1,-1,5,-6,33,-8,34,-3,35,-5,36,-8,37,-10,38,-11,39,-13,40,-15,41,-17,41,-17,42,-18,43,-18,44,-18,45,-18,45,-19,44,-20,44,-20,44,-19,44,-18,44,-17,45,-16,46,-15,46,-14,47,-13,48,-11,50,-11,52,-10,53]"
CSI_DATA,268,5c:01:3b:6b:b0:95,-44,11,1,5,0,1,1,1,0,0,0,-97,1,11,0,21869822,0,86,1,256,1,"[86,-32,4,0,-13,-13,-13,-13,-12,-12,-12,-12,-12,-12,-11,-11,-11,-10,-11,-10,-11,-9,-12,-8,-12,-8,-12,-8,-12,-8,-11,-8,-11,-8,-11,-8,-11,-8,-10,-8,-9,-8,-9,-8,-8,-8,-7,-7,-7,-7,-7,-7,-6,-7,-2,-2,0,0,0,0,0,0,0,0,0,0,0,0,0,0,0,0,0,0,-3,-2,-11,-7,-11,-8,-11,-9,-11,-10,-11,-10,-11,-11,-11,-12,-11,-12,-10,-13,-10,-13,-11,-13,-11,-13,-11,-14,-11,-14,-10,-14,-11,-14,-11,-13,-11,-13,-11,-13,-11,-13,-11,-13,-12,-13,-12,-12,-13,-13,-14,-13,-14,-13,-14,-17,-45,-54,-44,-53,-42,-51,-41,-49,-40,-47,-39,-46,-39,-44,-39,-42,-40,-39,-41,-37,-42,-35,-43,-33,-43,-33,-42,-33,-40,-33,-39,-33,-38,-32,-37,-32,-35,-32,-33,-32,-30,-31,-27,-30,-25,-28,-24,-27,-22,-27,-20,-26,-14,-28,-12,-28,-2,-5,-1,-2,0,0,0,0,0,0,-3,-1,-7,-4,-37,-24,-35,-26,-37,-28,-36,-32,-36,-35,-36,-39,-36,-42,-35,-45,-35,-48,-34,-49,-34,-51,-33,-51,-35,-52,-36,-52,-35,-53,-35,-54,-34,-55,-34,-55,-35,-54,-35,-53,-36,-53,-37,-52,-38,-52,-40,-52,-41,-50,-44,-50,-46,-51,-46,-52]"
CSI_DATA,269,5c:01:3b:6b:b0:95,-44,11,1,5,0,1,1,1,0,0,0,-97,1,11,0,21921696,0,86,1,256,1,"[86,-32,4,0,-10,24,-9,24,-8,23,-8,22,-7,22,-7,22,-6,21,-6,20,-5,20,-4,20,-3,20,-3,20,-3,20,-3,20,-4,19,-3,19,-4,19,-4,18,-5,17,-5,16,-5,15,-5,14,-5,13,-5,13,-6,12,-2,3,0,0,0,0,0,0,0,0,0,0,0,0,0,0,0,0,0,0,-1,4,-3,17,-4,17,-5,18,-6,18,-7,19,-8,19,-9,20,-10,20,-10,20,-11,20,-11,21,-12,21,-11,21,-11,21,-12,21,-12,21,-12,21,-11,21,-10,22,-10,22,-10,23,-9,23,-9,23,-9,24,-9,25,-9,26,-9,12,-26,42,-26,41,-25,41,-24,40,-23,38,-22,38,-21,37,-19,36,-18,36,-16,36,-15,36,-13,36,-13,36,-13,36,-13,35,-13,35,-13,34,-13,33,-14,31,-14,29,-14,28,-14,26,-14,24,-14,23,-14,21,-14,20,-19,15,-19,14,-4,2,-2,0,0,-1,0,-1,0,-1,-1,1,-3,5,-13,28,-15,28,-12,29,-14,30,-16,30,-18,31,-20,32,-22,32,-24,33,-25,33,-27,33,-27,33,-28,34,-29,34,-29,34,-30,34,-30,34,-29,35,-29,35,-28,35,-28,35,-27,36,-27,38,-27,39,-26,40,-25,41,-25,42,-25,42]"
CSI_DATA,270,5c:01:3b:6b:b0:95,-43,11,1,4,0,1,1,1,0,0,0,-97,1,11,0,21975341,0,86,1,256,1,"[86,-32,4,0,-26,11,-26,11,-25,11,-24,11,-23,11,-22,11,-22,11,-21,12,-21,12,-20,13,-19,13,-18,13,-19,13,-19,13,-19,13,-19,12,-19,12,-18,11,-18,10,-17,9,-17,8,-16,7,-15,6,-15,6,-15,5,-4,1,0,0,0,0,0,0,0,0,0,0,0,0,0,0,0,0,0,0,-4,2,-15,9,-16,9,-17,9,-18,8,-19,8,-21,8,-22,8,-23,7,-23,7,-24,6,-25,7,-25,6,-25,6,-24,6,-25,6,-25,6,-25,7,-25,7,-24,8,-24,8,-25,9,-25,9,-25,10,-25,11,-26,11,-27,12,-17,4,-52,17,-51,16,-50,16,-49,16,-47,16,-47,16,-45,16,-43,16,-42,17,-41,19,-40,20,-39,20,-38,21,-38,21,-38,21,-37,20,-37,19,-36,18,-35,16,-35,14,-34,12,-33,11,-32,10,-30,9,-29,8,-28,6,-28,1,-27,0,-5,-1,-2,-1,0,-1,0,-1,0,-1,-2,1,-5,3,-28,17,-29,15,-31,15,-32,14,-35,13,-37,13,-38,12,-40,10,-42,9,-43,8,-44,7,-45,6,-47,7,-48,7,-48,7,-48,7,-48,7,-49,7,-48,8,-48,8,-48,10,-48,11,-49,12,-49,13,-50,14,-50,15,-51,16,-52,17]"
CSI_DATA,271,5c:01:3b:6b:b0:95,-44,11,1,5,0,1,1,1,0,0,0,-97,1,11,0,22027701,0,86,1,256,1,"[86,-32,4,0,22,-15,21,-15,21,-15,20,-15,19,-15,18,-15,17,-15,17,-15,16,-16,16,-16,15,-16,14,-16,14,-16,14,-16,14,-16,14,-15,14,-15,14,-14,14,-13,13,-12,13,-11,12,-10,12,-9,12,-9,12,-8,3,-2,0,0,0,0,0,0,0,0,0,0,0,0,0,0,0,0,0,0,3,-3,12,-12,13,-12,14,-12,15,-12,16,-11,18,-11,19,-11,19,-11,20,-10,20,-10,21,-10,22,-10,21,-10,21,-10,21,-10,22,-11,22,-11,21,-12,21,-12,21,-13,21,-13,21,-13,21,-14,21,-14,23,-15,23,-16,14,-7,46,-23,45,-23,44,-23,43,-22,41,-22,40,-22,39,-22,37,-23,35,-23,34,-25,33,-26,32,-26,32,-27,32,-27,31,-26,31,-25,30,-24,30,-23,30,-22,29,-20,29,-18,27,-17,26,-15,26,-14,25,-13,24,-11,25,-5,25,-3,4,-1,1,-1,-1,0,-1,0,-1,0,1,-2,3,-4,23,-19,25,-18,26,-19,27,-18,30,-18,31,-17,33,-17,36,-16,38,-15,39,-14,40,-13,40,-13,41,-14,42,-14,43,-14,44,-14,44,-14,44,-15,43,-15,43,-16,43,-16,43,-17,43,-18,44,-20,43,-21,44,-23,45,-24,46,-24]"
CSI_DATA,272,5c:01:3b:6b:b0:95,-43,11,1,3,0,1,1,1,0,0,0,-97,1,11,0,22082237,0,86,1,256,1,"[86,-32,4,0,-26,-11,-26,-11,-25,-10,-24,-9,-24,-9,-23,-8,-23,-7,-23,-6,-23,-5,-23,-4,-22,-4,-22,-4,-22,-4,-22,-3,-22,-4,-21,-4,-21,-4,-20,-4,-19,-5,-18,-5,-17,-6,-16,-6,-16,-5,-15,-6,-14,-6,-4,-2,0,0,0,0,0,0,0,0,0,0,0,0,0,0,0,0,0,0,-5,-1,-17,-4,-17,-5,-18,-6,-18,-7,-19,-8,-20,-9,-20,-10,-20,-10,-20,-11,-20,-12,-21,-12,-21,-13,-21,-13,-21,-13,-21,-13,-22,-13,-22,-12,-22,-12,-22,-12,-23,-12,-24,-12,-24,-11,-24,-11,-25,-11,-26,-11,-27,-10,-14,-9,-45,-27,-44,-28,-43,-27,-42,-26,-41,-25,-40,-24,-39,-22,-39,-21,-39,-19,-40,-18,-41,-16,-40,-14,-41,-14,-40,-14,-39,-14,-38,-14,-38,-14,-37,-15,-36,-15,-34,-15,-32,-16,-29,-15,-28,-15,-27,-15,-25,-15,-24,-15,-19,-20,-18,-20,-3,-4,-1,-2,0,0,0,0,0,0,-2,-1,-5,-3,-28,-13,-27,-15,-30,-14,-30,-16,-30,-18,-31,-20,-31,-22,-32,-24,-32,-26,-32,-28,-33,-29,-33,-29,-34,-30,-35,-30,-35,-30,-35,-31,-35,-32,-35,-32,-36,-31,-36,-30,-36,-30,-37,-29,-38,-29,-40,-28,-41,-27,-43,-27,-44,-27,-45,-27]"
CSI_DATA,273,5c:01:3b:6b:b0:95,-43,11,1,4,0,1,1,1,0,0,0,-97,1,11,0,22129824,0,86,1,256,1,"[86,-32,4,0,26,-7,26,-7,24,-7,24,-7,23,-7,22,-7,22,-8,21,-8,20,-9,20,-9,19,-9,19,-10,19,-10,19,-10,19,-10,19,-9,19,-9,19,-8,18,-7,17,-7,16,-6,15,-5,15,-5,15,-4,14,-3,3,-1,0,0,0,0,0,0,0,0,0,0,0,0,0,0,0,0,0,0,3,-2,15,-7,16,-7,17,-6,17,-6,18,-5,20,-5,21,-4,21,-4,22,-3,22,-3,23,-3,24,-2,23,-2,23,-2,23,-2,24,-3,24,-3,23,-3,24,-4,24,-4,24,-5,24,-5,24,-6,25,-6,26,-6,28,-7,15,-5,49,-16,48,-15,47,-15,46,-15,45,-15,44,-16,42,-16,40,-17,39,-18,38,-19,37,-20,36,-21,36,-22,36,-22,35,-21,35,-20,35,-19,34,-18,34,-17,33,-15,33,-14,31,-12,29,-11,28,-10,27,-9,27,-7,26,-7,25,-6,4,-1,1,-1,-1,-1,-1,0,-1,0,1,-2,3,-4,22,-20,24,-19,28,-15,30,-14,32,-13,34,-12,35,-12,37,-10,39,-9,41,-7,41,-7,42,-6,43,-7,44,-7,45,-7,45,-6,45,-7,45,-7,45,-7,45,-8,45,-9,46,-11,46,-12,46,-13,46,-14,47,-15,49,-15,51,-16]"
CSI_DATA,274,5c:01:3b:6b:b0:95,-43,11,1,4,0,1,1,1,0,0,0,-97,1,11,0,22181627,0,86,1,256,1,"[86,-32,4,0,-15,20,-14,21,-14,20,-13,20,-13,19,-12,19,-11,19,-11,18,-11,18,-10,19,-9,19,-9,18,-9,19,-9,19,-9,18,-9,18,-10,18,-10,17,-10,16,-10,15,-10,14,-10,13,-10,12,-10,11,-10,10,-3,2,0,0,0,0,0,0,0,0,0,0,0,0,0,0,0,0,0,0,-2,3,-6,13,-7,13,-8,14,-9,14,-9,15,-11,15,-12,15,-13,15,-13,15,-14,15,-15,16,-15,16,-15,16,-15,16,-15,16,-15,16,-15,16,-14,17,-14,17,-14,18,-14,19,-14,19,-14,19,-14,20,-15,21,-15,21,-11,9,-34,33,-34,33,-33,33,-32,32,-31,31,-31,31,-29,30,-27,30,-26,30,-25,31,-23,32,-22,33,-22,33,-22,33,-22,32,-22,31,-22,30,-23,29,-23,27,-24,25,-24,23,-23,22,-23,21,-22,20,-22,19,-22,17,-24,12,-25,10,-5,1,-2,0,0,-1,0,-1,0,-1,-1,1,-3,3,-14,22,-15,22,-15,23,-17,23,-20,24,-22,24,-23,23,-25,23,-27,23,-29,23,-29,23,-30,24,-31,25,-32,26,-32,26,-32,26,-33,25,-33,25,-33,25,-33,25,-33,26,-33,27,-33,28,-33,29,-32,31,-32,33,-32,35,-32,36]"
CSI_DATA,275,5c:01:3b:6b:b0:95,-42,11,1,4,0,1,1,1,0,0,0,-97,1,11,0,22234776,0,86,1,256,1,"[86,-32,4,0,0,28,1,28,1,27,2,26,2,26,2,25,3,24,3,24,4,23,4,23,5,23,5,23,5,23,5,23,5,23,4,23,4,22,3,22,2,21,1,21,1,20,0,19,-1,18,-1,17,-2,17,-1,4,0,0,0,0,0,0,0,0,0,0,0,0,0,0,0,0,0,0,0,3,2,15,2,16,2,17,1,18,1,18,0,19,-1,20,-2,20,-2,21,-3,22,-3,22,-3,23,-3,23,-3,23,-3,23,-3,23,-3,23,-2,23,-1,24,0,25,0,25,0,26,1,26,1,27,1,28,1,28,-2,16,-5,53,-5,53,-5,52,-5,50,-4,49,-3,49,-2,47,-1,46,1,45,2,45,3,45,5,45,5,45,5,45,4,45,4,44,3,43,2,42,1,41,-1,40,-2,39,-3,37,-4,36,-5,34,-6,33,-7,32,-13,29,-14,28,-3,4,-1,1,0,-1,-1,-1,-1,-1,0,1,0,4,3,27,2,28,2,29,0,31,-1,32,-3,34,-4,35,-5,36,-7,37,-8,38,-9,39,-10,40,-10,41,-10,42,-11,42,-11,43,-12,43,-11,44,-10,44,-10,44,-9,45,-8,46,-7,47,-6,48,-5,49,-4,50,-4,52,-3,54]"
CSI_DATA,276,5c:01:3b:6b:b0:95,-38,11,1,4,0,1,1,1,0,0,0,-97,1,11,0,22285684,0,86,1,256,1,"[86,-32,4,0,-5,14,-5,13,-5,13,-4,12,-4,13,-4,12,-4,12,-3,12,-3,12,-3,12,-2,12,-2,12,-2,12,-3,12,-3,12,-3,12,-3,12,-3,11,-3,10,-4,10,-4,10,-4,9,-4,9,-4,8,-5,8,-2,2,0,0,0,0,0,0,0,0,0,0,0,0,0,0,0,0,0,0,-1,1,-2,7,-2,8,-3,8,-3,8,-4,9,-4,9,-4,9,-5,9,-5,9,-6,10,-6,10,-6,10,-6,10,-6,10,-6,11,-6,11,-6,11,-6,11,-5,11,-5,12,-5,12,-5,12,-5,12,-5,13,-5,14,-5,14,-9,14,-26,49,-27,48,-27,46,-25,46,-24,46,-23,46,-22,45,-20,44,-18,43,-18,44,-17,45,-15,45,-15,45,-15,45,-15,45,-16,44,-16,43,-16,42,-17,41,-18,39,-19,37,-19,35,-20,33,-20,31,-20,29,-21,28,-26,22,-27,20,-5,3,-2,0,0,-1,0,-2,0,-1,-1,1,-2,5,-10,28,-11,28,-10,29,-12,29,-15,30,-17,31,-18,32,-20,32,-22,33,-24,33,-25,34,-25,34,-26,36,-27,36,-28,36,-29,37,-29,37,-30,37,-29,37,-27,38,-26,39,-26,41,-26,42,-26,44,-25,44,-24,46,-24,48,-25,51]"
CSI_DATA,277,5c:01:3b:6b:b0:95,-41,11,1,4,0,1,1,1,0,0,0,-97,1,11,0,22337781,0,86,1,256,1,"[86,-32,4,0,-22,18,-21,18,-20,18,-19,17,-19,17,-19,17,-18,17,-18,18,-17,18,-15,19,-15,19,-15,19,-15,20,-16,19,-16,19,-16,19,-16,18,-17,17,-16,16,-17,15,-16,13,-15,12,-15,12,-15,11,-16,10,-4,2,0,0,0,0,0,0,0,0,0,0,0,0,0,0,0,0,0,0,-3,2,-11,11,-12,11,-13,11,-13,11,-14,11,-16,11,-17,11,-18,11,-18,11,-18,11,-19,12,-20,12,-19,12,-19,12,-20,12,-21,12,-21,13,-20,13,-20,13,-20,14,-20,15,-20,15,-19,16,-19,17,-21,18,-22,19,-16,4,-48,17,-47,16,-46,16,-45,15,-45,16,-44,17,-43,17,-41,17,-40,18,-39,20,-39,22,-38,22,-38,23,-38,23,-38,22,-38,21,-38,20,-37,19,-37,18,-37,16,-37,14,-36,13,-35,12,-33,11,-33,9,-33,8,-35,-6,-34,-8,-6,-2,-2,-1,0,0,0,-1,0,-1,-2,0,-5,1,-28,8,-28,6,-26,12,-27,10,-29,10,-30,9,-32,9,-33,8,-35,7,-36,6,-37,6,-38,6,-39,7,-40,7,-40,7,-41,7,-42,7,-42,7,-42,7,-41,8,-42,9,-43,11,-43,12,-44,13,-44,15,-44,16,-46,18,-47,19]"
CSI_DATA,278,5c:01:3b:6b:b0:95,-36,11,1,4,0,1,1,1,0,0,0,-97,1,11,0,22391863,0,86,1,256,1,"[86,-32,4,0,1,14,2,13,2,13,2,13,2,13,2,12,2,12,2,12,3,12,3,12,3,11,3,11,3,11,3,12,3,12,3,12,2,12,2,11,2,11,1,11,1,10,0,10,0,10,0,9,-1,9,-1,2,0,0,0,0,0,0,0,0,0,0,0,0,0,0,0,0,0,0,0,1,2,7,1,7,1,8,1,8,1,9,1,9,0,9,0,10,0,10,0,10,0,11,0,11,0,11,0,11,-1,11,0,11,0,11,0,11,0,11,1,12,1,12,1,12,2,12,2,13,2,13,2,14,-1,16,0,53,-1,52,-1,51,-1,50,0,50,0,50,1,48,2,47,4,46,5,46,7,46,8,45,8,46,8,46,7,46,7,46,6,45,4,44,3,44,1,43,-1,42,-2,40,-3,39,-4,37,-5,36,-7,35,-13,33,-15,31,-3,5,-2,1,-1,-1,-1,-1,-1,-1,0,1,0,4,4,27,3,27,3,28,2,30,0,31,-1,33,-2,34,-3,35,-4,36,-5,37,-6,38,-6,39,-6,41,-7,42,-7,42,-8,42,-8,42,-8,43,-7,43,-6,43,-5,44,-4,45,-3,46,-2,47,-1,47,1,49,1,51,1,53]"
CSI_DATA,279,5c:01:3b:6b:b0:95,-41,11,1,5,0,1,1,1,0,0,0,-97,1,11,0,22441824,0,86,1,256,1,"[86,-32,4,0,-20,-23,-20,-23,-19,-22,-19,-21,-20,-21,-20,-20,-20,-19,-20,-18,-20,-18,-21,-18,-21,-17,-21,-18,-22,-18,-22,-17,-22,-17,-21,-18,-20,-18,-20,-18,-19,-18,-18,-18,-16,-18,-15,-18,-14,-18,-13,-18,-12,-18,-3,-5,0,0,0,0,0,0,0,0,0,0,0,0,0,0,0,0,0,0,-3,-3,-11,-12,-11,-13,-11,-14,-11,-15,-11,-16,-11,-17,-11,-17,-11,-18,-11,-19,-10,-20,-11,-21,-11,-21,-11,-22,-11,-22,-12,-21,-13,-21,-13,-20,-13,-20,-14,-21,-15,-21,-16,-21,-17,-21,-17,-21,-18,-22,-19,-23,-20,-23,-11,-14,-34,-45,-34,-46,-33,-45,-33,-44,-32,-43,-32,-42,-32,-41,-33,-40,-34,-38,-36,-37,-38,-36,-39,-35,-39,-35,-39,-36,-38,-36,-38,-36,-37,-37,-36,-37,-34,-37,-32,-37,-29,-38,-27,-37,-26,-36,-24,-36,-22,-35,-19,-35,-13,-37,-10,-37,-2,-7,-1,-3,0,0,0,0,0,0,-2,-1,-4,-4,-20,-21,-20,-23,-20,-24,-20,-26,-19,-28,-19,-30,-19,-32,-19,-34,-18,-35,-18,-37,-18,-38,-18,-39,-18,-40,-19,-40,-19,-41,-19,-41,-20,-41,-21,-42,-22,-41,-22,-41,-23,-41,-24,-41,-25,-42,-27,-42,-29,-42,-31,-43,-33,-44,-34,-44]"
CSI_DATA,280,5c:01:3b:6b:b0:95,-40,11,1,5,0,1,1,1,0,0,0,-97,1,11,0,22493762,0,86,1,256,1,"[86,-32,4,0,15,22,15,22,15,21,15,20,15,20,15,20,15,19,16,18,16,17,17,17,17,17,17,17,17,17,17,17,17,18,17,18,16,18,15,18,14,18,13,18,11,18,10,18,10,18,9,17,8,17,2,4,0,0,0,0,0,0,0,0,0,0,0,0,0,0,0,0,0,0,2,2,9,11,9,11,9,13,9,14,9,14,9,15,8,16,8,16,8,17,8,18,8,18,9,19,9,19,9,19,9,19,9,19,10,19,10,18,11,19,11,19,12,20,13,20,13,20,15,20,16,21,16,21,7,13,26,44,26,44,26,43,25,42,25,41,25,41,25,40,26,39,27,37,29,36,30,35,31,34,31,35,31,36,31,36,30,36,29,37,28,37,27,37,24,37,22,37,20,36,18,36,17,35,15,34,13,34,7,35,5,35,0,6,0,1,-1,-1,-1,-1,-1,-1,0,0,2,3,15,21,14,23,16,23,15,24,14,26,14,28,13,29,13,31,12,33,12,34,12,35,12,35,12,36,13,37,13,37,13,38,13,38,14,38,15,38,16,38,16,38,17,38,19,39,20,39,22,39,24,40,26,41,26,42]"
CSI_DATA,281,5c:01:3b:6b:b0:95,-35,11,1,4,0,1,1,1,0,0,0,-97,1,11,0,22547701,0,86,1,256,1,"[86,-32,4,0,3,-14,3,-14,2,-13,2,-13,2,-13,2,-13,1,-13,1,-13,1,-13,1,-13,0,-13,0,-13,0,-13,0,-13,0,-13,1,-13,1,-13,1,-13,2,-12,2,-12,2,-12,2,-11,3,-10,3,-10,3,-10,0,-3,0,0,0,0,0,0,0,0,0,0,0,0,0,0,0,0,0,0,0,-2,1,-8,2,-8,2,-9,2,-9,2,-9,3,-9,3,-9,4,-9,4,-10,4,-10,5,-10,5,-10,4,-10,4,-10,4,-10,4,-11,4,-11,4,-11,3,-11,3,-11,3,-12,3,-12,3,-12,3,-13,3,-14,3,-14,5,-16,17,-49,17,-49,17,-48,17,-48,16,-47,15,-48,14,-47,12,-46,11,-46,10,-47,9,-48,7,-48,7,-48,7,-49,8,-49,8,-48,9,-47,10,-46,11,-45,12,-44,14,-43,14,-41,15,-39,15,-37,16,-35,18,-34,24,-29,25,-26,4,-5,1,-2,-1,0,-1,0,-1,0,0,-2,1,-5,8,-27,9,-27,9,-29,11,-29,13,-30,14,-31,15,-31,16,-31,18,-32,20,-32,20,-33,21,-33,22,-34,22,-35,22,-35,22,-36,22,-36,22,-37,21,-37,20,-37,19,-39,18,-40,18,-42,18,-43,17,-44,17,-46,17,-48,17,-50]"
CSI_DATA,282,5c:01:3b:6b:b0:95,-37,11,1,5,0,1,1,1,0,0,0,-97,1,11,0,22597768,0,86,1,256,1,"[86,-32,4,0,23,5,23,5,23,5,23,4,22,4,22,4,22,3,22,2,22,1,22,1,22,1,22,1,22,1,23,1,23,1,22,2,22,2,22,3,21,3,20,4,19,5,18,6,17,6,17,7,16,7,4,1,0,0,0,0,0,0,0,0,0,0,0,0,0,0,0,0,0,0,3,0,13,2,14,3,14,3,15,4,15,5,15,5,16,5,16,6,16,7,16,7,17,8,17,8,17,8,17,8,17,8,18,7,18,6,18,6,19,6,19,6,20,6,20,6,21,5,22,6,23,6,24,5,13,4,45,13,44,13,44,13,43,12,42,12,42,11,42,11,42,9,41,8,41,6,42,5,42,4,42,4,43,5,43,5,43,6,42,7,42,8,41,9,39,10,38,11,36,12,34,13,33,14,31,14,29,15,26,19,24,20,4,3,1,1,-1,-1,-1,-1,-1,-1,1,0,4,0,24,5,24,6,26,6,26,8,26,9,27,11,28,12,28,14,29,15,30,16,30,17,30,18,31,18,31,18,31,18,32,18,33,18,33,17,34,17,34,16,35,15,36,15,37,15,38,14,39,13,41,13,42,13,43,13]"
CSI_DATA,283,5c:01:3b:6b:b0:95,-40,11,1,5,0,1,1,1,0,0,0,-97,1,11,0,22649683,0,86,1,256,1,"[86,-32,4,0,-9,-25,-10,-25,-10,-24,-10,-24,-11,-23,-11,-23,-11,-23,-11,-22,-12,-21,-12,-21,-13,-21,-13,-21,-13,-22,-13,-22,-13,-22,-12,-22,-12,-22,-11,-22,-10,-22,-9,-22,-8,-21,-7,-21,-6,-21,-5,-20,-4,-20,-1,-5,0,0,0,0,0,0,0,0,0,0,0,0,0,0,0,0,0,0,-2,-4,-5,-15,-5,-15,-4,-16,-4,-17,-4,-18,-3,-18,-3,-19,-2,-19,-2,-19,-2,-20,-2,-20,-2,-21,-2,-21,-2,-21,-3,-21,-3,-21,-4,-21,-4,-21,-5,-22,-6,-22,-7,-22,-7,-22,-7,-23,-8,-23,-9,-25,-9,-25,-3,-15,-11,-48,-11,-48,-11,-48,-11,-47,-11,-46,-12,-46,-13,-45,-14,-44,-15,-43,-16,-43,-18,-44,-19,-43,-19,-43,-19,-44,-19,-44,-18,-44,-17,-44,-16,-44,-15,-44,-14,-43,-12,-43,-10,-42,-8,-41,-6,-40,-4,-38,-2,-37,6,-36,8,-35,1,-7,0,-2,-1,0,-1,0,-1,0,-1,-2,-1,-6,-4,-29,-3,-29,-5,-29,-4,-30,-3,-31,-2,-32,-1,-33,-1,-34,0,-35,1,-36,2,-37,2,-38,2,-38,2,-39,2,-39,2,-39,1,-40,0,-40,-1,-40,-2,-40,-3,-41,-4,-41,-5,-42,-6,-43,-8,-44,-9,-45,-10,-47,-10,-48]"
CSI_DATA,284,5c:01:3b:6b:b0:95,-37,11,1,5,0,1,1,1,0,0,0,-97,1,11,0,22701780,0,86,1,256,1,"[86,-32,4,0,12,-21,12,-21,12,-21,11,-21,11,-21,10,-21,10,-21,9,-21,9,-21,8,-22,7,-22,7,-21,8,-22,8,-22,8,-22,9,-22,10,-22,10,-21,10,-19,11,-18,11,-17,11,-16,11,-15,12,-14,12,-14,3,-4,0,0,0,0,0,0,0,0,0,0,0,0,0,0,0,0,0,0,1,-4,7,-14,8,-14,9,-14,9,-14,10,-14,11,-14,12,-14,13,-14,13,-14,14,-14,14,-14,14,-15,14,-15,13,-15,13,-15,13,-15,13,-16,13,-16,12,-17,12,-17,12,-18,12,-18,12,-19,12,-20,12,-21,13,-21,8,-12,27,-38,26,-38,26,-38,25,-38,25,-37,24,-37,24,-37,23,-37,21,-37,19,-38,18,-40,17,-40,17,-40,18,-40,18,-40,19,-40,20,-39,21,-38,22,-36,23,-34,23,-33,23,-31,23,-30,24,-28,24,-26,24,-24,27,-19,28,-17,5,-3,1,-1,-1,0,-1,0,-1,0,0,-2,2,-5,13,-25,14,-24,16,-25,17,-25,19,-25,21,-25,23,-25,24,-24,26,-24,27,-23,27,-23,27,-24,28,-25,28,-26,28,-26,28,-26,28,-26,28,-27,27,-27,26,-28,26,-29,26,-30,26,-31,26,-32,25,-34,25,-35,25,-37,25,-37]"
CSI_DATA,285,5c:01:3b:6b:b0:95,-37,11,1,5,0,1,1,1,0,0,0,-97,1,11,0,22753754,0,86,1,256,1,"[86,-32,4,0,-23,-14,-23,-14,-23,-13,-22,-13,-22,-13,-22,-12,-22,-11,-22,-11,-22,-10,-22,-9,-23,-9,-23,-9,-23,-9,-24,-8,-24,-9,-24,-9,-23,-10,-22,-10,-21,-11,-20,-11,-19,-12,-18,-13,-17,-13,-17,-13,-16,-13,-4,-4,0,0,0,0,0,0,0,0,0,0,0,0,0,0,0,0,0,0,-4,-3,-14,-10,-15,-11,-15,-12,-15,-13,-15,-13,-15,-14,-15,-14,-14,-15,-14,-15,-14,-16,-14,-16,-14,-17,-14,-17,-15,-17,-15,-16,-16,-16,-16,-15,-17,-15,-17,-15,-18,-15,-19,-14,-19,-14,-20,-14,-21,-14,-22,-15,-22,-14,-14,-9,-44,-28,-44,-27,-43,-27,-42,-26,-42,-25,-41,-24,-41,-24,-41,-23,-42,-21,-42,-19,-44,-18,-44,-17,-45,-16,-45,-17,-45,-17,-45,-18,-44,-19,-43,-20,-42,-21,-40,-22,-38,-23,-37,-23,-35,-23,-33,-24,-31,-24,-29,-25,-26,-27,-24,-28,-5,-6,-2,-2,0,0,0,0,0,0,-2,-1,-6,-3,-30,-13,-30,-15,-28,-18,-28,-20,-28,-22,-28,-24,-28,-26,-28,-28,-28,-29,-28,-30,-28,-31,-27,-32,-28,-32,-28,-31,-29,-31,-29,-31,-29,-31,-30,-31,-31,-30,-31,-29,-32,-29,-33,-28,-34,-28,-36,-28,-38,-27,-40,-26,-42,-26,-43,-27]"
CSI_DATA,286,5c:01:3b:6b:b0:95,-37,11,1,5,0,1,1,1,0,0,0,-97,1,11,0,22805669,0,86,1,256,1,"[86,-32,4,0,-10,-21,-10,-21,-10,-20,-10,-19,-11,-19,-11,-19,-11,-19,-11,-18,-11,-17,-12,-17,-12,-17,-13,-17,-13,-17,-13,-17,-13,-18,-12,-18,-12,-18,-11,-18,-9,-18,-9,-18,-8,-18,-7,-17,-6,-17,-6,-17,-5,-17,-2,-5,0,0,0,0,0,0,0,0,0,0,0,0,0,0,0,0,0,0,-2,-4,-7,-14,-7,-15,-7,-15,-7,-16,-6,-17,-5,-17,-4,-18,-4,-18,-3,-18,-3,-18,-3,-19,-3,-19,-4,-19,-4,-19,-4,-19,-5,-19,-5,-19,-5,-18,-6,-19,-7,-19,-7,-19,-8,-19,-8,-19,-9,-19,-10,-20,-10,-21,-5,-13,-15,-41,-15,-40,-15,-40,-15,-39,-15,-38,-15,-38,-15,-37,-16,-36,-17,-35,-18,-35,-20,-35,-21,-34,-21,-35,-21,-35,-21,-35,-20,-35,-19,-35,-18,-35,-17,-35,-15,-35,-13,-35,-12,-34,-11,-34,-9,-33,-8,-32,-6,-31,0,-31,2,-29,0,-6,0,-2,-1,0,0,0,0,0,-1,-2,-2,-5,-11,-27,-11,-27,-11,-28,-9,-29,-8,-30,-7,-31,-6,-32,-5,-33,-4,-34,-4,-34,-3,-35,-3,-35,-3,-36,-3,-36,-3,-37,-3,-37,-3,-37,-4,-37,-5,-36,-6,-36,-6,-36,-7,-36,-8,-37,-10,-37,-11,-38,-13,-38,-14,-39,-14,-40]"
CSI_DATA,287,5c:01:3b:6b:b0:95,-41,11,1,5,0,1,1,1,0,0,0,-97,1,11,0,22857752,0,86,1,256,1,"[86,-32,4,0,-24,-13,-24,-13,-23,-12,-23,-11,-23,-11,-23,-10,-23,-10,-23,-9,-23,-8,-24,-8,-24,-8,-24,-7,-25,-7,-25,-7,-25,-7,-24,-8,-24,-8,-23,-9,-23,-9,-22,-10,-21,-11,-20,-11,-19,-11,-18,-12,-17,-12,-5,-3,0,0,0,0,0,0,0,0,0,0,0,0,0,0,0,0,0,0,-4,-3,-16,-9,-16,-10,-16,-11,-17,-12,-17,-13,-16,-13,-17,-14,-17,-14,-16,-15,-16,-16,-16,-16,-16,-17,-16,-17,-16,-17,-17,-16,-17,-15,-18,-15,-18,-14,-18,-14,-19,-14,-20,-13,-21,-13,-21,-13,-22,-13,-23,-13,-24,-13,-13,-9,-43,-27,-43,-28,-42,-27,-42,-26,-41,-25,-41,-24,-41,-23,-41,-22,-41,-20,-42,-19,-44,-17,-44,-16,-45,-16,-45,-16,-45,-17,-45,-18,-44,-18,-43,-19,-42,-20,-40,-21,-38,-22,-36,-23,-35,-23,-34,-23,-32,-24,-30,-24,-25,-28,-23,-29,-4,-6,-1,-2,0,0,0,0,0,0,-2,-1,-6,-3,-28,-16,-28,-18,-29,-19,-29,-21,-28,-23,-28,-25,-28,-27,-28,-29,-28,-30,-28,-31,-27,-32,-27,-33,-27,-33,-28,-32,-28,-32,-28,-32,-28,-32,-29,-32,-30,-31,-31,-30,-32,-29,-33,-28,-34,-28,-35,-28,-37,-27,-39,-26,-40,-26,-41,-26]"
CSI_DATA,288,5c:01:3b:6b:b0:95,-38,11,1,5,0,1,1,1,0,0,0,-97,1,11,0,22909731,0,86,1,256,1,"[86,-32,4,0,-12,7,-12,7,-11,6,-11,7,-11,7,-11,7,-10,7,-10,7,-10,8,-10,8,-9,8,-10,8,-10,8,-10,8,-10,8,-10,8,-10,8,-10,7,-10,7,-10,6,-10,5,-10,5,-10,4,-10,4,-10,4,-3,1,0,0,0,0,0,0,0,0,0,0,0,0,0,0,0,0,0,0,-2,1,-9,5,-9,4,-9,4,-10,4,-10,4,-11,4,-11,3,-11,3,-11,3,-11,3,-12,3,-12,3,-12,3,-11,3,-12,3,-12,3,-12,3,-11,4,-11,4,-11,4,-11,5,-11,5,-11,5,-11,6,-12,6,-12,7,-16,3,-49,13,-49,13,-48,14,-46,14,-45,14,-44,15,-43,15,-42,16,-41,17,-41,18,-41,20,-41,20,-41,21,-41,21,-41,21,-41,20,-41,19,-42,19,-42,18,-41,16,-41,13,-40,11,-39,9,-38,8,-37,6,-37,4,-37,-9,-36,-10,-7,-2,-2,-1,0,-1,0,-1,0,0,-2,0,-6,0,-34,4,-35,2,-34,9,-35,7,-37,5,-38,4,-39,3,-40,2,-41,2,-42,1,-42,0,-42,-1,-43,-2,-43,-2,-43,-2,-43,-1,-43,-1,-44,1,-43,2,-43,3,-43,4,-43,6,-43,7,-44,8,-44,9,-45,10,-46,11,-47,13]"
CSI_DATA,289,5c:01:3b:6b:b0:95,-39,11,1,6,0,1,1,1,0,0,0,-97,1,11,0,22961802,0,86,1,256,1,"[86,-32,4,0,-5,-12,-5,-12,-5,-12,-5,-11,-5,-11,-5,-11,-5,-11,-6,-10,-6,-10,-6,-10,-6,-10,-7,-10,-7,-10,-7,-10,-7,-10,-6,-10,-6,-10,-6,-10,-5,-10,-5,-10,-4,-10,-4,-10,-3,-10,-3,-10,-3,-10,-1,-3,0,0,0,0,0,0,0,0,0,0,0,0,0,0,0,0,0,0,-1,-2,-3,-8,-3,-9,-3,-10,-3,-10,-2,-10,-2,-10,-2,-10,-2,-11,-1,-11,-1,-11,-1,-11,-1,-11,-1,-11,-1,-11,-1,-11,-2,-11,-2,-11,-2,-11,-2,-11,-3,-11,-3,-11,-3,-11,-4,-11,-4,-11,-4,-12,-5,-12,-5,-14,-16,-46,-16,-46,-16,-45,-15,-45,-15,-44,-16,-43,-16,-41,-17,-41,-18,-40,-20,-39,-22,-39,-23,-38,-23,-38,-24,-39,-23,-39,-23,-39,-22,-39,-21,-40,-20,-41,-18,-40,-16,-40,-14,-39,-13,-38,-11,-37,-9,-37,-7,-36,-4,-35,-2,-34,-1,-6,0,-2,0,0,0,0,0,0,-1,-2,-3,-6,-11,-31,-10,-32,-10,-32,-9,-34,-7,-36,-6,-37,-5,-38,-4,-39,-3,-40,-2,-40,-1,-41,-1,-41,-1,-41,-1,-41,0,-41,-1,-41,-2,-42,-3,-42,-4,-41,-4,-41,-5,-41,-6,-42,-7,-42,-9,-43,-10,-43,-12,-44,-13,-45,-14,-46]"
CSI_DATA,290,5c:01:3b:6b:b0:95,-39,11,1,6,0,1,1,1,0,0,0,-97,1,11,0,23013769,0,86,1,256,1,"[86,-32,4,0,12,4,12,4,12,4,11,4,11,3,11,3,11,3,12,2,12,2,12,2,11,2,11,2,12,1,12,1,12,2,12,2,12,2,12,3,11,3,11,3,10,4,9,4,9,4,9,4,8,4,2,1,0,0,0,0,0,0,0,0,0,0,0,0,0,0,0,0,0,0,2,0,9,2,9,3,9,3,9,4,9,4,9,5,9,5,9,5,9,6,9,6,9,6,9,6,9,6,9,6,9,6,9,6,9,5,9,5,10,5,10,5,10,5,10,4,11,4,11,4,12,5,13,4,12,8,43,26,42,25,42,25,42,24,41,23,41,22,41,21,41,20,42,19,42,17,43,16,43,15,44,15,44,16,44,16,44,17,43,18,42,19,42,20,40,21,38,21,35,21,34,22,32,23,30,24,28,24,22,31,19,32,3,5,0,1,-1,-1,-2,-1,-1,-1,1,0,5,2,31,14,30,17,32,16,31,18,30,21,30,22,30,24,30,26,30,28,30,29,30,30,30,30,31,31,31,31,30,31,30,31,30,30,31,30,30,29,31,28,33,27,34,27,35,26,36,25,38,24,40,24,42,25,44,25]"
CSI_DATA,291,5c:01:3b:6b:b0:95,-42,11,1,6,0,1,1,1,0,0,0,-97,1,11,0,23065806,0,86,1,256,1,"[86,-32,4,0,8,-25,8,-25,7,-24,7,-24,6,-24,6,-23,5,-23,5,-23,4,-24,3,-24,2,-24,2,-24,2,-24,3,-24,3,-25,4,-25,4,-24,5,-24,5,-23,6,-22,7,-21,7,-20,7,-19,8,-19,9,-18,2,-5,0,0,0,0,0,0,0,0,0,0,0,0,0,0,0,0,0,0,1,-5,6,-17,7,-18,7,-18,8,-18,9,-18,10,-18,11,-18,12,-18,13,-18,13,-18,13,-18,13,-18,12,-18,12,-18,12,-18,12,-18,12,-19,11,-19,10,-20,10,-20,9,-21,9,-21,9,-22,8,-23,9,-24,9,-24,7,-13,23,-43,23,-43,23,-42,23,-42,22,-41,21,-41,20,-41,19,-41,17,-41,15,-42,13,-43,12,-44,12,-44,13,-45,13,-44,14,-44,15,-43,15,-42,17,-41,18,-40,19,-38,19,-36,19,-35,20,-34,20,-32,21,-30,28,-23,29,-21,5,-4,1,-1,-1,0,-1,0,-1,0,0,-2,2,-6,16,-30,17,-29,16,-31,18,-30,21,-30,22,-29,24,-29,26,-29,27,-28,28,-28,29,-28,28,-28,29,-30,29,-30,29,-30,29,-30,29,-30,29,-30,28,-31,27,-31,27,-32,26,-33,26,-34,25,-36,23,-38,22,-40,22,-42,22,-43]"
CSI_DATA,292,5c:01:3b:6b:b0:95,-41,11,1,5,0,1,1,1,0,0,0,-97,1,11,0,23119519,0,86,1,256,1,"[86,-32,4,0,26,-4,26,-4,25,-4,24,-4,24,-5,24,-5,23,-6,23,-7,23,-8,23,-8,22,-9,22,-9,23,-9,23,-9,24,-8,24,-8,24,-7,23,-7,23,-6,23,-5,22,-3,21,-2,21,-2,20,-1,20,0,5,0,0,0,0,0,0,0,0,0,0,0,0,0,0,0,0,0,0,0,4,-1,18,-3,18,-2,19,-1,19,-1,20,0,21,1,21,1,21,2,21,2,22,3,22,2,22,3,22,3,21,3,21,2,22,2,22,1,22,1,22,0,22,0,22,-1,23,-1,23,-2,24,-3,25,-3,26,-4,15,-1,50,-3,50,-3,49,-4,48,-4,47,-5,47,-6,46,-7,46,-8,45,-9,45,-11,45,-12,44,-13,45,-14,46,-13,46,-13,46,-12,46,-11,46,-11,46,-9,45,-7,44,-5,42,-4,41,-2,40,-1,38,1,37,3,36,8,35,10,6,2,1,0,-1,-1,-2,0,-1,-1,1,-1,5,-2,33,-6,33,-4,34,-3,35,-1,36,1,37,3,38,4,39,6,40,7,40,8,40,9,40,9,41,9,42,9,42,9,42,9,42,8,42,8,42,7,42,6,42,4,43,3,44,2,45,0,45,-1,46,-2,48,-3,49,-3]"
CSI_DATA,293,5c:01:3b:6b:b0:95,-38,11,1,6,0,1,1,1,0,0,0,-97,1,11,0,23169829,0,86,1,256,1,"[86,-32,4,0,-14,3,-13,3,-13,4,-13,4,-12,4,-12,4,-12,5,-12,5,-12,5,-12,5,-11,5,-11,5,-11,6,-12,6,-12,6,-12,6,-12,6,-12,5,-11,5,-11,4,-11,3,-11,3,-11,2,-11,2,-11,1,-3,0,0,0,0,0,0,0,0,0,0,0,0,0,0,0,0,0,0,0,-3,0,-10,2,-10,2,-10,1,-10,1,-11,1,-11,1,-11,1,-12,1,-12,0,-12,0,-12,0,-12,-1,-12,-1,-12,0,-12,0,-12,0,-12,1,-12,1,-12,1,-12,2,-12,2,-12,2,-12,2,-13,3,-13,3,-14,3,-16,2,-51,7,-51,7,-51,7,-50,7,-49,8,-48,9,-47,10,-46,10,-45,11,-45,12,-45,14,-45,15,-45,16,-45,17,-45,16,-45,15,-45,14,-45,13,-45,12,-44,10,-43,8,-42,7,-42,5,-41,4,-40,2,-39,0,-37,-8,-36,-10,-7,-2,-2,-1,0,-1,1,-1,0,-1,-2,0,-6,1,-34,6,-34,4,-36,5,-37,3,-38,1,-39,0,-40,-1,-41,-2,-42,-3,-43,-5,-43,-6,-43,-6,-44,-6,-45,-6,-45,-6,-45,-6,-45,-6,-45,-5,-44,-4,-44,-2,-44,-1,-45,0,-46,1,-47,3,-47,4,-48,5,-50,6,-50,6]"
CSI_DATA,294,5c:01:3b:6b:b0:95,-37,11,1,6,0,1,1,1,0,0,0,-97,1,11,0,23221854,0,86,1,256,1,"[86,-32,4,0,13,2,13,2,13,2,12,1,12,1,12,1,12,1,12,0,12,0,12,0,12,0,12,0,12,-1,12,-1,13,-1,12,-1,12,0,12,0,12,0,11,1,11,1,10,2,10,2,9,2,9,3,2,0,0,0,0,0,0,0,0,0,0,0,0,0,0,0,0,0,0,0,2,0,9,1,9,1,9,2,10,2,10,3,10,3,10,3,10,4,10,4,10,4,10,5,10,5,10,5,10,5,10,5,10,4,10,4,10,3,10,3,11,3,11,3,12,3,12,3,12,3,13,3,14,2,15,2,52,9,51,9,50,9,50,8,49,7,48,6,48,5,47,4,47,2,47,0,47,-1,47,-2,48,-2,48,-2,48,-2,48,-1,48,0,48,0,48,2,46,4,44,5,42,6,40,7,39,8,37,10,36,11,34,14,33,15,5,2,1,0,-1,-1,-2,-1,-1,-1,1,-1,6,-1,35,-1,35,1,35,4,36,7,36,9,37,11,38,13,39,15,39,17,40,18,40,19,40,19,40,19,40,19,40,19,40,19,40,19,41,18,41,18,41,16,42,15,43,14,44,13,45,11,46,10,48,10,49,10,50,10]"
CSI_DATA,295,5c:01:3b:6b:b0:95,-37,11,1,6,0,1,1,1,0,0,0,-97,1,11,0,23273736,0,86,1,256,1,"[86,-32,4,0,-12,-5,-12,-5,-12,-4,-12,-4,-12,-4,-12,-4,-11,-3,-11,-3,-11,-2,-11,-2,-12,-2,-12,-2,-12,-2,-12,-2,-12,-2,-12,-2,-12,-2,-11,-3,-11,-3,-11,-3,-10,-4,-10,-4,-9,-4,-9,-4,-9,-4,-3,-1,0,0,0,0,0,0,0,0,0,0,0,0,0,0,0,0,0,0,-2,-1,-8,-3,-9,-4,-9,-4,-9,-5,-9,-5,-9,-6,-9,-6,-9,-6,-9,-6,-9,-6,-9,-6,-9,-7,-9,-7,-9,-7,-9,-7,-9,-6,-9,-6,-10,-6,-10,-6,-10,-6,-11,-6,-11,-5,-11,-5,-11,-5,-12,-5,-12,-5,-14,-7,-43,-21,-43,-21,-42,-21,-42,-20,-41,-19,-41,-18,-41,-17,-40,-16,-41,-15,-41,-13,-42,-12,-42,-11,-43,-11,-43,-10,-42,-10,-42,-11,-42,-11,-42,-12,-41,-14,-40,-15,-38,-16,-36,-17,-34,-17,-33,-17,-32,-18,-30,-19,-26,-23,-23,-24,-4,-5,-2,-2,0,0,0,0,0,0,-2,-1,-6,-3,-29,-14,-29,-16,-30,-15,-30,-17,-30,-19,-30,-21,-30,-23,-30,-24,-30,-26,-30,-27,-30,-28,-30,-28,-30,-28,-30,-28,-30,-28,-30,-28,-31,-28,-32,-28,-32,-26,-33,-25,-33,-25,-34,-24,-35,-24,-36,-23,-37,-22,-39,-21,-41,-21,-41,-21]"
CSI_DATA,296,5c:01:3b:6b:b0:95,-37,11,1,6,0,1,1,1,0,0,0,-97,1,11,0,23326794,0,86,1,256,1,"[86,-32,4,0,0,22,0,22,1,21,1,21,1,20,2,20,2,20,2,19,3,19,3,19,4,19,4,20,4,20,4,19,4,20,3,20,3,20,2,19,1,19,1,19,0,18,-1,17,-1,17,-2,16,-3,16,-1,4,0,0,0,0,0,0,0,0,0,0,0,0,0,0,0,0,0,0,0,3,0,15,-1,16,-1,17,-2,17,-2,17,-3,17,-4,18,-4,18,-5,18,-5,18,-6,19,-6,19,-5,19,-5,19,-5,19,-5,19,-4,19,-4,18,-3,19,-2,19,-2,20,-2,20,-1,20,-1,21,-1,22,0,22,-3,12,-6,42,-6,41,-6,41,-6,40,-5,39,-4,38,-3,38,-3,38,-1,37,0,37,2,37,2,37,2,38,2,38,2,38,1,38,1,38,0,38,-1,37,-2,36,-4,35,-5,33,-6,33,-6,32,-8,30,-9,29,-15,27,-16,25,-3,4,-2,1,0,-1,0,-1,0,-1,-1,1,-1,5,-2,29,-4,29,-3,29,-5,30,-7,30,-9,31,-10,32,-11,32,-13,32,-14,33,-14,33,-14,33,-14,34,-14,34,-14,34,-15,34,-15,34,-14,34,-13,34,-12,34,-12,35,-11,35,-10,36,-9,37,-7,38,-6,40,-6,41,-5,42]"
CSI_DATA,297,5c:01:3b:6b:b0:95,-37,11,1,6,0,1,1,1,0,0,0,-97,1,11,0,23377867,0,86,1,256,1,"[86,-32,4,0,11,-6,11,-6,11,-5,11,-6,10,-6,10,-6,10,-6,10,-6,9,-7,9,-7,9,-7,9,-7,9,-7,9,-7,9,-7,10,-7,10,-7,10,-6,10,-6,10,-5,9,-5,9,-4,9,-4,9,-4,9,-3,2,-1,0,0,0,0,0,0,0,0,0,0,0,0,0,0,0,0,0,0,1,-2,8,-5,8,-4,8,-4,9,-4,9,-3,9,-3,10,-3,10,-3,10,-3,10,-2,11,-2,11,-2,10,-2,10,-2,10,-2,10,-3,10,-3,10,-3,10,-3,10,-3,10,-4,10,-4,10,-5,11,-5,11,-5,12,-6,14,-5,46,-14,46,-14,45,-13,45,-13,43,-14,43,-15,42,-15,41,-16,40,-17,39,-18,39,-20,39,-21,39,-21,39,-21,39,-20,39,-20,39,-19,39,-18,40,-16,39,-14,39,-13,37,-12,36,-10,35,-8,35,-6,34,-4,34,4,33,6,5,1,1,0,-1,-1,-1,0,-1,0,1,-1,5,-3,30,-11,31,-9,31,-11,32,-9,34,-8,35,-6,36,-5,37,-4,38,-2,39,-2,39,-1,39,-1,40,-1,41,-1,41,-1,41,-1,41,-2,41,-2,40,-2,40,-3,40,-4,41,-6,41,-8,42,-9,42,-11,43,-12,45,-13,46,-14]"
CSI_DATA,298,5c:01:3b:6b:b0:95,-37,11,1,6,0,1,1,1,0,0,0,-97,1,11,0,23429673,0,86,1,256,1,"[86,-32,4,0,-15,17,-14,17,-14,17,-13,17,-13,17,-12,17,-12,17,-11,17,-11,17,-10,18,-10,18,-10,18,-10,18,-11,18,-11,18,-11,18,-12,18,-12,17,-12,16,-12,15,-12,14,-12,13,-12,12,-13,12,-13,11,-4,2,0,0,0,0,0,0,0,0,0,0,0,0,0,0,0,0,0,0,-3,3,-10,13,-10,13,-11,13,-12,12,-13,12,-14,12,-15,13,-16,12,-16,12,-16,12,-16,12,-17,13,-16,12,-16,12,-16,12,-16,12,-16,13,-15,13,-14,13,-14,13,-14,14,-14,15,-14,15,-14,16,-15,17,-15,18,-10,8,-32,29,-32,29,-32,29,-31,29,-30,28,-29,28,-28,28,-27,29,-26,30,-25,30,-24,31,-24,31,-24,32,-24,32,-24,32,-24,32,-25,31,-25,30,-26,29,-27,27,-27,25,-27,23,-27,22,-27,21,-27,19,-27,17,-29,11,-30,9,-6,1,-2,0,0,-1,0,-1,0,-1,-2,1,-4,4,-21,22,-22,20,-22,21,-23,21,-25,20,-26,20,-28,19,-29,19,-30,18,-31,18,-32,18,-33,17,-33,18,-34,18,-34,18,-34,18,-34,18,-33,18,-32,19,-31,19,-31,21,-31,22,-31,23,-31,25,-31,26,-31,27,-31,28,-32,29]"
CSI_DATA,299,5c:01:3b:6b:b0:95,-41,11,1,7,0,1,1,1,0,0,0,-97,1,11,0,23482501,0,86,1,256,1,"[86,-32,4,0,-6,25,-5,25,-5,25,-4,24,-4,24,-3,24,-3,23,-2,23,-2,23,-2,23,-1,23,-1,23,-1,24,-1,24,-1,24,-1,24,-2,24,-3,23,-4,23,-4,22,-5,21,-6,20,-7,19,-7,19,-8,18,-2,4,0,0,0,0,0,0,0,0,0,0,0,0,0,0,0,0,0,0,-1,4,-4,17,-4,17,-5,18,-5,18,-6,19,-7,19,-8,19,-9,19,-9,19,-10,19,-11,20,-11,20,-10,20,-10,20,-10,20,-9,20,-9,20,-8,20,-8,21,-7,22,-7,22,-6,23,-6,23,-6,24,-6,25,-6,25,-4,15,-12,49,-12,49,-12,48,-12,47,-11,47,-10,46,-9,45,-8,45,-6,45,-5,45,-4,45,-3,45,-3,46,-3,46,-3,46,-3,46,-4,46,-5,45,-6,45,-8,43,-9,42,-11,40,-12,39,-13,37,-14,35,-15,34,-19,31,-21,29,-4,5,-2,1,0,-1,-1,-2,0,-1,-1,1,-1,5,-4,33,-5,33,-7,33,-9,33,-11,34,-12,35,-14,36,-15,36,-17,36,-18,36,-19,36,-20,36,-21,37,-21,37,-21,37,-21,38,-20,38,-20,38,-19,38,-18,39,-17,40,-16,41,-16,42,-15,43,-14,44,-13,45,-12,47,-12,48]"
CSI_DATA,300,5c:01:3b:6b:b0:95,-41,11,1,7,0,1,1,1,0,0,0,-97,1,11,0,23533803,0,86,1,256,1,"[86,-32,4,0,-27,-4,-27,-5,-27,-4,-26,-3,-26,-2,-26,-2,-25,-1,-25,0,-25,0,-25,0,-25,0,-25,1,-26,1,-26,2,-26,2,-26,1,-25,1,-25,0,-25,0,-24,-1,-23,-2,-22,-4,-22,-4,-21,-5,-20,-5,-5,-2,0,0,0,0,0,0,0,0,0,0,0,0,0,0,0,0,0,0,-5,-1,-18,-4,-19,-5,-19,-6,-19,-7,-20,-7,-20,-8,-20,-8,-21,-8,-21,-9,-21,-10,-21,-11,-21,-11,-20,-11,-20,-11,-21,-10,-22,-9,-22,-9,-22,-8,-22,-8,-23,-7,-24,-6,-24,-6,-25,-6,-26,-6,-27,-6,-27,-5,-17,-1,-53,-3,-53,-3,-52,-3,-52,-2,-50,-1,-49,0,-49,0,-48,1,-48,3,-48,4,-48,6,-48,7,-48,7,-49,8,-49,8,-49,7,-49,6,-48,5,-48,4,-47,3,-46,1,-45,-1,-43,-2,-42,-4,-40,-5,-39,-7,-38,-7,-37,-9,-7,-2,-2,-1,0,-1,0,-1,0,-1,-2,0,-6,1,-33,6,-34,3,-35,-3,-36,-5,-37,-7,-37,-9,-38,-10,-39,-12,-40,-13,-41,-14,-41,-16,-41,-16,-42,-16,-42,-16,-42,-16,-42,-16,-42,-15,-43,-14,-43,-13,-43,-12,-44,-11,-45,-10,-45,-9,-47,-7,-48,-6,-49,-6,-51,-5,-52,-5]"
CSI_DATA,301,5c:01:3b:6b:b0:95,-37,11,1,7,0,1,1,1,0,0,0,-97,1,11,0,23585748,0,86,1,256,1,"[86,-32,4,0,5,-12,5,-12,5,-12,5,-12,4,-12,4,-12,4,-12,3,-12,3,-12,3,-12,3,-12,3,-12,2,-12,2,-12,3,-12,3,-12,3,-12,3,-12,4,-11,4,-11,4,-10,4,-10,5,-9,5,-9,5,-9,1,-3,0,0,0,0,0,0,0,0,0,0,0,0,0,0,0,0,0,0,0,-2,3,-8,3,-8,4,-8,4,-8,4,-8,5,-8,5,-9,6,-9,6,-9,6,-8,7,-9,7,-9,6,-9,6,-9,6,-9,6,-9,6,-9,6,-9,6,-10,5,-10,5,-10,5,-11,5,-11,5,-11,6,-12,6,-12,5,-15,18,-46,18,-46,18,-46,18,-46,18,-45,17,-44,16,-44,15,-43,14,-43,12,-44,10,-45,10,-46,9,-46,9,-46,9,-46,10,-46,11,-45,12,-44,14,-43,15,-42,16,-40,16,-38,17,-37,17,-35,18,-33,19,-32,21,-29,23,-28,4,-5,1,-2,-1,0,-1,0,-1,0,0,-2,1,-6,7,-30,8,-29,11,-30,13,-30,15,-31,16,-31,18,-31,19,-31,21,-31,23,-30,24,-31,24,-31,25,-32,25,-33,25,-33,24,-33,24,-33,24,-34,23,-34,22,-35,22,-36,22,-37,21,-38,21,-40,20,-41,20,-42,20,-44,20,-45]"
CSI_DATA,302,5c:01:3b:6b:b0:95,-37,11,1,6,0,1,1,1,0,0,0,-97,1,11,0,23639812,0,86,1,256,1,"[86,-32,4,0,13,2,13,2,12,2,12,2,12,2,12,1,12,1,12,1,12,0,12,0,12,0,12,0,12,0,12,-1,12,-1,13,0,12,0,12,0,11,1,11,1,11,2,10,2,10,2,9,2,9,3,2,0,0,0,0,0,0,0,0,0,0,0,0,0,0,0,0,0,0,0,2,0,8,2,8,2,8,2,8,3,8,3,9,3,9,4,9,4,9,4,9,5,9,5,9,5,9,5,9,5,9,5,9,4,10,4,10,4,10,4,10,4,11,3,11,3,11,3,12,3,12,3,13,3,14,5,46,18,46,18,45,17,45,17,44,16,45,15,44,14,44,13,44,11,44,9,45,7,45,7,46,7,46,8,46,8,46,8,46,9,45,10,45,11,43,12,41,13,39,14,37,14,36,15,34,16,32,18,27,25,25,26,4,4,0,1,-1,-1,-1,-1,-1,-1,1,0,4,1,27,12,27,14,29,12,28,14,28,16,28,18,29,19,29,21,29,23,29,24,29,24,29,24,30,24,31,24,31,25,32,25,32,25,33,25,33,24,34,22,35,22,37,21,38,20,39,19,40,18,42,18,44,18,46,18]"
CSI_DATA,303,5c:01:3b:6b:b0:95,-41,11,1,6,0,1,1,1,0,0,0,-97,1,11,0,23691603,0,86,1,256,1,"[86,-32,4,0,23,-12,23,-12,22,-13,22,-12,21,-13,21,-13,20,-14,20,-14,20,-15,19,-16,19,-16,19,-16,19,-16,20,-17,20,-16,20,-16,21,-15,21,-15,21,-14,21,-13,20,-11,20,-10,19,-9,19,-8,19,-7,5,-2,0,0,0,0,0,0,0,0,0,0,0,0,0,0,0,0,0,0,3,-2,15,-7,16,-7,16,-6,17,-6,18,-5,18,-5,19,-5,20,-5,20,-4,20,-4,21,-4,21,-4,20,-4,20,-4,20,-4,21,-5,21,-5,21,-6,20,-7,20,-7,21,-8,21,-9,21,-10,22,-10,23,-11,24,-12,14,-7,46,-21,46,-21,45,-21,45,-21,44,-21,43,-22,42,-23,41,-24,40,-25,39,-26,39,-28,38,-29,39,-29,40,-29,40,-29,40,-28,41,-27,41,-26,42,-24,42,-22,41,-20,40,-18,39,-17,39,-15,38,-13,38,-11,38,-5,38,-2,6,-1,1,0,-1,0,-1,0,-1,0,1,-1,4,-3,26,-15,27,-14,29,-12,31,-11,32,-10,33,-9,35,-8,36,-7,37,-6,38,-5,38,-4,39,-4,40,-5,40,-6,40,-6,40,-6,41,-6,41,-7,40,-7,40,-9,41,-10,41,-12,41,-13,42,-15,42,-17,43,-18,44,-19,45,-20]"
CSI_DATA,304,5c:01:3b:6b:b0:95,-38,11,1,6,0,1,1,1,0,0,0,-97,1,11,0,23743762,0,86,1,256,1,"[86,-32,4,0,-9,10,-8,11,-8,11,-8,10,-8,10,-7,10,-7,10,-7,11,-7,11,-6,11,-6,11,-6,11,-6,11,-6,11,-6,12,-7,11,-7,11,-7,11,-7,10,-8,10,-8,9,-8,8,-8,8,-8,7,-8,7,-2,1,0,0,0,0,0,0,0,0,0,0,0,0,0,0,0,0,0,0,-2,1,-6,6,-6,6,-7,6,-7,6,-8,6,-8,6,-9,6,-9,6,-9,6,-9,6,-10,6,-10,7,-9,6,-9,6,-9,6,-10,6,-9,7,-9,7,-9,7,-9,8,-8,8,-8,8,-8,9,-8,9,-9,10,-9,11,-13,10,-38,36,-38,36,-37,36,-37,35,-36,35,-34,36,-33,36,-32,36,-31,37,-29,38,-28,39,-28,40,-29,41,-29,41,-29,41,-29,40,-30,39,-30,38,-32,37,-32,34,-33,32,-33,30,-33,29,-33,27,-33,25,-34,23,-38,16,-39,14,-7,2,-3,0,0,-1,0,-1,0,-1,-2,1,-5,3,-24,22,-25,21,-25,22,-27,21,-28,21,-30,20,-32,20,-34,19,-35,19,-36,18,-37,18,-37,18,-38,19,-38,20,-38,19,-39,20,-39,20,-39,20,-38,21,-37,22,-36,24,-37,25,-36,27,-36,29,-36,31,-36,32,-36,34,-37,35]"
CSI_DATA,305,5c:01:3b:6b:b0:95,-42,11,1,7,0,1,1,1,0,0,0,-97,1,11,0,23793848,0,86,1,256,1,"[86,-32,4,0,-19,13,-19,14,-18,14,-18,14,-17,14,-17,14,-16,14,-16,15,-16,15,-16,15,-15,15,-15,16,-15,16,-15,17,-16,17,-16,16,-17,16,-17,16,-17,15,-17,13,-17,12,-17,11,-17,10,-17,9,-17,8,-5,2,0,0,0,0,0,0,0,0,0,0,0,0,0,0,0,0,0,0,-4,2,-14,8,-14,8,-15,8,-16,7,-16,7,-17,7,-18,7,-18,6,-19,6,-19,5,-20,5,-20,5,-19,6,-19,6,-19,6,-19,6,-19,7,-18,8,-18,8,-18,9,-18,10,-18,10,-19,11,-19,11,-19,12,-19,13,-10,9,-31,30,-31,31,-31,31,-30,31,-30,31,-29,31,-28,31,-27,31,-26,32,-25,33,-24,34,-23,34,-23,35,-23,36,-23,36,-24,36,-25,35,-26,34,-27,33,-28,31,-28,29,-29,28,-28,26,-28,25,-29,23,-29,21,-27,23,-28,21,-6,3,-2,0,0,-1,0,-1,0,-1,-1,1,-3,4,-14,26,-15,24,-21,19,-23,19,-24,19,-26,18,-27,18,-29,17,-30,17,-31,16,-32,15,-33,15,-34,15,-34,16,-33,16,-33,17,-33,17,-33,18,-32,19,-31,19,-31,21,-31,22,-31,23,-31,25,-31,26,-31,27,-31,28,-31,29]"
CSI_DATA,306,5c:01:3b:6b:b0:95,-36,11,1,6,0,1,1,1,0,0,0,-97,1,11,0,23858188,0,86,1,256,1,"[86,-32,4,0,5,-13,4,-13,4,-13,4,-12,4,-12,3,-12,3,-12,3,-12,2,-13,2,-13,2,-13,1,-13,2,-13,2,-13,2,-13,2,-13,3,-13,3,-13,3,-12,4,-12,4,-11,4,-11,4,-10,4,-10,5,-10,1,-3,0,0,0,0,0,0,0,0,0,0,0,0,0,0,0,0,0,0,0,-2,3,-8,4,-9,4,-9,4,-9,5,-9,5,-9,6,-9,6,-9,6,-9,7,-9,7,-9,7,-9,7,-9,7,-9,7,-9,6,-9,6,-10,6,-10,6,-10,6,-10,5,-10,5,-11,5,-11,5,-11,5,-12,6,-13,5,-15,18,-47,18,-47,18,-47,18,-46,18,-46,17,-46,15,-46,13,-46,12,-46,10,-47,8,-47,7,-48,7,-49,7,-49,8,-49,8,-49,9,-49,10,-48,12,-47,13,-45,14,-44,15,-42,16,-41,17,-39,18,-37,19,-35,21,-32,22,-30,4,-6,1,-2,-1,0,-1,0,-1,0,0,-2,1,-6,8,-32,10,-31,13,-31,15,-31,18,-32,19,-32,21,-32,22,-32,24,-32,25,-32,26,-32,26,-32,27,-33,27,-33,27,-33,27,-33,27,-34,27,-35,25,-35,24,-36,24,-37,23,-38,23,-39,22,-40,21,-41,20,-43,20,-45,20,-46]"
CSI_DATA,307,5c:01:3b:6b:b0:95,-35,11,1,6,0,1,1,1,0,0,0,-97,1,11,0,23900186,0,86,1,256,1,"[86,-32,4,0,-7,12,-7,12,-6,12,-6,12,-5,12,-5,12,-5,12,-5,12,-4,12,-4,12,-3,12,-3,13,-3,13,-4,13,-4,13,-4,13,-4,13,-5,13,-5,12,-5,12,-6,11,-6,10,-6,10,-6,10,-7,9,-2,2,0,0,0,0,0,0,0,0,0,0,0,0,0,0,0,0,0,0,-1,2,-4,8,-5,8,-5,8,-6,9,-6,9,-7,9,-7,9,-8,9,-8,9,-8,9,-9,9,-9,9,-8,9,-8,9,-8,9,-8,9,-8,9,-8,9,-7,10,-7,10,-7,10,-7,11,-6,11,-6,11,-6,12,-6,13,-11,13,-32,46,-31,45,-30,44,-29,43,-28,42,-27,43,-26,43,-25,43,-23,44,-22,44,-20,45,-20,46,-19,47,-20,48,-20,48,-20,48,-21,47,-22,46,-23,45,-25,43,-25,41,-26,39,-26,37,-27,36,-28,33,-29,31,-34,24,-35,22,-7,3,-2,0,0,-1,0,-1,0,-1,-1,1,-4,5,-18,30,-19,29,-19,30,-22,30,-24,29,-27,29,-28,30,-30,29,-32,29,-33,29,-34,29,-35,29,-35,30,-36,30,-35,30,-35,30,-36,30,-36,31,-35,31,-34,31,-33,33,-32,34,-32,36,-32,38,-30,39,-30,41,-29,43,-29,44]"
CSI_DATA,308,5c:01:3b:6b:b0:95,-34,11,1,6,0,1,1,1,0,0,0,-97,1,11,0,23953681,0,86,1,256,1,"[86,-32,4,0,-14,-4,-14,-4,-13,-3,-13,-3,-13,-3,-13,-3,-13,-2,-13,-2,-13,-1,-13,-1,-13,-1,-13,-1,-13,-1,-13,-1,-13,-1,-13,-1,-13,-1,-13,-2,-13,-2,-12,-2,-12,-3,-11,-3,-11,-4,-11,-4,-10,-4,-3,-1,0,0,0,0,0,0,0,0,0,0,0,0,0,0,0,0,0,0,-3,-1,-9,-3,-9,-3,-10,-4,-10,-4,-10,-5,-10,-5,-10,-5,-10,-5,-10,-6,-10,-6,-11,-7,-10,-7,-10,-7,-10,-7,-10,-6,-11,-6,-11,-6,-11,-5,-11,-5,-11,-5,-11,-5,-12,-5,-12,-5,-13,-5,-13,-4,-13,-4,-16,-5,-51,-14,-51,-14,-50,-13,-50,-13,-48,-12,-48,-10,-48,-9,-48,-8,-48,-6,-48,-5,-48,-3,-49,-2,-49,-1,-50,-1,-50,-1,-50,-2,-50,-3,-50,-4,-49,-6,-48,-7,-46,-9,-44,-10,-43,-11,-42,-11,-40,-13,-38,-14,-36,-16,-34,-17,-6,-4,-2,-2,0,-1,0,-1,0,0,-2,0,-6,-1,-34,-2,-34,-5,-35,-9,-35,-11,-36,-14,-36,-15,-37,-17,-37,-19,-38,-21,-38,-22,-38,-23,-38,-24,-39,-24,-39,-23,-39,-23,-39,-23,-40,-23,-40,-24,-40,-23,-41,-21,-41,-20,-42,-19,-43,-17,-45,-16,-46,-15,-47,-15,-48,-15,-49,-15]"
CSI_DATA,309,5c:01:3b:6b:b0:95,-32,11,1,5,0,1,1,1,0,0,0,-97,1,11,0,24008166,0,86,1,256,1,"[86,-32,4,0,12,-4,12,-4,12,-5,12,-5,11,-5,11,-5,11,-5,11,-6,11,-6,10,-6,10,-6,10,-6,10,-7,11,-7,11,-7,11,-7,11,-6,11,-6,11,-6,11,-5,10,-4,10,-4,10,-3,10,-3,10,-3,2,-1,0,0,0,0,0,0,0,0,0,0,0,0,0,0,0,0,0,0,2,-1,8,-3,9,-3,9,-3,9,-2,10,-2,10,-2,10,-2,11,-1,11,-1,11,-1,11,0,11,0,11,0,11,0,11,-1,11,-1,11,-1,11,-2,11,-2,11,-2,11,-2,11,-3,11,-3,12,-3,13,-4,13,-4,15,-3,49,-11,49,-11,48,-11,47,-12,46,-13,46,-13,45,-14,44,-15,43,-17,43,-18,42,-20,42,-21,42,-22,43,-22,43,-22,43,-21,44,-20,44,-19,44,-18,43,-16,43,-14,41,-12,40,-11,39,-9,38,-7,38,-5,38,2,37,4,6,0,1,0,-1,-1,-2,0,-1,0,1,-1,5,-3,31,-11,32,-9,33,-9,34,-8,36,-6,37,-5,38,-3,40,-1,41,0,42,1,42,2,42,3,43,3,43,2,43,2,44,2,44,2,44,1,43,0,43,-1,44,-2,44,-3,45,-4,46,-6,45,-7,46,-9,48,-10,49,-10]"
CSI_DATA,310,5c:01:3b:6b:b0:95,-32,11,1,6,0,1,1,1,0,0,0,-97,1,11,0,24053764,0,86,1,256,1,"[86,-32,4,0,-9,-11,-9,-10,-9,-10,-9,-10,-9,-10,-9,-9,-9,-9,-9,-8,-9,-8,-10,-8,-10,-8,-10,-8,-10,-8,-10,-8,-10,-8,-10,-8,-10,-8,-9,-8,-9,-8,-8,-9,-8,-9,-7,-8,-7,-8,-7,-8,-6,-9,-2,-3,0,0,0,0,0,0,0,0,0,0,0,0,0,0,0,0,0,0,-2,-2,-6,-7,-6,-8,-6,-8,-6,-9,-6,-9,-5,-9,-5,-10,-5,-10,-5,-10,-5,-10,-5,-11,-5,-11,-5,-11,-5,-11,-5,-11,-5,-10,-5,-10,-6,-10,-6,-10,-6,-10,-7,-10,-7,-10,-7,-10,-8,-10,-8,-11,-8,-11,-10,-13,-31,-40,-30,-40,-30,-39,-30,-38,-29,-37,-30,-36,-30,-35,-31,-34,-32,-32,-33,-32,-34,-31,-35,-30,-36,-30,-36,-30,-36,-29,-36,-30,-35,-31,-34,-31,-33,-32,-32,-32,-29,-33,-27,-32,-26,-32,-24,-32,-22,-32,-20,-32,-15,-33,-13,-33,-2,-6,-1,-2,0,0,0,0,0,0,-2,-1,-5,-4,-22,-22,-22,-24,-22,-26,-21,-28,-20,-30,-20,-32,-19,-33,-19,-35,-18,-37,-17,-38,-17,-38,-16,-39,-16,-39,-16,-40,-15,-40,-15,-40,-16,-40,-17,-40,-18,-39,-19,-38,-19,-39,-21,-39,-22,-38,-23,-38,-25,-38,-26,-39,-28,-40,-29,-40]"
CSI_DATA,311,5c:01:3b:6b:b0:95,-32,11,1,6,0,1,1,1,0,0,0,-97,1,11,0,24105727,0,86,1,256,1,"[86,-32,4,0,18,17,18,16,18,16,18,15,18,15,18,14,18,13,18,12,18,12,19,11,19,11,19,11,20,11,20,11,20,12,20,12,19,12,19,13,18,13,17,13,16,14,14,14,14,14,13,14,12,14,3,3,0,0,0,0,0,0,0,0,0,0,0,0,0,0,0,0,0,0,3,2,13,9,13,10,13,12,13,13,13,14,13,14,12,15,12,16,12,16,11,17,11,17,12,18,12,18,12,18,12,18,12,17,12,17,13,16,13,17,14,17,15,17,15,16,15,16,16,16,17,17,18,17,9,10,31,34,31,34,30,34,30,33,30,32,30,31,30,30,31,29,32,28,32,26,33,26,34,25,34,25,35,25,35,25,35,26,34,26,34,27,33,27,31,28,29,28,27,28,25,29,23,29,21,29,19,29,14,31,12,31,1,5,0,1,-1,-1,-1,-1,-1,-1,1,0,4,3,22,20,22,21,23,21,22,22,22,25,21,27,20,29,20,31,20,32,19,33,19,34,18,35,18,35,18,36,18,36,18,36,18,35,19,35,20,35,21,34,21,34,22,34,24,34,25,34,26,34,27,34,29,35,30,35]"
CSI_DATA,312,5c:01:3b:6b:b0:95,-32,11,1,6,0,1,1,1,0,0,0,-97,1,11,0,24157774,0,86,1,256,1,"[86,-32,4,0,-25,6,-25,6,-24,7,-23,7,-23,7,-23,7,-22,8,-22,9,-21,9,-21,10,-21,10,-21,10,-21,11,-21,11,-21,11,-22,11,-22,11,-22,10,-21,9,-21,8,-21,6,-21,5,-20,4,-20,4,-20,3,-5,0,0,0,0,0,0,0,0,0,0,0,0,0,0,0,0,0,0,0,-5,1,-17,5,-18,5,-19,4,-20,3,-20,3,-21,2,-21,2,-22,1,-22,1,-22,0,-23,0,-23,-1,-23,-1,-23,-1,-23,-1,-23,0,-23,1,-22,2,-22,2,-23,2,-23,3,-23,4,-24,5,-24,5,-25,5,-25,6,-16,2,-49,9,-48,9,-47,9,-46,9,-45,10,-44,11,-43,12,-43,13,-42,14,-42,15,-41,16,-41,17,-42,18,-42,18,-42,18,-42,18,-42,17,-42,16,-42,15,-42,13,-41,11,-40,9,-39,8,-39,6,-38,4,-37,3,-37,-3,-36,-5,-7,-1,-2,-1,0,-1,0,-1,0,-1,-2,0,-6,2,-29,12,-31,10,-33,8,-34,7,-36,5,-37,4,-38,2,-39,1,-40,0,-41,-1,-42,-3,-42,-3,-43,-3,-43,-3,-43,-4,-43,-3,-43,-3,-44,-3,-43,-2,-43,-1,-43,1,-43,2,-43,4,-44,5,-45,6,-46,7,-47,8,-48,8]"
CSI_DATA,313,5c:01:3b:6b:b0:95,-33,11,1,7,0,1,1,1,0,0,0,-97,1,11,0,24209902,0,86,1,256,1,"[86,-32,4,0,13,2,13,2,12,1,12,1,12,1,12,1,12,1,12,0,12,-1,12,-1,12,-1,12,-2,12,-1,12,-2,12,-1,12,-1,12,-1,12,-1,12,0,11,0,11,1,10,1,10,1,10,1,10,2,2,0,0,0,0,0,0,0,0,0,0,0,0,0,0,0,0,0,0,0,2,0,9,0,9,1,9,1,9,2,10,2,10,2,10,3,10,3,10,4,10,4,11,4,11,4,10,4,10,4,10,4,10,4,11,4,11,3,11,3,11,3,11,3,12,3,12,2,12,2,13,2,14,2,14,5,49,15,48,15,48,14,47,13,46,13,46,12,45,11,45,10,45,8,45,5,46,3,46,2,46,1,47,2,47,2,48,3,47,4,47,5,46,7,45,8,43,10,41,10,40,11,38,11,37,12,35,14,31,22,29,23,4,4,1,1,-1,-1,-2,-1,-1,-1,1,0,5,0,32,6,32,8,34,7,34,9,34,11,35,13,35,15,36,18,36,20,36,21,36,22,36,22,37,22,38,22,38,22,38,22,37,22,38,22,38,21,39,20,39,20,40,19,41,19,42,18,43,16,45,14,47,14,49,15]"
CSI_DATA,314,5c:01:3b:6b:b0:95,-32,11,1,7,0,1,1,1,0,0,0,-97,1,11,0,24261803,0,86,1,256,1,"[86,-32,4,0,-5,-14,-5,-14,-5,-13,-6,-13,-6,-13,-6,-12,-6,-12,-6,-12,-7,-12,-7,-11,-7,-11,-7,-11,-7,-11,-7,-11,-7,-11,-7,-12,-7,-12,-7,-12,-6,-12,-5,-12,-5,-11,-4,-11,-4,-11,-3,-11,-3,-11,-1,-3,0,0,0,0,0,0,0,0,0,0,0,0,0,0,0,0,0,0,-1,-3,-4,-9,-4,-10,-4,-10,-4,-11,-3,-11,-3,-11,-2,-12,-2,-12,-2,-12,-2,-12,-1,-13,-1,-13,-1,-13,-2,-13,-2,-13,-2,-13,-2,-12,-2,-12,-3,-13,-3,-13,-3,-13,-4,-13,-4,-13,-4,-13,-5,-14,-5,-14,-6,-17,-17,-52,-16,-52,-16,-51,-16,-50,-16,-49,-16,-48,-17,-47,-19,-46,-20,-45,-22,-44,-24,-43,-26,-43,-26,-43,-26,-43,-26,-43,-25,-44,-24,-44,-23,-44,-22,-45,-20,-44,-18,-44,-16,-43,-14,-42,-13,-41,-11,-40,-9,-40,-4,-39,-1,-38,0,-7,0,-3,-1,0,0,0,0,0,-1,-2,-4,-6,-16,-32,-15,-33,-14,-35,-12,-36,-10,-38,-9,-40,-8,-42,-7,-43,-5,-44,-4,-44,-3,-46,-3,-46,-3,-47,-3,-47,-3,-47,-3,-47,-3,-47,-4,-47,-5,-47,-6,-47,-6,-47,-7,-48,-9,-48,-10,-48,-12,-48,-14,-49,-15,-51,-16,-52]"
CSI_DATA,315,5c:01:3b:6b:b0:95,-33,11,1,7,0,1,1,1,0,0,0,-97,1,11,0,24314299,0,86,1,256,1,"[86,-32,4,0,-6,-13,-6,-13,-6,-13,-6,-12,-6,-12,-7,-12,-7,-11,-7,-11,-7,-11,-8,-11,-8,-11,-8,-11,-8,-11,-8,-10,-8,-11,-8,-11,-8,-11,-8,-11,-7,-11,-7,-11,-6,-11,-5,-11,-5,-10,-4,-10,-4,-10,-1,-3,0,0,0,0,0,0,0,0,0,0,0,0,0,0,0,0,0,0,-1,-3,-4,-9,-4,-10,-4,-10,-3,-11,-3,-11,-3,-11,-3,-11,-2,-12,-2,-12,-2,-12,-1,-12,-1,-13,-1,-13,-2,-12,-2,-12,-2,-12,-3,-12,-3,-12,-3,-12,-4,-12,-4,-12,-4,-12,-4,-13,-5,-13,-5,-13,-5,-13,-6,-16,-19,-50,-18,-50,-17,-50,-17,-49,-17,-47,-18,-46,-18,-46,-20,-45,-22,-43,-23,-42,-25,-42,-27,-41,-28,-41,-28,-41,-28,-41,-28,-41,-27,-42,-26,-41,-25,-42,-23,-42,-21,-42,-19,-41,-17,-40,-16,-39,-14,-38,-12,-38,-6,-38,-3,-37,-1,-7,-1,-3,-1,0,0,0,0,0,-1,-2,-3,-6,-13,-32,-12,-33,-12,-35,-10,-36,-9,-38,-8,-39,-7,-41,-6,-42,-4,-44,-3,-44,-2,-45,-2,-45,-2,-46,-2,-46,-2,-46,-2,-46,-3,-46,-4,-46,-5,-46,-5,-46,-6,-46,-7,-47,-9,-47,-10,-47,-12,-47,-14,-48,-15,-50,-16,-51]"
CSI_DATA,316,5c:01:3b:6b:b0:95,-33,11,1,7,0,1,1,1,0,0,0,-97,1,11,0,24366704,0,86,1,256,1,"[86,-32,4,0,-9,-35,-9,-34,-9,-33,-10,-33,-10,-32,-11,-32,-11,-31,-12,-30,-13,-30,-14,-29,-15,-29,-15,-29,-15,-29,-15,-29,-15,-29,-15,-30,-14,-30,-13,-30,-11,-29,-10,-29,-9,-29,-8,-28,-7,-28,-5,-27,-4,-27,-1,-7,0,0,0,0,0,0,0,0,0,0,0,0,0,0,0,0,0,0,-2,-6,-7,-23,-6,-25,-5,-26,-5,-28,-4,-28,-2,-28,-2,-29,-1,-30,0,-30,1,-31,1,-31,1,-32,0,-32,0,-32,0,-31,-1,-31,-1,-31,-2,-31,-3,-31,-4,-32,-4,-32,-5,-32,-6,-32,-7,-33,-7,-35,-7,-35,-1,-11,-3,-33,-3,-33,-3,-33,-3,-32,-3,-32,-4,-31,-4,-30,-5,-30,-6,-30,-8,-29,-9,-29,-10,-29,-10,-29,-10,-30,-10,-30,-10,-30,-9,-30,-8,-30,-7,-29,-6,-29,-5,-29,-4,-28,-3,-27,-3,-27,-2,-26,0,-25,6,-24,7,-23,1,-4,0,-2,-1,0,-1,0,-1,0,-1,-2,-1,-4,-2,-23,-1,-23,-3,-23,-2,-24,-1,-25,0,-26,1,-27,2,-27,3,-28,4,-28,5,-28,5,-28,5,-29,5,-29,5,-29,5,-29,5,-29,5,-29,4,-29,3,-29,3,-29,2,-30,2,-30,1,-31,0,-31,-1,-32,-2,-33,-3,-34]"
CSI_DATA,317,5c:01:3b:6b:b0:95,-33,11,1,6,0,1,1,1,0,0,0,-97,1,11,0,24427231,0,86,1,256,1,"[86,-32,4,0,6,22,7,22,7,21,7,21,8,21,8,20,8,19,9,19,9,18,10,18,10,18,10,18,10,19,11,18,11,19,10,19,10,19,9,19,8,19,7,19,6,18,5,18,4,17,4,17,3,17,0,4,0,0,0,0,0,0,0,0,0,0,0,0,0,0,0,0,0,0,1,3,6,14,5,15,4,16,4,17,4,18,3,18,2,18,2,19,1,19,1,20,1,20,1,20,1,20,1,20,1,20,1,20,2,19,2,19,3,20,3,21,4,21,5,21,5,20,6,21,6,22,7,22,4,13,13,43,13,42,13,42,13,41,13,40,14,40,15,38,16,37,17,36,18,35,19,34,20,34,20,35,20,36,20,36,20,36,19,36,19,36,18,37,16,36,14,36,12,35,10,34,9,34,7,33,6,33,3,33,1,32,-1,5,-1,1,-1,-1,-1,-1,-1,-1,0,1,2,4,13,25,13,26,11,28,10,29,9,31,7,32,6,34,5,35,4,36,3,37,3,37,2,37,2,38,2,38,1,38,1,39,2,39,2,39,3,39,4,38,5,39,6,39,7,39,8,39,9,39,11,41,12,42,12,42]"
CSI_DATA,318,5c:01:3b:6b:b0:95,-32,11,1,6,0,1,1,1,0,0,0,-97,1,11,0,24478950,0,86,1,256,1,"[86,-32,4,0,11,-9,10,-9,10,-9,10,-9,9,-9,9,-9,8,-10,8,-10,8,-10,8,-11,7,-11,7,-11,7,-11,7,-11,7,-11,8,-11,8,-11,8,-11,8,-10,8,-10,8,-9,8,-8,8,-8,8,-7,8,-7,2,-2,0,0,0,0,0,0,0,0,0,0,0,0,0,0,0,0,0,0,1,-2,7,-6,8,-6,8,-6,8,-6,9,-6,10,-6,10,-6,10,-5,10,-5,11,-5,11,-5,11,-5,11,-5,11,-5,11,-5,11,-5,11,-6,10,-6,10,-6,10,-7,10,-7,10,-7,10,-8,10,-8,11,-9,11,-9,14,-8,46,-25,46,-25,45,-25,44,-24,43,-25,42,-26,41,-26,39,-28,38,-29,37,-30,36,-32,36,-33,36,-34,36,-34,36,-33,36,-33,37,-32,37,-31,38,-30,38,-28,37,-27,36,-24,36,-23,36,-21,36,-19,36,-17,39,-6,39,-4,6,-1,2,0,-1,-1,-1,0,-1,0,1,-2,5,-4,30,-17,31,-15,31,-18,33,-16,34,-15,36,-14,38,-13,39,-12,41,-11,42,-10,42,-9,43,-9,44,-10,44,-10,44,-10,45,-10,45,-10,45,-10,44,-11,43,-12,44,-13,44,-15,44,-17,44,-19,44,-21,45,-22,46,-24,46,-25]"
CSI_DATA,319,5c:01:3b:6b:b0:95,-33,11,1,7,0,1,1,1,0,0,0,-97,1,11,0,24521861,0,86,1,256,1,"[86,-32,4,0,11,-5,11,-5,11,-6,10,-6,10,-6,10,-6,10,-6,10,-7,9,-7,9,-7,9,-7,9,-7,9,-7,9,-8,9,-8,9,-7,10,-7,10,-7,9,-7,9,-6,9,-5,9,-5,9,-4,9,-4,9,-4,2,-1,0,0,0,0,0,0,0,0,0,0,0,0,0,0,0,0,0,0,1,-1,7,-4,8,-4,8,-4,8,-4,9,-3,9,-3,10,-3,10,-3,10,-2,10,-2,11,-2,11,-2,10,-2,10,-2,10,-2,10,-2,10,-3,10,-3,10,-3,10,-3,10,-4,11,-4,11,-4,11,-4,12,-5,12,-5,13,-7,43,-22,43,-21,42,-21,41,-21,40,-22,39,-23,38,-24,37,-25,36,-26,34,-27,33,-29,32,-30,33,-31,34,-30,34,-30,34,-29,35,-28,35,-28,36,-27,35,-25,35,-24,34,-21,34,-20,33,-18,33,-16,33,-15,34,-13,34,-11,5,-2,1,-1,-1,0,-1,0,-1,0,0,-2,3,-4,22,-21,24,-20,28,-17,30,-15,33,-13,34,-12,35,-12,37,-10,38,-9,38,-8,39,-8,39,-8,40,-9,40,-9,40,-9,41,-9,41,-8,41,-9,41,-9,40,-10,40,-12,40,-13,41,-15,41,-16,40,-18,40,-19,42,-21,43,-22]"
CSI_DATA,320,5c:01:3b:6b:b0:95,-33,11,1,7,0,1,1,1,0,0,0,-97,1,11,0,24574713,0,86,1,256,1,"[86,-32,4,0,10,-7,10,-7,10,-7,10,-7,10,-7,9,-7,9,-8,9,-8,9,-8,8,-8,8,-8,8,-8,8,-8,8,-9,8,-9,9,-9,9,-8,9,-8,9,-8,9,-7,9,-6,9,-6,9,-5,9,-5,8,-4,2,-1,0,0,0,0,0,0,0,0,0,0,0,0,0,0,0,0,0,0,1,-2,7,-6,7,-5,7,-5,8,-5,8,-5,9,-5,9,-4,10,-4,10,-4,10,-4,11,-4,11,-4,10,-3,10,-3,10,-4,10,-4,10,-4,10,-4,10,-5,10,-5,10,-5,10,-6,10,-6,10,-6,11,-6,11,-7,9,-11,33,-33,33,-34,32,-34,32,-34,30,-34,29,-34,28,-34,27,-34,26,-35,25,-35,24,-37,23,-38,22,-38,22,-38,23,-38,23,-37,24,-37,25,-36,26,-35,27,-34,27,-32,27,-30,27,-28,27,-27,28,-25,28,-23,24,-27,25,-25,4,-5,1,-2,-1,0,-1,0,-1,0,0,-2,1,-6,9,-31,11,-31,20,-25,23,-25,24,-25,26,-24,28,-24,29,-24,31,-23,33,-22,34,-22,34,-21,35,-21,35,-21,35,-22,35,-22,35,-22,35,-23,34,-23,33,-23,32,-25,33,-26,33,-27,33,-28,32,-30,32,-31,33,-31,34,-33]"
CSI_DATA,321,5c:01:3b:6b:b0:95,-33,11,1,7,0,1,1,1,0,0,0,-97,1,11,0,24625745,0,86,1,256,1,"[86,-32,4,0,-6,-12,-6,-12,-6,-11,-6,-11,-6,-11,-6,-11,-6,-11,-6,-10,-7,-10,-7,-10,-7,-10,-7,-10,-7,-10,-7,-10,-7,-10,-7,-10,-7,-10,-6,-10,-6,-10,-6,-10,-5,-10,-5,-10,-4,-10,-4,-10,-3,-10,-1,-3,0,0,0,0,0,0,0,0,0,0,0,0,0,0,0,0,0,0,-2,-2,-5,-8,-5,-9,-4,-9,-4,-9,-4,-10,-4,-10,-3,-10,-3,-11,-3,-11,-3,-11,-2,-11,-2,-12,-3,-11,-3,-11,-3,-11,-3,-11,-3,-11,-3,-11,-4,-11,-4,-11,-4,-11,-4,-11,-5,-11,-5,-11,-5,-12,-6,-12,-7,-14,-22,-44,-21,-44,-21,-44,-21,-43,-21,-42,-21,-41,-21,-40,-22,-39,-23,-38,-25,-37,-26,-36,-27,-36,-28,-36,-28,-37,-28,-36,-28,-36,-27,-37,-26,-37,-24,-37,-23,-38,-21,-38,-19,-37,-17,-37,-16,-36,-14,-35,-12,-35,-10,-34,-7,-34,-1,-6,-1,-2,0,0,0,0,0,0,-2,-2,-4,-5,-20,-25,-19,-26,-18,-29,-17,-31,-15,-33,-14,-35,-14,-36,-12,-37,-11,-39,-10,-39,-10,-40,-9,-41,-9,-41,-9,-42,-9,-42,-9,-42,-9,-42,-10,-42,-11,-41,-11,-41,-12,-41,-13,-42,-14,-42,-15,-42,-16,-41,-18,-42,-19,-43,-21,-44]"
CSI_DATA,322,5c:01:3b:6b:b0:95,-32,11,1,5,0,1,1,1,0,0,0,-97,1,11,0,24680787,0,86,1,256,1,"[86,-32,4,0,11,6,11,6,11,6,11,5,11,5,11,5,11,5,11,4,11,3,11,3,11,3,11,3,11,3,12,3,12,3,12,4,12,4,11,4,11,4,10,5,10,5,9,5,9,5,8,5,8,5,2,1,0,0,0,0,0,0,0,0,0,0,0,0,0,0,0,0,0,0,2,0,8,3,8,3,8,4,8,5,8,5,8,5,8,6,8,6,8,7,8,7,8,7,8,7,8,8,8,7,8,7,8,7,9,7,9,6,9,7,9,7,9,7,10,6,10,6,11,6,11,6,12,6,12,9,41,30,41,30,40,29,40,28,39,26,39,25,39,24,39,23,40,21,41,20,42,18,42,17,42,17,43,18,43,18,43,19,43,20,42,20,41,21,39,22,37,23,34,24,33,24,31,24,29,25,27,25,21,31,19,31,3,5,0,1,-1,-1,-1,-1,-1,-1,1,0,5,2,28,15,28,17,29,16,29,18,28,21,29,23,29,24,29,27,29,29,29,31,28,32,28,32,28,33,28,33,28,33,28,33,28,33,29,33,30,32,30,31,30,30,31,30,33,30,35,30,36,29,38,29,39,29,40,29]"
CSI_DATA,323,5c:01:3b:6b:b0:95,-34,11,1,7,0,1,1,1,0,0,0,-97,1,11,0,24729916,0,86,1,256,1,"[86,-32,4,0,-8,10,-7,10,-7,10,-7,10,-6,10,-6,10,-6,10,-5,10,-5,10,-5,10,-4,10,-4,10,-5,10,-5,10,-5,11,-5,11,-5,11,-5,10,-6,10,-6,9,-6,9,-6,8,-6,8,-6,8,-7,7,-2,1,0,0,0,0,0,0,0,0,0,0,0,0,0,0,0,0,0,0,-2,2,-5,7,-5,7,-5,7,-6,7,-6,7,-7,7,-7,7,-8,7,-8,7,-8,7,-9,8,-9,8,-8,7,-8,7,-8,7,-9,7,-8,7,-8,8,-8,8,-8,8,-7,8,-7,9,-7,9,-7,10,-7,10,-8,10,-10,11,-31,38,-31,38,-31,37,-30,37,-29,37,-28,37,-27,37,-25,37,-23,37,-22,37,-20,38,-19,39,-19,40,-20,40,-20,40,-20,40,-21,40,-22,39,-23,38,-24,36,-25,35,-25,32,-25,31,-25,29,-25,27,-26,26,-29,21,-30,19,-6,3,-2,0,0,-1,0,-1,0,-1,-1,1,-3,4,-15,28,-16,27,-18,28,-21,27,-23,27,-25,27,-27,27,-28,27,-30,26,-32,26,-33,25,-33,25,-33,26,-34,27,-33,27,-34,26,-34,26,-34,26,-33,27,-32,27,-32,28,-32,29,-32,31,-31,32,-30,34,-29,35,-29,37,-30,38]"
CSI_DATA,324,5c:01:3b:6b:b0:95,-36,11,1,7,0,1,1,1,0,0,0,-97,1,11,0,24781859,0,86,1,256,1,"[86,-32,4,0,-35,4,-34,4,-33,4,-32,5,-32,5,-31,6,-31,7,-31,8,-31,9,-30,9,-30,10,-30,11,-30,11,-31,11,-31,11,-31,10,-32,10,-31,9,-31,7,-30,6,-29,5,-29,3,-28,2,-28,2,-28,1,-7,0,0,0,0,0,0,0,0,0,0,0,0,0,0,0,0,0,0,0,-7,1,-25,4,-26,3,-26,1,-27,0,-28,-1,-29,-2,-29,-2,-30,-3,-30,-4,-30,-5,-31,-5,-31,-5,-30,-6,-30,-5,-30,-5,-31,-4,-31,-3,-31,-2,-31,-2,-31,-1,-31,-1,-32,0,-33,1,-34,2,-35,2,-35,3,-11,-1,-34,0,-34,0,-33,0,-33,0,-32,1,-31,2,-31,2,-30,2,-30,3,-30,4,-30,5,-30,6,-30,7,-30,7,-31,7,-31,7,-31,6,-31,5,-31,4,-30,3,-29,2,-28,1,-28,0,-27,-1,-26,-2,-26,-3,-24,-8,-23,-10,-5,-2,-2,-1,0,0,0,-1,0,0,-2,0,-4,0,-23,2,-23,1,-24,1,-25,0,-25,-2,-26,-3,-27,-4,-27,-5,-27,-6,-27,-7,-28,-8,-28,-8,-28,-8,-29,-8,-28,-8,-29,-8,-29,-8,-29,-7,-29,-7,-29,-6,-29,-5,-30,-4,-30,-4,-31,-3,-31,-2,-32,-1,-33,-1,-33,-1]"
CSI_DATA,325,5c:01:3b:6b:b0:95,-37,11,1,7,0,1,1,1,0,0,0,-97,1,11,0,24833817,0,86,1,256,1,"[86,-32,4,0,-1,13,-1,13,0,12,0,12,0,12,0,12,0,12,1,12,1,12,2,11,2,11,2,12,2,12,2,12,2,12,2,12,2,12,1,12,0,12,0,11,0,11,-1,11,-1,10,-1,10,-2,10,-1,2,0,0,0,0,0,0,0,0,0,0,0,0,0,0,0,0,0,0,-1,2,-1,8,-1,9,-2,9,-2,9,-2,9,-3,10,-4,10,-4,10,-4,10,-4,10,-4,10,-4,10,-4,11,-4,10,-4,10,-4,10,-4,10,-3,10,-3,11,-2,11,-2,11,-2,11,-2,12,-1,12,-1,13,-1,13,-2,14,-5,49,-6,49,-6,49,-5,48,-5,47,-4,47,-3,46,-1,45,1,45,3,44,5,44,6,45,7,46,7,46,7,46,7,47,5,47,4,47,2,46,-1,45,-3,44,-3,43,-4,42,-4,40,-6,39,-8,38,-14,35,-17,34,-4,6,-2,1,-1,-1,0,-2,0,-1,-1,1,-1,5,-2,33,-3,32,-4,33,-6,33,-8,34,-10,35,-12,35,-13,35,-15,36,-16,36,-16,36,-16,37,-17,37,-17,38,-17,38,-17,38,-17,39,-16,39,-16,39,-15,39,-14,40,-13,41,-12,42,-11,43,-9,44,-7,45,-6,47,-5,47]"
CSI_DATA,326,5c:01:3b:6b:b0:95,-35,11,1,4,0,1,1,1,0,0,0,-97,1,11,0,24891468,0,86,1,256,1,"[86,-32,4,0,12,3,12,3,12,2,11,2,11,2,11,2,11,1,11,1,11,1,11,0,11,0,11,0,12,0,12,0,12,0,12,0,12,1,12,1,11,1,11,2,11,2,10,3,10,3,9,3,9,3,2,0,0,0,0,0,0,0,0,0,0,0,0,0,0,0,0,0,0,0,1,0,7,2,7,2,7,3,7,3,8,4,8,4,8,4,8,5,8,5,8,5,8,5,8,5,8,6,8,5,8,5,9,5,9,4,9,4,9,4,9,4,10,4,10,4,10,3,11,4,11,3,12,3,12,6,41,20,41,20,41,20,40,19,40,18,41,17,40,16,40,14,41,13,42,11,43,10,43,9,43,9,44,9,44,10,44,11,44,12,43,13,43,14,42,15,40,16,38,16,36,17,35,17,33,18,31,20,25,27,23,29,3,5,0,1,-1,-1,-1,-1,-1,-1,1,0,4,2,25,14,24,16,26,14,26,16,26,18,25,20,26,21,25,22,25,24,25,25,26,26,26,26,27,26,28,26,27,26,27,27,27,26,28,26,28,25,29,24,30,23,32,23,33,22,35,21,36,20,38,20,40,20,42,21]"
CSI_DATA,327,5c:01:3b:6b:b0:95,-42,11,1,6,0,1,1,1,0,0,0,-97,1,11,0,24940656,0,86,1,256,1,"[86,-32,4,0,26,0,26,0,26,-1,25,-1,25,-1,25,-2,24,-3,24,-4,25,-4,24,-5,24,-5,24,-5,24,-5,25,-6,26,-6,26,-5,26,-4,25,-4,25,-3,24,-2,23,0,23,1,22,2,21,3,20,3,5,0,0,0,0,0,0,0,0,0,0,0,0,0,0,0,0,0,0,0,4,0,16,1,16,1,16,2,16,3,17,4,18,4,18,4,18,5,19,6,19,6,19,6,19,7,19,7,18,7,19,6,20,5,20,4,20,4,20,3,21,3,22,2,22,2,23,2,24,2,25,1,26,0,14,2,49,6,49,6,49,6,48,5,47,5,47,4,47,3,47,2,47,0,47,-1,47,-2,47,-3,48,-4,48,-4,49,-3,49,-3,49,-2,49,-1,48,1,47,3,46,4,44,5,43,7,42,8,39,10,38,12,34,19,32,20,5,3,1,1,-1,-1,-1,-1,-1,-1,1,-1,4,0,28,5,27,8,29,6,29,8,30,9,30,11,31,12,31,13,32,15,33,16,33,17,34,18,35,18,35,17,35,17,35,17,35,16,36,16,36,15,37,14,38,13,39,12,40,10,42,9,43,8,45,8,46,8,48,7]"
CSI_DATA,328,5c:01:3b:6b:b0:95,-43,11,1,7,0,1,1,1,0,0,0,-97,1,11,0,24991830,0,86,1,256,1,"[86,-32,4,0,12,-22,12,-22,11,-22,11,-21,10,-22,10,-22,9,-22,9,-23,8,-23,7,-23,7,-23,6,-23,7,-24,7,-24,8,-24,8,-23,8,-23,9,-23,9,-22,10,-21,10,-20,10,-18,11,-18,11,-17,11,-16,2,-4,0,0,0,0,0,0,0,0,0,0,0,0,0,0,0,0,0,0,2,-3,9,-12,9,-12,9,-12,10,-12,11,-12,12,-12,13,-13,13,-13,14,-13,14,-12,14,-13,14,-13,14,-13,13,-14,13,-14,14,-14,13,-15,13,-15,12,-16,12,-17,12,-18,12,-18,12,-18,11,-19,12,-21,13,-22,8,-12,28,-38,28,-38,28,-37,28,-37,27,-37,26,-38,25,-38,23,-39,22,-39,21,-40,20,-41,19,-42,19,-42,19,-42,20,-42,20,-42,21,-41,22,-40,23,-40,23,-38,24,-36,24,-34,24,-32,25,-31,25,-29,26,-27,31,-20,32,-17,5,-3,1,-1,-1,0,-1,0,-1,0,0,-2,3,-4,17,-21,18,-20,18,-20,19,-20,21,-20,22,-20,24,-20,25,-19,26,-19,27,-19,28,-19,28,-20,29,-21,30,-21,30,-22,29,-22,29,-22,29,-23,29,-24,28,-25,28,-26,28,-28,28,-29,28,-31,27,-32,27,-34,28,-36,28,-38]"
CSI_DATA,329,5c:01:3b:6b:b0:95,-36,11,1,6,0,1,1,1,0,0,0,-97,1,11,0,25043753,0,86,1,256,1,"[86,-32,4,0,8,-10,8,-10,8,-10,8,-10,7,-10,7,-10,7,-10,7,-11,6,-11,6,-11,6,-11,5,-11,6,-11,6,-11,6,-11,6,-11,6,-11,7,-11,7,-10,7,-9,7,-9,7,-8,7,-8,7,-7,7,-7,1,-2,0,0,0,0,0,0,0,0,0,0,0,0,0,0,0,0,0,0,1,-2,5,-6,5,-6,5,-6,6,-6,6,-6,7,-6,7,-6,7,-6,8,-6,8,-6,8,-6,8,-6,8,-6,8,-6,8,-6,8,-7,8,-7,8,-7,8,-7,8,-8,8,-8,8,-8,7,-9,8,-9,8,-10,9,-11,11,-10,37,-32,37,-31,37,-31,37,-31,36,-31,35,-32,34,-32,33,-32,32,-33,31,-34,29,-35,29,-36,28,-36,29,-36,29,-36,30,-35,30,-34,31,-33,31,-32,31,-30,31,-28,31,-26,31,-25,30,-23,30,-21,30,-19,33,-9,33,-7,5,-2,1,-1,-1,0,-1,0,-1,0,1,-2,3,-4,21,-17,22,-16,21,-18,23,-18,24,-17,26,-17,27,-17,29,-16,30,-16,32,-15,33,-15,33,-15,34,-16,35,-17,35,-16,35,-17,35,-17,35,-18,35,-19,34,-19,34,-21,34,-22,34,-24,35,-26,35,-27,35,-29,37,-30,37,-31]"
CSI_DATA,330,5c:01:3b:6b:b0:95,-34,11,1,5,0,1,1,1,0,0,0,-97,1,11,0,25097631,0,86,1,256,1,"[86,-32,4,0,15,35,15,34,15,33,15,32,15,32,16,31,16,30,16,29,17,28,18,28,19,27,19,27,19,28,19,28,19,29,18,29,17,29,16,29,15,29,13,28,11,28,10,27,9,27,8,26,7,26,1,6,0,0,0,0,0,0,0,0,0,0,0,0,0,0,0,0,0,0,2,4,9,19,9,20,9,22,9,23,8,24,7,25,6,26,5,27,5,28,5,29,5,30,5,30,6,30,6,30,6,30,7,30,7,30,8,29,9,30,10,31,11,31,12,31,13,32,14,33,15,34,15,34,4,10,13,33,13,33,13,33,13,32,13,31,13,31,13,30,14,29,15,28,16,27,17,27,17,26,18,27,18,27,18,27,17,27,17,27,16,27,15,28,13,27,12,27,10,26,9,26,8,25,7,25,5,24,3,24,2,24,0,4,-1,1,-1,-1,-1,-1,-1,-1,0,0,1,3,9,18,9,18,9,19,8,20,7,21,7,22,6,23,6,24,5,25,5,26,4,27,4,28,4,28,4,28,4,28,4,28,4,28,5,29,6,29,6,29,7,29,7,29,8,30,9,30,11,31,12,31,13,32,13,32]"
CSI_DATA,331,5c:01:3b:6b:b0:95,-34,11,1,6,0,1,1,1,0,0,0,-97,1,11,0,25147832,0,86,1,256,1,"[86,-32,4,0,-12,-24,-12,-24,-12,-23,-12,-22,-12,-22,-12,-22,-12,-21,-13,-20,-13,-20,-14,-20,-14,-19,-14,-19,-14,-19,-14,-19,-14,-19,-14,-20,-13,-20,-12,-20,-11,-20,-11,-19,-10,-19,-9,-19,-8,-18,-7,-18,-6,-18,-2,-5,0,0,0,0,0,0,0,0,0,0,0,0,0,0,0,0,0,0,-2,-4,-7,-13,-7,-14,-7,-16,-7,-16,-7,-17,-6,-18,-5,-18,-5,-19,-5,-19,-4,-20,-4,-21,-4,-21,-5,-21,-5,-21,-5,-21,-6,-21,-6,-21,-7,-21,-7,-21,-8,-21,-9,-22,-9,-22,-9,-22,-10,-23,-11,-24,-11,-24,-7,-14,-20,-45,-20,-46,-19,-45,-19,-45,-19,-44,-19,-43,-19,-42,-20,-41,-21,-39,-23,-38,-24,-38,-25,-37,-26,-38,-26,-38,-25,-37,-25,-38,-24,-38,-23,-38,-21,-39,-19,-38,-18,-38,-16,-36,-15,-36,-14,-35,-12,-35,-10,-34,-6,-34,-4,-34,-1,-6,-1,-2,-1,0,0,0,0,0,-1,-2,-3,-5,-14,-24,-13,-24,-12,-26,-11,-28,-11,-30,-10,-31,-9,-33,-9,-34,-8,-35,-7,-36,-7,-37,-7,-38,-7,-39,-7,-39,-7,-39,-7,-40,-7,-40,-8,-41,-9,-41,-9,-41,-10,-41,-12,-41,-13,-42,-14,-42,-16,-42,-17,-43,-18,-44,-19,-45]"
CSI_DATA,332,5c:01:3b:6b:b0:95,-33,11,1,5,0,1,1,1,0,0,0,-97,1,11,0,25201595,0,86,1,256,1,"[86,-32,4,0,-14,3,-14,3,-14,3,-13,3,-13,3,-13,3,-13,3,-12,4,-12,4,-12,5,-12,5,-12,5,-12,5,-12,5,-12,5,-12,5,-12,4,-12,4,-12,3,-12,3,-11,2,-11,2,-11,1,-11,1,-10,1,-3,0,0,0,0,0,0,0,0,0,0,0,0,0,0,0,0,0,0,0,-2,0,-9,2,-9,2,-9,1,-10,1,-10,1,-10,1,-11,0,-11,0,-11,0,-12,0,-12,0,-12,0,-12,0,-12,0,-12,0,-12,0,-12,0,-12,1,-12,1,-12,1,-13,1,-13,2,-13,2,-13,2,-14,3,-14,3,-17,3,-54,11,-54,11,-53,11,-52,11,-50,12,-50,12,-49,13,-48,13,-46,15,-46,16,-45,18,-45,19,-45,20,-46,20,-46,19,-46,19,-46,18,-46,16,-46,15,-45,13,-44,11,-42,9,-41,8,-40,7,-39,5,-38,3,-38,0,-37,-2,-7,-1,-3,-1,0,-1,0,-1,0,-1,-2,0,-5,2,-28,12,-29,10,-31,8,-33,6,-34,5,-36,4,-38,3,-39,2,-41,0,-42,-1,-42,-2,-42,-1,-43,-1,-44,0,-44,0,-45,0,-45,0,-46,0,-46,1,-46,2,-46,3,-47,4,-47,5,-48,7,-48,9,-49,11,-51,12,-52,12]"
CSI_DATA,333,5c:01:3b:6b:b0:95,-34,11,1,6,0,1,1,1,0,0,0,-97,1,11,0,25251899,0,86,1,256,1,"[86,-32,4,0,37,19,37,19,37,18,36,17,36,17,36,16,35,15,35,13,35,11,35,10,35,10,35,10,36,10,36,10,36,10,36,11,36,12,34,13,33,14,31,15,29,15,27,16,26,16,25,16,24,17,6,4,0,0,0,0,0,0,0,0,0,0,0,0,0,0,0,0,0,0,5,2,23,8,24,10,24,12,25,13,26,15,26,16,26,17,26,18,26,19,26,20,27,20,27,21,27,22,27,22,27,21,28,21,29,19,29,19,30,19,31,20,32,20,33,19,33,18,35,18,37,18,38,18,11,4,37,14,36,14,36,14,36,14,35,13,35,12,34,11,34,10,34,9,34,8,34,7,34,7,34,6,35,6,35,6,35,7,35,7,35,8,34,9,32,10,31,11,29,12,27,12,26,13,25,13,24,14,23,13,22,14,3,2,1,0,-1,-1,-1,-1,-1,-1,1,-1,4,0,23,1,23,3,23,7,23,8,24,9,24,11,25,12,25,14,26,15,26,16,26,17,26,17,27,18,27,18,27,18,27,18,27,18,28,18,28,17,28,16,29,16,30,15,31,15,32,15,33,14,34,14,35,15,36,14]"
CSI_DATA,334,5c:01:3b:6b:b0:95,-33,11,1,5,0,1,1,1,0,0,0,-97,1,11,0,25305629,0,86,1,256,1,"[86,-32,4,0,-14,1,-14,1,-14,1,-13,1,-13,2,-13,2,-13,2,-13,2,-13,3,-13,3,-12,3,-12,3,-12,3,-12,3,-13,3,-13,3,-13,3,-13,2,-12,2,-12,1,-11,1,-11,0,-11,0,-10,0,-10,0,-3,-1,0,0,0,0,0,0,0,0,0,0,0,0,0,0,0,0,0,0,-3,0,-9,1,-9,1,-9,0,-10,0,-10,0,-11,0,-11,0,-11,-1,-11,-1,-11,-1,-12,-1,-12,-2,-12,-2,-12,-2,-12,-2,-12,-1,-12,-1,-12,-1,-12,0,-12,0,-12,0,-13,0,-13,1,-13,1,-14,1,-14,1,-17,-2,-52,-4,-52,-5,-51,-4,-50,-3,-49,-3,-48,-2,-48,-1,-48,0,-47,1,-47,2,-47,4,-47,5,-47,5,-47,5,-47,5,-47,4,-46,4,-46,3,-46,2,-44,0,-43,-2,-41,-3,-40,-4,-39,-5,-37,-6,-36,-8,-32,-18,-31,-19,-6,-4,-2,-2,0,0,0,0,0,0,-2,0,-6,-1,-30,-3,-30,-5,-32,-1,-33,-2,-34,-4,-35,-6,-36,-7,-37,-8,-38,-9,-39,-10,-39,-11,-39,-12,-40,-13,-41,-13,-42,-13,-42,-13,-42,-13,-43,-12,-43,-11,-43,-10,-44,-10,-44,-8,-45,-7,-47,-6,-47,-5,-49,-4,-50,-4,-52,-4]"
CSI_DATA,335,5c:01:3b:6b:b0:95,-34,11,1,6,0,1,1,1,0,0,0,-97,1,11,0,25356066,0,86,1,256,1,"[86,-32,4,0,-1,-14,-1,-14,-1,-14,-1,-13,-1,-13,-1,-13,-2,-13,-2,-13,-2,-13,-3,-13,-3,-13,-3,-13,-3,-13,-3,-13,-3,-13,-3,-13,-2,-13,-2,-13,-2,-12,-1,-12,-1,-11,-1,-11,0,-11,0,-10,1,-10,0,-3,0,0,0,0,0,0,0,0,0,0,0,0,0,0,0,0,0,0,-1,-3,-1,-9,-1,-9,0,-10,0,-10,0,-10,1,-10,1,-11,2,-11,2,-11,2,-11,2,-11,2,-12,2,-12,2,-12,2,-12,2,-12,1,-12,1,-12,1,-12,1,-12,0,-13,0,-13,0,-13,-1,-13,-1,-14,0,-14,2,-16,8,-50,8,-51,8,-50,9,-50,8,-49,8,-49,6,-48,5,-48,3,-47,1,-47,-1,-47,-2,-47,-2,-47,-2,-48,-2,-47,-1,-47,0,-47,1,-46,2,-46,4,-44,5,-43,6,-41,7,-40,8,-39,9,-37,10,-35,19,-30,21,-28,3,-5,1,-2,-1,0,-1,0,-1,0,0,-2,1,-6,6,-30,7,-30,4,-32,6,-32,7,-33,9,-34,10,-35,12,-35,13,-36,14,-37,15,-37,15,-38,16,-39,16,-39,17,-39,17,-40,17,-40,16,-41,15,-41,14,-41,14,-42,13,-43,13,-44,12,-45,10,-47,9,-48,9,-50,9,-51]"
CSI_DATA,336,5c:01:3b:6b:b0:95,-34,11,1,6,0,1,1,1,0,0,0,-97,1,11,0,25407744,0,86,1,256,1,"[86,-32,4,0,-13,5,-12,5,-12,5,-11,5,-11,5,-11,5,-11,5,-11,5,-10,6,-10,6,-10,6,-10,6,-10,6,-10,6,-10,6,-10,6,-11,6,-11,6,-10,5,-10,4,-10,4,-10,3,-10,3,-10,2,-10,2,-3,0,0,0,0,0,0,0,0,0,0,0,0,0,0,0,0,0,0,0,-2,0,-8,3,-8,3,-8,3,-9,3,-9,3,-9,3,-10,2,-10,2,-11,2,-11,2,-11,2,-11,2,-11,2,-11,2,-11,2,-11,2,-11,3,-11,3,-11,3,-11,3,-11,4,-11,4,-11,4,-12,4,-12,5,-13,5,-15,4,-48,15,-48,15,-47,15,-46,15,-45,15,-44,16,-43,16,-42,16,-42,17,-41,18,-41,19,-40,20,-40,20,-40,21,-39,21,-40,21,-40,20,-41,19,-41,17,-40,15,-39,13,-39,11,-38,10,-37,8,-36,7,-36,5,-34,0,-33,-2,-6,-1,-2,-1,0,-1,0,-1,0,-1,-2,0,-5,2,-26,12,-27,10,-28,11,-30,10,-31,9,-33,8,-34,7,-36,6,-37,5,-38,5,-39,4,-40,4,-41,4,-42,4,-42,3,-42,4,-42,5,-43,5,-42,6,-42,7,-42,8,-42,9,-43,10,-44,12,-45,13,-45,14,-46,14,-46,15]"
CSI_DATA,337,5c:01:3b:6b:b0:95,-33,11,1,5,0,1,1,1,0,0,0,-97,1,11,0,25465112,0,86,1,256,1,"[86,-32,4,0,-13,6,-13,6,-13,6,-12,6,-12,7,-11,7,-11,7,-11,7,-10,7,-10,8,-10,8,-10,8,-10,8,-10,8,-10,8,-10,8,-10,8,-10,7,-10,7,-10,6,-10,5,-10,5,-10,5,-9,4,-9,4,-3,1,0,0,0,0,0,0,0,0,0,0,0,0,0,0,0,0,0,0,-2,1,-8,4,-9,4,-9,3,-9,3,-10,3,-10,3,-11,3,-11,3,-11,2,-11,2,-12,3,-12,3,-12,2,-12,2,-12,3,-12,3,-12,3,-12,3,-12,4,-12,4,-12,4,-12,5,-12,5,-12,5,-13,6,-13,6,-16,7,-50,25,-50,24,-49,24,-47,24,-45,24,-44,25,-44,25,-43,25,-41,26,-40,27,-39,29,-38,30,-38,30,-39,31,-38,30,-39,30,-38,29,-39,28,-39,27,-39,25,-39,23,-38,21,-37,19,-36,18,-36,16,-35,13,-36,9,-36,7,-7,1,-2,0,0,-1,0,-1,0,-1,-2,1,-5,3,-26,18,-28,17,-30,15,-32,14,-34,13,-35,12,-37,12,-39,11,-41,10,-42,9,-42,8,-43,8,-44,9,-44,9,-45,9,-45,9,-45,10,-45,11,-45,12,-45,13,-45,14,-45,15,-45,17,-46,18,-45,20,-46,21,-47,22,-48,22]"
CSI_DATA,338,5c:01:3b:6b:b0:95,-33,11,1,5,0,1,1,1,0,0,0,-97,1,11,0,25517498,0,86,1,256,1,"[86,-32,4,0,20,35,20,34,20,33,20,32,21,32,21,31,21,30,21,28,22,27,23,26,24,26,24,26,24,26,23,26,23,27,23,27,22,28,20,28,19,27,17,27,16,27,14,26,13,26,12,26,11,26,2,6,0,0,0,0,0,0,0,0,0,0,0,0,0,0,0,0,0,0,3,4,14,19,14,21,14,22,14,24,13,25,12,26,11,27,11,28,10,29,10,30,11,30,11,31,11,32,11,32,12,32,12,32,13,31,13,31,14,31,15,32,16,32,17,33,18,32,20,33,21,34,21,34,4,10,16,34,15,34,15,34,15,33,15,32,15,31,15,30,16,30,17,28,18,27,19,27,20,27,20,27,20,28,19,28,19,28,18,28,17,28,16,28,15,27,13,27,12,27,11,26,10,25,9,25,7,24,2,25,0,25,-1,4,-1,1,-1,-1,-1,-1,-1,-1,0,0,2,3,12,18,11,20,12,20,11,21,10,22,9,23,9,25,8,26,8,27,7,28,7,29,7,29,7,30,7,30,7,30,7,31,7,31,8,31,8,31,9,30,9,31,10,31,11,31,12,31,13,32,15,32,16,33,16,34]"
CSI_DATA,339,5c:01:3b:6b:b0:95,-35,11,1,6,0,1,1,1,0,0,0,-97,1,11,0,25563804,0,86,1,256,1,"[86,-32,4,0,-15,-1,-15,-1,-14,-1,-14,-1,-14,-1,-13,-1,-13,-1,-13,0,-13,0,-13,0,-13,1,-13,1,-13,1,-13,1,-13,1,-13,1,-13,1,-13,0,-13,0,-12,-1,-12,-1,-11,-2,-11,-2,-11,-2,-10,-2,-3,-1,0,0,0,0,0,0,0,0,0,0,0,0,0,0,0,0,0,0,-3,0,-9,-1,-9,-1,-10,-1,-10,-2,-10,-2,-10,-2,-11,-3,-11,-3,-11,-3,-11,-4,-12,-4,-12,-4,-11,-4,-11,-4,-11,-4,-12,-4,-12,-3,-12,-3,-12,-3,-12,-3,-13,-2,-13,-2,-13,-2,-14,-2,-14,-2,-15,-2,-17,-5,-53,-13,-53,-13,-52,-13,-51,-12,-50,-12,-49,-10,-49,-9,-48,-9,-49,-7,-49,-6,-49,-4,-49,-3,-49,-2,-49,-2,-49,-3,-49,-3,-49,-4,-48,-5,-48,-6,-46,-8,-44,-9,-43,-10,-41,-11,-40,-12,-38,-13,-37,-14,-32,-22,-29,-23,-6,-5,-2,-2,0,0,0,-1,0,0,-2,0,-6,-1,-30,-5,-30,-7,-32,-6,-33,-8,-34,-10,-35,-12,-36,-13,-36,-15,-37,-17,-37,-18,-37,-19,-38,-19,-40,-19,-40,-20,-40,-20,-40,-20,-41,-20,-41,-20,-41,-20,-41,-18,-43,-17,-44,-16,-45,-15,-46,-13,-47,-13,-49,-12,-51,-13,-52,-13]"
CSI_DATA,340,5c:01:3b:6b:b0:95,-35,11,1,5,0,1,1,1,0,0,0,-97,1,11,0,25617624,0,86,1,256,1,"[86,-32,4,0,2,-14,2,-14,1,-14,1,-13,1,-13,1,-13,1,-13,0,-13,0,-13,0,-13,-1,-13,-1,-13,-1,-13,-1,-13,-1,-13,-1,-13,0,-13,0,-13,1,-12,1,-12,1,-12,2,-11,2,-11,2,-10,3,-10,0,-3,0,0,0,0,0,0,0,0,0,0,0,0,0,0,0,0,0,0,0,-2,0,-9,1,-9,1,-9,1,-9,2,-10,2,-10,3,-10,3,-10,3,-10,4,-10,4,-11,4,-11,4,-11,3,-11,3,-11,3,-11,3,-11,3,-11,3,-12,2,-12,2,-12,2,-12,2,-13,2,-13,2,-13,2,-14,3,-16,9,-51,10,-51,10,-51,10,-50,9,-50,8,-49,8,-49,6,-48,4,-48,2,-48,1,-49,0,-49,0,-50,0,-50,0,-50,1,-49,2,-49,3,-48,4,-48,6,-47,7,-45,8,-43,9,-41,10,-40,11,-38,13,-36,18,-33,19,-31,3,-6,1,-2,-1,0,-1,0,-1,0,0,-2,0,-6,1,-31,3,-30,3,-31,5,-31,7,-32,8,-34,10,-35,12,-35,13,-36,14,-36,15,-37,16,-37,16,-38,17,-39,17,-39,17,-39,17,-40,16,-41,15,-41,14,-41,14,-41,13,-42,12,-44,12,-46,10,-46,10,-48,10,-49,10,-50]"
CSI_DATA,341,5c:01:3b:6b:b0:95,-36,11,1,5,0,1,1,1,0,0,0,-97,1,11,0,25668079,0,86,1,256,1,"[86,-32,4,0,-5,-14,-5,-14,-5,-13,-5,-13,-5,-13,-5,-13,-5,-13,-6,-12,-6,-12,-6,-12,-7,-12,-7,-12,-7,-12,-7,-12,-7,-12,-6,-13,-6,-13,-5,-12,-5,-12,-4,-12,-4,-12,-3,-12,-3,-12,-3,-11,-2,-11,-1,-3,0,0,0,0,0,0,0,0,0,0,0,0,0,0,0,0,0,0,-1,-2,-3,-8,-3,-8,-3,-9,-3,-9,-2,-10,-2,-10,-2,-10,-1,-10,-1,-11,-1,-11,-1,-11,-1,-11,-1,-12,-1,-12,-2,-12,-2,-12,-2,-12,-2,-12,-2,-12,-3,-12,-3,-12,-3,-13,-4,-13,-4,-13,-4,-14,-5,-14,-3,-17,-10,-53,-9,-53,-9,-52,-9,-51,-10,-50,-10,-50,-11,-49,-12,-49,-14,-47,-15,-48,-17,-47,-18,-47,-19,-48,-19,-49,-18,-48,-18,-48,-17,-47,-15,-48,-14,-48,-12,-47,-10,-47,-8,-45,-7,-44,-5,-43,-3,-42,-1,-40,8,-39,10,-38,2,-7,0,-2,-1,0,0,0,0,0,-1,-2,-2,-5,-6,-29,-5,-29,-7,-31,-5,-32,-3,-33,-2,-34,-1,-35,-1,-36,0,-38,1,-39,1,-39,2,-40,2,-41,2,-42,2,-43,2,-43,2,-43,1,-44,0,-44,-1,-44,-1,-44,-3,-45,-4,-46,-5,-47,-6,-47,-8,-49,-9,-51,-9,-52]"
CSI_DATA,342,5c:01:3b:6b:b0:95,-41,11,1,5,0,1,1,1,0,0,0,-97,1,11,0,25727255,0,86,1,256,1,"[86,-32,4,0,22,-12,22,-13,22,-13,21,-13,21,-13,20,-14,20,-14,20,-14,20,-15,20,-15,19,-15,19,-15,19,-16,20,-16,20,-16,21,-16,21,-15,21,-15,21,-14,21,-13,20,-11,20,-10,20,-8,20,-8,20,-7,5,-2,0,0,0,0,0,0,0,0,0,0,0,0,0,0,0,0,0,0,3,-2,13,-6,13,-6,13,-5,14,-5,15,-5,16,-5,17,-5,17,-5,17,-4,18,-4,19,-4,19,-4,18,-4,18,-4,18,-5,19,-6,19,-6,19,-7,19,-7,19,-8,19,-9,20,-10,20,-10,21,-10,22,-11,23,-12,13,-7,45,-21,45,-21,44,-22,43,-22,42,-22,42,-23,41,-23,40,-24,39,-25,39,-26,39,-27,38,-28,39,-29,39,-29,40,-29,40,-28,41,-27,41,-26,42,-25,41,-23,41,-21,41,-19,40,-17,40,-15,39,-12,38,-10,39,-4,38,-1,6,0,1,0,-1,0,-1,0,-1,0,1,-1,3,-3,21,-13,22,-11,24,-10,25,-9,27,-9,28,-8,29,-8,31,-7,32,-6,33,-6,34,-5,34,-5,35,-6,36,-6,36,-7,36,-7,37,-8,37,-9,37,-9,37,-10,37,-12,38,-13,38,-15,39,-16,40,-18,41,-19,42,-20,43,-20]"
CSI_DATA,343,5c:01:3b:6b:b0:95,-37,11,1,5,0,1,1,1,0,0,0,-97,1,11,0,25774570,0,86,1,256,1,"[86,-32,4,0,-12,8,-12,8,-12,8,-11,8,-11,8,-11,8,-11,8,-11,9,-10,9,-10,9,-10,9,-10,9,-10,10,-10,9,-10,9,-10,9,-10,9,-11,9,-11,8,-11,7,-10,6,-10,6,-10,6,-10,5,-10,5,-3,1,0,0,0,0,0,0,0,0,0,0,0,0,0,0,0,0,0,0,-2,1,-7,4,-7,4,-8,3,-8,3,-8,3,-9,3,-10,3,-10,3,-10,3,-10,3,-10,4,-11,4,-10,4,-11,4,-11,4,-11,4,-11,4,-11,5,-11,5,-10,5,-11,5,-11,6,-11,6,-11,7,-12,8,-12,8,-17,5,-52,21,-51,20,-50,20,-49,19,-48,20,-47,21,-46,22,-46,23,-44,24,-43,25,-43,27,-42,28,-43,28,-44,28,-44,28,-44,27,-44,26,-44,25,-44,24,-44,21,-44,19,-43,17,-42,16,-41,14,-41,12,-40,9,-41,-3,-40,-5,-8,-2,-3,-1,0,-1,0,-1,0,-1,-2,0,-5,1,-27,7,-27,5,-27,9,-29,8,-30,7,-32,6,-33,6,-35,5,-37,4,-38,4,-39,3,-39,4,-40,5,-40,6,-41,6,-41,6,-42,6,-42,7,-42,8,-43,9,-43,10,-43,11,-44,13,-45,14,-45,16,-45,18,-47,19,-49,20]"
CSI_DATA,344,5c:01:3b:6b:b0:95,-33,11,1,4,0,1,1,1,0,0,0,-97,1,11,0,25825626,0,86,1,256,1,"[86,-32,4,0,-4,25,-4,25,-3,25,-2,24,-2,24,-2,24,-1,24,-1,23,0,23,0,23,1,23,1,24,1,24,1,24,0,24,0,25,-1,24,-1,23,-2,23,-3,22,-4,21,-4,20,-5,20,-6,19,-7,19,-2,4,0,0,0,0,0,0,0,0,0,0,0,0,0,0,0,0,0,0,-1,3,-2,13,-2,14,-3,15,-3,16,-4,16,-5,17,-5,17,-6,17,-6,17,-7,18,-7,18,-8,19,-8,19,-7,19,-7,19,-7,19,-6,19,-6,20,-5,20,-5,21,-4,22,-4,22,-4,23,-3,24,-3,25,-3,25,-3,14,-8,48,-8,47,-8,47,-7,46,-7,46,-6,46,-6,45,-4,44,-2,44,-2,44,0,45,1,45,1,45,1,46,1,46,0,46,-1,46,-2,45,-3,44,-5,43,-7,42,-8,40,-9,39,-10,37,-11,35,-13,35,-15,32,-17,31,-4,5,-2,1,0,-1,-1,-1,0,-1,-1,1,-1,4,-1,26,-2,26,-4,27,-5,28,-7,29,-8,30,-9,30,-10,31,-11,32,-12,33,-13,33,-14,34,-14,34,-15,35,-15,35,-15,35,-15,36,-14,37,-13,37,-12,37,-12,38,-11,39,-10,40,-10,41,-9,43,-8,44,-7,46,-7,48]"
CSI_DATA,345,5c:01:3b:6b:b0:95,-35,11,1,5,0,1,1,1,0,0,0,-97,1,11,0,25875785,0,86,1,256,1,"[86,-32,4,0,-13,4,-13,4,-13,4,-12,4,-12,4,-12,4,-12,4,-12,5,-11,5,-11,5,-11,5,-11,6,-11,6,-11,6,-11,6,-11,6,-12,5,-11,5,-11,5,-11,4,-11,3,-11,3,-11,2,-10,2,-10,2,-3,0,0,0,0,0,0,0,0,0,0,0,0,0,0,0,0,0,0,0,-2,0,-8,1,-8,1,-9,1,-9,1,-9,0,-10,0,-10,0,-10,0,-10,0,-10,0,-11,0,-11,0,-11,0,-11,0,-11,0,-11,0,-11,1,-11,1,-11,1,-11,2,-12,2,-12,2,-12,2,-12,3,-13,3,-13,3,-15,6,-47,20,-47,20,-46,21,-45,21,-44,20,-43,21,-42,21,-41,22,-40,23,-40,24,-39,26,-38,27,-38,27,-38,28,-38,28,-39,28,-40,27,-40,25,-40,24,-41,22,-40,20,-39,18,-38,16,-38,15,-37,13,-37,11,-36,13,-35,11,-7,1,-2,0,0,-1,0,-1,0,-1,-1,1,-4,3,-22,17,-23,16,-28,10,-29,9,-30,8,-32,7,-33,6,-35,6,-37,5,-37,5,-38,4,-38,4,-39,4,-40,5,-39,5,-40,6,-41,6,-41,7,-41,8,-40,9,-40,10,-40,11,-41,13,-42,14,-42,15,-43,17,-44,18,-45,18]"
CSI_DATA,346,5c:01:3b:6b:b0:95,-39,11,1,6,0,1,1,1,0,0,0,-97,1,11,0,25927899,0,86,1,256,1,"[86,-32,4,0,-26,7,-26,7,-25,7,-25,7,-24,7,-24,8,-23,8,-24,9,-24,10,-23,10,-23,10,-23,10,-23,11,-24,11,-24,11,-24,11,-24,10,-24,9,-24,8,-24,7,-23,5,-22,4,-22,3,-22,3,-21,2,-6,0,0,0,0,0,0,0,0,0,0,0,0,0,0,0,0,0,0,0,-4,0,-15,3,-15,3,-16,2,-16,2,-17,1,-18,1,-19,1,-19,1,-20,0,-20,0,-21,0,-21,0,-20,0,-20,0,-21,0,-21,1,-21,2,-21,2,-21,3,-21,3,-22,4,-23,5,-23,5,-24,5,-25,6,-26,6,-16,1,-50,5,-50,5,-50,6,-49,6,-48,6,-48,7,-47,7,-47,8,-47,9,-46,11,-46,12,-46,13,-47,13,-47,14,-47,13,-47,13,-47,12,-47,11,-47,9,-47,7,-46,5,-44,3,-43,2,-42,1,-41,-1,-40,-3,-37,-13,-36,-14,-7,-3,-2,-1,0,0,0,-1,0,0,-2,0,-5,0,-26,1,-27,-1,-28,2,-29,0,-30,-1,-31,-2,-32,-3,-33,-4,-34,-5,-35,-6,-35,-6,-36,-7,-37,-6,-38,-6,-38,-6,-39,-6,-39,-6,-40,-5,-40,-4,-40,-3,-41,-2,-42,-1,-43,0,-44,2,-45,3,-46,4,-47,5,-49,5]"
CSI_DATA,347,5c:01:3b:6b:b0:95,-40,11,1,6,0,1,1,1,0,0,0,-97,1,11,0,25983932,0,86,1,256,1,"[86,-32,4,0,6,-28,6,-28,5,-27,5,-27,4,-27,4,-27,3,-26,3,-26,2,-27,1,-27,0,-27,0,-27,0,-27,0,-28,1,-28,1,-28,2,-28,3,-27,4,-26,5,-25,5,-24,6,-23,6,-23,7,-22,8,-21,2,-6,0,0,0,0,0,0,0,0,0,0,0,0,0,0,0,0,0,0,1,-4,5,-15,5,-15,6,-16,6,-16,7,-17,8,-17,9,-17,10,-17,10,-17,10,-18,11,-18,11,-19,10,-19,10,-20,10,-20,10,-20,9,-20,9,-21,8,-21,8,-22,7,-23,7,-24,6,-24,6,-25,6,-27,7,-27,5,-16,15,-52,15,-52,15,-51,15,-50,14,-50,14,-50,13,-49,11,-49,9,-49,7,-50,5,-51,4,-51,4,-52,5,-53,5,-52,5,-52,6,-52,8,-51,10,-50,12,-49,13,-47,14,-45,14,-44,15,-42,16,-40,18,-38,23,-35,24,-32,4,-6,1,-2,-1,0,-1,0,-1,0,0,-2,1,-5,9,-27,10,-27,11,-28,13,-28,14,-29,16,-29,17,-29,18,-30,20,-30,21,-31,22,-31,22,-32,22,-33,23,-34,23,-34,23,-35,23,-35,22,-36,21,-37,20,-37,20,-39,19,-40,19,-41,18,-43,16,-45,15,-47,15,-49,15,-50]"
CSI_DATA,348,5c:01:3b:6b:b0:95,-37,11,1,6,0,1,1,1,0,0,0,-97,1,11,0,26031909,0,86,1,256,1,"[86,-32,4,0,-13,3,-13,3,-12,3,-12,3,-12,3,-12,3,-12,3,-12,3,-11,3,-11,4,-11,4,-12,4,-12,4,-12,4,-12,4,-12,4,-12,4,-12,3,-12,3,-12,2,-11,1,-11,1,-11,1,-10,0,-10,0,-3,0,0,0,0,0,0,0,0,0,0,0,0,0,0,0,0,0,0,0,-2,0,-7,1,-7,1,-8,1,-8,0,-8,0,-9,0,-9,0,-9,0,-9,0,-9,-1,-10,0,-10,-1,-10,-1,-10,0,-10,0,-10,0,-10,0,-10,0,-11,0,-11,1,-11,1,-11,1,-11,2,-11,2,-12,2,-13,3,-16,1,-49,5,-48,4,-48,4,-47,4,-46,5,-45,5,-45,5,-45,6,-44,7,-44,9,-44,11,-44,12,-45,12,-46,12,-45,11,-46,10,-46,9,-46,8,-46,6,-45,4,-44,2,-42,1,-41,0,-40,-1,-38,-3,-37,-4,-34,-12,-33,-14,-6,-3,-2,-1,0,-1,0,-1,0,-1,-2,0,-5,0,-25,3,-25,1,-26,1,-27,0,-28,-1,-29,-2,-30,-3,-31,-5,-32,-6,-33,-6,-33,-6,-34,-6,-36,-5,-36,-5,-36,-5,-37,-5,-37,-5,-38,-5,-38,-4,-38,-3,-39,-3,-40,-2,-40,-1,-41,1,-42,3,-44,4,-45,5,-46,5]"
CSI_DATA,349,5c:01:3b:6b:b0:95,-38,11,1,6,0,1,1,1,0,0,0,-97,1,11,0,26083721,0,86,1,256,1,"[86,-32,4,0,3,-14,3,-14,3,-14,3,-14,3,-13,2,-13,2,-13,2,-13,2,-14,1,-14,1,-14,1,-14,1,-14,1,-14,1,-14,1,-14,1,-14,2,-14,2,-13,3,-13,3,-12,3,-12,4,-11,4,-11,4,-10,1,-3,0,0,0,0,0,0,0,0,0,0,0,0,0,0,0,0,0,0,0,-2,2,-7,2,-7,2,-8,3,-8,3,-8,3,-8,4,-8,4,-8,5,-8,5,-9,5,-9,5,-9,5,-9,5,-9,5,-10,5,-10,4,-10,4,-10,4,-11,4,-11,3,-11,3,-12,3,-12,3,-12,3,-13,4,-14,4,-16,15,-51,15,-51,15,-51,15,-51,14,-50,13,-50,13,-50,11,-50,9,-50,8,-50,6,-51,5,-51,4,-52,5,-53,6,-52,6,-51,7,-51,8,-50,10,-50,12,-48,13,-46,13,-44,14,-43,15,-42,16,-39,18,-37,21,-34,23,-32,4,-6,1,-2,-1,0,-1,0,-1,0,0,-2,0,-5,5,-27,7,-26,9,-26,10,-27,12,-27,13,-28,14,-29,15,-29,17,-30,18,-30,19,-30,19,-31,20,-33,20,-34,20,-34,21,-35,21,-36,20,-36,19,-36,19,-37,18,-39,18,-40,17,-42,16,-43,15,-45,14,-47,15,-49,15,-50]"
CSI_DATA,350,5c:01:3b:6b:b0:95,-41,11,1,6,0,1,1,1,0,0,0,-97,1,11,0,26135806,0,86,1,256,1,"[86,-32,4,0,12,23,12,23,12,22,12,22,12,22,13,21,13,21,13,20,14,20,14,20,14,20,15,20,15,20,15,20,15,21,14,21,14,21,13,21,12,21,10,21,9,21,8,21,7,20,6,20,5,20,1,5,0,0,0,0,0,0,0,0,0,0,0,0,0,0,0,0,0,0,1,2,6,12,6,12,6,13,6,14,6,15,5,15,5,16,5,16,4,17,4,18,4,18,4,19,5,19,5,20,5,19,6,19,6,19,7,19,7,19,8,20,9,20,10,21,10,21,11,22,12,23,12,23,5,14,19,46,19,46,18,46,18,45,18,44,19,43,19,43,20,42,21,41,23,41,24,40,24,40,25,40,25,41,24,41,24,41,23,42,22,42,20,42,18,42,16,42,14,41,12,40,10,40,8,39,6,38,-1,38,-4,38,-1,6,-1,1,-1,-1,-1,-1,-1,-1,0,1,1,3,9,22,9,23,9,23,9,25,8,26,8,27,7,29,7,30,6,32,6,33,6,34,6,35,6,36,6,36,6,36,6,37,6,37,7,38,8,38,9,38,10,39,11,39,12,40,14,41,16,41,17,43,18,44,19,44]"
CSI_DATA,351,5c:01:3b:6b:b0:95,-40,11,1,5,0,1,1,1,0,0,0,-97,1,11,0,26191843,0,86,1,256,1,"[86,-32,4,0,-23,13,-23,14,-22,13,-21,13,-21,13,-21,14,-20,14,-20,15,-20,15,-19,16,-18,16,-18,16,-19,17,-19,17,-19,17,-19,17,-20,16,-20,15,-20,14,-20,13,-20,12,-19,11,-19,10,-19,9,-19,8,-5,2,0,0,0,0,0,0,0,0,0,0,0,0,0,0,0,0,0,0,-4,1,-14,6,-14,6,-15,5,-15,5,-16,5,-17,5,-18,5,-19,4,-19,4,-19,4,-20,5,-20,5,-20,5,-19,5,-20,5,-20,6,-20,7,-20,7,-20,8,-20,8,-20,9,-21,10,-21,11,-21,12,-22,12,-23,13,-14,6,-45,23,-45,23,-45,23,-44,23,-43,23,-42,23,-42,24,-40,25,-39,26,-39,27,-38,29,-38,29,-38,30,-38,31,-38,30,-38,30,-39,29,-39,28,-39,26,-40,24,-40,22,-39,20,-38,18,-38,17,-37,15,-37,12,-38,6,-38,4,-7,0,-3,-1,0,-1,0,-1,0,-1,-2,0,-5,2,-24,12,-24,11,-26,10,-27,9,-29,9,-30,8,-31,8,-33,7,-34,7,-35,6,-36,6,-36,6,-37,6,-38,7,-38,7,-38,8,-39,8,-39,9,-39,10,-39,12,-39,13,-40,14,-40,15,-41,17,-41,19,-42,20,-43,22,-44,22]"
CSI_DATA,352,5c:01:3b:6b:b0:95,-38,11,1,6,0,1,1,1,0,0,0,-97,1,11,0,26239928,0,86,1,256,1,"[86,-32,4,0,-2,-15,-2,-15,-2,-14,-2,-14,-3,-14,-3,-14,-3,-13,-3,-13,-3,-13,-4,-13,-4,-13,-4,-13,-4,-13,-4,-13,-4,-14,-4,-14,-4,-14,-3,-14,-3,-13,-2,-13,-2,-13,-1,-12,-1,-12,0,-12,0,-11,0,-3,0,0,0,0,0,0,0,0,0,0,0,0,0,0,0,0,0,0,-1,-2,0,-8,0,-9,0,-9,0,-9,0,-9,1,-10,1,-10,1,-10,2,-10,2,-11,2,-11,2,-11,2,-11,2,-11,1,-11,1,-11,1,-12,1,-12,0,-12,0,-12,-1,-13,-1,-13,-1,-13,-1,-13,-1,-14,-1,-15,-5,-17,-13,-53,-13,-53,-12,-53,-12,-52,-12,-51,-13,-51,-13,-50,-15,-49,-16,-49,-18,-48,-19,-48,-20,-48,-21,-48,-21,-48,-21,-48,-20,-48,-19,-48,-18,-49,-16,-49,-14,-48,-12,-47,-10,-45,-9,-44,-7,-43,-5,-42,-3,-41,-4,-40,-2,-39,0,-8,0,-3,-1,0,0,0,0,0,-1,-2,-3,-5,-12,-27,-11,-27,-5,-30,-4,-31,-2,-33,-2,-34,-1,-35,0,-36,1,-38,2,-39,2,-39,2,-40,3,-41,3,-42,3,-42,2,-43,2,-43,1,-43,0,-43,-1,-44,-3,-45,-4,-46,-5,-47,-6,-49,-8,-49,-9,-50,-10,-51,-9,-51]"
CSI_DATA,353,5c:01:3b:6b:b0:95,-41,11,1,6,0,1,1,1,0,0,0,-97,1,11,0,26293466,0,86,1,256,1,"[86,-32,4,0,4,26,4,26,5,25,5,25,6,25,6,24,6,24,7,23,7,23,8,23,9,22,9,23,9,23,9,23,9,23,8,24,8,24,7,24,6,23,5,23,4,22,3,21,2,21,1,20,0,20,0,5,0,0,0,0,0,0,0,0,0,0,0,0,0,0,0,0,0,0,0,3,1,14,1,15,0,15,0,16,0,17,-1,17,-2,17,-2,18,-2,18,-3,19,-3,19,-3,20,-2,20,-2,21,-2,21,-1,20,-1,20,0,20,1,21,1,22,2,23,2,23,3,23,4,24,4,25,4,25,-2,15,-3,49,-3,49,-3,48,-3,48,-3,47,-2,46,-1,46,0,45,2,45,3,44,5,45,6,45,6,46,6,46,5,46,5,46,4,46,3,46,2,46,0,45,-2,43,-3,41,-4,40,-5,39,-7,38,-9,36,-20,32,-22,31,-5,5,-2,1,0,-1,0,-1,0,-1,-1,1,-1,4,-5,26,-6,26,-3,27,-5,27,-6,28,-7,29,-8,30,-9,31,-10,32,-11,33,-12,34,-12,34,-12,35,-12,35,-12,36,-12,36,-12,36,-12,37,-11,38,-10,38,-9,39,-8,40,-7,41,-6,42,-5,43,-3,45,-3,47,-2,48]"
CSI_DATA,354,5c:01:3b:6b:b0:95,-37,11,1,5,0,1,1,1,0,0,0,-97,1,11,0,26348783,0,86,1,256,1,"[86,-32,4,0,5,-25,5,-25,4,-24,3,-24,3,-24,3,-23,3,-23,2,-23,1,-24,1,-24,0,-23,0,-23,0,-24,0,-24,1,-24,1,-24,2,-24,3,-23,3,-23,4,-22,5,-21,5,-20,5,-19,6,-19,7,-18,1,-5,0,0,0,0,0,0,0,0,0,0,0,0,0,0,0,0,0,0,0,-4,3,-14,4,-14,4,-15,5,-15,5,-16,6,-16,7,-16,8,-16,8,-16,8,-17,8,-17,8,-18,8,-18,7,-18,8,-18,8,-18,8,-19,7,-19,6,-19,6,-20,6,-21,6,-21,5,-21,5,-23,5,-24,5,-25,4,-14,14,-45,14,-45,14,-45,13,-44,13,-44,12,-43,12,-43,11,-43,9,-43,7,-43,6,-44,5,-44,5,-44,5,-44,6,-44,6,-44,7,-44,8,-43,9,-42,10,-41,12,-40,13,-38,14,-36,14,-35,15,-33,16,-31,22,-26,23,-24,4,-5,1,-2,-1,0,-1,0,-1,0,0,-2,1,-5,7,-25,8,-25,8,-25,10,-26,11,-26,12,-27,14,-28,15,-28,16,-29,17,-29,18,-29,18,-30,18,-31,18,-31,18,-32,19,-32,19,-32,18,-33,18,-34,17,-34,17,-35,16,-36,16,-37,15,-39,14,-40,13,-42,13,-43,13,-44]"
CSI_DATA,355,5c:01:3b:6b:b0:95,-40,11,1,5,0,1,1,1,0,0,0,-97,1,11,0,26400234,0,86,1,256,1,"[86,-32,4,0,-7,25,-7,25,-6,25,-5,24,-5,24,-4,24,-4,24,-4,24,-3,24,-2,24,-1,24,-1,24,-2,24,-2,24,-2,25,-3,25,-3,24,-4,24,-5,23,-6,23,-6,22,-7,20,-7,20,-8,19,-8,19,-2,4,0,0,0,0,0,0,0,0,0,0,0,0,0,0,0,0,0,0,-1,3,-5,13,-5,14,-5,14,-6,15,-6,15,-7,15,-8,16,-9,16,-9,16,-9,17,-10,17,-10,18,-9,18,-9,18,-9,18,-9,18,-9,19,-9,19,-8,19,-7,20,-7,21,-7,22,-6,22,-6,23,-6,25,-6,26,-8,13,-22,44,-22,44,-22,43,-21,42,-20,42,-20,42,-19,42,-18,42,-16,42,-15,42,-14,43,-13,43,-13,44,-13,45,-14,45,-14,44,-15,44,-15,43,-17,42,-18,40,-19,39,-20,36,-20,35,-21,33,-22,31,-23,29,-32,22,-33,20,-6,3,-2,0,0,-1,0,-1,0,-1,-1,1,-3,3,-15,22,-16,21,-14,23,-15,23,-16,24,-18,24,-19,24,-20,25,-22,25,-23,26,-23,26,-23,26,-24,27,-24,28,-25,28,-26,28,-25,29,-25,30,-24,31,-24,31,-23,32,-23,34,-22,35,-22,37,-21,38,-21,40,-21,41,-21,43]"
CSI_DATA,356,5c:01:3b:6b:b0:95,-37,11,1,6,0,1,1,1,0,0,0,-97,1,11,0,26451868,0,86,1,256,1,"[86,-32,4,0,13,-1,13,-1,12,-1,12,-1,12,-1,12,-1,12,-2,12,-2,12,-3,11,-3,11,-3,11,-3,11,-3,12,-3,12,-3,12,-3,12,-3,12,-2,11,-2,11,-1,11,-1,10,0,10,0,10,0,9,0,2,0,0,0,0,0,0,0,0,0,0,0,0,0,0,0,0,0,0,0,1,-1,7,-1,7,0,8,0,8,1,8,1,8,1,9,1,9,2,9,2,9,2,10,2,10,2,10,2,10,2,10,2,10,1,10,1,10,1,10,1,10,1,11,0,11,0,11,0,12,0,13,-1,13,-1,15,0,49,2,49,2,48,2,48,1,47,1,47,0,46,-1,46,-2,46,-4,46,-5,45,-7,45,-8,45,-8,46,-8,45,-8,46,-7,46,-6,46,-5,46,-4,45,-2,43,0,41,1,40,2,39,3,37,5,36,6,34,13,32,15,5,2,1,0,-1,-1,-1,0,-1,-1,1,-1,4,-1,27,0,27,1,28,1,29,2,30,4,30,5,31,7,32,8,33,10,34,11,35,11,35,11,36,11,37,11,37,11,37,11,38,10,39,10,39,10,39,9,40,8,41,7,42,5,43,4,44,3,46,3,47,2,49,2]"
CSI_DATA,357,5c:01:3b:6b:b0:95,-36,11,1,5,0,1,1,1,0,0,0,-97,1,11,0,26499791,0,86,1,256,1,"[86,-32,4,0,-10,10,-10,10,-9,10,-9,10,-8,10,-8,10,-8,10,-8,10,-7,10,-7,10,-7,10,-7,11,-7,11,-7,11,-7,11,-7,11,-7,11,-8,10,-8,10,-8,9,-8,8,-8,8,-8,7,-8,7,-8,6,-2,1,0,0,0,0,0,0,0,0,0,0,0,0,0,0,0,0,0,0,-2,1,-6,5,-6,5,-7,5,-7,5,-7,5,-8,5,-8,6,-9,6,-9,5,-9,6,-10,6,-9,6,-9,6,-9,6,-9,6,-10,6,-9,7,-9,7,-9,7,-9,7,-9,8,-9,8,-9,8,-9,9,-10,9,-10,10,-12,10,-38,37,-39,37,-38,37,-37,36,-36,36,-35,36,-35,36,-34,36,-32,36,-30,37,-29,39,-27,39,-27,40,-28,41,-28,41,-29,41,-29,40,-30,39,-31,38,-31,35,-32,32,-31,30,-31,29,-31,27,-31,25,-32,23,-34,18,-34,16,-7,2,-2,0,0,-1,0,-1,0,-1,-2,1,-4,3,-20,21,-21,20,-22,20,-24,19,-26,19,-27,19,-29,19,-31,18,-33,18,-34,18,-35,18,-35,18,-36,20,-37,20,-37,20,-37,20,-38,21,-37,22,-37,23,-36,24,-36,25,-36,26,-37,28,-37,30,-36,31,-36,33,-37,35,-38,35]"
CSI_DATA,358,5c:01:3b:6b:b0:95,-36,11,1,5,0,1,1,1,0,0,0,-97,1,11,0,26551827,0,86,1,256,1,"[86,-32,4,0,-14,4,-14,4,-13,4,-13,4,-12,4,-12,4,-12,5,-12,5,-12,6,-12,6,-11,6,-11,6,-11,6,-11,7,-12,6,-12,6,-12,6,-12,6,-12,5,-11,5,-11,4,-11,3,-11,3,-11,3,-11,2,-3,0,0,0,0,0,0,0,0,0,0,0,0,0,0,0,0,0,0,0,-2,0,-8,2,-8,1,-9,1,-9,1,-9,1,-10,1,-10,0,-11,0,-11,0,-11,0,-12,0,-12,0,-11,0,-11,0,-12,0,-12,1,-12,1,-12,1,-12,2,-12,2,-12,2,-12,3,-12,3,-13,3,-13,4,-13,4,-17,4,-52,16,-52,15,-50,15,-49,15,-48,16,-47,16,-46,16,-46,17,-45,19,-44,21,-43,23,-43,24,-43,24,-43,25,-43,25,-44,24,-44,23,-44,22,-45,20,-44,18,-44,16,-42,14,-41,13,-40,12,-39,10,-38,8,-38,3,-37,1,-7,-1,-2,-1,0,-1,0,-1,0,-1,-2,0,-5,2,-26,11,-27,9,-30,7,-31,6,-32,5,-34,3,-35,3,-37,1,-38,0,-39,-1,-40,-1,-40,-1,-41,0,-42,1,-42,1,-43,1,-43,2,-44,2,-44,3,-44,4,-44,5,-44,6,-45,7,-46,9,-46,11,-47,14,-49,15,-49,15]"
CSI_DATA,359,5c:01:3b:6b:b0:95,-34,11,1,4,0,1,1,1,0,0,0,-97,1,11,0,26610970,0,86,1,256,1,"[86,-32,4,0,-7,-13,-7,-13,-7,-13,-7,-13,-8,-12,-8,-12,-8,-12,-8,-11,-8,-11,-9,-11,-9,-11,-9,-11,-9,-11,-9,-11,-9,-11,-9,-11,-8,-12,-8,-11,-7,-11,-7,-11,-6,-11,-6,-11,-5,-11,-5,-11,-4,-11,-1,-3,0,0,0,0,0,0,0,0,0,0,0,0,0,0,0,0,0,0,-1,-2,-4,-8,-4,-8,-4,-9,-4,-9,-4,-9,-4,-10,-4,-10,-4,-10,-3,-11,-3,-11,-3,-12,-3,-12,-3,-12,-3,-12,-4,-12,-4,-12,-4,-12,-5,-11,-5,-12,-5,-12,-6,-12,-6,-12,-6,-12,-7,-12,-7,-13,-7,-13,-6,-16,-18,-51,-18,-52,-17,-51,-17,-50,-18,-49,-19,-49,-19,-48,-20,-46,-22,-45,-23,-45,-25,-45,-26,-44,-26,-44,-26,-44,-26,-45,-26,-45,-24,-45,-23,-45,-21,-45,-19,-45,-17,-45,-16,-44,-14,-43,-13,-42,-10,-41,-8,-40,1,-40,4,-39,0,-7,0,-3,-1,0,0,0,-1,0,-1,-2,-2,-6,-9,-30,-9,-30,-11,-31,-10,-32,-8,-34,-8,-35,-7,-36,-7,-37,-6,-39,-5,-40,-4,-41,-4,-42,-4,-43,-4,-44,-4,-44,-4,-44,-5,-44,-5,-45,-6,-45,-8,-44,-9,-45,-10,-46,-12,-46,-13,-47,-15,-47,-16,-48,-17,-50,-18,-52]"
CSI_DATA,360,5c:01:3b:6b:b0:95,-39,11,1,5,0,1,1,1,0,0,0,-97,1,11,0,26660157,0,86,1,256,1,"[86,-32,4,0,-23,-13,-23,-13,-23,-12,-22,-12,-22,-11,-22,-11,-22,-10,-22,-9,-23,-8,-23,-8,-23,-7,-23,-7,-24,-7,-24,-7,-24,-7,-24,-8,-23,-8,-23,-9,-22,-9,-21,-10,-20,-10,-19,-11,-18,-11,-17,-11,-17,-11,-5,-3,0,0,0,0,0,0,0,0,0,0,0,0,0,0,0,0,0,0,-4,-2,-13,-8,-13,-9,-13,-10,-13,-11,-14,-11,-14,-12,-14,-12,-14,-13,-14,-14,-14,-14,-14,-15,-14,-15,-14,-15,-15,-15,-15,-15,-16,-14,-17,-14,-17,-13,-17,-14,-18,-14,-18,-13,-19,-13,-20,-13,-21,-13,-22,-13,-23,-13,-13,-9,-43,-26,-42,-27,-42,-26,-41,-25,-41,-24,-41,-23,-41,-22,-41,-21,-41,-20,-42,-19,-43,-17,-44,-16,-44,-16,-44,-16,-44,-16,-44,-16,-44,-17,-43,-18,-42,-19,-41,-20,-39,-21,-37,-21,-35,-21,-33,-22,-31,-22,-29,-23,-25,-27,-23,-28,-4,-5,-2,-2,0,0,0,0,0,0,-2,-1,-5,-3,-23,-14,-23,-15,-24,-17,-24,-18,-24,-20,-24,-21,-24,-23,-25,-24,-25,-26,-25,-27,-25,-28,-25,-29,-25,-29,-26,-29,-26,-29,-27,-29,-28,-29,-29,-29,-30,-28,-30,-28,-31,-27,-32,-27,-34,-26,-35,-26,-36,-26,-38,-26,-40,-26,-41,-26]"
CSI_DATA,361,5c:01:3b:6b:b0:95,-40,11,1,5,0,1,1,1,0,0,0,-97,1,11,0,26707816,0,86,1,256,1,"[86,-32,4,0,-24,10,-24,10,-23,10,-22,10,-22,11,-21,11,-21,12,-20,12,-20,12,-20,12,-20,13,-20,13,-20,14,-20,14,-20,14,-20,14,-20,13,-20,13,-20,12,-20,11,-20,9,-19,8,-19,7,-19,6,-19,6,-5,1,0,0,0,0,0,0,0,0,0,0,0,0,0,0,0,0,0,0,-4,1,-14,5,-15,5,-15,4,-16,4,-17,4,-18,4,-18,4,-19,4,-19,3,-19,3,-20,2,-21,2,-20,2,-20,3,-20,3,-21,4,-21,5,-20,5,-20,6,-20,6,-20,7,-21,8,-21,8,-22,8,-23,9,-24,10,-14,6,-45,20,-45,19,-45,19,-44,19,-42,20,-41,21,-40,21,-40,22,-39,23,-38,24,-38,24,-38,25,-38,26,-39,27,-39,26,-39,26,-39,25,-39,25,-39,24,-38,22,-38,20,-37,17,-37,15,-37,13,-37,11,-36,9,-37,5,-36,3,-7,0,-2,-1,0,-1,0,-1,0,-1,-2,0,-4,2,-23,13,-24,11,-26,10,-28,9,-29,8,-30,8,-32,8,-33,7,-35,7,-36,6,-36,5,-36,5,-37,5,-38,5,-38,5,-39,6,-39,6,-40,7,-40,8,-40,9,-40,11,-40,12,-40,14,-40,15,-41,16,-42,17,-43,18,-44,18]"
CSI_DATA,362,5c:01:3b:6b:b0:95,-37,11,1,6,0,1,1,1,0,0,0,-97,1,11,0,26764601,0,86,1,256,1,"[86,-32,4,0,-6,-14,-6,-13,-6,-13,-6,-13,-7,-13,-7,-12,-7,-12,-7,-12,-8,-11,-8,-11,-8,-11,-8,-11,-8,-11,-8,-11,-8,-11,-8,-11,-8,-12,-7,-12,-6,-12,-6,-11,-5,-11,-5,-11,-5,-11,-4,-11,-4,-11,-1,-3,0,0,0,0,0,0,0,0,0,0,0,0,0,0,0,0,0,0,-1,-2,-4,-8,-4,-8,-3,-9,-3,-9,-3,-10,-3,-10,-3,-10,-2,-10,-2,-11,-2,-11,-2,-11,-2,-12,-2,-12,-3,-12,-3,-12,-3,-12,-3,-12,-3,-11,-4,-12,-4,-12,-4,-12,-5,-12,-5,-12,-6,-13,-6,-13,-6,-13,-5,-16,-17,-52,-17,-52,-16,-51,-15,-50,-15,-49,-16,-48,-17,-47,-18,-47,-20,-46,-21,-46,-23,-45,-24,-44,-24,-45,-24,-45,-24,-45,-24,-45,-23,-45,-22,-46,-20,-47,-18,-46,-16,-45,-14,-44,-13,-43,-11,-42,-9,-41,-7,-40,3,-40,5,-39,1,-7,0,-3,-1,0,0,0,-1,0,-1,-2,-2,-5,-8,-29,-7,-30,-9,-30,-8,-32,-6,-33,-5,-35,-5,-36,-4,-38,-3,-39,-2,-40,-1,-41,-2,-41,-2,-42,-2,-43,-2,-43,-2,-43,-3,-44,-3,-45,-4,-45,-5,-45,-6,-45,-8,-45,-9,-46,-10,-46,-12,-47,-13,-49,-14,-50,-15,-51]"
CSI_DATA,363,5c:01:3b:6b:b0:95,-37,11,1,6,0,1,1,1,0,0,0,-97,1,11,0,26811830,0,86,1,256,1,"[86,-32,4,0,-4,24,-4,24,-3,23,-3,23,-2,23,-2,23,-1,22,-1,22,-1,22,0,22,1,22,1,22,0,22,1,22,0,22,0,23,-1,22,-1,22,-2,21,-3,21,-4,20,-5,19,-5,18,-6,18,-6,17,-2,4,0,0,0,0,0,0,0,0,0,0,0,0,0,0,0,0,0,0,-1,3,-2,13,-2,14,-3,15,-3,15,-4,16,-5,16,-6,16,-6,17,-7,17,-7,17,-7,18,-7,18,-7,19,-7,19,-7,19,-7,19,-6,18,-6,19,-5,20,-5,20,-4,21,-4,21,-4,21,-4,23,-3,24,-3,24,-5,13,-14,45,-15,44,-15,43,-15,42,-14,42,-13,41,-12,41,-11,41,-9,40,-8,41,-7,41,-6,42,-6,42,-6,43,-7,42,-7,42,-8,42,-9,41,-10,40,-12,39,-13,37,-14,36,-14,34,-15,33,-16,31,-17,30,-24,24,-26,23,-5,3,-2,0,0,-1,0,-1,0,-1,-1,1,-2,4,-8,25,-9,25,-7,25,-9,26,-11,26,-12,27,-14,28,-15,29,-16,29,-17,30,-18,30,-18,30,-19,31,-19,31,-19,32,-20,32,-20,32,-20,33,-19,33,-18,33,-17,34,-17,35,-16,36,-15,38,-15,39,-14,41,-14,42,-14,43]"
CSI_DATA,364,5c:01:3b:6b:b0:95,-37,11,1,6,0,1,1,1,0,0,0,-97,1,11,0,26863898,0,86,1,256,1,"[86,-32,4,0,-14,-4,-14,-4,-14,-3,-13,-3,-13,-3,-13,-3,-13,-3,-13,-2,-13,-2,-13,-1,-13,-1,-13,-1,-13,-1,-14,-1,-14,-1,-13,-1,-13,-1,-13,-2,-13,-2,-12,-2,-12,-3,-11,-3,-11,-3,-11,-4,-10,-4,-3,-1,0,0,0,0,0,0,0,0,0,0,0,0,0,0,0,0,0,0,-2,-1,-8,-3,-8,-3,-9,-4,-9,-4,-9,-4,-9,-5,-9,-5,-10,-5,-10,-6,-10,-6,-10,-6,-10,-6,-10,-6,-10,-6,-10,-6,-11,-6,-11,-5,-11,-5,-11,-5,-11,-5,-11,-5,-12,-4,-12,-4,-13,-4,-13,-4,-14,-4,-15,-8,-49,-22,-49,-22,-48,-22,-47,-21,-46,-20,-46,-19,-46,-18,-46,-17,-46,-15,-47,-14,-48,-12,-49,-11,-50,-11,-50,-11,-49,-11,-48,-12,-48,-13,-47,-14,-47,-15,-45,-17,-44,-18,-41,-18,-40,-18,-39,-18,-37,-19,-35,-20,-29,-28,-27,-29,-5,-6,-2,-2,0,0,0,0,0,0,-2,-1,-5,-3,-26,-14,-26,-16,-28,-15,-28,-17,-28,-18,-29,-20,-29,-22,-29,-24,-29,-25,-30,-26,-30,-27,-30,-27,-32,-27,-33,-27,-33,-28,-33,-28,-34,-28,-35,-28,-35,-27,-35,-26,-36,-25,-38,-25,-39,-24,-41,-23,-43,-22,-45,-22,-46,-22,-47,-22]"
CSI_DATA,365,5c:01:3b:6b:b0:95,-39,11,1,5,0,1,1,1,0,0,0,-97,1,11,0,26919759,0,86,1,256,1,"[86,-32,4,0,-21,17,-20,17,-19,16,-19,16,-18,16,-18,16,-17,17,-17,17,-16,18,-15,18,-15,18,-15,19,-15,19,-16,19,-16,19,-16,19,-16,18,-17,18,-17,17,-17,16,-17,14,-17,13,-17,13,-17,12,-17,11,-5,2,0,0,0,0,0,0,0,0,0,0,0,0,0,0,0,0,0,0,-3,2,-12,10,-13,9,-14,9,-14,9,-15,9,-16,9,-17,9,-18,9,-18,8,-18,9,-19,9,-19,9,-19,9,-19,9,-19,9,-20,10,-19,10,-19,11,-18,11,-18,12,-19,13,-19,13,-18,14,-19,15,-20,16,-20,17,-13,8,-42,28,-42,28,-41,28,-40,27,-39,28,-38,28,-37,28,-37,29,-35,29,-34,31,-33,32,-32,33,-32,34,-33,34,-33,33,-34,33,-34,32,-34,31,-35,30,-35,28,-35,26,-35,24,-34,22,-34,21,-34,19,-34,16,-36,9,-36,7,-7,1,-2,0,0,-1,0,-1,0,-1,-2,1,-4,3,-22,17,-23,16,-24,16,-26,16,-28,15,-29,15,-31,14,-32,14,-34,13,-35,13,-35,12,-36,12,-37,13,-37,14,-38,14,-38,15,-38,15,-38,15,-38,16,-37,17,-38,18,-38,19,-38,21,-39,23,-38,24,-39,26,-40,27,-40,28]"
CSI_DATA,366,5c:01:3b:6b:b0:95,-36,11,1,6,0,1,1,1,0,0,0,-97,1,11,0,26967946,0,86,1,256,1,"[86,-32,4,0,-8,12,-8,12,-7,11,-7,11,-7,11,-6,11,-6,11,-6,11,-5,12,-5,12,-5,12,-5,11,-5,12,-5,12,-5,12,-5,12,-5,12,-6,12,-6,11,-6,10,-6,10,-6,9,-7,9,-7,8,-7,8,-2,2,0,0,0,0,0,0,0,0,0,0,0,0,0,0,0,0,0,0,-2,1,-5,7,-5,7,-6,7,-6,7,-7,7,-7,7,-8,7,-8,7,-8,7,-8,7,-9,8,-9,8,-8,8,-8,7,-8,7,-9,8,-9,8,-8,8,-8,9,-8,9,-8,9,-8,10,-7,10,-7,11,-8,11,-8,11,-11,13,-32,43,-32,42,-32,42,-31,41,-30,41,-29,42,-27,41,-26,41,-25,41,-24,41,-23,43,-22,44,-22,44,-22,44,-22,44,-22,44,-23,43,-23,43,-24,42,-25,40,-26,37,-26,35,-26,33,-27,32,-28,30,-29,28,-33,22,-34,20,-6,3,-2,0,0,-1,0,-1,0,-1,-1,1,-3,3,-17,23,-18,23,-20,24,-21,23,-24,23,-25,24,-27,24,-28,24,-30,24,-31,24,-32,24,-32,24,-33,25,-33,26,-33,26,-34,26,-34,26,-34,27,-34,28,-33,29,-32,31,-32,32,-32,34,-31,36,-30,38,-30,39,-31,40,-31,41]"
CSI_DATA,367,5c:01:3b:6b:b0:95,-40,11,1,6,0,1,1,1,0,0,0,-97,1,11,0,27019788,0,86,1,256,1,"[86,-32,4,0,-20,-19,-20,-19,-20,-18,-20,-17,-20,-17,-20,-16,-20,-15,-20,-14,-20,-14,-21,-14,-21,-14,-21,-14,-22,-14,-22,-14,-22,-14,-22,-14,-21,-14,-20,-14,-19,-15,-19,-15,-17,-15,-16,-16,-15,-16,-14,-16,-14,-16,-4,-4,0,0,0,0,0,0,0,0,0,0,0,0,0,0,0,0,0,0,-3,-3,-11,-11,-11,-12,-11,-13,-12,-14,-12,-15,-11,-15,-11,-15,-11,-16,-11,-17,-11,-17,-11,-18,-11,-18,-11,-19,-12,-19,-12,-19,-13,-18,-13,-18,-14,-17,-14,-18,-15,-18,-16,-18,-17,-18,-17,-17,-18,-18,-19,-19,-20,-18,-10,-13,-33,-39,-32,-40,-32,-39,-31,-38,-31,-37,-31,-36,-31,-35,-32,-34,-33,-33,-34,-32,-35,-31,-36,-30,-37,-31,-37,-31,-36,-31,-36,-32,-36,-32,-35,-33,-33,-33,-31,-34,-29,-34,-27,-33,-26,-33,-24,-33,-22,-33,-20,-33,-11,-36,-9,-36,-2,-7,-1,-2,0,0,0,0,0,0,-1,-1,-4,-4,-18,-22,-17,-23,-19,-23,-18,-25,-18,-27,-17,-28,-17,-30,-17,-31,-17,-33,-16,-34,-16,-35,-16,-35,-17,-36,-17,-36,-17,-36,-17,-37,-18,-37,-19,-37,-19,-37,-20,-37,-21,-37,-23,-37,-24,-36,-26,-36,-27,-36,-29,-37,-30,-38,-31,-39]"
CSI_DATA,368,5c:01:3b:6b:b0:95,-35,11,1,5,0,1,1,1,0,0,0,-97,1,11,0,27077737,0,86,1,256,1,"[86,-32,4,0,-3,12,-2,12,-2,12,-2,12,-1,12,-1,12,-1,11,-1,11,0,11,0,11,0,11,0,11,0,12,0,12,0,12,0,12,0,12,-1,12,-1,11,-2,11,-2,10,-2,10,-3,9,-3,9,-3,9,-1,2,0,0,0,0,0,0,0,0,0,0,0,0,0,0,0,0,0,0,-1,1,-2,7,-2,7,-2,7,-2,8,-3,8,-3,8,-3,8,-4,9,-4,9,-4,9,-5,9,-5,9,-4,9,-4,9,-4,9,-4,9,-4,10,-3,10,-3,10,-3,10,-3,10,-2,11,-2,11,-2,11,-2,12,-2,12,-3,14,-6,48,-7,48,-6,48,-5,47,-4,47,-4,46,-3,46,-2,45,0,43,1,43,3,44,4,44,4,45,4,45,4,45,3,45,2,45,1,45,0,44,-1,43,-3,42,-5,40,-6,39,-7,37,-8,36,-10,35,-10,34,-13,33,-3,5,-2,1,-1,-1,-1,-1,-1,-1,0,1,0,4,2,27,1,27,-3,27,-4,28,-6,29,-7,30,-9,31,-10,32,-11,33,-12,33,-13,34,-13,34,-14,35,-14,36,-14,36,-14,36,-14,37,-13,37,-12,38,-11,38,-11,39,-10,40,-9,41,-8,42,-6,43,-6,45,-6,46,-6,46]"
CSI_DATA,369,5c:01:3b:6b:b0:95,-37,11,1,6,0,1,1,1,0,0,0,-97,1,11,0,27123765,0,86,1,256,1,"[86,-32,4,0,1,-14,1,-14,1,-14,0,-14,0,-14,0,-13,0,-13,0,-13,0,-13,-1,-14,-1,-13,-1,-13,-1,-13,-1,-14,-1,-14,-1,-14,0,-14,0,-14,0,-13,1,-13,1,-12,1,-12,2,-11,2,-11,3,-11,0,-3,0,0,0,0,0,0,0,0,0,0,0,0,0,0,0,0,0,0,0,-2,0,-8,1,-9,1,-9,1,-9,2,-10,2,-10,2,-10,3,-10,3,-10,3,-10,3,-11,3,-11,3,-11,3,-11,3,-11,3,-11,3,-11,2,-12,2,-12,2,-12,2,-12,1,-13,1,-13,1,-13,1,-14,2,-15,-1,-17,-1,-53,-1,-53,-1,-53,-2,-53,-2,-52,-2,-51,-3,-51,-4,-50,-5,-49,-6,-49,-8,-49,-9,-49,-10,-49,-10,-49,-10,-49,-10,-49,-9,-50,-7,-50,-5,-50,-4,-48,-1,-47,0,-45,1,-44,3,-43,5,-42,7,-40,6,-39,8,-38,1,-7,0,-3,-1,0,0,0,-1,0,-1,-2,-2,-6,-7,-29,-6,-29,-1,-31,0,-32,2,-33,3,-34,4,-35,5,-36,6,-37,7,-38,8,-38,9,-39,9,-40,10,-41,10,-42,9,-42,9,-42,8,-43,7,-43,6,-44,5,-44,4,-46,3,-47,2,-48,2,-49,1,-50,0,-51,0,-52]"
CSI_DATA,370,5c:01:3b:6b:b0:95,-35,11,1,5,0,1,1,1,0,0,0,-97,1,11,0,27177869,0,86,1,256,1,"[86,-32,4,0,20,11,19,10,19,10,19,9,19,9,19,9,19,8,19,7,19,6,19,6,19,5,19,5,20,6,20,6,20,6,20,6,19,7,19,7,18,8,17,8,16,9,15,9,14,9,14,9,13,9,3,2,0,0,0,0,0,0,0,0,0,0,0,0,0,0,0,0,0,0,3,1,12,4,12,5,12,6,12,7,13,8,13,8,13,9,13,9,13,10,14,10,14,11,14,11,14,11,14,11,14,11,14,11,15,10,15,10,15,10,16,10,16,10,17,10,18,10,18,10,20,10,20,10,10,7,35,23,35,24,34,23,34,23,33,22,33,21,33,21,34,19,34,18,34,16,35,15,36,14,36,14,36,15,36,16,36,16,35,17,34,17,34,18,32,19,30,20,28,20,27,20,26,20,24,21,22,21,18,25,16,26,2,4,0,1,-1,-1,-1,-1,-1,-1,1,0,3,1,21,10,21,12,22,12,22,14,21,16,21,17,22,19,22,20,22,21,22,22,22,23,22,23,23,24,24,24,24,24,24,25,24,25,24,25,25,24,25,23,26,23,27,23,28,23,29,23,31,22,32,22,34,22,35,22]"
CSI_DATA,371,5c:01:3b:6b:b0:95,-35,11,1,5,0,1,1,1,0,0,0,-97,1,11,0,27229519,0,86,1,256,1,"[86,-32,4,0,-5,-38,-6,-38,-7,-36,-7,-36,-7,-36,-8,-35,-8,-35,-9,-34,-10,-33,-12,-33,-13,-33,-13,-33,-13,-33,-13,-33,-12,-33,-12,-34,-10,-34,-9,-34,-7,-33,-6,-32,-5,-31,-5,-30,-4,-29,-3,-29,-2,-28,-1,-7,0,0,0,0,0,0,0,0,0,0,0,0,0,0,0,0,0,0,-2,-6,-4,-23,-3,-24,-3,-26,-2,-27,-2,-28,0,-28,2,-29,3,-29,3,-30,3,-30,3,-31,3,-32,2,-32,2,-32,1,-32,1,-32,0,-31,0,-32,-1,-33,-2,-34,-3,-34,-3,-34,-5,-34,-6,-36,-6,-37,-7,-38,-2,-12,-4,-37,-4,-36,-4,-36,-4,-35,-4,-34,-4,-34,-5,-33,-6,-33,-7,-32,-9,-32,-10,-32,-11,-32,-11,-32,-11,-32,-11,-33,-10,-33,-9,-32,-9,-32,-7,-32,-6,-32,-5,-31,-4,-30,-3,-29,-3,-28,-1,-27,0,-26,4,-26,6,-25,1,-5,0,-2,-1,0,0,0,0,0,-1,-2,-1,-4,-5,-21,-4,-22,-3,-23,-2,-23,-1,-24,0,-25,1,-26,2,-27,3,-27,4,-28,4,-28,4,-28,3,-29,3,-30,3,-30,3,-30,3,-30,3,-31,2,-31,2,-31,1,-31,1,-31,0,-32,-1,-33,-2,-33,-4,-34,-4,-35,-5,-36]"
CSI_DATA,372,5c:01:3b:6b:b0:95,-34,11,1,4,0,1,1,1,0,0,0,-97,1,11,0,27283104,0,86,1,256,1,"[86,-32,4,0,-27,-34,-27,-34,-27,-32,-27,-31,-27,-31,-27,-30,-27,-29,-28,-27,-28,-26,-29,-26,-30,-25,-31,-25,-31,-25,-31,-25,-30,-26,-30,-27,-29,-27,-28,-27,-26,-27,-24,-27,-23,-27,-21,-27,-20,-27,-18,-27,-18,-27,-5,-7,0,0,0,0,0,0,0,0,0,0,0,0,0,0,0,0,0,0,-4,-5,-16,-20,-16,-22,-16,-24,-16,-26,-16,-27,-15,-28,-15,-29,-14,-29,-14,-30,-14,-31,-14,-32,-14,-33,-15,-34,-15,-34,-15,-33,-16,-32,-17,-31,-17,-31,-19,-32,-20,-32,-21,-32,-22,-32,-23,-32,-24,-32,-26,-34,-27,-34,-5,-12,-16,-36,-16,-36,-16,-36,-15,-34,-16,-34,-16,-34,-16,-32,-17,-31,-18,-30,-20,-30,-21,-30,-22,-29,-22,-29,-22,-29,-21,-29,-21,-30,-20,-30,-19,-30,-18,-30,-16,-30,-15,-30,-14,-30,-13,-29,-12,-28,-11,-28,-9,-28,0,-29,2,-28,0,-5,0,-2,-1,0,0,0,0,0,-1,-2,-2,-4,-9,-22,-8,-23,-11,-23,-10,-24,-10,-26,-9,-27,-8,-27,-7,-28,-7,-29,-6,-30,-6,-31,-6,-31,-7,-32,-7,-32,-7,-32,-7,-32,-7,-32,-7,-33,-8,-32,-8,-32,-9,-32,-10,-32,-11,-33,-12,-33,-14,-33,-15,-34,-17,-35,-18,-36]"
CSI_DATA,373,5c:01:3b:6b:b0:95,-40,11,1,6,0,1,1,1,0,0,0,-97,1,11,0,27331820,0,86,1,256,1,"[86,-32,4,0,-13,21,-12,22,-12,21,-11,21,-10,21,-10,21,-9,21,-9,21,-9,21,-8,21,-7,21,-7,21,-7,22,-7,22,-8,22,-8,22,-9,22,-9,21,-10,20,-10,19,-10,18,-11,17,-11,16,-11,16,-12,15,-3,3,0,0,0,0,0,0,0,0,0,0,0,0,0,0,0,0,0,0,-2,3,-8,13,-8,13,-9,13,-9,13,-10,13,-12,14,-12,14,-13,14,-14,14,-14,14,-14,14,-15,15,-14,15,-14,15,-14,15,-14,15,-14,15,-13,16,-13,16,-12,17,-12,18,-12,18,-12,19,-12,19,-12,21,-13,22,-10,11,-30,37,-29,37,-29,36,-28,36,-27,36,-26,36,-25,36,-24,36,-22,37,-21,37,-20,38,-20,39,-20,39,-20,39,-20,39,-20,39,-21,38,-21,38,-22,37,-23,35,-24,33,-24,31,-24,30,-25,29,-25,27,-26,25,-31,18,-31,16,-6,2,-2,0,0,-1,0,-1,0,-1,-1,1,-3,4,-17,22,-18,21,-18,22,-19,22,-21,22,-23,21,-24,22,-25,22,-27,22,-28,22,-29,22,-29,22,-30,23,-31,23,-31,23,-31,24,-31,24,-31,24,-30,25,-30,25,-29,27,-29,28,-29,30,-29,31,-28,33,-28,34,-28,36,-28,37]"
CSI_DATA,374,5c:01:3b:6b:b0:95,-35,11,1,5,0,1,1,1,0,0,0,-97,1,11,0,27383842,0,86,1,256,1,"[86,-32,4,0,19,-18,19,-19,18,-18,18,-18,17,-18,17,-18,16,-18,15,-18,15,-19,14,-20,14,-20,14,-20,14,-21,14,-21,14,-20,15,-20,15,-20,16,-20,16,-18,16,-17,15,-16,15,-14,16,-14,16,-13,16,-12,4,-3,0,0,0,0,0,0,0,0,0,0,0,0,0,0,0,0,0,0,2,-3,11,-11,12,-11,13,-12,13,-11,14,-11,16,-11,17,-11,17,-11,17,-10,17,-10,18,-10,19,-11,18,-11,18,-11,18,-11,19,-12,18,-12,18,-12,18,-13,18,-14,18,-15,18,-15,17,-15,18,-17,19,-17,20,-18,13,-9,41,-28,41,-28,41,-27,40,-27,39,-27,38,-27,37,-27,36,-28,34,-29,33,-31,32,-32,31,-33,31,-34,32,-34,32,-33,33,-33,33,-32,33,-31,34,-30,34,-28,34,-26,33,-24,33,-22,33,-21,33,-19,32,-17,36,-8,36,-5,6,-1,1,-1,-1,0,-1,0,-1,0,1,-2,4,-4,24,-18,25,-17,24,-18,26,-17,27,-16,29,-15,31,-15,32,-14,34,-14,35,-13,35,-13,35,-13,36,-14,37,-14,37,-15,38,-14,38,-14,38,-15,38,-16,38,-16,38,-17,38,-18,38,-20,38,-21,38,-23,38,-25,39,-27,40,-28]"
CSI_DATA,375,5c:01:3b:6b:b0:95,-35,11,1,5,0,1,1,1,0,0,0,-97,1,11,0,27435808,0,86,1,256,1,"[86,-32,4,0,13,3,13,3,12,3,12,2,12,2,12,2,12,2,12,1,12,0,12,0,12,0,12,0,12,0,12,0,13,0,12,0,12,1,12,1,12,1,11,1,11,2,10,2,10,2,10,3,9,3,2,0,0,0,0,0,0,0,0,0,0,0,0,0,0,0,0,0,0,0,1,0,8,1,8,2,8,2,8,3,8,3,9,3,9,3,9,4,9,4,9,4,9,5,9,5,9,5,9,5,9,5,10,4,10,4,10,4,10,4,10,4,11,3,11,3,11,3,12,3,13,3,13,3,14,5,49,18,47,18,47,18,46,17,45,16,45,15,45,14,45,13,45,11,45,9,46,7,47,6,47,6,48,6,48,6,47,7,46,9,46,9,46,10,44,11,43,12,40,13,39,14,37,14,35,16,34,17,29,23,27,24,4,4,1,1,-1,-1,-1,-1,-1,-1,1,0,4,1,27,8,27,10,29,9,29,11,29,13,29,15,30,17,31,19,32,20,32,21,32,22,32,22,33,23,34,23,34,23,35,23,35,23,35,22,36,22,36,21,37,21,38,20,40,19,41,19,42,18,44,17,46,17,47,17]"
CSI_DATA,376,5c:01:3b:6b:b0:95,-35,11,1,5,0,1,1,1,0,0,0,-97,1,11,0,27487821,0,86,1,256,1,"[86,-32,4,0,-5,12,-5,12,-4,12,-4,12,-4,12,-4,12,-3,12,-3,12,-3,12,-3,12,-2,11,-2,12,-2,12,-2,12,-2,12,-2,12,-3,12,-3,12,-3,11,-4,11,-4,10,-4,10,-4,9,-5,9,-5,9,-2,2,0,0,0,0,0,0,0,0,0,0,0,0,0,0,0,0,0,0,-1,1,-3,7,-3,8,-4,8,-4,8,-4,8,-5,8,-5,9,-6,9,-6,9,-6,9,-7,9,-7,9,-6,9,-6,9,-6,9,-6,9,-6,9,-6,10,-6,10,-5,10,-5,10,-5,11,-5,11,-5,11,-5,12,-5,12,-2,15,-7,49,-7,49,-6,49,-5,48,-5,47,-4,47,-4,47,-3,46,-2,45,0,45,2,45,3,45,3,45,3,46,3,46,3,46,2,46,1,46,-1,45,-3,44,-4,43,-5,41,-6,40,-7,39,-8,37,-10,36,-5,36,-6,36,-2,6,-1,1,-1,-1,-1,-2,-1,-1,0,1,1,4,8,28,7,28,-3,29,-4,30,-6,31,-7,32,-8,32,-10,34,-12,34,-14,35,-15,35,-15,36,-15,37,-15,38,-15,38,-14,38,-14,38,-14,39,-13,39,-12,39,-11,40,-10,41,-10,43,-9,44,-8,45,-7,46,-7,47,-7,47]"
CSI_DATA,377,5c:01:3b:6b:b0:95,-39,11,1,5,0,1,1,1,0,0,0,-97,1,11,0,27544429,0,86,1,256,1,"[86,-32,4,0,-3,-27,-3,-27,-3,-26,-4,-25,-4,-25,-5,-25,-5,-24,-5,-24,-6,-24,-7,-24,-7,-24,-7,-24,-8,-24,-8,-24,-8,-24,-7,-25,-6,-24,-6,-24,-5,-24,-4,-24,-3,-23,-2,-22,-1,-22,0,-21,1,-21,0,-6,0,0,0,0,0,0,0,0,0,0,0,0,0,0,0,0,0,0,-1,-4,-2,-16,-2,-16,-1,-17,-1,-18,0,-18,1,-19,1,-19,2,-19,2,-20,3,-21,3,-21,3,-22,3,-22,3,-22,2,-22,2,-22,2,-22,1,-22,0,-22,0,-23,-1,-24,-1,-24,-1,-24,-2,-25,-2,-26,-2,-26,-1,-16,-2,-50,-1,-50,-2,-50,-2,-49,-2,-48,-3,-48,-3,-47,-5,-47,-7,-46,-8,-46,-10,-46,-11,-46,-12,-46,-12,-47,-11,-47,-11,-47,-10,-47,-9,-47,-7,-46,-6,-46,-4,-45,-2,-44,-1,-42,0,-41,2,-40,4,-39,10,-37,12,-35,2,-7,0,-2,-1,0,-1,0,-1,0,-1,-2,-1,-5,-3,-29,-2,-29,-2,-30,0,-31,1,-32,3,-33,4,-34,5,-35,6,-36,7,-37,8,-37,8,-38,8,-39,8,-40,9,-40,9,-40,8,-40,7,-41,7,-42,6,-42,5,-42,5,-43,4,-43,2,-45,1,-46,0,-47,-1,-49,-1,-50]"
CSI_DATA,378,5c:01:3b:6b:b0:95,-36,11,1,5,0,1,1,1,0,0,0,-97,1,11,0,27593680,0,86,1,256,1,"[86,-32,4,0,-14,3,-14,3,-13,3,-13,3,-13,3,-13,3,-13,3,-12,4,-12,4,-12,5,-12,5,-12,5,-12,5,-12,5,-13,5,-13,4,-13,4,-13,4,-12,3,-12,3,-12,2,-12,1,-11,1,-11,1,-11,0,-3,0,0,0,0,0,0,0,0,0,0,0,0,0,0,0,0,0,0,0,-2,0,-8,2,-9,2,-9,1,-9,1,-10,1,-10,1,-11,1,-11,0,-11,0,-11,0,-12,0,-12,0,-12,0,-11,0,-12,0,-12,0,-12,0,-12,1,-12,1,-12,1,-12,1,-12,1,-12,2,-13,2,-14,3,-14,3,-17,0,-53,3,-53,3,-53,3,-51,3,-50,4,-49,4,-49,5,-48,6,-48,7,-48,9,-48,11,-48,12,-48,13,-49,13,-49,12,-48,11,-48,10,-48,9,-48,7,-47,5,-46,3,-45,2,-44,1,-42,0,-41,-2,-40,-4,-38,-12,-36,-14,-7,-3,-2,-2,0,-1,0,-1,0,-1,-2,0,-6,1,-30,5,-30,3,-31,5,-32,3,-33,1,-35,-1,-36,-2,-37,-3,-39,-5,-39,-6,-40,-6,-41,-6,-42,-6,-43,-5,-43,-6,-43,-6,-43,-6,-44,-6,-44,-5,-44,-4,-44,-3,-44,-2,-45,-1,-47,0,-47,2,-49,3,-50,4,-51,4]"
CSI_DATA,379,5c:01:3b:6b:b0:95,-34,11,1,4,0,1,1,1,0,0,0,-97,1,11,0,27649718,0,86,1,256,1,"[86,-32,4,0,8,-11,8,-11,7,-10,7,-10,7,-10,7,-10,7,-10,6,-10,6,-11,6,-11,5,-11,5,-11,5,-11,6,-11,6,-11,6,-11,6,-11,7,-11,7,-10,7,-9,7,-9,7,-8,7,-8,7,-7,7,-7,1,-2,0,0,0,0,0,0,0,0,0,0,0,0,0,0,0,0,0,0,1,-2,4,-7,5,-7,5,-7,5,-7,6,-7,6,-7,7,-7,7,-7,7,-7,8,-7,8,-7,8,-7,8,-7,8,-7,8,-7,8,-7,8,-8,7,-8,7,-8,7,-8,7,-9,8,-9,7,-9,7,-10,8,-10,8,-11,10,-11,34,-35,35,-34,35,-34,34,-34,33,-34,33,-35,31,-34,29,-34,28,-35,28,-36,27,-37,26,-38,25,-38,26,-38,27,-38,27,-37,28,-36,28,-35,29,-34,30,-33,30,-31,30,-29,30,-28,30,-25,30,-23,31,-21,33,-14,33,-12,5,-2,1,-1,-1,0,-1,0,-1,0,0,-2,3,-5,18,-23,19,-22,20,-23,21,-23,23,-23,25,-22,26,-22,28,-21,29,-21,31,-21,31,-20,32,-20,33,-21,34,-21,34,-21,35,-21,34,-22,34,-22,33,-23,33,-24,33,-25,33,-27,33,-28,33,-29,33,-30,33,-32,34,-33,35,-34]"
CSI_DATA,380,5c:01:3b:6b:b0:95,-36,11,1,6,0,1,1,1,0,0,0,-97,1,11,0,27695858,0,86,1,256,1,"[86,-32,4,0,12,-3,12,-4,12,-4,12,-4,12,-4,11,-4,11,-4,11,-4,11,-5,11,-5,10,-6,11,-6,11,-6,11,-6,11,-6,11,-5,11,-5,11,-5,11,-4,11,-4,10,-3,10,-2,10,-2,10,-2,10,-1,2,-1,0,0,0,0,0,0,0,0,0,0,0,0,0,0,0,0,0,0,1,-1,7,-3,8,-2,8,-2,8,-2,9,-2,9,-1,9,-1,10,-1,10,-1,10,-1,10,-1,10,0,10,0,10,-1,10,-1,11,-1,11,-1,10,-1,11,-2,11,-2,11,-2,11,-2,11,-3,12,-3,13,-3,13,-4,14,-6,46,-17,46,-18,45,-18,45,-18,45,-18,44,-18,43,-18,42,-18,41,-20,40,-21,39,-23,39,-24,40,-24,40,-25,40,-25,40,-24,40,-23,41,-21,41,-20,41,-18,40,-16,39,-14,38,-12,38,-11,37,-9,37,-7,36,-8,36,-6,6,-2,1,-1,-1,-1,-1,0,-1,0,1,-2,4,-4,23,-18,24,-17,27,-12,29,-11,30,-10,31,-10,33,-9,35,-8,36,-6,37,-5,38,-4,38,-4,39,-4,40,-4,40,-4,40,-5,41,-6,41,-6,40,-7,40,-8,41,-9,41,-10,42,-12,42,-13,43,-14,44,-15,46,-16,47,-16]"
CSI_DATA,381,5c:01:3b:6b:b0:95,-40,11,1,6,0,1,1,1,0,0,0,-97,1,11,0,27749267,0,86,1,256,1,"[86,-32,4,0,21,-16,21,-16,20,-16,19,-16,19,-16,18,-16,18,-16,18,-17,17,-18,17,-18,16,-18,16,-19,16,-19,16,-19,17,-19,17,-19,17,-18,18,-17,18,-16,18,-15,18,-14,17,-13,17,-12,17,-11,18,-10,4,-3,0,0,0,0,0,0,0,0,0,0,0,0,0,0,0,0,0,0,3,-3,13,-10,13,-10,14,-10,14,-9,15,-9,17,-9,17,-9,18,-8,19,-8,19,-8,19,-8,19,-8,19,-8,19,-8,19,-9,19,-9,19,-10,19,-10,19,-11,19,-11,19,-12,19,-13,19,-13,20,-14,21,-15,21,-16,14,-6,45,-20,44,-19,44,-19,44,-19,43,-19,42,-19,41,-20,40,-21,39,-22,38,-23,37,-25,37,-26,38,-27,38,-27,38,-27,38,-26,38,-25,39,-24,40,-22,39,-20,39,-18,38,-17,37,-16,37,-15,36,-13,36,-11,38,1,37,4,6,0,1,0,-1,-1,-1,0,-1,0,1,-1,4,-2,27,-10,27,-9,27,-12,28,-11,29,-10,30,-9,32,-8,33,-7,34,-6,35,-5,36,-5,36,-5,38,-6,39,-6,39,-6,39,-7,39,-7,39,-7,39,-8,39,-9,39,-9,40,-11,41,-12,41,-14,41,-16,42,-18,43,-19,44,-20]"
CSI_DATA,382,5c:01:3b:6b:b0:95,-35,11,1,4,0,1,1,1,0,0,0,-97,1,11,0,27807385,0,86,1,256,1,"[86,-32,4,0,-25,-7,-25,-7,-24,-6,-23,-6,-23,-6,-23,-6,-23,-5,-23,-4,-23,-3,-23,-2,-23,-2,-23,-2,-24,-1,-24,-1,-24,-1,-24,-2,-24,-2,-23,-3,-23,-4,-22,-4,-21,-5,-20,-5,-20,-5,-19,-6,-19,-6,-5,-2,0,0,0,0,0,0,0,0,0,0,0,0,0,0,0,0,0,0,-4,-2,-14,-5,-15,-6,-15,-7,-15,-8,-16,-8,-16,-9,-16,-9,-16,-10,-16,-11,-17,-11,-17,-11,-18,-12,-17,-12,-17,-12,-18,-11,-18,-11,-19,-10,-19,-9,-19,-9,-20,-10,-20,-9,-21,-9,-22,-8,-23,-8,-24,-8,-24,-8,-13,-8,-42,-23,-41,-23,-41,-22,-40,-21,-39,-20,-40,-20,-39,-19,-39,-17,-40,-16,-41,-15,-42,-13,-42,-12,-43,-11,-43,-12,-42,-12,-42,-12,-42,-13,-41,-13,-40,-15,-39,-16,-37,-17,-36,-17,-34,-17,-33,-17,-31,-18,-30,-19,-24,-27,-22,-28,-4,-5,-1,-2,0,0,0,0,0,0,-2,-1,-4,-3,-22,-14,-22,-16,-24,-15,-24,-16,-25,-18,-25,-20,-25,-21,-25,-22,-25,-24,-25,-25,-25,-26,-26,-27,-27,-27,-27,-27,-27,-27,-28,-27,-28,-27,-29,-27,-29,-26,-30,-25,-31,-25,-32,-24,-33,-24,-35,-23,-36,-22,-38,-22,-39,-22,-41,-23]"
CSI_DATA,383,5c:01:3b:6b:b0:95,-40,11,1,6,0,1,1,1,0,0,0,-97,1,11,0,27852036,0,86,1,256,1,"[86,-32,4,0,-23,9,-23,9,-22,9,-22,9,-21,9,-21,9,-20,9,-20,10,-20,11,-19,11,-19,12,-19,12,-19,12,-20,12,-20,12,-20,11,-21,11,-21,10,-21,9,-20,8,-20,7,-19,6,-19,6,-19,5,-19,4,-5,1,0,0,0,0,0,0,0,0,0,0,0,0,0,0,0,0,0,0,-4,1,-14,6,-14,6,-15,5,-16,5,-16,5,-17,4,-18,4,-19,4,-19,3,-19,3,-20,3,-20,3,-20,3,-20,3,-20,3,-20,3,-21,4,-20,4,-20,5,-20,5,-21,6,-21,6,-21,7,-21,8,-22,8,-23,9,-14,2,-45,9,-46,10,-45,10,-45,10,-44,10,-43,10,-42,11,-41,11,-41,12,-40,14,-40,16,-39,17,-40,17,-40,17,-40,17,-40,16,-40,15,-41,14,-41,12,-41,10,-40,9,-39,7,-38,6,-37,5,-36,4,-35,2,-35,-6,-34,-8,-6,-2,-2,-1,0,-1,0,-1,0,-1,-2,0,-5,1,-26,8,-26,7,-27,8,-28,7,-30,5,-31,4,-32,3,-33,2,-35,1,-35,0,-36,-1,-36,0,-38,0,-38,1,-38,0,-38,0,-39,0,-39,0,-39,1,-39,2,-40,3,-40,4,-41,5,-42,6,-42,8,-43,9,-44,10,-45,10]"
CSI_DATA,384,5c:01:3b:6b:b0:95,-35,11,1,5,0,1,1,1,0,0,0,-97,1,11,0,27905687,0,86,1,256,1,"[86,-32,4,0,5,-13,5,-13,5,-12,4,-12,4,-12,4,-12,3,-12,3,-12,3,-12,2,-12,2,-13,2,-13,2,-13,2,-13,2,-13,2,-13,3,-13,3,-12,3,-12,3,-12,4,-11,4,-10,4,-10,4,-10,5,-9,1,-3,0,0,0,0,0,0,0,0,0,0,0,0,0,0,0,0,0,0,0,-2,3,-8,3,-8,3,-8,4,-9,4,-9,5,-9,5,-9,5,-9,6,-9,6,-9,6,-9,6,-9,6,-9,6,-9,6,-9,6,-10,6,-10,6,-10,5,-10,5,-10,5,-11,5,-11,5,-11,5,-11,5,-12,6,-13,8,-13,27,-42,27,-42,26,-42,25,-41,24,-40,24,-40,23,-40,22,-41,20,-41,18,-41,17,-43,16,-43,16,-44,16,-44,16,-44,16,-43,17,-43,18,-42,19,-41,20,-39,21,-38,22,-36,22,-34,22,-32,23,-30,23,-29,30,-20,31,-18,5,-3,1,-1,-1,0,-1,0,-1,0,0,-2,2,-5,15,-26,17,-24,15,-27,17,-26,18,-27,20,-27,22,-27,23,-27,25,-27,26,-27,27,-27,28,-26,29,-27,29,-28,29,-28,30,-28,29,-29,29,-30,28,-30,27,-31,27,-32,27,-33,27,-34,27,-36,26,-37,26,-38,26,-40,26,-41]"
