type,id,mac,rssi,rate,sig_mode,mcs,bandwidth,smoothing,not_sounding,aggregation,stbc,fec_coding,sgi,noise_floor,ampdu_cnt,channel,secondary_channel,local_timestamp,ant,sig_len,rx_format,len,first_word,data
CSI_DATA,0,5c:01:3b:6b:b0:95,-41,11,0,0,0,0,0,0,0,0,0,-95,0,11,0,9921524,0,37,0,128,1,"[37,80,2,0,-28,-1,-28,0,-26,1,-25,2,-24,2,-23,3,-22,4,-21,4,-21,4,-21,5,-21,6,-21,7,-22,7,-21,7,-22,7,-22,7,-21,7,-20,6,-19,5,-19,5,-18,5,-18,4,-17,4,-17,4,-17,4,-5,1,0,0,0,0,0,0,0,0,0,0,0,0,0,0,0,0,0,0,-6,0,-22,0,-23,-1,-24,-2,-25,-4,-24,-5,-25,-5,-25,-6,-24,-7,-24,-7,-25,-7,-26,-8,-27,-9,-26,-9,-26,-9,-26,-8,-26,-8,-26,-7,-25,-5,-25,-5,-25,-4,-25,-4,-25,-3,-25,-3,-26,-2,-28,-2,-28,-3]"
CSI_DATA,1,5c:01:3b:6b:b0:95,-37,11,0,0,0,0,0,0,0,0,0,-95,0,11,0,9923919,0,37,0,128,1,"[37,80,2,0,11,-9,11,-9,9,-9,9,-9,9,-9,8,-9,7,-9,7,-9,7,-9,7,-9,6,-9,6,-10,6,-10,6,-9,7,-10,7,-10,7,-9,6,-9,6,-8,6,-8,6,-8,6,-7,6,-7,6,-6,6,-6,1,-2,0,0,0,0,0,0,0,0,0,0,0,0,0,0,0,0,0,0,2,-2,8,-8,8,-8,9,-8,10,-8,10,-7,10,-7,11,-7,11,-6,11,-6,11,-6,12,-6,13,-6,13,-6,12,-5,12,-6,12,-6,11,-6,10,-6,11,-7,11,-7,11,-7,10,-7,10,-7,11,-8,12,-8,12,-8]"
CSI_DATA,2,5c:01:3b:6b:b0:95,-47,11,1,7,0,1,1,0,0,0,0,-95,0,11,0,9924777,0,86,1,256,1,"[86,-32,4,0,25,2,24,2,23,1,23,0,23,0,22,-1,21,-1,21,-2,20,-3,20,-4,20,-5,20,-5,20,-5,19,-5,19,-5,19,-5,19,-4,19,-4,18,-3,17,-3,17,-2,16,-2,16,-2,15,-1,15,-1,4,0,0,0,0,0,0,0,0,0,0,0,0,0,0,0,0,0,0,0,5,-1,21,-2,21,-1,22,0,23,1,23,2,24,3,24,4,24,5,24,6,24,7,25,7,25,7,24,7,24,7,24,7,24,7,24,6,23,6,24,6,24,5,24,4,24,4,24,3,25,3,26,2,27,2,14,3,47,10,47,10,45,10,44,9,43,7,43,6,41,4,41,3,40,1,39,0,39,-1,39,-2,39,-3,39,-3,38,-3,38,-3,38,-3,37,-3,36,-3,35,-2,34,-1,33,0,31,1,30,1,29,3,29,4,27,10,25,11,4,2,1,0,-1,-1,-2,0,-1,-1,2,-1,6,-1,39,-2,39,1,40,0,41,3,42,5,42,8,43,10,44,12,44,14,45,16,45,18,45,18,45,19,45,19,44,20,44,20,43,20,43,20,42,19,43,17,43,16,44,15,45,14,45,13,45,12,46,12,48,11,48,11]"
CSI_DATA,3,5c:01:3b:6b:b0:95,-47,11,1,7,0,1,1,1,0,0,0,-95,1,11,0,9966497,0,86,1,256,1,"[86,-32,4,0,-23,-14,-22,-13,-21,-12,-21,-11,-21,-11,-21,-10,-21,-9,-21,-8,-21,-7,-21,-6,-21,-5,-21,-5,-21,-5,-21,-5,-21,-5,-20,-5,-20,-5,-20,-5,-19,-6,-18,-6,-17,-6,-17,-6,-16,-6,-16,-6,-15,-7,-4,-2,0,0,0,0,0,0,0,0,0,0,0,0,0,0,0,0,0,0,-6,-2,-21,-9,-20,-10,-20,-11,-21,-13,-20,-14,-20,-15,-20,-16,-20,-17,-20,-17,-20,-18,-20,-18,-20,-19,-19,-18,-19,-18,-19,-18,-19,-18,-19,-17,-19,-17,-20,-16,-20,-16,-20,-16,-21,-15,-21,-15,-22,-14,-23,-15,-24,-15,-12,-10,-40,-31,-39,-31,-38,-31,-37,-29,-36,-27,-36,-26,-36,-25,-36,-23,-36,-21,-36,-19,-37,-17,-38,-16,-38,-15,-38,-15,-38,-15,-37,-15,-36,-15,-36,-15,-35,-15,-33,-15,-32,-15,-31,-15,-30,-15,-29,-15,-27,-16,-25,-17,-20,-22,-19,-23,-4,-5,-1,-2,0,0,1,0,0,0,-3,-1,-7,-3,-37,-18,-35,-20,-37,-20,-35,-23,-35,-26,-35,-29,-35,-31,-34,-33,-34,-35,-33,-37,-32,-38,-32,-38,-32,-39,-32,-39,-32,-39,-31,-39,-31,-39,-31,-39,-31,-38,-31,-37,-32,-36,-32,-36,-34,-35,-35,-34,-36,-33,-37,-32,-39,-32,-40,-33]"
CSI_DATA,4,5c:01:3b:6b:b0:95,-46,11,1,6,0,1,1,1,0,0,0,-95,1,11,0,10018912,0,86,1,256,1,"[86,-32,4,0,-15,-3,-15,-3,-14,-2,-14,-2,-14,-2,-13,-1,-13,-1,-13,-1,-13,0,-13,0,-12,1,-12,1,-12,1,-12,1,-12,1,-12,1,-12,1,-12,0,-11,0,-11,0,-11,0,-10,0,-10,-1,-10,-1,-9,-1,-3,-1,0,0,0,0,0,0,0,0,0,0,0,0,0,0,0,0,0,0,-3,0,-13,0,-13,-1,-13,-2,-14,-2,-14,-3,-14,-3,-14,-4,-14,-4,-14,-5,-15,-5,-15,-6,-15,-6,-14,-6,-14,-6,-14,-6,-14,-6,-14,-5,-14,-5,-14,-5,-14,-4,-14,-4,-14,-4,-14,-4,-15,-3,-15,-3,-15,-3,-17,-7,-54,-18,-53,-18,-52,-17,-51,-17,-49,-15,-49,-14,-48,-12,-47,-11,-46,-9,-46,-7,-46,-5,-46,-3,-47,-2,-47,-2,-46,-2,-45,-2,-44,-2,-43,-3,-43,-4,-41,-5,-40,-6,-38,-6,-37,-6,-36,-7,-35,-8,-33,-9,-30,-16,-28,-17,-5,-4,-2,-2,0,0,1,0,0,0,-3,0,-9,-1,-45,-3,-45,-6,-46,-6,-47,-10,-48,-14,-49,-16,-49,-18,-49,-21,-50,-23,-50,-25,-49,-27,-49,-27,-51,-28,-51,-28,-50,-29,-49,-29,-49,-29,-49,-29,-48,-28,-48,-27,-48,-26,-49,-25,-50,-24,-51,-23,-52,-21,-53,-20,-54,-19,-55,-18]"
CSI_DATA,5,5c:01:3b:6b:b0:95,-47,11,1,7,0,1,1,1,0,0,0,-95,1,11,0,10066305,0,86,1,256,1,"[86,-32,4,0,-16,1,-15,1,-14,2,-14,2,-14,3,-13,3,-13,3,-12,3,-12,3,-12,4,-12,4,-12,5,-12,5,-11,5,-11,5,-11,5,-11,5,-11,4,-11,4,-10,4,-10,3,-10,3,-10,2,-10,2,-9,2,-3,0,0,0,0,0,0,0,0,0,0,0,0,0,0,0,0,0,0,0,-3,0,-13,3,-13,2,-14,2,-14,1,-14,1,-15,0,-15,0,-15,-1,-16,-1,-16,-2,-16,-2,-16,-3,-16,-3,-16,-2,-15,-2,-15,-2,-15,-2,-15,-1,-15,-1,-15,0,-15,0,-15,0,-15,0,-16,1,-16,1,-16,1,-19,0,-59,3,-58,2,-57,2,-55,3,-53,4,-52,5,-50,6,-49,7,-48,9,-46,11,-46,13,-45,15,-45,15,-45,16,-44,16,-43,16,-43,16,-42,15,-42,14,-41,12,-40,11,-39,10,-38,8,-37,8,-36,6,-35,5,-35,-1,-34,-3,-6,-1,-2,-1,0,-1,1,-1,0,-1,-3,1,-8,2,-44,14,-45,12,-48,10,-49,7,-51,3,-53,1,-55,-1,-56,-3,-57,-6,-57,-8,-58,-9,-58,-10,-58,-10,-59,-11,-59,-11,-58,-12,-58,-12,-57,-11,-57,-11,-56,-9,-56,-8,-57,-7,-57,-5,-57,-4,-57,-2,-58,0,-59,1,-60,2]"
CSI_DATA,6,5c:01:3b:6b:b0:95,-47,11,1,7,0,1,1,1,0,0,0,-95,1,11,0,10116152,0,86,1,256,1,"[86,-32,4,0,-12,10,-11,10,-10,10,-10,9,-10,10,-9,9,-9,9,-8,9,-8,9,-7,10,-7,10,-7,10,-7,10,-7,10,-7,10,-7,10,-7,9,-7,9,-7,9,-7,8,-7,8,-7,7,-7,7,-7,7,-7,6,-2,1,0,0,0,0,0,0,0,0,0,0,0,0,0,0,0,0,0,0,-2,2,-8,10,-8,10,-9,10,-10,9,-11,9,-11,9,-12,9,-12,8,-13,8,-13,8,-14,8,-14,8,-14,8,-13,7,-13,7,-13,7,-13,7,-12,7,-12,8,-12,8,-12,9,-12,9,-12,9,-12,9,-12,10,-12,10,-16,9,-49,33,-48,32,-46,32,-44,31,-42,31,-41,31,-39,30,-37,31,-35,32,-33,33,-31,34,-30,35,-30,36,-30,36,-30,36,-29,35,-29,35,-29,34,-29,32,-29,31,-29,29,-28,27,-28,26,-27,25,-27,23,-27,21,-31,16,-31,14,-6,2,-2,0,0,-1,0,-2,0,-1,-2,1,-5,6,-28,36,-31,34,-32,35,-35,33,-39,32,-42,31,-44,30,-46,29,-48,27,-50,26,-51,25,-52,25,-53,25,-54,25,-54,24,-54,23,-53,22,-53,22,-52,22,-51,23,-50,23,-50,25,-49,26,-49,28,-48,29,-47,32,-48,33,-48,35]"
CSI_DATA,7,5c:01:3b:6b:b0:95,-42,11,1,6,0,1,1,1,0,0,0,-95,1,11,0,10168118,0,86,1,256,1,"[86,-32,4,0,-9,-10,-9,-10,-8,-10,-8,-9,-8,-9,-8,-8,-8,-8,-8,-7,-9,-7,-9,-7,-9,-6,-9,-6,-9,-6,-9,-6,-9,-6,-9,-6,-9,-6,-9,-6,-8,-6,-8,-6,-7,-6,-7,-6,-7,-6,-7,-6,-6,-6,-2,-2,0,0,0,0,0,0,0,0,0,0,0,0,0,0,0,0,0,0,-2,-2,-8,-8,-8,-8,-8,-9,-8,-9,-7,-10,-7,-10,-7,-11,-7,-11,-6,-12,-6,-12,-6,-12,-6,-12,-6,-12,-6,-12,-6,-12,-6,-12,-6,-11,-6,-11,-6,-11,-7,-11,-7,-11,-7,-11,-7,-11,-8,-11,-8,-11,-8,-11,-10,-13,-31,-39,-31,-39,-30,-38,-29,-36,-29,-35,-30,-33,-30,-32,-31,-30,-31,-29,-32,-27,-33,-25,-33,-25,-34,-24,-34,-24,-34,-23,-33,-23,-32,-23,-31,-23,-31,-23,-29,-23,-28,-23,-27,-22,-26,-22,-25,-22,-24,-22,-22,-23,-19,-23,-17,-24,-3,-5,-1,-2,0,0,1,0,0,0,-2,-1,-7,-4,-34,-20,-32,-22,-30,-28,-29,-31,-28,-33,-27,-36,-27,-38,-26,-40,-25,-42,-24,-43,-22,-44,-22,-44,-22,-45,-22,-46,-21,-46,-21,-45,-21,-45,-21,-45,-21,-43,-22,-42,-22,-42,-24,-42,-25,-42,-26,-41,-27,-40,-29,-40,-30,-40,-31,-39]"
CSI_DATA,8,5c:01:3b:6b:b0:95,-43,11,1,5,0,1,1,1,0,0,0,-97,1,11,0,10224871,0,86,1,256,1,"[86,-32,4,0,-26,4,-26,5,-24,5,-23,6,-23,6,-22,7,-21,7,-20,8,-20,8,-20,9,-19,9,-19,10,-19,10,-18,10,-18,10,-18,10,-18,10,-18,9,-17,8,-17,8,-17,7,-16,7,-16,6,-16,6,-15,5,-4,1,0,0,0,0,0,0,0,0,0,0,0,0,0,0,0,0,0,0,-5,1,-21,6,-22,5,-23,4,-24,4,-24,2,-25,2,-26,1,-26,0,-26,-1,-27,-1,-27,-2,-27,-2,-27,-2,-27,-2,-26,-2,-26,-2,-26,-1,-26,0,-26,0,-26,1,-26,2,-26,2,-26,3,-26,3,-27,4,-27,4,-16,-1,-50,0,-50,0,-48,1,-47,1,-45,2,-44,3,-43,4,-41,6,-40,7,-39,9,-39,10,-39,12,-39,12,-39,13,-38,13,-38,13,-37,13,-36,13,-36,12,-35,10,-34,9,-33,8,-32,7,-31,6,-30,5,-30,4,-30,-4,-29,-5,-6,-2,-2,-1,0,-1,1,-1,0,-1,-3,0,-7,1,-40,6,-40,4,-41,6,-42,3,-43,1,-45,-2,-46,-4,-47,-6,-48,-7,-48,-9,-49,-10,-49,-11,-49,-11,-50,-12,-49,-12,-49,-12,-49,-12,-49,-11,-48,-10,-48,-9,-47,-8,-48,-7,-48,-6,-48,-5,-48,-3,-49,-2,-50,-1,-51,0]"
CSI_DATA,9,5c:01:3b:6b:b0:95,-45,11,1,7,0,1,1,1,0,0,0,-97,1,11,0,10266184,0,86,1,256,1,"[86,-32,4,0,-15,4,-14,4,-14,4,-13,5,-13,5,-12,5,-12,5,-12,5,-11,5,-11,6,-11,6,-11,6,-11,6,-10,6,-10,7,-10,6,-10,6,-10,6,-10,6,-10,5,-10,5,-10,4,-9,4,-9,3,-9,3,-3,0,0,0,0,0,0,0,0,0,0,0,0,0,0,0,0,0,0,0,-3,1,-11,5,-12,5,-13,4,-13,4,-14,4,-14,3,-15,3,-15,2,-15,2,-16,1,-16,1,-16,1,-16,0,-15,1,-15,1,-15,1,-15,1,-15,1,-15,2,-15,2,-15,3,-15,3,-15,3,-15,3,-15,4,-15,4,-17,8,-53,25,-53,24,-51,24,-49,24,-47,24,-45,24,-43,24,-41,25,-40,26,-38,27,-37,28,-36,29,-36,30,-35,30,-34,31,-34,30,-34,30,-33,29,-33,28,-33,26,-34,25,-33,23,-32,21,-32,20,-32,18,-31,16,-30,18,-30,16,-6,2,-2,0,0,-1,0,-2,0,-1,-2,2,-5,6,-25,37,-28,35,-38,27,-40,25,-43,24,-46,22,-48,21,-50,20,-53,19,-54,17,-56,16,-56,15,-56,14,-57,13,-57,12,-57,12,-57,12,-56,13,-55,13,-54,14,-53,15,-53,16,-53,17,-53,19,-53,20,-53,22,-54,23,-54,24]"
CSI_DATA,10,5c:01:3b:6b:b0:95,-45,11,1,7,0,1,1,1,0,0,0,-97,1,11,0,10316213,0,86,1,256,1,"[86,-32,4,0,-19,-15,-19,-15,-18,-13,-18,-12,-18,-12,-18,-11,-18,-10,-18,-10,-18,-9,-18,-8,-18,-7,-19,-7,-19,-7,-18,-7,-18,-7,-18,-7,-18,-7,-17,-7,-17,-7,-16,-7,-15,-7,-14,-7,-14,-7,-13,-8,-13,-8,-4,-2,0,0,0,0,0,0,0,0,0,0,0,0,0,0,0,0,0,0,-5,-3,-18,-10,-18,-11,-18,-12,-18,-13,-18,-14,-17,-15,-17,-16,-17,-17,-17,-18,-17,-18,-17,-18,-16,-19,-16,-19,-16,-19,-16,-19,-16,-18,-16,-18,-16,-17,-17,-17,-17,-16,-17,-16,-18,-16,-18,-15,-19,-15,-20,-16,-20,-16,-10,-11,-33,-33,-32,-33,-31,-32,-30,-31,-30,-29,-30,-28,-30,-26,-30,-25,-30,-23,-31,-21,-32,-20,-33,-19,-33,-18,-33,-18,-33,-18,-32,-18,-31,-18,-31,-18,-30,-18,-29,-18,-27,-18,-26,-18,-25,-17,-24,-17,-22,-18,-21,-18,-16,-22,-15,-23,-3,-5,-1,-2,0,0,0,0,0,0,-2,-1,-6,-4,-31,-21,-29,-22,-31,-22,-30,-25,-29,-28,-28,-30,-28,-32,-27,-34,-26,-36,-25,-37,-25,-38,-25,-38,-25,-39,-25,-39,-25,-39,-24,-40,-24,-39,-24,-39,-24,-38,-24,-37,-24,-36,-25,-36,-27,-36,-28,-35,-29,-34,-30,-33,-32,-34,-33,-34]"
CSI_DATA,11,5c:01:3b:6b:b0:95,-44,11,1,6,0,1,1,1,0,0,0,-97,1,11,0,10369130,0,86,1,256,1,"[86,-32,4,0,14,21,14,20,14,19,14,18,15,17,15,16,15,15,15,14,15,14,16,13,16,12,16,12,16,12,16,12,16,12,16,12,16,12,15,12,14,12,14,12,13,11,12,11,11,11,11,12,10,12,2,3,0,0,0,0,0,0,0,0,0,0,0,0,0,0,0,0,0,0,3,3,15,14,15,15,14,17,14,18,13,19,13,20,13,21,12,22,11,23,11,23,11,24,11,24,10,24,10,23,10,23,10,23,10,23,11,22,11,22,12,22,12,21,13,21,13,21,14,21,14,22,15,22,5,14,20,44,19,43,19,42,19,41,19,39,19,38,20,36,20,35,22,33,23,31,24,30,25,30,26,29,26,29,25,29,25,28,25,28,24,28,23,28,21,27,20,27,19,26,18,25,17,25,15,25,14,25,7,29,5,29,0,5,0,1,-1,-1,-1,-1,-1,-1,1,1,4,5,21,32,20,33,23,32,21,35,19,37,18,39,16,41,15,43,13,45,12,46,11,46,11,47,11,47,11,48,10,48,9,48,9,47,9,47,10,46,10,45,11,45,13,45,14,45,15,45,17,44,18,44,20,45,21,45]"
CSI_DATA,12,5c:01:3b:6b:b0:95,-44,11,1,6,0,1,1,1,0,0,0,-97,1,11,0,10416504,0,86,1,256,1,"[86,-32,4,0,25,-7,25,-7,23,-7,22,-7,22,-8,21,-8,21,-9,20,-9,19,-10,18,-11,18,-11,18,-12,18,-12,17,-11,17,-11,17,-11,17,-11,16,-10,16,-10,16,-9,16,-8,15,-8,15,-7,14,-7,14,-6,3,-2,0,0,0,0,0,0,0,0,0,0,0,0,0,0,0,0,0,0,4,-3,19,-9,20,-8,22,-8,22,-7,23,-6,24,-5,25,-4,25,-3,26,-2,26,-2,26,-2,26,-1,26,-1,26,-1,26,-1,25,-1,25,-2,24,-2,25,-3,25,-3,25,-4,25,-4,25,-5,25,-6,26,-6,26,-7,15,-1,49,-3,48,-3,47,-2,45,-2,44,-3,43,-5,42,-6,41,-8,39,-9,38,-11,38,-12,37,-13,37,-14,37,-14,37,-13,36,-13,36,-13,35,-13,35,-12,34,-11,33,-10,32,-9,31,-8,30,-7,29,-6,28,-4,29,4,28,6,4,1,1,0,-1,-1,-2,0,-1,0,1,-1,6,-3,38,-10,39,-8,39,-10,40,-7,42,-5,43,-2,45,0,46,2,47,3,48,5,48,6,48,6,49,7,49,7,49,8,48,8,48,8,47,8,46,8,46,6,46,5,47,4,47,3,47,2,48,0,49,-1,50,-3,50,-3]"
CSI_DATA,13,5c:01:3b:6b:b0:95,-43,11,1,5,0,1,1,1,0,0,0,-97,1,11,0,10469263,0,86,1,256,1,"[86,-32,4,0,23,-12,22,-12,21,-12,21,-12,20,-13,19,-13,18,-13,17,-13,16,-14,16,-14,15,-15,15,-15,15,-15,14,-15,14,-16,15,-15,14,-15,14,-14,14,-13,13,-13,14,-12,14,-11,13,-11,13,-10,13,-9,3,-3,0,0,0,0,0,0,0,0,0,0,0,0,0,0,0,0,0,0,4,-4,18,-13,18,-12,20,-12,21,-11,21,-11,23,-10,23,-9,24,-8,25,-7,25,-7,26,-6,26,-6,26,-6,26,-6,25,-6,25,-7,24,-7,24,-8,24,-8,24,-9,24,-10,24,-10,23,-10,24,-11,25,-11,24,-11,13,-8,44,-24,43,-24,42,-23,41,-23,39,-24,37,-24,36,-24,34,-25,32,-26,31,-27,30,-29,28,-29,28,-30,28,-30,28,-30,28,-30,27,-29,27,-28,27,-28,26,-26,26,-25,25,-23,25,-22,25,-20,24,-19,24,-17,25,-15,25,-13,4,-3,1,-1,-1,0,-1,0,-1,0,1,-2,4,-6,24,-32,27,-30,32,-26,34,-24,37,-23,39,-22,41,-21,43,-19,45,-18,46,-17,47,-16,48,-15,48,-14,49,-14,49,-14,49,-13,48,-13,48,-14,47,-15,46,-15,45,-16,45,-17,45,-18,45,-20,44,-21,44,-22,45,-23,45,-23]"
CSI_DATA,14,5c:01:3b:6b:b0:95,-44,11,1,6,0,1,1,1,0,0,0,-97,1,11,0,10516176,0,86,1,256,1,"[86,-32,4,0,19,-18,19,-18,18,-17,17,-17,16,-17,15,-17,15,-17,13,-17,12,-18,11,-18,11,-18,11,-19,11,-19,10,-19,10,-18,10,-18,10,-18,10,-17,10,-16,11,-16,11,-15,11,-14,10,-14,10,-13,10,-12,2,-3,0,0,0,0,0,0,0,0,0,0,0,0,0,0,0,0,0,0,3,-5,13,-17,14,-17,15,-17,17,-17,18,-16,19,-16,20,-15,21,-15,22,-14,22,-14,23,-14,23,-14,23,-13,23,-13,23,-13,22,-13,21,-14,21,-14,21,-14,21,-15,21,-15,20,-16,20,-16,20,-17,20,-18,20,-18,11,-10,39,-32,38,-31,37,-31,36,-30,34,-30,33,-30,31,-31,30,-31,28,-32,26,-32,24,-33,23,-34,23,-34,23,-34,22,-34,22,-34,22,-33,22,-33,22,-32,22,-30,22,-29,22,-27,21,-26,21,-25,21,-23,22,-22,24,-18,25,-17,4,-3,1,-1,-1,0,-1,0,-1,0,1,-2,4,-6,24,-33,26,-31,27,-31,30,-30,32,-29,34,-29,36,-28,39,-27,41,-26,42,-25,44,-24,44,-23,45,-23,46,-22,46,-21,46,-21,45,-22,44,-22,43,-22,42,-23,42,-24,42,-25,41,-26,41,-27,40,-28,40,-29,41,-30,41,-30]"
CSI_DATA,15,5c:01:3b:6b:b0:95,-44,11,1,6,0,1,1,1,0,0,0,-97,1,11,0,10568308,0,86,1,256,1,"[86,-32,4,0,13,5,13,4,13,4,12,4,12,3,12,3,12,3,12,2,12,2,12,1,11,0,11,0,11,0,11,0,11,0,11,1,11,1,11,1,10,1,10,1,10,1,9,1,9,2,9,2,8,2,2,0,0,0,0,0,0,0,0,0,0,0,0,0,0,0,0,0,0,0,3,0,12,2,12,2,12,3,12,4,12,4,13,5,13,6,12,6,12,7,12,7,13,8,13,8,12,8,12,8,12,8,12,7,12,7,12,7,12,6,12,6,12,6,13,6,13,5,13,5,14,5,14,5,15,8,50,25,49,24,48,23,47,22,46,21,46,19,45,17,45,15,44,13,44,11,44,9,44,8,44,7,44,7,44,7,43,7,43,7,42,8,41,8,40,9,38,10,36,10,35,10,34,10,32,11,31,13,28,17,26,19,4,3,1,1,-1,-1,-2,-1,-1,-1,2,-1,8,0,45,7,44,10,44,11,44,14,45,18,45,21,45,23,46,26,46,29,45,31,45,33,45,34,45,34,45,35,45,35,44,35,43,35,43,35,42,33,42,32,44,32,45,31,46,30,47,29,48,27,49,26,51,25,51,25]"
CSI_DATA,16,5c:01:3b:6b:b0:95,-44,11,1,6,0,1,1,1,0,0,0,-97,1,11,0,10616104,0,86,1,256,1,"[86,-32,4,0,-25,-12,-24,-11,-23,-10,-23,-10,-23,-9,-22,-8,-22,-7,-22,-6,-21,-6,-21,-5,-21,-4,-22,-4,-22,-3,-21,-3,-21,-3,-21,-3,-21,-3,-20,-4,-19,-4,-19,-4,-18,-4,-18,-5,-17,-5,-16,-6,-16,-6,-4,-2,0,0,0,0,0,0,0,0,0,0,0,0,0,0,0,0,0,0,-6,-2,-21,-6,-21,-8,-22,-9,-22,-10,-22,-12,-22,-13,-22,-13,-22,-14,-22,-15,-21,-16,-22,-17,-22,-18,-21,-17,-21,-17,-21,-17,-21,-17,-21,-16,-21,-15,-22,-14,-22,-14,-23,-13,-23,-13,-23,-13,-24,-13,-25,-13,-25,-13,-14,-9,-44,-27,-43,-28,-42,-27,-40,-26,-40,-24,-40,-23,-39,-21,-39,-19,-39,-17,-39,-15,-40,-14,-40,-13,-41,-12,-40,-12,-40,-11,-39,-11,-38,-11,-37,-11,-37,-11,-36,-12,-34,-12,-32,-12,-31,-13,-30,-13,-29,-14,-28,-14,-24,-18,-23,-19,-4,-4,-2,-2,0,0,1,0,0,0,-3,-1,-7,-2,-39,-13,-38,-16,-38,-17,-38,-20,-38,-23,-38,-26,-38,-28,-38,-30,-38,-32,-37,-34,-36,-35,-36,-36,-36,-36,-36,-37,-36,-37,-35,-37,-36,-37,-36,-37,-35,-36,-36,-34,-36,-34,-37,-33,-38,-32,-39,-31,-40,-30,-42,-29,-43,-29,-44,-29]"
CSI_DATA,17,5c:01:3b:6b:b0:95,-44,11,1,6,0,1,1,1,0,0,0,-97,1,11,0,10666213,0,86,1,256,1,"[86,-32,4,0,25,-7,25,-7,23,-8,22,-8,22,-9,21,-9,20,-9,19,-10,18,-10,18,-11,18,-11,18,-12,17,-12,17,-12,17,-12,17,-12,17,-11,17,-11,16,-10,16,-9,16,-9,15,-8,15,-8,14,-7,14,-6,3,-2,0,0,0,0,0,0,0,0,0,0,0,0,0,0,0,0,0,0,4,-3,19,-9,20,-9,21,-8,22,-7,23,-6,24,-5,25,-5,25,-4,26,-3,26,-3,27,-2,27,-1,26,-1,26,-1,26,-1,26,-2,25,-2,25,-3,25,-3,25,-4,25,-5,25,-5,25,-6,25,-6,26,-7,26,-7,15,-2,49,-7,49,-7,48,-7,46,-7,44,-7,43,-8,42,-9,40,-11,39,-13,38,-14,37,-16,37,-17,37,-18,37,-18,36,-18,36,-18,35,-17,35,-17,35,-15,34,-14,33,-13,31,-12,31,-11,30,-10,29,-9,29,-8,30,-2,29,-1,5,0,1,0,-1,-1,-2,0,-1,0,1,-1,6,-3,37,-15,38,-12,39,-12,41,-10,43,-8,44,-6,46,-4,47,-2,48,0,49,1,49,3,49,3,50,4,50,4,50,5,50,5,50,5,49,4,48,4,48,3,48,2,48,1,48,0,48,-2,48,-4,49,-5,50,-6,50,-6]"
CSI_DATA,18,5c:01:3b:6b:b0:95,-44,11,1,6,0,1,1,1,0,0,0,-97,1,11,0,10718037,0,86,1,256,1,"[86,-32,4,0,23,-12,22,-12,21,-12,20,-12,20,-13,19,-13,18,-13,17,-13,16,-13,16,-14,16,-14,15,-15,15,-15,14,-15,15,-15,15,-15,14,-14,14,-13,14,-13,14,-12,14,-11,14,-10,13,-10,13,-9,13,-9,3,-3,0,0,0,0,0,0,0,0,0,0,0,0,0,0,0,0,0,0,4,-4,17,-14,18,-14,19,-13,20,-13,21,-12,22,-11,23,-10,24,-10,24,-9,25,-9,25,-8,26,-8,26,-7,26,-7,25,-8,25,-8,24,-9,23,-9,23,-9,23,-10,23,-10,23,-11,23,-11,23,-11,24,-12,24,-13,14,-6,47,-19,46,-19,44,-19,43,-18,41,-19,40,-19,38,-20,37,-21,35,-22,34,-23,33,-24,32,-25,32,-26,31,-26,31,-25,31,-25,30,-25,30,-24,30,-23,30,-22,29,-20,28,-19,27,-17,27,-16,27,-15,27,-14,28,-9,28,-7,4,-1,1,-1,-1,0,-1,0,-1,0,1,-2,5,-5,30,-26,32,-24,34,-24,36,-22,39,-20,41,-19,42,-18,44,-16,46,-15,47,-13,48,-12,49,-11,49,-10,50,-10,50,-9,50,-9,49,-9,49,-10,48,-10,47,-11,47,-12,47,-13,47,-14,47,-15,46,-16,47,-18,47,-19,47,-19]"
CSI_DATA,19,5c:01:3b:6b:b0:95,-45,11,1,7,0,1,1,1,0,0,0,-97,1,11,0,10766262,0,86,1,256,1,"[86,-32,4,0,-15,4,-15,4,-14,4,-13,4,-13,5,-13,5,-12,5,-12,5,-11,5,-11,6,-11,6,-11,6,-11,6,-10,6,-10,6,-11,6,-11,6,-10,6,-10,5,-10,5,-10,4,-9,4,-9,4,-9,3,-9,3,-3,0,0,0,0,0,0,0,0,0,0,0,0,0,0,0,0,0,0,0,-3,1,-11,6,-12,5,-13,5,-13,4,-14,4,-14,4,-15,3,-15,3,-15,2,-15,2,-16,1,-16,1,-16,1,-16,1,-15,1,-15,1,-15,1,-15,2,-15,2,-15,2,-15,3,-15,3,-15,3,-15,3,-15,4,-16,4,-18,5,-57,18,-56,17,-55,17,-53,17,-50,17,-49,18,-47,18,-46,20,-44,21,-42,22,-41,23,-41,25,-41,26,-40,26,-39,26,-38,25,-38,25,-37,25,-37,24,-37,22,-37,21,-36,19,-35,17,-34,16,-34,14,-34,13,-33,11,-33,9,-6,1,-2,0,0,-1,1,-1,0,-1,-2,1,-7,5,-36,28,-38,26,-43,23,-45,20,-48,18,-50,16,-52,14,-55,13,-56,11,-57,9,-58,8,-58,7,-59,6,-60,6,-60,5,-60,4,-59,4,-58,4,-57,5,-56,6,-56,7,-56,9,-56,10,-56,12,-55,13,-56,14,-57,15,-58,16]"
CSI_DATA,20,5c:01:3b:6b:b0:95,-44,11,1,6,0,1,1,1,0,0,0,-97,1,11,0,10818028,0,86,1,256,1,"[86,-32,4,0,-26,-7,-26,-7,-25,-6,-24,-5,-24,-5,-23,-4,-23,-4,-22,-3,-22,-2,-22,-1,-22,0,-22,0,-22,1,-21,1,-22,1,-22,1,-21,0,-21,-1,-20,-1,-19,-2,-18,-2,-18,-2,-17,-2,-17,-3,-16,-3,-4,-1,0,0,0,0,0,0,0,0,0,0,0,0,0,0,0,0,0,0,-6,-1,-22,-2,-23,-3,-23,-4,-24,-5,-24,-7,-25,-8,-25,-9,-25,-10,-25,-11,-25,-12,-25,-12,-25,-13,-24,-13,-24,-13,-24,-13,-24,-12,-24,-11,-24,-11,-24,-11,-25,-10,-25,-10,-25,-9,-25,-9,-26,-8,-27,-8,-27,-8,-15,-7,-48,-19,-47,-19,-46,-19,-45,-18,-44,-17,-43,-15,-42,-14,-42,-12,-41,-10,-41,-8,-41,-7,-41,-5,-41,-5,-41,-4,-41,-4,-40,-4,-39,-4,-39,-4,-38,-5,-37,-6,-36,-7,-34,-7,-33,-7,-32,-8,-30,-8,-29,-9,-27,-14,-26,-16,-5,-3,-2,-2,0,0,1,0,0,0,-3,0,-8,-1,-40,-5,-40,-7,-41,-8,-42,-11,-42,-15,-43,-17,-43,-19,-44,-22,-44,-24,-43,-26,-43,-27,-43,-28,-44,-28,-44,-29,-43,-29,-42,-30,-42,-29,-42,-29,-42,-28,-42,-27,-43,-26,-43,-25,-44,-24,-45,-23,-45,-22,-47,-20,-48,-20,-48,-20]"
CSI_DATA,21,5c:01:3b:6b:b0:95,-39,11,1,5,0,1,1,1,0,0,0,-97,1,11,0,10881976,0,86,1,256,1,"[86,-32,4,0,-11,-8,-11,-8,-11,-7,-10,-7,-11,-6,-10,-6,-10,-5,-10,-5,-11,-5,-11,-4,-10,-4,-10,-3,-11,-3,-11,-3,-11,-3,-11,-3,-10,-3,-10,-4,-10,-4,-10,-4,-9,-4,-9,-4,-8,-4,-8,-4,-8,-4,-2,-1,0,0,0,0,0,0,0,0,0,0,0,0,0,0,0,0,0,0,-3,-2,-10,-6,-10,-6,-10,-7,-10,-8,-10,-8,-10,-9,-10,-9,-9,-9,-9,-10,-9,-10,-9,-10,-9,-10,-9,-10,-9,-10,-9,-10,-9,-10,-9,-10,-9,-9,-10,-9,-10,-9,-10,-9,-10,-9,-10,-8,-11,-8,-11,-9,-11,-8,-15,-7,-45,-24,-44,-24,-43,-23,-42,-21,-41,-20,-40,-19,-40,-17,-40,-16,-39,-14,-40,-12,-41,-11,-41,-9,-41,-8,-41,-8,-40,-8,-39,-8,-39,-8,-38,-8,-37,-8,-36,-9,-35,-9,-34,-10,-32,-10,-31,-11,-29,-11,-28,-12,-28,-11,-28,-12,-5,-3,-2,-1,0,-1,1,0,0,0,-3,0,-7,-1,-39,-3,-39,-5,-38,-14,-38,-17,-39,-20,-39,-23,-39,-26,-39,-28,-39,-30,-39,-31,-38,-32,-37,-33,-38,-34,-38,-34,-37,-34,-37,-34,-37,-34,-37,-34,-37,-33,-37,-32,-38,-30,-39,-29,-40,-29,-41,-28,-41,-26,-42,-26,-43,-25,-44,-25]"
CSI_DATA,22,5c:01:3b:6b:b0:95,-44,11,1,6,0,1,1,1,0,0,0,-97,1,11,0,10920282,0,86,1,256,1,"[86,-32,4,0,-22,-17,-21,-16,-21,-15,-20,-14,-21,-13,-20,-12,-20,-11,-20,-10,-20,-10,-20,-9,-20,-9,-20,-8,-20,-8,-20,-8,-20,-8,-20,-8,-20,-8,-19,-8,-18,-8,-18,-8,-17,-8,-16,-8,-15,-9,-15,-9,-14,-10,-4,-3,0,0,0,0,0,0,0,0,0,0,0,0,0,0,0,0,0,0,-5,-3,-20,-10,-20,-12,-20,-13,-20,-14,-20,-16,-20,-17,-20,-18,-20,-18,-19,-19,-18,-20,-18,-21,-18,-21,-18,-21,-18,-21,-18,-21,-18,-20,-18,-20,-18,-19,-19,-19,-19,-18,-20,-18,-20,-17,-20,-17,-21,-17,-21,-18,-22,-17,-13,-11,-41,-32,-40,-32,-39,-31,-38,-30,-38,-28,-38,-27,-38,-25,-38,-23,-38,-21,-38,-19,-38,-18,-39,-17,-39,-16,-39,-16,-39,-15,-38,-15,-37,-15,-37,-15,-36,-15,-34,-16,-33,-16,-32,-16,-30,-16,-29,-17,-28,-17,-26,-18,-24,-19,-22,-20,-4,-4,-2,-2,0,0,1,0,0,0,-3,-1,-7,-3,-39,-14,-38,-16,-38,-20,-37,-23,-37,-27,-37,-29,-36,-31,-36,-33,-36,-36,-35,-37,-34,-38,-33,-39,-33,-40,-33,-41,-32,-41,-32,-41,-32,-41,-33,-40,-33,-39,-33,-38,-34,-37,-35,-36,-36,-35,-37,-35,-38,-34,-39,-34,-40,-34,-40,-33]"
CSI_DATA,23,5c:01:3b:6b:b0:95,-44,11,1,6,0,1,1,1,0,0,0,-97,1,11,0,10968027,0,86,1,256,1,"[86,-32,4,0,12,23,12,22,12,21,12,20,12,19,12,19,13,17,13,17,14,16,14,15,14,14,15,14,15,14,15,14,15,14,15,14,15,14,14,14,13,14,12,14,11,13,10,13,10,13,10,13,9,13,2,3,0,0,0,0,0,0,0,0,0,0,0,0,0,0,0,0,0,0,3,4,13,17,13,18,12,19,12,20,11,21,10,22,10,23,9,24,8,24,8,25,8,25,7,26,7,25,7,25,7,25,8,25,8,24,8,23,8,23,9,23,10,23,10,23,11,23,11,23,12,24,13,24,6,14,21,46,20,45,20,44,20,43,20,41,21,40,21,38,22,36,22,34,24,32,25,31,26,30,27,30,27,30,27,30,27,29,26,29,25,28,24,29,22,28,21,28,20,26,19,26,18,26,16,26,15,26,11,28,9,28,1,5,0,1,-1,-1,-1,-1,-1,-1,1,1,4,4,26,29,24,31,23,33,21,36,20,38,18,41,17,43,15,45,14,46,12,47,11,48,11,48,11,49,11,49,10,49,10,49,10,49,10,49,10,48,11,47,12,47,13,47,14,46,16,46,18,45,19,46,20,47,21,47]"
CSI_DATA,24,5c:01:3b:6b:b0:95,-45,11,1,7,0,1,1,1,0,0,0,-97,1,11,0,11016205,0,86,1,256,1,"[86,-32,4,0,21,11,20,11,20,10,19,9,19,8,19,7,19,7,18,6,18,6,18,5,18,4,18,4,18,3,19,3,19,3,19,3,18,3,18,3,17,4,16,4,16,4,15,4,14,5,13,5,13,5,3,1,0,0,0,0,0,0,0,0,0,0,0,0,0,0,0,0,0,0,4,1,18,7,18,8,18,9,18,10,18,11,18,12,18,13,18,14,18,15,18,16,17,17,17,18,16,17,16,17,16,16,17,16,17,15,17,15,18,14,18,14,19,13,19,13,19,13,19,13,20,13,20,13,13,4,42,16,42,16,41,16,40,15,39,14,38,12,38,11,37,9,36,8,36,6,36,5,36,4,36,3,36,3,36,2,36,2,35,2,35,2,34,3,33,3,32,4,31,5,30,5,28,6,27,6,26,7,26,6,25,8,4,1,1,0,-1,-1,-2,0,-1,-1,1,-1,6,-1,36,-4,36,-1,36,8,36,10,37,13,37,15,37,17,37,19,38,22,37,24,37,25,37,26,37,27,36,27,36,27,36,27,36,26,36,26,36,24,36,23,37,23,38,22,38,21,39,20,40,20,40,20,41,20,41,20]"
CSI_DATA,25,5c:01:3b:6b:b0:95,-44,11,1,6,0,1,1,1,0,0,0,-97,1,11,0,11071681,0,86,1,256,1,"[86,-32,4,0,14,4,14,3,13,3,13,2,13,2,13,2,12,1,12,1,12,1,12,0,12,0,11,0,12,0,12,-1,12,-1,12,0,12,0,11,0,11,0,10,0,10,1,10,1,9,1,9,1,8,2,2,0,0,0,0,0,0,0,0,0,0,0,0,0,0,0,0,0,0,0,3,0,12,0,12,1,13,1,13,2,13,3,13,3,13,4,13,5,13,5,13,6,14,6,13,7,13,7,13,7,13,6,13,6,13,6,13,5,13,5,13,5,13,5,13,5,13,4,14,4,14,4,15,4,16,6,54,19,53,18,52,17,51,17,49,16,49,14,48,12,47,10,47,8,46,6,46,4,46,2,46,2,46,2,46,2,45,2,45,3,44,3,43,4,41,5,40,6,38,6,37,7,36,7,34,8,32,10,31,13,29,15,4,2,1,0,-1,-1,-2,0,-1,-1,2,-1,8,-1,45,-3,46,0,47,4,48,7,49,11,49,14,49,17,49,20,50,22,50,24,50,26,50,27,51,28,51,28,50,29,49,29,49,29,49,28,48,27,48,26,48,26,50,25,50,24,52,22,52,21,54,20,55,19,55,19]"
CSI_DATA,26,5c:01:3b:6b:b0:95,-44,11,1,6,0,1,1,1,0,0,0,-97,1,11,0,11118465,0,86,1,256,1,"[86,-32,4,0,-14,20,-14,20,-12,19,-11,18,-11,18,-10,18,-9,18,-8,17,-7,17,-7,17,-7,18,-6,18,-6,18,-6,18,-5,18,-5,18,-6,18,-6,17,-6,16,-6,16,-7,15,-7,14,-7,13,-7,13,-7,13,-2,3,0,0,0,0,0,0,0,0,0,0,0,0,0,0,0,0,0,0,-2,4,-8,18,-9,18,-10,18,-11,18,-13,18,-14,18,-15,18,-16,18,-16,17,-16,17,-17,18,-17,17,-17,17,-17,17,-17,17,-17,17,-16,17,-16,17,-16,17,-16,18,-15,18,-15,18,-14,19,-14,19,-14,20,-14,21,-7,12,-21,41,-22,40,-21,39,-20,38,-18,37,-16,36,-16,36,-14,35,-13,35,-11,35,-9,35,-8,36,-8,36,-7,36,-7,35,-7,35,-7,35,-7,34,-8,33,-9,32,-9,31,-9,29,-9,28,-10,27,-10,26,-11,25,-11,25,-12,24,-3,4,-1,1,0,-1,-1,-2,0,-1,0,2,0,6,-1,37,-4,37,-11,35,-14,35,-16,35,-18,36,-21,36,-23,36,-25,37,-26,36,-28,36,-28,36,-29,36,-29,36,-30,35,-30,35,-30,34,-30,34,-29,34,-28,34,-27,35,-26,36,-25,37,-24,38,-23,38,-23,39,-23,40,-22,40]"
CSI_DATA,27,5c:01:3b:6b:b0:95,-40,11,1,6,0,1,1,1,0,0,0,-97,1,11,0,11166215,0,86,1,256,1,"[86,-32,4,0,-13,4,-13,4,-12,5,-11,5,-11,5,-11,5,-10,5,-10,5,-10,5,-9,6,-9,6,-9,6,-9,6,-9,6,-9,6,-9,6,-9,6,-9,6,-8,5,-8,5,-8,4,-8,4,-8,4,-8,3,-8,3,-2,0,0,0,0,0,0,0,0,0,0,0,0,0,0,0,0,0,0,0,-3,1,-10,5,-10,5,-11,5,-11,4,-12,4,-12,4,-13,3,-13,3,-13,3,-14,2,-14,2,-14,2,-14,2,-14,2,-13,2,-13,2,-13,2,-13,2,-13,3,-13,3,-13,4,-13,3,-13,4,-13,4,-13,4,-13,5,-15,5,-49,17,-48,16,-47,16,-45,16,-43,16,-42,17,-41,18,-39,18,-38,20,-36,20,-35,22,-34,22,-34,23,-34,23,-33,23,-33,23,-33,23,-33,22,-33,22,-32,19,-32,17,-31,16,-30,15,-30,15,-30,13,-29,12,-30,9,-30,7,-6,1,-2,0,0,-1,0,-1,0,-1,-2,1,-6,4,-31,24,-33,23,-36,21,-38,19,-41,17,-43,15,-45,14,-47,12,-49,11,-49,9,-50,8,-50,7,-51,7,-51,6,-51,5,-51,5,-51,5,-51,6,-49,6,-48,7,-48,8,-48,9,-48,10,-48,12,-48,13,-49,15,-50,16,-50,17]"
CSI_DATA,28,5c:01:3b:6b:b0:95,-44,11,1,6,0,1,1,1,0,0,0,-97,1,11,0,11216098,0,86,1,256,1,"[86,-32,4,0,-20,13,-20,13,-19,13,-18,13,-17,14,-16,14,-15,14,-14,14,-14,14,-14,14,-13,14,-13,15,-12,15,-12,15,-12,15,-12,15,-12,15,-11,14,-11,14,-11,13,-11,12,-12,11,-12,10,-12,10,-12,9,-3,2,0,0,0,0,0,0,0,0,0,0,0,0,0,0,0,0,0,0,-4,3,-15,13,-16,13,-17,12,-18,12,-19,12,-20,11,-21,11,-21,11,-22,10,-23,9,-23,9,-24,8,-24,8,-23,8,-23,8,-22,9,-22,9,-21,9,-21,10,-21,11,-21,12,-20,12,-20,12,-21,12,-22,13,-21,13,-11,9,-35,29,-35,29,-34,28,-33,28,-31,28,-29,28,-28,28,-26,29,-25,29,-24,29,-22,30,-22,30,-21,31,-20,31,-20,31,-19,31,-20,30,-19,30,-20,29,-20,28,-20,26,-19,24,-19,23,-19,22,-20,21,-20,20,-19,20,-20,19,-4,3,-2,0,0,-1,0,-2,0,-1,-1,1,-3,5,-16,32,-18,31,-25,28,-28,27,-30,26,-32,25,-35,24,-36,24,-38,24,-40,23,-40,22,-41,21,-42,21,-42,20,-42,19,-42,19,-42,20,-41,20,-40,20,-39,21,-39,22,-38,24,-38,24,-37,25,-37,26,-37,27,-37,28,-37,29]"
CSI_DATA,29,5c:01:3b:6b:b0:95,-44,11,1,6,0,1,1,1,0,0,0,-97,1,11,0,11266190,0,86,1,256,1,"[86,-32,4,0,22,-8,22,-8,21,-8,20,-8,20,-9,19,-9,18,-9,17,-10,16,-10,16,-11,16,-11,16,-11,16,-11,15,-12,15,-12,15,-11,15,-11,15,-10,14,-10,14,-9,14,-8,14,-8,14,-7,13,-6,13,-6,3,-2,0,0,0,0,0,0,0,0,0,0,0,0,0,0,0,0,0,0,4,-3,17,-10,17,-10,19,-9,20,-9,21,-8,21,-7,22,-7,22,-6,23,-5,23,-4,24,-4,24,-3,24,-3,24,-3,23,-3,23,-4,23,-4,22,-4,23,-5,23,-6,22,-6,22,-7,22,-7,23,-7,24,-7,24,-8,13,-5,44,-14,43,-14,42,-13,41,-13,39,-14,38,-15,37,-15,35,-16,34,-17,33,-18,32,-20,31,-20,31,-21,31,-21,30,-21,30,-21,30,-20,30,-20,30,-19,29,-18,28,-16,27,-15,27,-14,26,-13,26,-11,25,-10,26,-7,26,-5,4,-1,1,-1,-1,0,-1,0,-1,0,1,-2,4,-5,28,-23,30,-21,33,-19,35,-17,37,-16,39,-14,40,-13,42,-11,43,-10,44,-8,45,-7,45,-6,46,-6,46,-5,46,-4,45,-4,45,-4,45,-5,44,-5,44,-6,44,-7,44,-8,44,-9,43,-10,43,-11,44,-12,45,-13,45,-14]"
CSI_DATA,30,5c:01:3b:6b:b0:95,-44,11,1,6,0,1,1,1,0,0,0,-97,1,11,0,11323135,0,86,1,256,1,"[86,-32,4,0,0,-25,0,-24,0,-23,0,-23,-1,-22,-1,-22,-2,-21,-3,-20,-4,-20,-4,-20,-4,-20,-5,-19,-5,-19,-5,-19,-5,-19,-5,-19,-5,-19,-4,-18,-3,-18,-3,-18,-2,-17,-2,-16,-1,-16,-1,-16,-1,-15,0,-4,0,0,0,0,0,0,0,0,0,0,0,0,0,0,0,0,0,0,-1,-5,-4,-20,-3,-20,-2,-21,-1,-22,0,-23,1,-23,2,-24,3,-24,4,-24,5,-24,5,-24,5,-24,6,-24,6,-24,5,-24,5,-24,4,-24,4,-23,4,-23,3,-24,3,-24,3,-24,2,-24,2,-24,2,-25,1,-26,3,-14,10,-45,10,-44,10,-43,9,-42,9,-40,8,-40,6,-39,5,-39,3,-38,2,-38,0,-38,-1,-38,-2,-38,-2,-37,-2,-37,-1,-36,-1,-36,0,-35,0,-35,1,-34,2,-33,2,-31,3,-31,3,-30,4,-29,5,-28,12,-25,13,-24,2,-5,0,-2,-1,0,-1,1,-1,0,-1,-2,-1,-7,1,-36,3,-37,0,-38,3,-38,5,-39,8,-40,10,-40,12,-41,14,-41,16,-41,17,-42,18,-42,18,-42,18,-42,19,-42,19,-41,19,-41,19,-41,18,-40,17,-40,16,-41,16,-41,15,-42,14,-42,12,-43,12,-44,11,-45,11,-46]"
CSI_DATA,31,5c:01:3b:6b:b0:95,-40,11,1,6,0,1,1,1,0,0,0,-97,1,11,0,11374110,0,86,1,256,1,"[86,-32,4,0,-12,3,-12,4,-11,4,-10,4,-10,4,-10,4,-9,4,-9,4,-9,4,-9,5,-8,5,-8,5,-8,5,-8,5,-8,5,-8,5,-8,5,-8,4,-8,4,-8,4,-8,4,-7,4,-7,3,-7,3,-7,2,-2,0,0,0,0,0,0,0,0,0,0,0,0,0,0,0,0,0,0,0,-3,1,-9,4,-10,4,-10,4,-11,3,-11,3,-11,3,-12,2,-12,2,-12,1,-12,1,-13,1,-13,1,-13,1,-13,1,-13,1,-13,1,-12,1,-12,1,-12,2,-12,2,-12,2,-12,3,-12,3,-12,3,-12,3,-12,3,-15,1,-46,8,-46,7,-44,8,-43,8,-41,8,-40,9,-39,10,-38,11,-36,12,-35,13,-34,14,-34,15,-34,16,-34,16,-33,16,-33,16,-32,16,-32,15,-32,14,-31,13,-30,12,-29,11,-29,10,-28,9,-28,8,-27,6,-28,1,-27,-1,-5,-1,-2,-1,0,-1,1,-1,0,-1,-2,0,-6,2,-33,13,-34,11,-36,12,-37,10,-39,7,-41,5,-42,4,-43,3,-44,1,-45,0,-46,-1,-46,-1,-46,-1,-47,-2,-46,-3,-46,-3,-46,-3,-46,-3,-45,-3,-44,-2,-44,-1,-44,1,-44,2,-44,3,-44,5,-45,7,-46,8,-46,9]"
CSI_DATA,32,5c:01:3b:6b:b0:95,-45,11,1,7,0,1,1,1,0,0,0,-97,1,11,0,11416312,0,86,1,256,1,"[86,-32,4,0,26,2,25,2,24,1,24,0,24,-1,23,-1,22,-2,21,-3,21,-3,21,-4,20,-5,20,-5,20,-6,20,-5,20,-5,20,-5,20,-5,20,-4,19,-4,18,-3,18,-3,17,-3,17,-2,16,-1,16,-1,4,-1,0,0,0,0,0,0,0,0,0,0,0,0,0,0,0,0,0,0,5,-1,21,-2,22,-2,23,0,23,1,24,2,25,3,25,4,25,5,25,6,25,6,26,7,26,7,25,8,25,7,25,7,25,7,24,7,24,6,25,5,25,5,25,4,25,3,25,3,26,3,27,3,27,2,15,3,50,9,49,9,48,9,46,8,45,7,44,6,43,4,42,3,41,1,40,-1,40,-4,40,-5,40,-5,40,-5,40,-5,39,-5,39,-5,38,-5,37,-4,36,-3,35,-2,34,-1,33,-1,32,0,31,1,30,2,29,8,28,10,4,2,1,0,-1,-1,-2,0,-1,-1,2,-1,7,-1,40,-3,41,0,42,0,42,3,43,6,44,8,45,10,45,13,46,15,46,17,46,18,46,18,47,19,47,19,47,19,46,20,46,20,45,19,45,19,45,18,45,17,45,16,46,15,47,13,47,12,48,10,50,10,51,10]"
CSI_DATA,33,5c:01:3b:6b:b0:95,-44,11,1,6,0,1,1,1,0,0,0,-97,1,11,0,11468075,0,86,1,256,1,"[86,-32,4,0,-19,20,-18,19,-16,19,-16,19,-15,19,-14,19,-13,18,-12,18,-11,19,-10,19,-10,19,-10,19,-9,19,-9,19,-9,19,-9,19,-9,18,-9,18,-9,17,-9,16,-10,15,-10,15,-10,14,-9,13,-10,13,-3,3,0,0,0,0,0,0,0,0,0,0,0,0,0,0,0,0,0,0,-3,4,-12,18,-13,18,-15,18,-16,18,-17,18,-18,18,-19,18,-20,17,-21,17,-21,17,-22,17,-22,16,-22,16,-22,16,-22,16,-22,16,-21,16,-21,16,-20,17,-20,17,-20,18,-19,18,-19,18,-19,19,-19,20,-18,21,-13,9,-40,32,-40,31,-39,30,-37,30,-35,30,-33,30,-32,30,-30,30,-28,31,-27,31,-25,32,-24,33,-24,33,-24,33,-23,33,-23,33,-23,32,-23,31,-23,31,-23,29,-23,27,-22,26,-22,24,-22,23,-22,22,-22,21,-27,15,-28,13,-5,2,-2,0,0,-1,0,-2,0,-1,-2,1,-5,5,-27,31,-29,29,-28,31,-30,30,-33,29,-36,28,-38,28,-40,27,-42,26,-43,25,-44,24,-45,24,-46,24,-46,23,-46,23,-46,22,-46,22,-45,22,-45,22,-44,23,-43,24,-42,25,-42,26,-41,28,-40,29,-40,30,-41,31,-40,32]"
CSI_DATA,34,5c:01:3b:6b:b0:95,-39,11,1,5,0,1,1,1,0,0,0,-97,1,11,0,11519462,0,86,1,256,1,"[86,-32,4,0,-9,21,-8,21,-7,21,-7,20,-7,20,-6,19,-5,19,-4,19,-3,18,-3,18,-2,18,-2,18,-1,19,-1,18,-2,18,-2,18,-2,18,-2,17,-2,17,-2,16,-3,15,-4,15,-4,14,-4,14,-5,13,-2,3,0,0,0,0,0,0,0,0,0,0,0,0,0,0,0,0,0,0,-1,4,-3,19,-5,19,-6,20,-7,20,-8,20,-9,20,-10,20,-11,20,-12,20,-12,20,-13,21,-13,21,-13,20,-13,20,-13,20,-13,19,-12,19,-11,19,-11,19,-11,20,-11,20,-10,21,-10,21,-9,22,-9,22,-9,22,-7,12,-21,40,-21,39,-19,38,-18,37,-17,36,-16,35,-15,35,-13,35,-11,34,-10,34,-8,35,-7,35,-7,35,-7,35,-6,35,-6,35,-7,34,-7,33,-7,33,-8,31,-9,30,-9,28,-9,27,-9,26,-10,25,-11,24,-16,21,-17,20,-3,3,-1,0,0,-1,0,-2,0,-1,-1,1,-1,6,-7,34,-9,34,-10,35,-13,35,-16,36,-18,36,-20,36,-22,36,-24,36,-26,36,-27,35,-27,35,-28,36,-28,36,-29,35,-29,35,-29,35,-28,35,-27,35,-26,35,-25,35,-24,35,-24,36,-23,37,-22,38,-21,39,-21,40,-21,40]"
CSI_DATA,35,5c:01:3b:6b:b0:95,-43,11,1,5,0,1,1,1,0,0,0,-97,1,11,0,11569494,0,86,1,256,1,"[86,-32,4,0,-21,17,-20,17,-19,16,-18,16,-17,17,-17,17,-16,16,-15,16,-14,17,-13,17,-13,17,-13,17,-12,18,-12,18,-12,18,-12,17,-12,17,-12,16,-12,15,-12,15,-12,14,-12,13,-12,12,-12,12,-12,11,-3,2,0,0,0,0,0,0,0,0,0,0,0,0,0,0,0,0,0,0,-4,4,-14,17,-15,17,-16,17,-18,16,-19,16,-20,16,-21,15,-21,15,-22,14,-23,14,-24,13,-24,13,-24,13,-24,12,-24,12,-23,13,-23,13,-22,13,-22,14,-22,14,-21,15,-21,16,-21,16,-21,16,-22,17,-21,17,-14,8,-42,28,-42,28,-41,28,-39,27,-38,27,-36,27,-34,27,-33,28,-31,28,-29,29,-28,31,-27,32,-27,32,-26,32,-26,31,-26,31,-26,30,-26,29,-26,28,-26,27,-26,25,-25,24,-24,22,-24,21,-24,20,-24,18,-27,14,-28,12,-5,2,-2,0,0,-1,0,-2,0,-1,-2,1,-5,5,-25,32,-27,30,-29,31,-31,29,-34,28,-37,27,-39,26,-42,25,-44,24,-45,23,-46,22,-46,22,-47,22,-48,22,-48,21,-48,20,-47,19,-47,20,-46,20,-45,21,-45,21,-44,22,-43,23,-43,25,-42,26,-42,27,-43,29,-43,29]"
CSI_DATA,36,5c:01:3b:6b:b0:95,-45,11,1,7,0,1,1,1,0,0,0,-97,1,11,0,11616324,0,86,1,256,1,"[86,-32,4,0,9,-22,9,-22,8,-21,8,-21,7,-21,6,-20,6,-20,4,-20,3,-20,3,-20,3,-20,2,-19,2,-19,2,-20,2,-20,2,-19,2,-19,2,-18,3,-18,3,-17,4,-16,4,-16,4,-15,4,-15,4,-14,1,-4,0,0,0,0,0,0,0,0,0,0,0,0,0,0,0,0,0,0,0,-5,3,-20,4,-20,6,-21,7,-21,8,-21,9,-21,10,-21,11,-21,12,-21,13,-21,13,-21,14,-21,13,-21,13,-20,13,-20,13,-20,12,-20,12,-20,12,-21,11,-21,11,-21,11,-21,10,-22,10,-22,10,-23,10,-23,6,-13,20,-42,19,-42,18,-41,17,-40,16,-39,15,-38,14,-37,12,-37,11,-37,9,-37,7,-37,6,-38,5,-37,5,-37,5,-37,5,-37,6,-36,6,-36,7,-35,7,-34,8,-33,8,-31,8,-30,8,-29,9,-27,10,-26,13,-24,14,-23,2,-5,0,-2,-1,0,-1,1,-1,0,-1,-2,0,-7,3,-37,6,-37,8,-38,11,-38,14,-38,16,-39,18,-39,20,-39,23,-39,24,-39,26,-39,26,-38,27,-38,27,-38,28,-38,28,-37,28,-37,27,-37,26,-37,25,-37,24,-37,24,-38,23,-38,22,-39,21,-40,21,-41,21,-42,21,-43]"
CSI_DATA,37,5c:01:3b:6b:b0:95,-39,11,1,5,0,1,1,1,0,0,0,-97,1,11,0,11673270,0,86,1,256,1,"[86,-32,4,0,11,-6,11,-6,10,-6,10,-6,10,-7,9,-7,9,-7,8,-7,8,-7,8,-8,7,-8,7,-8,7,-8,7,-8,7,-8,7,-8,7,-7,7,-7,7,-7,7,-6,7,-6,6,-6,6,-5,6,-5,6,-5,1,-1,0,0,0,0,0,0,0,0,0,0,0,0,0,0,0,0,0,0,2,-2,8,-6,9,-6,9,-6,10,-6,10,-6,11,-5,11,-5,11,-5,12,-4,12,-4,12,-4,13,-4,13,-4,12,-4,12,-4,12,-4,12,-4,12,-4,12,-4,11,-5,11,-5,12,-5,11,-5,12,-6,12,-6,12,-7,14,-4,46,-13,46,-14,45,-14,43,-14,42,-15,41,-15,40,-16,38,-17,35,-18,34,-20,33,-22,33,-23,32,-23,33,-23,33,-22,32,-22,32,-21,31,-21,31,-20,30,-19,30,-17,28,-16,28,-15,27,-14,27,-12,27,-10,29,-3,29,-1,5,-1,1,0,-1,-1,-2,0,-1,0,1,-2,5,-4,34,-18,36,-16,35,-19,37,-17,39,-15,41,-13,42,-12,44,-10,46,-8,46,-7,47,-6,47,-5,48,-5,49,-5,49,-5,49,-4,48,-3,47,-4,47,-4,46,-5,46,-5,46,-7,46,-8,47,-10,46,-11,46,-13,47,-15,47,-15]"
CSI_DATA,38,5c:01:3b:6b:b0:95,-44,11,1,6,0,1,1,1,0,0,0,-97,1,11,0,11716294,0,86,1,256,1,"[86,-32,4,0,25,6,24,6,23,5,23,4,22,3,22,3,22,2,21,1,21,1,21,0,21,-1,20,-1,20,-1,20,-1,20,-1,20,-1,20,-1,19,0,19,0,18,0,17,1,17,1,16,2,16,2,15,3,3,0,0,0,0,0,0,0,0,0,0,0,0,0,0,0,0,0,0,0,5,0,21,1,22,2,22,3,23,4,23,5,23,6,24,7,24,8,24,9,24,10,24,11,24,11,24,11,23,11,23,11,23,11,23,10,23,9,23,9,23,8,24,8,24,7,24,7,25,7,26,7,26,7,13,6,45,19,44,19,43,19,42,18,41,17,41,15,40,14,39,12,39,10,39,8,39,7,39,6,39,5,39,5,38,5,38,4,38,4,37,5,36,5,35,6,33,7,32,7,31,8,30,8,29,9,27,10,24,16,23,17,3,3,0,1,-1,-1,-2,-1,-1,-1,2,0,7,0,39,6,39,9,40,8,40,10,40,14,40,16,41,18,41,21,41,23,41,25,41,26,41,27,41,28,41,28,40,29,40,29,40,28,40,28,39,27,39,26,40,25,41,25,41,24,42,23,43,22,44,21,45,20,46,20]"
CSI_DATA,39,5c:01:3b:6b:b0:95,-43,11,1,5,0,1,1,1,0,0,0,-97,1,11,0,11768142,0,86,1,256,1,"[86,-32,4,0,15,20,15,20,15,19,15,18,15,17,15,16,15,15,15,14,16,13,16,13,16,12,16,11,17,11,17,11,17,11,17,11,16,12,16,12,15,12,14,11,13,11,12,11,12,11,11,11,10,11,2,2,0,0,0,0,0,0,0,0,0,0,0,0,0,0,0,0,0,0,3,3,15,14,15,15,15,17,14,18,14,19,13,20,13,21,12,22,11,22,11,23,11,24,11,24,11,24,10,23,10,23,11,23,11,22,11,22,12,22,12,21,13,21,13,21,14,21,15,21,16,21,16,22,6,13,23,43,22,43,22,42,22,40,22,38,22,37,23,35,23,33,24,31,25,30,27,29,28,28,28,28,28,28,28,27,27,27,27,26,26,26,25,26,24,26,22,26,21,25,20,24,19,24,17,24,16,24,9,27,8,28,1,5,0,1,-1,-1,-1,-1,-1,-1,1,1,4,5,25,30,23,32,25,31,23,34,21,36,19,38,18,41,17,43,16,45,15,45,14,46,14,46,14,47,14,48,13,48,13,48,12,47,12,47,13,46,13,45,14,44,15,44,17,44,19,44,20,43,21,43,23,44,23,44]"
CSI_DATA,40,5c:01:3b:6b:b0:95,-44,11,1,6,0,1,1,1,0,0,0,-97,1,11,0,11818404,0,86,1,256,1,"[86,-32,4,0,-20,18,-19,17,-18,17,-17,17,-17,17,-16,17,-15,17,-14,16,-13,16,-12,17,-12,17,-12,17,-11,18,-11,18,-10,18,-11,18,-11,17,-11,16,-11,15,-11,15,-11,14,-11,13,-11,12,-11,12,-11,11,-3,2,0,0,0,0,0,0,0,0,0,0,0,0,0,0,0,0,0,0,-3,4,-13,17,-14,17,-15,17,-17,17,-18,16,-19,16,-20,16,-21,15,-22,15,-22,14,-23,14,-24,14,-23,13,-23,13,-23,13,-22,13,-22,14,-21,14,-21,14,-21,15,-21,16,-20,16,-20,16,-20,17,-21,18,-20,18,-13,9,-40,30,-40,29,-39,29,-37,28,-36,27,-34,28,-33,28,-31,28,-29,29,-28,30,-26,31,-25,32,-25,32,-24,32,-24,31,-23,31,-23,31,-24,30,-24,29,-24,27,-24,26,-23,24,-23,23,-23,22,-23,21,-23,19,-26,16,-26,14,-5,2,-2,0,0,-1,0,-2,0,-1,-1,1,-4,5,-23,32,-26,30,-27,31,-30,29,-33,28,-36,27,-38,26,-40,26,-42,25,-44,23,-45,23,-45,22,-46,22,-46,22,-46,21,-46,21,-46,20,-46,21,-45,21,-44,22,-43,22,-43,23,-42,24,-42,25,-41,27,-41,29,-41,30,-41,31]"
CSI_DATA,41,5c:01:3b:6b:b0:95,-44,11,1,6,0,1,1,1,0,0,0,-97,1,11,0,11866178,0,86,1,256,1,"[86,-32,4,0,11,-9,11,-9,10,-9,9,-9,9,-9,9,-9,8,-9,8,-9,7,-10,7,-10,6,-10,6,-10,6,-10,6,-10,6,-10,6,-10,6,-10,6,-9,6,-9,6,-8,6,-8,6,-8,6,-7,6,-7,6,-7,1,-2,0,0,0,0,0,0,0,0,0,0,0,0,0,0,0,0,0,0,1,-3,7,-10,8,-10,9,-9,9,-9,10,-9,11,-9,11,-8,12,-8,12,-8,12,-8,13,-8,13,-8,13,-7,13,-7,13,-7,12,-7,12,-7,12,-7,12,-8,12,-8,11,-8,11,-8,11,-8,11,-9,12,-10,12,-10,14,-10,46,-31,46,-30,45,-30,43,-30,42,-30,40,-30,38,-30,36,-31,35,-32,33,-33,31,-34,30,-34,29,-35,29,-35,29,-35,29,-35,29,-34,29,-33,29,-32,28,-30,28,-28,27,-27,27,-25,26,-24,26,-22,26,-21,29,-15,29,-13,5,-3,1,-1,-1,0,-1,1,-1,0,1,-3,4,-7,29,-34,32,-32,32,-33,35,-32,38,-30,41,-29,43,-28,46,-27,48,-26,49,-24,50,-23,51,-22,52,-21,53,-20,52,-20,52,-20,52,-20,51,-20,50,-21,49,-22,49,-22,48,-24,48,-24,48,-25,47,-26,48,-28,48,-29,48,-30]"
CSI_DATA,42,5c:01:3b:6b:b0:95,-44,11,1,6,0,1,1,1,0,0,0,-97,1,11,0,11916221,0,86,1,256,1,"[86,-32,4,0,13,22,12,21,12,20,12,19,13,19,13,18,13,17,13,16,14,15,14,15,14,14,14,14,15,14,15,14,15,14,15,14,14,14,14,14,13,13,12,13,11,13,10,12,10,12,9,13,9,13,2,3,0,0,0,0,0,0,0,0,0,0,0,0,0,0,0,0,0,0,3,3,14,16,13,17,13,18,13,19,12,20,11,21,11,22,10,23,9,23,9,24,8,25,8,25,8,25,8,24,8,24,8,24,8,23,9,23,9,23,10,23,10,23,11,22,11,22,12,23,12,23,13,23,4,14,17,46,17,45,17,43,17,42,17,41,18,39,19,38,19,36,20,35,21,33,23,32,23,31,24,31,24,31,24,30,24,30,23,29,22,29,21,29,19,29,18,28,17,27,16,27,15,27,14,26,12,26,6,29,4,29,0,5,0,1,-1,-1,-1,-2,-1,-1,1,1,4,5,22,33,20,34,22,34,20,36,18,38,17,40,15,42,14,44,12,46,11,47,9,47,9,48,9,49,8,49,8,48,7,48,7,48,8,48,8,47,9,46,10,46,11,46,12,46,13,46,15,45,16,46,17,47,18,47]"
CSI_DATA,43,5c:01:3b:6b:b0:95,-43,11,1,5,0,1,1,1,0,0,0,-97,1,11,0,11968126,0,86,1,256,1,"[86,-32,4,0,25,-1,25,-2,24,-2,23,-3,23,-3,22,-4,21,-4,21,-5,20,-5,20,-6,20,-7,19,-7,19,-7,19,-7,19,-7,19,-7,19,-7,18,-6,18,-6,17,-5,17,-5,16,-4,16,-3,16,-3,15,-2,3,-1,0,0,0,0,0,0,0,0,0,0,0,0,0,0,0,0,0,0,5,-2,21,-5,21,-5,22,-4,23,-3,23,-1,24,-1,25,0,25,1,25,2,26,3,26,4,26,4,26,4,25,4,25,4,25,3,25,3,24,2,24,2,25,1,25,1,25,0,25,0,25,0,26,-1,27,-1,15,0,49,1,49,1,48,0,46,0,45,-1,44,-2,43,-3,42,-5,40,-7,39,-9,39,-10,38,-11,38,-12,38,-12,38,-12,37,-12,37,-11,36,-11,36,-10,35,-9,34,-8,32,-7,32,-6,31,-5,30,-4,29,-3,29,1,28,3,4,0,1,0,-1,-1,-2,0,-1,0,1,-1,6,-3,37,-13,38,-11,40,-9,41,-6,43,-3,44,-1,45,1,46,3,48,5,48,7,48,8,48,9,49,9,49,10,49,10,49,10,48,10,48,10,47,9,47,9,47,8,47,7,48,6,48,4,48,2,49,1,50,0,50,0]"
CSI_DATA,44,5c:01:3b:6b:b0:95,-43,11,1,5,0,1,1,1,0,0,0,-97,1,11,0,12018075,0,86,1,256,1,"[86,-32,4,0,23,-13,22,-13,21,-13,20,-13,20,-13,19,-13,18,-13,17,-14,16,-14,15,-15,15,-15,15,-15,14,-16,14,-15,14,-15,14,-15,14,-15,14,-14,14,-13,13,-13,13,-12,13,-11,13,-11,13,-10,13,-9,3,-3,0,0,0,0,0,0,0,0,0,0,0,0,0,0,0,0,0,0,4,-4,17,-14,18,-14,19,-13,20,-12,21,-12,22,-11,23,-10,24,-10,24,-9,25,-8,25,-8,26,-8,25,-8,25,-8,25,-8,24,-8,24,-8,23,-9,23,-9,23,-10,23,-10,23,-11,23,-11,23,-12,24,-12,24,-13,14,-6,45,-20,45,-20,44,-20,42,-20,40,-20,39,-21,38,-21,36,-22,34,-23,32,-25,31,-26,30,-27,30,-27,30,-27,30,-27,30,-27,29,-26,28,-26,28,-25,28,-23,27,-22,27,-20,26,-19,26,-18,25,-17,25,-15,27,-11,27,-9,4,-2,1,-1,-1,0,-2,0,-1,0,1,-2,5,-5,30,-26,32,-24,34,-24,36,-22,38,-20,40,-19,42,-17,44,-16,46,-15,47,-14,48,-13,48,-12,49,-11,49,-11,49,-11,49,-10,49,-10,48,-11,47,-11,47,-12,46,-12,46,-13,46,-15,46,-16,45,-18,45,-19,46,-20,46,-20]"
CSI_DATA,45,5c:01:3b:6b:b0:95,-38,11,1,4,0,1,1,1,0,0,0,-97,1,11,0,12069565,0,86,1,256,1,"[86,-32,4,0,-14,-3,-14,-3,-13,-3,-12,-2,-12,-2,-12,-2,-12,-1,-12,-1,-12,-1,-12,0,-11,0,-11,1,-11,1,-11,0,-11,0,-11,0,-11,0,-11,0,-11,0,-10,-1,-10,-1,-9,-1,-9,-1,-9,-1,-9,-1,-2,-1,0,0,0,0,0,0,0,0,0,0,0,0,0,0,0,0,0,0,-3,-1,-12,-1,-12,-1,-12,-2,-13,-3,-13,-4,-13,-4,-13,-4,-13,-5,-13,-5,-13,-6,-13,-6,-13,-6,-13,-6,-13,-6,-13,-6,-13,-6,-13,-5,-13,-5,-13,-5,-13,-4,-13,-4,-13,-4,-13,-4,-13,-4,-14,-4,-14,-4,-15,-7,-48,-20,-47,-20,-46,-20,-44,-19,-43,-18,-44,-16,-43,-15,-42,-13,-41,-11,-41,-10,-42,-8,-42,-6,-42,-5,-42,-5,-42,-5,-41,-5,-40,-5,-39,-5,-38,-6,-37,-7,-36,-8,-35,-8,-34,-8,-32,-9,-31,-9,-30,-10,-26,-17,-25,-18,-5,-4,-2,-2,0,0,0,0,0,0,-3,-1,-7,-2,-40,-10,-39,-13,-42,-11,-42,-14,-43,-17,-43,-20,-43,-21,-43,-23,-43,-25,-42,-27,-42,-28,-42,-29,-43,-30,-43,-30,-43,-31,-42,-31,-41,-31,-41,-30,-41,-29,-40,-28,-41,-27,-42,-25,-43,-25,-44,-24,-45,-23,-46,-22,-47,-21,-48,-22]"
CSI_DATA,46,5c:01:3b:6b:b0:95,-44,11,1,6,0,1,1,1,0,0,0,-97,1,11,0,12117038,0,86,1,256,1,"[86,-32,4,0,1,-27,1,-26,0,-25,0,-24,-1,-24,-1,-23,-2,-23,-3,-22,-4,-22,-5,-21,-6,-21,-6,-21,-6,-21,-6,-21,-6,-21,-6,-20,-6,-20,-5,-20,-5,-19,-4,-19,-4,-18,-3,-17,-3,-17,-3,-17,-2,-17,-1,-4,0,0,0,0,0,0,0,0,0,0,0,0,0,0,0,0,0,0,-1,-6,-2,-22,-1,-23,1,-23,2,-24,3,-25,4,-25,5,-25,6,-25,7,-25,7,-26,7,-26,7,-26,7,-26,8,-26,8,-25,7,-25,6,-25,6,-25,6,-25,5,-25,5,-25,4,-26,3,-26,2,-26,2,-27,2,-28,1,-16,5,-51,5,-50,5,-49,4,-48,3,-46,2,-45,1,-44,-1,-43,-3,-42,-5,-41,-7,-41,-9,-41,-9,-41,-9,-40,-9,-40,-9,-39,-8,-39,-8,-38,-7,-38,-6,-37,-5,-36,-5,-34,-5,-33,-4,-32,-3,-32,-2,-31,2,-30,4,-30,0,-6,0,-2,-1,0,0,1,-1,0,-1,-3,-2,-7,-6,-40,-3,-41,-1,-42,2,-43,5,-44,7,-45,9,-46,12,-47,14,-47,16,-47,17,-47,17,-47,17,-48,17,-48,18,-48,18,-48,18,-48,17,-48,16,-47,15,-47,15,-47,14,-47,12,-47,11,-48,9,-49,8,-50,7,-51,6,-51]"
CSI_DATA,47,5c:01:3b:6b:b0:95,-40,11,1,5,0,1,1,1,0,0,0,-97,1,11,0,12168871,0,86,1,256,1,"[86,-32,4,0,15,17,15,16,14,15,14,14,14,14,14,13,14,12,14,11,14,11,15,10,15,9,15,9,15,9,15,9,15,9,15,9,15,9,14,9,14,9,13,9,12,8,11,8,11,8,10,9,10,9,2,2,0,0,0,0,0,0,0,0,0,0,0,0,0,0,0,0,0,0,3,2,14,11,14,13,13,14,13,15,13,16,13,17,12,18,12,19,11,19,11,20,11,20,11,20,11,20,11,20,10,20,10,19,10,19,11,18,11,18,12,18,13,18,13,17,13,17,14,17,15,18,16,18,5,11,19,37,19,37,18,35,18,34,19,32,19,31,20,30,20,28,20,27,21,25,23,24,24,23,24,23,24,23,24,23,23,23,23,23,23,22,22,22,21,21,19,21,18,21,17,20,16,20,15,20,13,20,6,25,5,25,0,4,0,1,-1,-1,-1,-1,-1,-1,1,1,3,4,19,28,17,30,20,27,18,29,17,32,16,33,15,35,14,37,13,39,12,40,11,40,11,40,11,40,11,41,10,41,10,41,9,40,10,40,10,39,11,38,11,38,12,38,14,38,15,38,16,37,18,37,19,37,20,38]"
CSI_DATA,48,5c:01:3b:6b:b0:95,-43,11,1,5,0,1,1,1,0,0,0,-97,1,11,0,12217910,0,86,1,256,1,"[86,-32,4,0,-2,23,-2,22,-1,21,-1,21,0,20,0,20,1,19,2,18,2,18,3,18,3,18,3,18,4,18,4,18,4,18,4,17,3,17,3,17,3,16,2,16,1,15,1,14,0,14,0,14,0,14,0,3,0,0,0,0,0,0,0,0,0,0,0,0,0,0,0,0,0,0,0,4,3,18,2,19,1,20,0,21,-1,21,-2,22,-3,22,-4,22,-5,22,-5,22,-6,23,-6,23,-7,22,-7,22,-6,22,-6,22,-5,22,-5,21,-5,21,-4,22,-3,22,-3,22,-3,22,-3,23,-3,24,-2,24,-5,12,-12,41,-13,41,-12,40,-11,39,-10,38,-9,37,-8,36,-7,35,-5,34,-4,34,-2,34,-1,34,-1,35,0,35,0,34,-1,34,-1,33,-1,33,-2,32,-3,31,-3,30,-4,28,-4,27,-4,26,-5,26,-6,25,-14,22,-15,22,-3,3,-1,1,0,-1,0,-2,0,-1,0,1,-1,6,-3,34,-6,34,-2,35,-5,36,-7,36,-10,37,-12,38,-14,38,-15,39,-17,38,-18,38,-19,38,-20,39,-20,39,-21,39,-21,38,-21,38,-20,38,-19,38,-19,37,-18,37,-17,38,-16,38,-15,39,-14,39,-13,40,-13,42,-13,42]"
CSI_DATA,49,5c:01:3b:6b:b0:95,-42,11,1,4,0,1,1,1,0,0,0,-97,1,11,0,12270874,0,86,1,256,1,"[86,-32,4,0,23,0,23,0,22,-1,22,-1,21,-2,21,-3,20,-4,19,-4,19,-4,19,-5,18,-5,18,-5,18,-6,18,-6,18,-6,18,-6,18,-6,17,-6,17,-5,16,-5,16,-4,15,-3,15,-3,14,-2,14,-2,3,-1,0,0,0,0,0,0,0,0,0,0,0,0,0,0,0,0,0,0,4,-1,19,-3,20,-2,20,-1,21,0,22,1,22,1,23,2,23,2,23,3,23,5,24,6,24,6,23,6,23,6,23,6,23,5,22,5,22,4,23,3,23,2,23,1,23,1,23,1,24,1,24,1,24,1,13,0,45,2,45,1,44,1,42,1,42,0,41,-2,39,-4,38,-5,37,-6,36,-7,36,-8,35,-9,35,-9,35,-10,35,-10,35,-10,34,-10,34,-10,33,-9,32,-9,32,-7,31,-6,30,-6,29,-5,28,-3,27,-2,27,0,26,2,4,0,1,0,-1,-1,-2,0,-1,-1,1,-1,6,-2,35,-9,36,-6,37,-4,38,-2,40,0,41,2,42,3,42,5,43,7,43,9,43,10,44,12,44,13,44,13,43,14,43,14,43,13,43,12,42,11,42,10,43,9,43,7,44,6,44,5,44,5,45,5,46,4,46,4]"
CSI_DATA,50,5c:01:3b:6b:b0:95,-38,11,1,4,0,1,1,1,0,0,0,-97,1,11,0,12318015,0,86,1,256,1,"[86,-32,4,0,-22,-11,-22,-10,-21,-10,-20,-9,-20,-8,-20,-7,-20,-6,-20,-6,-20,-5,-20,-4,-20,-3,-19,-3,-20,-3,-20,-3,-20,-3,-20,-3,-19,-3,-19,-3,-18,-4,-17,-4,-17,-4,-16,-3,-16,-4,-15,-4,-15,-5,-4,-2,0,0,0,0,0,0,0,0,0,0,0,0,0,0,0,0,0,0,-5,-2,-19,-7,-19,-8,-20,-10,-20,-11,-20,-12,-20,-13,-20,-14,-19,-14,-19,-15,-19,-16,-20,-17,-20,-17,-19,-17,-19,-16,-19,-16,-19,-16,-19,-15,-19,-14,-19,-14,-20,-14,-20,-13,-21,-13,-21,-12,-22,-12,-23,-12,-23,-12,-11,-10,-35,-29,-34,-29,-33,-28,-32,-27,-32,-25,-32,-24,-32,-22,-31,-20,-32,-18,-32,-17,-33,-16,-33,-15,-34,-14,-34,-14,-33,-14,-33,-14,-32,-13,-32,-13,-31,-13,-30,-14,-29,-14,-28,-14,-27,-14,-26,-14,-24,-14,-23,-15,-18,-21,-16,-21,-3,-4,-1,-2,0,0,0,0,0,0,-2,-1,-6,-4,-31,-21,-29,-24,-32,-21,-31,-24,-31,-27,-30,-29,-30,-30,-29,-32,-28,-34,-27,-36,-27,-37,-27,-37,-27,-38,-28,-38,-27,-38,-27,-38,-26,-38,-26,-37,-26,-36,-27,-35,-28,-34,-29,-33,-30,-33,-31,-32,-31,-31,-33,-31,-34,-31,-36,-31]"
CSI_DATA,51,5c:01:3b:6b:b0:95,-43,11,1,5,0,1,1,1,0,0,0,-97,1,11,0,12366456,0,86,1,256,1,"[86,-32,4,0,-3,26,-3,25,-2,24,-2,23,-1,23,0,22,0,22,2,21,2,21,3,20,3,20,3,20,4,20,4,20,5,20,4,20,4,20,4,19,3,19,3,18,2,17,1,16,1,16,1,16,0,16,0,4,0,0,0,0,0,0,0,0,0,0,0,0,0,0,0,0,0,0,0,5,1,21,0,22,-2,23,-3,23,-4,24,-5,24,-6,25,-6,25,-8,25,-8,25,-9,25,-9,25,-9,25,-9,25,-9,24,-9,24,-8,24,-7,24,-7,24,-6,25,-6,25,-5,25,-5,25,-4,26,-4,27,-3,27,-5,14,-14,48,-14,47,-13,45,-12,44,-10,43,-9,42,-8,41,-7,40,-5,40,-3,39,-1,39,0,39,1,39,1,40,2,39,2,38,1,38,1,37,0,37,-1,35,-1,34,-2,33,-2,31,-3,30,-3,29,-5,29,-13,27,-14,26,-3,4,-1,1,0,-1,0,-2,0,-1,-1,1,-1,6,-7,38,-9,39,-5,40,-8,41,-11,41,-13,42,-16,42,-18,43,-20,43,-22,43,-23,43,-24,43,-24,44,-25,44,-25,44,-25,43,-25,42,-24,43,-23,42,-22,42,-21,42,-20,43,-19,43,-18,44,-16,45,-15,46,-15,47,-15,48]"
CSI_DATA,52,5c:01:3b:6b:b0:95,-43,11,1,5,0,1,1,1,0,0,0,-97,1,11,0,12416227,0,86,1,256,1,"[86,-32,4,0,22,3,22,3,21,2,21,2,20,1,20,0,19,0,19,-1,18,-1,18,-2,18,-2,18,-3,18,-3,18,-3,18,-3,18,-3,17,-3,17,-2,16,-2,16,-2,16,-1,15,-1,14,0,14,0,13,1,3,0,0,0,0,0,0,0,0,0,0,0,0,0,0,0,0,0,0,0,4,-1,19,-1,19,0,20,1,21,2,21,3,21,4,21,4,21,5,22,6,22,7,22,8,22,8,22,8,21,8,21,8,21,8,21,7,21,6,21,6,21,5,22,5,22,4,22,4,22,4,23,4,24,4,13,1,44,4,43,4,42,4,41,3,40,2,39,1,38,0,37,-2,36,-3,36,-4,36,-5,35,-6,35,-7,35,-7,35,-8,34,-8,34,-7,33,-7,33,-7,32,-6,31,-5,30,-4,29,-3,28,-2,27,-1,26,1,25,1,24,2,4,0,1,0,-1,-1,-2,0,-1,0,1,-1,5,-3,33,-11,34,-9,36,-4,37,-1,38,1,39,3,40,5,41,7,42,8,42,10,42,11,42,13,42,14,42,15,42,15,42,14,41,14,41,13,41,12,41,11,41,10,41,9,42,8,43,8,43,7,43,7,44,6,44,6]"
CSI_DATA,53,5c:01:3b:6b:b0:95,-43,11,1,5,0,1,1,1,0,0,0,-97,1,11,0,12466266,0,86,1,256,1,"[86,-32,4,0,13,18,13,18,13,16,13,15,13,15,13,14,14,13,14,12,14,12,14,11,14,10,14,10,15,10,14,10,14,10,14,10,14,10,13,10,13,10,12,10,11,10,11,10,10,10,9,10,9,10,2,2,0,0,0,0,0,0,0,0,0,0,0,0,0,0,0,0,0,0,3,3,14,12,14,13,13,14,13,15,13,17,13,17,12,18,12,19,11,20,11,20,11,21,11,21,10,21,10,20,10,20,10,20,10,20,10,19,11,19,11,19,12,18,12,18,13,18,13,18,14,19,15,19,6,12,21,38,20,38,20,37,20,35,20,34,20,32,20,31,21,29,22,28,22,27,24,26,24,25,25,24,25,25,25,24,24,24,23,23,23,23,22,23,21,23,19,23,18,22,17,22,16,22,15,21,13,21,8,24,7,24,1,4,0,1,-1,-1,-1,-1,-1,-1,1,1,4,4,24,26,22,27,24,27,22,29,20,31,19,33,18,35,17,37,16,39,15,40,14,41,13,41,14,42,13,42,13,42,12,42,12,42,13,42,13,41,13,40,14,39,15,39,16,39,17,39,18,38,20,38,21,39,21,39]"
CSI_DATA,54,5c:01:3b:6b:b0:95,-44,11,1,6,0,1,1,1,0,0,0,-97,1,11,0,12517351,0,86,1,256,1,"[86,-32,4,0,14,22,14,21,13,19,13,18,14,18,14,17,14,16,14,15,15,14,15,13,15,13,15,13,16,12,16,12,16,12,16,12,15,12,15,12,14,12,13,12,12,12,11,11,11,11,10,12,10,12,2,3,0,0,0,0,0,0,0,0,0,0,0,0,0,0,0,0,0,0,3,3,14,16,14,17,13,18,13,19,12,20,12,21,11,22,11,23,10,24,9,24,9,25,9,25,8,25,8,24,9,24,9,24,9,23,10,22,10,22,11,22,11,22,12,22,12,22,13,22,14,23,14,22,5,13,20,45,20,44,19,43,19,41,19,40,20,38,20,37,21,35,22,33,23,31,25,30,25,29,26,29,26,29,26,28,26,28,25,28,24,27,23,28,22,27,20,27,19,26,18,25,18,25,16,24,15,25,9,27,7,28,1,5,0,1,-1,-1,-1,-1,-1,-1,1,1,4,5,23,31,21,33,22,34,21,36,19,38,17,40,16,42,14,44,13,46,11,47,10,48,10,48,10,48,10,49,10,49,9,49,9,48,9,48,9,47,10,46,11,46,12,46,13,46,15,46,17,45,18,45,20,46,20,46]"
CSI_DATA,55,5c:01:3b:6b:b0:95,-44,11,1,6,0,1,1,1,0,0,0,-97,1,11,0,12566202,0,86,1,256,1,"[86,-32,4,0,20,-17,19,-17,18,-16,17,-16,17,-17,16,-16,15,-16,14,-17,12,-17,12,-17,12,-18,11,-18,11,-18,11,-18,11,-18,11,-18,11,-17,11,-16,10,-16,10,-15,11,-14,10,-13,10,-13,10,-12,11,-12,2,-3,0,0,0,0,0,0,0,0,0,0,0,0,0,0,0,0,0,0,3,-4,14,-16,15,-16,16,-16,18,-16,19,-15,20,-15,21,-14,21,-13,22,-13,23,-13,23,-13,23,-12,23,-12,23,-12,23,-12,22,-12,22,-12,21,-13,22,-13,21,-14,21,-14,21,-15,20,-15,20,-16,21,-17,21,-17,13,-8,42,-27,41,-26,40,-25,38,-25,37,-25,35,-25,34,-25,32,-26,31,-27,29,-28,27,-29,26,-30,26,-30,26,-30,25,-30,25,-30,25,-30,25,-29,25,-28,25,-26,24,-25,23,-23,23,-22,23,-21,23,-20,23,-19,26,-13,26,-12,4,-2,1,-1,-1,0,-1,0,-1,0,1,-2,5,-5,30,-26,32,-24,31,-26,33,-25,36,-24,38,-23,40,-22,42,-21,43,-19,45,-18,46,-16,46,-16,47,-16,47,-15,47,-15,47,-14,46,-15,46,-15,45,-16,44,-17,44,-18,44,-19,43,-19,43,-21,42,-22,43,-23,43,-25,43,-26]"
CSI_DATA,56,5c:01:3b:6b:b0:95,-43,11,1,5,0,1,1,1,0,0,0,-97,1,11,0,12619744,0,86,1,256,1,"[86,-32,4,0,-7,-26,-7,-25,-7,-24,-8,-23,-8,-22,-8,-22,-9,-21,-10,-20,-10,-19,-11,-19,-11,-18,-12,-18,-12,-18,-12,-18,-12,-18,-12,-17,-12,-17,-11,-17,-11,-17,-10,-17,-9,-16,-8,-15,-8,-15,-7,-15,-7,-15,-2,-4,0,0,0,0,0,0,0,0,0,0,0,0,0,0,0,0,0,0,-3,-5,-9,-20,-8,-21,-7,-23,-6,-24,-6,-24,-5,-25,-4,-26,-3,-26,-2,-26,-2,-27,-2,-27,-1,-28,-1,-27,-1,-27,-1,-27,-2,-26,-2,-26,-3,-26,-3,-26,-4,-26,-4,-26,-5,-26,-5,-25,-6,-26,-7,-27,-7,-27,-3,-16,-9,-50,-9,-49,-9,-48,-9,-46,-10,-45,-11,-43,-12,-42,-13,-41,-14,-39,-16,-38,-17,-38,-18,-37,-19,-37,-20,-37,-19,-36,-19,-35,-18,-35,-18,-34,-17,-34,-16,-34,-15,-33,-13,-32,-13,-31,-12,-30,-11,-29,-9,-29,-4,-30,-3,-30,-1,-6,-1,-2,-1,0,0,1,0,0,-2,-2,-4,-7,-16,-36,-14,-38,-14,-40,-12,-42,-9,-44,-7,-45,-6,-47,-4,-48,-2,-49,0,-50,1,-50,2,-50,2,-51,2,-52,3,-51,3,-51,3,-51,2,-50,1,-50,0,-49,0,-49,-2,-49,-3,-49,-4,-49,-6,-49,-7,-50,-8,-51,-9,-51]"
CSI_DATA,57,5c:01:3b:6b:b0:95,-44,11,1,6,0,1,1,1,0,0,0,-97,1,11,0,12666274,0,86,1,256,1,"[86,-32,4,0,-16,21,-16,20,-14,20,-14,19,-13,19,-12,19,-11,19,-10,19,-9,19,-9,19,-8,19,-8,19,-7,19,-7,19,-7,19,-7,19,-7,18,-7,18,-8,17,-8,16,-8,15,-8,14,-8,14,-8,14,-9,13,-3,3,0,0,0,0,0,0,0,0,0,0,0,0,0,0,0,0,0,0,-2,4,-9,19,-10,19,-12,19,-13,19,-15,19,-16,19,-17,19,-18,19,-19,18,-19,18,-20,18,-20,18,-20,17,-20,17,-20,17,-20,17,-19,17,-18,17,-18,18,-18,18,-18,19,-17,19,-17,19,-17,20,-17,21,-16,21,-12,9,-37,33,-37,32,-35,31,-34,30,-32,30,-30,30,-29,30,-27,30,-25,31,-24,31,-23,32,-22,32,-21,33,-21,33,-20,32,-20,32,-20,32,-20,31,-21,30,-21,28,-21,27,-20,25,-20,24,-20,24,-20,22,-20,21,-25,15,-26,14,-5,2,-2,0,0,-1,0,-1,0,-1,-2,1,-4,5,-23,31,-26,30,-24,32,-27,31,-30,30,-32,30,-34,29,-36,29,-39,28,-40,27,-41,26,-42,26,-42,26,-43,26,-43,25,-43,24,-43,24,-43,24,-41,24,-40,25,-40,26,-39,27,-39,27,-38,29,-37,30,-37,31,-37,33,-37,34]"
CSI_DATA,58,5c:01:3b:6b:b0:95,-45,11,1,6,0,1,1,1,0,0,0,-97,1,11,0,12716358,0,86,1,256,1,"[86,-32,4,0,7,-25,7,-25,6,-24,5,-23,4,-23,3,-23,3,-22,2,-22,1,-22,0,-22,0,-21,-1,-21,-1,-21,-1,-21,-1,-21,-1,-21,-1,-20,-1,-20,-1,-19,0,-19,1,-18,1,-18,1,-17,1,-16,2,-16,0,-4,0,0,0,0,0,0,0,0,0,0,0,0,0,0,0,0,0,0,0,-6,2,-22,3,-22,5,-23,6,-23,7,-23,8,-23,9,-24,10,-24,11,-24,12,-24,12,-24,13,-24,13,-23,12,-23,12,-23,12,-23,11,-23,11,-23,10,-23,9,-23,9,-24,9,-24,8,-24,8,-25,8,-26,7,-26,4,-15,15,-48,16,-47,15,-46,14,-44,13,-43,11,-43,10,-42,8,-42,6,-41,4,-41,2,-41,1,-41,0,-41,0,-41,0,-40,0,-40,1,-39,1,-39,1,-38,2,-37,3,-35,3,-34,3,-33,4,-32,4,-31,5,-30,9,-28,10,-27,1,-5,0,-2,-1,0,0,1,-1,0,-1,-3,-1,-8,0,-40,3,-40,6,-41,9,-42,12,-42,15,-42,17,-43,19,-43,21,-44,23,-44,24,-43,25,-43,25,-44,26,-43,26,-43,26,-43,26,-42,26,-43,25,-42,24,-42,23,-43,22,-43,21,-44,20,-45,18,-45,17,-47,17,-48,17,-48]"
CSI_DATA,59,5c:01:3b:6b:b0:95,-40,11,1,5,0,1,1,1,0,0,0,-97,1,11,0,12771170,0,86,1,256,1,"[86,-32,4,0,-3,-13,-3,-13,-3,-12,-3,-12,-4,-12,-4,-11,-4,-11,-5,-10,-5,-10,-5,-10,-5,-10,-5,-10,-6,-9,-6,-10,-6,-10,-6,-10,-5,-9,-5,-9,-5,-9,-5,-9,-4,-9,-4,-8,-4,-8,-3,-8,-3,-8,-1,-2,0,0,0,0,0,0,0,0,0,0,0,0,0,0,0,0,0,0,-1,-3,-4,-11,-4,-11,-3,-11,-3,-12,-2,-12,-2,-13,-2,-13,-1,-13,-1,-13,0,-13,0,-14,0,-14,0,-14,0,-13,0,-13,0,-13,-1,-13,-1,-13,-1,-13,-1,-13,-2,-13,-2,-13,-2,-13,-2,-13,-2,-14,-2,-14,-3,-16,-9,-49,-9,-49,-9,-48,-10,-46,-10,-44,-11,-43,-11,-42,-13,-41,-15,-39,-16,-38,-18,-38,-19,-37,-20,-36,-20,-36,-20,-36,-19,-36,-18,-36,-18,-35,-17,-35,-16,-34,-15,-33,-14,-33,-13,-32,-12,-31,-11,-30,-9,-29,-6,-29,-4,-29,-1,-6,-1,-2,-1,0,0,0,0,0,-2,-2,-4,-6,-18,-35,-16,-37,-14,-40,-11,-41,-9,-43,-7,-45,-5,-46,-3,-48,-2,-49,0,-49,1,-50,2,-50,2,-50,2,-50,2,-50,3,-51,3,-50,2,-50,2,-49,1,-48,0,-48,-1,-48,-3,-49,-4,-49,-6,-49,-7,-49,-8,-50,-8,-50]"
CSI_DATA,60,5c:01:3b:6b:b0:95,-41,11,1,6,0,1,1,1,0,0,0,-97,1,11,0,12816288,0,86,1,256,1,"[86,-32,4,0,9,-9,9,-9,8,-9,8,-9,7,-9,7,-9,7,-9,6,-9,6,-9,5,-9,5,-9,5,-10,5,-9,5,-9,5,-9,5,-9,5,-9,5,-9,5,-8,5,-8,5,-8,5,-7,5,-7,5,-6,5,-6,1,-2,0,0,0,0,0,0,0,0,0,0,0,0,0,0,0,0,0,0,1,-2,6,-8,6,-9,7,-8,8,-8,8,-8,9,-8,9,-8,10,-7,10,-7,10,-7,10,-7,11,-7,11,-7,11,-7,10,-7,10,-7,10,-7,10,-7,10,-7,9,-8,9,-8,9,-8,9,-8,9,-8,9,-9,10,-9,12,-8,39,-26,39,-26,38,-25,36,-25,35,-25,34,-25,32,-25,30,-26,29,-26,27,-28,26,-29,25,-30,25,-30,25,-30,24,-29,24,-29,23,-28,23,-27,24,-26,24,-25,24,-24,23,-23,22,-21,22,-20,22,-19,22,-17,26,-11,26,-9,4,-2,1,-1,-1,0,-2,0,-1,0,1,-2,4,-5,27,-27,28,-25,27,-27,30,-25,33,-24,35,-23,37,-22,39,-21,40,-20,41,-19,42,-18,42,-18,43,-18,44,-18,44,-17,44,-16,44,-16,44,-16,42,-16,41,-17,41,-17,41,-19,41,-19,41,-21,40,-22,41,-24,41,-26,41,-27]"
CSI_DATA,61,5c:01:3b:6b:b0:95,-45,11,1,6,0,1,1,1,0,0,0,-97,1,11,0,12866226,0,86,1,256,1,"[86,-32,4,0,-16,21,-15,20,-14,20,-13,20,-13,20,-12,20,-11,19,-10,19,-9,18,-9,18,-9,18,-8,18,-8,19,-7,19,-7,19,-7,19,-7,18,-7,18,-7,17,-7,17,-8,16,-8,15,-9,14,-9,13,-9,13,-3,3,0,0,0,0,0,0,0,0,0,0,0,0,0,0,0,0,0,0,-3,4,-9,19,-10,19,-12,19,-13,19,-14,19,-15,19,-16,19,-17,19,-18,19,-19,18,-20,18,-20,17,-20,17,-20,17,-20,17,-19,17,-18,17,-18,17,-18,18,-17,19,-17,19,-16,19,-16,19,-17,20,-17,20,-16,21,-9,12,-27,42,-27,41,-26,40,-25,39,-24,38,-22,38,-21,37,-19,37,-17,37,-15,37,-13,37,-12,37,-12,37,-11,38,-11,37,-11,37,-12,37,-12,36,-13,35,-13,34,-13,32,-13,31,-13,29,-14,28,-14,27,-15,26,-15,25,-16,24,-3,4,-2,1,0,-1,0,-2,0,-1,0,2,-1,7,-4,39,-6,39,-14,37,-17,37,-20,37,-23,37,-25,38,-28,38,-30,38,-32,37,-33,37,-34,36,-35,37,-35,36,-35,36,-35,35,-35,35,-35,35,-34,35,-33,35,-32,36,-31,36,-30,37,-29,38,-29,39,-28,40,-28,41,-28,41]"
CSI_DATA,62,5c:01:3b:6b:b0:95,-39,11,1,5,0,1,1,1,0,0,0,-97,1,11,0,12918049,0,86,1,256,1,"[86,-32,4,0,5,11,5,11,5,10,5,10,6,10,6,9,6,8,6,8,6,7,7,7,7,7,7,7,7,7,7,7,7,7,7,7,7,7,6,7,6,7,5,7,5,6,4,6,4,6,4,6,4,6,1,1,0,0,0,0,0,0,0,0,0,0,0,0,0,0,0,0,0,0,1,1,6,8,6,8,6,9,5,9,5,10,5,10,4,11,4,11,4,12,3,12,3,12,3,12,3,12,3,12,3,12,3,12,3,11,3,11,4,11,4,11,4,11,4,11,5,11,5,11,5,12,6,12,2,14,11,46,10,46,11,44,11,43,13,41,13,40,14,38,14,37,15,35,17,34,18,34,19,33,20,32,20,33,20,32,19,32,19,32,19,31,18,31,16,30,14,29,13,28,12,28,11,27,10,26,9,26,0,28,-1,28,-1,5,-1,1,-1,-1,-1,-2,-1,-1,1,1,3,6,16,34,13,36,17,34,15,36,12,38,11,40,9,42,7,44,6,45,4,46,3,46,3,46,3,47,3,47,2,48,1,47,1,47,1,46,2,45,2,45,3,44,4,45,5,45,7,45,8,45,10,45,11,46,11,47]"
CSI_DATA,63,5c:01:3b:6b:b0:95,-43,11,1,5,0,1,1,1,0,0,0,-97,1,11,0,12966287,0,86,1,256,1,"[86,-32,4,0,-2,-24,-2,-23,-3,-22,-3,-21,-3,-21,-4,-20,-4,-20,-5,-19,-6,-19,-6,-18,-7,-18,-7,-18,-7,-18,-8,-18,-7,-18,-7,-17,-7,-17,-7,-17,-6,-17,-6,-16,-5,-16,-4,-15,-4,-15,-4,-15,-3,-15,-1,-4,0,0,0,0,0,0,0,0,0,0,0,0,0,0,0,0,0,0,-2,-5,-5,-19,-4,-20,-3,-21,-2,-21,-2,-22,-1,-22,0,-23,1,-23,2,-23,2,-23,3,-24,3,-24,3,-24,3,-23,3,-23,3,-23,2,-23,2,-23,1,-23,1,-23,0,-23,0,-23,-1,-23,-1,-24,-1,-25,-2,-25,1,-14,4,-45,4,-44,4,-43,3,-41,3,-40,1,-39,0,-38,-1,-37,-3,-36,-4,-36,-6,-36,-7,-36,-8,-36,-8,-36,-7,-35,-7,-34,-7,-34,-6,-34,-6,-33,-5,-32,-4,-31,-4,-30,-3,-29,-3,-28,-2,-27,-1,-26,6,-25,7,-25,1,-5,0,-2,-1,0,-1,1,-1,0,-1,-2,-1,-7,-2,-35,0,-36,-3,-36,0,-37,2,-38,4,-39,6,-40,8,-41,10,-42,11,-42,12,-42,13,-42,13,-43,13,-43,14,-43,14,-42,14,-42,14,-42,13,-41,12,-41,11,-41,10,-41,9,-41,8,-42,7,-42,6,-43,5,-44,4,-45]"
CSI_DATA,64,5c:01:3b:6b:b0:95,-43,11,1,5,0,1,1,1,0,0,0,-97,1,11,0,13016178,0,86,1,256,1,"[86,-32,4,0,-22,-16,-21,-16,-21,-15,-20,-13,-21,-12,-20,-11,-20,-11,-20,-10,-20,-9,-20,-9,-20,-8,-20,-7,-21,-7,-20,-7,-20,-7,-20,-7,-20,-7,-19,-7,-19,-7,-18,-7,-17,-7,-16,-7,-16,-8,-15,-8,-15,-8,-4,-2,0,0,0,0,0,0,0,0,0,0,0,0,0,0,0,0,0,0,-5,-3,-19,-11,-19,-12,-19,-14,-19,-15,-19,-16,-19,-17,-19,-18,-19,-19,-18,-19,-18,-20,-18,-21,-17,-22,-17,-21,-17,-21,-17,-20,-17,-20,-18,-19,-18,-19,-18,-19,-19,-18,-20,-17,-20,-17,-20,-17,-20,-17,-21,-18,-22,-17,-13,-10,-42,-30,-41,-30,-41,-29,-40,-27,-39,-26,-39,-24,-38,-23,-38,-21,-38,-19,-38,-17,-39,-16,-39,-15,-39,-14,-40,-13,-39,-12,-39,-12,-38,-12,-38,-13,-37,-13,-35,-13,-34,-14,-32,-14,-31,-14,-30,-14,-28,-15,-27,-15,-25,-17,-24,-18,-5,-4,-2,-2,0,0,1,0,0,0,-3,-1,-7,-2,-39,-12,-38,-14,-37,-19,-37,-22,-37,-25,-37,-28,-37,-30,-36,-32,-36,-34,-35,-36,-35,-37,-34,-38,-34,-39,-34,-40,-33,-40,-33,-40,-33,-39,-33,-39,-34,-37,-34,-36,-35,-35,-36,-34,-37,-33,-38,-33,-39,-32,-40,-31,-41,-31,-41,-31]"
CSI_DATA,65,5c:01:3b:6b:b0:95,-39,11,1,5,0,1,1,1,0,0,0,-97,1,11,0,13069534,0,86,1,256,1,"[86,-32,4,0,-13,-3,-13,-3,-13,-2,-12,-2,-12,-2,-12,-1,-11,-1,-11,-1,-11,0,-11,0,-11,1,-11,1,-11,1,-11,1,-11,1,-11,1,-11,1,-11,1,-10,0,-10,0,-9,0,-9,0,-9,-1,-9,-1,-8,-1,-2,-1,0,0,0,0,0,0,0,0,0,0,0,0,0,0,0,0,0,0,-3,-1,-11,-1,-11,-2,-12,-2,-12,-3,-12,-4,-12,-4,-13,-4,-13,-5,-12,-5,-12,-5,-13,-6,-13,-6,-12,-6,-12,-6,-12,-6,-12,-6,-12,-5,-12,-5,-12,-5,-12,-4,-13,-4,-13,-4,-13,-4,-13,-4,-14,-4,-14,-3,-15,-6,-47,-17,-47,-18,-46,-17,-44,-16,-43,-14,-43,-13,-42,-11,-42,-10,-41,-8,-41,-7,-41,-5,-41,-3,-41,-2,-42,-2,-41,-1,-40,-1,-39,-1,-39,-2,-38,-3,-36,-4,-35,-5,-34,-6,-33,-6,-32,-6,-30,-7,-29,-8,-26,-14,-25,-15,-5,-3,-2,-2,0,0,1,0,0,0,-3,-1,-7,-2,-39,-7,-38,-10,-40,-10,-40,-12,-41,-15,-41,-18,-42,-20,-42,-22,-42,-24,-42,-25,-42,-27,-41,-27,-43,-28,-43,-28,-42,-28,-42,-29,-41,-28,-41,-27,-41,-26,-41,-25,-41,-25,-42,-23,-43,-22,-44,-22,-44,-20,-46,-19,-47,-19,-47,-18]"
CSI_DATA,66,5c:01:3b:6b:b0:95,-42,11,1,4,0,1,1,1,0,0,0,-97,1,11,0,13117936,0,86,1,256,1,"[86,-32,4,0,3,-27,3,-26,2,-26,2,-25,1,-24,1,-24,0,-23,-1,-23,-2,-23,-3,-22,-3,-22,-3,-21,-4,-21,-5,-22,-5,-22,-4,-22,-4,-21,-4,-21,-3,-20,-2,-20,-1,-19,-1,-18,-1,-18,0,-17,0,-17,0,-5,0,0,0,0,0,0,0,0,0,0,0,0,0,0,0,0,0,0,-1,-6,-2,-22,0,-23,1,-24,2,-25,3,-25,4,-25,5,-26,6,-26,7,-26,8,-26,9,-27,9,-27,9,-26,9,-25,9,-25,8,-26,7,-25,7,-25,7,-25,6,-26,6,-26,5,-26,5,-27,5,-27,4,-28,4,-28,6,-14,18,-46,17,-46,17,-45,16,-44,14,-43,13,-43,12,-42,10,-41,8,-40,7,-41,5,-41,3,-41,3,-41,3,-40,2,-40,2,-40,3,-39,3,-38,4,-37,5,-36,6,-35,5,-34,5,-33,6,-32,6,-30,7,-30,16,-26,17,-25,3,-5,0,-2,-1,0,-1,1,-1,0,0,-3,1,-8,9,-40,12,-40,7,-41,10,-41,13,-42,15,-43,17,-43,20,-42,22,-42,24,-42,26,-42,27,-42,27,-43,27,-43,27,-42,28,-42,28,-41,27,-41,26,-41,25,-41,24,-41,23,-42,22,-43,21,-44,20,-45,19,-46,19,-47,19,-48]"
CSI_DATA,67,5c:01:3b:6b:b0:95,-43,11,1,5,0,1,1,1,0,0,0,-97,1,11,0,13166350,0,86,1,256,1,"[86,-32,4,0,-26,7,-25,7,-24,8,-23,8,-22,8,-22,9,-21,9,-20,10,-19,10,-19,11,-18,11,-18,12,-18,12,-17,12,-17,12,-17,12,-17,11,-17,11,-16,10,-16,9,-16,9,-16,8,-15,7,-15,7,-15,6,-4,1,0,0,0,0,0,0,0,0,0,0,0,0,0,0,0,0,0,0,-5,2,-20,9,-21,8,-22,7,-23,6,-24,5,-25,4,-26,4,-26,3,-27,2,-27,2,-28,1,-28,1,-27,1,-27,1,-27,1,-27,1,-26,2,-26,2,-26,3,-26,4,-26,5,-26,5,-26,5,-26,6,-27,7,-27,7,-16,1,-51,6,-50,5,-49,5,-47,6,-45,6,-44,7,-42,9,-41,10,-39,11,-38,13,-38,14,-38,15,-38,16,-38,16,-37,16,-36,16,-36,16,-35,15,-35,15,-34,14,-33,12,-32,11,-31,10,-30,9,-30,8,-29,7,-30,-1,-30,-2,-6,-1,-2,-1,0,-1,1,-1,0,-1,-2,0,-7,2,-38,12,-39,10,-40,11,-42,8,-44,6,-45,4,-47,2,-48,1,-49,-1,-50,-2,-50,-3,-50,-4,-51,-5,-51,-5,-51,-6,-51,-6,-51,-6,-50,-5,-49,-4,-49,-4,-49,-3,-49,-2,-49,0,-50,1,-49,3,-50,4,-51,5,-51,5]"
CSI_DATA,68,5c:01:3b:6b:b0:95,-42,11,1,5,0,1,1,1,0,0,0,-98,1,11,0,13216144,0,86,1,256,1,"[86,-32,4,0,-10,-25,-10,-24,-10,-23,-10,-22,-11,-21,-11,-20,-11,-19,-12,-19,-12,-18,-13,-18,-13,-17,-14,-17,-14,-17,-14,-17,-14,-17,-14,-17,-13,-17,-13,-17,-12,-16,-11,-16,-10,-15,-9,-15,-9,-15,-8,-15,-8,-15,-2,-4,0,0,0,0,0,0,0,0,0,0,0,0,0,0,0,0,0,0,-3,-5,-12,-18,-12,-19,-11,-21,-10,-22,-10,-23,-9,-24,-9,-25,-8,-25,-7,-25,-6,-26,-6,-26,-5,-27,-5,-27,-5,-26,-5,-26,-6,-26,-6,-25,-6,-25,-7,-25,-7,-25,-8,-25,-8,-25,-9,-24,-9,-25,-10,-26,-11,-26,-3,-16,-10,-49,-10,-48,-10,-47,-10,-45,-10,-44,-11,-43,-12,-41,-13,-40,-15,-38,-16,-38,-17,-37,-18,-36,-19,-36,-19,-36,-19,-35,-19,-35,-18,-34,-18,-34,-17,-34,-16,-33,-15,-33,-13,-31,-12,-31,-11,-30,-10,-30,-9,-29,0,-30,2,-30,0,-6,0,-2,-1,0,0,1,0,0,-1,-2,-3,-7,-14,-37,-12,-38,-16,-38,-14,-39,-11,-42,-10,-43,-8,-45,-6,-47,-5,-48,-3,-48,-2,-49,-1,-49,0,-50,0,-50,1,-50,1,-50,1,-49,0,-49,-1,-48,-2,-48,-2,-48,-4,-47,-5,-47,-6,-48,-7,-48,-8,-48,-9,-49,-9,-50]"
CSI_DATA,69,5c:01:3b:6b:b0:95,-43,11,1,6,0,1,1,1,0,0,0,-98,1,11,0,13268842,0,86,1,256,1,"[86,-32,4,0,-1,-17,-1,-17,-1,-16,-1,-15,-2,-15,-2,-15,-2,-14,-3,-14,-4,-14,-4,-14,-4,-13,-4,-13,-5,-13,-5,-13,-5,-13,-4,-13,-4,-13,-4,-12,-4,-12,-3,-12,-3,-11,-2,-11,-2,-11,-2,-11,-2,-10,-1,-3,0,0,0,0,0,0,0,0,0,0,0,0,0,0,0,0,0,0,-1,-4,-4,-14,-3,-14,-2,-15,-2,-15,-1,-16,-1,-16,0,-16,1,-17,1,-17,2,-17,2,-17,2,-17,3,-17,3,-17,2,-17,2,-17,2,-16,1,-16,1,-16,1,-17,1,-17,0,-17,0,-17,0,-17,0,-18,0,-18,1,-10,3,-32,3,-31,3,-31,3,-30,2,-29,2,-28,1,-28,0,-27,-1,-27,-3,-26,-4,-26,-4,-26,-5,-26,-5,-26,-5,-25,-4,-25,-4,-24,-4,-24,-3,-24,-3,-23,-2,-23,-2,-22,-1,-21,-1,-20,0,-20,0,-19,5,-18,6,-18,1,-4,0,-1,-1,0,0,0,-1,0,-1,-2,-1,-5,-4,-25,-2,-25,-3,-26,-1,-27,1,-28,2,-28,3,-29,5,-30,6,-30,7,-30,8,-30,8,-30,8,-31,9,-31,9,-31,10,-31,10,-30,10,-30,9,-30,9,-29,8,-30,7,-30,7,-30,6,-30,5,-31,4,-31,4,-32,3,-33]"
CSI_DATA,70,5c:01:3b:6b:b0:95,-43,11,1,6,0,1,1,1,0,0,0,-98,1,11,0,13316936,0,86,1,256,1,"[86,-32,4,0,2,-15,2,-15,1,-14,1,-14,1,-13,0,-13,0,-13,-1,-13,-1,-13,-1,-12,-1,-12,-2,-12,-2,-12,-2,-12,-2,-12,-2,-12,-2,-12,-2,-11,-1,-11,-1,-11,-1,-10,0,-10,0,-10,0,-9,1,-9,0,-3,0,0,0,0,0,0,0,0,0,0,0,0,0,0,0,0,0,0,-1,-3,-1,-12,0,-13,0,-13,1,-14,1,-14,2,-14,2,-14,3,-14,4,-14,4,-14,5,-15,5,-15,5,-14,5,-14,5,-14,4,-14,4,-14,4,-14,4,-14,3,-14,3,-14,3,-14,3,-14,3,-15,3,-15,2,-16,6,-16,19,-52,18,-52,18,-50,17,-49,15,-48,14,-47,12,-46,10,-46,8,-46,6,-46,5,-46,3,-46,3,-46,3,-45,2,-44,3,-44,3,-43,3,-43,4,-42,5,-41,5,-39,6,-37,6,-36,6,-35,7,-34,9,-32,16,-29,17,-28,3,-5,0,-2,-1,0,-1,1,-1,0,0,-3,0,-8,7,-44,10,-44,6,-45,10,-46,13,-47,16,-47,18,-48,21,-48,23,-48,25,-48,27,-48,28,-48,28,-49,29,-48,30,-48,30,-47,30,-47,29,-47,28,-46,27,-46,26,-46,25,-47,23,-48,22,-49,21,-50,21,-51,20,-53,20,-54]"
CSI_DATA,71,5c:01:3b:6b:b0:95,-44,11,1,6,0,1,1,1,0,0,0,-98,1,11,0,13366173,0,86,1,256,1,"[86,-32,4,0,-2,-26,-2,-25,-2,-25,-3,-24,-3,-24,-4,-23,-5,-22,-6,-21,-6,-21,-6,-21,-6,-20,-7,-20,-7,-20,-8,-20,-8,-20,-7,-20,-7,-19,-7,-19,-7,-19,-6,-18,-5,-18,-4,-17,-3,-17,-3,-17,-2,-16,-1,-4,0,0,0,0,0,0,0,0,0,0,0,0,0,0,0,0,0,0,-2,-6,-6,-21,-5,-22,-4,-23,-3,-24,-2,-24,-1,-25,-1,-26,0,-26,1,-26,2,-26,3,-27,4,-27,4,-26,4,-26,4,-26,3,-26,2,-25,2,-25,1,-26,1,-26,0,-26,0,-26,0,-26,0,-26,-1,-27,-1,-28,-3,-16,-8,-49,-8,-49,-8,-47,-8,-46,-9,-45,-10,-43,-10,-42,-11,-41,-13,-40,-14,-39,-15,-38,-16,-37,-17,-37,-17,-37,-17,-36,-17,-36,-16,-36,-16,-36,-15,-35,-14,-35,-13,-34,-12,-32,-11,-31,-10,-31,-8,-30,-7,-30,-7,-29,-6,-29,-1,-6,-1,-2,0,0,0,0,0,0,-2,-2,-5,-6,-23,-34,-22,-35,-15,-39,-12,-40,-10,-42,-9,-44,-7,-46,-5,-47,-4,-48,-2,-49,0,-50,1,-50,2,-51,2,-51,3,-50,3,-50,3,-50,3,-50,2,-49,1,-48,-1,-49,-2,-49,-3,-49,-4,-49,-5,-49,-5,-49,-6,-50,-6,-50]"
CSI_DATA,72,5c:01:3b:6b:b0:95,-44,11,1,6,0,1,1,1,0,0,0,-98,1,11,0,13416462,0,86,1,256,1,"[86,-32,4,0,25,6,24,5,23,4,22,4,22,3,22,3,21,2,21,1,20,0,20,-1,20,-1,20,-2,20,-2,20,-2,20,-2,20,-2,19,-1,19,-1,18,0,18,0,17,0,16,0,16,1,15,1,15,2,3,0,0,0,0,0,0,0,0,0,0,0,0,0,0,0,0,0,0,0,5,0,20,0,21,1,22,2,23,4,23,5,23,6,23,7,23,8,24,9,23,10,24,10,24,10,23,10,23,10,23,10,23,10,23,10,22,9,23,9,23,8,23,8,24,7,24,6,24,6,25,6,26,6,13,6,45,19,43,19,42,18,41,18,40,16,40,15,40,13,39,11,38,9,38,8,38,6,38,5,39,4,39,4,38,4,37,4,37,4,36,4,35,5,34,6,33,6,31,6,30,7,29,7,28,8,26,9,24,15,22,17,3,3,0,0,-1,-1,-2,-1,-1,-1,2,0,6,0,38,7,38,10,39,8,39,11,39,14,40,16,40,18,40,21,40,23,40,24,40,26,40,27,40,27,40,28,39,28,39,29,39,28,39,28,38,27,38,25,39,25,40,24,40,23,41,22,42,21,43,20,45,20,45,19]"
CSI_DATA,73,5c:01:3b:6b:b0:95,-42,11,1,5,0,1,1,1,0,0,0,-98,1,11,0,13468235,0,86,1,256,1,"[86,-32,4,0,-14,9,-14,9,-13,9,-12,9,-12,9,-12,9,-11,9,-10,9,-10,9,-9,10,-9,10,-9,10,-9,10,-8,10,-8,10,-8,10,-8,9,-8,9,-8,8,-8,8,-8,8,-8,7,-8,7,-8,7,-8,6,-2,1,0,0,0,0,0,0,0,0,0,0,0,0,0,0,0,0,0,0,-3,2,-10,9,-11,9,-12,8,-13,8,-13,8,-14,7,-15,7,-15,6,-16,6,-16,6,-16,6,-16,6,-16,6,-16,6,-16,5,-16,6,-15,6,-15,6,-15,6,-15,7,-15,7,-15,7,-14,8,-14,8,-15,9,-15,9,-19,6,-58,24,-58,24,-56,24,-53,23,-51,23,-49,24,-48,24,-46,25,-43,26,-42,28,-41,30,-39,31,-39,32,-39,33,-38,33,-38,32,-37,31,-36,30,-36,29,-36,27,-35,25,-34,24,-34,22,-33,21,-33,20,-32,18,-36,9,-35,7,-7,1,-2,0,0,-1,1,-1,0,-1,-3,1,-8,4,-44,25,-46,23,-44,27,-47,24,-49,22,-52,20,-55,18,-57,16,-59,15,-60,13,-61,12,-62,11,-63,11,-63,11,-63,10,-63,9,-62,9,-62,10,-61,11,-59,12,-59,13,-58,14,-58,16,-59,17,-58,19,-58,21,-58,22,-59,23]"
CSI_DATA,74,5c:01:3b:6b:b0:95,-37,11,1,4,0,1,1,1,0,0,0,-98,1,11,0,13521276,0,86,1,256,1,"[86,-32,4,0,0,-24,0,-24,-1,-23,-1,-22,-1,-22,-1,-21,-2,-20,-3,-20,-4,-20,-5,-19,-5,-19,-6,-18,-6,-19,-6,-19,-6,-19,-6,-19,-6,-18,-5,-18,-5,-18,-4,-17,-4,-16,-3,-16,-3,-15,-2,-15,-2,-15,-1,-4,0,0,0,0,0,0,0,0,0,0,0,0,0,0,0,0,0,0,-1,-5,-3,-20,-2,-20,-1,-21,0,-22,1,-23,2,-23,3,-24,4,-24,4,-24,5,-24,5,-25,6,-25,6,-24,6,-23,6,-23,5,-23,5,-23,4,-23,4,-23,4,-23,3,-23,2,-23,1,-23,1,-24,1,-25,1,-26,2,-14,8,-44,8,-44,7,-43,6,-42,5,-41,4,-40,3,-39,2,-38,0,-37,-1,-37,-3,-37,-5,-37,-5,-37,-5,-37,-5,-36,-5,-36,-4,-35,-4,-34,-3,-34,-2,-33,-2,-32,-1,-31,-1,-30,0,-29,0,-28,2,-27,8,-26,9,-25,1,-5,0,-2,-1,0,0,1,-1,0,-1,-2,-1,-7,-2,-36,0,-37,0,-38,2,-39,5,-40,7,-41,9,-42,11,-42,13,-42,15,-42,16,-42,16,-42,17,-44,17,-44,17,-43,18,-42,18,-42,18,-42,17,-41,16,-41,15,-41,13,-42,12,-42,11,-42,10,-43,9,-44,8,-45,8,-46]"
CSI_DATA,75,5c:01:3b:6b:b0:95,-42,11,1,5,0,1,1,1,0,0,0,-98,1,11,0,13568003,0,86,1,256,1,"[86,-32,4,0,-23,-13,-23,-12,-22,-11,-22,-11,-22,-10,-21,-9,-21,-9,-21,-8,-21,-7,-21,-6,-21,-5,-21,-5,-21,-4,-21,-4,-21,-4,-21,-4,-20,-5,-20,-5,-19,-6,-18,-6,-17,-6,-17,-6,-16,-6,-16,-6,-15,-7,-4,-2,0,0,0,0,0,0,0,0,0,0,0,0,0,0,0,0,0,0,-6,-2,-21,-8,-21,-9,-21,-10,-21,-11,-21,-12,-21,-14,-21,-15,-21,-16,-21,-16,-21,-17,-21,-18,-21,-18,-20,-18,-20,-18,-20,-17,-20,-17,-20,-16,-20,-16,-21,-16,-21,-15,-21,-15,-22,-15,-22,-14,-23,-14,-23,-14,-24,-14,-14,-9,-44,-26,-43,-26,-42,-25,-41,-24,-40,-22,-40,-21,-39,-19,-39,-18,-39,-16,-39,-14,-39,-13,-39,-11,-40,-10,-40,-10,-40,-10,-39,-9,-38,-9,-37,-10,-36,-10,-35,-11,-34,-11,-33,-12,-31,-12,-30,-12,-29,-12,-27,-13,-25,-15,-24,-17,-5,-4,-2,-2,0,0,1,0,0,0,-3,-1,-7,-2,-39,-10,-38,-13,-39,-16,-39,-18,-39,-21,-39,-24,-39,-26,-39,-28,-38,-31,-38,-32,-38,-34,-37,-34,-37,-35,-37,-36,-37,-36,-37,-36,-36,-35,-37,-35,-37,-33,-37,-32,-37,-32,-38,-31,-39,-30,-40,-30,-41,-29,-42,-28,-43,-27,-43,-27]"
CSI_DATA,76,5c:01:3b:6b:b0:95,-40,11,1,6,0,1,1,1,0,0,0,-98,1,11,0,13616286,0,86,1,256,1,"[86,-32,4,0,9,-9,9,-8,8,-8,8,-8,8,-8,7,-8,7,-8,6,-8,6,-8,6,-9,5,-9,5,-9,5,-9,5,-9,5,-9,5,-9,5,-9,5,-8,5,-8,5,-8,5,-7,5,-7,5,-7,5,-6,5,-6,1,-2,0,0,0,0,0,0,0,0,0,0,0,0,0,0,0,0,0,0,1,-2,6,-8,7,-8,7,-8,8,-8,8,-8,9,-8,9,-8,10,-7,10,-7,11,-7,11,-7,11,-7,11,-7,11,-7,11,-7,10,-6,10,-7,10,-7,10,-7,10,-7,10,-8,10,-8,9,-7,9,-8,10,-9,10,-9,11,-10,36,-32,36,-31,35,-30,34,-29,33,-29,31,-29,30,-30,28,-30,26,-31,24,-31,23,-32,22,-33,21,-33,21,-33,21,-33,21,-33,21,-32,20,-32,20,-31,20,-29,21,-28,20,-26,20,-25,20,-24,20,-22,20,-21,20,-19,21,-17,3,-3,1,-1,-1,0,-1,1,-1,0,0,-2,2,-7,19,-33,21,-32,25,-31,28,-30,30,-29,32,-28,34,-28,36,-27,39,-26,40,-25,41,-24,42,-23,42,-23,43,-23,43,-22,43,-22,43,-22,42,-22,41,-22,40,-22,40,-24,40,-25,39,-26,39,-27,38,-28,38,-29,38,-30,39,-31]"
CSI_DATA,77,5c:01:3b:6b:b0:95,-43,11,1,6,0,1,1,1,0,0,0,-98,1,11,0,13666207,0,86,1,256,1,"[86,-32,4,0,-16,4,-16,4,-15,5,-14,5,-14,5,-14,5,-13,6,-13,6,-12,6,-12,7,-12,7,-11,8,-11,7,-11,7,-11,7,-11,7,-11,7,-11,6,-11,6,-10,6,-10,5,-10,5,-10,5,-9,4,-9,4,-3,1,0,0,0,0,0,0,0,0,0,0,0,0,0,0,0,0,0,0,-3,1,-13,5,-13,5,-14,4,-15,4,-15,3,-16,3,-16,2,-16,1,-17,1,-17,1,-18,1,-18,1,-17,1,-17,1,-17,1,-17,1,-17,1,-16,1,-16,2,-17,2,-17,2,-16,3,-16,3,-16,4,-17,5,-17,4,-10,2,-32,9,-31,8,-30,8,-29,8,-28,8,-27,9,-26,10,-25,11,-24,11,-23,12,-23,13,-22,13,-22,14,-22,14,-22,14,-21,14,-21,13,-21,13,-21,13,-20,12,-20,11,-19,10,-19,9,-19,9,-18,8,-18,7,-18,6,-18,4,-4,0,-1,0,0,-1,0,-1,0,-1,-1,0,-4,2,-21,13,-22,12,-24,10,-26,8,-27,7,-28,6,-29,5,-31,4,-31,3,-32,2,-32,2,-32,1,-33,1,-33,1,-33,0,-33,0,-32,0,-33,0,-32,1,-31,2,-31,2,-31,3,-31,4,-31,5,-31,6,-31,7,-32,8,-32,8]"
CSI_DATA,78,5c:01:3b:6b:b0:95,-41,11,1,4,0,1,1,1,0,0,0,-98,1,11,0,13721821,0,86,1,256,1,"[86,-32,4,0,13,20,13,19,13,18,13,17,13,16,13,16,13,15,14,14,14,13,14,13,14,12,14,11,15,11,15,11,15,11,15,11,15,11,14,11,13,11,13,11,11,11,11,10,10,10,10,10,9,10,2,2,0,0,0,0,0,0,0,0,0,0,0,0,0,0,0,0,0,0,3,3,13,15,12,16,12,17,11,18,11,19,10,20,10,21,9,21,9,22,8,22,8,23,8,23,8,23,7,22,7,22,8,22,8,22,9,21,9,21,10,21,10,21,11,20,11,20,12,20,12,21,13,21,6,12,21,40,21,40,20,39,20,37,21,35,22,34,22,32,22,30,23,29,24,28,25,26,26,25,26,25,27,25,26,24,26,24,25,24,24,24,23,24,22,24,21,23,20,23,19,22,18,22,17,21,16,22,12,24,10,25,1,4,0,1,-1,-1,-1,-1,-1,-1,1,1,4,4,25,25,24,27,22,30,21,32,20,35,18,37,17,38,16,40,15,41,14,42,12,43,12,44,12,45,12,45,12,45,12,45,11,44,11,44,11,43,12,42,13,42,15,41,16,41,17,41,18,40,20,40,21,41,22,42]"
CSI_DATA,79,5c:01:3b:6b:b0:95,-42,11,1,5,0,1,1,1,0,0,0,-98,1,11,0,13767147,0,86,1,256,1,"[86,-32,4,0,25,-6,25,-6,23,-7,23,-7,22,-7,21,-8,21,-8,20,-9,19,-9,19,-10,18,-11,18,-11,18,-11,18,-11,18,-11,18,-11,17,-10,17,-9,17,-9,17,-8,16,-7,16,-7,15,-6,15,-6,15,-5,3,-2,0,0,0,0,0,0,0,0,0,0,0,0,0,0,0,0,0,0,4,-3,19,-10,20,-10,21,-9,22,-8,23,-7,24,-6,25,-5,25,-4,26,-3,26,-3,27,-3,27,-3,27,-2,26,-2,26,-2,26,-2,25,-2,25,-3,25,-3,25,-4,25,-4,25,-5,25,-6,25,-6,26,-7,26,-7,15,-2,50,-6,49,-6,48,-6,46,-6,44,-7,43,-7,42,-8,41,-10,39,-12,38,-13,38,-15,37,-16,37,-16,37,-16,37,-16,36,-16,36,-15,35,-15,35,-14,34,-13,33,-11,32,-10,31,-9,30,-9,29,-7,28,-5,29,1,28,3,4,0,1,0,-1,-1,-2,0,-1,0,1,-2,6,-4,36,-17,37,-14,38,-15,40,-13,42,-10,44,-8,45,-6,47,-4,48,-2,49,-1,49,1,49,1,50,1,50,2,50,2,50,3,49,4,49,3,48,3,48,2,47,1,48,0,48,-1,49,-2,48,-4,49,-5,50,-6,50,-7]"
CSI_DATA,80,5c:01:3b:6b:b0:95,-42,11,1,5,0,1,1,1,0,0,0,-98,1,11,0,13820897,0,86,1,256,1,"[86,-32,4,0,-9,-23,-9,-22,-9,-21,-9,-20,-9,-20,-9,-19,-10,-18,-10,-18,-11,-17,-12,-16,-12,-16,-12,-15,-12,-15,-12,-15,-12,-15,-12,-15,-11,-15,-11,-15,-10,-15,-10,-15,-9,-14,-8,-14,-8,-14,-7,-13,-6,-13,-2,-4,0,0,0,0,0,0,0,0,0,0,0,0,0,0,0,0,0,0,-3,-4,-12,-16,-11,-17,-10,-18,-10,-20,-9,-21,-8,-21,-7,-22,-7,-22,-6,-23,-6,-24,-6,-24,-5,-24,-5,-24,-5,-24,-5,-23,-5,-23,-6,-23,-6,-23,-6,-22,-6,-22,-7,-22,-7,-23,-8,-22,-8,-23,-9,-23,-9,-23,-5,-14,-15,-44,-14,-43,-14,-42,-14,-41,-14,-39,-15,-38,-15,-37,-16,-35,-17,-34,-18,-33,-20,-32,-21,-31,-21,-31,-21,-31,-21,-31,-21,-30,-20,-30,-19,-30,-18,-30,-17,-29,-16,-29,-15,-28,-14,-27,-13,-26,-12,-26,-10,-26,-7,-26,-5,-26,-1,-5,-1,-2,0,0,0,0,0,0,-2,-2,-4,-5,-22,-29,-20,-30,-20,-32,-18,-34,-16,-36,-15,-38,-13,-40,-12,-42,-11,-43,-9,-44,-8,-45,-7,-45,-7,-45,-7,-46,-6,-46,-6,-46,-6,-46,-6,-45,-7,-44,-7,-44,-8,-43,-9,-43,-10,-43,-11,-43,-12,-43,-14,-43,-14,-44,-15,-44]"
CSI_DATA,81,5c:01:3b:6b:b0:95,-42,11,1,5,0,1,1,1,0,0,0,-98,1,11,0,13866220,0,86,1,256,1,"[86,-32,4,0,-27,6,-26,6,-24,6,-23,7,-23,8,-22,8,-21,9,-20,9,-20,9,-20,9,-19,10,-19,10,-19,11,-18,11,-18,11,-18,11,-18,10,-17,10,-17,10,-17,9,-17,8,-17,7,-16,6,-16,6,-16,5,-4,1,0,0,0,0,0,0,0,0,0,0,0,0,0,0,0,0,0,0,-5,2,-21,8,-22,7,-23,6,-24,6,-24,5,-25,4,-26,4,-26,3,-27,2,-27,1,-28,0,-28,-1,-28,-1,-27,-1,-27,0,-27,0,-27,1,-26,2,-26,2,-26,3,-26,4,-26,4,-26,5,-27,5,-27,5,-27,6,-16,0,-51,2,-50,1,-48,2,-47,2,-45,3,-44,4,-43,5,-42,7,-40,8,-40,10,-40,11,-39,13,-39,13,-39,13,-38,14,-38,13,-37,13,-36,13,-36,12,-35,11,-34,10,-33,8,-32,8,-31,7,-31,5,-30,4,-31,-4,-30,-6,-6,-2,-2,-1,0,-1,1,-1,0,-1,-3,0,-7,1,-40,7,-40,5,-41,8,-42,6,-43,3,-45,1,-46,-1,-47,-3,-48,-4,-49,-6,-49,-7,-49,-8,-50,-9,-50,-9,-50,-10,-50,-10,-49,-10,-49,-9,-49,-8,-48,-7,-48,-7,-48,-5,-48,-4,-49,-2,-49,-1,-50,0,-51,1,-51,1]"
CSI_DATA,82,5c:01:3b:6b:b0:95,-42,11,1,5,0,1,1,1,0,0,0,-98,1,11,0,13916236,0,86,1,256,1,"[86,-32,4,0,18,19,18,18,18,17,17,16,18,15,18,14,17,13,18,12,18,11,18,10,18,10,18,9,19,9,19,9,19,9,18,9,18,9,18,9,17,9,16,9,15,9,14,9,13,9,13,9,13,10,3,2,0,0,0,0,0,0,0,0,0,0,0,0,0,0,0,0,0,0,4,3,17,13,17,14,17,15,16,16,16,18,16,19,16,20,15,20,14,21,14,22,14,22,14,23,14,23,13,22,13,22,13,22,14,21,14,20,15,20,15,20,16,20,16,19,16,19,17,19,18,20,19,20,8,13,28,41,27,41,27,39,27,38,27,36,27,34,27,33,28,31,28,28,29,27,30,26,31,25,31,24,32,24,31,24,31,23,30,23,30,23,29,23,27,22,25,23,24,22,23,22,22,22,20,22,19,22,12,27,10,28,1,5,0,1,-1,-1,-2,-1,-1,-1,1,1,5,4,28,27,26,30,28,29,27,31,25,34,24,36,23,39,22,41,22,43,21,44,19,45,19,45,19,46,19,47,18,47,18,47,18,46,18,46,18,45,19,44,19,43,21,43,22,42,24,42,25,41,26,41,28,41,29,42]"
CSI_DATA,83,5c:01:3b:6b:b0:95,-38,11,1,5,0,1,1,1,0,0,0,-98,1,11,0,13967466,0,86,1,256,1,"[86,-32,4,0,-20,13,-19,13,-18,13,-17,13,-17,13,-16,13,-15,13,-14,13,-14,13,-13,13,-13,14,-13,14,-13,14,-12,14,-12,14,-12,14,-12,13,-12,12,-12,12,-12,11,-12,11,-12,10,-11,10,-11,9,-11,8,-3,2,0,0,0,0,0,0,0,0,0,0,0,0,0,0,0,0,0,0,-4,3,-14,13,-16,13,-17,13,-18,12,-19,12,-20,11,-20,11,-21,10,-22,9,-22,9,-23,9,-23,8,-23,8,-23,8,-22,8,-22,8,-22,9,-21,9,-21,9,-21,10,-21,11,-20,11,-20,11,-20,12,-21,13,-21,13,-14,3,-42,15,-41,14,-39,14,-38,14,-36,14,-35,15,-34,15,-33,16,-31,17,-30,18,-30,20,-29,21,-29,21,-29,21,-28,21,-28,20,-27,20,-27,19,-27,18,-27,17,-26,15,-25,14,-25,14,-24,13,-24,12,-23,10,-26,2,-26,1,-5,-1,-2,-1,0,-1,0,-1,0,-1,-2,1,-6,3,-32,17,-33,15,-32,18,-33,16,-36,14,-37,13,-39,12,-40,10,-42,9,-42,8,-43,7,-43,7,-44,7,-44,7,-45,6,-45,6,-44,5,-44,6,-43,6,-42,6,-42,7,-41,8,-41,9,-41,11,-40,12,-41,14,-42,15,-43,16]"
CSI_DATA,84,5c:01:3b:6b:b0:95,-43,11,1,6,0,1,1,1,0,0,0,-98,1,11,0,14016379,0,86,1,256,1,"[86,-32,4,0,-15,-4,-15,-4,-14,-3,-14,-3,-14,-2,-14,-2,-13,-2,-13,-1,-13,-1,-13,-1,-13,0,-13,0,-13,0,-12,0,-13,0,-13,0,-12,0,-12,0,-12,0,-11,-1,-11,-1,-10,-1,-10,-1,-10,-2,-10,-2,-3,-1,0,0,0,0,0,0,0,0,0,0,0,0,0,0,0,0,0,0,-4,-1,-13,-1,-13,-2,-13,-2,-14,-3,-14,-4,-14,-4,-15,-5,-14,-5,-14,-6,-15,-6,-15,-7,-15,-7,-14,-7,-14,-7,-14,-7,-14,-7,-14,-6,-14,-6,-14,-6,-14,-5,-14,-5,-14,-5,-14,-4,-15,-5,-15,-5,-16,-4,-18,-7,-56,-19,-55,-19,-54,-18,-52,-17,-51,-15,-50,-13,-49,-12,-48,-10,-48,-9,-48,-7,-48,-5,-48,-4,-48,-3,-48,-2,-47,-2,-46,-2,-45,-2,-45,-2,-44,-3,-42,-4,-41,-5,-39,-6,-38,-6,-37,-7,-36,-8,-35,-9,-32,-14,-30,-16,-6,-4,-2,-2,0,0,1,-1,0,0,-3,0,-9,0,-46,-1,-46,-4,-48,-6,-48,-10,-49,-14,-50,-16,-51,-19,-51,-21,-52,-23,-51,-25,-51,-27,-51,-28,-52,-29,-52,-29,-51,-30,-50,-30,-50,-30,-50,-30,-49,-29,-49,-27,-50,-26,-51,-25,-52,-24,-53,-23,-53,-21,-54,-21,-55,-20,-56,-19]"
CSI_DATA,85,5c:01:3b:6b:b0:95,-43,11,1,6,0,1,1,1,0,0,0,-98,1,11,0,14066812,0,86,1,256,1,"[86,-32,4,0,-4,23,-4,22,-3,21,-2,21,-2,20,-1,20,-1,19,0,19,1,19,1,18,2,18,2,18,2,18,3,18,3,18,3,18,3,18,2,17,2,17,1,16,0,15,0,15,0,14,0,14,-1,14,-1,3,0,0,0,0,0,0,0,0,0,0,0,0,0,0,0,0,0,0,0,4,0,19,-1,19,-2,20,-3,21,-4,21,-5,22,-6,22,-7,22,-8,22,-8,22,-9,22,-9,22,-9,22,-9,22,-9,21,-9,22,-8,21,-7,21,-7,21,-7,22,-6,22,-6,22,-5,22,-5,23,-5,24,-4,24,-5,13,-13,43,-13,42,-13,41,-12,40,-11,39,-9,38,-8,37,-7,37,-5,36,-4,35,-2,36,-1,35,-1,36,0,36,0,35,0,35,-1,34,-1,34,-1,33,-2,32,-3,31,-3,29,-4,28,-4,28,-5,27,-6,26,-12,24,-13,23,-3,4,-1,1,0,-1,-1,-2,0,-1,0,1,0,6,-1,35,-3,35,-4,36,-7,37,-9,37,-12,38,-14,38,-16,39,-18,39,-19,39,-20,39,-21,39,-22,40,-22,40,-22,39,-23,39,-22,39,-22,39,-21,38,-20,38,-19,39,-18,39,-17,40,-16,41,-15,41,-14,42,-14,43,-13,44]"
CSI_DATA,86,5c:01:3b:6b:b0:95,-45,11,1,6,0,1,1,1,0,0,0,-96,1,11,0,14117202,0,86,1,256,1,"[86,-32,4,0,14,0,14,0,14,-1,13,-1,13,-1,13,-1,12,-2,12,-2,12,-2,12,-3,11,-3,11,-3,11,-3,11,-4,11,-4,11,-3,11,-3,11,-3,10,-3,10,-2,10,-2,9,-2,9,-1,9,-1,9,-1,2,0,0,0,0,0,0,0,0,0,0,0,0,0,0,0,0,0,0,0,2,-1,12,-3,12,-2,13,-1,13,-1,13,0,14,0,14,1,14,2,14,2,14,3,15,3,15,3,14,3,14,3,14,3,14,3,14,2,14,2,14,2,14,2,14,1,14,1,14,1,14,1,15,1,15,1,17,0,57,1,55,1,55,1,53,0,52,-1,51,-2,50,-3,48,-5,47,-6,46,-8,45,-10,44,-11,44,-12,44,-12,43,-13,43,-13,43,-12,42,-11,42,-10,40,-9,39,-8,38,-7,37,-6,36,-4,35,-3,34,-1,33,2,33,3,5,0,1,0,-1,-1,-2,0,-1,-1,2,-2,7,-3,44,-14,44,-11,46,-8,48,-6,49,-3,51,-1,52,1,53,4,54,7,55,9,55,11,56,13,56,14,56,15,55,15,55,15,55,14,55,13,54,12,54,10,54,10,55,9,55,8,56,7,56,5,57,4,57,3,57,3]"
CSI_DATA,87,5c:01:3b:6b:b0:95,-45,11,1,6,0,1,1,1,0,0,0,-96,1,11,0,14166230,0,86,1,256,1,"[86,-32,4,0,-27,-3,-27,-2,-26,-2,-25,-1,-24,-1,-24,0,-23,1,-22,1,-22,2,-22,2,-22,3,-21,4,-21,4,-21,4,-21,4,-21,4,-21,4,-20,3,-20,2,-19,2,-19,1,-18,1,-18,1,-17,0,-17,0,-5,-1,0,0,0,0,0,0,0,0,0,0,0,0,0,0,0,0,0,0,-6,0,-22,2,-23,1,-24,0,-25,-1,-25,-2,-26,-3,-26,-5,-26,-6,-26,-7,-26,-7,-27,-8,-27,-8,-26,-8,-26,-8,-26,-8,-26,-8,-26,-7,-25,-7,-26,-6,-26,-6,-26,-5,-26,-4,-26,-4,-27,-4,-28,-3,-28,-3,-17,-1,-52,-2,-52,-2,-50,-2,-49,-2,-47,-1,-46,0,-45,1,-44,3,-43,4,-42,6,-41,8,-41,9,-41,10,-41,10,-40,10,-39,10,-39,10,-38,9,-38,8,-37,7,-36,6,-35,5,-34,4,-33,3,-32,2,-31,1,-30,1,-30,-1,-6,-1,-2,-1,0,-1,1,-1,0,-1,-2,1,-7,2,-38,15,-39,13,-42,6,-44,4,-45,1,-46,-1,-48,-3,-49,-5,-50,-7,-50,-9,-50,-10,-50,-12,-51,-12,-51,-13,-51,-13,-50,-14,-50,-14,-50,-13,-49,-12,-49,-11,-49,-10,-50,-9,-50,-8,-51,-6,-51,-5,-52,-4,-52,-3,-52,-3]"
CSI_DATA,88,5c:01:3b:6b:b0:95,-42,11,1,6,0,1,1,1,0,0,0,-96,1,11,0,14216438,0,86,1,256,1,"[86,-32,4,0,-14,0,-13,0,-12,0,-12,1,-12,1,-12,1,-11,1,-11,1,-11,2,-11,2,-11,2,-10,3,-10,3,-10,3,-10,3,-11,3,-10,2,-10,2,-10,2,-9,1,-9,1,-9,1,-9,1,-9,1,-9,0,-3,0,0,0,0,0,0,0,0,0,0,0,0,0,0,0,0,0,0,0,-3,0,-11,1,-11,1,-12,1,-12,0,-12,0,-13,-1,-13,-1,-13,-2,-13,-2,-14,-2,-14,-3,-14,-3,-13,-3,-13,-3,-13,-3,-13,-3,-13,-2,-13,-2,-13,-2,-13,-2,-13,-1,-13,-1,-13,-1,-13,0,-14,0,-14,-1,-16,-2,-51,-4,-50,-5,-48,-5,-46,-4,-45,-4,-45,-2,-44,-1,-43,0,-41,2,-41,3,-40,5,-40,6,-41,7,-41,7,-40,7,-39,7,-38,6,-38,6,-37,5,-36,3,-35,2,-34,2,-33,2,-33,2,-31,0,-31,-1,-29,-6,-28,-8,-5,-2,-2,-1,0,-1,1,-1,0,-1,-2,0,-7,1,-38,6,-39,4,-41,3,-42,1,-44,-2,-45,-4,-45,-6,-46,-8,-47,-10,-47,-12,-47,-13,-48,-14,-48,-14,-48,-15,-48,-15,-48,-16,-48,-16,-48,-16,-47,-15,-46,-14,-46,-13,-47,-12,-48,-11,-49,-9,-49,-7,-49,-6,-50,-6,-50,-5]"
CSI_DATA,89,5c:01:3b:6b:b0:95,-45,11,1,6,0,1,1,1,0,0,0,-96,1,11,0,14266227,0,86,1,256,1,"[86,-32,4,0,-7,22,-7,21,-6,21,-5,20,-5,20,-4,20,-3,19,-2,19,-2,18,-1,18,-1,18,-1,18,0,18,0,18,0,18,0,18,0,18,0,17,0,17,-1,16,-2,15,-2,15,-2,15,-2,14,-3,14,-1,3,0,0,0,0,0,0,0,0,0,0,0,0,0,0,0,0,0,0,-1,4,-3,18,-4,19,-5,19,-6,20,-7,20,-8,20,-9,21,-10,21,-10,21,-11,20,-12,21,-12,20,-12,20,-12,20,-12,20,-11,20,-11,20,-10,20,-10,20,-9,21,-9,21,-8,21,-8,21,-8,22,-8,23,-7,23,-7,12,-19,40,-19,39,-19,38,-18,37,-16,36,-14,36,-13,35,-12,35,-10,35,-9,34,-8,34,-7,35,-6,35,-6,35,-5,34,-5,34,-5,34,-5,33,-6,32,-6,31,-7,30,-7,29,-8,28,-8,27,-9,26,-9,25,-15,22,-16,21,-3,3,-2,0,0,-1,0,-2,0,-1,-1,1,-2,6,-11,34,-13,33,-11,34,-13,34,-16,34,-18,35,-19,35,-21,35,-23,35,-25,35,-26,35,-28,35,-28,34,-29,34,-29,33,-29,33,-28,33,-28,34,-27,34,-26,34,-25,35,-24,35,-23,36,-22,37,-21,37,-21,38,-21,39,-21,39]"
CSI_DATA,90,5c:01:3b:6b:b0:95,-45,11,1,6,0,1,1,1,0,0,0,-96,1,11,0,14317223,0,86,1,256,1,"[86,-32,4,0,17,18,17,18,17,17,17,16,17,15,17,14,17,13,17,12,17,11,17,10,18,10,18,9,18,10,18,9,18,9,18,9,17,9,17,10,16,10,15,10,14,9,13,9,13,9,13,10,12,10,3,2,0,0,0,0,0,0,0,0,0,0,0,0,0,0,0,0,0,0,4,2,16,12,16,13,16,14,16,16,16,17,16,18,15,19,15,20,14,20,14,20,14,21,14,22,14,22,13,22,13,22,13,21,14,21,14,20,14,20,15,19,15,19,16,19,16,18,16,18,18,19,19,19,7,13,27,41,26,40,25,39,24,38,25,36,25,35,26,33,26,32,27,30,27,28,28,26,30,25,30,25,30,25,29,25,29,24,29,24,28,23,27,24,26,23,25,23,23,23,22,22,20,22,19,23,18,23,11,27,9,28,1,5,0,1,-1,-1,-2,-1,-1,-1,1,1,5,4,27,27,25,29,27,29,25,31,24,34,23,36,22,38,21,40,20,42,19,43,18,44,17,44,18,45,18,46,17,46,16,46,16,45,16,45,16,44,17,43,18,43,19,43,20,42,22,41,23,40,25,40,27,41,28,42]"
CSI_DATA,91,5c:01:3b:6b:b0:95,-45,11,1,6,0,1,1,1,0,0,0,-96,1,11,0,14367225,0,86,1,256,1,"[86,-32,4,0,-27,-2,-27,-2,-25,-1,-24,-1,-24,0,-24,0,-23,1,-22,1,-22,2,-22,3,-21,4,-21,4,-21,4,-21,5,-21,5,-21,4,-20,4,-20,3,-19,2,-19,2,-18,2,-18,1,-17,1,-17,0,-16,0,-4,-1,0,0,0,0,0,0,0,0,0,0,0,0,0,0,0,0,0,0,-6,0,-22,2,-23,1,-24,0,-24,-1,-25,-2,-25,-3,-26,-4,-26,-5,-26,-6,-26,-7,-27,-7,-27,-8,-26,-8,-26,-8,-26,-8,-26,-7,-26,-7,-25,-6,-25,-6,-26,-5,-26,-4,-26,-4,-26,-4,-27,-3,-27,-3,-27,-3,-16,-4,-50,-11,-49,-11,-48,-11,-47,-11,-45,-9,-44,-8,-43,-7,-42,-5,-42,-4,-41,-2,-41,0,-41,1,-41,2,-41,2,-40,2,-40,3,-39,2,-38,2,-38,1,-37,0,-35,-1,-34,-1,-33,-2,-32,-2,-31,-3,-30,-5,-28,-11,-27,-12,-5,-3,-2,-1,0,0,1,-1,0,0,-3,0,-8,0,-40,0,-41,-2,-42,-1,-43,-4,-44,-8,-45,-10,-45,-12,-46,-14,-46,-16,-46,-18,-46,-19,-46,-20,-47,-20,-47,-21,-47,-21,-47,-22,-46,-22,-46,-22,-45,-21,-45,-20,-45,-19,-46,-18,-46,-17,-47,-15,-48,-14,-49,-13,-50,-12,-50,-12]"
CSI_DATA,92,5c:01:3b:6b:b0:95,-44,11,1,6,0,1,1,1,0,0,0,-97,1,11,0,14416375,0,86,1,256,1,"[86,-32,4,0,-16,21,-15,20,-14,20,-13,20,-13,20,-12,19,-11,19,-10,19,-9,19,-8,19,-8,19,-8,19,-7,19,-7,19,-6,19,-7,19,-7,19,-7,18,-7,17,-7,17,-8,16,-8,15,-8,14,-8,14,-8,14,-2,3,0,0,0,0,0,0,0,0,0,0,0,0,0,0,0,0,0,0,-3,4,-9,19,-10,19,-12,19,-13,20,-14,19,-16,19,-17,19,-18,19,-18,18,-19,18,-20,18,-20,18,-20,18,-20,17,-20,17,-19,17,-18,18,-18,18,-18,18,-18,19,-17,19,-17,19,-16,19,-16,20,-17,21,-16,22,-12,10,-36,34,-36,33,-35,32,-34,32,-32,31,-30,31,-29,31,-27,31,-25,31,-24,32,-22,33,-21,34,-21,34,-20,34,-20,33,-19,33,-20,32,-20,32,-20,31,-20,29,-20,28,-20,26,-20,25,-19,24,-20,23,-20,22,-25,16,-26,15,-5,2,-2,0,0,-1,0,-2,0,-1,-2,1,-5,5,-24,32,-26,30,-24,32,-27,31,-30,30,-32,30,-34,29,-37,29,-39,28,-40,27,-41,26,-42,26,-43,26,-43,25,-43,25,-43,25,-43,25,-43,25,-42,25,-41,25,-40,26,-40,27,-39,28,-38,29,-37,30,-37,32,-37,33,-37,34]"
CSI_DATA,93,5c:01:3b:6b:b0:95,-44,11,1,6,0,1,1,1,0,0,0,-97,1,11,0,14466274,0,86,1,256,1,"[86,-32,4,0,24,8,23,7,23,7,22,6,22,5,21,5,21,4,20,3,20,2,20,1,20,1,21,0,20,0,20,0,20,0,20,0,20,1,19,1,18,2,18,2,17,2,16,2,16,2,15,3,15,4,3,1,0,0,0,0,0,0,0,0,0,0,0,0,0,0,0,0,0,0,5,0,21,2,21,3,21,4,22,5,22,7,23,8,23,9,22,10,22,11,22,11,23,12,23,12,22,12,22,12,22,12,22,12,22,11,21,11,22,10,22,10,22,10,22,9,22,9,23,8,25,9,25,8,12,7,41,23,41,23,41,22,40,21,39,20,39,19,38,17,37,15,37,14,37,12,37,10,37,9,38,8,38,8,37,7,37,7,37,8,36,8,35,9,34,9,33,10,31,10,30,10,29,11,27,12,26,12,22,18,21,19,3,3,0,1,-1,-1,-2,-1,-1,-1,2,0,6,1,37,11,36,14,37,11,37,14,38,16,38,19,38,21,38,24,38,26,38,28,37,29,37,30,37,31,37,32,36,32,36,32,36,31,36,31,36,30,36,29,37,28,37,28,38,27,39,26,39,25,41,25,42,24,42,24]"
CSI_DATA,94,5c:01:3b:6b:b0:95,-44,11,1,6,0,1,1,1,0,0,0,-97,1,11,0,14516234,0,86,1,256,1,"[86,-32,4,0,-1,-27,-1,-26,-1,-25,-2,-24,-2,-24,-3,-23,-4,-22,-5,-22,-6,-21,-6,-21,-6,-21,-7,-21,-7,-21,-8,-21,-8,-21,-8,-20,-7,-20,-7,-20,-6,-19,-6,-19,-5,-18,-4,-17,-4,-17,-3,-17,-3,-17,-1,-5,0,0,0,0,0,0,0,0,0,0,0,0,0,0,0,0,0,0,-1,-6,-4,-21,-3,-22,-2,-23,-1,-24,0,-24,1,-25,2,-25,3,-26,4,-26,4,-26,5,-26,5,-26,6,-26,6,-26,5,-26,5,-26,4,-25,3,-25,3,-25,2,-26,2,-26,1,-26,1,-25,1,-26,0,-27,0,-28,0,-16,2,-51,2,-50,2,-49,1,-47,0,-46,-1,-45,-2,-44,-4,-43,-5,-42,-7,-41,-8,-41,-10,-41,-11,-41,-11,-40,-11,-40,-11,-39,-10,-39,-10,-38,-9,-38,-8,-38,-7,-37,-6,-35,-6,-34,-5,-33,-3,-33,-2,-32,3,-31,5,-30,1,-6,0,-2,-1,0,0,1,0,0,-1,-2,-2,-7,-9,-39,-7,-40,-5,-41,-2,-42,0,-44,2,-45,4,-46,6,-47,8,-47,9,-48,11,-48,12,-48,13,-49,14,-49,14,-48,14,-48,14,-48,13,-48,12,-48,11,-47,10,-48,9,-48,7,-48,6,-49,5,-49,4,-50,4,-51,4,-51]"
CSI_DATA,95,5c:01:3b:6b:b0:95,-45,11,1,7,0,1,1,1,0,0,0,-97,1,11,0,14568374,0,86,1,256,1,"[86,-32,4,0,-26,3,-25,3,-24,3,-23,4,-23,5,-22,5,-21,5,-21,6,-20,6,-20,7,-20,7,-20,8,-20,8,-19,8,-19,8,-19,8,-19,8,-18,7,-18,7,-18,6,-18,6,-17,5,-17,4,-16,4,-16,3,-4,0,0,0,0,0,0,0,0,0,0,0,0,0,0,0,0,0,0,0,-5,1,-20,5,-21,5,-22,3,-23,3,-23,2,-24,1,-25,0,-25,-1,-25,-2,-26,-2,-26,-3,-26,-3,-26,-3,-26,-3,-25,-3,-25,-3,-25,-2,-25,-2,-25,-1,-25,0,-25,0,-25,1,-25,1,-26,2,-27,2,-27,3,-16,-1,-50,-1,-49,-1,-48,-1,-46,-1,-45,0,-44,1,-42,2,-42,3,-40,5,-40,7,-39,9,-39,10,-39,11,-39,11,-39,11,-38,11,-38,10,-37,10,-37,9,-36,8,-35,6,-34,6,-33,5,-32,4,-32,3,-31,2,-30,-5,-29,-6,-5,-2,-2,-1,0,-1,0,-1,0,-1,-2,0,-7,2,-37,9,-38,7,-39,7,-40,4,-42,1,-44,-1,-45,-3,-45,-5,-46,-7,-46,-9,-47,-10,-47,-10,-48,-10,-48,-10,-48,-11,-48,-11,-47,-11,-47,-11,-46,-11,-46,-10,-46,-9,-46,-8,-46,-7,-47,-5,-47,-4,-48,-2,-50,-1,-51,0]"
CSI_DATA,96,5c:01:3b:6b:b0:95,-44,11,1,6,0,1,1,1,0,0,0,-97,1,11,0,14618292,0,86,1,256,1,"[86,-32,4,0,-22,15,-21,15,-20,15,-19,15,-19,15,-18,15,-17,15,-16,15,-15,15,-15,16,-14,16,-14,16,-14,17,-13,17,-13,17,-14,16,-14,16,-13,15,-13,14,-14,14,-14,13,-14,12,-13,11,-13,11,-13,10,-4,2,0,0,0,0,0,0,0,0,0,0,0,0,0,0,0,0,0,0,-4,3,-15,15,-16,14,-17,14,-18,14,-19,13,-21,13,-21,13,-22,12,-23,11,-23,11,-24,11,-24,10,-24,10,-24,10,-24,10,-24,10,-23,10,-22,11,-22,11,-22,12,-22,13,-22,13,-21,13,-22,14,-23,15,-22,15,-14,7,-44,25,-44,24,-43,23,-41,23,-40,23,-38,24,-37,24,-35,25,-33,26,-32,27,-31,28,-30,29,-30,29,-30,29,-29,29,-29,29,-29,28,-29,28,-29,27,-29,25,-29,23,-28,22,-27,21,-27,19,-27,18,-27,17,-29,12,-30,10,-6,1,-2,0,0,-1,0,-1,0,-1,-2,1,-5,5,-26,28,-28,26,-30,26,-33,24,-36,23,-38,21,-40,21,-42,20,-44,19,-45,18,-46,17,-46,16,-47,16,-47,16,-47,15,-48,14,-48,14,-47,14,-46,15,-45,15,-45,16,-45,18,-44,19,-44,20,-43,22,-44,23,-45,24,-45,25]"
CSI_DATA,97,5c:01:3b:6b:b0:95,-44,11,1,6,0,1,1,1,0,0,0,-97,1,11,0,14669554,0,86,1,256,1,"[86,-32,4,0,12,-24,12,-24,11,-23,10,-23,10,-23,9,-22,8,-22,7,-22,6,-22,5,-22,5,-22,5,-22,4,-22,4,-22,4,-22,4,-22,4,-22,4,-21,5,-20,5,-20,6,-19,6,-18,6,-17,7,-17,7,-16,1,-4,0,0,0,0,0,0,0,0,0,0,0,0,0,0,0,0,0,0,1,-5,6,-20,7,-21,8,-21,9,-21,10,-22,12,-22,13,-21,14,-21,15,-21,16,-21,16,-21,17,-21,17,-20,16,-20,16,-20,16,-20,15,-20,15,-20,14,-21,14,-21,14,-22,13,-22,13,-22,13,-23,13,-24,13,-24,9,-13,30,-41,30,-40,29,-39,28,-38,26,-38,25,-38,23,-38,22,-38,20,-38,18,-38,17,-39,15,-39,15,-40,15,-40,15,-39,15,-39,15,-39,15,-38,16,-38,17,-36,17,-34,16,-32,17,-31,17,-30,17,-28,18,-27,24,-22,24,-21,4,-4,1,-1,-1,0,-1,1,-1,0,0,-2,2,-7,16,-35,19,-34,17,-36,20,-36,23,-36,25,-35,27,-35,30,-35,32,-34,34,-34,35,-33,36,-33,36,-33,37,-33,37,-32,37,-32,37,-32,37,-32,36,-32,35,-32,34,-33,34,-34,33,-35,32,-36,31,-37,31,-39,31,-40,31,-41]"
CSI_DATA,98,5c:01:3b:6b:b0:95,-44,11,1,6,0,1,1,1,0,0,0,-97,1,11,0,14717886,0,86,1,256,1,"[86,-32,4,0,12,-21,12,-21,11,-20,10,-20,10,-20,9,-20,8,-19,7,-19,6,-19,6,-19,5,-20,5,-20,5,-20,4,-20,4,-20,5,-20,5,-19,5,-19,5,-18,6,-18,6,-16,7,-16,7,-15,7,-15,7,-14,1,-4,0,0,0,0,0,0,0,0,0,0,0,0,0,0,0,0,0,0,1,-5,6,-18,7,-18,8,-18,9,-18,10,-18,12,-18,13,-18,13,-18,14,-18,15,-18,15,-18,16,-18,16,-17,16,-17,16,-17,15,-17,14,-17,14,-18,14,-18,14,-18,13,-19,13,-19,13,-19,12,-20,13,-21,13,-21,9,-11,29,-36,29,-35,28,-34,27,-33,26,-32,25,-32,23,-32,22,-33,20,-33,18,-34,17,-35,16,-35,15,-36,15,-36,15,-35,15,-35,15,-34,16,-34,16,-33,17,-31,17,-30,16,-28,16,-27,16,-27,16,-25,17,-24,22,-19,23,-18,4,-3,1,-1,-1,0,-1,0,-1,0,0,-2,2,-6,16,-30,18,-29,17,-31,20,-31,22,-30,25,-30,27,-29,29,-29,31,-28,32,-27,33,-27,33,-27,34,-28,34,-28,34,-27,35,-27,35,-27,34,-27,33,-27,32,-27,32,-28,32,-28,31,-29,30,-30,29,-32,29,-34,29,-35,29,-36]"
CSI_DATA,99,5c:01:3b:6b:b0:95,-44,11,1,7,0,1,1,1,0,0,0,-97,1,11,0,14766329,0,86,1,256,1,"[86,-32,4,0,-9,-14,-9,-13,-9,-13,-9,-12,-9,-12,-9,-12,-9,-11,-9,-11,-10,-10,-10,-10,-10,-10,-11,-10,-11,-9,-10,-9,-10,-10,-10,-10,-10,-10,-10,-10,-9,-10,-9,-10,-8,-9,-8,-9,-7,-9,-7,-9,-6,-9,-2,-3,0,0,0,0,0,0,0,0,0,0,0,0,0,0,0,0,0,0,-3,-3,-9,-9,-9,-10,-9,-11,-8,-12,-8,-12,-8,-13,-7,-13,-7,-14,-7,-14,-7,-15,-6,-15,-6,-15,-6,-15,-6,-15,-6,-15,-6,-15,-6,-14,-7,-14,-7,-14,-7,-14,-7,-14,-8,-14,-8,-14,-9,-14,-9,-14,-9,-15,-9,-18,-29,-56,-28,-55,-27,-54,-26,-52,-26,-51,-27,-49,-28,-48,-29,-46,-30,-43,-31,-42,-33,-41,-34,-40,-36,-40,-36,-40,-35,-39,-35,-39,-34,-39,-33,-38,-32,-39,-30,-39,-28,-39,-26,-38,-25,-37,-23,-36,-21,-36,-19,-36,-12,-38,-9,-39,-2,-7,-1,-3,0,0,0,0,0,0,-2,-2,-6,-6,-31,-34,-29,-36,-30,-38,-28,-41,-26,-44,-24,-47,-23,-49,-21,-51,-20,-53,-18,-55,-17,-56,-17,-56,-17,-57,-17,-58,-16,-58,-15,-59,-15,-58,-15,-57,-15,-57,-16,-56,-17,-55,-19,-55,-20,-55,-22,-55,-24,-54,-26,-54,-27,-56,-29,-57]"
CSI_DATA,100,5c:01:3b:6b:b0:95,-43,11,1,6,0,1,1,1,0,0,0,-97,1,11,0,14817958,0,86,1,256,1,"[86,-32,4,0,-23,-12,-23,-12,-22,-11,-21,-10,-21,-9,-21,-8,-21,-8,-21,-7,-21,-6,-21,-6,-21,-5,-21,-4,-21,-4,-21,-4,-21,-4,-21,-4,-21,-5,-20,-5,-19,-6,-19,-6,-18,-6,-17,-6,-17,-7,-16,-7,-16,-7,-4,-2,0,0,0,0,0,0,0,0,0,0,0,0,0,0,0,0,0,0,-5,-2,-19,-6,-19,-7,-19,-9,-20,-10,-20,-11,-20,-12,-20,-13,-20,-14,-20,-14,-20,-15,-20,-16,-20,-16,-19,-16,-19,-16,-19,-16,-19,-15,-19,-15,-19,-14,-20,-14,-20,-13,-21,-13,-21,-13,-21,-12,-22,-12,-23,-12,-23,-12,-13,-9,-41,-27,-40,-27,-39,-26,-38,-25,-38,-24,-38,-22,-38,-21,-38,-20,-38,-18,-38,-16,-38,-15,-39,-14,-40,-13,-40,-13,-39,-13,-38,-13,-38,-13,-37,-13,-37,-14,-35,-14,-34,-15,-32,-15,-31,-15,-30,-16,-28,-16,-27,-17,-23,-22,-21,-23,-4,-5,-1,-2,0,0,1,0,0,0,-2,-1,-6,-2,-33,-13,-33,-15,-34,-15,-34,-18,-34,-21,-34,-23,-33,-25,-33,-27,-33,-29,-33,-31,-33,-32,-32,-32,-33,-33,-33,-34,-33,-34,-32,-34,-32,-34,-32,-34,-32,-33,-32,-32,-33,-31,-34,-31,-35,-30,-36,-29,-37,-28,-39,-27,-40,-27,-41,-27]"
CSI_DATA,101,5c:01:3b:6b:b0:95,-44,11,1,7,0,1,1,1,0,0,0,-97,1,11,0,14866341,0,86,1,256,1,"[86,-32,4,0,-11,-24,-11,-24,-11,-22,-11,-22,-12,-21,-12,-20,-12,-20,-13,-19,-14,-18,-14,-18,-15,-17,-15,-17,-15,-17,-15,-17,-15,-17,-15,-17,-15,-17,-14,-17,-13,-17,-12,-16,-11,-16,-11,-16,-10,-16,-10,-16,-9,-16,-3,-4,0,0,0,0,0,0,0,0,0,0,0,0,0,0,0,0,0,0,-3,-5,-11,-17,-10,-18,-10,-19,-9,-21,-9,-21,-8,-22,-7,-23,-7,-23,-6,-24,-6,-24,-6,-25,-6,-25,-5,-25,-5,-25,-5,-25,-6,-25,-6,-24,-7,-24,-7,-24,-7,-24,-8,-24,-8,-24,-9,-24,-10,-24,-11,-25,-11,-25,-5,-15,-17,-48,-16,-47,-16,-46,-16,-45,-16,-43,-17,-42,-18,-41,-19,-40,-20,-38,-21,-37,-23,-36,-24,-36,-25,-35,-25,-35,-24,-35,-24,-35,-24,-34,-23,-34,-22,-34,-20,-34,-19,-34,-18,-33,-17,-32,-16,-31,-14,-31,-12,-31,-5,-32,-3,-32,-1,-6,0,-2,0,0,0,0,0,0,-2,-2,-4,-6,-19,-32,-17,-33,-17,-35,-16,-36,-14,-39,-12,-40,-11,-42,-10,-43,-8,-45,-7,-45,-6,-46,-5,-47,-6,-48,-5,-48,-5,-48,-4,-48,-4,-48,-5,-47,-5,-47,-6,-46,-7,-46,-9,-46,-9,-47,-11,-47,-12,-46,-14,-47,-15,-48,-15,-49]"
CSI_DATA,102,5c:01:3b:6b:b0:95,-43,11,1,6,0,1,1,1,0,0,0,-97,1,11,0,14918149,0,86,1,256,1,"[86,-32,4,0,7,24,7,24,7,22,8,22,8,21,8,21,9,20,9,19,10,19,10,18,10,18,11,18,11,18,11,18,11,18,11,18,10,18,10,18,9,18,8,17,7,17,6,16,6,16,5,16,4,16,1,4,0,0,0,0,0,0,0,0,0,0,0,0,0,0,0,0,0,0,2,4,9,16,9,17,8,18,8,19,7,20,6,21,6,22,5,22,4,23,3,23,3,24,3,24,2,24,2,24,2,24,3,24,3,23,4,23,4,23,5,23,5,23,6,23,6,23,6,24,7,25,8,25,0,14,5,48,4,47,4,46,4,45,5,43,6,42,7,41,8,40,9,39,11,38,13,38,14,38,14,38,14,38,14,38,14,37,13,37,12,36,11,36,9,36,8,35,7,34,6,33,6,33,4,32,3,31,-6,31,-7,30,-2,5,-1,1,0,-1,-1,-2,-1,-1,0,1,1,5,10,33,8,34,11,34,9,35,7,37,5,39,3,40,1,41,-1,42,-2,43,-3,44,-3,44,-3,45,-4,45,-4,45,-5,45,-5,45,-5,45,-4,44,-4,43,-3,44,-2,44,-1,45,1,45,3,45,4,47,5,48,5,48]"
CSI_DATA,103,5c:01:3b:6b:b0:95,-39,11,1,6,0,1,1,1,0,0,0,-97,1,11,0,14966203,0,86,1,256,1,"[86,-32,4,0,17,-15,17,-15,16,-15,15,-15,15,-15,14,-15,13,-15,12,-15,11,-15,11,-16,11,-16,11,-17,11,-17,11,-16,11,-17,11,-16,11,-16,11,-15,11,-15,11,-14,11,-13,11,-12,11,-12,11,-11,11,-11,3,-3,0,0,0,0,0,0,0,0,0,0,0,0,0,0,0,0,0,0,2,-4,10,-14,12,-14,13,-13,14,-13,15,-13,16,-13,16,-12,17,-12,17,-11,17,-11,18,-11,19,-11,19,-11,19,-11,19,-11,19,-11,18,-11,18,-11,18,-12,18,-13,18,-13,17,-13,17,-13,17,-14,18,-15,18,-16,11,-6,37,-20,37,-20,36,-20,35,-19,34,-19,33,-20,32,-20,31,-21,29,-22,28,-23,27,-24,27,-25,27,-26,26,-26,26,-25,26,-25,26,-25,26,-24,27,-23,26,-21,26,-20,25,-19,25,-17,25,-16,25,-15,25,-13,28,-6,27,-5,4,-1,1,-1,-1,-1,-1,0,-1,0,1,-2,4,-4,25,-19,27,-17,25,-20,27,-19,29,-18,31,-17,32,-16,34,-15,35,-14,36,-13,37,-12,37,-12,38,-12,39,-11,39,-11,39,-11,39,-11,39,-11,38,-12,37,-12,37,-13,38,-14,38,-15,37,-16,37,-17,37,-18,38,-20,38,-20]"
CSI_DATA,104,5c:01:3b:6b:b0:95,-41,11,1,5,0,1,1,1,0,0,0,-97,1,11,0,15018101,0,86,1,256,1,"[86,-32,4,0,-14,-22,-13,-21,-13,-20,-14,-19,-14,-19,-14,-18,-14,-17,-15,-17,-15,-16,-15,-16,-16,-15,-16,-15,-16,-15,-17,-15,-17,-15,-16,-15,-16,-15,-16,-15,-15,-15,-14,-15,-13,-15,-11,-15,-11,-15,-10,-15,-10,-15,-3,-4,0,0,0,0,0,0,0,0,0,0,0,0,0,0,0,0,0,0,-3,-4,-12,-15,-12,-16,-11,-17,-11,-18,-11,-18,-10,-19,-10,-20,-10,-21,-9,-21,-8,-22,-8,-23,-8,-23,-7,-23,-7,-23,-8,-22,-8,-22,-9,-22,-9,-21,-9,-21,-10,-21,-11,-21,-11,-21,-12,-21,-12,-22,-13,-22,-14,-23,-7,-14,-21,-44,-20,-44,-20,-43,-20,-41,-20,-40,-21,-38,-22,-37,-23,-36,-24,-34,-25,-34,-26,-33,-27,-32,-28,-32,-28,-32,-28,-32,-27,-32,-26,-32,-26,-31,-25,-32,-24,-31,-22,-31,-21,-31,-19,-30,-18,-30,-16,-30,-15,-29,-8,-31,-6,-31,-1,-6,-1,-2,0,0,0,0,0,0,-2,-2,-4,-5,-20,-27,-18,-28,-20,-30,-18,-32,-16,-34,-15,-36,-14,-37,-13,-39,-13,-40,-12,-41,-11,-42,-10,-42,-10,-43,-10,-44,-9,-44,-9,-44,-9,-44,-10,-44,-10,-43,-11,-42,-12,-42,-13,-42,-15,-42,-16,-43,-17,-42,-18,-43,-20,-43,-20,-44]"
CSI_DATA,105,5c:01:3b:6b:b0:95,-39,11,1,6,0,1,1,1,0,0,0,-97,1,11,0,15066259,0,86,1,256,1,"[86,-32,4,0,16,-17,16,-17,15,-17,15,-17,14,-18,13,-18,12,-17,12,-17,11,-18,11,-18,10,-18,10,-18,9,-19,9,-19,10,-19,10,-19,10,-18,10,-17,10,-17,10,-16,11,-16,11,-15,11,-14,11,-12,11,-12,2,-3,0,0,0,0,0,0,0,0,0,0,0,0,0,0,0,0,0,0,2,-4,10,-14,11,-14,12,-14,13,-14,14,-14,15,-14,16,-14,17,-13,18,-13,19,-13,19,-12,19,-12,19,-12,19,-12,19,-12,18,-12,18,-13,17,-13,17,-14,17,-15,17,-15,17,-16,17,-16,17,-16,18,-17,17,-17,9,-11,31,-33,31,-33,30,-33,29,-33,28,-33,27,-33,25,-33,24,-33,22,-34,21,-34,20,-35,19,-35,19,-35,18,-36,18,-36,18,-36,19,-35,19,-35,19,-34,20,-33,20,-31,20,-29,20,-28,21,-26,21,-24,22,-23,23,-21,23,-19,4,-4,1,-1,-1,0,-1,0,-1,0,0,-2,2,-6,13,-30,15,-29,19,-28,21,-27,24,-27,26,-27,27,-27,29,-26,31,-26,32,-26,33,-25,34,-24,35,-24,36,-23,36,-23,36,-23,36,-24,36,-24,35,-25,34,-25,33,-26,33,-28,33,-29,32,-30,32,-31,32,-32,32,-32,32,-33]"
CSI_DATA,106,5c:01:3b:6b:b0:95,-43,11,1,6,0,1,1,1,0,0,0,-97,1,11,0,15116314,0,86,1,256,1,"[86,-32,4,0,-23,8,-23,8,-21,8,-21,8,-20,9,-20,9,-19,9,-18,10,-18,10,-18,11,-17,12,-17,12,-17,12,-17,12,-17,12,-17,12,-17,11,-17,10,-17,10,-17,9,-17,8,-17,8,-16,7,-16,7,-16,6,-4,1,0,0,0,0,0,0,0,0,0,0,0,0,0,0,0,0,0,0,-4,2,-15,8,-16,7,-17,7,-18,7,-19,6,-20,5,-20,5,-21,4,-21,4,-22,3,-22,3,-23,3,-22,3,-22,3,-22,3,-22,3,-22,3,-22,4,-22,4,-22,5,-22,6,-22,6,-22,6,-22,7,-23,8,-23,8,-14,2,-45,9,-45,9,-44,8,-43,8,-41,9,-41,10,-39,10,-38,12,-37,13,-37,14,-36,16,-36,17,-36,17,-36,17,-36,17,-36,17,-36,17,-36,16,-36,15,-35,13,-35,12,-34,11,-33,10,-32,9,-32,7,-31,6,-32,-1,-31,-3,-6,-1,-2,-1,0,-1,0,-1,0,-1,-2,0,-6,2,-30,12,-31,10,-31,11,-33,9,-34,7,-36,6,-37,4,-38,3,-40,2,-40,1,-41,0,-41,0,-42,-1,-42,-1,-42,-2,-42,-2,-42,-2,-42,-2,-42,-1,-41,0,-42,1,-42,2,-42,3,-43,4,-42,6,-43,7,-44,8,-45,9]"
CSI_DATA,107,5c:01:3b:6b:b0:95,-43,11,1,6,0,1,1,1,0,0,0,-97,1,11,0,15171217,0,86,1,256,1,"[86,-32,4,0,18,17,18,16,18,16,18,15,18,14,18,13,18,13,18,12,18,11,19,10,19,10,19,10,19,10,19,10,20,10,20,10,19,11,18,11,18,11,17,11,16,11,15,11,14,12,13,12,13,12,3,3,0,0,0,0,0,0,0,0,0,0,0,0,0,0,0,0,0,0,3,2,15,10,15,11,14,12,15,13,14,14,14,15,14,16,14,17,13,18,13,19,13,19,13,19,13,19,12,19,13,19,13,19,13,18,13,18,14,17,14,17,15,17,16,17,16,17,17,17,18,18,18,18,9,11,31,36,31,36,30,35,30,34,30,33,30,32,31,30,31,29,32,27,33,26,34,24,35,23,35,23,35,23,35,23,35,23,34,23,33,24,32,24,30,25,29,25,27,25,26,25,25,25,23,25,22,26,16,29,14,30,2,5,0,1,-1,-1,-2,-1,-1,-1,1,0,4,3,27,18,26,21,26,22,25,25,25,27,24,29,23,31,23,33,22,35,21,36,21,37,20,38,21,38,21,39,21,39,20,40,20,40,20,39,20,39,21,38,22,37,23,37,24,37,26,37,28,36,30,36,31,36,31,36]"
CSI_DATA,108,5c:01:3b:6b:b0:95,-43,11,1,6,0,1,1,1,0,0,0,-97,1,11,0,15222924,0,86,1,256,1,"[86,-32,4,0,20,-17,19,-17,18,-16,17,-16,17,-17,16,-17,15,-17,14,-17,13,-18,13,-18,13,-18,12,-18,12,-19,12,-19,12,-19,13,-19,13,-18,13,-18,13,-17,13,-16,13,-15,13,-14,13,-14,13,-13,13,-12,3,-3,0,0,0,0,0,0,0,0,0,0,0,0,0,0,0,0,0,0,3,-4,12,-14,13,-14,14,-14,15,-14,16,-14,17,-13,18,-13,19,-12,20,-12,20,-12,21,-12,21,-11,21,-11,21,-11,20,-11,20,-11,20,-12,19,-12,20,-13,20,-13,19,-14,19,-15,19,-15,19,-15,20,-16,20,-17,12,-8,41,-27,40,-26,39,-26,38,-25,37,-25,36,-26,34,-26,33,-27,31,-28,30,-29,29,-30,28,-31,28,-32,28,-32,28,-31,28,-31,29,-31,29,-30,30,-29,30,-28,29,-26,29,-24,29,-23,28,-22,28,-20,28,-18,32,-12,32,-9,5,-2,1,-1,-1,0,-1,0,-1,0,1,-2,4,-5,24,-24,25,-23,26,-24,28,-23,30,-22,32,-20,35,-20,36,-19,38,-18,39,-17,40,-16,41,-16,41,-16,42,-16,42,-15,42,-15,42,-15,42,-15,41,-15,40,-16,40,-17,40,-18,40,-20,40,-21,40,-22,40,-24,41,-25,41,-26]"
CSI_DATA,109,5c:01:3b:6b:b0:95,-44,11,1,7,0,1,1,1,0,0,0,-97,1,11,0,15266280,0,86,1,256,1,"[86,-32,4,0,-24,-14,-23,-13,-23,-12,-22,-11,-23,-11,-22,-10,-22,-9,-22,-8,-22,-8,-22,-7,-23,-6,-23,-6,-23,-6,-23,-6,-23,-6,-23,-6,-23,-7,-22,-7,-21,-7,-20,-8,-20,-8,-19,-8,-18,-9,-17,-9,-17,-10,-5,-3,0,0,0,0,0,0,0,0,0,0,0,0,0,0,0,0,0,0,-5,-2,-18,-7,-19,-8,-19,-10,-19,-11,-19,-12,-19,-13,-19,-14,-19,-15,-19,-16,-19,-16,-19,-17,-19,-17,-19,-17,-18,-17,-18,-17,-19,-17,-19,-16,-19,-16,-20,-15,-20,-15,-21,-14,-21,-14,-21,-14,-22,-14,-23,-14,-24,-14,-14,-9,-45,-26,-44,-26,-44,-26,-43,-25,-42,-24,-42,-22,-41,-21,-41,-20,-41,-18,-42,-16,-42,-14,-43,-13,-44,-12,-44,-12,-44,-12,-43,-12,-43,-13,-42,-13,-41,-14,-39,-15,-38,-16,-37,-16,-35,-17,-34,-17,-33,-18,-31,-19,-28,-22,-26,-23,-5,-5,-2,-2,0,0,1,0,0,0,-2,-1,-7,-2,-34,-10,-34,-12,-35,-15,-35,-17,-35,-20,-35,-22,-35,-24,-35,-26,-35,-28,-34,-30,-34,-32,-34,-32,-34,-33,-35,-34,-34,-34,-34,-34,-34,-34,-35,-33,-35,-32,-35,-31,-36,-31,-37,-30,-38,-30,-39,-29,-40,-28,-41,-27,-43,-27,-44,-27]"
CSI_DATA,110,5c:01:3b:6b:b0:95,-43,11,1,6,0,1,1,1,0,0,0,-97,1,11,0,15318554,0,86,1,256,1,"[86,-32,4,0,17,18,17,17,17,16,16,16,17,15,17,14,17,13,17,13,18,12,18,11,18,11,18,10,18,11,18,11,19,11,19,11,18,11,17,12,16,12,16,12,15,12,14,12,13,12,13,12,12,13,3,3,0,0,0,0,0,0,0,0,0,0,0,0,0,0,0,0,0,0,3,2,15,10,15,11,14,12,14,13,14,14,14,15,14,16,13,17,13,18,13,18,13,19,13,19,13,19,12,19,12,19,12,19,13,19,13,18,13,18,14,18,14,18,15,18,15,17,16,17,17,18,18,18,7,12,27,39,26,39,26,38,25,37,25,35,26,34,26,33,27,32,28,30,28,28,30,27,31,27,31,27,31,27,31,27,30,27,30,27,29,27,28,28,26,28,25,28,23,28,22,27,21,27,19,28,17,28,9,32,7,32,1,5,0,1,-1,-1,-1,-1,-1,-1,1,0,4,3,24,22,23,24,24,23,23,26,22,28,21,30,21,32,20,34,19,36,18,37,17,38,17,39,18,39,17,39,17,40,16,40,16,40,16,40,16,40,17,39,18,38,20,39,21,38,22,38,23,38,25,38,26,38,27,38]"
CSI_DATA,111,5c:01:3b:6b:b0:95,-44,11,1,7,0,1,1,1,0,0,0,-97,1,11,0,15366385,0,86,1,256,1,"[86,-32,4,0,12,-24,11,-23,10,-23,10,-23,9,-23,9,-23,8,-23,7,-22,6,-22,5,-22,5,-23,5,-23,4,-23,4,-23,4,-23,4,-23,5,-23,5,-22,5,-22,6,-21,7,-20,7,-19,8,-19,8,-18,8,-17,2,-5,0,0,0,0,0,0,0,0,0,0,0,0,0,0,0,0,0,0,1,-5,6,-18,7,-18,8,-18,10,-19,11,-19,12,-19,13,-19,13,-19,14,-19,15,-19,16,-19,16,-18,16,-18,16,-18,16,-18,15,-18,14,-19,14,-19,14,-20,14,-20,13,-21,13,-21,13,-21,13,-22,13,-23,13,-24,7,-14,24,-45,24,-44,23,-43,22,-42,20,-42,19,-42,18,-41,16,-42,15,-42,13,-42,11,-42,10,-43,10,-44,10,-44,9,-44,10,-44,11,-43,11,-42,12,-42,13,-41,14,-39,14,-37,15,-36,15,-34,16,-33,17,-31,21,-28,22,-27,4,-5,1,-2,-1,0,-1,1,-1,0,0,-2,1,-6,6,-34,8,-34,12,-34,15,-34,17,-34,20,-35,22,-35,24,-35,26,-35,28,-34,29,-34,29,-34,30,-34,31,-34,31,-34,31,-34,31,-34,30,-34,29,-35,28,-35,28,-36,27,-37,27,-38,26,-39,25,-40,24,-41,25,-43,25,-44]"
CSI_DATA,112,5c:01:3b:6b:b0:95,-42,11,1,5,0,1,1,1,0,0,0,-97,1,11,0,15427415,0,86,1,256,1,"[86,-32,4,0,-25,9,-25,9,-23,9,-23,10,-22,10,-22,11,-21,11,-20,11,-19,12,-19,12,-19,13,-19,13,-19,14,-19,14,-19,13,-19,13,-19,13,-19,12,-19,11,-19,10,-19,10,-18,9,-18,8,-18,7,-18,7,-5,1,0,0,0,0,0,0,0,0,0,0,0,0,0,0,0,0,0,0,-4,2,-17,8,-18,8,-19,7,-20,7,-20,6,-21,5,-22,5,-23,4,-23,4,-24,3,-24,3,-25,3,-24,3,-24,3,-24,3,-24,3,-24,4,-23,4,-23,5,-24,5,-24,6,-24,7,-23,7,-24,8,-25,9,-25,9,-16,2,-49,8,-49,8,-48,8,-46,8,-45,9,-44,9,-43,10,-42,12,-41,13,-40,15,-40,17,-40,18,-40,18,-40,19,-40,19,-40,18,-40,18,-39,17,-39,16,-39,14,-38,12,-37,11,-37,10,-36,9,-35,7,-35,5,-35,-4,-34,-6,-6,-2,-2,-1,0,-1,0,-1,0,-1,-2,0,-6,1,-33,9,-34,7,-34,10,-35,8,-37,6,-39,4,-40,3,-41,1,-43,0,-43,-1,-44,-2,-44,-3,-45,-3,-46,-3,-46,-3,-46,-4,-46,-4,-46,-3,-45,-2,-44,-1,-44,-1,-45,1,-45,2,-46,3,-46,5,-47,6,-48,7,-49,7]"
CSI_DATA,113,5c:01:3b:6b:b0:95,-43,11,1,6,0,1,1,1,0,0,0,-97,1,11,0,15468309,0,86,1,256,1,"[86,-32,4,0,-7,15,-6,15,-6,15,-5,15,-5,15,-5,14,-4,14,-4,14,-3,14,-3,14,-3,14,-2,14,-2,14,-2,14,-2,15,-2,15,-2,14,-3,14,-3,13,-3,13,-4,13,-4,12,-4,12,-5,11,-5,11,-2,2,0,0,0,0,0,0,0,0,0,0,0,0,0,0,0,0,0,0,-1,2,-3,11,-4,11,-5,12,-5,12,-6,12,-7,12,-7,12,-8,12,-8,12,-9,12,-9,12,-10,12,-10,12,-10,12,-9,12,-9,12,-9,12,-8,12,-8,13,-8,13,-8,14,-8,14,-7,14,-7,14,-7,15,-7,15,-5,8,-16,28,-16,28,-15,27,-15,27,-14,26,-13,26,-12,26,-11,26,-10,26,-9,26,-8,26,-7,27,-7,27,-7,27,-7,27,-7,27,-7,27,-8,27,-8,26,-9,25,-10,24,-10,23,-10,22,-11,21,-11,20,-12,19,-16,17,-16,16,-3,2,-1,0,0,-1,0,-1,0,-1,-1,1,-2,3,-7,20,-8,20,-8,21,-10,21,-12,21,-13,21,-14,21,-16,21,-17,22,-18,22,-19,22,-19,21,-20,22,-20,21,-20,21,-20,21,-20,21,-20,21,-20,21,-19,22,-19,22,-18,23,-18,24,-17,25,-17,25,-16,26,-16,27,-16,28]"
CSI_DATA,114,5c:01:3b:6b:b0:95,-43,11,1,7,0,1,1,1,0,0,0,-97,1,11,0,15516301,0,86,1,256,1,"[86,-32,4,0,-14,8,-13,8,-13,8,-12,8,-12,9,-12,9,-11,9,-11,9,-11,9,-10,9,-10,9,-10,10,-10,10,-10,10,-10,10,-10,10,-10,9,-10,9,-10,8,-10,8,-10,7,-10,7,-10,6,-10,5,-10,5,-3,1,0,0,0,0,0,0,0,0,0,0,0,0,0,0,0,0,0,0,-3,1,-9,7,-9,7,-10,7,-11,7,-11,6,-12,6,-12,6,-13,5,-13,5,-14,5,-14,4,-14,4,-14,4,-14,4,-14,5,-14,5,-14,5,-13,5,-13,6,-13,6,-13,6,-13,7,-13,7,-14,7,-14,8,-14,8,-17,10,-52,33,-52,32,-51,31,-49,31,-47,31,-46,31,-44,32,-43,33,-41,34,-39,35,-38,37,-37,38,-37,39,-37,39,-37,40,-37,39,-37,38,-37,37,-38,36,-38,34,-38,32,-38,30,-38,28,-37,26,-37,24,-38,22,-38,20,-38,17,-7,2,-3,0,0,-1,0,-2,0,-1,-2,1,-5,5,-26,31,-28,30,-33,28,-35,27,-38,25,-41,24,-43,23,-46,22,-48,21,-49,20,-50,19,-51,19,-52,18,-53,19,-53,18,-53,18,-53,18,-52,18,-52,19,-51,20,-51,21,-51,22,-51,23,-50,25,-50,26,-50,29,-51,31,-52,32]"
CSI_DATA,115,5c:01:3b:6b:b0:95,-43,11,1,7,0,1,1,1,0,0,0,-97,1,11,0,15566190,0,86,1,256,1,"[86,-32,4,0,17,-19,17,-18,16,-18,16,-18,15,-18,14,-18,14,-18,13,-19,12,-19,11,-19,10,-20,10,-20,10,-20,10,-20,10,-20,10,-20,11,-19,11,-19,11,-18,11,-17,12,-17,12,-16,12,-15,11,-14,12,-14,3,-4,0,0,0,0,0,0,0,0,0,0,0,0,0,0,0,0,0,0,2,-4,11,-14,12,-14,13,-14,14,-14,15,-14,16,-13,17,-13,17,-13,18,-12,19,-12,19,-12,19,-12,20,-12,19,-12,19,-12,19,-13,18,-13,18,-13,18,-14,18,-14,18,-15,18,-16,17,-16,18,-17,18,-18,18,-19,11,-10,37,-32,36,-32,35,-31,34,-31,33,-30,31,-30,30,-30,29,-31,28,-32,26,-33,24,-35,24,-36,23,-37,23,-37,23,-36,23,-36,24,-35,24,-34,25,-33,25,-32,26,-30,25,-29,25,-28,25,-26,25,-25,25,-23,29,-17,30,-15,5,-3,1,-1,-1,0,-1,0,-1,0,0,-2,3,-5,19,-27,21,-26,22,-26,25,-24,27,-23,29,-23,31,-23,33,-22,34,-21,36,-20,37,-20,38,-20,38,-20,39,-20,39,-20,39,-20,39,-20,38,-20,38,-21,37,-21,37,-22,36,-23,37,-24,36,-26,36,-27,36,-29,37,-31,37,-32]"
CSI_DATA,116,5c:01:3b:6b:b0:95,-41,11,1,5,0,1,1,1,0,0,0,-97,1,11,0,15619520,0,86,1,256,1,"[86,-32,4,0,18,-18,18,-18,16,-18,16,-18,15,-18,15,-18,14,-18,13,-19,12,-19,11,-20,11,-20,11,-20,11,-20,11,-20,11,-20,11,-20,11,-19,11,-19,12,-18,12,-17,12,-16,12,-16,12,-15,12,-14,12,-14,3,-4,0,0,0,0,0,0,0,0,0,0,0,0,0,0,0,0,0,0,2,-4,11,-14,12,-14,13,-14,14,-14,15,-14,16,-13,17,-13,18,-12,18,-12,19,-13,19,-13,20,-12,20,-12,20,-12,19,-12,19,-12,19,-13,18,-13,18,-13,18,-14,18,-15,18,-15,18,-16,18,-17,18,-18,18,-18,11,-9,37,-31,37,-30,36,-30,35,-30,34,-30,33,-30,32,-30,30,-31,28,-32,27,-33,25,-35,24,-36,24,-36,24,-36,25,-36,25,-36,26,-35,26,-35,26,-34,26,-32,26,-30,26,-28,26,-27,25,-26,26,-24,26,-22,30,-16,30,-14,5,-3,1,-1,-1,0,-1,0,-1,0,1,-2,3,-5,21,-25,23,-24,23,-25,26,-23,28,-23,30,-22,32,-21,34,-21,36,-20,37,-19,38,-19,38,-19,39,-19,40,-19,40,-19,40,-18,39,-18,39,-19,39,-20,38,-20,38,-21,38,-21,38,-23,38,-25,37,-26,37,-28,37,-29,37,-29]"
CSI_DATA,117,5c:01:3b:6b:b0:95,-42,11,1,6,0,1,1,1,0,0,0,-97,1,11,0,15666302,0,86,1,256,1,"[86,-32,4,0,2,25,2,24,2,23,3,23,3,23,4,22,4,21,5,21,6,21,6,20,6,20,6,20,7,20,7,21,7,21,7,21,7,21,6,20,6,20,5,19,4,19,3,18,2,18,1,18,1,18,0,4,0,0,0,0,0,0,0,0,0,0,0,0,0,0,0,0,0,0,0,4,3,17,2,17,2,18,1,19,0,20,-1,20,-1,21,-2,21,-3,21,-3,22,-4,22,-4,23,-5,22,-5,22,-4,22,-4,22,-3,22,-3,22,-2,22,-1,23,-1,23,0,23,0,23,0,24,1,25,1,25,1,14,3,48,3,47,3,47,3,46,4,45,5,44,6,43,7,42,9,41,11,40,13,40,14,40,14,40,14,40,14,40,14,41,13,40,12,40,11,40,9,39,8,38,7,37,6,36,5,36,3,35,2,34,-1,34,-3,34,-1,6,-1,1,-1,-1,-1,-1,-1,-1,0,1,2,5,13,29,11,30,7,32,5,34,3,35,1,37,-1,38,-3,39,-5,40,-6,41,-7,41,-7,42,-7,43,-7,43,-7,43,-7,43,-8,43,-8,43,-7,43,-6,43,-5,43,-4,43,-3,44,-1,44,1,45,2,46,3,47,4,48]"
CSI_DATA,118,5c:01:3b:6b:b0:95,-38,11,1,6,0,1,1,1,0,0,0,-97,1,11,0,15716235,0,86,1,256,1,"[86,-32,4,0,-14,-18,-14,-18,-14,-17,-14,-17,-14,-16,-14,-16,-14,-15,-15,-14,-15,-14,-15,-14,-15,-13,-15,-13,-16,-13,-16,-13,-16,-14,-16,-14,-16,-14,-15,-14,-14,-14,-14,-14,-12,-14,-11,-14,-11,-14,-10,-14,-9,-14,-3,-4,0,0,0,0,0,0,0,0,0,0,0,0,0,0,0,0,0,0,-3,-3,-12,-12,-12,-12,-12,-13,-12,-14,-12,-15,-11,-16,-11,-17,-11,-17,-10,-18,-10,-18,-10,-19,-9,-20,-9,-20,-9,-19,-9,-19,-10,-19,-10,-18,-10,-18,-11,-18,-11,-18,-12,-18,-12,-18,-12,-18,-13,-19,-13,-19,-14,-20,-7,-13,-22,-38,-21,-37,-21,-36,-21,-36,-21,-35,-22,-34,-22,-33,-23,-32,-23,-30,-24,-29,-25,-29,-26,-28,-27,-29,-27,-29,-26,-28,-26,-28,-25,-29,-24,-29,-23,-29,-22,-29,-20,-29,-19,-28,-18,-28,-17,-28,-15,-28,-14,-28,-7,-29,-5,-29,-1,-6,-1,-2,-1,0,0,0,0,0,-2,-2,-4,-4,-21,-22,-19,-23,-20,-24,-19,-26,-18,-28,-17,-30,-16,-32,-15,-33,-15,-34,-14,-35,-13,-36,-13,-36,-13,-37,-13,-38,-13,-38,-12,-38,-12,-38,-13,-38,-13,-37,-13,-36,-14,-36,-15,-37,-16,-37,-17,-37,-19,-36,-20,-37,-21,-37,-21,-38]"
CSI_DATA,119,5c:01:3b:6b:b0:95,-42,11,1,6,0,1,1,1,0,0,0,-97,1,11,0,15766191,0,86,1,256,1,"[86,-32,4,0,19,17,19,16,19,15,19,14,19,14,19,13,19,12,19,11,19,11,20,10,20,10,20,9,20,9,20,9,21,10,21,10,20,10,20,10,19,10,18,11,17,11,16,11,15,11,14,12,14,12,3,3,0,0,0,0,0,0,0,0,0,0,0,0,0,0,0,0,0,0,3,2,14,10,14,11,14,12,14,13,14,14,14,15,14,16,14,16,14,17,13,18,13,19,13,19,13,19,13,19,13,19,13,19,14,18,14,17,15,17,16,17,16,16,17,16,17,16,18,17,19,17,19,17,9,11,33,36,32,36,32,35,32,34,32,33,32,32,33,30,33,29,33,27,34,26,35,25,35,24,36,24,36,24,36,23,36,24,36,24,35,24,34,24,32,25,31,25,29,25,27,25,26,26,24,26,22,27,15,31,13,32,2,5,0,1,-1,-1,-1,-1,-1,-1,1,0,4,3,26,20,25,22,25,22,25,24,24,26,24,28,24,30,23,32,23,34,22,35,21,37,21,38,21,39,20,39,20,39,20,39,20,39,21,39,21,38,22,37,24,37,25,36,26,36,28,36,29,36,30,36,30,36,31,36]"
CSI_DATA,120,5c:01:3b:6b:b0:95,-42,11,1,6,0,1,1,1,0,0,0,-97,1,11,0,15818733,0,86,1,256,1,"[86,-32,4,0,-27,-5,-26,-4,-25,-4,-25,-3,-25,-2,-24,-2,-24,-1,-23,-1,-23,0,-23,1,-23,1,-23,2,-24,2,-24,2,-24,2,-24,2,-23,1,-23,0,-22,0,-22,-1,-21,-2,-21,-2,-20,-3,-19,-4,-19,-4,-5,-1,0,0,0,0,0,0,0,0,0,0,0,0,0,0,0,0,0,0,-5,0,-19,-1,-19,-2,-20,-3,-21,-4,-21,-4,-21,-5,-22,-6,-22,-7,-22,-8,-22,-9,-23,-9,-23,-9,-22,-9,-22,-9,-22,-9,-23,-9,-22,-8,-22,-8,-23,-7,-23,-7,-24,-6,-24,-6,-24,-5,-25,-5,-26,-5,-26,-5,-15,-5,-49,-13,-49,-13,-48,-13,-47,-12,-46,-11,-46,-10,-45,-8,-45,-7,-44,-5,-44,-4,-44,-2,-44,-1,-45,-1,-45,0,-45,0,-45,-1,-44,-1,-44,-2,-44,-3,-42,-4,-41,-6,-39,-6,-38,-7,-37,-8,-36,-9,-35,-11,-32,-16,-31,-18,-6,-4,-2,-2,0,0,1,-1,0,0,-2,0,-7,0,-34,-1,-34,-3,-35,-4,-36,-7,-37,-9,-37,-11,-38,-13,-39,-15,-39,-17,-39,-18,-39,-19,-39,-20,-40,-21,-41,-21,-40,-22,-40,-22,-41,-22,-41,-21,-40,-21,-41,-20,-42,-19,-43,-18,-43,-17,-44,-16,-45,-15,-46,-14,-48,-13,-48,-13]"
CSI_DATA,121,5c:01:3b:6b:b0:95,-43,11,1,7,0,1,1,1,0,0,0,-97,1,11,0,15866254,0,86,1,256,1,"[86,-32,4,0,14,-23,13,-23,12,-23,12,-22,11,-23,10,-23,9,-23,8,-23,8,-22,8,-23,7,-23,7,-23,7,-23,6,-23,6,-23,7,-23,7,-23,7,-22,7,-22,8,-21,9,-20,9,-19,10,-18,10,-17,10,-17,2,-4,0,0,0,0,0,0,0,0,0,0,0,0,0,0,0,0,0,0,1,-5,7,-18,8,-18,9,-18,10,-18,12,-18,12,-18,13,-19,14,-19,15,-18,16,-18,17,-18,17,-18,17,-17,17,-17,17,-18,16,-18,15,-18,15,-18,15,-19,15,-20,14,-21,14,-21,14,-21,15,-22,15,-23,14,-23,9,-14,29,-44,29,-43,28,-42,27,-41,26,-41,24,-41,23,-41,22,-41,20,-41,18,-42,16,-43,16,-43,15,-44,15,-44,15,-44,15,-44,16,-43,17,-42,17,-42,18,-40,19,-39,19,-37,19,-35,20,-34,21,-32,22,-30,26,-26,27,-24,4,-5,1,-2,-1,0,-1,0,-1,0,0,-2,1,-6,11,-33,14,-32,15,-33,18,-33,20,-33,23,-33,25,-33,27,-33,29,-32,31,-32,32,-32,33,-31,33,-32,34,-32,34,-32,35,-32,35,-32,34,-32,33,-32,32,-33,31,-34,31,-35,30,-36,30,-37,29,-38,29,-40,30,-41,30,-43]"
CSI_DATA,122,5c:01:3b:6b:b0:95,-42,11,1,6,0,1,1,1,0,0,0,-97,1,11,0,15918226,0,86,1,256,1,"[86,-32,4,0,-23,14,-22,14,-21,14,-20,14,-20,14,-19,15,-18,15,-17,15,-17,16,-16,16,-16,17,-16,17,-16,17,-16,17,-16,17,-16,17,-16,16,-16,16,-16,15,-16,14,-17,13,-17,12,-16,11,-16,10,-16,10,-4,2,0,0,0,0,0,0,0,0,0,0,0,0,0,0,0,0,0,0,-4,3,-14,12,-15,11,-16,11,-18,11,-18,10,-19,10,-20,10,-21,9,-22,9,-22,9,-23,9,-23,8,-23,8,-23,8,-23,8,-23,8,-22,9,-22,9,-22,10,-22,11,-22,11,-22,12,-22,12,-22,13,-23,14,-22,14,-15,5,-46,20,-46,19,-45,19,-44,19,-42,19,-41,20,-40,21,-39,22,-37,23,-36,24,-36,25,-35,26,-35,27,-36,27,-35,27,-35,26,-35,26,-35,25,-36,24,-35,23,-35,21,-34,19,-34,17,-34,16,-34,14,-33,12,-36,4,-35,2,-7,0,-2,-1,0,-1,0,-1,0,-1,-2,1,-5,3,-29,17,-30,15,-30,17,-32,16,-34,15,-36,13,-38,13,-39,12,-41,11,-42,10,-43,9,-43,9,-44,8,-45,8,-45,7,-45,7,-45,7,-45,8,-44,8,-43,9,-43,11,-44,12,-44,13,-44,15,-44,16,-45,18,-46,19,-46,19]"
CSI_DATA,123,5c:01:3b:6b:b0:95,-38,11,1,6,0,1,1,1,0,0,0,-97,1,11,0,15967878,0,86,1,256,1,"[86,-32,4,0,-27,-2,-26,-2,-25,-2,-24,-1,-24,0,-24,0,-24,0,-23,1,-22,2,-23,3,-22,4,-23,4,-23,4,-23,4,-23,4,-23,4,-23,3,-22,2,-22,2,-21,1,-21,0,-20,0,-20,0,-19,-1,-19,-2,-5,-1,0,0,0,0,0,0,0,0,0,0,0,0,0,0,0,0,0,0,-5,0,-19,0,-20,-1,-20,-2,-21,-3,-21,-4,-22,-4,-22,-5,-22,-6,-22,-7,-22,-7,-23,-8,-23,-8,-23,-8,-23,-8,-23,-8,-23,-8,-23,-7,-23,-7,-23,-6,-24,-5,-24,-5,-24,-4,-24,-4,-25,-3,-26,-3,-27,-3,-15,-4,-48,-11,-48,-11,-47,-11,-46,-10,-45,-9,-45,-8,-44,-7,-44,-5,-43,-4,-43,-2,-43,0,-43,1,-44,2,-44,2,-43,2,-43,2,-43,1,-42,0,-42,-1,-41,-3,-40,-4,-38,-4,-37,-5,-36,-6,-35,-7,-34,-9,-30,-16,-28,-17,-5,-4,-2,-2,0,0,0,-1,0,0,-2,0,-6,0,-33,0,-34,-3,-35,-3,-36,-6,-37,-8,-37,-10,-38,-12,-38,-14,-39,-15,-40,-17,-40,-18,-40,-18,-41,-19,-41,-19,-40,-20,-40,-20,-41,-20,-41,-20,-41,-19,-41,-18,-41,-17,-42,-16,-43,-15,-44,-14,-44,-12,-46,-11,-48,-11,-48,-11]"
CSI_DATA,124,5c:01:3b:6b:b0:95,-43,11,1,7,0,1,1,1,0,0,0,-97,1,11,0,16016267,0,86,1,256,1,"[86,-32,4,0,-16,-8,-16,-8,-15,-8,-15,-7,-15,-7,-15,-6,-15,-6,-15,-5,-15,-5,-15,-4,-15,-4,-15,-3,-16,-3,-16,-3,-16,-4,-16,-3,-15,-4,-15,-4,-14,-5,-14,-5,-13,-5,-13,-5,-12,-5,-12,-5,-12,-6,-3,-2,0,0,0,0,0,0,0,0,0,0,0,0,0,0,0,0,0,0,-3,-2,-12,-5,-12,-6,-12,-7,-12,-8,-12,-8,-12,-9,-12,-9,-12,-10,-12,-10,-12,-11,-12,-11,-12,-11,-12,-11,-12,-11,-12,-11,-12,-11,-12,-10,-12,-10,-13,-10,-13,-10,-13,-9,-14,-9,-14,-9,-15,-9,-15,-9,-16,-9,-18,-11,-58,-35,-58,-35,-57,-34,-56,-32,-55,-31,-55,-29,-54,-28,-54,-26,-54,-23,-55,-21,-56,-18,-57,-16,-58,-15,-58,-15,-58,-16,-58,-16,-57,-17,-56,-17,-54,-19,-53,-20,-51,-21,-49,-22,-47,-22,-46,-22,-44,-23,-42,-25,-36,-30,-33,-32,-6,-6,-2,-2,0,0,1,0,0,0,-3,-1,-8,-3,-42,-14,-42,-17,-43,-20,-42,-24,-42,-27,-43,-30,-43,-33,-43,-35,-42,-38,-42,-40,-42,-42,-41,-42,-42,-43,-43,-44,-43,-44,-42,-44,-43,-44,-43,-43,-43,-42,-44,-41,-45,-41,-46,-40,-48,-39,-50,-38,-51,-36,-54,-35,-55,-35,-57,-36]"
CSI_DATA,125,5c:01:3b:6b:b0:95,-42,11,1,6,0,1,1,1,0,0,0,-97,1,11,0,16068069,0,86,1,256,1,"[86,-32,4,0,-1,-27,-1,-27,-1,-25,-2,-25,-2,-25,-3,-24,-3,-24,-5,-23,-6,-23,-6,-23,-7,-23,-7,-23,-7,-23,-7,-23,-7,-23,-7,-23,-7,-23,-6,-23,-5,-22,-4,-22,-3,-21,-3,-20,-3,-20,-2,-20,-1,-20,-1,-5,0,0,0,0,0,0,0,0,0,0,0,0,0,0,0,0,0,0,-1,-5,-3,-19,-2,-19,-1,-20,0,-21,1,-21,2,-22,2,-22,3,-23,4,-23,4,-23,4,-24,4,-24,5,-24,5,-24,5,-24,4,-24,4,-23,3,-23,3,-24,3,-24,2,-25,2,-25,1,-25,0,-25,0,-27,-1,-27,3,-15,9,-49,9,-49,8,-48,8,-47,7,-45,6,-45,4,-44,3,-44,1,-44,-1,-43,-2,-44,-3,-44,-4,-44,-4,-44,-4,-44,-3,-44,-2,-43,-2,-43,0,-43,1,-42,2,-40,3,-39,3,-38,4,-37,5,-36,7,-35,17,-31,19,-29,3,-6,1,-2,-1,0,-1,0,-1,0,-1,-2,0,-6,2,-34,4,-34,1,-35,4,-36,6,-37,8,-38,10,-38,12,-39,14,-39,15,-40,17,-40,17,-40,17,-41,18,-41,18,-41,18,-41,18,-41,18,-41,17,-41,16,-41,15,-42,14,-43,13,-43,12,-44,11,-45,10,-47,10,-48,9,-49]"
CSI_DATA,126,5c:01:3b:6b:b0:95,-39,11,1,7,0,1,1,1,0,0,0,-97,1,11,0,16116291,0,86,1,256,1,"[86,-32,4,0,-13,-21,-13,-20,-13,-19,-13,-19,-13,-18,-13,-17,-13,-17,-14,-16,-14,-15,-14,-15,-15,-15,-15,-15,-16,-15,-16,-14,-16,-14,-15,-15,-15,-15,-14,-15,-13,-15,-13,-15,-12,-15,-11,-15,-10,-15,-10,-15,-9,-15,-3,-4,0,0,0,0,0,0,0,0,0,0,0,0,0,0,0,0,0,0,-3,-4,-11,-13,-11,-14,-11,-15,-10,-16,-10,-17,-9,-18,-9,-18,-8,-19,-8,-20,-8,-20,-8,-21,-7,-21,-7,-21,-7,-21,-7,-20,-8,-21,-8,-20,-9,-20,-9,-20,-9,-20,-10,-20,-10,-20,-10,-20,-11,-20,-12,-21,-12,-21,-8,-12,-25,-39,-24,-39,-24,-38,-24,-37,-23,-35,-24,-34,-24,-33,-25,-32,-26,-31,-27,-29,-28,-28,-29,-27,-29,-27,-29,-27,-29,-27,-29,-27,-28,-28,-27,-28,-26,-29,-25,-29,-24,-29,-22,-28,-21,-28,-20,-27,-18,-27,-16,-28,-13,-29,-11,-29,-2,-6,-1,-2,0,0,0,0,0,0,-2,-1,-5,-4,-23,-20,-22,-22,-21,-25,-20,-27,-19,-29,-18,-31,-17,-33,-16,-34,-15,-35,-14,-37,-14,-38,-14,-38,-14,-39,-14,-39,-14,-39,-13,-39,-13,-39,-14,-39,-14,-39,-15,-38,-16,-38,-17,-38,-18,-38,-19,-38,-20,-37,-22,-38,-23,-39,-23,-40]"
CSI_DATA,127,5c:01:3b:6b:b0:95,-42,11,1,6,0,1,1,1,0,0,0,-97,1,11,0,16167926,0,86,1,256,1,"[86,-32,4,0,26,-1,26,-1,25,-2,24,-2,24,-3,23,-3,23,-4,22,-5,22,-5,22,-6,22,-7,22,-7,22,-7,22,-7,22,-7,22,-7,22,-6,21,-6,21,-5,21,-4,20,-4,20,-3,19,-2,19,-1,18,-1,4,-1,0,0,0,0,0,0,0,0,0,0,0,0,0,0,0,0,0,0,4,-1,18,-3,18,-2,19,-1,20,0,20,1,21,1,21,2,22,3,22,4,23,5,23,5,23,5,23,5,23,5,23,5,23,4,22,4,22,3,23,3,23,2,24,1,24,1,24,1,25,0,26,0,26,0,15,2,50,5,49,5,48,5,47,5,46,3,45,2,45,1,44,-1,43,-2,43,-4,43,-6,43,-7,43,-7,44,-7,43,-7,43,-7,43,-6,42,-6,42,-4,41,-3,40,-2,38,-1,37,0,36,1,35,3,34,4,32,12,31,14,5,2,1,0,-1,-1,-2,0,-1,-1,1,-1,5,-1,33,-4,33,-2,34,-1,35,1,36,3,37,5,38,7,39,9,40,11,40,12,41,13,41,14,41,14,42,15,42,15,42,16,42,15,42,15,42,14,42,13,42,12,43,11,44,10,45,9,46,8,47,7,48,6,49,5]"
CSI_DATA,128,5c:01:3b:6b:b0:95,-43,11,1,7,0,1,1,1,0,0,0,-97,1,11,0,16216382,0,86,1,256,1,"[86,-32,4,0,1,-25,1,-24,0,-24,0,-23,0,-23,-1,-23,-1,-22,-2,-22,-3,-21,-4,-21,-4,-21,-4,-21,-4,-21,-4,-21,-4,-21,-4,-21,-4,-21,-3,-21,-3,-21,-2,-20,-1,-19,0,-19,0,-19,1,-18,1,-18,0,-5,0,0,0,0,0,0,0,0,0,0,0,0,0,0,0,0,0,0,-1,-5,-2,-17,-1,-18,-1,-19,0,-19,1,-20,2,-20,3,-21,4,-21,4,-21,5,-21,5,-22,5,-22,6,-22,5,-22,5,-21,5,-21,4,-21,4,-21,4,-22,4,-22,3,-23,3,-23,2,-23,2,-23,2,-25,1,-26,2,-15,7,-46,7,-46,7,-45,6,-44,6,-43,5,-42,4,-41,3,-41,2,-41,0,-41,-2,-41,-3,-41,-4,-41,-4,-42,-4,-41,-4,-41,-3,-41,-2,-40,-1,-40,0,-39,2,-38,3,-37,3,-36,4,-35,5,-33,7,-32,13,-30,14,-29,2,-5,0,-2,-1,0,0,0,-1,0,-1,-2,-1,-6,-1,-31,1,-32,0,-33,2,-34,4,-35,6,-36,7,-36,9,-37,11,-37,12,-38,14,-38,14,-38,15,-39,15,-39,15,-39,16,-39,15,-39,15,-39,14,-39,13,-39,13,-39,12,-40,11,-41,11,-42,9,-42,9,-44,8,-45,8,-46]"
CSI_DATA,129,5c:01:3b:6b:b0:95,-38,11,1,6,0,1,1,1,0,0,0,-97,1,11,0,16267972,0,86,1,256,1,"[86,-32,4,0,21,7,21,7,21,6,20,5,21,4,20,4,20,3,19,3,20,2,20,1,20,1,20,1,20,1,20,1,20,1,20,1,20,2,20,2,19,2,18,3,17,3,16,4,16,4,15,5,15,5,3,1,0,0,0,0,0,0,0,0,0,0,0,0,0,0,0,0,0,0,4,0,16,2,16,3,17,4,17,5,17,6,18,7,18,8,18,8,18,9,18,10,18,10,18,11,18,11,18,11,18,10,18,10,18,10,18,9,19,9,19,8,20,8,20,7,19,7,20,7,21,8,22,7,12,5,40,18,40,17,39,16,38,16,38,15,38,13,38,12,37,11,37,10,37,8,38,7,38,6,39,6,38,6,38,6,37,6,38,7,37,7,36,8,35,9,33,10,32,10,31,11,30,11,29,12,27,13,24,18,23,19,3,3,0,1,-1,-1,-1,-1,-1,-1,1,0,5,0,29,4,29,6,30,7,30,9,30,12,31,14,31,16,31,17,31,19,31,21,31,22,31,22,32,23,32,23,32,23,32,24,32,24,33,23,32,23,32,22,33,21,34,20,35,20,36,19,37,18,38,18,39,18,40,17]"
CSI_DATA,130,5c:01:3b:6b:b0:95,-38,11,1,6,0,1,1,1,0,0,0,-97,1,11,0,16319839,0,86,1,256,1,"[86,-32,4,0,20,11,20,10,20,10,20,9,20,8,19,8,19,7,19,6,19,6,19,5,19,5,19,4,20,4,20,5,20,5,20,5,20,5,19,5,18,6,18,6,17,6,16,7,15,7,15,8,14,8,3,2,0,0,0,0,0,0,0,0,0,0,0,0,0,0,0,0,0,0,3,1,15,5,15,6,15,8,16,9,16,9,16,10,16,11,16,12,16,12,16,13,16,14,16,14,16,14,16,14,16,14,16,14,16,13,16,13,17,12,17,12,18,12,18,11,18,11,19,11,20,11,21,11,11,7,38,24,37,23,36,23,36,22,36,21,36,20,36,19,36,17,35,15,36,14,36,13,37,12,37,11,37,12,37,12,37,12,36,13,36,13,35,14,34,14,32,14,31,14,30,15,29,15,27,16,25,17,22,20,20,22,3,4,0,1,-1,-1,-1,-1,-1,-1,1,0,5,1,28,8,28,10,28,12,28,15,28,17,28,20,29,21,29,23,28,25,28,26,28,27,28,28,29,28,29,28,28,29,28,29,28,29,28,29,28,28,29,27,30,27,31,27,32,26,33,25,34,24,36,24,37,24,38,23]"
CSI_DATA,131,5c:01:3b:6b:b0:95,-41,11,1,6,0,1,1,1,0,0,0,-97,1,11,0,16366336,0,86,1,256,1,"[86,-32,4,0,12,-22,12,-22,11,-21,10,-21,10,-21,9,-21,9,-21,7,-21,6,-21,6,-21,6,-21,6,-22,6,-22,6,-22,6,-22,6,-21,6,-21,6,-21,6,-20,7,-19,8,-18,8,-17,8,-17,8,-16,9,-16,2,-4,0,0,0,0,0,0,0,0,0,0,0,0,0,0,0,0,0,0,1,-4,6,-16,7,-16,8,-17,9,-17,10,-17,11,-17,12,-17,13,-17,13,-17,14,-16,15,-17,15,-17,15,-17,16,-17,15,-17,15,-17,14,-17,14,-17,14,-18,13,-19,13,-19,13,-19,12,-19,13,-20,13,-22,13,-23,9,-12,28,-38,28,-38,28,-37,27,-36,25,-36,24,-36,23,-36,22,-36,21,-37,19,-37,17,-38,16,-39,16,-40,16,-40,16,-39,16,-39,16,-39,17,-38,18,-37,19,-36,19,-34,19,-32,19,-31,19,-30,20,-28,21,-27,26,-22,26,-20,4,-4,1,-1,-1,0,-1,0,-1,0,0,-2,2,-6,14,-29,16,-28,16,-29,18,-29,21,-29,23,-28,25,-28,26,-28,28,-28,30,-27,31,-27,32,-27,32,-27,33,-28,33,-27,33,-27,33,-27,33,-28,32,-28,31,-28,31,-29,31,-30,30,-31,30,-33,29,-34,29,-35,29,-37,30,-38]"
CSI_DATA,132,5c:01:3b:6b:b0:95,-42,11,1,6,0,1,1,1,0,0,0,-97,1,11,0,16416258,0,86,1,256,1,"[86,-32,4,0,23,-10,22,-10,21,-10,21,-10,20,-11,20,-11,19,-11,18,-12,18,-12,18,-13,17,-13,17,-14,17,-14,17,-14,17,-14,17,-14,17,-13,17,-12,17,-11,17,-11,17,-10,16,-10,16,-9,16,-8,16,-7,4,-2,0,0,0,0,0,0,0,0,0,0,0,0,0,0,0,0,0,0,3,-3,15,-9,15,-8,16,-8,17,-7,18,-7,19,-6,20,-6,20,-5,21,-4,21,-4,22,-4,22,-3,22,-3,22,-4,22,-4,22,-4,21,-5,21,-5,21,-6,21,-6,22,-7,22,-7,21,-8,22,-9,23,-9,23,-9,14,-5,45,-16,45,-15,44,-15,43,-15,42,-16,41,-16,40,-17,39,-18,37,-19,36,-21,35,-22,35,-23,35,-24,35,-24,35,-24,35,-24,35,-23,35,-22,36,-21,35,-19,35,-17,34,-16,33,-15,33,-14,32,-12,32,-10,33,-4,32,-2,5,-1,1,0,-1,-1,-1,0,-1,0,1,-2,4,-4,26,-17,27,-16,29,-15,31,-14,33,-12,35,-11,36,-10,38,-9,39,-7,40,-6,41,-5,41,-5,42,-4,43,-4,42,-4,43,-4,43,-4,43,-4,42,-5,42,-6,42,-7,42,-8,43,-9,43,-10,43,-12,44,-13,45,-14,45,-14]"
CSI_DATA,133,5c:01:3b:6b:b0:95,-41,11,1,6,0,1,1,1,0,0,0,-97,1,11,0,16466261,0,86,1,256,1,"[86,-32,4,0,22,10,22,10,21,9,21,8,21,7,21,7,21,6,21,5,21,4,21,3,21,3,21,3,22,3,22,3,22,3,22,3,21,3,21,4,20,4,19,5,19,5,18,5,17,5,17,6,16,7,4,1,0,0,0,0,0,0,0,0,0,0,0,0,0,0,0,0,0,0,4,1,16,6,16,7,16,8,16,9,17,10,17,11,17,12,17,12,17,13,17,14,17,14,17,14,17,14,17,14,17,14,17,14,17,13,17,13,18,12,19,12,19,12,20,11,20,11,21,11,22,11,23,11,13,7,43,22,42,22,41,21,40,20,40,19,40,18,39,17,39,15,39,13,39,11,40,9,41,8,42,8,42,8,41,8,41,8,41,9,40,9,39,10,38,11,36,12,35,12,34,13,33,13,31,14,30,15,27,19,26,21,4,4,1,1,-1,-1,-2,-1,-1,-1,1,0,5,0,31,6,30,9,30,12,30,14,31,17,30,19,31,21,31,23,31,25,30,26,30,27,30,28,31,28,32,28,32,28,32,29,32,29,32,29,32,28,32,27,33,27,34,26,35,25,36,24,38,23,40,22,41,22,42,22]"
CSI_DATA,134,5c:01:3b:6b:b0:95,-41,11,1,6,0,1,1,1,0,0,0,-97,1,11,0,16516284,0,86,1,256,1,"[86,-32,4,0,-26,-4,-25,-4,-24,-3,-24,-3,-24,-2,-24,-1,-23,0,-23,0,-23,1,-23,1,-22,2,-22,2,-22,3,-22,3,-23,3,-23,3,-23,2,-22,2,-22,1,-21,1,-20,0,-20,0,-19,-1,-19,-2,-18,-3,-5,-1,0,0,0,0,0,0,0,0,0,0,0,0,0,0,0,0,0,0,-5,-1,-18,-2,-18,-3,-19,-4,-19,-5,-20,-6,-20,-7,-21,-7,-21,-8,-21,-9,-21,-10,-21,-11,-21,-11,-21,-11,-21,-10,-21,-10,-21,-9,-22,-9,-22,-8,-22,-8,-23,-7,-23,-6,-23,-6,-24,-6,-24,-6,-25,-6,-25,-5,-15,-5,-46,-15,-46,-15,-45,-15,-44,-14,-44,-13,-43,-11,-43,-10,-43,-8,-42,-7,-42,-5,-42,-4,-42,-3,-43,-2,-43,-2,-42,-1,-43,-1,-42,-2,-42,-2,-41,-3,-40,-4,-39,-5,-37,-6,-36,-7,-35,-8,-34,-9,-32,-10,-29,-18,-27,-20,-5,-4,-2,-2,0,0,1,0,0,0,-2,-1,-6,-2,-32,-8,-32,-10,-33,-9,-33,-11,-34,-13,-34,-15,-35,-17,-35,-19,-36,-20,-36,-21,-36,-23,-36,-24,-37,-25,-37,-25,-36,-25,-36,-25,-36,-24,-37,-24,-37,-23,-37,-22,-38,-21,-39,-20,-40,-19,-41,-18,-42,-17,-44,-17,-45,-16,-45,-16]"
CSI_DATA,135,5c:01:3b:6b:b0:95,-38,11,1,6,0,1,1,1,0,0,0,-97,1,11,0,16566898,0,86,1,256,1,"[86,-32,4,0,20,-13,20,-13,19,-13,18,-13,18,-13,17,-14,17,-14,16,-14,15,-15,15,-16,14,-16,14,-16,14,-16,14,-16,14,-16,15,-16,15,-15,15,-14,15,-13,15,-12,14,-12,15,-11,15,-10,14,-10,14,-9,3,-2,0,0,0,0,0,0,0,0,0,0,0,0,0,0,0,0,0,0,3,-3,12,-12,13,-12,14,-11,15,-11,16,-11,17,-10,18,-10,19,-9,19,-8,20,-8,20,-8,20,-8,21,-8,21,-8,20,-8,20,-8,20,-9,19,-9,19,-10,19,-10,19,-11,20,-11,19,-11,20,-12,21,-13,21,-13,12,-7,40,-22,40,-22,39,-21,38,-21,37,-21,36,-21,35,-22,34,-23,33,-24,31,-25,31,-26,30,-27,30,-27,30,-28,30,-28,30,-27,30,-27,30,-26,31,-25,31,-23,30,-21,29,-20,29,-19,29,-17,28,-16,28,-14,30,-10,30,-8,5,-2,1,-1,-1,0,-1,0,-1,0,1,-2,4,-4,24,-20,25,-19,26,-19,28,-18,30,-17,32,-16,33,-15,35,-15,36,-13,37,-12,38,-11,39,-11,39,-11,40,-11,40,-11,41,-10,41,-11,41,-11,40,-12,39,-12,39,-13,39,-14,39,-15,39,-16,39,-18,39,-19,41,-20,41,-21]"
CSI_DATA,136,5c:01:3b:6b:b0:95,-41,11,1,6,0,1,1,1,0,0,0,-97,1,11,0,16618208,0,86,1,256,1,"[86,-32,4,0,10,-23,10,-23,9,-22,9,-22,8,-22,8,-22,7,-21,6,-21,5,-22,4,-22,4,-22,4,-22,4,-22,4,-22,4,-22,4,-22,4,-22,5,-21,5,-21,6,-20,6,-19,7,-18,7,-18,7,-17,8,-16,2,-4,0,0,0,0,0,0,0,0,0,0,0,0,0,0,0,0,0,0,1,-5,4,-17,5,-17,6,-18,7,-18,8,-18,9,-18,10,-18,11,-18,12,-18,12,-18,13,-19,13,-19,13,-18,13,-18,13,-18,13,-18,12,-18,12,-19,12,-19,12,-20,11,-20,11,-20,11,-21,11,-22,11,-23,10,-23,8,-13,25,-40,25,-40,24,-39,24,-39,22,-38,21,-38,20,-38,19,-38,17,-38,15,-39,14,-40,13,-40,12,-41,13,-40,13,-40,14,-40,14,-39,14,-39,15,-38,16,-37,17,-35,17,-33,17,-32,17,-31,18,-29,19,-28,25,-23,26,-21,4,-4,1,-1,-1,0,-1,0,-1,0,0,-2,1,-6,10,-30,12,-30,13,-31,15,-31,17,-31,20,-31,21,-31,23,-31,25,-31,27,-30,28,-30,28,-31,29,-31,29,-32,29,-31,30,-31,30,-31,30,-31,29,-31,28,-31,28,-32,27,-33,27,-34,26,-35,25,-36,25,-38,25,-40,25,-40]"
CSI_DATA,137,5c:01:3b:6b:b0:95,-42,11,1,7,0,1,1,1,0,0,0,-97,1,11,0,16666226,0,86,1,256,1,"[86,-32,4,0,-26,-2,-25,-2,-24,-1,-24,-1,-24,0,-23,1,-23,1,-22,2,-22,2,-22,3,-22,3,-22,4,-23,4,-22,4,-22,4,-22,4,-22,3,-22,3,-21,2,-21,1,-20,0,-20,0,-19,-1,-19,-2,-19,-2,-5,-1,0,0,0,0,0,0,0,0,0,0,0,0,0,0,0,0,0,0,-5,0,-18,1,-19,0,-19,-1,-20,-2,-20,-3,-21,-3,-21,-4,-22,-5,-22,-5,-22,-6,-22,-7,-23,-7,-22,-7,-22,-7,-22,-7,-22,-6,-22,-6,-22,-5,-23,-5,-23,-4,-23,-3,-24,-3,-24,-3,-25,-3,-26,-2,-26,-2,-15,-3,-49,-7,-48,-7,-47,-7,-46,-6,-45,-5,-45,-4,-43,-3,-43,-2,-42,0,-42,1,-42,3,-43,4,-44,5,-44,5,-43,4,-43,4,-42,4,-42,3,-42,2,-41,1,-40,-1,-38,-2,-37,-3,-36,-3,-35,-5,-34,-6,-32,-11,-31,-14,-6,-3,-2,-1,0,0,0,-1,0,0,-2,0,-6,0,-32,3,-33,1,-34,0,-35,-2,-36,-5,-37,-7,-38,-9,-38,-10,-39,-12,-40,-13,-40,-14,-40,-15,-41,-15,-41,-15,-41,-16,-41,-16,-41,-16,-41,-16,-41,-15,-41,-14,-42,-13,-42,-12,-43,-11,-44,-10,-44,-9,-46,-8,-47,-7,-49,-7]"
CSI_DATA,138,5c:01:3b:6b:b0:95,-42,11,1,7,0,1,1,1,0,0,0,-97,1,11,0,16716240,0,86,1,256,1,"[86,-32,4,0,-22,-15,-21,-15,-21,-13,-20,-13,-21,-12,-20,-11,-20,-10,-21,-10,-21,-9,-21,-8,-21,-8,-22,-8,-22,-8,-22,-8,-22,-8,-22,-8,-21,-8,-21,-9,-20,-9,-19,-10,-18,-10,-17,-10,-17,-10,-16,-11,-16,-11,-4,-3,0,0,0,0,0,0,0,0,0,0,0,0,0,0,0,0,0,0,-4,-2,-16,-8,-16,-9,-16,-11,-17,-12,-17,-12,-17,-13,-17,-14,-17,-15,-16,-16,-16,-16,-17,-16,-17,-17,-16,-17,-16,-17,-16,-17,-16,-17,-16,-17,-17,-16,-17,-16,-18,-15,-18,-15,-19,-15,-19,-14,-20,-14,-21,-15,-22,-15,-12,-10,-39,-31,-38,-31,-37,-31,-36,-30,-36,-28,-36,-27,-35,-26,-36,-25,-36,-23,-37,-21,-38,-19,-39,-18,-40,-18,-40,-19,-40,-19,-39,-19,-38,-19,-37,-20,-37,-20,-35,-21,-34,-22,-32,-22,-31,-21,-30,-21,-28,-22,-26,-23,-21,-26,-19,-28,-4,-6,-1,-2,0,0,0,0,0,0,-2,-1,-6,-3,-29,-14,-28,-16,-29,-18,-29,-20,-28,-23,-28,-25,-28,-27,-27,-29,-27,-31,-27,-32,-27,-33,-27,-33,-28,-34,-28,-34,-28,-34,-27,-35,-27,-35,-27,-35,-27,-34,-28,-34,-28,-33,-29,-33,-31,-32,-32,-32,-34,-31,-35,-30,-37,-31,-38,-31]"
CSI_DATA,139,5c:01:3b:6b:b0:95,-42,11,1,6,0,1,1,1,0,0,0,-97,1,11,0,16771142,0,86,1,256,1,"[86,-32,4,0,14,20,14,19,14,18,14,18,14,17,14,16,14,16,15,15,15,14,15,14,16,14,16,13,16,13,16,13,17,14,16,14,16,14,16,14,15,14,14,14,13,14,12,14,11,14,10,14,9,14,2,3,0,0,0,0,0,0,0,0,0,0,0,0,0,0,0,0,0,0,2,3,11,12,11,13,10,14,10,15,10,16,9,17,9,18,9,19,8,19,8,20,8,20,7,21,7,21,7,20,8,20,8,20,8,20,9,19,9,19,10,19,11,19,11,19,11,19,12,20,13,20,14,21,6,12,23,41,23,40,23,39,23,38,23,37,23,36,24,35,24,33,25,32,26,30,28,29,29,29,30,29,30,29,29,29,29,29,28,29,27,29,26,30,24,30,23,30,21,29,20,29,19,29,17,29,15,29,10,31,8,32,1,5,0,1,-1,-1,-1,-1,-1,-1,1,0,4,3,23,21,21,23,20,25,19,27,18,29,16,31,16,33,15,35,14,36,13,38,12,38,12,39,12,40,12,40,12,40,12,41,12,41,12,40,12,40,13,39,14,39,15,39,17,39,18,39,20,39,21,39,23,40,23,41]"
CSI_DATA,140,5c:01:3b:6b:b0:95,-42,11,1,6,0,1,1,1,0,0,0,-97,1,11,0,16820126,0,86,1,256,1,"[86,-32,4,0,23,7,23,6,22,6,22,5,22,5,22,4,21,3,21,3,21,2,21,1,21,1,21,1,21,0,21,0,22,1,22,1,21,1,21,2,20,2,19,3,19,3,18,4,17,4,17,5,16,6,4,1,0,0,0,0,0,0,0,0,0,0,0,0,0,0,0,0,0,0,4,0,16,2,17,3,17,4,18,5,18,6,18,7,19,8,19,8,19,9,19,10,19,11,19,11,19,11,19,11,19,10,19,10,19,10,19,9,20,9,20,8,20,8,21,8,21,8,22,8,23,8,23,7,13,4,44,14,44,14,43,13,43,13,42,12,42,10,41,9,41,8,40,6,40,4,41,3,41,2,41,1,41,1,41,2,41,2,41,3,40,3,40,4,39,5,37,6,36,7,35,8,33,9,32,10,31,11,29,14,28,16,4,3,1,1,-1,-1,-2,-1,-1,-1,1,-1,5,-1,31,-1,31,1,32,4,32,6,33,9,34,11,34,13,35,15,35,17,35,18,35,19,36,20,36,21,36,21,36,21,36,21,36,21,36,21,36,20,37,19,37,19,38,18,39,17,40,16,41,15,42,15,43,14,44,14]"
CSI_DATA,141,5c:01:3b:6b:b0:95,-42,11,1,7,0,1,1,1,0,0,0,-97,1,11,0,16866304,0,86,1,256,1,"[86,-32,4,0,-15,20,-15,20,-14,20,-13,20,-12,20,-12,20,-11,20,-10,19,-9,19,-9,19,-9,20,-9,20,-8,20,-8,20,-8,21,-8,21,-9,20,-9,20,-9,19,-9,18,-10,17,-11,16,-11,15,-11,14,-11,14,-3,3,0,0,0,0,0,0,0,0,0,0,0,0,0,0,0,0,0,0,-2,3,-9,15,-10,15,-11,15,-11,15,-12,15,-14,15,-15,15,-15,15,-16,15,-17,14,-18,14,-18,14,-18,14,-18,14,-17,14,-17,15,-16,15,-16,15,-16,16,-16,17,-15,17,-15,18,-15,18,-16,19,-16,20,-15,20,-8,12,-26,41,-26,40,-25,40,-24,39,-23,38,-22,38,-20,38,-19,38,-18,38,-16,38,-15,39,-14,39,-13,40,-13,40,-13,40,-13,40,-14,40,-14,40,-15,39,-16,38,-17,36,-17,34,-18,32,-18,31,-19,29,-20,28,-21,27,-22,26,-4,4,-2,1,0,-1,0,-1,0,-1,-1,1,-2,5,-8,31,-11,30,-15,30,-17,30,-19,30,-21,30,-23,30,-25,30,-27,30,-28,30,-29,30,-31,29,-32,29,-32,30,-32,29,-32,29,-32,30,-31,30,-30,31,-30,31,-29,32,-28,33,-28,34,-27,35,-26,36,-26,37,-27,39,-27,40]"
CSI_DATA,142,5c:01:3b:6b:b0:95,-42,11,1,6,0,1,1,1,0,0,0,-97,1,11,0,16918206,0,86,1,256,1,"[86,-32,4,0,22,10,22,9,21,8,21,8,21,7,21,6,20,6,20,5,21,5,21,4,21,3,21,3,21,3,21,3,21,3,21,4,21,4,20,4,20,5,19,5,18,6,17,6,17,6,16,7,15,7,3,2,0,0,0,0,0,0,0,0,0,0,0,0,0,0,0,0,0,0,4,1,16,4,16,5,17,6,17,7,17,8,17,9,17,10,17,11,17,11,17,12,17,13,17,13,17,13,17,13,17,13,17,13,18,12,18,12,18,11,19,11,19,10,20,10,20,10,21,10,22,10,22,10,11,8,38,26,37,25,37,25,36,24,36,23,36,22,35,21,35,19,36,18,36,17,37,16,37,15,38,15,38,14,38,14,38,14,37,15,36,15,36,16,34,17,33,17,31,18,29,18,28,19,26,19,25,20,18,27,16,28,2,5,0,1,-1,-1,-2,-1,-1,-1,1,0,5,2,28,12,27,14,29,13,28,15,29,18,29,20,29,21,28,24,28,25,28,27,28,28,28,29,28,29,28,30,28,30,27,31,28,30,28,30,28,29,29,29,30,28,31,28,32,27,33,27,34,26,35,26,37,26,37,26]"
CSI_DATA,143,5c:01:3b:6b:b0:95,-39,11,1,7,0,1,1,1,0,0,0,-97,1,11,0,16966431,0,86,1,256,1,"[86,-32,4,0,6,-24,6,-23,5,-23,4,-22,4,-23,4,-22,3,-22,2,-22,1,-22,1,-22,1,-22,0,-21,0,-21,0,-22,0,-22,0,-22,0,-22,1,-21,1,-21,2,-20,3,-19,3,-18,4,-18,4,-17,5,-17,1,-5,0,0,0,0,0,0,0,0,0,0,0,0,0,0,0,0,0,0,0,-5,1,-18,2,-18,3,-19,4,-19,5,-19,6,-20,7,-20,8,-20,8,-20,9,-20,9,-20,9,-20,10,-20,10,-20,10,-20,9,-20,8,-20,8,-21,8,-21,7,-21,7,-21,7,-22,6,-22,7,-23,7,-24,6,-25,5,-14,16,-44,16,-43,16,-42,15,-41,14,-40,13,-40,11,-40,10,-40,8,-40,7,-40,6,-41,5,-41,4,-41,5,-41,5,-41,5,-41,5,-40,5,-39,6,-39,8,-38,9,-37,9,-35,10,-34,10,-33,11,-31,12,-30,18,-26,20,-25,3,-5,1,-2,-1,0,-1,0,-1,0,-1,-2,0,-6,4,-31,6,-31,6,-33,8,-33,11,-34,13,-34,14,-35,16,-35,18,-35,20,-35,21,-35,21,-35,21,-36,22,-36,22,-36,23,-35,23,-35,23,-35,22,-35,21,-36,20,-37,19,-37,19,-38,18,-39,17,-40,17,-41,17,-43,17,-44]"
CSI_DATA,144,5c:01:3b:6b:b0:95,-40,11,1,5,0,1,1,1,0,0,0,-97,1,11,0,17017939,0,86,1,256,1,"[86,-32,4,0,24,3,24,3,23,3,23,2,23,1,22,1,22,0,22,-1,22,-2,22,-3,21,-3,22,-3,22,-3,22,-3,22,-3,22,-2,22,-2,21,-1,21,-1,20,0,20,0,19,1,18,1,18,2,18,3,4,0,0,0,0,0,0,0,0,0,0,0,0,0,0,0,0,0,0,0,4,-1,17,0,17,0,18,1,19,2,19,3,19,4,20,5,20,6,20,7,21,7,21,7,21,7,21,7,21,8,21,8,21,8,21,7,21,6,21,6,21,6,22,5,22,5,22,4,23,4,25,3,25,3,13,4,45,15,44,14,43,14,43,13,42,12,42,11,41,10,41,8,40,6,40,4,41,3,41,1,42,1,42,1,42,2,42,2,41,2,41,3,40,4,39,5,38,6,36,7,35,7,34,8,32,9,31,11,27,19,26,20,4,3,1,1,-1,-1,-1,-1,-1,-1,1,-1,5,0,31,4,31,6,32,5,32,7,33,9,33,12,34,13,34,15,35,17,35,19,35,20,35,20,36,20,37,21,37,21,36,22,36,22,36,21,36,20,37,20,37,19,38,18,39,17,40,16,41,15,42,14,44,14,45,14]"
CSI_DATA,145,5c:01:3b:6b:b0:95,-41,11,1,6,0,1,1,1,0,0,0,-97,1,11,0,17066234,0,86,1,256,1,"[86,-32,4,0,23,9,22,9,22,8,22,8,22,7,21,6,21,6,21,5,21,5,21,4,21,4,20,3,21,3,21,3,22,3,22,4,21,4,21,4,20,5,19,5,19,6,18,6,17,7,16,8,15,8,3,2,0,0,0,0,0,0,0,0,0,0,0,0,0,0,0,0,0,0,4,1,16,4,17,5,17,6,17,7,18,8,18,9,18,10,18,10,18,11,18,12,18,13,17,14,17,14,17,13,17,13,18,12,18,12,18,11,19,11,19,10,20,10,20,10,21,10,21,11,22,11,22,11,13,4,44,14,44,14,43,14,43,13,43,12,42,11,42,9,41,8,41,6,41,5,41,4,41,3,41,3,41,3,42,3,42,3,41,3,41,4,40,4,39,6,38,7,36,7,35,8,34,10,32,11,30,12,30,12,29,14,5,2,1,0,-1,-1,-1,0,-1,-1,1,-1,5,-1,31,-3,31,-1,31,5,32,7,33,9,34,11,34,13,35,15,35,17,35,18,35,19,35,21,36,21,36,22,35,23,36,23,36,22,36,22,36,21,36,20,37,19,38,18,39,17,41,16,41,16,42,15,43,15,43,15]"
CSI_DATA,146,5c:01:3b:6b:b0:95,-42,11,1,6,0,1,1,1,0,0,0,-97,1,11,0,17118659,0,86,1,256,1,"[86,-32,4,0,10,22,10,22,10,21,10,20,11,19,11,19,11,18,12,18,12,18,12,17,12,17,12,16,13,16,13,17,13,17,13,17,13,17,12,17,11,17,10,17,9,17,8,16,7,16,7,16,6,16,1,4,0,0,0,0,0,0,0,0,0,0,0,0,0,0,0,0,0,0,2,3,9,14,9,14,8,16,8,17,8,17,7,18,7,19,6,20,5,20,5,21,5,22,4,22,4,22,4,21,4,21,5,21,5,21,5,20,6,21,7,21,7,21,8,21,8,21,9,22,9,22,10,23,4,13,14,44,14,43,14,43,15,42,15,41,16,40,17,39,17,38,18,37,19,36,21,35,21,35,22,35,22,35,22,35,22,35,21,35,20,35,19,35,17,35,16,34,14,34,13,33,11,33,9,32,8,32,2,33,0,33,-1,5,-1,1,-1,-1,-1,-1,-1,-1,1,1,3,4,16,26,15,27,15,28,14,30,12,32,11,34,10,35,9,37,8,38,7,39,6,40,5,41,5,41,4,42,4,42,4,42,4,42,4,42,5,41,6,41,7,41,8,41,9,42,11,42,12,42,13,43,13,44,14,44]"
CSI_DATA,147,5c:01:3b:6b:b0:95,-37,11,1,5,0,1,1,1,0,0,0,-97,1,11,0,17168215,0,86,1,256,1,"[86,-32,4,0,19,14,19,13,19,13,19,12,19,12,19,11,18,10,18,10,19,9,19,9,19,8,19,8,19,8,20,8,20,8,20,9,19,9,18,9,18,9,17,9,16,9,15,10,14,10,13,10,13,11,3,2,0,0,0,0,0,0,0,0,0,0,0,0,0,0,0,0,0,0,3,1,15,7,15,8,15,9,15,10,15,11,15,12,15,13,15,14,14,14,14,15,15,16,14,16,14,16,14,16,14,16,15,16,15,15,15,15,15,15,16,15,17,14,17,14,17,14,18,14,19,14,20,15,8,10,28,34,28,33,28,32,28,31,28,30,28,29,28,28,28,27,28,25,29,24,31,23,31,22,32,23,32,23,32,23,31,23,30,23,30,23,29,23,27,23,26,24,24,23,23,23,22,24,20,24,18,24,9,29,7,30,1,5,0,1,-1,-1,-1,-1,-1,-1,1,0,4,3,23,19,22,21,24,19,23,21,22,24,21,26,21,27,21,29,20,31,20,32,19,33,19,33,20,34,20,35,20,35,19,36,19,35,19,35,19,34,20,34,20,33,22,33,23,33,24,33,26,32,28,33,29,33,30,34]"
CSI_DATA,148,5c:01:3b:6b:b0:95,-38,11,1,6,0,1,1,1,0,0,0,-97,1,11,0,17216328,0,86,1,256,1,"[86,-32,4,0,11,21,10,20,11,20,11,19,11,18,12,18,12,17,12,16,13,15,13,15,13,15,14,15,14,16,14,15,14,15,14,15,13,16,13,16,12,15,11,15,10,15,8,15,8,15,8,15,7,15,1,4,0,0,0,0,0,0,0,0,0,0,0,0,0,0,0,0,0,0,2,3,10,13,10,14,9,15,9,16,8,17,8,18,8,18,7,19,7,19,6,20,6,21,5,21,5,21,5,21,6,21,6,21,6,20,7,20,7,20,8,20,9,20,9,20,9,20,10,21,10,22,11,21,4,13,16,42,16,42,16,41,16,40,17,39,18,38,18,36,19,35,20,34,20,33,21,32,22,32,23,32,24,32,23,32,22,32,22,32,21,33,20,33,18,33,17,32,15,31,14,30,13,30,11,30,9,30,3,31,1,31,0,5,-1,1,-1,-1,-1,-1,-1,-1,1,1,3,4,17,26,15,27,16,27,15,29,14,31,13,32,12,34,10,35,9,37,8,38,8,39,7,39,7,40,7,40,6,41,6,41,6,41,6,41,7,40,7,39,9,40,10,40,11,40,12,40,14,40,15,41,16,42,16,42]"
CSI_DATA,149,5c:01:3b:6b:b0:95,-37,11,1,5,0,1,1,1,0,0,0,-97,1,11,0,17267971,0,86,1,256,1,"[86,-32,4,0,-23,-8,-23,-8,-23,-7,-22,-7,-22,-6,-22,-6,-22,-5,-22,-4,-22,-3,-22,-2,-22,-1,-22,-1,-22,-1,-22,-1,-22,-2,-22,-2,-22,-2,-21,-3,-21,-4,-20,-4,-19,-5,-18,-5,-18,-5,-18,-5,-17,-6,-5,-2,0,0,0,0,0,0,0,0,0,0,0,0,0,0,0,0,0,0,-5,-1,-17,-3,-18,-4,-18,-5,-18,-6,-19,-7,-19,-8,-19,-9,-19,-10,-19,-10,-20,-11,-20,-11,-20,-12,-20,-12,-20,-11,-20,-11,-20,-11,-20,-11,-20,-10,-20,-10,-20,-10,-21,-9,-21,-9,-22,-8,-23,-8,-24,-8,-24,-8,-13,-8,-40,-23,-40,-23,-39,-23,-38,-22,-38,-21,-37,-19,-37,-18,-37,-17,-37,-15,-38,-14,-39,-12,-39,-11,-40,-11,-40,-11,-39,-11,-38,-11,-38,-11,-38,-12,-37,-13,-36,-14,-35,-15,-33,-15,-32,-15,-31,-15,-29,-16,-28,-17,-22,-24,-20,-25,-4,-5,-1,-2,0,0,0,0,0,0,-2,-1,-6,-3,-28,-13,-28,-15,-30,-12,-30,-15,-30,-17,-30,-19,-30,-21,-31,-23,-31,-24,-30,-26,-30,-27,-30,-27,-31,-28,-31,-28,-31,-29,-31,-29,-31,-29,-31,-28,-31,-28,-31,-27,-32,-26,-33,-26,-34,-25,-35,-24,-36,-23,-38,-23,-39,-23,-39,-23]"
CSI_DATA,150,5c:01:3b:6b:b0:95,-42,11,1,6,0,1,1,1,0,0,0,-97,1,11,0,17318894,0,86,1,256,1,"[86,-32,4,0,-5,-28,-5,-28,-5,-26,-5,-25,-6,-25,-6,-25,-7,-24,-8,-24,-9,-23,-10,-23,-10,-23,-10,-23,-10,-23,-11,-23,-10,-23,-10,-23,-10,-23,-9,-23,-8,-23,-7,-22,-6,-22,-5,-21,-5,-21,-4,-21,-3,-20,-1,-5,0,0,0,0,0,0,0,0,0,0,0,0,0,0,0,0,0,0,-2,-5,-6,-19,-5,-20,-5,-21,-4,-22,-3,-22,-2,-23,-1,-23,-1,-24,0,-25,0,-25,0,-25,1,-26,1,-26,1,-25,1,-25,1,-25,0,-25,0,-25,-1,-25,-1,-25,-2,-26,-2,-26,-3,-26,-4,-27,-5,-28,-5,-28,1,-16,2,-52,3,-52,3,-51,2,-49,1,-48,0,-47,-1,-47,-2,-46,-4,-46,-6,-45,-8,-45,-9,-45,-10,-46,-9,-46,-9,-46,-8,-46,-7,-45,-7,-44,-5,-45,-4,-44,-3,-43,-2,-41,-1,-40,0,-39,1,-38,3,-37,15,-35,17,-33,3,-6,1,-2,-1,0,-1,1,-1,0,-1,-2,-1,-7,-2,-36,0,-36,-3,-36,-1,-37,1,-39,3,-40,5,-41,7,-41,9,-42,10,-43,11,-44,12,-44,12,-45,12,-45,12,-45,13,-45,13,-45,13,-46,12,-45,11,-45,10,-45,9,-46,8,-47,6,-48,5,-48,4,-50,3,-51,2,-52]"
CSI_DATA,151,5c:01:3b:6b:b0:95,-38,11,1,6,0,1,1,1,0,0,0,-97,1,11,0,17366222,0,86,1,256,1,"[86,-32,4,0,-14,5,-13,5,-13,5,-12,5,-12,5,-12,5,-11,5,-11,6,-11,6,-11,6,-11,6,-10,6,-10,7,-10,7,-10,7,-10,7,-10,6,-10,6,-10,6,-10,5,-10,5,-10,4,-10,4,-10,3,-10,3,-3,0,0,0,0,0,0,0,0,0,0,0,0,0,0,0,0,0,0,0,-3,0,-9,3,-9,3,-10,3,-11,3,-11,3,-11,2,-12,2,-12,2,-12,1,-13,1,-13,1,-13,1,-13,1,-13,1,-13,1,-13,1,-13,1,-13,2,-13,2,-13,2,-13,3,-13,3,-13,3,-13,4,-13,4,-14,4,-16,2,-51,10,-51,10,-51,10,-50,10,-48,11,-47,11,-45,12,-44,13,-43,15,-43,16,-43,18,-42,19,-43,20,-43,20,-42,21,-41,21,-41,20,-41,19,-42,17,-41,15,-41,13,-40,12,-39,11,-38,10,-37,8,-37,6,-37,-2,-37,-4,-7,-1,-3,-1,0,-1,1,-1,0,-1,-2,0,-6,2,-33,12,-34,10,-35,10,-36,9,-39,7,-40,5,-42,4,-43,2,-44,0,-45,-1,-46,-2,-47,-3,-48,-2,-48,-3,-48,-3,-47,-3,-48,-2,-49,-2,-48,-1,-47,0,-47,1,-48,2,-48,2,-49,4,-49,7,-50,8,-52,9,-52,10]"
CSI_DATA,152,5c:01:3b:6b:b0:95,-40,11,1,5,0,1,1,1,0,0,0,-97,1,11,0,17418158,0,86,1,256,1,"[86,-32,4,0,23,9,23,8,22,7,22,7,22,6,22,6,21,5,21,4,21,3,21,3,21,2,22,2,22,2,22,2,22,2,22,2,22,3,21,3,20,4,20,4,19,4,18,5,17,5,17,6,16,6,4,1,0,0,0,0,0,0,0,0,0,0,0,0,0,0,0,0,0,0,4,1,16,4,17,5,17,6,17,7,17,8,18,9,18,10,18,11,18,12,18,12,18,13,18,13,18,13,18,13,18,12,18,12,18,12,18,11,19,11,19,10,20,10,21,10,21,9,22,9,23,9,23,9,12,8,40,25,39,25,39,24,38,23,37,21,37,20,37,19,37,18,37,16,38,14,39,13,39,11,40,11,40,11,40,11,39,11,39,12,39,12,38,13,36,14,34,15,33,15,32,15,31,16,29,17,27,17,21,25,19,26,3,4,0,1,-1,-1,-1,-1,-1,-1,1,0,5,1,29,12,28,14,29,13,29,15,29,18,29,20,29,22,29,24,29,26,29,27,29,28,29,29,29,29,30,29,30,30,29,30,29,30,30,29,30,29,30,28,31,27,32,27,33,26,34,26,36,25,37,24,39,24,39,24]"
CSI_DATA,153,5c:01:3b:6b:b0:95,-37,11,1,5,0,1,1,1,0,0,0,-97,1,11,0,17467294,0,86,1,256,1,"[86,-32,4,0,12,3,12,2,12,2,12,2,12,1,12,1,12,1,12,0,11,0,11,0,11,-1,11,-1,12,-1,12,-1,12,-1,12,-1,12,0,12,0,11,0,11,1,10,1,10,1,9,1,9,2,9,2,2,0,0,0,0,0,0,0,0,0,0,0,0,0,0,0,0,0,0,0,2,0,9,1,9,1,9,1,10,2,10,3,10,3,10,3,10,4,10,4,10,5,11,5,11,5,11,5,11,5,10,5,11,5,11,5,11,4,11,4,11,4,11,3,11,3,12,3,12,3,13,3,13,3,13,7,45,22,45,21,44,20,43,19,43,17,43,17,42,16,42,14,42,12,42,10,42,9,43,8,43,7,44,7,44,8,44,8,43,8,42,9,42,10,40,11,38,12,36,13,35,13,34,14,32,15,30,16,24,26,22,27,3,4,0,1,-1,-1,-2,-1,-1,-1,1,0,5,1,32,9,32,12,33,9,33,12,34,14,34,16,34,19,35,21,35,23,35,24,35,25,35,26,35,27,36,27,36,27,36,28,36,27,36,27,36,26,36,25,36,25,37,25,38,24,40,23,41,22,43,21,45,21,45,21]"
CSI_DATA,154,5c:01:3b:6b:b0:95,-37,11,1,5,0,1,1,1,0,0,0,-97,1,11,0,17516330,0,86,1,256,1,"[86,-32,4,0,-24,-5,-24,-5,-23,-4,-22,-4,-23,-4,-22,-3,-22,-2,-21,-2,-21,-1,-22,0,-22,0,-22,1,-22,1,-22,1,-22,1,-22,1,-22,0,-21,0,-21,-1,-20,-1,-19,-2,-19,-2,-18,-3,-18,-4,-17,-4,-5,-1,0,0,0,0,0,0,0,0,0,0,0,0,0,0,0,0,0,0,-5,-1,-18,-2,-18,-3,-18,-4,-19,-5,-19,-6,-19,-7,-20,-8,-20,-9,-20,-9,-20,-10,-20,-11,-20,-11,-20,-10,-20,-10,-20,-10,-21,-10,-21,-9,-21,-9,-21,-8,-21,-8,-22,-7,-22,-7,-22,-6,-23,-6,-24,-6,-24,-6,-14,-3,-46,-8,-46,-8,-45,-7,-45,-7,-43,-6,-43,-6,-42,-5,-42,-3,-41,-2,-41,0,-41,2,-41,3,-41,3,-41,4,-41,4,-42,4,-42,3,-41,2,-40,1,-39,-1,-38,-2,-37,-3,-36,-3,-35,-4,-33,-5,-32,-7,-31,-8,-31,-9,-6,-2,-2,-1,0,-1,0,-1,0,-1,-2,0,-6,1,-32,6,-32,3,-33,-2,-34,-4,-35,-6,-36,-8,-37,-10,-37,-11,-38,-13,-38,-15,-38,-16,-39,-17,-40,-18,-40,-18,-39,-18,-39,-17,-39,-17,-39,-17,-39,-16,-39,-15,-40,-14,-41,-13,-42,-13,-43,-12,-44,-11,-44,-10,-45,-9,-45,-9]"
CSI_DATA,155,5c:01:3b:6b:b0:95,-37,11,1,5,0,1,1,1,0,0,0,-97,1,11,0,17569683,0,86,1,256,1,"[86,-32,4,0,9,9,9,9,9,8,9,8,9,8,9,8,9,7,9,7,9,6,9,6,9,6,9,6,10,6,10,6,10,6,10,6,10,6,9,6,9,6,8,7,7,6,7,6,7,7,6,7,6,7,1,1,0,0,0,0,0,0,0,0,0,0,0,0,0,0,0,0,0,0,1,1,7,5,7,6,7,6,7,7,7,7,7,8,7,8,7,9,6,9,6,9,6,10,6,10,6,10,6,10,6,10,6,10,6,9,7,9,7,9,7,9,7,9,8,9,8,9,8,9,9,10,10,10,8,12,30,41,30,40,30,39,30,38,30,36,30,35,30,34,31,33,31,30,32,29,33,28,34,28,35,28,35,28,35,28,34,28,34,29,33,29,32,30,30,30,28,30,26,29,24,29,23,29,21,29,19,29,13,33,10,34,1,6,0,1,-1,-1,-1,-1,-1,-1,1,0,4,3,26,21,25,23,26,23,25,26,24,28,23,31,22,33,22,35,21,37,20,38,19,39,19,39,19,40,19,41,19,41,19,41,19,41,19,41,19,40,20,40,21,40,22,39,24,39,26,39,27,39,28,39,29,40,30,40]"
CSI_DATA,156,5c:01:3b:6b:b0:95,-37,11,1,5,0,1,1,1,0,0,0,-97,1,11,0,17616398,0,86,1,256,1,"[86,-32,4,0,-12,-21,-12,-21,-12,-20,-12,-20,-12,-19,-12,-19,-12,-18,-13,-17,-14,-17,-15,-16,-15,-16,-15,-15,-15,-16,-15,-16,-16,-16,-15,-16,-15,-16,-14,-16,-13,-16,-12,-16,-12,-16,-10,-15,-10,-15,-9,-16,-9,-16,-3,-4,0,0,0,0,0,0,0,0,0,0,0,0,0,0,0,0,0,0,-3,-4,-10,-14,-10,-15,-9,-16,-9,-18,-8,-18,-8,-19,-8,-20,-7,-21,-6,-21,-6,-21,-6,-22,-6,-22,-6,-22,-6,-22,-6,-22,-6,-22,-7,-21,-7,-21,-8,-21,-8,-21,-9,-21,-9,-21,-10,-21,-11,-21,-11,-22,-12,-23,-5,-14,-16,-43,-16,-43,-16,-42,-16,-41,-16,-40,-17,-39,-17,-38,-18,-37,-20,-36,-21,-35,-23,-34,-24,-33,-24,-33,-24,-34,-24,-33,-23,-33,-23,-33,-22,-33,-21,-33,-19,-33,-18,-33,-17,-32,-16,-31,-15,-31,-13,-31,-11,-30,-3,-32,-1,-32,0,-6,0,-2,-1,0,0,0,0,0,-2,-2,-4,-5,-16,-27,-15,-28,-16,-29,-14,-31,-12,-33,-11,-35,-10,-36,-9,-37,-8,-39,-7,-40,-6,-40,-6,-40,-6,-41,-6,-42,-6,-42,-6,-42,-5,-42,-6,-42,-6,-41,-7,-41,-7,-41,-9,-41,-10,-41,-12,-41,-13,-41,-15,-41,-16,-42,-16,-43]"
CSI_DATA,157,5c:01:3b:6b:b0:95,-37,11,1,5,0,1,1,1,0,0,0,-97,1,11,0,17666303,0,86,1,256,1,"[86,-32,4,0,12,-6,12,-6,11,-6,11,-7,10,-7,10,-7,10,-7,9,-7,9,-7,9,-8,9,-8,9,-8,9,-8,9,-8,9,-8,9,-8,9,-8,9,-8,9,-7,9,-7,9,-6,8,-6,8,-5,8,-5,8,-4,2,-1,0,0,0,0,0,0,0,0,0,0,0,0,0,0,0,0,0,0,1,-2,7,-6,8,-6,8,-5,9,-5,9,-5,10,-4,10,-4,10,-4,11,-4,11,-4,12,-4,12,-4,12,-3,12,-3,11,-3,11,-3,11,-4,11,-4,11,-4,11,-4,11,-5,11,-5,11,-5,11,-6,12,-6,12,-6,14,-5,47,-16,47,-16,46,-16,45,-15,44,-16,44,-16,43,-17,41,-18,39,-20,39,-22,38,-24,37,-25,38,-26,38,-26,38,-25,38,-25,38,-24,38,-23,38,-22,37,-20,37,-18,36,-16,35,-15,35,-14,34,-12,33,-10,35,-2,35,0,6,0,1,0,-1,-1,-2,0,-1,0,1,-1,4,-4,28,-17,30,-15,31,-17,33,-15,35,-14,37,-12,38,-11,40,-9,41,-8,43,-6,43,-6,44,-5,45,-5,45,-6,46,-6,46,-5,45,-5,45,-5,45,-6,44,-6,45,-6,45,-7,45,-8,46,-10,45,-12,46,-14,47,-15,48,-16]"
CSI_DATA,158,5c:01:3b:6b:b0:95,-37,11,1,5,0,1,1,1,0,0,0,-97,1,11,0,17716324,0,86,1,256,1,"[86,-32,4,0,-8,22,-8,22,-7,22,-6,21,-6,21,-6,21,-5,20,-4,20,-3,20,-3,20,-2,20,-2,20,-2,20,-2,21,-2,21,-2,21,-2,20,-3,20,-4,19,-4,18,-5,18,-5,17,-5,17,-6,16,-6,16,-2,4,0,0,0,0,0,0,0,0,0,0,0,0,0,0,0,0,0,0,-1,4,-3,17,-4,17,-5,17,-6,17,-7,17,-8,18,-9,18,-9,18,-10,18,-11,18,-11,19,-12,19,-12,18,-12,18,-12,18,-11,18,-11,18,-10,18,-10,19,-10,19,-10,20,-9,20,-8,21,-9,22,-8,22,-8,23,-7,12,-19,42,-19,41,-18,41,-17,40,-16,39,-15,38,-14,38,-12,38,-11,38,-10,38,-8,39,-7,39,-7,39,-7,40,-6,40,-7,39,-7,39,-7,38,-9,37,-10,36,-11,35,-11,33,-12,32,-12,31,-13,29,-14,28,-19,25,-20,24,-4,4,-2,1,0,-1,0,-2,-1,-1,-1,1,-1,5,-6,30,-8,30,-8,31,-11,31,-13,31,-15,32,-17,32,-19,33,-20,33,-22,33,-23,33,-24,33,-25,33,-25,34,-25,33,-26,33,-25,33,-25,34,-24,34,-23,34,-23,34,-22,35,-21,36,-20,37,-19,38,-19,39,-19,40,-19,41]"
CSI_DATA,159,5c:01:3b:6b:b0:95,-42,11,1,6,0,1,1,1,0,0,0,-97,1,11,0,17766302,0,86,1,256,1,"[86,-32,4,0,-27,9,-26,9,-25,9,-24,10,-24,10,-23,11,-22,11,-22,11,-21,12,-21,12,-21,12,-21,13,-20,13,-20,14,-20,14,-21,13,-21,13,-20,12,-20,11,-20,10,-20,9,-20,8,-20,7,-19,6,-19,6,-5,1,0,0,0,0,0,0,0,0,0,0,0,0,0,0,0,0,0,0,-5,2,-17,8,-18,8,-19,7,-20,7,-21,6,-22,5,-23,5,-23,4,-24,4,-25,3,-25,2,-26,2,-25,2,-25,2,-25,2,-25,3,-25,3,-24,4,-25,5,-25,6,-25,6,-25,7,-25,7,-26,7,-26,8,-26,9,-16,6,-50,20,-49,19,-48,19,-47,18,-45,18,-45,19,-43,20,-42,21,-40,22,-39,24,-38,26,-37,27,-38,27,-38,28,-38,27,-38,27,-38,26,-38,25,-38,24,-38,22,-38,20,-37,19,-36,17,-36,16,-35,14,-35,13,-35,11,-35,9,-7,1,-2,0,0,-1,0,-1,0,-1,-2,1,-5,4,-26,23,-28,22,-32,18,-34,16,-37,14,-39,13,-41,12,-42,11,-44,9,-45,8,-45,7,-46,7,-47,7,-47,7,-47,6,-47,6,-48,6,-48,7,-47,7,-47,8,-47,9,-47,11,-47,12,-47,14,-47,15,-48,17,-49,19,-49,20]"
CSI_DATA,160,5c:01:3b:6b:b0:95,-38,11,1,6,0,1,1,1,0,0,0,-97,1,11,0,17816386,0,86,1,256,1,"[86,-32,4,0,14,18,14,18,14,17,14,16,14,16,14,15,14,14,15,13,15,13,15,13,15,13,15,12,16,12,16,12,16,13,16,13,16,13,15,12,14,13,14,13,13,13,12,13,11,13,10,13,10,13,2,3,0,0,0,0,0,0,0,0,0,0,0,0,0,0,0,0,0,0,3,2,12,11,11,12,11,13,10,14,10,15,10,16,10,17,9,18,9,18,9,19,9,20,8,20,8,20,8,19,8,19,9,19,9,19,9,19,10,19,11,18,11,18,12,18,12,18,12,18,14,19,14,19,5,12,20,39,20,39,20,38,20,37,20,35,20,35,21,33,21,32,22,31,23,29,24,29,25,28,26,28,26,28,26,28,26,28,25,28,24,28,23,29,21,29,20,29,19,28,18,27,17,27,15,27,13,27,5,30,4,30,0,5,-1,1,-1,-1,-1,-1,-1,-1,1,1,3,4,18,24,16,25,18,25,17,27,15,29,14,31,13,32,12,34,11,35,10,36,10,37,10,38,10,39,10,39,10,39,9,39,9,39,10,39,10,38,11,38,11,38,13,38,14,37,15,38,17,38,18,38,20,39,20,39]"
CSI_DATA,161,5c:01:3b:6b:b0:95,-38,11,1,6,0,1,1,1,0,0,0,-97,1,11,0,17867619,0,86,1,256,1,"[86,-32,4,0,-18,16,-18,15,-17,15,-16,15,-16,16,-15,16,-14,15,-14,15,-13,16,-13,16,-13,16,-12,16,-12,16,-12,16,-12,17,-13,17,-13,16,-13,15,-13,15,-13,14,-14,13,-14,12,-14,11,-14,11,-14,10,-4,2,0,0,0,0,0,0,0,0,0,0,0,0,0,0,0,0,0,0,-3,3,-10,13,-11,13,-13,13,-14,13,-14,13,-15,13,-16,13,-17,12,-18,12,-18,11,-19,11,-19,11,-19,11,-19,11,-19,11,-19,11,-18,11,-18,11,-18,12,-18,13,-18,14,-18,14,-18,14,-18,15,-18,16,-18,16,-12,7,-37,27,-37,26,-36,26,-35,25,-34,25,-33,26,-31,27,-30,27,-29,27,-28,28,-27,29,-26,29,-26,29,-26,30,-26,30,-27,30,-27,29,-27,29,-28,28,-28,26,-27,24,-27,22,-27,21,-27,20,-27,18,-27,16,-29,12,-29,9,-6,1,-2,0,0,-1,0,-1,0,-1,-1,1,-4,4,-20,23,-22,22,-22,23,-24,22,-27,22,-29,21,-31,21,-32,20,-34,20,-35,19,-36,18,-36,18,-37,18,-38,17,-38,17,-38,17,-38,17,-38,17,-38,17,-37,18,-37,19,-36,20,-36,21,-36,22,-36,24,-36,25,-37,26,-37,27]"
CSI_DATA,162,5c:01:3b:6b:b0:95,-42,11,1,6,0,1,1,1,0,0,0,-97,1,11,0,17916301,0,86,1,256,1,"[86,-32,4,0,-11,-26,-11,-26,-11,-24,-12,-24,-12,-23,-13,-22,-13,-21,-14,-20,-14,-20,-15,-19,-15,-19,-16,-19,-16,-19,-16,-19,-16,-20,-16,-19,-16,-20,-15,-20,-14,-20,-13,-19,-12,-19,-11,-18,-10,-18,-10,-19,-9,-19,-3,-5,0,0,0,0,0,0,0,0,0,0,0,0,0,0,0,0,0,0,-3,-4,-10,-17,-9,-18,-9,-19,-8,-20,-8,-21,-7,-22,-7,-23,-6,-23,-5,-24,-5,-24,-5,-25,-5,-25,-5,-25,-5,-25,-5,-25,-5,-25,-6,-25,-6,-24,-7,-25,-8,-25,-8,-25,-8,-24,-9,-24,-10,-25,-11,-26,-12,-27,-4,-16,-12,-51,-12,-50,-11,-50,-12,-48,-12,-47,-13,-46,-14,-45,-16,-44,-17,-43,-19,-42,-20,-41,-22,-41,-22,-41,-22,-41,-22,-41,-21,-41,-20,-41,-20,-41,-19,-41,-17,-41,-16,-40,-14,-38,-13,-37,-12,-37,-10,-37,-8,-36,3,-37,5,-36,1,-7,0,-2,-1,0,0,0,0,0,-1,-2,-3,-6,-13,-33,-11,-34,-13,-35,-11,-36,-9,-38,-7,-40,-6,-41,-4,-43,-3,-44,-2,-45,-1,-45,0,-46,-1,-47,0,-47,0,-47,0,-47,0,-47,0,-47,0,-47,-1,-47,-3,-47,-4,-47,-6,-48,-7,-48,-9,-48,-10,-49,-11,-50,-12,-51]"
CSI_DATA,163,5c:01:3b:6b:b0:95,-38,11,1,6,0,1,1,1,0,0,0,-97,1,11,0,17967250,0,86,1,256,1,"[86,-32,4,0,-23,8,-22,8,-22,9,-21,9,-21,9,-20,9,-19,9,-19,10,-18,10,-18,11,-18,12,-17,12,-17,12,-17,12,-18,12,-18,12,-18,11,-17,10,-17,9,-17,8,-17,8,-17,7,-16,7,-16,6,-16,5,-4,1,0,0,0,0,0,0,0,0,0,0,0,0,0,0,0,0,0,0,-4,2,-16,8,-16,8,-17,7,-18,6,-19,6,-20,5,-21,5,-21,4,-21,3,-22,3,-22,3,-22,3,-22,3,-22,3,-22,3,-22,3,-22,3,-22,4,-22,4,-22,5,-22,6,-22,6,-22,7,-22,8,-23,8,-24,9,-14,2,-45,10,-44,10,-44,10,-43,10,-41,10,-41,11,-40,11,-39,12,-38,13,-37,15,-36,17,-36,18,-36,18,-36,18,-36,18,-36,18,-36,17,-35,16,-35,15,-35,13,-35,12,-34,11,-33,10,-33,9,-32,8,-31,6,-32,0,-31,-3,-6,-1,-2,-1,0,-1,0,-1,0,-1,-2,0,-5,2,-28,13,-29,11,-31,12,-32,10,-34,8,-35,6,-37,5,-38,4,-39,3,-40,1,-41,0,-41,0,-42,1,-42,0,-42,0,-42,0,-42,0,-42,0,-41,0,-41,1,-41,2,-42,3,-42,4,-42,6,-42,8,-43,9,-44,10,-45,11]"
CSI_DATA,164,5c:01:3b:6b:b0:95,-41,11,1,5,0,1,1,1,0,0,0,-97,1,11,0,18018196,0,86,1,256,1,"[86,-32,4,0,-19,-22,-19,-21,-19,-20,-19,-19,-19,-19,-19,-18,-19,-17,-19,-16,-20,-16,-20,-15,-20,-15,-21,-14,-21,-14,-21,-14,-22,-14,-21,-15,-21,-15,-20,-15,-19,-15,-18,-15,-17,-15,-16,-15,-15,-16,-14,-16,-13,-16,-4,-4,0,0,0,0,0,0,0,0,0,0,0,0,0,0,0,0,0,0,-4,-4,-15,-14,-15,-15,-15,-16,-14,-17,-14,-18,-14,-19,-14,-20,-13,-21,-13,-22,-12,-23,-12,-23,-12,-24,-11,-24,-11,-23,-12,-23,-13,-23,-13,-22,-14,-22,-14,-22,-14,-21,-15,-21,-16,-22,-16,-21,-17,-22,-18,-22,-18,-22,-9,-15,-29,-45,-29,-45,-29,-44,-29,-43,-28,-41,-29,-40,-29,-39,-30,-37,-31,-36,-32,-35,-34,-34,-35,-33,-35,-33,-36,-33,-35,-33,-35,-33,-34,-33,-33,-33,-32,-33,-31,-33,-29,-33,-27,-33,-25,-33,-24,-33,-22,-33,-19,-33,-11,-36,-8,-36,-2,-7,-1,-2,0,0,0,0,0,0,-2,-2,-5,-5,-24,-27,-23,-29,-25,-29,-24,-31,-22,-34,-21,-36,-20,-38,-19,-40,-19,-42,-18,-43,-17,-44,-16,-45,-16,-45,-17,-46,-16,-46,-16,-47,-16,-46,-17,-46,-18,-45,-18,-45,-19,-44,-20,-44,-22,-44,-24,-44,-25,-44,-26,-44,-28,-45,-28,-45]"
CSI_DATA,165,5c:01:3b:6b:b0:95,-38,11,1,6,0,1,1,1,0,0,0,-97,1,11,0,18066416,0,86,1,256,1,"[86,-32,4,0,12,20,12,20,12,19,12,18,12,17,13,17,13,16,13,15,14,15,14,14,14,14,14,14,14,14,15,14,15,14,15,14,14,14,14,15,13,15,12,15,11,14,10,14,9,14,9,14,8,14,2,3,0,0,0,0,0,0,0,0,0,0,0,0,0,0,0,0,0,0,2,3,11,12,11,13,10,14,10,15,10,16,9,17,9,17,9,18,8,19,8,19,8,20,8,20,7,20,7,20,7,20,8,20,8,20,8,19,9,19,9,19,9,19,10,19,11,19,11,20,12,20,13,20,6,12,22,40,21,39,21,38,21,37,21,36,22,35,22,34,23,33,23,32,24,30,25,30,26,29,27,29,27,29,27,29,27,29,26,29,25,29,24,30,22,30,21,29,19,29,18,28,17,28,15,29,13,29,9,30,7,30,1,5,0,1,-1,-1,-1,-1,-1,-1,1,0,4,3,22,21,21,23,20,25,19,27,18,29,17,31,16,32,15,34,14,35,13,37,13,38,12,38,12,39,12,40,11,40,11,40,11,40,12,40,12,39,12,38,14,39,15,39,16,38,17,38,19,38,20,39,20,40,21,40]"
CSI_DATA,166,5c:01:3b:6b:b0:95,-41,11,1,6,0,1,1,1,0,0,0,-97,1,11,0,18116251,0,86,1,256,1,"[86,-32,4,0,-26,3,-25,3,-24,4,-23,4,-23,5,-23,5,-22,6,-21,6,-21,7,-21,7,-21,8,-21,8,-21,8,-21,8,-21,9,-21,8,-21,8,-20,7,-20,6,-20,6,-20,5,-19,4,-19,3,-18,2,-18,2,-5,0,0,0,0,0,0,0,0,0,0,0,0,0,0,0,0,0,0,0,-5,1,-17,4,-18,4,-19,3,-20,2,-20,2,-21,1,-22,0,-22,0,-22,-1,-23,-1,-23,-2,-23,-3,-23,-2,-23,-2,-23,-2,-23,-2,-23,-1,-23,-1,-23,0,-23,0,-23,1,-24,2,-23,2,-24,2,-25,3,-25,3,-15,1,-49,5,-48,5,-47,5,-46,5,-45,5,-44,6,-43,7,-42,9,-41,10,-41,11,-40,13,-40,14,-40,14,-40,15,-40,15,-40,15,-40,14,-40,13,-40,12,-39,11,-39,9,-37,8,-37,6,-36,5,-35,3,-34,2,-34,-2,-33,-4,-6,-1,-2,-1,0,-1,0,-1,0,-1,-2,0,-6,2,-31,10,-31,9,-33,7,-34,5,-36,4,-37,2,-39,1,-40,-1,-41,-2,-42,-3,-42,-4,-42,-5,-43,-6,-43,-7,-43,-7,-43,-7,-43,-6,-44,-6,-43,-5,-43,-4,-44,-3,-44,-2,-45,-1,-45,0,-45,2,-46,3,-47,3,-48,4]"
CSI_DATA,167,5c:01:3b:6b:b0:95,-41,11,1,6,0,1,1,1,0,0,0,-97,1,11,0,18166250,0,86,1,256,1,"[86,-32,4,0,13,21,13,20,13,19,13,18,14,18,14,17,14,16,15,16,15,15,15,15,15,14,15,14,16,14,16,14,16,15,16,15,16,15,15,15,14,15,14,15,12,15,11,14,10,15,9,15,9,16,2,4,0,0,0,0,0,0,0,0,0,0,0,0,0,0,0,0,0,0,2,3,11,13,11,14,10,15,10,16,10,16,9,17,9,18,9,19,8,20,8,20,7,21,7,21,7,21,7,21,7,21,8,21,8,20,9,20,9,20,10,20,11,20,11,20,11,20,11,20,12,21,13,21,4,13,17,43,17,43,16,42,16,40,17,39,17,38,19,37,20,36,20,35,21,34,22,33,23,33,24,33,24,34,24,33,23,33,23,33,22,32,21,33,20,33,18,32,17,32,15,31,14,31,12,31,10,31,1,33,-1,33,-1,5,-1,1,-1,-1,-1,-1,-1,-1,0,1,2,4,14,27,13,28,15,28,14,30,12,31,11,33,10,34,9,36,8,38,8,39,7,40,6,40,6,41,5,41,5,41,5,42,5,42,5,42,6,41,7,40,8,40,10,41,11,41,12,41,14,41,15,42,16,43,17,43]"
CSI_DATA,168,5c:01:3b:6b:b0:95,-42,11,1,6,0,1,1,1,0,0,0,-97,1,11,0,18216679,0,86,1,256,1,"[86,-32,4,0,-2,27,-1,27,-1,26,0,25,0,25,1,25,2,24,3,24,4,23,4,23,5,23,5,23,5,23,5,23,5,24,5,24,5,23,4,23,3,22,2,22,1,21,0,20,0,20,0,20,-1,19,-1,4,0,0,0,0,0,0,0,0,0,0,0,0,0,0,0,0,0,0,0,4,2,19,1,19,0,20,-1,21,-2,21,-3,22,-4,22,-5,23,-5,23,-6,23,-6,24,-7,24,-7,24,-7,24,-7,24,-6,24,-6,23,-5,23,-5,24,-4,24,-4,25,-3,25,-3,25,-2,26,-2,27,-1,28,-3,16,-7,52,-8,51,-7,50,-7,49,-6,48,-4,48,-3,47,-1,46,0,45,2,45,4,45,5,45,5,46,5,46,5,46,5,45,4,45,3,45,2,44,1,43,0,42,-1,40,-2,39,-3,39,-5,37,-7,36,-14,34,-15,33,-3,5,-2,1,0,-1,-1,-2,0,-1,0,1,0,6,2,34,0,35,0,36,-3,37,-5,38,-7,39,-9,40,-11,41,-13,42,-14,42,-15,43,-16,43,-17,44,-17,44,-17,44,-18,44,-18,44,-18,44,-17,44,-16,44,-15,45,-13,45,-12,46,-11,47,-9,48,-8,49,-8,51,-7,51]"
CSI_DATA,169,5c:01:3b:6b:b0:95,-42,11,1,6,0,1,1,1,0,0,0,-97,1,11,0,18267900,0,86,1,256,1,"[86,-32,4,0,25,9,25,9,24,8,24,7,24,7,24,6,23,5,23,4,23,3,23,3,23,2,23,1,23,1,24,1,24,2,24,2,24,2,23,3,22,4,22,4,21,4,20,5,19,5,18,6,18,7,4,1,0,0,0,0,0,0,0,0,0,0,0,0,0,0,0,0,0,0,4,1,18,5,18,5,19,7,19,8,19,9,19,10,20,11,20,12,19,13,20,13,20,14,20,14,20,14,19,14,20,14,20,13,20,13,20,12,21,12,21,11,22,11,22,11,23,10,24,10,25,10,26,10,13,7,46,24,45,23,45,23,44,22,43,21,43,19,43,18,43,16,43,14,43,12,44,11,44,10,45,9,45,9,44,9,44,9,44,10,43,10,43,11,41,12,40,13,38,13,36,14,35,15,33,16,31,17,27,24,25,26,4,4,1,1,-1,-1,-2,-1,-1,-1,1,0,5,1,33,9,33,11,33,12,33,15,33,18,33,20,34,22,34,24,34,26,34,28,34,29,34,30,35,30,35,30,35,31,35,31,35,31,35,31,35,30,36,29,37,28,38,27,39,27,40,26,42,25,43,24,45,24,46,24]"
CSI_DATA,170,5c:01:3b:6b:b0:95,-39,11,1,7,0,1,1,1,0,0,0,-97,1,11,0,18316647,0,86,1,256,1,"[86,-32,4,0,-8,23,-8,22,-7,22,-6,21,-5,21,-5,21,-5,20,-4,20,-3,20,-2,20,-2,20,-1,21,-1,21,-1,21,-1,21,-1,21,-1,20,-1,20,-2,19,-3,19,-4,18,-4,18,-4,17,-5,17,-5,16,-2,4,0,0,0,0,0,0,0,0,0,0,0,0,0,0,0,0,0,0,-1,4,-4,16,-5,17,-6,17,-7,18,-8,18,-9,18,-9,18,-10,18,-11,18,-11,18,-11,18,-12,19,-12,19,-12,18,-12,18,-12,18,-11,18,-10,19,-10,19,-10,19,-9,20,-9,21,-8,21,-8,22,-8,23,-8,23,-7,12,-19,42,-20,42,-19,41,-18,40,-16,39,-15,39,-14,38,-13,38,-11,38,-9,38,-7,39,-7,39,-6,40,-6,40,-6,40,-7,40,-7,39,-7,38,-8,38,-9,36,-10,35,-11,33,-11,32,-12,31,-12,30,-14,29,-20,25,-21,23,-4,4,-2,1,0,-1,0,-2,0,-1,-1,1,-2,5,-7,31,-9,30,-10,31,-12,31,-14,31,-16,32,-19,32,-20,32,-22,32,-23,32,-24,33,-25,33,-25,33,-26,33,-26,33,-26,32,-26,32,-26,33,-25,33,-24,33,-23,34,-23,35,-22,36,-21,37,-20,38,-19,39,-19,41,-19,42]"
CSI_DATA,171,5c:01:3b:6b:b0:95,-42,11,1,7,0,1,1,1,0,0,0,-97,1,11,0,18366236,0,86,1,256,1,"[86,-32,4,0,2,-25,2,-25,1,-24,1,-24,0,-24,-1,-24,-1,-23,-2,-23,-3,-22,-3,-22,-3,-22,-4,-22,-5,-23,-5,-22,-5,-23,-5,-23,-4,-22,-4,-22,-3,-22,-3,-21,-2,-21,-1,-20,0,-19,1,-19,1,-19,0,-5,0,0,0,0,0,0,0,0,0,0,0,0,0,0,0,0,0,0,0,-5,1,-18,1,-18,2,-19,3,-20,4,-20,5,-20,5,-21,6,-21,7,-21,8,-21,8,-21,9,-21,9,-21,9,-21,8,-22,7,-22,7,-22,6,-22,6,-22,5,-23,5,-23,4,-24,4,-24,4,-24,4,-25,3,-26,1,-15,6,-49,6,-48,5,-48,5,-47,4,-46,3,-45,2,-44,1,-44,-1,-43,-3,-43,-5,-43,-6,-43,-7,-43,-7,-43,-7,-43,-7,-43,-6,-43,-6,-43,-4,-42,-3,-41,-2,-40,-1,-39,0,-38,0,-37,2,-36,3,-35,8,-34,10,-33,1,-6,0,-2,-1,0,0,0,-1,0,-1,-2,-1,-6,-3,-33,-1,-33,1,-34,3,-35,5,-36,7,-37,9,-38,11,-39,12,-39,14,-39,15,-39,16,-39,16,-40,17,-41,17,-41,17,-41,16,-41,16,-41,15,-41,14,-41,13,-42,12,-43,11,-43,10,-44,9,-44,8,-46,8,-47,8,-49]"
CSI_DATA,172,5c:01:3b:6b:b0:95,-40,11,1,5,0,1,1,1,0,0,0,-97,1,11,0,18419936,0,86,1,256,1,"[86,-32,4,0,11,22,11,21,11,20,11,20,12,19,12,19,12,18,13,17,13,17,14,16,14,16,14,16,14,16,15,16,15,16,15,16,14,17,14,16,13,16,12,16,11,16,10,16,9,16,8,16,8,16,1,4,0,0,0,0,0,0,0,0,0,0,0,0,0,0,0,0,0,0,2,3,9,14,9,15,9,16,8,17,8,18,7,19,7,19,7,20,6,20,5,21,5,22,5,22,5,22,5,22,5,21,5,21,6,21,6,21,7,21,7,21,8,21,9,21,9,21,10,22,11,22,11,23,5,13,19,44,19,43,19,42,19,41,19,40,20,39,20,38,21,36,22,35,23,33,25,33,26,32,27,33,27,33,27,33,26,33,26,33,25,33,24,33,22,33,20,33,19,32,18,31,16,31,15,31,13,31,8,32,6,32,0,5,0,1,-1,-1,-1,-1,-1,-1,1,1,3,4,19,24,18,26,17,28,16,30,14,32,13,34,12,35,11,37,10,39,9,40,8,40,7,41,8,41,8,42,8,42,8,42,7,42,8,42,9,41,9,41,10,41,11,41,12,42,14,42,16,42,17,42,18,43,19,43]"
CSI_DATA,173,5c:01:3b:6b:b0:95,-38,11,1,6,0,1,1,1,0,0,0,-97,1,11,0,18473192,0,86,1,256,1,"[86,-32,4,0,-10,10,-10,9,-9,9,-9,9,-9,9,-8,9,-8,9,-7,9,-7,9,-7,10,-7,10,-7,10,-7,10,-6,10,-6,10,-6,10,-6,10,-6,9,-6,9,-7,9,-7,8,-7,8,-7,7,-7,7,-7,6,-2,1,0,0,0,0,0,0,0,0,0,0,0,0,0,0,0,0,0,0,-2,1,-6,7,-7,7,-8,7,-8,7,-9,7,-9,7,-10,7,-10,6,-10,6,-11,6,-11,6,-11,6,-11,6,-11,6,-11,6,-11,6,-11,6,-10,7,-10,7,-10,7,-10,8,-10,8,-10,8,-10,9,-10,9,-10,9,-13,10,-40,34,-40,33,-39,32,-38,32,-36,32,-35,32,-34,32,-32,33,-30,33,-29,34,-28,35,-28,36,-28,37,-28,37,-28,37,-28,37,-28,36,-27,35,-28,34,-28,33,-29,31,-28,29,-29,27,-29,26,-29,24,-29,22,-32,17,-32,15,-6,2,-2,0,0,-1,0,-1,0,-1,-1,1,-4,5,-21,28,-23,27,-25,26,-27,25,-30,25,-32,24,-34,24,-36,24,-38,23,-39,22,-41,21,-42,21,-42,21,-42,21,-42,21,-43,21,-43,21,-43,21,-42,22,-41,22,-41,23,-41,24,-40,26,-40,27,-40,29,-40,31,-40,32,-40,33]"
CSI_DATA,174,5c:01:3b:6b:b0:95,-38,11,1,6,0,1,1,1,0,0,0,-97,1,11,0,18522207,0,86,1,256,1,"[86,-32,4,0,-25,4,-24,4,-23,4,-22,4,-22,5,-22,5,-21,5,-21,6,-21,6,-21,7,-20,7,-20,8,-20,8,-20,8,-20,8,-20,7,-20,7,-20,6,-19,6,-19,5,-19,4,-18,4,-18,3,-17,2,-17,1,-5,0,0,0,0,0,0,0,0,0,0,0,0,0,0,0,0,0,0,0,-4,1,-16,5,-17,4,-18,4,-19,3,-20,2,-20,1,-21,1,-21,0,-22,0,-22,-1,-23,-1,-23,-1,-23,-2,-22,-2,-22,-2,-22,-2,-22,-1,-22,-1,-22,0,-22,1,-23,1,-23,2,-23,2,-24,3,-24,3,-25,3,-15,0,-47,3,-47,3,-45,2,-44,2,-43,3,-42,4,-42,5,-41,6,-40,7,-39,9,-39,10,-39,11,-39,12,-40,12,-39,12,-39,11,-38,11,-38,10,-39,9,-38,7,-37,6,-36,5,-35,4,-34,3,-33,1,-32,0,-32,-5,-31,-7,-6,-2,-2,-1,0,0,0,-1,0,-1,-2,0,-6,2,-30,10,-31,8,-32,7,-34,5,-35,3,-36,1,-37,0,-38,-1,-39,-3,-40,-4,-40,-5,-41,-6,-42,-6,-42,-6,-42,-6,-42,-6,-42,-7,-42,-7,-42,-6,-41,-5,-42,-5,-43,-4,-43,-3,-44,-1,-44,1,-45,2,-46,3,-46,3]"
CSI_DATA,175,5c:01:3b:6b:b0:95,-41,11,1,6,0,1,1,1,0,0,0,-97,1,11,0,18571418,0,86,1,256,1,"[86,-32,4,0,4,-25,4,-25,3,-24,3,-23,2,-23,2,-23,1,-23,0,-22,-1,-22,-1,-22,-2,-22,-2,-22,-2,-22,-3,-22,-2,-23,-2,-22,-2,-22,-1,-22,-1,-21,0,-21,1,-20,1,-19,2,-19,2,-18,3,-18,0,-5,0,0,0,0,0,0,0,0,0,0,0,0,0,0,0,0,0,0,0,-5,1,-18,2,-18,3,-19,4,-19,4,-20,5,-20,6,-20,7,-20,8,-20,8,-21,9,-21,9,-21,9,-21,9,-21,9,-21,8,-21,8,-21,7,-21,7,-22,7,-22,6,-22,6,-23,5,-23,5,-24,5,-25,4,-25,4,-14,14,-46,14,-45,13,-44,13,-43,12,-43,11,-42,9,-42,8,-42,6,-42,5,-41,3,-42,2,-42,1,-42,1,-43,1,-42,2,-42,3,-42,3,-41,4,-41,5,-40,6,-38,6,-37,7,-35,7,-34,8,-33,10,-32,17,-29,18,-28,3,-5,1,-2,-1,0,-1,0,-1,0,0,-2,0,-6,6,-31,7,-31,6,-33,8,-33,10,-34,12,-34,14,-35,16,-35,18,-36,20,-36,21,-36,21,-36,22,-36,22,-37,22,-36,22,-36,22,-36,22,-37,21,-37,20,-37,20,-38,19,-39,18,-39,17,-41,16,-41,15,-43,15,-45,14,-45]"
CSI_DATA,176,5c:01:3b:6b:b0:95,-38,11,1,6,0,1,1,1,0,0,0,-97,1,11,0,18616353,0,86,1,256,1,"[86,-32,4,0,4,24,4,23,4,23,4,22,5,22,5,21,5,20,6,20,7,19,8,19,7,19,7,19,8,19,8,19,8,19,8,19,8,19,7,19,6,19,5,19,4,18,3,17,3,17,2,17,2,17,0,4,0,0,0,0,0,0,0,0,0,0,0,0,0,0,0,0,0,0,1,3,5,16,5,17,4,17,3,18,2,19,2,20,1,20,1,20,0,21,-1,21,-1,22,-2,22,-2,22,-2,22,-1,22,-1,22,-1,21,0,21,0,21,1,22,1,22,1,22,2,22,3,23,3,24,4,24,3,13,12,44,12,44,12,43,12,42,13,41,13,39,13,38,14,37,16,37,17,35,18,35,19,34,20,34,20,34,20,34,19,35,18,35,18,35,16,35,15,34,14,34,12,33,11,32,10,32,8,31,6,31,7,31,5,31,0,5,0,1,-1,-1,-1,-1,-1,-1,1,1,3,4,20,24,19,25,13,29,11,31,10,32,9,34,8,36,7,37,5,39,4,40,3,40,2,40,2,41,2,42,1,42,2,42,2,42,2,42,2,41,3,41,4,41,5,41,7,41,8,41,9,42,10,43,11,44,11,44]"
CSI_DATA,177,5c:01:3b:6b:b0:95,-38,11,1,6,0,1,1,1,0,0,0,-97,1,11,0,18666423,0,86,1,256,1,"[86,-32,4,0,-11,8,-11,8,-10,8,-10,8,-10,8,-9,8,-9,8,-9,8,-8,8,-8,9,-7,9,-7,9,-7,10,-7,9,-8,9,-8,9,-8,9,-8,9,-8,8,-8,8,-8,7,-8,7,-8,6,-8,6,-8,6,-2,1,0,0,0,0,0,0,0,0,0,0,0,0,0,0,0,0,0,0,-2,1,-7,6,-7,6,-8,6,-9,6,-9,6,-10,6,-10,5,-11,5,-11,5,-11,5,-11,5,-12,5,-12,5,-11,5,-12,5,-12,5,-11,5,-11,5,-11,6,-11,6,-11,6,-11,7,-11,7,-11,8,-11,8,-11,8,-15,7,-47,26,-46,24,-45,23,-43,22,-42,22,-41,23,-40,24,-39,25,-37,26,-35,27,-34,29,-34,30,-34,31,-35,30,-34,30,-34,30,-34,29,-34,29,-35,28,-35,25,-34,24,-34,22,-33,21,-33,19,-33,18,-33,16,-36,8,-35,6,-7,0,-2,0,0,-1,0,-1,0,-1,-2,1,-5,3,-28,20,-30,18,-29,20,-32,18,-34,17,-36,16,-38,15,-40,14,-41,13,-42,12,-43,12,-44,12,-45,12,-45,12,-45,12,-45,11,-45,12,-46,12,-46,12,-45,13,-45,14,-45,15,-45,15,-45,17,-44,20,-45,22,-45,24,-45,24]"
CSI_DATA,178,5c:01:3b:6b:b0:95,-42,11,1,6,0,1,1,1,0,0,0,-97,1,11,0,18716219,0,86,1,256,1,"[86,-32,4,0,-28,2,-28,2,-26,3,-26,3,-26,4,-25,4,-25,4,-24,5,-24,6,-24,7,-23,7,-23,8,-23,8,-23,8,-23,8,-24,8,-24,7,-23,6,-23,5,-22,4,-22,3,-21,3,-21,2,-20,1,-20,1,-5,0,0,0,0,0,0,0,0,0,0,0,0,0,0,0,0,0,0,0,-5,1,-19,4,-20,3,-21,3,-21,2,-22,1,-23,0,-24,-1,-24,-2,-24,-3,-25,-3,-26,-3,-26,-4,-25,-4,-25,-4,-25,-4,-25,-3,-25,-2,-25,-2,-25,-1,-25,-1,-26,-1,-26,0,-26,1,-27,1,-28,2,-28,2,-16,3,-52,10,-52,10,-51,10,-50,10,-49,11,-48,12,-47,12,-46,13,-44,15,-43,16,-43,18,-43,19,-43,19,-43,19,-43,19,-43,19,-43,19,-43,18,-43,16,-42,15,-42,13,-41,11,-40,10,-39,8,-38,6,-38,4,-37,5,-37,3,-7,0,-2,-1,0,-1,0,-1,0,-1,-2,1,-5,4,-28,22,-30,20,-34,12,-36,11,-38,9,-40,8,-42,6,-43,5,-45,3,-45,1,-46,0,-47,-1,-48,-1,-48,-2,-48,-2,-48,-2,-48,-2,-48,-1,-48,0,-48,1,-48,2,-49,3,-49,4,-49,6,-50,7,-50,8,-51,9,-51,9]"
CSI_DATA,179,5c:01:3b:6b:b0:95,-37,11,1,5,0,1,1,1,0,0,0,-97,1,11,0,18771093,0,86,1,256,1,"[86,-32,4,0,17,-17,16,-17,15,-17,15,-17,15,-17,14,-17,13,-17,12,-17,12,-17,12,-18,11,-18,11,-18,11,-19,11,-19,11,-19,11,-18,11,-18,12,-17,12,-16,12,-16,12,-15,12,-14,12,-13,12,-12,12,-12,3,-3,0,0,0,0,0,0,0,0,0,0,0,0,0,0,0,0,0,0,2,-4,9,-14,10,-14,12,-14,13,-14,13,-14,14,-14,15,-14,16,-13,17,-13,17,-13,18,-13,18,-13,18,-12,18,-12,18,-12,18,-12,17,-13,17,-13,17,-13,17,-14,17,-15,17,-15,16,-16,16,-16,17,-17,18,-18,10,-9,35,-30,34,-29,33,-29,32,-29,31,-28,30,-29,29,-29,28,-29,26,-30,25,-31,24,-32,23,-33,23,-33,23,-33,23,-33,24,-33,24,-32,24,-32,24,-31,24,-29,24,-27,24,-26,24,-24,24,-23,24,-21,25,-19,28,-15,28,-13,5,-3,1,-1,-1,0,-1,0,-1,0,0,-2,3,-5,18,-26,20,-25,21,-25,23,-24,25,-23,27,-23,29,-22,31,-22,32,-21,34,-21,35,-20,35,-19,36,-20,36,-20,37,-19,37,-19,37,-19,36,-20,36,-21,35,-21,34,-21,34,-22,35,-23,35,-25,34,-26,34,-27,35,-28,35,-29]"
CSI_DATA,180,5c:01:3b:6b:b0:95,-42,11,1,6,0,1,1,1,0,0,0,-97,1,11,0,18816358,0,86,1,256,1,"[86,-32,4,0,3,-28,3,-28,3,-27,2,-26,1,-26,0,-26,-1,-25,-1,-25,-2,-25,-3,-24,-3,-24,-4,-24,-4,-24,-4,-24,-4,-25,-4,-25,-4,-24,-3,-24,-3,-24,-2,-23,0,-22,0,-22,1,-21,1,-20,2,-20,0,-5,0,0,0,0,0,0,0,0,0,0,0,0,0,0,0,0,0,0,0,-5,0,-20,1,-20,2,-21,3,-21,4,-22,5,-22,6,-23,7,-23,7,-23,8,-23,8,-24,9,-24,9,-24,9,-24,9,-23,8,-23,8,-23,7,-24,7,-24,6,-25,6,-25,5,-25,5,-26,4,-26,4,-27,3,-28,4,-16,15,-50,15,-50,14,-49,14,-48,13,-47,11,-46,9,-46,8,-46,6,-46,5,-45,3,-46,2,-46,2,-47,2,-47,1,-46,2,-46,3,-46,3,-45,4,-45,6,-43,6,-42,7,-41,8,-39,8,-38,9,-36,11,-35,21,-31,23,-29,4,-5,1,-2,-1,0,-1,1,-1,0,0,-2,0,-7,6,-35,8,-35,6,-36,9,-36,11,-37,13,-37,16,-38,18,-39,20,-39,21,-39,22,-39,23,-40,23,-40,24,-40,24,-40,25,-40,25,-40,24,-41,23,-40,22,-41,21,-42,20,-43,19,-44,18,-45,17,-46,16,-47,16,-49,16,-50]"
CSI_DATA,181,5c:01:3b:6b:b0:95,-43,11,1,7,0,1,1,1,0,0,0,-97,1,11,0,18866423,0,86,1,256,1,"[86,-32,4,0,23,-7,23,-7,22,-8,21,-8,21,-8,21,-9,20,-9,19,-10,19,-10,18,-11,18,-12,18,-12,18,-12,18,-12,18,-12,19,-12,18,-11,18,-10,18,-10,18,-9,18,-8,17,-8,17,-7,17,-6,17,-5,4,-2,0,0,0,0,0,0,0,0,0,0,0,0,0,0,0,0,0,0,3,-2,16,-7,16,-7,17,-6,18,-5,19,-5,19,-4,20,-3,21,-3,21,-2,21,-2,22,-1,22,-1,22,-1,22,-1,22,-1,22,-2,21,-2,21,-3,21,-3,21,-4,22,-4,22,-5,22,-5,23,-6,24,-6,24,-7,14,-3,47,-9,46,-9,45,-9,44,-9,42,-9,42,-10,41,-11,40,-12,39,-14,38,-15,37,-17,37,-18,37,-18,37,-19,37,-19,37,-18,38,-17,37,-17,37,-16,37,-14,36,-13,35,-11,34,-10,34,-9,33,-7,32,-6,33,2,32,4,5,0,1,0,-1,-1,-1,0,-1,0,1,-1,4,-3,28,-12,29,-10,31,-10,32,-9,34,-7,35,-6,37,-5,38,-3,39,-2,40,0,40,1,40,1,41,2,42,2,42,2,42,2,42,2,42,2,41,1,41,0,42,-1,42,-2,43,-3,43,-4,43,-6,44,-7,46,-8,47,-9]"
CSI_DATA,182,5c:01:3b:6b:b0:95,-42,11,1,6,0,1,1,1,0,0,0,-97,1,11,0,18918052,0,86,1,256,1,"[86,-32,4,0,-22,-18,-22,-17,-21,-16,-21,-15,-21,-15,-21,-14,-21,-13,-21,-12,-22,-12,-22,-11,-22,-10,-23,-10,-23,-10,-23,-10,-23,-10,-23,-10,-22,-11,-22,-11,-21,-11,-20,-12,-19,-12,-18,-12,-17,-12,-17,-13,-16,-13,-4,-4,0,0,0,0,0,0,0,0,0,0,0,0,0,0,0,0,0,0,-4,-3,-16,-11,-16,-12,-16,-13,-16,-14,-16,-15,-16,-16,-16,-17,-16,-18,-16,-19,-16,-20,-15,-20,-15,-21,-15,-20,-15,-20,-15,-20,-16,-20,-16,-20,-17,-19,-17,-19,-18,-18,-18,-18,-19,-18,-19,-17,-20,-18,-21,-18,-22,-19,-13,-12,-41,-36,-40,-36,-39,-35,-39,-34,-38,-32,-39,-31,-39,-29,-39,-28,-39,-26,-40,-24,-41,-22,-42,-21,-44,-21,-44,-21,-43,-21,-42,-21,-41,-21,-40,-22,-40,-22,-38,-23,-37,-24,-35,-23,-33,-24,-32,-24,-30,-25,-29,-26,-25,-28,-22,-30,-4,-6,-1,-2,0,0,0,0,0,0,-2,-1,-6,-3,-32,-16,-31,-18,-30,-22,-30,-25,-29,-28,-29,-30,-28,-32,-28,-33,-28,-35,-27,-37,-27,-38,-27,-38,-27,-39,-28,-39,-28,-40,-27,-40,-27,-40,-28,-40,-28,-39,-29,-38,-30,-38,-31,-37,-32,-36,-34,-36,-36,-35,-37,-35,-39,-35,-39,-35]"
CSI_DATA,183,5c:01:3b:6b:b0:95,-39,11,1,7,0,1,1,1,0,0,0,-97,1,11,0,18966372,0,86,1,256,1,"[86,-32,4,0,4,-25,4,-24,3,-24,2,-23,2,-23,1,-23,0,-22,-1,-22,-1,-22,-2,-22,-2,-22,-2,-22,-2,-22,-3,-22,-3,-22,-3,-22,-2,-22,-2,-22,-1,-21,0,-20,0,-19,1,-19,1,-18,2,-18,3,-18,0,-5,0,0,0,0,0,0,0,0,0,0,0,0,0,0,0,0,0,0,0,-5,1,-18,2,-18,2,-18,3,-19,4,-20,5,-20,6,-20,6,-20,7,-20,8,-20,8,-21,9,-21,9,-21,9,-21,9,-21,8,-21,7,-21,7,-21,7,-21,6,-22,5,-22,5,-23,5,-22,5,-23,5,-24,4,-25,3,-14,11,-46,12,-45,11,-44,11,-43,10,-42,8,-42,7,-42,5,-42,4,-41,3,-40,1,-41,0,-41,0,-41,0,-41,-1,-42,-1,-41,0,-41,1,-41,1,-41,2,-40,3,-38,4,-37,5,-35,6,-34,7,-32,9,-32,15,-29,16,-28,3,-5,1,-2,-1,0,-1,0,-1,0,-1,-2,0,-6,3,-31,5,-31,5,-32,7,-33,10,-33,11,-34,13,-35,15,-36,16,-36,18,-36,19,-36,20,-36,21,-36,21,-37,21,-36,20,-36,20,-36,19,-36,19,-37,18,-37,18,-38,17,-39,15,-40,15,-41,14,-41,13,-43,13,-44,13,-45]"
CSI_DATA,184,5c:01:3b:6b:b0:95,-38,11,1,6,0,1,1,1,0,0,0,-97,1,11,0,19018054,0,86,1,256,1,"[86,-32,4,0,2,13,2,13,2,12,2,12,3,12,3,12,3,11,3,11,4,11,4,10,4,10,4,10,4,10,4,10,4,11,4,11,4,11,4,10,3,10,3,10,2,10,2,9,1,9,1,9,1,10,0,2,0,0,0,0,0,0,0,0,0,0,0,0,0,0,0,0,0,0,0,2,3,8,2,9,2,9,2,10,1,10,1,11,0,11,0,11,0,11,-1,11,-1,12,-1,12,-1,12,-1,12,-1,12,-1,12,-1,12,0,11,0,12,0,12,1,12,1,12,1,12,1,13,1,13,2,13,-1,15,2,51,1,50,2,49,2,48,3,47,4,47,5,46,6,45,7,44,9,43,11,42,13,43,13,43,13,43,13,43,13,43,12,42,11,42,9,42,8,41,6,40,5,38,4,37,3,37,2,36,0,36,-6,35,-9,34,-2,5,-1,1,-1,-1,-1,-2,-1,-1,0,1,1,5,9,32,6,33,7,34,5,35,2,37,0,38,-1,40,-3,41,-5,42,-7,43,-7,43,-8,43,-7,44,-8,45,-8,45,-9,46,-9,45,-9,45,-8,44,-7,44,-7,45,-5,45,-4,46,-2,47,-1,47,0,49,1,50,2,51]"
CSI_DATA,185,5c:01:3b:6b:b0:95,-38,11,1,6,0,1,1,1,0,0,0,-97,1,11,0,19068317,0,86,1,256,1,"[86,-32,4,0,-1,-14,-1,-14,-1,-13,-1,-13,-2,-13,-2,-13,-2,-12,-3,-12,-3,-12,-4,-12,-4,-12,-4,-12,-4,-12,-4,-12,-4,-12,-4,-12,-4,-12,-3,-12,-3,-12,-3,-11,-2,-11,-2,-11,-2,-10,-1,-10,-1,-10,-1,-3,0,0,0,0,0,0,0,0,0,0,0,0,0,0,0,0,0,0,-1,-3,-2,-10,-1,-10,-1,-11,-1,-11,0,-11,0,-12,1,-12,1,-12,2,-12,2,-12,2,-13,2,-13,2,-13,2,-12,2,-12,2,-13,1,-13,1,-12,1,-13,1,-13,1,-13,0,-13,0,-13,0,-13,0,-14,-1,-14,2,-16,5,-51,6,-51,6,-50,6,-49,5,-48,3,-48,2,-47,1,-47,-1,-46,-3,-46,-5,-46,-6,-46,-7,-46,-7,-46,-7,-46,-6,-46,-5,-45,-4,-45,-3,-44,-2,-44,-1,-42,0,-41,0,-40,1,-39,3,-37,5,-36,14,-33,15,-32,2,-6,0,-2,-1,0,0,1,-1,0,-1,-2,-1,-7,-1,-34,2,-35,0,-36,3,-37,5,-38,7,-39,8,-40,10,-40,12,-41,14,-42,15,-42,15,-43,16,-44,16,-44,16,-44,17,-44,17,-44,16,-44,15,-44,14,-44,14,-44,12,-46,12,-46,10,-47,9,-48,8,-49,7,-50,6,-50]"
CSI_DATA,186,5c:01:3b:6b:b0:95,-40,11,1,5,0,1,1,1,0,0,0,-97,1,11,0,19119465,0,86,1,256,1,"[86,-32,4,0,8,-27,8,-27,7,-26,6,-26,6,-26,5,-25,4,-25,3,-25,2,-25,2,-25,1,-25,1,-25,1,-25,1,-25,1,-26,1,-25,1,-25,2,-25,2,-24,3,-23,4,-22,5,-21,5,-21,5,-20,6,-20,1,-5,0,0,0,0,0,0,0,0,0,0,0,0,0,0,0,0,0,0,0,-5,3,-20,4,-20,5,-21,6,-21,7,-21,8,-22,9,-22,10,-22,11,-22,12,-22,12,-22,13,-22,13,-22,13,-22,12,-22,12,-23,11,-23,11,-23,10,-23,10,-24,10,-24,9,-25,9,-25,9,-26,9,-27,9,-28,8,-14,26,-45,26,-45,25,-44,24,-43,22,-42,21,-42,20,-42,19,-42,17,-43,15,-43,13,-45,11,-45,11,-46,12,-46,12,-45,13,-45,13,-44,13,-44,14,-43,15,-41,16,-40,16,-38,16,-37,17,-35,17,-33,18,-32,28,-24,30,-22,5,-4,1,-2,-1,0,-1,0,-1,0,0,-2,2,-6,14,-33,16,-32,13,-34,15,-34,18,-34,21,-34,23,-34,25,-34,27,-34,29,-34,30,-34,30,-34,31,-35,31,-36,31,-36,32,-35,32,-35,31,-35,31,-35,30,-36,29,-36,29,-37,28,-38,27,-39,26,-41,26,-43,25,-45,25,-45]"
CSI_DATA,187,5c:01:3b:6b:b0:95,-43,11,1,7,0,1,1,1,0,0,0,-97,1,11,0,19168937,0,86,1,256,1,"[86,-32,4,0,13,-21,13,-21,12,-21,11,-20,11,-21,10,-21,9,-21,8,-21,8,-21,7,-21,7,-21,6,-21,6,-21,6,-21,6,-22,6,-21,7,-21,7,-20,7,-20,7,-19,8,-18,9,-17,9,-17,9,-16,9,-15,2,-4,0,0,0,0,0,0,0,0,0,0,0,0,0,0,0,0,0,0,1,-4,7,-16,8,-16,9,-16,10,-17,11,-17,12,-16,13,-16,13,-16,14,-16,15,-16,15,-16,16,-16,16,-16,16,-16,15,-16,15,-16,15,-16,14,-17,14,-17,14,-18,14,-19,13,-19,13,-19,13,-20,14,-21,13,-21,9,-12,29,-37,29,-36,29,-36,28,-36,26,-35,25,-35,24,-35,23,-35,21,-35,19,-36,18,-37,17,-38,17,-39,17,-39,17,-39,17,-39,18,-38,18,-37,19,-36,20,-35,20,-33,20,-31,20,-30,20,-29,21,-27,21,-25,27,-20,27,-18,4,-3,1,-1,-1,0,-1,0,-1,0,0,-2,2,-5,15,-28,17,-27,17,-29,19,-28,21,-28,23,-28,25,-27,27,-27,29,-27,30,-26,31,-26,32,-26,33,-26,33,-27,33,-26,34,-26,33,-26,33,-26,32,-27,32,-27,31,-28,31,-29,30,-30,30,-31,29,-32,29,-34,30,-35,31,-37]"
CSI_DATA,188,5c:01:3b:6b:b0:95,-39,11,1,7,0,1,1,1,0,0,0,-97,1,11,0,19218286,0,86,1,256,1,"[86,-32,4,0,12,20,12,19,12,19,12,18,12,17,13,17,13,16,13,15,14,15,14,15,14,14,14,14,15,14,15,14,15,14,14,14,14,14,14,15,13,15,12,15,11,14,10,14,9,14,8,14,8,14,1,3,0,0,0,0,0,0,0,0,0,0,0,0,0,0,0,0,0,0,2,3,11,13,10,14,9,15,9,16,9,16,8,17,8,18,8,19,7,20,7,20,6,21,6,21,6,21,6,20,6,20,7,20,7,20,8,19,8,19,8,19,9,19,9,20,10,19,10,20,11,20,12,21,7,11,23,39,23,38,23,38,23,37,23,35,24,34,24,33,24,31,25,30,26,28,27,28,28,27,29,27,29,27,29,27,29,28,28,28,27,28,26,28,24,28,23,28,21,27,20,27,19,27,17,27,15,27,13,28,12,29,1,5,0,1,-1,-1,-1,-1,-1,-1,1,0,4,3,23,20,22,21,21,24,19,26,18,28,17,30,16,32,15,33,14,35,13,37,13,38,13,38,13,39,13,39,13,39,13,39,13,39,13,39,13,38,14,38,15,38,16,38,17,37,18,37,20,37,21,37,22,38,23,39]"
CSI_DATA,189,5c:01:3b:6b:b0:95,-43,11,1,7,0,1,1,1,0,0,0,-97,1,11,0,19269013,0,86,1,256,1,"[86,-32,4,0,-25,3,-25,3,-23,4,-23,4,-23,5,-22,5,-22,6,-21,6,-20,7,-20,7,-20,8,-21,8,-21,8,-20,8,-20,8,-20,8,-20,8,-20,7,-20,6,-20,5,-19,5,-19,4,-18,4,-18,3,-18,2,-5,0,0,0,0,0,0,0,0,0,0,0,0,0,0,0,0,0,0,0,-5,1,-17,4,-18,4,-19,3,-20,2,-20,2,-21,1,-21,0,-21,-1,-22,-1,-22,-1,-23,-2,-23,-2,-23,-2,-23,-2,-23,-2,-23,-2,-22,-1,-22,-1,-22,0,-23,0,-23,1,-23,2,-23,2,-24,3,-25,3,-25,3,-15,-1,-48,1,-47,0,-46,0,-45,1,-44,1,-43,2,-42,3,-42,4,-41,6,-40,7,-40,9,-40,10,-40,11,-41,11,-40,11,-40,11,-40,10,-40,9,-40,8,-39,7,-38,5,-37,4,-36,3,-35,3,-34,1,-34,0,-33,-8,-32,-9,-6,-2,-2,-1,0,0,0,-1,0,-1,-2,0,-6,1,-31,5,-32,3,-33,4,-34,2,-35,0,-36,-2,-38,-3,-39,-5,-39,-6,-40,-7,-40,-8,-41,-9,-41,-9,-42,-9,-42,-9,-42,-10,-42,-10,-42,-9,-42,-9,-41,-8,-42,-7,-42,-6,-43,-5,-44,-4,-44,-2,-45,-1,-47,0,-48,1]"
CSI_DATA,190,5c:01:3b:6b:b0:95,-37,11,1,5,0,1,1,1,0,0,0,-97,1,11,0,19318222,0,86,1,256,1,"[86,-32,4,0,-8,22,-7,22,-6,21,-6,21,-5,21,-5,21,-4,20,-3,20,-3,20,-2,20,-2,20,-2,20,-1,20,-1,20,-1,21,-2,20,-2,20,-2,20,-2,19,-3,18,-4,18,-5,17,-5,16,-6,16,-6,16,-2,3,0,0,0,0,0,0,0,0,0,0,0,0,0,0,0,0,0,0,-1,4,-3,16,-3,17,-4,17,-5,17,-6,18,-7,18,-8,18,-9,18,-10,18,-11,18,-11,19,-11,19,-12,18,-12,18,-11,18,-10,18,-10,18,-9,18,-9,19,-9,19,-8,20,-8,20,-8,20,-8,21,-8,22,-7,22,-8,11,-22,38,-22,37,-21,37,-20,36,-19,36,-18,35,-17,35,-16,35,-14,35,-13,35,-11,36,-10,36,-10,37,-10,37,-10,37,-11,37,-11,36,-11,36,-12,35,-12,33,-14,32,-14,30,-15,29,-15,28,-15,27,-16,25,-24,20,-25,18,-5,3,-2,0,0,-1,0,-1,0,-1,-1,1,-2,5,-12,28,-14,27,-11,29,-13,29,-16,29,-18,29,-20,29,-22,29,-23,29,-24,29,-25,29,-26,29,-26,29,-27,30,-28,30,-28,29,-27,29,-27,29,-26,30,-26,30,-25,30,-24,31,-24,32,-23,33,-22,34,-22,35,-22,37,-22,38]"
CSI_DATA,191,5c:01:3b:6b:b0:95,-41,11,1,5,0,1,1,1,0,0,0,-97,1,11,0,19368115,0,86,1,256,1,"[86,-32,4,0,-3,-25,-3,-25,-4,-24,-4,-23,-5,-23,-5,-23,-6,-22,-6,-22,-7,-22,-8,-21,-8,-21,-8,-21,-8,-21,-9,-21,-9,-21,-8,-21,-8,-21,-7,-21,-7,-21,-6,-20,-5,-20,-4,-19,-3,-19,-3,-19,-2,-18,-1,-5,0,0,0,0,0,0,0,0,0,0,0,0,0,0,0,0,0,0,-2,-5,-5,-17,-4,-18,-4,-19,-3,-20,-2,-20,-1,-21,-1,-21,0,-22,1,-22,1,-22,2,-23,2,-23,2,-23,2,-23,2,-23,1,-23,1,-23,1,-23,0,-23,0,-23,-1,-23,-1,-24,-2,-24,-2,-24,-2,-25,-3,-25,0,-15,-1,-47,0,-47,0,-47,-1,-46,-2,-44,-3,-44,-4,-43,-5,-42,-7,-41,-8,-41,-10,-42,-11,-41,-11,-41,-11,-42,-11,-41,-10,-41,-10,-41,-9,-41,-8,-41,-7,-40,-6,-39,-4,-38,-3,-37,-2,-36,-1,-35,1,-34,8,-32,10,-31,1,-6,0,-2,-1,0,0,0,-1,0,-1,-2,-2,-6,-6,-32,-4,-32,-5,-33,-3,-34,-1,-35,1,-37,2,-38,4,-39,5,-40,6,-40,8,-41,8,-41,9,-42,9,-42,10,-42,10,-42,9,-42,9,-42,8,-42,8,-42,7,-42,6,-43,4,-43,3,-44,2,-44,1,-45,1,-47,1,-47]"
CSI_DATA,192,5c:01:3b:6b:b0:95,-38,11,1,6,0,1,1,1,0,0,0,-97,1,11,0,19419915,0,86,1,256,1,"[86,-32,4,0,-20,14,-19,14,-18,14,-17,14,-17,14,-17,14,-16,14,-15,14,-15,14,-14,15,-13,16,-13,16,-13,16,-13,16,-14,16,-14,16,-14,15,-14,14,-14,14,-14,13,-14,12,-14,12,-14,11,-13,10,-14,9,-4,2,0,0,0,0,0,0,0,0,0,0,0,0,0,0,0,0,0,0,-3,2,-13,11,-14,11,-15,10,-16,10,-16,10,-17,9,-18,9,-19,8,-19,8,-20,8,-21,8,-21,8,-21,8,-20,8,-20,8,-20,8,-19,8,-19,9,-20,9,-19,10,-19,10,-19,11,-19,12,-19,13,-20,13,-20,13,-13,6,-40,21,-40,21,-39,21,-38,20,-36,20,-35,21,-34,21,-33,22,-32,23,-31,24,-30,25,-29,26,-29,27,-29,27,-29,27,-29,26,-30,26,-30,25,-30,24,-30,22,-30,21,-29,19,-29,18,-28,17,-28,15,-28,14,-30,7,-30,5,-6,0,-2,-1,0,-1,0,-1,0,-1,-2,1,-5,3,-24,19,-26,18,-27,18,-29,17,-31,15,-33,14,-34,14,-35,13,-37,12,-38,11,-39,11,-39,10,-40,10,-40,10,-40,10,-40,10,-40,10,-40,10,-40,10,-39,11,-39,12,-39,13,-39,14,-39,16,-39,18,-39,19,-40,20,-40,21]"
CSI_DATA,193,5c:01:3b:6b:b0:95,-42,11,1,6,0,1,1,1,0,0,0,-97,1,11,0,19466409,0,86,1,256,1,"[86,-32,4,0,-26,9,-26,9,-24,9,-24,9,-23,10,-23,10,-22,10,-21,11,-21,11,-20,12,-20,13,-20,13,-20,13,-20,13,-20,13,-20,13,-20,12,-20,12,-20,11,-20,10,-20,9,-19,8,-19,7,-19,7,-19,6,-5,1,0,0,0,0,0,0,0,0,0,0,0,0,0,0,0,0,0,0,-5,2,-17,8,-18,8,-19,7,-20,7,-21,6,-22,6,-23,5,-23,4,-24,3,-24,3,-25,3,-25,3,-25,3,-25,3,-25,3,-25,3,-24,4,-24,4,-24,5,-24,5,-25,6,-25,6,-24,7,-25,8,-26,8,-26,9,-16,3,-51,13,-50,13,-49,13,-48,12,-47,13,-46,13,-45,14,-44,15,-42,16,-42,18,-41,20,-40,21,-41,22,-41,22,-40,22,-40,22,-40,21,-40,20,-41,19,-40,17,-40,15,-38,13,-38,12,-37,11,-36,9,-36,7,-37,2,-36,-1,-7,-1,-2,-1,0,-1,0,-1,0,-1,-2,1,-6,3,-31,16,-32,14,-34,13,-35,12,-37,10,-39,8,-41,7,-42,6,-44,4,-45,3,-45,2,-46,1,-46,1,-47,1,-47,1,-47,0,-47,0,-48,1,-47,2,-46,3,-47,3,-47,4,-47,5,-48,7,-47,9,-49,11,-50,12,-50,12]"
CSI_DATA,194,5c:01:3b:6b:b0:95,-38,11,1,6,0,1,1,1,0,0,0,-97,1,11,0,19516344,0,86,1,256,1,"[86,-32,4,0,-6,-24,-6,-23,-6,-23,-6,-22,-7,-21,-7,-21,-8,-20,-9,-20,-9,-19,-9,-19,-10,-19,-10,-19,-10,-19,-10,-19,-10,-19,-10,-19,-10,-19,-9,-19,-9,-18,-8,-18,-7,-18,-6,-18,-5,-17,-5,-17,-4,-17,-1,-5,0,0,0,0,0,0,0,0,0,0,0,0,0,0,0,0,0,0,-2,-4,-6,-17,-6,-17,-5,-18,-4,-19,-3,-19,-3,-20,-2,-20,-2,-21,-1,-22,-1,-22,0,-23,0,-23,0,-23,0,-22,0,-22,-1,-22,-1,-22,-1,-22,-2,-22,-3,-22,-3,-22,-4,-22,-4,-23,-4,-23,-5,-24,-5,-24,-2,-14,-6,-45,-6,-45,-5,-44,-5,-43,-6,-42,-7,-41,-8,-40,-9,-40,-11,-39,-12,-38,-13,-38,-14,-37,-15,-38,-15,-38,-14,-38,-14,-38,-14,-38,-13,-37,-12,-37,-10,-36,-9,-36,-8,-34,-7,-34,-6,-33,-5,-32,-3,-32,3,-31,5,-31,0,-6,0,-2,-1,0,0,0,0,0,-1,-2,-2,-6,-9,-29,-7,-30,-8,-32,-6,-33,-4,-35,-2,-36,-1,-37,0,-38,1,-39,3,-40,4,-40,4,-41,4,-41,5,-42,5,-41,5,-41,5,-41,5,-42,4,-41,3,-40,2,-41,1,-42,0,-42,-2,-42,-3,-43,-4,-44,-4,-45,-5,-45]"
CSI_DATA,195,5c:01:3b:6b:b0:95,-37,11,1,5,0,1,1,1,0,0,0,-97,1,11,0,19572484,0,86,1,256,1,"[86,-32,4,0,-20,13,-19,13,-18,13,-18,13,-18,14,-17,14,-16,14,-15,14,-15,14,-14,15,-14,15,-14,15,-14,16,-14,16,-14,16,-15,15,-15,15,-15,14,-14,13,-15,12,-15,11,-15,11,-14,10,-14,9,-14,8,-4,2,0,0,0,0,0,0,0,0,0,0,0,0,0,0,0,0,0,0,-3,2,-12,11,-13,11,-14,11,-15,11,-16,10,-17,10,-18,10,-19,9,-19,9,-20,9,-21,9,-21,9,-20,8,-20,8,-20,8,-21,9,-20,9,-20,9,-19,10,-19,11,-19,11,-19,12,-19,12,-20,13,-20,13,-21,13,-13,6,-39,23,-39,23,-38,23,-37,23,-35,23,-35,23,-34,23,-33,24,-31,25,-30,25,-29,27,-29,28,-29,29,-29,29,-29,29,-29,28,-29,27,-28,27,-29,26,-29,24,-29,22,-29,21,-28,19,-28,18,-28,16,-28,14,-30,11,-29,9,-6,1,-2,0,0,-1,0,-1,0,-1,-1,1,-4,4,-21,22,-22,21,-25,21,-27,20,-29,19,-31,18,-33,18,-34,17,-36,16,-37,15,-38,15,-38,14,-39,14,-40,14,-40,14,-40,13,-40,13,-40,14,-39,15,-39,15,-38,16,-38,17,-38,18,-38,19,-38,21,-38,22,-39,24,-39,24]"
CSI_DATA,196,5c:01:3b:6b:b0:95,-42,11,1,6,0,1,1,1,0,0,0,-97,1,11,0,19617704,0,86,1,256,1,"[86,-32,4,0,-24,8,-24,8,-22,8,-22,8,-21,9,-21,9,-20,9,-20,10,-19,10,-19,11,-19,11,-19,12,-19,12,-18,11,-19,11,-19,11,-19,11,-19,10,-18,9,-18,8,-18,8,-18,7,-18,6,-17,5,-17,5,-5,1,0,0,0,0,0,0,0,0,0,0,0,0,0,0,0,0,0,0,-4,2,-16,8,-16,7,-18,7,-18,6,-19,6,-20,5,-21,5,-21,4,-22,3,-22,3,-23,3,-23,3,-23,2,-23,2,-23,2,-23,3,-22,3,-22,3,-22,4,-22,5,-22,5,-22,6,-22,6,-23,7,-24,7,-24,8,-15,3,-47,11,-46,11,-45,11,-44,10,-43,11,-42,11,-41,12,-40,13,-39,15,-38,16,-38,17,-37,18,-38,19,-38,19,-38,18,-38,18,-38,18,-37,17,-38,16,-37,14,-36,12,-35,11,-35,10,-34,9,-33,7,-33,5,-33,0,-33,-2,-6,-1,-2,-1,0,-1,0,-1,0,-1,-2,1,-5,2,-28,15,-29,13,-31,13,-32,11,-34,9,-36,8,-37,7,-39,5,-40,4,-41,3,-41,2,-42,1,-43,1,-43,1,-43,1,-43,0,-43,0,-43,1,-43,1,-42,2,-43,3,-43,4,-43,5,-43,6,-44,8,-45,9,-46,10,-46,11]"
CSI_DATA,197,5c:01:3b:6b:b0:95,-37,11,1,5,0,1,1,1,0,0,0,-97,1,11,0,19668199,0,86,1,256,1,"[86,-32,4,0,-14,2,-14,2,-13,2,-13,3,-12,3,-12,3,-12,3,-12,4,-12,4,-11,4,-11,5,-11,5,-11,5,-11,5,-11,5,-11,5,-11,5,-11,4,-11,4,-11,4,-11,3,-10,3,-10,2,-10,2,-10,2,-3,0,0,0,0,0,0,0,0,0,0,0,0,0,0,0,0,0,0,0,-3,0,-10,2,-10,2,-10,1,-11,1,-11,1,-12,0,-12,0,-12,0,-12,-1,-12,-1,-13,-1,-13,-1,-13,-1,-13,-1,-13,-1,-13,-1,-13,-1,-13,0,-13,0,-13,0,-13,1,-13,1,-13,1,-13,2,-14,2,-14,2,-16,4,-51,13,-51,12,-50,12,-49,12,-47,13,-46,14,-45,14,-44,16,-42,17,-42,18,-41,20,-40,21,-41,22,-41,22,-41,22,-41,22,-40,21,-40,21,-40,20,-40,18,-40,16,-39,14,-38,13,-37,12,-37,10,-36,8,-35,7,-35,5,-7,0,-2,-1,0,-1,0,-1,0,-1,-2,1,-5,3,-29,20,-30,18,-34,12,-36,10,-38,8,-40,7,-41,5,-43,4,-45,3,-45,2,-46,1,-46,0,-47,0,-48,0,-48,0,-48,-1,-48,0,-48,0,-47,1,-47,2,-47,2,-47,3,-48,5,-48,7,-48,9,-49,11,-50,12,-50,12]"
CSI_DATA,198,5c:01:3b:6b:b0:95,-38,11,1,6,0,1,1,1,0,0,0,-97,1,11,0,19716380,0,86,1,256,1,"[86,-32,4,0,13,1,13,1,12,1,12,0,12,0,12,0,11,0,11,-1,11,-1,11,-2,11,-2,11,-2,11,-2,11,-2,12,-2,12,-2,11,-1,11,-1,11,-1,11,0,10,0,10,0,9,0,9,1,9,1,2,0,0,0,0,0,0,0,0,0,0,0,0,0,0,0,0,0,0,0,2,-1,9,-1,9,-1,10,0,10,0,10,1,10,1,11,2,11,2,11,3,11,3,11,3,11,3,11,3,11,3,11,3,11,3,11,3,11,3,11,3,11,2,12,2,12,2,12,2,12,1,13,1,14,1,15,3,50,9,49,9,48,9,48,8,47,8,46,7,45,5,45,4,44,1,44,-1,44,-3,44,-3,45,-4,45,-3,45,-3,45,-2,44,-1,44,0,44,1,42,2,41,3,39,3,38,4,36,5,35,7,34,9,32,14,30,16,5,2,1,0,-1,-1,-2,0,-1,0,1,-1,5,-2,33,-6,33,-3,35,-1,36,2,37,4,38,6,39,8,40,11,40,13,41,15,41,15,41,16,42,16,43,17,43,17,43,17,42,17,42,18,41,17,42,16,43,16,44,15,44,14,46,12,46,11,48,9,49,8,51,8]"
CSI_DATA,199,5c:01:3b:6b:b0:95,-38,11,1,6,0,1,1,1,0,0,0,-97,1,11,0,19767674,0,86,1,256,1,"[86,-32,4,0,-8,-23,-8,-23,-8,-22,-9,-21,-9,-21,-9,-20,-10,-19,-11,-19,-11,-19,-12,-18,-12,-18,-12,-18,-12,-17,-13,-18,-13,-18,-12,-18,-12,-18,-12,-18,-11,-17,-10,-17,-9,-17,-8,-17,-7,-16,-7,-17,-6,-17,-2,-5,0,0,0,0,0,0,0,0,0,0,0,0,0,0,0,0,0,0,-2,-4,-7,-16,-7,-17,-6,-18,-6,-18,-5,-19,-4,-20,-4,-21,-3,-21,-3,-21,-2,-22,-2,-22,-2,-22,-2,-22,-2,-22,-2,-22,-2,-22,-3,-22,-3,-21,-4,-22,-5,-22,-5,-22,-6,-22,-6,-22,-6,-23,-7,-24,-7,-24,-4,-14,-11,-44,-11,-44,-11,-44,-11,-43,-12,-42,-13,-41,-13,-40,-15,-39,-16,-37,-17,-36,-19,-36,-20,-36,-20,-36,-20,-36,-20,-36,-20,-35,-18,-35,-18,-35,-17,-36,-15,-35,-14,-34,-13,-33,-12,-32,-11,-32,-10,-32,-8,-32,-2,-31,0,-31,0,-6,0,-2,0,0,0,0,0,0,-1,-2,-3,-5,-14,-28,-12,-29,-11,-31,-10,-33,-8,-34,-6,-36,-5,-37,-4,-38,-3,-39,-1,-40,-1,-41,-1,-41,-1,-42,-1,-43,0,-42,0,-42,0,-42,0,-42,0,-41,-1,-41,-2,-41,-4,-42,-5,-42,-6,-42,-8,-43,-9,-43,-10,-44,-10,-45]"
CSI_DATA,200,5c:01:3b:6b:b0:95,-42,11,1,6,0,1,1,1,0,0,0,-97,1,11,0,19816250,0,86,1,256,1,"[86,-32,4,0,-28,-6,-27,-6,-26,-5,-26,-5,-26,-4,-25,-3,-25,-3,-24,-2,-24,-1,-24,0,-25,0,-25,1,-25,1,-25,1,-25,1,-25,1,-25,0,-24,-1,-23,-2,-23,-2,-22,-3,-21,-3,-21,-3,-20,-4,-20,-5,-5,-2,0,0,0,0,0,0,0,0,0,0,0,0,0,0,0,0,0,0,-5,-1,-19,-2,-20,-3,-20,-4,-21,-5,-21,-6,-22,-8,-22,-8,-22,-9,-22,-10,-22,-10,-23,-11,-23,-11,-23,-11,-23,-11,-23,-11,-23,-11,-23,-10,-23,-9,-24,-9,-24,-9,-24,-8,-25,-8,-24,-7,-26,-6,-27,-6,-28,-6,-15,-7,-48,-21,-48,-21,-47,-20,-46,-19,-46,-19,-45,-17,-45,-16,-44,-15,-44,-13,-45,-10,-45,-8,-46,-7,-47,-7,-47,-7,-46,-7,-46,-8,-45,-8,-45,-9,-44,-10,-43,-12,-41,-13,-40,-13,-38,-13,-37,-13,-35,-15,-34,-16,-28,-24,-26,-26,-5,-5,-2,-2,0,0,0,0,0,0,-2,-1,-7,-2,-35,-8,-34,-10,-35,-10,-36,-12,-36,-15,-37,-17,-37,-19,-38,-22,-38,-23,-38,-25,-37,-26,-38,-27,-39,-27,-39,-27,-38,-28,-38,-28,-38,-29,-39,-28,-39,-27,-39,-26,-40,-26,-41,-25,-42,-24,-43,-24,-44,-22,-46,-21,-48,-20,-48,-20]"
CSI_DATA,201,5c:01:3b:6b:b0:95,-42,11,1,6,0,1,1,1,0,0,0,-97,1,11,0,19866588,0,86,1,256,1,"[86,-32,4,0,-22,-18,-21,-17,-21,-16,-21,-15,-21,-15,-21,-14,-21,-13,-21,-12,-21,-12,-22,-11,-22,-11,-22,-10,-23,-10,-23,-10,-23,-11,-22,-11,-22,-11,-21,-11,-20,-12,-20,-12,-19,-12,-18,-12,-17,-12,-16,-13,-15,-13,-4,-4,0,0,0,0,0,0,0,0,0,0,0,0,0,0,0,0,0,0,-4,-3,-16,-11,-16,-12,-16,-13,-16,-14,-16,-15,-16,-16,-16,-17,-16,-18,-16,-19,-16,-19,-16,-20,-16,-20,-15,-20,-15,-20,-15,-20,-16,-20,-16,-19,-16,-19,-17,-19,-17,-18,-18,-18,-19,-18,-19,-18,-20,-18,-21,-18,-22,-18,-11,-12,-37,-38,-36,-38,-35,-37,-35,-36,-34,-35,-35,-34,-35,-32,-35,-31,-36,-29,-37,-27,-38,-26,-39,-25,-40,-25,-40,-25,-39,-25,-39,-25,-38,-25,-37,-26,-36,-26,-35,-27,-33,-27,-31,-27,-30,-27,-29,-27,-27,-28,-25,-28,-18,-32,-15,-33,-3,-6,-1,-2,0,0,0,0,0,0,-2,-1,-6,-3,-30,-19,-29,-21,-29,-23,-28,-26,-28,-28,-27,-31,-26,-33,-26,-34,-25,-36,-25,-38,-24,-39,-24,-39,-25,-40,-25,-40,-25,-41,-24,-41,-24,-41,-25,-41,-25,-40,-25,-39,-26,-39,-28,-39,-29,-39,-30,-38,-32,-37,-34,-38,-36,-38,-37,-38]"
CSI_DATA,202,5c:01:3b:6b:b0:95,-37,11,1,5,0,1,1,1,0,0,0,-97,1,11,0,19921009,0,86,1,256,1,"[86,-32,4,0,8,-23,8,-23,7,-22,7,-22,6,-22,6,-21,5,-21,4,-21,3,-21,2,-21,2,-21,2,-21,2,-21,1,-21,2,-21,2,-21,3,-21,3,-21,3,-20,4,-19,4,-18,5,-18,5,-17,5,-17,6,-16,1,-4,0,0,0,0,0,0,0,0,0,0,0,0,0,0,0,0,0,0,0,-4,3,-17,4,-17,5,-18,6,-18,7,-18,8,-18,9,-19,10,-18,11,-18,11,-18,12,-19,12,-19,12,-19,12,-19,12,-18,11,-19,11,-19,10,-19,10,-20,9,-20,9,-20,9,-21,9,-21,9,-22,9,-23,9,-23,5,-13,17,-43,17,-42,16,-42,15,-41,15,-40,14,-40,12,-40,11,-39,9,-39,8,-39,6,-40,5,-40,5,-41,5,-41,5,-41,5,-41,5,-40,6,-40,7,-40,8,-38,9,-37,9,-35,10,-34,10,-32,11,-31,12,-29,16,-27,17,-26,3,-5,1,-2,-1,0,-1,0,-1,0,0,-2,0,-6,4,-31,6,-31,8,-32,10,-32,12,-32,14,-33,16,-33,18,-34,20,-34,21,-34,22,-34,23,-33,24,-34,24,-34,24,-34,25,-34,24,-34,24,-34,23,-35,22,-35,21,-36,20,-37,20,-37,19,-38,18,-39,18,-40,18,-41,18,-42]"
CSI_DATA,203,5c:01:3b:6b:b0:95,-42,11,1,6,0,1,1,1,0,0,0,-97,1,11,0,19966804,0,86,1,256,1,"[86,-32,4,0,26,5,26,5,25,4,25,3,25,3,24,2,24,1,23,1,23,0,23,0,23,-1,23,-2,23,-2,23,-2,24,-1,24,-1,24,0,23,0,22,1,21,2,21,2,20,3,19,3,19,4,18,5,4,1,0,0,0,0,0,0,0,0,0,0,0,0,0,0,0,0,0,0,4,-1,18,-1,19,0,19,1,20,2,21,3,21,4,22,5,22,6,22,7,22,8,22,9,22,9,22,9,22,9,22,9,22,9,22,8,22,7,23,7,23,7,23,6,24,6,24,5,25,5,26,5,27,5,14,5,47,17,46,17,46,17,45,17,44,16,44,15,44,13,43,11,43,10,43,8,43,6,44,6,44,5,44,6,44,6,44,6,44,7,43,7,42,8,41,9,40,10,38,11,36,12,35,13,33,14,32,15,27,23,25,25,4,4,1,1,-1,-1,-2,-1,-1,-1,1,0,6,0,34,4,34,7,35,5,35,8,35,10,36,13,37,15,37,17,37,19,37,20,38,21,38,22,38,23,39,23,38,24,38,24,38,24,38,24,38,24,38,23,39,22,40,21,41,20,42,19,43,18,45,17,47,17,48,17]"
CSI_DATA,204,5c:01:3b:6b:b0:95,-37,11,1,5,0,1,1,1,0,0,0,-97,1,11,0,20018596,0,86,1,256,1,"[86,-32,4,0,23,-6,22,-6,22,-6,21,-6,21,-7,20,-7,19,-7,19,-8,18,-8,18,-9,18,-10,18,-10,19,-10,18,-9,19,-9,19,-9,19,-8,19,-8,18,-7,18,-6,17,-6,17,-5,16,-5,16,-4,16,-3,4,-1,0,0,0,0,0,0,0,0,0,0,0,0,0,0,0,0,0,0,3,-2,15,-7,16,-7,17,-6,18,-5,18,-4,19,-4,19,-3,20,-2,21,-2,21,-1,22,-1,22,-1,22,-1,21,-1,21,-1,21,-1,21,-1,20,-2,21,-2,21,-3,21,-3,21,-4,21,-4,22,-5,23,-5,23,-6,13,-1,44,-3,44,-3,43,-3,42,-3,41,-4,40,-5,39,-5,38,-6,37,-8,37,-9,37,-11,37,-13,37,-13,38,-13,38,-12,38,-12,37,-11,37,-11,37,-10,36,-8,35,-7,34,-6,33,-4,32,-4,31,-2,30,0,29,8,28,10,4,1,1,0,-1,-1,-2,0,-1,0,1,-1,5,-2,29,-8,30,-6,30,-8,31,-6,33,-4,34,-3,35,-1,36,1,37,2,38,3,38,4,39,4,40,5,40,5,40,5,40,6,39,6,39,6,39,5,39,4,39,4,40,3,41,2,41,1,41,-1,42,-2,43,-3,44,-3]"
CSI_DATA,205,5c:01:3b:6b:b0:95,-37,11,1,5,0,1,1,1,0,0,0,-97,1,11,0,20066357,0,86,1,256,1,"[86,-32,4,0,-23,-8,-23,-8,-22,-8,-22,-7,-22,-6,-22,-6,-21,-5,-21,-4,-21,-4,-21,-3,-21,-2,-21,-2,-22,-2,-22,-2,-22,-3,-22,-3,-22,-3,-21,-4,-20,-4,-20,-5,-19,-5,-18,-5,-17,-6,-17,-6,-17,-6,-5,-2,0,0,0,0,0,0,0,0,0,0,0,0,0,0,0,0,0,0,-5,-1,-17,-4,-17,-5,-17,-6,-18,-7,-18,-8,-19,-9,-19,-10,-19,-10,-19,-11,-19,-12,-19,-12,-19,-12,-19,-12,-19,-12,-19,-12,-19,-12,-19,-12,-19,-11,-20,-11,-20,-10,-20,-10,-21,-9,-21,-9,-22,-9,-23,-9,-24,-9,-14,-5,-44,-16,-44,-16,-43,-15,-42,-15,-42,-14,-41,-13,-41,-12,-40,-10,-40,-8,-40,-7,-41,-6,-41,-4,-42,-4,-42,-4,-42,-4,-41,-4,-41,-5,-40,-5,-40,-6,-38,-7,-37,-8,-35,-9,-34,-10,-33,-10,-32,-11,-30,-12,-28,-15,-27,-17,-5,-4,-2,-2,0,0,0,0,0,0,-2,0,-6,-1,-31,-2,-31,-4,-32,-7,-33,-9,-33,-12,-33,-14,-34,-15,-35,-17,-35,-19,-35,-20,-35,-21,-35,-22,-35,-23,-36,-23,-36,-24,-36,-24,-36,-23,-37,-23,-37,-22,-37,-21,-37,-21,-38,-20,-39,-19,-40,-18,-40,-17,-42,-17,-43,-17,-44,-17]"
CSI_DATA,206,5c:01:3b:6b:b0:95,-37,11,1,5,0,1,1,1,0,0,0,-97,1,11,0,20116339,0,86,1,256,1,"[86,-32,4,0,20,-12,19,-12,19,-13,18,-13,18,-13,17,-13,17,-13,16,-13,15,-13,15,-14,15,-14,14,-15,14,-16,14,-15,15,-15,15,-15,15,-14,15,-14,15,-13,15,-12,15,-11,15,-10,15,-10,14,-9,14,-8,3,-2,0,0,0,0,0,0,0,0,0,0,0,0,0,0,0,0,0,0,3,-3,12,-11,13,-11,14,-11,15,-10,16,-10,17,-9,18,-9,19,-8,19,-8,20,-8,20,-7,21,-7,21,-7,20,-7,20,-7,20,-8,20,-8,19,-8,19,-9,19,-9,19,-10,19,-10,19,-10,20,-11,21,-12,21,-13,12,-5,41,-17,41,-17,40,-16,39,-16,38,-17,37,-17,36,-18,35,-19,33,-20,33,-21,32,-22,32,-23,32,-23,32,-24,32,-24,32,-23,32,-23,32,-22,32,-21,32,-19,31,-17,30,-16,30,-14,29,-13,29,-11,29,-10,31,-2,30,0,5,0,1,0,-1,0,-1,0,-1,0,1,-2,4,-4,25,-17,26,-15,26,-17,28,-16,30,-14,32,-13,33,-12,35,-11,37,-10,37,-9,38,-8,38,-7,39,-7,40,-7,40,-7,40,-6,40,-7,40,-7,39,-8,39,-8,39,-9,39,-10,39,-11,40,-12,39,-13,40,-14,41,-15,42,-16]"
CSI_DATA,207,5c:01:3b:6b:b0:95,-37,11,1,5,0,1,1,1,0,0,0,-97,1,11,0,20167782,0,86,1,256,1,"[86,-32,4,0,-11,-21,-12,-21,-12,-20,-12,-19,-12,-19,-12,-19,-12,-18,-13,-17,-14,-17,-14,-17,-14,-16,-14,-16,-15,-16,-15,-16,-15,-17,-14,-17,-14,-17,-13,-17,-12,-16,-12,-16,-11,-16,-9,-16,-9,-16,-8,-16,-8,-16,-2,-4,0,0,0,0,0,0,0,0,0,0,0,0,0,0,0,0,0,0,-3,-4,-11,-14,-10,-15,-10,-16,-10,-17,-9,-18,-9,-18,-8,-19,-7,-20,-7,-20,-7,-21,-6,-22,-6,-22,-6,-22,-6,-22,-6,-21,-6,-21,-7,-21,-7,-20,-8,-21,-9,-20,-9,-21,-9,-21,-10,-21,-10,-21,-11,-22,-12,-22,-6,-14,-17,-43,-17,-42,-17,-41,-17,-40,-17,-39,-18,-38,-18,-37,-19,-36,-20,-35,-22,-34,-23,-34,-24,-33,-25,-33,-25,-33,-25,-33,-24,-33,-23,-33,-22,-33,-21,-33,-20,-33,-18,-33,-17,-32,-16,-32,-14,-31,-13,-31,-11,-30,-5,-31,-3,-31,-1,-6,0,-2,0,0,0,0,0,0,-2,-2,-4,-5,-17,-26,-16,-27,-17,-28,-16,-30,-15,-32,-14,-33,-12,-35,-11,-36,-10,-38,-9,-39,-8,-39,-8,-40,-8,-41,-8,-41,-7,-42,-7,-42,-7,-41,-8,-41,-8,-41,-9,-40,-10,-40,-11,-40,-12,-40,-13,-41,-15,-40,-16,-41,-17,-42,-17,-42]"
CSI_DATA,208,5c:01:3b:6b:b0:95,-37,11,1,5,0,1,1,1,0,0,0,-97,1,11,0,20216356,0,86,1,256,1,"[86,-32,4,0,-5,12,-5,12,-4,12,-4,12,-4,12,-3,12,-3,11,-3,11,-2,11,-2,11,-2,11,-2,11,-2,11,-1,11,-1,11,-2,11,-2,11,-2,11,-2,11,-3,10,-3,10,-3,9,-4,9,-4,9,-4,8,-1,2,0,0,0,0,0,0,0,0,0,0,0,0,0,0,0,0,0,0,-1,2,-2,9,-2,9,-3,9,-4,9,-4,10,-5,10,-5,10,-5,10,-6,10,-6,10,-7,10,-7,10,-7,10,-7,10,-7,10,-7,10,-6,10,-6,10,-6,10,-6,11,-5,11,-5,11,-5,11,-5,12,-5,12,-5,12,-9,12,-27,43,-27,42,-26,42,-25,41,-24,40,-23,40,-21,39,-19,39,-17,39,-16,40,-15,41,-14,41,-14,41,-14,42,-14,42,-14,42,-14,41,-15,41,-15,40,-16,38,-17,36,-18,34,-19,33,-19,32,-20,30,-20,28,-28,21,-29,19,-6,3,-2,0,0,-1,0,-1,0,-1,-1,1,-3,5,-14,31,-16,30,-13,32,-15,32,-18,32,-20,32,-22,32,-25,32,-27,32,-28,32,-29,32,-30,32,-31,33,-31,34,-32,33,-32,32,-32,32,-31,33,-31,33,-30,33,-29,34,-28,34,-28,36,-27,37,-27,38,-26,40,-26,41,-26,42]"
CSI_DATA,209,5c:01:3b:6b:b0:95,-37,11,1,5,0,1,1,1,0,0,0,-97,1,11,0,20266267,0,86,1,256,1,"[86,-32,4,0,1,-24,1,-24,1,-23,0,-23,0,-23,0,-22,-1,-22,-2,-21,-3,-21,-4,-21,-4,-21,-4,-21,-4,-21,-4,-21,-4,-21,-4,-21,-3,-21,-3,-21,-2,-20,-2,-20,-1,-19,0,-18,0,-18,1,-18,1,-17,0,-5,0,0,0,0,0,0,0,0,0,0,0,0,0,0,0,0,0,0,-1,-5,-2,-17,-1,-18,0,-18,1,-19,1,-19,2,-20,3,-20,4,-20,5,-21,5,-21,6,-21,6,-22,6,-22,6,-21,6,-21,5,-21,5,-21,4,-21,4,-21,4,-22,3,-22,3,-22,3,-22,2,-23,2,-24,2,-25,2,-14,6,-45,6,-45,6,-45,5,-44,5,-43,4,-42,3,-41,2,-41,1,-40,-1,-40,-2,-41,-3,-41,-4,-41,-5,-41,-4,-41,-4,-40,-4,-40,-3,-40,-2,-40,0,-38,1,-37,2,-36,3,-35,4,-34,5,-33,6,-32,11,-30,13,-29,2,-5,0,-2,-1,0,0,0,-1,0,-1,-2,-1,-6,-3,-31,-1,-32,0,-33,2,-34,4,-35,5,-36,7,-36,9,-37,11,-37,12,-38,14,-38,14,-38,15,-39,15,-39,15,-39,15,-39,15,-39,14,-39,13,-39,12,-39,12,-39,11,-39,11,-40,10,-41,9,-42,8,-43,8,-44,8,-45]"
CSI_DATA,210,5c:01:3b:6b:b0:95,-41,11,1,5,0,1,1,1,0,0,0,-97,1,11,0,20318765,0,86,1,256,1,"[86,-32,4,0,-25,5,-25,5,-24,6,-23,6,-23,6,-22,7,-21,7,-21,8,-20,8,-20,9,-20,9,-20,10,-20,10,-20,10,-20,10,-20,10,-20,9,-20,9,-19,8,-19,7,-19,6,-19,6,-18,5,-18,4,-17,4,-5,0,0,0,0,0,0,0,0,0,0,0,0,0,0,0,0,0,0,0,-5,1,-17,5,-17,5,-19,4,-19,3,-20,3,-21,2,-21,1,-22,1,-22,0,-23,-1,-23,-1,-23,-1,-23,-1,-23,-1,-23,-1,-23,-1,-23,0,-22,1,-23,1,-23,2,-23,2,-23,3,-23,3,-24,4,-25,5,-25,5,-15,0,-47,2,-47,2,-46,2,-45,2,-44,3,-43,4,-42,4,-42,6,-41,7,-40,9,-40,11,-40,12,-40,12,-40,13,-40,12,-40,12,-40,11,-39,11,-39,10,-39,8,-38,7,-37,5,-36,5,-35,4,-34,2,-33,1,-33,-8,-31,-10,-6,-3,-2,-1,0,0,0,-1,0,-1,-2,0,-6,1,-31,6,-32,4,-33,5,-34,3,-35,1,-37,-1,-38,-2,-39,-4,-40,-5,-40,-6,-41,-7,-41,-8,-42,-8,-42,-8,-43,-8,-42,-9,-42,-9,-42,-8,-42,-7,-42,-6,-42,-6,-42,-5,-43,-4,-44,-3,-44,-1,-45,0,-47,1,-47,1]"
CSI_DATA,211,5c:01:3b:6b:b0:95,-35,11,1,4,0,1,1,1,0,0,0,-97,1,11,0,20372817,0,86,1,256,1,"[86,-32,4,0,12,-5,12,-5,11,-5,11,-5,11,-6,10,-6,10,-6,10,-6,9,-6,9,-7,9,-7,9,-7,9,-7,9,-7,9,-7,9,-7,9,-7,9,-6,9,-6,9,-5,9,-5,9,-5,9,-4,8,-4,8,-3,2,-1,0,0,0,0,0,0,0,0,0,0,0,0,0,0,0,0,0,0,1,-2,7,-5,8,-5,8,-4,9,-4,9,-4,10,-3,10,-3,10,-3,11,-3,11,-2,11,-2,11,-2,11,-2,11,-2,11,-2,11,-2,11,-3,11,-3,11,-3,11,-3,11,-4,11,-4,11,-4,12,-4,12,-5,12,-5,13,-6,45,-18,45,-18,44,-18,43,-18,42,-19,42,-20,40,-20,38,-20,37,-22,36,-24,36,-25,35,-26,34,-27,35,-27,35,-26,35,-26,35,-25,35,-24,35,-23,35,-21,35,-20,34,-18,33,-17,33,-15,32,-14,32,-12,32,-9,31,-7,5,-1,1,-1,-1,-1,-1,0,-1,0,1,-2,4,-5,24,-22,26,-21,29,-18,31,-17,33,-15,35,-14,36,-13,38,-12,39,-10,41,-9,41,-8,42,-8,43,-8,44,-7,43,-7,43,-7,43,-7,43,-7,43,-8,42,-9,43,-10,43,-12,43,-12,44,-13,43,-14,44,-16,45,-18,46,-18]"
CSI_DATA,212,5c:01:3b:6b:b0:95,-42,11,1,6,0,1,1,1,0,0,0,-97,1,11,0,20416375,0,86,1,256,1,"[86,-32,4,0,12,-25,12,-25,11,-24,10,-24,10,-24,9,-24,8,-24,7,-24,6,-24,5,-24,5,-24,4,-24,4,-24,4,-24,4,-25,4,-24,4,-24,5,-24,5,-23,6,-22,6,-21,7,-20,7,-20,7,-19,8,-19,2,-5,0,0,0,0,0,0,0,0,0,0,0,0,0,0,0,0,0,0,1,-5,7,-18,8,-18,9,-19,10,-19,11,-19,12,-19,13,-19,14,-19,15,-19,15,-19,16,-19,16,-19,16,-19,16,-19,16,-19,15,-19,15,-19,14,-20,14,-20,14,-21,14,-22,13,-22,13,-22,13,-23,13,-25,13,-25,7,-15,23,-48,24,-47,23,-46,22,-45,20,-45,19,-45,18,-45,16,-45,14,-45,12,-45,10,-45,9,-46,8,-46,9,-46,9,-46,9,-46,10,-46,10,-45,11,-45,12,-44,13,-42,13,-40,14,-38,14,-37,15,-35,16,-34,20,-31,21,-29,4,-5,1,-2,-1,0,-1,1,-1,0,0,-2,1,-7,6,-35,8,-34,13,-34,15,-34,18,-35,20,-35,22,-35,24,-36,26,-36,28,-35,29,-35,30,-35,30,-36,31,-36,31,-36,31,-36,31,-36,31,-36,30,-36,29,-37,29,-38,28,-39,27,-40,26,-42,25,-43,24,-44,24,-45,24,-46]"
CSI_DATA,213,5c:01:3b:6b:b0:95,-38,11,1,6,0,1,1,1,0,0,0,-97,1,11,0,20466322,0,86,1,256,1,"[86,-32,4,0,11,-22,10,-21,9,-21,9,-21,9,-21,8,-21,7,-20,6,-20,6,-20,5,-21,4,-21,5,-21,4,-21,4,-21,5,-21,5,-21,5,-20,5,-20,6,-19,6,-19,7,-18,7,-17,7,-17,7,-16,8,-15,2,-4,0,0,0,0,0,0,0,0,0,0,0,0,0,0,0,0,0,0,1,-4,5,-16,6,-17,7,-17,8,-17,9,-17,10,-17,11,-17,12,-17,13,-17,13,-17,13,-17,14,-17,14,-18,14,-18,14,-17,14,-17,13,-17,12,-17,12,-18,12,-19,12,-19,11,-20,11,-20,11,-21,12,-22,12,-22,8,-11,28,-36,27,-35,27,-34,26,-34,25,-34,23,-34,22,-34,21,-34,20,-34,18,-35,17,-35,16,-36,16,-37,16,-37,16,-36,16,-36,16,-36,17,-35,18,-35,18,-33,18,-32,18,-30,19,-29,19,-27,19,-26,20,-24,26,-18,27,-16,4,-3,1,-1,-1,0,-1,0,-1,0,0,-2,2,-5,15,-27,17,-27,16,-28,18,-28,20,-27,22,-27,24,-27,26,-27,27,-26,29,-26,30,-26,30,-25,31,-26,31,-26,32,-25,32,-25,32,-26,32,-26,31,-26,30,-26,30,-27,29,-28,29,-30,28,-31,28,-32,28,-33,28,-35,28,-35]"
CSI_DATA,214,5c:01:3b:6b:b0:95,-42,11,1,6,0,1,1,1,0,0,0,-97,1,11,0,20517809,0,86,1,256,1,"[86,-32,4,0,-13,24,-13,24,-12,23,-11,23,-11,23,-10,23,-9,22,-8,22,-7,22,-6,22,-6,22,-6,23,-5,23,-5,23,-5,23,-6,23,-6,23,-7,22,-7,21,-8,20,-9,19,-9,18,-9,18,-9,18,-9,17,-3,4,0,0,0,0,0,0,0,0,0,0,0,0,0,0,0,0,0,0,-2,4,-6,17,-7,18,-9,18,-10,18,-11,18,-12,19,-13,19,-14,18,-15,18,-15,19,-16,19,-16,19,-16,19,-16,19,-16,19,-16,19,-15,19,-15,19,-14,20,-14,20,-14,21,-14,21,-13,21,-13,23,-13,24,-13,24,-11,12,-32,41,-32,40,-31,39,-30,38,-28,38,-27,38,-26,38,-24,38,-22,38,-21,39,-19,40,-18,41,-18,41,-18,42,-18,41,-18,41,-19,40,-19,39,-21,39,-21,37,-22,35,-22,33,-22,32,-22,31,-22,29,-23,28,-30,21,-31,19,-6,3,-2,0,0,-1,0,-1,0,-1,-1,1,-3,5,-16,30,-19,30,-18,31,-20,30,-23,30,-25,30,-27,30,-29,30,-31,30,-33,29,-34,29,-35,29,-35,30,-36,30,-36,29,-36,29,-36,29,-37,29,-36,29,-35,30,-34,31,-34,32,-33,33,-32,35,-31,36,-31,38,-31,40,-31,40]"
CSI_DATA,215,5c:01:3b:6b:b0:95,-42,11,1,6,0,1,1,1,0,0,0,-97,1,11,0,20571434,0,86,1,256,1,"[86,-32,4,0,-10,-26,-10,-26,-10,-24,-11,-23,-11,-23,-11,-23,-12,-22,-13,-21,-13,-21,-14,-20,-14,-20,-14,-20,-15,-20,-15,-20,-15,-20,-15,-20,-14,-20,-14,-20,-13,-20,-12,-20,-11,-19,-10,-19,-9,-19,-8,-19,-7,-19,-2,-5,0,0,0,0,0,0,0,0,0,0,0,0,0,0,0,0,0,0,-3,-5,-9,-17,-9,-18,-8,-19,-8,-20,-7,-21,-6,-22,-6,-23,-5,-23,-4,-24,-4,-24,-4,-25,-3,-25,-3,-25,-3,-25,-4,-25,-4,-25,-5,-25,-5,-24,-6,-25,-6,-25,-7,-25,-7,-25,-8,-25,-9,-25,-9,-26,-10,-26,-3,-16,-10,-51,-9,-51,-9,-50,-9,-48,-10,-47,-11,-46,-12,-45,-13,-44,-15,-43,-16,-42,-18,-42,-19,-42,-20,-42,-20,-42,-20,-42,-19,-41,-18,-41,-18,-41,-17,-41,-15,-41,-13,-40,-12,-39,-11,-38,-10,-38,-9,-37,-6,-36,3,-37,6,-36,1,-7,0,-2,-1,0,0,0,0,0,-1,-2,-2,-6,-10,-33,-8,-34,-11,-35,-9,-37,-7,-38,-5,-40,-3,-41,-2,-42,0,-44,1,-44,2,-45,2,-46,2,-46,2,-47,3,-47,3,-47,3,-47,2,-47,2,-46,1,-46,0,-46,-1,-47,-3,-47,-4,-48,-6,-48,-8,-49,-9,-50,-10,-51]"
CSI_DATA,216,5c:01:3b:6b:b0:95,-38,11,1,6,0,1,1,1,0,0,0,-97,1,11,0,20616335,0,86,1,256,1,"[86,-32,4,0,5,-24,5,-23,4,-23,4,-22,3,-22,2,-22,2,-22,1,-21,0,-21,-1,-21,-1,-21,-1,-21,-1,-21,-1,-21,-1,-21,-1,-21,-1,-21,0,-21,0,-20,1,-20,2,-19,2,-18,2,-18,3,-17,4,-17,1,-5,0,0,0,0,0,0,0,0,0,0,0,0,0,0,0,0,0,0,0,-5,0,-17,1,-18,2,-18,3,-19,4,-19,5,-20,6,-20,7,-20,7,-20,7,-20,8,-21,8,-21,8,-21,9,-20,8,-20,8,-20,8,-20,7,-20,7,-21,6,-21,6,-22,5,-22,5,-22,5,-23,5,-24,5,-25,5,-14,16,-43,15,-42,14,-41,14,-41,13,-40,12,-40,11,-40,10,-40,8,-39,6,-39,4,-40,3,-40,3,-40,3,-40,3,-40,4,-40,4,-39,5,-39,6,-39,7,-37,8,-36,8,-34,9,-33,9,-32,10,-31,12,-30,18,-26,19,-24,3,-5,1,-2,-1,0,-1,0,-1,0,0,-2,0,-6,4,-31,6,-31,5,-32,7,-32,10,-33,12,-34,14,-34,16,-34,17,-34,19,-34,20,-34,20,-34,20,-35,21,-36,21,-35,22,-35,22,-35,21,-35,21,-35,20,-35,20,-36,19,-37,18,-38,17,-39,16,-39,15,-41,15,-42,15,-43]"
CSI_DATA,217,5c:01:3b:6b:b0:95,-42,11,1,6,0,1,1,1,0,0,0,-97,1,11,0,20666325,0,86,1,256,1,"[86,-32,4,0,-13,23,-13,23,-12,22,-11,22,-11,22,-10,22,-9,22,-8,22,-8,22,-7,22,-7,22,-6,22,-6,22,-6,23,-6,23,-7,23,-7,23,-8,22,-8,21,-9,20,-9,19,-9,18,-10,17,-10,17,-11,16,-3,4,0,0,0,0,0,0,0,0,0,0,0,0,0,0,0,0,0,0,-2,4,-6,17,-7,17,-9,18,-10,18,-11,18,-12,19,-13,19,-14,18,-15,18,-15,18,-16,18,-16,18,-17,18,-16,18,-16,18,-16,18,-15,19,-15,18,-15,19,-14,20,-14,20,-14,21,-14,21,-14,22,-14,23,-13,24,-10,12,-29,42,-29,41,-29,40,-28,39,-26,39,-25,39,-24,39,-23,39,-20,39,-18,39,-17,40,-16,41,-16,42,-17,42,-17,42,-17,41,-17,40,-17,39,-19,39,-20,37,-20,35,-20,34,-20,32,-21,32,-21,30,-23,28,-28,24,-30,22,-6,3,-2,0,0,-1,0,-1,0,-1,-1,1,-2,5,-13,31,-15,31,-15,31,-18,31,-21,31,-24,31,-26,31,-28,31,-30,30,-31,30,-32,30,-32,30,-33,31,-33,32,-33,31,-34,31,-34,31,-34,31,-34,30,-33,30,-32,32,-32,33,-31,34,-30,36,-29,38,-28,40,-28,42,-28,43]"
CSI_DATA,218,5c:01:3b:6b:b0:95,-38,11,1,6,0,1,1,1,0,0,0,-97,1,11,0,20716338,0,86,1,256,1,"[86,-32,4,0,6,22,6,22,7,21,7,20,7,20,8,20,8,19,9,18,9,17,10,17,10,17,10,17,10,17,10,17,10,17,10,17,10,17,9,17,9,17,8,17,7,16,6,16,6,16,5,16,4,16,1,4,0,0,0,0,0,0,0,0,0,0,0,0,0,0,0,0,0,0,1,3,6,14,6,15,5,16,5,17,4,18,4,19,3,19,2,20,2,20,1,21,1,21,1,21,1,21,1,21,1,21,1,21,2,21,2,20,3,20,3,21,4,21,4,21,5,21,5,22,6,22,7,23,1,13,6,45,5,44,5,43,5,41,6,40,7,40,8,39,9,38,10,37,11,36,13,36,14,35,15,36,15,36,15,36,14,36,13,36,12,35,12,35,10,35,9,34,8,33,7,32,6,31,5,31,3,30,-5,30,-6,30,-2,5,-1,1,-1,-1,-1,-1,-1,-1,0,1,1,4,8,28,6,29,8,30,6,31,4,33,2,34,1,35,0,36,-1,37,-3,38,-4,39,-4,39,-4,40,-4,40,-4,40,-5,40,-5,40,-5,41,-5,40,-4,39,-3,40,-1,40,0,40,1,41,2,41,4,42,5,43,5,44]"
CSI_DATA,219,5c:01:3b:6b:b0:95,-36,11,1,4,0,1,1,1,0,0,0,-97,1,11,0,20771275,0,86,1,256,1,"[86,-32,4,0,2,23,2,23,3,22,3,22,3,22,4,21,4,21,5,20,6,20,6,19,6,19,7,19,7,20,7,20,7,20,7,20,7,20,6,20,5,19,5,19,4,18,3,17,2,17,2,17,1,17,0,4,0,0,0,0,0,0,0,0,0,0,0,0,0,0,0,0,0,0,1,3,5,15,4,16,3,17,2,18,1,19,1,19,0,20,0,20,-1,21,-2,21,-2,22,-2,22,-2,22,-3,22,-2,21,-2,21,-1,21,-1,21,-1,21,0,21,1,22,1,22,1,22,1,23,2,24,3,24,-1,14,0,45,0,45,0,44,1,43,2,42,2,42,3,41,4,40,6,39,7,39,9,39,10,38,11,38,11,38,10,39,10,39,9,38,8,38,7,38,6,37,4,36,3,35,3,34,2,33,0,32,-2,32,-6,31,-8,30,-2,5,-1,1,-1,-1,-1,-1,-1,-1,0,1,1,4,8,29,7,30,6,31,4,32,2,34,0,35,-1,36,-3,36,-5,38,-6,39,-7,39,-8,39,-8,40,-8,41,-8,40,-9,40,-9,40,-9,40,-8,40,-7,40,-6,40,-5,41,-3,41,-3,42,-2,42,-1,43,0,45,1,46]"
CSI_DATA,220,5c:01:3b:6b:b0:95,-42,11,1,6,0,1,1,1,0,0,0,-97,1,11,0,20816486,0,86,1,256,1,"[86,-32,4,0,-2,24,-1,23,-1,23,-1,22,0,22,0,22,1,21,2,21,2,21,3,20,3,20,4,20,4,20,4,21,4,21,4,21,3,21,3,20,2,20,1,19,0,19,0,18,-1,18,-1,17,-2,17,-1,4,0,0,0,0,0,0,0,0,0,0,0,0,0,0,0,0,0,0,0,4,2,16,1,17,0,18,-1,18,-2,19,-3,19,-4,20,-5,20,-6,20,-6,20,-6,21,-6,21,-7,21,-6,21,-6,21,-6,21,-5,21,-5,21,-5,21,-4,21,-4,22,-4,22,-3,22,-3,23,-2,24,-2,24,-4,13,-9,45,-9,44,-9,44,-8,43,-7,42,-6,42,-5,41,-4,40,-2,40,-1,40,1,40,2,40,2,40,2,40,2,40,2,40,2,40,1,39,0,39,-1,38,-2,37,-3,35,-4,34,-5,33,-6,32,-8,31,-14,29,-16,28,-3,4,-2,1,0,-1,-1,-1,0,-1,0,1,0,5,-1,30,-2,31,-2,31,-4,32,-6,33,-8,34,-9,35,-11,36,-13,36,-14,36,-16,37,-16,37,-17,38,-17,38,-17,38,-17,38,-17,38,-17,38,-16,38,-15,38,-14,39,-14,39,-13,40,-12,41,-11,42,-10,43,-9,44,-9,45]"
CSI_DATA,221,5c:01:3b:6b:b0:95,-42,11,1,6,0,1,1,1,0,0,0,-97,1,11,0,20866314,0,86,1,256,1,"[86,-32,4,0,-19,-21,-18,-20,-18,-19,-18,-18,-18,-18,-18,-17,-18,-16,-19,-15,-19,-15,-20,-14,-20,-13,-21,-13,-21,-13,-21,-13,-21,-14,-21,-13,-20,-14,-20,-14,-19,-14,-18,-15,-17,-14,-16,-14,-15,-14,-14,-14,-14,-15,-4,-4,0,0,0,0,0,0,0,0,0,0,0,0,0,0,0,0,0,0,-4,-4,-14,-13,-14,-14,-14,-16,-14,-17,-13,-18,-13,-19,-13,-19,-12,-20,-12,-21,-12,-21,-12,-22,-12,-22,-12,-22,-12,-22,-12,-22,-12,-22,-13,-21,-13,-21,-13,-21,-14,-21,-15,-21,-15,-21,-16,-20,-17,-20,-18,-21,-19,-21,-8,-15,-25,-45,-24,-44,-24,-44,-23,-43,-23,-41,-24,-40,-25,-39,-26,-38,-27,-36,-28,-35,-29,-34,-31,-33,-31,-33,-31,-33,-31,-33,-31,-33,-30,-33,-29,-33,-28,-33,-26,-33,-25,-33,-23,-33,-22,-32,-21,-32,-19,-32,-17,-32,-6,-36,-3,-36,-1,-7,0,-2,0,0,0,0,0,0,-2,-2,-4,-5,-19,-29,-17,-30,-21,-30,-19,-32,-18,-34,-17,-36,-16,-37,-15,-39,-14,-41,-13,-42,-12,-43,-12,-43,-12,-44,-12,-44,-12,-45,-11,-45,-12,-45,-12,-45,-12,-44,-13,-43,-15,-43,-16,-44,-17,-44,-19,-43,-20,-43,-22,-44,-24,-44,-24,-45]"
CSI_DATA,222,5c:01:3b:6b:b0:95,-38,11,1,6,0,1,1,1,0,0,0,-97,1,11,0,20917758,0,86,1,256,1,"[86,-32,4,0,-12,-21,-12,-21,-12,-20,-12,-19,-12,-19,-12,-18,-12,-18,-13,-17,-13,-16,-14,-16,-14,-16,-14,-16,-14,-15,-15,-16,-15,-16,-14,-16,-14,-16,-13,-16,-12,-16,-12,-16,-10,-16,-10,-15,-9,-15,-9,-15,-8,-15,-2,-4,0,0,0,0,0,0,0,0,0,0,0,0,0,0,0,0,0,0,-3,-4,-10,-13,-10,-14,-10,-15,-10,-17,-9,-17,-9,-18,-8,-19,-8,-19,-7,-20,-7,-21,-7,-21,-7,-21,-6,-21,-6,-21,-6,-21,-7,-21,-7,-21,-7,-20,-8,-20,-8,-20,-9,-21,-9,-21,-10,-20,-10,-21,-11,-22,-12,-22,-5,-14,-15,-42,-14,-42,-14,-41,-14,-41,-14,-39,-15,-39,-16,-37,-17,-36,-18,-35,-18,-34,-20,-34,-21,-34,-22,-34,-22,-34,-21,-33,-21,-33,-20,-33,-19,-33,-18,-33,-16,-33,-15,-33,-14,-32,-13,-32,-12,-31,-11,-30,-9,-30,-1,-31,1,-31,0,-6,0,-2,-1,0,0,0,0,0,-1,-2,-3,-5,-14,-28,-12,-29,-15,-28,-14,-30,-12,-32,-11,-33,-10,-35,-9,-36,-7,-37,-6,-38,-6,-39,-5,-39,-5,-40,-5,-41,-4,-41,-4,-40,-4,-40,-5,-41,-5,-40,-6,-40,-7,-40,-8,-40,-9,-40,-10,-40,-12,-40,-13,-41,-14,-42,-14,-43]"
CSI_DATA,223,5c:01:3b:6b:b0:95,-40,11,1,5,0,1,1,1,0,0,0,-97,1,11,0,20966420,0,86,1,256,1,"[86,-32,4,0,-5,-25,-5,-25,-6,-24,-6,-23,-6,-23,-7,-22,-7,-21,-8,-21,-9,-21,-9,-21,-9,-20,-9,-21,-10,-21,-10,-21,-10,-21,-10,-21,-9,-21,-9,-20,-8,-20,-8,-20,-6,-19,-5,-19,-5,-19,-4,-18,-3,-18,-1,-5,0,0,0,0,0,0,0,0,0,0,0,0,0,0,0,0,0,0,-2,-4,-6,-17,-5,-17,-5,-18,-4,-19,-3,-20,-3,-21,-2,-21,-2,-21,-1,-22,0,-22,0,-23,0,-23,1,-23,1,-23,0,-23,0,-23,-1,-23,-1,-22,-2,-23,-2,-23,-3,-23,-3,-23,-4,-23,-4,-24,-4,-25,-5,-25,-4,-15,-12,-47,-11,-47,-11,-46,-12,-45,-12,-44,-13,-43,-14,-42,-15,-41,-16,-40,-17,-39,-18,-39,-19,-38,-19,-39,-20,-39,-20,-39,-20,-39,-19,-38,-18,-38,-18,-38,-16,-38,-15,-37,-13,-36,-12,-36,-10,-35,-9,-34,-7,-34,-5,-34,-3,-34,-1,-6,0,-2,0,0,0,0,0,0,-2,-2,-3,-5,-16,-28,-15,-29,-12,-32,-10,-33,-9,-35,-8,-36,-7,-38,-5,-39,-4,-40,-3,-41,-2,-42,-1,-42,0,-43,1,-44,1,-44,1,-44,1,-43,0,-44,-1,-44,-2,-43,-4,-43,-5,-43,-6,-44,-7,-44,-8,-44,-9,-45,-9,-46,-9,-47]"
CSI_DATA,224,5c:01:3b:6b:b0:95,-41,11,1,5,0,1,1,1,0,0,0,-97,1,11,0,21016935,0,86,1,256,1,"[86,-32,4,0,5,26,5,26,5,25,6,24,6,24,7,23,7,22,8,22,9,21,9,21,9,21,10,21,10,21,10,21,10,21,10,22,10,22,9,22,8,21,7,20,6,20,5,19,4,19,4,19,3,19,0,4,0,0,0,0,0,0,0,0,0,0,0,0,0,0,0,0,0,0,1,4,6,17,5,18,4,19,4,20,3,21,2,22,2,22,1,23,0,23,-1,23,-1,24,-1,24,-1,24,-1,24,-1,24,-1,24,0,24,0,23,1,24,2,24,2,24,3,24,3,25,4,25,4,26,5,27,-1,15,0,51,0,50,0,49,1,48,2,47,3,46,4,45,5,44,7,43,9,42,11,43,12,43,12,43,12,44,12,43,11,43,11,43,10,43,9,43,7,41,6,41,4,39,4,38,3,37,1,36,-1,35,-11,35,-13,34,-3,6,-1,1,0,-1,-1,-2,-1,-1,0,1,1,5,6,33,3,34,6,34,3,35,1,37,-1,38,-2,40,-4,41,-6,42,-7,42,-8,43,-9,43,-9,44,-9,45,-9,45,-10,45,-10,45,-10,45,-9,44,-8,44,-7,44,-6,45,-4,45,-3,46,-1,47,0,48,1,50,1,51]"
CSI_DATA,225,5c:01:3b:6b:b0:95,-37,11,1,5,0,1,1,1,0,0,0,-97,1,11,0,21066296,0,86,1,256,1,"[86,-32,4,0,7,22,7,22,8,21,8,20,8,20,9,19,9,19,9,18,10,17,10,17,10,17,11,17,11,17,11,17,11,17,11,17,10,17,10,17,9,17,8,17,7,16,6,16,5,16,5,16,4,16,1,4,0,0,0,0,0,0,0,0,0,0,0,0,0,0,0,0,0,0,2,3,8,14,7,15,6,16,6,17,6,17,5,18,5,19,4,19,3,20,3,20,3,21,3,21,3,21,2,21,2,21,2,21,3,20,3,20,4,20,4,21,5,21,5,21,6,20,6,21,7,22,8,23,3,13,12,43,11,43,11,42,12,40,13,39,13,38,14,37,15,36,16,35,16,34,18,34,19,34,19,34,19,35,19,34,18,34,18,34,17,34,17,34,15,33,14,33,12,32,11,31,10,31,8,31,6,30,1,31,-1,31,-1,5,-1,1,-1,-1,-1,-1,-1,-1,0,1,2,4,15,24,14,26,13,28,12,29,10,31,9,33,8,34,6,36,5,37,4,38,3,39,3,39,3,40,3,40,2,40,2,41,2,41,2,40,2,40,3,39,4,39,6,40,7,40,9,41,9,41,11,41,12,42,12,42]"
CSI_DATA,226,5c:01:3b:6b:b0:95,-37,11,1,5,0,1,1,1,0,0,0,-97,1,11,0,21119018,0,86,1,256,1,"[86,-32,4,0,-12,7,-11,7,-11,7,-10,7,-10,7,-10,7,-9,7,-9,7,-9,7,-8,8,-8,8,-8,8,-8,8,-8,8,-8,8,-8,8,-9,8,-9,8,-8,7,-9,7,-9,6,-8,6,-8,5,-8,5,-9,5,-3,1,0,0,0,0,0,0,0,0,0,0,0,0,0,0,0,0,0,0,-2,1,-7,6,-8,6,-8,6,-9,5,-9,5,-10,5,-10,5,-11,5,-11,4,-11,4,-12,4,-12,4,-12,4,-12,4,-12,4,-12,4,-11,4,-11,5,-11,5,-11,5,-11,6,-11,6,-11,6,-11,7,-12,7,-12,7,-15,7,-46,24,-46,23,-45,23,-43,23,-42,23,-41,23,-40,23,-38,24,-36,25,-35,27,-34,29,-34,30,-34,30,-35,30,-34,30,-34,30,-34,29,-34,28,-34,27,-34,25,-34,23,-34,21,-33,20,-33,19,-33,17,-33,15,-35,8,-34,6,-7,0,-2,-1,0,-1,0,-1,0,-1,-2,1,-4,4,-24,22,-26,21,-28,21,-31,19,-33,18,-35,17,-37,16,-39,15,-41,14,-42,13,-42,13,-43,13,-44,13,-45,13,-45,13,-45,12,-45,12,-45,12,-45,13,-44,13,-43,14,-43,15,-43,16,-44,18,-43,20,-44,22,-44,24,-44,24]"
CSI_DATA,227,5c:01:3b:6b:b0:95,-37,11,1,5,0,1,1,1,0,0,0,-97,1,11,0,21166852,0,86,1,256,1,"[86,-32,4,0,0,23,0,22,1,22,1,21,1,21,1,21,2,20,3,20,3,19,4,19,4,19,4,20,5,20,5,19,5,19,4,20,4,19,4,19,3,19,2,18,1,18,0,17,0,17,0,17,-1,16,-1,4,0,0,0,0,0,0,0,0,0,0,0,0,0,0,0,0,0,0,0,3,3,16,2,16,1,17,0,18,-1,19,-1,19,-2,19,-3,20,-4,20,-4,20,-4,21,-5,21,-5,21,-5,21,-4,20,-4,20,-4,20,-3,20,-3,20,-3,21,-2,21,-2,21,-1,21,-1,22,-1,23,0,24,-3,13,-7,43,-7,43,-7,42,-6,41,-5,40,-4,39,-4,39,-3,38,-1,37,0,37,2,38,3,38,3,38,3,39,3,38,3,38,2,38,2,37,1,37,-1,36,-2,35,-3,33,-4,32,-4,31,-5,30,-7,29,-14,27,-16,26,-3,4,-2,1,0,-1,-1,-1,0,-1,0,1,0,5,0,30,-2,30,0,30,-2,31,-4,32,-6,33,-7,34,-9,35,-11,35,-12,36,-13,36,-14,36,-14,37,-14,37,-15,37,-15,37,-15,37,-15,37,-14,37,-13,37,-12,37,-12,38,-11,38,-10,39,-9,40,-8,41,-7,42,-7,43]"
CSI_DATA,228,5c:01:3b:6b:b0:95,-37,11,1,5,0,1,1,1,0,0,0,-97,1,11,0,21216308,0,86,1,256,1,"[86,-32,4,0,20,10,20,9,20,9,20,8,20,8,19,7,19,7,19,6,19,5,20,4,20,4,20,4,20,4,20,4,20,4,20,4,20,5,19,5,18,6,18,6,17,6,16,6,15,7,15,7,15,8,3,2,0,0,0,0,0,0,0,0,0,0,0,0,0,0,0,0,0,0,3,1,16,4,16,5,16,6,16,7,16,8,17,9,17,10,16,10,16,11,16,12,17,13,17,13,17,13,17,13,16,13,17,12,17,12,17,11,17,11,17,11,18,11,18,10,19,9,20,10,21,10,22,11,11,7,37,24,37,24,36,23,36,22,36,21,36,20,35,19,35,17,35,15,35,14,36,12,36,12,37,12,37,12,37,12,37,12,36,13,36,13,35,14,33,15,32,15,31,16,29,16,28,16,26,17,25,18,20,23,19,24,3,4,0,1,-1,-1,-1,-1,-1,-1,1,0,4,1,28,9,28,11,29,11,28,13,28,16,28,18,29,20,29,22,29,24,29,25,28,26,28,26,29,27,29,27,29,27,29,28,28,28,28,28,29,27,29,26,30,26,31,25,32,25,33,24,34,23,35,23,37,23,37,24]"
CSI_DATA,229,5c:01:3b:6b:b0:95,-42,11,1,6,0,1,1,1,0,0,0,-97,1,11,0,21266336,0,86,1,256,1,"[86,-32,4,0,-25,-14,-24,-13,-23,-12,-23,-11,-23,-10,-23,-9,-23,-8,-23,-8,-24,-8,-23,-7,-23,-7,-23,-6,-24,-6,-24,-6,-24,-6,-24,-6,-23,-6,-23,-6,-22,-7,-22,-8,-21,-8,-20,-8,-19,-9,-18,-10,-17,-10,-5,-3,0,0,0,0,0,0,0,0,0,0,0,0,0,0,0,0,0,0,-5,-2,-18,-8,-18,-8,-18,-10,-18,-11,-18,-12,-18,-13,-19,-13,-19,-14,-19,-15,-19,-16,-19,-17,-18,-17,-18,-17,-18,-17,-18,-17,-19,-17,-19,-16,-19,-16,-19,-15,-20,-14,-21,-14,-22,-14,-22,-14,-22,-14,-23,-14,-24,-14,-14,-9,-44,-28,-44,-28,-43,-28,-42,-27,-42,-25,-42,-24,-42,-22,-42,-21,-42,-19,-42,-18,-43,-17,-43,-16,-44,-16,-44,-15,-44,-15,-44,-15,-43,-15,-42,-15,-42,-16,-40,-17,-39,-18,-37,-18,-36,-19,-34,-20,-32,-21,-30,-22,-25,-27,-23,-28,-4,-6,-1,-2,0,0,0,0,0,0,-2,-1,-6,-3,-32,-13,-32,-15,-33,-16,-32,-19,-33,-21,-33,-23,-33,-25,-33,-27,-33,-29,-32,-31,-32,-32,-32,-33,-32,-34,-32,-35,-32,-35,-32,-35,-32,-35,-33,-34,-33,-33,-33,-32,-34,-32,-35,-31,-37,-30,-38,-30,-39,-29,-41,-29,-42,-29,-43,-29]"
CSI_DATA,230,5c:01:3b:6b:b0:95,-38,11,1,6,0,1,1,1,0,0,0,-97,1,11,0,21316387,0,86,1,256,1,"[86,-32,4,0,22,-5,22,-5,21,-5,21,-6,21,-6,20,-7,19,-7,19,-7,18,-8,19,-9,19,-9,19,-9,18,-9,18,-9,18,-10,19,-9,18,-9,18,-8,18,-8,17,-7,17,-7,17,-6,16,-5,16,-4,16,-3,4,-1,0,0,0,0,0,0,0,0,0,0,0,0,0,0,0,0,0,0,3,-2,15,-5,16,-5,17,-4,17,-3,18,-3,19,-2,19,-2,20,-1,20,-1,21,0,21,1,21,1,21,1,21,1,21,1,20,0,20,0,20,0,20,-1,21,-2,21,-3,21,-3,21,-3,22,-3,23,-4,24,-4,13,-2,44,-5,43,-5,42,-4,41,-5,41,-5,40,-6,39,-7,38,-8,38,-10,37,-11,37,-12,36,-13,37,-14,37,-14,36,-14,36,-14,36,-13,36,-12,36,-11,35,-10,34,-9,33,-8,32,-7,32,-6,31,-4,31,-2,30,4,29,6,5,1,1,0,-1,-1,-1,0,-1,0,1,-1,4,-2,29,-8,30,-6,30,-7,31,-5,33,-3,34,-2,35,0,36,1,37,2,37,3,38,4,38,5,39,6,39,6,39,6,39,6,39,6,39,6,39,5,38,4,39,3,40,2,40,1,40,0,41,-1,42,-2,43,-3,44,-3]"
CSI_DATA,231,5c:01:3b:6b:b0:95,-38,11,1,6,0,1,1,1,0,0,0,-97,1,11,0,21366265,0,86,1,256,1,"[86,-32,4,0,4,22,4,22,5,21,5,21,5,21,5,20,6,19,7,18,8,18,8,18,8,18,8,18,8,18,8,18,8,18,8,18,8,18,7,18,6,18,5,18,4,17,4,16,3,16,3,16,2,16,0,4,0,0,0,0,0,0,0,0,0,0,0,0,0,0,0,0,0,0,1,3,5,15,5,15,4,16,3,17,3,18,2,19,2,19,1,20,0,20,0,21,-1,21,-1,21,-1,21,-1,21,-1,21,-1,21,0,20,0,20,1,20,1,21,2,21,2,21,3,21,3,22,4,23,5,23,1,13,5,44,5,43,5,42,6,41,7,40,7,40,8,39,9,38,10,37,11,36,13,36,14,35,14,36,14,36,14,36,14,36,13,36,12,36,11,36,10,36,9,35,7,33,6,32,5,31,4,31,2,31,-1,30,-3,30,-1,5,-1,1,-1,-1,-1,-1,-1,-1,0,1,2,4,13,26,11,27,9,29,7,31,5,32,4,34,3,35,2,36,0,38,-1,38,-2,39,-3,39,-3,40,-3,40,-3,40,-4,40,-4,40,-4,40,-3,40,-2,39,-1,40,0,40,1,40,2,41,4,41,5,42,5,43,6,44]"
CSI_DATA,232,5c:01:3b:6b:b0:95,-42,11,1,6,0,1,1,1,0,0,0,-97,1,11,0,21417264,0,86,1,256,1,"[86,-32,4,0,4,23,4,23,5,22,5,21,5,21,6,20,6,20,7,19,7,19,8,19,8,18,8,18,9,18,9,19,9,19,9,19,8,19,8,19,7,19,6,18,5,18,4,17,3,17,3,17,2,17,0,4,0,0,0,0,0,0,0,0,0,0,0,0,0,0,0,0,0,0,1,3,5,15,5,16,4,17,3,17,3,18,2,19,2,20,1,20,0,20,0,21,-1,21,-1,21,-1,21,-1,21,-1,21,-1,21,0,21,1,21,1,21,1,21,2,21,2,22,3,22,3,22,4,23,4,24,1,14,5,45,5,45,5,44,5,43,6,42,7,41,7,40,8,39,10,38,11,37,12,37,13,37,14,37,14,38,14,37,13,37,13,37,12,37,11,37,9,37,8,36,7,34,6,34,5,33,3,33,1,32,-4,32,-6,31,-2,5,-1,1,-1,-1,-1,-1,-1,-1,0,1,2,4,11,28,9,29,8,30,6,31,4,33,3,34,2,35,0,37,-1,38,-3,38,-4,39,-4,39,-4,40,-4,41,-5,41,-5,41,-5,41,-5,41,-4,40,-4,40,-3,40,-2,41,0,41,1,42,2,42,4,43,4,44,5,45]"
CSI_DATA,233,5c:01:3b:6b:b0:95,-38,11,1,6,0,1,1,1,0,0,0,-97,1,11,0,21466587,0,86,1,256,1,"[86,-32,4,0,25,2,25,2,24,1,24,0,23,0,23,-1,23,-1,22,-2,22,-3,22,-4,22,-4,21,-4,22,-4,22,-4,22,-4,22,-4,22,-3,22,-3,21,-2,21,-1,20,-1,19,0,19,1,18,1,18,2,4,0,0,0,0,0,0,0,0,0,0,0,0,0,0,0,0,0,0,0,4,-1,18,-2,19,-1,19,0,20,1,20,2,21,3,21,4,21,5,22,5,22,6,22,7,22,7,22,7,22,7,22,6,22,6,22,6,22,5,22,5,23,4,23,4,23,3,24,3,24,3,25,3,25,3,14,4,47,12,46,12,46,11,45,11,44,10,43,9,42,7,42,6,41,4,41,2,42,0,42,-1,43,-1,43,-1,43,0,42,0,42,1,41,1,41,2,39,3,38,5,37,5,36,6,34,7,33,8,32,10,29,17,28,18,4,3,1,1,-1,-1,-2,-1,-1,-1,1,-1,5,0,33,2,33,4,34,3,34,5,35,8,35,10,36,12,37,14,37,16,37,17,38,18,38,19,39,19,39,19,39,20,39,20,39,20,39,19,38,19,39,18,40,17,41,17,41,16,42,15,43,13,45,12,46,12,47,12]"
CSI_DATA,234,5c:01:3b:6b:b0:95,-42,11,1,6,0,1,1,1,0,0,0,-97,1,11,0,21516311,0,86,1,256,1,"[86,-32,4,0,-2,24,-2,23,-1,23,-1,22,0,22,0,21,1,21,2,20,2,20,3,20,3,20,3,20,4,20,4,20,4,21,4,20,4,20,3,20,2,20,2,19,1,18,0,17,-1,17,-1,17,-2,17,-1,4,0,0,0,0,0,0,0,0,0,0,0,0,0,0,0,0,0,0,0,4,1,16,0,17,-1,17,-2,18,-2,18,-3,19,-4,20,-5,20,-5,20,-6,20,-7,20,-7,21,-7,20,-7,20,-7,20,-6,20,-6,20,-5,20,-5,21,-4,21,-4,21,-3,22,-3,22,-3,23,-2,24,-2,24,-3,13,-7,45,-7,45,-7,44,-6,43,-5,42,-4,42,-3,41,-2,41,0,40,1,40,2,39,3,40,4,40,4,40,4,40,3,40,3,40,2,40,1,39,0,38,-1,37,-2,36,-3,35,-4,34,-5,33,-7,32,-12,30,-14,30,-3,5,-1,1,0,-1,-1,-2,-1,-1,0,1,0,5,2,30,0,30,-1,31,-3,32,-5,33,-7,34,-9,35,-10,36,-12,36,-13,37,-14,37,-15,38,-16,38,-16,38,-16,37,-16,37,-16,38,-16,38,-16,38,-14,38,-14,39,-12,40,-11,40,-10,41,-9,42,-8,43,-8,44,-7,44]"
CSI_DATA,235,5c:01:3b:6b:b0:95,-42,11,1,6,0,1,1,1,0,0,0,-97,1,11,0,21566462,0,86,1,256,1,"[86,-32,4,0,23,-8,22,-8,21,-8,21,-8,20,-9,20,-9,19,-9,18,-10,18,-11,17,-12,17,-12,17,-12,17,-12,17,-12,18,-12,18,-12,18,-11,18,-10,17,-10,17,-9,17,-8,17,-8,16,-7,16,-7,16,-6,4,-2,0,0,0,0,0,0,0,0,0,0,0,0,0,0,0,0,0,0,3,-2,15,-8,15,-7,16,-6,17,-6,18,-6,19,-5,20,-4,20,-3,20,-3,21,-3,21,-3,22,-2,21,-2,21,-2,21,-2,21,-2,21,-3,21,-4,21,-4,21,-5,21,-5,21,-5,21,-6,22,-7,23,-8,23,-8,13,-2,45,-7,44,-6,43,-6,42,-6,41,-7,41,-8,40,-9,39,-10,38,-11,37,-13,36,-15,36,-16,37,-16,37,-16,37,-16,37,-15,36,-15,36,-14,37,-13,36,-11,35,-10,34,-9,33,-8,32,-7,31,-6,31,-4,31,5,31,7,5,1,1,0,-1,-1,-1,0,-1,0,1,-1,5,-2,29,-9,30,-7,30,-9,31,-7,32,-5,34,-3,35,-2,36,0,37,1,38,3,38,3,39,3,40,3,40,3,40,3,40,4,40,4,40,4,39,3,39,2,40,1,40,0,41,0,41,-2,42,-4,43,-5,44,-6,45,-7]"
CSI_DATA,236,5c:01:3b:6b:b0:95,-38,11,1,6,0,1,1,1,0,0,0,-97,1,11,0,21617589,0,86,1,256,1,"[86,-32,4,0,-7,22,-6,22,-5,21,-5,21,-5,21,-4,20,-3,20,-3,20,-2,20,-1,20,-1,19,-1,20,-1,20,-1,20,-1,20,-1,20,-2,20,-2,19,-3,19,-3,18,-4,17,-5,16,-5,16,-5,16,-6,15,-2,3,0,0,0,0,0,0,0,0,0,0,0,0,0,0,0,0,0,0,0,4,-1,16,-2,16,-3,17,-4,18,-5,18,-6,18,-7,18,-7,19,-8,19,-9,19,-9,19,-10,19,-10,19,-10,19,-9,19,-9,19,-9,19,-8,19,-8,19,-7,20,-7,20,-7,21,-7,21,-7,22,-7,23,-6,23,-6,12,-17,41,-17,40,-17,39,-16,39,-15,38,-14,38,-13,37,-11,37,-10,37,-9,37,-7,38,-7,38,-6,38,-7,38,-7,38,-7,37,-8,37,-9,37,-10,37,-11,35,-11,34,-11,32,-12,31,-12,30,-13,29,-15,27,-20,24,-21,23,-4,3,-2,0,0,-1,-1,-1,0,-1,-1,1,-1,5,-6,29,-8,29,-7,30,-9,30,-11,31,-13,31,-15,32,-17,32,-19,33,-20,33,-21,33,-22,33,-23,33,-23,33,-23,33,-23,32,-23,32,-23,33,-23,33,-22,33,-21,34,-20,35,-20,35,-19,36,-18,37,-18,39,-18,40,-18,40]"
CSI_DATA,237,5c:01:3b:6b:b0:95,-42,11,1,6,0,1,1,1,0,0,0,-97,1,11,0,21666371,0,86,1,256,1,"[86,-32,4,0,-21,13,-20,13,-19,13,-18,13,-18,14,-18,14,-17,14,-16,14,-15,14,-14,15,-14,15,-14,16,-14,16,-14,16,-14,16,-14,16,-15,16,-15,15,-15,14,-15,13,-15,12,-15,11,-15,11,-14,10,-15,9,-4,2,0,0,0,0,0,0,0,0,0,0,0,0,0,0,0,0,0,0,-4,2,-13,10,-14,10,-15,10,-16,10,-17,9,-18,9,-19,8,-19,8,-20,8,-20,7,-21,7,-21,7,-21,7,-21,7,-21,7,-21,8,-20,8,-20,8,-20,9,-20,10,-20,10,-20,11,-20,11,-20,12,-21,13,-21,13,-14,5,-42,18,-42,18,-41,18,-40,17,-39,18,-38,18,-37,19,-36,20,-34,21,-33,22,-32,24,-32,25,-32,25,-32,25,-32,25,-32,25,-32,24,-32,23,-33,22,-33,21,-32,19,-31,17,-31,16,-30,15,-30,14,-30,12,-33,4,-32,2,-6,0,-2,-1,0,-1,0,-1,0,-1,-2,1,-5,3,-26,17,-27,15,-28,16,-29,15,-31,13,-33,12,-35,11,-36,10,-38,9,-39,8,-39,8,-40,8,-40,8,-41,8,-41,8,-41,7,-41,7,-41,7,-41,8,-40,8,-40,9,-41,10,-40,12,-40,13,-40,15,-41,17,-41,18,-42,19]"
CSI_DATA,238,5c:01:3b:6b:b0:95,-42,11,1,6,0,1,1,1,0,0,0,-97,1,11,0,21716354,0,86,1,256,1,"[86,-32,4,0,-22,12,-21,12,-20,12,-19,12,-19,12,-19,12,-18,13,-17,13,-16,14,-16,14,-15,15,-15,15,-15,15,-15,15,-15,16,-15,15,-15,14,-16,14,-16,13,-16,12,-16,11,-16,11,-15,10,-15,9,-15,8,-4,2,0,0,0,0,0,0,0,0,0,0,0,0,0,0,0,0,0,0,-4,2,-14,10,-15,9,-16,9,-17,8,-18,8,-19,8,-19,7,-20,6,-20,6,-21,6,-22,6,-22,6,-22,6,-21,6,-21,6,-21,6,-21,7,-21,7,-21,8,-21,8,-21,9,-21,9,-21,10,-21,11,-22,12,-21,12,-13,7,-40,24,-40,24,-39,24,-38,24,-37,24,-36,24,-34,24,-33,25,-31,26,-30,27,-29,29,-28,29,-28,30,-28,30,-28,30,-28,30,-29,29,-29,28,-30,27,-30,26,-30,24,-29,22,-29,21,-28,20,-28,19,-28,17,-29,15,-30,12,-6,1,-2,0,0,-1,0,-1,0,-1,-1,1,-4,4,-19,25,-21,23,-25,20,-27,19,-30,17,-32,16,-34,16,-35,15,-37,14,-38,13,-39,13,-39,13,-40,13,-40,13,-40,12,-40,12,-40,13,-40,13,-40,14,-39,14,-39,15,-40,16,-39,17,-39,19,-39,20,-39,22,-39,23,-39,24]"
CSI_DATA,239,5c:01:3b:6b:b0:95,-38,11,1,6,0,1,1,1,0,0,0,-97,1,11,0,21768189,0,86,1,256,1,"[86,-32,4,0,8,24,8,23,9,23,9,22,9,22,9,21,9,20,10,19,11,19,11,19,11,18,12,18,12,18,12,18,13,19,12,19,12,19,11,19,11,19,10,18,8,18,7,17,7,17,6,17,5,17,1,4,0,0,0,0,0,0,0,0,0,0,0,0,0,0,0,0,0,0,2,3,8,15,7,16,7,18,6,19,6,20,5,21,5,21,4,21,3,22,3,22,2,23,2,24,2,23,2,23,2,23,3,23,3,22,3,22,4,22,4,23,5,23,6,23,6,23,7,24,8,24,9,24,2,14,10,47,9,47,10,46,10,45,11,43,11,43,12,42,13,41,15,39,16,38,17,37,18,37,19,38,19,38,19,38,18,38,17,38,17,38,16,38,14,37,13,37,11,36,10,35,9,35,7,34,5,33,-2,33,-4,32,-1,5,-1,1,-1,-1,-1,-1,-1,-1,0,1,2,5,12,30,10,31,11,32,9,33,7,35,6,37,5,39,3,40,2,41,1,42,0,42,-1,43,-1,44,-1,44,-2,44,-2,44,-2,44,-1,44,-1,43,0,43,1,43,3,44,4,44,6,45,7,46,9,47,10,47,11,48]"
CSI_DATA,240,5c:01:3b:6b:b0:95,-40,11,1,6,0,1,1,1,0,0,0,-95,1,11,0,21816319,0,86,1,256,1,"[86,-32,4,0,-7,22,-7,22,-6,21,-6,21,-5,21,-4,21,-4,20,-3,20,-2,20,-2,20,-2,20,-2,20,-2,20,-1,20,-1,20,-1,20,-2,20,-2,20,-2,19,-3,19,-4,18,-5,17,-5,16,-6,16,-6,16,-2,3,0,0,0,0,0,0,0,0,0,0,0,0,0,0,0,0,0,0,-1,4,-2,16,-3,16,-4,17,-5,17,-6,18,-7,18,-7,19,-8,19,-9,19,-9,18,-10,19,-11,19,-11,19,-11,19,-11,19,-10,19,-10,18,-9,19,-9,19,-8,20,-8,20,-8,20,-7,20,-7,21,-7,22,-7,23,-6,13,-16,42,-16,42,-15,41,-14,40,-13,39,-12,39,-11,39,-10,38,-9,38,-7,38,-6,38,-5,38,-5,39,-4,39,-4,39,-5,39,-5,39,-6,38,-7,37,-8,36,-9,35,-9,33,-10,32,-11,31,-12,30,-13,29,-17,26,-18,25,-4,4,-2,1,0,-1,-1,-1,0,-1,-1,1,-1,5,-4,29,-6,29,-7,30,-9,31,-11,31,-13,32,-15,32,-17,33,-18,33,-20,34,-21,34,-22,34,-22,34,-22,34,-23,34,-23,34,-23,34,-23,34,-22,34,-21,34,-20,35,-19,36,-19,36,-18,37,-17,38,-16,40,-16,41,-16,41]"
CSI_DATA,241,5c:01:3b:6b:b0:95,-40,11,1,6,0,1,1,1,0,0,0,-95,1,11,0,21866320,0,86,1,256,1,"[86,-32,4,0,12,3,12,3,12,2,12,2,12,2,12,1,11,1,11,0,11,0,11,0,11,-1,11,-1,11,-1,11,-1,11,-1,11,-1,11,0,11,0,11,0,11,0,10,1,10,1,9,1,9,2,9,2,2,0,0,0,0,0,0,0,0,0,0,0,0,0,0,0,0,0,0,0,2,0,8,1,9,2,9,2,9,3,9,3,10,3,10,4,10,4,10,5,10,5,10,5,10,6,10,6,10,6,10,5,10,5,10,5,10,5,10,4,11,4,11,4,11,3,11,3,12,4,12,4,13,3,14,5,46,17,45,18,44,17,44,16,44,15,44,14,43,12,43,11,43,9,43,7,43,6,43,5,44,4,44,4,43,4,43,5,43,5,42,6,42,6,41,7,40,8,38,8,37,9,35,10,34,11,32,13,27,20,26,21,4,4,1,1,-1,-1,-1,-1,-1,-1,1,-1,5,0,32,5,31,7,32,8,33,11,33,13,33,16,34,17,35,19,35,21,36,22,36,24,35,25,36,25,36,26,36,26,36,27,36,26,36,26,36,25,36,24,38,23,39,22,40,21,41,20,42,19,44,19,45,19,46,19]"
CSI_DATA,242,5c:01:3b:6b:b0:95,-44,11,1,6,0,1,1,1,0,0,0,-95,1,11,0,21918015,0,86,1,256,1,"[86,-32,4,0,-22,16,-21,16,-20,16,-19,16,-19,16,-18,16,-17,16,-17,16,-16,16,-15,17,-15,17,-15,18,-15,18,-15,18,-15,18,-15,18,-15,17,-15,17,-15,16,-15,15,-16,14,-16,13,-16,12,-16,11,-16,11,-4,2,0,0,0,0,0,0,0,0,0,0,0,0,0,0,0,0,0,0,-4,3,-13,12,-14,12,-16,12,-17,12,-18,12,-19,11,-20,11,-20,11,-21,10,-22,10,-22,10,-23,9,-23,9,-23,9,-22,9,-22,10,-22,10,-21,11,-21,11,-21,12,-21,13,-21,13,-21,14,-21,14,-22,15,-22,16,-15,6,-46,22,-45,21,-44,21,-43,21,-41,21,-40,22,-39,22,-38,23,-37,24,-36,25,-35,26,-34,27,-35,28,-34,28,-34,28,-34,28,-34,27,-35,26,-35,25,-35,23,-34,21,-33,20,-33,18,-33,17,-33,15,-33,14,-36,4,-35,2,-7,0,-2,-1,0,-1,0,-1,0,-1,-2,1,-5,3,-28,18,-30,16,-29,19,-31,17,-33,16,-35,15,-37,14,-39,13,-40,12,-41,11,-42,10,-43,10,-44,10,-44,10,-44,9,-45,9,-44,9,-45,10,-44,10,-43,11,-43,12,-43,13,-43,15,-43,16,-43,18,-44,19,-45,20,-45,21]"
CSI_DATA,243,5c:01:3b:6b:b0:95,-44,11,1,6,0,1,1,1,0,0,0,-95,1,11,0,21974644,0,86,1,256,1,"[86,-32,4,0,26,1,26,0,25,0,24,-1,24,-1,24,-2,23,-2,22,-3,22,-4,22,-4,22,-5,22,-5,22,-6,22,-5,23,-5,23,-5,22,-4,22,-4,21,-3,21,-2,20,-2,20,-1,19,0,19,0,18,1,4,0,0,0,0,0,0,0,0,0,0,0,0,0,0,0,0,0,0,0,4,-1,18,-3,18,-2,19,-1,20,0,20,1,21,2,21,2,22,3,22,4,22,5,23,5,23,5,23,5,23,5,23,5,23,5,23,5,22,4,23,4,23,3,24,2,24,2,24,2,25,1,26,1,26,1,15,2,49,7,49,7,48,7,47,7,46,6,46,5,45,4,44,2,43,0,43,-2,43,-3,43,-4,44,-5,44,-5,44,-4,43,-4,43,-4,43,-3,43,-1,41,0,40,1,39,2,37,3,36,4,35,6,34,7,31,14,30,15,5,3,1,1,-1,-1,-2,0,-1,-1,1,-1,6,-1,34,-3,34,-1,34,-1,35,1,36,4,37,6,38,8,39,10,40,12,40,14,40,14,40,15,41,15,42,16,41,16,41,16,41,16,42,16,41,16,41,15,42,14,43,13,44,12,45,11,46,9,47,8,48,8,49,7]"
CSI_DATA,244,5c:01:3b:6b:b0:95,-41,11,1,7,0,1,1,1,0,0,0,-95,1,11,0,22016384,0,86,1,256,1,"[86,-32,4,0,-18,16,-17,16,-16,16,-15,16,-15,16,-14,16,-14,16,-13,16,-12,16,-11,17,-11,17,-11,17,-11,17,-11,17,-12,17,-11,17,-11,16,-12,16,-12,15,-12,14,-13,14,-13,13,-12,12,-12,11,-12,11,-3,2,0,0,0,0,0,0,0,0,0,0,0,0,0,0,0,0,0,0,-3,3,-10,13,-11,13,-12,13,-13,13,-14,13,-15,12,-16,12,-17,12,-17,12,-18,12,-18,12,-19,12,-18,11,-18,11,-18,11,-18,11,-18,12,-17,12,-17,13,-17,13,-17,14,-17,14,-17,15,-17,15,-17,16,-17,17,-11,9,-35,30,-35,29,-34,28,-32,28,-31,28,-30,28,-29,28,-28,29,-26,29,-25,29,-24,31,-23,32,-23,32,-23,33,-23,32,-23,32,-23,32,-23,31,-23,30,-24,28,-24,27,-24,25,-24,24,-24,23,-25,21,-25,19,-27,16,-27,14,-5,2,-2,0,0,-1,0,-1,0,-1,-1,1,-4,4,-18,25,-20,23,-21,23,-23,23,-26,22,-28,22,-30,22,-31,21,-33,21,-34,20,-35,19,-35,19,-36,19,-37,19,-37,19,-37,19,-37,19,-36,19,-36,19,-35,20,-35,21,-35,22,-34,23,-34,24,-33,25,-34,27,-34,28,-35,29]"
CSI_DATA,245,5c:01:3b:6b:b0:95,-41,11,1,4,0,1,1,1,0,0,0,-95,1,11,0,22071325,0,86,1,256,1,"[86,-32,4,0,3,24,3,24,4,23,4,22,4,22,5,22,6,21,7,20,7,20,8,20,8,19,9,19,9,20,9,20,9,20,9,20,9,20,8,20,7,19,6,19,5,18,4,18,4,18,3,18,3,17,0,4,0,0,0,0,0,0,0,0,0,0,0,0,0,0,0,0,0,0,1,4,4,16,3,17,2,18,1,19,1,19,0,20,-1,21,-1,21,-2,21,-3,22,-3,22,-3,23,-3,22,-3,22,-3,22,-3,22,-2,22,-1,22,-1,22,0,22,0,22,1,23,2,23,2,23,3,24,3,25,-1,14,0,47,0,46,0,46,1,44,2,44,3,43,4,42,5,40,7,40,8,40,10,39,11,39,12,39,12,40,12,40,11,40,11,39,10,39,9,39,7,38,6,38,5,36,4,35,4,34,2,34,0,33,-7,32,-9,31,-2,5,-1,1,-1,-1,-1,-2,-1,-1,0,1,1,5,7,30,5,31,4,32,2,34,0,35,-2,36,-4,37,-5,38,-7,39,-8,39,-9,40,-10,40,-10,41,-10,42,-10,41,-10,41,-11,41,-10,41,-10,41,-9,41,-8,41,-6,42,-5,43,-3,43,-2,43,-1,45,0,46,1,47]"
CSI_DATA,246,5c:01:3b:6b:b0:95,-44,11,1,7,0,1,1,1,0,0,0,-96,1,11,0,22116426,0,86,1,256,1,"[86,-32,4,0,23,-15,22,-15,21,-15,20,-15,20,-16,19,-16,18,-16,17,-16,17,-17,16,-17,16,-18,16,-18,16,-19,15,-19,15,-19,16,-18,16,-18,16,-17,16,-16,16,-15,16,-14,16,-14,16,-13,15,-12,16,-11,4,-3,0,0,0,0,0,0,0,0,0,0,0,0,0,0,0,0,0,0,3,-3,15,-12,16,-11,17,-11,18,-11,19,-10,20,-10,21,-9,21,-9,22,-8,22,-8,23,-8,23,-8,23,-8,23,-8,23,-8,23,-8,22,-9,22,-9,22,-10,22,-10,22,-11,22,-12,22,-12,23,-13,23,-14,23,-14,14,-7,47,-22,46,-22,45,-22,44,-21,42,-21,41,-22,40,-22,39,-24,37,-25,36,-26,35,-28,34,-30,34,-30,35,-30,34,-30,34,-30,35,-29,34,-28,35,-27,35,-25,35,-24,33,-22,33,-21,32,-20,32,-18,32,-16,36,-7,35,-5,6,-1,1,0,-1,0,-1,0,-1,0,1,-2,4,-4,28,-19,29,-18,30,-19,32,-17,35,-16,36,-15,38,-14,40,-13,41,-11,43,-10,43,-9,44,-9,45,-9,45,-9,45,-9,45,-9,45,-9,45,-9,44,-10,44,-10,44,-11,44,-13,45,-14,45,-15,44,-17,45,-19,47,-21,48,-22]"
CSI_DATA,247,5c:01:3b:6b:b0:95,-43,11,1,6,0,1,1,1,0,0,0,-96,1,11,0,22169905,0,86,1,256,1,"[86,-32,4,0,-5,26,-5,25,-4,25,-3,24,-3,24,-3,24,-2,23,-1,23,0,22,1,22,1,22,1,23,1,23,2,23,2,23,1,23,1,23,0,23,-1,22,-1,21,-2,20,-3,19,-3,19,-4,19,-4,18,-1,4,0,0,0,0,0,0,0,0,0,0,0,0,0,0,0,0,0,0,0,4,0,18,-1,18,-2,19,-3,20,-4,20,-5,21,-6,21,-7,21,-8,21,-9,21,-9,22,-9,22,-9,22,-9,22,-9,22,-9,22,-8,22,-8,22,-7,22,-7,23,-7,23,-6,23,-6,24,-6,25,-5,26,-5,26,-6,14,-17,47,-17,47,-16,46,-16,45,-14,44,-13,44,-12,43,-11,43,-9,42,-7,42,-6,43,-4,43,-4,44,-4,44,-4,44,-5,44,-5,43,-6,42,-7,42,-9,41,-10,39,-10,37,-11,36,-11,35,-12,34,-14,33,-21,29,-22,27,-5,4,-2,1,0,-1,0,-2,0,-1,-1,1,-1,5,-5,33,-7,33,-6,34,-9,34,-11,35,-13,35,-15,36,-17,36,-20,37,-21,37,-23,37,-23,37,-23,38,-24,39,-24,38,-24,38,-24,38,-24,39,-23,38,-22,38,-22,39,-21,40,-20,41,-19,42,-17,43,-17,45,-16,47,-16,47]"
CSI_DATA,248,5c:01:3b:6b:b0:95,-44,11,1,7,0,1,1,1,0,0,0,-96,1,11,0,22216358,0,86,1,256,1,"[86,-32,4,0,-19,-21,-19,-20,-18,-19,-18,-18,-19,-18,-19,-17,-19,-16,-19,-16,-20,-15,-20,-14,-20,-13,-21,-13,-21,-13,-21,-13,-21,-13,-21,-14,-21,-14,-20,-14,-19,-14,-18,-15,-17,-14,-16,-14,-15,-15,-14,-15,-14,-15,-4,-4,0,0,0,0,0,0,0,0,0,0,0,0,0,0,0,0,0,0,-4,-4,-14,-14,-14,-14,-14,-16,-14,-17,-14,-17,-13,-18,-13,-20,-13,-20,-12,-21,-12,-22,-12,-23,-12,-23,-12,-23,-12,-22,-12,-22,-13,-22,-13,-21,-13,-21,-14,-21,-14,-21,-15,-21,-16,-21,-16,-21,-17,-21,-18,-21,-19,-22,-11,-13,-35,-40,-35,-40,-34,-40,-34,-38,-34,-37,-34,-35,-34,-34,-35,-33,-35,-31,-36,-30,-38,-28,-39,-27,-39,-26,-40,-26,-39,-26,-39,-27,-38,-27,-38,-28,-36,-28,-35,-28,-33,-29,-31,-29,-30,-29,-28,-28,-27,-29,-25,-29,-20,-31,-18,-33,-3,-6,-1,-2,0,0,0,0,0,0,-2,-1,-6,-4,-30,-20,-29,-22,-28,-26,-27,-28,-26,-30,-25,-33,-25,-35,-24,-37,-23,-38,-22,-40,-22,-41,-21,-42,-22,-42,-22,-43,-22,-43,-22,-43,-22,-43,-23,-43,-23,-42,-24,-41,-24,-41,-26,-41,-27,-40,-28,-40,-30,-40,-32,-40,-33,-40,-34,-41]"
CSI_DATA,249,5c:01:3b:6b:b0:95,-44,11,1,7,0,1,1,1,0,0,0,-96,1,11,0,22266239,0,86,1,256,1,"[86,-32,4,0,-28,-1,-27,0,-26,0,-26,1,-26,1,-25,2,-24,2,-24,3,-24,4,-24,4,-24,5,-24,6,-24,6,-23,6,-24,6,-24,6,-24,5,-23,4,-23,4,-22,3,-22,2,-21,2,-21,1,-20,0,-20,-1,-5,-1,0,0,0,0,0,0,0,0,0,0,0,0,0,0,0,0,0,0,-5,0,-20,1,-20,1,-21,-1,-21,-2,-22,-2,-23,-3,-23,-4,-23,-5,-24,-6,-24,-6,-25,-7,-25,-7,-24,-7,-24,-7,-24,-7,-25,-6,-24,-6,-24,-5,-25,-5,-25,-4,-25,-3,-26,-3,-26,-2,-27,-2,-28,-2,-28,-1,-17,1,-53,3,-53,2,-52,3,-51,3,-50,4,-49,5,-48,6,-47,7,-46,9,-45,10,-45,12,-45,13,-45,13,-45,14,-45,14,-45,14,-45,14,-44,13,-44,11,-43,10,-43,8,-42,7,-41,5,-40,4,-39,2,-38,0,-37,-1,-36,-3,-7,-1,-2,-1,0,-1,0,-1,0,-1,-2,0,-6,2,-32,13,-34,11,-37,5,-38,3,-39,1,-41,0,-42,-2,-44,-3,-45,-5,-45,-7,-45,-8,-46,-9,-46,-10,-47,-10,-47,-11,-47,-11,-47,-10,-47,-9,-47,-8,-47,-7,-48,-6,-48,-5,-49,-4,-49,-2,-50,-1,-51,-1,-52,0,-53,0]"
CSI_DATA,250,5c:01:3b:6b:b0:95,-43,11,1,6,0,1,1,1,0,0,0,-96,1,11,0,22316486,0,86,1,256,1,"[86,-32,4,0,14,-23,13,-23,12,-23,11,-22,11,-22,10,-22,9,-22,8,-22,7,-22,6,-23,6,-23,6,-23,6,-23,5,-23,6,-24,6,-23,6,-23,6,-22,6,-22,7,-21,8,-20,8,-19,8,-18,8,-18,9,-17,2,-5,0,0,0,0,0,0,0,0,0,0,0,0,0,0,0,0,0,0,1,-5,8,-17,9,-17,10,-18,11,-18,12,-18,13,-17,14,-17,15,-17,16,-17,16,-17,17,-17,17,-17,17,-17,17,-17,17,-17,16,-18,16,-18,15,-18,15,-19,15,-19,15,-20,14,-20,14,-21,14,-22,14,-23,14,-23,8,-14,27,-44,27,-43,26,-42,25,-42,24,-41,23,-41,21,-41,19,-42,17,-42,15,-42,13,-43,12,-44,12,-44,12,-44,12,-44,12,-44,13,-44,14,-43,14,-42,15,-41,16,-39,16,-37,16,-36,16,-35,17,-33,18,-32,21,-29,23,-27,4,-5,1,-2,-1,0,-1,0,-1,0,0,-2,1,-6,11,-33,13,-33,16,-32,18,-32,21,-32,23,-32,25,-31,28,-31,29,-31,31,-31,32,-31,32,-31,33,-31,33,-32,33,-31,34,-31,34,-32,33,-32,33,-32,32,-33,31,-34,31,-35,30,-36,29,-37,28,-39,28,-41,28,-42,28,-43]"
CSI_DATA,251,5c:01:3b:6b:b0:95,-43,11,1,6,0,1,1,1,0,0,0,-96,1,11,0,22366376,0,86,1,256,1,"[86,-32,4,0,-9,-26,-9,-25,-9,-25,-9,-24,-10,-24,-10,-23,-10,-22,-11,-21,-12,-21,-12,-21,-13,-20,-13,-20,-13,-20,-13,-20,-14,-20,-13,-21,-13,-21,-12,-21,-11,-20,-10,-20,-9,-20,-8,-19,-7,-19,-6,-19,-6,-19,-2,-5,0,0,0,0,0,0,0,0,0,0,0,0,0,0,0,0,0,0,-3,-5,-9,-17,-8,-18,-8,-19,-7,-20,-6,-21,-6,-22,-5,-22,-5,-23,-4,-23,-3,-24,-3,-25,-3,-25,-2,-25,-2,-24,-3,-24,-3,-24,-4,-24,-4,-24,-5,-24,-5,-24,-6,-24,-6,-24,-7,-24,-7,-25,-8,-26,-8,-26,-2,-16,-7,-49,-7,-49,-7,-49,-7,-48,-7,-47,-9,-46,-10,-45,-11,-44,-12,-43,-14,-43,-15,-42,-16,-42,-17,-42,-17,-42,-17,-42,-16,-42,-15,-42,-15,-41,-14,-41,-12,-41,-11,-40,-9,-39,-8,-38,-7,-38,-5,-37,-3,-36,7,-35,9,-35,1,-7,0,-2,-1,0,0,0,-1,0,-1,-2,-2,-6,-9,-34,-7,-34,-10,-34,-8,-36,-6,-37,-4,-39,-2,-40,-1,-41,0,-42,2,-43,3,-44,4,-44,4,-45,4,-46,5,-45,5,-45,4,-45,4,-46,3,-45,2,-45,2,-45,0,-46,-1,-46,-2,-47,-4,-47,-5,-49,-6,-50,-6,-50]"
CSI_DATA,252,5c:01:3b:6b:b0:95,-39,11,1,6,0,1,1,1,0,0,0,-96,1,11,0,22416376,0,86,1,256,1,"[86,-32,4,0,2,23,2,23,3,21,3,21,4,21,4,20,5,19,5,19,6,18,7,18,7,18,7,19,7,19,7,19,7,19,7,19,7,19,7,19,6,18,5,18,4,17,3,16,3,16,2,16,2,16,0,4,0,0,0,0,0,0,0,0,0,0,0,0,0,0,0,0,0,0,0,3,3,15,3,16,2,17,1,18,1,18,0,19,-1,19,-1,20,-2,20,-2,20,-2,21,-3,21,-3,21,-3,21,-3,21,-3,21,-2,21,-1,20,-1,21,-1,21,0,21,1,21,1,21,2,22,2,23,3,24,0,13,2,44,1,44,1,43,2,42,3,41,4,40,5,39,6,39,7,38,9,36,10,36,11,36,12,37,12,37,12,37,12,37,11,37,10,37,9,37,8,36,7,35,6,33,4,33,3,32,2,31,1,31,-4,31,-5,31,-1,5,-1,1,-1,-1,-1,-1,-1,-1,0,1,1,5,8,29,6,30,4,31,3,32,1,33,-1,34,-2,35,-3,36,-5,38,-6,38,-7,38,-7,39,-8,39,-8,39,-8,39,-9,40,-9,40,-9,40,-8,40,-7,39,-6,40,-5,40,-3,40,-2,41,0,41,1,42,1,44,1,44]"
CSI_DATA,253,5c:01:3b:6b:b0:95,-43,11,1,6,0,1,1,1,0,0,0,-96,1,11,0,22466370,0,86,1,256,1,"[86,-32,4,0,-6,26,-6,25,-5,25,-5,25,-4,25,-3,24,-3,23,-2,23,-1,22,-1,23,-1,23,0,23,0,23,1,23,1,23,0,23,0,23,0,23,-1,22,-2,22,-3,21,-4,20,-4,19,-5,19,-6,19,-2,4,0,0,0,0,0,0,0,0,0,0,0,0,0,0,0,0,0,0,-1,4,-2,18,-3,19,-4,19,-5,20,-6,20,-7,21,-8,21,-8,21,-9,21,-10,21,-11,21,-12,21,-12,21,-12,21,-11,21,-10,21,-10,21,-9,21,-9,22,-8,23,-8,23,-7,24,-7,23,-8,24,-8,26,-7,26,-7,14,-19,47,-19,46,-19,46,-17,45,-16,44,-14,44,-13,43,-12,43,-10,43,-9,43,-8,43,-7,44,-6,44,-6,44,-6,44,-6,44,-7,44,-7,43,-8,43,-9,42,-10,40,-11,38,-12,37,-12,36,-14,34,-15,33,-23,29,-24,27,-5,4,-2,1,0,-1,0,-2,0,-1,-1,1,-2,5,-9,32,-11,32,-9,33,-11,34,-14,34,-16,35,-18,35,-20,36,-22,37,-23,37,-24,36,-26,36,-27,37,-27,36,-27,36,-28,36,-27,37,-26,37,-26,37,-25,37,-24,39,-23,40,-22,41,-21,42,-20,42,-20,44,-20,45,-20,46]"
CSI_DATA,254,5c:01:3b:6b:b0:95,-43,11,1,6,0,1,1,1,0,0,0,-96,1,11,0,22516306,0,86,1,256,1,"[86,-32,4,0,-22,-17,-21,-17,-21,-16,-21,-15,-21,-14,-21,-14,-21,-13,-21,-12,-22,-12,-22,-11,-22,-10,-22,-10,-22,-10,-22,-10,-23,-10,-23,-10,-22,-10,-21,-11,-21,-11,-20,-12,-19,-12,-18,-12,-17,-12,-16,-13,-15,-13,-4,-4,0,0,0,0,0,0,0,0,0,0,0,0,0,0,0,0,0,0,-4,-3,-16,-10,-17,-11,-17,-12,-17,-13,-17,-14,-17,-15,-17,-16,-16,-17,-16,-18,-16,-19,-16,-20,-16,-20,-15,-20,-15,-19,-15,-19,-16,-19,-16,-19,-17,-18,-17,-18,-18,-18,-18,-17,-19,-17,-19,-17,-20,-17,-21,-17,-22,-17,-10,-13,-32,-39,-31,-39,-31,-38,-31,-37,-31,-36,-31,-35,-31,-33,-32,-32,-33,-30,-34,-29,-35,-27,-36,-27,-37,-27,-37,-27,-36,-27,-36,-27,-35,-27,-34,-27,-33,-28,-32,-28,-30,-28,-29,-28,-27,-28,-26,-28,-24,-28,-22,-29,-12,-34,-9,-35,-2,-7,-1,-2,0,0,0,0,0,0,-2,-2,-5,-5,-24,-24,-23,-26,-26,-24,-25,-27,-24,-29,-23,-31,-23,-33,-22,-35,-21,-37,-21,-38,-20,-39,-20,-39,-21,-40,-21,-41,-20,-41,-20,-41,-20,-41,-20,-41,-21,-40,-21,-40,-22,-39,-23,-39,-24,-39,-26,-39,-28,-38,-30,-38,-31,-39,-32,-39]"
CSI_DATA,255,5c:01:3b:6b:b0:95,-40,11,1,7,0,1,1,1,0,0,0,-96,1,11,0,22566397,0,86,1,256,1,"[86,-32,4,0,12,-21,12,-20,11,-20,10,-20,10,-20,9,-20,8,-20,8,-20,7,-20,6,-20,5,-20,5,-21,5,-21,5,-21,6,-21,6,-20,6,-20,6,-20,7,-18,7,-18,8,-17,8,-16,8,-16,8,-15,9,-15,2,-4,0,0,0,0,0,0,0,0,0,0,0,0,0,0,0,0,0,0,1,-4,6,-16,7,-16,8,-16,9,-17,10,-17,10,-16,11,-17,12,-16,13,-16,13,-16,13,-17,14,-17,14,-16,14,-16,14,-16,14,-16,14,-16,13,-17,13,-17,13,-17,13,-18,13,-18,12,-19,12,-20,12,-21,12,-22,8,-12,28,-37,27,-36,26,-35,25,-35,23,-35,23,-35,21,-34,20,-35,18,-35,16,-35,14,-37,13,-38,14,-39,14,-39,14,-38,15,-38,15,-37,15,-36,16,-36,17,-34,17,-33,17,-31,17,-30,17,-28,18,-27,19,-26,23,-22,24,-21,4,-4,1,-1,-1,0,-1,0,-1,0,0,-2,1,-5,12,-28,14,-28,15,-29,17,-28,19,-28,21,-28,23,-28,25,-27,26,-27,28,-27,29,-27,29,-27,29,-28,30,-29,30,-28,31,-28,31,-27,30,-27,30,-27,30,-27,29,-28,29,-29,28,-30,27,-31,25,-33,25,-35,26,-37,27,-38]"
CSI_DATA,256,5c:01:3b:6b:b0:95,-40,11,1,7,0,1,1,1,0,0,0,-96,1,11,0,22617092,0,86,1,256,1,"[86,-32,4,0,5,-13,5,-13,4,-12,4,-12,4,-12,4,-12,4,-12,3,-12,2,-12,2,-12,1,-12,2,-12,2,-12,1,-12,1,-12,2,-12,2,-12,2,-12,2,-11,3,-11,3,-10,3,-10,3,-10,3,-9,4,-9,1,-3,0,0,0,0,0,0,0,0,0,0,0,0,0,0,0,0,0,0,0,-3,2,-9,3,-9,3,-10,4,-10,4,-10,5,-10,5,-10,6,-10,6,-10,6,-10,6,-10,7,-10,7,-10,7,-10,7,-10,7,-10,6,-10,6,-10,6,-10,6,-11,6,-11,6,-11,6,-12,5,-12,5,-12,5,-13,6,-15,22,-47,22,-46,22,-46,21,-44,20,-43,19,-43,17,-43,16,-43,14,-44,12,-44,10,-45,9,-45,8,-46,8,-46,8,-45,8,-45,9,-44,10,-43,11,-43,12,-41,13,-40,14,-38,14,-37,14,-35,15,-33,16,-32,20,-28,21,-26,3,-5,1,-2,-1,0,-1,1,-1,0,0,-2,1,-7,7,-33,9,-33,10,-34,13,-34,15,-35,17,-35,19,-35,21,-35,23,-35,26,-35,27,-35,28,-35,28,-36,28,-36,28,-36,29,-36,28,-36,28,-36,27,-36,26,-37,26,-37,26,-38,25,-39,25,-40,24,-41,23,-43,23,-45,24,-46]"
CSI_DATA,257,5c:01:3b:6b:b0:95,-44,11,1,7,0,1,1,1,0,0,0,-96,1,11,0,22670120,0,86,1,256,1,"[86,-32,4,0,14,-24,14,-23,13,-23,12,-23,12,-23,11,-23,10,-23,9,-23,8,-23,8,-23,7,-23,7,-24,7,-24,6,-24,6,-24,7,-24,7,-23,7,-23,7,-22,8,-21,8,-20,9,-19,9,-18,10,-18,10,-17,2,-5,0,0,0,0,0,0,0,0,0,0,0,0,0,0,0,0,0,0,2,-5,8,-18,9,-18,10,-18,11,-18,12,-18,13,-18,14,-18,15,-18,16,-18,16,-18,17,-18,18,-18,18,-17,18,-17,17,-18,17,-18,16,-18,16,-18,16,-19,15,-20,15,-21,14,-21,14,-21,15,-22,15,-23,15,-24,9,-13,32,-42,32,-41,31,-40,30,-40,28,-39,27,-39,25,-39,24,-40,22,-40,20,-41,19,-42,18,-43,17,-43,18,-43,18,-43,18,-43,18,-42,19,-41,19,-41,20,-39,20,-38,20,-36,20,-34,21,-33,22,-31,22,-29,28,-23,29,-22,5,-4,1,-2,-1,0,-1,0,-1,0,0,-2,2,-6,17,-31,19,-30,19,-31,21,-31,24,-30,26,-30,28,-30,30,-30,32,-30,33,-29,34,-29,35,-29,36,-29,37,-29,37,-29,37,-29,37,-29,36,-29,35,-29,35,-30,34,-31,34,-32,33,-34,33,-35,32,-36,32,-38,33,-40,33,-41]"
CSI_DATA,258,5c:01:3b:6b:b0:95,-39,11,1,6,0,1,1,1,0,0,0,-96,1,11,0,22723500,0,86,1,256,1,"[86,-32,4,0,15,-18,14,-18,14,-17,13,-18,13,-18,13,-18,12,-18,11,-18,10,-18,9,-18,9,-19,9,-19,9,-19,9,-19,9,-19,9,-18,9,-18,9,-18,9,-17,10,-16,10,-15,10,-14,10,-14,10,-13,11,-12,2,-3,0,0,0,0,0,0,0,0,0,0,0,0,0,0,0,0,0,0,2,-4,8,-14,9,-15,10,-15,11,-15,12,-14,13,-14,14,-14,15,-14,15,-13,16,-13,17,-13,17,-13,17,-13,17,-13,17,-13,16,-13,16,-13,16,-14,16,-15,16,-15,15,-15,15,-15,15,-15,15,-17,16,-18,16,-18,10,-8,34,-28,33,-27,33,-27,32,-26,30,-27,30,-27,29,-27,28,-28,26,-29,25,-29,24,-30,23,-31,23,-31,23,-31,23,-31,23,-30,24,-30,24,-30,24,-29,25,-27,25,-26,24,-24,24,-23,24,-22,24,-20,24,-18,28,-10,28,-9,5,-2,1,-1,-1,0,-1,0,-1,0,0,-2,3,-5,20,-23,22,-21,20,-23,22,-22,25,-22,26,-21,28,-20,30,-20,31,-19,32,-18,34,-18,34,-18,35,-18,35,-18,35,-18,36,-18,36,-18,35,-18,35,-18,34,-19,34,-20,34,-21,34,-21,34,-22,33,-24,34,-25,34,-27,34,-28]"
CSI_DATA,259,5c:01:3b:6b:b0:95,-38,11,1,5,0,1,1,1,0,0,0,-96,1,11,0,22771520,0,86,1,256,1,"[86,-32,4,0,-9,-11,-9,-11,-9,-10,-9,-10,-9,-10,-9,-9,-9,-9,-9,-8,-9,-8,-9,-8,-10,-8,-10,-8,-10,-7,-10,-7,-11,-7,-10,-7,-10,-7,-10,-8,-9,-8,-9,-8,-8,-8,-8,-8,-7,-8,-7,-8,-7,-8,-2,-2,0,0,0,0,0,0,0,0,0,0,0,0,0,0,0,0,0,0,-2,-2,-7,-7,-7,-8,-7,-8,-6,-9,-6,-9,-6,-10,-6,-10,-6,-11,-5,-11,-5,-11,-5,-12,-5,-12,-5,-12,-5,-12,-5,-11,-6,-11,-6,-11,-6,-11,-6,-11,-7,-11,-7,-11,-7,-11,-7,-11,-8,-11,-8,-11,-8,-11,-9,-14,-29,-43,-29,-43,-29,-42,-29,-40,-29,-39,-29,-38,-29,-37,-30,-36,-31,-34,-32,-32,-34,-31,-35,-30,-36,-30,-36,-30,-36,-30,-35,-30,-34,-30,-34,-30,-33,-31,-31,-31,-29,-31,-28,-30,-26,-30,-25,-30,-23,-30,-21,-30,-15,-33,-13,-34,-3,-6,-1,-2,0,0,0,0,0,0,-2,-2,-5,-4,-24,-23,-23,-25,-23,-28,-22,-30,-21,-33,-20,-35,-20,-37,-19,-38,-18,-40,-18,-41,-17,-42,-16,-42,-16,-43,-16,-44,-16,-45,-16,-45,-16,-45,-17,-44,-17,-43,-18,-42,-19,-42,-21,-42,-22,-42,-23,-42,-24,-42,-26,-42,-27,-42,-28,-43]"
CSI_DATA,260,5c:01:3b:6b:b0:95,-38,11,1,5,0,1,1,1,0,0,0,-96,1,11,0,22822594,0,86,1,256,1,"[86,-32,4,0,-11,-9,-11,-9,-10,-9,-10,-8,-10,-8,-10,-8,-10,-7,-11,-7,-11,-7,-11,-6,-11,-6,-11,-6,-11,-6,-11,-6,-11,-6,-11,-6,-11,-6,-11,-6,-10,-6,-10,-6,-9,-6,-9,-6,-9,-6,-8,-7,-8,-7,-2,-2,0,0,0,0,0,0,0,0,0,0,0,0,0,0,0,0,0,0,-2,-2,-8,-6,-8,-6,-8,-7,-8,-7,-8,-8,-8,-8,-8,-9,-8,-9,-8,-10,-8,-10,-8,-10,-8,-10,-8,-10,-7,-10,-8,-10,-8,-10,-8,-10,-8,-10,-8,-10,-8,-9,-9,-9,-9,-9,-9,-9,-10,-9,-10,-9,-10,-9,-10,-13,-32,-40,-31,-40,-30,-39,-30,-38,-30,-36,-30,-36,-30,-35,-31,-34,-32,-32,-33,-30,-35,-29,-35,-28,-36,-28,-36,-28,-35,-28,-34,-28,-34,-28,-33,-28,-32,-28,-31,-29,-29,-29,-27,-29,-26,-29,-25,-28,-23,-29,-21,-29,-11,-34,-9,-34,-2,-7,-1,-2,0,0,0,0,0,0,-2,-1,-5,-4,-24,-23,-23,-25,-25,-25,-24,-27,-23,-30,-23,-32,-22,-33,-21,-35,-21,-37,-20,-39,-20,-40,-19,-40,-19,-41,-20,-41,-19,-41,-19,-42,-19,-42,-20,-42,-21,-41,-21,-40,-21,-40,-22,-40,-23,-40,-25,-40,-27,-39,-28,-39,-30,-39,-30,-40]"
CSI_DATA,261,5c:01:3b:6b:b0:95,-40,11,1,7,0,1,1,1,0,0,0,-96,1,11,0,22866430,0,86,1,256,1,"[86,-32,4,0,1,-24,1,-23,1,-23,0,-23,0,-23,-1,-22,-2,-22,-3,-21,-3,-21,-3,-21,-3,-20,-4,-21,-4,-21,-5,-21,-5,-21,-4,-21,-4,-21,-4,-21,-3,-20,-3,-20,-2,-19,-1,-18,0,-18,1,-18,1,-17,0,-5,0,0,0,0,0,0,0,0,0,0,0,0,0,0,0,0,0,0,-1,-5,0,-17,0,-18,1,-18,2,-19,3,-19,3,-20,4,-20,5,-20,5,-20,6,-21,7,-21,7,-21,8,-21,7,-21,7,-21,6,-21,5,-21,5,-21,4,-21,4,-21,3,-21,3,-22,3,-22,3,-23,3,-24,3,-24,1,-15,3,-47,3,-46,3,-45,2,-44,2,-43,1,-42,0,-42,-2,-41,-3,-41,-5,-40,-7,-40,-8,-40,-9,-40,-9,-40,-9,-40,-8,-40,-7,-40,-6,-39,-5,-39,-4,-38,-3,-37,-2,-36,-2,-35,-1,-34,1,-33,2,-32,5,-31,7,-30,1,-6,0,-2,-1,0,0,0,-1,0,-1,-2,-2,-6,-9,-30,-7,-31,-2,-33,0,-34,2,-35,4,-36,5,-37,7,-37,9,-38,10,-38,11,-39,12,-39,12,-40,12,-40,13,-40,13,-40,12,-40,11,-40,11,-39,11,-39,10,-40,9,-40,8,-41,7,-42,5,-42,4,-43,3,-45,3,-46]"
CSI_DATA,262,5c:01:3b:6b:b0:95,-39,11,1,6,0,1,1,1,0,0,0,-96,1,11,0,22921432,0,86,1,256,1,"[86,-32,4,0,22,-5,22,-5,21,-6,20,-6,20,-6,20,-6,19,-7,19,-7,18,-8,18,-8,18,-9,18,-9,18,-9,18,-9,18,-9,18,-9,18,-9,18,-8,17,-8,17,-7,17,-6,16,-6,16,-5,16,-4,16,-3,4,-1,0,0,0,0,0,0,0,0,0,0,0,0,0,0,0,0,0,0,3,-2,15,-5,16,-4,17,-4,17,-3,18,-3,19,-2,19,-1,19,0,20,0,20,1,21,1,21,1,21,1,21,1,20,1,20,1,20,0,20,0,20,-1,20,-2,20,-2,21,-3,21,-3,22,-3,23,-4,23,-4,13,-1,44,-5,43,-5,42,-5,41,-5,40,-6,39,-7,39,-7,38,-8,37,-10,36,-12,36,-13,35,-14,36,-15,36,-15,36,-14,36,-14,36,-14,35,-13,35,-12,34,-11,34,-10,32,-9,32,-7,31,-6,31,-5,30,-3,30,2,29,4,5,1,1,0,-1,-1,-1,0,-1,-1,1,-1,4,-2,28,-9,29,-7,30,-7,31,-5,33,-3,33,-1,34,0,36,2,36,3,37,4,38,5,38,5,39,5,39,5,39,6,40,6,40,6,40,6,39,5,39,4,39,4,39,3,39,2,40,1,41,-1,42,-3,43,-4,44,-4]"
CSI_DATA,263,5c:01:3b:6b:b0:95,-39,11,1,6,0,1,1,1,0,0,0,-96,1,11,0,22966445,0,86,1,256,1,"[86,-32,4,0,-8,22,-7,22,-6,21,-6,21,-6,21,-5,20,-4,20,-3,20,-2,19,-1,20,-1,20,-1,20,-1,20,-1,20,-1,20,-1,20,-2,20,-2,20,-3,19,-3,19,-4,18,-4,17,-4,17,-5,16,-5,16,-2,4,0,0,0,0,0,0,0,0,0,0,0,0,0,0,0,0,0,0,-1,4,-3,16,-4,17,-5,17,-6,17,-7,17,-8,18,-9,18,-10,18,-10,18,-10,18,-11,19,-11,19,-11,19,-11,19,-12,18,-11,18,-11,18,-10,18,-10,19,-10,20,-9,20,-9,20,-8,20,-7,22,-7,23,-7,23,-6,12,-18,42,-18,41,-17,40,-16,40,-15,39,-13,39,-12,38,-11,38,-10,38,-8,38,-6,38,-5,39,-5,39,-5,39,-5,39,-5,39,-6,39,-6,39,-7,38,-8,37,-9,35,-10,34,-10,33,-11,31,-12,30,-13,29,-17,26,-19,25,-4,4,-2,1,0,-1,0,-1,0,-1,-1,1,-1,5,-6,30,-8,30,-9,30,-11,31,-13,31,-15,32,-17,32,-18,32,-20,33,-22,33,-23,33,-24,33,-24,33,-24,33,-25,33,-25,33,-25,33,-25,34,-24,34,-23,34,-22,35,-21,36,-20,36,-20,37,-18,38,-18,39,-18,40,-18,40]"
CSI_DATA,264,5c:01:3b:6b:b0:95,-39,11,1,6,0,1,1,1,0,0,0,-96,1,11,0,23017743,0,86,1,256,1,"[86,-32,4,0,-3,26,-3,25,-2,25,-1,24,-1,24,-1,23,0,23,1,22,2,22,2,22,3,22,3,22,3,22,3,22,3,23,3,23,3,22,2,22,1,21,1,21,0,20,-1,19,-2,19,-2,19,-3,18,-1,4,0,0,0,0,0,0,0,0,0,0,0,0,0,0,0,0,0,0,0,4,1,18,0,19,-1,19,-2,20,-3,21,-4,21,-5,22,-6,22,-7,22,-7,22,-8,23,-8,23,-8,23,-8,23,-8,22,-7,22,-7,22,-6,22,-6,23,-6,23,-5,24,-5,24,-4,24,-4,25,-3,26,-3,27,-6,14,-15,47,-15,46,-14,45,-14,44,-13,43,-12,43,-11,43,-9,42,-7,42,-6,41,-4,42,-3,42,-2,43,-2,43,-2,42,-2,43,-3,42,-4,42,-5,42,-6,40,-7,38,-8,36,-9,35,-10,34,-11,33,-12,32,-21,28,-22,26,-4,4,-2,1,0,-1,-1,-2,0,-1,-1,1,-1,5,-5,33,-8,33,-6,33,-8,34,-11,35,-13,35,-15,36,-17,37,-19,37,-20,37,-21,38,-21,38,-22,39,-22,39,-22,39,-23,38,-23,38,-23,38,-22,38,-21,38,-21,39,-20,40,-19,41,-18,42,-16,43,-16,44,-15,45,-15,46]"
CSI_DATA,265,5c:01:3b:6b:b0:95,-38,11,1,5,0,1,1,1,0,0,0,-96,1,11,0,23068226,0,86,1,256,1,"[86,-32,4,0,-14,-2,-14,-1,-13,-1,-13,-1,-13,-1,-13,0,-12,0,-12,0,-13,0,-12,1,-12,1,-12,1,-12,1,-12,2,-13,1,-13,1,-12,1,-12,1,-12,1,-12,0,-11,0,-11,-1,-11,-1,-10,-2,-10,-2,-3,-1,0,0,0,0,0,0,0,0,0,0,0,0,0,0,0,0,0,0,-3,0,-10,0,-10,-1,-11,-1,-11,-1,-11,-2,-11,-2,-12,-3,-12,-3,-12,-3,-12,-4,-12,-4,-12,-5,-12,-4,-12,-4,-12,-4,-12,-4,-12,-4,-12,-4,-12,-3,-12,-3,-13,-3,-13,-2,-13,-2,-13,-2,-14,-2,-14,-2,-16,-2,-52,-4,-52,-4,-51,-3,-50,-3,-49,-2,-48,-1,-47,0,-47,1,-46,3,-46,5,-46,6,-45,7,-46,8,-46,8,-46,9,-46,8,-45,8,-45,7,-44,6,-43,4,-43,3,-42,1,-40,0,-39,-1,-38,-3,-37,-5,-36,-6,-36,-8,-7,-2,-2,-1,0,-1,0,-1,0,-1,-2,0,-6,1,-33,8,-34,6,-37,2,-38,-1,-39,-3,-40,-5,-41,-6,-42,-8,-43,-9,-44,-11,-44,-12,-44,-13,-45,-14,-45,-14,-45,-14,-45,-15,-45,-15,-46,-14,-46,-13,-45,-12,-46,-12,-46,-11,-47,-9,-48,-8,-48,-6,-49,-5,-50,-5,-51,-5]"
CSI_DATA,266,5c:01:3b:6b:b0:95,-39,11,1,6,0,1,1,1,0,0,0,-96,1,11,0,23116523,0,86,1,256,1,"[86,-32,4,0,-1,-24,-1,-24,-2,-23,-2,-22,-2,-22,-3,-22,-3,-21,-4,-21,-5,-21,-6,-20,-6,-20,-6,-20,-7,-20,-7,-21,-7,-21,-7,-21,-6,-20,-5,-20,-4,-20,-3,-19,-3,-19,-3,-18,-3,-18,-2,-18,-1,-17,-1,-5,0,0,0,0,0,0,0,0,0,0,0,0,0,0,0,0,0,0,-1,-5,-3,-17,-2,-18,-2,-18,-1,-19,0,-20,1,-20,1,-21,2,-21,3,-21,3,-21,3,-22,3,-22,4,-22,4,-22,3,-22,3,-22,3,-22,2,-21,2,-22,2,-22,1,-22,1,-22,0,-22,-1,-23,-1,-24,-1,-25,1,-15,4,-46,4,-45,4,-44,3,-43,2,-42,1,-42,0,-41,-1,-41,-3,-40,-4,-40,-6,-40,-7,-40,-8,-40,-8,-40,-7,-40,-7,-40,-6,-39,-5,-39,-4,-39,-3,-38,-2,-37,-1,-35,-1,-34,0,-33,1,-32,3,-32,10,-30,11,-29,2,-6,0,-2,-1,0,0,0,-1,0,-1,-2,-1,-6,-3,-30,-2,-31,-2,-32,0,-33,2,-34,4,-35,6,-36,8,-37,9,-37,11,-38,12,-38,12,-38,11,-39,12,-40,12,-40,13,-40,13,-39,12,-39,12,-39,11,-39,10,-40,9,-40,9,-41,7,-41,5,-42,4,-43,4,-45,3,-46]"
CSI_DATA,267,5c:01:3b:6b:b0:95,-43,11,1,6,0,1,1,1,0,0,0,-96,1,11,0,23167059,0,86,1,256,1,"[86,-32,4,0,-27,-9,-26,-9,-25,-8,-25,-7,-25,-7,-24,-6,-24,-5,-24,-4,-24,-4,-24,-3,-24,-2,-24,-2,-24,-2,-24,-2,-24,-2,-25,-2,-24,-3,-24,-3,-23,-4,-22,-4,-22,-5,-21,-5,-20,-5,-19,-6,-19,-7,-5,-2,0,0,0,0,0,0,0,0,0,0,0,0,0,0,0,0,0,0,-5,-1,-19,-5,-19,-6,-20,-7,-20,-8,-20,-9,-21,-10,-21,-11,-21,-12,-21,-13,-21,-13,-21,-14,-21,-14,-21,-14,-21,-14,-21,-14,-21,-13,-21,-13,-22,-12,-22,-12,-22,-11,-23,-11,-23,-11,-24,-10,-25,-10,-26,-10,-26,-10,-16,-6,-49,-18,-49,-19,-48,-19,-47,-18,-46,-17,-46,-15,-46,-14,-45,-12,-45,-10,-45,-8,-46,-7,-46,-6,-47,-5,-47,-5,-47,-5,-46,-5,-46,-6,-45,-6,-45,-7,-43,-9,-42,-10,-40,-10,-39,-11,-38,-12,-36,-13,-35,-14,-32,-18,-31,-20,-6,-4,-2,-2,0,0,1,0,0,0,-2,0,-7,-1,-35,-3,-35,-5,-36,-9,-36,-12,-37,-15,-37,-17,-38,-18,-38,-20,-39,-22,-38,-24,-38,-25,-38,-26,-39,-27,-39,-27,-39,-27,-39,-28,-39,-28,-40,-27,-40,-26,-40,-25,-41,-24,-42,-24,-43,-23,-44,-22,-45,-20,-47,-20,-48,-19,-49,-19]"
CSI_DATA,268,5c:01:3b:6b:b0:95,-39,11,1,6,0,1,1,1,0,0,0,-96,1,11,0,23216373,0,86,1,256,1,"[86,-32,4,0,-16,21,-16,21,-15,20,-15,21,-14,21,-13,20,-13,20,-12,20,-10,20,-10,20,-10,21,-9,21,-9,21,-9,21,-9,21,-9,21,-9,21,-10,20,-11,19,-11,18,-11,17,-12,16,-12,16,-12,15,-12,15,-3,3,0,0,0,0,0,0,0,0,0,0,0,0,0,0,0,0,0,0,-3,4,-9,16,-10,16,-11,16,-13,16,-14,16,-15,16,-16,16,-17,15,-18,15,-18,15,-19,16,-19,15,-19,15,-19,15,-19,15,-19,16,-18,16,-17,16,-17,17,-17,17,-17,18,-17,18,-16,18,-17,20,-17,21,-17,21,-11,11,-34,37,-34,36,-33,36,-32,35,-31,35,-29,36,-28,35,-26,36,-24,36,-22,37,-21,38,-21,39,-21,39,-21,39,-20,39,-21,39,-21,39,-21,38,-22,37,-23,35,-23,33,-23,31,-24,30,-24,29,-24,27,-25,25,-29,20,-30,18,-6,3,-2,0,0,-1,0,-2,0,-1,-1,1,-3,5,-18,30,-20,29,-20,29,-23,29,-25,28,-28,28,-30,28,-32,27,-34,27,-35,26,-36,26,-37,26,-37,27,-38,27,-38,26,-39,26,-39,26,-38,27,-37,27,-36,27,-36,28,-35,30,-35,30,-34,32,-34,33,-34,35,-34,36,-34,37]"
CSI_DATA,269,5c:01:3b:6b:b0:95,-40,11,1,7,0,1,1,1,0,0,0,-96,1,11,0,23266476,0,86,1,256,1,"[86,-32,4,0,-6,-23,-7,-23,-7,-22,-7,-22,-7,-21,-7,-21,-8,-20,-9,-20,-9,-20,-10,-19,-10,-19,-10,-19,-10,-19,-10,-19,-10,-19,-10,-19,-10,-19,-9,-19,-8,-18,-7,-18,-7,-18,-6,-17,-5,-17,-4,-17,-4,-17,-1,-5,0,0,0,0,0,0,0,0,0,0,0,0,0,0,0,0,0,0,-2,-4,-8,-16,-7,-17,-6,-18,-6,-19,-5,-19,-4,-20,-4,-20,-3,-21,-3,-21,-2,-22,-2,-22,-2,-23,-2,-22,-1,-22,-1,-22,-2,-22,-2,-22,-3,-21,-3,-22,-4,-22,-4,-22,-4,-22,-5,-22,-6,-23,-6,-24,-7,-24,-4,-14,-12,-44,-12,-44,-12,-44,-12,-43,-12,-42,-13,-41,-13,-40,-15,-39,-16,-38,-18,-37,-19,-36,-20,-36,-20,-36,-20,-36,-20,-36,-20,-36,-19,-36,-18,-36,-17,-36,-15,-35,-14,-35,-13,-34,-12,-33,-11,-33,-9,-32,-8,-32,-5,-32,-3,-32,-1,-6,0,-2,-1,0,0,0,0,0,-2,-2,-4,-5,-17,-27,-15,-28,-14,-30,-12,-32,-10,-34,-9,-36,-8,-37,-7,-38,-5,-39,-4,-40,-3,-41,-3,-41,-3,-42,-2,-42,-2,-42,-1,-42,-2,-42,-2,-42,-3,-42,-4,-41,-4,-41,-5,-42,-7,-42,-8,-42,-9,-42,-11,-43,-11,-44,-12,-45]"
CSI_DATA,270,5c:01:3b:6b:b0:95,-44,11,1,7,0,1,1,1,0,0,0,-96,1,11,0,23316380,0,86,1,256,1,"[86,-32,4,0,9,-23,8,-23,7,-22,7,-22,7,-22,6,-22,5,-22,4,-22,3,-21,3,-22,2,-22,2,-22,2,-22,2,-22,2,-22,2,-22,2,-22,3,-21,3,-21,4,-20,5,-19,5,-18,5,-18,6,-17,6,-17,1,-5,0,0,0,0,0,0,0,0,0,0,0,0,0,0,0,0,0,0,1,-5,4,-17,5,-17,6,-18,7,-18,8,-18,9,-18,10,-18,11,-18,11,-18,12,-18,12,-19,12,-19,13,-18,12,-18,12,-18,12,-19,11,-19,11,-19,11,-19,11,-20,10,-20,10,-21,9,-21,9,-22,9,-23,9,-24,6,-13,22,-41,22,-41,21,-40,20,-39,19,-39,18,-38,17,-38,16,-39,14,-39,12,-39,11,-40,10,-40,9,-41,9,-41,9,-40,10,-40,10,-40,11,-39,12,-39,12,-38,13,-36,13,-35,14,-33,14,-32,15,-30,16,-29,22,-24,23,-23,4,-4,1,-2,-1,0,-1,0,-1,0,0,-2,1,-6,11,-30,13,-29,12,-31,14,-31,16,-31,18,-31,20,-31,22,-31,24,-31,25,-31,26,-31,27,-31,28,-31,28,-31,28,-31,28,-31,28,-31,28,-31,27,-31,26,-32,26,-33,25,-33,25,-35,24,-36,23,-37,22,-38,23,-40,23,-41]"
CSI_DATA,271,5c:01:3b:6b:b0:95,-39,11,1,6,0,1,1,1,0,0,0,-96,1,11,0,23368197,0,86,1,256,1,"[86,-32,4,0,0,-24,0,-24,-1,-23,-1,-23,-1,-23,-2,-22,-3,-21,-3,-21,-4,-21,-5,-21,-5,-21,-5,-20,-5,-20,-6,-21,-6,-21,-6,-21,-5,-20,-5,-20,-4,-20,-4,-19,-2,-19,-2,-18,-1,-18,-1,-17,0,-17,0,-5,0,0,0,0,0,0,0,0,0,0,0,0,0,0,0,0,0,0,-1,-5,-2,-17,-1,-18,-1,-18,0,-19,1,-20,2,-20,3,-20,3,-20,4,-20,5,-21,5,-21,6,-21,6,-21,6,-21,5,-21,4,-21,4,-21,4,-21,3,-22,3,-22,2,-22,2,-22,1,-22,1,-23,1,-24,1,-25,1,-14,5,-45,5,-44,5,-44,4,-43,4,-43,2,-42,1,-41,0,-41,-1,-40,-3,-40,-4,-40,-5,-40,-6,-40,-6,-39,-5,-39,-5,-39,-4,-39,-4,-39,-3,-39,-2,-38,-1,-37,0,-35,1,-34,1,-33,2,-32,4,-31,10,-30,12,-29,2,-6,0,-2,-1,0,0,0,-1,0,-1,-2,-1,-6,-3,-31,-2,-31,-1,-32,1,-33,3,-34,5,-35,7,-36,8,-37,10,-38,11,-38,13,-38,13,-38,14,-38,14,-39,14,-39,15,-39,14,-39,14,-39,13,-39,12,-39,12,-39,11,-40,10,-40,8,-41,7,-42,6,-43,6,-44,5,-45]"
CSI_DATA,272,5c:01:3b:6b:b0:95,-44,11,1,7,0,1,1,1,0,0,0,-96,1,11,0,23416531,0,86,1,256,1,"[86,-32,4,0,23,6,23,6,22,5,22,4,22,4,21,3,21,2,21,2,21,1,21,1,21,0,21,0,21,-1,21,-1,21,-1,21,0,21,0,20,1,20,1,19,2,19,2,18,3,17,3,17,4,16,4,4,1,0,0,0,0,0,0,0,0,0,0,0,0,0,0,0,0,0,0,4,0,16,2,17,3,17,4,17,5,18,6,18,7,18,8,18,8,18,9,18,10,19,10,19,11,19,11,18,10,18,10,19,10,19,9,19,9,20,9,20,8,20,7,21,7,21,7,22,7,23,7,23,7,12,6,42,18,41,18,40,18,39,17,39,16,39,15,38,13,38,12,38,10,38,9,39,7,39,6,40,6,40,6,39,6,39,6,39,7,38,7,38,8,37,9,36,10,34,10,33,11,31,11,30,12,29,13,24,21,22,23,3,4,1,1,-1,-1,-1,-1,-1,-1,1,0,5,0,30,7,29,9,30,8,30,11,31,13,31,15,31,17,31,19,32,21,31,22,31,23,31,23,32,24,33,24,33,25,32,25,32,25,32,25,32,24,33,23,33,23,34,22,35,21,37,20,37,19,39,19,41,19,42,19]"
CSI_DATA,273,5c:01:3b:6b:b0:95,-39,11,1,6,0,1,1,1,0,0,0,-96,1,11,0,23470973,0,86,1,256,1,"[86,-32,4,0,-10,9,-10,9,-9,9,-9,9,-9,9,-8,9,-8,9,-7,9,-7,9,-7,9,-7,10,-7,10,-7,10,-6,10,-6,10,-7,10,-7,9,-7,9,-7,8,-7,8,-7,7,-7,7,-7,7,-7,6,-7,6,-2,1,0,0,0,0,0,0,0,0,0,0,0,0,0,0,0,0,0,0,-2,1,-6,7,-6,7,-7,7,-8,7,-8,7,-9,7,-9,6,-10,6,-10,6,-10,6,-11,6,-11,6,-11,6,-11,6,-11,6,-11,6,-10,6,-10,6,-10,7,-10,7,-10,7,-10,8,-10,8,-10,8,-10,9,-10,9,-13,10,-40,34,-40,33,-39,33,-37,32,-36,32,-35,32,-33,32,-32,33,-30,33,-29,34,-28,35,-27,36,-27,36,-27,37,-26,37,-26,37,-26,36,-26,35,-27,34,-28,32,-28,30,-28,28,-28,27,-28,26,-29,23,-29,21,-31,18,-31,16,-6,2,-2,0,0,-1,0,-2,0,-1,-1,1,-4,5,-19,29,-21,28,-23,27,-26,26,-28,25,-31,24,-33,24,-35,24,-37,23,-38,23,-39,22,-40,22,-41,22,-41,22,-41,21,-42,21,-42,21,-42,22,-41,22,-39,22,-39,23,-39,24,-39,26,-38,28,-38,30,-38,31,-39,33,-39,33]"
CSI_DATA,274,5c:01:3b:6b:b0:95,-40,11,1,7,0,1,1,1,0,0,0,-96,1,11,0,23517379,0,86,1,256,1,"[86,-32,4,0,16,-17,15,-17,15,-17,14,-17,14,-18,13,-17,12,-18,11,-18,11,-18,10,-18,10,-18,10,-18,10,-19,10,-19,10,-19,10,-19,10,-18,10,-17,10,-16,10,-16,11,-15,12,-14,11,-14,11,-13,11,-12,2,-3,0,0,0,0,0,0,0,0,0,0,0,0,0,0,0,0,0,0,2,-4,9,-15,10,-14,11,-14,12,-14,13,-14,14,-14,15,-13,16,-13,16,-13,17,-13,18,-13,18,-13,18,-12,18,-12,18,-12,17,-12,17,-13,16,-13,16,-14,16,-14,16,-15,16,-15,16,-16,16,-16,17,-17,17,-18,9,-10,32,-32,32,-32,31,-31,30,-30,29,-30,28,-30,27,-30,26,-31,24,-32,23,-32,22,-33,21,-33,21,-34,21,-34,21,-34,21,-34,22,-34,22,-33,22,-32,22,-30,23,-29,23,-27,23,-26,23,-24,23,-22,23,-21,26,-17,26,-15,4,-3,1,-1,-1,0,-1,0,-1,0,0,-2,2,-5,16,-28,17,-26,19,-26,21,-25,23,-25,25,-25,27,-25,29,-24,31,-23,32,-22,33,-22,34,-22,35,-22,36,-22,35,-21,35,-21,35,-21,35,-22,34,-22,33,-23,33,-24,33,-24,33,-25,33,-26,32,-28,32,-29,33,-30,34,-31]"
CSI_DATA,275,5c:01:3b:6b:b0:95,-40,11,1,7,0,1,1,1,0,0,0,-96,1,11,0,23566373,0,86,1,256,1,"[86,-32,4,0,3,-24,3,-24,2,-23,2,-23,2,-23,1,-22,0,-22,-1,-21,-1,-21,-1,-21,-2,-21,-2,-21,-2,-22,-3,-21,-3,-22,-2,-22,-2,-22,-2,-21,-1,-21,0,-20,1,-19,2,-18,2,-18,3,-18,3,-17,0,-5,0,0,0,0,0,0,0,0,0,0,0,0,0,0,0,0,0,0,-1,-5,-1,-17,0,-18,1,-18,2,-19,3,-19,4,-20,4,-20,5,-20,6,-20,7,-20,7,-21,8,-21,8,-21,8,-21,7,-21,7,-21,7,-21,6,-21,6,-21,5,-22,5,-22,4,-22,4,-22,5,-23,4,-24,3,-26,3,-14,11,-44,11,-44,10,-43,10,-43,9,-42,9,-41,8,-40,7,-40,5,-40,3,-40,1,-41,-1,-41,-1,-41,-1,-41,-1,-41,0,-40,1,-40,2,-40,3,-39,5,-38,5,-37,6,-35,6,-34,6,-33,7,-32,9,-31,14,-29,16,-28,2,-5,0,-2,-1,0,-1,0,-1,0,-1,-2,-1,-6,-1,-32,1,-32,2,-33,4,-33,7,-34,9,-35,11,-35,13,-35,15,-35,16,-35,17,-36,17,-36,17,-37,17,-38,17,-38,18,-38,18,-38,18,-38,17,-37,17,-37,16,-37,16,-38,16,-39,14,-40,13,-41,11,-42,11,-44,10,-46]"
CSI_DATA,276,5c:01:3b:6b:b0:95,-43,11,1,6,0,1,1,1,0,0,0,-96,1,11,0,23618178,0,86,1,256,1,"[86,-32,4,0,26,3,26,2,25,2,24,1,24,0,24,0,23,-1,23,-2,23,-3,23,-4,22,-4,22,-5,23,-5,23,-5,23,-4,23,-4,23,-4,23,-3,22,-2,21,-2,21,-1,20,-1,19,0,19,0,19,1,4,0,0,0,0,0,0,0,0,0,0,0,0,0,0,0,0,0,0,0,4,-1,18,0,19,1,19,2,20,2,20,3,21,4,21,5,21,6,22,7,22,7,23,8,23,8,22,8,22,8,22,8,22,8,22,7,22,6,23,6,23,5,24,5,24,4,24,4,25,3,26,3,27,3,14,4,48,13,47,13,47,13,46,13,45,11,45,10,44,8,44,7,43,5,43,3,43,2,44,1,44,0,44,0,44,0,43,1,43,1,43,1,42,3,41,4,40,5,38,5,37,6,36,7,34,8,33,10,29,19,28,21,4,4,1,1,-1,-1,-2,-1,-1,-1,1,-1,5,0,33,4,33,7,34,5,34,8,35,10,35,12,36,14,37,16,38,18,38,19,38,20,38,21,39,21,39,22,39,22,39,23,39,23,39,22,39,21,39,20,40,20,41,19,42,18,43,17,44,15,46,14,47,14,48,13]"
CSI_DATA,277,5c:01:3b:6b:b0:95,-44,11,1,7,0,1,1,1,0,0,0,-96,1,11,0,23666914,0,86,1,256,1,"[86,-32,4,0,-21,-14,-21,-13,-20,-12,-20,-12,-20,-11,-20,-11,-20,-10,-20,-9,-20,-8,-20,-8,-21,-7,-21,-7,-21,-7,-21,-7,-21,-7,-21,-7,-21,-8,-20,-8,-20,-8,-19,-9,-18,-9,-17,-9,-16,-9,-16,-10,-15,-10,-4,-3,0,0,0,0,0,0,0,0,0,0,0,0,0,0,0,0,0,0,-4,-2,-16,-8,-16,-9,-16,-10,-16,-11,-16,-12,-16,-13,-16,-14,-16,-15,-15,-15,-15,-16,-16,-16,-16,-17,-15,-17,-15,-17,-15,-16,-16,-16,-16,-16,-16,-15,-17,-15,-17,-15,-18,-14,-18,-14,-19,-14,-19,-14,-20,-14,-21,-14,-12,-10,-37,-30,-36,-30,-35,-30,-35,-29,-34,-27,-34,-27,-34,-25,-34,-24,-34,-22,-35,-21,-36,-19,-37,-18,-38,-18,-38,-18,-38,-18,-37,-18,-37,-19,-36,-19,-35,-20,-34,-20,-32,-21,-31,-21,-29,-21,-28,-21,-27,-21,-25,-22,-19,-27,-17,-28,-3,-6,-1,-2,0,0,0,0,0,0,-2,-1,-5,-3,-27,-15,-27,-17,-28,-18,-27,-21,-27,-23,-27,-25,-26,-27,-26,-29,-25,-30,-25,-32,-25,-32,-25,-33,-25,-33,-26,-34,-26,-34,-25,-35,-25,-35,-25,-34,-26,-33,-26,-33,-27,-33,-28,-32,-29,-32,-30,-31,-32,-30,-33,-30,-35,-31,-37,-31]"
CSI_DATA,278,5c:01:3b:6b:b0:95,-43,11,1,6,0,1,1,1,0,0,0,-96,1,11,0,23718284,0,86,1,256,1,"[86,-32,4,0,27,-1,26,-1,25,-2,24,-2,24,-3,24,-3,23,-4,23,-4,22,-5,22,-6,22,-7,22,-7,22,-7,22,-7,23,-7,23,-6,22,-6,22,-5,22,-4,21,-4,21,-3,20,-2,20,-2,19,-1,18,0,4,0,0,0,0,0,0,0,0,0,0,0,0,0,0,0,0,0,0,0,4,-1,18,-4,19,-3,19,-2,20,-1,21,0,21,0,22,1,22,2,23,3,23,4,24,4,24,4,23,4,23,4,23,4,23,4,23,3,23,3,23,2,24,2,24,1,25,1,25,0,25,0,26,-1,27,-1,15,2,50,5,50,5,49,5,48,5,47,4,46,3,46,2,45,0,44,-2,44,-4,44,-5,44,-6,44,-7,44,-7,44,-6,44,-6,44,-5,43,-5,43,-3,42,-2,41,-1,39,0,38,1,37,2,36,4,35,5,33,13,31,15,5,2,1,1,-1,-1,-2,0,-1,-1,1,-1,5,-1,33,-4,34,-2,35,-2,36,0,37,3,38,5,39,6,40,8,41,10,41,12,42,13,42,13,43,14,43,14,43,14,43,15,43,15,43,14,43,14,42,13,43,12,44,11,45,10,46,9,46,7,48,6,49,5,50,5]"
CSI_DATA,279,5c:01:3b:6b:b0:95,-43,11,1,6,0,1,1,1,0,0,0,-96,1,11,0,23768346,0,86,1,256,1,"[86,-32,4,0,-23,-15,-23,-15,-22,-14,-22,-13,-22,-12,-22,-12,-22,-11,-22,-10,-22,-9,-23,-9,-23,-8,-23,-7,-23,-8,-23,-8,-23,-8,-23,-8,-23,-9,-22,-9,-21,-10,-21,-10,-19,-10,-18,-10,-18,-10,-17,-11,-17,-11,-4,-3,0,0,0,0,0,0,0,0,0,0,0,0,0,0,0,0,0,0,-5,-2,-18,-8,-18,-9,-18,-10,-18,-12,-18,-13,-18,-14,-18,-15,-18,-16,-18,-16,-18,-17,-18,-17,-18,-18,-18,-18,-18,-18,-18,-18,-18,-17,-18,-17,-18,-16,-19,-16,-19,-16,-20,-16,-20,-15,-21,-15,-22,-15,-23,-15,-24,-15,-13,-11,-41,-33,-40,-33,-40,-32,-39,-31,-39,-30,-39,-28,-39,-27,-39,-25,-39,-24,-40,-22,-41,-21,-42,-20,-42,-19,-43,-19,-42,-19,-42,-20,-41,-20,-40,-20,-39,-21,-38,-22,-36,-22,-35,-22,-33,-23,-32,-23,-30,-24,-28,-25,-23,-29,-21,-30,-4,-6,-1,-2,0,0,0,0,0,0,-2,-1,-6,-3,-31,-16,-30,-18,-31,-19,-31,-21,-31,-24,-31,-26,-31,-28,-30,-30,-30,-32,-30,-34,-29,-35,-29,-36,-30,-36,-30,-37,-29,-37,-29,-38,-29,-37,-30,-37,-30,-36,-30,-35,-32,-35,-33,-34,-34,-34,-35,-34,-37,-33,-38,-33,-39,-33,-40,-33]"
CSI_DATA,280,5c:01:3b:6b:b0:95,-43,11,1,6,0,1,1,1,0,0,0,-96,1,11,0,23816452,0,86,1,256,1,"[86,-32,4,0,-24,15,-23,15,-22,15,-21,15,-20,16,-20,16,-19,16,-18,16,-17,16,-17,17,-16,17,-16,17,-16,18,-16,18,-16,18,-16,18,-16,18,-16,17,-16,16,-16,15,-16,14,-17,13,-17,13,-16,12,-16,11,-5,2,0,0,0,0,0,0,0,0,0,0,0,0,0,0,0,0,0,0,-4,2,-15,11,-16,11,-17,11,-18,10,-19,10,-20,10,-21,9,-22,9,-22,8,-23,8,-24,8,-24,7,-24,7,-24,8,-24,8,-23,8,-23,9,-22,9,-23,10,-23,11,-23,11,-23,12,-23,12,-23,13,-24,14,-23,15,-12,10,-39,34,-39,33,-38,32,-37,32,-36,32,-34,33,-33,33,-31,34,-29,34,-28,35,-27,36,-26,36,-26,37,-26,37,-26,37,-26,37,-26,37,-26,36,-27,36,-27,34,-27,32,-27,30,-27,28,-28,27,-28,25,-29,23,-28,24,-28,22,-6,3,-2,0,0,-1,0,-1,0,-1,-1,1,-3,5,-15,31,-17,30,-25,25,-27,25,-30,24,-32,24,-34,23,-36,23,-37,22,-39,22,-40,21,-40,20,-41,20,-42,20,-42,19,-42,20,-42,20,-42,21,-41,21,-40,22,-40,24,-40,25,-40,26,-39,27,-39,29,-39,30,-40,32,-40,32]"
CSI_DATA,281,5c:01:3b:6b:b0:95,-39,11,1,6,0,1,1,1,0,0,0,-96,1,11,0,23866327,0,86,1,256,1,"[86,-32,4,0,-24,4,-24,3,-23,4,-22,5,-22,6,-21,6,-20,6,-20,7,-20,7,-20,8,-20,9,-19,9,-19,9,-19,9,-20,9,-20,9,-19,9,-19,8,-19,7,-18,6,-18,6,-17,5,-18,5,-17,4,-17,3,-5,0,0,0,0,0,0,0,0,0,0,0,0,0,0,0,0,0,0,0,-5,0,-17,3,-18,2,-18,2,-19,1,-19,0,-20,0,-21,-1,-21,-1,-22,-2,-22,-2,-22,-3,-23,-3,-23,-3,-22,-3,-22,-3,-22,-3,-22,-2,-22,-1,-22,-1,-22,1,-22,1,-23,1,-23,2,-23,3,-24,3,-25,3,-15,2,-46,8,-45,8,-45,7,-44,8,-42,9,-41,10,-40,11,-39,12,-39,13,-38,14,-37,15,-37,15,-37,16,-37,17,-37,17,-37,17,-37,17,-36,16,-36,15,-36,14,-35,12,-34,11,-34,10,-33,8,-33,7,-32,5,-31,2,-31,0,-6,-1,-2,-1,0,-1,0,-1,0,-1,-2,0,-6,2,-30,11,-31,9,-32,6,-33,5,-35,3,-36,2,-37,1,-38,0,-40,-1,-40,-2,-41,-4,-41,-5,-42,-5,-42,-6,-42,-6,-42,-6,-42,-5,-42,-5,-42,-4,-42,-2,-42,-1,-42,0,-43,2,-43,3,-44,4,-44,5,-44,5,-45,6]"
CSI_DATA,282,5c:01:3b:6b:b0:95,-39,11,1,6,0,1,1,1,0,0,0,-96,1,11,0,23918558,0,86,1,256,1,"[86,-32,4,0,8,-11,8,-11,8,-11,7,-11,7,-11,7,-11,6,-11,6,-10,5,-11,5,-11,5,-11,5,-11,5,-11,5,-11,5,-11,5,-11,5,-11,5,-10,5,-10,5,-10,6,-9,6,-9,6,-8,6,-8,6,-8,1,-2,0,0,0,0,0,0,0,0,0,0,0,0,0,0,0,0,0,0,1,-2,4,-8,5,-8,6,-9,6,-9,7,-8,7,-8,8,-8,8,-8,9,-8,9,-8,9,-8,10,-8,10,-8,9,-8,9,-8,9,-8,9,-8,9,-8,9,-9,8,-9,8,-9,8,-9,8,-10,8,-10,9,-11,9,-11,12,-10,39,-32,38,-32,38,-32,37,-31,35,-31,34,-31,33,-31,32,-32,30,-33,29,-34,28,-35,27,-36,27,-37,27,-36,27,-36,27,-36,28,-35,28,-34,28,-34,29,-32,28,-30,28,-28,28,-26,27,-25,27,-23,28,-21,32,-12,33,-10,5,-2,1,-1,-1,0,-1,0,-1,0,1,-2,3,-5,23,-25,25,-24,23,-26,26,-26,28,-25,30,-24,32,-24,34,-23,36,-22,37,-21,38,-21,39,-20,40,-20,40,-20,41,-20,41,-20,41,-20,41,-20,40,-20,39,-21,39,-22,39,-23,39,-24,38,-26,38,-27,38,-29,40,-31,40,-32]"
CSI_DATA,283,5c:01:3b:6b:b0:95,-43,11,1,6,0,1,1,1,0,0,0,-96,1,11,0,23966409,0,86,1,256,1,"[86,-32,4,0,-18,-22,-18,-21,-17,-20,-17,-19,-18,-18,-18,-18,-18,-17,-19,-16,-19,-16,-20,-15,-20,-15,-20,-14,-20,-14,-20,-15,-21,-15,-20,-15,-20,-15,-19,-15,-19,-15,-18,-16,-17,-16,-15,-15,-14,-15,-14,-16,-13,-16,-4,-4,0,0,0,0,0,0,0,0,0,0,0,0,0,0,0,0,0,0,-4,-4,-14,-14,-14,-15,-14,-16,-14,-17,-13,-18,-13,-19,-13,-20,-13,-21,-12,-21,-12,-22,-12,-22,-12,-23,-11,-23,-11,-23,-11,-23,-12,-23,-12,-22,-13,-22,-13,-21,-14,-21,-15,-21,-15,-21,-15,-21,-16,-21,-17,-22,-18,-22,-10,-14,-32,-43,-31,-43,-31,-42,-30,-41,-30,-39,-31,-38,-32,-36,-32,-35,-33,-33,-34,-32,-35,-31,-36,-31,-37,-31,-37,-31,-36,-30,-36,-30,-35,-30,-34,-30,-33,-31,-32,-31,-30,-31,-29,-31,-27,-31,-25,-31,-23,-31,-21,-32,-16,-34,-13,-34,-3,-7,-1,-2,0,0,0,0,0,0,-2,-1,-5,-4,-27,-23,-25,-25,-25,-27,-24,-30,-23,-32,-22,-34,-22,-36,-21,-37,-21,-39,-20,-41,-19,-42,-19,-43,-19,-43,-19,-44,-18,-44,-18,-45,-18,-44,-19,-45,-19,-43,-20,-42,-21,-42,-23,-42,-24,-42,-26,-42,-27,-41,-29,-42,-30,-42,-31,-42]"
CSI_DATA,284,5c:01:3b:6b:b0:95,-39,11,1,6,0,1,1,1,0,0,0,-96,1,11,0,24016344,0,86,1,256,1,"[86,-32,4,0,20,-14,19,-14,18,-14,17,-14,17,-14,17,-14,16,-15,15,-15,14,-15,13,-16,13,-17,13,-17,13,-17,13,-17,13,-17,13,-17,13,-16,14,-15,13,-14,13,-13,13,-13,13,-12,13,-12,13,-11,13,-11,3,-3,0,0,0,0,0,0,0,0,0,0,0,0,0,0,0,0,0,0,3,-3,12,-11,13,-11,15,-11,15,-10,16,-10,17,-9,18,-9,19,-8,19,-8,19,-8,20,-8,20,-9,20,-8,20,-8,20,-8,20,-8,19,-9,19,-9,19,-10,19,-10,19,-10,19,-11,18,-12,19,-13,20,-14,21,-14,12,-6,40,-19,40,-18,39,-17,38,-17,37,-18,36,-18,35,-18,35,-19,33,-21,32,-22,31,-24,30,-26,30,-26,30,-25,30,-25,30,-25,30,-24,30,-24,31,-23,31,-21,30,-19,29,-18,29,-17,28,-16,28,-15,28,-13,31,-5,30,-3,5,-1,1,0,-1,0,-1,0,-1,0,1,-1,4,-3,27,-15,28,-13,27,-16,29,-14,31,-13,32,-11,34,-10,35,-9,36,-8,37,-6,38,-6,38,-6,39,-7,39,-7,39,-7,40,-7,40,-7,40,-7,38,-7,38,-8,39,-9,39,-10,39,-11,39,-12,38,-14,39,-16,41,-17,42,-17]"
CSI_DATA,285,5c:01:3b:6b:b0:95,-39,11,1,6,0,1,1,1,0,0,0,-96,1,11,0,24066382,0,86,1,256,1,"[86,-32,4,0,-24,-2,-24,-2,-23,-2,-23,-1,-23,-1,-22,0,-21,1,-21,1,-21,2,-21,3,-21,3,-21,4,-21,4,-21,3,-21,3,-21,3,-21,3,-21,2,-20,2,-20,1,-19,1,-18,0,-18,0,-18,-1,-18,-2,-5,-1,0,0,0,0,0,0,0,0,0,0,0,0,0,0,0,0,0,0,-5,0,-17,0,-18,-1,-18,-2,-19,-3,-19,-4,-20,-4,-20,-5,-20,-6,-20,-7,-20,-7,-21,-7,-21,-8,-21,-8,-21,-8,-21,-8,-21,-7,-21,-7,-21,-6,-21,-5,-22,-5,-22,-5,-22,-4,-22,-4,-23,-3,-24,-3,-25,-3,-15,-3,-46,-6,-46,-6,-45,-6,-44,-6,-44,-5,-43,-4,-42,-3,-41,-1,-41,0,-40,2,-40,4,-40,5,-40,6,-41,5,-40,5,-40,5,-40,4,-40,4,-39,3,-39,1,-38,0,-36,-1,-35,-2,-34,-2,-33,-3,-32,-5,-31,-9,-30,-11,-6,-3,-2,-1,0,0,0,-1,0,-1,-2,0,-6,1,-31,5,-31,3,-33,-1,-34,-3,-34,-5,-35,-7,-37,-9,-37,-11,-38,-12,-38,-14,-38,-14,-38,-15,-39,-15,-40,-15,-40,-15,-40,-15,-40,-16,-39,-15,-39,-15,-39,-14,-40,-13,-40,-12,-41,-11,-43,-10,-44,-8,-44,-7,-45,-6,-45,-6]"
CSI_DATA,286,5c:01:3b:6b:b0:95,-44,11,1,7,0,1,1,1,0,0,0,-96,1,11,0,24116448,0,86,1,256,1,"[86,-32,4,0,-23,16,-22,16,-21,16,-20,16,-20,16,-19,17,-18,17,-17,17,-17,17,-16,17,-16,18,-16,18,-16,19,-15,19,-15,19,-16,18,-16,18,-16,17,-16,16,-16,15,-17,15,-17,13,-17,12,-17,11,-17,11,-5,2,0,0,0,0,0,0,0,0,0,0,0,0,0,0,0,0,0,0,-4,3,-14,14,-15,13,-16,13,-17,13,-18,13,-19,12,-20,12,-21,12,-22,11,-23,10,-23,10,-23,10,-23,10,-23,10,-23,10,-23,10,-22,11,-22,11,-22,12,-22,12,-22,13,-22,14,-22,14,-22,15,-23,16,-23,16,-15,7,-47,26,-47,25,-45,25,-44,24,-42,24,-41,25,-40,25,-39,26,-37,27,-36,28,-35,30,-34,31,-34,32,-34,32,-34,32,-34,31,-35,31,-35,30,-35,29,-35,27,-35,25,-35,23,-34,21,-34,20,-34,18,-34,16,-37,9,-37,7,-7,1,-2,0,0,-1,0,-1,0,-1,-2,1,-5,4,-27,23,-29,21,-29,22,-31,21,-34,20,-36,19,-38,18,-40,17,-41,16,-43,15,-43,14,-44,13,-45,14,-46,14,-46,14,-46,13,-46,13,-46,14,-45,14,-45,15,-45,16,-45,17,-45,18,-44,20,-44,21,-45,23,-46,25,-47,26]"
CSI_DATA,287,5c:01:3b:6b:b0:95,-43,11,1,6,0,1,1,1,0,0,0,-96,1,11,0,24168095,0,86,1,256,1,"[86,-32,4,0,26,-5,26,-5,25,-5,24,-6,24,-6,23,-7,23,-7,22,-8,22,-8,22,-9,21,-10,21,-10,21,-10,21,-10,21,-10,22,-10,22,-9,21,-9,21,-8,20,-7,20,-6,19,-5,19,-5,19,-4,18,-3,4,-1,0,0,0,0,0,0,0,0,0,0,0,0,0,0,0,0,0,0,4,-2,17,-6,18,-5,19,-4,20,-4,21,-3,22,-2,22,-1,23,-1,23,0,23,1,24,2,24,2,24,2,24,2,24,1,24,1,23,1,23,0,24,-1,24,-1,24,-2,24,-3,25,-3,26,-3,26,-4,27,-4,15,-2,51,-6,50,-6,49,-6,49,-6,48,-7,47,-7,46,-8,45,-10,43,-11,43,-13,42,-15,42,-16,42,-17,42,-17,42,-16,42,-16,42,-15,42,-14,42,-13,41,-12,40,-10,39,-9,38,-8,37,-6,37,-5,36,-3,35,3,34,5,6,1,1,0,-1,-1,-1,0,-1,0,1,-2,5,-3,30,-15,32,-13,34,-10,35,-8,37,-5,39,-4,40,-2,41,0,43,2,43,3,44,4,44,4,45,4,46,4,45,5,46,5,46,5,46,5,45,5,45,4,46,3,46,1,47,0,47,-1,47,-3,49,-4,50,-6,51,-6]"
CSI_DATA,288,5c:01:3b:6b:b0:95,-39,11,1,6,0,1,1,1,0,0,0,-96,1,11,0,24219120,0,86,1,256,1,"[86,-32,4,0,-5,-23,-6,-23,-6,-22,-6,-22,-6,-22,-7,-21,-7,-21,-8,-20,-9,-20,-9,-19,-9,-19,-9,-19,-10,-19,-10,-19,-10,-19,-10,-19,-9,-19,-9,-19,-8,-19,-7,-19,-6,-18,-5,-18,-5,-17,-4,-17,-3,-17,-1,-5,0,0,0,0,0,0,0,0,0,0,0,0,0,0,0,0,0,0,-2,-4,-6,-16,-6,-17,-5,-18,-5,-19,-4,-19,-3,-20,-3,-20,-2,-21,-2,-21,-1,-22,-1,-22,0,-22,0,-22,0,-22,0,-22,-1,-22,-1,-22,-2,-21,-2,-22,-2,-22,-3,-22,-3,-22,-4,-22,-4,-23,-5,-24,-6,-24,-2,-14,-5,-45,-5,-45,-5,-44,-5,-43,-5,-42,-6,-41,-7,-41,-8,-40,-10,-39,-11,-39,-13,-38,-14,-38,-15,-38,-15,-38,-14,-38,-14,-38,-13,-37,-12,-37,-11,-37,-9,-37,-8,-36,-7,-35,-6,-34,-5,-33,-4,-33,-2,-32,4,-31,6,-31,1,-6,0,-2,-1,0,0,0,0,0,-1,-2,-2,-6,-10,-30,-8,-31,-9,-31,-7,-33,-5,-35,-3,-36,-2,-37,0,-38,1,-39,3,-39,3,-40,4,-40,3,-41,4,-41,4,-41,5,-41,5,-41,4,-41,4,-40,3,-40,2,-41,2,-41,0,-42,-1,-42,-2,-43,-4,-44,-5,-45,-5,-45]"
CSI_DATA,289,5c:01:3b:6b:b0:95,-40,11,1,7,0,1,1,1,0,0,0,-96,1,11,0,24266877,0,86,1,256,1,"[86,-32,4,0,7,-12,6,-12,6,-12,5,-12,5,-12,5,-12,4,-11,4,-11,4,-12,3,-12,3,-12,3,-12,3,-12,3,-12,3,-12,3,-12,3,-11,4,-11,4,-11,4,-11,4,-10,4,-10,4,-9,4,-9,5,-8,1,-2,0,0,0,0,0,0,0,0,0,0,0,0,0,0,0,0,0,0,0,-3,3,-9,3,-10,4,-10,5,-10,5,-10,6,-10,6,-10,6,-10,7,-10,7,-10,8,-10,8,-9,8,-9,8,-9,8,-9,8,-9,7,-10,7,-10,7,-10,7,-10,7,-11,7,-11,7,-11,7,-12,7,-12,7,-12,8,-14,28,-43,28,-43,28,-42,27,-41,26,-41,25,-41,23,-40,22,-41,20,-41,18,-42,16,-43,15,-44,15,-44,15,-44,16,-43,16,-43,17,-43,17,-42,18,-42,18,-40,19,-39,19,-37,20,-35,20,-33,20,-31,21,-29,26,-25,27,-23,4,-4,1,-2,-1,0,-1,1,-1,0,0,-2,1,-6,11,-32,13,-32,14,-33,16,-33,19,-33,21,-33,23,-33,26,-33,28,-33,30,-33,31,-33,32,-33,32,-33,33,-33,33,-33,33,-33,33,-32,33,-32,32,-33,32,-33,32,-34,31,-35,30,-36,29,-38,28,-39,28,-41,29,-42,29,-44]"
CSI_DATA,290,5c:01:3b:6b:b0:95,-40,11,1,7,0,1,1,1,0,0,0,-96,1,11,0,24316282,0,86,1,256,1,"[86,-32,4,0,16,16,16,16,16,15,16,15,16,14,16,14,17,12,17,11,17,11,17,11,17,10,17,10,18,10,18,10,18,10,18,10,18,11,17,11,16,11,15,11,14,11,13,11,12,11,11,12,11,13,2,3,0,0,0,0,0,0,0,0,0,0,0,0,0,0,0,0,0,0,3,2,13,9,13,10,13,11,13,12,13,13,13,15,13,15,13,16,12,16,12,17,12,18,12,18,11,18,11,18,12,18,12,18,12,17,12,17,13,17,14,17,14,16,14,16,15,16,15,16,17,17,17,18,8,11,28,35,27,35,27,34,27,33,27,32,27,31,27,29,28,28,28,26,29,25,31,24,31,23,32,23,32,24,32,23,31,23,31,24,30,24,29,24,27,24,25,25,24,24,23,24,22,24,20,25,19,25,13,28,11,29,1,5,0,1,-1,-1,-1,-1,-1,-1,1,0,4,3,23,18,22,20,24,20,23,22,22,24,21,27,21,29,20,31,19,33,18,34,18,35,18,35,19,36,19,37,19,37,18,37,18,37,18,36,18,36,18,35,20,35,21,35,22,34,23,34,25,33,26,34,28,35,28,36]"
CSI_DATA,291,5c:01:3b:6b:b0:95,-37,11,1,6,0,1,1,1,0,0,0,-98,1,11,0,24369712,0,86,1,256,1,"[86,-32,4,0,13,1,13,1,12,0,12,0,12,0,12,0,12,-1,12,-1,11,-1,11,-2,11,-2,11,-2,11,-2,11,-2,11,-2,11,-2,11,-2,11,-1,11,-1,10,-1,10,-1,10,0,9,0,9,0,9,1,2,0,0,0,0,0,0,0,0,0,0,0,0,0,0,0,0,0,0,0,2,-1,9,-1,9,0,9,0,10,0,10,1,10,1,10,2,10,2,11,2,11,3,11,3,11,3,11,3,11,3,11,3,11,3,11,3,11,2,11,2,11,2,11,2,12,2,12,1,12,1,13,1,13,1,15,1,50,5,50,6,49,5,48,5,47,4,47,3,46,1,46,0,45,-2,44,-3,44,-5,44,-6,44,-7,44,-6,44,-6,44,-6,44,-5,43,-4,43,-3,42,-2,41,0,39,1,38,1,37,2,36,4,35,6,33,9,31,11,5,2,1,0,-1,-1,-2,0,-1,0,1,-1,5,-2,34,-7,34,-5,35,-2,36,0,37,2,38,4,39,6,40,8,41,10,41,11,42,12,42,13,42,14,43,15,43,15,43,15,43,15,43,14,42,13,42,12,43,12,44,11,45,10,46,9,47,8,48,7,49,6,50,6]"
CSI_DATA,292,5c:01:3b:6b:b0:95,-42,11,1,7,0,1,1,1,0,0,0,-98,1,11,0,24416598,0,86,1,256,1,"[86,-32,4,0,27,-5,26,-5,25,-6,25,-6,25,-7,24,-7,23,-8,23,-8,22,-9,22,-10,22,-10,22,-11,22,-11,22,-11,22,-11,22,-10,22,-10,22,-9,21,-8,21,-7,21,-7,20,-6,20,-5,19,-4,19,-3,4,-1,0,0,0,0,0,0,0,0,0,0,0,0,0,0,0,0,0,0,4,-2,18,-6,19,-6,19,-5,20,-4,21,-3,22,-2,23,-2,23,-1,24,0,24,0,25,1,25,1,24,1,24,1,24,1,24,0,24,0,24,-1,24,-1,24,-2,25,-2,25,-3,25,-3,26,-4,27,-4,28,-5,16,-1,52,-4,52,-3,51,-3,50,-4,48,-4,47,-6,46,-7,46,-8,44,-10,44,-11,44,-13,43,-14,44,-15,44,-15,44,-15,44,-15,44,-14,43,-13,43,-12,43,-11,42,-9,40,-7,39,-6,38,-5,37,-3,36,-2,36,6,34,9,6,1,1,0,-1,-1,-2,0,-1,0,1,-1,5,-2,33,-8,34,-6,36,-7,37,-5,38,-3,39,-1,41,0,42,2,43,4,44,5,44,6,45,7,45,8,46,8,46,8,46,9,46,8,46,8,45,7,45,6,46,5,47,4,47,2,48,1,48,0,49,-1,51,-2,53,-2]"
CSI_DATA,293,5c:01:3b:6b:b0:95,-37,11,1,6,0,1,1,1,0,0,0,-98,1,11,0,24468163,0,86,1,256,1,"[86,-32,4,0,12,-6,11,-6,11,-6,10,-6,10,-7,10,-7,10,-7,9,-7,9,-7,9,-8,9,-8,9,-8,9,-8,9,-8,9,-8,9,-8,9,-7,9,-7,9,-6,9,-6,9,-6,9,-5,8,-5,8,-4,8,-4,2,-1,0,0,0,0,0,0,0,0,0,0,0,0,0,0,0,0,0,0,1,-2,7,-6,7,-6,8,-6,8,-6,9,-5,9,-5,10,-5,10,-4,11,-4,11,-4,11,-4,11,-4,11,-4,11,-4,11,-4,11,-4,11,-4,11,-4,11,-5,11,-5,11,-5,11,-5,11,-6,11,-6,12,-6,12,-7,14,-6,46,-20,46,-20,45,-19,45,-19,43,-19,43,-20,42,-20,41,-21,39,-23,37,-25,37,-26,36,-27,36,-27,37,-26,37,-26,37,-25,37,-24,37,-24,37,-23,37,-21,36,-19,36,-17,35,-16,34,-15,34,-13,34,-11,34,-5,34,-2,6,-1,1,0,-1,-1,-1,0,-1,0,1,-2,4,-5,25,-22,27,-21,28,-21,30,-19,33,-18,35,-16,37,-15,39,-15,41,-13,42,-12,43,-12,43,-11,44,-11,44,-11,44,-10,45,-10,44,-9,45,-10,44,-10,43,-10,44,-11,44,-12,44,-14,44,-15,44,-17,45,-18,46,-19,46,-20]"
CSI_DATA,294,5c:01:3b:6b:b0:95,-37,11,1,6,0,1,1,1,0,0,0,-98,1,11,0,24520767,0,86,1,256,1,"[86,-32,4,0,7,11,7,11,7,10,7,9,7,9,7,9,7,8,7,8,8,8,8,8,8,7,8,7,8,8,8,8,8,8,8,8,8,7,8,7,7,8,7,8,6,8,6,7,5,7,5,8,5,8,1,2,0,0,0,0,0,0,0,0,0,0,0,0,0,0,0,0,0,0,1,1,5,7,5,7,5,8,5,8,5,9,4,9,4,10,4,10,4,10,4,11,4,11,3,11,3,11,3,11,3,11,3,11,4,11,4,10,5,10,5,10,5,11,5,11,6,11,6,11,7,11,7,11,6,13,23,45,23,44,22,43,22,42,23,41,23,40,24,38,25,37,26,36,27,34,28,33,29,32,30,33,30,33,30,33,29,33,29,33,28,33,27,34,25,34,23,33,21,32,20,32,19,32,17,32,15,32,9,34,6,34,0,5,-1,1,-1,-1,-1,-1,-1,-1,1,1,4,3,22,23,21,25,20,28,19,30,17,32,16,34,15,36,14,38,13,40,12,41,12,42,11,42,11,43,12,44,12,44,11,44,11,44,11,44,11,43,13,42,14,42,15,42,16,43,18,43,19,43,21,44,23,44,24,45]"
CSI_DATA,295,5c:01:3b:6b:b0:95,-41,11,1,6,0,1,1,1,0,0,0,-98,1,11,0,24566919,0,86,1,256,1,"[86,-32,4,0,-28,-4,-27,-3,-26,-3,-26,-2,-26,-2,-25,-1,-25,-1,-24,0,-24,1,-24,2,-24,2,-24,3,-24,3,-24,3,-24,3,-24,3,-24,2,-24,1,-23,0,-23,-1,-22,-1,-21,-1,-21,-2,-20,-2,-20,-3,-5,-1,0,0,0,0,0,0,0,0,0,0,0,0,0,0,0,0,0,0,-5,0,-20,0,-20,-1,-21,-2,-21,-3,-22,-4,-22,-5,-23,-6,-23,-7,-23,-7,-23,-8,-24,-8,-24,-8,-24,-8,-24,-8,-24,-8,-24,-8,-24,-8,-24,-7,-24,-7,-24,-6,-25,-6,-25,-5,-25,-4,-26,-4,-27,-4,-28,-4,-15,-7,-49,-18,-48,-18,-47,-17,-46,-17,-45,-16,-45,-15,-44,-13,-44,-12,-44,-10,-44,-8,-45,-6,-45,-5,-46,-5,-46,-5,-45,-5,-45,-5,-45,-6,-44,-6,-44,-8,-42,-9,-41,-10,-39,-10,-38,-11,-37,-11,-35,-13,-34,-14,-29,-24,-26,-25,-5,-5,-2,-2,0,0,1,0,0,0,-2,-1,-7,-2,-34,-8,-34,-10,-35,-7,-36,-10,-36,-13,-37,-15,-37,-17,-37,-19,-38,-21,-38,-22,-38,-23,-38,-24,-39,-24,-40,-25,-39,-25,-39,-26,-39,-26,-40,-25,-39,-24,-39,-23,-40,-23,-41,-22,-42,-21,-43,-20,-44,-19,-46,-18,-48,-17,-49,-17]"
CSI_DATA,296,5c:01:3b:6b:b0:95,-41,11,1,6,0,1,1,1,0,0,0,-98,1,11,0,24616426,0,86,1,256,1,"[86,-32,4,0,-27,7,-27,7,-25,8,-25,8,-25,9,-24,9,-23,10,-22,10,-22,10,-22,11,-21,11,-21,12,-21,12,-21,12,-22,12,-22,11,-22,11,-21,10,-21,9,-21,9,-21,8,-20,7,-20,6,-20,5,-19,4,-5,1,0,0,0,0,0,0,0,0,0,0,0,0,0,0,0,0,0,0,-5,2,-17,8,-18,8,-19,7,-20,6,-21,6,-22,5,-23,5,-23,4,-24,4,-24,3,-25,2,-26,2,-25,2,-25,2,-25,2,-25,2,-25,3,-24,3,-25,4,-25,5,-25,5,-25,6,-25,6,-26,7,-27,7,-27,8,-16,4,-51,14,-51,13,-50,13,-49,13,-48,14,-46,14,-45,15,-44,17,-43,18,-42,19,-41,20,-41,21,-41,22,-42,22,-41,22,-41,22,-41,21,-41,20,-41,19,-41,17,-40,15,-39,13,-39,12,-38,10,-37,8,-37,7,-37,3,-37,1,-7,0,-2,-1,0,-1,0,-1,0,-1,-2,1,-5,3,-29,20,-30,18,-33,15,-35,14,-38,12,-39,10,-41,9,-43,8,-44,6,-45,5,-46,4,-46,3,-47,3,-48,3,-48,2,-48,2,-48,2,-48,3,-47,3,-47,4,-48,5,-48,7,-48,8,-48,9,-48,10,-49,12,-50,13,-51,14]"
CSI_DATA,297,5c:01:3b:6b:b0:95,-41,11,1,6,0,1,1,1,0,0,0,-98,1,11,0,24666573,0,86,1,256,1,"[86,-32,4,0,22,15,21,15,21,14,21,13,21,12,21,11,21,10,21,10,21,9,22,8,22,7,22,7,22,7,22,8,22,8,22,8,22,8,21,9,20,9,20,9,18,9,17,9,17,10,16,10,16,11,4,2,0,0,0,0,0,0,0,0,0,0,0,0,0,0,0,0,0,0,4,1,16,8,16,9,16,11,16,12,17,13,17,14,17,15,16,15,16,16,16,17,17,17,17,17,16,17,16,17,16,18,16,18,16,17,17,16,17,16,18,16,19,15,19,15,19,15,20,15,22,15,23,15,10,11,37,35,36,35,35,34,34,33,34,32,35,31,35,29,35,28,35,26,36,24,37,23,38,22,39,22,39,22,39,22,38,22,38,22,37,23,36,24,34,24,33,24,31,24,29,24,28,24,26,25,24,26,17,31,15,32,2,5,0,1,-1,-1,-1,-1,-1,-1,1,0,4,3,27,20,26,23,28,21,27,23,26,26,26,28,26,30,25,32,25,34,24,35,24,36,23,37,24,38,24,38,24,38,23,39,23,39,24,38,24,38,25,37,26,37,27,36,29,36,30,35,31,35,33,35,35,35,36,35]"
CSI_DATA,298,5c:01:3b:6b:b0:95,-37,11,1,6,0,1,1,1,0,0,0,-98,1,11,0,24718942,0,86,1,256,1,"[86,-32,4,0,-9,-23,-9,-23,-9,-22,-9,-21,-9,-21,-10,-20,-10,-20,-11,-19,-11,-19,-12,-18,-12,-18,-12,-18,-13,-18,-13,-18,-13,-18,-12,-18,-12,-18,-11,-18,-11,-18,-10,-18,-9,-18,-7,-17,-7,-17,-6,-17,-5,-17,-2,-5,0,0,0,0,0,0,0,0,0,0,0,0,0,0,0,0,0,0,-3,-4,-9,-15,-8,-16,-8,-17,-8,-18,-7,-19,-6,-20,-6,-20,-5,-21,-5,-21,-4,-22,-4,-22,-4,-22,-3,-22,-3,-22,-3,-22,-4,-22,-5,-22,-5,-22,-5,-22,-6,-22,-6,-22,-7,-22,-7,-22,-8,-22,-8,-23,-9,-24,-3,-14,-10,-45,-10,-45,-10,-44,-10,-43,-11,-42,-12,-41,-12,-40,-13,-40,-15,-38,-16,-37,-17,-37,-18,-36,-18,-37,-18,-37,-18,-36,-18,-37,-17,-37,-16,-37,-15,-37,-14,-36,-12,-35,-11,-34,-10,-34,-8,-33,-7,-33,-5,-32,2,-32,5,-32,0,-6,0,-2,-1,0,0,0,0,0,-1,-2,-3,-5,-13,-28,-12,-30,-13,-30,-11,-32,-10,-34,-9,-35,-7,-36,-6,-38,-5,-39,-3,-40,-2,-40,-1,-41,-1,-42,-1,-42,0,-42,0,-42,-1,-42,-1,-42,-2,-42,-3,-41,-3,-41,-4,-42,-5,-42,-6,-42,-7,-42,-8,-43,-9,-44,-10,-45]"
CSI_DATA,299,5c:01:3b:6b:b0:95,-36,11,1,5,0,1,1,1,0,0,0,-98,1,11,0,24770420,0,86,1,256,1,"[86,-32,4,0,-7,-13,-7,-13,-7,-12,-7,-11,-7,-11,-7,-11,-7,-10,-8,-10,-8,-10,-8,-10,-8,-10,-9,-9,-9,-9,-9,-9,-9,-10,-9,-10,-9,-10,-8,-10,-8,-9,-7,-9,-7,-9,-6,-9,-6,-9,-5,-9,-5,-9,-2,-3,0,0,0,0,0,0,0,0,0,0,0,0,0,0,0,0,0,0,-2,-2,-6,-9,-6,-9,-5,-10,-5,-10,-5,-11,-5,-11,-4,-11,-4,-12,-4,-12,-4,-12,-3,-13,-3,-13,-3,-13,-3,-12,-3,-12,-4,-12,-4,-12,-4,-12,-4,-12,-5,-12,-5,-12,-5,-12,-5,-12,-6,-12,-6,-13,-6,-13,-7,-15,-22,-48,-23,-48,-22,-48,-22,-46,-22,-44,-23,-43,-23,-42,-24,-41,-26,-39,-27,-39,-29,-39,-30,-38,-31,-37,-31,-37,-31,-37,-30,-37,-29,-37,-28,-37,-27,-37,-26,-37,-24,-37,-22,-36,-21,-35,-19,-35,-17,-35,-15,-34,-9,-35,-7,-35,-2,-7,-1,-2,0,0,0,0,0,0,-2,-2,-4,-5,-21,-28,-19,-29,-19,-32,-18,-34,-16,-36,-16,-38,-14,-40,-13,-42,-12,-43,-11,-44,-10,-45,-9,-46,-9,-47,-9,-47,-9,-47,-9,-47,-9,-47,-10,-47,-10,-46,-11,-46,-12,-45,-13,-45,-15,-46,-17,-46,-18,-46,-19,-47,-20,-48,-21,-49]"
CSI_DATA,300,5c:01:3b:6b:b0:95,-37,11,1,6,0,1,1,1,0,0,0,-98,1,11,0,24816510,0,86,1,256,1,"[86,-32,4,0,-10,22,-9,22,-8,21,-8,21,-7,21,-7,21,-6,20,-5,20,-4,20,-4,20,-4,20,-4,21,-3,21,-3,21,-3,21,-4,21,-4,20,-4,20,-5,19,-5,19,-6,18,-7,17,-7,16,-7,16,-8,15,-2,3,0,0,0,0,0,0,0,0,0,0,0,0,0,0,0,0,0,0,-1,4,-4,16,-4,16,-5,17,-6,17,-7,18,-8,18,-9,18,-10,18,-10,18,-11,18,-12,18,-12,18,-13,18,-12,18,-12,18,-12,18,-11,18,-11,18,-11,19,-10,20,-10,20,-10,20,-10,20,-10,21,-10,22,-9,23,-8,11,-24,39,-24,39,-23,38,-22,37,-21,36,-20,36,-18,36,-17,35,-16,36,-15,36,-13,37,-12,37,-12,38,-12,38,-12,38,-12,38,-13,37,-13,37,-14,36,-15,35,-16,33,-16,31,-17,30,-17,28,-17,27,-18,26,-24,21,-25,19,-5,3,-2,0,0,-1,0,-1,0,-1,-1,1,-2,5,-12,28,-13,28,-12,29,-14,29,-17,29,-19,29,-20,30,-22,30,-24,30,-25,30,-26,30,-27,29,-28,30,-28,30,-29,30,-29,29,-29,30,-28,30,-27,30,-26,30,-26,31,-25,32,-25,33,-24,34,-24,35,-24,36,-24,38,-24,38]"
CSI_DATA,301,5c:01:3b:6b:b0:95,-41,11,1,6,0,1,1,1,0,0,0,-98,1,11,0,24868807,0,86,1,256,1,"[86,-32,4,0,-10,26,-9,25,-8,24,-8,24,-7,24,-6,24,-5,23,-4,23,-3,23,-3,23,-3,23,-2,23,-2,24,-2,24,-2,24,-2,24,-2,23,-3,23,-3,22,-4,22,-5,21,-6,20,-6,19,-6,19,-7,18,-2,4,0,0,0,0,0,0,0,0,0,0,0,0,0,0,0,0,0,0,-1,4,-5,18,-6,18,-7,19,-8,19,-9,19,-10,20,-11,20,-11,20,-12,20,-13,20,-13,21,-14,21,-14,20,-14,20,-13,20,-13,21,-13,21,-12,21,-12,21,-11,22,-11,23,-10,23,-10,23,-10,24,-10,25,-9,26,-9,13,-27,44,-27,43,-26,42,-25,41,-24,40,-22,40,-21,40,-20,40,-18,40,-16,41,-14,42,-13,43,-13,44,-13,44,-13,43,-13,43,-14,42,-14,41,-15,40,-16,39,-17,37,-17,36,-17,35,-18,34,-18,32,-20,30,-28,24,-29,22,-6,3,-2,0,0,-1,0,-2,0,-1,-1,1,-3,5,-15,31,-17,30,-15,32,-18,32,-20,32,-22,31,-24,31,-26,31,-28,31,-30,31,-31,31,-32,32,-32,33,-32,33,-33,33,-33,32,-33,32,-33,33,-32,32,-31,33,-31,34,-30,35,-29,36,-28,37,-27,39,-27,41,-27,43,-26,43]"
CSI_DATA,302,5c:01:3b:6b:b0:95,-41,11,1,6,0,1,1,1,0,0,0,-98,1,11,0,24917543,0,86,1,256,1,"[86,-32,4,0,-20,-20,-19,-20,-19,-19,-19,-18,-19,-17,-19,-17,-19,-16,-20,-15,-20,-14,-21,-13,-21,-13,-21,-13,-21,-13,-21,-13,-21,-13,-21,-13,-21,-14,-20,-14,-19,-14,-19,-14,-17,-14,-16,-14,-16,-14,-15,-15,-14,-15,-4,-4,0,0,0,0,0,0,0,0,0,0,0,0,0,0,0,0,0,0,-4,-3,-15,-12,-15,-14,-15,-15,-15,-16,-15,-17,-15,-18,-14,-19,-14,-20,-14,-20,-13,-21,-14,-22,-13,-22,-13,-22,-13,-22,-13,-22,-14,-22,-14,-21,-14,-21,-15,-21,-15,-20,-16,-20,-17,-20,-17,-19,-18,-20,-19,-20,-20,-20,-10,-13,-33,-42,-32,-42,-32,-41,-31,-40,-31,-39,-32,-38,-32,-36,-32,-35,-33,-33,-34,-31,-36,-30,-37,-29,-37,-29,-37,-29,-37,-29,-37,-29,-36,-30,-35,-30,-34,-31,-32,-31,-31,-31,-29,-30,-27,-30,-26,-30,-24,-31,-22,-31,-14,-35,-12,-35,-2,-7,-1,-3,0,0,0,0,0,0,-2,-1,-5,-4,-27,-23,-25,-25,-26,-26,-25,-29,-25,-31,-24,-33,-23,-35,-23,-37,-22,-39,-21,-40,-20,-41,-20,-42,-20,-43,-20,-43,-20,-44,-19,-44,-20,-44,-20,-44,-21,-43,-22,-42,-23,-42,-24,-42,-25,-42,-27,-41,-28,-41,-30,-41,-31,-42,-32,-42]"
CSI_DATA,303,5c:01:3b:6b:b0:95,-40,11,1,5,0,1,1,1,0,0,0,-98,1,11,0,24972519,0,86,1,256,1,"[86,-32,4,0,27,6,26,5,26,5,25,4,25,3,25,3,24,2,24,1,24,0,24,0,24,-1,24,-2,24,-2,24,-1,24,-1,25,-1,24,0,24,0,23,1,22,2,22,2,21,2,20,3,19,4,19,5,4,1,0,0,0,0,0,0,0,0,0,0,0,0,0,0,0,0,0,0,4,0,19,1,19,2,20,3,20,4,21,5,21,6,22,7,22,8,22,9,22,10,23,10,23,10,22,10,22,10,22,10,22,10,22,9,22,9,23,8,23,8,24,7,24,7,24,6,25,6,27,6,27,6,15,5,49,18,49,18,48,17,47,16,46,15,46,14,45,13,45,11,45,9,45,7,46,5,46,3,46,3,47,3,47,4,46,4,46,5,45,5,44,6,43,8,41,9,40,10,38,10,37,11,35,12,34,14,30,21,28,22,4,4,1,1,-1,-1,-2,-1,-1,-1,1,-1,6,0,35,4,35,6,36,6,36,9,36,12,37,14,37,16,38,18,38,20,38,22,38,23,38,24,39,24,40,24,40,25,40,25,40,25,40,25,40,24,40,23,41,23,41,22,42,21,44,20,45,18,46,17,48,17,49,17]"
CSI_DATA,304,5c:01:3b:6b:b0:95,-41,11,1,6,0,1,1,1,0,0,0,-98,1,11,0,25016584,0,86,1,256,1,"[86,-32,4,0,16,22,16,21,16,20,16,19,16,18,16,17,17,17,17,16,18,15,18,14,18,14,18,14,19,14,19,14,19,14,19,14,19,15,18,15,17,15,16,15,15,15,14,14,13,14,12,15,12,15,3,3,0,0,0,0,0,0,0,0,0,0,0,0,0,0,0,0,0,0,3,3,13,13,12,14,12,15,12,17,11,18,11,19,11,19,10,20,10,21,10,21,10,22,10,22,9,22,9,22,9,22,10,22,10,21,11,21,11,21,12,21,12,21,13,21,13,20,15,21,16,22,17,22,6,14,23,45,23,45,22,44,22,43,22,41,23,40,24,39,24,37,25,36,26,34,28,34,29,33,30,33,30,34,30,33,30,33,29,33,28,33,26,34,25,34,23,33,21,32,20,32,19,32,17,32,15,32,5,36,3,36,0,6,-1,1,-1,-1,-1,-1,-1,-1,1,1,3,4,19,28,17,29,19,29,18,31,17,33,15,35,14,37,13,39,12,40,11,41,11,42,10,43,10,43,10,44,10,44,10,45,10,45,10,45,11,44,12,43,13,43,14,43,15,43,17,43,19,43,21,44,22,45,23,45]"
CSI_DATA,305,5c:01:3b:6b:b0:95,-41,11,1,6,0,1,1,1,0,0,0,-98,1,11,0,25066354,0,86,1,256,1,"[86,-32,4,0,-3,-25,-3,-25,-4,-24,-4,-23,-4,-23,-5,-23,-5,-22,-6,-21,-7,-21,-7,-21,-8,-21,-8,-21,-8,-21,-8,-21,-8,-21,-8,-21,-8,-21,-7,-21,-6,-21,-6,-20,-4,-20,-4,-19,-3,-19,-3,-19,-2,-19,-1,-5,0,0,0,0,0,0,0,0,0,0,0,0,0,0,0,0,0,0,-2,-5,-5,-17,-4,-18,-3,-19,-3,-19,-2,-20,-1,-21,0,-21,0,-22,1,-22,2,-22,2,-22,2,-23,3,-22,2,-23,2,-23,1,-23,1,-22,1,-22,0,-23,0,-23,-1,-23,-1,-23,-1,-23,-2,-24,-2,-25,-3,-26,0,-15,1,-48,1,-47,1,-47,1,-45,0,-44,-1,-44,-2,-43,-3,-43,-4,-42,-6,-41,-8,-41,-9,-41,-10,-42,-10,-42,-10,-42,-9,-41,-9,-41,-7,-41,-6,-41,-5,-40,-3,-39,-3,-38,-2,-37,-1,-36,0,-35,2,-34,10,-32,11,-31,2,-6,0,-2,-1,0,0,0,-1,0,-1,-2,-1,-6,-4,-31,-2,-32,-4,-33,-2,-34,0,-35,2,-36,3,-37,5,-38,7,-39,8,-40,9,-40,10,-40,10,-41,10,-41,11,-41,11,-41,11,-42,11,-42,10,-41,9,-41,8,-42,7,-42,6,-43,5,-44,4,-44,3,-46,3,-47,2,-47]"
CSI_DATA,306,5c:01:3b:6b:b0:95,-40,11,1,5,0,1,1,1,0,0,0,-98,1,11,0,25119304,0,86,1,256,1,"[86,-32,4,0,17,-22,16,-22,15,-22,15,-22,14,-22,14,-22,13,-22,12,-22,11,-22,10,-23,10,-23,9,-23,9,-23,9,-23,9,-24,10,-23,10,-23,10,-22,10,-21,11,-20,11,-19,12,-19,12,-18,12,-17,12,-16,3,-4,0,0,0,0,0,0,0,0,0,0,0,0,0,0,0,0,0,0,2,-5,10,-17,11,-17,12,-17,13,-17,14,-17,15,-17,16,-17,17,-16,18,-16,19,-16,19,-16,20,-16,20,-16,19,-16,19,-16,19,-16,18,-17,18,-17,18,-17,17,-18,17,-19,17,-20,17,-20,17,-21,17,-22,17,-22,11,-12,36,-39,36,-39,35,-38,34,-37,32,-37,31,-37,30,-37,29,-38,26,-38,25,-40,23,-41,21,-42,21,-42,22,-43,22,-43,22,-42,23,-42,23,-41,23,-40,24,-38,25,-36,25,-34,25,-33,25,-31,25,-29,25,-27,30,-22,31,-19,5,-4,1,-1,-1,0,-1,0,-1,0,0,-2,3,-6,19,-31,21,-29,21,-30,24,-29,26,-29,29,-28,31,-28,33,-27,35,-27,37,-26,38,-26,38,-26,39,-26,39,-27,40,-26,40,-26,40,-26,39,-27,39,-27,38,-28,37,-28,37,-29,37,-31,37,-32,36,-34,35,-36,36,-37,36,-38]"
CSI_DATA,307,5c:01:3b:6b:b0:95,-34,11,1,4,0,1,1,1,0,0,0,-98,1,11,0,25168179,0,86,1,256,1,"[86,-32,4,0,9,9,8,8,8,8,8,8,9,7,9,7,9,7,9,6,9,6,9,6,9,5,9,5,9,5,10,5,10,5,10,6,9,6,9,6,9,6,8,6,8,6,7,6,7,6,6,6,6,6,1,1,0,0,0,0,0,0,0,0,0,0,0,0,0,0,0,0,0,0,1,1,7,5,7,5,7,6,7,7,7,7,6,8,6,8,6,8,6,9,6,9,6,10,6,10,6,10,5,10,5,9,6,9,6,9,6,9,6,9,7,9,7,9,8,8,8,8,8,9,9,9,9,9,11,10,36,33,35,32,35,31,35,30,35,29,36,29,35,27,35,25,35,24,36,22,37,21,37,20,38,19,38,19,38,20,38,20,37,21,36,21,35,21,34,22,32,23,31,23,29,22,28,22,26,23,24,24,22,25,20,27,3,5,0,1,-1,-1,-1,-1,-1,-1,1,0,5,1,31,10,30,12,28,18,27,21,27,23,27,26,27,27,26,29,26,31,26,33,25,34,24,35,25,36,25,36,25,36,24,36,24,36,24,36,25,35,25,34,27,34,29,33,30,33,31,33,32,32,33,32,34,33,35,34]"
CSI_DATA,308,5c:01:3b:6b:b0:95,-40,11,1,5,0,1,1,1,0,0,0,-98,1,11,0,25216471,0,86,1,256,1,"[86,-32,4,0,-24,-11,-23,-11,-23,-10,-22,-9,-23,-9,-22,-8,-22,-7,-22,-6,-22,-6,-22,-5,-22,-4,-23,-4,-23,-4,-23,-4,-23,-4,-23,-4,-23,-5,-22,-6,-21,-6,-21,-6,-20,-7,-19,-7,-18,-7,-18,-8,-17,-8,-5,-2,0,0,0,0,0,0,0,0,0,0,0,0,0,0,0,0,0,0,-5,-2,-17,-6,-17,-7,-17,-8,-18,-9,-18,-10,-18,-11,-18,-12,-18,-13,-18,-13,-18,-13,-19,-14,-19,-14,-19,-15,-19,-15,-18,-14,-19,-14,-19,-14,-19,-13,-19,-13,-20,-12,-20,-12,-21,-12,-21,-11,-22,-11,-23,-11,-24,-11,-14,-8,-44,-23,-43,-24,-42,-23,-42,-22,-41,-21,-41,-20,-41,-19,-41,-17,-41,-15,-41,-14,-42,-12,-42,-11,-43,-11,-43,-11,-43,-11,-43,-11,-42,-11,-42,-12,-41,-12,-40,-13,-38,-14,-37,-15,-35,-15,-34,-16,-32,-16,-31,-17,-27,-21,-25,-23,-5,-5,-2,-2,0,0,0,0,0,0,-2,-1,-6,-2,-32,-10,-31,-12,-31,-13,-31,-16,-31,-18,-32,-20,-32,-22,-33,-24,-33,-26,-32,-27,-32,-28,-32,-29,-32,-30,-33,-30,-33,-30,-33,-31,-32,-31,-33,-30,-33,-29,-34,-28,-34,-28,-35,-27,-37,-26,-38,-26,-39,-25,-40,-24,-42,-24,-42,-24]"
CSI_DATA,309,5c:01:3b:6b:b0:95,-36,11,1,5,0,1,1,1,0,0,0,-98,1,11,0,25269531,0,86,1,256,1,"[86,-32,4,0,7,10,7,10,8,10,8,10,8,9,8,9,8,8,8,8,8,8,8,7,8,7,8,7,9,7,9,7,9,7,9,7,9,8,8,8,8,7,7,7,7,7,6,7,6,7,5,7,5,8,1,2,0,0,0,0,0,0,0,0,0,0,0,0,0,0,0,0,0,0,1,1,6,6,6,7,6,7,5,8,5,8,5,9,5,10,5,10,5,10,5,10,4,11,4,11,4,11,4,11,4,11,4,11,4,11,5,10,5,10,5,10,6,10,6,10,6,10,7,11,7,11,7,11,6,13,23,45,23,45,23,44,23,42,23,41,24,40,24,39,24,37,26,35,27,33,29,33,30,32,30,32,30,33,30,33,30,33,29,33,28,33,27,34,25,34,23,33,22,33,20,32,19,32,17,32,15,31,7,35,5,35,0,6,-1,1,-1,-1,-1,-1,-1,-1,1,1,3,4,21,25,19,27,21,27,19,30,18,32,16,34,15,36,14,38,14,40,13,41,13,42,12,42,12,43,12,44,12,44,11,45,11,44,11,44,12,44,13,43,14,43,15,42,16,42,18,42,20,42,22,43,23,44,24,45]"
CSI_DATA,310,5c:01:3b:6b:b0:95,-40,11,1,5,0,1,1,1,0,0,0,-98,1,11,0,25316838,0,86,1,256,1,"[86,-32,4,0,-2,-25,-2,-25,-3,-24,-3,-23,-4,-23,-4,-23,-5,-22,-6,-22,-6,-22,-7,-22,-7,-21,-7,-21,-8,-22,-8,-22,-8,-22,-7,-22,-7,-22,-7,-21,-6,-21,-5,-21,-4,-20,-3,-19,-3,-19,-2,-19,-2,-19,-1,-5,0,0,0,0,0,0,0,0,0,0,0,0,0,0,0,0,0,0,-1,-5,-4,-17,-3,-18,-2,-19,-2,-20,-1,-20,0,-21,0,-21,1,-22,2,-22,3,-22,3,-23,3,-23,3,-23,3,-23,3,-23,3,-23,2,-23,2,-22,1,-23,1,-23,0,-23,0,-24,-1,-24,-1,-24,-2,-26,-2,-26,0,-15,1,-48,1,-48,1,-47,1,-46,0,-45,-1,-44,-2,-44,-3,-43,-5,-42,-7,-42,-9,-42,-10,-42,-10,-42,-10,-42,-10,-42,-9,-42,-9,-42,-8,-42,-7,-41,-6,-40,-4,-40,-3,-38,-3,-37,-2,-36,0,-35,1,-34,8,-33,10,-32,2,-6,0,-2,-1,0,0,0,-1,0,-1,-2,-2,-6,-5,-32,-3,-32,-4,-33,-1,-34,1,-36,3,-37,4,-38,6,-39,7,-40,9,-40,10,-40,11,-41,11,-41,11,-42,11,-42,11,-42,11,-42,11,-42,10,-42,9,-42,9,-42,7,-43,6,-43,5,-44,4,-45,3,-46,2,-47,2,-48]"
CSI_DATA,311,5c:01:3b:6b:b0:95,-36,11,1,5,0,1,1,1,0,0,0,-98,1,11,0,25367212,0,86,1,256,1,"[86,-32,4,0,-14,3,-14,3,-13,3,-13,3,-12,3,-12,4,-12,4,-11,4,-11,4,-11,5,-11,5,-11,5,-11,5,-11,5,-11,5,-11,5,-11,5,-11,4,-11,4,-11,4,-10,3,-10,3,-10,3,-10,2,-10,2,-3,0,0,0,0,0,0,0,0,0,0,0,0,0,0,0,0,0,0,0,-3,0,-9,3,-10,3,-10,2,-11,2,-11,1,-11,1,-12,1,-12,0,-12,0,-12,0,-13,0,-13,0,-13,0,-13,0,-13,0,-13,0,-13,0,-13,0,-13,0,-13,1,-13,1,-13,2,-13,2,-13,2,-14,3,-14,3,-17,0,-52,4,-52,4,-51,4,-50,5,-48,5,-47,6,-47,6,-46,8,-44,10,-44,11,-44,14,-43,15,-44,16,-44,16,-44,15,-44,15,-43,14,-43,13,-43,12,-42,10,-41,8,-40,7,-39,6,-39,5,-38,3,-37,1,-36,-7,-35,-9,-7,-2,-2,-1,0,-1,0,-1,0,-1,-2,0,-6,2,-33,10,-34,8,-35,8,-37,6,-38,3,-40,2,-42,0,-43,-2,-44,-3,-45,-4,-45,-5,-45,-6,-46,-6,-47,-6,-47,-7,-47,-7,-47,-7,-47,-6,-47,-6,-46,-5,-47,-5,-47,-3,-47,-2,-48,0,-48,1,-49,3,-50,4,-51,4]"
CSI_DATA,312,5c:01:3b:6b:b0:95,-36,11,1,5,0,1,1,1,0,0,0,-98,1,11,0,25416537,0,86,1,256,1,"[86,-32,4,0,7,22,7,22,8,21,8,20,8,20,8,19,9,19,9,18,10,17,10,17,11,17,11,17,11,17,11,17,11,17,11,17,11,17,10,17,9,17,9,17,7,16,6,16,6,16,5,16,5,16,1,4,0,0,0,0,0,0,0,0,0,0,0,0,0,0,0,0,0,0,1,3,7,14,7,15,6,16,6,17,5,18,5,19,4,19,4,20,3,20,3,20,3,21,2,21,2,21,2,21,2,21,2,21,3,21,3,20,4,20,4,21,5,21,5,21,6,21,6,21,7,22,8,23,2,13,8,44,7,44,8,43,8,41,8,40,9,39,10,38,10,38,12,36,13,35,15,35,16,35,17,35,17,36,16,36,15,35,15,35,14,35,13,35,12,35,10,34,9,33,8,32,7,32,6,31,4,31,-4,32,-5,31,-2,5,-1,1,-1,-1,-1,-1,-1,-1,0,1,2,4,12,28,10,29,10,29,9,30,7,32,5,34,4,35,3,36,1,38,0,38,-1,39,-1,39,-1,40,-1,40,-1,41,-2,40,-2,40,-1,40,-1,40,0,40,0,40,1,40,3,40,4,41,5,41,7,42,8,43,8,44]"
CSI_DATA,313,5c:01:3b:6b:b0:95,-37,11,1,6,0,1,1,1,0,0,0,-98,1,11,0,25466424,0,86,1,256,1,"[86,-32,4,0,-2,-14,-2,-14,-2,-13,-2,-13,-2,-13,-3,-13,-3,-12,-3,-12,-4,-12,-4,-12,-4,-12,-4,-12,-4,-12,-4,-12,-4,-12,-4,-12,-4,-12,-4,-12,-3,-12,-3,-12,-2,-11,-2,-11,-2,-11,-1,-11,-1,-10,-1,-3,0,0,0,0,0,0,0,0,0,0,0,0,0,0,0,0,0,0,-1,-3,-3,-10,-3,-10,-2,-10,-2,-11,-2,-11,-1,-12,-1,-12,0,-12,0,-12,0,-12,0,-13,0,-13,0,-13,1,-13,1,-13,0,-13,0,-13,0,-13,0,-13,0,-13,-1,-13,-1,-13,-1,-13,-2,-13,-2,-14,-2,-14,1,-16,4,-52,4,-51,3,-50,3,-49,3,-48,2,-48,0,-47,-1,-47,-3,-46,-4,-46,-6,-46,-7,-46,-7,-47,-7,-47,-6,-47,-6,-46,-5,-46,-4,-45,-3,-45,-1,-44,0,-43,1,-41,1,-40,2,-39,3,-37,5,-36,15,-32,17,-31,3,-6,0,-2,-1,0,0,1,0,0,-1,-2,-1,-6,-3,-33,-1,-35,-4,-36,-2,-38,0,-39,2,-40,4,-41,6,-41,8,-42,10,-43,11,-43,11,-43,11,-44,11,-45,12,-45,13,-45,12,-45,12,-45,11,-44,11,-44,10,-45,9,-46,8,-47,7,-48,5,-49,4,-50,3,-51,3,-52]"
CSI_DATA,314,5c:01:3b:6b:b0:95,-37,11,1,6,0,1,1,1,0,0,0,-98,1,11,0,25516461,0,86,1,256,1,"[86,-32,4,0,-6,-24,-6,-23,-7,-23,-7,-22,-7,-22,-7,-21,-8,-20,-8,-20,-9,-20,-10,-20,-10,-19,-10,-19,-10,-19,-10,-19,-11,-20,-10,-20,-9,-20,-9,-19,-8,-19,-7,-19,-6,-19,-5,-18,-5,-18,-5,-18,-4,-17,-1,-5,0,0,0,0,0,0,0,0,0,0,0,0,0,0,0,0,0,0,-2,-4,-8,-16,-7,-16,-7,-17,-6,-19,-6,-19,-5,-20,-4,-20,-3,-21,-3,-22,-2,-22,-2,-22,-2,-23,-2,-23,-1,-22,-1,-22,-2,-22,-2,-22,-3,-22,-3,-22,-4,-22,-4,-22,-4,-23,-5,-23,-6,-23,-6,-24,-6,-25,-3,-15,-8,-46,-8,-45,-8,-45,-8,-44,-8,-43,-9,-42,-10,-41,-11,-40,-12,-39,-14,-39,-16,-39,-17,-38,-17,-39,-17,-38,-16,-38,-16,-38,-15,-38,-14,-37,-13,-38,-11,-37,-10,-37,-9,-35,-8,-35,-8,-34,-6,-33,-4,-33,2,-33,4,-32,1,-6,0,-2,-1,0,0,0,0,0,-1,-2,-3,-5,-13,-29,-11,-30,-11,-31,-10,-32,-8,-34,-6,-36,-5,-37,-3,-38,-2,-39,-1,-40,0,-41,1,-41,0,-42,0,-42,1,-42,1,-43,2,-42,1,-43,1,-42,0,-42,-1,-42,-2,-42,-3,-43,-4,-43,-6,-43,-7,-44,-8,-45,-8,-46]"
CSI_DATA,315,5c:01:3b:6b:b0:95,-41,11,1,6,0,1,1,1,0,0,0,-98,1,11,0,25566351,0,86,1,256,1,"[86,-32,4,0,13,-25,12,-25,11,-24,10,-24,10,-24,9,-24,8,-24,7,-24,6,-24,6,-24,6,-24,5,-24,5,-24,5,-24,5,-24,5,-24,5,-24,5,-23,6,-23,6,-22,7,-21,8,-20,8,-19,8,-19,9,-18,2,-5,0,0,0,0,0,0,0,0,0,0,0,0,0,0,0,0,0,0,1,-5,7,-18,8,-18,9,-19,10,-19,11,-19,12,-19,13,-19,14,-19,15,-19,15,-19,16,-19,17,-19,17,-19,17,-19,16,-19,16,-19,15,-19,14,-20,14,-20,14,-21,13,-22,13,-22,13,-22,13,-23,14,-24,13,-25,10,-13,31,-42,31,-41,30,-40,29,-40,28,-40,27,-40,25,-40,23,-40,21,-40,20,-41,19,-42,18,-43,17,-43,17,-43,17,-43,18,-43,18,-42,19,-41,20,-41,20,-39,20,-38,20,-35,21,-34,21,-32,22,-31,23,-29,31,-21,32,-19,5,-4,1,-1,-1,0,-1,0,-1,0,0,-2,2,-6,17,-30,19,-29,18,-32,20,-31,23,-31,25,-30,27,-30,29,-30,31,-31,33,-30,34,-30,35,-29,35,-30,36,-30,36,-29,37,-29,36,-29,36,-30,35,-30,34,-31,34,-32,33,-33,32,-34,32,-36,31,-37,31,-38,32,-40,31,-41]"
CSI_DATA,316,5c:01:3b:6b:b0:95,-37,11,1,6,0,1,1,1,0,0,0,-98,1,11,0,25616894,0,86,1,256,1,"[86,-32,4,0,-3,23,-2,23,-2,22,-1,22,-1,22,0,21,0,21,1,20,2,20,2,20,2,20,2,20,3,20,3,20,3,20,3,21,2,20,2,20,2,19,1,19,0,18,-1,17,-2,17,-2,17,-2,16,-1,4,0,0,0,0,0,0,0,0,0,0,0,0,0,0,0,0,0,0,0,4,1,16,0,17,-1,17,-2,18,-3,19,-3,19,-4,20,-5,20,-6,20,-6,20,-7,20,-7,20,-7,20,-7,20,-7,20,-7,20,-6,20,-5,20,-5,21,-5,21,-4,22,-4,22,-3,22,-3,23,-3,24,-3,24,-4,13,-10,44,-10,43,-10,42,-9,42,-8,41,-7,40,-6,39,-5,39,-3,38,-2,38,0,39,1,39,1,40,1,40,1,39,0,39,0,39,-1,38,-2,38,-3,37,-4,36,-5,34,-5,33,-6,32,-7,31,-9,30,-15,28,-17,27,-4,4,-2,1,0,-1,-1,-2,0,-1,0,1,0,5,1,31,-1,31,-2,32,-5,32,-7,33,-9,34,-11,34,-12,35,-14,36,-15,36,-16,36,-16,36,-16,37,-17,38,-17,37,-18,37,-18,37,-18,37,-18,37,-16,37,-16,37,-15,38,-14,39,-13,40,-11,41,-10,42,-10,43,-9,44]"
CSI_DATA,317,5c:01:3b:6b:b0:95,-36,11,1,5,0,1,1,1,0,0,0,-98,1,11,0,25673173,0,86,1,256,1,"[86,-32,4,0,-2,-14,-2,-14,-2,-14,-2,-13,-2,-13,-3,-13,-3,-12,-4,-12,-4,-12,-4,-12,-4,-12,-5,-12,-5,-12,-5,-12,-5,-12,-5,-12,-5,-12,-4,-12,-4,-11,-3,-11,-3,-11,-2,-11,-2,-10,-2,-10,-1,-10,-1,-3,0,0,0,0,0,0,0,0,0,0,0,0,0,0,0,0,0,0,-1,-3,-2,-10,-2,-10,-1,-11,-1,-11,-1,-11,0,-12,0,-12,0,-12,1,-12,1,-12,2,-13,2,-13,2,-13,2,-12,1,-12,1,-13,1,-13,1,-13,0,-13,0,-13,0,-13,-1,-13,-1,-13,-1,-13,-1,-14,-1,-14,0,-16,-1,-52,0,-52,0,-51,0,-50,-1,-49,-2,-48,-3,-47,-5,-47,-7,-45,-8,-46,-10,-46,-12,-45,-12,-45,-13,-45,-13,-45,-12,-45,-11,-45,-11,-45,-10,-45,-8,-44,-7,-43,-6,-42,-4,-40,-3,-39,-2,-38,0,-37,7,-35,10,-34,1,-6,0,-2,-1,0,-1,0,-1,0,-1,-2,-1,-6,-4,-35,-2,-36,-3,-37,-1,-38,1,-39,3,-40,5,-41,7,-42,8,-43,10,-44,11,-44,11,-44,12,-45,13,-46,13,-46,13,-45,12,-45,12,-46,11,-46,10,-46,9,-46,7,-47,6,-47,5,-48,4,-49,3,-50,2,-51,2,-52]"
CSI_DATA,318,5c:01:3b:6b:b0:95,-40,11,1,5,0,1,1,1,0,0,0,-98,1,11,0,25718398,0,86,1,256,1,"[86,-32,4,0,-1,27,-1,27,0,26,0,26,1,25,1,25,2,24,3,24,4,24,4,23,5,23,5,23,5,23,6,24,5,24,5,24,5,24,4,24,3,23,2,23,1,22,0,21,0,20,-1,20,-2,20,-1,5,0,0,0,0,0,0,0,0,0,0,0,0,0,0,0,0,0,0,0,4,3,18,2,19,1,20,0,21,-1,22,-2,22,-3,23,-4,23,-5,23,-5,24,-6,24,-6,25,-6,24,-6,24,-6,24,-5,24,-5,24,-4,24,-4,24,-4,25,-3,25,-3,25,-2,26,-2,27,-1,28,0,28,-4,16,-9,53,-9,52,-9,51,-8,49,-7,48,-6,47,-5,47,-4,46,-2,46,0,45,2,46,3,46,4,46,4,47,3,47,3,46,2,46,2,45,0,45,-1,44,-3,43,-4,41,-5,40,-5,39,-7,37,-9,36,-17,33,-19,32,-4,5,-2,1,0,-1,-1,-2,0,-1,0,1,0,6,2,35,-1,35,0,36,-2,37,-5,38,-7,39,-9,40,-11,41,-13,42,-14,43,-16,43,-17,43,-17,44,-17,44,-18,44,-18,44,-18,44,-18,44,-17,44,-16,44,-15,44,-14,45,-13,46,-12,47,-11,48,-10,49,-9,51,-8,52]"
CSI_DATA,319,5c:01:3b:6b:b0:95,-37,11,1,6,0,1,1,1,0,0,0,-98,1,11,0,25766381,0,86,1,256,1,"[86,-32,4,0,-2,24,-1,23,-1,23,0,23,1,22,1,21,2,21,2,20,3,20,3,20,3,20,3,20,4,20,4,20,4,21,3,21,3,21,3,20,2,19,1,19,0,18,-1,17,-2,17,-2,17,-2,17,-1,4,0,0,0,0,0,0,0,0,0,0,0,0,0,0,0,0,0,0,0,4,2,16,2,17,1,18,0,18,-1,19,-1,20,-2,20,-3,20,-4,20,-5,20,-6,21,-6,21,-6,21,-6,21,-6,21,-5,21,-5,21,-4,21,-4,21,-3,22,-3,22,-2,22,-2,22,-2,23,-2,24,-2,25,1,13,5,44,4,44,5,43,5,43,6,42,7,41,8,40,9,39,10,38,11,37,12,37,13,37,13,37,14,37,13,37,13,37,13,37,12,38,11,37,10,36,8,35,7,34,5,33,4,32,2,32,1,32,4,31,2,31,0,5,-1,1,-1,-1,-1,-1,-1,-1,1,1,3,4,17,26,15,27,8,30,7,32,5,33,3,34,2,36,1,37,0,39,-2,39,-2,40,-3,40,-4,41,-4,41,-4,41,-5,41,-5,41,-5,41,-4,40,-3,40,-2,41,-1,41,0,42,1,42,3,42,3,43,3,44,4,45]"
CSI_DATA,320,5c:01:3b:6b:b0:95,-36,11,1,5,0,1,1,1,0,0,0,-98,1,11,0,25818328,0,86,1,256,1,"[86,-32,4,0,5,12,5,12,5,12,5,11,5,11,5,11,5,10,6,10,6,9,6,9,6,9,6,9,7,9,7,9,7,9,7,9,7,9,6,9,6,9,5,9,5,9,4,9,4,9,3,9,3,9,0,2,0,0,0,0,0,0,0,0,0,0,0,0,0,0,0,0,0,0,1,2,4,8,4,8,3,9,3,9,3,10,3,10,2,11,2,11,2,11,1,11,1,12,1,12,1,12,1,12,1,12,1,12,2,11,2,11,2,12,3,12,3,12,3,12,4,11,4,12,4,13,5,12,1,15,8,50,8,49,8,48,9,47,9,46,10,44,11,43,12,42,14,41,15,40,17,40,18,40,19,40,19,41,19,41,18,40,17,40,17,40,16,40,14,39,13,38,11,37,10,36,9,35,7,35,5,34,-6,36,-8,35,-2,6,-1,1,-1,-1,-1,-2,-1,-1,0,1,1,5,8,33,6,33,9,33,8,34,5,36,4,37,2,39,1,41,-1,42,-2,43,-3,43,-4,44,-3,44,-3,45,-4,45,-4,45,-4,45,-4,45,-3,45,-2,44,-1,45,0,45,1,46,3,47,5,47,6,48,7,49,7,50]"
CSI_DATA,321,5c:01:3b:6b:b0:95,-36,11,1,5,0,1,1,1,0,0,0,-98,1,11,0,25867226,0,86,1,256,1,"[86,-32,4,0,23,-7,22,-7,22,-8,21,-8,21,-8,20,-9,19,-9,19,-9,18,-10,18,-11,18,-12,18,-12,18,-12,18,-12,18,-12,18,-11,18,-11,18,-10,18,-9,18,-9,17,-8,17,-7,16,-7,16,-6,16,-5,4,-2,0,0,0,0,0,0,0,0,0,0,0,0,0,0,0,0,0,0,3,-2,15,-8,16,-7,17,-6,18,-6,18,-5,19,-5,20,-4,20,-3,21,-2,21,-2,22,-2,22,-2,22,-2,22,-2,21,-2,21,-2,21,-3,21,-3,21,-4,21,-4,22,-5,22,-6,21,-6,22,-7,23,-7,24,-7,13,-3,44,-10,44,-10,43,-10,42,-10,41,-10,41,-11,40,-12,39,-13,37,-14,36,-16,36,-18,35,-19,35,-19,36,-19,36,-19,36,-19,35,-18,35,-18,35,-17,35,-15,35,-13,33,-12,33,-11,32,-10,31,-8,31,-6,31,-1,30,2,5,0,1,0,-1,-1,-1,0,-1,0,1,-2,4,-3,28,-14,29,-12,30,-12,31,-10,33,-8,35,-7,37,-5,38,-4,39,-2,39,-1,40,-1,40,0,41,0,42,0,42,0,42,1,41,1,41,0,41,0,41,-1,41,-2,41,-3,42,-4,42,-6,42,-7,43,-8,44,-9,45,-10]"
CSI_DATA,322,5c:01:3b:6b:b0:95,-40,11,1,5,0,1,1,1,0,0,0,-98,1,11,0,25916400,0,86,1,256,1,"[86,-32,4,0,-26,-2,-26,-1,-25,-1,-24,0,-24,0,-24,1,-23,1,-23,2,-23,3,-23,3,-22,4,-22,4,-22,4,-22,5,-23,4,-23,4,-23,4,-22,3,-22,2,-21,2,-21,1,-20,0,-20,0,-19,-1,-19,-2,-5,-1,0,0,0,0,0,0,0,0,0,0,0,0,0,0,0,0,0,0,-5,0,-18,1,-19,0,-19,-1,-20,-2,-21,-2,-21,-3,-22,-4,-22,-5,-22,-5,-22,-6,-23,-7,-23,-7,-23,-7,-23,-7,-22,-7,-23,-6,-23,-6,-23,-5,-23,-5,-23,-4,-24,-3,-24,-3,-24,-3,-25,-2,-26,-2,-26,-2,-16,0,-50,1,-49,0,-49,0,-48,1,-46,2,-46,3,-45,3,-44,5,-43,6,-42,8,-43,10,-42,11,-43,12,-43,12,-43,12,-42,11,-42,10,-42,10,-41,9,-40,7,-40,5,-39,4,-38,3,-37,2,-36,1,-35,-1,-34,-1,-34,-3,-6,-1,-2,-1,0,-1,0,-1,0,-1,-2,0,-6,2,-30,13,-31,11,-34,5,-35,2,-37,0,-38,-2,-39,-3,-41,-5,-42,-6,-42,-8,-42,-9,-42,-9,-43,-9,-44,-10,-44,-10,-44,-10,-44,-11,-44,-10,-44,-9,-44,-8,-44,-8,-45,-6,-45,-5,-46,-4,-46,-2,-47,-1,-49,0,-49,0]"
CSI_DATA,323,5c:01:3b:6b:b0:95,-36,11,1,5,0,1,1,1,0,0,0,-98,1,11,0,25966616,0,86,1,256,1,"[86,-32,4,0,12,5,12,5,12,4,12,4,12,4,12,3,11,3,11,2,11,2,11,1,11,1,11,1,12,1,12,1,12,2,12,2,12,2,11,2,11,2,10,3,10,3,9,3,9,3,9,3,8,4,2,1,0,0,0,0,0,0,0,0,0,0,0,0,0,0,0,0,0,0,2,0,9,2,9,2,9,3,9,3,9,4,10,4,10,5,10,5,10,6,10,6,10,6,10,6,10,6,10,6,10,6,10,6,10,6,10,6,10,6,10,6,11,5,11,5,11,5,12,5,12,5,13,5,12,9,41,28,41,28,41,27,40,26,40,24,40,23,40,22,40,21,40,18,41,16,42,15,42,14,42,14,43,15,43,15,42,16,42,16,41,16,40,16,38,17,36,18,34,19,33,19,32,19,30,20,28,21,21,28,19,29,3,5,0,1,-1,-1,-2,-1,-1,-1,1,0,5,2,32,13,31,15,33,13,32,15,32,18,32,21,32,23,32,25,32,27,33,29,32,30,32,31,33,31,33,31,33,31,32,32,32,32,32,32,32,31,33,30,33,30,34,30,36,29,37,28,39,27,40,27,42,27,43,27]"
CSI_DATA,324,5c:01:3b:6b:b0:95,-36,11,1,5,0,1,1,1,0,0,0,-98,1,11,0,26020791,0,86,1,256,1,"[86,-32,4,0,16,-18,15,-19,15,-19,14,-18,14,-18,13,-18,12,-18,11,-18,11,-19,10,-19,10,-19,10,-19,9,-19,9,-20,9,-20,10,-19,10,-19,10,-18,10,-18,11,-17,11,-16,11,-15,11,-14,11,-13,11,-13,3,-4,0,0,0,0,0,0,0,0,0,0,0,0,0,0,0,0,0,0,2,-4,9,-15,10,-15,11,-15,12,-15,13,-15,14,-15,15,-14,16,-14,16,-14,17,-13,18,-14,18,-14,18,-13,18,-13,17,-13,17,-14,17,-14,16,-15,17,-15,17,-15,16,-16,16,-16,16,-16,16,-17,17,-18,16,-19,9,-11,31,-34,31,-34,30,-34,29,-33,28,-33,27,-33,26,-33,25,-33,23,-34,21,-35,19,-36,18,-36,18,-37,19,-37,19,-37,19,-37,20,-36,20,-35,20,-35,21,-33,21,-31,21,-30,21,-28,21,-27,21,-25,22,-24,23,-21,24,-19,4,-4,1,-1,-1,0,-1,0,-1,0,0,-2,2,-6,14,-29,16,-28,18,-28,21,-27,23,-26,25,-26,27,-26,29,-25,31,-25,32,-24,33,-24,34,-24,34,-24,35,-24,35,-24,35,-24,35,-24,35,-24,34,-25,33,-25,33,-26,33,-27,32,-28,32,-29,31,-31,31,-32,31,-34,31,-34]"
CSI_DATA,325,5c:01:3b:6b:b0:95,-36,11,1,5,0,1,1,1,0,0,0,-98,1,11,0,26068955,0,86,1,256,1,"[86,-32,4,0,12,-2,12,-2,12,-3,11,-3,11,-3,11,-3,11,-3,10,-3,10,-4,10,-4,10,-4,10,-5,10,-5,10,-5,10,-5,11,-5,10,-4,10,-4,10,-3,10,-3,9,-3,9,-2,9,-2,9,-1,9,-1,2,-1,0,0,0,0,0,0,0,0,0,0,0,0,0,0,0,0,0,0,2,-1,8,-3,8,-3,9,-2,9,-2,10,-2,10,-1,10,-1,11,-1,11,0,11,0,11,0,11,1,11,1,11,0,11,0,11,0,11,0,11,0,11,-1,11,-1,12,-1,12,-1,12,-2,12,-2,13,-2,13,-2,14,1,47,2,47,2,46,3,45,2,44,1,44,0,44,-1,43,-3,42,-5,41,-6,41,-7,40,-7,41,-8,42,-8,42,-8,41,-8,41,-8,42,-7,41,-7,40,-5,39,-4,37,-2,36,-1,35,0,34,2,32,4,30,14,29,16,5,3,1,0,-1,-1,-2,0,-1,-1,1,-1,5,-1,33,-3,33,-1,33,-4,33,-2,35,0,36,1,37,2,38,4,39,6,40,7,41,9,41,10,41,11,41,11,41,12,41,12,41,12,41,10,41,10,41,9,41,9,42,7,44,6,45,5,45,4,46,4,47,3,48,3]"
CSI_DATA,326,5c:01:3b:6b:b0:95,-37,11,1,6,0,1,1,1,0,0,0,-98,1,11,0,26116863,0,86,1,256,1,"[86,-32,4,0,-25,0,-25,0,-24,1,-23,1,-23,1,-23,2,-22,2,-22,3,-21,3,-21,4,-21,5,-21,5,-21,6,-21,5,-21,5,-21,5,-21,4,-21,3,-20,3,-20,2,-19,2,-19,1,-18,0,-18,0,-17,-1,-5,-1,0,0,0,0,0,0,0,0,0,0,0,0,0,0,0,0,0,0,-5,0,-18,2,-18,2,-19,1,-20,0,-20,-1,-21,-2,-21,-2,-22,-3,-22,-4,-22,-5,-22,-5,-23,-5,-22,-5,-22,-5,-22,-5,-22,-4,-22,-4,-22,-4,-22,-3,-22,-3,-23,-2,-23,-2,-23,-1,-24,-1,-25,-1,-25,-1,-15,-4,-46,-9,-45,-9,-44,-8,-43,-9,-42,-8,-42,-7,-41,-5,-41,-4,-41,-2,-40,-1,-40,1,-40,2,-41,3,-41,3,-41,2,-40,2,-40,1,-40,0,-39,-1,-38,-2,-37,-4,-36,-4,-35,-4,-34,-5,-32,-6,-31,-8,-28,-16,-26,-18,-5,-4,-2,-2,0,0,0,-1,0,-1,-2,0,-6,0,-32,0,-32,-3,-33,-1,-34,-4,-35,-6,-36,-8,-36,-9,-37,-11,-37,-13,-38,-14,-38,-15,-38,-16,-39,-15,-40,-16,-39,-16,-39,-17,-39,-17,-39,-17,-39,-16,-39,-15,-39,-15,-40,-14,-40,-13,-41,-12,-42,-10,-44,-9,-45,-8,-45,-8]"
CSI_DATA,327,5c:01:3b:6b:b0:95,-41,11,1,6,0,1,1,1,0,0,0,-98,1,11,0,26166461,0,86,1,256,1,"[86,-32,4,0,2,-28,2,-28,1,-27,0,-27,-1,-27,-1,-26,-2,-25,-3,-25,-3,-25,-3,-25,-4,-25,-4,-24,-4,-24,-5,-25,-5,-25,-4,-25,-4,-25,-4,-25,-3,-24,-3,-23,-1,-23,0,-22,1,-21,1,-21,2,-21,0,-5,0,0,0,0,0,0,0,0,0,0,0,0,0,0,0,0,0,0,-1,-5,-2,-20,-1,-20,0,-21,1,-22,2,-23,3,-23,3,-24,4,-24,5,-24,6,-24,7,-25,8,-25,8,-25,8,-24,7,-24,6,-25,6,-25,5,-25,5,-25,4,-26,3,-26,3,-26,3,-26,3,-27,3,-28,2,-29,0,-17,1,-54,1,-54,1,-53,0,-52,-1,-50,-2,-50,-3,-49,-4,-48,-6,-47,-7,-47,-9,-47,-10,-47,-10,-47,-11,-47,-11,-47,-10,-47,-9,-47,-9,-46,-7,-46,-6,-45,-5,-44,-3,-42,-2,-41,-1,-40,1,-39,3,-38,4,-37,6,-37,1,-7,0,-3,-1,0,0,0,0,0,-1,-2,-3,-6,-12,-34,-10,-35,-5,-37,-2,-39,0,-40,1,-41,3,-43,5,-44,7,-45,9,-46,10,-46,11,-46,12,-47,12,-47,13,-47,13,-47,12,-47,12,-47,11,-47,10,-47,8,-48,7,-48,6,-49,5,-50,4,-50,4,-52,3,-53,3,-53]"
CSI_DATA,328,5c:01:3b:6b:b0:95,-37,11,1,6,0,1,1,1,0,0,0,-98,1,11,0,26216423,0,86,1,256,1,"[86,-32,4,0,-10,10,-10,10,-9,9,-9,9,-9,9,-8,9,-8,9,-8,9,-7,9,-7,10,-7,10,-6,10,-6,10,-6,10,-6,10,-7,10,-7,10,-7,9,-7,9,-7,8,-7,8,-7,7,-7,7,-7,7,-8,6,-2,1,0,0,0,0,0,0,0,0,0,0,0,0,0,0,0,0,0,0,-2,1,-6,7,-6,7,-7,7,-7,7,-8,7,-9,7,-9,7,-10,7,-10,7,-10,7,-11,7,-11,7,-11,7,-11,7,-11,7,-11,7,-10,7,-10,7,-10,7,-10,8,-10,8,-10,8,-10,8,-10,9,-10,9,-10,10,-11,12,-34,41,-34,40,-34,39,-32,38,-31,37,-30,38,-29,38,-27,38,-25,38,-23,39,-22,40,-21,40,-21,41,-21,41,-21,41,-21,41,-21,41,-22,40,-23,38,-24,36,-25,34,-25,32,-25,31,-25,30,-25,28,-26,26,-25,27,-26,24,-5,3,-2,0,0,-1,0,-2,0,-1,-1,1,-2,6,-8,34,-11,34,-18,31,-21,31,-24,30,-26,30,-28,30,-31,30,-33,30,-35,29,-36,29,-36,28,-37,29,-37,29,-37,29,-38,29,-38,29,-39,30,-38,29,-36,30,-36,31,-35,32,-35,32,-34,34,-33,35,-33,37,-33,39,-33,39]"
CSI_DATA,329,5c:01:3b:6b:b0:95,-37,11,1,6,0,1,1,1,0,0,0,-98,1,11,0,26270009,0,86,1,256,1,"[86,-32,4,0,-16,19,-15,19,-14,18,-13,18,-13,18,-12,18,-11,18,-11,18,-10,18,-9,19,-9,19,-9,19,-9,19,-8,19,-9,19,-9,19,-9,19,-9,18,-10,17,-10,16,-11,15,-11,15,-11,14,-11,14,-11,13,-3,3,0,0,0,0,0,0,0,0,0,0,0,0,0,0,0,0,0,0,-2,3,-8,15,-9,15,-10,15,-11,15,-12,15,-13,15,-15,15,-15,15,-16,15,-16,15,-17,15,-17,15,-17,14,-17,14,-17,14,-17,14,-16,14,-16,15,-16,15,-16,16,-15,16,-15,17,-15,17,-15,18,-15,19,-15,20,-10,10,-31,35,-31,34,-30,33,-29,33,-28,33,-27,33,-26,32,-25,33,-23,33,-21,34,-19,35,-18,36,-18,36,-19,36,-19,36,-19,35,-20,35,-20,34,-21,33,-22,31,-22,29,-22,28,-21,27,-21,26,-22,24,-23,23,-26,20,-26,18,-5,3,-2,0,0,-1,0,-1,0,-1,-1,1,-3,5,-15,28,-16,27,-18,27,-20,27,-23,26,-25,26,-27,26,-29,25,-31,25,-32,25,-33,24,-34,24,-34,25,-34,25,-34,25,-35,24,-35,24,-35,24,-34,24,-33,25,-33,26,-33,27,-32,27,-31,29,-30,30,-30,32,-30,34,-31,35]"
CSI_DATA,330,5c:01:3b:6b:b0:95,-41,11,1,6,0,1,1,1,0,0,0,-98,1,11,0,26316432,0,86,1,256,1,"[86,-32,4,0,17,17,17,17,16,16,16,15,17,15,17,14,17,13,17,13,17,12,18,11,18,11,18,11,18,11,18,11,18,11,18,11,18,12,17,12,16,12,15,12,14,12,13,12,12,13,12,13,11,13,2,3,0,0,0,0,0,0,0,0,0,0,0,0,0,0,0,0,0,0,3,2,14,9,14,10,14,11,13,12,13,13,13,15,13,15,13,16,13,17,12,17,12,18,12,18,12,18,12,18,12,18,12,18,12,18,13,17,13,17,14,17,14,17,15,17,15,17,16,17,17,17,18,18,9,11,31,36,30,35,30,35,29,34,29,33,30,32,30,30,31,29,31,27,32,26,33,25,33,24,34,24,34,24,33,25,33,25,32,25,32,25,31,26,29,26,28,26,26,26,24,26,23,26,21,27,19,27,14,29,12,30,1,5,0,1,-1,-1,-1,-1,-1,-1,1,0,4,2,27,15,26,17,26,19,25,22,24,25,24,27,23,29,23,31,22,32,22,34,21,35,21,35,21,36,21,37,21,37,21,37,20,37,20,38,20,37,21,36,23,36,24,36,25,35,26,35,28,34,29,35,30,35,31,35]"
CSI_DATA,331,5c:01:3b:6b:b0:95,-37,11,1,6,0,1,1,1,0,0,0,-98,1,11,0,26366404,0,86,1,256,1,"[86,-32,4,0,-15,-1,-14,0,-14,0,-13,0,-13,0,-13,1,-13,1,-13,1,-12,1,-12,2,-12,2,-12,2,-12,2,-12,2,-12,2,-12,2,-12,2,-12,1,-12,1,-12,1,-11,0,-11,0,-11,-1,-11,-1,-10,-2,-3,-1,0,0,0,0,0,0,0,0,0,0,0,0,0,0,0,0,0,0,-3,0,-10,1,-10,1,-11,0,-11,0,-12,-1,-12,-1,-12,-1,-12,-2,-12,-2,-13,-3,-13,-3,-13,-3,-13,-3,-13,-3,-13,-3,-13,-3,-13,-3,-13,-2,-13,-2,-13,-2,-13,-1,-13,-1,-13,-1,-14,-1,-14,-1,-15,-1,-17,-2,-54,-5,-53,-5,-52,-6,-51,-6,-50,-5,-49,-3,-48,-2,-47,-1,-47,1,-46,2,-46,4,-47,5,-47,5,-47,5,-47,5,-47,5,-46,4,-46,4,-45,2,-44,1,-43,0,-41,-1,-40,-3,-40,-4,-38,-6,-37,-8,-35,-13,-33,-15,-6,-3,-2,-2,0,0,0,-1,0,0,-2,0,-7,1,-35,4,-36,2,-37,1,-38,-2,-39,-4,-40,-6,-42,-7,-43,-9,-44,-11,-45,-12,-45,-14,-45,-14,-45,-15,-46,-16,-45,-16,-45,-16,-46,-17,-46,-16,-46,-15,-45,-14,-46,-13,-47,-11,-48,-10,-49,-9,-50,-8,-51,-7,-53,-7,-53,-7]"
CSI_DATA,332,5c:01:3b:6b:b0:95,-40,11,1,5,0,1,1,1,0,0,0,-98,1,11,0,26418370,0,86,1,256,1,"[86,-32,4,0,18,-18,18,-18,17,-17,16,-17,16,-18,15,-18,14,-18,13,-18,12,-18,12,-19,11,-19,11,-20,11,-20,11,-20,12,-20,12,-19,12,-19,12,-18,12,-17,12,-17,13,-16,13,-15,12,-14,12,-14,12,-13,3,-4,0,0,0,0,0,0,0,0,0,0,0,0,0,0,0,0,0,0,2,-4,11,-14,12,-14,13,-14,14,-14,15,-13,16,-13,17,-13,18,-12,18,-12,18,-12,19,-12,19,-12,19,-12,19,-12,19,-12,19,-12,19,-13,18,-13,18,-13,18,-14,18,-15,18,-15,17,-15,18,-16,18,-18,18,-18,12,-9,39,-28,39,-27,38,-27,37,-27,35,-27,34,-27,33,-28,32,-29,30,-30,28,-31,27,-32,26,-33,26,-34,27,-34,27,-34,27,-33,27,-32,27,-32,28,-31,28,-29,28,-27,27,-26,27,-24,27,-23,27,-21,27,-19,32,-12,32,-10,5,-2,1,-1,-1,0,-1,0,-1,0,1,-2,3,-5,22,-23,24,-22,24,-23,26,-22,29,-21,31,-20,32,-19,34,-19,36,-18,37,-17,38,-17,38,-16,39,-17,39,-17,40,-17,40,-16,40,-16,40,-17,39,-17,38,-18,38,-19,38,-20,38,-21,38,-23,37,-24,37,-26,38,-27,39,-28]"
CSI_DATA,333,5c:01:3b:6b:b0:95,-40,11,1,5,0,1,1,1,0,0,0,-98,1,11,0,26468189,0,86,1,256,1,"[86,-32,4,0,20,-15,20,-15,19,-15,18,-15,18,-16,17,-16,17,-16,15,-16,15,-16,14,-17,14,-17,14,-18,14,-18,14,-18,14,-18,14,-18,14,-17,15,-16,15,-15,15,-14,15,-13,15,-13,15,-12,14,-11,15,-11,3,-3,0,0,0,0,0,0,0,0,0,0,0,0,0,0,0,0,0,0,2,-4,12,-13,13,-13,14,-13,15,-13,16,-12,17,-12,18,-11,19,-11,19,-10,20,-10,20,-10,21,-10,21,-10,21,-10,21,-10,20,-10,20,-11,19,-11,20,-11,20,-12,20,-13,20,-13,19,-13,20,-14,21,-15,21,-16,13,-7,42,-22,42,-21,41,-21,40,-21,39,-21,38,-21,37,-22,35,-23,34,-24,33,-25,32,-27,31,-28,32,-28,32,-28,32,-28,32,-28,32,-27,32,-26,33,-25,32,-23,32,-22,31,-20,31,-19,30,-17,30,-15,30,-14,33,-5,33,-3,5,-1,1,0,-1,0,-1,0,-1,0,1,-2,4,-4,25,-20,26,-18,26,-20,28,-19,30,-18,32,-17,34,-16,36,-15,37,-14,38,-13,39,-12,39,-12,40,-12,41,-12,41,-11,42,-11,41,-11,41,-12,41,-12,40,-13,40,-13,40,-14,40,-15,40,-17,40,-18,41,-20,41,-21,42,-21]"
CSI_DATA,334,5c:01:3b:6b:b0:95,-37,11,1,6,0,1,1,1,0,0,0,-98,1,11,0,26518327,0,86,1,256,1,"[86,-32,4,0,11,21,11,20,11,19,11,19,11,18,11,18,12,17,12,16,13,16,13,16,13,15,14,15,14,15,14,15,14,15,14,16,13,16,13,16,12,16,11,15,10,15,9,15,8,15,8,15,7,15,1,3,0,0,0,0,0,0,0,0,0,0,0,0,0,0,0,0,0,0,2,3,10,13,10,14,9,15,9,15,9,16,8,17,8,18,7,19,6,20,6,20,6,21,6,21,6,21,6,20,6,20,6,20,7,20,7,20,8,20,8,20,8,20,9,20,9,20,10,20,11,21,12,22,5,12,19,41,19,40,19,40,19,39,19,38,19,37,20,36,20,35,21,33,22,32,23,31,25,30,25,30,26,31,26,31,25,31,24,31,23,31,22,31,20,31,18,31,17,30,16,30,15,30,13,29,11,29,7,30,6,30,0,5,0,1,-1,-1,-1,-1,-1,-1,1,1,3,4,20,24,18,26,18,26,16,28,15,30,14,32,13,33,12,35,11,37,10,38,9,39,8,39,9,40,8,40,8,40,8,40,8,40,9,40,9,40,10,39,11,39,11,39,12,39,14,39,16,40,17,40,18,41,19,42]"
CSI_DATA,335,5c:01:3b:6b:b0:95,-37,11,1,6,0,1,1,1,0,0,0,-98,1,11,0,26566311,0,86,1,256,1,"[86,-32,4,0,-14,0,-14,0,-14,0,-13,0,-13,1,-13,1,-13,1,-13,2,-12,2,-12,2,-12,3,-12,3,-12,3,-12,3,-12,3,-13,3,-13,3,-12,2,-12,2,-12,2,-11,1,-11,1,-11,0,-11,0,-11,-1,-3,-1,0,0,0,0,0,0,0,0,0,0,0,0,0,0,0,0,0,0,-3,0,-10,0,-10,0,-11,-1,-11,-1,-11,-1,-12,-2,-12,-2,-12,-3,-12,-3,-13,-3,-13,-4,-13,-4,-13,-4,-13,-4,-13,-3,-13,-3,-13,-3,-13,-3,-13,-2,-13,-2,-13,-2,-13,-1,-13,-1,-14,-1,-14,-1,-15,-1,-17,-4,-52,-8,-52,-9,-51,-9,-50,-9,-49,-8,-48,-7,-47,-5,-47,-4,-46,-2,-46,0,-46,2,-46,3,-47,4,-47,4,-47,4,-46,3,-46,2,-45,2,-45,0,-44,-1,-43,-2,-41,-3,-40,-4,-39,-4,-38,-6,-37,-7,-33,-16,-32,-18,-6,-4,-2,-2,0,0,0,-1,0,-1,-2,0,-7,0,-35,-2,-35,-4,-37,-3,-38,-6,-39,-9,-39,-11,-40,-12,-41,-14,-41,-15,-42,-17,-42,-18,-43,-19,-44,-19,-44,-20,-44,-20,-44,-20,-44,-20,-44,-20,-43,-19,-43,-18,-44,-17,-45,-16,-46,-15,-47,-13,-48,-12,-49,-11,-51,-10,-51,-9]"
CSI_DATA,336,5c:01:3b:6b:b0:95,-37,11,1,6,0,1,1,1,0,0,0,-98,1,11,0,26616496,0,86,1,256,1,"[86,-32,4,0,0,-25,-1,-25,-1,-24,-1,-23,-2,-23,-2,-22,-3,-22,-3,-22,-4,-22,-5,-21,-5,-21,-5,-21,-5,-21,-5,-21,-5,-21,-5,-21,-4,-21,-4,-21,-3,-20,-3,-20,-2,-20,-1,-19,-1,-18,0,-18,0,-18,0,-5,0,0,0,0,0,0,0,0,0,0,0,0,0,0,0,0,0,0,-1,-5,-3,-17,-3,-18,-2,-19,-2,-19,-1,-20,0,-20,1,-21,2,-21,2,-21,3,-22,3,-22,3,-22,4,-22,4,-22,4,-22,3,-22,3,-22,2,-22,2,-22,2,-22,1,-22,1,-23,0,-23,0,-24,0,-25,0,-25,1,-15,3,-47,3,-46,2,-46,2,-45,2,-43,1,-43,0,-42,-1,-42,-3,-42,-5,-41,-6,-41,-8,-41,-8,-41,-8,-41,-7,-41,-7,-41,-6,-41,-5,-40,-4,-40,-3,-39,-2,-38,-1,-36,0,-35,1,-34,2,-34,4,-33,9,-32,11,-31,2,-6,0,-2,-1,0,0,0,-1,0,-1,-2,-2,-6,-7,-31,-5,-32,-4,-33,-2,-34,1,-35,2,-36,4,-37,5,-38,7,-39,8,-39,9,-40,10,-40,10,-40,10,-41,11,-41,11,-41,11,-41,11,-42,10,-41,9,-41,9,-41,8,-41,7,-42,6,-43,4,-43,4,-44,3,-45,3,-46]"
CSI_DATA,337,5c:01:3b:6b:b0:95,-40,11,1,5,0,1,1,1,0,0,0,-98,1,11,0,26668239,0,86,1,256,1,"[86,-32,4,0,25,1,24,1,23,0,23,0,23,-1,23,-1,22,-2,22,-3,21,-3,21,-4,21,-5,21,-5,21,-5,21,-5,21,-5,22,-5,21,-4,21,-4,20,-3,20,-3,19,-2,19,-2,18,-1,18,0,17,0,4,0,0,0,0,0,0,0,0,0,0,0,0,0,0,0,0,0,0,0,4,-1,17,-1,18,0,18,1,19,2,19,3,20,3,20,4,20,5,21,6,21,6,21,6,22,6,21,7,21,7,21,6,21,6,21,5,21,5,21,5,22,4,22,3,23,3,23,2,24,2,25,2,25,1,14,1,47,5,47,5,46,5,45,4,44,3,43,2,43,1,42,0,42,-2,41,-4,42,-6,41,-7,42,-7,42,-7,42,-7,42,-7,42,-6,41,-6,40,-5,39,-3,39,-2,37,-1,36,0,35,1,34,2,33,4,32,9,30,11,5,2,1,0,-1,-1,-2,0,-1,-1,1,-1,5,-2,31,-5,31,-3,33,-1,34,1,35,4,36,6,37,7,37,9,38,11,39,12,39,13,39,14,40,14,40,14,40,14,40,15,40,15,40,14,40,13,40,13,41,12,41,11,42,10,43,9,44,7,45,6,46,6,46,5]"
CSI_DATA,338,5c:01:3b:6b:b0:95,-37,11,1,6,0,1,1,1,0,0,0,-98,1,11,0,26716444,0,86,1,256,1,"[86,-32,4,0,-1,-14,-1,-14,-1,-14,-1,-13,-2,-13,-2,-13,-2,-13,-2,-12,-3,-12,-4,-12,-4,-12,-4,-12,-4,-12,-4,-12,-4,-12,-4,-12,-4,-12,-3,-12,-3,-12,-2,-12,-2,-11,-1,-11,-1,-11,-1,-11,0,-11,0,-3,0,0,0,0,0,0,0,0,0,0,0,0,0,0,0,0,0,0,-1,-3,-2,-10,-2,-10,-1,-11,-1,-11,0,-11,0,-12,0,-12,1,-12,1,-12,1,-12,1,-13,2,-13,2,-13,2,-13,2,-13,2,-13,1,-13,1,-12,1,-13,1,-13,1,-13,0,-13,0,-13,0,-14,-1,-14,-1,-15,1,-17,3,-53,3,-53,3,-52,3,-51,2,-50,1,-49,0,-48,-1,-48,-3,-47,-5,-47,-7,-47,-8,-47,-9,-47,-9,-47,-9,-46,-8,-46,-8,-46,-7,-46,-6,-46,-4,-45,-3,-44,-2,-42,-1,-41,0,-40,2,-39,4,-38,11,-36,13,-34,2,-6,0,-2,-1,0,-1,0,-1,0,-1,-2,-1,-7,-4,-35,-2,-35,-3,-37,0,-38,2,-39,4,-40,6,-41,8,-43,10,-43,11,-44,13,-44,13,-45,14,-45,14,-45,14,-45,14,-45,14,-45,14,-46,13,-45,12,-45,11,-46,10,-47,9,-48,8,-48,6,-49,5,-50,5,-51,4,-52]"
CSI_DATA,339,5c:01:3b:6b:b0:95,-37,11,1,6,0,1,1,1,0,0,0,-98,1,11,0,26767644,0,86,1,256,1,"[86,-32,4,0,13,-21,12,-21,11,-20,10,-20,10,-20,10,-20,9,-20,8,-20,7,-20,6,-20,6,-20,6,-21,6,-21,5,-21,5,-21,6,-21,6,-20,6,-20,7,-19,7,-18,7,-17,8,-16,8,-16,8,-15,9,-15,2,-4,0,0,0,0,0,0,0,0,0,0,0,0,0,0,0,0,0,0,1,-4,7,-16,8,-16,9,-16,10,-16,11,-16,12,-16,13,-16,14,-15,14,-15,15,-15,16,-15,16,-15,16,-15,16,-16,15,-16,15,-16,14,-16,14,-16,14,-17,14,-17,14,-18,13,-18,13,-18,13,-19,14,-20,14,-21,9,-11,29,-35,29,-35,28,-34,27,-34,26,-33,25,-34,23,-34,22,-34,20,-34,18,-35,17,-36,16,-37,16,-37,17,-37,16,-37,16,-36,17,-36,17,-35,18,-35,19,-33,19,-31,19,-29,19,-28,19,-27,20,-26,20,-24,25,-19,26,-17,4,-3,1,-1,-1,0,-1,0,-1,0,0,-2,2,-5,14,-28,16,-27,17,-28,19,-27,21,-27,24,-26,25,-26,27,-26,29,-25,31,-25,31,-25,32,-24,32,-25,33,-25,33,-25,33,-25,33,-25,33,-25,32,-25,31,-26,31,-27,31,-28,30,-28,29,-30,29,-31,29,-33,29,-34,29,-35]"
CSI_DATA,340,5c:01:3b:6b:b0:95,-40,11,1,5,0,1,1,1,0,0,0,-98,1,11,0,26816425,0,86,1,256,1,"[86,-32,4,0,-20,-17,-20,-16,-19,-15,-19,-15,-19,-14,-19,-14,-19,-13,-19,-12,-20,-11,-20,-11,-21,-10,-21,-10,-21,-10,-21,-10,-21,-11,-21,-10,-21,-11,-20,-11,-19,-11,-18,-11,-17,-11,-16,-11,-16,-12,-15,-12,-14,-13,-4,-4,0,0,0,0,0,0,0,0,0,0,0,0,0,0,0,0,0,0,-4,-3,-15,-10,-15,-11,-15,-12,-15,-13,-15,-14,-15,-15,-15,-16,-15,-17,-14,-17,-14,-18,-15,-19,-15,-19,-14,-19,-14,-19,-14,-19,-15,-19,-15,-18,-15,-18,-15,-17,-16,-17,-17,-17,-17,-17,-18,-16,-18,-16,-20,-17,-20,-17,-10,-12,-33,-36,-33,-36,-32,-35,-32,-34,-32,-33,-32,-32,-32,-31,-33,-29,-33,-28,-34,-26,-35,-25,-36,-24,-36,-24,-37,-24,-37,-24,-37,-24,-36,-24,-35,-24,-34,-25,-33,-25,-31,-26,-29,-26,-28,-26,-26,-26,-24,-26,-22,-27,-16,-30,-14,-31,-3,-6,-1,-2,0,0,0,0,0,0,-2,-1,-5,-4,-25,-21,-24,-22,-26,-22,-25,-24,-24,-27,-24,-29,-23,-31,-23,-33,-23,-34,-22,-36,-21,-37,-21,-37,-21,-38,-21,-39,-21,-39,-21,-39,-21,-38,-22,-38,-23,-38,-23,-37,-24,-37,-25,-36,-26,-36,-28,-36,-28,-36,-29,-36,-31,-36,-31,-36]"
CSI_DATA,341,5c:01:3b:6b:b0:95,-40,11,1,5,0,1,1,1,0,0,0,-98,1,11,0,26870923,0,86,1,256,1,"[86,-32,4,0,4,-28,4,-28,3,-27,3,-26,2,-26,2,-26,1,-25,0,-25,-1,-25,-2,-25,-2,-25,-3,-25,-3,-25,-3,-25,-3,-25,-3,-25,-2,-25,-1,-25,-1,-24,0,-24,1,-23,2,-22,2,-21,2,-21,3,-20,0,-5,0,0,0,0,0,0,0,0,0,0,0,0,0,0,0,0,0,0,0,-5,0,-20,1,-20,2,-21,3,-22,4,-22,5,-22,6,-23,7,-23,8,-23,8,-23,9,-24,9,-24,9,-24,9,-24,9,-24,9,-24,8,-24,7,-24,7,-24,7,-25,6,-25,6,-26,5,-26,5,-27,5,-28,4,-28,5,-16,16,-51,16,-50,16,-49,15,-48,14,-47,13,-47,12,-46,10,-46,8,-46,6,-46,4,-47,3,-47,2,-48,2,-48,2,-48,3,-47,4,-47,5,-46,6,-46,7,-44,8,-43,9,-41,10,-40,10,-38,11,-37,12,-35,22,-30,23,-29,4,-5,1,-2,-1,0,-1,1,-1,0,0,-2,0,-7,5,-36,7,-35,6,-37,8,-37,11,-38,13,-38,15,-39,17,-39,19,-40,21,-40,22,-40,23,-40,23,-41,24,-41,24,-41,25,-41,24,-41,24,-42,23,-42,22,-42,21,-42,21,-43,20,-44,19,-45,18,-46,17,-48,17,-49,17,-50]"
CSI_DATA,342,5c:01:3b:6b:b0:95,-36,11,1,5,0,1,1,1,0,0,0,-98,1,11,0,26916355,0,86,1,256,1,"[86,-32,4,0,23,3,23,3,22,2,22,2,22,1,22,0,21,0,21,-1,21,-1,21,-2,21,-2,20,-3,20,-3,20,-3,21,-3,21,-3,21,-2,20,-2,20,-1,19,-1,18,0,18,0,17,1,17,2,16,3,4,0,0,0,0,0,0,0,0,0,0,0,0,0,0,0,0,0,0,0,4,0,16,1,17,1,17,2,18,3,18,4,19,5,19,5,19,6,19,7,19,8,20,9,20,9,20,9,20,9,20,8,20,8,20,7,20,6,20,6,20,6,21,5,22,5,22,5,22,5,23,4,24,4,12,4,42,13,42,13,41,12,40,12,39,11,39,10,39,9,39,7,39,6,39,5,39,4,38,3,38,2,39,2,39,1,39,2,39,2,38,3,37,3,36,4,35,5,34,6,33,7,32,8,30,9,29,10,24,18,22,19,3,3,1,1,-1,-1,-1,-1,-1,-1,1,0,5,1,30,7,29,8,30,6,31,8,31,10,32,11,32,13,33,15,33,16,34,18,33,19,33,21,33,22,34,22,34,22,34,22,34,22,34,21,34,20,34,19,35,18,36,17,37,17,39,16,39,16,39,15,40,14,41,14]"
CSI_DATA,343,5c:01:3b:6b:b0:95,-36,11,1,5,0,1,1,1,0,0,0,-98,1,11,0,26966339,0,86,1,256,1,"[86,-32,4,0,-11,8,-11,8,-10,8,-10,8,-10,8,-9,8,-9,8,-8,8,-8,8,-8,9,-8,9,-8,9,-8,9,-7,9,-7,9,-8,9,-8,9,-8,8,-8,8,-8,8,-8,7,-8,7,-8,6,-8,6,-8,5,-2,1,0,0,0,0,0,0,0,0,0,0,0,0,0,0,0,0,0,0,-2,1,-7,6,-8,6,-8,6,-9,6,-9,6,-10,5,-10,5,-11,5,-11,5,-11,5,-12,5,-12,5,-12,5,-12,5,-11,5,-12,5,-11,5,-11,5,-11,5,-11,6,-11,7,-11,7,-11,7,-11,7,-11,8,-11,8,-14,8,-45,28,-45,27,-44,27,-42,27,-41,27,-39,27,-38,27,-36,28,-34,29,-33,31,-32,33,-31,33,-32,34,-32,34,-31,34,-31,34,-32,33,-32,32,-32,31,-32,29,-33,27,-32,25,-32,24,-32,23,-32,21,-32,19,-34,13,-34,10,-7,1,-2,0,0,-1,0,-1,0,-1,-2,1,-5,4,-26,22,-27,21,-28,22,-31,20,-33,19,-36,18,-37,17,-39,16,-41,16,-42,15,-43,15,-44,14,-45,15,-45,15,-45,14,-45,14,-45,13,-45,14,-45,15,-44,16,-44,17,-44,18,-44,20,-44,21,-43,23,-43,24,-44,26,-44,26]"
CSI_DATA,344,5c:01:3b:6b:b0:95,-37,11,1,6,0,1,1,1,0,0,0,-98,1,11,0,27018348,0,86,1,256,1,"[86,-32,4,0,13,-1,12,-1,12,-1,12,-2,12,-2,12,-2,11,-2,11,-3,11,-3,11,-3,11,-4,11,-4,11,-4,11,-4,11,-4,11,-3,11,-3,11,-3,10,-3,10,-2,10,-2,9,-2,9,-1,9,-1,9,0,2,0,0,0,0,0,0,0,0,0,0,0,0,0,0,0,0,0,0,0,2,-1,9,-2,9,-2,9,-2,10,-1,10,-1,10,0,11,0,11,1,11,1,11,1,11,1,12,2,12,2,11,2,11,1,11,1,11,1,11,1,11,1,11,0,12,0,12,0,12,0,12,-1,13,-1,13,-1,14,2,49,5,48,5,48,4,47,4,46,4,46,2,45,1,44,0,43,-2,43,-4,43,-6,43,-7,43,-8,44,-7,44,-7,44,-6,43,-5,43,-4,42,-3,41,-2,39,0,38,1,37,2,36,3,35,4,34,6,32,14,30,16,5,3,1,0,-1,-1,-1,0,-1,-1,1,-1,5,-2,32,-5,33,-3,34,-3,35,-1,36,2,37,4,38,5,39,7,39,9,40,11,40,11,41,12,42,12,42,13,42,13,42,14,42,14,42,14,41,13,41,12,42,11,43,11,44,10,45,9,45,7,47,6,48,5,49,4]"
CSI_DATA,345,5c:01:3b:6b:b0:95,-37,11,1,6,0,1,1,1,0,0,0,-98,1,11,0,27066864,0,86,1,256,1,"[86,-32,4,0,24,10,23,9,23,9,23,8,22,8,22,7,22,6,22,5,22,4,22,4,22,3,22,3,22,3,23,3,23,3,23,3,22,4,22,5,21,5,20,5,19,5,18,6,18,6,17,7,16,8,4,2,0,0,0,0,0,0,0,0,0,0,0,0,0,0,0,0,0,0,4,1,17,4,18,5,18,6,18,7,18,8,19,10,19,10,19,11,19,12,19,13,19,13,19,14,19,14,19,14,19,13,19,13,19,13,19,12,19,12,20,11,21,11,21,11,21,11,22,11,23,11,24,11,12,8,42,25,41,25,40,25,39,25,39,23,39,22,39,20,39,18,39,16,39,15,40,14,40,13,41,13,41,13,41,13,41,13,40,14,40,14,39,15,37,15,36,16,34,16,32,17,31,17,29,18,27,19,22,25,20,26,3,4,0,1,-1,-1,-1,-1,-1,-1,1,0,5,2,31,13,30,14,31,13,31,16,31,18,31,21,31,23,31,25,31,27,31,28,30,29,30,30,30,31,31,31,30,32,31,32,31,32,31,31,31,30,31,30,32,29,33,28,34,28,36,27,37,26,39,26,40,26,41,26]"
CSI_DATA,346,5c:01:3b:6b:b0:95,-37,11,1,5,0,1,1,1,0,0,0,-98,1,11,0,27119858,0,86,1,256,1,"[86,-32,4,0,-24,-1,-24,-1,-23,0,-22,1,-22,1,-22,1,-21,2,-21,2,-21,3,-21,4,-20,4,-20,5,-21,5,-21,5,-21,5,-21,4,-21,4,-20,3,-20,2,-19,2,-19,1,-18,1,-18,0,-17,-1,-17,-1,-5,-1,0,0,0,0,0,0,0,0,0,0,0,0,0,0,0,0,0,0,-5,0,-17,1,-18,1,-18,0,-19,-1,-19,-2,-20,-2,-20,-3,-20,-4,-20,-5,-21,-5,-21,-5,-21,-6,-21,-6,-21,-5,-21,-5,-21,-5,-21,-5,-21,-4,-21,-4,-21,-3,-22,-3,-22,-2,-22,-2,-23,-1,-24,-1,-24,-1,-15,-2,-46,-4,-45,-4,-44,-4,-43,-4,-42,-3,-42,-2,-41,-1,-40,0,-40,2,-39,3,-40,4,-39,6,-40,6,-40,6,-40,6,-40,6,-39,6,-39,5,-38,4,-38,2,-37,1,-36,0,-35,-1,-34,-2,-33,-3,-32,-5,-31,-9,-30,-10,-6,-2,-2,-1,0,0,0,-1,0,0,-2,0,-6,0,-30,4,-31,2,-32,1,-33,-1,-34,-3,-35,-5,-36,-7,-37,-8,-37,-9,-38,-11,-38,-12,-38,-13,-39,-13,-39,-13,-39,-14,-39,-14,-39,-14,-39,-13,-39,-12,-39,-11,-39,-11,-40,-10,-41,-9,-42,-8,-42,-7,-43,-6,-44,-5,-45,-5]"
CSI_DATA,347,5c:01:3b:6b:b0:95,-38,11,1,6,0,1,1,1,0,0,0,-98,1,11,0,27166554,0,86,1,256,1,"[86,-32,4,0,-23,-15,-22,-15,-22,-14,-21,-13,-21,-13,-21,-12,-21,-11,-21,-11,-22,-10,-22,-9,-22,-8,-22,-7,-23,-8,-23,-8,-23,-8,-22,-8,-22,-8,-21,-9,-21,-9,-20,-10,-19,-10,-18,-10,-17,-10,-17,-10,-16,-11,-4,-3,0,0,0,0,0,0,0,0,0,0,0,0,0,0,0,0,0,0,-4,-3,-16,-9,-17,-10,-17,-11,-18,-12,-17,-13,-17,-14,-17,-15,-17,-16,-16,-17,-17,-18,-17,-18,-17,-18,-17,-18,-17,-18,-17,-18,-17,-18,-17,-17,-17,-17,-18,-16,-18,-16,-19,-16,-19,-16,-20,-15,-21,-15,-22,-15,-22,-15,-11,-12,-36,-35,-35,-35,-34,-34,-34,-33,-34,-32,-34,-31,-34,-30,-35,-28,-35,-26,-36,-25,-37,-23,-38,-23,-39,-23,-39,-23,-38,-23,-38,-23,-37,-23,-36,-23,-35,-24,-33,-24,-32,-25,-30,-24,-29,-24,-28,-24,-26,-25,-25,-25,-16,-32,-14,-33,-3,-6,-1,-2,0,0,0,0,0,0,-2,-1,-5,-4,-25,-22,-24,-24,-27,-22,-26,-25,-26,-27,-25,-29,-25,-31,-24,-33,-24,-35,-23,-36,-23,-37,-23,-38,-23,-38,-24,-39,-23,-39,-23,-39,-23,-39,-23,-39,-23,-38,-24,-37,-25,-37,-26,-37,-28,-36,-29,-36,-31,-35,-33,-35,-34,-35,-35,-35]"
CSI_DATA,348,5c:01:3b:6b:b0:95,-41,11,1,6,0,1,1,1,0,0,0,-98,1,11,0,27216460,0,86,1,256,1,"[86,-32,4,0,-14,23,-14,23,-13,22,-12,22,-12,22,-11,22,-10,22,-9,21,-8,21,-8,22,-8,22,-8,22,-7,22,-7,22,-7,23,-7,23,-8,22,-8,21,-8,21,-9,20,-10,19,-10,18,-11,17,-11,16,-11,16,-3,4,0,0,0,0,0,0,0,0,0,0,0,0,0,0,0,0,0,0,-2,4,-8,17,-9,17,-10,17,-11,17,-12,17,-13,17,-14,17,-15,17,-16,17,-17,17,-17,17,-18,17,-18,17,-17,17,-17,17,-17,17,-16,17,-16,18,-15,18,-15,19,-15,20,-15,20,-15,20,-15,21,-15,22,-14,22,-10,12,-32,40,-32,39,-31,39,-30,38,-29,38,-27,38,-26,38,-24,38,-23,38,-21,39,-20,40,-19,40,-19,41,-19,41,-19,41,-19,41,-20,40,-20,40,-21,39,-21,37,-22,35,-22,33,-22,32,-23,31,-24,29,-24,27,-30,22,-31,20,-6,3,-2,0,0,-1,0,-1,0,-1,-1,1,-3,5,-15,30,-18,29,-18,30,-21,29,-23,29,-26,29,-27,29,-29,29,-31,29,-33,29,-34,28,-35,28,-36,28,-36,28,-36,28,-37,28,-37,28,-36,28,-35,28,-35,29,-34,30,-34,32,-33,33,-32,34,-32,35,-32,37,-32,38,-32,39]"
CSI_DATA,349,5c:01:3b:6b:b0:95,-41,11,1,6,0,1,1,1,0,0,0,-98,1,11,0,27266467,0,86,1,256,1,"[86,-32,4,0,-7,-27,-7,-26,-7,-25,-7,-25,-8,-24,-9,-24,-9,-23,-10,-22,-10,-22,-11,-22,-11,-22,-11,-21,-12,-21,-12,-22,-12,-22,-12,-22,-11,-22,-11,-22,-10,-21,-9,-21,-8,-21,-6,-20,-6,-20,-5,-20,-4,-20,-1,-5,0,0,0,0,0,0,0,0,0,0,0,0,0,0,0,0,0,0,-2,-5,-7,-18,-7,-18,-6,-19,-6,-20,-5,-21,-4,-22,-3,-23,-3,-23,-2,-23,-1,-24,-1,-25,0,-25,0,-25,0,-25,-1,-25,-1,-25,-2,-24,-2,-24,-3,-25,-4,-25,-4,-25,-5,-25,-5,-25,-5,-26,-6,-27,-6,-27,-4,-16,-11,-51,-10,-51,-10,-50,-10,-49,-11,-48,-12,-47,-13,-46,-14,-45,-15,-44,-16,-43,-18,-43,-19,-42,-20,-43,-20,-43,-20,-42,-19,-42,-19,-42,-18,-42,-17,-43,-15,-42,-14,-41,-12,-40,-11,-39,-9,-39,-7,-38,-5,-38,0,-37,2,-37,0,-7,0,-2,-1,0,0,0,0,0,-1,-2,-3,-6,-15,-31,-13,-32,-12,-34,-10,-36,-8,-38,-7,-39,-5,-41,-3,-42,-2,-44,0,-44,1,-45,1,-45,1,-46,2,-47,2,-47,2,-47,2,-47,2,-47,1,-46,0,-46,-1,-46,-3,-47,-4,-47,-5,-48,-7,-48,-8,-49,-8,-50,-9,-51]"
CSI_DATA,350,5c:01:3b:6b:b0:95,-35,11,1,4,0,1,1,1,0,0,0,-98,1,11,0,27324688,0,86,1,256,1,"[86,-32,4,0,-12,9,-11,9,-10,9,-10,9,-10,9,-9,9,-9,9,-9,9,-8,10,-8,10,-8,10,-8,10,-8,10,-7,10,-8,10,-8,10,-8,10,-8,9,-8,9,-8,8,-8,8,-8,8,-8,7,-8,7,-8,6,-2,1,0,0,0,0,0,0,0,0,0,0,0,0,0,0,0,0,0,0,-2,1,-7,7,-8,7,-8,7,-9,7,-9,7,-10,6,-10,6,-11,6,-11,6,-12,6,-12,6,-12,6,-12,6,-12,6,-12,6,-12,6,-12,6,-11,6,-11,7,-11,7,-11,8,-11,8,-11,8,-11,9,-12,9,-12,9,-15,9,-46,31,-46,30,-44,30,-43,29,-42,30,-41,31,-39,31,-37,31,-35,32,-34,33,-33,35,-32,35,-32,36,-32,37,-32,36,-33,37,-33,36,-32,35,-33,33,-33,31,-34,29,-33,28,-33,26,-33,24,-33,22,-34,21,-36,15,-36,12,-7,2,-3,0,0,-1,0,-1,0,-1,-2,1,-5,4,-27,25,-28,23,-29,24,-32,23,-35,22,-37,21,-38,21,-40,19,-42,18,-43,18,-44,17,-45,17,-46,17,-47,18,-47,17,-47,17,-47,17,-47,17,-46,18,-45,19,-45,20,-44,22,-44,23,-45,24,-44,26,-45,28,-46,30,-46,31]"
CSI_DATA,351,5c:01:3b:6b:b0:95,-41,11,1,6,0,1,1,1,0,0,0,-98,1,11,0,27366466,0,86,1,256,1,"[86,-32,4,0,-16,-23,-16,-22,-16,-21,-16,-20,-16,-20,-16,-19,-16,-18,-17,-17,-18,-17,-18,-17,-18,-16,-18,-16,-19,-16,-19,-16,-19,-16,-19,-16,-18,-17,-18,-17,-17,-17,-16,-17,-14,-17,-13,-17,-13,-17,-12,-17,-11,-17,-3,-5,0,0,0,0,0,0,0,0,0,0,0,0,0,0,0,0,0,0,-4,-4,-13,-14,-13,-15,-13,-16,-13,-17,-12,-18,-12,-19,-11,-20,-11,-21,-10,-21,-10,-22,-10,-23,-10,-23,-9,-23,-9,-23,-10,-23,-10,-23,-11,-22,-11,-22,-12,-22,-12,-22,-13,-22,-13,-22,-14,-22,-15,-22,-16,-23,-16,-23,-12,-12,-36,-39,-35,-39,-35,-38,-35,-37,-35,-36,-35,-34,-35,-33,-35,-31,-36,-30,-37,-29,-38,-28,-39,-27,-39,-26,-39,-26,-39,-26,-39,-26,-38,-27,-37,-27,-36,-28,-35,-28,-33,-29,-31,-28,-30,-28,-28,-29,-26,-29,-24,-30,-25,-28,-23,-29,-4,-6,-2,-2,0,0,0,0,0,0,-2,-1,-6,-3,-32,-14,-32,-16,-28,-23,-27,-26,-27,-28,-26,-31,-26,-32,-26,-34,-25,-36,-24,-38,-23,-39,-23,-40,-23,-41,-23,-41,-22,-41,-22,-42,-23,-42,-23,-41,-24,-41,-25,-40,-26,-40,-27,-39,-29,-39,-30,-39,-31,-38,-32,-38,-33,-39,-33,-39]"
CSI_DATA,352,5c:01:3b:6b:b0:95,-36,11,1,5,0,1,1,1,0,0,0,-98,1,11,0,27418336,0,86,1,256,1,"[86,-32,4,0,5,23,5,22,5,22,6,21,6,21,6,20,6,19,7,18,8,18,8,18,8,18,9,18,9,18,10,18,10,18,9,18,9,19,8,18,7,18,6,18,5,17,4,16,4,16,4,16,3,16,0,4,0,0,0,0,0,0,0,0,0,0,0,0,0,0,0,0,0,0,1,3,6,15,5,16,4,16,4,17,3,18,3,19,2,20,2,20,1,20,0,20,0,21,0,21,0,21,0,21,0,21,0,21,1,21,1,20,1,21,2,21,3,21,3,21,4,21,4,22,4,23,5,23,1,13,7,44,7,44,8,43,8,42,8,41,9,40,9,39,10,38,12,36,13,36,15,36,16,35,16,36,16,36,16,36,16,36,15,36,14,36,13,36,12,35,10,35,9,33,8,33,7,32,5,31,3,31,-1,31,-3,31,-1,5,-1,1,-1,-1,-1,-1,-1,-1,0,1,2,4,13,27,11,28,10,29,8,31,6,32,5,34,3,35,2,37,1,38,0,38,-1,39,-2,39,-2,40,-3,41,-3,40,-3,41,-3,40,-2,41,-2,40,-1,40,0,40,1,40,2,40,3,41,5,41,6,42,6,43,7,44]"
CSI_DATA,353,5c:01:3b:6b:b0:95,-41,11,1,6,0,1,1,1,0,0,0,-98,1,11,0,27467958,0,86,1,256,1,"[86,-32,4,0,15,22,15,21,15,20,15,19,16,19,16,18,16,17,16,16,17,15,17,15,18,14,18,14,18,14,18,14,18,15,18,15,18,15,17,16,16,16,15,15,14,15,13,15,13,15,12,15,11,15,2,4,0,0,0,0,0,0,0,0,0,0,0,0,0,0,0,0,0,0,3,3,12,13,12,14,11,16,11,17,10,18,10,19,10,20,9,20,9,21,8,21,9,22,9,22,9,22,9,22,9,22,9,22,9,21,10,21,10,21,11,21,12,21,12,21,13,20,14,21,15,22,16,22,4,14,16,47,15,46,15,45,16,44,16,43,17,42,18,40,18,39,20,38,21,37,23,36,25,36,25,36,25,36,25,36,24,36,23,36,23,36,21,36,19,36,18,35,17,34,16,34,15,33,13,33,11,33,-1,36,-4,36,-1,6,-1,1,-1,-1,-1,-1,-1,-1,0,1,2,5,11,31,9,32,14,31,13,32,11,34,9,36,8,37,7,39,5,40,4,41,4,42,3,43,4,44,4,44,4,44,3,44,3,44,4,44,4,43,5,43,6,43,7,44,9,44,10,44,12,44,14,45,16,46,16,47]"
CSI_DATA,354,5c:01:3b:6b:b0:95,-41,11,1,6,0,1,1,1,0,0,0,-98,1,11,0,27516403,0,86,1,256,1,"[86,-32,4,0,-24,-14,-24,-14,-23,-13,-23,-12,-23,-12,-23,-11,-22,-10,-23,-9,-23,-9,-23,-8,-23,-7,-23,-7,-24,-7,-24,-7,-24,-7,-24,-7,-23,-8,-23,-8,-22,-9,-21,-9,-20,-9,-19,-10,-19,-10,-18,-10,-17,-11,-5,-3,0,0,0,0,0,0,0,0,0,0,0,0,0,0,0,0,0,0,-5,-2,-18,-8,-18,-9,-18,-10,-19,-11,-19,-12,-19,-13,-19,-14,-18,-15,-18,-16,-18,-16,-19,-17,-19,-17,-18,-17,-18,-17,-18,-17,-19,-17,-19,-16,-19,-16,-20,-16,-20,-15,-21,-15,-21,-15,-22,-14,-22,-14,-24,-14,-24,-14,-15,-8,-47,-26,-46,-26,-45,-26,-45,-25,-44,-24,-44,-22,-44,-21,-44,-20,-44,-18,-44,-16,-45,-14,-45,-13,-46,-13,-46,-13,-46,-13,-46,-13,-45,-14,-44,-14,-43,-16,-42,-17,-40,-18,-39,-18,-37,-18,-36,-18,-34,-19,-33,-20,-31,-22,-29,-24,-6,-5,-2,-2,0,0,1,0,0,0,-2,-1,-7,-1,-34,-6,-34,-9,-34,-14,-34,-16,-35,-19,-35,-22,-35,-24,-35,-26,-35,-28,-35,-29,-35,-30,-35,-31,-35,-32,-35,-32,-35,-32,-35,-32,-35,-32,-36,-32,-36,-31,-36,-30,-37,-30,-38,-30,-39,-29,-41,-28,-42,-27,-44,-27,-45,-26,-45,-26]"
CSI_DATA,355,5c:01:3b:6b:b0:95,-36,11,1,5,0,1,1,1,0,0,0,-98,1,11,0,27573584,0,86,1,256,1,"[86,-32,4,0,23,4,22,4,22,3,22,2,22,2,21,2,21,1,20,1,20,0,20,-1,20,-2,21,-2,21,-2,20,-2,21,-2,21,-1,20,-1,20,0,19,0,19,1,18,2,17,2,17,2,16,3,16,4,4,1,0,0,0,0,0,0,0,0,0,0,0,0,0,0,0,0,0,0,4,-1,16,0,17,0,17,1,18,2,18,3,19,4,19,5,19,6,19,7,20,7,20,7,20,8,20,8,20,8,19,7,19,7,19,7,19,6,20,6,21,5,21,5,21,5,21,4,22,4,23,4,24,4,13,3,44,11,43,10,43,10,42,9,41,8,40,7,40,7,40,5,39,3,39,2,39,0,39,-1,39,-2,40,-1,40,-1,40,-1,39,0,38,1,38,2,37,3,36,4,34,5,33,6,32,7,31,8,29,9,27,13,26,15,4,2,1,0,-1,-1,-2,0,-1,-1,1,-1,5,-1,30,-4,30,-1,31,1,32,3,33,5,34,7,34,9,35,11,36,13,36,14,36,15,36,16,37,16,37,16,37,17,37,17,37,17,37,17,37,16,37,15,37,15,38,14,39,14,40,13,41,11,42,10,43,10,43,10]"
CSI_DATA,356,5c:01:3b:6b:b0:95,-36,11,1,5,0,1,1,1,0,0,0,-98,1,11,0,27618236,0,86,1,256,1,"[86,-32,4,0,-25,-2,-24,-2,-23,-1,-23,-1,-23,0,-22,0,-22,1,-21,1,-21,2,-21,2,-21,3,-21,3,-21,3,-21,3,-21,3,-21,3,-21,3,-21,2,-20,1,-20,1,-19,0,-19,-1,-18,-1,-18,-2,-17,-3,-5,-1,0,0,0,0,0,0,0,0,0,0,0,0,0,0,0,0,0,0,-5,0,-17,1,-18,0,-18,-1,-19,-1,-20,-2,-20,-3,-20,-4,-21,-5,-21,-5,-21,-6,-22,-6,-22,-6,-22,-6,-21,-6,-21,-6,-22,-6,-22,-6,-21,-5,-21,-5,-22,-4,-22,-4,-23,-3,-23,-3,-24,-3,-24,-2,-24,-2,-15,-3,-46,-8,-46,-8,-45,-8,-44,-7,-42,-6,-42,-5,-41,-4,-41,-3,-41,-2,-41,0,-41,1,-41,2,-41,3,-41,3,-41,3,-41,2,-40,2,-40,2,-39,0,-38,-1,-38,-2,-36,-4,-35,-4,-34,-5,-33,-6,-31,-8,-29,-13,-28,-15,-5,-3,-2,-2,0,0,0,-1,0,0,-2,0,-6,0,-32,2,-32,0,-33,0,-34,-3,-34,-5,-35,-7,-36,-8,-37,-10,-38,-12,-38,-13,-38,-14,-38,-15,-39,-15,-39,-15,-39,-16,-39,-16,-39,-16,-39,-16,-39,-15,-39,-14,-39,-14,-40,-13,-41,-12,-42,-11,-43,-10,-44,-9,-44,-8,-45,-8]"
CSI_DATA,357,5c:01:3b:6b:b0:95,-41,11,1,6,0,1,1,1,0,0,0,-98,1,11,0,27672778,0,86,1,256,1,"[86,-32,4,0,1,24,1,24,2,23,2,22,3,22,3,22,4,21,5,20,5,20,6,20,6,20,6,20,7,20,7,20,7,20,7,20,6,20,5,20,5,20,4,19,3,19,2,18,2,18,1,18,1,18,0,4,0,0,0,0,0,0,0,0,0,0,0,0,0,0,0,0,0,0,0,4,3,16,2,17,1,18,0,18,0,19,-1,19,-2,20,-2,20,-3,21,-4,21,-4,21,-5,22,-5,21,-4,21,-4,21,-4,22,-3,21,-3,21,-2,21,-2,22,-1,22,-1,22,0,22,0,23,1,24,1,25,-3,14,-6,45,-6,45,-5,44,-4,44,-3,43,-2,42,-1,41,0,41,1,40,3,39,5,39,6,40,6,40,6,40,6,40,6,40,6,40,5,39,4,39,2,38,1,37,0,36,-1,35,-1,34,-3,33,-4,32,-11,31,-13,30,-3,5,-1,1,0,-1,-1,-1,0,-1,0,1,0,5,1,30,-1,31,0,31,-2,32,-4,33,-6,34,-8,35,-10,36,-11,37,-12,37,-13,38,-14,38,-14,38,-14,39,-15,39,-15,39,-15,39,-14,39,-13,39,-12,39,-12,40,-11,40,-10,41,-9,42,-8,42,-7,43,-6,45,-6,45]"
CSI_DATA,358,5c:01:3b:6b:b0:95,-39,11,1,4,0,1,1,1,0,0,0,-98,1,11,0,27718405,0,86,1,256,1,"[86,-32,4,0,-10,-24,-11,-24,-11,-23,-10,-22,-11,-22,-11,-22,-11,-21,-12,-20,-13,-20,-14,-19,-14,-19,-14,-18,-14,-19,-15,-19,-15,-19,-14,-19,-14,-19,-13,-19,-12,-19,-11,-19,-10,-19,-9,-18,-9,-18,-8,-18,-7,-18,-2,-5,0,0,0,0,0,0,0,0,0,0,0,0,0,0,0,0,0,0,-3,-4,-9,-16,-9,-17,-8,-18,-8,-19,-7,-20,-7,-21,-6,-21,-5,-22,-5,-22,-5,-23,-5,-24,-4,-24,-4,-24,-4,-23,-4,-23,-4,-23,-5,-23,-6,-23,-6,-23,-6,-23,-7,-23,-8,-23,-8,-23,-9,-24,-9,-25,-10,-25,-3,-15,-9,-47,-9,-47,-9,-47,-9,-45,-10,-45,-10,-44,-11,-43,-12,-42,-13,-41,-15,-40,-17,-40,-18,-39,-19,-40,-19,-40,-19,-40,-18,-40,-17,-40,-16,-39,-15,-39,-14,-39,-12,-38,-11,-38,-10,-37,-9,-36,-7,-35,-5,-35,5,-35,7,-34,1,-7,0,-2,-1,0,0,0,0,0,-1,-2,-2,-6,-9,-32,-7,-32,-11,-33,-9,-34,-7,-36,-6,-38,-4,-39,-3,-40,-1,-41,1,-41,2,-42,2,-43,2,-44,2,-44,2,-44,3,-44,2,-44,2,-44,1,-44,0,-43,-1,-44,-2,-44,-3,-44,-4,-45,-6,-45,-7,-46,-8,-47,-8,-48]"
CSI_DATA,359,5c:01:3b:6b:b0:95,-36,11,1,5,0,1,1,1,0,0,0,-98,1,11,0,27767034,0,86,1,256,1,"[86,-32,4,0,9,-11,8,-11,8,-11,8,-11,8,-11,7,-11,7,-10,6,-11,6,-11,5,-11,5,-11,5,-11,5,-11,5,-11,5,-11,6,-11,6,-11,6,-11,6,-10,6,-10,6,-9,6,-9,6,-9,6,-8,6,-8,1,-2,0,0,0,0,0,0,0,0,0,0,0,0,0,0,0,0,0,0,1,-2,5,-8,5,-8,6,-8,6,-8,7,-8,7,-8,8,-8,8,-8,9,-8,9,-8,9,-8,10,-8,10,-8,10,-8,10,-8,9,-8,9,-8,9,-8,9,-8,9,-9,9,-9,9,-9,9,-9,9,-10,9,-11,9,-11,12,-9,41,-30,40,-30,39,-29,38,-29,37,-29,35,-29,34,-29,33,-31,31,-32,30,-33,29,-35,27,-36,28,-36,28,-36,28,-35,29,-34,29,-33,29,-33,30,-33,30,-31,30,-29,29,-27,29,-26,28,-25,28,-22,28,-20,35,-9,35,-6,6,-1,1,-1,-1,0,-1,0,-1,0,1,-2,4,-5,24,-24,26,-22,24,-25,26,-24,29,-23,31,-22,33,-21,36,-21,37,-20,38,-19,39,-19,39,-19,40,-20,41,-20,41,-20,42,-19,42,-18,41,-19,40,-19,40,-20,40,-20,39,-21,39,-22,39,-24,39,-26,39,-28,40,-30,41,-31]"
CSI_DATA,360,5c:01:3b:6b:b0:95,-40,11,1,5,0,1,1,1,0,0,0,-98,1,11,0,27816433,0,86,1,256,1,"[86,-32,4,0,-13,-23,-13,-22,-13,-21,-13,-21,-13,-20,-13,-20,-13,-19,-14,-18,-14,-18,-15,-18,-15,-17,-15,-17,-16,-17,-16,-17,-16,-18,-15,-18,-15,-18,-15,-18,-14,-18,-13,-18,-11,-17,-10,-17,-10,-17,-9,-17,-8,-17,-2,-5,0,0,0,0,0,0,0,0,0,0,0,0,0,0,0,0,0,0,-3,-4,-11,-14,-11,-15,-11,-16,-10,-17,-10,-18,-9,-19,-9,-20,-9,-20,-8,-21,-7,-22,-7,-22,-7,-23,-7,-23,-7,-22,-7,-22,-7,-22,-8,-22,-8,-22,-9,-22,-9,-22,-10,-22,-10,-22,-11,-21,-11,-22,-12,-23,-13,-23,-5,-15,-16,-46,-15,-46,-15,-45,-15,-44,-15,-42,-16,-41,-17,-40,-18,-39,-19,-38,-20,-37,-22,-37,-23,-37,-23,-37,-23,-37,-23,-37,-22,-37,-22,-37,-21,-37,-20,-37,-18,-36,-16,-36,-15,-35,-14,-35,-13,-34,-11,-34,-9,-33,1,-34,3,-34,0,-6,0,-2,-1,0,0,0,0,0,-1,-2,-3,-5,-15,-29,-13,-30,-16,-30,-15,-31,-13,-33,-12,-35,-11,-37,-9,-38,-8,-40,-7,-41,-6,-41,-6,-42,-6,-43,-6,-43,-5,-43,-5,-44,-5,-43,-5,-43,-6,-43,-7,-42,-8,-42,-9,-42,-10,-43,-11,-43,-12,-43,-14,-44,-15,-45,-15,-45]"
CSI_DATA,361,5c:01:3b:6b:b0:95,-39,11,1,5,0,1,1,1,0,0,0,-98,1,11,0,27866413,0,86,1,256,1,"[86,-32,4,0,4,-26,3,-26,3,-25,2,-25,2,-25,1,-24,1,-24,-1,-24,-1,-24,-1,-24,-1,-24,-2,-23,-2,-24,-3,-24,-2,-24,-2,-24,-2,-24,-1,-23,-1,-23,0,-22,1,-21,2,-20,3,-20,3,-19,4,-19,1,-5,0,0,0,0,0,0,0,0,0,0,0,0,0,0,0,0,0,0,-1,-5,-1,-19,0,-19,1,-20,2,-21,3,-21,4,-22,5,-22,5,-22,6,-22,7,-22,8,-23,8,-23,9,-23,8,-23,8,-23,7,-23,7,-23,6,-23,6,-23,6,-24,5,-24,5,-24,5,-24,5,-25,5,-26,4,-27,4,-15,13,-48,14,-48,13,-47,13,-46,12,-45,11,-45,10,-44,8,-44,6,-44,5,-44,3,-44,2,-44,2,-45,2,-45,2,-45,2,-45,3,-45,3,-44,4,-43,6,-42,7,-41,7,-39,8,-38,9,-36,10,-35,12,-33,20,-29,21,-28,3,-5,1,-2,-1,0,-1,0,-1,0,0,-2,0,-6,4,-34,6,-34,4,-35,6,-35,8,-36,10,-37,12,-38,14,-38,16,-39,17,-39,19,-39,20,-39,21,-40,22,-40,22,-40,22,-39,22,-39,21,-40,20,-40,19,-40,18,-41,18,-41,17,-42,16,-43,15,-44,15,-45,14,-47,14,-47]"
CSI_DATA,362,5c:01:3b:6b:b0:95,-36,11,1,5,0,1,1,1,0,0,0,-98,1,11,0,27916407,0,86,1,256,1,"[86,-32,4,0,-25,8,-25,8,-24,8,-23,8,-23,8,-22,8,-21,9,-20,9,-20,10,-20,11,-19,12,-19,12,-19,12,-20,12,-20,11,-20,11,-20,11,-20,10,-20,9,-20,8,-19,7,-18,7,-18,6,-18,6,-17,5,-5,1,0,0,0,0,0,0,0,0,0,0,0,0,0,0,0,0,0,0,-4,2,-17,9,-18,8,-19,7,-20,6,-21,6,-22,5,-23,4,-23,3,-23,3,-24,3,-25,3,-25,3,-24,3,-24,3,-24,2,-24,2,-24,3,-23,3,-24,4,-24,4,-24,5,-24,5,-24,6,-24,8,-25,8,-26,8,-16,0,-49,3,-48,3,-47,4,-46,4,-44,4,-44,5,-43,5,-42,7,-41,8,-40,9,-41,12,-40,13,-40,13,-41,13,-41,13,-40,13,-40,12,-40,12,-40,10,-39,9,-38,7,-37,6,-35,5,-35,4,-34,2,-33,1,-33,-10,-31,-12,-6,-3,-2,-1,0,0,0,-1,0,-1,-2,0,-6,1,-33,7,-34,5,-34,9,-35,6,-37,4,-38,2,-40,1,-41,-1,-42,-2,-43,-4,-43,-5,-43,-5,-44,-5,-45,-5,-45,-6,-45,-7,-44,-7,-45,-6,-44,-5,-44,-4,-44,-4,-44,-3,-45,-2,-46,-1,-46,1,-46,3,-47,4,-48,4]"
CSI_DATA,363,5c:01:3b:6b:b0:95,-37,11,1,6,0,1,1,1,0,0,0,-98,1,11,0,27966430,0,86,1,256,1,"[86,-32,4,0,-20,-18,-20,-18,-20,-16,-19,-16,-19,-15,-19,-14,-19,-14,-20,-13,-20,-12,-20,-12,-20,-11,-21,-10,-21,-11,-21,-11,-21,-11,-21,-11,-20,-11,-20,-12,-19,-12,-18,-12,-17,-12,-16,-11,-15,-12,-15,-13,-14,-13,-4,-4,0,0,0,0,0,0,0,0,0,0,0,0,0,0,0,0,0,0,-4,-3,-17,-11,-17,-12,-16,-14,-16,-15,-16,-16,-16,-17,-16,-17,-16,-18,-15,-19,-15,-19,-15,-20,-15,-21,-15,-21,-15,-20,-15,-20,-15,-20,-15,-20,-15,-19,-16,-19,-17,-18,-17,-18,-18,-18,-18,-17,-19,-18,-20,-19,-21,-19,-9,-13,-30,-40,-30,-39,-29,-39,-29,-38,-29,-36,-29,-35,-30,-34,-31,-33,-31,-31,-32,-30,-33,-29,-33,-28,-34,-27,-34,-27,-34,-27,-33,-27,-33,-27,-32,-28,-31,-28,-29,-28,-28,-28,-26,-28,-24,-28,-23,-28,-21,-28,-19,-28,-11,-32,-9,-32,-2,-6,-1,-2,0,0,0,0,0,0,-2,-2,-5,-5,-24,-27,-23,-29,-26,-26,-25,-29,-24,-31,-23,-33,-23,-35,-22,-36,-21,-38,-20,-39,-19,-40,-19,-41,-19,-42,-19,-43,-18,-43,-18,-43,-18,-43,-19,-42,-19,-42,-20,-41,-22,-40,-23,-40,-24,-40,-25,-40,-26,-40,-27,-40,-28,-40,-28,-40]"
CSI_DATA,364,5c:01:3b:6b:b0:95,-41,11,1,5,0,1,1,1,0,0,0,-98,1,11,0,28018526,0,86,1,256,1,"[86,-32,4,0,-20,17,-20,17,-18,17,-18,17,-18,17,-17,17,-16,17,-15,17,-14,17,-14,18,-14,18,-14,18,-13,18,-13,18,-13,18,-14,18,-14,18,-14,17,-14,16,-14,15,-15,14,-15,13,-15,13,-14,12,-14,11,-4,2,0,0,0,0,0,0,0,0,0,0,0,0,0,0,0,0,0,0,-3,3,-12,14,-13,14,-14,14,-15,14,-16,14,-17,13,-18,13,-19,12,-20,12,-20,12,-21,12,-21,12,-21,12,-21,12,-21,11,-21,12,-20,12,-20,12,-20,13,-20,13,-20,14,-19,15,-19,15,-20,16,-20,17,-20,18,-13,9,-40,30,-40,29,-39,29,-38,29,-36,29,-35,29,-34,29,-32,30,-31,30,-30,31,-29,32,-28,33,-28,34,-28,34,-28,34,-28,33,-29,33,-29,32,-29,31,-29,29,-29,27,-29,25,-29,24,-29,22,-29,20,-29,18,-32,14,-32,12,-6,1,-2,0,0,-1,0,-1,0,-1,-1,1,-4,5,-20,28,-22,26,-24,26,-26,25,-29,24,-31,23,-33,23,-35,22,-37,22,-38,21,-39,20,-40,20,-41,20,-41,20,-41,19,-42,19,-41,19,-41,19,-41,20,-40,21,-40,21,-39,22,-39,24,-39,25,-39,26,-39,28,-39,29,-39,30]"
CSI_DATA,365,5c:01:3b:6b:b0:95,-42,11,1,5,0,1,1,1,0,0,0,-98,1,11,0,28068329,0,86,1,256,1,"[86,-32,4,0,-13,22,-13,21,-12,21,-11,20,-10,21,-10,20,-9,20,-8,20,-8,20,-7,20,-7,20,-7,20,-7,21,-6,21,-6,21,-7,20,-7,20,-7,19,-7,19,-8,18,-8,17,-9,16,-9,15,-9,14,-10,14,-3,3,0,0,0,0,0,0,0,0,0,0,0,0,0,0,0,0,0,0,-2,4,-7,17,-8,17,-9,17,-10,18,-11,17,-12,18,-13,18,-14,18,-14,17,-15,17,-16,17,-16,17,-16,17,-16,17,-16,17,-15,17,-15,17,-14,17,-14,18,-14,19,-13,19,-13,20,-13,20,-13,20,-13,21,-13,22,-10,11,-30,37,-30,37,-29,36,-28,35,-26,35,-25,35,-24,34,-23,34,-21,34,-19,35,-18,37,-17,37,-17,38,-17,38,-17,38,-17,37,-18,37,-18,36,-18,35,-19,33,-20,31,-20,30,-20,28,-20,27,-20,25,-21,24,-26,19,-26,17,-5,2,-2,0,0,-1,0,-1,0,-1,-1,1,-3,5,-16,29,-18,29,-17,30,-20,30,-22,29,-25,29,-27,29,-29,28,-31,28,-32,28,-33,28,-33,28,-33,28,-34,29,-34,28,-35,28,-34,27,-34,28,-33,28,-33,28,-32,28,-32,29,-31,30,-31,32,-30,33,-29,35,-29,37,-30,38]"
CSI_DATA,366,5c:01:3b:6b:b0:95,-44,11,1,5,0,1,1,1,0,0,0,-98,1,11,0,28118988,0,86,1,256,1,"[86,-32,4,0,-8,24,-8,23,-7,22,-6,22,-6,22,-5,21,-5,21,-4,20,-3,20,-2,20,-2,20,-2,20,-2,20,-1,20,-1,20,-2,20,-2,20,-2,19,-3,18,-3,17,-4,16,-4,16,-4,15,-5,15,-5,14,-2,3,0,0,0,0,0,0,0,0,0,0,0,0,0,0,0,0,0,0,-1,4,-3,19,-4,20,-5,20,-6,20,-7,21,-8,21,-9,21,-10,21,-11,21,-12,21,-12,22,-12,22,-12,22,-12,21,-12,21,-12,21,-11,21,-11,21,-10,22,-10,22,-10,22,-9,22,-9,23,-9,24,-8,24,-8,25,-8,12,-22,42,-23,42,-22,41,-21,40,-19,39,-18,38,-16,38,-15,37,-13,37,-12,37,-10,38,-9,38,-9,38,-9,38,-9,38,-9,37,-10,36,-10,36,-11,35,-11,33,-12,31,-12,30,-12,28,-12,27,-13,26,-14,24,-20,21,-21,19,-4,3,-2,0,0,-1,0,-2,0,-1,-1,1,-2,6,-11,35,-13,35,-11,36,-14,36,-17,36,-19,36,-21,36,-23,36,-25,37,-27,36,-28,36,-28,36,-29,36,-29,37,-29,37,-30,36,-30,36,-29,36,-29,36,-27,36,-27,36,-26,37,-25,38,-24,39,-23,39,-22,41,-22,42,-22,43]"
CSI_DATA,367,5c:01:3b:6b:b0:95,-40,11,1,5,0,1,1,1,0,0,0,-98,1,11,0,28168275,0,86,1,256,1,"[86,-32,4,0,-11,-23,-11,-22,-11,-21,-11,-20,-12,-20,-12,-19,-12,-18,-13,-17,-13,-17,-14,-16,-14,-16,-14,-16,-15,-16,-14,-16,-14,-16,-14,-16,-13,-16,-13,-16,-12,-16,-11,-15,-10,-15,-9,-14,-9,-14,-8,-14,-8,-14,-2,-4,0,0,0,0,0,0,0,0,0,0,0,0,0,0,0,0,0,0,-3,-4,-11,-16,-11,-17,-10,-18,-10,-19,-9,-20,-9,-21,-8,-21,-8,-22,-7,-23,-7,-23,-7,-24,-7,-24,-6,-24,-6,-24,-6,-23,-6,-23,-7,-23,-7,-22,-8,-22,-8,-22,-9,-22,-9,-22,-10,-22,-11,-22,-11,-23,-12,-24,-4,-15,-14,-46,-13,-45,-13,-44,-13,-42,-14,-41,-14,-40,-15,-39,-16,-38,-17,-36,-18,-35,-20,-34,-21,-34,-22,-34,-22,-34,-21,-34,-20,-33,-19,-33,-19,-32,-18,-32,-17,-32,-15,-31,-14,-30,-13,-29,-12,-29,-11,-28,-9,-28,-1,-29,1,-28,0,-5,0,-2,-1,0,0,0,0,0,-1,-2,-3,-6,-15,-32,-13,-33,-16,-33,-14,-35,-12,-37,-10,-38,-9,-40,-7,-41,-6,-42,-5,-43,-4,-44,-4,-44,-4,-45,-4,-45,-4,-45,-4,-45,-3,-45,-3,-45,-4,-44,-5,-43,-6,-43,-7,-43,-8,-44,-10,-44,-11,-44,-13,-44,-14,-45,-14,-46]"
CSI_DATA,368,5c:01:3b:6b:b0:95,-36,11,1,5,0,1,1,1,0,0,0,-98,1,11,0,28221239,0,86,1,256,1,"[86,-32,4,0,-19,-17,-19,-16,-18,-15,-18,-15,-18,-14,-17,-14,-17,-13,-18,-12,-18,-12,-18,-11,-18,-10,-18,-10,-18,-10,-18,-10,-18,-10,-18,-10,-17,-10,-16,-10,-16,-10,-15,-10,-14,-10,-13,-10,-12,-10,-12,-10,-11,-10,-3,-3,0,0,0,0,0,0,0,0,0,0,0,0,0,0,0,0,0,0,-4,-3,-16,-11,-16,-12,-16,-13,-16,-15,-16,-16,-15,-16,-15,-17,-15,-18,-14,-19,-14,-20,-14,-20,-14,-20,-14,-20,-14,-20,-14,-20,-14,-20,-15,-19,-15,-18,-15,-18,-16,-18,-16,-18,-16,-18,-17,-18,-17,-18,-18,-18,-19,-18,-10,-12,-31,-36,-31,-36,-30,-34,-30,-33,-29,-32,-29,-31,-29,-29,-29,-28,-30,-27,-30,-25,-31,-24,-32,-23,-33,-23,-33,-23,-32,-22,-31,-22,-30,-22,-29,-22,-28,-22,-26,-22,-25,-23,-24,-22,-22,-21,-21,-21,-20,-21,-18,-21,-13,-23,-11,-24,-2,-5,-1,-2,0,0,0,0,0,0,-2,-1,-5,-4,-28,-21,-27,-24,-28,-24,-27,-27,-26,-29,-25,-32,-24,-34,-23,-35,-23,-37,-23,-38,-22,-39,-22,-40,-22,-40,-22,-40,-22,-41,-21,-41,-21,-40,-22,-40,-22,-39,-22,-38,-23,-38,-24,-37,-25,-37,-27,-37,-28,-36,-29,-36,-30,-36,-31,-37]"
CSI_DATA,369,5c:01:3b:6b:b0:95,-40,11,1,4,0,1,1,1,0,0,0,-98,1,11,0,28268197,0,86,1,256,1,"[86,-32,4,0,-21,-16,-21,-16,-20,-15,-20,-14,-19,-14,-19,-13,-19,-12,-19,-12,-19,-11,-20,-10,-20,-9,-20,-9,-20,-9,-20,-9,-20,-9,-19,-9,-19,-10,-18,-10,-17,-10,-16,-10,-15,-10,-14,-10,-13,-10,-12,-10,-12,-10,-3,-3,0,0,0,0,0,0,0,0,0,0,0,0,0,0,0,0,0,0,-5,-3,-18,-9,-18,-11,-18,-12,-18,-13,-18,-14,-18,-15,-18,-16,-18,-17,-17,-18,-17,-19,-18,-20,-18,-20,-17,-20,-17,-19,-17,-19,-17,-19,-17,-19,-17,-18,-18,-18,-18,-18,-19,-17,-19,-17,-19,-16,-20,-17,-21,-17,-21,-18,-12,-11,-36,-34,-36,-34,-35,-33,-34,-32,-34,-31,-35,-30,-34,-28,-33,-26,-34,-25,-34,-24,-35,-22,-35,-21,-36,-20,-36,-20,-35,-20,-35,-20,-33,-20,-32,-20,-31,-20,-29,-21,-28,-21,-26,-21,-25,-21,-23,-20,-22,-20,-20,-21,-16,-22,-14,-23,-3,-5,-1,-2,0,0,0,0,0,0,-2,-1,-6,-3,-33,-17,-32,-19,-32,-21,-32,-24,-32,-27,-32,-29,-31,-30,-31,-32,-30,-34,-29,-36,-28,-37,-28,-38,-29,-39,-29,-40,-28,-40,-28,-40,-28,-40,-28,-40,-28,-39,-29,-37,-30,-37,-31,-37,-32,-36,-33,-35,-34,-35,-35,-35,-36,-35,-37,-36]"
CSI_DATA,370,5c:01:3b:6b:b0:95,-42,11,1,5,0,1,1,1,0,0,0,-98,1,11,0,28316378,0,86,1,256,1,"[86,-32,4,0,-20,-17,-20,-16,-19,-15,-19,-15,-19,-14,-19,-13,-19,-13,-18,-12,-18,-11,-19,-10,-19,-10,-19,-9,-20,-9,-19,-9,-19,-9,-18,-9,-18,-10,-17,-10,-16,-10,-16,-10,-14,-10,-13,-9,-13,-9,-12,-10,-12,-10,-3,-3,0,0,0,0,0,0,0,0,0,0,0,0,0,0,0,0,0,0,-4,-3,-17,-11,-17,-12,-17,-13,-17,-14,-17,-16,-17,-17,-17,-17,-16,-18,-16,-19,-16,-19,-16,-20,-16,-20,-15,-20,-15,-20,-16,-20,-16,-20,-16,-19,-16,-18,-17,-18,-17,-18,-18,-18,-18,-18,-18,-17,-19,-17,-20,-18,-21,-18,-9,-12,-30,-38,-30,-38,-29,-37,-29,-35,-28,-34,-29,-32,-29,-31,-29,-29,-30,-28,-30,-27,-31,-26,-31,-25,-31,-24,-31,-24,-31,-24,-30,-24,-29,-23,-28,-23,-27,-23,-26,-23,-24,-23,-22,-23,-21,-22,-20,-22,-18,-22,-16,-22,-9,-25,-7,-25,-2,-5,-1,-2,0,0,0,0,0,0,-2,-2,-5,-5,-25,-26,-24,-28,-27,-26,-26,-28,-26,-30,-25,-32,-24,-34,-24,-36,-24,-38,-23,-39,-22,-40,-21,-41,-21,-42,-20,-42,-20,-42,-20,-43,-20,-42,-21,-42,-22,-41,-22,-40,-23,-40,-24,-39,-26,-39,-27,-39,-27,-38,-28,-38,-29,-38,-30,-39]"
CSI_DATA,371,5c:01:3b:6b:b0:95,-35,11,1,5,0,1,1,1,0,0,0,-98,1,11,0,28366453,0,86,1,256,1,"[86,-32,4,0,-22,-11,-21,-11,-21,-10,-21,-9,-21,-8,-20,-8,-20,-7,-20,-6,-20,-6,-20,-6,-20,-5,-20,-5,-20,-4,-20,-5,-20,-5,-20,-5,-20,-5,-19,-6,-18,-6,-17,-6,-16,-6,-15,-7,-14,-7,-14,-7,-14,-8,-4,-2,0,0,0,0,0,0,0,0,0,0,0,0,0,0,0,0,0,0,-5,-2,-17,-5,-18,-6,-18,-8,-18,-9,-18,-9,-19,-10,-19,-11,-19,-12,-19,-12,-19,-13,-19,-14,-19,-14,-19,-14,-19,-14,-19,-14,-19,-14,-19,-13,-19,-13,-19,-12,-20,-12,-20,-11,-20,-11,-20,-11,-21,-11,-22,-11,-23,-11,-13,-8,-40,-25,-39,-25,-38,-24,-38,-23,-37,-22,-37,-21,-36,-20,-36,-19,-35,-17,-36,-15,-37,-14,-37,-13,-37,-12,-38,-12,-37,-13,-36,-13,-35,-13,-34,-14,-33,-14,-32,-15,-30,-15,-29,-15,-27,-15,-26,-16,-25,-16,-23,-17,-18,-21,-17,-22,-3,-4,-1,-2,0,0,0,0,0,0,-2,-1,-6,-2,-31,-12,-30,-13,-32,-13,-31,-16,-31,-19,-31,-21,-32,-23,-32,-24,-32,-26,-32,-27,-32,-28,-31,-29,-32,-29,-32,-30,-32,-30,-32,-31,-32,-30,-32,-30,-32,-29,-32,-29,-33,-28,-34,-27,-34,-26,-36,-26,-36,-25,-37,-25,-38,-25,-39,-25]"
CSI_DATA,372,5c:01:3b:6b:b0:95,-41,11,1,5,0,1,1,1,0,0,0,-98,1,11,0,28416576,0,86,1,256,1,"[86,-32,4,0,23,7,22,6,22,6,21,5,21,5,21,4,20,3,20,3,20,2,20,1,20,0,20,0,20,0,20,0,20,0,20,0,19,1,18,1,18,2,17,2,16,2,16,2,15,2,15,3,14,3,3,1,0,0,0,0,0,0,0,0,0,0,0,0,0,0,0,0,0,0,4,0,17,3,18,3,18,5,18,6,19,6,19,7,19,8,19,9,19,10,20,10,20,11,20,11,20,11,20,11,19,11,20,11,20,10,20,10,20,9,20,9,21,9,21,8,21,7,22,7,23,7,24,7,12,6,41,19,41,19,40,18,39,18,38,16,38,15,38,14,37,12,37,10,37,8,37,7,37,5,38,5,38,5,37,5,37,6,36,6,36,6,35,6,33,7,32,8,30,8,29,9,28,9,26,10,25,10,22,16,20,17,3,3,0,1,-1,-1,-2,-1,-1,-1,1,0,5,1,32,7,31,10,32,9,32,12,32,14,32,16,33,18,33,20,33,22,33,23,33,24,33,25,34,25,35,26,34,26,34,27,33,26,34,26,34,25,34,24,34,24,35,24,36,23,37,22,38,20,40,19,41,19,42,19]"
CSI_DATA,373,5c:01:3b:6b:b0:95,-43,11,1,5,0,1,1,1,0,0,0,-95,1,11,0,28466526,0,86,1,256,1,"[86,-32,4,0,17,-18,17,-18,16,-17,15,-17,14,-17,14,-17,13,-17,12,-17,11,-17,11,-18,11,-18,11,-18,10,-18,10,-18,10,-18,11,-17,10,-17,10,-16,10,-15,11,-15,11,-13,11,-12,11,-12,11,-11,11,-10,2,-3,0,0,0,0,0,0,0,0,0,0,0,0,0,0,0,0,0,0,2,-4,9,-15,10,-15,11,-15,12,-15,13,-15,14,-15,15,-14,16,-14,17,-14,17,-14,18,-14,18,-14,19,-14,18,-13,18,-13,18,-14,17,-14,17,-14,17,-15,17,-15,17,-16,17,-16,16,-16,17,-17,17,-18,17,-18,11,-8,38,-27,37,-26,36,-26,35,-26,33,-25,32,-25,31,-25,30,-26,28,-27,27,-28,26,-29,25,-29,25,-30,25,-30,25,-29,25,-29,25,-28,25,-27,25,-26,24,-24,24,-23,24,-21,23,-20,23,-18,23,-17,23,-15,26,-9,26,-7,4,-2,1,-1,-1,0,-1,0,-1,0,1,-2,3,-4,23,-22,24,-21,23,-24,25,-22,27,-22,29,-21,30,-20,32,-20,34,-19,35,-18,36,-18,37,-18,38,-18,38,-18,39,-18,39,-17,39,-17,38,-18,38,-19,37,-19,37,-19,37,-20,37,-21,37,-23,36,-24,36,-25,37,-26,37,-27]"
CSI_DATA,374,5c:01:3b:6b:b0:95,-45,11,1,6,0,1,1,1,0,0,0,-95,1,11,0,28516500,0,86,1,256,1,"[86,-32,4,0,-20,18,-19,17,-18,17,-17,17,-17,17,-16,17,-15,17,-14,17,-13,17,-13,17,-13,18,-13,18,-13,18,-12,18,-12,18,-12,18,-12,17,-12,17,-12,16,-13,15,-13,14,-13,13,-13,12,-13,12,-13,11,-4,2,0,0,0,0,0,0,0,0,0,0,0,0,0,0,0,0,0,0,-3,3,-12,14,-13,14,-14,14,-15,14,-16,14,-17,14,-18,13,-19,13,-20,13,-20,12,-21,12,-21,12,-22,12,-22,12,-22,12,-21,12,-20,13,-20,13,-20,14,-20,14,-20,15,-20,15,-19,16,-20,16,-20,18,-20,18,-13,9,-40,31,-40,30,-39,29,-38,29,-37,28,-35,29,-34,29,-32,29,-31,30,-29,31,-28,32,-27,33,-27,33,-26,33,-26,32,-26,32,-27,31,-27,31,-27,29,-27,28,-27,26,-27,24,-26,23,-26,21,-26,20,-26,18,-28,13,-28,12,-6,1,-2,0,0,-1,0,-1,0,-1,-2,1,-4,5,-22,27,-24,25,-25,25,-27,24,-30,23,-32,23,-34,22,-36,22,-38,21,-39,21,-40,20,-41,20,-42,20,-42,20,-42,20,-43,19,-43,19,-43,20,-42,20,-41,21,-41,22,-41,23,-41,24,-41,25,-40,27,-40,28,-40,29,-40,30]"
CSI_DATA,375,5c:01:3b:6b:b0:95,-46,11,1,6,0,1,1,1,0,0,0,-95,1,11,0,28566399,0,86,1,256,1,"[86,-32,4,0,-3,26,-3,25,-2,25,-2,24,-1,24,0,23,0,23,1,22,2,22,2,22,2,21,2,21,3,22,3,22,3,22,3,22,2,21,2,21,1,20,1,20,0,19,-1,18,-2,17,-3,17,-3,17,-1,4,0,0,0,0,0,0,0,0,0,0,0,0,0,0,0,0,0,0,0,4,0,17,0,18,-1,19,-2,20,-3,20,-4,21,-4,21,-5,22,-6,22,-7,22,-8,22,-8,22,-8,22,-8,22,-8,22,-7,23,-6,23,-6,23,-5,23,-5,23,-4,24,-4,24,-4,24,-4,25,-4,26,-3,27,-5,14,-12,48,-12,48,-12,47,-11,46,-10,45,-9,45,-8,44,-7,43,-5,42,-3,42,-2,42,0,43,0,43,0,43,0,42,-1,42,-1,41,-2,40,-3,40,-5,38,-6,37,-6,35,-7,34,-8,33,-9,32,-10,30,-16,27,-17,26,-4,4,-2,1,0,-1,-1,-2,-1,-1,0,1,-1,6,-2,34,-4,34,-4,34,-6,35,-8,36,-10,37,-12,38,-15,38,-16,39,-18,39,-19,40,-19,40,-20,41,-20,41,-20,41,-20,41,-20,41,-20,41,-19,41,-19,41,-18,42,-17,43,-16,43,-15,44,-14,45,-13,47,-12,48,-12,49]"
CSI_DATA,376,5c:01:3b:6b:b0:95,-36,11,1,5,0,1,1,1,0,0,0,-95,1,11,0,28624401,0,86,1,256,1,"[86,-32,4,0,-13,-8,-13,-8,-12,-7,-12,-7,-12,-7,-12,-6,-12,-6,-12,-5,-12,-5,-12,-5,-12,-4,-12,-4,-12,-4,-12,-4,-12,-4,-12,-4,-12,-5,-12,-5,-11,-5,-11,-5,-10,-5,-10,-5,-9,-5,-9,-5,-9,-6,-2,-2,0,0,0,0,0,0,0,0,0,0,0,0,0,0,0,0,0,0,-3,-2,-9,-5,-9,-5,-9,-6,-9,-7,-9,-7,-10,-7,-10,-8,-9,-9,-9,-9,-9,-9,-10,-9,-10,-10,-10,-10,-10,-9,-10,-9,-10,-9,-10,-9,-10,-9,-10,-9,-11,-8,-11,-8,-11,-8,-11,-8,-12,-8,-12,-8,-13,-8,-14,-11,-44,-34,-44,-33,-42,-33,-41,-32,-41,-30,-41,-29,-41,-28,-41,-26,-41,-24,-42,-22,-44,-20,-44,-19,-46,-19,-46,-19,-45,-19,-43,-19,-43,-20,-41,-20,-40,-21,-38,-22,-37,-23,-35,-22,-34,-22,-32,-22,-30,-22,-28,-23,-23,-28,-21,-29,-4,-6,-2,-2,0,0,0,0,0,0,-2,-1,-6,-3,-32,-17,-31,-19,-32,-20,-32,-23,-31,-26,-31,-28,-31,-30,-31,-32,-31,-35,-30,-36,-30,-37,-30,-37,-31,-37,-31,-38,-32,-38,-32,-39,-32,-39,-32,-39,-32,-38,-33,-37,-33,-37,-35,-36,-36,-35,-38,-35,-39,-33,-41,-33,-43,-33,-43,-34]"
CSI_DATA,377,5c:01:3b:6b:b0:95,-35,11,1,5,0,1,1,1,0,0,0,-95,1,11,0,28668500,0,86,1,256,1,"[86,-32,4,0,37,-10,36,-10,35,-10,34,-11,33,-12,33,-12,32,-13,31,-13,30,-14,30,-15,30,-16,29,-16,29,-16,29,-16,29,-16,29,-16,29,-15,29,-14,28,-13,28,-12,28,-10,27,-9,26,-8,26,-6,25,-5,6,-2,0,0,0,0,0,0,0,0,0,0,0,0,0,0,0,0,0,0,6,-3,25,-11,26,-10,27,-9,29,-8,30,-7,31,-6,32,-5,33,-4,33,-3,34,-2,35,-2,35,-1,35,-1,35,-1,35,-2,34,-2,34,-3,34,-4,34,-5,34,-6,35,-7,35,-8,35,-8,36,-8,38,-9,38,-10,11,-1,36,-4,35,-4,35,-4,34,-4,33,-5,32,-5,32,-6,31,-7,30,-8,30,-9,30,-10,29,-11,30,-11,30,-11,30,-11,29,-11,29,-10,29,-10,29,-9,28,-8,27,-6,26,-5,26,-4,25,-4,24,-3,24,-2,24,4,23,5,3,1,1,0,-1,-1,-1,0,-1,0,1,-1,4,-2,23,-7,24,-5,25,-7,25,-5,26,-4,27,-2,28,-1,30,0,30,1,31,2,31,3,31,3,32,3,32,3,32,3,33,4,32,3,32,3,32,2,32,2,32,1,33,1,33,0,33,-1,33,-2,34,-3,35,-4,36,-4]"
CSI_DATA,378,5c:01:3b:6b:b0:95,-38,11,1,6,0,1,1,1,0,0,0,-95,1,11,0,28716606,0,86,1,256,1,"[86,-32,4,0,22,-2,22,-2,21,-3,20,-3,20,-4,20,-4,20,-4,19,-5,19,-5,19,-6,18,-6,18,-7,19,-7,18,-6,19,-6,19,-6,19,-6,18,-5,18,-4,18,-4,17,-3,17,-3,16,-2,16,-1,15,0,3,0,0,0,0,0,0,0,0,0,0,0,0,0,0,0,0,0,0,0,3,-1,15,-4,15,-3,16,-3,16,-2,17,-1,18,-1,18,0,19,0,19,1,19,2,19,2,20,2,20,3,20,2,20,2,20,2,19,1,19,1,20,1,20,0,20,-1,21,-1,21,-1,21,-1,23,-1,23,-2,13,0,43,1,42,1,41,1,41,1,39,0,39,0,39,-1,38,-2,37,-4,37,-5,37,-7,37,-7,37,-8,37,-8,37,-8,36,-7,36,-7,36,-6,36,-5,35,-3,34,-2,32,-1,32,-1,31,0,30,2,29,3,27,9,26,10,4,2,1,0,-1,-1,-1,0,-1,0,1,-1,4,-2,27,-6,27,-4,28,-4,29,-2,31,0,31,2,33,3,34,5,34,6,35,7,35,8,35,9,36,9,36,9,36,9,37,9,37,9,37,9,36,8,36,8,37,7,38,6,38,5,39,4,39,3,41,2,42,1,43,1]"
CSI_DATA,379,5c:01:3b:6b:b0:95,-41,11,1,6,0,1,1,1,0,0,0,-97,1,11,0,28766389,0,86,1,256,1,"[86,-32,4,0,18,-22,17,-22,16,-22,16,-22,15,-22,15,-21,14,-21,13,-21,11,-22,10,-23,10,-23,10,-23,10,-23,10,-23,10,-23,11,-23,11,-22,11,-21,12,-20,12,-19,12,-18,12,-18,12,-17,12,-16,12,-15,3,-4,0,0,0,0,0,0,0,0,0,0,0,0,0,0,0,0,0,0,2,-4,10,-16,11,-16,12,-16,13,-16,14,-16,15,-16,17,-16,17,-15,18,-15,18,-15,19,-16,19,-16,19,-16,19,-16,19,-15,19,-16,18,-16,18,-17,18,-17,18,-18,18,-18,18,-19,17,-19,17,-21,18,-22,18,-22,12,-12,39,-37,38,-37,37,-36,36,-36,35,-35,34,-36,32,-36,31,-37,29,-37,27,-38,25,-39,24,-40,25,-41,25,-41,25,-40,26,-40,26,-40,26,-39,27,-38,27,-36,27,-34,27,-31,27,-30,27,-29,27,-26,27,-25,33,-18,33,-16,6,-3,1,-1,-1,0,-1,0,-1,0,0,-2,3,-5,20,-27,22,-26,22,-28,25,-27,27,-27,29,-26,31,-26,34,-25,36,-25,37,-24,38,-24,38,-24,39,-24,39,-24,40,-24,40,-24,40,-24,40,-24,40,-25,39,-26,39,-27,39,-28,38,-29,38,-30,37,-32,37,-34,38,-35,38,-36]"
CSI_DATA,380,5c:01:3b:6b:b0:95,-43,11,1,6,0,1,1,1,0,0,0,-97,1,11,0,28816444,0,86,1,256,1,"[86,-32,4,0,-2,-13,-2,-13,-2,-13,-2,-12,-2,-12,-3,-12,-3,-12,-4,-11,-4,-11,-4,-11,-4,-11,-4,-11,-4,-11,-4,-11,-5,-11,-5,-11,-4,-11,-4,-11,-4,-10,-4,-10,-3,-10,-2,-10,-2,-10,-2,-9,-1,-9,-1,-3,0,0,0,0,0,0,0,0,0,0,0,0,0,0,0,0,0,0,-1,-2,-1,-9,-1,-9,0,-9,0,-10,0,-10,0,-10,0,-10,1,-11,1,-11,2,-11,2,-11,2,-11,2,-11,2,-11,2,-11,1,-11,1,-11,1,-11,0,-12,0,-12,0,-12,0,-12,0,-12,0,-12,0,-13,-1,-13,-1,-15,-2,-47,-2,-47,-2,-46,-2,-46,-3,-45,-4,-44,-6,-43,-7,-42,-9,-42,-10,-41,-11,-42,-12,-42,-12,-42,-13,-42,-13,-41,-13,-41,-12,-41,-11,-40,-10,-40,-9,-39,-7,-39,-6,-38,-5,-37,-4,-36,-3,-35,-1,-34,6,-32,7,-30,1,-6,0,-2,-1,0,0,0,0,0,-1,-2,-2,-6,-7,-29,-5,-29,-3,-31,-1,-32,1,-33,2,-34,3,-35,4,-36,5,-37,7,-38,8,-40,9,-41,10,-41,10,-42,11,-41,10,-41,9,-41,9,-41,8,-40,7,-41,6,-42,4,-42,4,-42,3,-43,2,-44,1,-46,0,-47,0,-48]"
CSI_DATA,381,5c:01:3b:6b:b0:95,-48,11,1,5,0,1,1,1,0,0,0,-97,1,11,0,28868594,0,86,1,256,1,"[86,-32,4,0,11,22,11,22,11,21,11,20,11,20,12,19,12,19,12,18,13,18,14,17,14,17,14,17,14,17,14,18,15,18,14,18,14,19,13,19,12,19,11,18,10,18,9,18,8,18,7,18,6,18,1,4,0,0,0,0,0,0,0,0,0,0,0,0,0,0,0,0,0,0,2,3,8,12,7,13,7,14,7,15,6,15,6,16,6,17,5,18,5,18,5,19,6,19,5,20,5,20,5,19,5,19,6,20,6,20,7,19,7,19,7,20,8,20,9,20,9,20,10,21,11,21,12,22,6,13,20,44,19,44,19,43,19,42,20,41,20,40,20,40,21,39,22,37,24,36,25,36,26,35,26,35,27,36,27,36,26,36,25,37,25,37,23,37,21,37,19,37,17,36,16,36,14,35,12,35,10,35,5,36,3,36,0,6,-1,1,-1,-1,-1,-1,-1,-1,1,1,2,4,16,23,14,24,14,25,13,27,12,28,11,30,11,32,10,33,9,35,8,36,8,36,7,37,8,38,8,39,8,39,8,39,8,39,9,39,9,39,10,39,11,39,12,39,13,40,15,41,16,41,18,41,19,42,19,42]"
CSI_DATA,382,5c:01:3b:6b:b0:95,-42,11,1,5,0,1,1,1,0,0,0,-97,1,11,0,28918447,0,86,1,256,1,"[86,-32,4,0,-25,7,-25,7,-24,8,-23,8,-23,8,-22,8,-22,9,-21,9,-20,10,-20,11,-20,11,-20,12,-20,12,-20,12,-20,12,-21,12,-20,11,-20,10,-20,9,-20,8,-20,7,-19,7,-19,6,-19,5,-18,5,-5,1,0,0,0,0,0,0,0,0,0,0,0,0,0,0,0,0,0,0,-4,1,-16,5,-17,4,-17,4,-18,3,-19,3,-19,2,-20,2,-20,1,-21,1,-21,0,-22,0,-22,0,-22,1,-22,1,-22,1,-22,1,-22,2,-22,2,-22,3,-22,3,-23,4,-23,4,-23,5,-23,6,-24,7,-25,7,-15,1,-48,7,-48,7,-47,7,-46,7,-45,8,-44,8,-43,9,-43,10,-41,12,-41,13,-41,15,-41,16,-41,17,-42,17,-42,17,-41,17,-41,16,-41,15,-41,14,-40,11,-40,10,-39,8,-38,7,-37,6,-36,5,-35,3,-35,-5,-34,-7,-6,-2,-2,-1,0,-1,0,-1,0,-1,-2,0,-5,1,-29,8,-30,6,-31,6,-32,4,-34,2,-35,1,-36,0,-37,-2,-38,-3,-39,-4,-39,-4,-39,-4,-40,-4,-41,-4,-42,-4,-42,-4,-42,-4,-42,-3,-42,-3,-42,-2,-42,-1,-42,0,-43,1,-44,2,-44,4,-45,6,-47,7,-47,7]"
CSI_DATA,383,5c:01:3b:6b:b0:95,-38,11,1,6,0,1,1,1,0,0,0,-97,1,11,0,28966862,0,86,1,256,1,"[86,-32,4,0,-14,19,-13,19,-12,19,-11,19,-11,19,-11,19,-10,19,-9,18,-9,18,-8,19,-8,19,-8,19,-8,19,-8,19,-8,19,-8,19,-9,19,-9,18,-9,17,-10,16,-10,16,-10,15,-11,14,-11,13,-11,13,-3,3,0,0,0,0,0,0,0,0,0,0,0,0,0,0,0,0,0,0,-2,3,-7,13,-8,13,-9,14,-10,14,-10,14,-11,14,-12,14,-13,14,-13,14,-14,14,-14,14,-15,14,-15,14,-15,14,-14,14,-14,14,-14,14,-14,14,-14,15,-13,16,-13,16,-13,17,-12,17,-13,18,-13,19,-13,20,-9,10,-28,35,-28,35,-27,34,-27,33,-25,32,-25,32,-23,33,-22,33,-21,33,-19,34,-18,35,-17,35,-18,36,-18,36,-18,36,-18,35,-19,35,-19,34,-20,33,-21,31,-21,30,-21,28,-21,26,-22,25,-22,24,-23,22,-26,19,-27,16,-5,2,-2,0,0,-1,0,-1,0,-1,-1,1,-3,4,-14,25,-16,24,-16,25,-18,24,-20,24,-22,24,-23,24,-24,23,-26,23,-27,23,-29,23,-29,23,-30,24,-30,24,-30,24,-30,24,-31,24,-31,24,-30,25,-29,25,-29,26,-28,27,-28,28,-27,30,-27,31,-27,32,-27,34,-27,34]"
CSI_DATA,384,5c:01:3b:6b:b0:95,-38,11,1,6,0,1,1,1,0,0,0,-97,1,11,0,29017078,0,86,1,256,1,"[86,-32,4,0,-9,10,-9,10,-8,10,-8,10,-8,10,-7,10,-7,10,-6,10,-6,10,-6,10,-6,10,-6,11,-6,11,-5,11,-5,11,-6,11,-6,10,-6,10,-6,9,-6,9,-7,8,-7,8,-7,8,-7,7,-7,7,-2,1,0,0,0,0,0,0,0,0,0,0,0,0,0,0,0,0,0,0,-2,1,-5,7,-6,7,-6,7,-7,7,-7,7,-8,7,-8,7,-8,7,-9,7,-9,7,-9,7,-10,7,-10,7,-9,7,-9,7,-9,7,-9,7,-9,7,-9,8,-9,8,-9,8,-8,9,-8,9,-8,10,-9,10,-9,10,-12,10,-38,34,-38,33,-38,33,-37,32,-35,32,-33,32,-32,33,-32,33,-30,34,-28,35,-27,35,-27,36,-27,37,-27,38,-27,37,-26,37,-27,36,-28,35,-29,34,-29,32,-30,30,-29,28,-29,27,-29,26,-29,24,-30,21,-35,14,-35,12,-7,1,-2,0,0,-1,0,-1,0,-1,-2,1,-4,4,-23,24,-24,23,-23,24,-26,23,-28,22,-30,21,-32,21,-34,20,-35,21,-36,20,-37,20,-37,21,-38,21,-39,21,-39,21,-39,20,-39,20,-40,21,-39,21,-38,22,-38,23,-37,24,-37,26,-37,28,-36,29,-37,31,-37,33,-37,34]"
CSI_DATA,385,5c:01:3b:6b:b0:95,-42,11,1,5,0,1,1,1,0,0,0,-97,1,11,0,29069453,0,86,1,256,1,"[86,-32,4,0,24,10,24,10,23,9,23,8,23,8,23,7,23,6,23,6,23,5,23,4,23,3,23,3,24,3,24,3,24,4,24,4,24,5,23,5,22,6,22,6,21,7,20,7,19,7,18,8,17,8,4,2,0,0,0,0,0,0,0,0,0,0,0,0,0,0,0,0,0,0,4,1,16,5,16,6,16,7,17,8,17,9,17,10,17,11,17,12,17,12,18,13,18,13,18,13,18,13,18,13,18,13,18,13,19,13,19,12,19,12,20,11,21,11,21,11,22,10,22,10,24,10,25,10,11,9,40,29,40,29,39,28,39,27,38,26,38,25,38,23,39,22,38,20,39,18,40,17,41,16,42,16,42,17,42,17,41,17,41,18,40,18,39,19,38,19,36,20,34,21,33,21,31,21,29,22,27,23,18,32,16,33,2,6,0,1,-1,-1,-1,-1,-1,-1,1,0,4,2,26,16,25,18,28,16,27,18,26,21,26,23,26,24,27,26,27,28,27,29,27,30,27,30,27,31,28,31,28,32,28,33,27,32,28,32,28,31,29,30,30,30,31,29,32,29,34,29,35,28,37,28,39,28,40,28]"
CSI_DATA,386,5c:01:3b:6b:b0:95,-43,11,1,5,0,1,1,1,0,0,0,-97,1,11,0,29116478,0,86,1,256,1,"[86,-32,4,0,-8,-28,-8,-28,-8,-27,-8,-26,-8,-26,-9,-25,-9,-25,-10,-24,-11,-24,-12,-24,-12,-23,-12,-23,-12,-23,-13,-24,-13,-24,-12,-24,-11,-24,-11,-24,-10,-24,-9,-24,-7,-23,-6,-22,-6,-22,-5,-22,-4,-22,-1,-6,0,0,0,0,0,0,0,0,0,0,0,0,0,0,0,0,0,0,-2,-5,-7,-17,-6,-18,-6,-19,-5,-20,-4,-21,-4,-21,-3,-22,-3,-23,-2,-23,-2,-24,-2,-24,-1,-25,-1,-25,-1,-25,-2,-25,-2,-25,-3,-25,-3,-24,-4,-25,-4,-25,-5,-25,-5,-26,-6,-26,-6,-26,-7,-27,-8,-28,-3,-17,-10,-54,-10,-54,-10,-53,-10,-52,-10,-50,-11,-50,-12,-49,-13,-48,-14,-47,-16,-46,-18,-46,-20,-46,-20,-46,-20,-47,-20,-47,-19,-47,-18,-47,-17,-47,-16,-47,-13,-46,-11,-46,-10,-44,-9,-43,-8,-42,-6,-41,-4,-40,4,-40,6,-39,1,-7,0,-3,-1,0,0,0,0,0,-1,-2,-3,-6,-12,-32,-10,-33,-10,-34,-8,-35,-6,-37,-5,-38,-4,-40,-2,-41,-1,-42,0,-43,1,-44,1,-44,1,-45,1,-46,2,-46,2,-47,2,-47,1,-47,0,-47,-1,-46,-2,-47,-3,-47,-4,-48,-6,-49,-7,-49,-9,-50,-10,-52,-10,-53]"
CSI_DATA,387,5c:01:3b:6b:b0:95,-44,11,1,5,0,1,1,1,0,0,0,-97,1,11,0,29167118,0,86,1,256,1,"[86,-32,4,0,-27,4,-27,4,-26,4,-25,5,-25,5,-25,5,-24,6,-23,6,-23,7,-23,8,-23,8,-23,8,-23,8,-23,8,-23,8,-24,8,-24,7,-23,6,-23,5,-22,5,-22,4,-21,3,-21,2,-20,2,-20,1,-5,0,0,0,0,0,0,0,0,0,0,0,0,0,0,0,0,0,0,0,-5,1,-17,4,-18,3,-19,3,-19,2,-20,1,-21,1,-21,0,-22,0,-22,-1,-22,-1,-23,-1,-24,-2,-23,-2,-23,-2,-23,-2,-23,-1,-23,-1,-23,0,-23,0,-24,1,-24,2,-24,2,-24,3,-25,4,-26,4,-27,4,-16,1,-52,4,-51,4,-50,4,-50,5,-49,5,-48,6,-47,7,-46,8,-45,9,-44,11,-45,12,-44,13,-45,14,-45,14,-45,14,-45,13,-45,13,-44,12,-44,11,-43,9,-43,7,-41,5,-40,4,-40,3,-38,1,-38,-1,-37,-7,-36,-9,-7,-2,-2,-1,0,-1,0,-1,0,-1,-2,0,-6,1,-31,9,-32,8,-33,6,-34,4,-36,2,-37,1,-38,0,-39,-1,-41,-2,-41,-3,-42,-4,-42,-5,-43,-5,-44,-5,-44,-6,-44,-6,-44,-6,-44,-5,-44,-4,-44,-3,-45,-2,-45,-1,-46,0,-47,1,-47,2,-48,4,-50,5,-50,5]"
CSI_DATA,388,5c:01:3b:6b:b0:95,-41,11,1,5,0,1,1,1,0,0,0,-97,1,11,0,29216417,0,86,1,256,1,"[86,-32,4,0,-8,-12,-8,-12,-9,-11,-8,-11,-8,-11,-9,-10,-9,-10,-9,-10,-9,-9,-10,-9,-10,-9,-10,-9,-10,-9,-10,-9,-10,-9,-10,-9,-10,-9,-9,-9,-9,-9,-8,-9,-8,-9,-7,-9,-7,-9,-7,-9,-6,-9,-2,-3,0,0,0,0,0,0,0,0,0,0,0,0,0,0,0,0,0,0,-2,-2,-6,-8,-6,-8,-6,-9,-6,-10,-5,-10,-5,-10,-5,-11,-5,-11,-5,-11,-5,-11,-5,-12,-5,-12,-4,-12,-4,-12,-4,-12,-5,-12,-5,-12,-6,-11,-6,-11,-6,-11,-7,-11,-7,-11,-7,-11,-8,-12,-8,-12,-8,-12,-10,-15,-30,-45,-30,-46,-29,-45,-29,-44,-29,-42,-29,-41,-30,-40,-31,-39,-32,-37,-33,-36,-35,-35,-36,-34,-36,-34,-36,-34,-36,-34,-35,-34,-34,-34,-33,-34,-33,-35,-31,-35,-29,-36,-27,-35,-26,-34,-25,-34,-22,-34,-20,-34,-15,-35,-12,-35,-2,-7,-1,-2,0,0,0,0,0,0,-2,-2,-5,-5,-24,-25,-22,-27,-21,-30,-20,-32,-18,-34,-17,-36,-16,-37,-16,-39,-15,-40,-14,-41,-14,-42,-14,-42,-14,-43,-15,-44,-15,-45,-15,-45,-15,-45,-15,-45,-16,-44,-17,-43,-18,-43,-20,-43,-22,-43,-24,-43,-25,-43,-27,-43,-28,-45,-29,-46]"
CSI_DATA,389,5c:01:3b:6b:b0:95,-44,11,1,5,0,1,1,1,0,0,0,-97,1,11,0,29266490,0,86,1,256,1,"[86,-32,4,0,23,5,23,5,23,4,22,3,22,3,22,2,21,1,21,1,21,0,21,0,21,-1,21,-1,22,-1,22,-1,22,-1,22,-1,22,0,21,0,20,1,20,1,19,2,18,2,18,3,17,4,17,4,4,1,0,0,0,0,0,0,0,0,0,0,0,0,0,0,0,0,0,0,4,0,16,2,16,3,17,4,17,5,17,5,18,6,18,7,18,7,18,8,18,8,19,9,19,9,19,9,19,9,19,9,19,9,19,8,19,8,20,7,20,6,21,6,21,5,21,5,22,5,23,5,24,5,13,5,43,15,42,15,42,15,41,14,41,13,41,12,40,11,40,9,39,8,40,6,40,5,40,4,41,4,41,4,41,4,41,5,40,5,40,6,39,6,38,7,37,8,35,9,33,10,32,11,31,12,29,13,25,21,23,22,3,4,0,1,-1,-1,-1,-1,-1,-1,1,0,5,0,29,6,29,8,30,7,30,10,31,12,31,14,31,15,32,17,32,18,32,19,32,20,32,20,33,21,33,21,33,22,34,22,33,22,34,21,34,21,34,20,35,19,36,18,37,17,38,16,39,15,40,15,42,15,43,15]"
CSI_DATA,390,5c:01:3b:6b:b0:95,-40,11,1,5,0,1,1,1,0,0,0,-97,1,11,0,29321367,0,86,1,256,1,"[86,-32,4,0,-13,5,-13,5,-12,5,-12,6,-12,6,-12,6,-11,6,-11,6,-11,6,-11,7,-10,7,-10,7,-11,7,-10,7,-11,7,-11,7,-11,7,-11,6,-10,6,-10,5,-10,4,-10,4,-10,4,-10,3,-10,3,-3,0,0,0,0,0,0,0,0,0,0,0,0,0,0,0,0,0,0,0,-3,1,-9,4,-9,4,-10,4,-10,3,-11,3,-11,3,-11,3,-12,2,-12,2,-12,2,-13,2,-13,2,-13,2,-13,2,-13,2,-13,2,-12,2,-12,3,-12,3,-12,4,-12,4,-12,4,-12,4,-13,5,-13,5,-13,5,-17,2,-52,11,-51,11,-51,11,-50,11,-48,12,-48,13,-47,13,-46,15,-44,15,-44,16,-44,18,-43,19,-43,20,-44,20,-44,20,-43,19,-43,18,-43,17,-43,16,-42,14,-42,11,-40,10,-40,8,-39,7,-38,5,-37,3,-37,-8,-36,-11,-7,-3,-2,-1,0,-1,0,-1,0,-1,-2,0,-6,1,-33,10,-34,8,-34,11,-36,9,-38,7,-39,5,-41,5,-42,4,-43,3,-44,2,-45,1,-45,1,-46,1,-47,1,-47,1,-47,0,-47,0,-47,0,-47,1,-46,2,-46,2,-46,4,-46,5,-48,6,-48,8,-49,10,-50,11,-51,11]"
CSI_DATA,391,5c:01:3b:6b:b0:95,-40,11,1,6,0,1,1,1,0,0,0,-97,1,11,0,29366486,0,86,1,256,1,"[86,-32,4,0,2,12,2,12,2,11,2,11,2,11,2,11,2,10,3,10,3,10,4,10,4,10,4,10,3,10,4,10,3,10,3,10,3,10,3,10,2,10,2,10,1,9,1,9,1,9,0,9,0,9,0,2,0,0,0,0,0,0,0,0,0,0,0,0,0,0,0,0,0,0,0,2,2,8,2,8,2,8,1,9,1,9,1,9,1,10,0,10,0,10,0,11,0,11,0,11,0,10,0,10,-1,10,-1,11,0,11,0,10,0,10,1,11,1,11,1,11,1,11,2,11,2,12,3,12,1,14,6,47,6,46,6,46,6,45,7,44,8,43,9,42,10,41,11,40,13,40,14,39,15,39,15,39,14,39,14,39,14,40,13,40,12,40,10,40,9,39,7,38,5,36,4,35,3,35,1,34,-1,34,-3,33,-4,33,-1,5,-1,1,-1,-1,-1,-1,-1,-1,0,1,2,4,13,29,11,30,9,31,7,32,6,33,4,35,3,36,2,37,1,38,-1,39,-2,40,-2,41,-2,41,-2,41,-2,41,-3,41,-3,41,-3,42,-2,41,-1,41,0,42,1,42,2,43,4,43,5,43,6,44,7,45,7,46]"
CSI_DATA,392,5c:01:3b:6b:b0:95,-43,11,1,6,0,1,1,1,0,0,0,-97,1,11,0,29416590,0,86,1,256,1,"[86,-32,4,0,9,-23,9,-23,8,-22,8,-22,8,-22,7,-22,6,-22,5,-22,4,-21,4,-22,4,-22,3,-22,3,-22,3,-22,3,-22,4,-22,4,-22,4,-21,5,-20,5,-20,6,-19,6,-18,6,-17,7,-17,7,-16,1,-4,0,0,0,0,0,0,0,0,0,0,0,0,0,0,0,0,0,0,1,-4,6,-16,6,-17,7,-17,8,-18,9,-18,10,-18,11,-18,11,-18,12,-17,12,-17,13,-18,13,-18,13,-18,13,-18,13,-18,12,-18,12,-18,11,-18,11,-19,11,-20,11,-20,10,-20,10,-20,10,-21,10,-23,10,-23,5,-14,18,-44,19,-44,18,-43,17,-42,17,-42,16,-42,15,-41,13,-41,11,-41,10,-41,8,-42,7,-42,7,-42,7,-42,7,-42,8,-42,8,-42,9,-41,10,-41,11,-39,11,-37,12,-35,12,-34,13,-33,14,-31,15,-30,18,-28,19,-26,3,-5,1,-2,-1,0,-1,0,-1,0,0,-2,1,-6,6,-32,8,-32,11,-32,13,-32,16,-32,18,-32,19,-33,21,-33,23,-33,24,-33,25,-32,25,-32,25,-33,26,-34,26,-33,26,-33,26,-33,25,-34,25,-34,24,-35,23,-36,23,-37,22,-37,21,-38,20,-39,19,-41,19,-42,19,-43]"
CSI_DATA,393,5c:01:3b:6b:b0:95,-43,11,1,6,0,1,1,1,0,0,0,-97,1,11,0,29466506,0,86,1,256,1,"[86,-32,4,0,20,17,20,16,19,15,19,14,19,14,19,13,19,13,19,12,20,11,20,10,20,9,20,9,21,10,21,10,21,10,20,10,20,11,19,11,18,11,17,12,16,12,15,11,15,12,14,12,13,12,3,3,0,0,0,0,0,0,0,0,0,0,0,0,0,0,0,0,0,0,4,2,16,10,15,11,15,12,15,13,15,14,15,15,15,16,15,17,14,18,14,18,15,18,15,19,14,19,14,18,14,18,14,18,15,18,15,17,15,17,16,17,17,17,17,16,18,16,19,16,20,16,21,16,9,12,32,38,31,37,30,37,30,36,30,35,30,34,30,32,31,31,31,29,32,27,33,26,34,26,35,26,35,26,34,26,34,27,33,27,32,27,31,27,29,28,27,28,25,27,24,27,23,27,21,27,18,28,10,32,8,32,1,5,0,1,-1,-1,-1,-1,-1,-1,1,1,4,4,25,24,23,26,25,25,24,27,23,29,22,31,21,33,21,35,20,36,19,37,19,38,19,39,20,39,20,39,20,40,19,40,19,40,19,40,20,39,20,38,22,38,23,38,24,38,26,37,28,37,29,37,31,37,32,37]"
CSI_DATA,394,5c:01:3b:6b:b0:95,-43,11,1,6,0,1,1,1,0,0,0,-97,1,11,0,29516546,0,86,1,256,1,"[86,-32,4,0,24,5,23,5,23,4,22,3,22,3,22,2,21,2,21,1,21,0,21,-1,21,-1,21,-1,21,-1,21,-1,21,-1,22,-1,21,0,20,0,20,1,19,2,18,2,18,2,17,3,16,3,16,4,4,1,0,0,0,0,0,0,0,0,0,0,0,0,0,0,0,0,0,0,4,0,18,2,18,3,19,4,19,4,19,5,19,6,19,7,20,8,20,8,20,9,20,9,20,9,20,9,20,9,20,9,20,9,20,8,20,8,20,7,21,7,21,6,22,6,22,5,23,5,24,5,24,5,13,5,43,16,43,16,42,15,41,15,41,14,40,13,40,12,39,11,39,9,40,6,40,5,40,4,40,4,40,4,40,4,40,5,40,5,39,6,38,7,37,8,35,9,33,9,32,10,31,11,29,11,28,13,24,19,22,20,3,3,0,1,-1,-1,-2,-1,-1,-1,1,0,6,1,33,7,32,9,33,8,33,11,33,13,33,15,34,17,34,19,34,20,34,22,34,23,34,23,35,23,35,23,35,23,35,23,35,23,35,23,34,22,35,22,35,21,36,20,37,20,39,18,40,17,41,16,42,15,43,15]"
CSI_DATA,395,5c:01:3b:6b:b0:95,-42,11,1,6,0,1,1,1,0,0,0,-97,1,11,0,29566496,0,86,1,256,1,"[86,-32,4,0,-14,-1,-14,-1,-13,-1,-12,-1,-12,0,-12,0,-12,0,-11,1,-11,1,-11,1,-11,2,-11,2,-11,2,-11,2,-11,2,-11,2,-11,1,-11,1,-10,0,-10,0,-10,0,-10,0,-9,-1,-9,-1,-9,-1,-3,-1,0,0,0,0,0,0,0,0,0,0,0,0,0,0,0,0,0,0,-3,0,-11,0,-11,0,-12,-1,-12,-1,-12,-2,-12,-2,-13,-3,-13,-3,-12,-4,-13,-4,-13,-4,-13,-4,-13,-4,-13,-4,-12,-4,-12,-4,-12,-3,-12,-3,-12,-3,-13,-2,-13,-2,-13,-2,-13,-1,-13,-1,-14,-1,-14,-1,-16,-3,-51,-6,-50,-6,-49,-6,-48,-6,-46,-5,-46,-4,-45,-3,-44,-1,-43,0,-43,2,-42,4,-43,5,-43,5,-43,5,-43,5,-42,5,-42,5,-41,3,-40,2,-39,0,-38,-1,-36,-2,-35,-3,-34,-4,-33,-6,-32,-7,-30,-10,-30,-12,-6,-3,-2,-1,0,0,1,-1,0,0,-3,0,-7,1,-38,4,-39,1,-41,-1,-42,-4,-43,-6,-43,-9,-44,-10,-44,-12,-45,-15,-45,-16,-45,-17,-46,-17,-46,-18,-47,-18,-46,-17,-45,-17,-45,-18,-45,-17,-45,-16,-45,-15,-45,-14,-46,-13,-47,-11,-47,-9,-47,-7,-49,-6,-50,-6,-50,-6]"
CSI_DATA,396,5c:01:3b:6b:b0:95,-46,11,1,6,0,1,1,1,0,0,0,-97,1,11,0,29618358,0,86,1,256,1,"[86,-32,4,0,18,16,18,15,18,14,17,13,18,12,18,12,18,11,18,10,18,10,18,10,18,9,18,9,18,9,18,9,18,9,18,10,18,10,17,10,16,10,15,10,14,10,13,10,12,11,11,11,11,11,2,2,0,0,0,0,0,0,0,0,0,0,0,0,0,0,0,0,0,0,3,2,15,10,15,11,15,12,15,13,15,14,15,15,15,15,14,16,14,17,13,17,13,18,13,18,13,18,13,18,13,18,13,17,14,17,14,16,14,16,15,16,16,15,16,15,16,15,17,16,18,16,18,16,9,10,30,34,29,34,28,33,28,32,28,31,29,29,30,28,30,26,30,25,30,24,31,24,31,23,32,23,32,23,32,23,31,23,31,23,30,23,29,23,27,23,26,23,24,23,22,23,21,24,18,24,17,24,11,28,9,28,1,5,0,1,-1,-1,-1,-1,-1,-1,1,1,4,4,25,24,23,26,25,24,24,26,23,28,22,29,22,31,21,33,21,34,21,35,20,37,19,37,19,38,19,38,18,38,18,38,18,38,19,37,19,36,20,35,21,35,23,35,24,34,26,34,26,34,27,34,28,35,29,35]"
CSI_DATA,397,5c:01:3b:6b:b0:95,-47,11,1,6,0,1,1,1,0,0,0,-97,1,11,0,29666395,0,86,1,256,1,"[86,-32,4,0,10,-22,10,-22,9,-21,9,-21,8,-21,8,-21,7,-21,6,-20,5,-20,5,-21,5,-21,5,-21,4,-21,4,-21,5,-21,5,-21,5,-21,6,-20,6,-19,6,-18,7,-17,8,-16,8,-16,8,-15,8,-15,2,-4,0,0,0,0,0,0,0,0,0,0,0,0,0,0,0,0,0,0,1,-5,5,-17,6,-17,7,-18,8,-18,9,-18,10,-18,10,-18,11,-18,12,-18,13,-17,13,-18,14,-18,14,-17,13,-17,13,-17,13,-18,12,-18,12,-18,12,-19,11,-19,11,-20,11,-20,10,-20,10,-21,11,-22,10,-22,7,-13,23,-40,23,-39,23,-39,22,-38,21,-38,20,-38,19,-38,17,-37,16,-38,14,-38,13,-39,12,-39,12,-39,13,-39,13,-39,13,-39,14,-38,14,-37,15,-37,16,-35,16,-33,16,-32,17,-30,17,-29,18,-27,19,-26,23,-22,23,-20,4,-4,1,-1,-1,0,-1,0,-1,0,0,-2,2,-6,12,-31,14,-30,14,-31,16,-31,18,-31,20,-31,22,-31,24,-31,25,-31,26,-30,28,-30,28,-30,28,-30,29,-30,29,-30,29,-30,29,-30,29,-31,28,-31,27,-31,26,-32,26,-33,25,-34,24,-35,23,-36,23,-37,24,-39,24,-39]"
CSI_DATA,398,5c:01:3b:6b:b0:95,-47,11,1,6,0,1,1,1,0,0,0,-97,1,11,0,29717146,0,86,1,256,1,"[86,-32,4,0,-12,23,-12,22,-11,22,-10,22,-10,22,-9,21,-8,21,-7,21,-7,21,-6,21,-6,21,-6,21,-6,22,-6,22,-6,22,-6,22,-7,21,-7,20,-7,20,-8,19,-9,18,-9,17,-9,16,-10,16,-10,15,-3,3,0,0,0,0,0,0,0,0,0,0,0,0,0,0,0,0,0,0,-2,4,-7,17,-8,17,-9,18,-10,18,-11,18,-12,18,-12,18,-13,18,-14,18,-14,18,-15,18,-15,18,-15,18,-15,18,-15,18,-15,18,-14,18,-13,18,-13,19,-13,19,-13,20,-12,20,-12,21,-12,22,-12,23,-12,23,-9,12,-27,42,-27,41,-27,40,-25,39,-24,39,-23,39,-22,38,-20,38,-19,38,-17,38,-16,39,-15,40,-15,41,-16,41,-15,40,-16,40,-16,39,-17,38,-18,37,-19,36,-19,34,-19,32,-20,31,-20,30,-21,28,-22,26,-26,22,-26,20,-5,3,-2,0,0,-1,0,-2,0,-1,-1,1,-3,5,-15,32,-17,31,-17,31,-19,31,-22,31,-24,30,-25,31,-27,31,-29,31,-30,30,-31,30,-32,30,-32,30,-32,31,-32,30,-33,30,-33,30,-32,31,-31,31,-30,31,-30,32,-29,33,-28,34,-28,36,-27,37,-27,39,-27,40,-27,41]"
CSI_DATA,399,5c:01:3b:6b:b0:95,-44,11,1,6,0,1,1,1,0,0,0,-97,1,11,0,29766465,0,86,1,256,1,"[86,-32,4,0,4,11,4,11,4,10,4,10,4,10,4,10,4,9,5,9,5,9,5,9,5,9,5,8,6,8,6,8,6,9,6,9,6,9,5,9,4,8,4,8,3,8,3,8,3,8,2,8,2,8,0,2,0,0,0,0,0,0,0,0,0,0,0,0,0,0,0,0,0,0,1,2,4,8,4,8,3,9,3,9,3,9,2,10,2,10,2,11,2,10,2,11,2,11,1,11,1,11,1,11,1,10,2,11,2,10,2,10,2,10,3,10,3,10,3,11,3,10,4,11,5,11,5,12,2,14,12,46,11,45,11,44,11,43,11,41,12,40,12,39,12,38,14,38,16,37,17,37,18,36,19,36,18,36,18,36,17,36,16,37,15,36,13,37,11,36,9,35,8,34,8,33,7,33,6,32,4,31,-2,30,-4,28,-1,4,-1,1,-1,-1,-1,-2,-1,-1,1,1,3,5,15,31,13,31,13,32,11,33,9,35,8,36,6,38,4,39,2,40,1,41,1,41,2,42,2,42,2,42,2,42,1,42,1,42,1,42,1,42,2,42,3,42,4,42,5,42,7,43,9,42,11,43,12,44,13,44]"
CSI_DATA,400,5c:01:3b:6b:b0:95,-49,11,1,6,0,1,1,1,0,0,0,-97,1,11,0,29816421,0,86,1,256,1,"[86,-32,4,0,-17,19,-17,19,-15,18,-15,18,-15,18,-14,18,-13,18,-12,18,-12,18,-11,18,-11,19,-11,19,-11,19,-11,19,-11,19,-11,19,-11,18,-12,18,-12,17,-12,16,-13,15,-13,14,-13,13,-13,12,-13,11,-4,2,0,0,0,0,0,0,0,0,0,0,0,0,0,0,0,0,0,0,-3,3,-11,15,-12,15,-13,15,-14,15,-15,15,-16,14,-17,14,-17,14,-18,13,-19,13,-19,13,-19,13,-19,13,-19,13,-19,13,-18,14,-18,14,-17,14,-17,15,-17,15,-17,16,-17,16,-17,16,-17,17,-17,18,-17,19,-9,12,-28,39,-28,38,-27,37,-26,37,-25,36,-24,36,-23,36,-22,36,-21,36,-19,36,-18,37,-18,37,-17,38,-17,38,-17,38,-17,38,-17,38,-18,37,-19,36,-20,34,-21,32,-21,30,-21,28,-21,27,-22,25,-22,24,-21,24,-22,22,-4,3,-2,0,0,-1,0,-2,0,-1,-1,1,-2,5,-11,33,-12,32,-18,30,-20,30,-22,30,-24,29,-26,29,-28,29,-30,29,-31,28,-32,27,-33,27,-34,27,-34,27,-34,26,-34,27,-33,27,-33,28,-32,29,-31,29,-31,30,-30,31,-30,32,-29,33,-29,34,-29,35,-29,36,-29,36]"
CSI_DATA,401,5c:01:3b:6b:b0:95,-50,11,1,6,0,1,1,1,0,0,0,-97,1,11,0,29866448,0,86,1,256,1,"[86,-32,4,0,-26,-3,-26,-3,-25,-2,-24,-1,-24,-1,-24,0,-23,0,-22,1,-22,1,-23,2,-22,2,-22,3,-22,3,-22,2,-22,2,-22,2,-22,2,-21,1,-21,0,-20,0,-19,-1,-19,-1,-18,-2,-17,-3,-17,-3,-5,-1,0,0,0,0,0,0,0,0,0,0,0,0,0,0,0,0,0,0,-6,0,-21,0,-21,-1,-22,-3,-22,-4,-23,-4,-23,-5,-23,-6,-23,-6,-23,-7,-23,-8,-24,-9,-24,-9,-23,-9,-23,-8,-23,-8,-23,-8,-23,-7,-23,-7,-23,-6,-23,-5,-24,-4,-24,-4,-24,-4,-25,-4,-26,-3,-26,-3,-15,-4,-48,-9,-48,-10,-47,-10,-46,-9,-45,-8,-44,-7,-43,-6,-43,-5,-42,-3,-42,-2,-43,-1,-42,0,-43,1,-42,1,-42,1,-41,1,-41,0,-41,-1,-40,-2,-39,-3,-37,-5,-36,-5,-35,-6,-34,-7,-32,-8,-31,-10,-28,-15,-26,-16,-5,-3,-2,-2,0,0,1,-1,0,0,-3,0,-7,-1,-39,-2,-39,-5,-39,-5,-39,-8,-40,-11,-40,-13,-41,-14,-41,-16,-41,-17,-41,-18,-41,-19,-41,-20,-42,-21,-42,-21,-41,-21,-41,-21,-41,-21,-41,-20,-41,-19,-41,-18,-42,-17,-42,-15,-43,-14,-44,-13,-45,-12,-46,-11,-48,-11,-48,-11]"
