type,id,mac,rssi,rate,sig_mode,mcs,bandwidth,smoothing,not_sounding,aggregation,stbc,fec_coding,sgi,noise_floor,ampdu_cnt,channel,secondary_channel,local_timestamp,ant,sig_len,rx_format,len,first_word,data
CSI_DATA,0,5c:01:3b:6b:b0:95,-39,11,0,0,0,0,0,0,0,0,0,-96,0,11,0,25537820,0,37,0,128,1,"[37,80,2,0,-14,-21,-14,-20,-14,-18,-14,-17,-14,-17,-13,-16,-14,-15,-14,-14,-14,-13,-15,-13,-16,-13,-17,-13,-17,-13,-16,-14,-16,-15,-16,-14,-15,-14,-14,-14,-13,-14,-13,-14,-12,-13,-11,-12,-11,-12,-11,-13,-10,-13,-3,-4,0,0,0,0,0,0,0,0,0,0,0,0,0,0,0,0,0,0,-3,-4,-11,-16,-11,-17,-11,-18,-11,-19,-10,-19,-9,-20,-8,-20,-7,-20,-7,-21,-8,-21,-9,-22,-9,-23,-8,-22,-8,-22,-8,-22,-8,-22,-8,-22,-9,-20,-9,-20,-9,-20,-10,-19,-10,-19,-11,-18,-13,-19,-14,-21,-14,-21]"
CSI_DATA,1,5c:01:3b:6b:b0:95,-43,11,0,0,0,0,0,0,0,0,0,-96,0,11,0,25539913,0,37,0,128,1,"[37,80,2,0,17,-20,17,-20,15,-20,14,-20,13,-19,13,-19,11,-19,10,-19,10,-19,10,-20,9,-20,8,-20,9,-20,9,-21,10,-21,9,-21,9,-20,9,-19,9,-18,9,-17,10,-16,10,-15,10,-15,9,-15,10,-15,2,-4,0,0,0,0,0,0,0,0,0,0,0,0,0,0,0,0,0,0,3,-4,13,-16,14,-16,16,-16,17,-15,18,-14,18,-14,19,-13,19,-12,20,-12,20,-12,21,-13,22,-13,21,-13,21,-12,20,-13,20,-14,20,-14,18,-14,18,-14,18,-14,17,-15,17,-16,16,-16,17,-18,18,-19,19,-19]"
CSI_DATA,2,5c:01:3b:6b:b0:95,-48,11,1,5,0,1,1,0,0,0,0,-96,0,11,0,25541404,0,86,1,256,1,"[86,-32,4,0,-26,-4,-25,-3,-24,-3,-24,-2,-24,-2,-23,-2,-23,-1,-22,0,-22,1,-22,2,-22,3,-22,3,-22,3,-22,3,-22,3,-22,2,-21,2,-21,1,-20,0,-20,-1,-19,-1,-19,-1,-18,-1,-17,-2,-17,-3,-5,-1,0,0,0,0,0,0,0,0,0,0,0,0,0,0,0,0,0,0,-6,0,-21,0,-21,-1,-22,-2,-23,-3,-23,-4,-23,-5,-23,-6,-23,-7,-24,-8,-24,-8,-24,-8,-24,-9,-24,-9,-24,-8,-23,-9,-23,-9,-23,-8,-23,-7,-23,-7,-23,-7,-24,-6,-24,-5,-24,-5,-25,-4,-26,-3,-26,-3,-14,-6,-46,-16,-45,-16,-44,-16,-43,-15,-42,-14,-42,-13,-41,-12,-41,-10,-40,-9,-41,-7,-41,-5,-41,-4,-41,-4,-41,-4,-41,-4,-40,-4,-40,-4,-39,-5,-38,-6,-37,-7,-36,-8,-34,-9,-33,-9,-32,-10,-30,-10,-29,-11,-25,-19,-23,-21,-4,-4,-1,-2,0,0,0,0,0,0,-2,-1,-7,-2,-36,-10,-36,-12,-38,-8,-38,-11,-38,-14,-38,-16,-39,-18,-39,-21,-39,-23,-39,-24,-39,-25,-38,-25,-39,-25,-39,-25,-39,-25,-38,-26,-38,-26,-38,-26,-38,-25,-38,-24,-38,-23,-39,-22,-40,-21,-41,-19,-41,-18,-43,-17,-44,-17,-45,-17]"
CSI_DATA,3,5c:01:3b:6b:b0:95,-50,11,1,7,0,1,1,1,0,0,0,-96,1,11,0,25566752,0,86,1,256,1,"[86,-32,4,0,-21,14,-20,14,-19,14,-19,14,-18,14,-18,14,-17,14,-16,15,-15,15,-15,15,-14,15,-14,16,-14,16,-14,16,-14,16,-14,16,-14,15,-14,14,-14,13,-14,12,-15,12,-14,11,-14,10,-14,9,-14,9,-4,2,0,0,0,0,0,0,0,0,0,0,0,0,0,0,0,0,0,0,-4,3,-15,13,-16,13,-17,12,-19,12,-20,11,-20,11,-21,10,-22,10,-22,9,-23,9,-23,9,-23,9,-23,8,-22,8,-22,8,-22,8,-22,9,-21,9,-21,10,-21,10,-21,11,-21,12,-20,12,-21,13,-21,14,-21,14,-12,9,-38,30,-38,29,-37,29,-36,29,-34,28,-33,28,-31,29,-30,29,-29,30,-27,30,-26,31,-26,32,-25,32,-25,32,-25,32,-25,32,-25,31,-25,30,-26,29,-26,28,-26,26,-26,24,-26,23,-26,21,-26,20,-26,18,-25,17,-25,16,-5,2,-2,0,0,-1,0,-2,0,-1,-1,1,-4,5,-21,30,-23,29,-28,27,-30,26,-32,25,-34,24,-36,23,-38,22,-39,21,-41,20,-42,19,-42,18,-43,18,-44,18,-43,17,-43,17,-43,18,-42,18,-41,19,-40,20,-39,21,-39,22,-39,23,-39,24,-38,25,-38,26,-38,28,-39,28]"
CSI_DATA,4,5c:01:3b:6b:b0:95,-49,11,1,6,0,1,1,1,0,0,0,-96,1,11,0,25600859,0,86,1,256,1,"[86,-32,4,0,-23,-9,-23,-8,-22,-7,-22,-7,-22,-6,-21,-6,-21,-5,-21,-4,-21,-4,-21,-3,-21,-3,-21,-2,-21,-2,-21,-2,-21,-2,-21,-2,-20,-3,-19,-3,-19,-4,-18,-4,-17,-4,-17,-5,-16,-5,-16,-6,-15,-6,-4,-2,0,0,0,0,0,0,0,0,0,0,0,0,0,0,0,0,0,0,-5,-2,-19,-6,-19,-7,-19,-8,-19,-9,-19,-10,-19,-11,-19,-12,-19,-12,-19,-13,-19,-14,-19,-14,-19,-15,-19,-14,-19,-14,-19,-14,-19,-13,-19,-13,-19,-12,-20,-12,-20,-11,-20,-11,-21,-10,-21,-10,-22,-10,-22,-10,-23,-10,-14,-7,-43,-19,-42,-19,-41,-19,-40,-18,-39,-17,-39,-16,-39,-14,-39,-13,-38,-11,-38,-10,-39,-9,-39,-8,-39,-7,-39,-7,-39,-7,-38,-7,-38,-8,-37,-8,-37,-9,-35,-10,-34,-10,-32,-11,-31,-11,-30,-12,-28,-13,-27,-14,-24,-17,-22,-19,-4,-4,-2,-2,0,0,1,0,0,0,-2,-1,-7,-2,-35,-8,-34,-10,-35,-13,-35,-15,-34,-18,-34,-20,-34,-22,-35,-24,-35,-25,-34,-27,-34,-28,-33,-29,-34,-29,-34,-29,-33,-29,-33,-29,-33,-29,-34,-28,-34,-27,-34,-26,-35,-25,-36,-24,-37,-23,-38,-22,-39,-21,-40,-20,-41,-20,-41,-20]"
CSI_DATA,5,5c:01:3b:6b:b0:95,-50,11,1,7,0,1,1,1,0,0,0,-96,1,11,0,25632146,0,86,1,256,1,"[86,-32,4,0,-19,16,-19,16,-18,16,-17,16,-17,16,-16,16,-15,16,-15,16,-14,16,-13,17,-13,17,-13,17,-13,17,-13,17,-13,17,-13,17,-13,16,-13,15,-13,14,-13,14,-13,13,-13,12,-13,11,-13,11,-13,10,-4,2,0,0,0,0,0,0,0,0,0,0,0,0,0,0,0,0,0,0,-4,3,-14,14,-15,14,-16,14,-17,14,-18,13,-19,13,-20,12,-20,12,-21,11,-21,11,-22,11,-22,11,-22,11,-22,11,-21,11,-21,11,-21,11,-20,12,-20,12,-20,13,-20,13,-19,13,-19,14,-19,15,-20,16,-20,17,-13,7,-41,26,-41,26,-40,25,-38,25,-37,25,-36,25,-34,25,-33,25,-32,26,-30,27,-29,28,-29,29,-29,29,-29,29,-28,29,-29,28,-29,28,-29,27,-29,25,-29,24,-29,22,-28,20,-28,19,-27,17,-27,16,-27,14,-30,7,-29,6,-6,1,-2,0,0,-1,0,-1,0,-1,-2,1,-5,4,-29,23,-30,21,-29,23,-31,22,-34,20,-36,19,-38,18,-39,17,-41,16,-42,15,-43,14,-43,14,-43,14,-44,14,-44,13,-44,13,-43,13,-43,13,-42,14,-41,15,-41,16,-41,18,-41,19,-40,20,-39,22,-40,23,-40,24,-41,25]"
CSI_DATA,6,5c:01:3b:6b:b0:95,-49,11,1,6,0,1,1,1,0,0,0,-96,1,11,0,25667852,0,86,1,256,1,"[86,-32,4,0,-17,-20,-17,-19,-17,-18,-17,-17,-17,-17,-17,-16,-17,-15,-17,-14,-18,-14,-18,-13,-18,-13,-19,-13,-19,-13,-18,-13,-18,-13,-18,-13,-17,-13,-16,-13,-16,-13,-15,-13,-14,-13,-13,-13,-12,-13,-11,-13,-11,-13,-3,-4,0,0,0,0,0,0,0,0,0,0,0,0,0,0,0,0,0,0,-4,-4,-15,-14,-15,-15,-15,-17,-14,-18,-14,-19,-13,-19,-13,-20,-12,-21,-12,-21,-12,-22,-12,-22,-11,-22,-11,-22,-11,-22,-11,-22,-12,-22,-12,-21,-12,-20,-13,-20,-14,-20,-14,-20,-15,-20,-15,-19,-16,-20,-17,-20,-17,-20,-8,-14,-25,-42,-25,-41,-24,-40,-24,-39,-24,-38,-24,-37,-24,-35,-25,-34,-26,-33,-27,-31,-28,-30,-29,-30,-30,-30,-30,-30,-29,-30,-28,-30,-28,-29,-27,-29,-25,-29,-23,-29,-22,-29,-21,-28,-19,-28,-18,-28,-16,-27,-14,-27,-6,-30,-4,-30,-1,-6,-1,-2,0,0,0,0,0,0,-2,-2,-5,-6,-23,-30,-21,-32,-23,-31,-21,-33,-20,-36,-18,-37,-17,-39,-16,-41,-15,-42,-14,-43,-13,-43,-13,-44,-13,-44,-13,-44,-13,-44,-12,-44,-12,-44,-13,-44,-13,-43,-14,-42,-15,-42,-16,-41,-18,-41,-19,-41,-21,-40,-23,-41,-24,-41,-25,-41]"
CSI_DATA,7,5c:01:3b:6b:b0:95,-47,11,1,6,0,1,1,1,0,0,0,-96,1,11,0,25701097,0,86,1,256,1,"[86,-32,4,0,10,23,10,22,10,21,10,20,10,20,11,19,11,18,12,18,12,17,13,17,13,16,13,16,13,16,13,16,13,17,13,17,12,17,11,17,11,17,10,16,9,16,8,15,7,15,6,15,6,15,1,3,0,0,0,0,0,0,0,0,0,0,0,0,0,0,0,0,0,0,2,4,9,17,8,17,7,18,7,19,6,20,6,21,5,21,4,22,4,22,3,23,3,23,3,23,3,23,3,22,3,22,4,22,4,22,5,22,5,21,6,21,7,22,7,22,8,22,8,22,9,23,10,23,3,13,14,45,13,45,13,44,13,43,14,42,15,41,15,39,16,38,17,37,18,36,19,35,20,35,20,35,20,35,20,35,20,35,19,35,18,34,17,34,15,34,13,33,12,32,11,31,10,31,8,30,6,30,0,30,-2,30,-1,5,-1,1,-1,-1,-1,-1,-1,-1,1,1,2,5,15,32,14,33,13,34,12,35,10,37,8,39,7,40,5,41,4,42,3,43,2,43,1,44,1,44,1,44,0,44,0,44,1,43,2,43,2,43,3,42,5,42,6,42,7,43,9,43,10,43,12,44,13,44,13,44]"
CSI_DATA,8,5c:01:3b:6b:b0:95,-45,11,1,6,0,1,1,1,0,0,0,-96,1,11,0,25737804,0,86,1,256,1,"[86,-32,4,0,-25,-10,-24,-10,-24,-9,-23,-8,-24,-8,-23,-7,-23,-6,-23,-6,-23,-5,-23,-5,-23,-4,-23,-4,-23,-4,-23,-4,-23,-4,-23,-4,-22,-5,-21,-5,-21,-6,-20,-6,-19,-6,-19,-7,-18,-7,-17,-8,-16,-8,-4,-2,0,0,0,0,0,0,0,0,0,0,0,0,0,0,0,0,0,0,-5,-2,-19,-6,-19,-7,-20,-9,-20,-10,-20,-11,-20,-11,-20,-12,-20,-13,-20,-14,-20,-15,-20,-15,-20,-15,-19,-15,-19,-15,-19,-15,-20,-14,-20,-14,-20,-13,-21,-12,-21,-12,-22,-12,-22,-11,-23,-11,-24,-11,-24,-11,-24,-11,-13,-9,-42,-26,-42,-26,-41,-26,-40,-25,-40,-24,-40,-23,-40,-21,-40,-20,-40,-18,-40,-17,-41,-15,-41,-14,-42,-14,-41,-14,-41,-14,-40,-14,-40,-14,-39,-15,-38,-16,-36,-17,-35,-17,-33,-17,-31,-18,-30,-18,-28,-19,-26,-20,-21,-25,-19,-26,-4,-5,-1,-2,0,0,1,0,0,0,-2,-1,-6,-3,-33,-17,-32,-19,-34,-18,-33,-20,-33,-23,-33,-25,-33,-27,-32,-29,-32,-30,-31,-31,-31,-32,-31,-33,-32,-33,-32,-34,-31,-34,-31,-34,-31,-34,-31,-33,-32,-32,-32,-31,-33,-30,-34,-30,-35,-29,-36,-28,-38,-27,-40,-27,-41,-27,-42,-26]"
CSI_DATA,9,5c:01:3b:6b:b0:95,-41,11,1,7,0,1,1,1,0,0,0,-96,1,11,0,25766106,0,86,1,256,1,"[86,-32,4,0,22,-1,21,-1,21,-2,21,-2,21,-2,20,-3,19,-3,19,-4,18,-4,18,-5,18,-5,18,-6,18,-6,18,-5,18,-5,18,-5,18,-4,18,-3,17,-3,17,-2,16,-2,16,-1,15,-1,14,0,14,1,3,0,0,0,0,0,0,0,0,0,0,0,0,0,0,0,0,0,0,0,4,-1,16,-3,17,-3,18,-2,18,-1,19,0,19,1,19,2,19,3,19,3,20,4,20,4,21,4,20,5,20,4,20,4,20,4,19,3,19,3,20,2,20,2,20,1,21,0,21,0,21,0,22,0,22,-1,12,1,42,4,41,5,40,5,40,4,39,4,38,3,37,2,37,1,36,-1,36,-3,36,-4,36,-5,36,-5,36,-5,35,-4,35,-4,35,-3,35,-2,34,-1,33,0,32,1,31,2,30,3,29,3,27,4,26,6,24,11,23,13,3,2,1,0,-1,-1,-2,0,-1,-1,1,-1,5,-1,31,-2,31,1,32,-1,33,1,33,4,34,6,35,7,35,9,35,11,35,12,36,13,36,13,37,13,37,13,37,13,36,13,36,14,36,13,36,13,36,12,36,11,37,11,37,10,38,8,39,7,39,5,41,5,41,4]"
CSI_DATA,10,5c:01:3b:6b:b0:95,-45,11,1,7,0,1,1,1,0,0,0,-96,1,11,0,25799066,0,86,1,256,1,"[86,-32,4,0,-26,4,-26,4,-25,5,-24,5,-24,6,-24,6,-23,6,-22,7,-22,7,-22,7,-22,8,-22,8,-22,9,-21,9,-21,9,-21,8,-21,7,-20,7,-20,6,-20,5,-20,4,-19,3,-18,2,-18,2,-17,1,-5,0,0,0,0,0,0,0,0,0,0,0,0,0,0,0,0,0,0,0,-5,1,-20,6,-21,5,-22,4,-22,3,-23,2,-23,2,-24,1,-24,0,-25,-1,-25,-1,-25,-2,-26,-2,-25,-2,-25,-2,-25,-2,-25,-1,-25,-1,-24,0,-24,0,-25,1,-25,2,-25,2,-25,3,-26,3,-27,3,-27,4,-16,0,-51,3,-50,3,-50,3,-48,3,-47,4,-46,5,-45,6,-44,7,-43,8,-42,9,-42,11,-42,12,-43,12,-43,12,-42,12,-42,11,-41,10,-41,10,-40,8,-39,7,-39,5,-37,4,-36,2,-35,1,-34,0,-33,-2,-32,-8,-30,-9,-6,-2,-2,-1,0,-1,1,-1,0,-1,-2,0,-7,1,-37,9,-37,7,-39,7,-40,5,-41,2,-43,0,-44,-2,-45,-3,-46,-5,-46,-6,-46,-7,-46,-8,-47,-8,-47,-8,-47,-9,-47,-9,-46,-9,-46,-8,-46,-7,-46,-6,-46,-6,-46,-4,-46,-2,-47,-1,-47,0,-48,1,-50,2,-51,3]"
CSI_DATA,11,5c:01:3b:6b:b0:95,-45,11,1,5,0,1,1,1,0,0,0,-96,1,11,0,25834095,0,86,1,256,1,"[86,-32,4,0,-16,-21,-16,-21,-16,-20,-16,-19,-16,-19,-16,-18,-16,-17,-16,-16,-17,-16,-18,-15,-18,-14,-18,-14,-18,-14,-18,-15,-18,-15,-18,-15,-17,-15,-16,-16,-15,-15,-14,-15,-13,-15,-12,-14,-12,-14,-11,-14,-10,-14,-3,-4,0,0,0,0,0,0,0,0,0,0,0,0,0,0,0,0,0,0,-4,-4,-14,-16,-14,-17,-13,-19,-13,-20,-13,-20,-12,-21,-11,-22,-10,-23,-10,-23,-10,-24,-10,-24,-10,-24,-10,-24,-10,-24,-10,-24,-10,-23,-11,-23,-11,-22,-11,-22,-12,-22,-13,-22,-13,-22,-14,-21,-15,-21,-16,-22,-16,-22,-7,-15,-22,-45,-22,-45,-22,-44,-21,-42,-21,-41,-22,-40,-22,-39,-23,-38,-24,-36,-26,-35,-27,-34,-28,-33,-28,-33,-28,-33,-28,-33,-27,-33,-26,-32,-25,-33,-24,-33,-22,-33,-20,-33,-18,-32,-17,-31,-16,-30,-14,-29,-12,-29,-4,-31,-2,-31,-1,-6,0,-2,0,0,0,1,0,0,-2,-2,-4,-6,-20,-34,-18,-36,-21,-35,-18,-37,-17,-39,-15,-40,-14,-42,-12,-44,-11,-45,-10,-46,-9,-46,-9,-47,-9,-47,-9,-48,-9,-47,-8,-47,-9,-47,-10,-46,-10,-45,-11,-44,-12,-44,-13,-44,-14,-44,-16,-44,-17,-44,-19,-44,-21,-44,-21,-45]"
CSI_DATA,12,5c:01:3b:6b:b0:95,-47,11,1,5,0,1,1,1,0,0,0,-96,1,11,0,25868043,0,86,1,256,1,"[86,-32,4,0,21,10,20,10,20,9,20,8,20,8,20,7,19,7,19,6,19,5,19,4,19,4,19,4,19,4,19,4,19,4,19,4,18,5,18,5,17,5,16,6,15,6,14,6,14,6,13,7,12,7,3,1,0,0,0,0,0,0,0,0,0,0,0,0,0,0,0,0,0,0,4,1,17,7,18,8,18,10,18,11,18,11,18,13,17,13,17,14,17,15,17,15,17,16,17,16,16,16,16,15,16,15,16,15,16,14,16,13,17,13,18,13,18,12,19,12,19,11,20,11,21,11,21,11,9,9,33,28,33,28,32,27,32,26,31,24,31,23,31,22,31,21,31,19,32,18,32,17,33,16,33,16,33,16,33,16,33,16,32,16,31,16,30,16,28,17,26,18,24,17,23,17,22,17,20,18,18,18,12,24,10,24,1,4,0,1,-1,-1,-1,-1,-1,-1,1,0,5,3,29,21,28,23,30,20,29,22,28,25,27,27,27,29,26,30,26,32,25,33,24,34,24,35,24,36,24,36,24,35,23,35,23,35,24,34,24,33,24,32,25,31,26,31,27,30,28,29,29,29,31,28,32,28,33,28]"
CSI_DATA,13,5c:01:3b:6b:b0:95,-48,11,1,5,0,1,1,1,0,0,0,-96,1,11,0,25901518,0,86,1,256,1,"[86,-32,4,0,-25,-7,-24,-7,-23,-6,-23,-5,-23,-4,-22,-4,-22,-3,-21,-3,-21,-2,-21,-1,-21,-1,-22,0,-21,0,-21,0,-21,0,-21,-1,-20,-1,-20,-2,-19,-2,-18,-3,-18,-3,-17,-3,-16,-4,-15,-4,-15,-5,-4,-2,0,0,0,0,0,0,0,0,0,0,0,0,0,0,0,0,0,0,-6,-1,-21,-4,-21,-6,-22,-7,-22,-8,-22,-9,-22,-10,-22,-11,-22,-12,-22,-12,-22,-13,-22,-13,-22,-14,-22,-14,-21,-13,-21,-13,-21,-12,-21,-12,-21,-11,-21,-10,-22,-10,-22,-9,-22,-9,-23,-8,-23,-8,-24,-8,-25,-7,-13,-8,-41,-23,-40,-24,-39,-23,-38,-21,-37,-20,-37,-19,-37,-18,-37,-16,-37,-14,-37,-13,-38,-11,-38,-10,-38,-10,-38,-11,-38,-11,-37,-11,-36,-11,-35,-11,-34,-11,-33,-12,-31,-13,-29,-13,-28,-14,-27,-14,-25,-14,-23,-15,-18,-22,-16,-22,-3,-4,-1,-2,0,0,1,0,0,0,-2,-1,-7,-4,-34,-20,-33,-23,-36,-18,-35,-21,-34,-23,-34,-25,-33,-27,-33,-29,-33,-31,-32,-32,-32,-33,-31,-33,-32,-33,-32,-34,-32,-34,-31,-34,-31,-33,-32,-32,-32,-31,-32,-30,-32,-29,-33,-28,-34,-27,-36,-26,-37,-25,-38,-24,-39,-24,-40,-23]"
CSI_DATA,14,5c:01:3b:6b:b0:95,-48,11,1,5,0,1,1,1,0,0,0,-96,1,11,0,25934083,0,86,1,256,1,"[86,-32,4,0,16,-19,16,-19,15,-19,14,-18,13,-18,13,-19,12,-18,11,-18,10,-19,9,-19,9,-19,9,-19,9,-19,9,-19,9,-19,9,-19,9,-18,9,-18,9,-17,9,-16,10,-15,10,-14,10,-13,10,-12,10,-12,2,-3,0,0,0,0,0,0,0,0,0,0,0,0,0,0,0,0,0,0,3,-5,13,-17,14,-17,15,-17,16,-16,17,-16,18,-15,19,-15,20,-14,20,-14,21,-14,21,-14,21,-14,21,-13,20,-13,20,-13,20,-13,19,-14,18,-14,18,-15,18,-15,17,-16,17,-16,16,-17,17,-17,17,-19,17,-19,11,-9,36,-30,36,-30,35,-29,33,-29,32,-28,31,-29,30,-29,28,-30,27,-30,25,-31,24,-32,23,-32,23,-33,23,-33,23,-32,23,-32,23,-31,23,-30,23,-29,23,-27,23,-26,23,-24,22,-22,22,-21,21,-19,21,-17,25,-11,25,-9,4,-2,1,-1,-1,0,-1,0,-1,0,1,-2,4,-6,29,-27,31,-25,30,-27,32,-26,34,-24,36,-23,38,-22,39,-21,41,-20,42,-19,42,-18,42,-17,43,-17,43,-17,43,-17,43,-17,42,-17,41,-18,40,-19,39,-19,38,-20,38,-21,38,-22,37,-24,37,-25,37,-26,37,-28,37,-29]"
CSI_DATA,15,5c:01:3b:6b:b0:95,-49,11,1,6,0,1,1,1,0,0,0,-96,1,11,0,25971215,0,86,1,256,1,"[86,-32,4,0,-25,1,-25,1,-24,2,-23,2,-23,2,-23,3,-22,3,-22,4,-21,4,-21,5,-21,5,-21,6,-21,6,-21,5,-21,5,-20,5,-20,5,-20,4,-19,3,-19,2,-18,1,-18,1,-17,0,-16,0,-16,-1,-4,-1,0,0,0,0,0,0,0,0,0,0,0,0,0,0,0,0,0,0,-6,0,-22,3,-22,2,-23,1,-23,0,-24,-1,-24,-2,-25,-3,-25,-4,-25,-4,-25,-5,-25,-5,-25,-5,-24,-5,-24,-5,-24,-5,-24,-5,-24,-4,-23,-4,-23,-3,-24,-2,-24,-2,-24,-1,-24,-1,-25,0,-26,0,-26,1,-15,-3,-47,-5,-47,-6,-46,-6,-45,-6,-43,-5,-43,-3,-42,-2,-42,-1,-41,1,-40,2,-40,3,-40,4,-41,5,-41,4,-40,4,-40,4,-39,3,-38,2,-38,1,-37,0,-36,-1,-34,-2,-32,-3,-31,-4,-30,-5,-29,-6,-27,-12,-25,-13,-5,-3,-2,-1,0,0,1,-1,0,0,-3,0,-8,0,-40,-1,-40,-4,-41,-2,-41,-5,-42,-8,-43,-10,-43,-11,-44,-13,-44,-15,-44,-16,-43,-17,-43,-17,-43,-17,-43,-18,-43,-18,-43,-18,-42,-18,-42,-18,-42,-17,-41,-16,-42,-14,-42,-13,-43,-12,-44,-10,-44,-9,-46,-8,-47,-7,-48,-6]"
CSI_DATA,16,5c:01:3b:6b:b0:95,-44,11,1,6,0,1,1,1,0,0,0,-96,1,11,0,25999095,0,86,1,256,1,"[86,-32,4,0,-4,11,-3,11,-3,11,-3,11,-2,11,-2,11,-2,10,-1,10,-1,10,-1,10,-1,10,-1,10,-1,10,0,10,0,10,-1,10,-1,10,-1,10,-1,9,-1,9,-2,8,-2,8,-2,8,-2,7,-3,7,-1,1,0,0,0,0,0,0,0,0,0,0,0,0,0,0,0,0,0,0,-1,2,-2,10,-3,10,-4,10,-4,10,-4,10,-5,10,-5,10,-5,10,-6,10,-7,10,-7,10,-7,10,-7,10,-7,10,-6,10,-6,10,-6,10,-5,10,-5,10,-5,10,-4,10,-4,10,-4,10,-4,10,-4,11,-4,12,-3,14,-10,45,-10,44,-9,44,-8,43,-7,42,-6,42,-5,42,-4,41,-3,40,-1,39,0,39,1,39,1,40,1,40,2,40,1,39,0,38,-1,38,-2,38,-3,36,-4,35,-4,33,-5,31,-6,31,-7,30,-8,28,-9,28,-10,27,-2,4,-1,1,-1,-1,-1,-2,-1,-1,0,2,1,6,6,37,3,37,-4,38,-7,38,-10,39,-12,39,-14,40,-16,40,-17,41,-19,40,-20,40,-21,39,-21,39,-21,39,-22,39,-22,39,-21,39,-21,39,-20,38,-18,39,-17,40,-16,41,-14,41,-13,42,-12,42,-12,43,-11,44,-10,46]"
CSI_DATA,17,5c:01:3b:6b:b0:95,-43,11,1,6,0,1,1,1,0,0,0,-96,1,11,0,26032061,0,86,1,256,1,"[86,-32,4,0,-8,-12,-8,-12,-7,-11,-7,-11,-7,-10,-7,-10,-7,-10,-8,-10,-8,-9,-9,-9,-9,-8,-9,-8,-9,-9,-9,-9,-9,-9,-8,-9,-8,-9,-7,-9,-7,-9,-6,-9,-6,-9,-6,-8,-5,-8,-5,-8,-5,-8,-1,-2,0,0,0,0,0,0,0,0,0,0,0,0,0,0,0,0,0,0,-2,-3,-7,-9,-7,-10,-7,-10,-6,-11,-6,-11,-5,-12,-5,-12,-5,-13,-4,-13,-4,-13,-5,-13,-5,-13,-5,-13,-4,-13,-4,-13,-4,-13,-5,-12,-5,-12,-5,-12,-5,-12,-6,-12,-6,-12,-6,-11,-7,-12,-7,-12,-8,-12,-6,-15,-18,-47,-19,-47,-19,-46,-18,-45,-18,-43,-18,-42,-19,-41,-20,-41,-21,-39,-22,-38,-24,-37,-25,-37,-26,-37,-26,-37,-25,-36,-24,-36,-23,-36,-22,-36,-20,-36,-18,-36,-16,-35,-14,-34,-14,-34,-13,-33,-12,-33,-10,-32,1,-33,3,-32,0,-6,0,-2,-1,0,0,1,0,0,-2,-2,-4,-7,-20,-36,-17,-38,-20,-38,-18,-40,-16,-42,-13,-44,-12,-45,-10,-46,-8,-47,-7,-47,-6,-48,-6,-48,-7,-48,-6,-49,-6,-49,-5,-49,-5,-49,-6,-49,-7,-47,-8,-46,-9,-46,-10,-45,-11,-45,-12,-46,-14,-46,-16,-46,-17,-47,-18,-47]"
CSI_DATA,18,5c:01:3b:6b:b0:95,-47,11,1,6,0,1,1,1,0,0,0,-96,1,11,0,26066072,0,86,1,256,1,"[86,-32,4,0,-14,-23,-14,-22,-14,-22,-14,-21,-14,-20,-15,-20,-15,-19,-15,-18,-16,-18,-16,-17,-16,-17,-17,-16,-17,-16,-17,-17,-17,-17,-17,-17,-16,-17,-15,-17,-14,-17,-13,-17,-12,-16,-11,-16,-10,-16,-9,-16,-9,-16,-2,-4,0,0,0,0,0,0,0,0,0,0,0,0,0,0,0,0,0,0,-4,-5,-13,-18,-12,-19,-12,-21,-11,-22,-10,-22,-10,-23,-9,-24,-8,-24,-7,-25,-7,-25,-7,-26,-7,-26,-7,-25,-6,-25,-7,-24,-7,-24,-8,-24,-8,-23,-9,-23,-10,-23,-11,-23,-11,-23,-12,-22,-12,-23,-13,-24,-14,-24,-9,-14,-27,-45,-26,-45,-26,-44,-26,-43,-26,-41,-27,-40,-27,-39,-28,-37,-28,-35,-30,-34,-31,-33,-32,-33,-32,-33,-32,-33,-32,-32,-32,-32,-31,-33,-29,-33,-28,-33,-26,-33,-25,-33,-23,-32,-21,-31,-20,-31,-18,-31,-16,-31,-13,-31,-11,-31,-2,-6,-1,-2,0,0,0,0,0,0,-2,-2,-6,-5,-28,-30,-27,-32,-24,-35,-22,-38,-20,-40,-19,-42,-18,-44,-16,-45,-15,-47,-14,-48,-13,-48,-12,-48,-12,-48,-12,-48,-11,-48,-11,-48,-12,-48,-12,-47,-13,-46,-14,-45,-16,-45,-17,-45,-18,-45,-20,-44,-22,-44,-23,-44,-24,-44,-25,-45]"
CSI_DATA,19,5c:01:3b:6b:b0:95,-47,11,1,6,0,1,1,1,0,0,0,-96,1,11,0,26099060,0,86,1,256,1,"[86,-32,4,0,17,14,17,14,17,13,17,12,17,11,17,11,17,10,17,9,17,9,18,8,17,8,18,7,18,7,18,7,18,7,18,8,18,8,17,8,16,8,15,9,14,9,13,9,13,9,12,9,11,10,2,2,0,0,0,0,0,0,0,0,0,0,0,0,0,0,0,0,0,0,3,2,15,11,15,12,14,13,14,14,14,15,14,16,13,17,13,17,12,18,12,18,12,19,12,19,12,19,12,18,12,18,12,17,12,17,13,16,13,16,14,15,14,15,15,15,15,15,16,15,17,15,18,15,11,6,38,21,37,21,36,20,36,19,36,18,36,18,36,17,35,15,35,14,35,12,36,10,36,9,36,9,37,9,36,9,36,9,36,9,35,10,34,11,32,12,31,13,29,13,28,13,27,14,25,14,24,15,25,13,23,15,4,2,1,0,-1,-1,-2,-1,-1,-1,1,0,6,0,36,5,36,7,32,16,32,18,31,21,31,22,30,24,30,26,29,28,29,30,28,31,28,31,28,31,28,31,27,31,28,31,28,30,28,30,28,28,28,27,29,27,30,26,32,25,33,24,34,23,35,23,36,23,36,23]"
CSI_DATA,20,5c:01:3b:6b:b0:95,-46,11,1,5,0,1,1,1,0,0,0,-96,1,11,0,26134054,0,86,1,256,1,"[86,-32,4,0,20,-15,20,-15,19,-16,18,-16,18,-16,17,-16,16,-16,15,-16,14,-17,14,-17,14,-17,13,-18,13,-18,13,-18,14,-18,14,-17,14,-17,14,-16,14,-15,14,-14,14,-13,14,-12,14,-11,13,-11,13,-10,3,-3,0,0,0,0,0,0,0,0,0,0,0,0,0,0,0,0,0,0,3,-4,16,-15,17,-15,18,-14,19,-13,20,-13,21,-12,22,-12,22,-11,23,-10,23,-10,24,-10,24,-10,23,-9,23,-9,23,-9,22,-10,22,-10,21,-11,21,-11,21,-12,21,-12,20,-13,20,-13,21,-14,21,-15,21,-16,13,-7,43,-22,42,-22,41,-21,40,-21,39,-22,38,-22,36,-22,35,-23,33,-24,32,-25,32,-27,30,-28,31,-28,31,-28,31,-28,31,-27,31,-27,31,-26,31,-25,31,-23,30,-21,29,-19,29,-18,28,-17,28,-15,28,-13,31,-4,30,-3,5,-1,1,0,-1,0,-2,0,-1,0,1,-2,6,-5,34,-22,36,-20,34,-22,36,-20,38,-18,40,-17,42,-15,43,-14,44,-12,45,-11,45,-10,45,-9,46,-9,46,-9,46,-9,46,-8,45,-9,44,-10,44,-11,43,-11,42,-12,42,-13,42,-15,42,-16,42,-18,42,-19,43,-21,43,-21]"
CSI_DATA,21,5c:01:3b:6b:b0:95,-42,11,1,5,0,1,1,1,0,0,0,-96,1,11,0,26171733,0,86,1,256,1,"[86,-32,4,0,-14,3,-13,3,-12,3,-12,4,-12,4,-12,4,-11,4,-11,4,-10,5,-10,5,-10,5,-10,5,-10,5,-10,5,-10,5,-10,5,-10,5,-10,4,-10,4,-10,4,-10,3,-10,3,-9,3,-9,2,-9,2,-3,0,0,0,0,0,0,0,0,0,0,0,0,0,0,0,0,0,0,0,-3,1,-11,4,-11,3,-12,3,-12,2,-13,2,-13,1,-13,1,-13,1,-13,0,-13,0,-14,0,-14,0,-14,0,-13,0,-13,0,-13,0,-13,0,-13,0,-13,1,-13,1,-13,2,-13,2,-13,2,-13,3,-13,3,-13,3,-16,0,-50,4,-50,4,-49,4,-48,5,-46,6,-46,6,-45,7,-44,9,-42,10,-41,11,-41,13,-41,14,-42,14,-42,14,-42,14,-41,14,-40,13,-40,13,-40,11,-39,10,-38,8,-36,6,-35,6,-34,5,-33,3,-32,2,-32,-7,-31,-9,-6,-2,-2,-1,0,-1,1,-1,0,-1,-3,0,-8,1,-41,8,-42,5,-42,8,-43,5,-45,2,-45,-1,-47,-2,-48,-4,-48,-5,-48,-6,-48,-7,-48,-8,-49,-8,-50,-8,-50,-8,-49,-9,-48,-9,-48,-9,-47,-8,-47,-6,-46,-5,-46,-3,-47,-2,-48,0,-48,1,-48,3,-49,3,-50,3]"
CSI_DATA,22,5c:01:3b:6b:b0:95,-45,11,1,4,0,1,1,1,0,0,0,-96,1,11,0,26203000,0,86,1,256,1,"[86,-32,4,0,21,10,21,9,20,9,20,8,20,8,20,7,20,6,19,5,19,5,20,4,20,3,20,3,20,3,20,3,20,3,20,3,20,4,19,4,18,5,17,5,16,5,16,5,15,5,14,6,14,6,3,1,0,0,0,0,0,0,0,0,0,0,0,0,0,0,0,0,0,0,4,1,18,7,18,9,18,10,18,11,18,12,18,13,18,14,17,15,17,15,17,16,17,16,17,16,17,16,17,16,17,15,17,15,17,14,17,13,17,13,18,13,18,12,19,12,19,11,20,11,21,11,22,11,11,8,37,25,36,25,36,24,35,23,35,21,35,21,35,19,34,18,35,16,35,14,36,13,36,12,37,11,37,11,37,11,36,11,35,12,34,12,33,13,32,14,30,15,29,15,28,15,26,15,25,15,24,16,19,21,17,21,2,3,0,1,-1,-1,-2,-1,-1,-1,1,0,6,2,34,16,33,18,33,19,32,22,32,25,31,27,31,28,30,30,29,32,28,33,27,34,27,35,28,35,28,35,27,35,27,34,27,34,27,33,27,32,27,30,28,30,30,29,31,28,32,28,33,27,34,26,36,26,37,26]"
CSI_DATA,23,5c:01:3b:6b:b0:95,-46,11,1,5,0,1,1,1,0,0,0,-96,1,11,0,26238853,0,86,1,256,1,"[86,-32,4,0,-19,17,-18,17,-17,17,-17,17,-16,17,-15,17,-14,17,-13,18,-12,18,-12,18,-12,18,-12,18,-12,19,-12,19,-12,19,-12,18,-12,18,-12,17,-12,16,-12,15,-13,14,-13,13,-13,13,-13,12,-13,11,-4,2,0,0,0,0,0,0,0,0,0,0,0,0,0,0,0,0,0,0,-4,4,-14,17,-15,16,-17,16,-18,15,-19,15,-20,15,-21,14,-21,14,-22,13,-22,13,-23,13,-23,13,-22,12,-22,12,-22,12,-22,12,-21,12,-20,13,-20,13,-20,14,-19,15,-19,15,-19,16,-19,17,-19,18,-19,18,-13,7,-40,26,-40,26,-39,26,-38,26,-36,26,-35,26,-34,26,-33,27,-31,28,-30,28,-29,30,-28,31,-28,31,-28,31,-28,30,-29,30,-29,29,-28,29,-29,28,-29,25,-29,24,-28,22,-28,21,-27,19,-27,18,-27,16,-31,8,-31,6,-6,0,-2,0,0,-1,0,-1,0,-1,-2,1,-6,5,-32,26,-33,24,-32,26,-34,24,-37,22,-39,21,-41,20,-42,19,-44,18,-45,17,-45,15,-45,15,-46,15,-46,15,-46,15,-45,14,-45,14,-44,14,-43,15,-43,16,-42,17,-41,18,-41,19,-41,21,-40,22,-40,24,-40,25,-40,26]"
CSI_DATA,24,5c:01:3b:6b:b0:95,-46,11,1,5,0,1,1,1,0,0,0,-96,1,11,0,26266192,0,86,1,256,1,"[86,-32,4,0,23,-1,23,-1,22,-1,22,-2,22,-2,21,-3,20,-3,20,-4,20,-4,20,-5,19,-5,19,-6,19,-6,19,-6,19,-6,20,-5,19,-5,19,-4,18,-4,18,-3,17,-2,17,-1,16,-1,15,0,15,0,3,0,0,0,0,0,0,0,0,0,0,0,0,0,0,0,0,0,0,0,4,-1,20,-3,20,-2,21,-1,21,0,22,1,22,2,22,3,22,4,22,5,23,6,23,6,23,6,22,6,22,6,21,5,21,5,21,4,21,4,21,3,21,3,22,2,22,1,22,1,23,1,23,0,24,0,12,3,43,9,42,9,41,8,40,8,39,7,39,6,38,5,38,3,37,2,37,1,37,-1,37,-2,37,-2,38,-2,38,-2,37,-2,37,-1,36,-1,36,0,34,1,33,2,32,3,31,4,29,5,28,6,26,7,24,15,22,16,3,3,1,0,-1,-1,-2,-1,-1,-1,1,-1,6,0,36,5,36,7,37,3,37,6,37,9,38,11,38,13,38,15,38,16,38,18,38,19,38,20,38,20,38,20,38,20,37,20,37,19,37,19,36,17,36,16,37,16,37,14,38,13,39,12,39,11,40,11,41,10,42,9]"
CSI_DATA,25,5c:01:3b:6b:b0:95,-45,11,1,4,0,1,1,1,0,0,0,-96,1,11,0,26300662,0,86,1,256,1,"[86,-32,4,0,-20,-15,-20,-15,-19,-14,-19,-13,-19,-13,-19,-12,-19,-11,-19,-10,-19,-10,-20,-9,-20,-9,-20,-8,-20,-8,-20,-8,-20,-9,-20,-9,-19,-9,-19,-9,-18,-10,-17,-10,-16,-10,-15,-10,-15,-10,-14,-10,-13,-11,-4,-3,0,0,0,0,0,0,0,0,0,0,0,0,0,0,0,0,0,0,-5,-3,-18,-11,-18,-13,-18,-14,-17,-15,-17,-16,-17,-17,-17,-18,-16,-19,-15,-19,-15,-20,-15,-20,-15,-20,-15,-20,-14,-20,-14,-19,-15,-19,-15,-18,-15,-18,-16,-17,-17,-17,-17,-17,-17,-16,-18,-16,-19,-16,-19,-16,-20,-16,-9,-12,-30,-35,-29,-35,-29,-34,-28,-33,-29,-32,-29,-31,-29,-29,-29,-28,-30,-26,-31,-25,-32,-24,-33,-23,-33,-23,-33,-23,-33,-23,-32,-23,-32,-23,-31,-23,-30,-24,-28,-24,-26,-24,-25,-24,-24,-24,-22,-24,-21,-24,-19,-24,-12,-28,-9,-28,-2,-6,-1,-2,0,0,0,0,0,0,-2,-2,-5,-5,-28,-28,-26,-30,-28,-28,-27,-31,-25,-34,-24,-35,-23,-37,-22,-38,-21,-39,-20,-40,-19,-41,-18,-41,-19,-42,-19,-42,-18,-42,-18,-41,-18,-41,-18,-40,-19,-39,-19,-38,-21,-38,-22,-37,-23,-36,-24,-36,-25,-35,-27,-35,-29,-36,-30,-36]"
CSI_DATA,26,5c:01:3b:6b:b0:95,-40,11,1,5,0,1,1,1,0,0,0,-97,1,11,0,26332151,0,86,1,256,1,"[86,-32,4,0,-14,-1,-14,-1,-13,-1,-13,-1,-13,0,-13,0,-12,0,-12,1,-12,1,-12,1,-12,2,-12,2,-12,2,-12,2,-12,2,-12,2,-12,2,-12,1,-11,1,-11,0,-10,0,-10,0,-10,0,-10,-1,-10,-1,-3,-1,0,0,0,0,0,0,0,0,0,0,0,0,0,0,0,0,0,0,-3,0,-12,-1,-12,-1,-12,-2,-13,-3,-13,-3,-13,-3,-13,-4,-13,-4,-13,-5,-13,-5,-13,-5,-13,-5,-13,-5,-13,-5,-13,-5,-13,-5,-13,-4,-13,-4,-13,-4,-13,-3,-13,-3,-13,-2,-13,-2,-13,-2,-14,-2,-14,-2,-15,-6,-48,-15,-48,-15,-48,-15,-47,-14,-45,-14,-45,-13,-44,-11,-44,-9,-44,-8,-44,-6,-44,-5,-44,-3,-44,-2,-45,-2,-44,-2,-44,-2,-43,-2,-42,-3,-42,-4,-40,-6,-39,-7,-37,-8,-36,-8,-35,-9,-34,-10,-32,-11,-27,-20,-25,-21,-5,-4,-2,-2,0,0,1,0,0,0,-3,-1,-8,-3,-40,-15,-39,-17,-41,-11,-41,-14,-41,-17,-41,-19,-41,-21,-41,-23,-41,-25,-41,-27,-40,-28,-40,-28,-41,-29,-41,-29,-40,-29,-40,-29,-40,-28,-40,-27,-40,-26,-40,-25,-40,-24,-41,-23,-43,-22,-44,-20,-45,-19,-46,-18,-47,-18,-47,-18]"
CSI_DATA,27,5c:01:3b:6b:b0:95,-43,11,1,4,0,1,1,1,0,0,0,-97,1,11,0,26367934,0,86,1,256,1,"[86,-32,4,0,23,-6,23,-7,22,-7,21,-7,21,-7,20,-8,20,-8,19,-9,18,-9,18,-10,18,-11,18,-11,18,-11,17,-11,18,-11,18,-11,18,-10,17,-9,17,-9,17,-8,17,-7,16,-6,16,-6,15,-5,15,-4,3,-1,0,0,0,0,0,0,0,0,0,0,0,0,0,0,0,0,0,0,4,-2,19,-7,20,-6,21,-6,21,-5,22,-4,23,-3,23,-2,23,-1,23,0,24,0,24,0,24,0,24,1,23,1,23,0,23,0,22,-1,22,-2,22,-2,22,-2,22,-3,22,-4,22,-4,23,-5,24,-6,24,-6,13,0,45,-1,44,-1,43,-2,42,-2,41,-3,41,-4,39,-5,38,-6,37,-8,37,-9,37,-11,36,-12,37,-12,37,-12,37,-12,36,-12,36,-11,35,-10,35,-9,34,-8,34,-7,32,-6,31,-5,30,-4,30,-3,29,-1,28,7,27,9,4,1,1,0,-1,-1,-2,0,-1,-1,2,-1,6,-1,38,-4,38,-2,38,-5,39,-2,40,0,41,3,41,4,42,6,42,8,42,10,42,11,42,11,43,11,43,11,42,11,42,12,41,11,41,11,40,10,40,8,41,7,41,6,42,4,42,3,42,2,43,1,45,-1,46,-1]"
CSI_DATA,28,5c:01:3b:6b:b0:95,-45,11,1,5,0,1,1,1,0,0,0,-97,1,11,0,26399187,0,86,1,256,1,"[86,-32,4,0,-1,23,-1,23,0,22,1,21,1,21,2,21,2,20,3,20,3,19,4,19,4,19,4,19,5,19,5,19,5,19,4,19,4,19,4,19,3,18,2,18,1,17,1,16,0,16,-1,16,-1,16,-1,4,0,0,0,0,0,0,0,0,0,0,0,0,0,0,0,0,0,0,0,4,1,19,0,20,-1,20,-2,21,-3,21,-4,22,-5,22,-5,22,-6,22,-7,22,-7,22,-8,22,-8,22,-7,22,-7,22,-6,21,-6,21,-5,21,-4,21,-4,21,-3,22,-3,22,-2,22,-2,22,-2,24,-1,24,-5,12,-12,41,-12,41,-12,40,-11,39,-9,38,-8,38,-7,38,-6,37,-4,36,-3,36,-2,36,-1,37,-1,37,-1,37,0,37,-1,36,-1,36,-1,36,-2,35,-3,34,-4,32,-5,31,-6,30,-7,29,-8,28,-9,26,-18,22,-19,21,-4,3,-2,1,0,-1,0,-2,0,-1,-1,2,-2,6,-10,36,-12,35,-7,36,-10,36,-12,36,-14,36,-16,36,-18,37,-19,37,-20,37,-21,36,-22,36,-23,36,-23,36,-23,36,-23,35,-22,35,-21,35,-20,35,-19,35,-19,35,-17,36,-16,37,-15,38,-14,38,-13,39,-13,41,-13,41]"
CSI_DATA,29,5c:01:3b:6b:b0:95,-44,11,1,4,0,1,1,1,0,0,0,-97,1,11,0,26433940,0,86,1,256,1,"[86,-32,4,0,-10,-22,-10,-22,-10,-21,-10,-20,-10,-20,-11,-19,-11,-18,-11,-18,-12,-17,-13,-17,-13,-16,-13,-16,-13,-16,-13,-17,-13,-17,-13,-17,-12,-17,-12,-17,-11,-17,-10,-16,-9,-16,-8,-15,-8,-15,-7,-15,-6,-15,-2,-4,0,0,0,0,0,0,0,0,0,0,0,0,0,0,0,0,0,0,-3,-5,-11,-18,-10,-19,-9,-20,-9,-21,-8,-22,-7,-22,-7,-23,-6,-23,-5,-23,-5,-24,-5,-24,-5,-24,-4,-24,-4,-24,-4,-23,-4,-23,-5,-23,-5,-22,-6,-22,-7,-22,-7,-22,-8,-22,-8,-21,-9,-22,-10,-23,-10,-23,-4,-14,-13,-43,-13,-43,-13,-43,-13,-41,-13,-40,-14,-40,-14,-38,-15,-37,-16,-36,-18,-35,-19,-34,-21,-33,-21,-33,-21,-34,-21,-34,-20,-34,-19,-33,-18,-33,-17,-33,-15,-32,-14,-32,-13,-31,-12,-30,-11,-30,-10,-29,-8,-29,-3,-29,-1,-28,0,-5,0,-2,-1,0,0,1,0,0,-2,-2,-4,-6,-16,-34,-15,-35,-16,-36,-13,-38,-11,-40,-9,-42,-8,-43,-6,-43,-4,-44,-2,-44,-1,-44,-1,-44,-2,-45,-2,-46,-1,-45,-1,-45,-1,-44,-1,-44,-2,-43,-3,-42,-4,-42,-5,-43,-6,-43,-8,-43,-10,-42,-11,-43,-12,-44,-13,-45]"
CSI_DATA,30,5c:01:3b:6b:b0:95,-45,11,1,5,0,1,1,1,0,0,0,-97,1,11,0,26466197,0,86,1,256,1,"[86,-32,4,0,-14,-20,-14,-19,-14,-18,-14,-17,-15,-17,-15,-16,-15,-15,-15,-14,-15,-14,-15,-14,-15,-14,-16,-13,-16,-13,-16,-13,-16,-13,-16,-13,-16,-13,-15,-13,-15,-13,-14,-13,-13,-13,-12,-12,-11,-13,-10,-13,-9,-13,-3,-4,0,0,0,0,0,0,0,0,0,0,0,0,0,0,0,0,0,0,-3,-4,-12,-17,-11,-17,-11,-19,-10,-20,-10,-20,-10,-21,-9,-21,-9,-22,-8,-22,-7,-23,-7,-23,-6,-24,-6,-23,-6,-23,-7,-22,-7,-22,-8,-21,-8,-21,-9,-21,-10,-20,-11,-20,-11,-20,-12,-20,-12,-20,-12,-21,-13,-21,-5,-13,-17,-40,-17,-41,-17,-40,-17,-39,-17,-37,-18,-36,-18,-35,-19,-34,-20,-32,-22,-32,-23,-31,-24,-30,-24,-30,-24,-30,-24,-30,-24,-29,-23,-29,-23,-29,-22,-29,-20,-28,-19,-28,-17,-28,-16,-27,-15,-27,-13,-27,-12,-26,-3,-29,-1,-28,0,-6,0,-2,0,0,0,0,0,0,-2,-2,-4,-6,-16,-34,-14,-35,-16,-34,-14,-36,-12,-38,-11,-39,-9,-41,-8,-42,-7,-42,-6,-43,-5,-43,-4,-43,-4,-44,-4,-44,-4,-44,-4,-43,-4,-43,-5,-42,-6,-42,-7,-41,-7,-41,-9,-40,-10,-40,-12,-40,-13,-40,-15,-41,-16,-41,-16,-41]"
CSI_DATA,31,5c:01:3b:6b:b0:95,-45,11,1,5,0,1,1,1,0,0,0,-97,1,11,0,26499181,0,86,1,256,1,"[86,-32,4,0,12,-9,11,-9,11,-10,10,-10,10,-10,10,-10,9,-10,8,-10,8,-10,8,-10,8,-10,7,-10,7,-11,7,-11,7,-11,8,-11,8,-10,8,-10,7,-9,7,-9,7,-8,7,-8,7,-7,7,-7,7,-6,1,-2,0,0,0,0,0,0,0,0,0,0,0,0,0,0,0,0,0,0,2,-3,9,-9,10,-9,10,-9,11,-8,12,-8,12,-8,13,-7,13,-7,13,-6,14,-6,14,-6,14,-6,14,-6,13,-6,13,-6,13,-6,13,-6,12,-7,12,-7,12,-7,12,-8,12,-8,12,-8,12,-9,12,-9,12,-9,14,-9,48,-30,47,-30,46,-30,45,-30,44,-30,42,-30,41,-31,39,-32,37,-33,35,-34,34,-36,32,-36,32,-37,32,-37,32,-37,33,-37,33,-36,33,-35,33,-33,33,-31,32,-29,32,-27,31,-25,30,-24,30,-22,30,-19,33,-13,33,-11,5,-2,1,-1,-1,0,-2,1,-1,0,1,-2,5,-6,35,-32,37,-30,38,-31,41,-29,44,-26,46,-25,48,-23,51,-22,53,-20,54,-19,54,-17,54,-16,55,-16,55,-16,55,-16,54,-15,53,-16,53,-17,52,-18,51,-19,50,-19,49,-20,49,-22,49,-24,48,-26,48,-28,49,-29,49,-30]"
CSI_DATA,32,5c:01:3b:6b:b0:95,-46,11,1,6,0,1,1,1,0,0,0,-97,1,11,0,26532202,0,86,1,256,1,"[86,-32,4,0,16,20,16,19,16,18,16,17,16,17,16,16,16,15,16,14,17,14,17,13,17,12,17,12,17,12,18,12,18,12,17,13,17,13,16,13,15,13,14,13,13,13,12,13,11,13,10,13,9,13,2,3,0,0,0,0,0,0,0,0,0,0,0,0,0,0,0,0,0,0,4,3,16,14,16,15,15,17,15,18,14,19,14,20,13,21,13,22,12,22,11,23,11,24,11,24,11,24,11,23,11,23,11,22,11,22,12,21,12,21,13,21,14,21,14,20,15,20,15,20,16,21,16,21,7,13,26,42,26,41,25,40,25,39,25,38,25,37,25,35,26,34,27,32,28,30,29,29,29,28,30,29,30,29,30,28,29,28,29,28,28,28,26,29,24,29,22,28,21,28,19,27,18,27,16,27,14,27,8,30,6,30,0,5,-1,1,-1,-1,-2,-1,-1,-1,1,1,5,5,28,30,26,32,27,32,25,35,23,37,22,39,21,41,19,43,18,45,16,46,16,46,15,47,15,47,14,47,14,47,14,47,14,46,14,46,14,44,15,43,16,43,17,43,19,43,20,42,22,42,24,42,25,42,26,42]"
CSI_DATA,33,5c:01:3b:6b:b0:95,-45,11,1,6,0,1,1,1,0,0,0,-97,1,11,0,26567481,0,86,1,256,1,"[86,-32,4,0,-20,15,-19,15,-18,15,-17,15,-17,15,-16,15,-15,15,-14,15,-14,16,-13,16,-13,16,-13,16,-13,16,-12,16,-12,16,-13,16,-12,16,-12,15,-12,14,-12,13,-13,12,-13,11,-13,11,-13,10,-13,9,-4,2,0,0,0,0,0,0,0,0,0,0,0,0,0,0,0,0,0,0,-4,3,-15,14,-16,14,-17,14,-19,13,-19,13,-20,12,-21,12,-22,12,-22,11,-23,10,-23,10,-24,10,-23,9,-23,9,-22,9,-22,10,-22,10,-21,10,-21,11,-21,12,-20,13,-20,13,-19,13,-20,14,-20,15,-20,15,-14,6,-42,22,-41,21,-40,21,-39,21,-37,21,-36,22,-35,22,-33,23,-32,23,-31,24,-30,25,-29,26,-29,27,-29,26,-29,26,-29,26,-29,25,-29,24,-29,23,-29,22,-28,20,-27,19,-27,17,-27,16,-27,15,-27,13,-30,6,-29,4,-6,0,-2,-1,0,-1,0,-1,0,-1,-2,1,-6,4,-32,23,-34,20,-33,22,-35,20,-37,18,-39,17,-41,15,-42,14,-44,13,-45,12,-45,11,-45,11,-46,11,-46,11,-46,10,-46,10,-45,10,-45,10,-43,10,-42,11,-42,12,-42,14,-42,15,-42,16,-41,18,-41,20,-41,21,-42,22]"
CSI_DATA,34,5c:01:3b:6b:b0:95,-43,11,1,5,0,1,1,1,0,0,0,-97,1,11,0,26600925,0,86,1,256,1,"[86,-32,4,0,8,22,8,22,8,21,8,20,9,20,9,19,9,18,10,18,10,17,10,17,11,17,11,16,11,16,11,17,11,17,11,17,10,17,9,17,9,16,8,16,7,15,6,15,5,15,4,15,4,15,0,3,0,0,0,0,0,0,0,0,0,0,0,0,0,0,0,0,0,0,2,4,9,17,9,18,8,19,8,20,7,21,6,22,5,22,5,22,4,23,3,23,3,24,3,24,2,24,2,23,2,23,3,23,3,22,4,22,4,22,5,22,6,22,6,22,7,22,7,23,7,23,8,24,3,13,12,45,12,44,12,43,12,42,12,41,13,40,14,38,14,37,15,35,16,34,18,34,19,34,19,34,20,34,19,34,19,33,18,33,17,33,16,33,14,32,12,32,11,31,10,30,9,29,7,28,5,28,2,28,0,28,-1,5,-1,1,-1,-1,-1,-1,-1,-1,1,1,3,5,17,33,15,34,15,35,13,36,11,38,9,40,8,41,6,42,5,44,4,44,2,45,2,45,1,46,1,46,1,46,1,46,1,45,2,45,3,44,3,43,4,43,5,43,6,43,7,44,9,43,10,44,11,45,12,45]"
CSI_DATA,35,5c:01:3b:6b:b0:95,-45,11,1,6,0,1,1,1,0,0,0,-96,1,11,0,26632148,0,86,1,256,1,"[86,-32,4,0,-11,24,-10,24,-9,23,-8,22,-8,22,-7,22,-7,22,-6,21,-5,21,-4,21,-3,21,-3,21,-3,22,-3,22,-3,22,-4,21,-4,21,-5,20,-5,19,-6,19,-6,18,-6,17,-6,16,-6,16,-7,15,-2,3,0,0,0,0,0,0,0,0,0,0,0,0,0,0,0,0,0,0,-2,5,-5,20,-6,20,-8,21,-9,21,-10,21,-11,21,-13,21,-13,21,-14,21,-14,21,-15,21,-15,21,-15,21,-15,20,-15,20,-15,21,-14,20,-13,20,-13,21,-13,21,-12,22,-12,22,-11,22,-11,23,-11,25,-10,25,-7,14,-21,47,-21,46,-21,44,-20,43,-18,42,-17,42,-15,42,-14,41,-12,41,-11,41,-9,41,-8,42,-8,42,-8,42,-8,42,-8,41,-9,40,-10,39,-10,39,-11,37,-12,35,-12,33,-13,32,-13,31,-14,29,-15,28,-19,26,-20,24,-4,4,-2,0,0,-1,0,-2,0,-1,0,2,-1,6,-5,38,-8,38,-12,39,-15,39,-18,39,-20,39,-22,39,-24,39,-26,39,-28,39,-29,39,-30,38,-30,39,-30,39,-30,38,-31,38,-31,38,-31,38,-30,38,-28,38,-27,39,-26,40,-25,41,-24,42,-22,42,-22,44,-21,45,-21,46]"
CSI_DATA,36,5c:01:3b:6b:b0:95,-44,11,1,6,0,1,1,1,0,0,0,-96,1,11,0,26669286,0,86,1,256,1,"[86,-32,4,0,-25,0,-24,0,-23,1,-22,1,-22,2,-22,3,-21,3,-20,4,-20,4,-20,5,-20,5,-20,5,-20,5,-19,5,-20,5,-20,5,-19,5,-19,4,-18,3,-18,3,-18,2,-17,2,-17,1,-16,0,-16,0,-4,0,0,0,0,0,0,0,0,0,0,0,0,0,0,0,0,0,0,0,-5,0,-19,2,-19,1,-20,0,-21,-1,-21,-2,-22,-3,-22,-3,-22,-4,-22,-5,-22,-5,-23,-5,-23,-5,-22,-6,-22,-6,-22,-6,-22,-5,-22,-5,-22,-4,-22,-4,-22,-3,-22,-2,-23,-2,-23,-1,-23,0,-24,0,-24,0,-14,-3,-45,-7,-44,-7,-43,-7,-42,-7,-41,-6,-41,-5,-40,-3,-40,-2,-39,0,-38,1,-39,2,-39,3,-39,3,-39,3,-38,3,-38,3,-37,3,-37,2,-36,1,-35,0,-34,-2,-33,-2,-32,-3,-31,-3,-30,-4,-28,-5,-26,-12,-25,-13,-5,-3,-2,-1,0,0,0,-1,0,0,-2,0,-7,-1,-35,-2,-34,-4,-35,-3,-36,-5,-37,-8,-37,-10,-38,-12,-38,-13,-39,-15,-39,-16,-39,-17,-39,-17,-40,-17,-40,-17,-39,-18,-39,-18,-39,-18,-40,-17,-39,-16,-39,-15,-39,-14,-40,-13,-40,-12,-41,-11,-42,-9,-43,-8,-44,-7,-45,-7]"
CSI_DATA,37,5c:01:3b:6b:b0:95,-40,11,1,6,0,1,1,1,0,0,0,-96,1,11,0,26699131,0,86,1,256,1,"[86,-32,4,0,6,23,6,22,6,22,7,21,7,21,7,20,7,19,8,19,8,18,9,18,9,18,9,17,9,17,10,17,10,17,9,18,9,17,8,17,7,17,6,17,5,16,4,16,4,15,3,15,2,15,0,3,0,0,0,0,0,0,0,0,0,0,0,0,0,0,0,0,0,0,1,4,7,17,6,18,6,19,5,20,4,20,4,21,3,22,2,22,2,22,1,23,1,23,0,23,0,23,0,23,0,22,1,22,1,22,2,21,3,22,3,22,4,22,4,22,4,22,5,23,5,23,6,24,3,13,12,45,11,45,12,44,12,43,12,42,13,40,14,39,14,37,15,36,16,35,16,35,17,35,17,35,18,34,19,34,18,34,17,34,16,34,15,33,14,33,12,32,11,31,9,31,8,30,6,30,4,29,1,29,0,29,-1,5,-1,1,-1,-1,-1,-2,-1,-1,1,1,3,5,17,31,15,32,13,33,11,35,10,36,8,38,7,39,6,40,5,42,3,43,2,43,1,44,0,44,-1,44,-1,44,-1,43,0,43,1,43,1,42,2,42,4,42,5,42,6,42,7,42,8,43,9,43,10,44,10,44]"
CSI_DATA,38,5c:01:3b:6b:b0:95,-40,11,1,6,0,1,1,1,0,0,0,-96,1,11,0,26736258,0,86,1,256,1,"[86,-32,4,0,-21,-14,-21,-13,-21,-12,-20,-12,-20,-12,-20,-11,-20,-10,-20,-9,-20,-8,-20,-8,-21,-7,-21,-6,-21,-7,-20,-7,-21,-7,-21,-7,-20,-8,-19,-9,-18,-9,-17,-10,-16,-9,-16,-8,-15,-8,-15,-9,-14,-10,-4,-3,0,0,0,0,0,0,0,0,0,0,0,0,0,0,0,0,0,0,-5,-2,-18,-8,-18,-9,-18,-11,-18,-12,-18,-13,-18,-14,-18,-15,-17,-15,-17,-16,-17,-16,-18,-16,-18,-16,-18,-16,-18,-16,-17,-17,-17,-17,-17,-17,-17,-16,-18,-16,-18,-15,-19,-15,-19,-14,-19,-13,-21,-13,-22,-13,-23,-13,-14,-7,-42,-22,-42,-23,-41,-23,-40,-21,-39,-20,-39,-19,-39,-18,-38,-17,-38,-15,-39,-13,-39,-11,-40,-10,-40,-10,-40,-10,-39,-10,-39,-10,-38,-10,-38,-11,-37,-13,-35,-14,-34,-14,-32,-14,-31,-14,-30,-14,-28,-15,-27,-16,-26,-16,-24,-18,-5,-4,-2,-2,0,0,1,0,0,0,-3,-1,-7,-1,-37,-5,-36,-7,-35,-13,-34,-16,-34,-19,-34,-21,-35,-23,-35,-25,-34,-27,-33,-28,-33,-29,-33,-29,-34,-29,-35,-29,-34,-29,-34,-30,-34,-31,-33,-31,-33,-30,-34,-28,-34,-28,-36,-27,-36,-26,-38,-25,-39,-24,-41,-23,-42,-23,-42,-23]"
CSI_DATA,39,5c:01:3b:6b:b0:95,-40,11,1,6,0,1,1,1,0,0,0,-96,1,11,0,26766320,0,86,1,256,1,"[86,-32,4,0,21,-12,21,-12,20,-12,19,-12,19,-12,18,-12,17,-13,16,-13,16,-14,16,-14,16,-14,15,-14,15,-14,15,-15,15,-15,15,-14,15,-13,15,-13,15,-12,15,-11,15,-10,14,-9,14,-9,14,-8,14,-7,3,-2,0,0,0,0,0,0,0,0,0,0,0,0,0,0,0,0,0,0,3,-3,15,-11,16,-11,17,-11,18,-10,19,-10,20,-9,20,-9,21,-8,21,-7,21,-7,22,-7,22,-7,22,-6,22,-6,22,-6,21,-7,21,-7,21,-8,21,-8,21,-9,21,-9,20,-10,20,-10,21,-11,21,-11,22,-12,12,-6,42,-19,41,-19,40,-19,40,-19,38,-19,37,-20,36,-20,35,-21,34,-22,33,-23,32,-25,31,-25,31,-25,31,-25,31,-25,31,-25,31,-24,31,-23,31,-22,31,-20,30,-18,29,-17,29,-15,28,-14,28,-13,28,-11,28,-7,28,-5,4,-1,1,-1,-1,0,-1,0,-1,0,1,-2,4,-4,27,-21,29,-20,31,-20,33,-18,34,-17,36,-15,38,-14,39,-12,40,-11,41,-10,42,-9,42,-9,43,-9,43,-9,43,-8,43,-8,43,-8,42,-9,41,-9,41,-10,41,-11,41,-12,40,-13,40,-15,40,-16,41,-17,42,-18,42,-19]"
CSI_DATA,40,5c:01:3b:6b:b0:95,-40,11,1,6,0,1,1,1,0,0,0,-96,1,11,0,26800509,0,86,1,256,1,"[86,-32,4,0,14,-18,14,-18,13,-18,13,-18,12,-18,11,-18,11,-18,10,-18,9,-18,9,-18,9,-18,8,-18,8,-18,8,-19,8,-19,9,-18,9,-18,9,-17,9,-16,9,-16,10,-15,10,-14,10,-13,10,-12,10,-11,2,-3,0,0,0,0,0,0,0,0,0,0,0,0,0,0,0,0,0,0,2,-4,9,-16,10,-16,11,-16,12,-16,13,-16,14,-15,15,-15,16,-15,16,-15,17,-14,18,-14,18,-14,18,-14,17,-14,17,-14,16,-14,16,-14,16,-14,15,-15,15,-15,15,-16,15,-16,14,-16,15,-17,15,-18,15,-19,8,-11,28,-34,28,-34,28,-33,27,-33,25,-33,24,-33,23,-33,22,-33,20,-33,19,-34,18,-34,17,-34,17,-35,17,-35,17,-35,18,-34,18,-34,18,-33,19,-32,19,-31,19,-29,19,-27,19,-26,19,-24,20,-22,20,-21,22,-18,22,-16,4,-3,1,-1,-1,0,-1,0,-1,0,0,-2,2,-6,13,-32,15,-31,19,-30,21,-30,23,-29,25,-28,27,-28,29,-28,30,-27,32,-27,32,-26,33,-26,34,-26,34,-25,34,-25,34,-25,34,-25,34,-25,32,-25,31,-25,31,-27,30,-28,30,-29,29,-30,29,-31,29,-32,29,-33,29,-34]"
CSI_DATA,41,5c:01:3b:6b:b0:95,-44,11,1,6,0,1,1,1,0,0,0,-96,1,11,0,26832129,0,86,1,256,1,"[86,-32,4,0,16,-20,15,-20,15,-20,14,-20,13,-20,13,-20,12,-20,11,-20,10,-20,9,-20,9,-20,9,-20,9,-21,8,-21,9,-21,9,-21,9,-20,9,-20,9,-19,9,-18,10,-17,10,-16,10,-15,10,-14,11,-14,2,-4,0,0,0,0,0,0,0,0,0,0,0,0,0,0,0,0,0,0,2,-5,11,-17,12,-17,13,-17,14,-17,15,-16,17,-16,17,-16,18,-16,19,-15,19,-15,20,-14,20,-14,20,-14,20,-14,20,-14,19,-15,18,-15,18,-16,18,-16,17,-17,17,-17,17,-18,16,-18,17,-18,17,-20,17,-21,9,-12,31,-39,30,-39,29,-38,28,-37,27,-37,26,-37,24,-38,23,-38,21,-38,20,-38,19,-39,18,-39,17,-40,17,-40,17,-39,17,-39,18,-38,18,-38,19,-37,19,-35,19,-33,19,-31,20,-30,20,-28,20,-27,21,-25,23,-22,23,-20,4,-4,1,-1,-1,0,-1,1,-1,0,0,-3,2,-7,15,-35,17,-34,21,-32,24,-32,26,-31,28,-31,30,-31,32,-30,34,-30,36,-29,37,-28,37,-28,38,-28,38,-27,38,-27,38,-27,38,-27,37,-28,36,-28,34,-29,34,-30,34,-31,33,-33,33,-34,32,-35,32,-36,32,-37,32,-38]"
CSI_DATA,42,5c:01:3b:6b:b0:95,-45,11,1,6,0,1,1,1,0,0,0,-96,1,11,0,26867077,0,86,1,256,1,"[86,-32,4,0,-7,24,-7,23,-6,23,-5,22,-5,22,-4,22,-3,21,-2,21,-2,21,-2,21,-1,20,-1,21,0,21,0,21,0,21,0,21,-1,21,-1,20,-2,19,-2,19,-3,18,-4,17,-4,16,-5,16,-5,16,-2,4,0,0,0,0,0,0,0,0,0,0,0,0,0,0,0,0,0,0,-1,4,-4,19,-5,19,-6,20,-7,20,-8,20,-9,20,-10,21,-11,21,-11,20,-12,20,-13,20,-13,20,-13,20,-13,20,-13,20,-12,20,-11,20,-11,20,-10,20,-9,21,-9,22,-8,22,-8,22,-8,22,-8,24,-8,25,-7,13,-19,43,-19,43,-19,42,-17,41,-16,41,-14,40,-13,40,-12,40,-10,39,-9,39,-8,39,-7,39,-6,40,-6,40,-6,39,-6,39,-6,38,-7,38,-8,37,-8,36,-9,35,-9,33,-10,32,-11,30,-12,29,-14,28,-19,24,-20,22,-4,3,-2,1,0,-1,0,-2,0,-1,-1,1,-2,6,-12,35,-14,34,-13,35,-15,35,-18,35,-20,35,-21,35,-23,35,-25,36,-26,35,-28,35,-29,34,-29,35,-30,34,-30,34,-29,34,-29,34,-28,34,-27,34,-26,35,-25,36,-23,37,-22,38,-21,39,-21,40,-21,41,-21,42,-20,42]"
CSI_DATA,43,5c:01:3b:6b:b0:95,-41,11,1,6,0,1,1,1,0,0,0,-96,1,11,0,26899185,0,86,1,256,1,"[86,-32,4,0,-22,-1,-22,-1,-21,0,-20,1,-21,1,-20,1,-19,2,-19,2,-19,3,-19,3,-19,3,-19,4,-18,4,-18,4,-18,4,-18,4,-18,3,-17,2,-17,2,-17,1,-16,1,-16,1,-15,0,-15,-1,-14,-1,-4,-1,0,0,0,0,0,0,0,0,0,0,0,0,0,0,0,0,0,0,-5,0,-18,1,-18,0,-19,-1,-20,-2,-20,-2,-20,-3,-20,-4,-20,-4,-20,-5,-21,-6,-21,-6,-21,-6,-21,-7,-21,-6,-20,-6,-20,-6,-20,-5,-20,-4,-21,-4,-21,-3,-21,-3,-21,-3,-21,-2,-22,-2,-22,-1,-23,-1,-13,-3,-41,-8,-40,-8,-39,-8,-38,-8,-37,-7,-37,-6,-36,-5,-36,-4,-36,-2,-36,-1,-36,0,-36,1,-36,1,-36,1,-35,1,-35,1,-34,1,-34,0,-33,-1,-32,-2,-31,-3,-29,-3,-28,-4,-28,-5,-26,-6,-25,-7,-22,-13,-21,-14,-4,-3,-1,-1,0,0,0,-1,0,0,-2,0,-6,0,-32,-1,-32,-3,-33,-3,-34,-5,-35,-7,-35,-9,-36,-10,-36,-12,-36,-14,-36,-15,-36,-16,-36,-17,-37,-17,-36,-17,-36,-17,-36,-18,-36,-17,-36,-17,-35,-16,-36,-15,-36,-14,-37,-13,-37,-12,-38,-11,-38,-10,-39,-9,-41,-9,-41,-9]"
CSI_DATA,44,5c:01:3b:6b:b0:95,-41,11,1,6,0,1,1,1,0,0,0,-96,1,11,0,26934574,0,86,1,256,1,"[86,-32,4,0,-3,-13,-3,-13,-3,-12,-3,-11,-3,-11,-3,-11,-4,-11,-4,-11,-4,-10,-5,-10,-5,-10,-5,-10,-5,-10,-5,-10,-5,-10,-5,-10,-5,-10,-5,-10,-4,-9,-4,-9,-4,-9,-3,-9,-3,-8,-2,-8,-2,-8,-1,-2,0,0,0,0,0,0,0,0,0,0,0,0,0,0,0,0,0,0,-1,-3,-2,-10,-2,-10,-2,-11,-1,-11,-1,-11,0,-12,0,-12,0,-12,1,-12,1,-12,1,-12,1,-12,1,-12,1,-12,1,-12,1,-12,0,-12,0,-12,0,-12,-1,-12,-1,-12,-1,-12,-2,-12,-2,-12,-2,-13,-2,-13,-1,-15,-1,-47,-1,-47,0,-46,-1,-44,-2,-43,-3,-43,-4,-42,-5,-41,-6,-40,-8,-39,-9,-40,-11,-39,-11,-39,-11,-39,-11,-38,-11,-38,-11,-37,-10,-37,-10,-37,-8,-36,-7,-35,-7,-34,-6,-33,-4,-32,-3,-31,-1,-30,7,-29,9,-28,1,-5,0,-2,-1,0,-1,0,-1,0,-1,-2,-1,-7,-1,-36,2,-36,-1,-37,2,-37,4,-39,6,-40,8,-41,9,-41,10,-42,11,-41,12,-42,13,-42,13,-43,13,-43,14,-43,14,-43,13,-43,12,-43,11,-42,10,-42,9,-42,8,-42,7,-43,5,-44,4,-44,3,-45,2,-46,2,-46]"
CSI_DATA,45,5c:01:3b:6b:b0:95,-45,11,1,6,0,1,1,1,0,0,0,-96,1,11,0,26966223,0,86,1,256,1,"[86,-32,4,0,24,5,24,5,23,4,22,3,22,3,22,2,21,2,21,1,20,0,20,-1,21,-1,21,-2,21,-2,20,-2,20,-2,20,-1,20,-1,19,0,18,0,18,1,17,2,16,2,16,2,16,2,15,3,3,1,0,0,0,0,0,0,0,0,0,0,0,0,0,0,0,0,0,0,4,0,19,2,19,3,20,4,20,5,20,6,21,7,21,8,20,9,20,9,21,9,21,10,21,10,21,10,21,10,21,10,20,10,20,9,20,8,21,8,21,8,22,7,22,7,22,6,23,5,24,5,25,5,13,5,43,16,42,16,42,16,41,15,40,14,40,13,39,11,39,10,39,8,38,7,38,6,38,5,39,5,39,4,38,4,38,4,38,5,37,5,37,6,35,7,33,8,32,8,30,9,29,10,28,11,26,12,22,18,21,19,3,3,0,1,-1,-1,-2,-1,-1,-1,1,0,6,1,35,8,34,10,35,9,35,11,35,14,36,16,36,18,36,20,36,22,36,23,36,24,36,25,36,26,36,26,35,26,35,26,35,25,36,25,35,24,36,23,37,22,37,21,38,20,39,19,40,19,41,18,42,17,43,17]"
CSI_DATA,46,5c:01:3b:6b:b0:95,-45,11,1,6,0,1,1,1,0,0,0,-96,1,11,0,26999180,0,86,1,256,1,"[86,-32,4,0,-16,19,-16,19,-15,19,-14,18,-13,19,-12,18,-11,18,-10,18,-10,18,-9,18,-9,18,-9,18,-9,19,-9,19,-9,19,-9,19,-9,18,-9,18,-9,17,-9,16,-10,15,-10,14,-10,13,-10,13,-10,12,-3,3,0,0,0,0,0,0,0,0,0,0,0,0,0,0,0,0,0,0,-3,4,-11,16,-12,16,-13,16,-14,16,-15,16,-16,16,-17,16,-18,15,-18,15,-19,15,-19,15,-20,14,-20,14,-20,14,-19,14,-19,14,-18,15,-18,15,-17,15,-17,16,-17,17,-16,17,-16,17,-16,18,-17,19,-16,20,-11,10,-33,35,-33,34,-32,34,-31,33,-29,33,-28,33,-26,33,-25,33,-23,33,-22,34,-21,34,-20,35,-20,35,-20,35,-19,35,-19,35,-20,34,-20,34,-21,32,-21,30,-21,29,-21,27,-21,25,-21,24,-21,22,-22,21,-24,17,-25,16,-5,2,-2,0,0,-1,0,-2,0,-1,-1,1,-4,5,-20,31,-22,30,-23,29,-25,29,-28,28,-30,28,-32,27,-34,27,-36,26,-37,26,-38,25,-38,24,-39,24,-40,24,-39,24,-39,24,-39,24,-39,24,-38,24,-37,25,-36,26,-35,28,-35,29,-34,30,-33,31,-33,32,-34,33,-33,34]"
CSI_DATA,47,5c:01:3b:6b:b0:95,-44,11,1,5,0,1,1,1,0,0,0,-96,1,11,0,27033785,0,86,1,256,1,"[86,-32,4,0,18,-18,17,-18,16,-18,16,-18,15,-18,15,-18,14,-18,13,-18,12,-18,11,-19,11,-19,11,-19,10,-19,10,-19,11,-19,11,-19,11,-18,11,-18,11,-17,11,-16,11,-15,11,-13,11,-13,11,-12,11,-12,3,-3,0,0,0,0,0,0,0,0,0,0,0,0,0,0,0,0,0,0,3,-4,12,-16,13,-16,14,-15,15,-15,16,-15,17,-15,18,-14,19,-14,20,-13,20,-13,21,-13,21,-13,21,-12,20,-12,20,-12,20,-13,19,-13,19,-13,19,-14,19,-14,18,-15,18,-15,18,-16,18,-17,19,-18,19,-18,12,-9,39,-28,38,-28,37,-27,36,-27,35,-27,34,-27,32,-28,31,-28,29,-29,28,-30,27,-31,26,-31,26,-32,26,-32,26,-32,26,-31,26,-30,26,-30,26,-29,26,-27,26,-25,25,-23,25,-22,24,-21,24,-19,24,-17,28,-10,28,-8,5,-2,1,-1,-1,0,-1,0,-1,0,1,-2,4,-5,27,-25,28,-23,28,-25,30,-24,32,-23,34,-22,36,-21,38,-20,39,-19,40,-18,41,-17,41,-16,42,-17,43,-17,42,-16,43,-16,42,-16,41,-17,41,-18,40,-18,40,-19,39,-20,39,-21,39,-23,38,-24,39,-25,39,-27,40,-27]"
CSI_DATA,48,5c:01:3b:6b:b0:95,-41,11,1,6,0,1,1,1,0,0,0,-96,1,11,0,27068952,0,86,1,256,1,"[86,-32,4,0,11,-20,11,-19,10,-19,10,-19,10,-19,9,-18,8,-18,7,-19,6,-19,6,-18,5,-18,5,-18,5,-18,5,-19,5,-19,5,-19,5,-18,6,-17,6,-17,6,-16,7,-15,7,-14,7,-14,7,-13,7,-13,1,-4,0,0,0,0,0,0,0,0,0,0,0,0,0,0,0,0,0,0,1,-4,7,-16,8,-17,9,-17,10,-17,11,-17,12,-16,13,-16,13,-16,14,-16,15,-16,15,-16,15,-16,15,-15,15,-15,15,-15,14,-15,14,-16,13,-16,13,-17,13,-17,13,-17,12,-17,12,-18,12,-18,13,-20,12,-20,8,-10,26,-33,26,-33,25,-32,25,-32,24,-32,23,-31,21,-31,20,-31,19,-32,17,-33,16,-33,15,-34,15,-34,15,-34,14,-33,14,-33,15,-32,15,-31,16,-30,16,-29,16,-27,16,-26,16,-24,17,-23,17,-22,17,-20,21,-15,21,-14,3,-3,1,-1,-1,0,-1,0,-1,0,0,-2,2,-6,16,-29,18,-28,18,-29,19,-29,22,-28,23,-28,25,-27,27,-27,29,-26,30,-25,31,-25,32,-25,32,-25,33,-25,33,-25,32,-25,32,-25,32,-25,31,-25,30,-26,29,-27,29,-28,28,-28,28,-29,27,-30,27,-32,27,-33,28,-33]"
CSI_DATA,49,5c:01:3b:6b:b0:95,-45,11,1,6,0,1,1,1,0,0,0,-96,1,11,0,27099248,0,86,1,256,1,"[86,-32,4,0,-26,-6,-26,-6,-25,-5,-24,-5,-24,-4,-24,-4,-23,-3,-23,-2,-22,-1,-22,0,-23,0,-23,1,-23,1,-22,0,-22,0,-22,0,-22,0,-21,-1,-20,-2,-20,-2,-19,-3,-19,-3,-18,-3,-17,-4,-16,-4,-4,-2,0,0,0,0,0,0,0,0,0,0,0,0,0,0,0,0,0,0,-5,-1,-20,-3,-21,-4,-21,-5,-22,-6,-22,-7,-22,-8,-22,-9,-22,-10,-22,-11,-22,-11,-23,-11,-23,-12,-23,-12,-22,-12,-22,-12,-22,-11,-22,-11,-22,-10,-23,-10,-23,-9,-23,-9,-24,-8,-24,-7,-25,-7,-26,-7,-26,-7,-15,-6,-47,-18,-47,-18,-46,-18,-44,-17,-43,-16,-43,-14,-43,-13,-43,-11,-42,-10,-42,-8,-42,-6,-42,-5,-43,-5,-43,-5,-42,-6,-41,-6,-41,-6,-40,-6,-39,-7,-38,-8,-37,-9,-35,-9,-34,-10,-32,-10,-30,-11,-29,-12,-25,-18,-23,-19,-4,-4,-2,-2,0,0,1,0,0,0,-2,-1,-7,-2,-37,-9,-36,-11,-37,-11,-37,-14,-38,-16,-38,-19,-38,-21,-38,-22,-38,-24,-38,-26,-38,-27,-38,-27,-39,-27,-39,-27,-38,-28,-38,-28,-38,-28,-38,-28,-38,-27,-38,-26,-39,-25,-40,-24,-41,-23,-42,-21,-43,-20,-44,-19,-46,-18,-46,-18]"
CSI_DATA,50,5c:01:3b:6b:b0:95,-42,11,1,4,0,1,1,1,0,0,0,-96,1,11,0,27136959,0,86,1,256,1,"[86,-32,4,0,27,1,26,0,25,0,25,-1,25,-1,24,-2,23,-2,23,-3,22,-4,22,-5,22,-5,22,-5,22,-6,22,-6,22,-5,22,-5,22,-4,21,-4,20,-3,20,-2,19,-2,19,-1,18,-1,17,0,17,1,4,0,0,0,0,0,0,0,0,0,0,0,0,0,0,0,0,0,0,0,5,-1,20,-2,21,-1,22,0,22,1,23,2,23,3,24,4,24,5,24,5,24,6,25,6,25,7,25,7,24,7,24,6,24,6,24,5,24,4,24,4,24,4,25,3,25,3,25,2,26,1,27,1,27,1,14,4,48,12,48,12,47,11,45,10,45,9,44,8,44,7,43,6,42,4,43,2,43,1,42,-1,43,-1,43,-1,42,-1,42,-1,42,0,41,1,40,2,38,3,37,5,36,5,35,6,33,6,31,7,30,9,27,17,25,18,4,3,1,0,-1,-1,-2,-1,-1,-1,2,0,6,0,38,5,37,7,38,4,39,7,40,9,40,12,41,13,41,16,41,18,41,20,41,21,41,22,42,22,42,22,42,22,41,22,41,22,41,21,41,21,41,19,41,18,42,17,43,16,44,15,45,14,46,13,48,12,49,12]"
CSI_DATA,51,5c:01:3b:6b:b0:95,-45,11,1,7,0,1,1,1,0,0,0,-96,1,11,0,27166167,0,86,1,256,1,"[86,-32,4,0,21,12,21,11,20,11,20,10,20,9,20,9,20,8,20,7,20,6,20,5,20,4,20,4,20,5,20,5,20,5,20,5,19,5,19,6,18,6,17,7,16,7,15,6,15,7,14,7,13,8,3,2,0,0,0,0,0,0,0,0,0,0,0,0,0,0,0,0,0,0,4,1,17,7,17,8,17,9,17,10,17,11,17,13,17,14,16,14,16,15,16,15,17,16,17,16,17,16,17,16,17,15,16,15,17,14,17,14,17,14,18,13,18,13,19,13,19,12,20,12,22,12,22,12,13,6,43,20,42,20,42,20,41,19,40,17,40,16,39,15,39,13,39,12,39,10,39,8,39,7,40,7,40,7,39,7,39,7,39,8,38,8,37,9,35,10,34,10,32,11,31,11,30,12,28,13,27,13,26,13,24,15,4,2,1,0,-1,-1,-2,-1,-1,-1,1,0,6,0,35,5,35,7,34,12,33,15,33,17,34,19,34,22,34,23,34,25,33,27,33,28,33,29,33,29,33,30,33,30,33,30,33,29,33,28,33,27,34,26,35,25,36,25,37,24,38,23,39,22,40,22,41,22,42,22]"
CSI_DATA,52,5c:01:3b:6b:b0:95,-41,11,1,6,0,1,1,1,0,0,0,-96,1,11,0,27200788,0,86,1,256,1,"[86,-32,4,0,3,22,3,22,4,21,4,20,4,20,4,19,4,19,5,18,5,18,6,18,6,18,7,18,7,17,7,17,6,17,6,18,5,18,5,17,4,17,4,17,3,16,2,15,2,15,1,15,0,14,0,3,0,0,0,0,0,0,0,0,0,0,0,0,0,0,0,0,0,0,1,4,6,16,5,17,4,17,3,18,3,19,2,20,1,21,0,21,-1,21,-1,21,-2,22,-2,22,-2,21,-2,21,-2,21,-1,21,-1,20,0,20,0,20,1,21,1,21,2,21,2,21,3,21,3,22,3,23,1,13,5,43,5,42,5,41,5,41,5,40,6,39,6,38,7,37,8,36,10,35,11,35,12,34,12,34,12,34,12,34,11,34,10,34,9,34,8,33,7,32,5,31,5,30,4,29,3,28,2,28,0,27,-3,26,-4,26,-1,4,-1,1,-1,-1,-1,-1,-1,-1,0,1,2,5,12,29,10,30,9,32,6,33,4,34,3,35,1,37,0,38,-1,39,-3,39,-4,39,-5,40,-5,40,-5,40,-6,40,-6,40,-6,40,-5,40,-4,40,-4,40,-3,40,-2,40,-1,40,0,41,2,40,3,41,4,42,4,43]"
CSI_DATA,53,5c:01:3b:6b:b0:95,-44,11,1,5,0,1,1,1,0,0,0,-96,1,11,0,27235716,0,86,1,256,1,"[86,-32,4,0,-25,9,-25,9,-23,9,-23,10,-22,10,-22,10,-21,11,-20,11,-19,11,-19,12,-19,12,-19,12,-19,13,-18,13,-19,13,-19,12,-18,12,-18,11,-18,10,-18,10,-18,8,-17,8,-17,7,-17,6,-16,6,-5,1,0,0,0,0,0,0,0,0,0,0,0,0,0,0,0,0,0,0,-5,2,-18,9,-19,8,-20,7,-21,7,-22,6,-22,5,-23,5,-24,4,-24,4,-25,3,-25,3,-25,2,-25,2,-25,2,-24,2,-24,3,-24,4,-24,4,-24,5,-24,6,-24,6,-24,7,-24,7,-24,8,-25,8,-25,9,-16,3,-49,12,-49,11,-48,11,-46,12,-45,12,-44,12,-43,13,-41,14,-40,15,-39,17,-39,19,-38,20,-38,20,-38,20,-38,20,-38,20,-38,19,-37,18,-37,17,-36,15,-36,13,-35,12,-34,10,-33,10,-32,8,-31,6,-32,0,-31,-2,-6,-1,-2,-1,0,-1,1,-1,0,-1,-2,0,-6,2,-34,13,-35,11,-36,12,-37,10,-39,8,-41,6,-42,5,-44,3,-45,2,-46,1,-46,0,-46,-1,-47,-1,-47,-1,-47,-1,-47,-2,-47,-1,-47,0,-46,1,-46,2,-46,2,-46,4,-46,5,-47,6,-46,8,-47,9,-48,10,-49,11]"
CSI_DATA,54,5c:01:3b:6b:b0:95,-44,11,1,6,0,1,1,1,0,0,0,-96,1,11,0,27268002,0,86,1,256,1,"[86,-32,4,0,-21,-17,-21,-16,-20,-15,-20,-14,-20,-14,-20,-14,-20,-13,-20,-12,-20,-11,-21,-10,-21,-10,-21,-9,-21,-10,-21,-10,-21,-10,-21,-9,-20,-10,-19,-11,-18,-11,-18,-11,-17,-11,-16,-11,-15,-11,-15,-11,-14,-12,-4,-3,0,0,0,0,0,0,0,0,0,0,0,0,0,0,0,0,0,0,-5,-3,-17,-11,-17,-12,-17,-13,-17,-15,-17,-16,-16,-17,-16,-17,-15,-18,-15,-19,-16,-19,-16,-20,-16,-20,-16,-20,-16,-20,-15,-20,-16,-20,-16,-19,-16,-18,-16,-18,-17,-18,-17,-18,-18,-18,-19,-17,-20,-16,-21,-17,-21,-17,-11,-12,-36,-36,-35,-36,-34,-36,-33,-35,-32,-34,-33,-32,-33,-31,-33,-29,-34,-28,-35,-26,-36,-25,-37,-24,-37,-24,-37,-24,-36,-24,-36,-24,-35,-24,-34,-24,-33,-25,-31,-25,-29,-25,-28,-25,-26,-25,-25,-24,-23,-25,-21,-25,-15,-28,-13,-29,-3,-6,-1,-2,0,0,0,0,0,0,-2,-2,-5,-4,-28,-23,-27,-25,-29,-25,-28,-28,-27,-30,-26,-33,-25,-35,-24,-36,-24,-38,-23,-39,-22,-40,-22,-40,-23,-41,-23,-41,-22,-41,-22,-41,-22,-41,-23,-41,-23,-40,-24,-39,-25,-39,-26,-39,-27,-38,-29,-38,-30,-36,-32,-36,-34,-36,-34,-36]"
CSI_DATA,55,5c:01:3b:6b:b0:95,-44,11,1,5,0,1,1,1,0,0,0,-96,1,11,0,27302431,0,86,1,256,1,"[86,-32,4,0,-27,-1,-26,-1,-25,-1,-25,0,-25,0,-24,1,-23,1,-23,2,-23,3,-22,4,-22,4,-22,5,-22,5,-22,5,-22,5,-22,4,-22,4,-21,3,-21,2,-20,2,-20,1,-19,1,-18,1,-18,0,-17,-1,-5,-1,0,0,0,0,0,0,0,0,0,0,0,0,0,0,0,0,0,0,-5,0,-20,0,-21,-1,-21,-2,-22,-3,-22,-4,-23,-5,-23,-6,-23,-6,-23,-7,-24,-8,-24,-8,-24,-8,-24,-8,-23,-8,-23,-8,-24,-7,-23,-6,-23,-6,-24,-5,-24,-5,-24,-4,-25,-4,-25,-3,-26,-2,-27,-2,-27,-2,-15,-4,-49,-10,-49,-11,-48,-10,-46,-10,-45,-9,-45,-7,-44,-6,-44,-5,-43,-3,-43,-1,-43,0,-43,2,-43,2,-43,2,-43,2,-43,1,-42,1,-41,1,-41,0,-40,-2,-38,-3,-37,-4,-35,-4,-34,-5,-32,-6,-31,-7,-28,-15,-26,-17,-5,-4,-2,-2,0,0,0,-1,0,0,-2,0,-7,-1,-37,-4,-36,-6,-37,-5,-38,-8,-38,-10,-39,-12,-40,-14,-40,-16,-41,-18,-41,-19,-41,-21,-41,-21,-41,-21,-42,-21,-41,-22,-41,-22,-41,-22,-42,-21,-42,-20,-42,-19,-42,-18,-42,-17,-43,-16,-44,-14,-45,-13,-46,-12,-47,-11,-48,-11]"
CSI_DATA,56,5c:01:3b:6b:b0:95,-45,11,1,6,0,1,1,1,0,0,0,-96,1,11,0,27334046,0,86,1,256,1,"[86,-32,4,0,-8,-26,-8,-25,-8,-24,-8,-23,-9,-22,-9,-22,-10,-21,-10,-21,-11,-21,-11,-20,-11,-20,-12,-19,-12,-19,-12,-20,-12,-20,-12,-20,-11,-20,-10,-19,-10,-19,-9,-19,-8,-18,-7,-18,-6,-17,-5,-17,-5,-17,-1,-5,0,0,0,0,0,0,0,0,0,0,0,0,0,0,0,0,0,0,-2,-5,-7,-18,-7,-19,-6,-20,-6,-21,-5,-22,-4,-22,-3,-23,-3,-23,-2,-24,-2,-24,-1,-25,-1,-25,-1,-25,-1,-24,-1,-24,-2,-24,-2,-24,-3,-24,-3,-24,-4,-24,-5,-24,-5,-24,-6,-24,-6,-25,-7,-26,-7,-26,-2,-16,-7,-49,-7,-49,-7,-48,-7,-47,-7,-46,-8,-45,-9,-44,-10,-43,-12,-42,-13,-41,-15,-41,-16,-40,-16,-40,-16,-40,-16,-40,-15,-40,-14,-39,-13,-39,-12,-39,-10,-38,-9,-37,-8,-36,-7,-35,-6,-34,-4,-33,-3,-32,6,-31,8,-31,1,-6,0,-2,-1,0,0,0,0,0,-1,-2,-2,-6,-11,-35,-8,-36,-9,-36,-7,-37,-5,-39,-3,-40,-2,-42,0,-43,2,-44,3,-44,4,-45,4,-45,4,-46,5,-46,5,-46,5,-45,5,-45,4,-46,4,-45,3,-45,2,-45,1,-46,-1,-46,-2,-47,-4,-47,-5,-48,-6,-49,-6,-49]"
CSI_DATA,57,5c:01:3b:6b:b0:95,-45,11,1,7,0,1,1,1,0,0,0,-96,1,11,0,27366377,0,86,1,256,1,"[86,-32,4,0,-23,-11,-23,-11,-22,-10,-22,-9,-22,-8,-21,-8,-21,-7,-21,-6,-21,-6,-21,-5,-21,-5,-21,-4,-22,-4,-21,-4,-21,-5,-21,-5,-21,-5,-20,-6,-19,-6,-19,-6,-18,-7,-17,-7,-16,-7,-15,-8,-15,-8,-4,-2,0,0,0,0,0,0,0,0,0,0,0,0,0,0,0,0,0,0,-5,-2,-18,-6,-18,-7,-18,-8,-19,-10,-19,-10,-19,-11,-19,-12,-19,-13,-19,-13,-19,-14,-19,-15,-19,-15,-18,-15,-18,-15,-18,-15,-18,-14,-19,-14,-19,-13,-19,-13,-20,-12,-20,-12,-21,-12,-21,-11,-22,-11,-23,-11,-23,-11,-13,-8,-42,-24,-41,-25,-40,-24,-39,-23,-38,-22,-38,-21,-38,-20,-38,-18,-38,-16,-38,-15,-39,-13,-40,-12,-40,-11,-40,-12,-40,-12,-39,-12,-38,-13,-37,-13,-37,-14,-35,-15,-34,-16,-32,-16,-31,-16,-30,-16,-28,-17,-26,-17,-22,-21,-20,-22,-4,-5,-1,-2,0,0,0,0,0,0,-2,-1,-6,-2,-32,-11,-32,-13,-33,-14,-33,-17,-32,-20,-32,-22,-32,-24,-32,-25,-32,-27,-31,-29,-32,-30,-31,-30,-32,-31,-32,-31,-32,-31,-32,-31,-31,-31,-32,-31,-32,-30,-32,-29,-33,-28,-34,-28,-35,-27,-36,-27,-37,-25,-39,-24,-40,-24,-41,-24]"
CSI_DATA,58,5c:01:3b:6b:b0:95,-41,11,1,6,0,1,1,1,0,0,0,-96,1,11,0,27400755,0,86,1,256,1,"[86,-32,4,0,-14,-2,-13,-2,-13,-2,-12,-2,-12,-2,-12,-1,-12,-1,-12,-1,-11,0,-11,0,-11,0,-11,0,-11,1,-11,1,-12,1,-11,0,-11,0,-11,0,-11,-1,-10,-1,-10,-1,-10,-1,-10,-1,-9,-2,-9,-2,-2,-1,0,0,0,0,0,0,0,0,0,0,0,0,0,0,0,0,0,0,-3,-1,-10,-1,-10,-2,-10,-2,-11,-2,-11,-3,-11,-3,-11,-4,-11,-4,-11,-5,-11,-5,-12,-5,-12,-5,-11,-5,-11,-5,-11,-5,-12,-5,-12,-4,-11,-4,-12,-4,-12,-4,-12,-3,-12,-3,-12,-3,-13,-3,-13,-3,-13,-3,-15,-5,-48,-14,-48,-14,-47,-14,-45,-14,-44,-13,-43,-12,-43,-10,-43,-9,-43,-7,-42,-6,-43,-4,-43,-3,-43,-3,-43,-3,-42,-3,-42,-3,-41,-3,-41,-4,-41,-5,-39,-7,-38,-8,-36,-8,-35,-8,-34,-9,-32,-10,-31,-11,-28,-16,-26,-17,-5,-4,-2,-2,0,0,1,0,0,0,-2,-1,-7,-1,-34,-6,-34,-8,-36,-8,-36,-10,-37,-12,-38,-14,-38,-16,-38,-17,-38,-19,-38,-21,-38,-22,-39,-23,-40,-23,-40,-24,-39,-24,-39,-24,-39,-24,-40,-23,-40,-22,-40,-21,-41,-21,-41,-20,-42,-19,-43,-18,-44,-17,-46,-15,-47,-15,-47,-15]"
CSI_DATA,59,5c:01:3b:6b:b0:95,-44,11,1,5,0,1,1,1,0,0,0,-96,1,11,0,27435519,0,86,1,256,1,"[86,-32,4,0,-21,-17,-20,-17,-20,-16,-20,-15,-20,-14,-20,-14,-19,-13,-20,-12,-20,-12,-20,-11,-21,-10,-21,-10,-21,-10,-21,-10,-21,-10,-20,-11,-20,-11,-19,-11,-18,-12,-17,-12,-16,-12,-15,-11,-15,-11,-14,-12,-13,-12,-4,-3,0,0,0,0,0,0,0,0,0,0,0,0,0,0,0,0,0,0,-4,-3,-16,-10,-16,-12,-16,-13,-16,-14,-16,-15,-16,-16,-16,-17,-15,-18,-15,-18,-15,-19,-15,-19,-15,-19,-15,-19,-15,-19,-15,-19,-15,-19,-15,-18,-16,-18,-16,-18,-17,-18,-17,-17,-18,-17,-18,-16,-19,-17,-20,-17,-21,-17,-10,-12,-33,-37,-33,-37,-32,-36,-31,-35,-31,-34,-31,-33,-31,-31,-32,-30,-33,-28,-33,-27,-35,-26,-35,-25,-36,-25,-36,-25,-35,-25,-34,-25,-34,-25,-33,-25,-32,-26,-30,-26,-29,-26,-27,-26,-25,-26,-24,-26,-22,-25,-20,-25,-12,-29,-10,-30,-2,-6,-1,-2,0,0,0,0,0,0,-2,-2,-5,-4,-27,-23,-26,-25,-28,-24,-26,-27,-25,-29,-25,-31,-24,-33,-24,-35,-23,-37,-22,-38,-22,-39,-22,-39,-22,-40,-22,-40,-22,-40,-21,-40,-21,-40,-22,-40,-22,-39,-23,-38,-24,-38,-25,-38,-26,-37,-28,-37,-29,-36,-31,-36,-32,-37,-32,-37]"
CSI_DATA,60,5c:01:3b:6b:b0:95,-45,11,1,6,0,1,1,1,0,0,0,-96,1,11,0,27466663,0,86,1,256,1,"[86,-32,4,0,-21,15,-21,15,-19,15,-18,15,-18,15,-18,15,-17,15,-16,16,-15,16,-15,16,-15,16,-15,17,-14,17,-14,17,-15,17,-15,17,-15,16,-15,15,-15,14,-15,14,-15,12,-15,11,-15,11,-15,10,-15,9,-4,2,0,0,0,0,0,0,0,0,0,0,0,0,0,0,0,0,0,0,-4,3,-14,13,-15,13,-16,13,-17,12,-18,12,-19,12,-20,11,-20,11,-21,10,-22,10,-22,10,-22,10,-22,10,-22,9,-22,10,-22,10,-21,10,-21,11,-21,11,-21,12,-21,12,-20,13,-20,13,-21,14,-21,15,-21,16,-14,6,-43,23,-43,23,-42,22,-41,21,-40,22,-39,22,-37,23,-36,24,-35,25,-33,25,-33,27,-32,28,-33,28,-33,28,-32,27,-32,27,-32,26,-32,26,-33,24,-33,22,-32,21,-31,19,-30,18,-30,16,-30,15,-30,13,-32,6,-32,5,-6,0,-2,0,0,-1,0,-1,0,-1,-2,1,-5,3,-28,20,-30,18,-30,20,-32,19,-34,17,-36,16,-38,15,-39,14,-41,13,-41,12,-42,11,-43,11,-43,11,-44,11,-44,11,-44,10,-44,11,-44,11,-43,11,-42,12,-42,13,-42,15,-42,16,-42,18,-42,19,-43,21,-43,22,-43,23]"
CSI_DATA,61,5c:01:3b:6b:b0:95,-44,11,1,5,0,1,1,1,0,0,0,-96,1,11,0,27500893,0,86,1,256,1,"[86,-32,4,0,-20,16,-20,16,-19,16,-18,16,-18,16,-17,16,-16,16,-15,16,-14,16,-14,17,-14,17,-14,17,-14,18,-14,17,-14,17,-14,17,-14,16,-14,16,-14,15,-14,14,-14,13,-14,11,-14,11,-14,10,-14,10,-4,2,0,0,0,0,0,0,0,0,0,0,0,0,0,0,0,0,0,0,-3,3,-12,14,-13,14,-14,14,-15,13,-16,13,-17,13,-18,13,-19,12,-19,12,-20,12,-21,12,-21,11,-21,11,-21,11,-21,11,-21,11,-20,11,-20,12,-20,12,-19,13,-19,14,-19,14,-19,14,-19,15,-20,16,-20,17,-14,6,-43,22,-43,21,-42,21,-40,20,-39,20,-38,21,-37,21,-36,22,-34,23,-33,24,-32,25,-32,26,-32,27,-32,27,-32,26,-32,25,-32,24,-32,24,-32,23,-32,21,-32,19,-31,17,-30,16,-30,15,-29,13,-29,12,-32,3,-32,1,-6,0,-2,-1,0,-1,0,-1,0,-1,-2,1,-5,3,-29,18,-30,17,-28,20,-30,19,-32,17,-34,16,-36,15,-38,14,-39,13,-40,12,-41,11,-41,11,-42,12,-43,12,-43,11,-43,11,-42,11,-42,11,-42,11,-41,12,-41,13,-41,14,-41,15,-41,17,-40,18,-41,20,-42,21,-42,22]"
CSI_DATA,62,5c:01:3b:6b:b0:95,-40,11,1,5,0,1,1,1,0,0,0,-96,1,11,0,27533964,0,86,1,256,1,"[86,-32,4,0,8,-24,7,-23,6,-23,6,-23,6,-23,5,-22,4,-22,3,-22,3,-22,2,-22,2,-22,2,-22,1,-22,1,-22,2,-22,2,-22,2,-21,2,-21,3,-20,3,-19,4,-18,5,-17,5,-17,5,-16,6,-15,1,-4,0,0,0,0,0,0,0,0,0,0,0,0,0,0,0,0,0,0,0,-5,3,-18,4,-18,5,-19,6,-19,7,-20,8,-20,9,-20,10,-20,10,-20,11,-20,12,-20,12,-20,12,-20,12,-20,12,-20,11,-20,11,-20,10,-20,9,-20,9,-21,9,-22,9,-22,8,-22,9,-23,9,-24,8,-25,6,-14,19,-44,18,-43,18,-42,17,-41,16,-40,15,-40,14,-40,13,-40,11,-40,9,-40,7,-41,6,-41,6,-41,7,-41,7,-41,7,-40,8,-39,8,-39,9,-38,10,-37,11,-35,11,-34,11,-32,12,-31,12,-29,13,-28,18,-24,19,-22,3,-4,1,-1,-1,0,-1,1,-1,0,0,-2,0,-6,6,-33,8,-33,9,-34,11,-34,14,-34,16,-34,18,-34,20,-34,22,-35,23,-35,24,-35,25,-35,25,-36,26,-36,26,-35,26,-35,26,-35,25,-35,25,-35,24,-35,23,-36,23,-36,22,-38,21,-39,20,-41,19,-42,19,-43,19,-43]"
CSI_DATA,63,5c:01:3b:6b:b0:95,-45,11,1,6,0,1,1,1,0,0,0,-96,1,11,0,27566218,0,86,1,256,1,"[86,-32,4,0,-11,22,-11,21,-10,21,-9,20,-9,20,-8,20,-8,20,-7,20,-6,20,-6,20,-6,20,-5,19,-5,20,-5,20,-5,20,-5,20,-6,20,-6,19,-6,18,-7,18,-7,16,-8,15,-8,15,-8,14,-8,14,-3,3,0,0,0,0,0,0,0,0,0,0,0,0,0,0,0,0,0,0,-2,4,-6,16,-7,16,-8,17,-9,17,-10,17,-11,17,-12,17,-12,17,-13,17,-14,17,-15,17,-15,17,-15,17,-15,16,-14,16,-14,17,-14,17,-13,17,-13,18,-12,18,-12,19,-12,19,-12,20,-12,20,-12,21,-11,22,-7,12,-21,42,-22,41,-21,40,-20,40,-19,39,-18,39,-17,38,-15,38,-14,38,-12,38,-11,39,-10,39,-9,39,-10,39,-10,39,-10,39,-11,38,-11,37,-12,36,-13,35,-14,33,-14,31,-14,30,-15,29,-15,27,-16,26,-18,24,-19,23,-4,4,-2,1,0,-1,0,-2,0,-1,0,1,-1,5,-4,32,-6,32,-11,32,-13,32,-16,32,-18,32,-20,32,-22,32,-24,32,-25,32,-26,32,-27,32,-27,33,-28,33,-28,32,-28,32,-28,32,-28,32,-27,32,-26,33,-26,34,-25,35,-24,36,-23,37,-22,38,-21,39,-21,40,-21,41]"
CSI_DATA,64,5c:01:3b:6b:b0:95,-45,11,1,6,0,1,1,1,0,0,0,-96,1,11,0,27599127,0,86,1,256,1,"[86,-32,4,0,24,11,23,11,23,10,23,9,23,9,22,8,22,7,22,7,22,6,22,5,22,4,22,4,22,4,22,4,22,4,22,4,22,5,21,6,20,6,19,6,19,7,18,7,17,7,16,8,15,8,3,2,0,0,0,0,0,0,0,0,0,0,0,0,0,0,0,0,0,0,4,1,18,6,18,7,18,8,18,9,19,10,19,11,18,13,18,13,18,14,18,15,19,16,18,16,18,16,18,15,18,15,18,15,19,14,19,13,20,13,20,13,21,12,21,12,22,12,22,12,23,12,24,12,14,7,46,23,45,23,44,22,43,21,43,20,43,19,43,17,43,16,42,14,42,12,43,10,43,10,43,10,43,10,43,10,43,10,42,10,41,11,41,12,39,13,37,14,35,14,33,15,32,15,30,16,28,17,26,20,24,22,4,4,1,1,-1,-1,-2,-1,-1,-1,1,0,6,0,35,5,35,8,34,12,34,15,35,18,35,20,35,22,35,24,35,26,35,28,35,29,35,29,35,30,35,30,35,30,35,31,35,30,36,30,35,29,36,28,37,27,38,26,39,25,41,25,42,24,43,23,44,23,45,23]"
CSI_DATA,65,5c:01:3b:6b:b0:95,-43,11,1,4,0,1,1,1,0,0,0,-96,1,11,0,27639812,0,86,1,256,1,"[86,-32,4,0,-2,27,-2,26,-1,25,-1,25,0,24,0,24,1,23,2,23,2,23,3,23,3,22,3,22,4,23,4,23,4,23,3,23,3,23,2,22,1,21,0,21,0,20,-1,19,-2,18,-2,18,-3,18,-1,4,0,0,0,0,0,0,0,0,0,0,0,0,0,0,0,0,0,0,0,4,2,19,1,19,0,20,-1,21,-2,21,-3,22,-4,23,-5,23,-6,23,-6,23,-7,24,-7,24,-7,24,-7,23,-7,23,-7,23,-6,23,-5,23,-5,23,-4,24,-4,24,-3,24,-3,24,-2,25,-2,27,-2,27,-6,14,-16,47,-16,46,-16,46,-15,44,-13,44,-12,44,-11,43,-10,42,-8,42,-7,42,-6,43,-4,43,-4,43,-4,43,-4,43,-4,42,-5,41,-6,40,-7,39,-8,38,-10,37,-10,36,-10,34,-11,33,-12,31,-13,30,-22,25,-23,23,-5,4,-2,1,0,-1,0,-2,0,-1,-1,1,-2,6,-8,34,-10,34,-6,35,-8,36,-11,37,-13,37,-15,37,-17,38,-19,38,-21,38,-22,38,-23,38,-23,39,-23,40,-23,39,-24,39,-24,39,-24,38,-23,38,-22,38,-21,39,-20,41,-19,41,-18,42,-17,43,-16,45,-15,46,-15,48]"
CSI_DATA,66,5c:01:3b:6b:b0:95,-46,11,1,6,0,1,1,1,0,0,0,-96,1,11,0,27666222,0,86,1,256,1,"[86,-32,4,0,-19,19,-19,18,-17,18,-17,18,-16,18,-15,18,-14,18,-13,19,-12,19,-12,19,-12,19,-12,19,-11,20,-11,20,-11,19,-12,19,-12,19,-12,18,-12,17,-12,16,-13,15,-13,14,-12,13,-13,13,-13,12,-4,3,0,0,0,0,0,0,0,0,0,0,0,0,0,0,0,0,0,0,-3,3,-12,14,-13,14,-14,14,-15,14,-16,14,-17,14,-18,14,-19,13,-19,13,-20,13,-21,13,-21,13,-21,12,-21,12,-21,12,-21,13,-20,13,-19,13,-19,14,-19,15,-19,15,-19,16,-18,16,-18,17,-19,18,-19,19,-13,8,-40,29,-40,29,-39,28,-38,28,-37,28,-35,28,-34,28,-33,29,-31,29,-29,30,-28,32,-27,33,-27,34,-27,33,-27,33,-28,32,-28,31,-28,30,-29,29,-29,27,-28,25,-28,24,-27,23,-27,22,-27,20,-27,18,-31,11,-31,9,-6,1,-2,0,0,-1,0,-1,0,-1,-2,1,-5,4,-26,24,-27,22,-27,24,-29,22,-31,21,-33,20,-35,19,-37,18,-39,18,-40,17,-40,16,-41,17,-41,17,-42,18,-42,17,-42,17,-42,17,-42,17,-41,17,-40,18,-40,19,-40,20,-40,22,-39,23,-39,25,-39,27,-39,28,-40,29]"
CSI_DATA,67,5c:01:3b:6b:b0:95,-45,11,1,5,0,1,1,1,0,0,0,-96,1,11,0,27700986,0,86,1,256,1,"[86,-32,4,0,-13,-23,-13,-22,-13,-21,-13,-20,-14,-20,-14,-19,-14,-19,-15,-18,-15,-18,-16,-17,-16,-16,-17,-16,-16,-16,-16,-17,-16,-17,-16,-17,-15,-17,-14,-17,-13,-17,-13,-17,-12,-16,-11,-16,-10,-15,-9,-16,-9,-16,-2,-4,0,0,0,0,0,0,0,0,0,0,0,0,0,0,0,0,0,0,-3,-4,-12,-15,-11,-16,-11,-18,-11,-19,-10,-19,-9,-20,-9,-21,-8,-21,-8,-22,-8,-22,-8,-23,-8,-23,-8,-23,-7,-23,-7,-23,-8,-23,-8,-22,-9,-22,-9,-22,-10,-22,-10,-22,-11,-22,-12,-22,-13,-22,-13,-23,-14,-23,-4,-15,-14,-46,-14,-46,-13,-45,-13,-44,-14,-43,-15,-42,-16,-41,-17,-40,-18,-38,-19,-38,-21,-37,-22,-36,-22,-36,-22,-37,-21,-37,-21,-36,-20,-36,-19,-36,-18,-36,-17,-35,-15,-35,-13,-34,-12,-33,-11,-32,-9,-31,-8,-31,3,-32,5,-31,1,-6,0,-2,-1,0,0,0,-1,0,-1,-2,-3,-6,-12,-32,-10,-33,-14,-32,-12,-34,-10,-36,-9,-37,-8,-39,-6,-40,-5,-41,-5,-42,-4,-42,-3,-43,-3,-43,-3,-44,-3,-44,-2,-44,-2,-44,-3,-44,-4,-43,-5,-43,-5,-43,-6,-43,-8,-43,-9,-44,-11,-44,-12,-44,-13,-45,-14,-45]"
CSI_DATA,68,5c:01:3b:6b:b0:95,-46,11,1,6,0,1,1,1,0,0,0,-96,1,11,0,27737106,0,86,1,256,1,"[86,-32,4,0,-22,16,-22,16,-20,16,-20,16,-20,16,-19,16,-18,16,-17,16,-16,17,-16,17,-15,17,-15,17,-15,18,-15,18,-16,18,-16,17,-16,17,-16,16,-16,15,-16,13,-16,12,-16,11,-16,11,-15,10,-15,9,-4,2,0,0,0,0,0,0,0,0,0,0,0,0,0,0,0,0,0,0,-4,3,-13,14,-14,14,-16,14,-17,13,-18,13,-19,13,-20,12,-21,12,-21,11,-22,11,-22,12,-23,11,-22,11,-22,11,-22,11,-22,11,-22,11,-21,11,-21,12,-21,13,-21,13,-21,14,-21,14,-21,15,-22,16,-21,17,-14,8,-44,27,-44,26,-43,26,-42,25,-41,25,-40,26,-38,26,-37,26,-36,27,-34,28,-33,30,-32,31,-33,31,-33,31,-33,30,-33,30,-33,29,-34,28,-34,26,-34,24,-33,22,-32,20,-32,19,-32,18,-31,16,-31,14,-33,8,-32,6,-6,1,-2,0,0,-1,0,-1,0,-1,-2,1,-5,4,-25,26,-27,24,-28,25,-30,23,-33,22,-35,21,-37,20,-39,19,-41,18,-42,17,-43,16,-43,16,-44,16,-45,16,-45,15,-45,15,-45,15,-44,15,-44,16,-43,17,-43,18,-43,19,-43,20,-43,22,-42,23,-43,25,-43,26,-43,27]"
CSI_DATA,69,5c:01:3b:6b:b0:95,-45,11,1,5,0,1,1,1,0,0,0,-96,1,11,0,27769614,0,86,1,256,1,"[86,-32,4,0,-4,-28,-4,-27,-4,-26,-5,-26,-5,-26,-6,-25,-6,-24,-7,-23,-8,-23,-9,-23,-9,-22,-9,-22,-9,-22,-9,-23,-9,-23,-9,-23,-8,-23,-7,-23,-7,-22,-6,-21,-5,-21,-4,-20,-4,-19,-3,-19,-2,-19,-1,-5,0,0,0,0,0,0,0,0,0,0,0,0,0,0,0,0,0,0,-2,-5,-5,-19,-4,-20,-4,-21,-3,-22,-2,-23,-1,-24,0,-24,1,-24,2,-24,2,-25,2,-26,2,-26,2,-26,2,-25,2,-25,2,-25,1,-25,1,-25,0,-25,0,-26,-1,-26,-2,-26,-2,-26,-3,-27,-3,-28,-4,-29,2,-16,5,-51,5,-51,5,-50,4,-49,4,-47,3,-47,2,-46,0,-45,-2,-45,-4,-44,-5,-45,-7,-44,-7,-45,-7,-45,-6,-45,-6,-44,-5,-43,-5,-43,-4,-42,-2,-41,-1,-40,0,-38,1,-37,2,-36,3,-35,4,-33,15,-30,17,-29,3,-5,1,-2,-1,0,-1,1,-1,0,-1,-2,0,-7,1,-36,4,-37,-1,-37,2,-38,4,-39,6,-40,8,-41,10,-41,12,-42,13,-42,14,-43,15,-43,15,-44,15,-45,15,-44,16,-44,16,-44,15,-44,14,-44,13,-44,12,-44,11,-45,10,-46,9,-47,7,-47,6,-49,5,-50,5,-51]"
CSI_DATA,70,5c:01:3b:6b:b0:95,-44,11,1,4,0,1,1,1,0,0,0,-96,1,11,0,27810584,0,86,1,256,1,"[86,-32,4,0,-17,17,-16,17,-15,17,-14,17,-14,17,-13,17,-12,17,-11,17,-11,17,-10,18,-10,18,-10,18,-10,18,-10,18,-10,18,-10,18,-10,18,-10,17,-10,16,-11,15,-11,14,-11,13,-11,13,-11,12,-11,11,-3,2,0,0,0,0,0,0,0,0,0,0,0,0,0,0,0,0,0,0,-3,3,-10,14,-11,14,-12,13,-13,13,-14,13,-15,13,-16,13,-17,13,-17,13,-18,13,-19,13,-19,13,-19,12,-18,12,-18,12,-18,12,-18,13,-17,13,-17,14,-17,14,-17,15,-16,15,-16,16,-16,17,-16,17,-16,18,-12,7,-36,26,-36,25,-36,25,-34,25,-33,25,-32,26,-31,26,-29,25,-28,26,-27,27,-26,29,-25,30,-25,30,-25,30,-25,30,-25,29,-25,28,-25,27,-25,26,-25,25,-26,23,-25,22,-25,21,-24,20,-24,18,-24,17,-28,10,-28,8,-5,1,-2,0,0,-1,0,-1,0,-1,-2,1,-5,3,-24,20,-26,19,-24,21,-26,20,-29,19,-30,18,-32,17,-33,17,-35,16,-36,15,-37,14,-37,14,-38,15,-38,15,-38,15,-39,14,-38,14,-38,14,-38,15,-37,16,-36,17,-36,18,-36,19,-36,21,-35,22,-35,24,-36,25,-37,26]"
CSI_DATA,71,5c:01:3b:6b:b0:95,-45,11,1,4,0,1,1,1,0,0,0,-96,1,11,0,27834610,0,86,1,256,1,"[86,-32,4,0,-10,24,-9,24,-9,23,-8,23,-8,22,-7,22,-6,22,-5,22,-5,22,-4,22,-4,21,-3,21,-3,22,-3,22,-3,22,-4,22,-4,22,-5,21,-5,20,-6,19,-6,18,-7,17,-7,16,-7,16,-7,15,-2,3,0,0,0,0,0,0,0,0,0,0,0,0,0,0,0,0,0,0,-1,4,-4,18,-5,18,-7,19,-8,19,-9,19,-10,19,-11,20,-12,19,-12,19,-13,20,-14,20,-14,20,-14,19,-14,19,-13,19,-13,19,-13,19,-12,20,-12,20,-11,21,-11,21,-11,21,-10,22,-10,23,-10,24,-10,24,-9,12,-27,40,-27,40,-27,39,-25,38,-24,38,-23,38,-22,38,-20,37,-19,37,-17,38,-16,39,-15,39,-15,39,-15,39,-15,39,-16,38,-16,37,-16,36,-17,35,-18,34,-18,33,-18,31,-18,29,-18,28,-19,26,-20,25,-26,19,-27,17,-5,3,-2,0,0,-1,0,-1,0,-1,-1,1,-3,5,-15,31,-17,30,-15,32,-18,31,-20,31,-23,32,-24,31,-26,31,-28,31,-30,30,-31,30,-31,30,-32,31,-33,31,-33,30,-33,30,-33,30,-33,30,-32,30,-31,30,-30,31,-29,33,-29,34,-28,35,-27,36,-27,38,-27,40,-27,41]"
CSI_DATA,72,5c:01:3b:6b:b0:95,-47,11,1,5,0,1,1,1,0,0,0,-96,1,11,0,27866125,0,86,1,256,1,"[86,-32,4,0,11,-25,10,-25,10,-24,9,-24,9,-24,8,-24,7,-23,6,-23,5,-23,5,-23,4,-23,4,-23,4,-23,4,-23,5,-24,5,-23,5,-23,6,-23,6,-22,6,-21,7,-19,7,-18,8,-17,8,-17,8,-16,2,-4,0,0,0,0,0,0,0,0,0,0,0,0,0,0,0,0,0,0,1,-5,5,-19,6,-19,7,-20,8,-20,9,-20,10,-20,11,-21,12,-20,13,-20,14,-20,14,-20,14,-20,14,-20,14,-20,14,-20,14,-20,13,-20,13,-20,13,-21,12,-21,12,-22,11,-22,11,-23,11,-23,11,-25,11,-25,9,-13,29,-42,29,-41,28,-40,27,-39,26,-39,25,-39,24,-39,22,-39,20,-39,18,-40,16,-42,15,-42,16,-43,17,-42,17,-41,17,-40,17,-39,17,-39,18,-38,19,-36,19,-35,19,-33,19,-31,19,-30,20,-28,20,-26,27,-19,28,-17,5,-3,1,-1,-1,0,-1,0,-1,0,0,-2,2,-6,13,-33,16,-32,15,-34,17,-33,20,-33,23,-32,25,-32,27,-32,29,-32,31,-32,31,-32,32,-32,32,-33,32,-33,33,-33,34,-32,34,-31,33,-32,32,-31,31,-32,31,-33,30,-34,30,-35,29,-37,28,-38,27,-40,27,-42,27,-43]"
CSI_DATA,73,5c:01:3b:6b:b0:95,-45,11,1,4,0,1,1,1,0,0,0,-96,1,11,0,27900977,0,86,1,256,1,"[86,-32,4,0,-21,-16,-21,-15,-20,-14,-20,-14,-20,-13,-20,-13,-20,-12,-20,-11,-20,-10,-20,-10,-21,-9,-21,-9,-21,-9,-21,-9,-21,-9,-21,-9,-20,-10,-19,-10,-18,-10,-18,-10,-17,-10,-16,-10,-15,-11,-14,-11,-13,-11,-4,-3,0,0,0,0,0,0,0,0,0,0,0,0,0,0,0,0,0,0,-4,-3,-16,-9,-16,-10,-16,-12,-16,-13,-16,-14,-16,-15,-16,-15,-16,-16,-15,-17,-15,-18,-15,-18,-15,-19,-15,-19,-15,-19,-15,-18,-15,-18,-16,-17,-16,-17,-17,-17,-17,-16,-18,-16,-18,-16,-18,-15,-19,-16,-21,-16,-21,-17,-10,-12,-32,-36,-31,-36,-31,-35,-30,-34,-30,-33,-31,-32,-31,-31,-31,-29,-31,-27,-32,-27,-33,-26,-34,-24,-35,-24,-35,-24,-34,-24,-34,-24,-33,-24,-32,-24,-30,-25,-29,-25,-27,-26,-26,-25,-25,-25,-23,-24,-22,-24,-20,-25,-13,-29,-10,-29,-2,-6,-1,-2,0,0,0,0,0,0,-2,-1,-5,-4,-25,-22,-24,-24,-26,-23,-25,-26,-24,-28,-23,-30,-23,-32,-22,-33,-21,-35,-20,-36,-20,-37,-20,-38,-21,-39,-21,-39,-20,-39,-20,-39,-20,-39,-20,-39,-21,-38,-21,-37,-22,-37,-24,-36,-25,-36,-26,-36,-27,-35,-29,-35,-31,-36,-32,-36]"
CSI_DATA,74,5c:01:3b:6b:b0:95,-46,11,1,5,0,1,1,1,0,0,0,-96,1,11,0,27932252,0,86,1,256,1,"[86,-32,4,0,21,-15,20,-15,19,-15,18,-15,18,-16,17,-16,16,-16,15,-17,15,-17,14,-17,14,-17,14,-17,13,-18,13,-18,13,-18,14,-18,13,-17,13,-16,13,-16,13,-15,13,-14,13,-12,13,-12,13,-11,13,-10,3,-3,0,0,0,0,0,0,0,0,0,0,0,0,0,0,0,0,0,0,3,-3,14,-12,14,-12,15,-11,16,-11,17,-10,18,-10,19,-10,20,-10,20,-9,21,-8,21,-8,22,-8,22,-7,21,-8,21,-8,21,-9,20,-9,20,-10,20,-11,20,-11,20,-12,20,-12,20,-13,20,-13,21,-14,21,-15,12,-7,42,-24,42,-23,40,-23,39,-23,37,-23,36,-24,35,-25,34,-26,32,-26,31,-27,31,-29,30,-29,30,-30,30,-30,30,-30,30,-30,30,-29,29,-28,29,-27,29,-26,28,-24,28,-22,28,-21,27,-19,27,-17,27,-15,30,-8,30,-7,5,-1,1,-1,-1,0,-1,0,-1,0,1,-2,4,-4,26,-19,28,-17,28,-19,30,-18,32,-16,34,-15,35,-14,37,-13,38,-12,39,-11,40,-11,41,-10,41,-10,42,-10,42,-10,42,-10,42,-10,42,-11,41,-12,41,-13,40,-14,40,-15,40,-16,41,-18,40,-19,41,-20,41,-22,42,-22]"
CSI_DATA,75,5c:01:3b:6b:b0:95,-44,11,1,4,0,1,1,1,0,0,0,-96,1,11,0,27972503,0,86,1,256,1,"[86,-32,4,0,-27,-7,-27,-6,-26,-6,-25,-5,-25,-5,-25,-4,-24,-4,-24,-3,-24,-2,-24,-1,-24,0,-24,0,-24,0,-24,0,-24,0,-24,0,-23,-1,-23,-2,-22,-2,-21,-3,-21,-3,-20,-4,-19,-4,-18,-4,-18,-5,-5,-2,0,0,0,0,0,0,0,0,0,0,0,0,0,0,0,0,0,0,-5,-1,-19,-3,-20,-4,-20,-5,-21,-6,-21,-7,-21,-8,-21,-9,-21,-10,-21,-11,-22,-11,-22,-11,-23,-12,-22,-12,-22,-12,-22,-11,-22,-11,-22,-10,-22,-10,-22,-10,-23,-9,-24,-9,-24,-8,-24,-8,-25,-7,-26,-7,-27,-7,-15,-7,-47,-19,-47,-19,-46,-19,-45,-18,-45,-17,-45,-16,-44,-14,-43,-13,-43,-11,-44,-10,-44,-8,-44,-7,-44,-6,-45,-6,-44,-6,-44,-7,-44,-7,-42,-8,-41,-9,-40,-10,-39,-11,-37,-12,-36,-12,-34,-12,-32,-13,-31,-14,-27,-20,-25,-21,-5,-4,-2,-2,0,0,0,0,0,0,-2,-1,-7,-1,-34,-7,-34,-9,-35,-10,-36,-12,-36,-15,-37,-17,-37,-19,-37,-21,-37,-23,-37,-24,-37,-26,-37,-27,-38,-27,-38,-27,-38,-27,-38,-27,-38,-27,-38,-27,-38,-26,-38,-25,-39,-24,-41,-23,-42,-22,-43,-21,-43,-20,-45,-20,-46,-20,-48,-20]"
CSI_DATA,76,5c:01:3b:6b:b0:95,-46,11,1,5,0,1,1,1,0,0,0,-96,1,11,0,27999109,0,86,1,256,1,"[86,-32,4,0,-24,-12,-24,-11,-23,-10,-23,-10,-23,-9,-23,-8,-22,-8,-22,-7,-22,-6,-23,-6,-23,-6,-23,-5,-23,-5,-22,-5,-23,-5,-23,-5,-22,-6,-22,-6,-21,-6,-20,-7,-19,-7,-18,-7,-17,-8,-17,-8,-16,-9,-4,-3,0,0,0,0,0,0,0,0,0,0,0,0,0,0,0,0,0,0,-5,-2,-18,-6,-18,-7,-18,-8,-19,-9,-19,-10,-19,-11,-19,-12,-19,-12,-19,-13,-19,-14,-19,-15,-19,-16,-19,-16,-19,-15,-19,-15,-19,-15,-19,-14,-19,-13,-20,-13,-20,-13,-21,-12,-22,-12,-22,-12,-22,-12,-24,-12,-24,-12,-14,-8,-45,-24,-44,-25,-43,-24,-42,-23,-42,-22,-42,-20,-41,-19,-41,-18,-41,-16,-41,-15,-42,-13,-42,-12,-43,-12,-43,-12,-42,-12,-42,-12,-41,-12,-41,-12,-40,-13,-38,-14,-37,-15,-35,-15,-33,-16,-32,-16,-30,-17,-28,-18,-25,-22,-23,-23,-4,-5,-2,-2,0,0,0,0,0,0,-2,-1,-6,-2,-33,-10,-32,-12,-33,-13,-33,-16,-33,-18,-33,-20,-34,-22,-34,-24,-34,-26,-34,-27,-34,-29,-33,-30,-33,-30,-33,-31,-33,-31,-33,-31,-33,-31,-34,-30,-35,-29,-35,-29,-36,-28,-37,-27,-38,-26,-39,-26,-40,-25,-41,-25,-42,-25,-43,-25]"
CSI_DATA,77,5c:01:3b:6b:b0:95,-45,11,1,5,0,1,1,1,0,0,0,-96,1,11,0,28032179,0,86,1,256,1,"[86,-32,4,0,9,23,9,23,9,22,10,21,10,21,10,20,11,19,11,19,12,18,12,18,12,17,13,17,13,18,13,17,13,18,12,18,12,18,11,18,10,17,9,17,8,17,7,16,7,16,6,16,5,16,1,4,0,0,0,0,0,0,0,0,0,0,0,0,0,0,0,0,0,0,2,3,9,14,9,15,8,17,7,18,7,19,6,19,6,20,5,21,4,21,4,21,4,22,4,22,4,22,4,22,4,22,4,22,4,22,5,21,5,22,6,22,7,22,7,22,8,21,8,22,9,23,10,24,3,14,12,46,11,46,11,45,11,44,12,43,13,42,13,41,14,40,15,38,16,37,18,37,18,37,19,37,19,37,19,37,19,37,18,36,17,36,16,36,14,36,12,35,11,34,10,33,8,32,7,32,5,31,-3,31,-5,31,-1,5,-1,1,-1,-1,-1,-1,-1,-1,0,1,2,5,12,30,10,31,13,30,11,32,9,34,8,36,7,37,5,39,4,40,3,41,2,41,1,41,1,42,0,43,0,43,0,43,0,43,1,43,2,42,2,42,4,42,5,42,6,43,7,43,8,43,10,44,10,45,11,46]"
CSI_DATA,78,5c:01:3b:6b:b0:95,-43,11,1,5,0,1,1,1,0,0,0,-96,1,11,0,28066295,0,86,1,256,1,"[86,-32,4,0,-19,19,-18,19,-17,19,-16,19,-16,19,-15,18,-14,18,-13,19,-12,19,-12,19,-12,19,-12,20,-12,20,-11,20,-12,20,-12,20,-12,19,-12,19,-12,18,-12,17,-13,15,-13,14,-13,14,-13,13,-13,13,-4,3,0,0,0,0,0,0,0,0,0,0,0,0,0,0,0,0,0,0,-3,3,-11,15,-12,15,-13,15,-14,15,-15,14,-17,14,-18,14,-18,14,-19,13,-19,13,-20,13,-20,13,-20,13,-20,13,-20,13,-20,13,-19,14,-19,14,-19,15,-19,15,-18,16,-18,16,-17,17,-18,18,-19,19,-19,20,-12,10,-37,35,-37,35,-36,34,-35,34,-33,33,-32,33,-31,33,-29,34,-27,34,-26,35,-25,36,-24,37,-24,37,-25,38,-25,37,-25,37,-25,36,-25,35,-25,34,-26,32,-26,30,-26,28,-25,27,-26,25,-26,24,-26,22,-29,18,-29,16,-6,2,-2,0,0,-1,0,-1,0,-1,-1,1,-4,5,-18,28,-20,27,-23,27,-25,27,-28,26,-30,25,-32,25,-34,25,-36,24,-37,23,-38,23,-38,22,-39,23,-40,23,-40,23,-41,23,-40,23,-40,23,-39,24,-38,24,-38,25,-37,26,-37,27,-37,29,-36,30,-36,32,-37,34,-37,34]"
CSI_DATA,79,5c:01:3b:6b:b0:95,-37,11,1,5,0,1,1,1,0,0,0,-96,1,11,0,28100145,0,86,1,256,1,"[86,-32,4,0,-13,-7,-13,-7,-13,-6,-12,-6,-13,-6,-12,-5,-12,-5,-12,-4,-12,-4,-13,-4,-13,-3,-13,-3,-13,-3,-13,-3,-13,-3,-12,-3,-12,-3,-12,-4,-12,-4,-11,-4,-11,-4,-10,-4,-10,-4,-9,-4,-9,-5,-3,-2,0,0,0,0,0,0,0,0,0,0,0,0,0,0,0,0,0,0,-3,-1,-9,-5,-10,-5,-10,-6,-10,-6,-10,-7,-10,-7,-10,-8,-10,-8,-10,-9,-10,-9,-10,-9,-10,-9,-10,-9,-10,-9,-10,-9,-10,-9,-10,-9,-10,-8,-10,-8,-11,-8,-11,-7,-11,-7,-12,-7,-12,-7,-13,-7,-13,-7,-14,-10,-45,-31,-45,-31,-43,-31,-42,-30,-42,-28,-42,-27,-42,-26,-42,-24,-42,-22,-43,-20,-44,-18,-45,-17,-45,-16,-46,-17,-45,-17,-45,-17,-44,-17,-43,-17,-42,-18,-41,-19,-39,-19,-36,-20,-35,-20,-34,-20,-32,-20,-30,-21,-24,-27,-21,-28,-4,-6,-1,-2,0,0,0,0,0,0,-2,-1,-6,-3,-33,-17,-32,-19,-33,-20,-33,-23,-32,-26,-32,-28,-32,-30,-32,-32,-32,-33,-31,-35,-31,-36,-31,-36,-31,-37,-32,-38,-32,-38,-32,-38,-32,-38,-32,-37,-32,-37,-33,-36,-33,-35,-35,-34,-36,-34,-38,-33,-39,-32,-41,-31,-43,-32,-44,-32]"
CSI_DATA,80,5c:01:3b:6b:b0:95,-37,11,1,5,0,1,1,1,0,0,0,-96,1,11,0,28132118,0,86,1,256,1,"[86,-32,4,0,14,16,15,16,14,15,14,14,15,14,15,14,14,13,14,12,15,12,15,11,15,11,16,10,16,11,16,11,16,11,16,11,15,12,15,12,14,12,13,12,12,11,12,11,11,11,10,11,9,12,2,3,0,0,0,0,0,0,0,0,0,0,0,0,0,0,0,0,0,0,2,2,11,10,11,11,11,12,11,13,10,13,10,14,10,15,10,16,9,16,9,17,9,17,9,18,9,17,9,17,9,17,9,17,9,16,10,16,11,16,11,16,12,16,12,16,13,16,13,16,14,17,15,17,5,11,20,36,20,36,20,35,20,34,20,33,20,32,20,31,21,30,22,28,23,27,25,27,26,26,26,26,26,27,25,27,25,27,24,26,24,26,23,27,21,26,19,26,18,26,17,26,16,25,14,25,12,25,5,28,3,28,0,5,-1,1,-1,-1,-1,-1,-1,-1,1,1,3,3,18,21,16,23,18,22,16,24,15,26,14,28,13,29,12,31,11,32,11,33,11,34,11,34,11,35,12,35,12,36,11,36,11,35,11,35,12,35,12,34,13,34,13,34,14,34,16,34,17,34,19,34,20,35,21,35]"
CSI_DATA,81,5c:01:3b:6b:b0:95,-42,11,1,5,0,1,1,1,0,0,0,-96,1,11,0,28170196,0,86,1,256,1,"[86,-32,4,0,2,25,3,25,3,24,4,23,4,23,5,23,5,22,6,21,6,21,6,21,7,21,7,21,8,21,7,21,7,21,7,21,7,22,6,21,5,21,4,20,3,20,2,19,1,18,1,18,0,18,0,4,0,0,0,0,0,0,0,0,0,0,0,0,0,0,0,0,0,0,1,4,4,17,4,17,3,18,2,19,2,20,1,21,0,21,-1,21,-1,21,-2,22,-2,22,-3,23,-3,23,-3,23,-2,22,-2,22,-2,22,-1,22,-1,22,0,23,1,23,1,23,2,23,2,24,2,25,2,26,-3,14,-7,45,-7,45,-6,45,-6,44,-5,43,-4,42,-3,41,-2,41,-1,40,0,40,2,40,3,41,3,42,3,42,3,41,3,41,2,40,2,40,0,39,-1,38,-2,37,-3,36,-4,35,-5,34,-6,32,-8,31,-20,28,-21,26,-4,4,-2,1,0,-1,-1,-2,-1,-1,0,1,-1,5,-3,32,-5,32,0,31,-2,32,-4,33,-6,34,-8,35,-9,36,-11,37,-12,37,-13,37,-13,37,-14,38,-15,39,-15,39,-16,39,-15,38,-14,38,-14,38,-13,38,-12,39,-12,40,-11,40,-9,41,-8,42,-7,43,-7,45,-7,45]"
CSI_DATA,82,5c:01:3b:6b:b0:95,-44,11,1,5,0,1,1,1,0,0,0,-96,1,11,0,28199239,0,86,1,256,1,"[86,-32,4,0,-17,21,-17,21,-16,21,-15,21,-15,21,-14,21,-13,20,-12,21,-11,21,-11,21,-10,21,-10,21,-10,22,-10,22,-10,22,-10,22,-11,22,-11,21,-11,20,-11,19,-12,18,-12,17,-12,16,-12,16,-12,15,-4,3,0,0,0,0,0,0,0,0,0,0,0,0,0,0,0,0,0,0,-3,4,-10,15,-11,15,-13,15,-14,15,-15,15,-16,15,-17,15,-17,15,-18,14,-19,14,-19,15,-19,15,-19,14,-19,14,-19,14,-19,15,-18,15,-18,15,-18,16,-17,16,-17,17,-17,18,-17,18,-17,19,-17,21,-17,21,-12,10,-37,35,-37,35,-36,35,-35,34,-34,34,-33,34,-32,34,-30,35,-28,35,-27,36,-26,37,-25,38,-25,38,-25,39,-25,39,-25,39,-25,38,-26,37,-26,36,-27,34,-27,32,-27,31,-27,29,-27,28,-27,26,-27,24,-33,17,-33,15,-6,2,-2,0,0,-1,0,-1,0,-1,-2,1,-4,4,-23,26,-24,25,-24,26,-26,25,-28,25,-30,24,-32,24,-34,23,-36,23,-37,22,-38,21,-39,21,-40,21,-40,22,-40,21,-40,21,-40,21,-39,23,-39,23,-38,24,-38,25,-37,26,-37,27,-37,29,-37,30,-37,32,-37,33,-37,34]"
CSI_DATA,83,5c:01:3b:6b:b0:95,-48,11,1,5,0,1,1,1,0,0,0,-96,1,11,0,28232081,0,86,1,256,1,"[86,-32,4,0,-4,-16,-5,-16,-5,-15,-5,-15,-5,-15,-5,-14,-6,-14,-6,-14,-6,-13,-7,-13,-7,-13,-7,-13,-7,-13,-7,-13,-7,-13,-7,-13,-7,-13,-7,-13,-6,-13,-6,-13,-5,-12,-4,-12,-4,-12,-3,-12,-3,-12,-1,-3,0,0,0,0,0,0,0,0,0,0,0,0,0,0,0,0,0,0,-2,-3,-5,-11,-4,-12,-4,-12,-3,-13,-2,-13,-2,-13,-2,-14,-1,-14,-1,-14,-1,-14,-1,-15,0,-15,0,-15,0,-15,-1,-15,-1,-15,-1,-15,-1,-14,-2,-15,-2,-15,-3,-15,-3,-15,-3,-15,-3,-15,-3,-16,-4,-17,-1,-10,-3,-30,-3,-30,-3,-29,-3,-29,-4,-28,-4,-28,-5,-27,-5,-27,-6,-26,-7,-26,-8,-26,-9,-26,-9,-26,-9,-26,-9,-26,-9,-26,-8,-26,-8,-25,-8,-25,-7,-25,-6,-24,-5,-24,-4,-23,-4,-22,-3,-22,-2,-21,4,-20,5,-19,0,-4,0,-1,-1,0,0,0,-1,0,-1,-2,-1,-4,-4,-20,-3,-21,-4,-21,-3,-22,-2,-23,-1,-23,0,-24,1,-25,2,-25,3,-26,3,-26,4,-26,4,-26,4,-27,5,-27,5,-27,4,-27,4,-27,3,-26,3,-26,2,-27,1,-27,1,-27,0,-28,-1,-28,-2,-29,-2,-30,-2,-30]"
CSI_DATA,84,5c:01:3b:6b:b0:95,-47,11,1,5,0,1,1,1,0,0,0,-96,1,11,0,28266402,0,86,1,256,1,"[86,-32,4,0,-22,16,-21,16,-20,16,-19,16,-19,16,-18,16,-17,16,-16,17,-15,17,-15,17,-15,18,-15,18,-15,18,-14,18,-14,18,-15,18,-14,17,-14,17,-14,16,-15,15,-15,14,-15,12,-14,12,-14,11,-14,11,-4,2,0,0,0,0,0,0,0,0,0,0,0,0,0,0,0,0,0,0,-4,3,-14,13,-15,13,-16,13,-17,12,-18,12,-19,12,-20,11,-21,11,-22,10,-22,10,-23,10,-23,10,-23,10,-23,10,-23,10,-23,10,-22,11,-22,11,-21,12,-21,12,-21,13,-21,14,-21,14,-21,15,-22,16,-22,17,-14,8,-43,29,-43,28,-42,28,-40,28,-39,28,-38,28,-36,28,-35,29,-33,30,-32,31,-31,32,-30,33,-30,34,-30,34,-30,33,-30,33,-30,32,-30,31,-30,30,-30,28,-30,26,-29,25,-29,23,-28,22,-28,20,-28,18,-31,14,-31,12,-6,1,-2,0,0,-1,0,-1,0,-1,-2,1,-4,4,-24,26,-26,24,-28,24,-30,23,-33,21,-35,20,-37,20,-39,19,-41,18,-42,17,-43,17,-43,16,-44,17,-44,17,-45,16,-45,16,-45,16,-45,17,-44,17,-43,18,-43,19,-42,20,-42,22,-42,23,-41,24,-41,26,-42,28,-43,28]"
CSI_DATA,85,5c:01:3b:6b:b0:95,-43,11,1,5,0,1,1,1,0,0,0,-96,1,11,0,28300753,0,86,1,256,1,"[86,-32,4,0,0,25,1,24,1,23,2,22,2,22,3,22,3,21,4,21,4,20,5,20,5,20,5,20,5,21,5,21,5,21,5,21,5,21,4,20,3,20,2,19,1,18,1,17,0,17,0,17,-1,17,-1,4,0,0,0,0,0,0,0,0,0,0,0,0,0,0,0,0,0,0,0,4,3,16,3,17,2,18,1,18,0,19,0,20,-1,20,-2,20,-2,21,-3,21,-3,22,-3,22,-4,22,-4,22,-4,22,-3,22,-3,21,-3,21,-2,22,-1,22,-1,22,0,22,0,22,0,23,1,25,1,25,-4,14,-9,45,-9,45,-9,44,-8,42,-7,41,-6,41,-5,41,-4,40,-2,39,-1,39,1,40,2,40,2,40,2,41,1,40,1,40,0,39,0,38,-1,38,-2,36,-4,35,-4,34,-5,33,-6,32,-7,31,-9,29,-17,26,-19,25,-4,4,-2,1,0,-1,0,-1,0,-1,0,1,-1,5,-3,30,-5,31,-1,31,-3,31,-6,32,-8,33,-9,34,-11,35,-12,36,-13,36,-14,36,-15,36,-15,37,-15,38,-16,38,-16,38,-16,37,-16,38,-15,38,-15,38,-14,38,-13,38,-12,39,-11,40,-9,41,-9,42,-8,44,-7,44]"
CSI_DATA,86,5c:01:3b:6b:b0:95,-42,11,1,6,0,1,1,1,0,0,0,-96,1,11,0,28332200,0,86,1,256,1,"[86,-32,4,0,6,-25,6,-25,6,-24,5,-24,4,-24,4,-23,3,-23,2,-23,2,-23,1,-23,1,-23,1,-23,1,-23,0,-23,1,-23,1,-23,1,-23,2,-23,2,-22,3,-21,3,-20,4,-19,5,-19,5,-18,6,-17,1,-5,0,0,0,0,0,0,0,0,0,0,0,0,0,0,0,0,0,0,0,-5,2,-17,3,-18,4,-18,5,-19,6,-19,6,-20,7,-20,8,-20,9,-20,9,-20,10,-20,11,-20,11,-20,10,-20,10,-20,10,-21,9,-21,9,-21,8,-22,8,-22,7,-22,7,-23,7,-23,7,-23,7,-25,7,-26,4,-15,14,-47,14,-46,14,-46,14,-45,13,-44,12,-44,10,-44,9,-43,7,-43,6,-43,5,-44,4,-44,3,-44,3,-44,3,-43,4,-43,5,-43,5,-43,6,-42,8,-40,8,-39,9,-37,10,-36,10,-35,11,-33,13,-32,17,-29,18,-27,3,-5,1,-2,-1,0,-1,0,-1,0,-1,-2,0,-6,2,-33,4,-32,6,-33,8,-33,10,-34,12,-35,14,-35,15,-36,17,-36,19,-36,20,-36,21,-37,21,-37,22,-38,22,-37,22,-37,22,-38,22,-38,21,-38,20,-38,20,-39,19,-40,18,-41,17,-42,16,-43,15,-44,15,-45,15,-46]"
CSI_DATA,87,5c:01:3b:6b:b0:95,-39,11,1,6,0,1,1,1,0,0,0,-97,1,11,0,28369464,0,86,1,256,1,"[86,-32,4,0,-29,3,-29,4,-27,4,-27,4,-27,5,-26,5,-25,5,-24,6,-24,7,-24,8,-24,9,-24,9,-24,9,-24,9,-24,9,-24,9,-24,8,-24,7,-23,6,-23,5,-22,4,-22,4,-21,3,-21,3,-20,2,-5,0,0,0,0,0,0,0,0,0,0,0,0,0,0,0,0,0,0,0,-5,1,-19,4,-20,3,-21,2,-21,1,-22,0,-23,-1,-23,-1,-24,-2,-24,-3,-25,-3,-25,-3,-25,-3,-25,-3,-25,-3,-25,-3,-25,-3,-25,-2,-25,-2,-26,-1,-26,-1,-26,0,-26,0,-26,1,-27,2,-28,3,-29,3,-17,-1,-54,-2,-54,-2,-53,-1,-52,-1,-51,-1,-50,0,-49,1,-49,3,-48,4,-47,7,-47,9,-47,10,-48,10,-48,10,-47,10,-47,10,-47,9,-47,8,-47,6,-46,5,-44,3,-43,2,-41,1,-40,0,-39,-1,-38,-3,-36,-11,-35,-13,-7,-3,-2,-1,0,0,0,-1,0,-1,-2,0,-7,0,-35,3,-36,0,-36,2,-37,-1,-39,-3,-40,-5,-41,-7,-42,-9,-43,-10,-43,-12,-44,-13,-44,-13,-45,-13,-46,-13,-46,-13,-46,-13,-46,-13,-46,-13,-46,-12,-46,-11,-47,-11,-48,-9,-49,-8,-49,-7,-50,-5,-52,-3,-53,-2,-53,-2]"
CSI_DATA,88,5c:01:3b:6b:b0:95,-36,11,1,6,0,1,1,1,0,0,0,-97,1,11,0,28399107,0,86,1,256,1,"[86,-32,4,0,-12,-22,-12,-22,-12,-21,-11,-21,-12,-20,-12,-20,-13,-19,-13,-18,-13,-18,-14,-18,-14,-18,-14,-18,-14,-18,-14,-18,-14,-18,-14,-18,-14,-18,-13,-18,-12,-18,-11,-18,-10,-17,-9,-17,-9,-17,-8,-17,-7,-17,-2,-5,0,0,0,0,0,0,0,0,0,0,0,0,0,0,0,0,0,0,-3,-4,-9,-14,-9,-15,-8,-16,-8,-17,-8,-18,-7,-19,-7,-19,-7,-19,-6,-20,-6,-20,-5,-21,-5,-22,-5,-21,-5,-21,-5,-21,-6,-21,-6,-21,-7,-21,-7,-21,-8,-21,-9,-21,-9,-21,-9,-21,-10,-21,-10,-23,-11,-23,-4,-14,-14,-45,-14,-45,-15,-44,-14,-43,-15,-42,-15,-41,-16,-40,-17,-39,-18,-38,-19,-37,-20,-37,-21,-36,-22,-37,-22,-37,-22,-37,-21,-36,-21,-36,-19,-36,-18,-37,-16,-36,-15,-36,-14,-35,-12,-34,-11,-34,-9,-33,-8,-33,0,-33,2,-33,0,-6,0,-2,-1,0,0,0,0,0,-1,-2,-3,-5,-13,-28,-11,-29,-13,-29,-12,-30,-10,-32,-9,-33,-8,-34,-7,-36,-6,-37,-5,-38,-4,-39,-3,-39,-3,-40,-3,-41,-3,-41,-3,-41,-4,-41,-4,-41,-4,-40,-5,-40,-6,-41,-7,-41,-8,-42,-10,-42,-11,-42,-12,-43,-13,-44,-14,-45]"
CSI_DATA,89,5c:01:3b:6b:b0:95,-35,11,1,6,0,1,1,1,0,0,0,-97,1,11,0,28432604,0,86,1,256,1,"[86,-32,4,0,-2,-15,-2,-15,-2,-15,-2,-14,-2,-14,-3,-14,-3,-14,-3,-13,-4,-13,-4,-13,-4,-13,-4,-13,-5,-13,-5,-13,-5,-13,-4,-13,-4,-13,-4,-13,-3,-13,-3,-13,-2,-12,-2,-12,-1,-11,-1,-11,-1,-11,0,-3,0,0,0,0,0,0,0,0,0,0,0,0,0,0,0,0,0,0,-1,-3,-2,-10,-2,-10,-1,-11,-1,-11,-1,-11,0,-12,0,-12,1,-12,1,-12,1,-13,1,-13,2,-13,2,-13,2,-13,1,-13,1,-13,1,-13,0,-13,0,-13,0,-13,0,-14,0,-14,-1,-14,-1,-14,-1,-15,-1,-15,0,-18,0,-57,0,-56,1,-56,0,-55,0,-54,-1,-53,-2,-52,-4,-51,-6,-50,-8,-50,-10,-50,-11,-50,-11,-50,-11,-50,-11,-50,-10,-50,-9,-49,-8,-49,-7,-49,-5,-48,-4,-47,-2,-45,-2,-44,-1,-42,1,-41,3,-40,10,-37,13,-36,2,-7,0,-2,-1,0,0,1,0,0,-1,-2,-2,-7,-5,-34,-4,-35,-4,-37,-1,-38,1,-40,3,-41,5,-42,7,-44,8,-44,10,-44,11,-45,11,-45,11,-46,11,-47,12,-47,12,-47,11,-47,11,-48,10,-48,9,-48,8,-49,8,-50,7,-50,6,-51,4,-52,2,-53,2,-54,1,-55]"
CSI_DATA,90,5c:01:3b:6b:b0:95,-36,11,1,6,0,1,1,1,0,0,0,-97,1,11,0,28466196,0,86,1,256,1,"[86,-32,4,0,-24,-6,-23,-6,-23,-5,-23,-5,-23,-5,-22,-4,-22,-4,-22,-3,-22,-2,-22,-1,-22,-1,-22,0,-22,0,-22,-1,-22,-1,-22,-1,-22,-1,-21,-2,-21,-3,-20,-3,-20,-4,-19,-4,-18,-4,-18,-5,-17,-6,-5,-2,0,0,0,0,0,0,0,0,0,0,0,0,0,0,0,0,0,0,-4,-1,-16,-3,-16,-4,-17,-5,-17,-6,-17,-7,-17,-7,-17,-8,-17,-9,-18,-9,-18,-10,-19,-10,-19,-10,-19,-10,-18,-10,-19,-10,-19,-10,-19,-9,-19,-9,-20,-9,-20,-8,-21,-8,-21,-8,-22,-7,-22,-7,-23,-7,-24,-7,-13,-6,-42,-18,-42,-18,-41,-18,-41,-18,-40,-17,-40,-16,-40,-15,-39,-13,-39,-11,-40,-10,-40,-8,-40,-8,-41,-7,-41,-7,-41,-7,-41,-7,-40,-8,-40,-9,-39,-10,-38,-11,-36,-12,-35,-12,-33,-12,-32,-13,-31,-14,-30,-15,-25,-22,-23,-23,-4,-5,-2,-2,0,0,0,0,0,0,-2,-1,-5,-2,-27,-9,-27,-11,-28,-11,-28,-12,-29,-14,-29,-16,-29,-18,-29,-19,-29,-21,-30,-22,-30,-23,-30,-23,-31,-24,-31,-24,-31,-24,-31,-24,-32,-24,-32,-24,-32,-24,-33,-23,-34,-22,-35,-22,-35,-21,-37,-20,-38,-19,-39,-18,-41,-18,-41,-18]"
CSI_DATA,91,5c:01:3b:6b:b0:95,-36,11,1,6,0,1,1,1,0,0,0,-97,1,11,0,28499140,0,86,1,256,1,"[86,-32,4,0,-23,6,-23,6,-22,7,-21,7,-21,7,-21,7,-20,7,-20,8,-19,8,-19,9,-19,10,-19,10,-19,10,-19,10,-19,10,-19,10,-19,9,-19,8,-19,7,-18,6,-18,6,-18,5,-18,4,-17,4,-17,3,-5,0,0,0,0,0,0,0,0,0,0,0,0,0,0,0,0,0,0,0,-4,1,-14,6,-15,5,-16,5,-16,4,-17,4,-18,3,-19,3,-19,2,-19,2,-20,2,-20,2,-21,1,-21,1,-20,1,-20,1,-21,1,-21,2,-20,2,-20,3,-21,3,-21,4,-21,4,-21,5,-22,5,-23,6,-23,6,-14,0,-45,4,-45,4,-44,4,-43,4,-41,4,-41,4,-40,5,-39,7,-39,8,-38,9,-38,11,-38,12,-39,12,-39,12,-39,12,-38,11,-38,10,-38,10,-38,8,-38,7,-37,5,-35,4,-35,3,-34,2,-33,1,-32,-1,-32,-10,-30,-12,-6,-3,-2,-1,0,-1,0,-1,0,-1,-2,0,-5,1,-27,6,-28,4,-28,6,-29,4,-31,3,-32,1,-33,0,-34,-1,-35,-2,-36,-3,-36,-4,-37,-4,-38,-4,-38,-4,-38,-5,-38,-5,-38,-5,-39,-5,-39,-4,-38,-4,-39,-3,-39,-2,-40,-1,-40,0,-41,2,-42,3,-44,4,-44,4]"
CSI_DATA,92,5c:01:3b:6b:b0:95,-40,11,1,6,0,1,1,1,0,0,0,-97,1,11,0,28535430,0,86,1,256,1,"[86,-32,4,0,20,17,20,16,19,16,20,15,20,14,20,13,20,13,20,12,20,11,20,11,20,10,21,10,21,10,21,10,21,11,21,11,21,12,20,12,19,12,18,12,17,12,16,12,15,13,14,13,13,14,3,3,0,0,0,0,0,0,0,0,0,0,0,0,0,0,0,0,0,0,3,2,14,9,14,10,14,11,14,12,14,13,14,14,14,14,14,15,13,16,13,17,13,17,13,18,14,18,14,18,14,18,14,18,14,17,14,17,15,17,16,16,17,16,17,16,17,16,18,16,19,17,20,17,9,11,33,37,32,37,31,36,31,36,31,35,32,33,32,32,33,31,33,29,34,28,35,27,35,26,36,26,36,27,36,27,36,27,35,27,35,28,33,28,31,28,29,29,27,28,26,28,24,29,22,29,20,29,13,33,10,34,1,6,0,1,-1,-1,-1,-1,-1,-1,1,0,4,3,23,20,22,22,23,21,23,23,22,25,21,27,21,29,21,31,20,33,20,34,20,35,19,35,20,36,20,37,19,37,19,38,20,38,20,37,20,37,21,36,23,36,24,36,25,36,27,36,28,35,30,36,31,37,32,37]"
CSI_DATA,93,5c:01:3b:6b:b0:95,-39,11,1,5,0,1,1,1,0,0,0,-97,1,11,0,28567823,0,86,1,256,1,"[86,-32,4,0,4,24,5,24,5,23,5,23,6,22,6,22,7,21,7,21,8,21,9,20,9,20,9,20,9,20,9,21,9,21,9,21,9,21,8,21,7,21,6,20,5,19,5,19,4,18,3,18,2,18,0,4,0,0,0,0,0,0,0,0,0,0,0,0,0,0,0,0,0,0,1,3,4,15,4,16,3,16,3,17,2,18,1,19,1,19,0,20,0,20,-1,21,-1,21,-1,22,-1,21,-1,21,-1,21,-1,21,0,21,0,21,1,21,2,22,2,22,3,22,3,22,4,23,5,24,5,25,-2,14,-3,47,-4,46,-4,45,-3,44,-2,43,-1,42,0,42,1,41,3,41,4,41,6,41,7,41,7,42,7,42,7,42,6,42,6,41,5,41,4,41,2,40,1,39,0,37,-1,36,-2,35,-3,34,-5,33,-17,31,-19,29,-4,5,-2,1,0,-1,-1,-1,0,-1,0,1,-1,5,-2,29,-4,30,1,30,-1,30,-3,31,-5,32,-6,33,-8,34,-9,35,-10,35,-11,36,-11,36,-11,37,-11,38,-12,38,-12,38,-12,38,-12,38,-11,38,-10,38,-9,39,-8,39,-7,40,-6,41,-5,42,-4,43,-3,44,-3,45]"
CSI_DATA,94,5c:01:3b:6b:b0:95,-37,11,1,6,0,1,1,1,0,0,0,-97,1,11,0,28599251,0,86,1,256,1,"[86,-32,4,0,18,-14,18,-14,17,-14,16,-14,16,-14,16,-14,15,-14,14,-15,13,-15,13,-15,13,-16,13,-16,13,-16,13,-16,13,-16,14,-16,14,-15,14,-15,14,-14,14,-13,14,-12,14,-12,14,-11,13,-10,14,-9,3,-3,0,0,0,0,0,0,0,0,0,0,0,0,0,0,0,0,0,0,2,-3,10,-11,11,-11,12,-10,13,-10,14,-10,15,-10,15,-10,16,-9,16,-9,17,-9,17,-9,17,-9,17,-9,17,-8,17,-9,18,-9,17,-10,17,-10,17,-10,17,-11,17,-11,17,-12,17,-12,18,-13,18,-14,19,-15,11,-6,38,-19,38,-19,37,-18,36,-18,35,-18,34,-19,33,-20,33,-20,32,-21,31,-22,30,-23,30,-24,30,-25,30,-24,30,-24,30,-24,30,-23,30,-22,31,-21,31,-20,30,-18,29,-17,29,-15,28,-14,28,-12,28,-10,30,-2,30,0,5,0,1,0,-1,-1,-1,0,-1,0,1,-1,3,-3,22,-15,24,-13,23,-16,24,-15,26,-13,27,-13,29,-12,30,-12,31,-11,32,-10,33,-9,34,-9,34,-9,35,-9,35,-9,35,-8,35,-8,36,-9,35,-9,35,-10,35,-11,35,-12,35,-13,36,-15,36,-16,36,-17,37,-18,37,-19]"
CSI_DATA,95,5c:01:3b:6b:b0:95,-35,11,1,4,0,1,1,1,0,0,0,-97,1,11,0,28635407,0,86,1,256,1,"[86,-32,4,0,-2,-14,-2,-14,-2,-13,-2,-13,-2,-13,-2,-13,-2,-13,-3,-12,-3,-12,-4,-12,-4,-12,-4,-12,-4,-12,-4,-12,-4,-12,-4,-12,-4,-12,-3,-12,-3,-12,-2,-12,-2,-11,-2,-11,-1,-11,-1,-10,-1,-10,-1,-3,0,0,0,0,0,0,0,0,0,0,0,0,0,0,0,0,0,0,-1,-3,-2,-9,-2,-9,-1,-10,-1,-10,-1,-10,0,-11,0,-11,1,-11,1,-11,1,-11,1,-12,1,-12,1,-12,1,-12,1,-12,1,-12,1,-12,0,-12,0,-12,0,-12,0,-12,0,-13,-1,-13,-1,-13,-1,-14,-1,-14,0,-16,1,-50,1,-50,1,-50,1,-49,0,-49,-1,-49,-2,-48,-3,-46,-5,-45,-7,-46,-9,-46,-11,-45,-11,-46,-11,-46,-10,-46,-9,-46,-8,-46,-7,-45,-6,-45,-4,-44,-3,-44,-2,-42,-2,-41,-1,-39,1,-38,3,-38,10,-35,12,-34,2,-6,0,-2,-1,0,-1,0,-1,0,-1,-2,-2,-6,-5,-31,-3,-32,-3,-33,-1,-35,1,-36,3,-37,4,-38,5,-38,7,-39,9,-40,10,-40,10,-41,10,-42,10,-43,11,-43,11,-43,11,-43,10,-43,10,-43,9,-43,8,-44,7,-45,6,-45,5,-46,4,-47,2,-48,2,-50,2,-52]"
CSI_DATA,96,5c:01:3b:6b:b0:95,-42,11,1,6,0,1,1,1,0,0,0,-97,1,11,0,28666293,0,86,1,256,1,"[86,-32,4,0,15,20,15,20,15,19,15,18,15,17,16,17,16,16,16,15,16,15,17,14,17,14,17,14,18,14,18,14,18,14,18,14,17,14,17,15,16,15,15,15,14,15,13,14,12,15,11,15,10,15,2,3,0,0,0,0,0,0,0,0,0,0,0,0,0,0,0,0,0,0,2,2,10,12,10,12,10,14,10,15,10,15,9,16,9,17,9,18,8,18,8,19,8,19,8,20,8,20,8,19,8,19,9,19,9,19,9,19,10,19,11,19,12,19,12,19,13,19,13,20,14,20,15,20,7,13,24,42,24,42,23,41,23,40,23,39,24,38,24,37,25,35,26,34,27,32,28,31,29,31,30,31,30,31,30,31,29,32,29,32,28,32,27,32,25,32,23,32,22,31,20,31,19,31,17,31,15,31,8,33,5,33,0,6,-1,1,-1,-1,-1,-1,-1,-1,1,1,3,3,19,22,18,24,18,25,16,26,15,29,14,30,14,32,13,34,12,35,11,36,11,37,11,38,12,38,12,39,11,39,11,40,11,39,12,40,12,39,13,38,14,39,15,39,17,39,18,39,20,39,22,40,23,41,23,41]"
CSI_DATA,97,5c:01:3b:6b:b0:95,-37,11,1,4,0,1,1,1,0,0,0,-97,1,11,0,28702337,0,86,1,256,1,"[86,-32,4,0,-14,4,-14,4,-13,4,-13,4,-13,4,-12,4,-12,4,-12,5,-11,5,-11,6,-11,6,-11,6,-11,6,-11,6,-11,6,-11,6,-11,6,-11,5,-11,5,-11,4,-11,4,-11,4,-10,3,-10,3,-10,3,-3,0,0,0,0,0,0,0,0,0,0,0,0,0,0,0,0,0,0,0,-3,0,-9,3,-9,2,-10,2,-10,2,-10,1,-11,1,-11,1,-11,1,-12,0,-12,0,-12,0,-12,0,-12,0,-12,0,-12,0,-13,0,-12,1,-12,1,-12,1,-12,2,-13,2,-13,2,-13,3,-13,3,-14,3,-14,3,-17,1,-52,5,-52,5,-51,5,-50,6,-49,7,-49,8,-47,9,-46,10,-45,11,-45,13,-45,14,-44,16,-44,17,-45,17,-44,17,-45,17,-44,16,-44,15,-44,13,-43,11,-43,9,-42,8,-41,7,-39,6,-39,5,-38,3,-37,-7,-36,-9,-7,-2,-2,-1,0,-1,0,-1,0,-1,-2,0,-6,1,-31,7,-32,5,-34,6,-35,4,-37,2,-38,1,-39,0,-40,-2,-41,-3,-42,-4,-42,-5,-43,-5,-44,-5,-45,-5,-45,-6,-45,-6,-44,-6,-45,-6,-45,-5,-45,-4,-45,-3,-46,-1,-47,0,-47,1,-48,3,-49,4,-50,5,-51,5]"
CSI_DATA,98,5c:01:3b:6b:b0:95,-42,11,1,5,0,1,1,1,0,0,0,-97,1,11,0,28733733,0,86,1,256,1,"[86,-32,4,0,10,-23,10,-23,9,-23,9,-22,8,-22,8,-22,7,-22,6,-22,5,-22,5,-23,4,-22,4,-23,4,-23,4,-23,4,-23,5,-23,5,-23,5,-22,6,-22,6,-21,7,-20,7,-19,7,-18,8,-18,8,-17,2,-5,0,0,0,0,0,0,0,0,0,0,0,0,0,0,0,0,0,0,1,-4,4,-16,5,-16,6,-17,7,-17,8,-17,9,-17,10,-17,11,-17,11,-17,12,-17,12,-18,12,-18,13,-18,13,-18,12,-18,12,-18,12,-18,11,-18,11,-19,11,-19,11,-20,11,-21,10,-21,10,-22,10,-23,10,-24,8,-13,26,-40,26,-40,26,-39,25,-39,24,-38,23,-38,22,-38,21,-38,19,-38,17,-39,16,-40,15,-41,14,-41,15,-42,15,-41,15,-41,16,-40,16,-39,17,-39,18,-37,19,-35,19,-34,19,-32,19,-31,19,-29,20,-27,27,-21,28,-19,5,-4,1,-1,-1,0,-1,0,-1,0,0,-2,2,-5,13,-27,15,-26,13,-28,15,-28,17,-27,19,-28,21,-28,23,-27,25,-27,26,-27,27,-27,28,-27,28,-28,29,-28,29,-28,30,-28,29,-28,29,-29,28,-30,28,-30,27,-30,27,-31,27,-33,27,-34,26,-35,26,-37,26,-38,26,-39]"
CSI_DATA,99,5c:01:3b:6b:b0:95,-43,11,1,5,0,1,1,1,0,0,0,-97,1,11,0,28768058,0,86,1,256,1,"[86,-32,4,0,26,-4,26,-5,25,-5,25,-5,24,-6,24,-6,23,-6,22,-7,22,-8,22,-9,22,-9,22,-9,22,-9,22,-10,22,-10,22,-9,22,-8,22,-8,21,-7,21,-6,21,-5,20,-4,20,-4,19,-3,19,-2,4,-1,0,0,0,0,0,0,0,0,0,0,0,0,0,0,0,0,0,0,3,-2,16,-5,17,-5,17,-4,18,-3,19,-3,20,-2,20,-1,21,-1,21,0,21,0,22,0,23,0,22,1,22,1,22,1,23,0,22,0,22,-1,23,-1,23,-1,23,-2,24,-3,24,-3,25,-4,26,-4,27,-5,15,-2,51,-6,50,-5,49,-5,48,-6,47,-6,46,-7,46,-8,45,-9,44,-11,43,-12,43,-14,43,-15,43,-16,43,-16,43,-15,44,-15,44,-14,43,-13,43,-12,42,-10,41,-9,40,-7,39,-6,38,-5,37,-3,36,-1,36,4,35,6,6,1,1,0,-1,-1,-1,0,-1,0,1,-1,5,-3,29,-11,30,-9,31,-8,32,-6,34,-5,35,-3,36,-2,38,0,39,1,40,2,41,3,41,4,42,4,43,4,42,4,43,5,43,5,43,4,43,3,43,2,44,2,44,1,45,0,46,-2,47,-3,47,-4,49,-5,50,-5]"
CSI_DATA,100,5c:01:3b:6b:b0:95,-45,11,1,6,0,1,1,1,0,0,0,-97,1,11,0,28804050,0,86,1,256,1,"[86,-32,4,0,20,-19,20,-18,19,-18,18,-18,18,-18,18,-18,17,-19,16,-19,15,-19,14,-20,14,-20,14,-20,14,-20,14,-20,14,-21,15,-20,15,-20,15,-19,15,-18,15,-17,15,-16,16,-15,15,-14,15,-13,15,-12,4,-3,0,0,0,0,0,0,0,0,0,0,0,0,0,0,0,0,0,0,2,-4,11,-14,11,-14,12,-14,14,-14,15,-13,16,-13,17,-13,18,-13,18,-12,19,-12,19,-13,20,-12,20,-12,20,-12,20,-12,20,-13,19,-13,19,-14,19,-14,19,-14,19,-15,19,-16,19,-16,19,-17,20,-18,20,-19,13,-9,43,-29,42,-28,42,-28,41,-27,40,-27,39,-28,38,-28,37,-29,35,-30,34,-31,33,-32,33,-33,33,-33,33,-33,33,-33,33,-33,34,-32,34,-31,34,-30,34,-28,34,-26,33,-24,33,-23,33,-21,32,-19,32,-17,36,-8,35,-6,6,-1,1,-1,-1,0,-1,0,-1,0,1,-2,3,-5,23,-22,24,-21,24,-22,26,-21,28,-21,30,-20,32,-19,34,-18,36,-18,37,-17,38,-16,39,-16,39,-16,40,-16,40,-16,41,-16,41,-16,41,-17,40,-17,40,-18,40,-19,41,-20,41,-22,41,-23,40,-25,41,-26,42,-27,42,-28]"
CSI_DATA,101,5c:01:3b:6b:b0:95,-45,11,1,6,0,1,1,1,0,0,0,-97,1,11,0,28832346,0,86,1,256,1,"[86,-32,4,0,20,-17,20,-17,19,-17,18,-17,18,-17,17,-17,16,-18,16,-18,15,-18,14,-19,14,-19,14,-19,14,-19,14,-20,14,-20,14,-19,14,-19,14,-18,14,-17,14,-17,15,-15,15,-14,15,-13,15,-13,15,-12,3,-3,0,0,0,0,0,0,0,0,0,0,0,0,0,0,0,0,0,0,3,-3,12,-12,12,-12,13,-12,14,-12,15,-11,16,-11,17,-11,18,-11,19,-10,19,-10,20,-10,20,-10,20,-10,20,-10,20,-10,20,-11,19,-11,19,-12,19,-12,19,-13,19,-14,19,-14,19,-15,20,-15,20,-16,21,-17,13,-8,43,-27,42,-26,41,-26,40,-25,39,-25,38,-26,37,-27,36,-27,34,-29,33,-30,32,-31,32,-32,32,-33,32,-33,32,-32,32,-32,32,-31,32,-30,33,-29,33,-27,33,-26,31,-24,31,-23,31,-21,31,-19,31,-18,34,-10,34,-8,6,-2,1,-1,-1,0,-1,0,-1,0,1,-2,4,-4,24,-20,25,-18,26,-20,27,-18,29,-17,31,-17,33,-16,34,-15,36,-14,37,-14,38,-13,39,-13,39,-13,40,-13,40,-13,41,-13,41,-13,41,-14,40,-14,40,-15,40,-16,40,-18,40,-19,40,-21,40,-22,41,-23,42,-25,42,-25]"
CSI_DATA,102,5c:01:3b:6b:b0:95,-45,11,1,6,0,1,1,1,0,0,0,-97,1,11,0,28866166,0,86,1,256,1,"[86,-32,4,0,-13,22,-13,22,-12,22,-11,21,-10,21,-10,21,-9,21,-8,21,-8,21,-7,21,-7,21,-7,21,-6,22,-6,22,-6,22,-6,22,-7,22,-7,21,-7,20,-8,20,-8,18,-9,17,-9,17,-9,16,-10,16,-3,4,0,0,0,0,0,0,0,0,0,0,0,0,0,0,0,0,0,0,-2,3,-7,14,-8,15,-9,15,-10,15,-11,15,-12,16,-13,16,-13,16,-14,16,-15,16,-16,16,-16,16,-16,16,-15,16,-15,16,-15,16,-15,17,-14,17,-14,17,-13,18,-13,19,-13,19,-13,20,-13,21,-13,22,-13,22,-10,11,-30,39,-30,39,-29,38,-28,38,-27,37,-26,37,-24,37,-23,37,-21,38,-20,38,-19,39,-18,39,-18,40,-18,40,-17,40,-18,40,-18,39,-19,39,-20,38,-20,36,-21,34,-21,32,-21,31,-22,30,-22,28,-23,26,-28,21,-29,19,-6,3,-2,0,0,-1,0,-1,0,-1,-1,1,-3,4,-15,27,-17,26,-17,26,-19,26,-21,26,-23,26,-25,26,-26,26,-28,26,-30,26,-31,26,-32,26,-33,26,-33,26,-33,26,-33,26,-33,26,-33,27,-32,28,-31,28,-31,29,-31,31,-30,32,-30,33,-30,35,-30,36,-30,37,-30,38]"
CSI_DATA,103,5c:01:3b:6b:b0:95,-44,11,1,5,0,1,1,1,0,0,0,-97,1,11,0,28900922,0,86,1,256,1,"[86,-32,4,0,18,-20,18,-20,17,-20,17,-19,16,-20,15,-20,15,-20,14,-20,13,-21,12,-21,12,-21,12,-21,12,-21,12,-21,12,-21,12,-21,12,-21,12,-20,12,-19,13,-19,13,-17,13,-16,13,-15,13,-15,13,-14,3,-4,0,0,0,0,0,0,0,0,0,0,0,0,0,0,0,0,0,0,2,-4,11,-14,11,-14,12,-14,13,-14,14,-14,15,-14,16,-14,17,-14,18,-13,18,-13,19,-13,19,-13,19,-13,19,-13,19,-13,19,-14,18,-14,18,-14,18,-15,18,-16,18,-17,18,-17,18,-18,18,-18,19,-19,19,-20,12,-10,40,-32,40,-32,39,-31,38,-31,37,-31,35,-31,34,-32,33,-33,31,-33,29,-34,29,-36,28,-36,28,-37,29,-37,29,-36,29,-36,29,-35,29,-35,29,-34,29,-32,29,-30,29,-28,29,-26,28,-25,28,-23,29,-21,33,-13,33,-11,5,-2,1,-1,-1,0,-1,0,-1,0,1,-2,3,-5,22,-22,24,-21,23,-23,25,-22,27,-22,29,-21,31,-20,33,-20,34,-19,36,-19,37,-18,37,-18,38,-19,39,-19,39,-19,40,-19,39,-19,39,-20,39,-20,38,-21,38,-22,38,-23,38,-25,38,-26,37,-27,38,-29,39,-30,39,-31]"
CSI_DATA,104,5c:01:3b:6b:b0:95,-43,11,1,5,0,1,1,1,0,0,0,-97,1,11,0,28937260,0,86,1,256,1,"[86,-32,4,0,-8,27,-7,27,-6,26,-6,26,-6,26,-5,25,-4,25,-3,25,-2,25,-2,25,-1,24,-1,24,-1,25,-1,25,-1,25,-1,25,-2,25,-2,24,-3,23,-4,23,-4,21,-5,20,-5,20,-6,19,-6,19,-2,4,0,0,0,0,0,0,0,0,0,0,0,0,0,0,0,0,0,0,-1,4,-4,18,-4,18,-5,18,-6,19,-7,19,-8,20,-9,20,-10,20,-11,20,-11,21,-11,21,-11,21,-11,21,-11,21,-11,21,-11,22,-11,22,-10,22,-10,22,-10,23,-9,24,-9,24,-8,25,-8,26,-8,27,-8,27,-8,14,-23,48,-23,48,-23,47,-22,46,-21,46,-19,45,-18,45,-17,45,-15,44,-13,44,-12,45,-11,45,-11,46,-11,47,-11,46,-11,46,-11,45,-12,45,-13,44,-14,42,-15,40,-16,38,-16,37,-17,35,-17,33,-19,32,-28,26,-29,24,-6,4,-2,1,0,-1,0,-1,0,-1,-1,1,-2,5,-11,31,-13,31,-12,32,-14,32,-16,33,-18,33,-20,33,-22,34,-24,34,-25,34,-26,34,-27,34,-28,35,-28,36,-29,36,-29,36,-29,36,-29,37,-28,37,-27,37,-26,38,-26,39,-25,41,-24,42,-23,43,-23,45,-23,46,-23,47]"
CSI_DATA,105,5c:01:3b:6b:b0:95,-43,11,1,5,0,1,1,1,0,0,0,-97,1,11,0,28967197,0,86,1,256,1,"[86,-32,4,0,-3,26,-3,26,-2,25,-2,24,-1,24,-1,24,0,23,1,23,1,23,2,23,2,23,2,23,2,23,2,23,2,23,2,23,2,23,1,23,0,22,0,21,-1,20,-2,19,-3,19,-3,19,-4,18,-1,4,0,0,0,0,0,0,0,0,0,0,0,0,0,0,0,0,0,0,0,4,0,17,-1,17,-2,18,-2,18,-3,19,-4,19,-5,20,-5,20,-6,20,-7,21,-7,21,-8,21,-8,21,-7,21,-7,21,-7,22,-7,21,-6,21,-5,22,-5,22,-4,23,-4,23,-4,23,-4,24,-4,26,-3,27,-6,14,-16,47,-17,46,-16,45,-15,44,-14,43,-13,43,-12,43,-11,43,-9,42,-8,42,-6,43,-5,43,-5,44,-5,44,-5,44,-5,43,-6,42,-6,42,-7,41,-9,40,-10,38,-11,37,-11,35,-12,34,-13,32,-14,31,-23,26,-25,24,-5,4,-2,1,0,-1,0,-1,0,-1,-1,1,-2,5,-8,30,-10,30,-7,31,-9,31,-11,32,-13,32,-15,33,-16,33,-18,34,-19,34,-20,34,-21,34,-21,35,-22,36,-22,36,-23,36,-22,36,-22,37,-21,37,-20,37,-20,37,-19,38,-18,39,-17,41,-16,42,-16,43,-16,45,-16,46]"
CSI_DATA,106,5c:01:3b:6b:b0:95,-38,11,1,5,0,1,1,1,0,0,0,-97,1,11,0,28999111,0,86,1,256,1,"[86,-32,4,0,-6,11,-6,11,-5,11,-5,11,-5,11,-5,11,-4,10,-4,10,-4,10,-3,10,-3,10,-3,10,-3,11,-3,10,-3,11,-3,11,-3,10,-3,10,-3,10,-4,9,-4,9,-4,8,-4,8,-4,8,-5,8,-2,1,0,0,0,0,0,0,0,0,0,0,0,0,0,0,0,0,0,0,-1,1,-4,7,-4,7,-4,7,-5,7,-5,8,-6,8,-6,8,-6,8,-7,8,-7,8,-7,8,-8,8,-8,8,-8,8,-8,8,-7,8,-7,8,-7,8,-7,9,-7,9,-6,9,-6,10,-6,10,-6,10,-7,11,-6,11,-10,11,-28,39,-28,39,-28,38,-26,38,-25,37,-24,37,-23,37,-22,37,-20,37,-18,38,-17,39,-16,39,-16,40,-16,40,-16,40,-16,39,-16,39,-17,38,-18,37,-18,35,-19,33,-19,32,-19,31,-19,29,-20,28,-21,26,-27,20,-27,18,-5,3,-2,0,0,-1,0,-1,0,-1,-1,1,-3,4,-13,27,-15,26,-15,27,-17,26,-20,26,-21,26,-23,27,-25,27,-27,27,-29,27,-30,26,-30,27,-31,27,-31,28,-31,28,-32,28,-32,28,-31,28,-31,28,-30,29,-30,30,-29,31,-28,32,-28,34,-27,35,-27,37,-27,39,-27,40]"
CSI_DATA,107,5c:01:3b:6b:b0:95,-38,11,1,5,0,1,1,1,0,0,0,-97,1,11,0,29032587,0,86,1,256,1,"[86,-32,4,0,-14,0,-14,0,-14,1,-13,1,-13,1,-13,1,-13,1,-12,2,-12,2,-12,2,-12,3,-12,3,-12,3,-12,3,-12,3,-13,2,-12,2,-12,2,-12,1,-12,1,-11,1,-11,0,-11,0,-10,0,-10,-1,-3,-1,0,0,0,0,0,0,0,0,0,0,0,0,0,0,0,0,0,0,-3,0,-9,1,-10,0,-10,0,-11,0,-11,-1,-11,-1,-11,-1,-11,-2,-12,-2,-12,-2,-12,-2,-12,-3,-12,-3,-12,-3,-12,-3,-12,-2,-12,-2,-12,-2,-13,-2,-13,-1,-13,-1,-13,-1,-13,0,-13,0,-14,0,-14,0,-17,0,-54,1,-53,1,-53,1,-51,1,-50,2,-49,2,-49,3,-48,4,-47,6,-47,7,-47,9,-46,10,-46,10,-47,11,-47,11,-47,11,-46,10,-45,9,-45,7,-44,5,-43,4,-41,2,-40,1,-39,0,-38,-2,-37,-3,-35,-7,-34,-9,-6,-2,-2,-1,0,-1,0,-1,0,-1,-2,0,-6,1,-32,8,-33,6,-35,4,-36,1,-37,-1,-38,-2,-40,-3,-41,-5,-42,-6,-43,-8,-43,-8,-43,-9,-44,-10,-45,-10,-45,-10,-45,-11,-45,-10,-46,-10,-46,-9,-46,-8,-46,-7,-46,-6,-47,-5,-48,-3,-48,-2,-50,-1,-51,-1,-52,0]"
CSI_DATA,108,5c:01:3b:6b:b0:95,-41,11,1,5,0,1,1,1,0,0,0,-97,1,11,0,29069802,0,86,1,256,1,"[86,-32,4,0,26,-2,26,-2,25,-3,24,-3,24,-4,24,-4,23,-5,22,-5,22,-6,22,-7,22,-7,22,-7,22,-8,22,-7,23,-7,23,-7,22,-6,22,-6,21,-5,21,-4,20,-3,20,-3,19,-2,18,-1,18,-1,4,0,0,0,0,0,0,0,0,0,0,0,0,0,0,0,0,0,0,0,4,-1,16,-4,17,-3,18,-3,19,-2,19,-1,20,-1,20,0,21,1,21,2,22,2,22,2,22,2,22,3,22,3,22,3,23,2,22,2,22,1,23,1,23,0,24,-1,24,-1,24,-1,25,-2,26,-2,26,-3,15,1,49,2,49,3,49,3,48,2,47,1,46,1,45,0,45,-2,44,-4,44,-5,44,-7,43,-8,44,-8,44,-8,44,-7,44,-7,44,-6,43,-6,43,-5,41,-3,40,-2,39,-1,37,1,36,2,35,3,33,5,32,13,30,14,5,2,1,0,-1,-1,-2,0,-1,-1,1,-1,5,-1,31,-4,31,-2,32,-3,33,-1,34,1,35,3,37,5,38,6,39,8,39,9,39,10,40,10,41,10,41,11,41,11,41,11,41,11,42,11,42,10,42,9,42,9,43,8,44,7,45,5,45,4,47,3,48,2,49,2]"
CSI_DATA,109,5c:01:3b:6b:b0:95,-37,11,1,5,0,1,1,1,0,0,0,-97,1,11,0,29099146,0,86,1,256,1,"[86,-32,4,0,-11,-21,-11,-21,-11,-20,-11,-19,-12,-19,-12,-18,-12,-18,-12,-17,-13,-17,-13,-17,-13,-16,-14,-16,-14,-16,-14,-17,-14,-17,-14,-17,-13,-17,-13,-17,-12,-17,-11,-17,-10,-16,-9,-16,-8,-16,-7,-16,-7,-16,-2,-4,0,0,0,0,0,0,0,0,0,0,0,0,0,0,0,0,0,0,-3,-4,-9,-14,-8,-14,-8,-15,-8,-16,-7,-17,-7,-18,-7,-18,-6,-19,-6,-19,-5,-20,-5,-20,-5,-21,-5,-21,-5,-21,-5,-21,-6,-21,-6,-20,-7,-20,-7,-20,-8,-20,-9,-20,-9,-20,-9,-20,-10,-21,-10,-22,-11,-22,-5,-14,-16,-42,-15,-43,-15,-42,-15,-41,-15,-39,-16,-38,-16,-38,-17,-37,-18,-36,-20,-35,-21,-34,-22,-34,-22,-34,-22,-34,-22,-34,-22,-34,-21,-34,-20,-34,-19,-33,-17,-33,-16,-33,-15,-32,-13,-32,-12,-31,-10,-31,-9,-30,-2,-30,0,-30,0,-6,0,-2,0,0,0,0,0,0,-1,-2,-3,-5,-13,-27,-12,-27,-13,-27,-12,-29,-11,-30,-9,-32,-8,-34,-7,-35,-6,-36,-6,-37,-5,-38,-4,-38,-4,-39,-4,-39,-4,-40,-4,-40,-4,-40,-5,-39,-6,-39,-6,-38,-8,-38,-9,-39,-10,-39,-11,-40,-12,-40,-13,-41,-14,-41,-14,-42]"
CSI_DATA,110,5c:01:3b:6b:b0:95,-37,11,1,5,0,1,1,1,0,0,0,-97,1,11,0,29133616,0,86,1,256,1,"[86,-32,4,0,11,7,11,6,11,6,11,6,11,5,11,5,10,5,10,4,10,4,11,4,11,3,11,3,11,3,11,3,11,4,11,4,11,4,10,4,10,4,9,5,9,5,8,5,8,5,7,5,7,5,1,1,0,0,0,0,0,0,0,0,0,0,0,0,0,0,0,0,0,0,1,0,8,3,8,4,8,4,8,5,8,5,8,6,8,6,8,7,8,7,8,7,8,8,8,8,8,8,8,8,8,8,8,8,8,7,8,7,9,7,9,7,9,7,9,7,10,7,10,7,11,7,11,7,11,9,38,31,37,31,37,30,37,29,37,28,37,27,36,26,36,25,36,23,38,21,39,20,40,18,40,18,40,19,40,19,40,20,39,20,38,20,37,21,35,22,33,22,31,22,30,22,28,22,26,22,24,23,20,29,18,30,2,5,0,1,-1,-1,-2,-1,-1,-1,1,0,4,2,26,15,26,17,27,16,27,18,26,21,26,23,26,25,26,28,25,30,25,31,25,32,26,32,26,33,27,33,27,34,26,35,26,34,26,34,27,33,27,33,28,33,29,33,30,32,32,31,33,30,35,30,37,30,39,31]"
CSI_DATA,111,5c:01:3b:6b:b0:95,-37,11,1,5,0,1,1,1,0,0,0,-97,1,11,0,29168196,0,86,1,256,1,"[86,-32,4,0,10,7,10,7,10,7,10,6,10,6,10,6,10,6,10,5,10,5,10,5,10,4,10,4,10,4,10,4,11,4,11,5,10,5,10,5,9,5,9,5,8,5,8,5,7,6,7,6,7,6,1,1,0,0,0,0,0,0,0,0,0,0,0,0,0,0,0,0,0,0,1,0,7,3,7,4,7,5,7,5,7,6,7,6,7,7,7,7,7,8,7,8,8,8,7,8,7,8,7,8,7,8,7,8,7,8,8,8,8,8,8,8,8,8,9,8,9,7,10,7,10,7,10,8,11,9,39,31,39,31,38,31,38,30,37,28,37,27,37,27,38,25,38,23,38,21,40,20,40,19,40,18,40,19,40,19,40,20,39,20,38,21,37,21,36,22,34,23,32,23,30,23,29,23,26,23,24,23,21,26,18,27,3,5,0,1,-1,-1,-1,-1,-1,-1,1,0,5,1,29,12,28,14,28,16,28,18,27,20,27,22,27,24,27,26,27,29,27,30,27,32,27,32,28,33,28,33,28,33,27,33,27,33,28,33,28,33,29,32,30,32,31,32,32,32,33,32,35,30,37,30,38,30,39,30]"
CSI_DATA,112,5c:01:3b:6b:b0:95,-38,11,1,6,0,1,1,1,0,0,0,-97,1,11,0,29200402,0,86,1,256,1,"[86,-32,4,0,1,13,1,13,1,12,1,12,1,12,2,11,2,11,2,11,3,11,3,11,3,11,3,11,3,11,3,11,3,11,3,11,3,11,2,11,2,10,2,10,1,10,1,9,1,9,0,9,0,9,0,2,0,0,0,0,0,0,0,0,0,0,0,0,0,0,0,0,0,0,0,2,1,8,1,8,0,9,0,9,0,9,-1,10,-1,10,-1,10,-2,11,-2,11,-2,11,-2,11,-2,11,-2,11,-2,11,-2,11,-2,11,-2,11,-1,11,-1,11,-1,11,0,12,0,12,0,12,0,13,1,13,-2,15,-3,50,-3,49,-3,48,-3,47,-2,46,-1,46,0,45,2,44,3,43,5,43,6,43,7,43,7,43,7,43,7,43,7,43,6,43,5,43,4,42,3,41,2,39,0,37,-1,37,-2,36,-3,35,-5,34,-13,33,-14,32,-3,5,-1,1,0,-1,-1,-1,0,-1,0,1,0,5,1,31,-1,31,1,32,-2,33,-4,34,-5,35,-7,36,-8,37,-10,38,-11,38,-12,39,-13,40,-13,41,-13,41,-14,41,-14,41,-14,41,-13,42,-12,41,-11,41,-11,42,-9,43,-8,44,-7,45,-5,45,-4,47,-4,48,-4,48]"
CSI_DATA,113,5c:01:3b:6b:b0:95,-42,11,1,6,0,1,1,1,0,0,0,-97,1,11,0,29232517,0,86,1,256,1,"[86,-32,4,0,14,21,14,21,14,20,14,19,14,19,14,18,14,17,15,17,15,16,16,16,16,15,16,15,16,15,16,16,16,16,16,16,15,16,14,16,13,16,13,16,12,16,11,16,10,16,9,16,8,16,2,4,0,0,0,0,0,0,0,0,0,0,0,0,0,0,0,0,0,0,2,3,11,12,11,13,11,14,10,15,10,16,10,17,9,18,9,18,8,19,8,20,8,20,8,21,8,21,8,20,8,20,8,20,9,20,9,20,10,20,10,20,11,20,12,20,12,20,13,21,14,21,15,22,6,13,22,44,22,43,21,43,21,42,21,40,22,40,22,38,23,37,24,36,25,34,26,34,27,33,27,34,27,34,27,34,27,34,26,34,25,34,24,34,22,34,20,34,18,33,17,33,16,32,14,32,11,32,5,33,3,33,0,6,-1,1,-1,-1,-1,-1,-1,-1,1,1,3,3,19,23,18,25,18,26,17,28,16,30,15,32,14,33,14,35,13,36,12,37,11,38,11,39,11,40,11,40,11,41,11,41,11,41,11,41,11,41,12,40,13,40,15,41,16,41,17,41,19,41,20,42,22,43,22,43]"
CSI_DATA,114,5c:01:3b:6b:b0:95,-41,11,1,5,0,1,1,1,0,0,0,-97,1,11,0,29273044,0,86,1,256,1,"[86,-32,4,0,-22,15,-21,15,-20,15,-19,15,-19,15,-18,15,-18,15,-17,16,-16,16,-16,16,-16,16,-15,17,-15,17,-15,17,-15,18,-16,17,-16,17,-15,16,-15,15,-16,14,-16,13,-16,12,-16,11,-15,11,-16,10,-4,2,0,0,0,0,0,0,0,0,0,0,0,0,0,0,0,0,0,0,-4,2,-14,11,-14,10,-15,10,-16,10,-17,9,-18,9,-19,9,-19,9,-20,8,-21,8,-21,8,-22,8,-22,8,-21,8,-21,8,-21,9,-21,9,-20,10,-21,10,-21,11,-20,12,-20,12,-20,13,-21,13,-22,14,-22,15,-14,8,-43,26,-43,26,-42,26,-40,26,-39,26,-38,26,-37,26,-35,27,-34,28,-33,29,-32,30,-31,31,-31,32,-31,32,-31,32,-32,31,-32,31,-32,30,-32,29,-32,27,-32,25,-31,23,-31,22,-31,20,-31,19,-31,17,-33,12,-33,10,-6,1,-2,0,0,-1,0,-1,0,-1,-1,1,-4,4,-22,22,-24,20,-26,19,-28,18,-30,17,-32,16,-34,16,-36,15,-37,15,-39,14,-39,13,-40,13,-41,14,-41,14,-42,14,-42,13,-42,14,-42,14,-41,15,-41,16,-40,17,-40,18,-41,19,-41,21,-40,22,-41,24,-41,25,-42,25]"
CSI_DATA,115,5c:01:3b:6b:b0:95,-39,11,1,6,0,1,1,1,0,0,0,-97,1,11,0,29299218,0,86,1,256,1,"[86,-32,4,0,-2,23,-2,23,-1,22,-1,21,-1,21,-1,21,0,21,1,20,2,20,2,20,2,19,2,19,2,20,2,20,2,20,2,20,2,20,1,20,0,19,0,19,-1,18,-2,17,-2,17,-3,16,-4,16,-1,4,0,0,0,0,0,0,0,0,0,0,0,0,0,0,0,0,0,0,0,3,1,15,0,15,0,16,-1,17,-2,17,-3,17,-3,18,-4,19,-5,19,-6,19,-6,19,-6,19,-6,19,-6,19,-6,19,-6,19,-5,19,-5,19,-4,20,-4,20,-3,21,-3,21,-3,21,-3,22,-3,23,-2,23,-3,13,-7,43,-7,43,-7,43,-7,42,-6,41,-6,41,-5,40,-4,39,-2,39,0,38,2,39,2,39,3,39,3,39,2,39,2,39,1,38,0,38,-1,37,-2,36,-3,35,-4,34,-4,33,-5,32,-7,31,-8,30,-11,27,-13,27,-3,4,-1,1,0,-1,-1,-1,-1,-1,0,1,0,5,3,28,1,28,0,29,-2,30,-4,31,-6,31,-8,32,-9,33,-11,34,-12,34,-13,35,-13,35,-13,36,-13,36,-14,36,-14,36,-14,36,-14,36,-14,36,-13,36,-12,37,-11,38,-10,39,-10,40,-9,40,-8,41,-7,42,-6,43]"
CSI_DATA,116,5c:01:3b:6b:b0:95,-38,11,1,5,0,1,1,1,0,0,0,-97,1,11,0,29333866,0,86,1,256,1,"[86,-32,4,0,-3,12,-3,12,-3,12,-2,12,-2,12,-2,12,-1,11,-1,11,-1,11,-1,11,-1,11,-1,11,0,11,0,11,0,11,0,11,-1,11,-1,11,-1,11,-2,10,-2,10,-2,9,-2,9,-3,9,-3,8,-1,2,0,0,0,0,0,0,0,0,0,0,0,0,0,0,0,0,0,0,-1,2,-1,8,-1,8,-2,8,-2,9,-3,9,-3,9,-3,10,-4,10,-4,10,-4,10,-4,10,-5,10,-5,10,-5,10,-5,10,-5,10,-5,10,-4,10,-4,10,-4,11,-3,11,-3,11,-3,11,-3,12,-3,12,-3,13,-5,14,-14,48,-14,47,-13,47,-12,46,-12,45,-11,44,-11,43,-9,43,-7,42,-6,42,-4,43,-3,44,-3,44,-3,45,-3,44,-3,44,-4,44,-5,43,-6,42,-8,40,-9,39,-10,37,-10,36,-10,35,-12,33,-13,32,-17,29,-18,28,-4,4,-2,1,0,-1,0,-1,0,-1,0,1,-1,5,-3,31,-5,31,-5,31,-7,32,-10,32,-11,33,-13,34,-15,35,-17,35,-18,36,-19,36,-20,36,-20,37,-20,38,-21,38,-21,38,-21,38,-21,39,-20,38,-19,38,-19,39,-18,40,-17,41,-16,42,-15,43,-14,45,-14,46,-14,46]"
CSI_DATA,117,5c:01:3b:6b:b0:95,-40,11,1,6,0,1,1,1,0,0,0,-97,1,11,0,29366434,0,86,1,256,1,"[86,-32,4,0,-22,6,-22,6,-21,6,-20,7,-20,7,-20,7,-19,8,-18,8,-18,8,-18,8,-18,8,-18,9,-18,9,-17,9,-18,9,-18,9,-18,9,-17,8,-17,7,-17,6,-17,5,-17,5,-16,4,-16,3,-15,2,-4,0,0,0,0,0,0,0,0,0,0,0,0,0,0,0,0,0,0,0,-4,1,-14,6,-14,6,-15,5,-16,5,-17,4,-17,4,-18,3,-18,3,-19,3,-20,2,-20,2,-20,1,-20,1,-20,1,-20,1,-20,2,-20,2,-20,2,-20,3,-20,4,-20,4,-20,4,-20,5,-21,5,-22,5,-23,6,-13,2,-42,9,-42,8,-41,8,-40,8,-39,9,-38,9,-37,10,-37,10,-35,12,-35,13,-35,14,-34,15,-35,16,-35,16,-35,15,-35,15,-35,14,-34,13,-34,12,-34,10,-33,9,-32,8,-31,7,-31,5,-30,4,-29,2,-29,-2,-28,-4,-5,-1,-2,-1,0,-1,0,-1,0,-1,-2,0,-5,2,-24,12,-25,11,-26,10,-28,9,-30,8,-31,6,-32,5,-33,4,-34,2,-35,2,-36,1,-36,1,-37,1,-38,1,-38,1,-38,1,-38,0,-39,0,-38,1,-38,2,-38,2,-39,3,-39,4,-39,5,-40,7,-41,8,-42,9,-42,10]"
CSI_DATA,118,5c:01:3b:6b:b0:95,-40,11,1,6,0,1,1,1,0,0,0,-97,1,11,0,29400445,0,86,1,256,1,"[86,-32,4,0,-14,-6,-14,-5,-13,-5,-13,-4,-13,-4,-13,-4,-13,-3,-12,-3,-12,-3,-13,-2,-13,-2,-13,-2,-13,-2,-13,-2,-13,-2,-13,-2,-12,-2,-12,-3,-12,-3,-12,-3,-11,-3,-11,-3,-10,-3,-10,-4,-10,-4,-3,-2,0,0,0,0,0,0,0,0,0,0,0,0,0,0,0,0,0,0,-3,-1,-9,-3,-9,-4,-10,-4,-10,-5,-10,-5,-10,-5,-10,-6,-10,-6,-10,-7,-10,-7,-10,-7,-11,-7,-11,-7,-11,-7,-11,-7,-11,-7,-11,-7,-11,-7,-11,-7,-11,-6,-12,-6,-12,-6,-12,-6,-13,-5,-13,-5,-13,-6,-14,-9,-46,-27,-46,-27,-45,-27,-44,-26,-43,-25,-43,-24,-42,-22,-43,-21,-43,-19,-44,-17,-45,-16,-46,-14,-46,-14,-46,-15,-45,-15,-44,-15,-43,-15,-43,-16,-42,-17,-41,-18,-39,-18,-37,-18,-36,-18,-35,-19,-33,-20,-31,-21,-25,-28,-22,-29,-4,-6,-2,-2,0,0,0,0,0,0,-2,-1,-6,-3,-30,-16,-29,-18,-31,-17,-31,-19,-31,-22,-31,-24,-31,-25,-31,-27,-31,-29,-31,-30,-31,-32,-31,-32,-32,-32,-32,-33,-32,-33,-32,-33,-32,-33,-33,-33,-34,-32,-34,-31,-35,-31,-36,-31,-37,-30,-39,-29,-40,-28,-42,-27,-44,-27,-44,-27]"
CSI_DATA,119,5c:01:3b:6b:b0:95,-43,11,1,6,0,1,1,1,0,0,0,-97,1,11,0,29435793,0,86,1,256,1,"[86,-32,4,0,-18,19,-17,18,-16,18,-16,18,-15,18,-15,18,-14,18,-13,18,-12,18,-12,19,-11,19,-11,19,-11,20,-11,19,-12,20,-12,19,-12,19,-12,18,-12,17,-13,16,-13,15,-13,14,-13,14,-13,13,-14,12,-4,3,0,0,0,0,0,0,0,0,0,0,0,0,0,0,0,0,0,0,-3,3,-10,13,-10,13,-12,13,-13,13,-13,13,-14,13,-15,13,-16,13,-17,13,-17,13,-18,13,-18,13,-18,13,-18,13,-18,13,-18,13,-18,14,-17,14,-17,14,-17,15,-17,16,-17,16,-16,16,-17,17,-17,19,-17,19,-13,8,-39,29,-39,28,-38,28,-37,27,-36,27,-35,28,-33,28,-32,29,-31,29,-29,30,-29,31,-28,32,-28,33,-29,33,-28,32,-28,31,-29,31,-29,30,-30,29,-30,27,-30,26,-29,24,-29,22,-29,21,-29,19,-29,17,-33,9,-33,7,-6,1,-2,0,0,-1,0,-1,0,-1,-1,1,-4,4,-21,22,-23,20,-22,22,-24,21,-27,20,-28,19,-30,19,-32,19,-33,18,-35,18,-36,17,-36,18,-37,18,-37,18,-38,18,-38,17,-38,17,-38,18,-38,18,-37,19,-37,20,-37,21,-37,22,-37,24,-36,25,-37,27,-37,28,-38,29]"
CSI_DATA,120,5c:01:3b:6b:b0:95,-40,11,1,6,0,1,1,1,0,0,0,-97,1,11,0,29466197,0,86,1,256,1,"[86,-32,4,0,11,6,11,6,11,5,11,5,11,5,11,5,10,4,10,4,11,3,11,3,11,3,11,3,11,3,11,3,11,3,11,3,10,4,10,4,10,4,9,4,9,4,8,4,8,5,8,5,7,5,1,1,0,0,0,0,0,0,0,0,0,0,0,0,0,0,0,0,0,0,1,0,8,2,8,3,8,4,8,4,8,5,8,5,8,5,8,6,8,6,8,6,9,7,9,7,9,7,9,7,9,7,8,7,8,7,9,6,9,6,9,6,9,6,10,6,10,6,10,6,11,6,12,6,12,9,40,29,40,29,39,29,39,28,38,27,38,26,38,24,38,22,38,21,38,19,39,18,40,18,41,17,41,17,40,17,40,18,39,18,38,19,37,20,36,21,34,21,32,21,30,21,29,22,27,22,25,23,20,28,17,29,2,5,0,1,-1,-1,-1,-1,-1,-1,1,0,4,2,27,12,27,15,28,14,28,17,28,19,28,21,28,23,28,25,28,27,28,28,28,29,28,30,29,31,30,31,29,32,29,32,29,32,29,32,29,31,29,30,31,30,32,30,33,29,34,28,35,27,37,28,39,28,40,28]"
CSI_DATA,121,5c:01:3b:6b:b0:95,-44,11,1,6,0,1,1,1,0,0,0,-97,1,11,0,29499396,0,86,1,256,1,"[86,-32,4,0,-24,14,-23,14,-22,14,-21,14,-21,14,-20,14,-19,14,-18,15,-17,15,-17,16,-17,17,-17,17,-17,17,-17,17,-17,17,-17,17,-17,16,-17,15,-17,14,-17,13,-17,12,-17,11,-17,11,-17,11,-17,10,-5,2,0,0,0,0,0,0,0,0,0,0,0,0,0,0,0,0,0,0,-4,2,-14,10,-15,10,-16,9,-17,9,-18,9,-19,8,-20,8,-21,8,-21,7,-21,7,-22,7,-23,7,-23,7,-23,7,-23,7,-23,7,-22,8,-22,8,-22,9,-22,10,-22,10,-22,11,-22,11,-22,13,-23,14,-24,14,-15,6,-48,21,-47,20,-47,19,-45,19,-44,20,-43,20,-41,21,-40,22,-39,23,-37,24,-37,25,-37,27,-37,28,-37,28,-37,27,-37,27,-37,26,-37,26,-37,24,-37,22,-37,21,-35,19,-35,17,-34,16,-34,14,-34,13,-36,4,-36,2,-7,0,-2,-1,0,-1,0,-1,0,-1,-2,0,-5,2,-28,15,-29,13,-30,14,-32,13,-34,12,-35,11,-37,10,-39,9,-40,8,-41,7,-41,7,-42,6,-43,7,-44,6,-44,6,-45,6,-45,6,-45,7,-44,8,-44,9,-44,10,-45,11,-45,12,-45,14,-44,16,-45,17,-46,19,-48,20]"
CSI_DATA,122,5c:01:3b:6b:b0:95,-44,11,1,6,0,1,1,1,0,0,0,-97,1,11,0,29536427,0,86,1,256,1,"[86,-32,4,0,-8,-15,-8,-15,-8,-15,-8,-14,-9,-14,-9,-14,-9,-13,-9,-13,-10,-13,-10,-12,-10,-12,-10,-12,-11,-12,-11,-12,-11,-12,-10,-12,-10,-12,-10,-12,-9,-12,-9,-12,-8,-12,-7,-11,-7,-11,-6,-11,-6,-12,-2,-3,0,0,0,0,0,0,0,0,0,0,0,0,0,0,0,0,0,0,-2,-3,-6,-10,-6,-10,-6,-11,-6,-12,-5,-12,-5,-13,-5,-13,-4,-14,-4,-14,-4,-14,-4,-15,-4,-15,-4,-15,-4,-15,-4,-15,-4,-15,-4,-15,-5,-14,-5,-15,-6,-15,-6,-15,-6,-15,-7,-15,-7,-15,-8,-16,-8,-16,-6,-20,-19,-62,-19,-61,-19,-61,-18,-59,-19,-58,-20,-57,-21,-55,-22,-54,-24,-53,-26,-52,-28,-51,-30,-50,-30,-50,-30,-50,-29,-50,-29,-50,-28,-50,-27,-50,-25,-50,-23,-49,-21,-48,-19,-47,-18,-46,-17,-46,-14,-45,-12,-44,0,-45,3,-44,0,-8,0,-3,-1,0,0,1,0,0,-2,-2,-3,-7,-15,-38,-13,-39,-16,-39,-13,-41,-11,-44,-10,-46,-9,-47,-7,-49,-6,-51,-4,-51,-4,-53,-3,-53,-4,-55,-3,-56,-3,-56,-3,-56,-3,-56,-4,-57,-4,-56,-6,-56,-7,-56,-9,-57,-10,-57,-12,-58,-14,-58,-16,-59,-17,-61,-18,-62]"
CSI_DATA,123,5c:01:3b:6b:b0:95,-44,11,1,6,0,1,1,1,0,0,0,-97,1,11,0,29567385,0,86,1,256,1,"[86,-32,4,0,23,-12,22,-12,22,-12,21,-12,21,-13,20,-13,19,-13,19,-13,18,-14,18,-14,18,-14,18,-14,18,-15,18,-15,18,-15,18,-14,18,-14,18,-13,18,-12,18,-11,18,-10,17,-9,17,-9,17,-8,17,-7,4,-2,0,0,0,0,0,0,0,0,0,0,0,0,0,0,0,0,0,0,3,-3,13,-11,14,-11,15,-10,15,-10,16,-10,17,-9,18,-9,19,-9,20,-8,20,-8,21,-7,21,-7,21,-7,21,-7,21,-7,21,-8,21,-8,20,-8,21,-9,21,-9,21,-10,21,-10,21,-11,22,-11,23,-12,23,-13,14,-5,46,-15,46,-15,45,-15,44,-14,43,-14,42,-15,41,-16,40,-17,39,-18,38,-19,38,-21,37,-22,38,-22,38,-22,38,-21,38,-20,38,-19,38,-18,38,-17,38,-15,37,-14,35,-12,35,-11,34,-10,34,-8,33,-6,34,3,34,5,5,1,1,0,-1,-1,-1,0,-1,0,1,-1,4,-3,26,-16,27,-14,27,-16,29,-15,31,-13,33,-12,34,-11,35,-10,37,-8,38,-7,39,-7,40,-6,40,-7,41,-7,41,-6,42,-6,42,-6,42,-6,41,-6,41,-7,42,-8,42,-9,42,-10,43,-11,43,-13,44,-14,45,-15,46,-16]"
CSI_DATA,124,5c:01:3b:6b:b0:95,-41,11,1,6,0,1,1,1,0,0,0,-97,1,11,0,29599108,0,86,1,256,1,"[86,-32,4,0,13,-3,13,-4,12,-3,12,-3,12,-4,11,-4,11,-4,10,-5,10,-5,10,-5,10,-5,10,-6,10,-5,10,-5,10,-6,11,-5,10,-5,10,-5,10,-4,10,-4,9,-4,9,-3,9,-3,9,-2,9,-2,2,-1,0,0,0,0,0,0,0,0,0,0,0,0,0,0,0,0,0,0,1,-1,8,-3,8,-3,9,-3,9,-3,9,-2,10,-2,10,-2,10,-1,11,-1,11,-1,11,-1,11,-1,11,0,11,0,11,0,11,-1,11,-1,11,-1,11,-2,11,-2,12,-2,12,-2,12,-3,12,-3,13,-3,13,-3,14,-3,49,-9,49,-8,49,-8,48,-8,47,-9,46,-10,45,-11,44,-12,43,-14,42,-15,41,-17,41,-18,41,-18,41,-18,42,-18,42,-17,42,-16,42,-16,41,-15,40,-14,39,-12,38,-11,37,-9,36,-7,36,-5,35,-4,34,1,34,3,5,0,1,0,-1,-1,-2,0,-1,0,1,-1,4,-3,29,-12,30,-10,31,-10,32,-8,34,-6,35,-5,36,-3,38,-2,40,-1,41,0,42,1,42,2,42,2,43,2,43,2,43,2,44,2,44,1,43,1,43,0,44,-1,45,-2,45,-3,46,-5,46,-6,47,-7,49,-8,50,-9]"
CSI_DATA,125,5c:01:3b:6b:b0:95,-44,11,1,6,0,1,1,1,0,0,0,-97,1,11,0,29632207,0,86,1,256,1,"[86,-32,4,0,23,9,23,9,23,8,22,7,22,6,22,6,22,5,22,5,22,4,22,4,22,3,22,3,22,3,22,3,22,3,22,4,22,4,21,4,20,5,20,5,19,6,18,6,17,7,16,7,16,8,3,2,0,0,0,0,0,0,0,0,0,0,0,0,0,0,0,0,0,0,3,0,16,3,16,4,16,5,17,6,17,6,17,7,18,8,18,9,18,10,18,10,18,11,18,11,18,12,18,11,18,11,18,11,19,11,19,10,19,10,20,9,21,9,21,9,21,9,22,9,23,9,23,9,13,5,45,18,44,18,44,18,43,17,42,16,42,15,42,14,42,12,41,11,42,9,42,8,42,7,42,7,43,7,43,7,42,7,42,8,41,9,41,10,39,11,38,12,36,12,34,13,33,14,31,15,30,16,28,19,26,20,4,3,1,1,-1,-1,-1,-1,-1,-1,1,-1,5,-1,29,1,30,4,30,6,30,8,31,11,31,13,32,14,33,16,33,18,33,19,34,21,34,22,34,22,35,22,34,23,34,23,34,23,35,23,35,22,35,21,37,21,38,20,38,20,40,19,41,18,42,18,44,18,44,18]"
CSI_DATA,126,5c:01:3b:6b:b0:95,-44,11,1,5,0,1,1,1,0,0,0,-97,1,11,0,29667833,0,86,1,256,1,"[86,-32,4,0,-14,-25,-14,-24,-14,-23,-14,-22,-15,-22,-15,-21,-15,-20,-16,-20,-16,-19,-16,-19,-17,-18,-17,-18,-17,-18,-17,-18,-17,-19,-17,-19,-17,-19,-16,-19,-15,-18,-15,-18,-13,-18,-12,-18,-11,-18,-10,-18,-10,-18,-3,-5,0,0,0,0,0,0,0,0,0,0,0,0,0,0,0,0,0,0,-3,-4,-10,-15,-10,-16,-10,-17,-9,-18,-9,-19,-9,-20,-8,-21,-8,-21,-7,-22,-7,-22,-7,-23,-7,-24,-7,-24,-7,-23,-7,-23,-8,-23,-8,-23,-8,-23,-9,-23,-10,-23,-11,-23,-11,-23,-12,-23,-12,-24,-13,-25,-14,-25,-7,-15,-24,-48,-23,-48,-23,-47,-23,-46,-23,-45,-24,-43,-24,-42,-25,-41,-26,-39,-27,-38,-29,-38,-30,-37,-31,-37,-31,-37,-30,-37,-30,-37,-29,-37,-28,-37,-27,-37,-25,-37,-23,-37,-22,-36,-20,-36,-19,-35,-17,-35,-15,-35,-8,-36,-6,-36,-1,-7,-1,-2,0,0,0,0,0,0,-2,-2,-4,-5,-21,-26,-19,-27,-18,-29,-17,-31,-16,-33,-15,-35,-14,-37,-13,-39,-12,-40,-12,-41,-11,-42,-11,-43,-11,-44,-11,-45,-10,-45,-10,-45,-10,-45,-11,-45,-12,-45,-13,-44,-14,-45,-15,-45,-16,-45,-18,-45,-19,-45,-21,-46,-22,-47,-23,-47]"
CSI_DATA,127,5c:01:3b:6b:b0:95,-46,11,1,6,0,1,1,1,0,0,0,-97,1,11,0,29699237,0,86,1,256,1,"[86,-32,4,0,20,14,20,13,20,12,20,11,20,11,20,10,20,9,20,9,20,8,20,7,20,7,21,7,21,7,21,7,21,7,21,7,20,7,19,8,19,8,18,8,17,9,16,9,16,9,15,9,14,10,3,2,0,0,0,0,0,0,0,0,0,0,0,0,0,0,0,0,0,0,3,1,13,7,13,8,14,9,14,10,14,11,14,12,14,13,14,13,14,14,14,15,14,15,14,15,14,16,14,16,14,15,15,15,15,15,15,14,16,14,16,14,17,14,18,14,18,13,19,13,20,14,21,14,10,10,35,31,35,31,34,31,34,30,33,28,34,27,34,26,34,24,34,22,35,21,36,20,36,19,37,19,37,19,37,19,37,20,36,20,36,20,35,21,33,21,32,21,29,21,28,22,27,22,25,23,23,23,17,29,14,30,2,5,0,1,-1,-1,-1,-1,-1,-1,1,0,4,2,24,16,23,18,24,18,24,20,23,22,23,23,23,25,23,27,23,29,22,30,22,31,22,32,22,32,22,33,22,33,22,34,22,33,23,33,24,33,24,32,26,32,27,32,28,31,29,31,31,30,32,30,33,31,34,31]"
CSI_DATA,128,5c:01:3b:6b:b0:95,-46,11,1,6,0,1,1,1,0,0,0,-97,1,11,0,29734405,0,86,1,256,1,"[86,-32,4,0,6,25,6,24,6,23,6,23,6,23,7,22,7,21,8,21,8,21,9,20,9,20,9,20,10,20,10,20,10,21,9,21,9,21,8,21,7,20,6,20,5,19,4,18,4,18,3,18,2,18,0,4,0,0,0,0,0,0,0,0,0,0,0,0,0,0,0,0,0,0,1,3,6,15,6,15,5,16,5,17,4,18,4,19,3,20,2,20,2,21,1,21,1,22,0,22,1,22,1,22,1,22,1,22,2,22,2,22,2,22,3,22,4,23,4,23,4,23,5,24,5,25,6,25,-1,14,-1,47,-1,47,-1,46,-1,46,0,45,1,44,3,43,4,43,5,42,5,41,6,41,6,41,7,42,7,42,7,42,7,42,6,41,6,41,5,41,4,40,2,39,1,38,-1,37,-2,36,-4,35,-6,33,-17,30,-18,29,-4,5,-2,1,0,-1,-1,-2,-1,-1,0,1,0,5,1,30,-1,30,4,30,2,31,1,32,-1,33,-2,35,-3,36,-4,37,-5,38,-7,38,-8,39,-9,40,-10,40,-10,40,-10,40,-10,40,-10,41,-9,40,-8,40,-7,41,-5,42,-4,43,-3,44,-3,44,-2,45,-2,46,-1,47]"
CSI_DATA,129,5c:01:3b:6b:b0:95,-46,11,1,5,0,1,1,1,0,0,0,-97,1,11,0,29768119,0,86,1,256,1,"[86,-32,4,0,2,-16,1,-16,1,-16,1,-15,1,-15,1,-15,0,-15,0,-14,-1,-14,-1,-14,-2,-14,-2,-14,-2,-14,-2,-14,-1,-15,-1,-15,-1,-15,-1,-14,0,-14,0,-14,1,-13,1,-12,1,-12,1,-12,2,-12,0,-3,0,0,0,0,0,0,0,0,0,0,0,0,0,0,0,0,0,0,-1,-3,-1,-10,0,-11,0,-11,1,-12,1,-12,2,-12,2,-13,3,-13,3,-13,3,-13,4,-13,4,-14,4,-13,4,-13,4,-13,4,-14,3,-14,3,-14,3,-14,3,-14,3,-14,2,-15,2,-15,2,-15,2,-16,2,-16,6,-17,19,-56,19,-55,18,-55,18,-54,17,-53,16,-52,15,-52,13,-52,11,-51,9,-52,7,-53,5,-53,5,-54,5,-54,6,-53,7,-53,8,-52,8,-52,10,-51,11,-49,12,-47,12,-45,13,-44,13,-42,14,-41,16,-39,27,-32,28,-30,5,-6,1,-2,-1,0,-1,1,-1,0,0,-2,1,-7,8,-36,10,-36,6,-38,8,-38,11,-39,13,-39,16,-40,18,-40,20,-41,22,-41,23,-42,23,-42,24,-44,24,-45,25,-45,26,-44,25,-44,25,-45,24,-45,24,-45,23,-46,23,-46,22,-48,21,-49,19,-50,18,-52,18,-54,18,-56]"
CSI_DATA,130,5c:01:3b:6b:b0:95,-47,11,1,6,0,1,1,1,0,0,0,-97,1,11,0,29799229,0,86,1,256,1,"[86,-32,4,0,-15,4,-14,4,-14,4,-13,5,-13,5,-13,5,-12,5,-12,5,-12,6,-12,6,-11,6,-11,6,-11,6,-11,7,-11,7,-12,6,-11,6,-11,6,-11,5,-11,5,-11,4,-11,4,-11,4,-11,3,-10,3,-3,0,0,0,0,0,0,0,0,0,0,0,0,0,0,0,0,0,0,0,-2,1,-9,3,-9,3,-10,3,-10,3,-11,2,-11,2,-12,2,-12,1,-12,1,-13,1,-13,1,-13,1,-13,1,-13,1,-13,1,-13,1,-13,1,-13,2,-13,2,-13,2,-13,2,-13,3,-13,3,-14,3,-14,4,-14,4,-18,4,-55,15,-55,15,-54,14,-52,14,-51,15,-49,15,-48,16,-47,17,-46,18,-45,20,-44,22,-44,23,-44,24,-44,24,-44,24,-44,24,-44,23,-44,22,-44,21,-44,18,-43,17,-42,15,-41,14,-41,13,-40,11,-40,9,-40,4,-39,2,-7,0,-3,-1,0,-1,0,-1,0,-1,-2,1,-6,3,-30,16,-31,15,-33,13,-35,11,-37,9,-39,8,-40,7,-42,6,-44,4,-45,3,-46,3,-47,2,-48,2,-48,2,-48,1,-49,1,-49,2,-49,2,-49,3,-48,4,-49,5,-50,6,-50,7,-51,9,-51,11,-52,12,-53,13,-53,14]"
CSI_DATA,131,5c:01:3b:6b:b0:95,-47,11,1,5,0,1,1,1,0,0,0,-97,1,11,0,29836863,0,86,1,256,1,"[86,-32,4,0,-13,-23,-13,-23,-13,-22,-13,-21,-13,-21,-13,-20,-14,-20,-14,-19,-15,-19,-15,-18,-16,-18,-16,-17,-16,-18,-16,-18,-16,-18,-16,-18,-15,-19,-14,-19,-13,-18,-13,-18,-12,-18,-11,-17,-10,-18,-9,-18,-8,-17,-2,-5,0,0,0,0,0,0,0,0,0,0,0,0,0,0,0,0,0,0,-3,-4,-11,-13,-10,-14,-10,-15,-10,-16,-9,-17,-9,-18,-9,-19,-8,-19,-8,-20,-8,-21,-8,-21,-7,-22,-7,-22,-7,-22,-7,-21,-8,-22,-8,-21,-8,-21,-9,-21,-9,-21,-10,-22,-11,-22,-11,-22,-12,-22,-13,-23,-13,-24,-6,-15,-19,-46,-19,-46,-19,-45,-19,-44,-19,-43,-19,-42,-20,-41,-21,-40,-22,-38,-23,-38,-24,-37,-25,-37,-26,-37,-26,-37,-26,-37,-25,-37,-24,-37,-24,-37,-23,-37,-21,-36,-19,-36,-18,-36,-16,-35,-15,-35,-13,-34,-11,-34,-4,-35,-1,-35,-1,-7,0,-2,0,0,0,0,0,0,-2,-2,-4,-5,-17,-25,-15,-27,-17,-27,-15,-29,-14,-31,-13,-32,-13,-34,-12,-36,-11,-37,-10,-38,-9,-39,-9,-39,-8,-40,-8,-41,-8,-42,-8,-42,-8,-42,-9,-42,-10,-42,-11,-42,-11,-42,-12,-42,-13,-42,-15,-43,-16,-43,-17,-44,-18,-44,-18,-45]"
CSI_DATA,132,5c:01:3b:6b:b0:95,-49,11,1,6,0,1,1,1,0,0,0,-97,1,11,0,29866325,0,86,1,256,1,"[86,-32,4,0,-11,21,-10,21,-9,21,-9,20,-8,20,-8,20,-7,20,-6,20,-5,20,-5,20,-5,20,-5,20,-4,20,-4,21,-4,21,-5,21,-5,20,-5,20,-6,19,-6,19,-7,17,-7,17,-8,16,-8,16,-8,15,-2,3,0,0,0,0,0,0,0,0,0,0,0,0,0,0,0,0,0,0,-2,3,-5,14,-6,14,-6,15,-7,15,-8,15,-9,15,-10,16,-11,16,-11,16,-12,16,-12,16,-13,16,-13,16,-13,16,-13,16,-12,17,-12,17,-12,17,-11,17,-11,18,-11,18,-11,19,-10,19,-11,20,-11,21,-10,22,-9,11,-25,37,-25,37,-25,37,-24,36,-23,36,-22,36,-21,36,-20,36,-18,36,-17,36,-15,37,-15,37,-14,38,-14,38,-14,38,-14,37,-15,37,-16,36,-17,36,-17,34,-18,33,-18,31,-18,30,-18,29,-19,27,-20,26,-25,21,-26,20,-5,3,-2,0,0,-1,0,-1,0,-1,-1,1,-2,4,-12,25,-13,24,-13,25,-15,25,-17,25,-19,25,-20,26,-22,26,-24,26,-25,26,-26,26,-27,26,-28,27,-28,27,-29,26,-29,26,-29,27,-29,27,-28,28,-27,28,-27,29,-27,30,-26,31,-26,32,-25,33,-25,35,-25,36,-25,37]"
CSI_DATA,133,5c:01:3b:6b:b0:95,-49,11,1,5,0,1,1,1,0,0,0,-97,1,11,0,29905372,0,86,1,256,1,"[86,-32,4,0,-16,-23,-16,-22,-16,-21,-16,-20,-16,-20,-16,-20,-16,-19,-17,-18,-17,-17,-18,-17,-19,-16,-19,-16,-19,-16,-19,-16,-19,-17,-19,-17,-18,-17,-17,-17,-16,-17,-15,-17,-14,-17,-14,-16,-13,-16,-12,-16,-11,-17,-3,-5,0,0,0,0,0,0,0,0,0,0,0,0,0,0,0,0,0,0,-3,-3,-12,-13,-12,-14,-12,-15,-11,-16,-11,-17,-11,-18,-10,-19,-10,-20,-9,-20,-9,-21,-10,-21,-10,-22,-10,-22,-10,-22,-10,-22,-10,-22,-10,-21,-11,-21,-11,-21,-12,-21,-13,-22,-13,-22,-14,-21,-15,-22,-16,-23,-16,-23,-7,-15,-22,-47,-21,-46,-21,-46,-21,-45,-21,-43,-22,-43,-23,-42,-23,-40,-24,-38,-26,-37,-27,-37,-28,-36,-29,-36,-29,-37,-29,-36,-29,-36,-28,-36,-27,-36,-26,-36,-24,-36,-22,-36,-21,-35,-20,-34,-18,-34,-16,-34,-14,-34,-5,-37,-2,-36,-1,-7,0,-2,0,0,0,0,0,0,-1,-2,-3,-5,-16,-27,-14,-28,-17,-27,-16,-29,-15,-31,-14,-33,-13,-35,-12,-37,-11,-38,-11,-40,-10,-40,-10,-41,-10,-42,-10,-43,-10,-43,-9,-43,-9,-43,-10,-43,-11,-43,-12,-43,-12,-43,-13,-43,-15,-44,-16,-44,-18,-44,-19,-44,-21,-45,-21,-46]"
CSI_DATA,134,5c:01:3b:6b:b0:95,-50,11,1,5,0,1,1,1,0,0,0,-97,1,11,0,29939113,0,86,1,256,1,"[86,-32,4,0,27,-2,27,-2,26,-3,25,-3,25,-4,25,-4,24,-5,23,-6,23,-7,23,-7,23,-7,23,-8,23,-8,22,-8,23,-8,23,-8,23,-7,22,-7,22,-6,21,-5,21,-4,21,-4,20,-3,19,-2,19,-2,4,-1,0,0,0,0,0,0,0,0,0,0,0,0,0,0,0,0,0,0,4,-1,17,-3,17,-3,18,-2,19,-1,20,-1,21,0,21,1,22,1,22,2,22,3,23,3,24,4,23,4,23,4,23,3,24,3,23,2,23,2,23,1,24,1,25,0,25,0,25,-1,26,-1,27,-1,28,-2,15,0,52,2,51,2,51,2,50,2,48,1,47,0,47,-1,46,-3,45,-5,45,-7,45,-8,45,-10,45,-10,46,-10,46,-10,45,-10,45,-9,44,-8,44,-7,43,-5,42,-4,40,-3,39,-2,38,-1,36,0,35,2,34,9,33,11,5,2,1,0,-1,-1,-1,0,-1,-1,1,-1,5,-1,31,-5,31,-3,33,-3,34,-1,35,1,36,3,37,5,39,7,40,8,40,10,41,11,41,12,42,12,43,12,43,12,44,12,44,12,44,11,44,10,44,10,44,9,45,8,46,7,47,6,48,5,49,3,51,3,52,2]"
CSI_DATA,135,5c:01:3b:6b:b0:95,-51,11,1,5,0,1,1,1,0,0,0,-97,1,11,0,29968754,0,86,1,256,1,"[86,-32,4,0,-9,23,-9,23,-8,22,-8,22,-8,22,-7,22,-6,21,-5,21,-5,21,-4,21,-4,21,-3,21,-3,21,-3,22,-4,22,-4,21,-4,21,-4,21,-5,20,-5,19,-6,18,-6,17,-7,17,-7,16,-8,16,-2,4,0,0,0,0,0,0,0,0,0,0,0,0,0,0,0,0,0,0,-1,3,-3,15,-4,16,-5,16,-6,16,-7,17,-8,17,-9,18,-9,18,-10,18,-11,18,-11,18,-12,19,-12,18,-12,18,-12,18,-12,19,-11,19,-11,19,-10,19,-10,20,-10,20,-10,21,-9,21,-9,22,-9,23,-9,24,-9,11,-26,40,-26,39,-25,39,-24,38,-23,37,-22,37,-21,37,-20,37,-18,37,-16,37,-15,38,-14,39,-14,39,-14,40,-14,39,-15,38,-15,37,-15,37,-16,36,-17,35,-18,33,-18,32,-18,30,-18,29,-19,28,-20,26,-27,20,-28,18,-5,3,-2,0,0,-1,0,-1,0,-1,-1,1,-2,4,-12,27,-13,26,-11,27,-14,27,-16,27,-18,27,-20,28,-22,28,-23,28,-25,28,-26,28,-26,28,-27,29,-27,30,-28,30,-28,30,-29,30,-29,30,-28,30,-27,31,-27,31,-26,32,-26,33,-26,35,-25,36,-25,38,-24,39,-25,39]"
CSI_DATA,136,5c:01:3b:6b:b0:95,-51,11,1,5,0,1,1,1,0,0,0,-97,1,11,0,29999152,0,86,1,256,1,"[86,-32,4,0,-3,22,-3,22,-2,21,-2,21,-2,21,-2,20,-1,20,0,20,0,20,1,19,1,19,1,19,1,19,2,19,1,19,1,20,1,19,0,19,-1,18,-1,18,-2,17,-2,16,-3,16,-3,15,-4,15,-1,3,0,0,0,0,0,0,0,0,0,0,0,0,0,0,0,0,0,0,0,3,1,14,0,14,-1,15,-1,15,-2,16,-3,16,-3,17,-4,17,-5,17,-5,18,-6,18,-6,19,-6,18,-6,18,-6,18,-5,19,-5,19,-5,19,-4,19,-4,19,-4,20,-3,20,-3,20,-3,21,-3,22,-3,22,-5,12,-12,41,-12,41,-12,40,-11,39,-11,38,-10,38,-9,37,-8,37,-7,36,-5,36,-4,37,-3,37,-3,37,-3,38,-3,37,-4,37,-4,36,-5,36,-5,35,-7,34,-8,33,-8,31,-9,30,-9,29,-10,28,-11,27,-18,24,-19,23,-4,3,-2,1,0,-1,-1,-1,0,-1,0,1,0,4,-1,26,-3,26,-2,26,-4,27,-6,27,-8,28,-9,29,-11,30,-12,31,-13,31,-14,31,-15,32,-16,33,-16,33,-16,33,-17,33,-17,33,-16,33,-16,33,-15,33,-15,34,-14,35,-14,36,-13,37,-12,37,-12,38,-11,40,-12,40]"
CSI_DATA,137,5c:01:3b:6b:b0:95,-51,11,1,4,0,1,1,1,0,0,0,-97,1,11,0,30037686,0,86,1,256,1,"[86,-32,4,0,-8,25,-7,24,-6,24,-6,23,-5,23,-5,22,-4,22,-3,22,-3,22,-2,22,-2,22,-2,22,-1,22,-1,22,-1,23,-2,22,-2,22,-2,22,-3,21,-4,20,-4,19,-5,18,-5,17,-5,17,-6,17,-2,4,0,0,0,0,0,0,0,0,0,0,0,0,0,0,0,0,0,0,-1,3,-3,15,-3,16,-4,17,-5,17,-6,17,-7,18,-8,18,-8,18,-9,18,-10,18,-10,19,-10,20,-10,19,-10,19,-10,19,-10,20,-10,20,-9,20,-9,20,-8,21,-8,21,-8,22,-7,22,-7,23,-7,24,-7,25,-9,11,-26,39,-26,38,-25,38,-25,37,-24,36,-23,37,-21,36,-20,35,-18,35,-17,36,-15,37,-14,38,-14,38,-14,38,-15,38,-15,38,-15,36,-16,35,-16,35,-17,33,-18,32,-18,31,-17,29,-17,28,-18,27,-19,26,-28,18,-29,16,-6,2,-2,0,0,-1,0,-1,0,-1,-1,1,-3,4,-16,25,-17,24,-13,26,-15,26,-17,26,-19,26,-21,26,-22,26,-24,26,-25,26,-26,26,-27,26,-27,28,-28,29,-28,28,-29,28,-29,28,-29,28,-28,28,-28,29,-27,30,-27,31,-26,32,-26,34,-25,35,-24,36,-24,38,-24,40]"
CSI_DATA,138,5c:01:3b:6b:b0:95,-54,11,1,4,0,1,1,1,0,0,0,-97,1,11,0,30068103,0,86,1,256,1,"[86,-32,4,0,15,16,15,16,15,15,15,14,15,14,15,13,15,12,15,12,15,11,16,11,16,10,16,10,16,10,16,10,16,11,16,11,16,11,15,11,14,11,13,11,12,11,11,11,11,11,10,11,9,11,2,2,0,0,0,0,0,0,0,0,0,0,0,0,0,0,0,0,0,0,2,2,10,8,10,9,10,10,10,11,10,11,10,12,10,13,10,14,10,14,10,15,10,15,10,16,10,16,10,16,10,16,10,16,10,15,11,15,12,15,12,15,13,15,13,15,14,15,14,15,15,16,16,16,7,10,24,34,23,34,23,34,22,33,22,32,23,31,23,30,23,28,24,27,25,26,26,25,27,24,27,24,27,25,27,25,26,25,25,25,25,25,24,25,22,25,20,25,19,24,18,24,17,23,16,23,14,24,9,26,7,26,1,4,0,1,-1,-1,-1,-1,-1,-1,0,0,3,3,16,18,15,19,17,19,16,21,15,23,15,24,15,25,14,27,14,28,13,29,13,30,13,31,14,31,14,32,14,32,14,33,13,32,13,33,14,32,15,32,16,32,18,32,18,32,20,32,21,32,22,32,23,33,24,34]"
CSI_DATA,139,5c:01:3b:6b:b0:95,-56,11,1,5,0,1,1,1,0,0,0,-97,1,11,0,30099988,0,86,1,256,1,"[86,-32,4,0,-27,-4,-26,-4,-25,-3,-25,-3,-25,-2,-24,-2,-23,-2,-23,-1,-23,0,-23,0,-23,1,-23,1,-23,1,-22,1,-22,0,-22,0,-22,-1,-21,-2,-20,-2,-19,-3,-19,-3,-18,-3,-17,-4,-16,-4,-15,-5,-4,-2,0,0,0,0,0,0,0,0,0,0,0,0,0,0,0,0,0,0,-5,-1,-19,-1,-19,-2,-20,-3,-20,-3,-21,-4,-21,-5,-21,-5,-21,-6,-21,-7,-22,-7,-23,-7,-23,-8,-22,-8,-22,-7,-22,-7,-22,-7,-22,-7,-22,-6,-23,-6,-23,-5,-24,-5,-24,-4,-24,-4,-25,-3,-26,-3,-27,-3,-14,-6,-47,-16,-46,-17,-45,-17,-44,-16,-43,-15,-42,-14,-42,-14,-41,-13,-41,-11,-41,-10,-42,-8,-42,-7,-42,-8,-42,-8,-41,-8,-40,-9,-39,-9,-38,-10,-37,-10,-36,-11,-34,-12,-32,-13,-30,-13,-29,-13,-27,-14,-25,-14,-20,-21,-18,-22,-3,-4,-1,-2,0,0,1,0,0,0,-2,-1,-6,-2,-33,-10,-32,-12,-34,-8,-34,-11,-34,-13,-34,-15,-35,-16,-36,-18,-36,-19,-36,-20,-36,-21,-36,-22,-37,-22,-37,-23,-37,-23,-37,-23,-37,-22,-37,-22,-38,-21,-38,-21,-39,-20,-39,-19,-40,-18,-41,-18,-42,-16,-44,-16,-45,-16,-46,-16]"
CSI_DATA,140,5c:01:3b:6b:b0:95,-53,11,1,5,0,1,1,1,0,0,0,-97,1,11,0,30132232,0,86,1,256,1,"[86,-32,4,0,-3,20,-3,20,-2,19,-2,19,-1,19,-1,18,-1,18,0,17,1,17,1,17,1,17,1,17,1,17,1,17,1,17,1,17,1,17,0,16,0,16,-1,15,-2,14,-2,13,-3,13,-3,12,-3,12,-1,3,0,0,0,0,0,0,0,0,0,0,0,0,0,0,0,0,0,0,-1,3,-2,15,-2,16,-3,16,-4,16,-5,17,-5,17,-6,17,-6,17,-7,17,-8,17,-8,18,-8,18,-8,17,-8,17,-7,17,-7,17,-6,17,-6,17,-6,18,-5,18,-4,18,-4,18,-4,19,-4,19,-3,20,-3,21,-5,10,-13,35,-14,35,-13,35,-13,34,-12,34,-11,33,-10,33,-9,32,-7,32,-7,32,-6,32,-5,32,-5,32,-5,32,-5,32,-5,31,-6,31,-6,30,-7,30,-8,28,-9,27,-9,25,-10,24,-10,23,-11,21,-11,20,-17,16,-17,15,-4,2,-2,0,0,-1,0,-1,0,-1,-1,1,-2,4,-11,27,-13,26,-10,28,-11,28,-14,28,-15,28,-16,28,-18,28,-19,28,-20,28,-20,28,-21,28,-22,29,-22,29,-22,29,-22,28,-21,28,-21,29,-20,29,-19,29,-18,30,-17,30,-17,31,-16,32,-15,33,-14,34,-14,35,-14,36]"
CSI_DATA,141,5c:01:3b:6b:b0:95,-51,11,1,5,0,1,1,1,0,0,0,-97,1,11,0,30168426,0,86,1,256,1,"[86,-32,4,0,17,-17,17,-17,16,-17,15,-17,15,-17,14,-17,13,-17,13,-17,12,-17,12,-18,11,-18,11,-18,11,-18,11,-18,11,-18,11,-17,11,-17,11,-16,11,-15,12,-14,12,-13,12,-12,12,-12,11,-11,11,-10,2,-3,0,0,0,0,0,0,0,0,0,0,0,0,0,0,0,0,0,0,3,-4,12,-14,13,-14,14,-13,15,-13,16,-13,17,-13,17,-12,18,-12,19,-11,19,-11,20,-12,20,-12,19,-11,19,-11,19,-11,19,-12,18,-12,18,-12,18,-13,17,-14,17,-14,17,-15,17,-15,17,-16,18,-17,18,-17,12,-7,38,-24,37,-23,36,-23,36,-23,34,-23,34,-23,33,-23,31,-24,29,-25,28,-26,28,-28,27,-28,27,-28,28,-28,28,-28,28,-27,28,-26,28,-25,28,-24,27,-22,27,-20,26,-19,26,-18,25,-16,25,-15,24,-13,28,-4,27,-3,4,-1,1,-1,-1,0,-1,0,-1,0,1,-2,4,-4,28,-19,29,-17,28,-20,29,-19,31,-17,33,-16,35,-15,36,-14,37,-13,38,-13,39,-12,39,-12,39,-13,40,-13,40,-13,40,-12,39,-12,39,-13,38,-14,37,-14,37,-15,37,-16,37,-18,37,-19,37,-20,37,-22,38,-23,38,-24]"
CSI_DATA,142,5c:01:3b:6b:b0:95,-51,11,1,5,0,1,1,1,0,0,0,-97,1,11,0,30199238,0,86,1,256,1,"[86,-32,4,0,14,-15,14,-15,13,-15,12,-15,12,-15,12,-15,11,-15,10,-15,10,-16,10,-16,10,-16,10,-16,9,-16,9,-16,9,-16,10,-15,9,-15,9,-14,10,-14,10,-13,10,-12,10,-11,10,-11,10,-10,10,-9,2,-3,0,0,0,0,0,0,0,0,0,0,0,0,0,0,0,0,0,0,2,-4,10,-13,11,-13,11,-12,12,-12,13,-12,13,-12,14,-11,15,-11,15,-11,16,-11,17,-12,17,-11,17,-11,16,-11,16,-11,16,-11,15,-11,15,-12,14,-12,14,-13,14,-13,14,-14,14,-14,15,-15,15,-16,15,-16,9,-7,31,-23,31,-23,30,-22,30,-22,28,-22,27,-21,26,-22,25,-23,24,-23,23,-24,22,-26,22,-26,22,-26,22,-26,23,-25,23,-25,23,-24,23,-23,23,-22,23,-20,22,-19,22,-18,22,-17,21,-15,21,-14,21,-12,24,-5,23,-4,4,-1,1,-1,-1,0,-1,0,-1,0,1,-2,3,-4,22,-18,23,-17,22,-19,24,-18,26,-17,27,-16,28,-16,30,-15,31,-14,31,-14,32,-13,32,-14,32,-14,33,-14,33,-14,33,-13,33,-13,33,-14,32,-15,31,-15,31,-16,30,-16,30,-17,30,-19,30,-20,30,-21,31,-23,31,-23]"
CSI_DATA,143,5c:01:3b:6b:b0:95,-50,11,1,5,0,1,1,1,0,0,0,-97,1,11,0,30232265,0,86,1,256,1,"[86,-32,4,0,25,-6,24,-6,23,-6,23,-6,23,-7,22,-7,21,-7,20,-8,20,-9,20,-9,20,-10,20,-10,20,-10,20,-10,20,-10,20,-9,19,-8,19,-8,18,-7,18,-6,18,-5,17,-4,17,-4,16,-3,16,-2,4,-1,0,0,0,0,0,0,0,0,0,0,0,0,0,0,0,0,0,0,4,-2,19,-6,19,-5,20,-4,21,-4,22,-3,22,-2,23,-1,23,-1,23,0,23,0,24,0,24,0,24,1,24,0,24,0,23,0,23,-1,23,-1,23,-2,23,-2,23,-3,24,-4,23,-4,24,-5,25,-5,26,-6,14,0,48,-2,48,-1,46,-1,45,-2,44,-3,43,-3,42,-4,41,-5,40,-7,40,-8,40,-10,40,-11,40,-11,41,-11,41,-10,40,-10,40,-9,39,-8,38,-7,37,-6,36,-4,34,-3,33,-2,32,-1,31,1,29,2,28,11,26,12,4,2,1,0,-1,-1,-2,0,-1,-1,1,-1,6,-1,36,-3,37,-1,37,-4,38,-1,39,1,39,3,40,4,41,6,42,7,42,9,42,9,42,10,43,10,44,10,44,10,44,10,43,10,43,9,43,8,42,7,43,6,43,5,44,4,45,3,45,1,46,0,47,-1,48,-1]"
CSI_DATA,144,5c:01:3b:6b:b0:95,-50,11,1,5,0,1,1,1,0,0,0,-97,1,11,0,30266241,0,86,1,256,1,"[86,-32,4,0,3,-21,3,-21,3,-20,2,-20,2,-20,1,-20,1,-19,0,-19,-1,-19,-1,-19,-1,-19,-1,-19,-1,-19,-1,-19,-1,-19,-1,-19,-1,-19,0,-18,0,-17,1,-17,1,-16,2,-15,2,-15,3,-14,3,-14,0,-4,0,0,0,0,0,0,0,0,0,0,0,0,0,0,0,0,0,0,0,-4,2,-16,3,-17,3,-17,4,-18,5,-18,6,-18,6,-18,7,-18,7,-18,8,-18,8,-19,8,-19,8,-19,8,-18,8,-18,7,-18,7,-18,6,-18,6,-19,5,-19,5,-19,4,-20,4,-20,4,-20,4,-21,4,-22,4,-12,13,-38,13,-38,13,-37,12,-36,11,-35,10,-35,9,-35,8,-34,7,-34,6,-34,5,-35,4,-35,3,-35,4,-35,4,-35,4,-34,5,-34,5,-33,6,-32,7,-31,8,-30,8,-28,9,-27,9,-26,10,-25,10,-23,16,-19,17,-18,3,-3,0,-1,-1,0,-1,0,-1,0,0,-2,1,-5,9,-28,11,-28,9,-29,11,-29,12,-29,14,-30,15,-30,17,-30,18,-30,19,-30,20,-30,21,-30,21,-30,21,-31,22,-31,21,-31,21,-30,20,-31,19,-31,18,-31,18,-31,17,-32,16,-33,15,-34,14,-35,14,-36,14,-37,14,-38]"
CSI_DATA,145,5c:01:3b:6b:b0:95,-50,11,1,5,0,1,1,1,0,0,0,-97,1,11,0,30302726,0,86,1,256,1,"[86,-32,4,0,16,-14,16,-14,15,-14,14,-14,14,-14,13,-14,13,-14,12,-14,11,-15,11,-15,10,-15,10,-15,10,-15,10,-15,11,-15,11,-15,11,-14,11,-13,11,-12,11,-12,11,-11,11,-10,11,-10,11,-9,11,-8,2,-2,0,0,0,0,0,0,0,0,0,0,0,0,0,0,0,0,0,0,2,-3,11,-12,12,-11,13,-11,14,-11,15,-10,15,-10,16,-10,16,-9,17,-9,17,-9,17,-9,18,-9,17,-9,17,-9,17,-9,17,-9,17,-10,16,-10,16,-10,16,-11,16,-11,16,-12,15,-12,16,-13,16,-14,16,-15,10,-7,33,-23,33,-22,32,-22,31,-22,30,-22,29,-22,28,-22,27,-23,26,-23,25,-24,24,-25,23,-26,23,-26,24,-26,24,-25,24,-25,24,-24,24,-23,24,-22,24,-21,24,-19,23,-18,23,-16,23,-15,22,-14,22,-12,24,-7,23,-5,4,-1,1,-1,-1,0,-1,0,-1,0,1,-2,4,-4,23,-20,24,-19,24,-19,26,-18,27,-17,29,-16,30,-15,32,-14,33,-14,34,-13,34,-12,35,-12,35,-13,35,-13,35,-13,35,-12,35,-12,35,-13,34,-14,33,-14,33,-15,33,-16,33,-17,33,-18,32,-19,32,-21,33,-22,33,-22]"
CSI_DATA,146,5c:01:3b:6b:b0:95,-50,11,1,5,0,1,1,1,0,0,0,-97,1,11,0,30334234,0,86,1,256,1,"[86,-32,4,0,26,-3,25,-3,24,-4,24,-4,24,-5,23,-5,22,-5,21,-6,21,-7,21,-7,21,-8,21,-8,21,-8,21,-8,21,-7,21,-7,21,-6,20,-6,19,-5,19,-4,19,-3,18,-2,17,-2,17,-1,16,0,4,0,0,0,0,0,0,0,0,0,0,0,0,0,0,0,0,0,0,0,5,-1,20,-4,21,-4,21,-2,22,-2,23,-1,23,0,24,1,24,1,24,2,24,3,25,3,25,3,24,4,24,3,24,3,24,2,24,2,23,1,24,1,24,0,24,-1,24,-1,24,-2,25,-2,26,-3,27,-3,15,1,49,3,49,3,47,3,46,2,45,2,44,1,43,0,43,-1,42,-3,41,-4,42,-6,42,-7,42,-8,42,-7,42,-7,42,-6,41,-5,40,-5,40,-3,38,-2,37,0,35,1,34,2,32,3,31,4,29,5,27,14,25,15,4,2,1,0,-1,-1,-2,0,-1,-1,2,-1,6,-1,38,0,38,2,39,-1,39,1,40,4,41,6,42,8,42,10,43,12,43,13,43,14,43,14,44,14,44,14,44,14,44,15,44,14,44,13,43,12,43,12,43,11,44,10,44,8,45,7,46,6,47,4,49,3,50,3]"
CSI_DATA,147,5c:01:3b:6b:b0:95,-50,11,1,5,0,1,1,1,0,0,0,-97,1,11,0,30366242,0,86,1,256,1,"[86,-32,4,0,21,-11,20,-11,20,-11,19,-11,19,-11,18,-11,17,-11,16,-12,16,-12,16,-13,16,-13,15,-13,15,-13,15,-13,16,-13,16,-12,16,-12,15,-11,15,-10,15,-9,15,-8,15,-7,14,-7,14,-6,14,-5,3,-2,0,0,0,0,0,0,0,0,0,0,0,0,0,0,0,0,0,0,3,-3,15,-10,16,-9,17,-9,17,-8,18,-8,19,-7,19,-7,20,-6,20,-6,21,-6,21,-6,21,-5,21,-5,21,-5,21,-5,21,-6,20,-6,20,-7,20,-7,20,-8,20,-8,20,-9,20,-9,21,-10,21,-10,21,-11,13,-4,42,-12,42,-12,41,-12,40,-12,38,-12,38,-13,37,-13,36,-14,34,-15,34,-16,33,-18,33,-18,33,-19,33,-18,33,-18,33,-17,33,-16,33,-16,33,-14,32,-12,31,-11,30,-9,29,-8,28,-7,27,-6,27,-4,27,4,26,5,4,1,1,0,-1,-1,-1,0,-1,0,1,-1,5,-3,31,-12,32,-10,31,-13,33,-11,34,-9,35,-8,36,-6,38,-5,39,-4,39,-3,39,-2,39,-2,40,-2,41,-2,41,-2,41,-2,40,-2,40,-2,40,-3,39,-4,39,-4,39,-5,39,-7,40,-8,40,-9,40,-11,41,-12,42,-12]"
CSI_DATA,148,5c:01:3b:6b:b0:95,-48,11,1,4,0,1,1,1,0,0,0,-97,1,11,0,30403732,0,86,1,256,1,"[86,-32,4,0,-5,-25,-5,-25,-5,-24,-6,-23,-6,-23,-6,-22,-7,-22,-7,-21,-8,-21,-9,-21,-9,-20,-9,-20,-9,-20,-9,-20,-9,-21,-9,-20,-8,-21,-8,-20,-7,-20,-6,-19,-5,-18,-4,-17,-4,-17,-3,-17,-2,-17,-1,-5,0,0,0,0,0,0,0,0,0,0,0,0,0,0,0,0,0,0,-1,-5,-4,-19,-3,-20,-3,-21,-2,-22,-1,-22,0,-23,0,-23,1,-23,2,-23,2,-24,2,-24,2,-25,2,-24,2,-24,2,-24,1,-24,1,-24,0,-23,0,-24,-1,-24,-2,-24,-2,-24,-3,-24,-3,-24,-4,-26,-4,-26,1,-15,2,-46,2,-46,2,-45,2,-44,1,-44,0,-43,-1,-42,-2,-41,-4,-40,-5,-40,-7,-41,-8,-40,-8,-40,-8,-40,-8,-40,-7,-40,-6,-39,-5,-38,-4,-38,-3,-37,-1,-36,0,-34,0,-33,1,-32,2,-31,4,-30,13,-27,14,-25,2,-5,0,-2,-1,0,-1,1,-1,0,-1,-2,0,-7,2,-37,4,-37,1,-37,3,-38,5,-39,7,-40,8,-40,10,-40,11,-41,13,-41,14,-41,14,-41,14,-42,14,-43,14,-42,14,-42,14,-42,13,-42,12,-41,11,-41,10,-42,9,-43,7,-43,6,-44,5,-44,4,-45,3,-46,3,-48]"
CSI_DATA,149,5c:01:3b:6b:b0:95,-48,11,1,4,0,1,1,1,0,0,0,-97,1,11,0,30434110,0,86,1,256,1,"[86,-32,4,0,-24,6,-24,6,-23,7,-22,7,-22,7,-21,7,-20,8,-20,8,-19,9,-19,10,-19,10,-18,10,-19,10,-19,10,-19,10,-19,10,-19,9,-19,8,-18,7,-18,6,-17,5,-17,5,-17,4,-16,4,-16,3,-4,0,0,0,0,0,0,0,0,0,0,0,0,0,0,0,0,0,0,0,-5,1,-18,6,-19,5,-20,4,-21,4,-21,3,-22,3,-23,2,-23,1,-23,1,-24,0,-24,0,-24,0,-24,0,-23,0,-23,0,-23,0,-23,1,-23,2,-23,2,-23,3,-23,3,-23,4,-23,5,-23,6,-24,6,-24,6,-15,1,-46,6,-46,6,-45,6,-43,6,-42,7,-42,8,-41,8,-40,9,-38,11,-38,12,-38,13,-37,14,-38,14,-38,14,-37,14,-38,13,-37,13,-37,12,-36,10,-35,9,-35,7,-33,6,-33,5,-32,4,-30,2,-30,1,-29,-6,-28,-7,-5,-2,-2,-1,0,-1,0,-1,0,-1,-2,0,-6,1,-34,9,-35,7,-36,7,-37,5,-39,3,-40,1,-41,0,-41,-1,-42,-2,-43,-4,-43,-5,-43,-5,-44,-5,-45,-5,-44,-6,-44,-6,-44,-6,-44,-6,-43,-4,-43,-3,-43,-2,-43,0,-43,1,-44,2,-44,3,-45,4,-46,5,-47,6]"
CSI_DATA,150,5c:01:3b:6b:b0:95,-47,11,1,5,0,1,1,1,0,0,0,-97,1,11,0,30466803,0,86,1,256,1,"[86,-32,4,0,-25,4,-25,5,-24,5,-23,5,-23,6,-22,6,-22,7,-21,7,-20,8,-20,8,-20,9,-20,9,-20,9,-20,9,-20,9,-20,9,-20,8,-20,8,-19,7,-19,6,-18,5,-18,4,-17,4,-17,3,-16,2,-4,0,0,0,0,0,0,0,0,0,0,0,0,0,0,0,0,0,0,0,-5,1,-19,3,-20,3,-21,2,-22,1,-22,0,-23,0,-23,-1,-23,-2,-23,-2,-24,-3,-25,-3,-25,-3,-24,-3,-24,-3,-24,-3,-24,-2,-24,-1,-23,-1,-24,0,-24,1,-24,1,-24,2,-24,2,-25,3,-26,3,-26,4,-15,0,-49,4,-48,4,-47,4,-46,5,-45,5,-44,6,-43,7,-42,8,-41,10,-40,11,-40,13,-40,14,-40,14,-40,14,-40,14,-40,14,-39,13,-39,12,-38,11,-37,9,-37,7,-35,6,-34,5,-33,4,-32,2,-31,1,-30,-5,-29,-6,-5,-2,-2,-1,0,-1,0,-1,0,-1,-2,0,-7,1,-36,7,-36,5,-38,4,-38,2,-40,-1,-41,-2,-42,-4,-43,-6,-44,-7,-44,-8,-44,-9,-44,-9,-45,-10,-45,-10,-45,-10,-45,-10,-45,-9,-45,-8,-45,-7,-44,-6,-45,-5,-45,-4,-45,-2,-46,-1,-46,0,-47,2,-48,3,-48,3]"
CSI_DATA,151,5c:01:3b:6b:b0:95,-42,11,1,5,0,1,1,1,0,0,0,-97,1,11,0,30501087,0,86,1,256,1,"[86,-32,4,0,12,-4,11,-4,11,-4,11,-4,11,-4,10,-4,10,-4,10,-5,9,-5,9,-6,9,-6,9,-6,9,-6,9,-6,9,-6,9,-5,9,-5,9,-4,9,-4,9,-4,9,-4,8,-3,8,-3,8,-2,8,-2,2,-1,0,0,0,0,0,0,0,0,0,0,0,0,0,0,0,0,0,0,2,-1,9,-4,9,-3,10,-3,10,-3,10,-2,11,-2,11,-2,11,-1,11,-1,11,-1,12,-1,12,-1,12,-1,12,-1,11,-1,11,-1,11,-1,11,-1,11,-1,11,-2,12,-2,11,-3,11,-3,12,-3,12,-3,13,-4,14,0,46,-2,46,-1,44,-2,44,-2,43,-3,43,-4,42,-5,41,-6,39,-7,39,-9,39,-11,38,-12,39,-12,39,-12,39,-12,39,-11,38,-10,38,-10,37,-8,36,-7,35,-6,34,-5,32,-3,31,-3,30,-1,29,1,26,11,25,13,4,2,1,0,-1,-1,-2,0,-1,-1,2,-1,6,-1,36,-4,36,-2,36,-6,37,-3,37,-1,38,1,39,3,40,5,41,6,41,7,41,8,41,8,43,8,44,7,44,8,44,9,43,9,43,8,42,8,41,7,41,6,42,5,43,4,43,2,43,0,44,-1,46,-2,47,-3]"
CSI_DATA,152,5c:01:3b:6b:b0:95,-41,11,1,5,0,1,1,1,0,0,0,-97,1,11,0,30533343,0,86,1,256,1,"[86,-32,4,0,0,14,0,13,1,13,1,12,1,12,1,12,1,11,2,11,2,11,3,11,3,11,3,11,3,11,3,11,2,11,2,11,2,11,2,11,1,10,1,10,0,10,0,9,0,9,-1,9,-1,9,-1,2,0,0,0,0,0,0,0,0,0,0,0,0,0,0,0,0,0,0,0,2,1,10,1,10,1,11,0,11,-1,11,-1,12,-1,12,-2,12,-2,12,-2,12,-3,13,-3,13,-3,12,-3,12,-2,12,-2,12,-2,12,-2,12,-1,12,-1,12,-1,13,-1,12,0,12,0,13,0,14,0,14,-1,16,-2,53,-2,52,-2,51,-1,50,0,49,1,48,1,47,3,46,5,44,6,44,8,44,8,44,8,45,8,45,8,45,7,44,7,44,7,43,5,43,3,41,1,40,-1,38,-1,37,-2,36,-3,34,-5,33,-9,31,-11,30,-3,5,-1,1,-1,-1,-1,-2,-1,-1,0,2,1,6,5,38,3,39,3,39,0,41,-2,42,-5,43,-6,44,-8,45,-9,46,-11,46,-12,47,-13,47,-14,47,-14,48,-13,48,-14,48,-13,48,-13,47,-12,47,-11,46,-10,47,-8,47,-7,47,-6,48,-4,49,-3,50,-3,52,-3,53]"
CSI_DATA,153,5c:01:3b:6b:b0:95,-44,11,1,5,0,1,1,1,0,0,0,-97,1,11,0,30566255,0,86,1,256,1,"[86,-32,4,0,-17,5,-16,5,-15,5,-15,5,-15,5,-14,5,-14,6,-14,6,-13,6,-13,7,-13,7,-13,7,-13,7,-13,7,-13,7,-13,7,-13,6,-13,6,-12,5,-12,5,-12,4,-12,4,-12,3,-11,3,-11,2,-3,0,0,0,0,0,0,0,0,0,0,0,0,0,0,0,0,0,0,0,-3,1,-12,5,-12,4,-13,4,-14,3,-14,3,-14,2,-15,2,-15,2,-15,1,-16,1,-16,1,-16,1,-16,1,-16,1,-16,1,-16,1,-16,2,-15,2,-15,2,-15,3,-16,3,-16,3,-15,4,-16,4,-16,5,-16,5,-10,1,-31,5,-31,5,-30,5,-30,5,-29,6,-28,6,-27,6,-27,7,-26,8,-26,9,-26,10,-26,11,-26,11,-26,11,-26,11,-26,10,-25,10,-25,9,-25,8,-24,7,-24,6,-23,5,-23,5,-22,4,-21,3,-21,2,-21,-3,-20,-4,-4,-1,-2,-1,0,-1,0,-1,0,-1,-2,0,-4,1,-23,6,-23,5,-23,6,-24,4,-25,3,-26,2,-26,1,-27,0,-28,-1,-28,-2,-28,-2,-28,-2,-29,-2,-30,-2,-30,-2,-30,-2,-29,-2,-30,-2,-29,-2,-29,-1,-28,-1,-28,0,-29,1,-29,2,-29,3,-30,4,-31,5,-31,5]"
CSI_DATA,154,5c:01:3b:6b:b0:95,-40,11,1,5,0,1,1,1,0,0,0,-97,1,11,0,30599843,0,86,1,256,1,"[86,-32,4,0,3,-13,3,-13,3,-12,2,-12,2,-12,2,-12,2,-12,1,-12,0,-12,0,-12,0,-12,0,-12,0,-12,0,-12,0,-12,0,-12,0,-12,1,-11,1,-11,1,-11,2,-10,2,-10,2,-9,2,-9,2,-9,0,-3,0,0,0,0,0,0,0,0,0,0,0,0,0,0,0,0,0,0,0,-3,2,-10,2,-10,2,-11,3,-11,4,-11,4,-11,4,-11,5,-11,5,-11,5,-11,5,-11,6,-11,6,-11,5,-11,5,-11,5,-11,5,-11,5,-11,5,-11,4,-11,4,-12,4,-12,4,-12,3,-12,4,-13,4,-13,5,-15,16,-47,16,-47,16,-46,15,-45,14,-44,14,-44,13,-44,12,-43,9,-43,7,-43,6,-44,4,-44,4,-44,4,-45,5,-44,5,-43,6,-43,6,-42,7,-41,9,-40,10,-38,10,-37,10,-35,10,-34,12,-32,13,-30,17,-26,19,-24,3,-5,1,-2,-1,0,-1,0,-1,0,0,-2,1,-7,7,-36,9,-35,10,-36,12,-36,15,-37,17,-37,19,-37,21,-37,22,-37,24,-37,25,-37,25,-37,26,-38,26,-38,27,-38,27,-38,26,-38,25,-38,24,-39,23,-39,22,-39,22,-40,21,-41,20,-42,18,-43,17,-44,17,-46,17,-46]"
CSI_DATA,155,5c:01:3b:6b:b0:95,-39,11,1,5,0,1,1,1,0,0,0,-97,1,11,0,30632099,0,86,1,256,1,"[86,-32,4,0,12,-2,12,-2,12,-2,11,-2,11,-2,11,-3,11,-3,10,-3,10,-4,10,-4,10,-4,10,-4,10,-4,10,-4,10,-4,10,-4,10,-4,10,-3,10,-3,9,-3,9,-2,9,-2,8,-2,8,-1,8,-1,2,-1,0,0,0,0,0,0,0,0,0,0,0,0,0,0,0,0,0,0,2,-1,9,-2,9,-2,10,-2,10,-1,10,-1,10,0,11,0,11,1,11,1,11,1,11,1,12,1,11,1,11,1,11,1,11,1,11,1,11,0,11,0,11,0,12,-1,12,-1,12,-1,12,-1,13,-1,13,-1,14,-3,47,-8,47,-8,46,-9,45,-9,44,-10,43,-10,43,-11,42,-12,41,-14,40,-16,39,-17,38,-18,38,-18,38,-18,38,-18,38,-17,38,-17,38,-16,37,-15,37,-13,36,-12,35,-10,34,-9,33,-7,32,-5,31,-3,30,-2,30,0,5,0,1,0,-1,-1,-1,0,-1,0,1,-2,5,-4,31,-16,32,-14,34,-9,36,-7,37,-5,38,-4,39,-3,41,-2,42,0,43,1,43,2,43,3,44,4,44,4,44,4,44,4,43,4,44,3,43,1,43,0,43,-1,44,-2,45,-3,46,-4,46,-5,47,-6,47,-6,47,-6]"
CSI_DATA,156,5c:01:3b:6b:b0:95,-38,11,1,5,0,1,1,1,0,0,0,-97,1,11,0,30666099,0,86,1,256,1,"[86,-32,4,0,-14,-19,-14,-18,-14,-17,-14,-17,-14,-16,-14,-16,-14,-15,-14,-14,-15,-14,-15,-14,-15,-13,-16,-13,-16,-13,-16,-13,-15,-13,-15,-13,-15,-14,-14,-14,-13,-14,-12,-14,-11,-14,-11,-14,-10,-14,-9,-14,-8,-14,-2,-4,0,0,0,0,0,0,0,0,0,0,0,0,0,0,0,0,0,0,-3,-3,-12,-13,-12,-13,-12,-15,-11,-15,-11,-16,-11,-17,-10,-18,-10,-18,-9,-19,-9,-19,-9,-20,-9,-20,-9,-20,-9,-20,-9,-20,-9,-20,-10,-19,-10,-18,-10,-18,-11,-18,-11,-18,-12,-18,-13,-18,-13,-18,-14,-19,-14,-19,-7,-12,-23,-37,-23,-37,-23,-36,-23,-35,-23,-34,-23,-33,-23,-32,-24,-31,-24,-29,-25,-28,-26,-28,-27,-27,-27,-27,-28,-27,-27,-27,-27,-27,-26,-27,-25,-27,-24,-27,-22,-27,-21,-27,-19,-27,-18,-27,-17,-27,-15,-26,-13,-26,-9,-27,-7,-26,-2,-5,-1,-2,0,0,0,0,0,0,-2,-2,-4,-4,-22,-23,-21,-25,-21,-26,-20,-28,-19,-29,-18,-31,-17,-32,-16,-34,-16,-35,-15,-36,-14,-37,-13,-38,-13,-39,-13,-39,-12,-39,-13,-39,-13,-38,-14,-38,-15,-37,-15,-37,-16,-37,-17,-36,-18,-36,-19,-36,-20,-36,-21,-36,-22,-37,-22,-37]"
CSI_DATA,157,5c:01:3b:6b:b0:95,-38,11,1,5,0,1,1,1,0,0,0,-97,1,11,0,30699215,0,86,1,256,1,"[86,-32,4,0,-20,-15,-19,-15,-19,-14,-19,-13,-19,-13,-19,-12,-19,-12,-19,-11,-19,-11,-19,-10,-19,-9,-20,-9,-20,-9,-20,-9,-20,-10,-19,-10,-19,-10,-18,-11,-17,-11,-16,-11,-15,-11,-14,-11,-14,-11,-13,-12,-12,-12,-3,-3,0,0,0,0,0,0,0,0,0,0,0,0,0,0,0,0,0,0,-4,-3,-16,-9,-17,-10,-17,-11,-17,-12,-16,-13,-16,-14,-16,-15,-16,-16,-15,-16,-15,-17,-16,-17,-15,-18,-15,-18,-15,-18,-15,-17,-16,-17,-16,-16,-15,-16,-16,-16,-17,-16,-17,-15,-18,-15,-18,-15,-19,-15,-20,-16,-20,-16,-13,-8,-40,-26,-39,-26,-38,-25,-38,-24,-37,-23,-37,-22,-37,-21,-37,-19,-37,-18,-37,-17,-38,-16,-38,-16,-38,-15,-39,-15,-38,-15,-38,-15,-37,-15,-36,-16,-35,-17,-33,-17,-32,-18,-30,-19,-29,-19,-27,-19,-26,-20,-24,-21,-23,-21,-21,-22,-4,-5,-2,-2,0,0,0,0,0,0,-2,-1,-6,-2,-33,-10,-32,-11,-32,-15,-32,-17,-32,-20,-31,-22,-31,-24,-32,-26,-31,-27,-31,-29,-30,-30,-30,-31,-30,-32,-30,-32,-29,-32,-29,-32,-29,-32,-30,-31,-31,-30,-31,-29,-32,-29,-33,-28,-34,-27,-35,-27,-35,-27,-36,-26,-37,-26,-38,-26]"
CSI_DATA,158,5c:01:3b:6b:b0:95,-36,11,1,4,0,1,1,1,0,0,0,-97,1,11,0,30738670,0,86,1,256,1,"[86,-32,4,0,-3,-14,-3,-13,-3,-13,-3,-13,-3,-12,-4,-12,-4,-12,-4,-12,-5,-12,-5,-11,-5,-11,-6,-11,-6,-11,-5,-11,-5,-11,-5,-11,-5,-11,-5,-11,-4,-11,-4,-11,-3,-10,-3,-10,-3,-10,-2,-10,-2,-9,-1,-3,0,0,0,0,0,0,0,0,0,0,0,0,0,0,0,0,0,0,-1,-3,-3,-10,-3,-10,-2,-11,-2,-11,-2,-11,-1,-12,-1,-12,-1,-12,0,-12,0,-12,0,-13,0,-13,0,-13,0,-13,0,-13,0,-13,0,-13,-1,-12,-1,-12,-1,-12,-2,-13,-2,-13,-2,-13,-2,-13,-2,-13,-3,-14,-1,-16,-3,-50,-2,-50,-2,-49,-3,-48,-3,-47,-4,-47,-5,-45,-6,-44,-8,-43,-10,-43,-12,-43,-14,-42,-14,-42,-14,-43,-13,-43,-12,-43,-11,-42,-10,-41,-9,-41,-7,-40,-6,-40,-5,-39,-4,-37,-4,-36,-2,-35,-1,-34,7,-32,9,-31,1,-6,0,-2,-1,0,0,1,0,0,-1,-2,-2,-7,-7,-35,-5,-36,-5,-37,-3,-38,-1,-40,1,-41,2,-42,4,-42,6,-42,7,-43,8,-43,9,-44,8,-45,8,-46,9,-46,9,-46,9,-45,8,-45,7,-45,6,-44,5,-45,4,-46,3,-46,2,-47,1,-48,-1,-48,-2,-50,-2,-51]"
CSI_DATA,159,5c:01:3b:6b:b0:95,-41,11,1,5,0,1,1,1,0,0,0,-97,1,11,0,30766212,0,86,1,256,1,"[86,-32,4,0,23,-15,22,-15,22,-15,21,-15,20,-15,19,-16,19,-16,18,-16,17,-16,17,-17,17,-17,17,-17,16,-18,16,-18,16,-18,16,-18,16,-17,16,-17,16,-16,16,-15,16,-14,16,-12,16,-11,16,-10,16,-10,4,-3,0,0,0,0,0,0,0,0,0,0,0,0,0,0,0,0,0,0,3,-3,16,-12,17,-12,18,-11,19,-11,20,-10,21,-10,21,-10,22,-9,23,-8,23,-8,24,-7,24,-7,24,-7,24,-7,23,-7,23,-8,23,-9,22,-9,22,-10,22,-11,22,-11,22,-12,22,-12,23,-13,24,-13,24,-14,13,-8,45,-26,45,-26,44,-26,43,-26,41,-26,40,-26,39,-27,37,-28,36,-29,35,-30,34,-31,33,-32,33,-33,33,-33,33,-33,33,-33,33,-32,33,-31,33,-30,33,-28,33,-26,32,-24,32,-22,31,-21,31,-19,31,-17,33,-12,33,-10,5,-2,1,-1,-1,0,-1,0,-1,0,1,-2,4,-5,27,-24,29,-22,31,-22,33,-20,35,-19,37,-18,39,-17,41,-16,42,-15,44,-14,45,-13,45,-12,46,-12,46,-12,46,-12,46,-12,46,-12,46,-14,45,-14,44,-15,44,-16,44,-17,44,-19,45,-20,44,-22,44,-23,45,-24,45,-25]"
CSI_DATA,160,5c:01:3b:6b:b0:95,-37,11,1,5,0,1,1,1,0,0,0,-97,1,11,0,30803910,0,86,1,256,1,"[86,-32,4,0,23,-9,23,-9,22,-9,21,-10,21,-10,20,-10,20,-11,19,-11,18,-12,18,-12,18,-13,18,-13,18,-13,17,-13,18,-13,18,-12,18,-12,18,-11,17,-10,17,-10,17,-9,17,-8,16,-7,16,-6,16,-5,4,-2,0,0,0,0,0,0,0,0,0,0,0,0,0,0,0,0,0,0,3,-3,16,-9,17,-9,18,-8,19,-7,19,-7,20,-6,21,-6,21,-5,21,-4,22,-4,23,-4,23,-4,23,-3,22,-3,22,-4,22,-4,22,-4,21,-5,22,-5,22,-6,22,-7,22,-7,22,-8,23,-8,23,-9,24,-9,14,-2,46,-7,45,-7,44,-7,43,-7,42,-8,41,-8,40,-9,39,-10,38,-12,38,-14,37,-15,37,-17,37,-17,37,-16,37,-16,37,-15,37,-15,37,-14,37,-13,36,-11,35,-9,33,-8,33,-7,32,-6,31,-4,30,-2,30,7,28,9,4,1,1,0,-1,-1,-2,0,-1,0,1,-1,5,-2,32,-10,33,-7,32,-11,34,-9,35,-7,37,-5,38,-3,39,-2,40,-1,41,1,41,2,41,2,42,2,43,2,43,2,43,3,42,3,42,2,42,2,41,1,42,0,42,-1,42,-2,43,-3,43,-5,44,-6,45,-8,46,-8]"
CSI_DATA,161,5c:01:3b:6b:b0:95,-41,11,1,5,0,1,1,1,0,0,0,-97,1,11,0,30832306,0,86,1,256,1,"[86,-32,4,0,-22,12,-22,11,-21,12,-20,12,-20,12,-19,12,-18,13,-17,13,-17,13,-17,14,-16,14,-16,14,-16,15,-16,15,-16,15,-16,14,-16,14,-16,13,-16,12,-16,12,-16,10,-16,9,-16,9,-16,8,-16,7,-4,1,0,0,0,0,0,0,0,0,0,0,0,0,0,0,0,0,0,0,-4,2,-15,10,-16,9,-17,9,-18,8,-19,8,-20,8,-20,8,-21,7,-21,6,-22,6,-22,6,-23,5,-23,5,-22,5,-22,6,-22,6,-22,7,-21,7,-21,7,-21,8,-21,9,-21,9,-21,10,-22,10,-22,11,-23,12,-14,6,-43,22,-43,21,-42,20,-40,20,-39,21,-38,21,-37,21,-36,22,-34,23,-33,24,-32,26,-31,26,-32,27,-32,27,-32,27,-32,26,-32,26,-32,25,-32,24,-32,22,-32,21,-31,19,-31,17,-30,16,-30,14,-29,13,-31,8,-31,6,-6,0,-2,0,0,-1,0,-1,0,-1,-2,1,-5,3,-26,20,-28,18,-30,18,-31,16,-34,15,-35,14,-37,13,-39,12,-40,11,-41,10,-41,10,-41,9,-42,9,-43,9,-43,9,-43,9,-43,9,-43,9,-42,10,-42,11,-42,12,-41,13,-41,14,-41,16,-41,17,-41,19,-42,20,-43,20]"
CSI_DATA,162,5c:01:3b:6b:b0:95,-36,11,1,4,0,1,1,1,0,0,0,-97,1,11,0,30868716,0,86,1,256,1,"[86,-32,4,0,5,-13,5,-13,4,-13,4,-12,4,-12,4,-12,3,-12,3,-12,2,-12,2,-12,2,-12,2,-12,2,-12,2,-12,2,-12,2,-12,2,-12,2,-12,2,-11,3,-11,3,-10,4,-10,4,-9,4,-9,4,-8,1,-2,0,0,0,0,0,0,0,0,0,0,0,0,0,0,0,0,0,0,0,-3,3,-10,3,-10,4,-10,4,-10,5,-10,5,-10,6,-10,6,-10,6,-10,7,-10,7,-10,7,-10,7,-10,7,-10,7,-10,7,-10,6,-11,6,-11,6,-11,6,-11,6,-11,6,-11,5,-12,6,-12,6,-12,6,-13,8,-13,26,-41,27,-41,26,-41,26,-40,25,-40,24,-41,22,-40,21,-40,19,-40,18,-41,16,-42,14,-42,14,-42,14,-42,14,-42,15,-42,16,-42,16,-40,17,-39,18,-38,19,-36,19,-34,19,-33,18,-32,19,-30,20,-28,25,-22,26,-20,4,-4,1,-1,-1,0,-1,0,-1,0,0,-2,2,-6,14,-32,16,-31,16,-33,18,-33,21,-33,23,-33,25,-33,27,-32,29,-32,31,-31,32,-31,32,-31,33,-32,33,-33,34,-32,34,-32,34,-32,33,-32,33,-33,31,-33,31,-34,30,-35,29,-36,29,-37,28,-38,27,-39,28,-41,28,-43]"
CSI_DATA,163,5c:01:3b:6b:b0:95,-36,11,1,4,0,1,1,1,0,0,0,-97,1,11,0,30900972,0,86,1,256,1,"[86,-32,4,0,17,-15,16,-15,16,-15,15,-15,15,-15,14,-15,13,-15,12,-15,12,-16,12,-16,11,-16,11,-16,11,-16,11,-17,11,-17,12,-16,12,-16,12,-15,12,-14,12,-13,12,-13,12,-12,12,-11,12,-10,12,-9,3,-3,0,0,0,0,0,0,0,0,0,0,0,0,0,0,0,0,0,0,2,-4,10,-13,11,-12,12,-12,13,-12,14,-12,14,-12,15,-11,16,-11,17,-11,17,-11,18,-11,18,-10,18,-10,18,-10,18,-10,18,-10,17,-11,16,-11,17,-12,17,-12,17,-13,17,-13,16,-13,17,-14,17,-14,18,-15,10,-7,35,-23,35,-23,34,-23,33,-23,32,-23,32,-24,30,-24,29,-24,27,-25,26,-26,26,-27,25,-28,25,-28,25,-28,25,-28,26,-27,26,-27,26,-26,26,-25,26,-23,26,-22,26,-20,25,-19,25,-18,24,-16,25,-14,26,-9,26,-7,4,-1,1,-1,-1,0,-1,0,-1,0,0,-2,3,-4,20,-22,22,-20,23,-21,24,-20,27,-19,28,-18,29,-18,31,-17,32,-16,33,-15,34,-14,35,-14,36,-15,36,-15,36,-14,36,-14,36,-14,36,-14,35,-14,34,-15,34,-16,34,-18,34,-19,34,-20,34,-21,34,-22,35,-23,36,-24]"
CSI_DATA,164,5c:01:3b:6b:b0:95,-41,11,1,5,0,1,1,1,0,0,0,-97,1,11,0,30932792,0,86,1,256,1,"[86,-32,4,0,-26,-8,-26,-8,-25,-7,-25,-7,-25,-6,-25,-6,-24,-5,-24,-4,-24,-4,-24,-3,-24,-2,-24,-2,-24,-2,-24,-2,-24,-2,-24,-2,-24,-3,-23,-3,-22,-4,-22,-5,-21,-5,-20,-5,-19,-6,-18,-7,-18,-7,-5,-2,0,0,0,0,0,0,0,0,0,0,0,0,0,0,0,0,0,0,-5,-1,-20,-4,-20,-5,-21,-6,-21,-7,-21,-8,-21,-9,-21,-10,-22,-11,-22,-12,-22,-12,-22,-13,-22,-13,-22,-14,-22,-13,-22,-13,-22,-12,-22,-12,-22,-11,-23,-11,-23,-10,-24,-10,-24,-10,-24,-9,-25,-9,-26,-9,-26,-9,-14,-8,-46,-23,-46,-23,-45,-23,-44,-22,-43,-21,-43,-19,-43,-19,-43,-17,-43,-15,-43,-14,-44,-13,-44,-12,-44,-11,-44,-11,-45,-11,-44,-11,-44,-11,-43,-12,-42,-12,-40,-13,-39,-14,-37,-15,-36,-16,-34,-17,-32,-18,-30,-18,-24,-25,-22,-26,-4,-5,-1,-2,0,0,1,0,0,0,-2,-1,-7,-3,-34,-15,-33,-17,-35,-14,-35,-16,-35,-18,-35,-20,-36,-22,-36,-24,-36,-26,-36,-28,-36,-29,-35,-30,-36,-31,-36,-31,-35,-32,-35,-31,-35,-31,-36,-30,-37,-29,-37,-29,-38,-28,-39,-27,-40,-26,-42,-26,-42,-25,-43,-25,-44,-24,-45,-24]"
CSI_DATA,165,5c:01:3b:6b:b0:95,-38,11,1,5,0,1,1,1,0,0,0,-97,1,11,0,30966327,0,86,1,256,1,"[86,-32,4,0,-17,18,-17,18,-16,18,-15,18,-14,18,-14,17,-13,17,-12,18,-11,18,-11,18,-10,18,-10,18,-10,18,-10,18,-10,18,-11,19,-11,18,-11,17,-11,17,-11,16,-12,15,-12,14,-12,13,-12,12,-12,12,-3,2,0,0,0,0,0,0,0,0,0,0,0,0,0,0,0,0,0,0,-3,3,-11,14,-12,14,-13,14,-14,14,-15,13,-16,14,-16,14,-17,13,-18,13,-19,13,-20,13,-20,13,-19,12,-19,12,-19,12,-19,13,-19,13,-18,13,-18,13,-18,14,-17,15,-17,16,-17,16,-17,17,-17,18,-17,18,-12,7,-38,26,-38,25,-37,25,-35,25,-34,25,-33,25,-31,25,-30,26,-29,27,-28,27,-27,29,-26,29,-27,30,-27,30,-27,30,-27,29,-27,28,-27,28,-27,27,-27,25,-26,24,-26,22,-26,21,-26,19,-26,17,-26,15,-31,7,-31,5,-6,0,-2,0,0,-1,0,-1,0,-1,-2,1,-5,3,-27,19,-28,18,-26,21,-28,20,-30,19,-32,18,-33,17,-35,16,-36,16,-37,16,-38,15,-39,15,-39,15,-40,15,-40,14,-40,14,-39,14,-39,15,-39,15,-38,16,-38,17,-37,18,-37,20,-37,21,-36,22,-37,24,-37,25,-37,26]"
CSI_DATA,166,5c:01:3b:6b:b0:95,-38,11,1,5,0,1,1,1,0,0,0,-97,1,11,0,30999215,0,86,1,256,1,"[86,-32,4,0,-10,9,-10,10,-9,9,-9,9,-8,9,-8,9,-8,9,-7,9,-7,9,-7,9,-7,10,-6,10,-6,10,-6,10,-6,10,-6,10,-7,10,-7,9,-7,9,-7,8,-7,8,-7,7,-7,7,-7,6,-7,6,-2,1,0,0,0,0,0,0,0,0,0,0,0,0,0,0,0,0,0,0,-2,2,-6,8,-7,8,-7,7,-8,7,-8,7,-9,7,-9,7,-10,7,-10,7,-11,7,-11,7,-11,7,-11,6,-11,6,-11,6,-11,7,-10,7,-10,7,-10,7,-10,8,-10,8,-10,8,-10,8,-10,9,-10,9,-10,10,-13,10,-39,35,-39,35,-38,34,-37,34,-35,33,-34,33,-33,33,-31,34,-30,34,-28,35,-27,36,-26,37,-26,38,-26,38,-26,38,-26,37,-26,36,-26,36,-27,34,-28,32,-28,30,-28,28,-28,27,-28,25,-28,23,-29,21,-32,16,-32,13,-6,1,-2,0,0,-1,0,-2,0,-1,-1,1,-4,5,-20,29,-23,28,-25,28,-27,27,-30,26,-32,25,-34,25,-36,25,-38,24,-39,24,-40,24,-41,23,-41,24,-42,24,-42,23,-43,23,-42,22,-42,23,-41,24,-40,24,-40,24,-39,26,-39,27,-39,29,-38,30,-38,32,-38,34,-39,34]"
CSI_DATA,167,5c:01:3b:6b:b0:95,-38,11,1,5,0,1,1,1,0,0,0,-97,1,11,0,31032204,0,86,1,256,1,"[86,-32,4,0,15,17,15,17,15,16,15,16,15,15,15,15,15,14,15,13,16,13,16,12,16,11,17,11,17,11,17,11,17,11,16,12,16,12,15,12,14,12,13,13,12,12,12,12,11,12,10,12,9,12,2,3,0,0,0,0,0,0,0,0,0,0,0,0,0,0,0,0,0,0,3,2,12,11,12,12,12,13,12,14,12,15,11,16,11,17,10,18,10,18,10,19,10,20,9,20,9,19,10,19,10,19,10,19,11,18,11,17,11,17,12,17,12,17,13,18,13,17,14,18,15,18,15,18,6,11,23,38,23,37,23,37,23,36,23,34,23,33,23,32,24,31,25,29,26,28,27,28,27,27,28,27,28,27,28,27,28,26,27,26,26,27,25,27,23,27,21,27,20,27,19,26,17,26,15,26,13,25,6,28,4,28,0,5,-1,1,-1,-1,-1,-1,-1,-1,1,1,3,4,20,25,18,26,20,25,19,27,18,29,17,31,16,32,15,34,15,36,14,37,13,38,12,38,12,39,12,39,12,39,12,39,12,39,14,39,14,38,15,37,15,37,16,37,17,37,18,37,20,37,21,37,22,38,23,38]"
CSI_DATA,168,5c:01:3b:6b:b0:95,-38,11,1,5,0,1,1,1,0,0,0,-97,1,11,0,31066273,0,86,1,256,1,"[86,-32,4,0,0,-14,0,-14,0,-13,0,-13,-1,-13,-1,-13,-1,-12,-2,-12,-2,-12,-2,-12,-3,-12,-3,-12,-3,-12,-3,-12,-3,-12,-2,-12,-2,-12,-2,-12,-1,-11,-1,-11,-1,-11,0,-10,0,-10,0,-10,1,-10,0,-3,0,0,0,0,0,0,0,0,0,0,0,0,0,0,0,0,0,0,-1,-3,-1,-10,-1,-10,0,-11,0,-11,0,-11,1,-11,2,-12,2,-12,2,-12,3,-12,3,-12,3,-12,3,-12,3,-12,3,-12,2,-12,2,-12,2,-12,2,-12,2,-12,1,-13,1,-13,1,-13,1,-13,1,-14,0,-14,3,-16,10,-49,11,-49,10,-48,9,-47,8,-46,7,-45,6,-45,5,-45,3,-44,2,-44,0,-45,-1,-45,-2,-45,-2,-45,-2,-45,-1,-45,0,-44,1,-43,2,-43,3,-41,4,-40,5,-38,6,-37,6,-36,7,-35,9,-33,18,-28,19,-27,3,-5,1,-2,-1,0,-1,1,-1,0,0,-2,0,-7,3,-35,5,-35,2,-37,5,-37,7,-38,9,-39,11,-39,13,-40,16,-40,17,-41,18,-41,19,-41,19,-41,19,-42,19,-42,20,-42,19,-41,18,-42,17,-42,17,-42,16,-42,16,-43,15,-44,14,-45,12,-46,11,-47,10,-48,11,-48]"
CSI_DATA,169,5c:01:3b:6b:b0:95,-38,11,1,5,0,1,1,1,0,0,0,-97,1,11,0,31099292,0,86,1,256,1,"[86,-32,4,0,3,-23,2,-23,2,-23,1,-22,1,-22,1,-22,0,-21,-1,-21,-1,-21,-2,-21,-2,-21,-3,-21,-3,-21,-3,-21,-3,-21,-3,-21,-2,-21,-2,-20,-1,-20,-1,-20,0,-19,1,-17,2,-17,2,-17,3,-17,0,-5,0,0,0,0,0,0,0,0,0,0,0,0,0,0,0,0,0,0,0,-5,1,-18,1,-18,2,-19,3,-19,4,-20,4,-20,5,-20,6,-20,7,-20,7,-20,7,-21,8,-21,8,-21,8,-21,7,-21,7,-21,7,-21,6,-21,5,-21,5,-21,5,-22,4,-22,4,-22,4,-23,4,-24,4,-25,4,-14,12,-44,11,-43,10,-43,9,-42,8,-41,8,-40,7,-40,6,-40,4,-39,3,-39,1,-40,0,-40,-1,-40,-1,-40,0,-40,1,-39,1,-39,2,-39,3,-38,3,-37,4,-36,5,-34,6,-33,6,-32,7,-30,9,-29,15,-26,16,-24,3,-5,0,-2,-1,0,-1,0,-1,0,-1,-2,0,-6,3,-32,6,-32,5,-33,7,-33,9,-34,11,-34,13,-35,15,-35,16,-35,17,-36,18,-36,19,-35,20,-36,20,-37,20,-37,20,-36,20,-36,19,-37,18,-37,17,-37,16,-37,15,-38,15,-39,14,-40,13,-40,12,-41,12,-43,11,-43]"
CSI_DATA,170,5c:01:3b:6b:b0:95,-38,11,1,5,0,1,1,1,0,0,0,-97,1,11,0,31133923,0,86,1,256,1,"[86,-32,4,0,-15,-19,-15,-18,-15,-17,-15,-17,-15,-17,-15,-16,-15,-15,-15,-15,-16,-14,-16,-13,-17,-12,-17,-12,-17,-13,-16,-13,-17,-13,-16,-13,-16,-14,-15,-14,-14,-14,-13,-14,-12,-14,-12,-14,-11,-13,-10,-13,-10,-13,-3,-4,0,0,0,0,0,0,0,0,0,0,0,0,0,0,0,0,0,0,-4,-3,-13,-12,-13,-13,-13,-14,-13,-15,-12,-16,-12,-17,-11,-18,-11,-18,-10,-19,-11,-20,-11,-20,-11,-20,-10,-20,-10,-20,-10,-20,-10,-20,-11,-19,-11,-19,-11,-19,-12,-18,-12,-19,-13,-19,-13,-18,-14,-18,-15,-19,-15,-19,-7,-13,-21,-40,-21,-39,-21,-38,-21,-37,-21,-35,-21,-35,-22,-34,-22,-33,-23,-32,-24,-31,-26,-30,-26,-29,-27,-29,-27,-29,-26,-29,-26,-29,-25,-29,-24,-29,-23,-29,-22,-29,-20,-30,-18,-29,-17,-29,-16,-28,-14,-27,-12,-27,-5,-29,-3,-29,-1,-6,0,-2,0,0,0,0,0,0,-2,-2,-4,-5,-20,-25,-18,-27,-21,-26,-19,-28,-18,-30,-17,-32,-16,-33,-15,-35,-14,-36,-13,-37,-13,-38,-13,-39,-13,-39,-13,-39,-13,-39,-12,-39,-12,-39,-12,-39,-13,-39,-13,-38,-14,-38,-15,-38,-16,-38,-18,-38,-19,-38,-20,-37,-21,-38,-21,-38]"
CSI_DATA,171,5c:01:3b:6b:b0:95,-38,11,1,5,0,1,1,1,0,0,0,-97,1,11,0,31168649,0,86,1,256,1,"[86,-32,4,0,9,8,9,8,9,7,9,7,9,7,9,6,9,6,9,6,9,5,9,5,9,5,9,5,9,5,9,5,9,5,9,5,9,6,9,6,8,6,8,6,7,6,7,6,6,6,6,6,6,6,1,1,0,0,0,0,0,0,0,0,0,0,0,0,0,0,0,0,0,0,1,1,7,4,7,5,7,5,7,6,7,6,7,7,7,7,7,8,7,8,7,9,7,9,7,9,6,9,6,9,6,9,7,9,7,8,7,8,7,8,7,8,8,8,8,8,8,8,9,8,9,8,9,8,7,12,26,38,26,38,26,37,26,36,26,34,26,34,26,33,27,32,27,30,29,29,30,27,31,26,31,26,31,27,31,27,30,28,29,28,28,28,27,28,25,28,23,28,22,28,20,28,19,27,17,27,15,27,6,31,3,31,0,5,-1,1,-1,-1,-1,-1,-1,-1,1,1,4,4,23,24,21,25,24,23,22,25,21,28,21,30,20,32,20,34,19,35,18,36,17,38,17,39,18,40,18,40,17,40,17,40,17,40,17,39,18,38,18,38,19,37,19,37,21,38,22,38,24,37,25,37,26,37,27,38]"
CSI_DATA,172,5c:01:3b:6b:b0:95,-39,11,1,6,0,1,1,1,0,0,0,-97,1,11,0,31199258,0,86,1,256,1,"[86,-32,4,0,1,12,1,12,1,11,1,11,1,11,2,10,2,10,2,10,2,10,3,10,3,10,3,9,3,10,3,10,3,10,3,10,2,10,2,10,2,10,1,9,1,9,0,9,0,8,0,8,-1,8,-1,2,0,0,0,0,0,0,0,0,0,0,0,0,0,0,0,0,0,0,0,2,2,8,2,8,2,9,1,9,1,9,0,10,0,10,0,10,0,10,-1,11,-1,11,-1,11,-1,11,-1,11,-1,11,-1,11,-1,11,-1,11,0,11,0,11,0,11,0,11,0,11,1,12,1,12,1,12,-2,14,-4,47,-4,46,-3,44,-3,43,-2,42,-1,42,0,41,1,41,2,40,3,39,4,39,5,39,5,40,5,40,5,40,5,39,4,39,3,38,2,39,0,37,-1,36,-2,34,-3,34,-4,33,-5,31,-7,30,-14,29,-15,28,-3,4,-2,1,0,-1,-1,-1,0,-1,0,1,0,5,4,32,2,33,4,33,1,34,-1,35,-3,36,-4,37,-6,38,-8,39,-9,39,-10,39,-10,40,-11,41,-11,41,-11,41,-12,41,-12,40,-12,40,-12,39,-11,39,-10,40,-9,41,-8,42,-6,43,-5,43,-4,44,-3,45,-3,45]"
CSI_DATA,173,5c:01:3b:6b:b0:95,-41,11,1,5,0,1,1,1,0,0,0,-97,1,11,0,31236954,0,86,1,256,1,"[86,-32,4,0,22,12,22,11,22,10,21,10,21,9,21,8,21,8,21,7,21,6,21,5,21,5,21,5,21,5,21,5,22,5,22,6,21,6,20,6,19,7,18,7,18,7,17,8,16,8,15,8,15,9,3,2,0,0,0,0,0,0,0,0,0,0,0,0,0,0,0,0,0,0,4,1,17,6,17,7,17,8,18,9,18,10,18,11,18,12,17,13,17,14,18,14,18,15,18,15,18,15,17,15,17,15,18,14,18,14,18,13,18,13,19,13,20,12,20,12,20,11,21,12,22,12,23,12,12,8,41,27,40,27,40,26,39,24,38,23,38,22,38,21,38,19,38,17,39,16,40,14,40,13,40,13,41,14,40,14,40,14,39,14,39,15,38,15,36,16,34,17,32,17,31,18,30,18,28,19,26,20,21,24,19,25,3,4,0,1,-1,-1,-2,-1,-1,-1,1,0,5,1,32,12,31,14,32,14,31,17,31,20,31,22,31,23,31,25,31,27,31,29,31,30,31,31,31,31,31,32,31,32,30,32,30,32,31,31,31,30,32,29,32,29,33,28,34,28,36,27,37,26,38,26,39,26,40,26]"
CSI_DATA,174,5c:01:3b:6b:b0:95,-42,11,1,6,0,1,1,1,0,0,0,-97,1,11,0,31266335,0,86,1,256,1,"[86,-32,4,0,26,3,26,2,25,2,25,1,25,0,24,0,23,-1,23,-2,23,-2,23,-3,23,-4,23,-4,23,-4,23,-4,23,-4,23,-4,23,-3,22,-3,21,-2,21,-1,20,-1,20,0,19,0,18,1,18,2,4,0,0,0,0,0,0,0,0,0,0,0,0,0,0,0,0,0,0,0,4,0,19,1,19,2,20,3,20,4,21,5,21,5,22,6,22,7,22,8,22,8,23,8,23,9,22,9,22,9,22,8,22,8,22,7,22,7,23,6,23,6,24,5,24,5,24,4,25,4,26,3,26,3,14,5,47,15,47,15,46,14,45,13,44,12,44,11,43,10,43,8,43,6,43,4,43,2,43,1,44,1,44,1,44,1,43,1,43,2,42,2,42,4,40,5,39,6,37,7,36,7,35,8,33,9,32,10,28,19,26,20,4,3,1,1,-1,-1,-2,-1,-1,-1,1,0,6,1,34,8,34,11,35,8,35,11,35,13,36,15,36,17,36,19,37,21,37,22,37,23,37,24,38,24,38,24,38,24,38,24,38,24,38,24,38,23,38,22,40,21,41,20,41,19,42,18,43,16,45,15,46,15,47,15]"
CSI_DATA,175,5c:01:3b:6b:b0:95,-39,11,1,6,0,1,1,1,0,0,0,-97,1,11,0,31299216,0,86,1,256,1,"[86,-32,4,0,10,8,10,8,10,7,10,7,10,7,10,6,10,6,10,5,10,5,10,5,10,5,10,4,10,4,10,4,10,5,10,5,10,5,9,5,9,5,8,5,8,5,7,5,7,6,6,6,6,6,1,1,0,0,0,0,0,0,0,0,0,0,0,0,0,0,0,0,0,0,2,1,8,4,8,5,8,5,8,6,8,6,8,7,8,7,8,8,8,8,7,9,7,9,7,9,7,9,7,9,7,9,7,9,7,9,8,8,8,8,8,8,8,8,9,8,9,8,9,8,10,8,10,8,9,11,34,37,34,35,33,35,33,34,32,33,32,32,32,30,32,29,33,27,34,25,35,24,36,23,36,23,36,23,36,24,36,24,35,25,34,25,32,26,30,26,29,26,27,26,26,26,24,26,22,26,20,26,14,30,11,31,1,5,0,1,-1,-1,-2,-1,-1,-1,1,0,5,3,28,20,27,22,28,21,27,24,26,26,25,29,25,30,24,32,24,35,23,36,23,37,23,37,23,38,23,38,23,38,22,39,23,39,24,39,23,38,24,37,25,37,26,37,27,36,29,36,30,36,32,35,33,35,33,35]"
CSI_DATA,176,5c:01:3b:6b:b0:95,-37,11,1,5,0,1,1,1,0,0,0,-97,1,11,0,31334250,0,86,1,256,1,"[86,-32,4,0,-22,-10,-22,-9,-21,-8,-21,-8,-21,-8,-20,-7,-20,-7,-20,-6,-20,-5,-20,-4,-21,-4,-21,-4,-21,-4,-20,-4,-21,-4,-21,-4,-20,-5,-20,-6,-19,-6,-18,-6,-17,-7,-16,-7,-16,-7,-15,-7,-15,-8,-4,-2,0,0,0,0,0,0,0,0,0,0,0,0,0,0,0,0,0,0,-4,-2,-17,-5,-17,-6,-17,-7,-18,-8,-18,-9,-18,-10,-18,-11,-18,-12,-17,-12,-17,-12,-18,-13,-18,-13,-18,-13,-18,-13,-18,-13,-18,-13,-18,-12,-18,-12,-19,-12,-19,-11,-19,-11,-19,-11,-20,-10,-21,-9,-22,-10,-22,-10,-12,-8,-37,-25,-37,-24,-37,-24,-36,-23,-35,-22,-34,-21,-34,-20,-34,-19,-35,-18,-35,-16,-36,-15,-37,-13,-37,-13,-37,-13,-37,-13,-36,-14,-36,-14,-35,-15,-34,-16,-32,-16,-31,-17,-29,-17,-28,-17,-27,-17,-25,-17,-24,-18,-18,-23,-16,-24,-3,-5,-1,-2,0,0,0,0,0,0,-2,-1,-6,-3,-29,-14,-28,-16,-29,-15,-29,-17,-29,-20,-28,-22,-28,-23,-28,-25,-28,-26,-28,-28,-27,-28,-27,-29,-28,-29,-28,-30,-28,-30,-28,-30,-28,-30,-28,-29,-28,-28,-29,-28,-29,-28,-30,-27,-30,-27,-32,-26,-33,-25,-35,-24,-36,-24,-37,-24]"
CSI_DATA,177,5c:01:3b:6b:b0:95,-38,11,1,6,0,1,1,1,0,0,0,-97,1,11,0,31366305,0,86,1,256,1,"[86,-32,4,0,0,-25,-1,-25,-1,-25,-1,-24,-1,-24,-2,-23,-2,-23,-3,-23,-4,-22,-4,-22,-5,-22,-5,-22,-5,-22,-5,-22,-5,-22,-4,-22,-4,-22,-3,-22,-3,-21,-2,-20,-1,-19,0,-19,0,-18,1,-18,1,-18,0,-5,0,0,0,0,0,0,0,0,0,0,0,0,0,0,0,0,0,0,-1,-5,-2,-19,-1,-19,0,-20,0,-20,1,-21,2,-22,3,-22,4,-22,4,-22,5,-23,5,-23,6,-23,6,-23,5,-23,5,-23,5,-23,4,-23,3,-22,3,-23,3,-23,2,-23,2,-24,1,-24,1,-25,1,-26,1,-26,2,-15,7,-47,6,-47,6,-46,6,-46,5,-45,4,-44,3,-43,2,-43,0,-43,-2,-42,-4,-42,-4,-42,-5,-42,-4,-42,-4,-42,-3,-42,-2,-41,-1,-41,0,-41,1,-39,2,-38,3,-36,4,-35,4,-34,5,-33,7,-32,13,-28,15,-27,2,-5,0,-2,-1,0,0,1,-1,0,-1,-2,-1,-7,-1,-34,1,-34,1,-36,4,-36,6,-37,8,-38,9,-39,11,-39,13,-40,14,-40,15,-40,15,-40,15,-41,15,-42,15,-41,16,-41,16,-41,15,-41,14,-41,13,-41,13,-41,12,-42,11,-42,10,-43,8,-44,7,-45,6,-47,6,-47]"
CSI_DATA,178,5c:01:3b:6b:b0:95,-42,11,1,5,0,1,1,1,0,0,0,-97,1,11,0,31404394,0,86,1,256,1,"[86,-32,4,0,8,-25,7,-25,6,-25,6,-24,5,-24,5,-24,4,-23,3,-23,2,-23,1,-23,1,-23,1,-23,1,-23,1,-24,1,-24,1,-23,2,-23,2,-23,3,-22,3,-21,4,-20,5,-19,5,-19,5,-18,5,-17,1,-5,0,0,0,0,0,0,0,0,0,0,0,0,0,0,0,0,0,0,1,-5,5,-19,6,-19,7,-19,8,-20,9,-20,10,-20,10,-20,11,-20,12,-20,12,-20,13,-21,13,-21,13,-20,13,-20,12,-20,12,-21,11,-21,11,-21,10,-22,10,-22,9,-23,9,-23,8,-23,9,-24,9,-25,8,-26,6,-14,20,-46,20,-45,19,-45,19,-44,18,-44,16,-43,15,-43,14,-43,12,-42,10,-43,8,-44,7,-44,7,-44,7,-44,7,-44,8,-43,8,-43,9,-43,10,-42,11,-40,12,-39,12,-37,12,-35,13,-34,14,-32,15,-31,21,-26,22,-24,4,-5,1,-2,-1,0,-1,0,-1,0,0,-2,1,-6,12,-34,14,-33,13,-34,16,-34,18,-34,20,-34,22,-35,24,-35,26,-35,27,-35,28,-34,28,-34,29,-35,29,-35,29,-35,29,-35,29,-35,28,-36,27,-36,26,-37,25,-37,25,-38,24,-39,23,-41,22,-41,21,-43,21,-44,21,-45]"
CSI_DATA,179,5c:01:3b:6b:b0:95,-43,11,1,6,0,1,1,1,0,0,0,-97,1,11,0,31432223,0,86,1,256,1,"[86,-32,4,0,8,11,8,11,8,11,8,11,7,10,7,10,8,9,8,9,8,8,8,8,8,8,8,8,8,8,9,8,9,8,8,8,8,8,8,9,7,9,6,9,6,8,5,8,5,8,5,8,4,8,1,2,0,0,0,0,0,0,0,0,0,0,0,0,0,0,0,0,0,0,1,2,6,8,6,9,6,9,6,10,6,10,5,11,5,11,5,12,4,12,4,12,4,13,4,13,4,12,4,12,4,12,4,12,5,12,5,12,5,12,5,12,6,12,6,12,6,11,7,12,7,12,7,12,8,13,28,45,27,45,27,45,26,45,26,43,26,41,27,39,28,38,29,36,30,35,30,34,31,34,31,33,31,34,31,33,31,33,30,34,29,34,27,34,25,34,23,34,21,32,20,31,18,32,16,32,14,31,9,32,7,33,1,5,0,1,-1,-1,-2,-2,-1,-1,1,1,5,5,28,29,26,31,24,33,21,35,20,38,19,40,18,42,17,44,15,45,14,46,13,47,13,47,14,49,13,49,13,49,12,48,13,48,13,48,14,47,16,46,17,46,19,46,19,46,21,45,23,45,25,46,27,47,27,47]"
CSI_DATA,180,5c:01:3b:6b:b0:95,-51,11,1,6,0,1,1,1,0,0,0,-97,1,11,0,31466329,0,86,1,256,1,"[86,-32,4,0,-1,18,-1,18,-1,17,0,17,0,17,0,17,1,16,1,16,2,16,2,16,2,16,2,16,3,16,3,16,3,16,2,17,2,16,2,16,1,15,0,15,-1,15,-1,14,-2,14,-2,13,-2,13,-1,3,0,0,0,0,0,0,0,0,0,0,0,0,0,0,0,0,0,0,0,3,1,12,0,13,0,13,-1,14,-1,14,-2,15,-3,15,-3,15,-4,15,-4,15,-4,16,-5,16,-5,16,-5,16,-5,16,-4,16,-4,16,-3,16,-3,16,-3,16,-3,16,-2,16,-2,17,-2,17,-1,18,-1,19,-3,10,-8,34,-8,33,-8,33,-7,32,-7,31,-6,31,-5,31,-4,31,-3,30,-2,30,-1,30,0,31,0,31,0,31,0,31,-1,31,-1,31,-2,31,-3,31,-4,30,-5,28,-6,27,-6,26,-7,26,-8,24,-9,23,-15,21,-16,20,-3,3,-1,0,0,-1,-1,-1,0,-1,0,1,-1,4,-2,23,-4,23,-3,24,-4,24,-6,25,-7,25,-8,26,-9,26,-11,27,-12,27,-13,27,-13,27,-13,28,-14,28,-14,28,-14,28,-14,28,-14,28,-13,28,-12,28,-12,28,-12,29,-11,29,-10,30,-9,31,-8,32,-8,33,-8,33]"
CSI_DATA,181,5c:01:3b:6b:b0:95,-46,11,1,4,0,1,1,1,0,0,0,-97,1,11,0,31502987,0,86,1,256,1,"[86,-32,4,0,-24,10,-24,10,-23,11,-22,11,-22,11,-21,11,-21,12,-20,12,-19,13,-19,14,-19,14,-19,15,-19,15,-19,15,-20,15,-20,15,-20,15,-20,14,-20,13,-20,12,-20,11,-20,10,-19,9,-19,9,-19,8,-5,2,0,0,0,0,0,0,0,0,0,0,0,0,0,0,0,0,0,0,-4,1,-14,7,-15,6,-15,6,-16,5,-17,5,-18,5,-19,5,-19,4,-20,4,-20,3,-21,3,-21,3,-21,3,-21,3,-21,3,-22,4,-21,5,-21,5,-21,5,-22,6,-22,7,-22,7,-22,8,-22,9,-23,9,-24,10,-15,2,-47,9,-47,9,-46,9,-45,9,-44,10,-44,11,-43,11,-41,12,-40,14,-40,15,-41,18,-40,19,-41,20,-41,20,-41,20,-41,19,-41,19,-41,18,-41,17,-41,15,-41,13,-40,12,-39,11,-38,10,-38,8,-38,6,-39,-5,-38,-7,-7,-2,-2,-1,0,-1,0,-1,0,-1,-2,0,-5,1,-27,7,-28,5,-28,7,-29,6,-31,4,-32,3,-33,2,-34,1,-35,0,-36,-2,-37,-2,-37,-2,-39,-2,-39,-2,-40,-2,-40,-2,-40,-3,-40,-3,-40,-2,-40,-1,-41,0,-41,2,-42,3,-42,4,-43,6,-44,7,-45,8,-47,9]"
CSI_DATA,182,5c:01:3b:6b:b0:95,-42,11,1,5,0,1,1,1,0,0,0,-97,1,11,0,31533684,0,86,1,256,1,"[86,-32,4,0,-13,0,-13,0,-12,0,-12,0,-12,0,-12,0,-12,1,-11,1,-11,2,-12,2,-12,2,-12,2,-12,3,-12,3,-12,3,-12,2,-12,2,-12,2,-11,1,-11,1,-11,0,-11,0,-10,0,-10,0,-10,-1,-3,-1,0,0,0,0,0,0,0,0,0,0,0,0,0,0,0,0,0,0,-2,0,-8,0,-8,0,-8,0,-9,-1,-9,-1,-9,-1,-9,-2,-9,-2,-10,-2,-10,-2,-10,-2,-10,-3,-10,-3,-10,-3,-10,-2,-11,-2,-11,-2,-11,-2,-11,-2,-11,-2,-11,-1,-11,-1,-11,-1,-12,-1,-13,0,-13,0,-16,-3,-48,-7,-48,-7,-46,-7,-45,-7,-44,-6,-44,-5,-43,-4,-43,-3,-42,-1,-42,1,-43,3,-43,3,-44,4,-44,4,-44,4,-44,4,-44,3,-43,2,-43,1,-42,-1,-41,-2,-39,-3,-38,-3,-38,-4,-37,-6,-36,-8,-34,-15,-32,-17,-6,-4,-2,-2,0,0,0,-1,0,0,-2,0,-5,0,-26,-1,-27,-3,-28,-2,-29,-4,-30,-6,-30,-7,-31,-8,-32,-9,-32,-11,-33,-12,-34,-13,-34,-13,-35,-14,-36,-14,-36,-14,-36,-15,-37,-15,-37,-14,-37,-13,-37,-12,-37,-12,-38,-11,-39,-11,-41,-10,-42,-8,-44,-7,-45,-7,-45,-7]"
CSI_DATA,183,5c:01:3b:6b:b0:95,-45,11,1,5,0,1,1,1,0,0,0,-97,1,11,0,31566647,0,86,1,256,1,"[86,-32,4,0,-15,6,-14,6,-14,6,-14,6,-14,6,-13,6,-13,6,-12,7,-12,7,-12,7,-12,8,-12,8,-12,8,-12,8,-12,8,-12,8,-12,7,-12,7,-12,6,-12,6,-12,5,-12,5,-12,4,-12,4,-12,3,-3,0,0,0,0,0,0,0,0,0,0,0,0,0,0,0,0,0,0,0,-2,1,-8,5,-9,4,-10,4,-10,4,-10,4,-11,3,-11,3,-12,3,-12,3,-12,2,-13,3,-13,3,-13,2,-13,2,-13,2,-13,3,-13,3,-13,3,-13,3,-13,4,-13,4,-13,4,-13,5,-14,5,-14,6,-15,6,-18,3,-57,13,-57,13,-56,13,-55,13,-53,13,-53,14,-52,15,-51,16,-49,18,-49,19,-49,21,-49,22,-49,23,-50,23,-50,22,-50,22,-50,21,-50,20,-50,19,-49,17,-48,14,-47,12,-47,11,-46,9,-45,7,-44,4,-44,-7,-43,-9,-8,-2,-3,-1,0,-1,0,-1,0,-1,-2,0,-6,2,-31,12,-33,10,-33,12,-35,10,-38,9,-39,7,-40,6,-42,5,-44,4,-45,3,-45,3,-46,2,-47,2,-48,2,-49,2,-49,1,-49,1,-50,2,-49,2,-49,3,-49,4,-50,5,-51,7,-51,8,-52,10,-53,11,-54,13,-55,13]"
CSI_DATA,184,5c:01:3b:6b:b0:95,-40,11,1,5,0,1,1,1,0,0,0,-97,1,11,0,31601544,0,86,1,256,1,"[86,-32,4,0,11,5,11,4,11,4,11,4,11,3,11,3,11,3,11,2,11,2,11,2,11,2,11,2,11,2,11,2,12,2,12,2,12,2,11,3,11,3,10,3,10,3,9,4,9,4,9,4,8,4,2,1,0,0,0,0,0,0,0,0,0,0,0,0,0,0,0,0,0,0,1,0,7,1,8,2,8,2,8,3,8,3,8,4,9,4,9,4,8,5,9,5,9,6,9,6,9,6,9,6,9,5,9,5,9,5,9,5,9,5,10,5,10,5,10,5,10,5,11,5,12,5,12,4,12,7,42,24,41,24,41,24,40,23,40,22,40,21,40,20,40,18,41,16,41,14,42,13,42,12,43,13,44,14,44,14,43,15,42,15,42,15,41,16,39,17,37,18,35,18,34,18,32,19,31,20,28,21,23,28,21,29,3,5,0,1,-1,-1,-2,-1,-1,-1,1,0,4,1,27,9,27,11,28,10,28,12,28,15,28,16,28,18,29,21,30,22,30,23,30,24,30,25,31,26,31,26,31,26,31,27,31,27,32,27,32,26,32,26,32,26,33,25,35,24,36,24,37,23,39,23,41,22,42,23]"
CSI_DATA,185,5c:01:3b:6b:b0:95,-42,11,1,5,0,1,1,1,0,0,0,-97,1,11,0,31632196,0,86,1,256,1,"[86,-32,4,0,10,-24,9,-24,9,-23,8,-23,8,-23,8,-23,7,-22,6,-23,5,-23,4,-23,4,-23,3,-23,3,-23,3,-24,3,-24,4,-24,4,-23,5,-23,5,-22,6,-21,6,-20,7,-20,7,-19,7,-18,8,-18,2,-5,0,0,0,0,0,0,0,0,0,0,0,0,0,0,0,0,0,0,1,-4,5,-16,6,-16,7,-16,7,-16,8,-16,9,-17,10,-17,11,-17,12,-17,12,-17,12,-17,13,-18,13,-18,12,-17,12,-17,12,-18,12,-18,11,-18,11,-19,11,-19,11,-20,11,-21,10,-21,10,-22,10,-23,10,-24,7,-13,23,-43,23,-43,23,-42,22,-42,21,-41,20,-41,20,-41,18,-41,16,-41,15,-42,13,-43,11,-44,11,-44,11,-44,12,-44,13,-44,13,-43,14,-43,15,-42,16,-40,17,-39,17,-37,17,-36,17,-35,18,-33,19,-31,26,-25,27,-23,5,-4,1,-2,-1,0,-1,0,-1,0,0,-2,1,-6,10,-29,11,-28,12,-29,14,-28,16,-29,18,-29,20,-29,22,-29,24,-29,26,-29,27,-29,27,-29,27,-30,27,-31,27,-31,27,-31,27,-31,27,-31,27,-32,26,-32,26,-33,26,-34,26,-35,25,-37,24,-38,23,-40,23,-41,23,-42]"
CSI_DATA,186,5c:01:3b:6b:b0:95,-35,11,1,5,0,1,1,1,0,0,0,-97,1,11,0,31666224,0,86,1,256,1,"[86,-32,4,0,13,1,13,1,13,1,13,0,13,0,12,0,12,-1,12,-1,12,-1,12,-2,12,-2,12,-2,12,-2,12,-2,12,-2,12,-2,12,-1,12,-1,12,-1,11,0,11,0,10,0,10,1,10,1,10,1,2,0,0,0,0,0,0,0,0,0,0,0,0,0,0,0,0,0,0,0,2,-1,8,0,9,0,9,0,9,1,9,1,10,2,10,2,10,3,10,3,10,3,11,3,11,3,11,4,11,4,11,4,11,3,11,3,11,3,11,3,11,2,12,2,12,2,12,1,13,1,13,1,14,1,14,5,47,16,46,17,46,17,45,16,44,14,44,13,44,12,44,10,44,8,44,7,44,5,44,5,45,4,46,5,45,5,45,5,44,5,44,6,43,7,41,8,40,9,38,10,37,10,36,11,34,13,32,14,26,25,23,27,4,5,0,1,-1,-1,-1,-1,-1,-1,1,0,5,1,29,10,29,12,31,7,30,9,30,12,31,14,32,15,32,17,33,19,33,20,34,21,33,22,34,22,35,22,35,23,35,23,35,23,36,22,36,22,36,21,37,21,38,20,39,19,41,18,42,17,44,16,45,16,46,17]"
CSI_DATA,187,5c:01:3b:6b:b0:95,-34,11,1,5,0,1,1,1,0,0,0,-97,1,11,0,31699394,0,86,1,256,1,"[86,-32,4,0,7,-11,7,-11,7,-11,7,-11,6,-11,6,-10,6,-10,5,-11,5,-11,4,-11,4,-11,4,-11,4,-11,4,-11,4,-11,5,-11,5,-11,5,-11,5,-10,5,-10,5,-9,6,-9,6,-8,6,-8,6,-8,1,-2,0,0,0,0,0,0,0,0,0,0,0,0,0,0,0,0,0,0,0,-2,4,-8,4,-8,5,-8,5,-8,6,-8,6,-8,7,-8,7,-8,7,-8,8,-8,8,-8,8,-8,8,-8,8,-8,8,-8,8,-8,7,-8,7,-8,7,-8,7,-9,7,-9,7,-10,7,-10,7,-10,8,-11,8,-11,10,-12,33,-36,33,-36,32,-36,31,-35,30,-35,29,-35,28,-35,27,-36,25,-36,24,-38,22,-39,21,-39,22,-39,22,-40,23,-39,23,-39,23,-38,23,-37,24,-36,24,-34,25,-33,25,-31,25,-29,25,-28,25,-26,26,-23,30,-17,30,-15,5,-3,1,-1,-1,0,-1,0,-1,0,0,-2,2,-5,16,-26,18,-25,18,-27,21,-26,23,-26,25,-26,26,-25,28,-25,30,-24,31,-24,32,-24,33,-24,34,-24,34,-24,34,-24,35,-24,35,-24,34,-25,34,-26,33,-26,33,-27,32,-28,32,-29,32,-31,32,-32,32,-34,32,-35,33,-36]"
CSI_DATA,188,5c:01:3b:6b:b0:95,-34,11,1,5,0,1,1,1,0,0,0,-97,1,11,0,31732270,0,86,1,256,1,"[86,-32,4,0,21,-33,20,-32,19,-31,18,-31,17,-31,16,-31,15,-32,14,-32,12,-32,12,-32,11,-32,11,-33,11,-33,11,-33,11,-33,12,-33,12,-32,12,-32,13,-30,13,-29,14,-27,15,-25,15,-24,15,-23,15,-23,4,-6,0,0,0,0,0,0,0,0,0,0,0,0,0,0,0,0,0,0,3,-6,13,-24,14,-24,15,-24,16,-24,18,-24,20,-24,21,-24,22,-24,23,-23,23,-23,24,-24,25,-24,25,-23,25,-23,24,-24,24,-24,23,-25,22,-25,22,-26,22,-27,22,-28,21,-29,21,-29,21,-31,22,-32,21,-33,8,-8,26,-25,26,-25,25,-24,24,-24,23,-24,22,-24,21,-24,21,-24,19,-25,18,-26,17,-27,17,-27,17,-28,17,-28,17,-28,17,-27,17,-26,17,-26,18,-25,18,-24,18,-22,18,-21,18,-20,18,-19,18,-18,18,-16,23,-10,23,-8,4,-2,1,-1,-1,0,-1,0,-1,0,0,-2,2,-4,16,-18,17,-16,16,-19,17,-18,19,-17,20,-17,21,-17,23,-16,24,-16,25,-16,26,-15,26,-15,26,-16,27,-16,27,-16,27,-16,27,-16,27,-16,26,-17,26,-17,25,-17,25,-18,25,-19,25,-21,25,-22,25,-23,25,-24,25,-24]"
CSI_DATA,189,5c:01:3b:6b:b0:95,-35,11,1,6,0,1,1,1,0,0,0,-97,1,11,0,31766178,0,86,1,256,1,"[86,-32,4,0,19,-15,19,-15,18,-15,17,-15,17,-15,17,-15,16,-15,15,-15,14,-16,14,-16,14,-16,14,-17,14,-17,14,-17,14,-17,14,-16,14,-16,14,-15,14,-14,15,-13,15,-12,14,-11,14,-11,14,-10,14,-9,3,-3,0,0,0,0,0,0,0,0,0,0,0,0,0,0,0,0,0,0,2,-3,11,-12,12,-12,13,-12,14,-12,15,-11,16,-11,16,-11,17,-10,18,-10,18,-10,19,-10,19,-10,19,-10,19,-10,19,-10,19,-10,18,-10,18,-11,18,-11,18,-11,18,-12,18,-13,18,-13,18,-14,19,-15,20,-15,12,-8,39,-26,38,-26,37,-26,37,-25,35,-25,35,-26,33,-26,32,-26,31,-27,29,-28,29,-29,28,-30,28,-31,29,-31,29,-30,29,-30,29,-29,29,-28,29,-27,29,-25,29,-23,28,-21,28,-20,28,-18,28,-17,28,-15,29,-11,29,-9,5,-2,1,-1,-1,0,-1,0,-1,0,0,-2,3,-4,20,-21,22,-20,23,-21,25,-20,27,-19,29,-19,30,-18,32,-18,34,-17,35,-16,36,-15,36,-15,37,-15,37,-15,37,-15,38,-15,38,-15,38,-16,37,-16,36,-17,37,-18,37,-19,37,-20,37,-21,36,-23,37,-24,38,-24,38,-25]"
CSI_DATA,190,5c:01:3b:6b:b0:95,-33,11,1,4,0,1,1,1,0,0,0,-97,1,11,0,31802322,0,86,1,256,1,"[86,-32,4,0,25,29,25,29,25,27,25,26,25,25,25,25,25,23,25,22,26,22,26,21,27,19,27,19,27,20,27,20,27,20,27,21,25,21,24,21,22,21,21,21,20,21,19,21,18,21,16,21,15,21,3,5,0,0,0,0,0,0,0,0,0,0,0,0,0,0,0,0,0,0,5,4,20,17,20,18,20,20,19,22,19,23,19,25,18,26,17,27,17,28,17,29,17,30,16,31,16,31,16,30,16,30,17,30,18,29,18,28,19,28,20,28,21,28,22,28,22,28,24,28,25,29,25,30,8,20,32,64,31,63,31,62,30,59,31,58,32,57,32,55,33,52,34,50,36,49,39,48,40,47,41,47,41,48,40,48,39,47,38,47,36,46,34,47,31,47,29,48,27,47,25,45,23,44,21,44,18,44,5,48,1,47,-1,8,-1,2,-1,-1,-1,-2,-1,-1,1,2,4,7,25,41,22,44,28,40,26,44,24,47,22,50,20,51,19,53,17,56,16,57,15,59,15,60,17,61,17,62,16,62,15,63,15,62,15,61,16,60,17,59,19,59,21,60,22,60,24,61,27,60,30,61,32,62,33,64]"
CSI_DATA,191,5c:01:3b:6b:b0:95,-34,11,1,5,0,1,1,1,0,0,0,-97,1,11,0,31833957,0,86,1,256,1,"[86,-32,4,0,-8,-13,-8,-13,-8,-12,-8,-12,-8,-12,-8,-12,-8,-11,-9,-11,-9,-10,-10,-10,-10,-10,-10,-9,-10,-10,-10,-10,-10,-10,-9,-10,-9,-10,-9,-10,-8,-10,-7,-10,-7,-10,-6,-9,-6,-9,-6,-9,-5,-9,-2,-3,0,0,0,0,0,0,0,0,0,0,0,0,0,0,0,0,0,0,-2,-2,-7,-8,-7,-9,-6,-10,-6,-10,-6,-11,-6,-11,-6,-12,-5,-12,-5,-12,-5,-12,-5,-13,-5,-13,-5,-13,-5,-13,-5,-13,-5,-13,-5,-13,-5,-12,-6,-12,-6,-12,-6,-13,-7,-13,-7,-12,-8,-12,-8,-13,-8,-13,-6,-17,-21,-53,-21,-53,-21,-52,-21,-50,-21,-49,-21,-48,-21,-46,-23,-45,-24,-43,-25,-42,-27,-42,-29,-41,-29,-41,-29,-41,-29,-41,-28,-41,-26,-41,-25,-41,-24,-41,-22,-41,-20,-40,-18,-39,-17,-37,-16,-37,-14,-36,-12,-36,-2,-38,0,-37,0,-7,0,-2,-1,0,0,0,0,0,-2,-2,-4,-6,-18,-33,-16,-34,-18,-34,-17,-36,-15,-38,-14,-40,-13,-42,-11,-44,-10,-45,-9,-47,-8,-47,-8,-47,-8,-48,-8,-49,-8,-49,-7,-49,-8,-49,-8,-50,-9,-49,-10,-49,-11,-49,-12,-49,-13,-49,-15,-49,-17,-49,-19,-50,-20,-51,-21,-52]"
CSI_DATA,192,5c:01:3b:6b:b0:95,-39,11,1,5,0,1,1,1,0,0,0,-97,1,11,0,31869786,0,86,1,256,1,"[86,-32,4,0,-11,-25,-11,-25,-11,-24,-11,-23,-12,-22,-12,-22,-12,-21,-13,-20,-13,-20,-14,-20,-14,-19,-15,-19,-15,-19,-15,-19,-14,-19,-14,-19,-14,-20,-13,-19,-12,-19,-11,-19,-10,-18,-9,-18,-9,-18,-8,-18,-7,-18,-2,-5,0,0,0,0,0,0,0,0,0,0,0,0,0,0,0,0,0,0,-3,-4,-9,-17,-9,-18,-8,-19,-8,-20,-7,-20,-7,-21,-6,-22,-6,-23,-5,-23,-5,-24,-5,-24,-5,-25,-5,-24,-5,-24,-5,-24,-5,-24,-5,-24,-6,-23,-6,-24,-7,-24,-8,-24,-9,-24,-9,-24,-10,-24,-11,-25,-11,-25,-3,-16,-11,-50,-11,-49,-11,-48,-11,-47,-11,-46,-12,-45,-13,-44,-14,-43,-16,-41,-17,-41,-19,-41,-20,-40,-20,-40,-20,-41,-20,-40,-19,-40,-18,-40,-17,-39,-16,-39,-15,-38,-13,-38,-12,-37,-10,-36,-9,-35,-8,-34,-6,-33,4,-33,6,-32,1,-6,0,-2,-1,0,0,0,-1,0,-1,-2,-2,-6,-10,-33,-8,-34,-11,-34,-9,-35,-7,-37,-6,-38,-4,-40,-3,-41,-2,-42,-1,-43,0,-44,0,-44,0,-45,0,-46,1,-46,1,-46,1,-46,0,-46,-1,-45,-2,-45,-2,-45,-3,-45,-5,-46,-6,-47,-8,-46,-9,-47,-10,-48,-11,-49]"
CSI_DATA,193,5c:01:3b:6b:b0:95,-41,11,1,6,0,1,1,1,0,0,0,-97,1,11,0,31899430,0,86,1,256,1,"[86,-32,4,0,4,-27,4,-27,3,-26,3,-25,2,-25,2,-25,1,-24,0,-24,-1,-24,-1,-24,-2,-24,-2,-24,-2,-24,-2,-24,-2,-24,-1,-24,-1,-24,0,-23,1,-23,1,-22,2,-21,2,-20,3,-19,3,-19,4,-18,1,-5,0,0,0,0,0,0,0,0,0,0,0,0,0,0,0,0,0,0,0,-5,0,-19,1,-20,2,-21,3,-21,4,-22,5,-22,6,-23,7,-23,7,-23,8,-23,8,-24,8,-24,8,-23,8,-23,8,-23,8,-23,8,-23,7,-23,7,-24,6,-24,6,-25,5,-25,5,-25,4,-26,4,-27,4,-28,6,-15,19,-48,19,-47,19,-46,18,-45,17,-44,16,-44,15,-43,14,-43,12,-43,10,-43,8,-44,7,-44,7,-44,7,-44,7,-43,8,-43,9,-42,9,-41,10,-41,11,-39,12,-38,12,-36,13,-35,13,-33,14,-31,15,-30,24,-24,25,-22,4,-4,1,-2,-1,0,-1,0,-1,0,0,-2,1,-6,10,-34,12,-33,8,-35,11,-35,13,-35,16,-36,17,-36,19,-36,21,-37,23,-36,24,-36,24,-37,25,-38,25,-38,25,-38,26,-37,26,-37,26,-38,25,-38,24,-38,23,-39,23,-40,22,-41,21,-42,20,-43,19,-45,19,-46,19,-47]"
CSI_DATA,194,5c:01:3b:6b:b0:95,-42,11,1,6,0,1,1,1,0,0,0,-97,1,11,0,31932290,0,86,1,256,1,"[86,-32,4,0,-5,23,-4,23,-4,22,-3,22,-3,22,-2,21,-1,21,-1,20,0,20,0,20,0,20,1,20,1,20,1,20,1,20,1,20,1,20,0,20,0,19,-1,18,-2,17,-2,16,-3,16,-3,16,-4,15,-1,3,0,0,0,0,0,0,0,0,0,0,0,0,0,0,0,0,0,0,-1,4,-1,16,-2,17,-3,17,-4,18,-5,18,-5,19,-6,19,-7,19,-7,19,-8,20,-9,20,-9,20,-10,20,-9,20,-9,20,-9,20,-8,20,-7,20,-7,20,-6,21,-6,21,-6,21,-5,21,-5,22,-5,23,-5,24,-4,13,-10,45,-11,45,-10,44,-10,42,-8,41,-7,41,-6,40,-5,40,-3,39,-2,39,-1,39,-1,39,0,40,0,40,0,39,0,39,-1,38,-1,38,-2,37,-3,36,-4,35,-5,33,-6,32,-7,31,-8,29,-9,28,-13,27,-14,26,-3,4,-1,1,0,-1,-1,-1,0,-1,0,1,0,5,0,31,-2,31,-4,32,-6,32,-8,33,-10,34,-11,35,-13,35,-15,36,-16,36,-17,36,-18,37,-19,37,-19,38,-20,37,-20,37,-20,38,-19,38,-18,37,-17,37,-16,38,-15,39,-14,40,-13,41,-12,42,-12,43,-12,44,-11,44]"
CSI_DATA,195,5c:01:3b:6b:b0:95,-42,11,1,5,0,1,1,1,0,0,0,-97,1,11,0,31968244,0,86,1,256,1,"[86,-32,4,0,25,7,25,7,24,6,24,5,24,5,23,4,23,4,22,3,22,2,23,1,22,1,22,1,22,1,22,0,22,1,22,1,22,2,21,2,20,3,19,3,19,3,18,4,17,4,16,5,15,5,3,1,0,0,0,0,0,0,0,0,0,0,0,0,0,0,0,0,0,0,4,0,18,2,19,3,19,4,20,5,20,6,21,7,21,8,21,9,21,10,21,10,21,11,21,12,21,12,21,11,21,11,21,11,21,10,21,10,22,9,23,9,23,8,23,8,23,8,24,8,25,8,26,8,14,6,47,19,46,19,45,18,44,17,43,16,43,15,42,14,42,12,41,10,42,9,42,7,42,6,42,6,43,6,43,6,42,7,41,7,40,7,40,8,38,9,36,10,35,10,33,11,32,11,30,12,28,13,25,19,23,20,3,3,0,1,-1,-1,-2,-1,-1,-1,1,0,5,0,34,5,34,8,35,8,35,10,35,13,36,15,37,17,37,19,37,21,38,23,37,24,37,25,38,26,38,26,38,26,38,27,37,26,38,26,38,25,38,24,39,23,40,23,41,22,42,21,43,20,44,19,46,19,47,19]"
CSI_DATA,196,5c:01:3b:6b:b0:95,-43,11,1,5,0,1,1,1,0,0,0,-97,1,11,0,32001479,0,86,1,256,1,"[86,-32,4,0,19,18,19,17,19,16,19,15,19,15,18,14,18,13,18,13,19,12,19,11,19,10,19,10,19,10,19,11,19,11,19,11,18,11,17,12,16,12,16,12,15,12,14,11,13,11,12,11,11,12,2,3,0,0,0,0,0,0,0,0,0,0,0,0,0,0,0,0,0,0,4,2,16,9,16,11,16,12,16,13,16,14,16,15,16,16,15,17,15,18,15,19,15,19,15,20,15,20,15,19,15,19,15,19,15,19,15,18,16,18,16,18,17,18,17,18,18,17,19,17,20,18,20,18,8,12,30,40,29,40,28,39,28,37,28,36,28,35,28,34,29,32,29,30,30,29,31,28,32,27,32,27,32,27,32,27,31,27,31,27,30,27,29,27,27,27,25,27,23,27,22,26,20,26,19,25,17,25,9,29,7,29,1,5,0,1,-1,-1,-1,-1,-1,-1,1,1,4,4,25,25,23,27,26,24,25,27,24,29,23,31,22,33,21,36,21,38,20,39,20,40,19,40,19,41,19,42,19,42,18,42,18,42,19,42,20,41,20,40,21,40,22,40,23,39,25,39,26,39,27,39,29,39,29,40]"
CSI_DATA,197,5c:01:3b:6b:b0:95,-44,11,1,5,0,1,1,1,0,0,0,-97,1,11,0,32034084,0,86,1,256,1,"[86,-32,4,0,16,21,16,20,16,19,16,18,16,18,16,17,16,16,16,15,17,14,17,14,17,13,17,13,17,13,17,13,17,13,17,13,16,13,16,13,15,13,14,13,13,13,12,12,11,13,10,13,9,13,2,3,0,0,0,0,0,0,0,0,0,0,0,0,0,0,0,0,0,0,3,3,14,13,13,14,13,16,13,17,13,18,12,19,12,20,12,20,11,21,11,22,11,23,10,23,10,23,10,22,10,22,10,22,11,22,11,21,12,21,13,21,14,20,14,20,14,20,15,21,15,21,16,21,6,13,22,44,21,44,21,43,21,42,21,40,21,39,21,37,22,36,23,34,24,33,25,32,26,31,26,31,27,31,27,31,26,31,25,30,25,30,24,30,22,29,20,29,18,29,17,28,15,28,14,27,12,27,4,30,2,29,0,5,-1,1,-1,-1,-1,-1,-1,-1,1,1,3,5,19,31,17,32,20,30,19,32,17,34,16,36,15,38,14,40,13,42,12,43,11,44,11,44,11,45,10,46,10,46,9,46,10,45,11,45,11,44,12,43,13,43,14,43,15,43,17,43,18,43,19,43,20,44,21,44]"
CSI_DATA,198,5c:01:3b:6b:b0:95,-45,11,1,5,0,1,1,1,0,0,0,-97,1,11,0,32067930,0,86,1,256,1,"[86,-32,4,0,14,-21,14,-21,13,-20,12,-20,12,-20,11,-20,10,-20,9,-20,8,-20,8,-20,8,-20,7,-20,7,-20,7,-20,8,-20,8,-20,8,-19,8,-19,8,-18,8,-17,8,-16,9,-15,9,-14,9,-14,9,-13,2,-4,0,0,0,0,0,0,0,0,0,0,0,0,0,0,0,0,0,0,1,-5,8,-18,9,-19,10,-19,11,-19,12,-19,14,-19,14,-19,15,-18,16,-18,17,-18,17,-18,18,-18,18,-17,17,-17,17,-17,17,-17,17,-17,16,-18,16,-18,15,-18,15,-19,15,-19,14,-19,15,-20,15,-21,15,-22,9,-12,31,-37,31,-37,30,-36,29,-35,27,-35,26,-35,25,-35,23,-35,21,-35,20,-36,19,-37,18,-37,17,-37,17,-37,17,-36,18,-36,18,-35,18,-34,18,-34,18,-32,18,-30,18,-29,18,-27,18,-26,18,-24,19,-22,22,-18,23,-17,4,-3,1,-1,-1,0,-1,0,-1,0,0,-2,2,-6,16,-33,18,-32,18,-33,21,-32,24,-32,26,-32,28,-31,30,-31,32,-31,34,-30,35,-29,36,-29,36,-29,37,-29,37,-29,37,-28,37,-28,37,-29,36,-29,35,-29,34,-30,33,-31,33,-32,33,-33,32,-34,32,-35,32,-36,32,-37]"
CSI_DATA,199,5c:01:3b:6b:b0:95,-47,11,1,6,0,1,1,1,0,0,0,-97,1,11,0,32099278,0,86,1,256,1,"[86,-32,4,0,-1,25,-1,24,0,23,0,23,1,23,1,22,2,21,3,21,3,20,4,20,4,19,5,19,5,19,5,19,5,19,4,19,4,19,3,19,3,18,2,18,2,17,1,16,1,15,0,15,0,15,-1,3,0,0,0,0,0,0,0,0,0,0,0,0,0,0,0,0,0,0,0,4,2,19,1,20,0,21,-1,22,-2,22,-3,23,-4,23,-4,24,-5,24,-6,24,-6,24,-6,24,-6,24,-6,24,-6,24,-6,23,-6,23,-5,23,-4,23,-4,23,-3,24,-3,24,-2,24,-2,24,-1,25,-1,26,-4,14,-10,47,-10,46,-10,45,-10,44,-8,42,-7,42,-6,41,-5,40,-3,39,-1,39,0,38,1,38,2,39,2,39,2,38,1,37,1,37,0,36,-1,36,-2,34,-2,33,-3,31,-3,30,-4,29,-5,28,-6,27,-12,25,-14,24,-3,4,-1,1,0,-1,-1,-2,0,-1,0,1,0,6,-1,36,-4,37,-2,37,-5,38,-8,39,-10,40,-12,41,-14,41,-16,42,-17,42,-19,42,-19,42,-19,43,-20,43,-20,42,-21,42,-21,42,-20,42,-20,41,-18,41,-17,42,-16,43,-15,43,-14,44,-12,44,-11,45,-10,46,-10,47]"
CSI_DATA,200,5c:01:3b:6b:b0:95,-48,11,1,6,0,1,1,1,0,0,0,-97,1,11,0,32132285,0,86,1,256,1,"[86,-32,4,0,17,-19,17,-19,16,-18,15,-18,15,-18,14,-18,13,-18,12,-18,11,-19,10,-19,10,-19,9,-19,9,-19,9,-19,9,-19,9,-18,9,-18,9,-17,9,-16,9,-16,9,-15,9,-14,9,-13,9,-13,9,-12,2,-3,0,0,0,0,0,0,0,0,0,0,0,0,0,0,0,0,0,0,2,-5,12,-18,13,-18,14,-18,15,-17,17,-17,18,-16,19,-16,20,-16,21,-15,21,-15,21,-15,21,-15,21,-14,21,-14,21,-14,21,-14,20,-15,19,-15,19,-15,19,-16,19,-16,19,-17,18,-17,18,-18,18,-19,18,-19,12,-8,40,-27,39,-27,38,-26,37,-26,35,-26,34,-26,32,-27,31,-27,29,-28,27,-29,26,-29,25,-30,25,-30,25,-30,24,-29,24,-29,24,-28,24,-28,24,-27,24,-25,23,-24,22,-23,22,-21,22,-20,21,-19,22,-17,26,-10,26,-8,4,-2,1,-1,-1,0,-2,0,-1,0,1,-2,5,-5,29,-26,31,-24,29,-27,31,-25,34,-24,36,-23,38,-22,40,-21,42,-20,43,-19,44,-18,44,-18,45,-18,45,-17,45,-17,45,-16,44,-16,44,-17,43,-17,42,-18,42,-19,41,-20,41,-21,41,-23,40,-24,40,-25,40,-27,40,-27]"
CSI_DATA,201,5c:01:3b:6b:b0:95,-49,11,1,6,0,1,1,1,0,0,0,-97,1,11,0,32166206,0,86,1,256,1,"[86,-32,4,0,-25,-5,-24,-5,-23,-4,-22,-3,-22,-3,-22,-2,-21,-2,-20,-1,-20,0,-20,0,-20,1,-20,1,-20,1,-19,1,-19,1,-19,1,-19,1,-18,0,-18,0,-17,0,-17,-1,-16,-1,-16,-1,-15,-2,-14,-2,-4,-1,0,0,0,0,0,0,0,0,0,0,0,0,0,0,0,0,0,0,-5,0,-20,-1,-21,-2,-22,-3,-22,-5,-23,-6,-23,-7,-23,-7,-23,-8,-23,-9,-23,-10,-24,-10,-24,-10,-23,-10,-23,-11,-23,-11,-23,-10,-22,-10,-22,-9,-23,-9,-23,-8,-23,-7,-23,-7,-23,-6,-24,-6,-25,-6,-25,-6,-14,-4,-46,-12,-45,-12,-44,-11,-42,-11,-41,-10,-41,-9,-40,-8,-39,-7,-39,-4,-38,-2,-38,0,-38,1,-38,1,-38,1,-37,1,-37,1,-36,0,-36,0,-35,-1,-34,-3,-32,-4,-31,-4,-30,-4,-29,-4,-28,-4,-27,-5,-25,-8,-24,-9,-5,-2,-2,-1,0,0,1,-1,0,0,-2,0,-7,0,-37,1,-38,-1,-39,-4,-40,-6,-40,-9,-41,-11,-41,-14,-42,-16,-42,-19,-42,-21,-42,-22,-42,-22,-43,-22,-43,-22,-42,-22,-42,-22,-42,-22,-42,-22,-41,-21,-40,-20,-41,-20,-41,-19,-42,-18,-43,-16,-44,-14,-45,-13,-45,-12,-45,-12]"
CSI_DATA,202,5c:01:3b:6b:b0:95,-46,11,1,4,0,1,1,1,0,0,0,-97,1,11,0,32202712,0,86,1,256,1,"[86,-32,4,0,5,-24,5,-23,4,-22,4,-22,3,-21,3,-21,2,-21,1,-20,0,-20,-1,-20,-1,-20,-1,-19,-1,-20,-2,-20,-2,-20,-1,-19,-1,-19,-1,-19,0,-18,0,-18,1,-17,1,-16,1,-15,1,-15,2,-15,0,-4,0,0,0,0,0,0,0,0,0,0,0,0,0,0,0,0,0,0,0,-5,1,-20,2,-21,3,-21,4,-22,5,-22,6,-22,7,-23,9,-22,9,-22,10,-22,10,-23,11,-23,11,-22,11,-22,10,-22,10,-22,9,-22,9,-21,8,-22,8,-22,8,-22,7,-23,6,-22,6,-23,6,-24,6,-24,5,-13,16,-42,16,-41,16,-41,15,-40,14,-39,12,-39,11,-38,10,-37,8,-37,7,-37,5,-37,4,-37,3,-37,3,-37,3,-37,3,-36,4,-35,4,-34,5,-34,6,-33,6,-32,6,-31,6,-29,6,-28,7,-27,8,-26,13,-23,14,-22,2,-4,0,-2,-1,0,-1,1,-1,0,0,-2,0,-7,6,-37,9,-36,8,-38,11,-38,14,-39,16,-39,18,-39,20,-38,22,-38,24,-38,25,-37,26,-37,26,-38,26,-38,27,-38,27,-37,27,-37,26,-37,25,-36,23,-36,23,-37,22,-38,21,-39,20,-39,19,-39,18,-41,18,-42,18,-43]"
CSI_DATA,203,5c:01:3b:6b:b0:95,-42,11,1,5,0,1,1,1,0,0,0,-97,1,11,0,32232356,0,86,1,256,1,"[86,-32,4,0,-11,-9,-11,-8,-10,-8,-10,-7,-10,-7,-10,-6,-10,-6,-11,-6,-11,-5,-10,-5,-10,-5,-10,-4,-11,-4,-10,-4,-10,-4,-10,-4,-10,-4,-10,-4,-9,-4,-9,-4,-9,-4,-8,-4,-8,-4,-7,-5,-7,-5,-2,-2,0,0,0,0,0,0,0,0,0,0,0,0,0,0,0,0,0,0,-3,-2,-9,-7,-9,-7,-9,-8,-9,-9,-9,-9,-9,-9,-9,-10,-9,-10,-8,-11,-8,-11,-8,-12,-8,-12,-8,-11,-8,-11,-8,-11,-8,-11,-8,-10,-8,-10,-9,-10,-9,-10,-9,-9,-9,-9,-10,-9,-10,-9,-10,-9,-10,-10,-11,-12,-36,-37,-36,-36,-35,-35,-34,-33,-33,-32,-33,-30,-33,-28,-33,-26,-34,-25,-34,-23,-35,-22,-36,-21,-37,-20,-37,-20,-36,-20,-35,-19,-35,-19,-34,-19,-33,-20,-31,-20,-30,-20,-29,-20,-27,-20,-26,-20,-24,-20,-23,-20,-18,-24,-17,-24,-3,-5,-1,-2,0,0,1,0,0,0,-2,-2,-6,-5,-32,-25,-31,-27,-32,-28,-31,-30,-30,-33,-30,-35,-29,-37,-28,-39,-27,-41,-26,-43,-25,-43,-25,-44,-25,-45,-25,-45,-24,-45,-24,-45,-24,-44,-25,-44,-26,-43,-26,-42,-27,-41,-28,-40,-29,-39,-30,-38,-31,-37,-33,-37,-34,-37,-34,-37]"
CSI_DATA,204,5c:01:3b:6b:b0:95,-45,11,1,5,0,1,1,1,0,0,0,-97,1,11,0,32266307,0,86,1,256,1,"[86,-32,4,0,-14,5,-14,5,-13,5,-13,5,-13,5,-12,5,-12,6,-11,6,-11,6,-11,7,-10,7,-10,7,-10,7,-10,7,-10,7,-10,7,-10,7,-10,6,-10,6,-10,5,-10,5,-10,4,-9,4,-9,4,-9,3,-3,0,0,0,0,0,0,0,0,0,0,0,0,0,0,0,0,0,0,0,-3,1,-11,6,-11,5,-12,5,-13,4,-13,4,-14,4,-14,3,-14,3,-14,2,-15,2,-15,2,-15,2,-15,2,-15,2,-15,2,-15,2,-14,2,-14,2,-14,3,-14,3,-14,3,-14,4,-14,4,-14,4,-15,5,-15,5,-18,5,-55,18,-55,18,-53,18,-51,18,-49,18,-48,19,-46,19,-45,21,-43,22,-42,23,-41,25,-41,26,-40,26,-40,27,-40,27,-40,27,-39,26,-39,25,-39,23,-38,21,-37,19,-36,18,-35,17,-35,15,-34,13,-34,11,-34,8,-34,6,-6,0,-2,0,0,-1,1,-1,0,-1,-2,1,-7,4,-36,26,-38,24,-41,21,-44,19,-46,16,-48,14,-51,13,-53,12,-54,10,-55,8,-56,7,-56,6,-56,5,-57,5,-57,5,-57,4,-56,4,-56,5,-55,6,-54,7,-54,8,-53,9,-53,11,-54,13,-53,14,-54,16,-54,17,-55,17]"
CSI_DATA,205,5c:01:3b:6b:b0:95,-44,11,1,5,0,1,1,1,0,0,0,-97,1,11,0,32299240,0,86,1,256,1,"[86,-32,4,0,21,-13,20,-13,19,-13,19,-13,18,-13,18,-14,17,-14,16,-14,16,-15,15,-15,15,-15,14,-15,14,-15,14,-16,14,-16,14,-16,14,-15,14,-15,14,-14,14,-13,14,-12,14,-11,14,-10,13,-10,13,-9,3,-3,0,0,0,0,0,0,0,0,0,0,0,0,0,0,0,0,0,0,3,-3,15,-12,16,-12,17,-12,18,-11,19,-11,20,-10,21,-10,21,-9,22,-8,23,-8,23,-7,23,-7,23,-7,22,-6,22,-7,22,-8,21,-8,21,-8,21,-9,21,-10,21,-10,21,-11,21,-11,21,-11,22,-12,22,-13,13,-4,44,-13,43,-14,42,-14,41,-14,39,-14,38,-14,37,-15,36,-16,35,-17,34,-19,33,-21,32,-22,32,-22,33,-22,32,-22,32,-22,32,-21,31,-20,31,-19,31,-17,30,-16,29,-15,29,-14,28,-13,28,-12,27,-10,30,-1,29,0,5,0,1,0,-1,-1,-2,0,-1,0,1,-1,5,-3,33,-15,34,-13,33,-16,35,-14,37,-12,38,-11,39,-9,41,-7,42,-5,43,-4,43,-3,44,-3,44,-3,45,-3,45,-3,44,-2,44,-3,43,-4,43,-4,42,-5,42,-5,42,-6,42,-7,42,-9,42,-10,43,-12,44,-13,44,-14]"
CSI_DATA,206,5c:01:3b:6b:b0:95,-43,11,1,5,0,1,1,1,0,0,0,-97,1,11,0,32336829,0,86,1,256,1,"[86,-32,4,0,24,6,24,5,24,5,23,4,23,3,23,3,22,2,22,1,21,1,22,0,22,-1,22,-1,22,-1,22,-1,22,-1,22,-1,21,0,21,0,20,1,19,1,19,1,18,2,17,2,17,3,16,4,4,1,0,0,0,0,0,0,0,0,0,0,0,0,0,0,0,0,0,0,5,0,20,2,20,3,21,4,21,5,22,6,22,7,22,8,22,9,22,10,22,11,22,11,22,12,22,12,21,12,21,11,21,11,21,10,21,9,22,9,22,8,23,8,23,7,23,7,24,7,25,7,26,7,12,7,42,22,42,21,41,20,40,19,40,18,39,17,39,15,39,13,39,11,39,10,40,8,40,8,40,7,41,8,40,8,40,8,39,8,38,8,38,9,36,9,35,10,33,10,32,11,31,12,29,13,28,13,23,22,21,23,3,4,0,1,-1,-1,-2,-1,-1,-1,1,0,6,1,35,12,35,15,36,11,36,14,35,17,35,20,35,22,35,24,36,26,35,27,35,28,35,29,35,29,35,30,35,30,35,30,34,30,34,29,34,28,34,27,35,26,36,25,37,24,38,23,39,22,41,22,42,21,43,21]"
CSI_DATA,207,5c:01:3b:6b:b0:95,-40,11,1,4,0,1,1,1,0,0,0,-97,1,11,0,32368391,0,86,1,256,1,"[86,-32,4,0,-25,-3,-24,-3,-23,-2,-23,-1,-23,-1,-22,0,-22,1,-21,1,-21,2,-21,3,-21,3,-21,4,-21,4,-21,4,-21,4,-21,3,-21,3,-21,2,-20,2,-20,1,-19,1,-18,0,-18,0,-18,-1,-17,-1,-5,-1,0,0,0,0,0,0,0,0,0,0,0,0,0,0,0,0,0,0,-5,-1,-19,-1,-19,-2,-20,-4,-20,-5,-20,-5,-21,-6,-21,-6,-21,-7,-21,-8,-21,-8,-22,-9,-22,-9,-22,-9,-21,-9,-21,-9,-22,-8,-21,-8,-21,-7,-22,-7,-22,-6,-22,-5,-22,-5,-22,-4,-23,-4,-24,-3,-25,-3,-13,-6,-41,-17,-40,-18,-40,-17,-38,-16,-38,-15,-38,-14,-38,-12,-37,-11,-37,-9,-38,-8,-38,-7,-38,-6,-39,-5,-39,-5,-39,-5,-39,-5,-38,-6,-37,-6,-36,-7,-35,-8,-34,-9,-33,-9,-32,-9,-31,-10,-30,-11,-29,-12,-23,-22,-21,-22,-4,-5,-1,-2,0,0,0,0,0,0,-2,-1,-6,-3,-32,-14,-31,-16,-33,-12,-33,-14,-33,-17,-33,-19,-33,-20,-33,-21,-33,-23,-32,-24,-32,-25,-32,-26,-33,-26,-33,-26,-33,-26,-32,-26,-32,-26,-33,-26,-32,-25,-32,-24,-33,-23,-34,-22,-35,-21,-36,-20,-37,-19,-38,-18,-40,-18,-41,-18]"
CSI_DATA,208,5c:01:3b:6b:b0:95,-40,11,1,5,0,1,1,1,0,0,0,-97,1,11,0,32399210,0,86,1,256,1,"[86,-32,4,0,-21,-18,-21,-17,-20,-16,-20,-16,-20,-15,-20,-15,-20,-14,-20,-13,-21,-12,-21,-11,-21,-11,-22,-10,-22,-10,-22,-11,-22,-11,-22,-11,-21,-11,-20,-12,-19,-12,-19,-12,-18,-12,-17,-12,-16,-12,-15,-12,-15,-13,-4,-4,0,0,0,0,0,0,0,0,0,0,0,0,0,0,0,0,0,0,-5,-3,-17,-12,-17,-13,-17,-15,-17,-16,-17,-17,-16,-18,-16,-19,-15,-19,-15,-20,-15,-21,-15,-21,-15,-22,-15,-21,-15,-21,-15,-21,-15,-20,-16,-20,-16,-19,-16,-19,-17,-19,-18,-19,-18,-18,-18,-18,-19,-18,-21,-19,-21,-19,-13,-10,-42,-31,-42,-31,-41,-30,-41,-29,-40,-28,-40,-27,-40,-25,-40,-24,-40,-22,-40,-20,-42,-19,-42,-17,-43,-17,-43,-17,-43,-17,-42,-17,-42,-17,-41,-18,-40,-18,-38,-19,-36,-20,-35,-20,-33,-20,-32,-21,-30,-21,-29,-22,-28,-21,-26,-23,-5,-5,-2,-2,0,0,1,0,0,0,-2,-1,-7,-2,-36,-12,-36,-14,-34,-20,-33,-23,-33,-26,-33,-28,-32,-30,-32,-32,-32,-34,-31,-36,-31,-36,-30,-37,-30,-38,-30,-38,-30,-38,-30,-39,-30,-38,-31,-38,-31,-36,-32,-35,-32,-35,-34,-34,-35,-34,-36,-33,-37,-32,-38,-31,-40,-32,-40,-32]"
CSI_DATA,209,5c:01:3b:6b:b0:95,-43,11,1,5,0,1,1,1,0,0,0,-97,1,11,0,32435564,0,86,1,256,1,"[86,-32,4,0,1,-24,1,-24,0,-23,0,-22,-1,-22,-1,-21,-2,-21,-2,-21,-3,-20,-3,-20,-4,-20,-4,-20,-5,-20,-5,-20,-5,-20,-4,-20,-4,-19,-4,-19,-3,-18,-3,-18,-2,-17,-1,-16,-1,-16,0,-16,0,-16,0,-4,0,0,0,0,0,0,0,0,0,0,0,0,0,0,0,0,0,0,-1,-5,-2,-20,-1,-20,0,-21,1,-22,2,-22,3,-22,4,-23,4,-23,5,-23,6,-23,7,-23,7,-23,7,-23,7,-23,6,-23,6,-23,5,-23,5,-22,4,-23,4,-23,3,-23,3,-23,3,-23,3,-24,2,-25,2,-25,3,-14,10,-44,10,-44,9,-43,9,-42,8,-41,6,-40,5,-39,4,-39,2,-38,1,-38,-1,-39,-2,-38,-2,-38,-3,-38,-2,-38,-2,-37,-1,-36,-1,-36,0,-35,0,-34,1,-34,2,-32,2,-31,3,-30,4,-29,5,-28,12,-25,13,-25,2,-5,0,-2,-1,0,-1,1,-1,0,-1,-2,0,-7,2,-36,5,-36,3,-37,5,-38,8,-38,10,-39,12,-39,14,-40,16,-40,17,-40,18,-40,19,-40,19,-40,20,-40,20,-40,20,-40,20,-39,19,-40,18,-39,17,-39,16,-40,15,-40,14,-41,13,-41,12,-42,12,-43,11,-44,11,-44]"
CSI_DATA,210,5c:01:3b:6b:b0:95,-46,11,1,5,0,1,1,1,0,0,0,-97,1,11,0,32469173,0,86,1,256,1,"[86,-32,4,0,-21,-17,-20,-16,-20,-15,-20,-14,-20,-13,-19,-12,-19,-11,-19,-10,-19,-9,-20,-9,-21,-8,-21,-8,-21,-7,-21,-8,-21,-8,-21,-7,-20,-8,-19,-8,-19,-8,-18,-8,-17,-8,-17,-8,-16,-8,-16,-9,-16,-10,-4,-3,0,0,0,0,0,0,0,0,0,0,0,0,0,0,0,0,0,0,-5,-3,-20,-13,-20,-14,-20,-16,-20,-17,-19,-18,-19,-19,-19,-20,-18,-21,-17,-21,-17,-21,-17,-22,-17,-23,-17,-22,-16,-22,-16,-22,-16,-22,-16,-21,-17,-20,-17,-20,-17,-19,-18,-18,-18,-18,-18,-17,-19,-17,-21,-18,-22,-18,-11,-12,-34,-36,-33,-36,-33,-35,-32,-33,-32,-31,-32,-30,-32,-28,-32,-27,-33,-24,-33,-23,-35,-22,-36,-20,-36,-20,-37,-20,-36,-20,-36,-19,-35,-19,-35,-19,-35,-19,-33,-20,-32,-20,-30,-20,-29,-20,-28,-20,-26,-20,-25,-21,-20,-25,-18,-26,-3,-5,-1,-2,0,0,1,0,0,0,-3,-2,-7,-5,-35,-26,-33,-29,-34,-29,-33,-32,-31,-35,-31,-37,-30,-40,-28,-42,-27,-43,-26,-44,-25,-45,-24,-45,-25,-46,-25,-46,-24,-46,-23,-46,-23,-45,-23,-45,-24,-43,-25,-42,-25,-41,-26,-40,-27,-39,-29,-39,-30,-38,-31,-37,-33,-38,-34,-38]"
CSI_DATA,211,5c:01:3b:6b:b0:95,-44,11,1,6,0,1,1,1,0,0,0,-97,1,11,0,32499377,0,86,1,256,1,"[86,-32,4,0,-11,-8,-11,-7,-11,-7,-10,-6,-10,-6,-10,-6,-10,-5,-10,-5,-10,-4,-10,-4,-10,-4,-10,-3,-10,-3,-9,-3,-9,-3,-9,-3,-9,-3,-9,-3,-8,-3,-8,-3,-8,-3,-7,-3,-7,-3,-7,-3,-7,-3,-2,-1,0,0,0,0,0,0,0,0,0,0,0,0,0,0,0,0,0,0,-3,-2,-11,-6,-11,-7,-12,-8,-12,-8,-11,-9,-11,-9,-11,-10,-11,-11,-10,-11,-10,-11,-10,-12,-10,-12,-10,-12,-9,-11,-10,-11,-10,-11,-9,-10,-10,-10,-10,-9,-10,-9,-11,-9,-11,-9,-11,-8,-11,-9,-11,-9,-11,-9,-12,-11,-38,-33,-37,-33,-36,-31,-36,-29,-34,-28,-34,-26,-33,-24,-33,-23,-33,-21,-34,-20,-34,-18,-35,-16,-35,-15,-34,-14,-33,-14,-32,-13,-31,-13,-31,-13,-31,-13,-29,-14,-28,-14,-26,-14,-25,-13,-24,-12,-23,-13,-22,-13,-18,-15,-17,-16,-3,-3,-1,-1,0,0,1,0,0,0,-3,-1,-8,-4,-42,-22,-41,-24,-41,-26,-40,-29,-39,-32,-38,-34,-37,-37,-36,-40,-36,-42,-35,-44,-34,-45,-33,-45,-34,-45,-33,-45,-32,-45,-32,-45,-31,-44,-31,-43,-30,-42,-31,-40,-31,-40,-32,-40,-33,-39,-34,-38,-35,-36,-37,-36,-38,-35,-38,-34]"
CSI_DATA,212,5c:01:3b:6b:b0:95,-49,11,1,6,0,1,1,1,0,0,0,-97,1,11,0,32532250,0,86,1,256,1,"[86,-32,4,0,-18,7,-17,7,-16,8,-15,8,-15,8,-15,9,-14,9,-13,10,-13,10,-12,10,-12,11,-12,11,-12,11,-12,12,-12,12,-12,12,-12,12,-12,11,-12,11,-12,10,-13,9,-13,9,-13,9,-13,8,-13,8,-4,2,0,0,0,0,0,0,0,0,0,0,0,0,0,0,0,0,0,0,-4,2,-15,9,-16,9,-17,8,-18,7,-19,7,-19,6,-20,5,-20,5,-20,4,-21,3,-21,3,-21,3,-20,2,-20,2,-20,2,-19,2,-19,3,-18,3,-18,4,-18,4,-18,5,-18,5,-17,6,-18,6,-18,7,-18,7,-11,3,-34,12,-34,12,-33,12,-32,12,-31,13,-30,13,-29,14,-28,15,-27,16,-26,17,-25,18,-25,19,-25,20,-25,20,-25,20,-25,21,-25,20,-25,20,-25,19,-25,18,-25,17,-25,16,-25,15,-25,15,-25,13,-25,12,-27,8,-27,6,-5,0,-2,0,0,-1,0,-1,0,-1,-2,1,-5,3,-27,19,-29,17,-31,16,-32,14,-34,12,-36,10,-37,8,-38,7,-39,6,-39,4,-39,3,-39,2,-40,2,-39,2,-39,2,-38,1,-38,1,-37,1,-36,2,-35,2,-35,3,-35,4,-35,6,-35,7,-34,8,-34,9,-35,10,-34,11]"
CSI_DATA,213,5c:01:3b:6b:b0:95,-40,11,1,6,0,1,1,1,0,0,0,-97,1,11,0,32566278,0,86,1,256,1,"[86,-32,4,0,-14,-3,-14,-2,-13,-2,-13,-2,-13,-1,-12,-1,-12,0,-11,0,-11,0,-11,0,-11,1,-11,1,-11,1,-11,1,-11,1,-11,1,-11,1,-11,0,-10,0,-10,0,-10,0,-9,0,-9,-1,-9,-1,-8,-1,-2,-1,0,0,0,0,0,0,0,0,0,0,0,0,0,0,0,0,0,0,-3,0,-12,-1,-12,-1,-12,-2,-13,-2,-13,-3,-13,-3,-13,-4,-13,-4,-13,-5,-13,-5,-13,-5,-13,-5,-13,-5,-13,-6,-13,-5,-13,-5,-13,-5,-12,-5,-13,-4,-13,-4,-13,-4,-13,-4,-13,-3,-13,-3,-14,-3,-14,-3,-16,-6,-50,-16,-49,-15,-47,-15,-46,-15,-45,-13,-45,-12,-43,-11,-43,-9,-42,-8,-42,-6,-42,-4,-42,-3,-42,-2,-42,-2,-41,-2,-40,-2,-40,-2,-39,-3,-39,-4,-37,-5,-36,-6,-34,-6,-33,-7,-32,-7,-30,-8,-29,-8,-26,-14,-25,-15,-5,-3,-2,-1,0,0,1,0,0,0,-3,-1,-8,-1,-41,-5,-41,-8,-42,-7,-43,-10,-43,-14,-44,-16,-44,-19,-45,-21,-45,-23,-45,-24,-44,-26,-44,-26,-45,-26,-45,-26,-44,-27,-44,-27,-44,-27,-44,-27,-43,-26,-43,-24,-43,-24,-44,-23,-45,-22,-45,-21,-46,-19,-47,-17,-48,-16,-48,-16]"
CSI_DATA,214,5c:01:3b:6b:b0:95,-46,11,1,5,0,1,1,1,0,0,0,-97,1,11,0,32603279,0,86,1,256,1,"[86,-32,4,0,21,-12,20,-12,19,-12,19,-13,18,-13,17,-13,17,-14,16,-14,15,-14,15,-15,15,-15,15,-15,14,-15,14,-16,14,-16,15,-16,15,-15,14,-15,14,-14,15,-13,15,-12,15,-11,15,-10,15,-10,14,-9,3,-3,0,0,0,0,0,0,0,0,0,0,0,0,0,0,0,0,0,0,4,-4,16,-13,17,-12,18,-12,19,-11,20,-10,20,-10,21,-9,22,-8,22,-8,23,-7,23,-7,23,-6,23,-6,22,-6,22,-6,22,-7,21,-7,21,-8,21,-8,20,-9,20,-9,20,-10,20,-10,21,-10,21,-11,21,-12,12,-7,41,-21,40,-20,39,-20,38,-21,37,-21,36,-22,35,-22,33,-23,32,-24,31,-25,30,-27,29,-28,29,-28,29,-29,29,-29,30,-28,30,-28,30,-27,30,-26,30,-25,30,-23,29,-22,29,-20,29,-19,28,-17,28,-16,31,-12,31,-10,5,-2,1,-1,-1,0,-1,0,-1,0,1,-2,5,-5,29,-25,30,-23,32,-22,34,-20,36,-18,38,-17,40,-15,41,-14,42,-12,43,-11,44,-10,44,-9,44,-9,45,-9,44,-9,44,-8,43,-8,43,-9,42,-10,41,-10,41,-11,41,-12,41,-14,41,-15,40,-17,41,-18,41,-19,41,-20]"
CSI_DATA,215,5c:01:3b:6b:b0:95,-42,11,1,6,0,1,1,1,0,0,0,-97,1,11,0,32632273,0,86,1,256,1,"[86,-32,4,0,-27,3,-26,3,-25,4,-24,4,-24,5,-23,5,-22,5,-22,6,-21,6,-21,7,-21,8,-21,8,-21,8,-20,8,-20,9,-20,8,-20,8,-20,7,-19,6,-19,5,-19,4,-18,4,-18,4,-17,3,-17,2,-5,0,0,0,0,0,0,0,0,0,0,0,0,0,0,0,0,0,0,0,-5,1,-20,4,-21,3,-22,2,-23,1,-23,0,-24,0,-25,-1,-25,-2,-25,-3,-25,-3,-25,-3,-26,-4,-25,-4,-25,-4,-25,-4,-25,-3,-25,-3,-24,-2,-25,-1,-25,-1,-25,0,-25,0,-25,1,-26,2,-27,2,-27,3,-16,1,-50,6,-50,5,-49,5,-47,5,-46,6,-45,7,-44,8,-43,10,-42,11,-41,12,-40,13,-40,14,-40,15,-40,15,-39,15,-39,15,-39,14,-38,14,-38,13,-37,11,-37,10,-36,8,-35,7,-34,6,-33,4,-32,3,-31,0,-30,-1,-6,-1,-2,-1,0,-1,1,-1,0,-1,-2,1,-7,2,-35,14,-36,12,-38,7,-40,5,-42,3,-43,1,-44,0,-45,-2,-46,-4,-47,-5,-47,-6,-48,-7,-48,-7,-48,-8,-48,-8,-47,-8,-48,-8,-48,-7,-47,-6,-47,-5,-47,-4,-47,-2,-48,-1,-48,0,-48,2,-49,3,-50,4,-50,5]"
CSI_DATA,216,5c:01:3b:6b:b0:95,-40,11,1,6,0,1,1,1,0,0,0,-97,1,11,0,32666208,0,86,1,256,1,"[86,-32,4,0,13,3,13,3,12,3,12,2,12,2,12,1,11,1,11,1,11,0,11,0,11,0,10,0,10,-1,10,-1,11,-1,10,0,10,0,10,0,9,0,9,0,9,1,8,1,8,1,7,1,7,1,1,0,0,0,0,0,0,0,0,0,0,0,0,0,0,0,0,0,0,0,2,0,10,1,11,2,11,2,11,3,11,3,11,4,12,4,12,5,12,5,12,6,12,6,12,6,12,6,11,6,11,6,11,6,11,5,11,5,12,5,12,4,12,4,12,4,12,4,12,4,13,4,13,4,14,5,49,18,48,18,46,18,46,18,44,16,44,15,43,12,42,10,41,9,41,7,41,5,41,4,41,4,41,4,41,4,40,4,39,4,39,4,38,5,36,6,35,7,33,7,31,8,30,8,28,9,26,10,23,14,22,16,3,2,0,0,-1,-1,-2,-1,-1,-1,2,0,6,0,39,7,39,10,40,10,40,13,41,16,41,18,41,20,41,23,41,25,41,27,42,28,42,28,43,29,43,30,42,30,41,30,41,29,41,29,40,28,40,26,42,26,43,24,43,23,45,23,45,21,47,21,49,20,49,20]"
CSI_DATA,217,5c:01:3b:6b:b0:95,-40,11,1,6,0,1,1,1,0,0,0,-97,1,11,0,32700575,0,86,1,256,1,"[86,-32,4,0,5,12,5,11,5,11,5,10,5,10,5,10,6,9,6,9,6,9,6,8,6,8,6,8,6,8,7,8,6,8,6,8,6,8,6,8,5,8,5,8,4,8,4,8,3,8,3,8,2,8,0,2,0,0,0,0,0,0,0,0,0,0,0,0,0,0,0,0,0,0,1,1,6,8,6,8,5,9,5,9,5,10,5,11,4,11,4,11,3,12,3,12,3,12,3,13,3,12,3,12,3,12,3,12,3,12,3,11,3,11,4,11,4,11,4,11,5,11,5,12,5,12,5,12,2,15,12,49,12,47,11,46,12,45,12,43,13,42,13,41,14,40,15,39,17,37,18,36,19,36,20,36,20,36,19,36,19,35,18,35,17,35,16,35,14,34,13,33,12,32,11,32,10,32,8,31,6,31,-1,31,-4,31,-1,5,-1,1,-1,-1,-1,-2,-1,-1,0,1,2,6,15,35,13,36,16,35,14,37,12,39,11,40,9,42,8,44,6,45,4,45,3,46,3,47,3,48,3,48,2,48,2,49,2,48,2,48,3,47,3,46,4,46,6,46,7,46,8,47,10,46,11,47,12,48,12,49]"
CSI_DATA,218,5c:01:3b:6b:b0:95,-42,11,1,6,0,1,1,1,0,0,0,-97,1,11,0,32732218,0,86,1,256,1,"[86,-32,4,0,-12,-23,-12,-23,-12,-22,-12,-21,-13,-21,-13,-20,-13,-19,-14,-18,-14,-18,-15,-18,-15,-17,-15,-16,-15,-16,-15,-16,-16,-17,-15,-17,-15,-17,-14,-17,-13,-17,-12,-17,-11,-16,-10,-16,-10,-16,-9,-16,-8,-16,-2,-4,0,0,0,0,0,0,0,0,0,0,0,0,0,0,0,0,0,0,-3,-4,-10,-17,-10,-18,-10,-19,-9,-20,-9,-21,-8,-22,-8,-22,-7,-23,-6,-23,-6,-24,-6,-24,-6,-25,-5,-24,-5,-24,-6,-24,-6,-24,-7,-23,-7,-23,-8,-23,-9,-23,-9,-23,-9,-23,-10,-23,-11,-23,-11,-24,-12,-24,-6,-15,-20,-46,-19,-46,-19,-45,-18,-44,-19,-42,-20,-41,-20,-40,-21,-38,-22,-37,-24,-36,-26,-35,-26,-34,-27,-34,-27,-34,-27,-34,-26,-34,-25,-34,-24,-34,-23,-34,-21,-33,-20,-33,-19,-32,-18,-32,-16,-31,-15,-31,-13,-31,-8,-31,-5,-31,-1,-6,-1,-2,0,0,0,0,0,0,-2,-2,-4,-5,-21,-29,-19,-31,-18,-33,-16,-35,-15,-37,-13,-39,-12,-41,-11,-42,-9,-43,-8,-44,-7,-45,-7,-45,-8,-46,-8,-46,-7,-46,-7,-46,-7,-46,-7,-46,-8,-45,-9,-45,-10,-45,-11,-45,-12,-45,-14,-45,-16,-45,-17,-45,-18,-46,-19,-46]"
CSI_DATA,219,5c:01:3b:6b:b0:95,-41,11,1,6,0,1,1,1,0,0,0,-97,1,11,0,32766343,0,86,1,256,1,"[86,-32,4,0,-18,18,-18,18,-17,17,-16,17,-15,18,-14,18,-13,18,-13,18,-12,18,-11,18,-11,19,-11,19,-11,19,-11,19,-11,19,-11,19,-11,19,-11,18,-11,17,-12,16,-12,15,-12,14,-12,13,-12,13,-13,12,-4,3,0,0,0,0,0,0,0,0,0,0,0,0,0,0,0,0,0,0,-3,3,-12,14,-13,14,-14,14,-15,14,-16,13,-17,13,-18,13,-18,13,-19,13,-19,13,-20,13,-20,12,-20,12,-20,12,-20,12,-20,12,-19,13,-19,13,-19,14,-18,14,-18,15,-18,16,-17,16,-18,17,-18,18,-18,19,-13,8,-39,29,-39,28,-38,27,-37,26,-35,26,-34,27,-33,28,-31,28,-30,29,-28,29,-28,31,-27,32,-27,32,-27,32,-27,32,-27,31,-27,31,-27,30,-28,29,-28,27,-28,26,-27,24,-27,22,-27,21,-27,20,-27,18,-31,10,-31,8,-6,1,-2,0,0,-1,0,-1,0,-1,-2,1,-5,4,-26,22,-28,21,-27,23,-29,21,-31,20,-33,19,-35,19,-36,18,-38,17,-39,17,-40,16,-40,16,-41,16,-42,16,-42,15,-42,15,-41,15,-41,16,-41,16,-40,17,-39,18,-39,20,-39,21,-38,23,-38,24,-38,25,-39,27,-39,28]"
CSI_DATA,220,5c:01:3b:6b:b0:95,-41,11,1,6,0,1,1,1,0,0,0,-97,1,11,0,32802533,0,86,1,256,1,"[86,-32,4,0,22,-14,22,-14,21,-14,20,-15,20,-15,19,-15,18,-15,17,-16,17,-16,16,-17,16,-17,16,-17,16,-17,16,-18,16,-18,16,-17,16,-17,16,-16,16,-15,16,-14,16,-13,16,-12,16,-11,16,-10,16,-10,4,-3,0,0,0,0,0,0,0,0,0,0,0,0,0,0,0,0,0,0,3,-3,15,-12,16,-11,17,-11,17,-11,18,-10,20,-10,20,-9,21,-9,22,-8,22,-8,23,-8,23,-7,23,-7,23,-7,22,-8,22,-8,22,-9,21,-9,22,-10,22,-10,22,-11,22,-11,21,-12,22,-13,23,-14,23,-14,14,-5,46,-17,46,-16,45,-16,44,-16,42,-17,41,-18,40,-19,39,-20,38,-21,37,-22,36,-23,36,-24,36,-25,36,-25,36,-25,36,-24,36,-24,36,-23,37,-21,36,-20,35,-18,34,-16,34,-15,33,-14,32,-12,32,-10,34,0,33,2,5,0,1,0,-1,-1,-1,0,-1,0,1,-1,5,-3,32,-14,33,-11,32,-15,33,-13,35,-12,37,-10,38,-9,40,-8,41,-6,42,-5,43,-4,43,-4,44,-4,44,-4,44,-3,44,-3,44,-4,44,-4,43,-5,43,-6,43,-7,44,-8,44,-10,44,-11,44,-13,45,-14,46,-15,46,-16]"
CSI_DATA,221,5c:01:3b:6b:b0:95,-41,11,1,6,0,1,1,1,0,0,0,-97,1,11,0,32832227,0,86,1,256,1,"[86,-32,4,0,22,-16,21,-16,20,-16,20,-16,19,-17,18,-17,18,-17,17,-17,16,-18,16,-18,16,-18,16,-18,15,-19,15,-19,16,-19,16,-18,16,-18,16,-17,16,-16,16,-15,16,-14,16,-13,16,-12,16,-11,16,-11,4,-3,0,0,0,0,0,0,0,0,0,0,0,0,0,0,0,0,0,0,3,-4,13,-14,14,-14,16,-14,16,-13,18,-13,19,-13,20,-13,20,-12,21,-11,21,-11,22,-11,22,-11,22,-10,22,-10,22,-10,22,-11,21,-11,21,-12,21,-12,21,-13,21,-14,21,-14,20,-14,21,-15,22,-16,22,-17,14,-8,45,-25,45,-25,44,-24,42,-24,41,-24,40,-25,39,-25,38,-26,37,-27,35,-28,34,-30,33,-31,34,-32,34,-31,34,-31,34,-30,35,-29,35,-28,35,-27,35,-25,35,-23,34,-21,33,-20,33,-18,33,-16,33,-14,35,-6,34,-4,6,-1,1,-1,-1,0,-1,0,-1,0,1,-2,4,-5,27,-23,28,-22,29,-23,31,-22,33,-20,35,-19,37,-18,39,-17,40,-16,42,-14,43,-14,43,-14,44,-14,44,-14,44,-14,45,-13,45,-13,45,-14,43,-14,43,-15,43,-16,43,-17,43,-18,43,-20,43,-21,43,-23,44,-25,44,-25]"
CSI_DATA,222,5c:01:3b:6b:b0:95,-39,11,1,5,0,1,1,1,0,0,0,-97,1,11,0,32868864,0,86,1,256,1,"[86,-32,4,0,-17,19,-16,19,-15,19,-15,18,-14,19,-14,18,-13,18,-12,19,-11,19,-11,19,-10,19,-10,20,-10,20,-10,20,-11,20,-11,20,-11,19,-11,18,-12,18,-12,17,-13,15,-13,14,-13,14,-13,13,-13,13,-4,3,0,0,0,0,0,0,0,0,0,0,0,0,0,0,0,0,0,0,-3,3,-10,15,-10,15,-12,15,-13,15,-14,15,-15,15,-16,15,-16,14,-17,14,-18,14,-18,14,-18,14,-18,14,-18,14,-18,14,-18,14,-18,15,-17,15,-17,15,-17,15,-17,16,-17,17,-16,17,-16,18,-17,19,-17,20,-12,9,-37,31,-37,31,-36,30,-35,30,-33,29,-32,29,-31,29,-30,30,-28,31,-27,32,-26,33,-25,34,-25,35,-26,35,-26,34,-26,34,-26,33,-26,32,-27,31,-28,29,-28,27,-27,25,-27,24,-27,23,-27,21,-27,19,-32,12,-32,10,-6,1,-2,0,0,-1,0,-1,0,-1,-1,1,-4,4,-22,25,-23,23,-23,25,-25,24,-27,23,-29,22,-31,22,-33,21,-35,21,-36,20,-37,20,-37,20,-38,20,-38,21,-38,20,-39,20,-39,20,-39,20,-38,21,-37,21,-37,22,-37,22,-36,24,-36,25,-35,27,-35,29,-36,30,-36,31]"
CSI_DATA,223,5c:01:3b:6b:b0:95,-36,11,1,6,0,1,1,1,0,0,0,-97,1,11,0,32901389,0,86,1,256,1,"[86,-32,4,0,8,-11,8,-11,7,-11,7,-11,7,-11,6,-11,6,-11,5,-11,5,-11,5,-11,4,-11,4,-11,4,-11,4,-11,5,-11,5,-11,5,-11,5,-10,5,-10,5,-10,5,-9,6,-9,6,-8,6,-8,6,-7,1,-2,0,0,0,0,0,0,0,0,0,0,0,0,0,0,0,0,0,0,1,-2,4,-8,5,-8,5,-9,6,-9,6,-9,7,-9,7,-9,8,-8,8,-8,8,-8,9,-8,9,-8,9,-8,9,-8,9,-8,9,-8,8,-8,8,-9,8,-9,8,-9,8,-9,8,-10,8,-10,8,-11,8,-11,8,-11,9,-12,33,-39,33,-38,32,-38,31,-37,30,-37,29,-37,27,-38,26,-38,24,-38,22,-39,21,-40,20,-40,21,-40,21,-41,21,-40,22,-40,22,-39,23,-39,23,-38,24,-36,24,-34,24,-31,24,-30,24,-29,25,-26,25,-24,28,-19,28,-17,4,-3,1,-1,-1,0,-1,0,-1,0,0,-2,2,-6,15,-31,17,-30,19,-30,22,-30,24,-29,26,-29,28,-29,30,-28,32,-28,33,-28,35,-27,35,-27,36,-27,37,-27,37,-27,37,-27,36,-27,36,-28,35,-28,34,-29,34,-30,34,-31,34,-32,34,-34,33,-35,33,-36,33,-37,33,-37]"
CSI_DATA,224,5c:01:3b:6b:b0:95,-36,11,1,6,0,1,1,1,0,0,0,-97,1,11,0,32932256,0,86,1,256,1,"[86,-32,4,0,7,11,7,11,7,10,7,10,7,10,7,9,7,9,8,9,8,8,8,8,8,8,8,8,8,8,9,8,9,8,8,8,8,8,8,8,7,8,7,8,6,8,6,8,5,8,5,8,4,8,1,2,0,0,0,0,0,0,0,0,0,0,0,0,0,0,0,0,0,0,1,1,5,7,5,8,5,8,5,9,4,9,4,10,4,10,4,10,3,11,4,11,4,11,3,11,3,11,4,11,4,11,4,11,4,11,4,11,4,11,5,11,5,11,5,11,6,11,6,11,7,11,7,11,4,14,19,48,18,47,18,46,18,45,19,43,20,43,20,41,21,40,22,39,23,37,24,36,25,36,26,36,26,37,26,36,25,36,25,36,24,36,22,36,20,36,19,35,17,34,16,34,15,33,13,33,10,33,0,35,-3,35,-1,6,-1,1,-1,-1,-1,-1,-1,-1,1,1,3,4,17,29,15,31,16,31,14,33,12,35,11,36,10,38,9,40,8,41,7,42,6,43,6,43,7,44,6,45,6,45,6,45,6,45,6,45,7,44,8,43,9,44,10,44,12,45,13,45,15,45,17,46,18,47,19,47]"
CSI_DATA,225,5c:01:3b:6b:b0:95,-36,11,1,6,0,1,1,1,0,0,0,-97,1,11,0,32966267,0,86,1,256,1,"[86,-32,4,0,-24,0,-23,1,-23,1,-22,1,-22,2,-22,2,-21,3,-21,3,-20,3,-21,4,-21,4,-21,4,-20,5,-20,5,-20,5,-21,5,-20,4,-20,4,-19,3,-19,2,-19,2,-18,1,-18,0,-17,-1,-17,-1,-5,-1,0,0,0,0,0,0,0,0,0,0,0,0,0,0,0,0,0,0,-4,0,-17,1,-17,1,-18,0,-18,-1,-19,-1,-19,-2,-20,-2,-20,-3,-20,-4,-21,-5,-21,-6,-21,-6,-21,-6,-21,-6,-21,-5,-21,-4,-21,-4,-21,-3,-21,-3,-21,-2,-22,-2,-22,-1,-22,-1,-23,-1,-24,-1,-24,-1,-14,0,-46,1,-45,0,-44,1,-43,1,-42,1,-41,2,-41,4,-40,5,-40,6,-39,6,-39,7,-39,8,-39,8,-39,9,-38,10,-39,10,-39,9,-38,8,-38,7,-37,6,-36,4,-35,3,-34,2,-33,0,-32,-1,-31,-3,-30,-5,-29,-6,-6,-2,-2,-1,0,-1,0,-1,0,-1,-2,0,-6,1,-29,6,-29,4,-31,2,-32,1,-33,-1,-34,-2,-35,-4,-36,-5,-37,-6,-38,-7,-38,-9,-38,-10,-38,-11,-38,-11,-38,-11,-39,-11,-39,-10,-40,-9,-39,-8,-39,-7,-40,-6,-41,-5,-41,-4,-42,-3,-42,-3,-43,-2,-44,-2,-44,-2]"
CSI_DATA,226,5c:01:3b:6b:b0:95,-36,11,1,6,0,1,1,1,0,0,0,-97,1,11,0,32999284,0,86,1,256,1,"[86,-32,4,0,23,11,22,11,22,10,22,10,22,9,21,9,21,8,21,7,22,6,22,5,22,5,22,4,22,5,22,5,22,5,22,5,22,6,21,7,20,8,19,8,18,8,17,7,17,8,16,9,15,9,3,2,0,0,0,0,0,0,0,0,0,0,0,0,0,0,0,0,0,0,4,1,16,5,17,6,18,8,18,9,18,9,18,10,17,11,17,13,17,13,18,14,18,14,18,14,18,14,18,14,18,14,18,14,18,13,18,13,19,13,19,13,20,12,20,12,21,11,22,11,23,11,24,12,11,9,37,30,36,30,35,29,34,29,34,28,34,27,34,26,35,24,35,22,36,20,36,19,37,19,38,19,37,19,37,19,36,20,36,20,35,20,34,21,32,22,30,22,28,22,27,22,26,22,24,23,22,24,14,30,11,31,1,5,0,1,-1,-1,-1,-1,-1,-1,1,0,4,3,27,18,26,20,28,17,28,20,28,22,27,24,27,26,27,28,26,30,25,31,25,32,26,33,27,33,27,34,27,34,26,34,26,34,26,34,26,33,26,32,27,32,28,32,30,32,31,31,33,30,35,30,36,30,37,30]"
CSI_DATA,227,5c:01:3b:6b:b0:95,-40,11,1,6,0,1,1,1,0,0,0,-97,1,11,0,33036586,0,86,1,256,1,"[86,-32,4,0,-28,2,-28,2,-27,3,-26,4,-26,4,-25,5,-25,5,-24,6,-23,6,-23,7,-23,7,-23,8,-23,8,-23,8,-23,8,-24,8,-23,7,-23,7,-22,6,-22,5,-22,4,-21,3,-21,2,-20,2,-20,1,-5,0,0,0,0,0,0,0,0,0,0,0,0,0,0,0,0,0,0,0,-5,0,-19,3,-20,2,-21,1,-22,0,-22,-1,-23,-1,-23,-2,-23,-2,-24,-3,-24,-4,-25,-4,-25,-4,-25,-5,-24,-4,-25,-4,-25,-4,-25,-3,-24,-2,-25,-2,-25,-1,-26,0,-26,0,-26,1,-27,1,-28,2,-28,2,-16,-2,-52,-5,-52,-5,-51,-5,-49,-5,-48,-4,-48,-2,-47,-1,-47,1,-46,2,-46,3,-46,5,-46,5,-46,6,-46,6,-45,6,-45,6,-45,5,-45,4,-45,3,-44,2,-42,0,-41,-1,-39,-2,-38,-3,-37,-5,-36,-6,-33,-17,-31,-18,-6,-4,-2,-2,0,0,1,-1,0,0,-2,0,-7,-1,-36,-2,-36,-4,-36,-1,-37,-4,-38,-6,-39,-8,-40,-9,-41,-11,-42,-13,-42,-14,-42,-15,-43,-15,-43,-16,-44,-16,-43,-17,-43,-16,-43,-16,-44,-16,-44,-15,-44,-14,-45,-13,-45,-12,-46,-10,-47,-9,-48,-8,-49,-7,-51,-6,-51,-6]"
CSI_DATA,228,5c:01:3b:6b:b0:95,-40,11,1,6,0,1,1,1,0,0,0,-97,1,11,0,33072663,0,86,1,256,1,"[86,-32,4,0,-8,26,-7,26,-6,25,-6,25,-5,25,-4,24,-4,24,-3,24,-2,24,-2,24,-1,23,-1,23,-1,24,0,24,-1,24,-1,24,-1,24,-2,23,-2,23,-3,22,-4,21,-5,20,-5,19,-6,19,-6,18,-2,4,0,0,0,0,0,0,0,0,0,0,0,0,0,0,0,0,0,0,-1,4,-4,18,-5,18,-6,19,-6,19,-7,20,-9,20,-9,20,-10,20,-11,20,-12,21,-12,21,-13,21,-13,21,-12,21,-12,21,-11,21,-11,21,-10,21,-10,22,-9,22,-9,23,-8,23,-8,24,-8,24,-8,26,-8,26,-8,14,-23,46,-23,45,-22,45,-21,44,-20,43,-19,43,-17,43,-16,42,-14,42,-13,42,-12,43,-11,44,-10,44,-10,44,-10,44,-11,44,-12,43,-12,42,-14,41,-15,40,-15,38,-16,36,-16,35,-17,34,-18,32,-19,30,-27,24,-28,22,-6,3,-2,0,0,-1,0,-2,0,-1,-1,1,-2,5,-12,32,-14,32,-13,33,-15,33,-18,33,-20,33,-22,33,-24,33,-26,33,-27,33,-28,33,-29,34,-29,35,-30,35,-30,35,-30,34,-30,34,-30,35,-29,35,-28,35,-27,36,-26,38,-25,39,-24,40,-24,41,-23,43,-23,44,-22,45]"
CSI_DATA,229,5c:01:3b:6b:b0:95,-40,11,1,7,0,1,1,1,0,0,0,-97,1,11,0,33104285,0,86,1,256,1,"[86,-32,4,0,-13,22,-13,22,-12,21,-12,21,-11,21,-11,21,-10,21,-9,21,-8,21,-8,21,-7,21,-7,21,-7,22,-7,22,-7,22,-7,22,-8,21,-8,21,-9,20,-9,19,-10,18,-10,17,-10,16,-11,16,-11,15,-3,3,0,0,0,0,0,0,0,0,0,0,0,0,0,0,0,0,0,0,-2,4,-7,16,-8,16,-9,16,-10,17,-11,17,-12,17,-13,17,-14,17,-15,16,-15,16,-16,17,-16,17,-16,16,-16,16,-16,16,-16,17,-15,17,-15,17,-14,18,-14,18,-14,19,-14,19,-13,20,-13,21,-14,22,-13,23,-9,12,-28,41,-28,41,-27,40,-26,39,-25,39,-24,39,-23,38,-22,38,-20,38,-18,39,-17,40,-16,41,-16,41,-16,41,-16,41,-17,41,-17,40,-18,39,-19,38,-20,36,-21,35,-21,33,-21,31,-21,30,-22,28,-23,27,-26,22,-27,21,-5,3,-2,0,0,-1,0,-1,0,-1,-1,1,-2,5,-12,30,-14,29,-16,30,-18,30,-21,30,-23,30,-25,30,-26,30,-28,30,-30,29,-31,29,-31,29,-32,29,-32,30,-32,30,-33,30,-33,30,-33,30,-32,30,-31,31,-30,32,-30,33,-30,34,-29,35,-28,36,-28,38,-28,40,-28,41]"
CSI_DATA,230,5c:01:3b:6b:b0:95,-37,11,1,7,0,1,1,1,0,0,0,-97,1,11,0,33132669,0,86,1,256,1,"[86,-32,4,0,10,-22,10,-22,9,-22,9,-22,8,-21,8,-21,7,-21,6,-21,5,-22,5,-22,4,-21,4,-21,4,-22,4,-22,4,-22,4,-22,4,-22,4,-21,5,-20,5,-20,6,-19,7,-17,7,-17,7,-17,8,-16,2,-4,0,0,0,0,0,0,0,0,0,0,0,0,0,0,0,0,0,0,1,-4,7,-16,8,-16,8,-16,9,-17,10,-16,11,-16,12,-17,12,-17,13,-16,14,-17,14,-17,15,-17,15,-16,14,-16,14,-17,13,-17,13,-17,12,-18,12,-18,12,-19,11,-19,11,-20,11,-20,11,-21,12,-21,12,-22,7,-13,22,-41,22,-41,22,-41,21,-40,20,-39,19,-39,18,-39,16,-39,14,-39,13,-40,11,-41,10,-41,9,-41,9,-41,10,-41,10,-41,11,-40,11,-39,12,-38,13,-37,13,-36,14,-34,14,-33,14,-32,15,-30,16,-29,20,-25,21,-23,3,-4,1,-2,-1,0,-1,0,-1,0,0,-2,1,-6,10,-30,12,-29,14,-30,16,-30,19,-30,21,-29,22,-29,24,-29,26,-28,27,-28,28,-29,28,-29,28,-30,29,-30,29,-30,29,-30,29,-30,28,-30,28,-31,27,-31,26,-32,26,-33,25,-34,24,-35,23,-36,23,-38,23,-39,23,-41]"
CSI_DATA,231,5c:01:3b:6b:b0:95,-40,11,1,6,0,1,1,1,0,0,0,-97,1,11,0,33167922,0,86,1,256,1,"[86,-32,4,0,17,19,17,18,17,17,17,17,17,16,17,16,17,15,17,14,17,14,18,13,18,13,18,13,18,13,19,13,19,13,18,14,18,14,17,14,16,14,15,15,14,14,13,14,12,14,11,15,10,15,2,3,0,0,0,0,0,0,0,0,0,0,0,0,0,0,0,0,0,0,3,2,13,11,13,12,13,13,13,14,12,15,12,16,11,17,11,18,11,18,11,19,11,20,11,20,10,20,10,20,11,19,11,19,11,19,12,19,12,19,13,18,14,18,14,18,15,18,15,19,16,19,17,19,8,12,28,40,28,40,27,39,27,38,27,37,28,36,28,34,29,33,29,31,30,30,32,29,32,28,33,29,33,29,32,29,32,29,31,29,30,29,29,30,27,30,26,30,24,30,22,30,21,30,19,30,16,30,10,32,8,32,1,5,0,1,-1,-1,-1,-1,-1,-1,1,1,4,4,22,23,20,25,21,25,20,27,19,29,18,31,18,32,17,34,17,36,16,37,16,38,15,38,16,39,16,39,15,40,15,40,15,40,16,40,16,39,17,39,18,39,19,39,21,39,22,39,24,38,26,39,27,39,27,39]"
CSI_DATA,232,5c:01:3b:6b:b0:95,-37,11,1,6,0,1,1,1,0,0,0,-97,1,11,0,33200867,0,86,1,256,1,"[86,-32,4,0,2,13,2,13,2,12,3,12,3,12,3,12,3,11,3,11,4,11,4,11,4,10,5,11,5,11,5,11,5,11,4,11,4,11,4,11,3,11,3,10,2,10,2,10,2,10,1,10,1,10,0,2,0,0,0,0,0,0,0,0,0,0,0,0,0,0,0,0,0,0,0,2,2,9,2,9,1,9,1,10,0,10,0,11,0,11,-1,11,-1,11,-1,11,-1,12,-1,12,-1,12,-1,11,-1,11,-1,12,-1,12,0,11,0,12,0,12,0,12,1,12,1,12,1,13,2,13,2,13,-1,15,1,52,1,51,1,50,1,49,2,48,3,47,4,46,5,46,7,45,9,44,11,43,12,43,12,44,12,45,12,44,11,44,10,44,10,44,8,44,7,42,5,41,4,39,3,39,2,38,0,37,-2,36,-9,35,-11,34,-3,5,-1,1,-1,-1,-1,-2,-1,-1,0,1,1,5,5,33,3,33,3,35,1,35,-1,37,-3,38,-4,39,-6,40,-8,41,-9,41,-10,41,-10,42,-10,43,-10,44,-10,44,-11,44,-11,44,-10,44,-10,44,-9,44,-8,45,-7,46,-5,46,-4,47,-1,47,0,49,1,50,2,50]"
CSI_DATA,233,5c:01:3b:6b:b0:95,-36,11,1,5,0,1,1,1,0,0,0,-97,1,11,0,33235697,0,86,1,256,1,"[86,-32,4,0,-8,22,-8,22,-7,22,-6,21,-6,21,-6,21,-5,21,-4,21,-3,21,-3,21,-2,20,-2,20,-2,21,-2,21,-3,21,-3,21,-3,21,-4,20,-4,20,-5,19,-6,18,-6,17,-6,16,-6,16,-7,15,-2,3,0,0,0,0,0,0,0,0,0,0,0,0,0,0,0,0,0,0,-1,3,-4,15,-4,15,-5,16,-6,16,-7,16,-8,17,-9,17,-10,17,-10,17,-11,17,-11,18,-11,18,-11,18,-11,17,-11,17,-11,18,-10,18,-10,18,-9,18,-9,19,-9,19,-8,20,-8,20,-8,21,-8,22,-7,23,-6,12,-19,41,-19,41,-18,40,-17,39,-16,39,-15,39,-14,38,-13,38,-11,38,-10,38,-9,39,-8,39,-8,40,-8,40,-9,40,-9,39,-9,39,-10,39,-11,38,-12,36,-13,35,-13,33,-14,32,-14,30,-15,29,-16,27,-21,24,-22,22,-4,3,-2,1,0,-1,0,-1,0,-1,-1,1,-2,4,-7,28,-9,28,-9,29,-11,29,-14,29,-16,29,-17,30,-19,30,-21,31,-22,31,-22,31,-23,31,-24,31,-24,32,-24,31,-25,32,-24,31,-24,32,-23,32,-23,32,-22,33,-21,34,-20,35,-20,36,-19,37,-18,39,-18,40,-18,40]"
CSI_DATA,234,5c:01:3b:6b:b0:95,-41,11,1,7,0,1,1,1,0,0,0,-97,1,11,0,33266345,0,86,1,256,1,"[86,-32,4,0,-21,-16,-21,-16,-21,-15,-20,-14,-21,-14,-21,-13,-20,-12,-20,-11,-20,-11,-21,-10,-21,-10,-22,-10,-22,-10,-22,-10,-22,-10,-22,-10,-22,-10,-21,-11,-19,-11,-19,-12,-18,-12,-17,-12,-16,-12,-15,-12,-14,-13,-4,-4,0,0,0,0,0,0,0,0,0,0,0,0,0,0,0,0,0,0,-4,-3,-15,-10,-15,-11,-15,-12,-15,-13,-15,-14,-15,-15,-14,-16,-14,-16,-14,-17,-14,-18,-14,-18,-14,-18,-14,-18,-14,-18,-14,-18,-15,-18,-15,-17,-16,-17,-16,-17,-17,-17,-18,-16,-18,-16,-18,-16,-19,-16,-21,-17,-21,-17,-12,-11,-37,-34,-36,-34,-36,-33,-36,-32,-35,-31,-35,-30,-35,-29,-36,-28,-36,-26,-37,-24,-38,-23,-39,-22,-40,-22,-40,-22,-40,-22,-39,-22,-39,-23,-38,-23,-37,-24,-35,-24,-33,-25,-31,-25,-30,-25,-28,-25,-26,-25,-25,-26,-19,-29,-17,-29,-3,-6,-1,-2,0,0,0,0,0,0,-2,-1,-5,-4,-27,-18,-26,-20,-27,-22,-26,-24,-25,-26,-25,-28,-24,-30,-24,-32,-23,-33,-23,-34,-23,-35,-23,-36,-23,-36,-24,-37,-24,-37,-24,-37,-24,-37,-24,-37,-25,-36,-26,-35,-27,-35,-28,-35,-29,-35,-30,-34,-31,-33,-33,-33,-35,-34,-36,-34]"
CSI_DATA,235,5c:01:3b:6b:b0:95,-41,11,1,7,0,1,1,1,0,0,0,-97,1,11,0,33299166,0,86,1,256,1,"[86,-32,4,0,-2,25,-1,24,-1,24,0,23,0,23,1,23,2,22,2,22,3,22,3,22,3,22,4,22,4,22,4,22,4,22,3,22,3,22,2,22,2,21,1,21,0,20,-1,19,-2,19,-3,18,-3,18,-1,4,0,0,0,0,0,0,0,0,0,0,0,0,0,0,0,0,0,0,0,4,0,17,0,17,-1,18,-2,18,-2,19,-3,19,-4,20,-4,20,-5,21,-6,21,-6,21,-7,21,-7,21,-6,21,-6,21,-6,21,-5,21,-5,21,-4,22,-4,22,-3,22,-2,23,-2,23,-2,24,-2,25,-1,25,0,15,2,49,2,48,2,47,2,46,3,45,4,44,5,44,6,43,7,42,9,41,10,41,11,41,12,42,12,42,12,42,11,42,10,42,9,42,8,41,6,41,5,40,3,38,2,37,1,36,-1,35,-3,34,-3,34,-5,34,-1,5,-1,1,-1,-1,-1,-1,-1,-1,0,1,2,5,12,29,10,30,4,32,2,33,1,34,-1,36,-2,37,-4,37,-5,38,-7,39,-7,40,-8,40,-8,41,-9,41,-9,41,-9,41,-9,41,-8,41,-7,41,-6,41,-5,42,-4,43,-3,43,-2,44,0,45,0,45,1,47,2,48]"
CSI_DATA,236,5c:01:3b:6b:b0:95,-38,11,1,7,0,1,1,1,0,0,0,-97,1,11,0,33332728,0,86,1,256,1,"[86,-32,4,0,-9,-11,-9,-10,-9,-10,-9,-10,-9,-9,-10,-9,-10,-9,-10,-8,-10,-8,-10,-8,-10,-8,-10,-8,-11,-8,-10,-8,-10,-8,-10,-8,-10,-8,-10,-8,-9,-8,-9,-8,-8,-8,-7,-8,-7,-9,-6,-8,-6,-8,-2,-2,0,0,0,0,0,0,0,0,0,0,0,0,0,0,0,0,0,0,-2,-2,-7,-7,-7,-7,-7,-8,-7,-8,-7,-9,-7,-9,-7,-10,-6,-10,-6,-10,-6,-10,-6,-11,-6,-11,-6,-11,-6,-11,-6,-11,-6,-11,-7,-11,-7,-10,-7,-10,-7,-10,-8,-10,-8,-10,-8,-10,-9,-10,-9,-11,-9,-11,-9,-14,-30,-43,-29,-43,-29,-42,-28,-42,-28,-40,-28,-39,-28,-38,-29,-37,-30,-36,-31,-34,-33,-33,-34,-33,-35,-33,-35,-34,-35,-34,-34,-34,-33,-34,-32,-34,-30,-35,-28,-35,-26,-35,-25,-34,-23,-34,-22,-34,-20,-33,-18,-33,-9,-36,-7,-37,-1,-7,-1,-3,0,0,0,0,0,0,-2,-2,-5,-5,-23,-25,-22,-27,-24,-27,-22,-29,-21,-32,-20,-34,-20,-36,-19,-37,-18,-39,-17,-39,-17,-40,-16,-41,-17,-42,-18,-43,-18,-43,-17,-43,-17,-43,-17,-43,-17,-42,-18,-41,-19,-41,-20,-41,-22,-41,-23,-42,-25,-41,-27,-41,-28,-42,-30,-44]"
CSI_DATA,237,5c:01:3b:6b:b0:95,-37,11,1,6,0,1,1,1,0,0,0,-97,1,11,0,33368218,0,86,1,256,1,"[86,-32,4,0,0,13,0,13,1,13,1,13,1,13,1,12,1,12,2,12,2,11,2,12,2,11,2,12,3,12,3,12,3,12,2,12,2,12,2,12,1,11,1,11,0,11,0,10,0,10,-1,10,-1,10,-1,2,0,0,0,0,0,0,0,0,0,0,0,0,0,0,0,0,0,0,0,2,1,9,1,9,0,9,0,10,-1,10,-1,10,-2,11,-2,11,-2,11,-2,11,-3,12,-3,12,-3,12,-3,11,-3,11,-3,11,-2,11,-2,11,-2,12,-1,12,-1,12,-1,12,0,12,0,13,0,14,0,14,-3,15,-6,52,-7,51,-7,50,-7,50,-6,49,-5,48,-3,47,-2,47,0,46,1,46,2,46,2,46,3,47,3,47,4,47,3,46,2,46,1,46,-1,46,-2,44,-4,43,-5,40,-6,39,-7,38,-8,36,-10,35,-19,31,-20,30,-4,5,-2,1,0,-1,-1,-2,0,-1,0,1,0,5,-1,33,-3,33,-1,34,-3,35,-6,36,-8,37,-9,38,-11,39,-13,40,-14,40,-15,40,-15,41,-16,42,-16,42,-17,42,-17,42,-17,42,-17,42,-16,42,-15,42,-14,43,-13,45,-11,45,-10,46,-8,47,-8,49,-7,50,-7,51]"
CSI_DATA,238,5c:01:3b:6b:b0:95,-42,11,1,6,0,1,1,1,0,0,0,-97,1,11,0,33399398,0,86,1,256,1,"[86,-32,4,0,26,-10,26,-10,25,-10,24,-10,24,-11,23,-11,22,-11,21,-12,21,-12,21,-13,20,-14,20,-14,21,-14,21,-14,21,-14,21,-14,21,-13,21,-12,20,-11,20,-10,20,-9,20,-8,19,-7,19,-7,19,-6,4,-2,0,0,0,0,0,0,0,0,0,0,0,0,0,0,0,0,0,0,4,-2,17,-8,17,-7,18,-7,19,-6,20,-6,21,-5,21,-4,22,-4,22,-3,23,-3,24,-3,24,-3,24,-3,24,-2,23,-3,23,-3,23,-4,23,-5,23,-5,23,-5,24,-6,24,-7,24,-7,25,-8,26,-9,26,-10,15,-2,50,-8,49,-8,49,-8,48,-8,47,-9,46,-10,45,-11,45,-12,44,-14,43,-15,42,-16,42,-17,43,-18,43,-18,43,-17,43,-17,43,-16,43,-15,43,-14,42,-12,41,-11,39,-9,38,-8,38,-6,37,-4,36,-3,36,8,35,10,6,2,1,0,-1,-1,-1,0,-1,0,1,-1,5,-2,32,-7,33,-5,33,-8,34,-6,35,-4,37,-3,38,-1,39,0,40,1,41,3,42,3,42,4,43,4,43,4,43,4,44,4,44,4,44,3,43,3,43,2,44,1,45,-1,45,-2,46,-4,46,-5,48,-6,49,-7,50,-8]"
CSI_DATA,239,5c:01:3b:6b:b0:95,-38,11,1,6,0,1,1,1,0,0,0,-97,1,11,0,33432258,0,86,1,256,1,"[86,-32,4,0,-9,-11,-9,-11,-9,-11,-8,-10,-9,-10,-9,-10,-9,-9,-9,-9,-9,-9,-9,-9,-9,-9,-10,-9,-10,-8,-10,-8,-10,-9,-10,-9,-9,-9,-9,-9,-8,-9,-8,-9,-7,-9,-7,-9,-6,-9,-6,-9,-6,-9,-2,-3,0,0,0,0,0,0,0,0,0,0,0,0,0,0,0,0,0,0,-2,-2,-6,-7,-6,-8,-6,-8,-6,-9,-6,-9,-6,-9,-5,-10,-5,-10,-5,-11,-5,-11,-5,-11,-5,-11,-5,-11,-5,-11,-5,-11,-5,-11,-5,-11,-6,-11,-6,-11,-6,-11,-7,-11,-7,-11,-7,-11,-7,-11,-8,-11,-8,-12,-8,-15,-27,-45,-26,-44,-26,-44,-26,-43,-26,-42,-27,-41,-27,-40,-28,-38,-29,-36,-30,-36,-32,-35,-32,-35,-33,-35,-33,-35,-33,-35,-32,-35,-31,-35,-30,-35,-29,-36,-27,-36,-26,-35,-24,-35,-22,-34,-21,-35,-18,-34,-16,-34,-9,-35,-7,-36,-2,-7,-1,-3,0,0,0,0,0,0,-2,-2,-4,-5,-21,-25,-20,-27,-20,-29,-19,-31,-17,-33,-16,-35,-16,-36,-15,-38,-14,-39,-14,-40,-13,-41,-13,-42,-13,-42,-13,-43,-13,-43,-12,-43,-13,-44,-14,-44,-14,-43,-15,-42,-16,-43,-18,-43,-19,-43,-21,-43,-22,-42,-24,-43,-25,-44,-25,-45]"
CSI_DATA,240,5c:01:3b:6b:b0:95,-42,11,1,6,0,1,1,1,0,0,0,-97,1,11,0,33466104,0,86,1,256,1,"[86,-32,4,0,-18,20,-17,20,-16,20,-16,20,-15,20,-15,20,-14,20,-13,20,-12,20,-12,20,-12,20,-12,20,-12,21,-11,21,-12,22,-12,21,-12,21,-12,20,-13,19,-13,18,-14,17,-14,16,-14,15,-14,14,-15,13,-4,3,0,0,0,0,0,0,0,0,0,0,0,0,0,0,0,0,0,0,-3,3,-11,14,-12,14,-13,14,-14,13,-14,13,-16,14,-16,14,-17,13,-18,13,-18,13,-19,13,-20,12,-19,12,-19,12,-19,13,-18,13,-18,14,-18,14,-18,15,-17,16,-17,17,-17,17,-17,17,-17,18,-18,19,-18,20,-9,13,-28,42,-28,42,-28,41,-27,41,-26,41,-24,41,-23,41,-22,41,-21,41,-19,41,-17,42,-16,42,-16,42,-16,43,-16,43,-17,43,-18,42,-19,42,-20,41,-21,39,-21,37,-22,35,-22,33,-22,32,-23,30,-24,28,-23,28,-24,27,-5,4,-2,1,0,-1,0,-2,0,-1,-1,1,-2,5,-8,31,-10,30,-17,28,-19,28,-21,28,-23,28,-25,28,-27,28,-29,28,-30,28,-31,28,-32,28,-32,28,-32,28,-32,28,-32,28,-32,29,-32,29,-32,29,-31,30,-30,31,-29,33,-29,35,-29,36,-28,37,-28,38,-28,39,-27,39]"
CSI_DATA,241,5c:01:3b:6b:b0:95,-42,11,1,6,0,1,1,1,0,0,0,-97,1,11,0,33499255,0,86,1,256,1,"[86,-32,4,0,-7,24,-7,24,-6,23,-6,22,-5,23,-5,22,-4,22,-3,22,-3,22,-3,22,-2,22,-2,22,-2,22,-2,23,-2,23,-2,23,-3,22,-3,22,-4,21,-5,21,-5,19,-6,18,-7,18,-7,17,-8,17,-2,4,0,0,0,0,0,0,0,0,0,0,0,0,0,0,0,0,0,0,-1,4,-4,16,-4,16,-5,17,-6,17,-7,17,-8,17,-8,18,-9,18,-10,18,-11,18,-11,18,-11,18,-11,18,-11,18,-11,18,-10,19,-10,19,-9,19,-9,19,-9,20,-8,21,-8,21,-8,21,-8,22,-8,23,-7,24,-8,12,-23,41,-23,40,-22,40,-22,39,-21,39,-20,39,-19,38,-18,38,-16,38,-15,39,-13,40,-13,40,-12,41,-12,41,-12,41,-13,40,-13,39,-15,39,-16,38,-17,36,-18,34,-18,33,-18,32,-19,31,-20,29,-21,28,-28,20,-30,19,-6,3,-2,0,0,-1,0,-1,0,-1,-1,1,-3,4,-14,27,-16,26,-13,28,-15,28,-17,28,-19,28,-20,28,-22,28,-24,28,-25,27,-26,28,-27,28,-27,29,-27,29,-27,29,-28,29,-27,29,-27,29,-26,30,-26,30,-25,31,-25,32,-24,33,-24,35,-23,36,-22,38,-22,39,-22,40]"
CSI_DATA,242,5c:01:3b:6b:b0:95,-43,11,1,6,0,1,1,1,0,0,0,-97,1,11,0,33532286,0,86,1,256,1,"[86,-32,4,0,-17,19,-17,18,-16,18,-15,18,-15,18,-14,18,-13,18,-13,18,-12,19,-11,19,-11,19,-11,19,-11,20,-11,20,-12,20,-12,20,-12,19,-12,18,-13,17,-13,16,-13,15,-13,14,-13,13,-13,13,-14,12,-4,3,0,0,0,0,0,0,0,0,0,0,0,0,0,0,0,0,0,0,-3,3,-10,14,-11,13,-12,13,-13,13,-14,13,-15,13,-15,13,-16,13,-17,13,-17,13,-18,13,-18,13,-18,13,-18,13,-18,13,-17,13,-17,13,-17,14,-17,14,-17,15,-16,15,-16,16,-16,16,-16,17,-17,18,-17,19,-12,9,-35,33,-35,32,-35,31,-34,31,-33,31,-32,32,-30,32,-29,32,-28,32,-27,33,-26,34,-25,35,-25,35,-26,35,-26,35,-26,35,-27,34,-27,33,-28,32,-28,30,-28,28,-28,26,-27,25,-28,23,-28,21,-28,20,-32,14,-33,12,-6,2,-2,0,0,-1,0,-1,0,-1,-1,1,-4,4,-18,25,-20,24,-21,24,-24,23,-26,22,-28,22,-29,22,-31,21,-33,21,-34,20,-34,20,-35,19,-35,20,-36,20,-36,20,-36,20,-36,20,-37,21,-36,21,-35,22,-35,23,-35,24,-34,25,-34,27,-33,28,-34,30,-34,31,-35,32]"
CSI_DATA,243,5c:01:3b:6b:b0:95,-45,11,1,6,0,1,1,1,0,0,0,-97,1,11,0,33568749,0,86,1,256,1,"[86,-32,4,0,-26,9,-26,9,-24,9,-24,9,-24,10,-23,10,-22,11,-22,11,-21,11,-21,12,-21,12,-21,13,-21,13,-21,13,-21,13,-21,12,-21,12,-21,11,-21,10,-21,9,-21,8,-20,7,-20,6,-20,5,-19,4,-5,1,0,0,0,0,0,0,0,0,0,0,0,0,0,0,0,0,0,0,-4,2,-17,8,-17,8,-18,7,-19,6,-20,6,-21,5,-21,5,-22,4,-23,4,-23,3,-23,3,-24,3,-23,3,-24,3,-24,3,-24,3,-23,4,-23,4,-23,5,-23,6,-24,6,-24,7,-23,7,-24,8,-25,9,-26,10,-16,4,-50,15,-50,15,-49,14,-48,14,-46,15,-46,15,-45,16,-44,17,-43,18,-42,19,-42,21,-41,22,-42,22,-42,22,-42,22,-42,22,-42,21,-42,19,-42,18,-42,16,-41,14,-40,12,-39,11,-38,9,-38,7,-37,5,-37,0,-36,-2,-7,-1,-2,-1,0,-1,0,-1,0,-1,-2,1,-6,3,-30,17,-31,15,-33,14,-34,12,-36,10,-38,9,-39,8,-40,6,-42,5,-43,4,-44,3,-44,3,-44,3,-45,3,-45,3,-45,3,-45,3,-45,3,-45,4,-44,5,-45,6,-45,7,-46,9,-46,10,-46,12,-47,13,-48,14,-49,14]"
CSI_DATA,244,5c:01:3b:6b:b0:95,-41,11,1,6,0,1,1,1,0,0,0,-97,1,11,0,33599315,0,86,1,256,1,"[86,-32,4,0,-13,-1,-13,-1,-12,-1,-12,0,-12,0,-12,0,-12,0,-12,1,-12,1,-12,1,-12,2,-12,2,-12,2,-12,2,-12,2,-12,1,-12,1,-11,1,-11,0,-11,0,-11,0,-10,0,-10,-1,-10,-1,-10,-1,-3,-1,0,0,0,0,0,0,0,0,0,0,0,0,0,0,0,0,0,0,-3,-1,-9,-1,-9,-1,-10,-2,-10,-2,-10,-2,-10,-2,-10,-3,-10,-3,-10,-3,-10,-4,-11,-4,-11,-4,-11,-4,-11,-4,-11,-4,-11,-4,-11,-3,-11,-3,-11,-3,-11,-2,-11,-2,-12,-2,-12,-1,-13,-1,-13,-1,-13,-1,-16,-3,-50,-6,-49,-6,-48,-6,-47,-6,-46,-5,-46,-5,-46,-4,-45,-3,-45,-1,-44,1,-44,3,-45,4,-45,5,-46,4,-45,4,-45,3,-45,2,-44,1,-43,0,-42,-1,-41,-3,-39,-4,-38,-4,-37,-5,-36,-7,-35,-8,-31,-14,-29,-16,-6,-4,-2,-2,0,0,0,-1,0,-1,-2,0,-6,0,-31,1,-32,-1,-33,-3,-34,-5,-34,-7,-34,-9,-35,-10,-35,-11,-37,-13,-38,-14,-38,-15,-38,-15,-39,-15,-39,-15,-39,-15,-39,-16,-39,-16,-40,-16,-40,-15,-40,-14,-40,-13,-42,-12,-42,-11,-43,-9,-44,-8,-46,-6,-47,-5,-46,-5]"
CSI_DATA,245,5c:01:3b:6b:b0:95,-42,11,1,6,0,1,1,1,0,0,0,-97,1,11,0,33636324,0,86,1,256,1,"[86,-32,4,0,-6,-11,-6,-11,-7,-11,-7,-10,-7,-10,-7,-10,-7,-10,-7,-10,-8,-10,-8,-9,-8,-9,-8,-9,-8,-9,-8,-9,-8,-9,-8,-9,-8,-9,-8,-9,-7,-9,-7,-9,-6,-9,-5,-9,-5,-9,-5,-9,-4,-9,-1,-3,0,0,0,0,0,0,0,0,0,0,0,0,0,0,0,0,0,0,-2,-2,-5,-7,-5,-8,-4,-8,-4,-9,-4,-9,-4,-9,-4,-9,-4,-10,-3,-10,-3,-10,-3,-11,-3,-11,-3,-11,-3,-10,-3,-10,-3,-11,-4,-10,-4,-10,-4,-10,-5,-10,-5,-10,-5,-11,-5,-11,-5,-11,-6,-11,-6,-11,-7,-14,-21,-43,-21,-43,-20,-43,-20,-42,-20,-40,-21,-40,-22,-39,-23,-38,-24,-38,-25,-37,-26,-36,-27,-36,-27,-36,-28,-36,-27,-36,-27,-36,-26,-36,-25,-36,-24,-36,-22,-36,-20,-36,-19,-35,-17,-35,-16,-35,-14,-34,-12,-34,-6,-34,-4,-34,-1,-7,-1,-2,-1,0,0,0,0,0,-2,-2,-4,-5,-17,-25,-15,-26,-15,-28,-14,-30,-12,-32,-11,-33,-10,-35,-10,-36,-9,-37,-9,-38,-9,-38,-8,-39,-8,-39,-8,-40,-8,-40,-8,-40,-8,-40,-8,-40,-9,-40,-10,-39,-12,-39,-13,-40,-14,-40,-16,-41,-17,-40,-18,-41,-19,-42,-19,-42]"
CSI_DATA,246,5c:01:3b:6b:b0:95,-50,11,1,7,0,1,1,1,0,0,0,-97,1,11,0,33666190,0,86,1,256,1,"[86,-32,4,0,4,26,4,26,4,25,5,25,6,24,6,23,6,23,7,22,7,22,8,23,9,23,9,23,9,23,9,23,9,23,9,23,8,23,8,23,7,23,5,23,4,22,3,21,3,21,2,22,1,21,0,5,0,0,0,0,0,0,0,0,0,0,0,0,0,0,0,0,0,0,1,4,3,17,2,17,2,18,1,19,1,19,0,20,-1,20,-1,20,-2,20,-2,21,-2,22,-2,23,-2,22,-2,22,-2,22,-2,22,-1,22,0,22,0,22,1,22,2,23,2,23,3,24,4,25,4,26,4,27,-1,15,0,51,-1,50,-1,50,-1,49,0,48,2,47,2,46,3,46,4,45,6,45,8,45,9,45,10,46,10,47,10,47,9,47,8,47,7,46,5,45,4,45,2,44,1,43,0,41,-1,41,-3,40,-5,38,-15,37,-17,36,-4,6,-2,1,0,-1,-1,-2,0,-1,0,1,0,5,1,32,-1,33,1,33,-1,34,-3,34,-5,35,-6,36,-7,37,-9,38,-10,38,-11,38,-11,39,-11,39,-11,40,-11,40,-12,40,-11,40,-11,40,-10,41,-9,41,-8,42,-7,43,-6,44,-4,44,-2,45,-1,47,-1,49,0,50]"
CSI_DATA,247,5c:01:3b:6b:b0:95,-51,11,1,6,0,1,1,1,0,0,0,-97,1,11,0,33703542,0,86,1,256,1,"[86,-32,4,0,-12,19,-11,19,-10,19,-10,19,-10,19,-9,19,-9,19,-8,19,-7,19,-7,20,-7,20,-7,20,-6,21,-6,21,-7,21,-7,21,-7,21,-8,20,-9,20,-9,19,-10,18,-10,17,-11,17,-11,16,-12,15,-3,3,0,0,0,0,0,0,0,0,0,0,0,0,0,0,0,0,0,0,-3,3,-9,12,-10,12,-10,12,-11,12,-12,12,-12,12,-13,12,-13,11,-14,11,-14,11,-14,12,-14,12,-14,12,-14,12,-14,12,-13,12,-13,13,-12,13,-12,14,-12,14,-12,15,-12,16,-11,16,-11,17,-12,18,-12,19,-9,9,-28,33,-27,32,-27,32,-26,32,-25,32,-25,32,-24,32,-23,33,-22,33,-21,34,-20,35,-19,35,-19,36,-19,37,-20,37,-20,37,-21,36,-21,36,-23,35,-23,33,-24,32,-24,30,-24,29,-25,28,-26,26,-27,24,-33,16,-34,14,-7,2,-2,0,0,-1,0,-1,0,-1,-2,1,-4,3,-21,19,-22,18,-21,19,-22,18,-23,18,-25,17,-26,17,-27,17,-28,17,-28,16,-29,16,-29,16,-30,16,-30,16,-30,16,-30,17,-29,17,-29,18,-28,19,-28,20,-27,21,-27,22,-27,24,-27,25,-26,26,-26,28,-27,29,-27,31]"
CSI_DATA,248,5c:01:3b:6b:b0:95,-54,11,1,5,0,1,1,1,0,0,0,-97,1,11,0,33737642,0,86,1,256,1,"[86,-32,4,0,-29,-2,-28,-2,-28,-1,-27,0,-27,0,-27,1,-26,1,-26,2,-26,3,-26,5,-27,5,-27,6,-27,6,-27,6,-28,6,-28,6,-28,5,-27,4,-27,3,-27,3,-27,2,-27,1,-26,0,-26,0,-25,-1,-7,-1,0,0,0,0,0,0,0,0,0,0,0,0,0,0,0,0,0,0,-6,-1,-24,-1,-24,-3,-25,-4,-25,-6,-25,-7,-25,-8,-25,-9,-24,-10,-24,-10,-24,-11,-25,-11,-25,-11,-24,-11,-24,-11,-23,-10,-24,-9,-23,-8,-23,-8,-24,-7,-24,-6,-25,-6,-25,-5,-25,-4,-27,-4,-28,-3,-28,-3,-17,-2,-54,-5,-54,-5,-53,-5,-53,-4,-52,-3,-51,-1,-51,0,-50,1,-50,3,-50,5,-51,7,-51,8,-52,9,-52,10,-53,10,-53,11,-53,10,-53,9,-53,8,-53,6,-52,5,-51,3,-51,1,-50,0,-49,-2,-48,-4,-47,-10,-46,-12,-8,-3,-3,-1,0,-1,1,-1,0,0,-3,0,-9,0,-46,2,-45,-1,-46,-4,-46,-7,-46,-11,-46,-13,-47,-15,-47,-17,-47,-19,-46,-21,-45,-22,-45,-23,-45,-23,-45,-23,-44,-23,-44,-22,-44,-21,-44,-20,-44,-18,-44,-17,-44,-15,-45,-14,-46,-12,-47,-11,-48,-10,-49,-9,-51,-8,-52,-7]"
CSI_DATA,249,5c:01:3b:6b:b0:95,-59,11,1,7,0,1,1,1,0,0,0,-97,1,11,0,33768017,0,86,1,256,1,"[86,-32,4,0,-21,-11,-21,-10,-20,-9,-20,-9,-21,-8,-21,-8,-20,-7,-20,-6,-21,-5,-21,-5,-21,-4,-22,-4,-22,-4,-22,-4,-22,-4,-22,-4,-22,-4,-22,-5,-21,-5,-21,-6,-20,-6,-19,-6,-19,-7,-18,-7,-18,-8,-5,-2,0,0,0,0,0,0,0,0,0,0,0,0,0,0,0,0,0,0,-5,-3,-19,-11,-18,-12,-17,-14,-17,-15,-17,-15,-16,-16,-16,-17,-15,-18,-15,-18,-14,-18,-14,-19,-14,-19,-13,-18,-13,-17,-13,-17,-14,-16,-14,-15,-14,-15,-15,-14,-15,-14,-16,-13,-17,-13,-17,-12,-18,-12,-19,-12,-20,-11,-11,-8,-36,-24,-36,-24,-36,-23,-35,-22,-35,-21,-35,-21,-36,-20,-36,-18,-37,-17,-37,-15,-38,-13,-39,-12,-40,-12,-41,-12,-41,-12,-41,-12,-40,-13,-40,-13,-39,-14,-38,-15,-37,-16,-36,-16,-35,-16,-34,-17,-32,-17,-31,-18,-26,-25,-24,-26,-4,-5,-2,-2,0,0,1,0,0,0,-3,-1,-7,-4,-36,-20,-34,-22,-34,-24,-32,-27,-30,-30,-29,-32,-28,-33,-27,-35,-25,-36,-24,-37,-23,-37,-22,-37,-22,-37,-22,-37,-22,-36,-21,-36,-21,-35,-22,-34,-22,-32,-23,-31,-24,-31,-25,-30,-26,-29,-28,-28,-29,-26,-31,-25,-33,-25,-35,-25]"
CSI_DATA,250,5c:01:3b:6b:b0:95,-52,11,1,7,0,1,1,1,0,0,0,-97,1,11,0,33800433,0,86,1,256,1,"[86,-32,4,0,17,19,17,19,17,17,17,16,17,16,17,15,17,15,18,14,18,13,20,13,21,12,22,12,21,12,20,12,21,13,21,13,21,13,20,14,18,14,17,15,16,15,16,14,16,14,15,15,15,15,3,4,0,0,0,0,0,0,0,0,0,0,0,0,0,0,0,0,0,0,3,3,13,13,12,15,11,16,11,17,11,18,10,19,10,19,9,20,8,20,8,20,9,20,10,21,10,21,10,20,9,20,9,20,9,19,10,19,11,19,11,19,12,19,13,18,13,18,15,18,17,20,18,20,10,11,33,37,32,37,32,37,32,35,32,33,33,32,33,30,34,30,35,28,36,27,38,25,39,25,40,25,40,26,39,26,39,26,39,26,39,27,39,27,37,27,36,28,33,29,31,29,30,28,28,29,26,31,22,33,19,34,3,6,0,1,-1,-1,-1,-1,-1,-1,1,0,5,3,28,20,27,22,24,27,23,29,21,32,20,34,20,35,19,37,19,38,18,38,17,39,16,39,16,40,17,41,17,40,17,40,17,39,16,39,17,39,18,38,19,38,21,37,23,36,25,36,26,35,28,36,30,38,32,39]"
CSI_DATA,251,5c:01:3b:6b:b0:95,-58,11,1,4,0,1,1,1,0,0,0,-97,1,11,0,33837044,0,86,1,256,1,"[86,-32,4,0,14,-20,14,-21,13,-21,13,-21,13,-22,13,-22,13,-23,12,-24,11,-26,11,-27,10,-27,10,-28,9,-29,10,-31,10,-32,11,-32,11,-32,12,-32,13,-32,14,-32,14,-31,15,-30,15,-30,16,-29,17,-28,4,-7,0,0,0,0,0,0,0,0,0,0,0,0,0,0,0,0,0,0,0,-1,2,-3,2,-3,3,-4,3,-4,3,-5,4,-5,4,-5,5,-6,5,-6,6,-6,7,-7,7,-7,7,-8,8,-8,8,-9,8,-9,9,-10,9,-11,10,-11,10,-12,10,-13,11,-13,11,-14,12,-15,13,-17,13,-18,9,-10,30,-32,30,-32,31,-33,31,-34,31,-35,31,-37,30,-38,29,-39,28,-41,28,-44,27,-46,26,-48,25,-50,26,-52,26,-53,27,-54,28,-55,29,-55,31,-55,33,-55,35,-54,35,-53,35,-52,36,-51,38,-49,40,-48,50,-37,52,-33,9,-6,2,-2,-1,0,-1,0,-1,0,0,-1,0,-1,4,-4,5,-3,5,-5,6,-5,6,-6,7,-6,7,-7,8,-8,10,-8,11,-8,11,-9,12,-9,14,-10,14,-12,15,-12,16,-13,17,-14,18,-15,19,-16,20,-17,21,-18,22,-19,22,-21,24,-22,25,-24,26,-26,27,-28,28,-30]"
CSI_DATA,252,5c:01:3b:6b:b0:95,-50,11,1,5,0,1,1,1,0,0,0,-97,1,11,0,33870925,0,86,1,256,1,"[86,-32,4,0,-22,-14,-21,-13,-20,-12,-20,-12,-20,-11,-20,-11,-19,-10,-19,-9,-19,-9,-20,-8,-20,-7,-20,-7,-19,-7,-19,-7,-19,-7,-19,-7,-18,-8,-17,-8,-16,-8,-15,-8,-15,-8,-14,-8,-13,-8,-12,-8,-11,-8,-3,-2,0,0,0,0,0,0,0,0,0,0,0,0,0,0,0,0,0,0,-5,-3,-18,-9,-18,-10,-18,-11,-18,-13,-18,-13,-18,-14,-18,-15,-18,-16,-17,-17,-18,-18,-18,-18,-18,-18,-18,-18,-17,-18,-17,-18,-17,-17,-18,-17,-18,-16,-18,-16,-18,-16,-19,-15,-20,-15,-20,-14,-21,-14,-22,-14,-22,-14,-12,-10,-38,-30,-38,-30,-37,-29,-36,-28,-35,-27,-35,-26,-35,-24,-35,-23,-35,-21,-35,-19,-36,-18,-36,-17,-36,-16,-36,-17,-35,-17,-34,-17,-33,-17,-32,-17,-31,-17,-29,-17,-27,-18,-26,-18,-24,-17,-23,-17,-21,-17,-19,-17,-15,-20,-13,-20,-3,-4,-1,-2,0,0,0,0,0,0,-2,-1,-6,-3,-32,-16,-31,-18,-32,-20,-32,-22,-31,-25,-31,-27,-31,-29,-30,-31,-30,-33,-30,-34,-30,-35,-29,-36,-30,-36,-30,-36,-30,-37,-29,-37,-29,-37,-29,-36,-30,-36,-30,-35,-30,-34,-31,-33,-32,-33,-34,-32,-35,-31,-36,-30,-37,-30,-38,-30]"
CSI_DATA,253,5c:01:3b:6b:b0:95,-42,11,1,7,0,1,1,1,0,0,0,-97,1,11,0,33899191,0,86,1,256,1,"[86,-32,4,0,-14,2,-14,2,-13,3,-13,3,-13,3,-12,3,-12,4,-12,4,-12,4,-12,4,-12,4,-11,5,-11,5,-11,5,-11,5,-11,4,-11,4,-11,4,-11,3,-10,3,-10,3,-9,2,-9,2,-9,1,-9,1,-3,0,0,0,0,0,0,0,0,0,0,0,0,0,0,0,0,0,0,0,-3,0,-10,2,-11,1,-12,1,-12,1,-12,1,-13,0,-13,0,-13,-1,-13,-1,-13,-1,-14,-1,-14,-2,-14,-2,-13,-1,-13,-1,-13,-1,-13,-1,-13,0,-13,0,-14,0,-14,1,-13,1,-14,1,-14,2,-15,2,-15,2,-17,2,-53,10,-52,9,-52,8,-51,9,-50,9,-49,10,-47,11,-45,12,-44,13,-44,14,-43,16,-43,17,-43,17,-42,17,-42,17,-42,17,-42,16,-41,16,-40,15,-39,13,-39,11,-38,10,-37,8,-35,7,-34,5,-33,3,-31,0,-30,-2,-6,-1,-2,-1,0,-1,1,-1,0,-1,-2,1,-7,2,-38,15,-38,13,-39,9,-40,6,-42,4,-43,3,-45,1,-46,0,-47,-1,-48,-2,-49,-4,-50,-4,-51,-5,-52,-6,-51,-6,-50,-6,-50,-6,-50,-6,-50,-4,-50,-3,-50,-2,-50,-1,-51,1,-51,3,-51,4,-52,5,-52,5,-53,6]"
CSI_DATA,254,5c:01:3b:6b:b0:95,-40,11,1,6,0,1,1,1,0,0,0,-97,1,11,0,33934638,0,86,1,256,1,"[86,-32,4,0,-9,20,-8,20,-8,20,-7,19,-7,19,-6,19,-5,19,-5,19,-4,19,-4,19,-3,18,-3,18,-3,18,-3,19,-3,19,-3,19,-3,18,-4,18,-4,17,-5,16,-5,15,-6,15,-6,14,-6,14,-7,13,-2,3,0,0,0,0,0,0,0,0,0,0,0,0,0,0,0,0,0,0,-1,3,-4,15,-5,15,-6,16,-7,16,-8,16,-9,16,-10,16,-10,16,-11,16,-12,17,-12,17,-12,17,-12,16,-12,16,-12,16,-11,17,-11,17,-11,17,-10,17,-10,18,-10,18,-9,18,-9,18,-9,19,-9,20,-9,21,-7,11,-21,37,-21,36,-21,36,-20,35,-19,34,-17,34,-16,34,-15,34,-14,34,-13,34,-12,34,-11,34,-11,35,-11,35,-10,35,-11,34,-11,33,-12,33,-13,32,-13,30,-14,29,-14,28,-14,27,-15,25,-15,24,-16,22,-20,19,-21,18,-4,3,-2,0,0,-1,0,-1,0,-1,-1,1,-2,5,-12,27,-13,26,-13,27,-14,27,-17,27,-19,27,-20,27,-22,27,-23,27,-24,27,-25,27,-26,27,-27,28,-27,28,-27,27,-28,27,-27,27,-27,28,-26,28,-25,29,-24,29,-24,30,-23,31,-23,32,-22,33,-21,34,-21,35,-21,35]"
CSI_DATA,255,5c:01:3b:6b:b0:95,-42,11,1,6,0,1,1,1,0,0,0,-97,1,11,0,33967932,0,86,1,256,1,"[86,-32,4,0,-13,23,-12,22,-11,22,-11,22,-10,22,-10,22,-9,21,-8,21,-7,21,-7,21,-7,21,-6,21,-6,22,-6,22,-6,22,-7,22,-7,21,-7,21,-8,20,-8,19,-9,18,-10,17,-10,16,-10,16,-10,15,-3,3,0,0,0,0,0,0,0,0,0,0,0,0,0,0,0,0,0,0,-2,4,-6,17,-7,17,-8,17,-9,18,-10,18,-11,18,-12,18,-13,18,-14,18,-14,18,-15,18,-15,18,-15,18,-15,18,-15,18,-15,18,-14,18,-14,18,-14,19,-13,19,-13,20,-13,20,-12,21,-12,21,-12,23,-12,23,-11,10,-32,37,-32,36,-31,36,-30,35,-29,35,-28,35,-27,35,-25,35,-24,35,-22,36,-21,37,-20,38,-20,38,-21,38,-21,37,-21,37,-21,36,-22,36,-23,35,-23,33,-23,31,-23,29,-23,28,-23,27,-24,25,-24,23,-31,16,-31,14,-6,2,-2,0,0,-1,0,-1,0,-1,-1,1,-4,5,-20,27,-22,26,-19,28,-21,27,-23,27,-25,27,-27,27,-29,26,-31,26,-32,25,-33,25,-34,25,-34,26,-35,26,-35,26,-35,26,-35,25,-35,26,-35,26,-34,26,-34,28,-33,29,-32,30,-32,32,-31,33,-31,35,-31,36,-31,37]"
CSI_DATA,256,5c:01:3b:6b:b0:95,-38,11,1,6,0,1,1,1,0,0,0,-97,1,11,0,33999276,0,86,1,256,1,"[86,-32,4,0,13,3,13,2,12,2,12,2,12,2,12,2,12,1,12,1,12,0,12,0,12,-1,12,-1,12,0,12,0,12,0,12,0,12,0,11,1,11,1,11,1,10,2,10,2,9,2,9,2,9,3,2,0,0,0,0,0,0,0,0,0,0,0,0,0,0,0,0,0,0,0,2,0,9,0,9,1,9,1,10,2,10,2,10,3,10,3,10,4,10,4,11,4,11,4,11,5,11,5,11,5,11,5,11,5,11,4,11,4,11,4,11,3,11,3,12,3,12,3,12,3,13,3,13,3,14,6,48,19,47,19,46,18,45,18,44,17,44,16,44,15,44,13,43,11,44,9,44,7,44,6,44,6,44,7,44,8,44,8,43,9,43,10,42,11,41,12,39,13,38,13,36,13,34,14,32,15,30,16,26,24,24,25,4,4,1,1,-1,-1,-2,-1,-1,-1,1,0,6,1,34,7,34,9,34,7,34,9,35,12,35,14,36,16,37,18,37,20,37,22,37,23,37,23,38,24,38,25,37,25,37,25,38,25,38,25,38,24,38,23,39,23,40,22,41,22,42,21,43,19,45,19,46,18,47,18]"
CSI_DATA,257,5c:01:3b:6b:b0:95,-37,11,1,5,0,1,1,1,0,0,0,-97,1,11,0,34037821,0,86,1,256,1,"[86,-32,4,0,-3,-14,-3,-14,-3,-13,-4,-13,-4,-13,-4,-12,-4,-12,-4,-12,-5,-12,-6,-12,-6,-11,-6,-11,-6,-11,-6,-12,-6,-12,-6,-12,-6,-12,-5,-12,-5,-12,-4,-11,-4,-11,-3,-11,-3,-10,-3,-10,-2,-10,-1,-3,0,0,0,0,0,0,0,0,0,0,0,0,0,0,0,0,0,0,-1,-3,-2,-10,-2,-10,-2,-10,-1,-11,-1,-11,-1,-11,0,-12,0,-12,0,-12,1,-12,1,-13,1,-13,1,-13,1,-12,1,-12,0,-12,0,-12,0,-12,-1,-13,-1,-13,-1,-13,-1,-13,-2,-13,-2,-13,-2,-14,-2,-14,-3,-16,-8,-51,-9,-52,-9,-51,-9,-50,-10,-49,-10,-48,-10,-47,-12,-46,-14,-45,-17,-44,-19,-44,-20,-43,-20,-43,-21,-44,-20,-44,-20,-44,-19,-44,-18,-44,-17,-44,-15,-43,-13,-42,-12,-41,-11,-40,-10,-39,-8,-38,-6,-37,-1,-37,1,-36,0,-7,0,-2,-1,0,0,0,-1,0,-1,-2,-3,-6,-12,-33,-9,-34,-7,-36,-5,-37,-3,-38,-2,-40,0,-41,1,-43,3,-44,4,-44,5,-45,5,-45,5,-46,5,-46,5,-46,5,-47,5,-47,4,-47,3,-47,2,-46,1,-46,0,-47,-1,-48,-3,-49,-5,-49,-6,-50,-7,-51,-7,-51]"
CSI_DATA,258,5c:01:3b:6b:b0:95,-37,11,1,6,0,1,1,1,0,0,0,-97,1,11,0,34066240,0,86,1,256,1,"[86,-32,4,0,-6,13,-6,13,-5,12,-5,12,-5,12,-5,12,-4,12,-4,12,-3,12,-3,12,-3,12,-3,12,-3,12,-3,12,-3,13,-3,13,-3,12,-4,12,-4,11,-4,11,-5,10,-5,10,-5,9,-5,9,-6,9,-2,2,0,0,0,0,0,0,0,0,0,0,0,0,0,0,0,0,0,0,-1,2,-3,9,-3,9,-4,9,-4,9,-5,9,-5,10,-6,10,-6,10,-7,10,-7,10,-8,10,-8,10,-8,10,-8,10,-8,10,-8,10,-7,10,-7,10,-7,10,-6,11,-6,11,-6,11,-6,11,-6,12,-6,13,-6,13,-5,16,-15,53,-16,51,-15,50,-14,50,-13,49,-12,49,-11,49,-10,48,-8,48,-7,47,-5,48,-4,48,-4,49,-4,49,-4,49,-4,49,-5,49,-6,48,-8,47,-9,45,-11,43,-12,41,-12,40,-13,39,-15,37,-16,36,-15,36,-17,35,-4,5,-2,1,0,-1,-1,-2,-1,-1,0,1,0,6,4,34,2,34,-6,34,-8,35,-10,36,-12,37,-14,38,-16,39,-18,40,-20,40,-21,40,-22,40,-23,40,-23,41,-24,41,-24,41,-24,41,-23,41,-23,41,-21,42,-21,43,-19,44,-18,45,-17,46,-16,47,-16,48,-17,50,-17,50]"
CSI_DATA,259,5c:01:3b:6b:b0:95,-37,11,1,6,0,1,1,1,0,0,0,-97,1,11,0,34102168,0,86,1,256,1,"[86,-32,4,0,-4,12,-3,12,-3,12,-3,12,-2,12,-2,11,-2,11,-2,11,-1,11,-1,11,0,11,0,11,0,12,0,12,-1,12,-1,12,-1,11,-1,11,-2,11,-2,10,-2,10,-2,10,-2,9,-3,9,-3,9,-1,2,0,0,0,0,0,0,0,0,0,0,0,0,0,0,0,0,0,0,-1,2,-2,8,-2,8,-3,8,-3,8,-4,9,-4,9,-4,9,-5,9,-5,9,-5,9,-5,10,-5,10,-5,10,-5,9,-6,10,-6,10,-5,10,-5,10,-5,10,-4,10,-4,11,-4,11,-4,11,-4,12,-4,12,-4,13,-7,13,-21,44,-21,43,-21,42,-20,42,-19,41,-18,41,-17,41,-15,42,-14,41,-13,41,-11,41,-11,42,-11,43,-11,43,-11,43,-11,43,-11,42,-12,42,-13,41,-14,40,-15,38,-15,36,-16,35,-17,34,-17,32,-19,30,-27,24,-28,22,-5,3,-2,0,0,-1,0,-1,0,-1,-1,1,-2,5,-12,28,-14,28,-12,29,-14,29,-17,29,-18,30,-20,30,-21,30,-23,31,-24,31,-26,31,-26,31,-26,31,-27,31,-27,31,-27,31,-27,32,-28,33,-27,32,-26,33,-25,33,-24,35,-23,36,-22,38,-21,39,-21,41,-21,42,-21,43]"
CSI_DATA,260,5c:01:3b:6b:b0:95,-41,11,1,5,0,1,1,1,0,0,0,-97,1,11,0,34133978,0,86,1,256,1,"[86,-32,4,0,-12,-24,-12,-24,-12,-23,-12,-22,-12,-22,-12,-21,-13,-20,-13,-20,-14,-20,-15,-19,-15,-19,-15,-19,-15,-19,-15,-19,-15,-20,-15,-20,-15,-20,-14,-20,-13,-20,-12,-20,-11,-20,-10,-19,-9,-19,-8,-19,-7,-19,-2,-5,0,0,0,0,0,0,0,0,0,0,0,0,0,0,0,0,0,0,-2,-4,-8,-14,-8,-15,-8,-16,-8,-17,-7,-18,-7,-18,-6,-19,-6,-20,-5,-20,-5,-21,-5,-21,-5,-22,-5,-22,-5,-22,-5,-22,-6,-22,-6,-21,-7,-21,-7,-22,-8,-22,-8,-22,-9,-22,-10,-22,-10,-22,-11,-23,-11,-24,-4,-15,-15,-48,-14,-47,-14,-46,-14,-45,-14,-44,-15,-43,-16,-43,-17,-42,-18,-41,-20,-40,-21,-40,-22,-40,-22,-40,-23,-41,-23,-41,-22,-40,-21,-40,-20,-40,-19,-41,-17,-40,-15,-40,-14,-39,-12,-38,-11,-38,-9,-37,-7,-36,3,-37,5,-36,1,-7,0,-2,-1,0,0,0,0,0,-1,-2,-2,-5,-11,-28,-9,-29,-12,-29,-10,-30,-9,-32,-8,-33,-7,-34,-6,-36,-5,-37,-4,-38,-3,-39,-3,-39,-3,-40,-3,-41,-2,-41,-2,-42,-2,-42,-3,-42,-4,-41,-5,-41,-6,-41,-7,-42,-8,-43,-10,-44,-11,-44,-12,-44,-13,-45,-13,-46]"
CSI_DATA,261,5c:01:3b:6b:b0:95,-40,11,1,6,0,1,1,1,0,0,0,-97,1,11,0,34168269,0,86,1,256,1,"[86,-32,4,0,-3,-13,-3,-13,-3,-13,-4,-12,-4,-12,-4,-12,-4,-12,-4,-12,-5,-12,-5,-12,-5,-12,-5,-12,-6,-12,-6,-12,-6,-12,-6,-12,-6,-12,-5,-12,-5,-11,-4,-11,-4,-11,-3,-11,-3,-11,-2,-11,-2,-11,-1,-3,0,0,0,0,0,0,0,0,0,0,0,0,0,0,0,0,0,0,-1,-2,-2,-8,-2,-9,-2,-9,-1,-9,-1,-10,-1,-10,-1,-10,0,-10,0,-10,0,-11,0,-11,0,-11,0,-11,0,-11,0,-11,0,-11,-1,-11,-1,-11,-1,-12,-1,-12,-2,-12,-2,-12,-2,-12,-2,-13,-2,-13,-2,-13,-3,-16,-7,-50,-7,-50,-6,-49,-6,-49,-7,-48,-8,-47,-9,-46,-10,-46,-12,-45,-13,-45,-15,-44,-16,-44,-16,-45,-17,-44,-17,-44,-16,-44,-16,-44,-14,-44,-13,-44,-11,-44,-10,-43,-10,-42,-8,-41,-7,-40,-5,-39,-2,-39,3,-38,5,-38,0,-7,0,-3,-1,0,-1,0,0,0,-1,-2,-2,-5,-7,-29,-6,-29,-5,-31,-3,-33,-2,-34,0,-35,1,-36,2,-37,3,-38,5,-38,5,-39,6,-39,6,-41,6,-41,6,-41,7,-42,6,-42,6,-43,5,-42,4,-42,3,-43,2,-44,1,-45,-1,-45,-3,-45,-4,-47,-5,-48,-5,-50]"
CSI_DATA,262,5c:01:3b:6b:b0:95,-45,11,1,7,0,1,1,1,0,0,0,-97,1,11,0,34199350,0,86,1,256,1,"[86,-32,4,0,-24,11,-23,11,-22,12,-22,12,-22,12,-21,12,-20,12,-19,13,-19,14,-19,14,-19,14,-19,15,-19,15,-18,15,-19,15,-19,15,-19,14,-19,14,-19,13,-19,12,-19,11,-19,10,-19,9,-18,8,-18,8,-5,1,0,0,0,0,0,0,0,0,0,0,0,0,0,0,0,0,0,0,-4,2,-14,8,-14,8,-15,7,-16,7,-17,7,-18,6,-18,6,-19,6,-20,5,-20,5,-21,5,-21,5,-21,5,-21,5,-21,5,-21,5,-21,6,-21,6,-21,7,-21,7,-21,8,-22,9,-21,9,-22,10,-23,11,-23,12,-15,4,-47,16,-47,15,-46,15,-45,15,-44,15,-43,16,-42,16,-41,17,-40,19,-39,20,-38,22,-38,24,-38,24,-39,24,-39,24,-39,23,-39,22,-40,22,-40,20,-39,18,-39,17,-38,15,-38,14,-37,12,-37,11,-36,9,-37,0,-37,-2,-7,-1,-2,-1,0,-1,0,-1,0,-1,-2,0,-5,2,-25,12,-26,11,-27,12,-29,10,-30,9,-32,8,-34,7,-35,6,-36,5,-37,4,-38,4,-38,4,-39,4,-40,4,-40,4,-41,4,-41,4,-41,4,-41,5,-41,5,-41,6,-42,7,-42,9,-43,10,-42,12,-43,14,-45,15,-46,16]"
CSI_DATA,263,5c:01:3b:6b:b0:95,-47,11,1,7,0,1,1,1,0,0,0,-97,1,11,0,34236597,0,86,1,256,1,"[86,-32,4,0,13,-22,13,-22,12,-22,12,-22,11,-22,10,-22,10,-22,9,-22,8,-22,8,-22,8,-22,7,-23,7,-23,7,-23,7,-23,7,-23,8,-23,8,-22,8,-22,9,-21,9,-20,10,-19,10,-18,11,-17,11,-17,2,-4,0,0,0,0,0,0,0,0,0,0,0,0,0,0,0,0,0,0,1,-4,7,-14,7,-14,8,-14,9,-15,10,-15,11,-15,12,-15,12,-15,13,-15,14,-15,15,-15,15,-15,15,-15,15,-15,15,-16,15,-16,14,-16,14,-17,14,-17,13,-18,13,-19,13,-19,13,-19,14,-20,14,-21,14,-22,9,-12,31,-39,31,-39,30,-38,29,-37,28,-37,27,-37,25,-37,24,-38,23,-39,21,-39,20,-40,19,-41,18,-42,19,-42,19,-42,19,-42,20,-41,20,-40,21,-39,22,-38,22,-36,22,-34,22,-33,23,-31,23,-30,24,-28,29,-22,30,-19,5,-4,1,-1,-1,0,-1,0,-1,0,0,-2,2,-5,14,-25,16,-24,16,-25,18,-25,20,-24,22,-24,23,-24,25,-24,27,-24,28,-24,29,-24,30,-24,31,-25,31,-25,32,-25,33,-25,32,-26,32,-26,31,-26,31,-27,31,-28,31,-29,30,-31,30,-32,29,-34,29,-35,30,-37,31,-38]"
CSI_DATA,264,5c:01:3b:6b:b0:95,-48,11,1,7,0,1,1,1,0,0,0,-97,1,11,0,34266300,0,86,1,256,1,"[86,-32,4,0,-8,6,-8,6,-7,6,-7,6,-7,6,-7,6,-6,6,-6,6,-6,6,-6,6,-6,6,-6,6,-6,6,-5,6,-5,7,-6,6,-6,6,-6,6,-6,5,-6,5,-6,5,-6,4,-6,4,-6,4,-6,3,-2,0,0,0,0,0,0,0,0,0,0,0,0,0,0,0,0,0,0,0,-1,1,-5,4,-5,4,-5,4,-6,4,-6,4,-6,4,-7,4,-7,4,-7,4,-8,4,-8,4,-8,4,-8,4,-8,4,-8,4,-8,4,-8,4,-8,4,-8,4,-8,5,-8,5,-8,5,-8,5,-8,5,-8,6,-8,6,-20,11,-63,40,-63,39,-62,38,-60,38,-57,37,-56,37,-54,37,-52,39,-50,39,-48,41,-47,43,-47,45,-47,46,-47,47,-46,46,-46,46,-47,44,-47,43,-48,40,-48,37,-48,35,-48,32,-47,30,-47,29,-46,26,-46,23,-50,13,-49,10,-9,1,-3,-1,0,-1,0,-2,0,-1,-2,2,-6,6,-34,33,-36,31,-37,32,-40,31,-43,29,-47,28,-50,28,-52,27,-54,25,-56,24,-57,24,-59,23,-60,24,-61,24,-61,23,-62,22,-61,22,-62,23,-61,24,-60,24,-59,26,-60,28,-60,29,-60,31,-59,34,-59,36,-61,39,-61,40]"
CSI_DATA,265,5c:01:3b:6b:b0:95,-41,11,1,5,0,1,1,1,0,0,0,-97,1,11,0,34302500,0,86,1,256,1,"[86,-32,4,0,11,6,11,6,11,5,11,5,11,5,11,5,10,4,10,4,10,3,11,3,11,3,10,3,11,3,11,3,11,3,10,3,10,3,10,4,9,4,9,4,8,4,8,4,8,4,7,4,7,4,1,1,0,0,0,0,0,0,0,0,0,0,0,0,0,0,0,0,0,0,2,0,9,3,9,3,9,4,9,5,9,5,9,6,9,6,9,7,9,7,9,7,9,7,9,8,9,8,9,8,9,7,9,7,9,7,9,7,10,7,10,7,10,6,10,6,11,6,11,6,11,6,12,6,12,9,40,31,39,31,38,30,38,29,37,27,37,26,37,25,37,24,37,21,37,20,39,18,38,17,38,17,38,18,38,18,38,18,37,18,36,18,36,19,34,20,32,20,29,20,28,20,26,20,24,21,23,22,17,27,15,28,2,5,0,1,-1,-1,-1,-1,-1,-1,1,0,5,2,31,16,30,18,32,17,31,19,31,22,31,25,31,27,31,29,31,30,30,32,30,33,30,34,31,35,31,35,30,36,30,36,29,35,30,35,30,34,31,33,31,33,32,32,33,32,35,31,36,30,38,30,39,30,40,30]"
CSI_DATA,266,5c:01:3b:6b:b0:95,-42,11,1,7,0,1,1,1,0,0,0,-97,1,11,0,34334211,0,86,1,256,1,"[86,-32,4,0,-18,3,-18,3,-17,3,-16,3,-16,4,-16,4,-15,4,-15,5,-15,5,-15,5,-14,5,-14,6,-14,6,-14,6,-14,6,-14,6,-14,5,-14,5,-14,4,-14,4,-13,3,-13,3,-13,2,-12,2,-12,1,-3,0,0,0,0,0,0,0,0,0,0,0,0,0,0,0,0,0,0,0,-4,0,-13,3,-14,2,-14,2,-15,1,-15,1,-16,0,-16,0,-16,0,-17,-1,-17,-1,-17,-1,-17,-2,-17,-2,-17,-2,-17,-2,-17,-1,-17,-1,-16,0,-17,0,-17,0,-17,1,-17,1,-17,1,-18,2,-18,2,-18,2,-11,0,-35,2,-34,1,-34,1,-33,2,-32,2,-31,3,-30,4,-30,5,-29,6,-29,6,-28,8,-28,8,-29,9,-29,9,-28,9,-28,8,-28,8,-28,7,-27,7,-27,6,-27,5,-26,4,-25,3,-24,2,-23,1,-23,0,-22,-4,-22,-5,-4,-1,-2,-1,0,-1,0,-1,0,-1,-2,0,-5,1,-24,5,-24,3,-25,3,-26,2,-27,0,-28,-1,-29,-2,-30,-3,-30,-4,-30,-5,-31,-5,-31,-6,-31,-6,-31,-6,-31,-6,-31,-7,-31,-7,-31,-6,-31,-6,-31,-5,-31,-4,-32,-3,-32,-2,-32,-2,-32,-1,-33,0,-34,1,-35,1]"
CSI_DATA,267,5c:01:3b:6b:b0:95,-38,11,1,6,0,1,1,1,0,0,0,-97,1,11,0,34368059,0,86,1,256,1,"[86,-32,4,0,2,12,2,12,3,12,3,11,3,11,3,11,3,10,4,10,4,10,4,10,4,10,4,10,5,10,4,10,4,10,4,10,4,10,4,10,3,9,3,9,2,9,2,9,2,8,1,8,1,8,0,2,0,0,0,0,0,0,0,0,0,0,0,0,0,0,0,0,0,0,0,2,3,9,3,9,2,10,2,10,2,10,1,11,1,11,1,11,0,11,0,12,0,12,0,12,0,12,-1,12,0,12,0,12,0,12,0,11,1,12,1,12,1,12,2,12,2,12,2,12,2,13,3,13,0,15,2,50,2,49,2,48,2,47,3,46,4,45,5,43,6,42,7,41,8,41,10,41,11,41,11,41,11,41,11,40,11,40,10,40,9,39,8,39,6,38,5,37,4,36,2,35,1,34,0,33,-1,32,-9,31,-11,30,-3,5,-1,1,-1,-1,-1,-2,-1,-1,0,1,1,6,8,34,5,35,6,35,4,37,2,38,0,39,-2,41,-3,42,-5,43,-6,44,-7,44,-8,44,-8,45,-8,45,-9,45,-9,45,-9,45,-8,45,-8,44,-7,44,-6,45,-4,45,-3,46,-2,47,-1,47,0,48,1,48,2,49]"
CSI_DATA,268,5c:01:3b:6b:b0:95,-40,11,1,6,0,1,1,1,0,0,0,-97,1,11,0,34403174,0,86,1,256,1,"[86,-32,4,0,-7,-26,-8,-25,-8,-24,-8,-23,-8,-23,-8,-23,-9,-22,-9,-21,-10,-21,-11,-21,-11,-20,-11,-20,-11,-20,-11,-20,-11,-21,-11,-20,-10,-20,-10,-20,-9,-20,-8,-20,-7,-19,-6,-18,-5,-18,-5,-18,-4,-18,-1,-5,0,0,0,0,0,0,0,0,0,0,0,0,0,0,0,0,0,0,-2,-5,-8,-18,-7,-19,-7,-20,-6,-21,-5,-22,-4,-22,-4,-23,-3,-23,-2,-24,-2,-24,-2,-25,-1,-25,-1,-25,-1,-24,-2,-24,-2,-24,-3,-24,-3,-24,-3,-24,-4,-24,-5,-24,-5,-24,-5,-24,-6,-25,-6,-26,-7,-26,-2,-16,-6,-50,-6,-49,-6,-48,-6,-47,-6,-46,-7,-45,-8,-44,-9,-43,-11,-42,-12,-41,-14,-41,-14,-41,-15,-41,-15,-41,-15,-41,-14,-41,-13,-40,-12,-40,-11,-40,-10,-39,-8,-38,-7,-37,-6,-36,-5,-35,-3,-35,-1,-34,7,-32,9,-31,1,-6,0,-2,-1,0,0,1,-1,0,-1,-2,-2,-7,-9,-35,-7,-36,-9,-36,-7,-37,-5,-39,-3,-40,-2,-41,0,-42,1,-43,2,-44,3,-44,4,-45,4,-45,5,-46,5,-46,5,-46,5,-46,5,-46,4,-45,3,-45,2,-45,1,-46,0,-46,-2,-47,-3,-47,-4,-48,-5,-49,-5,-49]"
CSI_DATA,269,5c:01:3b:6b:b0:95,-37,11,1,6,0,1,1,1,0,0,0,-97,1,11,0,34434211,0,86,1,256,1,"[86,-32,4,0,-14,0,-14,0,-13,0,-13,1,-13,1,-13,1,-12,1,-12,2,-12,2,-12,2,-12,2,-12,2,-12,3,-12,3,-12,3,-11,2,-11,2,-11,2,-11,1,-11,1,-11,1,-10,0,-10,0,-10,0,-9,-1,-3,-1,0,0,0,0,0,0,0,0,0,0,0,0,0,0,0,0,0,0,-3,0,-10,1,-11,1,-11,0,-11,0,-12,-1,-12,-1,-12,-1,-12,-2,-13,-2,-13,-3,-13,-3,-13,-3,-13,-3,-13,-3,-13,-3,-13,-3,-13,-3,-12,-2,-12,-2,-13,-1,-13,-1,-13,-1,-13,-1,-13,0,-14,0,-14,0,-16,-3,-52,-7,-51,-8,-50,-8,-48,-7,-47,-6,-46,-5,-45,-3,-45,-2,-44,-1,-44,0,-44,2,-44,3,-45,3,-45,4,-44,3,-43,3,-43,2,-42,2,-42,0,-41,-1,-40,-2,-38,-3,-37,-4,-36,-5,-35,-6,-33,-8,-31,-15,-30,-16,-6,-3,-2,-2,0,0,1,-1,0,0,-2,0,-7,0,-36,1,-37,-2,-38,-1,-39,-4,-40,-6,-41,-8,-42,-10,-42,-12,-43,-13,-44,-15,-44,-16,-44,-16,-45,-16,-45,-17,-44,-18,-45,-18,-45,-18,-45,-18,-44,-17,-44,-15,-45,-14,-45,-13,-46,-12,-47,-11,-47,-9,-48,-8,-50,-8,-51,-7]"
CSI_DATA,270,5c:01:3b:6b:b0:95,-37,11,1,7,0,1,1,1,0,0,0,-97,1,11,0,34470836,0,86,1,256,1,"[86,-32,4,0,9,22,9,21,9,20,9,20,9,19,10,18,10,18,10,17,10,16,11,16,11,16,11,16,12,16,12,16,12,16,12,16,12,16,11,16,10,16,9,16,8,15,7,15,6,15,5,15,5,15,1,3,0,0,0,0,0,0,0,0,0,0,0,0,0,0,0,0,0,0,2,3,8,16,8,16,7,17,7,18,6,19,5,19,5,20,4,20,4,21,3,22,3,22,3,22,2,22,3,22,3,21,3,21,3,21,4,21,5,21,6,21,6,21,7,21,7,21,7,22,8,23,8,23,3,13,13,43,13,43,13,42,13,41,13,39,14,38,14,37,15,36,16,34,17,33,19,33,20,33,21,33,21,33,21,33,20,32,19,32,18,32,17,32,16,31,14,31,13,31,12,30,10,29,9,29,7,29,2,29,0,29,-1,5,-1,1,-1,-1,-1,-1,-1,-1,1,1,3,5,17,29,14,30,13,31,12,32,10,34,8,36,7,37,6,38,5,40,4,40,3,41,2,41,2,41,2,42,2,42,2,42,2,42,2,42,3,41,4,41,5,41,6,41,7,42,8,42,10,42,11,42,12,43,13,44]"
CSI_DATA,271,5c:01:3b:6b:b0:95,-34,11,1,5,0,1,1,1,0,0,0,-97,1,11,0,34503005,0,86,1,256,1,"[86,-32,4,0,9,-10,9,-11,8,-11,8,-10,8,-11,7,-11,7,-11,6,-11,6,-11,6,-11,5,-11,5,-11,5,-11,5,-11,5,-11,5,-11,5,-11,5,-10,5,-10,5,-10,6,-9,6,-8,6,-8,6,-8,6,-7,1,-2,0,0,0,0,0,0,0,0,0,0,0,0,0,0,0,0,0,0,1,-3,6,-9,6,-9,7,-9,7,-9,8,-9,8,-8,9,-8,9,-8,9,-8,10,-8,10,-8,10,-8,10,-8,10,-8,10,-8,10,-8,10,-8,9,-8,9,-8,9,-9,9,-9,9,-9,9,-10,9,-10,10,-11,10,-11,12,-10,41,-33,40,-32,40,-32,38,-31,37,-31,36,-31,34,-32,33,-32,31,-33,29,-34,29,-36,27,-37,27,-37,27,-36,27,-36,28,-36,28,-35,28,-34,28,-33,28,-32,28,-30,28,-28,27,-26,27,-25,27,-22,28,-21,33,-13,33,-11,5,-2,1,-1,-1,0,-2,0,-1,0,1,-2,4,-5,26,-27,28,-25,27,-28,29,-27,32,-25,34,-24,35,-23,37,-22,39,-22,40,-21,41,-20,42,-19,43,-20,44,-20,43,-20,43,-20,43,-20,43,-21,42,-21,41,-22,41,-22,41,-24,40,-25,41,-27,40,-29,40,-31,40,-32,41,-33]"
CSI_DATA,272,5c:01:3b:6b:b0:95,-36,11,1,7,0,1,1,1,0,0,0,-97,1,11,0,34534604,0,86,1,256,1,"[86,-32,4,0,1,13,1,13,1,13,2,12,2,12,2,12,2,12,3,11,3,11,3,11,3,11,3,11,4,11,4,11,4,11,4,11,3,11,3,11,3,10,2,10,2,10,1,9,1,9,0,9,0,9,0,2,0,0,0,0,0,0,0,0,0,0,0,0,0,0,0,0,0,0,0,2,2,9,1,10,1,10,1,11,0,11,0,11,-1,12,-1,12,-1,12,-2,12,-2,13,-2,13,-2,12,-2,12,-2,12,-2,12,-2,12,-1,12,-1,12,-1,12,0,13,0,13,0,13,0,13,1,14,1,14,-1,16,-1,54,-1,53,-1,52,-1,50,0,48,1,48,2,46,3,46,5,45,7,44,9,44,9,44,10,45,9,45,10,45,9,44,9,44,8,43,6,43,5,42,4,41,2,39,1,38,0,37,-2,36,-3,36,-11,34,-13,32,-3,5,-1,1,-1,-1,-1,-2,-1,-1,0,1,1,6,8,36,6,36,5,37,2,39,0,41,-2,42,-4,43,-6,44,-7,45,-9,45,-10,46,-11,46,-11,47,-11,48,-11,47,-12,47,-12,47,-12,47,-11,47,-10,47,-8,47,-7,48,-6,49,-5,50,-3,50,-2,51,-1,52,0,53]"
CSI_DATA,273,5c:01:3b:6b:b0:95,-39,11,1,7,0,1,1,1,0,0,0,-97,1,11,0,34566231,0,86,1,256,1,"[86,-32,4,0,-21,9,-20,9,-20,9,-19,9,-19,9,-18,10,-17,10,-16,10,-16,10,-16,11,-16,11,-16,11,-16,12,-15,12,-15,12,-15,12,-16,12,-15,11,-15,10,-15,9,-15,8,-15,7,-15,6,-15,6,-14,5,-4,1,0,0,0,0,0,0,0,0,0,0,0,0,0,0,0,0,0,0,-4,2,-15,8,-16,7,-17,7,-18,6,-19,6,-19,6,-20,5,-20,5,-20,4,-21,3,-21,3,-22,3,-22,3,-21,3,-21,3,-21,4,-21,4,-20,5,-20,5,-20,6,-20,7,-20,7,-20,7,-21,7,-22,8,-22,9,-14,3,-42,13,-42,13,-40,13,-39,13,-38,13,-37,13,-36,14,-35,15,-34,16,-33,17,-32,18,-32,19,-32,20,-32,20,-31,20,-31,20,-31,19,-31,18,-31,17,-31,16,-31,14,-30,13,-29,12,-29,11,-28,10,-28,8,-29,3,-28,2,-5,0,-2,-1,0,-1,0,-1,0,-1,-2,1,-5,2,-29,15,-29,12,-30,13,-32,11,-33,9,-35,8,-36,7,-37,6,-38,5,-38,4,-39,3,-40,3,-40,3,-41,2,-41,2,-41,2,-41,2,-41,3,-40,4,-39,4,-39,5,-39,6,-39,7,-40,9,-39,10,-40,11,-41,12,-42,13]"
CSI_DATA,274,5c:01:3b:6b:b0:95,-41,11,1,7,0,1,1,1,0,0,0,-97,1,11,0,34599289,0,86,1,256,1,"[86,-32,4,0,-13,-3,-13,-3,-12,-2,-12,-2,-12,-2,-12,-1,-12,-1,-11,-1,-11,-1,-11,0,-11,0,-11,0,-11,0,-11,0,-12,0,-11,0,-11,0,-11,0,-11,-1,-11,-1,-10,-1,-10,-2,-9,-2,-9,-2,-9,-2,-3,-1,0,0,0,0,0,0,0,0,0,0,0,0,0,0,0,0,0,0,-3,-1,-10,-1,-10,-1,-10,-2,-11,-2,-11,-3,-11,-3,-11,-3,-11,-4,-11,-4,-12,-5,-12,-5,-12,-5,-11,-5,-11,-5,-11,-5,-11,-5,-11,-5,-11,-4,-11,-4,-12,-4,-12,-4,-12,-3,-12,-3,-13,-3,-13,-3,-13,-3,-16,-3,-50,-9,-49,-9,-48,-9,-46,-8,-45,-7,-44,-6,-44,-5,-43,-4,-43,-2,-42,-1,-42,0,-43,2,-43,2,-43,2,-43,2,-43,2,-42,2,-41,2,-40,1,-40,-1,-39,-2,-37,-4,-36,-5,-35,-5,-33,-6,-33,-7,-31,-8,-31,-10,-6,-2,-2,-1,0,-1,1,-1,0,0,-2,0,-7,0,-34,4,-35,2,-37,-2,-37,-4,-38,-6,-39,-8,-41,-10,-41,-12,-42,-13,-42,-15,-42,-16,-42,-17,-42,-18,-43,-18,-43,-18,-43,-18,-43,-18,-43,-17,-42,-17,-42,-16,-43,-15,-44,-14,-44,-13,-45,-12,-45,-11,-46,-10,-47,-10,-48,-10]"
CSI_DATA,275,5c:01:3b:6b:b0:95,-46,11,1,6,0,1,1,1,0,0,0,-97,1,11,0,34637671,0,86,1,256,1,"[86,-32,4,0,11,-21,11,-21,10,-21,9,-20,9,-20,8,-20,7,-20,7,-20,6,-20,5,-20,5,-20,5,-20,4,-20,4,-20,4,-21,5,-20,5,-20,5,-20,6,-19,6,-18,6,-17,7,-16,7,-16,7,-15,7,-15,2,-4,0,0,0,0,0,0,0,0,0,0,0,0,0,0,0,0,0,0,1,-5,6,-17,7,-17,8,-17,9,-18,10,-18,11,-18,12,-18,13,-17,14,-17,14,-17,15,-18,15,-18,15,-17,15,-17,14,-17,14,-17,14,-17,13,-18,13,-18,13,-18,12,-19,12,-19,12,-19,12,-20,12,-21,12,-22,8,-12,25,-38,25,-38,24,-37,24,-37,23,-36,22,-36,20,-36,19,-36,17,-36,15,-37,14,-37,12,-38,12,-38,13,-38,13,-37,13,-37,14,-37,14,-36,15,-35,16,-34,16,-32,15,-30,15,-29,15,-28,16,-27,17,-25,21,-21,22,-20,4,-4,1,-1,-1,0,-1,0,-1,0,0,-2,2,-6,12,-31,14,-30,15,-31,18,-31,20,-30,22,-30,24,-30,26,-30,28,-29,29,-29,30,-28,30,-29,31,-30,31,-30,31,-29,31,-29,31,-29,31,-29,30,-29,30,-29,29,-30,29,-31,28,-32,27,-33,26,-35,26,-36,25,-38,25,-38]"
CSI_DATA,276,5c:01:3b:6b:b0:95,-45,11,1,6,0,1,1,1,0,0,0,-97,1,11,0,34672346,0,86,1,256,1,"[86,-32,4,0,-5,24,-4,24,-3,23,-3,23,-2,23,-2,22,-1,21,0,21,0,21,1,21,1,20,1,20,2,21,2,21,2,21,2,21,1,21,1,20,0,20,-1,19,-1,18,-2,17,-2,17,-3,17,-3,16,-1,4,0,0,0,0,0,0,0,0,0,0,0,0,0,0,0,0,0,0,-1,4,-1,18,-1,18,-2,19,-3,19,-4,20,-5,21,-6,21,-7,21,-8,21,-8,21,-9,21,-9,21,-9,21,-9,21,-9,21,-9,21,-8,21,-7,21,-7,22,-6,22,-6,22,-5,22,-5,22,-5,23,-5,24,-4,25,-5,13,-14,45,-14,44,-14,44,-13,43,-12,42,-11,41,-10,41,-9,40,-7,39,-6,39,-4,39,-3,40,-3,40,-3,40,-2,40,-3,39,-3,39,-4,38,-5,38,-6,36,-7,35,-8,33,-8,32,-9,32,-10,30,-11,29,-17,26,-18,25,-4,4,-2,1,0,-1,-1,-2,0,-1,-1,1,-1,5,-5,33,-7,33,-6,34,-8,34,-11,35,-13,35,-14,36,-16,37,-18,37,-20,37,-21,37,-22,37,-22,38,-22,38,-23,37,-23,38,-23,38,-22,38,-22,37,-20,37,-20,38,-19,39,-18,40,-17,41,-16,42,-15,43,-15,44,-15,44]"
CSI_DATA,277,5c:01:3b:6b:b0:95,-39,11,1,5,0,1,1,1,0,0,0,-97,1,11,0,34701085,0,86,1,256,1,"[86,-32,4,0,-7,-11,-8,-11,-7,-11,-7,-10,-7,-10,-7,-10,-8,-9,-8,-9,-8,-9,-8,-8,-8,-8,-9,-8,-9,-8,-9,-8,-9,-8,-8,-8,-8,-8,-7,-8,-7,-8,-7,-8,-6,-8,-6,-8,-6,-8,-5,-8,-5,-8,-2,-2,0,0,0,0,0,0,0,0,0,0,0,0,0,0,0,0,0,0,-2,-2,-7,-8,-7,-8,-6,-9,-6,-9,-6,-9,-6,-10,-6,-10,-5,-11,-5,-11,-5,-11,-5,-11,-5,-12,-4,-12,-4,-12,-5,-12,-5,-12,-5,-11,-5,-11,-5,-11,-6,-11,-6,-11,-6,-11,-6,-11,-7,-11,-7,-11,-7,-12,-8,-14,-26,-43,-25,-43,-25,-42,-24,-40,-24,-39,-24,-38,-25,-37,-25,-36,-27,-34,-28,-33,-30,-33,-30,-32,-31,-32,-31,-32,-30,-32,-29,-31,-28,-31,-27,-31,-26,-31,-24,-31,-23,-31,-21,-31,-20,-30,-19,-30,-17,-29,-15,-29,-11,-29,-9,-29,-2,-6,-1,-2,0,0,0,0,0,0,-2,-2,-5,-4,-25,-24,-24,-25,-24,-29,-22,-31,-21,-33,-20,-35,-19,-37,-18,-38,-17,-40,-16,-41,-16,-42,-15,-42,-15,-43,-14,-44,-14,-44,-14,-44,-14,-44,-15,-44,-15,-43,-16,-42,-16,-42,-18,-41,-19,-42,-20,-42,-21,-42,-23,-42,-24,-43,-24,-43]"
CSI_DATA,278,5c:01:3b:6b:b0:95,-40,11,1,6,0,1,1,1,0,0,0,-97,1,11,0,34732392,0,86,1,256,1,"[86,-32,4,0,5,11,5,11,5,11,5,10,5,10,5,10,5,9,5,9,6,9,6,8,6,8,6,8,6,8,6,8,6,9,6,9,6,9,5,9,5,8,4,8,4,8,3,8,3,8,3,8,2,8,0,2,0,0,0,0,0,0,0,0,0,0,0,0,0,0,0,0,0,0,1,1,5,7,5,8,5,8,4,9,4,9,4,10,4,10,3,10,3,11,3,11,3,11,3,11,2,11,2,11,2,11,2,11,3,11,3,11,3,11,3,11,4,11,4,11,4,11,4,11,5,12,5,12,3,14,13,46,13,45,13,45,13,44,13,43,14,42,15,40,15,39,16,38,18,37,19,36,20,36,20,35,20,35,20,35,19,36,19,36,18,36,17,36,14,35,13,34,11,33,10,32,9,32,8,31,6,31,-1,31,-4,31,-1,5,-1,1,-1,-1,-1,-1,-1,-1,1,1,3,5,20,29,18,30,17,31,15,32,13,34,12,36,11,38,10,39,9,41,7,42,6,43,6,44,6,44,6,45,6,44,5,44,4,45,4,45,5,44,6,44,6,44,7,44,8,44,10,45,11,44,12,45,14,46,14,45]"
CSI_DATA,279,5c:01:3b:6b:b0:95,-38,11,1,5,0,1,1,1,0,0,0,-97,1,11,0,34773219,0,86,1,256,1,"[86,-32,4,0,22,-2,22,-2,22,-3,21,-3,21,-4,21,-4,20,-5,19,-5,19,-6,19,-6,19,-6,19,-6,19,-7,19,-7,19,-7,19,-6,19,-6,18,-5,18,-5,17,-5,17,-4,16,-3,16,-2,15,-1,15,-1,3,0,0,0,0,0,0,0,0,0,0,0,0,0,0,0,0,0,0,0,4,-1,17,-4,17,-4,18,-3,19,-2,19,-1,20,-1,20,0,20,0,21,1,21,2,21,3,22,3,22,3,21,3,21,3,21,2,20,2,20,1,21,1,21,0,22,-1,22,-1,22,-1,22,-1,23,-1,24,-2,13,1,43,4,43,4,42,4,41,3,40,3,39,2,38,1,38,-1,37,-2,37,-3,37,-5,37,-6,37,-6,37,-6,37,-6,37,-5,36,-5,36,-5,35,-4,34,-3,33,-2,31,-1,30,0,30,1,28,3,27,4,26,12,24,13,4,2,1,0,-1,-1,-1,0,-1,-1,1,-1,5,-1,32,-2,32,1,32,-2,33,0,34,2,34,4,36,6,36,8,37,9,37,10,37,11,37,12,38,12,39,12,39,13,38,13,38,13,38,13,38,12,38,11,38,10,38,9,39,8,40,7,40,6,41,5,43,5,43,5]"
CSI_DATA,280,5c:01:3b:6b:b0:95,-41,11,1,5,0,1,1,1,0,0,0,-97,1,11,0,34801516,0,86,1,256,1,"[86,-32,4,0,-20,17,-19,16,-18,16,-17,16,-17,16,-16,16,-16,16,-15,17,-14,17,-13,17,-13,17,-13,18,-13,18,-12,18,-12,18,-13,18,-13,17,-13,17,-13,16,-13,15,-14,14,-13,13,-13,12,-13,12,-13,11,-4,2,0,0,0,0,0,0,0,0,0,0,0,0,0,0,0,0,0,0,-3,3,-13,14,-14,14,-15,13,-16,13,-17,13,-18,13,-19,12,-20,12,-20,11,-21,11,-21,11,-21,11,-21,11,-21,11,-21,11,-21,11,-20,12,-20,12,-20,12,-20,13,-20,13,-20,14,-19,15,-19,15,-20,16,-20,17,-13,7,-41,25,-41,25,-40,24,-39,24,-37,24,-36,24,-35,25,-34,25,-32,26,-30,27,-30,29,-29,30,-29,30,-29,30,-29,30,-29,29,-29,29,-29,28,-30,27,-29,25,-29,24,-29,22,-28,20,-28,19,-28,18,-28,16,-32,9,-32,7,-6,1,-2,0,0,-1,0,-1,0,-1,-2,1,-5,4,-27,22,-28,20,-28,22,-30,21,-33,19,-34,18,-36,17,-38,16,-40,16,-41,15,-41,14,-41,14,-42,14,-43,14,-43,14,-44,14,-43,14,-43,14,-42,15,-41,16,-41,16,-41,17,-40,18,-40,20,-40,21,-40,23,-41,24,-42,25]"
CSI_DATA,281,5c:01:3b:6b:b0:95,-41,11,1,5,0,1,1,1,0,0,0,-97,1,11,0,34833957,0,86,1,256,1,"[86,-32,4,0,2,25,3,24,3,23,3,22,4,22,4,22,5,21,5,21,6,20,7,20,7,19,7,19,7,20,8,20,8,20,7,20,7,20,6,20,5,19,5,19,4,18,3,17,3,17,2,17,1,17,0,4,0,0,0,0,0,0,0,0,0,0,0,0,0,0,0,0,0,0,1,4,4,17,3,18,2,19,1,20,0,20,0,21,-1,22,-2,22,-2,22,-3,22,-3,23,-3,23,-3,23,-3,23,-3,23,-3,23,-2,23,-2,22,-1,23,-1,23,0,23,0,23,1,23,1,24,2,25,2,25,-2,14,-4,47,-4,46,-3,46,-3,44,-2,43,-1,42,0,42,1,41,3,40,5,39,6,40,8,40,8,40,8,41,8,40,7,39,7,39,6,39,5,38,3,37,2,36,1,35,1,34,0,33,-2,32,-3,31,-11,30,-13,29,-3,5,-1,1,0,-1,-1,-2,0,-1,0,1,0,5,1,33,0,34,2,34,-1,35,-3,36,-5,37,-7,38,-9,39,-10,40,-12,40,-12,40,-13,40,-13,41,-13,42,-13,42,-14,42,-14,41,-13,41,-12,41,-11,41,-11,41,-10,42,-9,42,-7,43,-6,44,-4,45,-3,46,-3,47]"
CSI_DATA,282,5c:01:3b:6b:b0:95,-39,11,1,6,0,1,1,1,0,0,0,-97,1,11,0,34866387,0,86,1,256,1,"[86,-32,4,0,0,-13,0,-13,0,-12,-1,-12,-1,-12,-1,-12,-1,-12,-2,-11,-2,-11,-3,-11,-3,-11,-3,-11,-3,-11,-3,-11,-3,-11,-3,-11,-2,-11,-2,-11,-2,-10,-2,-10,-1,-10,-1,-10,-1,-9,0,-9,0,-9,0,-3,0,0,0,0,0,0,0,0,0,0,0,0,0,0,0,0,0,0,-1,-3,-2,-10,-1,-10,-1,-10,-1,-11,0,-11,0,-11,1,-11,1,-11,1,-12,2,-12,2,-12,2,-12,2,-12,2,-12,2,-12,2,-12,1,-12,1,-12,1,-12,1,-12,1,-12,1,-12,0,-12,0,-12,0,-13,0,-13,2,-15,7,-46,7,-46,8,-45,7,-44,7,-43,6,-43,5,-42,3,-42,1,-41,0,-41,-2,-41,-4,-42,-4,-42,-4,-42,-3,-41,-3,-40,-2,-40,-1,-40,0,-40,0,-38,2,-37,2,-36,3,-34,3,-33,5,-32,6,-30,14,-28,16,-27,2,-5,0,-2,-1,0,-1,0,-1,0,-1,-2,0,-6,2,-34,4,-34,1,-35,4,-36,6,-36,8,-37,9,-38,11,-39,13,-39,15,-39,15,-39,15,-40,16,-40,16,-41,17,-41,17,-41,17,-40,16,-40,16,-40,14,-40,14,-41,13,-41,12,-42,11,-42,10,-42,9,-44,9,-45,9,-46]"
CSI_DATA,283,5c:01:3b:6b:b0:95,-41,11,1,6,0,1,1,1,0,0,0,-97,1,11,0,34899830,0,86,1,256,1,"[86,-32,4,0,-9,-12,-9,-11,-8,-11,-8,-10,-9,-10,-8,-10,-8,-9,-9,-9,-9,-9,-9,-8,-10,-8,-10,-8,-10,-8,-10,-8,-10,-8,-9,-8,-9,-8,-9,-8,-8,-8,-8,-8,-7,-8,-7,-8,-6,-8,-6,-8,-6,-8,-2,-2,0,0,0,0,0,0,0,0,0,0,0,0,0,0,0,0,0,0,-2,-2,-8,-8,-8,-9,-8,-9,-7,-10,-7,-10,-7,-11,-7,-11,-6,-11,-6,-11,-6,-12,-6,-12,-6,-12,-6,-12,-6,-12,-5,-12,-6,-12,-6,-12,-6,-12,-7,-12,-7,-12,-7,-11,-7,-11,-8,-11,-8,-11,-8,-12,-8,-12,-7,-15,-23,-48,-23,-47,-22,-46,-22,-45,-22,-43,-22,-42,-23,-41,-23,-40,-25,-38,-26,-37,-28,-36,-29,-35,-30,-35,-30,-35,-29,-35,-28,-35,-27,-35,-26,-35,-25,-36,-23,-35,-22,-35,-20,-34,-19,-33,-18,-33,-16,-32,-14,-32,-5,-34,-3,-33,-1,-6,-1,-2,-1,0,0,0,0,0,-2,-2,-4,-6,-21,-32,-20,-34,-22,-34,-21,-36,-19,-38,-18,-39,-16,-41,-15,-42,-13,-44,-12,-45,-12,-46,-11,-46,-12,-47,-12,-48,-11,-47,-11,-47,-10,-47,-11,-47,-12,-46,-13,-46,-13,-46,-14,-46,-15,-46,-17,-46,-19,-46,-21,-46,-22,-47,-23,-48]"
CSI_DATA,284,5c:01:3b:6b:b0:95,-45,11,1,6,0,1,1,1,0,0,0,-97,1,11,0,34932326,0,86,1,256,1,"[86,-32,4,0,24,1,24,0,23,0,23,-1,23,-1,22,-1,21,-2,20,-3,20,-3,20,-4,20,-4,20,-5,20,-5,20,-5,20,-5,21,-5,20,-4,20,-4,19,-3,19,-2,18,-2,18,-1,17,0,16,0,16,1,4,0,0,0,0,0,0,0,0,0,0,0,0,0,0,0,0,0,0,0,4,-1,18,-2,19,-2,19,-1,20,0,21,1,21,2,21,3,21,4,22,4,22,5,23,6,23,6,22,6,22,6,22,5,22,5,22,4,22,4,22,4,23,3,23,3,23,2,23,2,24,2,25,2,25,1,13,3,45,10,44,10,43,10,42,10,42,9,41,8,40,7,40,5,39,3,39,2,39,0,39,-1,39,-1,39,-1,39,-1,39,-1,39,0,38,0,38,1,36,3,35,4,33,4,32,5,31,6,30,7,29,8,26,16,24,17,4,3,1,1,-1,-1,-2,-1,-1,-1,1,-1,6,0,34,3,34,6,34,2,35,5,36,7,36,9,37,11,37,13,38,15,38,17,38,18,38,18,39,19,39,19,39,19,38,19,38,19,38,18,38,18,38,17,39,16,39,15,40,15,41,13,41,12,43,12,44,11,45,11]"
CSI_DATA,285,5c:01:3b:6b:b0:95,-43,11,1,6,0,1,1,1,0,0,0,-97,1,11,0,34966560,0,86,1,256,1,"[86,-32,4,0,7,11,7,11,7,10,7,10,7,10,7,10,7,9,7,8,7,8,8,7,8,7,8,7,8,7,8,7,8,7,8,7,7,8,7,8,7,7,6,7,5,7,5,7,5,7,4,7,4,7,1,1,0,0,0,0,0,0,0,0,0,0,0,0,0,0,0,0,0,0,1,1,7,7,6,8,6,8,6,9,6,9,5,10,5,11,5,11,4,11,4,11,5,12,5,12,5,12,5,12,4,11,4,11,5,11,5,11,5,11,5,11,5,11,6,11,6,11,7,11,7,11,7,11,5,14,20,47,19,46,19,45,18,44,18,43,19,42,20,40,20,39,21,37,22,36,24,34,25,34,26,35,26,35,25,35,24,34,23,34,23,34,22,34,20,33,18,32,17,32,15,31,14,31,12,30,10,30,3,32,1,31,-1,5,-1,1,-1,-1,-1,-1,-1,-1,1,1,3,5,20,32,18,33,20,33,18,35,16,37,15,39,14,40,13,42,12,44,10,44,9,45,8,46,8,47,8,47,8,47,8,47,7,47,8,48,9,47,10,45,12,45,12,46,13,45,14,46,16,45,17,46,19,47,19,47]"
CSI_DATA,286,5c:01:3b:6b:b0:95,-45,11,1,6,0,1,1,1,0,0,0,-97,1,11,0,34999290,0,86,1,256,1,"[86,-32,4,0,-17,3,-16,3,-15,3,-15,3,-15,3,-14,4,-14,4,-14,4,-13,4,-13,5,-13,5,-13,5,-13,6,-13,6,-13,6,-13,5,-13,5,-12,5,-12,4,-12,4,-12,3,-11,3,-11,2,-11,2,-11,2,-3,0,0,0,0,0,0,0,0,0,0,0,0,0,0,0,0,0,0,0,-3,0,-12,3,-12,3,-13,2,-14,2,-14,1,-14,1,-15,0,-15,0,-15,-1,-15,-1,-16,-1,-16,-1,-16,-1,-16,-1,-16,-1,-16,-1,-15,-1,-15,0,-15,0,-15,1,-16,1,-16,1,-16,2,-16,2,-17,2,-17,2,-10,-1,-32,0,-31,0,-30,0,-29,0,-28,0,-28,1,-28,2,-27,2,-26,3,-26,4,-26,5,-26,6,-26,6,-26,6,-26,6,-25,6,-25,6,-24,5,-24,5,-24,4,-23,3,-22,3,-22,2,-21,1,-21,0,-20,0,-20,-5,-19,-6,-4,-2,-1,-1,0,-1,0,-1,0,-1,-2,0,-4,0,-22,3,-22,2,-23,2,-24,1,-25,-1,-25,-2,-26,-3,-26,-4,-27,-5,-27,-6,-28,-6,-28,-6,-28,-6,-28,-7,-28,-7,-28,-7,-29,-7,-29,-7,-28,-6,-28,-6,-28,-5,-29,-4,-29,-3,-29,-3,-29,-2,-30,-1,-31,0,-31,0]"
CSI_DATA,287,5c:01:3b:6b:b0:95,-44,11,1,6,0,1,1,1,0,0,0,-97,1,11,0,35032302,0,86,1,256,1,"[86,-32,4,0,-16,-5,-16,-5,-15,-4,-15,-4,-15,-4,-15,-3,-14,-3,-14,-3,-14,-2,-14,-2,-14,-1,-14,-1,-14,-1,-14,-1,-14,-1,-14,-1,-14,-2,-13,-2,-13,-2,-13,-3,-12,-3,-12,-3,-11,-3,-11,-4,-10,-4,-3,-1,0,0,0,0,0,0,0,0,0,0,0,0,0,0,0,0,0,0,-3,-1,-12,-2,-12,-2,-13,-3,-13,-4,-13,-4,-13,-5,-13,-5,-13,-6,-13,-6,-14,-7,-14,-7,-14,-7,-14,-7,-13,-7,-13,-7,-14,-7,-14,-7,-14,-6,-14,-6,-14,-6,-15,-6,-15,-5,-15,-5,-15,-5,-16,-5,-16,-5,-18,-10,-56,-27,-55,-27,-53,-26,-52,-25,-51,-24,-51,-22,-51,-21,-51,-19,-50,-17,-50,-16,-50,-14,-50,-13,-51,-13,-51,-12,-51,-12,-50,-12,-50,-13,-49,-14,-48,-14,-46,-15,-44,-16,-42,-17,-40,-17,-39,-18,-36,-19,-34,-20,-28,-28,-26,-30,-5,-6,-2,-2,0,0,1,0,0,0,-3,-1,-8,-3,-42,-13,-41,-16,-43,-13,-43,-16,-44,-19,-44,-22,-45,-24,-45,-26,-45,-28,-45,-30,-45,-32,-44,-33,-45,-34,-45,-35,-44,-35,-44,-35,-44,-35,-45,-35,-45,-33,-45,-32,-46,-31,-47,-31,-48,-30,-50,-29,-51,-28,-52,-27,-54,-27,-55,-27]"
CSI_DATA,288,5c:01:3b:6b:b0:95,-39,11,1,5,0,1,1,1,0,0,0,-97,1,11,0,35068275,0,86,1,256,1,"[86,-32,4,0,4,11,4,11,5,10,5,10,5,10,5,9,5,9,5,9,6,8,6,8,6,8,6,8,6,8,6,8,6,8,6,8,6,8,5,8,5,8,5,8,4,8,4,8,3,8,3,7,2,7,0,1,0,0,0,0,0,0,0,0,0,0,0,0,0,0,0,0,0,0,1,1,4,7,4,8,4,8,4,9,3,9,3,9,3,10,3,10,3,11,2,11,2,11,2,11,2,11,2,11,2,11,2,11,2,11,2,10,3,10,3,10,4,11,4,11,4,11,4,11,4,12,5,11,2,14,10,46,9,45,9,44,9,42,10,41,11,40,11,39,12,38,14,37,15,36,17,36,18,35,18,36,18,36,18,36,17,35,16,35,16,35,15,35,13,34,12,33,11,32,9,32,8,31,6,30,4,30,-3,31,-5,30,-2,5,-1,1,-1,-1,-1,-2,-1,-1,0,1,2,5,12,30,10,31,12,31,10,32,8,34,7,36,6,37,5,38,3,40,2,41,1,41,1,42,1,43,1,43,1,43,0,44,0,43,0,43,1,42,1,41,2,41,4,42,5,42,7,43,8,43,9,44,10,45,10,45]"
CSI_DATA,289,5c:01:3b:6b:b0:95,-40,11,1,6,0,1,1,1,0,0,0,-97,1,11,0,35099287,0,86,1,256,1,"[86,-32,4,0,-5,-14,-5,-13,-5,-13,-5,-13,-6,-13,-6,-12,-6,-12,-6,-12,-7,-11,-7,-11,-7,-11,-7,-10,-7,-10,-7,-10,-8,-11,-7,-10,-7,-11,-7,-10,-6,-10,-6,-10,-5,-10,-5,-10,-5,-10,-4,-10,-4,-10,-1,-3,0,0,0,0,0,0,0,0,0,0,0,0,0,0,0,0,0,0,-2,-3,-5,-10,-4,-10,-4,-11,-3,-12,-3,-12,-3,-12,-3,-13,-2,-13,-2,-13,-1,-13,-1,-14,-1,-14,-1,-14,-2,-13,-2,-14,-2,-14,-2,-13,-2,-13,-3,-13,-3,-13,-3,-14,-4,-13,-4,-13,-4,-13,-4,-14,-5,-14,-6,-17,-16,-53,-16,-52,-16,-51,-16,-50,-16,-48,-17,-47,-18,-46,-19,-45,-21,-44,-23,-42,-25,-41,-26,-39,-26,-39,-26,-39,-26,-39,-25,-39,-24,-39,-24,-39,-23,-39,-21,-38,-19,-38,-18,-37,-17,-36,-16,-36,-14,-35,-12,-35,-8,-35,-6,-34,-1,-7,-1,-3,-1,0,0,0,0,0,-2,-2,-4,-6,-21,-32,-19,-33,-15,-36,-13,-39,-11,-41,-9,-43,-8,-44,-6,-46,-5,-47,-4,-48,-4,-48,-4,-49,-4,-50,-4,-50,-4,-50,-3,-51,-3,-51,-3,-51,-4,-50,-5,-49,-6,-49,-7,-50,-9,-50,-11,-51,-13,-50,-15,-50,-16,-51,-16,-52]"
CSI_DATA,290,5c:01:3b:6b:b0:95,-43,11,1,5,0,1,1,1,0,0,0,-97,1,11,0,35134230,0,86,1,256,1,"[86,-32,4,0,-27,-6,-27,-6,-26,-5,-25,-5,-25,-4,-25,-4,-24,-3,-24,-2,-24,-1,-24,0,-24,0,-24,1,-24,1,-23,1,-24,1,-24,0,-23,0,-22,-1,-22,-2,-21,-2,-21,-3,-20,-3,-19,-3,-18,-4,-18,-4,-5,-2,0,0,0,0,0,0,0,0,0,0,0,0,0,0,0,0,0,0,-5,-1,-20,-1,-21,-3,-21,-4,-22,-5,-22,-6,-23,-7,-23,-8,-23,-9,-23,-10,-23,-10,-24,-10,-24,-11,-24,-11,-23,-10,-23,-10,-24,-10,-24,-9,-23,-9,-24,-9,-24,-8,-25,-8,-25,-8,-25,-7,-26,-6,-27,-6,-27,-6,-16,-5,-51,-16,-50,-16,-49,-15,-48,-14,-47,-13,-46,-12,-46,-11,-45,-9,-45,-7,-45,-6,-45,-4,-45,-3,-45,-3,-46,-3,-45,-3,-45,-3,-44,-4,-44,-4,-43,-5,-41,-6,-40,-7,-38,-8,-37,-9,-36,-9,-34,-10,-32,-12,-30,-16,-28,-18,-5,-4,-2,-2,0,0,0,-1,0,0,-2,0,-7,-1,-36,-3,-37,-5,-38,-6,-38,-9,-39,-12,-40,-14,-40,-15,-41,-17,-41,-19,-42,-21,-42,-22,-42,-23,-42,-24,-42,-24,-42,-24,-42,-25,-42,-24,-43,-24,-43,-23,-43,-22,-43,-21,-44,-20,-45,-19,-46,-18,-47,-17,-48,-16,-49,-16,-50,-16]"
CSI_DATA,291,5c:01:3b:6b:b0:95,-43,11,1,5,0,1,1,1,0,0,0,-97,1,11,0,35168395,0,86,1,256,1,"[86,-32,4,0,-16,22,-15,22,-14,21,-14,21,-13,21,-12,21,-11,21,-10,21,-9,21,-9,21,-9,21,-8,21,-8,21,-8,21,-8,21,-8,21,-8,21,-9,20,-9,19,-9,18,-10,17,-10,16,-10,16,-10,15,-10,15,-3,3,0,0,0,0,0,0,0,0,0,0,0,0,0,0,0,0,0,0,-3,4,-10,17,-10,17,-12,17,-13,17,-14,17,-15,17,-16,17,-17,17,-17,17,-18,17,-19,17,-19,17,-19,16,-19,16,-18,16,-18,17,-17,17,-17,17,-17,18,-17,18,-16,19,-16,19,-16,20,-16,21,-16,21,-16,22,-11,12,-32,40,-32,40,-31,39,-30,38,-29,38,-28,37,-26,37,-25,37,-22,38,-21,38,-19,39,-18,40,-18,40,-18,40,-18,40,-19,39,-19,39,-19,38,-19,37,-20,35,-20,34,-20,32,-20,30,-20,29,-21,27,-22,26,-25,22,-26,20,-5,3,-2,0,0,-1,0,-2,0,-1,-1,1,-3,5,-16,32,-18,31,-20,31,-23,30,-25,30,-27,30,-30,30,-32,29,-34,29,-35,29,-36,28,-37,28,-37,29,-38,29,-38,29,-38,29,-38,29,-38,29,-37,30,-36,30,-36,31,-35,32,-34,33,-33,35,-32,36,-32,37,-33,39,-33,39]"
CSI_DATA,292,5c:01:3b:6b:b0:95,-40,11,1,6,0,1,1,1,0,0,0,-97,1,11,0,35199297,0,86,1,256,1,"[86,-32,4,0,-15,-2,-15,-2,-14,-2,-13,-1,-13,-1,-13,-1,-13,-1,-12,0,-12,0,-13,1,-12,1,-12,1,-12,1,-12,1,-12,1,-12,1,-12,1,-12,0,-11,0,-11,0,-11,-1,-10,-1,-10,-1,-10,-1,-10,-2,-3,-1,0,0,0,0,0,0,0,0,0,0,0,0,0,0,0,0,0,0,-3,-1,-11,-1,-11,-1,-11,-2,-11,-2,-12,-2,-12,-3,-12,-3,-12,-4,-12,-4,-12,-4,-12,-5,-13,-5,-13,-5,-12,-5,-12,-5,-13,-5,-12,-4,-12,-4,-13,-4,-13,-3,-13,-3,-14,-3,-13,-3,-14,-3,-14,-3,-15,-3,-16,-7,-50,-17,-50,-18,-49,-18,-48,-18,-46,-17,-46,-16,-45,-14,-45,-12,-44,-10,-44,-8,-45,-7,-45,-6,-45,-5,-45,-6,-44,-6,-44,-6,-43,-6,-43,-7,-42,-8,-41,-9,-39,-10,-37,-10,-36,-11,-35,-11,-33,-12,-32,-13,-26,-22,-24,-23,-5,-5,-2,-2,0,0,1,0,0,0,-2,-1,-7,-2,-36,-9,-36,-11,-38,-8,-38,-11,-39,-14,-39,-16,-39,-18,-40,-20,-40,-22,-40,-23,-40,-24,-40,-25,-41,-25,-41,-26,-41,-27,-41,-27,-41,-27,-42,-26,-41,-25,-41,-24,-42,-24,-43,-23,-44,-22,-45,-21,-46,-20,-48,-19,-49,-19,-50,-19]"
CSI_DATA,293,5c:01:3b:6b:b0:95,-44,11,1,6,0,1,1,1,0,0,0,-97,1,11,0,35232240,0,86,1,256,1,"[86,-32,4,0,15,-1,15,-1,14,-1,14,-1,14,-1,14,-2,13,-2,13,-2,13,-3,13,-3,13,-4,12,-4,13,-4,13,-4,13,-4,13,-4,13,-3,12,-3,12,-2,11,-2,11,-1,11,-1,10,-1,10,0,10,0,2,0,0,0,0,0,0,0,0,0,0,0,0,0,0,0,0,0,0,0,2,-1,11,-3,11,-2,12,-2,12,-2,12,-1,13,0,13,0,13,1,13,1,14,1,14,2,14,2,14,2,14,2,14,2,14,2,14,1,13,1,14,1,14,1,14,0,14,0,14,0,15,0,16,-1,16,-1,8,2,28,7,27,6,26,6,26,6,25,6,25,5,25,4,24,4,24,2,24,1,24,0,24,0,24,0,24,0,24,0,24,0,24,0,24,1,23,2,22,2,21,3,20,3,19,4,19,4,18,4,17,5,15,11,14,12,2,2,0,0,-1,-1,-1,-1,-1,-1,1,0,3,0,20,3,20,4,20,1,21,2,21,4,21,5,22,6,22,7,22,9,22,10,22,10,23,10,23,10,24,11,24,11,23,11,23,11,23,11,23,10,23,10,23,10,24,9,24,9,25,8,26,7,27,7,27,6,28,6]"
CSI_DATA,294,5c:01:3b:6b:b0:95,-38,11,1,5,0,1,1,1,0,0,0,-97,1,11,0,35268382,0,86,1,256,1,"[86,-32,4,0,-5,-13,-5,-12,-5,-12,-5,-11,-5,-11,-5,-11,-5,-10,-6,-10,-6,-10,-6,-10,-6,-10,-7,-10,-7,-10,-7,-10,-7,-10,-7,-10,-6,-10,-6,-10,-5,-10,-5,-9,-5,-9,-4,-9,-4,-9,-3,-9,-3,-9,-1,-2,0,0,0,0,0,0,0,0,0,0,0,0,0,0,0,0,0,0,-2,-3,-5,-9,-4,-9,-4,-10,-4,-10,-3,-10,-3,-11,-3,-11,-2,-11,-2,-12,-2,-12,-2,-13,-2,-13,-2,-12,-2,-12,-2,-12,-2,-12,-2,-12,-3,-12,-3,-12,-3,-12,-3,-12,-4,-12,-4,-12,-4,-12,-4,-13,-4,-13,-5,-15,-14,-48,-14,-48,-14,-46,-14,-45,-14,-43,-14,-42,-15,-42,-16,-40,-17,-39,-18,-39,-20,-39,-21,-38,-22,-38,-22,-38,-22,-37,-21,-37,-20,-36,-19,-36,-18,-36,-17,-36,-15,-35,-14,-34,-13,-34,-12,-33,-10,-32,-9,-31,-4,-31,-2,-31,0,-6,0,-2,-1,0,0,0,0,0,-2,-2,-4,-6,-17,-29,-15,-31,-15,-33,-13,-35,-11,-37,-10,-39,-8,-40,-7,-41,-6,-43,-4,-43,-3,-44,-3,-44,-3,-45,-3,-46,-2,-45,-2,-45,-2,-45,-3,-45,-4,-45,-5,-44,-5,-44,-6,-44,-8,-45,-9,-46,-10,-45,-11,-46,-12,-47,-12,-48]"
CSI_DATA,295,5c:01:3b:6b:b0:95,-38,11,1,5,0,1,1,1,0,0,0,-97,1,11,0,35299263,0,86,1,256,1,"[86,-32,4,0,-14,-20,-14,-20,-14,-19,-14,-18,-14,-18,-14,-17,-14,-16,-14,-16,-15,-15,-16,-15,-16,-14,-16,-14,-16,-14,-16,-14,-16,-14,-16,-14,-15,-14,-14,-14,-13,-14,-13,-14,-12,-14,-11,-13,-11,-13,-10,-14,-9,-14,-3,-4,0,0,0,0,0,0,0,0,0,0,0,0,0,0,0,0,0,0,-3,-4,-12,-14,-11,-15,-11,-16,-10,-17,-10,-18,-10,-19,-9,-20,-9,-20,-8,-20,-8,-21,-8,-22,-8,-22,-8,-22,-8,-22,-8,-22,-8,-21,-9,-21,-9,-20,-9,-20,-10,-20,-11,-21,-11,-20,-12,-20,-13,-20,-14,-21,-14,-21,-5,-14,-16,-43,-15,-42,-15,-41,-15,-40,-15,-39,-16,-38,-16,-37,-18,-36,-19,-34,-20,-33,-21,-32,-22,-32,-22,-32,-22,-32,-22,-32,-22,-31,-21,-31,-21,-30,-20,-31,-18,-30,-17,-30,-16,-29,-15,-29,-14,-28,-12,-28,-10,-27,-1,-29,1,-29,0,-6,0,-2,-1,0,0,0,0,0,-1,-2,-3,-6,-12,-30,-10,-31,-15,-31,-13,-32,-11,-34,-10,-35,-9,-37,-8,-38,-7,-39,-6,-39,-5,-40,-5,-40,-5,-41,-5,-41,-5,-42,-4,-42,-4,-42,-5,-42,-5,-41,-6,-41,-7,-41,-8,-40,-10,-40,-11,-41,-13,-40,-14,-41,-15,-42,-15,-43]"
CSI_DATA,296,5c:01:3b:6b:b0:95,-37,11,1,5,0,1,1,1,0,0,0,-97,1,11,0,35332785,0,86,1,256,1,"[86,-32,4,0,4,-13,4,-13,4,-12,3,-12,3,-12,3,-12,2,-12,2,-12,2,-12,1,-12,1,-12,1,-12,1,-12,1,-12,1,-12,1,-12,1,-12,2,-12,2,-11,2,-11,2,-10,2,-10,3,-9,3,-9,3,-9,0,-3,0,0,0,0,0,0,0,0,0,0,0,0,0,0,0,0,0,0,0,-3,2,-10,2,-10,3,-10,3,-11,4,-11,4,-11,5,-11,5,-11,6,-11,6,-11,6,-11,6,-11,6,-11,6,-11,6,-11,6,-11,6,-11,5,-11,5,-11,5,-11,5,-12,5,-12,5,-12,5,-12,5,-13,5,-13,7,-14,24,-44,24,-44,24,-43,23,-42,22,-41,21,-40,20,-40,18,-40,16,-40,15,-41,13,-42,11,-42,11,-43,12,-43,12,-43,12,-42,13,-41,13,-41,14,-40,15,-38,15,-36,15,-35,16,-33,16,-31,16,-30,17,-28,24,-22,25,-20,4,-4,1,-1,-1,0,-1,1,-1,0,0,-2,2,-6,14,-33,16,-33,13,-35,16,-35,18,-35,20,-34,23,-34,25,-34,27,-34,28,-34,30,-34,30,-34,31,-34,31,-35,31,-35,32,-34,31,-34,31,-35,30,-35,29,-35,28,-35,28,-36,27,-37,26,-39,25,-40,25,-41,25,-43,25,-43]"
CSI_DATA,297,5c:01:3b:6b:b0:95,-36,11,1,5,0,1,1,1,0,0,0,-97,1,11,0,35366404,0,86,1,256,1,"[86,-32,4,0,6,12,6,11,6,11,6,10,6,10,6,10,6,9,6,9,7,9,7,9,7,8,7,8,7,8,7,8,7,8,7,8,7,8,7,8,6,8,6,8,5,8,5,8,4,8,4,8,4,8,0,2,0,0,0,0,0,0,0,0,0,0,0,0,0,0,0,0,0,0,1,2,5,8,5,8,5,9,4,9,4,10,4,10,3,11,3,11,3,11,3,12,3,12,3,12,2,12,3,12,3,12,3,12,3,11,3,11,3,11,4,11,4,11,5,11,5,11,5,12,5,12,6,12,4,14,16,48,16,48,16,47,16,45,16,44,17,43,17,42,18,40,19,39,21,38,23,37,24,36,25,36,25,37,24,37,24,37,23,37,22,36,21,36,19,36,17,35,15,34,14,34,13,33,12,32,9,32,2,34,0,34,-1,6,-1,1,-1,-1,-1,-1,-1,-1,1,1,3,5,18,30,16,32,16,33,15,35,13,37,11,39,9,41,8,43,6,44,5,45,5,45,5,46,5,47,5,48,5,48,5,48,5,47,6,47,6,46,6,45,7,45,8,46,9,46,11,47,13,47,15,47,16,48,17,48]"
CSI_DATA,298,5c:01:3b:6b:b0:95,-34,11,1,4,0,1,1,1,0,0,0,-97,1,11,0,35401163,0,86,1,256,1,"[86,-32,4,0,-6,-12,-6,-12,-6,-12,-6,-11,-6,-11,-6,-11,-7,-10,-7,-10,-7,-10,-8,-10,-8,-9,-8,-9,-8,-9,-8,-9,-8,-9,-8,-9,-8,-9,-7,-9,-7,-9,-6,-9,-6,-9,-5,-9,-5,-8,-5,-8,-4,-8,-1,-2,0,0,0,0,0,0,0,0,0,0,0,0,0,0,0,0,0,0,-2,-3,-5,-9,-5,-10,-4,-10,-4,-11,-4,-11,-4,-11,-3,-12,-3,-12,-3,-12,-2,-12,-2,-13,-2,-13,-2,-13,-2,-12,-3,-12,-3,-12,-3,-12,-3,-12,-4,-12,-4,-12,-4,-12,-5,-12,-5,-12,-5,-12,-5,-13,-6,-13,-5,-15,-17,-47,-17,-47,-16,-46,-17,-45,-18,-44,-19,-43,-19,-42,-19,-40,-21,-39,-22,-38,-24,-37,-25,-36,-26,-36,-26,-36,-25,-36,-25,-36,-24,-36,-22,-36,-22,-36,-20,-35,-19,-36,-18,-35,-17,-34,-15,-33,-14,-32,-12,-33,-5,-33,-3,-32,-1,-6,-1,-2,-1,0,0,0,0,0,-2,-2,-4,-6,-18,-32,-16,-33,-15,-35,-13,-37,-11,-39,-10,-41,-9,-42,-8,-42,-7,-44,-5,-44,-4,-45,-4,-46,-5,-47,-4,-47,-4,-47,-4,-47,-4,-47,-4,-46,-5,-46,-6,-45,-7,-45,-9,-45,-11,-46,-12,-46,-13,-46,-15,-47,-16,-48,-16,-49]"
CSI_DATA,299,5c:01:3b:6b:b0:95,-36,11,1,5,0,1,1,1,0,0,0,-97,1,11,0,35433904,0,86,1,256,1,"[86,-32,4,0,-17,-19,-17,-19,-17,-18,-16,-17,-16,-16,-16,-16,-16,-15,-17,-15,-17,-14,-18,-13,-18,-12,-18,-12,-18,-12,-18,-13,-18,-13,-18,-13,-17,-14,-16,-14,-15,-14,-15,-14,-14,-14,-13,-13,-12,-14,-11,-14,-11,-14,-3,-4,0,0,0,0,0,0,0,0,0,0,0,0,0,0,0,0,0,0,-4,-3,-14,-12,-14,-13,-14,-14,-14,-15,-13,-16,-13,-17,-13,-18,-12,-19,-12,-19,-12,-20,-12,-20,-12,-21,-12,-20,-12,-20,-12,-20,-12,-20,-12,-19,-13,-19,-13,-19,-14,-19,-14,-19,-15,-19,-15,-18,-16,-19,-17,-19,-17,-20,-7,-13,-23,-41,-23,-40,-22,-39,-22,-38,-22,-37,-22,-36,-23,-35,-23,-34,-24,-32,-25,-31,-27,-31,-28,-29,-29,-30,-29,-30,-28,-30,-27,-30,-26,-30,-26,-30,-25,-30,-23,-30,-21,-30,-20,-29,-19,-29,-18,-29,-16,-28,-14,-28,-6,-31,-4,-31,-1,-6,0,-2,0,0,0,0,0,0,-2,-2,-4,-5,-18,-29,-17,-30,-21,-28,-19,-30,-18,-32,-17,-33,-16,-35,-15,-37,-14,-38,-13,-39,-13,-40,-13,-40,-13,-40,-13,-41,-13,-41,-12,-42,-12,-41,-13,-41,-13,-40,-14,-40,-14,-39,-15,-39,-17,-40,-18,-40,-20,-39,-21,-40,-22,-40,-23,-41]"
CSI_DATA,300,5c:01:3b:6b:b0:95,-35,11,1,5,0,1,1,1,0,0,0,-97,1,11,0,35469898,0,86,1,256,1,"[86,-32,4,0,-8,-11,-8,-11,-8,-10,-8,-10,-8,-10,-8,-9,-8,-9,-8,-9,-8,-9,-8,-9,-9,-8,-9,-8,-9,-8,-9,-8,-9,-8,-9,-8,-9,-8,-8,-8,-8,-8,-7,-8,-7,-8,-6,-8,-6,-8,-5,-8,-5,-8,-2,-2,0,0,0,0,0,0,0,0,0,0,0,0,0,0,0,0,0,0,-2,-2,-7,-8,-6,-8,-6,-9,-6,-9,-6,-10,-6,-10,-6,-11,-5,-11,-5,-11,-5,-12,-4,-12,-4,-12,-4,-12,-4,-12,-5,-11,-5,-12,-5,-11,-5,-11,-6,-11,-6,-11,-7,-11,-7,-11,-7,-11,-7,-11,-7,-11,-7,-12,-10,-13,-30,-41,-30,-41,-29,-40,-29,-39,-29,-37,-29,-36,-29,-35,-30,-34,-30,-32,-31,-31,-33,-30,-34,-29,-34,-29,-35,-29,-34,-29,-34,-29,-32,-29,-31,-29,-30,-29,-28,-29,-27,-30,-26,-29,-24,-29,-23,-29,-21,-29,-19,-29,-16,-29,-14,-29,-3,-6,-1,-2,-1,0,0,0,0,0,-2,-1,-5,-4,-27,-22,-26,-24,-25,-28,-24,-30,-23,-33,-21,-35,-20,-37,-20,-38,-19,-40,-18,-40,-18,-41,-17,-42,-17,-43,-17,-43,-17,-43,-17,-44,-18,-43,-19,-43,-19,-42,-19,-41,-20,-41,-21,-41,-22,-41,-24,-41,-25,-41,-27,-40,-28,-40,-28,-41]"
CSI_DATA,301,5c:01:3b:6b:b0:95,-36,11,1,5,0,1,1,1,0,0,0,-97,1,11,0,35499238,0,86,1,256,1,"[86,-32,4,0,-22,9,-22,9,-21,9,-20,9,-20,10,-19,10,-19,10,-18,11,-17,11,-17,12,-17,12,-17,12,-17,13,-17,12,-17,12,-17,12,-17,12,-17,11,-16,10,-16,9,-16,8,-16,8,-16,7,-15,6,-15,6,-4,1,0,0,0,0,0,0,0,0,0,0,0,0,0,0,0,0,0,0,-4,2,-16,8,-17,7,-17,6,-18,6,-19,6,-20,5,-21,5,-21,4,-21,4,-21,3,-22,3,-22,3,-22,3,-22,3,-22,3,-22,3,-22,4,-21,4,-22,5,-22,6,-22,7,-21,7,-21,7,-22,8,-23,8,-23,9,-14,5,-43,17,-43,16,-42,16,-40,17,-39,17,-38,17,-37,18,-36,19,-34,20,-33,21,-33,22,-32,23,-32,23,-32,24,-32,24,-32,23,-32,23,-32,22,-32,21,-31,19,-31,17,-31,16,-30,15,-30,13,-29,12,-29,10,-30,7,-29,5,-6,0,-2,0,0,-1,0,-1,0,-1,-2,1,-5,3,-27,18,-28,16,-30,14,-32,13,-34,11,-35,10,-37,9,-38,8,-39,7,-40,6,-41,6,-41,5,-41,5,-42,5,-42,5,-42,5,-42,5,-42,5,-41,6,-41,7,-41,8,-41,9,-41,11,-41,12,-41,13,-42,14,-42,15,-43,15]"
CSI_DATA,302,5c:01:3b:6b:b0:95,-39,11,1,5,0,1,1,1,0,0,0,-97,1,11,0,35532204,0,86,1,256,1,"[86,-32,4,0,-7,-25,-7,-25,-7,-24,-7,-23,-7,-23,-8,-22,-8,-22,-9,-21,-9,-21,-10,-20,-11,-20,-11,-20,-11,-20,-11,-20,-11,-20,-10,-20,-10,-20,-9,-20,-8,-20,-7,-20,-6,-19,-5,-18,-5,-18,-4,-18,-4,-18,-1,-5,0,0,0,0,0,0,0,0,0,0,0,0,0,0,0,0,0,0,-2,-5,-8,-18,-7,-19,-7,-20,-6,-21,-5,-21,-4,-22,-4,-23,-3,-23,-2,-23,-2,-24,-2,-24,-2,-25,-2,-24,-2,-24,-2,-24,-2,-24,-3,-24,-3,-23,-3,-23,-4,-23,-4,-24,-5,-24,-5,-24,-6,-24,-7,-25,-7,-26,-1,-15,-5,-48,-4,-48,-4,-47,-5,-46,-5,-44,-6,-43,-7,-43,-8,-42,-9,-41,-11,-41,-12,-41,-13,-40,-14,-40,-14,-41,-13,-40,-13,-40,-12,-39,-11,-39,-10,-39,-9,-38,-7,-38,-6,-37,-5,-35,-4,-34,-2,-33,0,-32,8,-31,10,-30,2,-6,0,-2,-1,0,0,0,0,0,-1,-2,-2,-7,-8,-35,-6,-35,-9,-35,-7,-36,-5,-38,-3,-39,-2,-40,0,-41,1,-42,3,-43,4,-43,4,-44,5,-45,5,-45,5,-45,6,-44,6,-44,5,-44,4,-44,3,-44,3,-43,1,-44,0,-45,-1,-46,-2,-46,-3,-47,-4,-48,-4,-48]"
CSI_DATA,303,5c:01:3b:6b:b0:95,-41,11,1,5,0,1,1,1,0,0,0,-97,1,11,0,35569211,0,86,1,256,1,"[86,-32,4,0,17,-20,17,-19,16,-19,15,-19,15,-19,14,-19,13,-19,12,-19,11,-20,11,-20,11,-20,10,-20,10,-20,10,-20,10,-20,11,-20,11,-19,11,-19,11,-18,11,-17,12,-15,12,-14,12,-14,12,-13,12,-12,3,-3,0,0,0,0,0,0,0,0,0,0,0,0,0,0,0,0,0,0,2,-5,10,-18,11,-17,12,-17,13,-17,15,-17,16,-17,17,-17,18,-16,18,-16,19,-16,19,-16,20,-15,20,-15,19,-15,19,-15,19,-16,18,-16,18,-16,18,-16,18,-17,17,-17,17,-18,17,-18,17,-19,18,-20,18,-21,11,-10,38,-33,37,-32,36,-32,35,-31,33,-31,32,-31,31,-31,30,-32,28,-32,27,-33,26,-35,24,-35,24,-35,25,-35,24,-35,25,-34,25,-33,25,-33,26,-32,26,-30,26,-28,25,-26,25,-25,25,-23,25,-21,25,-20,28,-13,28,-11,5,-2,1,-1,-1,0,-1,0,-1,0,1,-2,3,-6,22,-30,24,-28,24,-29,26,-28,29,-27,31,-26,33,-26,35,-25,37,-25,38,-24,39,-23,39,-23,40,-23,41,-23,41,-23,41,-22,41,-22,41,-23,39,-23,38,-24,38,-24,38,-25,37,-27,37,-28,37,-29,37,-31,37,-32,38,-33]"
CSI_DATA,304,5c:01:3b:6b:b0:95,-45,11,1,5,0,1,1,1,0,0,0,-97,1,11,0,35601343,0,86,1,256,1,"[86,-32,4,0,-22,13,-22,13,-21,13,-20,13,-19,13,-19,13,-18,13,-17,14,-16,14,-15,15,-15,15,-15,15,-15,15,-15,15,-15,15,-15,15,-15,14,-15,14,-14,13,-14,12,-15,11,-14,10,-14,9,-14,9,-14,8,-4,2,0,0,0,0,0,0,0,0,0,0,0,0,0,0,0,0,0,0,-4,3,-16,13,-18,12,-19,11,-20,11,-21,10,-22,10,-22,10,-23,9,-23,9,-24,8,-24,8,-25,8,-24,8,-24,8,-24,8,-24,8,-23,9,-23,9,-23,9,-22,10,-23,11,-22,11,-22,12,-22,12,-23,13,-23,14,-15,5,-46,18,-46,18,-44,17,-43,17,-41,18,-40,18,-39,18,-37,19,-35,20,-34,21,-34,23,-33,24,-33,24,-33,24,-33,24,-32,23,-32,23,-32,22,-32,21,-31,19,-31,17,-30,16,-29,14,-29,13,-28,12,-28,10,-30,3,-29,2,-6,0,-2,-1,0,-1,0,-1,0,-1,-2,1,-6,3,-34,18,-35,16,-35,18,-36,16,-39,14,-40,13,-42,12,-43,11,-45,10,-45,9,-46,7,-46,7,-47,7,-47,7,-47,7,-47,6,-47,6,-47,7,-46,8,-45,9,-45,9,-45,10,-45,12,-45,13,-45,15,-45,16,-46,17,-46,18]"
CSI_DATA,305,5c:01:3b:6b:b0:95,-53,11,1,6,0,1,1,1,0,0,0,-97,1,11,0,35632240,0,86,1,256,1,"[86,-32,4,0,-20,-26,-20,-25,-20,-24,-20,-22,-20,-22,-20,-20,-20,-19,-20,-18,-21,-17,-22,-16,-22,-14,-22,-14,-22,-14,-22,-14,-22,-14,-22,-14,-21,-14,-20,-14,-19,-14,-18,-14,-17,-13,-16,-13,-16,-13,-15,-13,-14,-13,-4,-4,0,0,0,0,0,0,0,0,0,0,0,0,0,0,0,0,0,0,-5,-6,-20,-23,-20,-24,-19,-26,-19,-27,-18,-28,-17,-29,-16,-30,-15,-31,-14,-32,-14,-33,-14,-33,-14,-33,-14,-33,-14,-32,-14,-32,-14,-31,-14,-30,-15,-29,-15,-29,-16,-29,-17,-29,-18,-28,-18,-28,-19,-27,-20,-28,-20,-28,-5,-8,-17,-25,-17,-24,-16,-23,-16,-22,-16,-21,-17,-21,-17,-20,-17,-18,-17,-17,-18,-16,-18,-15,-19,-15,-19,-14,-19,-14,-19,-14,-19,-13,-19,-13,-18,-13,-18,-13,-17,-13,-16,-13,-15,-13,-15,-12,-14,-12,-13,-12,-12,-12,-10,-13,-9,-13,-2,-3,-1,-1,0,0,0,0,0,0,-2,-1,-4,-4,-18,-19,-17,-20,-17,-22,-16,-23,-15,-24,-13,-26,-13,-27,-12,-28,-12,-29,-11,-29,-10,-30,-10,-30,-10,-30,-10,-30,-10,-30,-10,-30,-10,-30,-10,-29,-10,-28,-10,-27,-11,-27,-12,-27,-13,-26,-13,-26,-14,-26,-15,-25,-16,-26,-16,-25]"
CSI_DATA,306,5c:01:3b:6b:b0:95,-51,11,1,5,0,1,1,1,0,0,0,-97,1,11,0,35668244,0,86,1,256,1,"[86,-32,4,0,-24,1,-24,1,-23,2,-22,2,-23,3,-22,3,-22,3,-22,4,-21,5,-22,5,-22,6,-22,6,-22,6,-22,6,-22,6,-22,6,-22,6,-22,5,-22,4,-22,3,-22,2,-21,2,-21,1,-20,0,-20,0,-5,-1,0,0,0,0,0,0,0,0,0,0,0,0,0,0,0,0,0,0,-4,0,-15,2,-15,1,-16,0,-16,-1,-17,-1,-17,-2,-18,-2,-18,-3,-18,-4,-18,-4,-19,-4,-19,-4,-19,-4,-19,-4,-19,-4,-19,-4,-20,-3,-19,-3,-20,-2,-20,-2,-21,-1,-21,-1,-21,0,-22,0,-23,0,-23,1,-14,-3,-44,-8,-44,-8,-43,-7,-42,-7,-41,-6,-41,-5,-41,-4,-41,-3,-40,-1,-41,0,-41,1,-42,2,-43,2,-43,2,-43,2,-43,2,-42,2,-42,1,-42,0,-41,-1,-41,-3,-39,-4,-38,-5,-37,-6,-36,-7,-35,-9,-32,-20,-30,-21,-6,-4,-2,-2,0,0,0,0,0,0,-2,0,-5,-1,-26,-4,-26,-6,-27,-3,-28,-5,-28,-7,-29,-8,-29,-10,-30,-11,-30,-12,-31,-13,-31,-14,-31,-14,-32,-15,-32,-15,-33,-15,-33,-15,-33,-15,-33,-15,-34,-14,-34,-13,-34,-12,-35,-12,-36,-11,-37,-10,-38,-9,-40,-8,-41,-8,-42,-8]"
CSI_DATA,307,5c:01:3b:6b:b0:95,-44,11,1,5,0,1,1,1,0,0,0,-97,1,11,0,35702591,0,86,1,256,1,"[86,-32,4,0,17,-19,16,-19,16,-19,15,-19,15,-19,14,-19,13,-19,12,-19,12,-20,11,-20,11,-20,11,-20,11,-21,11,-21,11,-21,12,-21,12,-20,12,-20,12,-19,12,-18,13,-17,13,-16,13,-15,13,-14,13,-13,3,-4,0,0,0,0,0,0,0,0,0,0,0,0,0,0,0,0,0,0,2,-4,10,-15,11,-14,12,-14,13,-14,14,-14,14,-14,15,-14,16,-14,17,-13,18,-13,18,-13,18,-13,18,-13,18,-13,18,-13,17,-13,17,-14,17,-14,17,-15,16,-15,16,-16,16,-17,16,-17,17,-17,17,-18,17,-19,10,-11,34,-35,34,-35,33,-34,32,-34,31,-34,30,-34,29,-34,27,-35,26,-36,24,-37,23,-38,22,-38,23,-39,23,-39,23,-39,24,-38,24,-38,24,-37,25,-36,25,-35,26,-33,26,-31,26,-29,26,-28,26,-26,26,-24,29,-20,30,-18,5,-3,1,-1,-1,0,-1,0,-1,0,0,-2,2,-5,16,-28,18,-27,20,-27,22,-26,25,-25,27,-25,28,-24,30,-24,32,-24,33,-23,34,-23,35,-22,35,-22,36,-23,36,-23,36,-23,36,-23,35,-23,35,-24,34,-25,34,-25,33,-26,33,-28,33,-30,33,-31,33,-32,33,-33,34,-34]"
CSI_DATA,308,5c:01:3b:6b:b0:95,-43,11,1,6,0,1,1,1,0,0,0,-97,1,11,0,35732276,0,86,1,256,1,"[86,-32,4,0,-10,23,-10,22,-9,22,-9,22,-8,22,-7,22,-6,22,-6,22,-5,21,-5,21,-5,21,-4,22,-4,22,-4,22,-4,22,-4,22,-4,22,-5,21,-5,21,-6,20,-7,19,-7,17,-7,17,-8,17,-8,16,-3,4,0,0,0,0,0,0,0,0,0,0,0,0,0,0,0,0,0,0,-2,4,-6,16,-7,16,-8,16,-9,17,-10,17,-11,17,-12,18,-12,18,-13,17,-13,17,-14,18,-14,18,-14,17,-14,17,-14,17,-14,18,-13,18,-13,18,-12,19,-12,19,-11,20,-11,20,-11,20,-11,21,-11,22,-11,23,-9,11,-28,39,-28,38,-27,37,-26,37,-25,37,-24,37,-22,37,-21,36,-20,36,-18,37,-17,37,-16,38,-16,39,-16,39,-16,39,-17,39,-17,38,-18,37,-19,36,-19,35,-20,33,-20,31,-20,30,-20,29,-21,27,-22,26,-29,18,-30,16,-6,2,-2,0,0,-1,0,-1,0,-1,-1,1,-3,5,-16,28,-18,27,-16,28,-19,28,-21,28,-23,28,-25,28,-27,27,-28,27,-30,27,-30,27,-31,27,-31,27,-32,27,-32,27,-32,27,-32,27,-32,27,-32,28,-31,28,-30,30,-29,31,-29,32,-28,33,-28,34,-27,36,-27,37,-27,38]"
CSI_DATA,309,5c:01:3b:6b:b0:95,-43,11,1,5,0,1,1,1,0,0,0,-97,1,11,0,35768135,0,86,1,256,1,"[86,-32,4,0,-19,19,-18,19,-17,19,-17,19,-16,19,-16,19,-15,19,-14,19,-13,19,-13,20,-13,20,-12,20,-12,20,-12,20,-12,20,-13,20,-13,20,-13,19,-13,18,-13,17,-14,16,-14,15,-14,14,-14,13,-14,13,-4,3,0,0,0,0,0,0,0,0,0,0,0,0,0,0,0,0,0,0,-3,3,-11,15,-12,15,-13,15,-15,15,-16,15,-17,15,-18,15,-18,14,-19,14,-20,14,-21,14,-21,13,-20,13,-20,13,-20,13,-20,14,-19,14,-19,14,-19,15,-19,15,-18,16,-18,16,-18,17,-18,18,-19,19,-19,19,-13,9,-39,33,-39,33,-38,33,-37,32,-36,32,-35,32,-34,32,-32,32,-30,33,-29,34,-28,35,-27,36,-27,37,-27,37,-27,37,-28,36,-28,35,-28,34,-29,33,-29,31,-30,29,-29,27,-29,26,-29,25,-29,23,-29,21,-33,15,-33,13,-6,2,-2,0,0,-1,0,-1,0,-1,-1,1,-4,5,-22,28,-24,27,-24,27,-27,26,-29,25,-31,24,-33,24,-35,23,-37,23,-38,22,-39,21,-40,21,-41,21,-41,21,-41,21,-41,21,-41,21,-41,22,-40,22,-39,23,-39,24,-38,25,-38,26,-38,28,-38,29,-38,31,-38,32,-38,32]"
CSI_DATA,310,5c:01:3b:6b:b0:95,-40,11,1,5,0,1,1,1,0,0,0,-97,1,11,0,35801101,0,86,1,256,1,"[86,-32,4,0,-20,16,-20,16,-19,16,-18,16,-18,16,-18,16,-17,16,-16,16,-15,17,-14,17,-14,17,-14,18,-14,18,-14,18,-14,18,-14,18,-15,17,-15,17,-15,15,-15,14,-15,13,-15,12,-15,12,-15,12,-15,11,-4,2,0,0,0,0,0,0,0,0,0,0,0,0,0,0,0,0,0,0,-3,3,-13,12,-14,12,-15,12,-16,12,-17,11,-18,11,-19,11,-19,10,-20,10,-20,10,-21,10,-21,10,-21,10,-21,10,-21,10,-21,10,-20,11,-20,11,-20,11,-20,12,-20,12,-19,13,-19,14,-20,15,-20,16,-20,16,-14,6,-43,23,-43,23,-42,22,-40,22,-39,23,-38,23,-37,23,-36,24,-34,25,-34,26,-33,27,-32,28,-32,29,-33,29,-33,29,-33,28,-33,28,-33,27,-33,26,-33,24,-33,22,-32,20,-32,19,-31,18,-31,16,-31,14,-35,5,-34,3,-7,0,-2,-1,0,-1,0,-1,0,-1,-2,1,-5,3,-27,18,-29,16,-28,19,-30,17,-32,16,-33,15,-35,14,-37,13,-38,13,-39,12,-40,11,-40,11,-41,11,-42,11,-42,11,-42,11,-42,11,-42,12,-41,12,-40,13,-40,14,-40,15,-40,16,-41,17,-40,19,-41,20,-41,22,-42,23]"
CSI_DATA,311,5c:01:3b:6b:b0:95,-33,11,1,5,0,1,1,1,0,0,0,-97,1,11,0,35833910,0,86,1,256,1,"[86,-32,4,0,-14,4,-14,4,-13,4,-13,5,-13,5,-13,5,-12,5,-12,5,-11,6,-11,6,-11,6,-11,7,-11,6,-11,6,-11,6,-11,6,-11,6,-11,5,-11,4,-11,4,-11,3,-11,3,-10,3,-10,3,-10,2,-3,0,0,0,0,0,0,0,0,0,0,0,0,0,0,0,0,0,0,0,-3,1,-9,5,-10,4,-10,4,-11,4,-11,3,-12,3,-12,3,-13,2,-13,2,-13,2,-13,2,-13,2,-13,2,-13,2,-13,2,-13,2,-13,2,-13,2,-13,2,-13,3,-13,3,-13,3,-13,4,-13,4,-14,5,-14,5,-18,2,-56,10,-55,10,-54,10,-52,10,-50,10,-49,10,-48,11,-48,12,-46,14,-45,15,-45,18,-44,19,-45,19,-46,19,-45,18,-45,17,-44,16,-44,15,-44,14,-43,12,-42,10,-41,8,-40,7,-39,6,-38,5,-37,3,-36,-6,-35,-8,-7,-2,-2,-1,0,-1,0,-1,0,-1,-2,0,-6,2,-35,14,-36,12,-37,14,-38,11,-41,9,-42,7,-44,5,-45,4,-46,3,-47,1,-48,0,-48,0,-49,0,-50,0,-50,0,-50,-1,-50,-1,-50,-1,-50,0,-49,1,-49,2,-49,3,-50,4,-51,5,-51,7,-52,9,-53,10,-54,11]"
CSI_DATA,312,5c:01:3b:6b:b0:95,-35,11,1,6,0,1,1,1,0,0,0,-97,1,11,0,35866287,0,86,1,256,1,"[86,-32,4,0,-25,-30,-25,-29,-25,-27,-25,-26,-25,-25,-25,-24,-25,-23,-25,-22,-26,-22,-27,-20,-27,-19,-28,-19,-28,-19,-28,-19,-27,-19,-27,-20,-26,-20,-25,-20,-23,-20,-22,-20,-21,-20,-20,-19,-19,-20,-18,-20,-17,-20,-5,-5,0,0,0,0,0,0,0,0,0,0,0,0,0,0,0,0,0,0,-5,-5,-20,-20,-19,-22,-19,-24,-19,-25,-18,-27,-18,-28,-17,-29,-17,-30,-16,-30,-16,-31,-16,-32,-16,-32,-16,-32,-16,-32,-16,-32,-16,-31,-17,-30,-17,-30,-18,-30,-19,-30,-20,-30,-21,-30,-22,-29,-23,-30,-25,-30,-25,-30,-14,-19,-44,-58,-44,-58,-43,-57,-43,-55,-43,-54,-44,-52,-44,-50,-45,-47,-46,-45,-47,-43,-49,-41,-50,-40,-50,-40,-50,-39,-49,-39,-49,-40,-48,-40,-47,-40,-45,-41,-42,-41,-40,-41,-37,-40,-35,-40,-33,-40,-31,-40,-28,-40,-21,-42,-18,-43,-3,-8,-1,-3,0,0,1,0,0,0,-3,-2,-8,-6,-39,-34,-37,-36,-36,-40,-34,-43,-33,-47,-32,-50,-31,-53,-30,-55,-29,-57,-28,-59,-27,-60,-26,-61,-26,-62,-26,-62,-26,-62,-25,-62,-26,-62,-27,-61,-27,-60,-29,-60,-31,-60,-32,-59,-34,-59,-37,-59,-39,-58,-41,-58,-43,-58,-44,-58]"
CSI_DATA,313,5c:01:3b:6b:b0:95,-39,11,1,6,0,1,1,1,0,0,0,-97,1,11,0,35903778,0,86,1,256,1,"[86,-32,4,0,-17,-21,-17,-20,-16,-19,-16,-18,-17,-18,-17,-17,-17,-16,-17,-16,-17,-15,-18,-14,-18,-14,-18,-13,-18,-14,-18,-14,-18,-14,-18,-14,-17,-14,-16,-14,-16,-14,-15,-14,-14,-14,-13,-14,-12,-14,-11,-14,-11,-14,-3,-4,0,0,0,0,0,0,0,0,0,0,0,0,0,0,0,0,0,0,-4,-4,-14,-14,-13,-15,-13,-16,-13,-17,-12,-18,-12,-19,-12,-19,-11,-20,-11,-21,-11,-21,-11,-22,-11,-22,-11,-22,-10,-22,-10,-22,-11,-21,-11,-21,-11,-21,-12,-21,-13,-20,-14,-20,-14,-20,-14,-20,-15,-20,-16,-21,-16,-21,-10,-13,-30,-40,-30,-40,-29,-39,-28,-38,-28,-37,-29,-36,-29,-34,-30,-33,-30,-31,-31,-30,-32,-29,-33,-28,-33,-28,-33,-28,-33,-28,-32,-28,-32,-28,-31,-28,-29,-29,-27,-29,-26,-29,-24,-28,-23,-28,-21,-28,-19,-27,-17,-27,-13,-29,-11,-29,-2,-6,-1,-2,0,0,0,0,0,0,-2,-1,-6,-4,-28,-21,-26,-23,-25,-27,-24,-29,-23,-31,-22,-33,-21,-35,-20,-37,-20,-38,-19,-40,-19,-40,-18,-41,-18,-42,-18,-42,-18,-42,-18,-42,-18,-42,-18,-42,-19,-41,-19,-41,-20,-41,-22,-40,-23,-40,-24,-40,-26,-39,-27,-39,-28,-40,-29,-40]"
CSI_DATA,314,5c:01:3b:6b:b0:95,-37,11,1,6,0,1,1,1,0,0,0,-97,1,11,0,35932211,0,86,1,256,1,"[86,-32,4,0,7,22,7,22,7,21,8,20,8,20,8,20,9,19,9,18,9,17,10,17,10,17,11,17,11,17,10,17,11,17,10,17,10,17,9,17,8,17,7,16,6,16,5,15,5,15,4,15,4,15,1,3,0,0,0,0,0,0,0,0,0,0,0,0,0,0,0,0,0,0,2,3,8,15,7,16,7,17,6,18,6,19,5,20,5,20,4,21,3,21,3,21,3,22,3,22,3,22,3,22,3,22,2,22,3,21,3,21,4,21,4,21,5,21,6,21,6,21,7,22,7,23,8,23,2,13,8,44,8,44,8,43,8,42,9,41,10,41,11,39,11,38,12,37,13,36,14,36,15,35,16,35,16,35,16,35,15,35,15,35,13,34,12,34,10,33,9,32,8,31,7,31,6,30,4,29,3,28,-3,28,-5,28,-1,5,-1,1,-1,-1,-1,-1,-1,-1,0,1,2,5,12,31,10,31,11,31,10,33,8,34,7,36,6,37,4,39,3,40,1,41,0,41,0,42,-1,43,-1,43,-2,42,-2,42,-2,42,-1,42,-1,41,0,41,1,42,2,42,3,42,5,42,6,42,7,43,8,44,8,44]"
CSI_DATA,315,5c:01:3b:6b:b0:95,-42,11,1,6,0,1,1,1,0,0,0,-97,1,11,0,35966353,0,86,1,256,1,"[86,-32,4,0,24,0,23,0,23,0,22,-1,22,-1,21,-2,21,-2,20,-3,20,-3,20,-4,20,-4,20,-4,19,-4,19,-5,19,-5,19,-4,19,-3,18,-3,18,-2,17,-2,17,-1,16,0,16,0,15,1,14,1,3,0,0,0,0,0,0,0,0,0,0,0,0,0,0,0,0,0,0,0,4,-1,17,-3,18,-2,19,-1,19,-1,20,0,20,1,21,2,21,3,21,4,22,4,22,5,22,5,22,5,21,5,21,5,21,5,21,4,21,4,21,3,22,3,22,2,22,2,22,1,23,1,24,1,24,1,13,0,46,1,45,2,45,2,43,2,42,1,41,0,40,-1,40,-2,39,-4,39,-5,39,-6,38,-7,38,-7,38,-7,37,-7,37,-7,37,-6,37,-5,36,-4,35,-3,34,-2,32,-1,31,0,30,1,29,2,28,3,27,6,26,7,4,1,1,0,-1,-1,-2,0,-1,0,1,-1,5,-2,32,-10,33,-8,34,-5,35,-3,36,-1,37,1,38,3,39,5,40,7,40,8,41,9,41,10,42,10,42,11,41,11,41,11,41,11,41,11,41,10,40,9,41,8,41,7,42,6,43,5,44,4,45,3,46,3,46,2]"
CSI_DATA,316,5c:01:3b:6b:b0:95,-43,11,1,6,0,1,1,1,0,0,0,-97,1,11,0,35999321,0,86,1,256,1,"[86,-32,4,0,-1,-26,-1,-26,-2,-25,-2,-24,-2,-24,-3,-23,-3,-22,-4,-22,-5,-22,-6,-21,-6,-21,-6,-21,-6,-21,-6,-21,-6,-21,-6,-21,-6,-21,-5,-20,-4,-20,-4,-19,-3,-18,-2,-17,-2,-17,-2,-17,-1,-16,-1,-4,0,0,0,0,0,0,0,0,0,0,0,0,0,0,0,0,0,0,-1,-5,-3,-20,-2,-20,-1,-21,0,-22,0,-23,1,-23,2,-24,3,-24,4,-24,4,-24,4,-25,5,-25,4,-25,4,-24,5,-24,4,-24,4,-24,3,-24,3,-24,2,-24,1,-25,1,-25,0,-25,0,-26,0,-27,-1,-27,2,-15,5,-49,5,-48,5,-48,5,-47,4,-45,3,-45,2,-44,1,-43,-1,-42,-3,-41,-4,-41,-5,-41,-5,-41,-5,-41,-5,-40,-5,-40,-5,-39,-4,-39,-3,-38,-2,-37,-1,-36,0,-34,1,-33,1,-32,2,-30,4,-30,11,-27,12,-26,2,-5,0,-2,-1,0,0,1,-1,0,-1,-2,-1,-7,-1,-37,2,-37,0,-38,2,-38,5,-39,7,-40,9,-41,11,-42,13,-43,14,-43,15,-43,15,-43,16,-44,16,-44,16,-44,16,-44,16,-43,16,-43,15,-43,14,-43,13,-44,12,-44,11,-45,10,-46,8,-46,7,-48,6,-49,6,-50]"
CSI_DATA,317,5c:01:3b:6b:b0:95,-44,11,1,5,0,1,1,1,0,0,0,-97,1,11,0,36035526,0,86,1,256,1,"[86,-32,4,0,21,-17,20,-17,19,-17,18,-16,18,-16,17,-16,16,-16,15,-17,14,-17,14,-18,13,-18,13,-18,13,-18,12,-18,12,-18,13,-17,12,-17,12,-16,12,-15,12,-14,12,-13,12,-12,12,-12,11,-11,11,-11,2,-3,0,0,0,0,0,0,0,0,0,0,0,0,0,0,0,0,0,0,3,-4,15,-16,16,-15,17,-15,18,-15,19,-14,20,-14,21,-13,22,-13,23,-12,23,-12,24,-12,24,-12,24,-11,23,-11,23,-12,23,-12,22,-12,22,-13,22,-13,22,-13,22,-14,22,-15,21,-15,21,-16,22,-17,22,-17,14,-7,45,-22,45,-22,43,-22,42,-22,40,-22,39,-22,38,-22,36,-23,34,-24,33,-25,32,-27,31,-27,31,-28,31,-27,30,-27,30,-26,30,-25,29,-25,29,-24,28,-22,28,-20,27,-19,26,-17,25,-16,25,-15,24,-13,28,-5,27,-3,4,-1,1,-1,-1,0,-2,0,-1,0,1,-2,5,-4,33,-21,34,-18,32,-22,34,-20,37,-19,39,-17,41,-16,43,-15,44,-14,45,-13,46,-12,46,-11,47,-11,48,-11,48,-11,48,-10,47,-11,47,-12,46,-12,45,-13,45,-14,45,-15,45,-16,45,-18,44,-19,44,-20,45,-21,46,-22]"
CSI_DATA,318,5c:01:3b:6b:b0:95,-47,11,1,6,0,1,1,1,0,0,0,-97,1,11,0,36066313,0,86,1,256,1,"[86,-32,4,0,-14,-21,-14,-20,-14,-19,-14,-18,-14,-18,-14,-17,-14,-16,-14,-16,-14,-15,-15,-14,-15,-14,-15,-13,-15,-13,-15,-13,-15,-13,-14,-13,-14,-13,-13,-13,-12,-13,-12,-13,-11,-12,-10,-12,-9,-12,-9,-12,-8,-12,-2,-3,0,0,0,0,0,0,0,0,0,0,0,0,0,0,0,0,0,0,-4,-4,-14,-15,-14,-16,-13,-17,-13,-19,-13,-19,-12,-20,-12,-21,-11,-22,-11,-22,-10,-23,-10,-24,-10,-24,-10,-23,-10,-23,-10,-23,-10,-23,-10,-22,-11,-22,-11,-22,-11,-22,-12,-21,-13,-21,-13,-21,-14,-21,-14,-22,-15,-22,-6,-14,-21,-43,-20,-42,-19,-41,-19,-40,-19,-38,-19,-37,-20,-36,-20,-34,-21,-33,-22,-32,-23,-31,-23,-30,-24,-30,-24,-30,-23,-29,-23,-28,-22,-28,-21,-28,-20,-28,-18,-27,-17,-26,-16,-26,-15,-25,-13,-25,-12,-24,-11,-24,-5,-24,-3,-24,-1,-5,-1,-2,-1,0,0,0,0,0,-2,-2,-4,-6,-21,-32,-19,-33,-22,-32,-20,-34,-18,-37,-17,-38,-16,-40,-15,-41,-14,-43,-13,-44,-12,-45,-11,-46,-11,-47,-11,-47,-10,-47,-10,-46,-10,-46,-10,-46,-10,-45,-11,-44,-12,-43,-13,-43,-14,-43,-16,-44,-17,-43,-19,-44,-20,-44,-20,-44]"
CSI_DATA,319,5c:01:3b:6b:b0:95,-42,11,1,5,0,1,1,1,0,0,0,-97,1,11,0,36101077,0,86,1,256,1,"[86,-32,4,0,9,10,9,9,9,8,8,8,9,8,9,7,9,7,9,6,8,6,9,5,9,5,8,5,8,5,8,5,8,5,8,5,8,5,7,5,7,5,6,5,6,5,5,4,5,4,5,4,4,5,1,1,0,0,0,0,0,0,0,0,0,0,0,0,0,0,0,0,0,0,2,1,9,7,9,7,9,8,9,8,9,9,9,10,9,10,8,10,8,11,8,11,8,12,8,12,8,12,7,12,7,11,7,11,7,11,7,11,8,10,8,10,9,10,9,10,9,10,9,10,9,10,10,10,7,13,27,44,26,43,26,41,26,39,25,37,25,36,25,35,26,33,26,31,27,29,27,28,28,27,28,27,28,27,28,26,27,25,26,24,25,24,24,24,22,24,20,24,19,23,18,22,17,21,15,21,14,20,9,23,7,23,0,4,-1,1,-1,-1,-2,-2,-1,-1,1,1,5,5,28,33,26,35,30,33,28,35,26,38,25,40,24,42,23,44,23,46,22,47,20,48,19,49,19,50,19,50,18,50,17,50,16,50,17,49,17,47,18,46,19,45,21,45,22,45,24,45,25,44,26,43,27,44,27,44]"
CSI_DATA,320,5c:01:3b:6b:b0:95,-49,11,1,6,0,1,1,1,0,0,0,-97,1,11,0,36132346,0,86,1,256,1,"[86,-32,4,0,-22,7,-21,7,-20,7,-19,7,-18,8,-18,8,-16,8,-16,8,-15,8,-15,8,-15,9,-14,9,-14,9,-13,9,-13,9,-13,9,-13,8,-12,8,-12,7,-11,7,-11,6,-11,5,-11,5,-10,5,-10,4,-3,1,0,0,0,0,0,0,0,0,0,0,0,0,0,0,0,0,0,0,-5,2,-18,9,-19,9,-20,8,-21,7,-22,6,-23,6,-23,5,-24,4,-24,4,-24,3,-25,3,-25,2,-25,2,-24,3,-24,3,-24,3,-23,3,-23,4,-23,4,-22,5,-22,5,-22,5,-22,6,-22,6,-23,7,-23,8,-14,1,-43,6,-42,6,-40,6,-39,6,-37,6,-36,7,-35,8,-33,8,-32,9,-32,10,-31,10,-31,11,-30,12,-29,12,-28,12,-27,12,-27,11,-26,11,-26,10,-25,9,-23,8,-22,7,-22,6,-21,6,-20,5,-20,4,-20,0,-19,-1,-4,-1,-1,-1,0,-1,1,-1,0,-1,-2,0,-7,1,-37,9,-38,6,-37,10,-38,8,-39,6,-40,4,-42,3,-43,2,-44,0,-45,-2,-45,-3,-46,-4,-46,-5,-47,-6,-46,-6,-45,-6,-45,-5,-45,-4,-44,-3,-43,-2,-42,-1,-42,0,-42,1,-43,2,-43,3,-44,3,-44,4,-44,4]"
CSI_DATA,321,5c:01:3b:6b:b0:95,-50,11,1,6,0,1,1,1,0,0,0,-97,1,11,0,36166264,0,86,1,256,1,"[86,-32,4,0,9,-20,9,-20,8,-19,7,-19,6,-19,5,-18,5,-18,4,-17,4,-17,3,-17,3,-16,2,-16,2,-16,2,-16,2,-16,2,-15,2,-15,1,-14,2,-13,2,-13,2,-11,3,-10,2,-10,2,-10,3,-10,0,-3,0,0,0,0,0,0,0,0,0,0,0,0,0,0,0,0,0,0,1,-5,5,-21,6,-21,7,-21,8,-22,9,-22,10,-22,11,-22,12,-21,13,-21,14,-20,14,-20,15,-21,15,-20,14,-20,14,-20,14,-20,13,-20,12,-19,12,-20,11,-20,11,-20,11,-20,10,-20,10,-20,10,-21,10,-22,7,-12,22,-37,21,-36,20,-35,19,-33,18,-33,16,-32,15,-32,13,-31,12,-31,11,-31,10,-30,10,-30,9,-30,8,-29,7,-28,7,-28,7,-27,7,-26,7,-25,7,-24,7,-22,7,-21,7,-20,7,-19,7,-18,7,-17,9,-14,10,-14,1,-3,0,-1,-1,0,-1,1,-1,0,0,-2,2,-7,15,-36,17,-35,15,-37,18,-37,20,-36,22,-36,24,-36,26,-36,28,-36,30,-35,31,-34,32,-34,34,-34,34,-33,34,-33,34,-32,33,-32,32,-33,30,-32,29,-32,28,-33,27,-34,26,-34,26,-35,25,-35,25,-36,25,-36,25,-36]"
CSI_DATA,322,5c:01:3b:6b:b0:95,-50,11,1,5,0,1,1,1,0,0,0,-97,1,11,0,36199285,0,86,1,256,1,"[86,-32,4,0,18,11,18,11,17,10,17,8,17,8,16,7,16,6,15,5,15,5,15,4,14,3,14,3,14,3,13,3,13,3,13,3,12,2,12,2,11,2,10,2,9,2,9,2,8,2,7,2,7,2,1,0,0,0,0,0,0,0,0,0,0,0,0,0,0,0,0,0,0,0,4,1,20,8,20,9,20,10,20,12,20,13,20,14,20,14,19,15,19,16,18,17,19,17,18,17,18,17,18,17,18,17,17,17,17,16,17,15,18,15,18,14,19,13,18,13,18,12,19,12,20,12,20,12,10,8,35,27,34,26,33,25,32,24,32,22,31,20,30,19,30,17,29,15,29,13,29,12,29,10,28,10,28,10,27,9,26,9,25,9,24,9,23,8,21,8,20,8,18,8,17,8,16,8,15,7,14,7,12,9,11,10,1,1,0,0,-1,-1,-2,-1,-1,-1,2,0,7,2,39,16,38,18,38,19,37,22,37,25,36,27,36,30,36,32,35,34,34,36,33,37,32,37,33,38,33,38,32,38,32,38,31,38,31,37,31,36,31,34,31,33,32,32,32,31,33,30,34,29,35,28,36,28,36,28]"
CSI_DATA,323,5c:01:3b:6b:b0:95,-50,11,1,5,0,1,1,1,0,0,0,-97,1,11,0,36232307,0,86,1,256,1,"[86,-32,4,0,-15,11,-15,11,-14,11,-13,10,-12,10,-11,10,-10,10,-10,10,-9,10,-9,10,-8,10,-8,10,-8,10,-7,10,-7,9,-7,9,-6,9,-6,8,-6,7,-6,7,-6,6,-5,5,-5,5,-5,5,-4,5,-1,1,0,0,0,0,0,0,0,0,0,0,0,0,0,0,0,0,0,0,-4,3,-13,14,-14,14,-16,13,-17,13,-18,12,-18,12,-19,12,-19,11,-20,10,-20,10,-21,10,-21,10,-21,9,-20,9,-20,9,-20,9,-19,9,-18,9,-18,10,-18,10,-17,11,-17,11,-16,11,-17,11,-17,12,-16,12,-11,4,-33,16,-32,15,-31,15,-29,14,-28,14,-26,14,-24,14,-23,15,-22,15,-21,15,-20,16,-19,16,-18,16,-18,16,-17,15,-16,15,-16,14,-15,13,-14,13,-14,11,-13,10,-12,10,-11,9,-11,8,-10,7,-10,7,-11,5,-11,4,-2,0,-1,0,0,-1,0,-1,0,-1,-2,1,-6,3,-30,20,-31,18,-30,21,-31,19,-34,18,-36,16,-37,15,-38,14,-40,13,-40,12,-41,11,-41,10,-41,10,-42,10,-41,9,-41,9,-40,9,-39,9,-38,9,-37,10,-37,10,-36,11,-35,12,-35,13,-34,14,-34,15,-34,16,-34,16]"
CSI_DATA,324,5c:01:3b:6b:b0:95,-51,11,1,5,0,1,1,1,0,0,0,-97,1,11,0,36268647,0,86,1,256,1,"[86,-32,4,0,-25,6,-24,6,-22,6,-21,6,-20,6,-19,7,-18,7,-17,8,-16,8,-15,8,-14,8,-14,8,-13,8,-12,9,-12,8,-12,8,-11,7,-10,7,-9,6,-9,6,-9,5,-8,5,-7,5,-7,5,-6,5,-2,1,0,0,0,0,0,0,0,0,0,0,0,0,0,0,0,0,0,0,-7,2,-26,9,-27,8,-28,6,-29,5,-30,4,-31,3,-31,2,-32,1,-32,0,-32,0,-32,-1,-32,-1,-31,-1,-30,-1,-30,-1,-30,0,-29,0,-28,1,-28,2,-28,2,-27,3,-27,4,-26,4,-27,5,-27,5,-27,6,-15,0,-48,4,-47,3,-45,3,-43,4,-40,5,-39,6,-37,7,-35,8,-33,9,-32,10,-30,11,-29,12,-28,12,-27,12,-26,12,-25,12,-24,12,-22,11,-21,11,-20,10,-19,9,-17,8,-16,7,-14,7,-13,6,-13,7,-14,4,-13,4,-3,0,-1,0,0,-1,1,-1,0,0,-3,0,-9,2,-51,10,-51,6,-52,8,-53,5,-55,2,-56,-1,-57,-2,-58,-5,-59,-7,-59,-8,-59,-9,-58,-10,-59,-11,-59,-11,-58,-12,-57,-12,-55,-12,-55,-11,-54,-9,-52,-8,-51,-7,-51,-5,-51,-3,-51,-2,-50,0,-50,1,-51,2,-50,2]"
CSI_DATA,325,5c:01:3b:6b:b0:95,-50,11,1,3,0,1,1,1,0,0,0,-97,1,11,0,36302754,0,86,1,256,1,"[86,-32,4,0,-20,13,-19,13,-17,13,-16,12,-15,12,-14,12,-13,12,-11,12,-10,11,-10,11,-9,11,-9,11,-8,11,-7,11,-6,11,-6,10,-6,10,-5,9,-5,8,-5,8,-5,7,-4,6,-4,6,-3,6,-3,6,-1,1,0,0,0,0,0,0,0,0,0,0,0,0,0,0,0,0,0,0,-6,4,-21,16,-23,16,-24,15,-26,14,-26,14,-27,13,-28,12,-29,11,-29,10,-29,10,-30,10,-30,9,-29,9,-28,9,-28,9,-27,9,-26,10,-25,10,-25,10,-24,11,-24,11,-23,11,-22,12,-22,13,-22,14,-22,14,-13,4,-40,17,-40,16,-38,16,-36,15,-34,16,-32,16,-29,16,-28,16,-26,17,-24,17,-22,18,-21,18,-20,18,-19,18,-17,17,-16,17,-16,16,-15,15,-14,15,-13,13,-12,12,-11,11,-10,10,-9,10,-8,9,-8,9,-10,8,-9,8,-2,1,-1,0,0,-1,1,-1,0,-1,-3,1,-9,4,-46,21,-47,18,-46,23,-48,20,-50,17,-52,15,-53,13,-54,11,-55,10,-56,8,-57,7,-57,6,-57,6,-57,6,-56,6,-55,5,-55,5,-53,5,-51,6,-49,7,-48,8,-48,9,-47,11,-46,12,-45,14,-44,15,-44,16,-44,17]"
CSI_DATA,326,5c:01:3b:6b:b0:95,-51,11,1,4,0,1,1,1,0,0,0,-97,1,11,0,36334084,0,86,1,256,1,"[86,-32,4,0,-6,-22,-6,-21,-6,-20,-6,-18,-6,-17,-7,-16,-7,-15,-7,-15,-8,-14,-8,-13,-8,-12,-8,-11,-8,-10,-8,-10,-8,-10,-8,-9,-7,-9,-7,-8,-6,-8,-6,-7,-6,-6,-6,-5,-5,-5,-5,-5,-5,-5,-2,-2,0,0,0,0,0,0,0,0,0,0,0,0,0,0,0,0,0,0,-3,-7,-10,-25,-8,-26,-7,-27,-6,-29,-5,-29,-4,-30,-3,-30,-2,-30,-1,-30,0,-31,0,-31,0,-31,0,-30,1,-29,0,-28,0,-28,-1,-27,-1,-26,-2,-26,-2,-26,-3,-25,-4,-25,-4,-24,-5,-24,-5,-24,-6,-24,-3,-14,-7,-43,-7,-42,-7,-40,-7,-38,-8,-36,-9,-34,-10,-32,-10,-30,-11,-28,-12,-27,-13,-25,-14,-24,-14,-23,-14,-21,-14,-20,-13,-19,-13,-18,-12,-16,-11,-15,-11,-14,-10,-14,-10,-12,-10,-11,-9,-10,-9,-9,-9,-9,-8,-8,-7,-8,-2,-2,-1,-1,-1,0,0,1,0,0,-2,-3,-4,-9,-17,-47,-14,-48,-13,-50,-9,-51,-6,-54,-4,-55,-2,-56,0,-56,2,-57,4,-57,5,-57,6,-57,6,-57,6,-57,7,-56,7,-55,7,-53,6,-52,6,-51,4,-50,2,-49,1,-49,-1,-48,-2,-48,-3,-47,-5,-46,-6,-46,-6,-46]"
CSI_DATA,327,5c:01:3b:6b:b0:95,-51,11,1,4,0,1,1,1,0,0,0,-97,1,11,0,36368024,0,86,1,256,1,"[86,-32,4,0,-16,-17,-15,-16,-14,-15,-14,-13,-14,-13,-14,-12,-13,-10,-13,-9,-13,-9,-13,-8,-13,-6,-13,-6,-12,-5,-12,-5,-11,-5,-11,-4,-11,-4,-10,-4,-9,-3,-9,-3,-8,-3,-8,-2,-7,-2,-7,-2,-6,-2,-2,-1,0,0,0,0,0,0,0,0,0,0,0,0,0,0,0,0,0,0,-5,-5,-19,-19,-18,-21,-17,-23,-17,-24,-16,-25,-15,-26,-15,-26,-14,-27,-13,-27,-13,-28,-13,-28,-13,-28,-12,-27,-12,-27,-12,-26,-12,-25,-12,-24,-13,-23,-13,-23,-14,-22,-14,-22,-14,-21,-15,-20,-15,-20,-16,-19,-16,-19,-8,-11,-26,-35,-26,-34,-25,-32,-24,-30,-24,-28,-24,-26,-24,-23,-23,-21,-23,-19,-23,-18,-23,-16,-23,-14,-23,-13,-22,-12,-22,-11,-21,-10,-20,-9,-19,-8,-18,-8,-17,-7,-16,-7,-15,-6,-14,-5,-13,-4,-12,-3,-12,-3,-11,-3,-11,-3,-2,-1,-1,-1,0,-1,1,0,0,0,-3,-2,-7,-6,-38,-34,-35,-36,-33,-40,-31,-43,-29,-46,-28,-48,-26,-50,-25,-51,-23,-52,-22,-53,-20,-54,-20,-54,-20,-54,-19,-54,-18,-53,-18,-52,-18,-51,-18,-50,-19,-48,-19,-46,-20,-45,-22,-44,-23,-43,-24,-42,-25,-40,-25,-39,-26,-38,-27,-38]"
CSI_DATA,328,5c:01:3b:6b:b0:95,-52,11,1,5,0,1,1,1,0,0,0,-97,1,11,0,36399356,0,86,1,256,1,"[86,-32,4,0,12,3,12,3,12,2,11,2,10,1,10,1,9,1,9,0,8,0,8,-1,8,-1,7,-2,7,-2,7,-1,7,-2,7,-2,6,-2,6,-2,5,-2,5,-2,4,-2,4,-2,4,-2,3,-2,3,-2,0,-1,0,0,0,0,0,0,0,0,0,0,0,0,0,0,0,0,0,0,3,0,15,2,15,2,15,3,16,4,16,5,16,6,16,6,15,7,15,8,15,8,15,8,15,8,14,8,14,8,14,8,14,8,14,7,13,7,13,6,13,6,13,5,13,5,13,5,13,5,14,4,14,4,7,1,24,6,24,5,24,5,23,4,22,3,21,3,20,2,19,1,18,0,17,-1,17,-2,16,-2,15,-3,15,-3,14,-3,14,-3,13,-3,12,-3,11,-3,10,-3,9,-3,9,-3,8,-3,7,-3,7,-3,6,-3,6,-3,6,-3,1,-1,0,-1,-1,-1,-1,0,-1,0,1,-1,5,-1,28,-5,29,-3,29,1,30,4,30,6,31,7,31,9,31,11,31,12,31,13,30,14,30,15,30,15,30,16,29,15,29,15,28,15,28,14,27,13,26,12,26,12,26,11,26,10,26,9,26,8,26,8,27,7,26,7]"
CSI_DATA,329,5c:01:3b:6b:b0:95,-50,11,1,4,0,1,1,1,0,0,0,-97,1,11,0,36438753,0,86,1,256,1,"[86,-32,4,0,11,18,11,17,11,16,11,14,11,14,11,13,11,12,11,11,11,10,11,9,11,8,11,7,10,7,10,7,10,7,10,6,9,6,9,6,8,5,7,5,7,4,7,3,6,3,6,3,5,3,1,0,0,0,0,0,0,0,0,0,0,0,0,0,0,0,0,0,0,0,3,4,14,19,13,20,13,21,12,22,11,23,11,24,10,25,9,25,8,26,8,26,8,26,7,26,7,26,7,25,7,25,7,24,7,23,8,22,8,22,9,22,9,21,10,21,10,20,11,20,11,20,12,20,4,11,15,37,15,37,14,35,14,33,15,31,15,30,15,28,16,25,16,23,17,22,17,21,18,19,18,18,18,17,17,17,17,15,16,14,15,13,14,13,13,12,12,11,12,10,11,9,10,8,10,8,9,7,8,8,7,9,1,1,0,0,-1,-1,-1,-2,-1,-1,1,1,4,6,21,38,19,40,20,40,18,42,16,45,14,47,13,48,11,49,9,50,8,50,6,51,5,51,6,51,5,51,5,50,4,50,5,49,5,48,5,46,6,45,8,44,9,44,11,43,12,42,13,41,14,41,15,41,16,41]"
CSI_DATA,330,5c:01:3b:6b:b0:95,-51,11,1,5,0,1,1,1,0,0,0,-97,1,11,0,36466320,0,86,1,256,1,"[86,-32,4,0,-23,-3,-23,-3,-21,-2,-21,-2,-20,-1,-19,0,-18,0,-17,1,-17,2,-17,2,-16,3,-15,3,-15,3,-14,4,-13,4,-13,4,-12,3,-12,2,-11,2,-10,2,-10,2,-10,2,-9,2,-8,2,-8,2,-2,0,0,0,0,0,0,0,0,0,0,0,0,0,0,0,0,0,0,0,-7,-1,-25,-2,-26,-3,-26,-5,-27,-6,-27,-7,-27,-9,-27,-9,-27,-10,-27,-11,-27,-11,-28,-12,-27,-12,-26,-12,-26,-12,-25,-11,-25,-11,-25,-10,-24,-9,-24,-9,-25,-8,-25,-7,-24,-6,-24,-5,-25,-5,-25,-5,-25,-5,-14,-2,-44,-4,-43,-4,-41,-3,-40,-2,-38,-1,-36,0,-34,1,-33,2,-31,3,-30,4,-29,6,-28,6,-27,7,-27,7,-26,8,-25,8,-24,8,-22,8,-21,8,-20,7,-19,6,-17,6,-16,6,-15,6,-14,5,-14,5,-14,5,-13,5,-3,0,-1,0,0,-1,1,-1,0,-1,-3,0,-8,1,-43,9,-44,6,-47,-1,-48,-4,-49,-8,-50,-10,-51,-12,-52,-14,-52,-15,-52,-17,-51,-18,-50,-19,-50,-20,-50,-20,-49,-20,-49,-20,-48,-20,-48,-19,-47,-17,-46,-15,-46,-14,-45,-12,-45,-11,-46,-9,-45,-8,-46,-7,-46,-6,-45,-5]"
CSI_DATA,331,5c:01:3b:6b:b0:95,-48,11,1,4,0,1,1,1,0,0,0,-97,1,11,0,36501268,0,86,1,256,1,"[86,-32,4,0,21,-11,20,-11,19,-11,18,-11,17,-11,16,-11,15,-11,14,-12,13,-12,13,-12,12,-12,11,-12,11,-12,10,-12,10,-12,10,-12,10,-11,9,-10,8,-10,8,-9,8,-8,8,-8,7,-8,7,-7,6,-7,1,-2,0,0,0,0,0,0,0,0,0,0,0,0,0,0,0,0,0,0,4,-4,19,-14,20,-13,21,-13,23,-12,24,-11,24,-11,25,-10,26,-9,26,-8,27,-8,27,-8,27,-7,27,-7,26,-7,26,-7,25,-7,25,-8,24,-8,24,-8,23,-9,23,-10,23,-10,22,-10,22,-11,23,-11,23,-12,13,-5,43,-15,42,-15,41,-14,38,-14,37,-15,35,-15,33,-16,31,-16,29,-17,28,-18,27,-19,26,-20,25,-20,24,-20,23,-19,23,-19,22,-18,21,-17,20,-17,19,-15,19,-14,17,-13,16,-12,15,-12,14,-11,14,-11,15,-8,15,-7,2,-2,0,-1,-1,0,-2,0,-1,0,1,-2,6,-5,37,-23,38,-20,40,-20,42,-18,45,-16,47,-15,48,-13,49,-11,50,-9,51,-7,52,-6,52,-5,52,-5,53,-5,52,-4,51,-4,50,-4,50,-4,48,-5,47,-6,47,-7,47,-9,46,-10,46,-11,45,-12,45,-13,46,-15,46,-15]"
CSI_DATA,332,5c:01:3b:6b:b0:95,-47,11,1,4,0,1,1,1,0,0,0,-97,1,11,0,36534138,0,86,1,256,1,"[86,-32,4,0,-25,-8,-25,-7,-23,-7,-23,-6,-22,-5,-22,-5,-21,-4,-20,-3,-20,-2,-20,-1,-19,-1,-19,0,-19,0,-18,0,-18,0,-18,0,-17,-1,-16,-1,-15,-1,-15,-2,-14,-2,-14,-2,-13,-2,-12,-2,-11,-2,-3,-1,0,0,0,0,0,0,0,0,0,0,0,0,0,0,0,0,0,0,-6,-1,-24,-4,-24,-5,-25,-6,-25,-8,-25,-9,-25,-10,-26,-11,-25,-12,-25,-13,-25,-14,-26,-14,-26,-14,-25,-14,-25,-14,-24,-14,-24,-14,-24,-13,-24,-12,-24,-12,-24,-11,-25,-10,-25,-10,-25,-9,-25,-9,-26,-9,-26,-8,-15,-6,-46,-17,-46,-17,-44,-17,-43,-15,-42,-14,-41,-13,-40,-12,-38,-10,-37,-8,-37,-6,-37,-5,-36,-3,-36,-3,-36,-3,-35,-2,-34,-2,-33,-2,-31,-3,-30,-3,-29,-4,-28,-4,-26,-5,-25,-4,-23,-4,-22,-5,-21,-5,-20,-6,-18,-7,-4,-2,-1,-1,0,0,1,-1,0,0,-3,0,-8,-1,-44,-3,-44,-6,-44,-10,-45,-13,-46,-16,-46,-19,-46,-21,-46,-23,-46,-25,-46,-27,-45,-29,-45,-29,-46,-30,-46,-30,-45,-30,-44,-30,-44,-30,-44,-30,-43,-28,-43,-26,-43,-25,-44,-24,-44,-23,-45,-22,-46,-20,-46,-19,-47,-19,-48,-19]"
CSI_DATA,333,5c:01:3b:6b:b0:95,-46,11,1,4,0,1,1,1,0,0,0,-97,1,11,0,36568410,0,86,1,256,1,"[86,-32,4,0,-10,-23,-10,-22,-9,-21,-9,-20,-10,-20,-9,-19,-10,-18,-10,-18,-11,-17,-11,-16,-11,-16,-12,-15,-12,-15,-12,-15,-11,-15,-11,-15,-10,-15,-10,-14,-9,-14,-8,-14,-8,-13,-7,-12,-7,-12,-6,-12,-6,-12,-2,-3,0,0,0,0,0,0,0,0,0,0,0,0,0,0,0,0,0,0,-3,-5,-11,-18,-11,-19,-10,-20,-10,-22,-9,-22,-8,-23,-7,-24,-6,-24,-6,-25,-5,-26,-5,-26,-5,-26,-5,-26,-5,-26,-4,-25,-5,-25,-5,-25,-6,-24,-6,-24,-7,-24,-7,-24,-8,-23,-8,-23,-9,-23,-9,-24,-9,-25,-3,-15,-10,-46,-10,-45,-10,-44,-10,-42,-10,-41,-11,-40,-12,-38,-12,-36,-14,-35,-15,-34,-16,-33,-17,-32,-17,-32,-17,-32,-17,-31,-16,-30,-15,-30,-15,-29,-14,-28,-13,-28,-12,-27,-11,-26,-10,-25,-9,-24,-8,-23,-7,-22,-2,-22,-1,-21,0,-4,0,-2,-1,0,0,1,-1,0,-1,-2,-3,-7,-14,-37,-12,-38,-14,-38,-12,-39,-10,-42,-9,-43,-7,-44,-5,-45,-4,-46,-2,-47,-1,-47,0,-48,0,-49,0,-49,1,-48,1,-48,1,-48,1,-47,0,-47,-1,-46,-2,-46,-4,-46,-5,-46,-6,-46,-7,-45,-8,-46,-9,-46,-10,-47]"
CSI_DATA,334,5c:01:3b:6b:b0:95,-44,11,1,4,0,1,1,1,0,0,0,-97,1,11,0,36601426,0,86,1,256,1,"[86,-32,4,0,-16,-4,-15,-4,-15,-4,-14,-3,-14,-3,-14,-3,-14,-2,-13,-2,-13,-1,-13,-1,-13,-1,-13,0,-13,0,-13,0,-13,0,-13,-1,-12,-1,-12,-1,-11,-1,-11,-2,-10,-2,-10,-2,-9,-2,-9,-2,-9,-2,-3,-1,0,0,0,0,0,0,0,0,0,0,0,0,0,0,0,0,0,0,-4,-1,-13,-2,-13,-2,-14,-3,-14,-4,-14,-5,-14,-5,-14,-6,-14,-6,-14,-7,-14,-7,-15,-7,-15,-8,-15,-8,-14,-8,-14,-7,-14,-7,-14,-7,-14,-6,-14,-6,-15,-6,-15,-6,-15,-5,-15,-5,-15,-4,-16,-5,-16,-5,-17,-9,-54,-25,-53,-25,-52,-25,-50,-23,-49,-22,-49,-21,-48,-19,-47,-17,-46,-15,-47,-13,-47,-12,-47,-10,-47,-9,-47,-9,-46,-9,-45,-9,-44,-9,-43,-9,-41,-10,-39,-11,-38,-12,-36,-12,-35,-12,-33,-12,-31,-13,-30,-13,-25,-19,-23,-20,-4,-4,-2,-2,0,0,1,0,0,0,-3,-1,-8,-2,-45,-13,-44,-15,-46,-14,-46,-17,-47,-21,-47,-24,-47,-26,-47,-28,-47,-31,-47,-33,-47,-35,-46,-36,-47,-36,-48,-36,-47,-37,-47,-37,-46,-37,-46,-37,-46,-35,-46,-34,-47,-32,-48,-31,-49,-30,-50,-29,-50,-27,-52,-26,-53,-26,-54,-26]"
CSI_DATA,335,5c:01:3b:6b:b0:95,-42,11,1,3,0,1,1,1,0,0,0,-97,1,11,0,36636586,0,86,1,256,1,"[86,-32,4,0,16,18,16,17,16,16,16,15,16,15,16,14,16,14,16,13,16,12,16,11,16,10,16,10,17,10,17,10,17,10,16,11,16,11,15,11,14,11,13,11,12,11,11,10,11,10,10,10,9,10,2,2,0,0,0,0,0,0,0,0,0,0,0,0,0,0,0,0,0,0,3,2,14,11,14,12,14,13,14,15,14,15,13,16,13,18,13,18,12,19,12,20,12,20,12,21,12,20,12,20,12,20,12,20,12,19,12,18,13,18,13,18,14,18,15,18,15,18,16,18,17,18,17,19,7,11,26,37,26,37,25,37,25,36,25,34,25,33,25,31,26,30,26,28,27,27,28,26,28,25,28,25,28,25,28,25,28,24,27,25,26,25,25,25,23,24,22,24,20,23,19,23,18,23,16,22,15,22,9,25,7,25,1,4,0,1,-1,-1,-1,-1,-1,-1,1,1,4,4,24,24,22,26,24,26,23,28,22,30,21,32,20,34,19,35,18,37,18,39,17,40,17,40,17,41,17,41,16,41,16,41,16,41,16,41,16,40,17,39,17,39,18,38,20,38,21,38,23,38,24,38,25,38,26,39]"
CSI_DATA,336,5c:01:3b:6b:b0:95,-40,11,1,3,0,1,1,1,0,0,0,-97,1,11,0,36669224,0,86,1,256,1,"[86,-32,4,0,-16,-23,-16,-22,-16,-21,-16,-20,-16,-20,-16,-19,-16,-18,-17,-18,-17,-17,-18,-17,-18,-16,-18,-15,-18,-15,-18,-16,-18,-16,-17,-16,-17,-16,-16,-16,-15,-16,-14,-16,-13,-16,-12,-15,-11,-15,-10,-15,-10,-15,-3,-4,0,0,0,0,0,0,0,0,0,0,0,0,0,0,0,0,0,0,-4,-4,-14,-15,-14,-16,-14,-18,-13,-19,-13,-20,-12,-21,-12,-22,-11,-23,-11,-23,-11,-24,-11,-24,-10,-25,-10,-25,-10,-24,-10,-24,-10,-24,-11,-24,-11,-23,-12,-23,-12,-23,-13,-23,-14,-23,-14,-22,-15,-23,-16,-23,-16,-24,-6,-15,-21,-47,-20,-47,-19,-46,-19,-45,-19,-43,-20,-42,-21,-41,-22,-40,-23,-38,-24,-37,-25,-37,-26,-36,-27,-36,-27,-36,-26,-35,-26,-35,-25,-35,-24,-35,-22,-35,-20,-34,-19,-33,-17,-32,-16,-31,-15,-31,-13,-30,-12,-30,-2,-32,0,-31,0,-6,0,-2,-1,0,0,0,0,0,-2,-2,-4,-6,-18,-33,-16,-34,-20,-34,-19,-35,-17,-38,-15,-40,-14,-41,-12,-43,-11,-44,-10,-45,-9,-46,-9,-46,-9,-47,-9,-48,-9,-48,-8,-48,-8,-48,-8,-48,-9,-47,-10,-46,-11,-46,-12,-46,-13,-46,-15,-46,-17,-46,-18,-46,-20,-47,-20,-48]"
CSI_DATA,337,5c:01:3b:6b:b0:95,-34,11,1,4,0,1,1,1,0,0,0,-97,1,11,0,36699377,0,86,1,256,1,"[86,-32,4,0,10,8,10,8,10,7,10,7,10,7,10,6,10,6,10,6,10,5,10,5,10,5,10,5,10,5,11,5,11,5,11,5,10,5,10,5,9,5,9,5,8,5,8,5,7,5,7,5,6,6,1,1,0,0,0,0,0,0,0,0,0,0,0,0,0,0,0,0,0,0,2,1,8,5,8,5,8,6,8,6,8,7,8,8,8,8,8,9,8,9,8,9,8,10,8,10,8,10,8,10,8,10,8,10,8,9,8,9,8,9,9,9,9,9,9,8,9,8,10,8,10,9,11,9,8,13,29,41,28,41,28,40,27,38,28,37,29,36,29,35,29,33,30,31,31,30,32,29,32,28,33,28,33,28,32,28,32,28,31,28,30,28,28,28,27,28,25,28,23,27,22,27,21,27,19,27,17,27,8,33,6,33,0,5,-1,1,-1,-1,-1,-1,-1,-1,1,1,4,4,23,28,21,30,25,26,24,29,23,31,22,33,22,35,21,37,20,39,19,40,18,41,18,42,19,43,19,43,18,43,18,43,17,43,17,43,17,42,18,41,20,40,22,40,23,40,25,40,26,40,27,40,29,41,30,41]"
CSI_DATA,338,5c:01:3b:6b:b0:95,-34,11,1,4,0,1,1,1,0,0,0,-97,1,11,0,36735115,0,86,1,256,1,"[86,-32,4,0,-14,-3,-14,-3,-13,-3,-13,-3,-13,-2,-13,-2,-13,-2,-12,-2,-12,-1,-12,-1,-12,-1,-12,0,-12,0,-12,0,-12,-1,-12,-1,-12,-1,-12,-1,-11,-2,-11,-2,-11,-2,-10,-2,-10,-3,-10,-3,-9,-3,-3,-1,0,0,0,0,0,0,0,0,0,0,0,0,0,0,0,0,0,0,-3,-1,-10,-1,-10,-2,-11,-2,-11,-3,-11,-3,-11,-4,-12,-4,-11,-5,-11,-5,-12,-5,-12,-6,-12,-6,-12,-6,-12,-6,-12,-6,-12,-5,-12,-5,-12,-5,-12,-5,-12,-4,-12,-4,-12,-4,-12,-4,-13,-4,-14,-4,-14,-4,-16,-5,-50,-15,-50,-15,-49,-15,-48,-14,-48,-13,-48,-12,-46,-10,-45,-9,-45,-8,-45,-6,-46,-5,-46,-3,-46,-3,-46,-3,-45,-4,-45,-4,-44,-5,-43,-5,-42,-6,-41,-8,-40,-9,-39,-10,-37,-10,-36,-11,-35,-12,-33,-13,-30,-16,-28,-17,-5,-4,-2,-2,0,0,0,-1,0,0,-2,0,-7,-1,-36,-2,-36,-4,-37,-6,-38,-8,-39,-11,-40,-13,-40,-15,-40,-17,-41,-19,-41,-21,-40,-22,-41,-22,-42,-23,-42,-24,-42,-24,-42,-24,-42,-24,-42,-24,-42,-22,-42,-21,-43,-20,-44,-19,-44,-18,-45,-17,-45,-16,-47,-15,-49,-15,-50,-15]"
CSI_DATA,339,5c:01:3b:6b:b0:95,-34,11,1,3,0,1,1,1,0,0,0,-97,1,11,0,36773772,0,86,1,256,1,"[86,-32,4,0,-8,-24,-8,-24,-8,-23,-8,-22,-9,-22,-9,-22,-9,-21,-9,-20,-10,-20,-11,-20,-11,-19,-11,-19,-12,-19,-11,-20,-11,-20,-11,-20,-10,-20,-9,-20,-8,-20,-7,-19,-7,-19,-6,-18,-5,-18,-5,-18,-4,-17,-1,-5,0,0,0,0,0,0,0,0,0,0,0,0,0,0,0,0,0,0,-2,-4,-8,-16,-8,-17,-7,-18,-6,-19,-6,-19,-5,-20,-5,-21,-4,-21,-3,-22,-3,-22,-3,-23,-3,-23,-2,-23,-2,-22,-3,-22,-3,-22,-3,-22,-4,-22,-4,-22,-5,-22,-5,-23,-6,-23,-6,-23,-7,-23,-7,-24,-7,-25,-3,-15,-11,-46,-10,-46,-10,-45,-10,-45,-11,-43,-11,-43,-12,-42,-13,-41,-14,-40,-15,-40,-17,-39,-18,-39,-18,-39,-18,-39,-17,-39,-17,-39,-16,-39,-15,-39,-14,-38,-12,-38,-10,-37,-9,-35,-9,-34,-8,-34,-6,-33,-4,-33,2,-32,4,-31,0,-6,0,-2,-1,0,0,0,0,0,-1,-2,-3,-5,-14,-28,-13,-30,-13,-32,-11,-33,-9,-35,-7,-36,-6,-37,-5,-39,-3,-40,-2,-40,-1,-41,-1,-41,-1,-42,-2,-43,-1,-43,-1,-43,0,-43,0,-43,-1,-42,-2,-42,-2,-42,-4,-42,-4,-43,-6,-44,-8,-44,-9,-44,-10,-45,-11,-46]"
CSI_DATA,340,5c:01:3b:6b:b0:95,-33,11,1,4,0,1,1,1,0,0,0,-97,1,11,0,36800041,0,86,1,256,1,"[86,-32,4,0,-9,12,-9,12,-8,11,-8,11,-7,11,-7,11,-7,11,-6,11,-6,11,-5,11,-5,11,-5,12,-5,12,-5,12,-5,12,-5,12,-5,11,-5,11,-6,10,-6,10,-6,10,-6,9,-6,9,-6,8,-6,8,-2,2,0,0,0,0,0,0,0,0,0,0,0,0,0,0,0,0,0,0,-2,2,-6,8,-6,8,-7,8,-7,8,-8,8,-8,8,-9,8,-9,8,-10,8,-10,8,-10,8,-11,8,-11,8,-10,8,-10,8,-10,8,-10,9,-9,9,-9,9,-9,9,-9,10,-9,10,-9,10,-9,11,-9,11,-9,12,-14,10,-41,35,-41,34,-40,34,-38,34,-37,34,-36,35,-35,34,-33,34,-31,35,-30,36,-29,37,-28,38,-27,39,-28,39,-28,39,-28,39,-29,38,-29,36,-29,35,-30,32,-30,31,-30,30,-30,28,-30,26,-30,25,-30,22,-36,13,-36,10,-7,1,-3,0,0,-1,0,-1,0,-1,-2,1,-5,5,-26,27,-28,26,-27,27,-29,26,-32,25,-34,25,-35,24,-37,23,-39,22,-41,22,-42,21,-42,21,-43,22,-44,23,-44,22,-44,22,-43,22,-43,22,-43,22,-42,22,-41,24,-41,26,-41,27,-40,29,-40,31,-40,33,-41,35,-42,36]"
CSI_DATA,341,5c:01:3b:6b:b0:95,-35,11,1,4,0,1,1,1,0,0,0,-97,1,11,0,36832593,0,86,1,256,1,"[86,-32,4,0,-12,7,-12,7,-11,7,-11,6,-11,7,-10,7,-10,7,-10,7,-9,7,-9,7,-9,8,-9,8,-9,8,-9,8,-9,8,-9,8,-9,7,-9,7,-9,6,-9,6,-9,6,-9,5,-9,5,-9,4,-9,4,-3,1,0,0,0,0,0,0,0,0,0,0,0,0,0,0,0,0,0,0,-2,1,-8,5,-8,5,-9,5,-9,4,-9,4,-10,4,-10,4,-11,4,-11,4,-11,3,-12,3,-12,3,-12,3,-12,3,-11,3,-11,3,-11,4,-11,4,-11,4,-11,4,-11,5,-11,5,-11,5,-11,6,-12,6,-12,6,-16,5,-47,18,-47,18,-46,18,-44,18,-43,18,-42,19,-41,19,-40,20,-38,21,-38,22,-38,23,-37,24,-38,25,-38,25,-38,25,-38,25,-38,24,-37,23,-37,21,-37,19,-37,17,-36,15,-36,14,-35,13,-34,11,-34,10,-35,2,-34,0,-6,-1,-2,-1,0,-1,0,-1,0,-1,-2,0,-5,2,-28,16,-30,14,-31,16,-33,14,-35,12,-36,11,-37,10,-38,9,-40,8,-41,7,-42,6,-42,6,-43,6,-44,6,-44,6,-44,5,-44,6,-44,6,-43,6,-43,7,-43,9,-43,10,-43,11,-44,13,-44,15,-44,16,-45,18,-46,19]"
CSI_DATA,342,5c:01:3b:6b:b0:95,-45,11,1,4,0,1,1,1,0,0,0,-97,1,11,0,36866946,0,86,1,256,1,"[86,-32,4,0,-25,10,-25,10,-24,10,-23,10,-23,11,-22,11,-21,11,-21,12,-20,12,-20,13,-20,13,-20,14,-20,14,-20,14,-20,14,-21,14,-21,13,-20,12,-20,11,-20,10,-20,9,-20,8,-20,8,-19,7,-19,6,-5,1,0,0,0,0,0,0,0,0,0,0,0,0,0,0,0,0,0,0,-4,2,-16,8,-17,8,-18,7,-19,6,-20,6,-21,6,-21,5,-21,5,-22,4,-23,4,-23,4,-23,3,-23,3,-23,3,-23,3,-23,4,-23,4,-22,5,-23,5,-23,6,-23,7,-23,7,-23,8,-24,9,-24,9,-25,10,-15,1,-48,5,-48,5,-47,5,-46,6,-45,6,-45,7,-44,8,-43,9,-42,10,-42,12,-42,13,-41,15,-42,16,-42,15,-42,15,-42,15,-42,14,-42,13,-41,12,-41,10,-41,8,-40,7,-39,6,-38,5,-37,3,-37,1,-36,-10,-35,-12,-6,-3,-2,-1,0,0,0,-1,0,-1,-2,0,-6,0,-34,3,-34,1,-33,6,-34,4,-36,2,-37,1,-38,-1,-38,-2,-39,-3,-40,-5,-40,-6,-41,-6,-42,-6,-42,-6,-42,-6,-42,-6,-42,-6,-42,-6,-41,-5,-41,-4,-42,-3,-42,-1,-43,0,-44,1,-44,3,-45,4,-46,5,-48,5]"
CSI_DATA,343,5c:01:3b:6b:b0:95,-47,11,1,4,0,1,1,1,0,0,0,-97,1,11,0,36902491,0,86,1,256,1,"[86,-32,4,0,-18,19,-17,18,-16,18,-16,18,-15,18,-14,18,-14,18,-13,19,-12,19,-11,19,-11,19,-11,19,-10,20,-10,20,-10,21,-11,20,-11,19,-11,19,-11,18,-11,17,-12,16,-12,15,-12,15,-12,14,-12,14,-3,3,0,0,0,0,0,0,0,0,0,0,0,0,0,0,0,0,0,0,-3,3,-12,15,-13,15,-14,14,-15,14,-16,14,-17,14,-18,14,-19,13,-20,13,-20,13,-21,13,-21,13,-21,12,-21,12,-20,12,-20,13,-20,13,-19,14,-19,14,-19,15,-18,15,-18,16,-18,16,-18,17,-18,18,-18,19,-13,8,-39,30,-39,29,-37,29,-36,29,-35,29,-34,30,-32,29,-31,30,-29,30,-28,32,-27,33,-26,34,-25,35,-25,35,-25,35,-25,35,-26,34,-26,32,-26,31,-26,30,-27,28,-26,27,-26,26,-25,25,-25,23,-26,22,-30,16,-30,14,-6,2,-2,0,0,-1,0,-1,0,-1,-2,1,-5,4,-25,25,-26,24,-27,25,-29,24,-31,23,-34,22,-35,21,-37,20,-39,19,-40,18,-41,17,-41,17,-42,18,-42,18,-42,18,-42,17,-42,17,-42,18,-41,18,-40,19,-40,20,-39,21,-39,23,-39,24,-38,26,-38,27,-38,29,-39,30]"
CSI_DATA,344,5c:01:3b:6b:b0:95,-43,11,1,4,0,1,1,1,0,0,0,-97,1,11,0,36935305,0,86,1,256,1,"[86,-32,4,0,-3,27,-3,27,-2,26,-2,25,-1,25,-1,24,0,24,1,24,2,23,2,23,3,23,3,23,3,23,3,24,3,24,3,24,2,24,2,23,1,22,0,22,-1,21,-1,20,-2,19,-2,19,-3,19,-1,4,0,0,0,0,0,0,0,0,0,0,0,0,0,0,0,0,0,0,0,4,1,19,0,19,-1,20,-2,21,-3,21,-4,22,-5,22,-5,23,-6,23,-7,23,-7,24,-8,24,-8,24,-8,23,-8,23,-7,24,-7,23,-6,23,-6,24,-5,24,-4,25,-4,25,-4,25,-3,26,-3,27,-3,28,-5,15,-13,50,-13,50,-13,49,-12,48,-11,47,-10,47,-8,45,-7,44,-5,44,-4,44,-2,45,-1,45,0,45,0,45,-1,45,-1,45,-2,44,-3,43,-4,43,-5,41,-7,40,-7,39,-8,37,-8,36,-9,35,-11,34,-18,31,-19,29,-4,5,-2,1,0,-1,-1,-2,0,-1,0,1,0,6,-1,35,-3,35,-3,36,-6,37,-8,38,-10,39,-12,39,-14,40,-16,40,-18,40,-19,40,-20,41,-20,42,-20,42,-21,42,-21,42,-21,42,-21,42,-20,42,-19,41,-18,42,-17,44,-16,44,-15,45,-14,46,-13,47,-12,49,-13,51]"
CSI_DATA,345,5c:01:3b:6b:b0:95,-41,11,1,4,0,1,1,1,0,0,0,-97,1,11,0,36966978,0,86,1,256,1,"[86,-32,4,0,11,22,11,22,11,21,11,20,11,20,12,19,12,18,12,18,13,17,13,17,14,16,14,16,14,16,14,16,14,17,14,17,13,17,13,17,12,17,11,16,10,16,9,16,8,15,8,15,7,16,1,4,0,0,0,0,0,0,0,0,0,0,0,0,0,0,0,0,0,0,2,3,9,14,8,15,8,16,8,17,7,17,7,18,6,19,6,20,5,20,5,21,5,22,5,22,5,22,5,21,5,21,5,21,6,21,6,20,7,21,7,21,8,21,9,21,9,21,10,21,11,22,11,23,5,13,19,44,18,44,18,43,18,41,18,40,19,40,20,38,20,36,21,35,23,34,24,34,25,33,25,33,26,33,25,33,25,33,24,33,23,32,22,32,20,32,19,33,17,32,16,31,15,31,13,30,11,30,7,31,5,31,0,5,0,1,-1,-1,-1,-1,-1,-1,1,1,3,4,18,25,17,26,16,28,14,30,13,32,12,34,11,35,10,36,9,38,8,39,7,39,7,40,7,41,7,42,7,42,7,42,7,42,7,42,8,41,9,40,10,41,11,41,12,41,14,41,15,41,16,42,18,43,18,44]"
CSI_DATA,346,5c:01:3b:6b:b0:95,-42,11,1,4,0,1,1,1,0,0,0,-97,1,11,0,36999357,0,86,1,256,1,"[86,-32,4,0,-13,-24,-13,-24,-13,-23,-13,-22,-14,-22,-14,-21,-14,-20,-15,-20,-15,-20,-15,-20,-16,-19,-16,-18,-16,-18,-17,-18,-17,-19,-17,-19,-16,-19,-15,-19,-14,-19,-14,-19,-13,-18,-11,-18,-10,-18,-9,-18,-8,-18,-2,-5,0,0,0,0,0,0,0,0,0,0,0,0,0,0,0,0,0,0,-3,-4,-10,-16,-9,-17,-9,-18,-9,-19,-8,-19,-8,-20,-8,-21,-7,-22,-7,-22,-6,-23,-5,-24,-5,-24,-5,-24,-5,-24,-6,-23,-7,-23,-8,-23,-8,-23,-9,-23,-9,-23,-10,-23,-11,-23,-11,-23,-11,-24,-11,-25,-12,-26,-6,-15,-18,-48,-18,-48,-18,-47,-18,-46,-19,-45,-19,-45,-20,-43,-21,-41,-22,-40,-23,-40,-24,-39,-25,-38,-26,-38,-26,-38,-26,-38,-26,-38,-25,-38,-24,-38,-22,-38,-20,-37,-19,-38,-18,-37,-16,-36,-15,-35,-13,-35,-11,-35,-4,-35,-1,-35,-1,-7,0,-2,0,0,0,0,0,0,-1,-2,-3,-5,-17,-29,-15,-30,-15,-32,-14,-34,-12,-36,-11,-38,-10,-39,-9,-40,-8,-41,-7,-42,-6,-43,-5,-43,-5,-45,-5,-46,-5,-46,-5,-46,-5,-45,-6,-45,-7,-45,-8,-44,-9,-45,-11,-45,-12,-45,-13,-46,-14,-46,-16,-47,-17,-48,-18,-49]"
CSI_DATA,347,5c:01:3b:6b:b0:95,-37,11,1,4,0,1,1,1,0,0,0,-97,1,11,0,37032229,0,86,1,256,1,"[86,-32,4,0,-8,21,-8,21,-7,20,-7,20,-7,20,-6,19,-5,19,-5,19,-4,19,-3,19,-3,19,-3,20,-3,20,-3,20,-3,20,-3,20,-4,19,-4,19,-5,18,-5,17,-6,16,-6,15,-6,15,-6,15,-7,14,-2,3,0,0,0,0,0,0,0,0,0,0,0,0,0,0,0,0,0,0,-1,3,-4,15,-5,15,-6,16,-6,16,-7,16,-8,17,-9,17,-9,16,-10,16,-10,17,-11,17,-11,18,-11,17,-11,17,-11,17,-11,17,-10,17,-9,17,-10,18,-10,18,-9,19,-9,19,-8,19,-8,20,-8,22,-8,22,-8,10,-24,35,-24,35,-23,34,-22,33,-21,33,-20,34,-19,33,-18,32,-17,33,-15,33,-14,34,-13,34,-13,35,-13,35,-13,35,-14,34,-14,34,-15,33,-16,32,-17,30,-17,29,-17,28,-17,26,-17,25,-17,24,-19,23,-24,17,-25,15,-5,2,-2,0,0,-1,0,-1,0,-1,-1,1,-3,4,-14,25,-16,25,-13,26,-16,26,-18,27,-19,27,-21,26,-22,26,-24,26,-25,25,-25,25,-26,25,-26,26,-27,27,-28,26,-28,26,-28,26,-27,26,-27,26,-26,27,-25,28,-25,29,-24,30,-24,30,-23,31,-23,33,-23,35,-23,36]"
CSI_DATA,348,5c:01:3b:6b:b0:95,-39,11,1,4,0,1,1,1,0,0,0,-97,1,11,0,37068235,0,86,1,256,1,"[86,-32,4,0,26,9,26,9,25,8,25,8,25,7,25,7,24,6,24,5,24,4,24,3,24,2,24,2,24,3,24,3,25,3,25,4,24,5,24,5,22,6,21,6,20,6,20,7,19,7,18,8,17,8,4,2,0,0,0,0,0,0,0,0,0,0,0,0,0,0,0,0,0,0,4,0,18,3,19,4,19,5,20,6,20,7,21,8,21,9,20,10,20,11,21,12,22,12,22,12,22,12,21,12,21,12,21,12,21,12,21,11,22,11,23,11,23,10,23,9,24,9,25,9,26,9,27,9,13,8,45,26,45,26,44,26,43,25,43,23,44,22,43,20,42,19,42,17,43,15,44,14,44,13,45,13,45,13,44,14,44,14,44,15,43,16,42,16,40,17,38,18,36,18,35,19,33,19,31,20,29,22,23,28,21,29,3,5,0,1,-1,-1,-2,-1,-1,-1,1,0,5,1,34,10,33,13,34,12,34,15,34,18,34,20,34,21,34,23,34,25,34,27,34,28,34,29,36,29,36,29,36,30,35,30,35,30,35,31,35,30,35,29,37,28,38,27,39,26,40,26,41,25,43,24,45,24,47,24]"
CSI_DATA,349,5c:01:3b:6b:b0:95,-37,11,1,5,0,1,1,1,0,0,0,-97,1,11,0,37099380,0,86,1,256,1,"[86,-32,4,0,-14,1,-14,1,-13,1,-13,1,-13,1,-13,2,-13,2,-12,2,-12,2,-12,3,-12,3,-12,3,-12,3,-12,3,-12,3,-12,3,-12,3,-12,2,-12,2,-12,1,-11,1,-11,1,-11,1,-10,0,-10,0,-3,0,0,0,0,0,0,0,0,0,0,0,0,0,0,0,0,0,0,0,-3,0,-10,1,-10,1,-11,0,-11,0,-11,0,-12,-1,-12,-1,-12,-2,-12,-2,-12,-2,-13,-2,-13,-2,-13,-2,-12,-2,-13,-2,-13,-2,-13,-2,-12,-2,-13,-1,-13,-1,-13,-1,-13,0,-13,0,-14,0,-14,0,-14,0,-16,-2,-52,-3,-53,-4,-52,-4,-51,-3,-49,-2,-49,-2,-48,-1,-47,1,-46,3,-46,4,-46,6,-46,7,-47,8,-47,8,-47,8,-46,7,-46,7,-46,6,-45,4,-44,2,-43,1,-41,0,-40,-1,-39,-2,-38,-3,-37,-5,-35,-13,-33,-15,-6,-3,-2,-2,0,0,0,-1,0,-1,-2,0,-7,0,-35,0,-35,-2,-36,0,-37,-3,-38,-5,-39,-7,-40,-8,-41,-10,-42,-12,-42,-13,-43,-13,-43,-14,-44,-14,-45,-15,-45,-15,-45,-15,-45,-15,-46,-14,-45,-13,-45,-12,-45,-12,-46,-10,-46,-9,-47,-8,-48,-6,-49,-5,-51,-4,-52,-4]"
CSI_DATA,350,5c:01:3b:6b:b0:95,-37,11,1,5,0,1,1,1,0,0,0,-97,1,11,0,37134066,0,86,1,256,1,"[86,-32,4,0,-11,-21,-12,-21,-12,-20,-12,-19,-12,-19,-12,-18,-13,-18,-13,-17,-14,-17,-14,-17,-14,-16,-15,-16,-15,-16,-15,-16,-15,-16,-15,-16,-14,-17,-13,-17,-12,-17,-12,-16,-11,-16,-10,-16,-9,-16,-8,-16,-8,-16,-2,-4,0,0,0,0,0,0,0,0,0,0,0,0,0,0,0,0,0,0,-3,-4,-9,-14,-9,-15,-9,-16,-8,-17,-8,-17,-7,-18,-7,-19,-6,-19,-6,-19,-6,-20,-6,-21,-6,-21,-6,-21,-6,-21,-6,-20,-6,-21,-7,-20,-7,-20,-8,-20,-9,-20,-9,-20,-9,-20,-10,-20,-11,-20,-11,-21,-11,-22,-4,-13,-14,-42,-14,-42,-14,-41,-13,-41,-14,-40,-14,-39,-15,-38,-16,-37,-17,-35,-19,-34,-21,-34,-22,-34,-22,-34,-22,-34,-21,-34,-21,-34,-20,-34,-20,-34,-18,-34,-16,-34,-15,-34,-14,-32,-13,-32,-12,-31,-10,-31,-8,-30,1,-31,3,-31,0,-6,0,-2,-1,0,0,0,0,0,-1,-2,-3,-5,-11,-28,-10,-29,-12,-29,-11,-30,-9,-32,-8,-33,-7,-34,-6,-35,-4,-36,-4,-37,-3,-37,-3,-38,-4,-39,-4,-39,-4,-40,-3,-40,-3,-39,-4,-39,-5,-39,-5,-39,-6,-39,-7,-39,-8,-39,-9,-40,-11,-40,-13,-40,-14,-41,-14,-42]"
CSI_DATA,351,5c:01:3b:6b:b0:95,-37,11,1,5,0,1,1,1,0,0,0,-97,1,11,0,37166358,0,86,1,256,1,"[86,-32,4,0,-23,-2,-23,-2,-22,-1,-22,-1,-22,-1,-21,0,-21,0,-20,1,-20,2,-21,3,-20,3,-20,3,-20,3,-20,3,-20,3,-20,2,-20,2,-20,1,-19,0,-19,0,-18,-1,-18,-1,-17,-1,-17,-2,-16,-3,-4,-1,0,0,0,0,0,0,0,0,0,0,0,0,0,0,0,0,0,0,-4,0,-16,0,-16,-1,-17,-2,-18,-2,-18,-3,-18,-4,-19,-5,-19,-5,-19,-6,-19,-6,-20,-6,-20,-6,-20,-6,-20,-6,-20,-6,-20,-6,-20,-5,-20,-5,-20,-5,-20,-5,-21,-4,-21,-4,-21,-3,-22,-2,-23,-2,-23,-2,-13,-5,-40,-13,-40,-13,-39,-13,-39,-12,-38,-11,-38,-10,-37,-9,-37,-8,-36,-7,-37,-5,-37,-4,-38,-3,-38,-2,-39,-3,-38,-3,-38,-3,-37,-4,-37,-4,-37,-5,-35,-6,-34,-7,-33,-8,-31,-9,-30,-9,-29,-10,-27,-11,-23,-20,-21,-21,-4,-4,-1,-2,0,0,0,0,0,0,-2,-1,-5,-2,-28,-8,-27,-10,-29,-6,-29,-8,-29,-11,-29,-12,-30,-13,-31,-15,-31,-16,-31,-17,-31,-18,-31,-18,-32,-19,-33,-19,-33,-19,-33,-19,-33,-19,-33,-19,-33,-18,-33,-17,-34,-17,-34,-17,-34,-16,-36,-15,-37,-13,-38,-12,-39,-12,-40,-12]"
CSI_DATA,352,5c:01:3b:6b:b0:95,-37,11,1,5,0,1,1,1,0,0,0,-97,1,11,0,37199273,0,86,1,256,1,"[86,-32,4,0,-12,20,-11,20,-11,19,-10,19,-10,19,-9,19,-8,18,-8,18,-7,18,-6,19,-6,19,-6,19,-6,20,-6,20,-6,20,-6,19,-7,19,-7,19,-7,18,-8,17,-8,16,-9,15,-9,15,-9,14,-9,14,-3,3,0,0,0,0,0,0,0,0,0,0,0,0,0,0,0,0,0,0,-2,3,-6,14,-7,14,-8,15,-9,15,-10,15,-11,15,-12,15,-12,15,-13,15,-13,15,-14,15,-14,15,-14,15,-14,15,-14,15,-14,15,-13,15,-13,16,-12,16,-12,17,-12,17,-11,17,-11,18,-12,19,-12,20,-11,21,-9,10,-26,35,-26,34,-25,35,-24,34,-23,34,-22,34,-21,33,-20,33,-19,33,-18,33,-17,34,-16,35,-16,35,-16,36,-16,36,-17,36,-17,35,-17,35,-18,34,-18,32,-19,31,-19,29,-19,27,-20,26,-20,24,-21,23,-26,18,-26,16,-5,2,-2,0,0,-1,0,-1,0,-1,-1,1,-3,4,-14,25,-16,24,-15,25,-17,25,-20,25,-21,25,-23,25,-25,25,-26,25,-27,25,-28,24,-29,24,-29,25,-30,25,-30,25,-30,25,-29,25,-29,26,-29,26,-28,26,-28,27,-28,28,-27,29,-26,30,-26,31,-26,32,-26,34,-26,35]"
CSI_DATA,353,5c:01:3b:6b:b0:95,-37,11,1,5,0,1,1,1,0,0,0,-97,1,11,0,37232312,0,86,1,256,1,"[86,-32,4,0,-20,15,-19,15,-18,15,-18,15,-18,15,-17,15,-16,15,-15,15,-14,15,-14,16,-13,17,-14,17,-14,17,-14,17,-14,17,-14,16,-14,16,-15,15,-15,14,-15,13,-15,12,-15,12,-14,11,-14,11,-15,10,-4,2,0,0,0,0,0,0,0,0,0,0,0,0,0,0,0,0,0,0,-3,2,-12,11,-13,11,-15,11,-16,11,-16,11,-17,10,-18,10,-19,9,-19,9,-19,9,-20,10,-20,10,-20,10,-20,10,-20,9,-20,9,-19,10,-19,10,-19,11,-20,11,-19,11,-19,12,-18,13,-19,14,-20,15,-20,16,-13,5,-40,20,-40,19,-40,19,-39,19,-38,19,-37,19,-36,19,-35,20,-33,21,-32,23,-31,25,-30,26,-31,26,-32,26,-32,26,-32,25,-32,24,-32,24,-32,23,-32,20,-31,18,-30,17,-30,16,-30,15,-29,13,-29,12,-32,2,-31,0,-6,-1,-2,-1,0,-1,0,-1,0,-1,-2,0,-5,2,-27,15,-28,14,-27,17,-29,15,-30,14,-32,13,-34,12,-36,11,-37,10,-38,9,-38,9,-38,9,-39,10,-40,10,-40,10,-40,9,-40,9,-40,9,-40,10,-39,11,-39,12,-39,12,-39,13,-39,15,-38,16,-39,18,-40,19,-41,20]"
CSI_DATA,354,5c:01:3b:6b:b0:95,-36,11,1,5,0,1,1,1,0,0,0,-97,1,11,0,37266183,0,86,1,256,1,"[86,-32,4,0,1,-24,1,-24,1,-24,1,-23,0,-23,0,-23,-1,-22,-2,-22,-3,-22,-3,-22,-4,-21,-4,-21,-4,-22,-4,-22,-4,-22,-3,-22,-3,-22,-2,-22,-2,-21,-1,-20,0,-19,1,-19,1,-19,2,-18,2,-18,0,-5,0,0,0,0,0,0,0,0,0,0,0,0,0,0,0,0,0,0,-1,-5,-1,-18,0,-18,1,-18,1,-19,2,-19,3,-20,4,-21,4,-21,5,-21,5,-21,6,-22,6,-22,6,-21,6,-21,6,-21,5,-21,5,-21,4,-21,4,-22,4,-22,3,-22,3,-22,2,-22,2,-23,2,-25,2,-26,-1,-15,-1,-46,-1,-46,-1,-46,-2,-45,-2,-44,-3,-43,-4,-42,-5,-42,-7,-41,-8,-41,-9,-41,-10,-41,-10,-41,-10,-41,-10,-41,-10,-41,-9,-41,-8,-41,-7,-40,-6,-39,-4,-38,-3,-37,-2,-36,-1,-35,1,-34,2,-33,3,-32,4,-32,0,-6,0,-2,-1,0,0,0,0,0,-1,-2,-2,-6,-9,-30,-8,-31,-4,-33,-2,-33,-1,-34,1,-35,2,-36,4,-38,5,-39,7,-39,7,-39,8,-40,9,-41,9,-41,10,-41,9,-41,9,-41,8,-41,7,-41,6,-41,5,-41,4,-42,3,-42,2,-43,1,-43,1,-44,1,-46,1,-46]"
CSI_DATA,355,5c:01:3b:6b:b0:95,-34,11,1,5,0,1,1,1,0,0,0,-97,1,11,0,37299199,0,86,1,256,1,"[86,-32,4,0,-3,13,-3,13,-2,13,-2,13,-2,13,-1,12,-1,12,0,12,0,11,0,11,0,12,0,12,1,12,1,12,1,12,0,12,0,12,0,12,0,11,-1,11,-1,11,-2,10,-2,10,-2,9,-2,9,-1,2,0,0,0,0,0,0,0,0,0,0,0,0,0,0,0,0,0,0,-1,2,-2,9,-2,9,-2,10,-3,10,-3,10,-4,11,-4,11,-4,11,-5,11,-5,11,-6,11,-6,11,-6,11,-5,11,-5,11,-5,11,-5,11,-5,11,-4,11,-4,12,-4,12,-3,12,-3,12,-3,13,-3,13,-3,13,-6,15,-16,51,-17,50,-16,49,-15,48,-14,47,-13,47,-11,46,-9,46,-7,45,-5,45,-4,46,-3,46,-3,47,-3,47,-3,47,-4,47,-4,47,-5,46,-6,45,-7,43,-8,42,-9,40,-10,39,-11,37,-12,35,-13,34,-20,31,-22,29,-4,5,-2,1,0,-1,-1,-2,0,-1,-1,1,-1,6,-6,35,-9,34,-9,36,-12,36,-14,36,-16,37,-19,37,-20,38,-22,39,-23,39,-24,39,-24,39,-24,40,-25,41,-25,41,-25,40,-26,40,-26,40,-25,40,-23,41,-22,42,-21,42,-20,43,-19,45,-17,46,-16,47,-16,49,-16,50]"
CSI_DATA,356,5c:01:3b:6b:b0:95,-33,11,1,5,0,1,1,1,0,0,0,-97,1,11,0,37334973,0,86,1,256,1,"[86,-32,4,0,-14,1,-14,1,-14,2,-13,2,-13,2,-13,2,-13,2,-12,3,-12,3,-12,3,-12,4,-12,4,-12,4,-12,4,-12,4,-12,4,-12,3,-12,3,-12,2,-12,2,-11,1,-11,1,-11,1,-10,0,-10,0,-3,0,0,0,0,0,0,0,0,0,0,0,0,0,0,0,0,0,0,0,-3,0,-10,2,-10,2,-11,2,-11,1,-11,1,-12,1,-12,0,-12,0,-12,0,-13,-1,-13,-1,-13,-1,-13,-1,-13,-1,-13,-1,-13,-1,-13,-1,-13,0,-13,0,-13,0,-13,0,-13,1,-13,1,-14,1,-14,1,-14,1,-17,0,-54,3,-54,2,-52,2,-51,3,-50,3,-49,3,-48,4,-48,6,-47,7,-46,9,-46,11,-46,13,-46,13,-47,12,-46,12,-46,12,-45,11,-45,10,-44,8,-44,6,-43,4,-41,3,-40,2,-39,1,-38,-1,-37,-2,-35,-8,-34,-9,-6,-2,-2,-1,0,-1,0,-1,0,-1,-2,0,-6,2,-35,10,-36,8,-38,8,-38,5,-40,3,-41,1,-43,0,-44,-2,-45,-4,-46,-5,-46,-6,-47,-7,-48,-7,-48,-7,-48,-7,-48,-8,-48,-8,-49,-7,-48,-6,-48,-6,-48,-5,-48,-4,-49,-3,-49,-1,-50,0,-51,2,-52,2,-53,2]"
CSI_DATA,357,5c:01:3b:6b:b0:95,-34,11,1,5,0,1,1,1,0,0,0,-97,1,11,0,37366351,0,86,1,256,1,"[86,-32,4,0,13,2,13,2,13,2,12,1,12,1,12,1,12,1,12,0,12,0,12,-1,12,-1,12,-1,12,-1,12,-1,12,-1,12,0,12,0,12,0,11,1,11,1,10,1,10,2,10,2,9,2,9,2,2,0,0,0,0,0,0,0,0,0,0,0,0,0,0,0,0,0,0,0,2,0,10,0,10,0,10,1,11,1,11,2,11,2,11,3,11,3,11,4,11,4,12,4,12,4,12,4,12,4,12,4,11,4,11,4,11,3,12,3,12,3,12,3,12,3,13,3,13,2,14,2,14,2,14,6,49,20,48,20,47,19,46,18,45,17,44,16,44,16,44,14,44,12,45,10,46,9,46,7,46,7,46,8,46,8,46,8,44,9,44,9,43,11,42,12,40,13,38,14,36,14,34,15,33,16,31,17,25,25,23,27,3,4,0,1,-1,-1,-2,-1,-1,-1,1,0,6,1,35,10,34,12,36,8,36,10,37,13,37,15,37,17,38,20,38,22,38,23,38,24,38,25,39,26,39,26,39,26,39,27,39,26,39,26,39,25,39,24,39,24,40,23,41,23,43,22,44,21,46,19,48,19,49,19]"
CSI_DATA,358,5c:01:3b:6b:b0:95,-36,11,1,5,0,1,1,1,0,0,0,-97,1,11,0,37399318,0,86,1,256,1,"[86,-32,4,0,13,0,13,-1,12,-1,12,-1,12,-1,12,-1,12,-2,11,-2,11,-2,11,-3,11,-3,11,-3,11,-3,11,-3,11,-3,11,-3,11,-3,11,-2,10,-2,10,-2,10,-1,9,-1,9,-1,9,0,9,0,2,0,0,0,0,0,0,0,0,0,0,0,0,0,0,0,0,0,0,0,2,-1,9,-2,9,-1,10,-1,10,0,10,0,11,1,11,1,11,1,11,2,11,2,11,2,11,2,11,2,12,2,11,2,11,2,11,2,11,1,11,1,11,1,12,1,12,0,12,0,13,0,13,0,13,0,14,4,47,11,47,11,46,11,45,10,44,9,43,8,43,7,43,5,42,4,42,2,42,0,42,-1,42,-1,43,-1,42,-1,42,0,42,0,42,0,41,2,40,3,38,4,37,5,35,6,34,7,32,8,31,9,27,19,25,20,4,3,1,1,-1,-1,-2,-1,-1,-1,1,0,5,0,33,6,33,8,34,3,35,6,35,8,36,10,37,11,37,13,38,15,38,17,39,18,39,19,39,19,40,20,39,20,39,20,39,19,40,19,40,18,39,17,40,16,40,15,41,14,43,14,43,13,45,13,46,12,47,12]"
CSI_DATA,359,5c:01:3b:6b:b0:95,-38,11,1,5,0,1,1,1,0,0,0,-97,1,11,0,37432248,0,86,1,256,1,"[86,-32,4,0,-14,19,-13,19,-13,19,-12,19,-12,19,-11,18,-10,18,-9,18,-8,18,-7,18,-7,19,-7,19,-7,19,-7,19,-7,19,-7,19,-8,19,-8,18,-8,17,-9,16,-9,15,-9,14,-9,14,-9,14,-9,13,-3,3,0,0,0,0,0,0,0,0,0,0,0,0,0,0,0,0,0,0,-2,3,-9,16,-9,16,-10,15,-12,15,-12,15,-13,16,-14,16,-15,15,-16,15,-16,15,-16,15,-16,15,-17,15,-16,15,-16,15,-16,15,-16,15,-15,15,-15,16,-15,16,-14,17,-14,17,-13,18,-13,19,-14,20,-14,20,-10,9,-30,33,-30,33,-29,33,-28,32,-26,32,-25,31,-24,31,-23,31,-21,32,-20,32,-19,33,-18,34,-18,34,-18,35,-18,34,-18,34,-18,33,-18,33,-19,32,-20,30,-20,28,-20,27,-20,26,-20,25,-20,23,-21,21,-25,16,-26,15,-5,2,-2,0,0,-1,0,-1,0,-1,-1,1,-4,5,-19,27,-20,26,-20,27,-22,26,-24,25,-26,25,-28,25,-29,25,-31,25,-32,24,-33,23,-34,23,-34,23,-35,23,-35,23,-35,23,-34,23,-34,24,-34,25,-33,25,-32,25,-32,26,-31,27,-31,29,-30,30,-30,31,-30,32,-31,33]"
CSI_DATA,360,5c:01:3b:6b:b0:95,-37,11,1,4,0,1,1,1,0,0,0,-97,1,11,0,37468658,0,86,1,256,1,"[86,-32,4,0,-23,9,-23,9,-22,9,-21,9,-21,9,-20,9,-20,9,-19,10,-18,10,-18,11,-18,12,-18,12,-18,12,-17,12,-18,12,-18,11,-18,11,-18,10,-17,9,-17,8,-17,7,-17,6,-16,6,-16,6,-16,5,-4,1,0,0,0,0,0,0,0,0,0,0,0,0,0,0,0,0,0,0,-4,2,-16,10,-17,9,-18,8,-19,8,-20,7,-20,7,-21,6,-21,5,-22,5,-22,5,-23,5,-23,4,-23,4,-23,4,-23,4,-23,4,-22,5,-22,6,-22,6,-22,6,-23,7,-22,7,-22,8,-23,8,-23,9,-24,9,-15,2,-46,9,-45,9,-44,9,-43,9,-42,9,-41,10,-40,11,-38,11,-37,13,-36,14,-36,15,-36,16,-36,17,-36,17,-36,16,-36,16,-36,15,-36,14,-36,13,-35,12,-35,10,-34,9,-33,8,-32,7,-31,5,-31,4,-31,-2,-30,-4,-6,-1,-2,-1,0,-1,0,-1,0,-1,-2,0,-6,2,-32,11,-33,10,-33,12,-35,10,-37,8,-38,7,-39,6,-40,4,-41,3,-42,2,-42,1,-43,0,-44,0,-44,0,-44,0,-44,-1,-44,-1,-44,-1,-43,0,-42,1,-43,2,-43,4,-44,5,-44,6,-44,7,-44,8,-45,9,-47,10]"
CSI_DATA,361,5c:01:3b:6b:b0:95,-43,11,1,5,0,1,1,1,0,0,0,-97,1,11,0,37499377,0,86,1,256,1,"[86,-32,4,0,-14,8,-14,8,-13,8,-12,8,-12,8,-12,8,-11,8,-11,8,-10,9,-10,9,-10,9,-10,9,-10,10,-10,9,-10,9,-10,9,-10,9,-10,8,-10,8,-10,7,-10,7,-10,6,-10,6,-10,5,-10,5,-3,1,0,0,0,0,0,0,0,0,0,0,0,0,0,0,0,0,0,0,-3,2,-9,8,-10,7,-11,7,-11,7,-12,7,-12,7,-13,6,-13,6,-13,6,-14,5,-14,5,-15,5,-14,5,-14,5,-14,5,-14,5,-14,5,-14,6,-14,6,-14,6,-14,7,-13,7,-13,7,-14,8,-14,8,-14,8,-18,6,-56,23,-56,22,-54,22,-52,22,-51,22,-49,22,-48,23,-46,24,-45,25,-44,27,-43,29,-43,29,-43,30,-43,29,-42,29,-42,29,-42,28,-42,27,-42,26,-42,24,-41,22,-40,20,-39,18,-39,17,-38,15,-38,13,-39,3,-39,1,-7,0,-3,-1,0,-1,1,-1,0,-1,-2,1,-7,4,-37,23,-39,21,-38,24,-40,21,-43,19,-46,18,-48,17,-50,16,-51,14,-52,13,-53,12,-54,11,-55,11,-56,11,-56,10,-56,10,-55,10,-55,10,-54,11,-53,12,-53,13,-53,14,-53,16,-54,18,-54,20,-54,21,-55,22,-55,22]"
CSI_DATA,362,5c:01:3b:6b:b0:95,-44,11,1,5,0,1,1,1,0,0,0,-97,1,11,0,37532284,0,86,1,256,1,"[86,-32,4,0,-14,-9,-14,-9,-13,-8,-13,-8,-13,-8,-13,-7,-13,-7,-13,-6,-13,-6,-13,-5,-13,-5,-13,-4,-13,-4,-13,-4,-13,-5,-13,-5,-13,-5,-13,-5,-12,-6,-12,-6,-11,-6,-11,-6,-10,-6,-10,-6,-10,-6,-3,-2,0,0,0,0,0,0,0,0,0,0,0,0,0,0,0,0,0,0,-3,-2,-11,-6,-11,-6,-11,-7,-11,-8,-11,-9,-11,-9,-11,-10,-11,-10,-11,-11,-11,-11,-11,-11,-11,-11,-11,-11,-11,-11,-11,-11,-11,-11,-11,-11,-11,-10,-11,-10,-12,-10,-12,-10,-12,-10,-13,-9,-13,-9,-14,-9,-14,-10,-15,-13,-47,-40,-47,-40,-46,-38,-45,-37,-44,-35,-44,-34,-44,-32,-44,-31,-45,-28,-46,-26,-47,-24,-47,-22,-48,-22,-48,-22,-48,-22,-47,-22,-46,-22,-45,-23,-44,-23,-42,-24,-41,-24,-39,-25,-37,-25,-36,-25,-33,-25,-31,-26,-25,-31,-22,-32,-4,-6,-1,-2,0,0,0,0,0,0,-3,-1,-7,-4,-38,-23,-37,-25,-39,-26,-38,-29,-37,-32,-36,-34,-36,-37,-36,-39,-36,-41,-35,-43,-35,-44,-34,-45,-34,-46,-35,-46,-35,-46,-34,-46,-34,-46,-35,-46,-36,-45,-36,-43,-36,-42,-37,-42,-39,-41,-41,-41,-43,-40,-44,-39,-46,-39,-46,-39]"
CSI_DATA,363,5c:01:3b:6b:b0:95,-44,11,1,4,0,1,1,1,0,0,0,-97,1,11,0,37567877,0,86,1,256,1,"[86,-32,4,0,-10,-26,-10,-25,-10,-23,-10,-23,-10,-22,-11,-22,-11,-21,-12,-20,-12,-20,-13,-19,-14,-19,-14,-18,-14,-18,-14,-19,-14,-19,-14,-19,-13,-19,-12,-19,-11,-18,-11,-18,-10,-17,-9,-17,-9,-17,-8,-17,-7,-17,-2,-5,0,0,0,0,0,0,0,0,0,0,0,0,0,0,0,0,0,0,-3,-5,-9,-18,-9,-19,-8,-20,-8,-22,-7,-22,-6,-23,-6,-24,-5,-24,-4,-25,-4,-25,-4,-25,-4,-26,-4,-25,-4,-25,-4,-25,-4,-25,-5,-25,-5,-24,-6,-25,-6,-25,-7,-25,-8,-25,-8,-24,-9,-25,-9,-26,-10,-27,0,-16,-2,-49,-1,-48,-1,-46,-2,-45,-3,-44,-4,-44,-5,-43,-6,-41,-8,-40,-9,-40,-11,-40,-12,-39,-13,-40,-13,-40,-13,-39,-12,-39,-12,-38,-11,-37,-10,-37,-9,-36,-7,-36,-7,-35,-6,-34,-5,-33,-4,-32,-3,-32,10,-31,12,-30,2,-6,0,-2,-1,0,0,1,-1,0,-1,-2,-1,-7,-1,-38,1,-38,-6,-37,-3,-38,-1,-40,1,-41,2,-41,4,-41,5,-42,6,-43,7,-43,8,-44,8,-45,8,-45,8,-45,9,-45,9,-45,9,-45,8,-44,7,-43,5,-44,4,-45,3,-45,2,-46,0,-47,-1,-47,-2,-48,-3,-50]"
CSI_DATA,364,5c:01:3b:6b:b0:95,-46,11,1,5,0,1,1,1,0,0,0,-97,1,11,0,37599302,0,86,1,256,1,"[86,-32,4,0,13,19,13,18,12,17,12,16,13,16,13,15,13,14,13,14,13,14,14,13,14,13,14,12,14,12,14,12,14,13,14,13,13,13,13,13,12,12,11,12,11,12,10,12,9,12,8,12,7,12,1,3,0,0,0,0,0,0,0,0,0,0,0,0,0,0,0,0,0,0,3,3,12,12,12,13,11,14,11,15,11,16,10,16,10,17,10,18,9,18,9,19,9,20,8,20,8,20,8,20,8,19,9,19,9,19,9,18,9,18,10,18,11,18,11,18,11,18,12,19,12,19,13,19,3,12,14,39,14,39,13,38,13,37,14,35,14,34,15,33,15,32,16,31,17,30,18,30,19,30,19,30,20,30,19,29,19,29,18,29,18,29,17,28,15,28,14,28,12,27,11,27,10,26,9,26,7,25,-2,27,-4,27,-1,4,-1,1,-1,-1,-1,-1,-1,-1,0,1,2,5,13,29,12,30,16,27,15,29,13,31,12,32,11,33,10,35,9,36,8,37,7,38,6,38,6,39,6,39,5,39,5,39,5,39,6,39,6,38,7,38,7,37,8,37,10,37,11,38,12,38,13,39,14,39,14,40]"
CSI_DATA,365,5c:01:3b:6b:b0:95,-47,11,1,6,0,1,1,1,0,0,0,-97,1,11,0,37632376,0,86,1,256,1,"[86,-32,4,0,25,-7,24,-7,23,-7,22,-7,22,-8,21,-8,21,-8,20,-9,19,-10,19,-10,19,-10,19,-10,18,-11,18,-11,18,-11,18,-10,18,-10,18,-9,17,-8,17,-8,17,-7,17,-6,16,-6,16,-5,15,-4,3,-1,0,0,0,0,0,0,0,0,0,0,0,0,0,0,0,0,0,0,4,-2,18,-8,18,-7,19,-7,20,-6,21,-5,22,-5,22,-4,23,-3,23,-2,24,-2,24,-2,24,-2,24,-1,24,-1,23,-1,23,-2,23,-2,23,-3,23,-3,23,-4,23,-4,24,-5,24,-5,24,-6,25,-6,25,-7,15,-1,49,-5,48,-4,46,-4,45,-4,44,-5,43,-6,42,-7,42,-8,40,-10,39,-12,39,-14,38,-15,38,-15,39,-15,38,-14,37,-14,37,-13,37,-13,37,-11,36,-10,35,-8,33,-8,33,-7,32,-6,31,-5,30,-3,30,3,29,5,5,1,1,0,-1,-1,-2,0,-1,0,1,-1,5,-2,34,-10,35,-7,36,-9,37,-7,39,-4,40,-2,41,0,42,2,43,3,43,4,44,5,44,5,44,4,45,4,45,5,45,6,45,6,45,6,44,5,44,4,44,3,45,2,45,1,46,-1,46,-2,47,-4,48,-5,49,-5]"
CSI_DATA,366,5c:01:3b:6b:b0:95,-47,11,1,6,0,1,1,1,0,0,0,-97,1,11,0,37666275,0,86,1,256,1,"[86,-32,4,0,-24,-3,-24,-3,-23,-2,-22,-2,-22,-1,-22,-1,-21,0,-21,0,-21,1,-21,1,-21,1,-20,2,-20,2,-20,3,-20,3,-20,2,-20,2,-19,1,-19,1,-18,0,-18,0,-18,-1,-17,-2,-16,-2,-16,-2,-4,-1,0,0,0,0,0,0,0,0,0,0,0,0,0,0,0,0,0,0,-5,-1,-19,-1,-19,-1,-20,-2,-20,-3,-21,-4,-21,-5,-21,-6,-21,-6,-22,-7,-22,-8,-22,-9,-22,-9,-22,-9,-21,-9,-21,-8,-22,-8,-22,-7,-21,-7,-22,-6,-22,-6,-23,-5,-23,-5,-23,-5,-24,-5,-24,-4,-24,-4,-15,-3,-46,-9,-46,-9,-45,-9,-44,-8,-43,-7,-42,-6,-41,-5,-41,-4,-40,-3,-40,-1,-40,1,-39,2,-40,2,-40,2,-39,2,-39,2,-39,2,-38,1,-37,0,-36,-2,-35,-3,-34,-3,-33,-4,-32,-4,-30,-5,-29,-6,-28,-10,-27,-11,-5,-3,-2,-1,0,0,0,-1,0,0,-2,0,-7,0,-35,3,-35,1,-36,-2,-37,-5,-37,-7,-38,-9,-39,-11,-39,-13,-40,-15,-40,-16,-40,-17,-40,-18,-41,-18,-41,-18,-41,-18,-41,-18,-41,-18,-41,-18,-40,-17,-40,-16,-41,-15,-42,-14,-42,-13,-43,-12,-44,-11,-45,-10,-46,-10,-46,-9]"
CSI_DATA,367,5c:01:3b:6b:b0:95,-43,11,1,6,0,1,1,1,0,0,0,-97,1,11,0,37699262,0,86,1,256,1,"[86,-32,4,0,7,-11,7,-11,6,-11,6,-11,6,-11,6,-11,5,-11,5,-11,4,-11,4,-11,4,-11,3,-11,3,-11,3,-11,3,-11,3,-11,4,-11,4,-10,4,-10,4,-9,4,-9,4,-8,4,-8,4,-8,4,-8,1,-2,0,0,0,0,0,0,0,0,0,0,0,0,0,0,0,0,0,0,1,-3,4,-10,4,-10,5,-10,5,-10,6,-10,7,-10,7,-10,8,-9,8,-9,8,-10,9,-10,9,-10,9,-10,9,-9,8,-9,8,-10,8,-10,8,-10,8,-10,8,-10,8,-10,7,-11,7,-11,7,-11,7,-12,7,-12,10,-12,32,-39,32,-38,31,-37,30,-36,30,-36,29,-36,28,-35,27,-35,24,-36,22,-36,20,-38,19,-39,19,-39,19,-39,18,-38,19,-37,19,-36,20,-35,21,-34,22,-32,22,-31,21,-30,20,-29,19,-28,19,-26,20,-24,25,-19,27,-18,4,-3,1,-1,-1,0,-1,0,-1,0,0,-2,3,-6,20,-31,22,-30,21,-32,23,-32,26,-31,28,-31,31,-30,33,-29,35,-27,36,-26,37,-26,38,-27,38,-29,39,-29,39,-28,38,-28,37,-28,37,-28,36,-28,36,-29,37,-29,37,-30,36,-31,34,-32,33,-34,32,-36,33,-38,33,-39]"
CSI_DATA,368,5c:01:3b:6b:b0:95,-41,11,1,5,0,1,1,1,0,0,0,-97,1,11,0,37735733,0,86,1,256,1,"[86,-32,4,0,-13,-4,-13,-4,-12,-3,-12,-3,-12,-3,-11,-3,-11,-3,-11,-2,-11,-2,-11,-1,-11,-1,-11,-1,-11,-1,-11,-1,-11,-1,-11,-1,-11,-1,-11,-2,-10,-2,-10,-2,-9,-2,-9,-2,-9,-2,-8,-3,-8,-3,-2,-1,0,0,0,0,0,0,0,0,0,0,0,0,0,0,0,0,0,0,-3,-1,-10,-2,-10,-2,-11,-3,-11,-3,-10,-4,-10,-4,-11,-5,-11,-5,-11,-5,-11,-6,-11,-6,-11,-6,-11,-6,-11,-6,-11,-6,-11,-6,-11,-5,-11,-5,-11,-5,-11,-5,-11,-5,-12,-5,-12,-4,-12,-4,-13,-4,-13,-5,-14,-8,-43,-21,-43,-22,-42,-22,-41,-21,-39,-20,-39,-19,-38,-18,-38,-17,-38,-14,-39,-13,-40,-11,-40,-10,-41,-9,-41,-10,-40,-10,-39,-10,-38,-10,-37,-11,-37,-12,-35,-13,-33,-14,-32,-14,-31,-14,-30,-14,-28,-14,-27,-15,-22,-21,-20,-22,-4,-5,-1,-2,0,0,0,0,0,0,-2,-1,-6,-3,-33,-14,-32,-15,-34,-12,-34,-14,-34,-17,-34,-19,-33,-21,-33,-24,-33,-25,-33,-26,-33,-27,-33,-27,-35,-28,-36,-28,-35,-28,-35,-29,-35,-29,-35,-29,-35,-28,-35,-27,-35,-27,-35,-26,-36,-26,-38,-25,-40,-22,-41,-21,-43,-21,-43,-22]"
CSI_DATA,369,5c:01:3b:6b:b0:95,-45,11,1,5,0,1,1,1,0,0,0,-97,1,11,0,37769826,0,86,1,256,1,"[86,-32,4,0,7,23,7,22,7,21,8,21,8,20,9,19,9,19,9,18,10,18,10,17,10,17,11,17,11,17,11,17,11,17,11,17,10,17,10,17,9,16,8,16,7,15,6,15,6,15,5,15,4,15,1,3,0,0,0,0,0,0,0,0,0,0,0,0,0,0,0,0,0,0,1,4,7,16,7,17,6,18,6,19,5,19,4,20,4,21,3,21,3,22,2,22,2,23,2,23,2,23,2,22,2,22,2,22,2,22,3,21,4,22,4,22,5,22,5,22,6,22,6,22,7,23,7,24,3,13,11,45,11,45,11,44,11,42,12,41,12,40,13,39,14,38,15,36,16,35,17,35,18,34,19,34,19,34,19,34,19,34,18,33,17,33,16,33,14,32,13,32,11,31,10,30,9,30,8,29,6,28,2,29,0,29,-1,5,-1,1,-1,-1,-1,-2,-1,-1,0,1,2,5,14,30,13,31,12,32,10,33,8,35,7,37,6,38,4,39,3,41,2,41,1,42,0,42,0,43,0,43,0,43,0,43,0,43,1,43,2,43,3,42,3,42,4,43,6,43,7,43,8,43,9,44,10,45,11,45]"
CSI_DATA,370,5c:01:3b:6b:b0:95,-45,11,1,5,0,1,1,1,0,0,0,-97,1,11,0,37805819,0,86,1,256,1,"[86,-32,4,0,-27,-2,-27,-1,-26,-1,-25,0,-25,0,-24,1,-24,1,-23,2,-23,2,-23,3,-23,3,-23,4,-23,4,-22,4,-22,5,-22,4,-22,4,-21,3,-21,2,-20,2,-20,1,-19,0,-19,0,-18,-1,-17,-1,-5,-1,0,0,0,0,0,0,0,0,0,0,0,0,0,0,0,0,0,0,-5,0,-21,1,-21,0,-22,-1,-23,-2,-23,-3,-23,-4,-24,-4,-24,-5,-24,-6,-24,-7,-25,-7,-25,-8,-25,-8,-24,-8,-24,-7,-25,-7,-24,-6,-24,-5,-25,-5,-25,-4,-25,-4,-26,-3,-26,-3,-26,-3,-27,-3,-27,-2,-16,-4,-51,-9,-51,-10,-49,-9,-48,-8,-47,-7,-46,-6,-45,-5,-44,-4,-44,-2,-43,0,-44,1,-44,2,-44,3,-44,3,-44,3,-43,3,-42,3,-42,2,-41,1,-40,0,-38,-2,-37,-3,-36,-4,-35,-4,-33,-6,-32,-7,-30,-12,-28,-14,-5,-3,-2,-1,0,0,1,-1,0,0,-2,0,-7,0,-37,-1,-37,-3,-39,-3,-40,-5,-40,-8,-41,-10,-42,-12,-42,-14,-43,-15,-43,-16,-44,-18,-43,-19,-44,-19,-45,-20,-44,-20,-44,-20,-44,-20,-44,-19,-44,-18,-44,-17,-44,-16,-45,-15,-46,-14,-47,-13,-47,-11,-48,-11,-50,-10,-50,-10]"
CSI_DATA,371,5c:01:3b:6b:b0:95,-43,11,1,4,0,1,1,1,0,0,0,-97,1,11,0,37841789,0,86,1,256,1,"[86,-32,4,0,14,-7,13,-7,13,-7,13,-8,12,-8,12,-8,11,-8,11,-8,10,-8,10,-9,10,-9,10,-9,10,-9,10,-9,10,-9,10,-9,10,-8,10,-8,9,-7,9,-7,9,-6,9,-6,9,-6,9,-5,9,-5,2,-2,0,0,0,0,0,0,0,0,0,0,0,0,0,0,0,0,0,0,2,-2,9,-7,10,-7,11,-7,11,-6,12,-6,12,-6,13,-5,13,-5,13,-4,13,-4,14,-4,14,-4,14,-4,14,-4,14,-4,14,-4,13,-4,13,-5,13,-5,13,-5,13,-6,13,-6,13,-6,13,-7,14,-7,14,-7,17,-2,55,-9,55,-9,54,-8,52,-9,50,-10,50,-11,48,-12,47,-13,46,-15,45,-16,45,-19,44,-20,44,-20,44,-19,44,-19,44,-18,43,-18,43,-17,42,-16,42,-14,41,-12,39,-11,38,-10,37,-9,36,-7,36,-5,36,9,34,11,5,2,1,0,-1,-1,-2,0,-1,0,2,-1,7,-3,42,-10,43,-8,41,-14,42,-11,45,-8,46,-6,47,-5,48,-3,50,-1,51,0,51,2,51,2,53,1,53,1,53,2,53,2,52,3,52,3,51,2,51,1,51,-1,52,-2,52,-4,53,-5,53,-7,54,-8,55,-10,57,-10]"
CSI_DATA,372,5c:01:3b:6b:b0:95,-42,11,1,6,0,1,1,1,0,0,0,-97,1,11,0,37871183,0,86,1,256,1,"[86,-32,4,0,12,1,11,1,11,0,11,0,11,0,11,-1,10,-1,10,-1,10,-1,10,-2,10,-2,10,-2,10,-2,10,-2,10,-2,10,-2,10,-2,9,-2,9,-1,8,-1,8,-1,8,0,8,0,7,0,7,1,1,0,0,0,0,0,0,0,0,0,0,0,0,0,0,0,0,0,0,0,2,-1,9,0,9,0,10,0,10,1,10,1,10,2,10,2,10,2,11,3,11,3,11,3,11,3,11,3,10,3,10,3,10,3,10,3,10,2,11,2,11,2,11,1,11,1,11,1,12,1,12,1,12,1,13,3,44,11,44,11,43,11,42,10,41,9,40,8,40,7,40,5,39,4,39,2,39,0,38,-1,38,-1,38,-1,38,-1,38,0,37,0,37,1,36,2,35,2,34,3,32,4,31,5,30,5,28,7,27,8,23,14,21,15,3,2,0,0,-1,-1,-2,-1,-1,-1,1,-1,5,0,33,2,33,4,34,3,34,5,35,8,36,10,37,12,37,14,38,16,38,17,38,18,38,18,38,18,39,18,39,18,38,19,38,19,38,19,38,18,37,17,39,16,40,16,40,15,40,14,41,13,43,11,45,11,46,10]"
CSI_DATA,373,5c:01:3b:6b:b0:95,-46,11,1,5,0,1,1,1,0,0,0,-97,1,11,0,37900931,0,86,1,256,1,"[86,-32,4,0,-21,-13,-21,-13,-20,-12,-20,-11,-20,-11,-20,-10,-20,-9,-20,-9,-20,-8,-20,-7,-20,-7,-20,-6,-20,-6,-20,-6,-20,-7,-20,-7,-19,-7,-19,-8,-18,-8,-17,-8,-17,-8,-16,-8,-15,-8,-14,-8,-14,-9,-4,-3,0,0,0,0,0,0,0,0,0,0,0,0,0,0,0,0,0,0,-5,-2,-18,-8,-18,-9,-18,-10,-18,-11,-18,-12,-18,-13,-18,-14,-17,-14,-17,-15,-17,-16,-18,-16,-18,-16,-17,-16,-17,-16,-17,-16,-18,-16,-18,-16,-18,-15,-18,-15,-19,-14,-19,-14,-19,-14,-20,-13,-21,-13,-22,-13,-22,-13,-11,-10,-36,-30,-35,-31,-35,-30,-34,-29,-33,-28,-33,-27,-33,-25,-33,-24,-33,-22,-34,-21,-35,-19,-35,-18,-36,-18,-36,-18,-36,-18,-35,-18,-34,-18,-34,-18,-33,-19,-31,-19,-29,-20,-28,-20,-26,-20,-25,-19,-24,-20,-22,-20,-16,-25,-14,-25,-3,-5,-1,-2,0,0,0,0,0,0,-2,-1,-6,-3,-29,-19,-28,-21,-30,-19,-29,-21,-29,-24,-29,-26,-28,-28,-28,-30,-28,-32,-27,-33,-27,-34,-26,-34,-27,-35,-27,-35,-27,-35,-26,-36,-26,-35,-27,-35,-27,-34,-28,-34,-28,-33,-29,-32,-29,-32,-31,-31,-32,-30,-33,-30,-35,-30,-35,-31]"
CSI_DATA,374,5c:01:3b:6b:b0:95,-47,11,1,6,0,1,1,1,0,0,0,-97,1,11,0,37932357,0,86,1,256,1,"[86,-32,4,0,26,-1,26,-1,25,-2,24,-2,24,-3,23,-3,23,-4,22,-4,21,-5,21,-6,21,-6,21,-6,21,-6,21,-6,21,-6,21,-6,21,-5,20,-5,19,-4,19,-3,19,-3,18,-2,17,-2,17,-1,16,0,4,0,0,0,0,0,0,0,0,0,0,0,0,0,0,0,0,0,0,0,4,-2,19,-5,20,-4,21,-3,21,-2,22,-1,22,0,23,1,23,1,24,2,24,3,24,3,25,3,24,3,24,3,24,3,24,3,24,3,23,2,24,2,24,1,25,1,25,0,24,0,25,-1,26,-1,27,-1,15,1,50,4,49,5,48,5,46,4,45,3,45,2,44,1,43,0,42,-2,42,-4,42,-5,41,-6,42,-6,42,-6,41,-6,41,-6,40,-5,40,-4,40,-3,38,-2,37,-1,35,0,34,1,33,2,32,3,31,5,29,11,28,13,4,2,1,0,-1,-1,-2,0,-1,-1,1,-1,6,-2,36,-6,37,-3,37,-4,38,-1,40,1,40,4,41,5,42,7,43,9,44,11,44,12,44,12,45,12,45,13,45,13,45,14,44,14,44,13,44,13,43,12,44,11,45,10,46,9,46,8,47,6,48,5,49,5,50,4]"
CSI_DATA,375,5c:01:3b:6b:b0:95,-44,11,1,4,0,1,1,1,0,0,0,-97,1,11,0,37969688,0,86,1,256,1,"[86,-32,4,0,24,-3,24,-4,23,-4,22,-4,22,-5,21,-5,21,-6,20,-6,20,-7,19,-8,19,-8,19,-8,19,-8,19,-9,19,-8,19,-8,19,-8,18,-7,18,-6,17,-6,17,-5,17,-4,16,-4,16,-3,15,-3,3,-1,0,0,0,0,0,0,0,0,0,0,0,0,0,0,0,0,0,0,4,-2,18,-5,18,-4,19,-4,20,-3,21,-2,21,-1,22,-1,22,0,22,1,23,1,23,2,23,2,23,2,23,2,23,2,23,1,22,1,22,0,23,0,23,-1,23,-1,23,-2,23,-2,24,-3,25,-3,25,-3,14,0,46,1,46,1,45,0,44,0,43,-1,43,-2,41,-3,40,-4,39,-6,39,-7,38,-9,38,-10,38,-11,38,-10,38,-10,38,-10,37,-9,37,-9,36,-8,35,-7,34,-5,33,-4,32,-3,31,-3,30,-2,29,0,28,6,27,7,4,1,1,0,-1,-1,-2,0,-1,0,1,-1,5,-2,33,-6,34,-4,35,-5,36,-2,38,0,39,2,39,3,40,5,41,7,41,8,41,9,42,10,43,10,43,10,43,10,42,10,42,10,42,10,42,10,42,8,42,7,43,6,43,5,44,3,44,2,45,1,46,0,48,0]"
CSI_DATA,376,5c:01:3b:6b:b0:95,-46,11,1,5,0,1,1,1,0,0,0,-97,1,11,0,37999470,0,86,1,256,1,"[86,-32,4,0,-15,9,-14,9,-14,9,-13,9,-13,9,-13,9,-12,9,-11,9,-11,9,-10,10,-10,10,-10,10,-10,10,-10,10,-10,10,-10,10,-10,10,-10,9,-10,9,-10,8,-10,7,-10,7,-9,7,-9,6,-9,6,-3,1,0,0,0,0,0,0,0,0,0,0,0,0,0,0,0,0,0,0,-3,2,-10,8,-11,8,-12,8,-12,7,-13,7,-13,7,-14,7,-14,6,-14,6,-15,6,-15,6,-15,6,-15,6,-15,6,-15,5,-15,5,-15,6,-15,6,-15,6,-15,7,-15,7,-14,7,-14,8,-14,9,-15,9,-15,10,-19,7,-59,27,-58,26,-56,26,-54,26,-52,26,-51,26,-49,26,-48,27,-46,29,-44,30,-43,33,-41,34,-41,35,-42,35,-42,34,-42,33,-41,32,-41,32,-41,30,-41,28,-40,25,-39,23,-38,22,-38,21,-37,19,-37,17,-40,8,-40,6,-7,0,-3,-1,0,-1,1,-1,0,-1,-2,1,-7,4,-38,27,-39,24,-40,26,-43,24,-46,21,-48,20,-51,19,-53,17,-55,16,-56,15,-57,14,-57,14,-58,15,-59,15,-59,14,-59,13,-59,13,-58,14,-58,14,-57,15,-56,15,-57,17,-57,18,-57,21,-56,23,-57,25,-57,27,-57,28]"
CSI_DATA,377,5c:01:3b:6b:b0:95,-44,11,1,4,0,1,1,1,0,0,0,-97,1,11,0,38034940,0,86,1,256,1,"[86,-32,4,0,-12,-23,-12,-23,-12,-22,-12,-21,-13,-20,-13,-20,-13,-19,-13,-18,-14,-18,-14,-17,-15,-16,-15,-16,-15,-16,-15,-16,-15,-17,-15,-16,-14,-17,-14,-17,-13,-17,-12,-16,-11,-16,-10,-15,-10,-15,-9,-15,-8,-15,-2,-4,0,0,0,0,0,0,0,0,0,0,0,0,0,0,0,0,0,0,-3,-4,-11,-16,-11,-17,-10,-18,-10,-19,-9,-20,-9,-21,-8,-22,-8,-22,-7,-22,-7,-23,-7,-24,-7,-24,-7,-24,-7,-23,-7,-23,-7,-23,-7,-23,-8,-22,-8,-23,-9,-23,-10,-23,-10,-23,-11,-22,-11,-23,-12,-23,-12,-24,-4,-15,-13,-46,-13,-46,-12,-45,-12,-44,-12,-43,-13,-42,-14,-40,-14,-39,-16,-38,-17,-37,-19,-37,-21,-36,-21,-35,-21,-36,-21,-35,-20,-35,-19,-35,-18,-34,-17,-34,-15,-34,-14,-34,-13,-33,-13,-32,-12,-31,-11,-31,-9,-31,0,-31,2,-31,0,-6,0,-2,-1,0,0,0,0,0,-1,-2,-3,-6,-12,-33,-11,-34,-14,-34,-12,-36,-10,-38,-9,-39,-8,-40,-6,-41,-4,-42,-3,-43,-2,-43,-2,-44,-3,-45,-3,-45,-2,-45,-2,-45,-2,-45,-2,-45,-3,-44,-4,-43,-5,-44,-6,-44,-7,-44,-8,-45,-10,-45,-11,-45,-12,-46,-13,-47]"
CSI_DATA,378,5c:01:3b:6b:b0:95,-43,11,1,5,0,1,1,1,0,0,0,-97,1,11,0,38066299,0,86,1,256,1,"[86,-32,4,0,-20,18,-19,18,-18,18,-17,18,-17,18,-16,18,-15,18,-14,18,-13,18,-13,19,-13,19,-12,19,-12,19,-12,20,-12,20,-12,20,-12,19,-12,18,-12,18,-13,17,-13,16,-13,14,-13,14,-13,13,-13,13,-4,3,0,0,0,0,0,0,0,0,0,0,0,0,0,0,0,0,0,0,-4,3,-13,14,-14,14,-15,14,-16,14,-17,13,-18,13,-19,13,-20,13,-21,12,-21,12,-22,12,-22,12,-22,12,-21,12,-21,12,-21,12,-21,13,-20,13,-20,14,-20,14,-20,15,-19,16,-19,16,-20,17,-20,18,-20,19,-13,9,-41,30,-41,30,-40,29,-38,29,-37,29,-35,29,-34,29,-33,30,-31,30,-30,32,-29,33,-28,34,-27,34,-28,35,-28,34,-28,34,-28,33,-28,32,-28,31,-28,30,-28,28,-28,27,-28,25,-28,24,-28,22,-28,20,-32,13,-32,11,-6,1,-2,0,0,-1,0,-1,0,-1,-2,1,-5,4,-25,26,-27,24,-28,24,-30,23,-32,22,-34,21,-36,21,-38,20,-39,19,-41,19,-42,18,-42,18,-43,18,-43,18,-43,18,-43,18,-43,18,-43,18,-42,19,-41,20,-41,21,-41,22,-41,23,-40,25,-40,26,-40,28,-41,29,-41,29]"
CSI_DATA,379,5c:01:3b:6b:b0:95,-35,11,1,4,0,1,1,1,0,0,0,-97,1,11,0,38103131,0,86,1,256,1,"[86,-32,4,0,20,14,20,13,20,13,20,12,20,11,20,11,20,10,20,9,20,9,20,9,20,9,19,8,20,8,20,8,21,8,21,8,20,9,19,9,19,9,18,10,17,10,16,11,15,11,14,11,13,12,3,3,0,0,0,0,0,0,0,0,0,0,0,0,0,0,0,0,0,0,3,1,15,7,15,8,15,9,16,10,16,11,16,12,16,13,16,13,16,14,15,16,15,17,14,17,14,17,14,16,14,16,15,16,16,15,16,14,16,14,17,14,18,13,19,13,18,14,19,15,19,15,20,15,12,1,40,8,40,7,40,6,40,6,39,5,39,4,38,3,37,2,37,1,38,1,37,0,37,-1,36,-2,37,-3,37,-3,37,-2,37,-1,36,-1,36,1,35,2,34,3,33,4,32,5,30,6,29,7,28,9,33,-1,33,2,5,0,1,0,-1,-1,-1,0,-1,0,1,-1,5,-3,28,-16,29,-15,29,1,30,2,31,4,32,5,32,7,32,8,33,9,34,11,34,12,34,13,34,15,34,15,34,16,34,15,34,14,34,14,34,13,34,12,35,11,36,10,37,9,38,9,39,9,39,9,40,9,41,10]"
CSI_DATA,380,5c:01:3b:6b:b0:95,-34,11,1,5,0,1,1,1,0,0,0,-97,1,11,0,38134687,0,86,1,256,1,"[86,-32,4,0,-21,-10,-21,-9,-21,-9,-21,-8,-21,-8,-20,-7,-20,-7,-20,-6,-20,-5,-20,-4,-20,-4,-21,-4,-21,-3,-21,-4,-21,-4,-21,-4,-20,-5,-20,-5,-19,-6,-19,-6,-18,-7,-17,-7,-16,-7,-16,-7,-15,-8,-4,-2,0,0,0,0,0,0,0,0,0,0,0,0,0,0,0,0,0,0,-4,-2,-16,-6,-16,-7,-16,-8,-16,-9,-16,-9,-16,-10,-17,-11,-17,-11,-16,-12,-17,-12,-17,-13,-17,-13,-17,-13,-17,-13,-17,-13,-17,-13,-17,-12,-17,-12,-17,-11,-18,-11,-19,-11,-19,-11,-19,-10,-20,-10,-21,-10,-22,-10,-12,-8,-38,-24,-37,-24,-37,-23,-36,-22,-35,-21,-35,-20,-36,-19,-36,-17,-35,-16,-36,-14,-37,-13,-37,-12,-37,-12,-38,-12,-38,-12,-37,-12,-37,-13,-36,-13,-36,-14,-34,-14,-33,-15,-31,-16,-30,-16,-29,-16,-27,-17,-26,-18,-21,-22,-19,-23,-4,-5,-1,-2,0,0,0,0,0,0,-2,-1,-5,-3,-27,-13,-26,-15,-28,-14,-27,-16,-27,-18,-27,-20,-27,-22,-27,-23,-27,-25,-27,-26,-27,-27,-27,-27,-27,-28,-28,-28,-28,-28,-28,-29,-28,-28,-28,-28,-29,-27,-29,-26,-29,-26,-30,-25,-31,-25,-33,-24,-34,-23,-35,-23,-36,-23,-37,-24]"
CSI_DATA,381,5c:01:3b:6b:b0:95,-34,11,1,5,0,1,1,1,0,0,0,-97,1,11,0,38171309,0,86,1,256,1,"[86,-32,4,0,-3,-24,-3,-24,-4,-23,-4,-23,-4,-23,-4,-22,-5,-22,-6,-21,-7,-21,-8,-21,-8,-20,-9,-20,-8,-20,-8,-20,-8,-21,-8,-21,-7,-21,-6,-21,-5,-20,-5,-20,-4,-19,-4,-18,-3,-18,-3,-18,-2,-18,-1,-5,0,0,0,0,0,0,0,0,0,0,0,0,0,0,0,0,0,0,-1,-5,-3,-17,-3,-18,-2,-19,-1,-19,0,-19,0,-20,1,-20,2,-21,3,-21,2,-21,2,-22,3,-22,3,-22,3,-22,2,-22,2,-22,2,-22,1,-22,1,-22,0,-22,0,-22,-1,-23,-2,-23,-2,-23,-3,-25,-3,-25,2,-14,6,-45,6,-44,5,-44,5,-43,4,-42,4,-41,3,-41,2,-40,0,-40,-2,-40,-4,-40,-5,-40,-6,-40,-5,-41,-5,-40,-4,-40,-4,-39,-3,-39,-1,-39,0,-38,1,-37,2,-36,2,-35,3,-34,4,-32,5,-31,16,-27,17,-26,3,-5,1,-2,-1,0,-1,0,-1,0,0,-2,0,-6,3,-31,5,-31,1,-32,4,-33,6,-33,7,-34,9,-34,11,-35,12,-35,13,-36,14,-36,14,-36,14,-37,14,-38,14,-38,15,-38,15,-37,14,-38,13,-38,12,-38,12,-38,11,-38,10,-39,9,-41,8,-41,6,-42,6,-44,6,-45]"
CSI_DATA,382,5c:01:3b:6b:b0:95,-35,11,1,4,0,1,1,1,0,0,0,-97,1,11,0,38203910,0,86,1,256,1,"[86,-32,4,0,14,-20,13,-20,13,-20,12,-19,12,-19,12,-19,11,-19,10,-20,9,-20,8,-20,8,-20,7,-20,7,-20,7,-21,8,-21,8,-21,8,-20,9,-19,9,-19,9,-18,10,-17,10,-16,10,-15,10,-15,10,-14,2,-4,0,0,0,0,0,0,0,0,0,0,0,0,0,0,0,0,0,0,2,-4,9,-15,10,-15,10,-15,11,-15,12,-15,13,-15,14,-14,15,-14,15,-14,16,-14,16,-14,16,-14,16,-14,16,-14,16,-14,16,-15,15,-15,15,-15,15,-16,15,-16,15,-17,14,-17,14,-18,14,-19,15,-19,15,-20,10,-10,32,-32,32,-32,31,-31,30,-31,29,-31,29,-32,27,-32,26,-32,23,-32,22,-33,21,-35,20,-36,20,-36,21,-35,21,-35,21,-34,22,-33,22,-32,22,-32,23,-31,23,-29,22,-28,22,-26,22,-25,23,-23,24,-21,29,-14,29,-12,5,-2,1,-1,-1,0,-1,0,-1,0,0,-2,2,-5,16,-26,18,-24,20,-25,22,-24,25,-24,27,-23,28,-23,30,-22,31,-21,32,-21,33,-21,33,-21,33,-22,34,-23,34,-22,34,-22,34,-21,35,-21,34,-21,33,-22,33,-23,33,-25,32,-26,32,-28,31,-29,31,-31,31,-32,32,-34]"
CSI_DATA,383,5c:01:3b:6b:b0:95,-37,11,1,4,0,1,1,1,0,0,0,-97,1,11,0,38235643,0,86,1,256,1,"[86,-32,4,0,12,-4,12,-5,12,-4,11,-4,11,-5,11,-5,11,-5,10,-5,10,-6,10,-6,9,-6,9,-6,10,-6,10,-6,10,-6,10,-6,10,-6,10,-5,9,-5,9,-4,9,-4,9,-3,8,-3,8,-3,8,-2,2,-1,0,0,0,0,0,0,0,0,0,0,0,0,0,0,0,0,0,0,2,-2,8,-5,9,-4,9,-4,10,-3,10,-3,10,-3,11,-2,11,-2,11,-2,12,-2,12,-2,12,-2,12,-2,12,-1,12,-1,12,-2,11,-2,11,-2,11,-3,12,-3,12,-3,12,-3,12,-3,12,-4,13,-4,13,-5,15,-1,49,-5,48,-5,47,-5,46,-5,45,-5,45,-6,44,-7,42,-8,41,-10,41,-12,40,-14,40,-15,40,-15,41,-14,40,-14,40,-14,40,-13,40,-12,39,-11,38,-9,38,-7,36,-6,35,-5,34,-4,33,-2,32,-1,31,8,29,10,4,1,1,0,-1,-1,-2,0,-1,0,1,-1,6,-2,35,-9,36,-7,36,-9,37,-7,39,-5,40,-3,41,-2,41,0,42,3,43,4,43,5,43,5,44,5,45,4,45,5,45,6,45,6,44,6,44,5,43,4,44,3,45,1,45,1,45,-1,46,-2,47,-4,49,-5,51,-6]"
CSI_DATA,384,5c:01:3b:6b:b0:95,-53,11,1,5,0,1,1,1,0,0,0,-97,1,11,0,38266340,0,86,1,256,1,"[86,-32,4,0,17,2,17,2,17,1,16,1,16,1,16,0,15,0,15,-1,14,-1,14,-2,14,-2,14,-2,14,-2,14,-2,13,-2,13,-1,13,-1,12,-1,12,0,11,0,11,0,10,1,10,1,9,2,9,2,2,0,0,0,0,0,0,0,0,0,0,0,0,0,0,0,0,0,0,0,4,0,16,0,16,1,17,2,17,3,17,4,18,4,18,5,18,5,18,6,18,6,18,7,18,7,18,7,17,7,17,6,17,6,17,6,17,5,17,4,18,4,18,4,18,4,17,3,18,3,19,3,19,2,10,0,35,3,35,3,34,2,34,2,33,1,32,1,31,0,30,-1,29,-2,28,-4,28,-5,28,-5,27,-5,27,-5,27,-4,27,-4,26,-3,26,-3,25,-2,24,-1,22,-1,21,0,20,1,19,1,18,2,17,3,18,4,17,5,2,1,0,0,-1,-1,-2,0,-1,-1,1,-1,5,-2,31,-7,32,-5,31,-1,32,1,33,3,33,5,34,6,35,8,35,10,35,11,35,12,34,12,35,12,35,12,35,12,35,12,34,11,34,11,34,10,34,9,34,9,34,8,35,7,35,6,35,5,35,3,36,3,37,3]"
CSI_DATA,385,5c:01:3b:6b:b0:95,-45,11,1,4,0,1,1,1,0,0,0,-97,1,11,0,38301062,0,86,1,256,1,"[86,-32,4,0,14,22,15,21,15,20,15,20,15,19,15,19,16,18,16,17,17,17,17,16,18,16,18,16,18,16,18,17,18,17,18,18,18,18,17,18,16,18,14,18,13,18,12,17,12,18,11,18,10,18,2,4,0,0,0,0,0,0,0,0,0,0,0,0,0,0,0,0,0,0,2,3,10,12,10,13,10,14,9,15,9,16,9,17,8,18,8,18,8,19,7,20,8,20,8,21,8,21,7,20,7,20,8,20,8,20,9,19,10,20,10,20,11,20,12,20,12,20,13,20,14,21,15,22,7,13,25,43,25,43,25,42,25,41,25,41,26,40,26,38,27,37,28,35,29,35,31,34,31,33,32,33,32,34,32,34,32,35,31,35,30,35,29,36,27,36,25,37,23,36,22,36,20,35,18,35,16,36,11,37,9,37,1,6,0,1,-1,-1,-1,-1,-1,-1,1,1,3,3,20,22,19,23,18,25,17,27,16,29,15,31,15,33,14,34,13,35,12,37,11,38,11,38,12,40,12,40,11,40,11,40,11,40,12,40,13,40,14,39,15,40,17,40,18,40,19,40,21,40,22,41,24,42,25,43]"
CSI_DATA,386,5c:01:3b:6b:b0:95,-43,11,1,5,0,1,1,1,0,0,0,-97,1,11,0,38332326,0,86,1,256,1,"[86,-32,4,0,7,-28,7,-28,6,-27,6,-26,5,-26,4,-26,3,-26,2,-26,1,-26,1,-26,0,-26,0,-26,0,-26,0,-27,0,-27,0,-27,1,-27,2,-26,2,-25,3,-25,3,-23,4,-22,5,-22,5,-21,6,-21,1,-6,0,0,0,0,0,0,0,0,0,0,0,0,0,0,0,0,0,0,0,-5,4,-19,5,-19,6,-20,7,-20,7,-20,9,-21,10,-21,10,-21,11,-21,11,-21,12,-22,12,-22,12,-22,12,-21,12,-21,11,-22,10,-22,10,-22,10,-23,9,-23,9,-24,8,-24,8,-25,8,-26,8,-27,8,-28,4,-17,15,-53,15,-52,15,-51,14,-50,13,-49,12,-50,11,-49,9,-49,6,-48,5,-49,3,-50,2,-50,2,-51,2,-51,2,-51,2,-50,3,-50,4,-49,5,-49,6,-48,8,-46,8,-44,9,-42,10,-41,11,-40,13,-38,18,-35,20,-33,3,-6,1,-2,-1,0,-1,1,-1,0,-1,-2,0,-7,4,-36,6,-35,9,-36,11,-36,14,-36,16,-37,17,-37,19,-38,21,-38,22,-38,23,-38,23,-38,24,-39,24,-40,25,-40,25,-40,25,-40,24,-41,23,-41,22,-41,21,-42,20,-43,19,-45,18,-46,17,-47,16,-48,16,-50,16,-51]"
CSI_DATA,387,5c:01:3b:6b:b0:95,-39,11,1,5,0,1,1,1,0,0,0,-97,1,11,0,38366307,0,86,1,256,1,"[86,-32,4,0,11,4,12,4,12,4,12,3,12,3,12,3,11,3,11,2,11,2,11,2,11,2,11,1,11,1,11,1,12,1,12,2,11,2,11,2,11,2,10,2,10,3,9,3,9,3,8,4,8,4,2,1,0,0,0,0,0,0,0,0,0,0,0,0,0,0,0,0,0,0,2,0,8,2,8,3,8,3,9,4,9,4,9,5,9,5,9,5,9,6,9,6,9,7,9,7,9,7,9,7,9,6,9,6,9,6,9,6,10,5,10,5,10,5,10,5,10,5,11,5,12,5,12,5,13,5,45,19,45,19,44,18,44,17,44,16,43,15,43,14,43,12,42,10,43,9,44,8,43,7,44,7,45,7,45,7,44,7,44,8,44,8,43,9,41,9,39,11,37,12,36,13,35,14,33,15,31,16,29,20,27,22,4,4,1,1,-1,-1,-2,-1,-1,-1,1,-1,5,0,32,6,31,8,32,10,32,12,32,15,32,17,33,18,34,20,34,22,34,23,33,24,33,25,33,26,34,27,34,27,33,27,33,26,34,26,34,25,34,24,36,23,37,22,38,21,39,21,40,20,41,19,43,19,44,20]"
CSI_DATA,388,5c:01:3b:6b:b0:95,-44,11,1,5,0,1,1,1,0,0,0,-97,1,11,0,38399264,0,86,1,256,1,"[86,-32,4,0,-21,-18,-21,-18,-21,-17,-20,-16,-20,-15,-20,-15,-20,-14,-20,-14,-21,-13,-22,-13,-22,-12,-22,-12,-22,-12,-22,-11,-22,-12,-22,-12,-22,-13,-21,-13,-20,-13,-19,-13,-18,-13,-17,-13,-17,-14,-16,-14,-15,-15,-4,-4,0,0,0,0,0,0,0,0,0,0,0,0,0,0,0,0,0,0,-4,-3,-15,-11,-15,-13,-15,-14,-15,-15,-15,-16,-15,-16,-14,-17,-14,-18,-14,-19,-14,-20,-14,-20,-14,-21,-14,-20,-14,-20,-14,-20,-14,-20,-15,-19,-15,-19,-16,-18,-16,-18,-17,-18,-18,-18,-18,-18,-19,-18,-20,-19,-20,-19,-14,-9,-43,-30,-43,-30,-43,-30,-43,-29,-42,-28,-42,-26,-42,-25,-42,-24,-42,-22,-43,-21,-44,-20,-44,-19,-44,-18,-45,-18,-45,-18,-45,-18,-45,-18,-44,-19,-42,-20,-41,-21,-39,-22,-38,-22,-36,-22,-35,-23,-33,-24,-31,-25,-31,-23,-29,-25,-6,-5,-2,-2,0,0,1,0,0,0,-2,-1,-7,-2,-35,-11,-35,-12,-32,-19,-31,-21,-31,-24,-31,-26,-31,-28,-31,-30,-31,-32,-30,-33,-30,-34,-29,-35,-30,-36,-29,-37,-29,-37,-29,-36,-30,-36,-31,-35,-31,-34,-32,-33,-33,-33,-34,-32,-35,-32,-37,-31,-39,-31,-40,-31,-41,-31,-41,-31]"
CSI_DATA,389,5c:01:3b:6b:b0:95,-37,11,1,5,0,1,1,1,0,0,0,-97,1,11,0,38435459,0,86,1,256,1,"[86,-32,4,0,-10,-25,-10,-24,-10,-23,-10,-23,-10,-23,-10,-22,-11,-21,-12,-21,-12,-21,-13,-20,-13,-20,-14,-20,-14,-20,-14,-20,-14,-20,-14,-20,-13,-20,-12,-20,-11,-20,-11,-20,-10,-19,-9,-19,-8,-19,-7,-19,-6,-19,-2,-5,0,0,0,0,0,0,0,0,0,0,0,0,0,0,0,0,0,0,-2,-5,-8,-17,-8,-18,-7,-19,-6,-20,-6,-21,-5,-21,-5,-22,-4,-23,-3,-23,-3,-23,-3,-24,-3,-24,-2,-24,-3,-24,-3,-24,-3,-24,-4,-23,-4,-23,-5,-23,-6,-23,-6,-24,-7,-24,-7,-24,-8,-24,-8,-25,-9,-26,-4,-16,-12,-49,-12,-49,-12,-48,-12,-47,-12,-46,-13,-45,-14,-44,-15,-43,-17,-41,-18,-41,-19,-40,-21,-40,-21,-40,-21,-40,-21,-40,-21,-40,-20,-39,-19,-39,-18,-40,-16,-39,-15,-39,-14,-38,-13,-37,-11,-37,-9,-36,-7,-35,0,-35,3,-35,0,-7,0,-2,-1,0,0,0,0,0,-1,-2,-3,-6,-11,-32,-10,-34,-11,-34,-10,-36,-8,-37,-6,-39,-5,-40,-4,-41,-3,-42,-1,-43,0,-43,0,-44,1,-44,1,-45,1,-45,1,-45,1,-45,0,-45,-1,-44,-2,-44,-3,-44,-4,-44,-5,-45,-6,-46,-8,-46,-9,-47,-10,-48,-10,-49]"
CSI_DATA,390,5c:01:3b:6b:b0:95,-35,11,1,5,0,1,1,1,0,0,0,-97,1,11,0,38467995,0,86,1,256,1,"[86,-32,4,0,4,-24,4,-24,3,-24,3,-23,3,-23,2,-23,1,-22,0,-22,0,-22,-1,-22,-2,-22,-2,-22,-2,-22,-2,-22,-2,-22,-1,-22,-1,-22,-1,-21,0,-21,0,-20,1,-19,2,-18,2,-18,3,-18,3,-17,0,-5,0,0,0,0,0,0,0,0,0,0,0,0,0,0,0,0,0,0,0,-5,1,-18,2,-19,3,-19,3,-20,4,-20,5,-20,6,-20,7,-20,8,-20,8,-21,9,-21,9,-21,9,-21,9,-20,8,-21,8,-21,8,-21,7,-21,7,-21,6,-22,6,-22,5,-23,5,-23,5,-24,5,-25,4,-25,5,-14,15,-44,15,-44,15,-43,14,-42,13,-42,12,-41,11,-41,9,-41,7,-40,6,-40,4,-41,3,-41,3,-42,3,-42,4,-41,4,-41,5,-40,5,-40,5,-39,6,-38,7,-37,7,-35,8,-34,9,-33,10,-31,11,-29,18,-25,20,-24,3,-5,1,-2,-1,0,-1,0,-1,0,0,-2,0,-6,6,-33,8,-32,7,-33,9,-33,12,-34,14,-34,16,-35,17,-35,19,-35,20,-35,21,-35,21,-35,22,-36,22,-37,22,-36,23,-36,23,-36,22,-36,21,-36,20,-36,20,-36,19,-37,18,-38,17,-40,16,-41,16,-42,15,-44,15,-44]"
CSI_DATA,391,5c:01:3b:6b:b0:95,-40,11,1,5,0,1,1,1,0,0,0,-97,1,11,0,38499281,0,86,1,256,1,"[86,-32,4,0,-25,7,-25,7,-23,8,-23,8,-23,9,-22,9,-21,9,-20,10,-19,10,-19,11,-19,11,-19,11,-19,12,-19,11,-19,11,-19,11,-19,11,-18,10,-18,9,-18,8,-17,7,-17,7,-17,7,-16,6,-16,5,-5,1,0,0,0,0,0,0,0,0,0,0,0,0,0,0,0,0,0,0,-5,2,-18,7,-19,7,-20,6,-21,5,-21,5,-22,4,-23,4,-23,3,-23,2,-23,2,-24,2,-25,2,-25,1,-25,1,-24,1,-24,2,-24,2,-23,3,-24,3,-24,4,-24,5,-24,5,-23,6,-24,7,-25,7,-26,8,-16,1,-49,6,-49,5,-47,6,-46,6,-44,7,-44,7,-43,8,-42,9,-40,11,-39,12,-39,14,-39,15,-39,16,-40,16,-39,15,-39,15,-38,14,-38,14,-38,13,-37,11,-36,10,-34,8,-33,8,-32,7,-32,6,-31,4,-32,-3,-31,-5,-6,-1,-2,-1,0,-1,1,-1,0,-1,-2,0,-6,1,-34,9,-35,7,-36,9,-37,6,-39,4,-40,2,-41,1,-43,-1,-44,-2,-44,-4,-44,-5,-44,-5,-45,-5,-46,-5,-46,-5,-46,-6,-46,-6,-46,-5,-45,-4,-44,-3,-45,-3,-45,-1,-45,0,-46,1,-46,3,-47,5,-48,6,-49,6]"
CSI_DATA,392,5c:01:3b:6b:b0:95,-42,11,1,4,0,1,1,1,0,0,0,-97,1,11,0,38534137,0,86,1,256,1,"[86,-32,4,0,26,9,25,9,24,8,24,7,24,6,23,6,23,5,22,4,22,3,22,2,22,2,22,1,22,1,22,1,22,2,22,2,21,2,20,3,19,3,19,3,18,4,17,4,16,4,15,5,15,5,3,1,0,0,0,0,0,0,0,0,0,0,0,0,0,0,0,0,0,0,5,0,21,3,21,4,22,6,22,7,22,8,22,9,22,10,22,11,22,12,22,13,23,14,23,14,23,14,22,14,22,14,22,13,22,12,22,12,23,11,23,11,24,10,24,10,24,9,25,9,26,10,26,10,13,7,45,24,45,24,44,24,43,23,42,21,43,20,41,18,41,16,40,14,41,12,41,11,41,10,41,9,41,10,41,10,40,10,40,10,38,10,37,11,36,11,34,12,32,12,31,13,29,13,28,13,26,14,22,19,21,20,3,3,0,1,-1,-1,-2,-1,-1,-1,2,0,6,1,38,10,37,13,38,13,38,16,39,19,39,21,39,23,38,25,38,27,38,29,37,30,37,31,38,32,38,32,38,33,37,33,37,32,37,32,37,31,37,30,38,29,40,28,40,27,41,26,42,25,43,25,46,25,47,25]"
CSI_DATA,393,5c:01:3b:6b:b0:95,-44,11,1,4,0,1,1,1,0,0,0,-97,1,11,0,38568338,0,86,1,256,1,"[86,-32,4,0,23,6,23,5,22,5,21,4,21,4,21,3,20,2,20,2,19,1,19,0,19,-1,19,-1,19,-1,18,-1,18,-1,18,-1,17,-1,16,0,16,0,15,1,15,1,14,1,13,1,13,1,12,2,3,0,0,0,0,0,0,0,0,0,0,0,0,0,0,0,0,0,0,0,5,0,20,0,21,2,21,3,22,4,22,5,22,6,22,7,22,8,23,9,23,10,23,10,23,11,23,11,22,11,22,10,22,10,21,10,21,9,21,8,22,8,22,8,23,7,23,7,23,6,24,6,24,6,12,6,40,21,39,21,38,20,37,19,36,17,36,16,36,14,35,13,35,11,35,10,35,8,34,7,35,7,34,7,34,7,33,6,32,7,31,6,30,7,29,7,28,8,26,8,25,8,24,8,23,8,22,9,19,14,17,15,2,2,0,0,-1,-1,-2,-1,-1,-1,2,0,6,1,36,11,36,13,37,10,37,13,38,16,38,18,37,20,37,22,37,25,36,26,36,28,36,28,37,29,37,29,36,29,36,29,35,29,35,29,34,28,34,27,35,26,36,24,37,24,37,23,38,22,39,21,41,21,42,22]"
CSI_DATA,394,5c:01:3b:6b:b0:95,-47,11,1,4,0,1,1,1,0,0,0,-97,1,11,0,38605682,0,86,1,256,1,"[86,-32,4,0,-11,-10,-11,-9,-11,-9,-11,-8,-11,-8,-10,-7,-10,-7,-10,-6,-11,-6,-11,-5,-11,-5,-11,-4,-11,-4,-11,-4,-11,-4,-11,-4,-11,-4,-10,-4,-10,-4,-9,-4,-9,-4,-9,-4,-9,-4,-8,-4,-8,-4,-2,-1,0,0,0,0,0,0,0,0,0,0,0,0,0,0,0,0,0,0,-3,-2,-12,-8,-12,-9,-12,-10,-11,-10,-11,-11,-11,-12,-10,-12,-10,-13,-9,-13,-9,-13,-10,-14,-9,-14,-9,-14,-9,-13,-9,-13,-9,-13,-9,-12,-9,-12,-9,-12,-9,-11,-10,-11,-10,-11,-10,-10,-11,-10,-11,-11,-11,-11,-13,-12,-40,-38,-39,-37,-38,-36,-37,-34,-37,-33,-37,-31,-37,-29,-36,-27,-37,-24,-37,-23,-39,-21,-39,-19,-39,-18,-40,-17,-39,-17,-39,-16,-38,-15,-37,-15,-36,-16,-35,-16,-34,-16,-33,-16,-32,-15,-31,-15,-30,-15,-29,-16,-27,-17,-25,-18,-5,-4,-2,-2,0,-1,1,0,0,0,-3,-1,-8,-4,-44,-23,-43,-26,-42,-31,-41,-35,-40,-39,-39,-42,-37,-44,-36,-46,-34,-49,-32,-50,-31,-51,-30,-52,-31,-52,-31,-53,-30,-52,-29,-52,-29,-51,-29,-50,-29,-48,-30,-46,-30,-46,-32,-45,-32,-44,-34,-43,-35,-42,-37,-41,-38,-41,-39,-41]"
CSI_DATA,395,5c:01:3b:6b:b0:95,-46,11,1,4,0,1,1,1,0,0,0,-97,1,11,0,38643349,0,86,1,256,1,"[86,-32,4,0,-19,16,-18,16,-17,15,-16,15,-16,16,-15,16,-14,16,-13,16,-13,17,-12,17,-12,17,-11,17,-11,18,-11,19,-11,19,-11,19,-11,18,-11,18,-12,17,-12,16,-12,15,-13,15,-13,14,-13,14,-13,13,-4,3,0,0,0,0,0,0,0,0,0,0,0,0,0,0,0,0,0,0,-4,4,-15,16,-16,15,-17,15,-18,14,-19,14,-20,13,-21,13,-22,12,-22,11,-23,11,-24,10,-24,10,-23,9,-22,9,-22,9,-22,10,-21,11,-20,11,-20,11,-20,11,-20,12,-20,13,-19,13,-19,14,-20,15,-19,15,-12,8,-38,26,-37,26,-36,26,-34,26,-33,26,-32,28,-31,27,-29,28,-27,28,-26,30,-25,31,-24,32,-23,33,-24,33,-24,33,-24,33,-24,33,-24,32,-24,31,-25,30,-26,29,-25,28,-25,27,-25,26,-26,24,-27,23,-30,19,-30,17,-6,2,-2,0,0,-1,0,-2,0,-1,-2,1,-5,5,-25,31,-27,30,-31,28,-33,26,-36,25,-38,23,-40,22,-41,20,-43,19,-44,17,-44,16,-45,16,-45,16,-45,16,-44,16,-44,15,-44,15,-43,15,-42,15,-41,16,-40,17,-40,19,-39,20,-39,21,-38,23,-38,24,-38,26,-39,26]"
CSI_DATA,396,5c:01:3b:6b:b0:95,-41,11,1,5,0,1,1,1,0,0,0,-97,1,11,0,38669925,0,86,1,256,1,"[86,-32,4,0,-4,11,-4,11,-3,11,-3,11,-3,11,-2,11,-2,10,-1,10,-1,10,-1,10,0,10,0,10,0,10,0,10,0,11,0,11,0,11,-1,11,-1,10,-1,10,-2,10,-2,9,-2,9,-3,9,-3,9,-1,2,0,0,0,0,0,0,0,0,0,0,0,0,0,0,0,0,0,0,-1,2,-2,9,-3,9,-4,9,-4,9,-5,10,-5,10,-5,10,-6,9,-6,9,-6,9,-7,10,-7,10,-7,9,-6,9,-6,9,-6,9,-6,9,-6,9,-5,9,-5,9,-5,10,-5,10,-4,10,-4,10,-4,11,-4,11,-7,12,-19,41,-19,41,-18,41,-17,40,-16,39,-15,39,-14,39,-13,39,-11,38,-9,38,-7,39,-6,40,-6,41,-6,42,-6,42,-6,42,-6,42,-7,41,-8,40,-9,39,-10,38,-11,36,-12,35,-12,34,-13,33,-15,32,-21,29,-23,27,-5,4,-2,1,0,-1,0,-2,0,-1,-1,1,-2,6,-11,34,-13,33,-13,34,-15,33,-18,33,-20,33,-22,33,-24,33,-26,33,-27,33,-28,32,-28,32,-29,32,-29,33,-29,33,-29,32,-28,32,-28,32,-27,32,-26,32,-25,32,-24,32,-23,34,-22,36,-21,37,-20,38,-19,39,-19,40]"
CSI_DATA,397,5c:01:3b:6b:b0:95,-44,11,1,5,0,1,1,1,0,0,0,-97,1,11,0,38699296,0,86,1,256,1,"[86,-32,4,0,-22,-15,-22,-15,-21,-14,-21,-13,-22,-12,-22,-12,-22,-11,-22,-10,-22,-9,-23,-9,-23,-8,-23,-8,-24,-8,-24,-8,-24,-8,-24,-8,-24,-9,-23,-10,-22,-10,-22,-10,-21,-10,-20,-11,-19,-11,-19,-12,-18,-13,-5,-4,0,0,0,0,0,0,0,0,0,0,0,0,0,0,0,0,0,0,-5,-3,-17,-11,-17,-12,-17,-14,-17,-15,-17,-15,-17,-17,-16,-17,-15,-18,-15,-18,-15,-19,-16,-19,-15,-20,-15,-20,-15,-19,-15,-19,-16,-18,-16,-18,-16,-17,-17,-17,-17,-17,-18,-16,-18,-16,-19,-15,-20,-15,-21,-16,-22,-16,-12,-10,-39,-30,-39,-31,-38,-30,-38,-29,-38,-28,-38,-26,-38,-25,-39,-24,-39,-21,-40,-20,-41,-19,-42,-18,-43,-17,-44,-18,-44,-17,-43,-18,-43,-18,-43,-19,-42,-19,-40,-20,-39,-21,-37,-22,-36,-22,-35,-23,-33,-24,-31,-25,-26,-29,-23,-31,-4,-6,-1,-2,0,0,0,0,0,0,-2,-1,-6,-4,-32,-20,-31,-22,-31,-23,-30,-26,-29,-28,-29,-30,-28,-32,-28,-34,-27,-35,-26,-36,-26,-37,-25,-37,-25,-38,-25,-38,-25,-38,-25,-38,-25,-37,-26,-37,-26,-36,-27,-35,-28,-34,-29,-34,-31,-33,-32,-33,-33,-31,-35,-31,-36,-31,-37,-32]"
CSI_DATA,398,5c:01:3b:6b:b0:95,-39,11,1,5,0,1,1,1,0,0,0,-97,1,11,0,38732273,0,86,1,256,1,"[86,-32,4,0,6,-22,5,-22,4,-22,4,-22,3,-22,3,-21,2,-21,1,-21,0,-21,0,-22,0,-22,0,-22,0,-22,-1,-22,-1,-22,0,-22,0,-22,0,-22,1,-22,2,-21,2,-20,3,-19,3,-19,4,-18,4,-18,1,-5,0,0,0,0,0,0,0,0,0,0,0,0,0,0,0,0,0,0,1,-5,4,-18,5,-18,6,-18,7,-18,7,-18,8,-18,9,-18,10,-18,10,-18,11,-18,11,-18,11,-18,11,-18,11,-18,11,-18,11,-18,10,-18,9,-18,9,-19,8,-19,8,-20,7,-20,7,-20,7,-21,7,-22,7,-23,5,-13,17,-41,16,-41,16,-40,15,-40,14,-39,13,-39,12,-39,11,-38,9,-38,7,-39,6,-40,5,-40,5,-41,5,-41,5,-41,5,-41,6,-40,6,-40,7,-40,8,-39,9,-38,10,-37,11,-35,11,-34,13,-32,14,-31,21,-27,22,-25,4,-5,1,-2,-1,0,-1,0,-1,0,0,-2,1,-6,9,-31,11,-30,11,-32,13,-32,16,-32,17,-32,19,-32,21,-32,22,-32,24,-31,25,-31,25,-31,25,-31,25,-31,25,-31,25,-31,25,-31,24,-31,24,-32,22,-32,22,-32,21,-33,20,-34,19,-36,18,-37,18,-38,17,-39,17,-40]"
CSI_DATA,399,5c:01:3b:6b:b0:95,-42,11,1,5,0,1,1,1,0,0,0,-97,1,11,0,38766310,0,86,1,256,1,"[86,-32,4,0,23,-7,23,-7,22,-8,22,-8,21,-9,21,-10,20,-10,19,-11,19,-11,19,-11,19,-12,19,-12,19,-13,19,-13,19,-13,20,-13,20,-13,19,-12,19,-12,19,-11,19,-10,19,-8,19,-7,19,-6,19,-6,4,-2,0,0,0,0,0,0,0,0,0,0,0,0,0,0,0,0,0,0,4,-2,17,-5,18,-5,19,-4,19,-3,20,-2,21,-2,21,-2,21,-1,21,0,22,0,22,1,22,1,22,2,22,1,22,1,21,0,21,-1,21,-2,21,-2,21,-3,22,-4,22,-5,22,-5,23,-5,24,-5,24,-6,14,-4,46,-11,45,-11,44,-11,43,-12,42,-12,41,-13,40,-14,40,-16,38,-17,38,-18,38,-20,38,-21,38,-21,38,-22,38,-23,39,-23,39,-22,39,-21,39,-20,38,-19,38,-17,37,-15,37,-14,36,-12,36,-10,35,-8,37,-2,36,0,6,0,1,0,-1,0,-2,0,-1,0,1,-1,5,-2,32,-10,33,-8,34,-8,35,-6,36,-4,37,-3,38,-1,39,0,40,2,41,3,41,4,41,4,41,5,42,5,42,5,42,5,41,4,41,3,41,2,40,1,40,0,41,-2,41,-3,42,-5,42,-6,43,-7,44,-7,45,-8]"
CSI_DATA,400,5c:01:3b:6b:b0:95,-37,11,1,4,0,1,1,1,0,0,0,-97,1,11,0,38805791,0,86,1,256,1,"[86,-32,4,0,-1,-23,-1,-23,-2,-23,-2,-22,-2,-22,-3,-22,-3,-21,-4,-21,-5,-21,-6,-21,-6,-21,-7,-21,-7,-21,-7,-21,-7,-22,-7,-22,-6,-21,-6,-21,-5,-21,-4,-21,-3,-20,-2,-19,-2,-19,-2,-19,-1,-19,0,-5,0,0,0,0,0,0,0,0,0,0,0,0,0,0,0,0,0,0,-1,-5,-1,-18,0,-18,1,-19,2,-20,3,-20,4,-20,4,-21,5,-21,5,-21,6,-21,6,-21,6,-21,6,-21,6,-21,6,-20,5,-20,5,-20,4,-20,4,-21,3,-21,2,-21,2,-21,1,-22,1,-22,1,-23,0,-24,1,-14,4,-43,4,-43,4,-43,3,-42,2,-42,1,-42,0,-41,-1,-40,-3,-39,-4,-40,-5,-40,-7,-40,-7,-41,-8,-41,-8,-41,-7,-41,-6,-41,-5,-40,-4,-40,-3,-39,-2,-39,-1,-38,0,-37,1,-36,2,-35,4,-34,11,-32,13,-31,2,-6,0,-2,-1,0,0,0,-1,0,-1,-2,-1,-6,-1,-33,2,-33,3,-34,5,-35,7,-36,9,-36,10,-37,12,-37,13,-37,14,-36,15,-36,16,-36,16,-37,16,-38,16,-38,17,-37,16,-37,16,-37,15,-36,13,-36,12,-37,11,-38,10,-39,8,-40,7,-40,7,-41,6,-43,6,-44]"
CSI_DATA,401,5c:01:3b:6b:b0:95,-37,11,1,4,0,1,1,1,0,0,0,-97,1,11,0,38834133,0,86,1,256,1,"[86,-32,4,0,20,-11,20,-12,19,-12,19,-12,19,-12,18,-12,17,-13,17,-13,16,-14,16,-14,16,-15,16,-15,16,-15,16,-15,16,-16,17,-15,17,-15,17,-14,17,-13,17,-12,17,-11,17,-10,17,-9,16,-9,16,-8,4,-2,0,0,0,0,0,0,0,0,0,0,0,0,0,0,0,0,0,0,3,-3,14,-11,15,-10,16,-10,17,-10,18,-9,19,-8,19,-8,19,-7,20,-6,20,-6,21,-6,21,-6,21,-5,21,-5,20,-5,20,-6,20,-7,19,-7,19,-7,20,-8,20,-9,19,-9,19,-10,20,-10,21,-11,21,-12,12,-3,41,-10,41,-10,40,-10,39,-10,38,-11,38,-12,37,-12,36,-13,35,-15,35,-16,35,-18,35,-19,35,-19,35,-19,35,-19,36,-18,36,-18,36,-17,36,-16,35,-14,35,-12,35,-11,34,-10,33,-9,33,-7,33,-5,33,6,32,7,5,1,1,0,-1,-1,-2,0,-1,0,1,-1,5,-2,32,-9,32,-7,31,-12,32,-10,34,-8,35,-6,36,-5,36,-3,37,-1,38,0,38,1,39,1,40,1,40,1,39,1,39,1,38,1,38,1,38,0,37,-1,37,-2,38,-3,38,-4,38,-6,39,-7,40,-8,41,-9,42,-10]"
CSI_DATA,402,5c:01:3b:6b:b0:95,-41,11,1,5,0,1,1,1,0,0,0,-97,1,11,0,38866477,0,86,1,256,1,"[86,-32,4,0,3,23,4,23,4,22,5,22,5,21,5,21,6,20,7,20,8,20,8,20,9,19,9,19,9,20,9,20,9,20,9,21,8,21,8,21,7,20,6,20,5,20,4,19,4,19,3,19,2,18,0,4,0,0,0,0,0,0,0,0,0,0,0,0,0,0,0,0,0,0,1,4,3,17,3,18,2,19,1,19,0,20,0,20,-1,21,-2,21,-3,21,-3,21,-3,22,-3,22,-3,22,-3,21,-3,21,-3,21,-2,21,-1,21,-1,21,0,21,1,21,1,22,2,22,2,22,3,23,4,24,-1,13,-2,45,-2,45,-1,44,-1,43,0,42,1,42,2,41,4,41,5,40,7,39,8,40,9,40,9,40,10,41,10,41,9,41,9,41,8,41,7,41,6,40,4,39,3,38,2,37,1,37,-1,36,-3,34,-13,33,-15,32,-3,5,-2,1,0,-1,-1,-2,0,-1,0,1,0,5,0,33,-2,33,0,34,-2,34,-4,35,-6,36,-8,37,-9,37,-10,38,-12,38,-13,38,-13,38,-13,38,-14,39,-14,39,-14,39,-13,38,-13,38,-11,38,-10,38,-10,39,-8,39,-7,40,-6,41,-5,41,-4,42,-3,44,-2,44]"
CSI_DATA,403,5c:01:3b:6b:b0:95,-37,11,1,5,0,1,1,1,0,0,0,-97,1,11,0,38899369,0,86,1,256,1,"[86,-32,4,0,7,20,8,19,8,18,8,18,8,18,9,17,9,17,9,16,10,16,10,15,11,15,11,15,11,16,11,16,12,16,11,16,11,16,10,17,9,16,8,16,7,16,6,15,6,15,5,15,4,16,1,4,0,0,0,0,0,0,0,0,0,0,0,0,0,0,0,0,0,0,2,3,8,14,7,15,7,15,6,16,6,17,5,17,4,18,4,18,3,19,3,19,3,20,3,20,3,19,3,19,3,19,3,19,3,18,4,18,4,18,5,18,5,18,6,18,6,18,7,19,7,20,8,20,2,12,9,39,9,39,9,38,10,37,10,36,11,35,11,35,12,34,13,33,14,32,15,32,16,32,17,32,17,33,17,33,17,33,16,33,15,33,14,33,13,32,11,32,10,32,9,31,7,31,5,30,4,29,-3,29,-6,29,-2,5,-1,1,-1,-1,-1,-1,-1,-1,0,1,2,5,11,28,9,29,11,28,9,30,7,31,5,32,4,34,3,35,1,35,0,36,0,36,0,37,0,37,0,37,-1,37,-1,37,-1,36,-1,36,0,36,1,36,2,36,3,36,4,36,5,37,7,37,8,38,8,38,9,39]"
CSI_DATA,404,5c:01:3b:6b:b0:95,-36,11,1,4,0,1,1,1,0,0,0,-97,1,11,0,38934062,0,86,1,256,1,"[86,-32,4,0,-9,23,-9,23,-8,23,-8,23,-7,23,-7,22,-6,22,-5,22,-4,22,-3,22,-3,22,-3,22,-3,23,-3,23,-3,23,-3,23,-3,22,-4,22,-4,21,-5,21,-6,20,-7,19,-7,18,-8,18,-8,17,-2,4,0,0,0,0,0,0,0,0,0,0,0,0,0,0,0,0,0,0,-2,4,-5,19,-6,19,-8,19,-9,19,-10,19,-11,19,-12,19,-12,19,-13,19,-13,19,-14,19,-15,19,-15,19,-14,19,-14,19,-13,19,-13,19,-12,19,-12,19,-11,20,-11,21,-10,21,-10,21,-10,22,-10,24,-10,24,-8,12,-23,42,-23,41,-22,41,-21,40,-19,41,-18,41,-17,40,-16,40,-14,40,-13,40,-11,41,-10,41,-9,42,-10,43,-10,43,-10,43,-11,42,-11,41,-12,40,-14,39,-15,38,-15,37,-15,35,-16,33,-17,32,-19,30,-23,27,-24,26,-5,4,-2,1,0,-1,0,-2,0,-1,-1,1,-2,6,-11,34,-13,33,-15,34,-18,34,-20,34,-23,34,-24,33,-26,33,-28,32,-29,32,-30,31,-30,31,-31,33,-31,33,-31,33,-31,32,-31,32,-31,32,-30,32,-29,32,-27,33,-26,35,-26,36,-25,37,-24,38,-23,40,-23,42,-23,43]"
CSI_DATA,405,5c:01:3b:6b:b0:95,-37,11,1,5,0,1,1,1,0,0,0,-97,1,11,0,38966456,0,86,1,256,1,"[86,-32,4,0,13,-18,12,-18,11,-18,11,-18,11,-18,10,-18,10,-18,9,-18,8,-19,7,-19,7,-19,7,-19,7,-19,7,-20,7,-20,8,-19,8,-19,8,-18,8,-18,9,-17,9,-16,10,-15,10,-15,10,-14,10,-14,2,-4,0,0,0,0,0,0,0,0,0,0,0,0,0,0,0,0,0,0,2,-4,8,-16,9,-16,10,-16,11,-15,12,-15,13,-15,13,-15,14,-14,15,-14,15,-14,16,-14,16,-14,16,-14,15,-14,15,-13,15,-14,15,-14,14,-14,14,-15,13,-15,13,-15,13,-16,13,-16,13,-17,13,-18,13,-19,9,-9,30,-29,30,-29,29,-29,28,-28,26,-28,26,-28,25,-28,24,-29,22,-29,21,-31,20,-32,19,-33,18,-34,19,-34,20,-33,20,-33,20,-32,21,-31,21,-30,22,-29,22,-27,22,-26,22,-25,22,-24,22,-22,23,-21,28,-14,28,-13,5,-2,1,-1,-1,0,-1,0,-1,0,0,-2,3,-5,20,-25,21,-24,20,-26,22,-25,25,-23,27,-23,28,-22,29,-21,31,-20,32,-19,32,-19,32,-19,33,-20,33,-20,33,-20,33,-19,33,-19,33,-20,32,-20,31,-20,31,-20,31,-21,31,-22,30,-24,29,-25,29,-27,29,-29,29,-29]"
CSI_DATA,406,5c:01:3b:6b:b0:95,-36,11,1,4,0,1,1,1,0,0,0,-97,1,11,0,39002276,0,86,1,256,1,"[86,-32,4,0,22,-1,22,-2,21,-2,21,-2,21,-3,21,-3,20,-4,20,-4,19,-5,19,-6,19,-6,19,-6,19,-6,20,-6,20,-6,20,-6,20,-5,19,-4,19,-4,19,-3,18,-2,18,-2,17,-2,17,-1,17,0,4,0,0,0,0,0,0,0,0,0,0,0,0,0,0,0,0,0,0,0,4,-1,17,-4,17,-3,18,-2,18,-1,19,0,19,1,20,1,20,2,20,3,20,3,21,3,21,3,21,4,20,4,20,4,20,4,20,3,19,2,20,2,20,1,21,1,21,0,21,0,22,-1,23,-1,23,-1,11,4,39,11,39,11,38,10,37,9,37,8,38,7,37,6,36,5,36,3,36,2,36,0,36,-1,37,-1,37,0,37,0,37,1,37,2,36,2,36,3,35,4,34,5,33,6,31,6,30,7,29,8,29,10,24,21,22,22,3,4,0,1,-1,-1,-2,-1,-1,-1,1,-1,5,0,31,4,31,7,32,3,32,6,32,8,32,10,32,12,33,13,33,15,32,16,33,17,33,17,34,16,34,16,34,17,34,18,33,18,33,18,32,18,32,16,32,15,34,14,34,13,35,12,36,11,37,10,39,9,41,9]"
CSI_DATA,407,5c:01:3b:6b:b0:95,-40,11,1,4,0,1,1,1,0,0,0,-97,1,11,0,39032300,0,86,1,256,1,"[86,-32,4,0,-15,-23,-15,-23,-15,-22,-16,-21,-16,-20,-16,-20,-16,-19,-17,-18,-17,-18,-18,-18,-18,-17,-18,-16,-19,-16,-19,-17,-19,-17,-19,-17,-19,-18,-18,-18,-17,-18,-16,-18,-15,-18,-14,-18,-13,-18,-12,-18,-11,-18,-3,-5,0,0,0,0,0,0,0,0,0,0,0,0,0,0,0,0,0,0,-3,-5,-12,-17,-11,-18,-11,-20,-11,-21,-10,-21,-9,-22,-9,-23,-8,-23,-8,-24,-7,-25,-7,-25,-6,-25,-6,-25,-6,-24,-7,-24,-8,-24,-8,-23,-9,-23,-10,-23,-11,-23,-11,-23,-12,-23,-12,-23,-13,-23,-13,-24,-14,-24,-7,-14,-23,-45,-23,-45,-23,-45,-23,-44,-24,-43,-25,-42,-25,-40,-25,-39,-26,-37,-28,-37,-30,-36,-31,-35,-32,-34,-32,-35,-32,-35,-32,-35,-31,-36,-30,-36,-28,-36,-26,-36,-25,-36,-24,-36,-23,-36,-21,-35,-19,-35,-17,-35,-10,-37,-7,-37,-1,-7,-1,-3,0,0,0,0,0,0,-2,-2,-5,-6,-23,-32,-21,-33,-20,-35,-18,-37,-17,-39,-15,-41,-14,-42,-12,-44,-11,-45,-9,-45,-8,-46,-8,-47,-8,-48,-9,-48,-8,-47,-8,-47,-8,-46,-9,-46,-10,-46,-11,-45,-12,-45,-13,-45,-15,-45,-16,-45,-18,-45,-20,-45,-21,-46,-22,-47]"
CSI_DATA,408,5c:01:3b:6b:b0:95,-40,11,1,4,0,1,1,1,0,0,0,-97,1,11,0,39066270,0,86,1,256,1,"[86,-32,4,0,4,26,5,26,5,25,6,24,6,24,7,23,7,22,8,22,9,21,10,21,10,21,11,21,11,22,10,22,10,22,10,22,10,22,9,22,8,22,7,21,6,21,6,20,5,20,4,20,3,20,0,5,0,0,0,0,0,0,0,0,0,0,0,0,0,0,0,0,0,0,1,4,5,19,4,20,3,21,2,22,1,22,0,23,-1,24,-2,24,-2,24,-2,24,-2,25,-3,25,-3,25,-3,24,-3,24,-3,24,-2,24,-1,23,0,24,0,24,1,24,2,24,3,24,3,25,4,26,4,27,-2,15,-3,49,-4,49,-3,48,-3,47,-2,46,-1,46,0,45,1,43,3,43,5,43,8,43,9,43,10,44,10,44,9,44,9,45,8,44,7,43,6,43,4,42,2,42,1,41,1,40,0,39,-1,38,-4,37,-15,35,-17,34,-4,6,-2,1,0,-1,-1,-2,0,-1,0,2,-1,6,-2,38,-4,38,0,38,-3,39,-6,40,-8,41,-10,41,-12,41,-14,42,-15,42,-16,42,-16,42,-16,43,-16,44,-16,43,-16,43,-16,42,-16,42,-15,42,-14,42,-13,42,-11,43,-10,44,-9,44,-7,45,-5,47,-4,48,-3,50]"
CSI_DATA,409,5c:01:3b:6b:b0:95,-36,11,1,4,0,1,1,1,0,0,0,-97,1,11,0,39099310,0,86,1,256,1,"[86,-32,4,0,-22,8,-22,8,-21,8,-21,8,-20,9,-20,9,-19,10,-18,10,-18,11,-18,11,-17,12,-18,12,-18,12,-18,12,-18,12,-18,12,-18,11,-18,11,-18,10,-18,9,-18,8,-17,8,-17,7,-17,7,-17,6,-5,1,0,0,0,0,0,0,0,0,0,0,0,0,0,0,0,0,0,0,-4,1,-16,7,-17,6,-18,5,-19,5,-19,4,-20,4,-21,3,-21,3,-22,2,-22,2,-22,2,-22,2,-22,2,-22,2,-22,1,-22,1,-21,2,-21,3,-21,4,-21,4,-21,5,-22,5,-21,6,-21,7,-23,8,-23,8,-14,2,-42,9,-43,9,-42,9,-41,10,-41,10,-40,11,-39,12,-37,13,-36,14,-36,15,-35,17,-35,18,-35,19,-36,19,-36,19,-36,19,-36,18,-36,17,-36,16,-35,14,-35,13,-34,12,-34,11,-33,10,-32,8,-33,6,-32,0,-32,-2,-6,-1,-2,-1,0,-1,0,-1,0,-1,-2,0,-6,2,-31,11,-31,9,-33,9,-34,7,-36,5,-37,4,-38,3,-39,1,-40,0,-40,-2,-40,-2,-41,-3,-41,-2,-42,-2,-41,-2,-41,-2,-41,-3,-41,-2,-40,-2,-40,0,-40,1,-40,2,-41,3,-41,5,-41,6,-41,8,-43,9,-44,9]"
