frame,id,mac,rssi,source_len,filtered_data,mean_amplitude,std_amplitude,max_amplitude
0,0,5c:01:3b:6b:b0:95,-47,256,"[86.0, -32.0, 4.0, 0.0, -1.5, -8.0, -1.5, -8.0, -1.5, -7.5, -1.0, -8.0, -1.0, -8.0, -1.0, -7.5, -1.0, -7.5, -0.5, -7.5, -0.5, -7.5, -0.5, -7.5, 0.0, -7.0, 0.0, -7.0, 0.0, -7.5, 0.0, -7.5, 0.0, -7.5, 0.0, -7.5, -0.5, -7.0, -0.5, -7.0, -0.5, -6.5, -0.5, -6.5, -1.0, -6.0, -1.0, -6.0, -1.0, -5.5, -0.5, -5.5, -1.0, -5.5, -1.0, -2.0, 0.0, 0.0, 0.0, 0.0, 0.0, 0.0, 0.0, 0.0, 0.0, 0.0, 0.0, 0.0, 0.0, 0.0, 0.0, 0.0, 0.0, 0.0, 0.0, -2.0, 0.0, -6.5, -0.5, -6.5, -1.0, -7.0, -1.5, -6.5, -1.0, -7.0, -1.5, -7.5, -1.5, -7.0, -2.0, -7.5, -2.0, -7.0, -2.0, -7.0, -2.0, -7.0, -1.5, -7.0, -1.5, -7.0, -1.5, -7.0, -2.5, -7.0, -2.5, -7.0, -2.0, -7.0, -2.0, -7.0, -2.0, -7.0, -1.5, -7.0, -1.5, -7.5, -2.0, -7.5, -1.5, -7.5, -1.0, -8.0, -1.0, -8.0, -1.0, -8.0, -3.5, -11.0, -10.0, -32.5, -10.0, -32.5, -9.5, -32.0, -9.5, -31.0, -9.0, -30.5, -8.5, -30.0, -8.5, -30.0, -8.5, -29.5, -8.5, -29.0, -9.0, -29.5, -9.5, -30.0, -9.5, -30.0, -9.5, -29.5, -9.0, -29.5, -9.0, -29.5, -9.0, -29.0, -8.5, -28.5, -8.5, -27.5, -8.5, -27.0, -8.0, -26.0, -7.5, -25.5, -7.5, -24.0, -7.0, -23.0, -7.0, -22.5, -6.5, -21.5, -6.5, -20.0, -5.5, -19.5, -5.0, -18.5, -1.5, -3.5, -1.0, -1.5, -1.0, -1.0, -1.0, -1.0, -1.0, -0.5, -1.0, -2.0, -2.0, -5.5, -8.0, -28.5, -8.0, -28.5, -8.0, -26.5, -8.0, -27.0, -8.0, -27.0, -8.0, -27.0, -8.0, -27.5, -7.5, -28.0, -7.5, -28.0, -7.5, -27.5, -8.0, -27.5, -8.0, -27.5, -8.0, -28.0, -8.0, -28.5, -8.5, -28.5, -7.5, -28.0, -8.0, -28.0, -7.5, -28.0, -8.0, -27.5, -7.5, -27.5, -7.5, -28.0, -7.5, -28.0, -7.5, -29.0, -8.5, -30.5, -8.5, -31.0, -9.0, -32.0, -9.5, -32.5, -9.5, -33.0]",16.635359,13.700093,91.760558
1,1,5c:01:3b:6b:b0:95,-46,256,"[86.0, -32.0, 4.0, 0.0, 0.6667, -5.0, 0.6667, -5.0, 0.6667, -4.6667, 1.3333, -5.0, 1.3333, -4.6667, 1.3333, -4.3333, 1.3333, -4.3333, 2.0, -4.3333, 2.3333, -4.0, 2.3333, -4.0, 3.0, -3.6667, 3.0, -3.6667, 3.0, -4.0, 3.0, -4.0, 3.0, -3.6667, 3.0, -3.6667, 2.3333, -3.6667, 2.0, -3.6667, 2.0, -3.6667, 1.6667, -3.6667, 1.0, -3.3333, 1.0, -3.6667, 0.6667, -3.3333, 1.0, -3.3333, 0.3333, -3.3333, -0.6667, -1.3333, 0.0, 0.0, 0.0, 0.0, 0.0, 0.0, 0.0, 0.0, 0.0, 0.0, 0.0, 0.0, 0.0, 0.0, 0.0, 0.0, 0.0, 0.0, 0.6667, -1.3333, 2.6667, -3.3333, 2.0, -3.6667, 1.3333, -4.3333, 0.6667, -4.0, 1.0, -4.3333, 0.3333, -4.6667, 0.0, -4.6667, -0.6667, -5.0, -1.0, -4.3333, -1.0, -4.0, -1.0, -4.0, -0.6667, -4.0, -0.6667, -4.0, -0.6667, -4.0, -1.6667, -4.0, -1.6667, -4.0, -1.0, -4.3333, -1.0, -4.3333, -0.6667, -4.3333, 0.0, -4.3333, 0.0, -5.0, -0.3333, -5.0, 0.3333, -5.0, 1.0, -5.0, 1.0, -5.0, 1.0, -5.3333, -2.3333, -6.6667, -5.6667, -18.6667, -5.6667, -19.0, -5.3333, -18.6667, -5.3333, -18.0, -4.6667, -17.6667, -4.0, -17.0, -3.6667, -17.0, -3.3333, -16.0, -3.0, -15.3333, -2.6667, -15.3333, -2.6667, -15.0, -2.3333, -15.0, -2.0, -14.3333, -1.6667, -14.3333, -1.6667, -14.3333, -2.0, -14.0, -1.6667, -14.0, -2.0, -13.6667, -2.3333, -13.6667, -2.6667, -13.3333, -2.6667, -13.3333, -3.0, -12.6667, -2.6667, -12.3333, -3.0, -12.3333, -3.0, -12.0, -3.6667, -11.6667, -5.0, -11.3333, -5.3333, -11.0, -1.6667, -2.3333, -1.0, -1.0, -1.0, -1.0, -1.0, -1.0, -1.0, -0.6667, -0.6667, -1.0, -0.6667, -2.6667, -1.0, -12.6667, -2.0, -13.3333, -1.6667, -13.3333, -2.6667, -14.6667, -3.3333, -15.3333, -4.0, -16.0, -4.6667, -16.6667, -5.0, -17.3333, -5.3333, -18.0, -6.0, -17.6667, -6.6667, -17.3333, -6.6667, -17.0, -6.6667, -17.3333, -6.6667, -17.6667, -7.3333, -17.6667, -6.6667, -17.0, -7.3333, -17.0, -6.6667, -17.3333, -7.0, -17.0, -6.3333, -17.3333, -6.0, -17.6667, -5.6667, -18.0, -5.3333, -18.6667, -5.6667, -19.0, -5.0, -19.0, -5.0, -19.3333, -5.0, -19.6667, -5.0, -20.0]",9.93602,9.913706,91.760558
2,2,5c:01:3b:6b:b0:95,-44,256,"[86.0, -32.0, 4.0, 0.0, 7.6667, -0.3333, 7.3333, -0.3333, 7.3333, -0.3333, 8.0, -1.0, 8.0, -0.6667, 7.6667, -0.6667, 7.6667, -0.6667, 8.0, -1.3333, 8.6667, -1.0, 8.6667, -1.0, 9.3333, -1.0, 9.0, -1.0, 9.0, -1.6667, 9.0, -1.6667, 9.3333, -1.3333, 9.3333, -1.3333, 8.3333, -1.0, 7.6667, -1.0, 7.6667, -1.3333, 6.6667, -1.3333, 6.0, -0.6667, 6.0, -1.0, 5.3333, -0.3333, 5.0, -0.3333, 4.3333, -0.3333, 0.3333, -0.6667, 0.0, 0.0, 0.0, 0.0, 0.0, 0.0, 0.0, 0.0, 0.0, 0.0, 0.0, 0.0, 0.0, 0.0, 0.0, 0.0, 0.0, 0.0, 2.0, -0.6667, 8.3333, -1.0, 8.0, -0.6667, 7.3333, -1.0, 7.0, -0.3333, 7.0, -0.3333, 6.3333, -0.3333, 5.6667, 0.0, 5.3333, 0.0, 4.6667, 0.3333, 4.6667, 1.0, 4.6667, 1.0, 4.6667, 0.6667, 4.6667, 0.6667, 4.6667, 0.6667, 4.0, 0.6667, 4.0, 1.0, 4.6667, 0.3333, 4.3333, 0.3333, 5.0, 0.6667, 6.0, 0.6667, 6.0, 0.0, 6.0, 0.0, 6.6667, 0.0, 7.3333, 0.3333, 7.6667, 0.3333, 7.6667, 0.0, 2.6667, -0.6667, 12.0, 0.3333, 11.6667, 0.0, 11.3333, 0.0, 11.0, 0.0, 11.3333, -0.6667, 11.3333, -0.3333, 11.6667, -1.6667, 11.6667, -1.6667, 12.0, -2.6667, 12.6667, -3.6667, 13.0, -4.3333, 13.3333, -5.0, 13.6667, -4.6667, 13.6667, -4.6667, 13.3333, -4.6667, 12.6667, -4.6667, 12.6667, -4.3333, 12.3333, -4.0, 11.6667, -3.6667, 10.3333, -3.3333, 9.6667, -3.0, 9.0, -2.0, 9.0, -1.6667, 8.3333, -2.0, 7.6667, -1.6667, 6.6667, -1.0, 2.0, 0.3333, 1.3333, 1.3333, -0.3333, 0.0, -0.6667, -0.3333, -1.0, -1.0, -1.0, -0.3333, -1.0, -0.3333, 0.0, -1.0, 1.3333, -1.6667, 10.6667, -6.3333, 9.3333, -5.6667, 13.3333, -3.0, 12.0, -2.6667, 11.6667, -1.3333, 11.0, -0.6667, 10.3333, -0.3333, 9.6667, 0.0, 9.6667, 0.6667, 9.0, 1.6667, 8.6667, 1.6667, 9.0, 2.3333, 9.3333, 2.0, 9.3333, 1.6667, 8.6667, 1.6667, 8.6667, 2.0, 7.6667, 2.0, 8.3333, 1.6667, 8.0, 2.0, 8.3333, 1.6667, 9.0, 2.3333, 9.3333, 2.0, 10.0, 1.3333, 10.3333, 0.6667, 11.6667, 0.3333, 12.3333, -0.6667, 13.3333, -0.6667, 13.3333, -0.6667]",8.210484,8.394221,91.760558
3,3,5c:01:3b:6b:b0:95,-44,256,"[86.0, -32.0, 4.0, 0.0, 12.3333, -0.3333, 11.6667, -0.3333, 11.6667, -0.6667, 11.6667, -1.0, 11.3333, -1.0, 10.6667, -1.0, 10.3333, -1.3333, 10.0, -2.0, 10.0, -1.6667, 10.0, -2.0, 10.3333, -2.0, 9.6667, -2.0, 9.6667, -2.6667, 9.6667, -2.6667, 10.0, -2.3333, 10.0, -2.0, 9.3333, -2.0, 9.0, -2.0, 8.6667, -2.0, 8.0, -2.0, 7.6667, -1.3333, 8.0, -1.3333, 7.6667, -1.0, 7.0, -1.0, 6.6667, -0.6667, 1.0, -0.6667, 0.0, 0.0, 0.0, 0.0, 0.0, 0.0, 0.0, 0.0, 0.0, 0.0, 0.0, 0.0, 0.0, 0.0, 0.0, 0.0, 0.0, 0.0, 2.3333, -1.0, 9.6667, -1.3333, 10.0, -1.0, 10.0, -1.0, 10.3333, -0.3333, 10.6667, -0.3333, 10.6667, 0.0, 10.6667, 0.0, 11.0, 0.0, 11.0, -0.3333, 11.0, 0.0, 11.3333, 0.0, 11.6667, -0.6667, 11.3333, -0.6667, 11.3333, -0.6667, 11.0, -0.6667, 10.6667, 0.0, 11.0, -0.3333, 10.6667, -0.3333, 11.0, 0.3333, 11.6667, 0.3333, 11.3333, 0.0, 11.3333, 0.0, 11.6667, 0.0, 12.3333, 0.3333, 12.6667, 0.0, 12.6667, -0.3333, 5.3333, 0.6667, 21.0, 3.6667, 20.3333, 3.6667, 19.6667, 3.3333, 19.0, 3.3333, 18.6667, 2.6667, 17.6667, 2.3333, 17.3333, 1.3333, 16.3333, 1.3333, 16.0, 0.3333, 15.3333, -0.3333, 15.0, -1.0, 14.6667, -1.6667, 14.3333, -1.3333, 14.3333, -1.3333, 13.6667, -1.3333, 13.3333, -1.3333, 13.3333, -1.3333, 13.6667, -1.0, 13.3333, -1.0, 12.6667, -0.6667, 12.3333, -0.3333, 12.0, 0.3333, 12.0, 0.3333, 11.6667, 0.3333, 11.3333, 0.6667, 11.3333, 1.0, 8.0, 2.6667, 7.3333, 2.6667, 0.6667, 0.0, -0.3333, -0.6667, -1.0, -1.0, -1.0, -0.3333, -1.0, -0.6667, 0.0, -0.6667, 0.6667, -0.6667, 8.3333, -0.3333, 8.6667, 0.3333, 15.6667, 0.3333, 16.0, 0.6667, 17.3333, 2.0, 18.0, 2.6667, 18.6667, 2.3333, 19.3333, 2.0, 20.3333, 1.3333, 21.0, 1.3333, 21.3333, 0.3333, 22.0, 0.6667, 22.6667, 0.0, 22.6667, -0.6667, 22.3333, -0.6667, 22.3333, -1.0, 21.3333, -1.0, 21.6667, -0.6667, 21.0, 0.0, 20.6667, 0.3333, 21.0, 1.6667, 20.6667, 2.0, 21.0, 1.6667, 20.6667, 2.3333, 21.3333, 2.6667, 21.6667, 2.6667, 22.6667, 2.6667, 22.6667, 2.6667]",12.569134,9.512895,91.760558
4,4,5c:01:3b:6b:b0:95,-48,256,"[86.0, -32.0, 4.0, 0.0, 17.0, -6.0, 16.0, -6.0, 16.0, -6.0, 15.3333, -6.0, 14.6667, -6.3333, 13.6667, -6.0, 13.0, -6.0, 12.0, -6.3333, 11.3333, -6.3333, 11.3333, -6.3333, 11.3333, -6.0, 10.3333, -6.0, 10.3333, -6.6667, 10.3333, -6.6667, 10.6667, -6.3333, 10.6667, -6.3333, 10.3333, -6.0, 10.3333, -6.0, 9.6667, -5.6667, 9.3333, -5.6667, 9.3333, -5.0, 10.0, -4.3333, 10.0, -4.0, 9.0, -4.3333, 9.0, -4.0, 1.6667, -1.6667, 0.0, 0.0, 0.0, 0.0, 0.0, 0.0, 0.0, 0.0, 0.0, 0.0, 0.0, 0.0, 0.0, 0.0, 0.0, 0.0, 0.0, 0.0, 2.6667, -2.0, 11.0, -6.0, 12.0, -5.6667, 12.6667, -5.6667, 13.6667, -5.3333, 14.3333, -5.3333, 15.0, -5.0, 15.6667, -4.6667, 16.6667, -4.3333, 17.3333, -5.0, 17.3333, -4.6667, 18.0, -4.6667, 18.6667, -5.3333, 18.0, -5.3333, 18.0, -5.0, 18.0, -5.0, 17.3333, -4.6667, 17.3333, -4.6667, 17.0, -5.0, 17.0, -4.3333, 17.3333, -4.6667, 16.6667, -4.6667, 16.6667, -5.0, 16.6667, -5.0, 17.3333, -5.3333, 17.6667, -5.6667, 17.6667, -6.0, 8.0, -4.0, 30.0, -11.0, 29.0, -10.6667, 28.0, -11.0, 27.0, -10.3333, 26.0, -10.6667, 24.0, -11.0, 23.0, -11.3333, 21.0, -11.6667, 20.0, -12.3333, 18.0, -12.6667, 17.0, -13.3333, 16.0, -13.6667, 15.0, -13.3333, 15.0, -13.3333, 14.0, -13.3333, 14.0, -13.0, 14.0, -12.6667, 15.0, -12.0, 15.0, -11.6667, 15.0, -11.3333, 15.0, -10.6667, 15.0, -9.3333, 15.0, -9.0, 15.0, -8.6667, 15.0, -8.0, 16.0, -7.0, 14.0, -6.3333, 14.0, -6.3333, 2.0, -1.6667, 0.0, -1.3333, -1.0, -0.6667, -1.0, 0.0, -1.0, -0.3333, 0.0, -1.3333, 0.0, -3.0, 6.0, -13.6667, 8.0, -13.0, 18.0, -12.0, 20.0, -11.3333, 23.0, -10.3333, 25.0, -9.6667, 27.0, -10.0, 29.0, -9.6667, 31.0, -9.6667, 33.0, -9.3333, 34.0, -10.6667, 35.0, -10.3333, 36.0, -11.0, 36.0, -11.6667, 36.0, -11.3333, 36.0, -12.0, 35.0, -12.3333, 35.0, -11.6667, 34.0, -11.3333, 33.0, -10.6667, 33.0, -9.6667, 32.0, -9.3333, 32.0, -10.0, 31.0, -10.3333, 31.0, -10.6667, 31.0, -11.0, 32.0, -11.3333, 32.0, -11.3333]",18.643484,12.229838,91.760558
5,5,5c:01:3b:6b:b0:95,-47,256,"[86.0, -32.0, 4.0, 0.0, 6.0, -6.0, 5.3333, -6.0, 5.6667, -6.3333, 5.0, -6.0, 4.3333, -6.6667, 3.6667, -6.3333, 3.0, -6.6667, 2.6667, -7.0, 2.0, -7.0, 1.6667, -7.3333, 1.6667, -7.0, 1.0, -7.0, 1.0, -7.6667, 1.3333, -7.6667, 1.3333, -7.3333, 1.3333, -7.0, 1.3333, -7.0, 1.6667, -7.0, 1.3333, -6.3333, 1.3333, -6.3333, 1.6667, -5.6667, 2.6667, -4.6667, 2.6667, -4.6667, 2.3333, -5.0, 2.6667, -4.3333, 0.3333, -1.6667, 0.0, 0.0, 0.0, 0.0, 0.0, 0.0, 0.0, 0.0, 0.0, 0.0, 0.0, 0.0, 0.0, 0.0, 0.0, 0.0, 0.0, 0.0, 0.3333, -2.3333, 2.3333, -6.3333, 3.0, -6.0, 3.6667, -5.6667, 4.3333, -5.3333, 5.0, -5.3333, 6.0, -4.6667, 6.6667, -4.6667, 7.6667, -4.6667, 8.3333, -5.3333, 8.3333, -5.3333, 9.0, -5.3333, 9.6667, -5.6667, 9.0, -6.0, 9.0, -5.6667, 9.0, -5.6667, 8.3333, -5.3333, 8.0, -5.0, 8.0, -5.3333, 8.0, -4.6667, 7.6667, -5.0, 6.6667, -4.6667, 6.6667, -5.0, 6.6667, -5.0, 7.0, -5.3333, 6.6667, -6.0, 6.6667, -6.3333, 1.6667, -4.0, 8.6667, -11.3333, 8.0, -11.0, 7.6667, -11.3333, 7.3333, -10.3333, 7.0, -10.3333, 5.6667, -10.3333, 5.0, -9.6667, 3.6667, -9.0, 2.6667, -9.3333, 1.3333, -9.3333, 0.3333, -10.0, -0.6667, -10.3333, -1.3333, -10.0, -1.3333, -10.0, -1.6667, -10.0, -1.6667, -9.6667, -1.3333, -9.6667, -0.6667, -9.0, 0.0, -9.0, 0.3333, -8.6667, 0.6667, -8.0, 1.3333, -7.0, 1.6667, -7.0, 2.0, -6.3333, 2.6667, -6.3333, 3.6667, -6.3333, 4.0, -8.6667, 4.3333, -9.6667, 0.3333, -2.3333, -0.3333, -1.3333, -0.6667, -0.3333, -0.6667, 0.0, -0.6667, -0.3333, -0.6667, -1.0, -2.0, -2.0, -6.0, -7.6667, -4.3333, -7.0, 2.0, -8.6667, 3.6667, -8.3333, 6.0, -9.3333, 7.6667, -10.0, 9.0, -11.0, 10.6667, -11.6667, 12.3333, -13.0, 13.6667, -13.3333, 14.6667, -14.3333, 15.3333, -14.3333, 16.0, -14.6667, 16.0, -15.0, 16.0, -15.0, 16.3333, -15.6667, 15.6667, -16.0, 15.3333, -15.3333, 14.6667, -15.3333, 13.6667, -14.6667, 13.6667, -14.0, 12.6667, -13.6667, 12.3333, -13.3333, 11.0, -12.6667, 10.6667, -12.0, 10.0, -11.6667, 10.3333, -11.6667, 10.0, -11.3333]",9.983619,9.130331,91.760558
6,6,5c:01:3b:6b:b0:95,-48,256,"[86.0, -32.0, 4.0, 0.0, -7.0, -7.6667, -7.3333, -7.6667, -6.6667, -7.6667, -7.0, -7.6667, -7.3333, -8.0, -7.6667, -7.6667, -8.0, -8.0, -7.6667, -8.3333, -8.0, -8.3333, -8.6667, -8.6667, -8.6667, -8.0, -9.0, -8.0, -9.0, -8.3333, -8.3333, -8.3333, -8.3333, -7.6667, -8.3333, -8.0, -8.3333, -8.0, -7.6667, -8.0, -7.3333, -7.3333, -7.3333, -7.3333, -6.6667, -6.6667, -5.6667, -5.6667, -5.6667, -5.6667, -5.3333, -6.0, -4.6667, -5.3333, -1.3333, -2.0, 0.0, 0.0, 0.0, 0.0, 0.0, 0.0, 0.0, 0.0, 0.0, 0.0, 0.0, 0.0, 0.0, 0.0, 0.0, 0.0, 0.0, 0.0, -2.3333, -2.3333, -7.3333, -7.6667, -7.0, -7.3333, -6.6667, -7.0, -6.3333, -6.6667, -6.0, -6.6667, -5.0, -6.0, -4.6667, -5.6667, -3.6667, -5.6667, -3.3333, -5.6667, -3.3333, -6.0, -3.0, -6.0, -2.6667, -6.0, -3.0, -6.6667, -3.0, -6.3333, -3.0, -6.3333, -3.3333, -6.0, -4.0, -5.3333, -4.0, -5.6667, -4.0, -5.3333, -4.6667, -6.0, -5.6667, -6.0, -5.6667, -6.3333, -5.6667, -6.6667, -6.0, -7.0, -6.6667, -7.6667, -6.6667, -8.0, -4.6667, -5.3333, -12.6667, -15.0, -13.0, -15.0, -12.6667, -15.0, -12.3333, -13.6667, -12.0, -13.6667, -12.6667, -13.3333, -13.0, -12.3333, -13.6667, -12.0, -14.6667, -12.0, -15.3333, -12.3333, -16.3333, -12.6667, -17.3333, -13.0, -17.6667, -12.6667, -17.6667, -12.6667, -17.3333, -12.6667, -17.3333, -12.3333, -16.6667, -12.0, -16.3333, -11.6667, -15.0, -11.3333, -14.3333, -11.0, -13.6667, -10.3333, -12.3333, -9.3333, -11.6667, -9.0, -11.0, -8.3333, -9.6667, -8.3333, -8.6667, -8.3333, -6.0, -13.3333, -5.3333, -14.3333, -1.3333, -3.0, -0.6667, -1.3333, -0.3333, 0.0, -0.3333, 0.0, -0.3333, 0.0, -1.3333, -1.0, -4.0, -2.6667, -18.0, -11.0, -16.6667, -10.3333, -14.0, -11.3333, -12.6667, -11.0, -11.0, -12.3333, -9.6667, -13.6667, -9.0, -14.6667, -7.6667, -15.6667, -6.3333, -17.0, -5.6667, -17.3333, -4.6667, -18.0, -4.3333, -18.3333, -4.0, -18.3333, -4.0, -18.3333, -4.0, -18.6667, -3.3333, -19.3333, -3.6667, -19.6667, -4.3333, -19.0, -4.6667, -19.3333, -5.6667, -18.6667, -5.6667, -18.3333, -6.6667, -18.0, -7.3333, -17.0, -9.0, -16.6667, -9.6667, -15.6667, -11.0, -15.6667, -11.3333, -15.3333, -12.0, -14.6667]",12.720201,9.580904,91.760558
7,7,5c:01:3b:6b:b0:95,-47,256,"[86.0, -32.0, 4.0, 0.0, -20.0, -1.6667, -19.6667, -1.6667, -18.6667, -1.6667, -18.3333, -2.0, -18.3333, -2.3333, -18.0, -2.0, -17.6667, -2.6667, -16.6667, -3.0, -16.3333, -3.0, -17.0, -3.3333, -16.6667, -3.0, -16.6667, -3.0, -16.6667, -3.0, -15.6667, -3.0, -15.6667, -2.6667, -15.6667, -2.6667, -15.6667, -3.0, -15.0, -3.0, -14.3333, -2.6667, -14.3333, -2.6667, -13.6667, -2.3333, -13.0, -2.0, -13.0, -2.0, -12.3333, -2.0, -11.6667, -1.6667, -3.0, -1.0, 0.0, 0.0, 0.0, 0.0, 0.0, 0.0, 0.0, 0.0, 0.0, 0.0, 0.0, 0.0, 0.0, 0.0, 0.0, 0.0, 0.0, 0.0, -4.3333, -1.0, -15.3333, -2.3333, -15.6667, -2.0, -16.0, -2.0, -16.6667, -1.6667, -17.0, -1.6667, -16.6667, -1.3333, -17.0, -1.0, -16.6667, -1.6667, -17.0, -2.0, -17.3333, -2.3333, -17.3333, -2.3333, -17.6667, -2.3333, -17.3333, -2.6667, -17.3333, -2.6667, -17.3333, -3.0, -17.3333, -2.3333, -17.6667, -2.0, -17.6667, -2.0, -17.3333, -1.3333, -18.0, -1.6667, -18.6667, -1.3333, -18.6667, -1.3333, -18.6667, -1.3333, -19.3333, -1.3333, -20.0, -1.6667, -20.3333, -1.6667, -11.3333, -1.6667, -35.6667, -4.6667, -35.6667, -4.6667, -34.6667, -4.6667, -33.6667, -4.0, -32.3333, -4.3333, -32.0, -4.0, -31.3333, -3.3333, -30.6667, -2.6667, -30.6667, -3.0, -30.3333, -3.3333, -30.6667, -4.0, -30.6667, -4.3333, -30.6667, -4.3333, -30.6667, -4.3333, -29.6667, -4.0, -29.6667, -4.3333, -29.0, -4.0, -29.0, -3.6667, -27.6667, -3.6667, -27.0, -3.3333, -26.3333, -3.0, -25.0, -2.6667, -24.0, -2.3333, -23.3333, -2.0, -22.0, -2.3333, -21.3333, -2.6667, -18.3333, -5.0, -17.6667, -5.3333, -3.6667, -1.3333, -1.3333, -0.6667, 0.0, -0.3333, 0.0, -0.3333, 0.0, 0.0, -1.6667, -0.6667, -5.0, -1.3333, -26.3333, -2.6667, -26.3333, -2.3333, -28.3333, -2.3333, -28.6667, -2.3333, -29.0, -3.6667, -29.0, -4.3333, -29.6667, -4.3333, -29.6667, -5.0, -29.6667, -6.0, -30.3333, -6.0, -30.0, -6.3333, -30.0, -7.0, -30.3333, -7.0, -30.6667, -7.0, -30.3333, -7.3333, -29.6667, -8.0, -30.0, -8.0, -30.3333, -7.3333, -30.0, -7.3333, -30.3333, -7.3333, -30.3333, -7.0, -30.6667, -6.6667, -31.3333, -5.6667, -32.6667, -5.3333, -33.0, -4.6667, -34.3333, -5.0, -35.3333, -4.3333, -36.0, -4.0]",20.835082,12.116122,91.760558
8,8,5c:01:3b:6b:b0:95,-47,256,"[86.0, -32.0, 4.0, 0.0, -9.3333, -3.3333, -9.0, -3.3333, -8.6667, -3.0, -8.3333, -3.6667, -8.6667, -3.6667, -8.3333, -3.3333, -8.3333, -4.0, -7.6667, -4.3333, -7.6667, -4.3333, -8.0, -4.6667, -7.6667, -4.3333, -7.6667, -4.3333, -7.6667, -4.0, -7.3333, -4.0, -7.0, -3.6667, -7.0, -3.6667, -7.3333, -4.0, -7.0, -4.0, -6.6667, -3.6667, -6.6667, -3.6667, -6.3333, -3.3333, -6.0, -3.0, -6.0, -3.0, -5.6667, -3.0, -5.6667, -2.6667, -1.6667, -1.3333, 0.0, 0.0, 0.0, 0.0, 0.0, 0.0, 0.0, 0.0, 0.0, 0.0, 0.0, 0.0, 0.0, 0.0, 0.0, 0.0, 0.0, 0.0, -2.3333, -1.0, -7.0, -3.6667, -7.3333, -3.3333, -7.3333, -3.3333, -7.6667, -3.0, -8.0, -3.0, -7.6667, -2.6667, -8.0, -2.0, -7.6667, -2.3333, -8.0, -2.0, -8.3333, -1.6667, -8.0, -1.6667, -8.3333, -1.6667, -8.0, -1.3333, -8.0, -1.3333, -8.0, -2.0, -8.0, -1.6667, -8.3333, -2.0, -8.3333, -2.0, -8.0, -1.6667, -8.3333, -2.3333, -8.6667, -2.6667, -8.6667, -2.6667, -8.6667, -3.0, -9.0, -3.0, -9.3333, -3.3333, -9.6667, -3.3333, -3.0, -1.3333, -8.6667, -4.3333, -8.6667, -4.3333, -8.3333, -4.3333, -8.3333, -4.0, -7.6667, -4.6667, -7.6667, -5.0, -7.6667, -4.6667, -7.3333, -5.3333, -7.3333, -5.6667, -7.3333, -6.3333, -7.6667, -6.6667, -7.3333, -7.0, -7.3333, -7.0, -7.3333, -7.0, -7.0, -6.6667, -7.0, -7.0, -7.0, -6.3333, -7.0, -6.3333, -6.6667, -6.0, -6.6667, -5.6667, -6.6667, -5.3333, -6.6667, -5.0, -6.3333, -4.3333, -6.3333, -4.0, -6.0, -3.6667, -6.0, -3.3333, -4.3333, -1.0, -4.3333, -0.6667, -1.3333, -0.6667, -0.6667, -0.3333, -0.3333, -0.6667, -0.6667, -0.3333, -0.3333, 0.0, -0.6667, -0.6667, -1.3333, -2.0, -5.3333, -6.0, -5.3333, -5.6667, -6.6667, -5.0, -7.0, -4.6667, -7.0, -4.3333, -7.0, -3.6667, -7.3333, -2.6667, -7.0, -2.0, -7.0, -2.0, -7.3333, -1.0, -7.3333, -0.6667, -7.3333, -1.0, -7.3333, -1.0, -7.6667, -1.0, -7.3333, -0.6667, -7.0, -1.0, -7.3333, -1.0, -7.3333, -0.6667, -7.3333, -0.6667, -7.3333, -1.6667, -7.3333, -2.0, -7.0, -2.3333, -7.3333, -2.3333, -8.0, -2.6667, -8.0, -3.3333, -8.3333, -4.0, -8.3333, -3.6667, -8.6667, -4.0]",7.856043,7.987216,91.760558
9,9,5c:01:3b:6b:b0:95,-43,256,"[86.0, -32.0, 4.0, 0.0, -2.0, 3.0, -1.3333, 2.6667, -1.3333, 3.0, -1.0, 2.6667, -1.3333, 2.3333, -1.0, 2.6667, -1.0, 2.3333, -0.3333, 2.0, -0.3333, 2.0, -0.3333, 2.0, 0.0, 1.6667, 0.0, 1.6667, 0.0, 2.0, 0.3333, 2.0, 0.6667, 2.0, 0.6667, 2.3333, 0.0, 2.0, 0.0, 2.0, 0.0, 2.0, -0.3333, 1.6667, -0.3333, 1.6667, -0.6667, 1.6667, -0.6667, 1.6667, -0.6667, 1.6667, -1.3333, 1.3333, -0.6667, -0.3333, 0.0, 0.0, 0.0, 0.0, 0.0, 0.0, 0.0, 0.0, 0.0, 0.0, 0.0, 0.0, 0.0, 0.0, 0.0, 0.0, 0.0, 0.0, -0.6667, 0.3333, -0.3333, 2.0, -1.0, 2.0, -1.0, 2.0, -1.3333, 2.0, -2.0, 2.3333, -2.0, 2.3333, -2.6667, 3.0, -2.6667, 2.6667, -3.0, 2.6667, -3.6667, 3.3333, -3.3333, 3.6667, -4.0, 3.6667, -3.3333, 4.0, -3.3333, 4.0, -3.3333, 3.3333, -3.3333, 3.3333, -3.3333, 2.6667, -3.0, 2.6667, -2.6667, 3.0, -2.3333, 2.6667, -2.3333, 2.6667, -2.3333, 2.6667, -2.3333, 3.0, -2.3333, 3.0, -2.0, 3.0, -2.3333, 3.0, 0.3333, 2.6667, 3.0, 8.6667, 3.0, 8.3333, 3.0, 8.0, 3.0, 8.0, 3.6667, 7.6667, 4.0, 7.6667, 4.3333, 7.6667, 5.0, 7.6667, 5.6667, 8.0, 6.0, 8.0, 6.3333, 8.3333, 7.3333, 8.3333, 7.6667, 8.6667, 7.6667, 8.6667, 8.0, 8.6667, 7.6667, 8.3333, 7.3333, 8.3333, 7.0, 8.0, 6.3333, 7.6667, 5.6667, 7.0, 5.0, 6.6667, 4.0, 6.0, 3.6667, 5.6667, 3.0, 5.3333, 2.0, 5.0, 1.3333, 4.3333, -1.3333, 7.6667, -2.0, 7.6667, -1.0, 0.6667, -0.6667, 0.0, -0.6667, -1.0, -1.0, -1.0, -0.6667, -0.3333, 0.0, 0.0, 1.0, 1.0, 6.6667, 8.6667, 6.0, 7.6667, 5.3333, 8.0, 3.6667, 7.3333, 2.6667, 7.0, 1.6667, 7.3333, 1.0, 8.6667, 0.3333, 9.6667, -0.6667, 10.0, -1.3333, 11.0, -2.0, 11.3333, -2.3333, 11.3333, -2.6667, 11.6667, -3.3333, 11.6667, -3.0, 12.0, -3.0, 12.0, -3.3333, 12.0, -3.0, 11.6667, -2.3333, 12.0, -1.6667, 10.6667, -1.3333, 10.6667, -0.3333, 10.3333, 0.0, 10.0, 0.3333, 10.0, 1.3333, 9.0, 2.0, 8.6667, 2.6667, 9.0, 2.6667, 8.6667]",6.285399,8.555873,91.760558
10,10,5c:01:3b:6b:b0:95,-44,256,"[86.0, -32.0, 4.0, 0.0, 5.3333, -0.6667, 6.0, -1.0, 5.6667, -1.0, 5.6667, -1.3333, 5.3333, -1.6667, 5.3333, -1.6667, 5.0, -2.0, 5.6667, -2.6667, 5.3333, -3.0, 5.3333, -3.3333, 5.3333, -3.6667, 5.3333, -3.6667, 5.3333, -3.6667, 5.6667, -3.6667, 6.0, -3.6667, 6.0, -3.0, 5.0, -3.0, 5.0, -3.0, 5.0, -2.3333, 4.3333, -2.6667, 4.3333, -2.0, 3.6667, -1.6667, 3.6667, -1.3333, 3.6667, -1.3333, 2.6667, -1.3333, 0.3333, -1.0, 0.0, 0.0, 0.0, 0.0, 0.0, 0.0, 0.0, 0.0, 0.0, 0.0, 0.0, 0.0, 0.0, 0.0, 0.0, 0.0, 0.0, 0.0, 0.3333, -1.0, 4.6667, -2.6667, 4.0, -2.0, 4.3333, -1.3333, 4.6667, -1.0, 4.0, -0.6667, 4.3333, 0.0, 3.6667, 0.6667, 4.0, 0.6667, 4.0, 1.0, 3.3333, 1.3333, 3.6667, 1.6667, 3.3333, 1.6667, 3.6667, 2.0, 3.6667, 2.0, 3.6667, 1.6667, 3.6667, 1.6667, 3.3333, 1.3333, 4.0, 1.0, 4.0, 1.0, 4.6667, 0.6667, 4.6667, 0.0, 4.6667, 0.0, 4.6667, 0.0, 4.6667, 0.0, 5.3333, -0.6667, 5.3333, -0.6667, 4.0, 1.0, 16.3333, 3.0, 16.3333, 3.0, 16.0, 2.6667, 16.0, 2.6667, 16.3333, 2.3333, 16.6667, 2.0, 16.6667, 1.3333, 17.0, 0.0, 17.3333, -0.3333, 17.6667, -1.3333, 18.0, -2.0, 18.6667, -2.3333, 19.3333, -2.3333, 19.3333, -2.0, 19.6667, -2.3333, 19.0, -2.0, 18.6667, -1.6667, 18.0, -1.6667, 17.0, -1.6667, 16.0, -1.3333, 15.0, -0.6667, 13.6667, -0.3333, 12.6667, -0.3333, 11.6667, 0.0, 10.0, 0.6667, 9.0, 1.0, 7.6667, 5.6667, 7.3333, 6.0, 1.0, 0.6667, 0.0, 0.0, -1.0, -1.0, -1.3333, -0.6667, -1.0, -0.3333, 0.3333, -0.6667, 2.3333, -0.6667, 15.0, -0.3333, 14.6667, 0.6667, 15.6667, -1.0, 14.0, 0.0, 13.3333, 1.6667, 12.3333, 2.3333, 12.0, 3.6667, 12.0, 4.6667, 12.3333, 5.0, 13.0, 5.6667, 13.0, 6.0, 12.6667, 6.0, 13.0, 6.3333, 12.6667, 6.3333, 12.6667, 6.3333, 13.0, 6.6667, 13.0, 7.0, 12.6667, 6.3333, 13.0, 6.6667, 13.0, 5.6667, 13.3333, 5.6667, 13.6667, 5.3333, 13.6667, 4.6667, 13.3333, 4.3333, 13.6667, 3.6667, 14.6667, 3.0, 16.0, 3.0, 16.0, 2.6667]",9.437545,9.457944,91.760558
11,11,5c:01:3b:6b:b0:95,-41,256,"[86.0, -32.0, 4.0, 0.0, 0.3333, 2.0, 0.6667, 1.3333, 0.6667, 1.6667, 0.6667, 1.6667, 0.6667, 1.3333, 0.6667, 1.6667, 0.6667, 1.6667, 1.3333, 1.3333, 1.0, 1.0, 1.0, 1.3333, 1.0, 1.0, 0.6667, 1.0, 0.6667, 1.0, 1.3333, 1.0, 1.3333, 1.0, 1.6667, 1.3333, 1.0, 1.3333, 1.0, 1.0, 1.3333, 1.3333, 0.6667, 1.0, 0.6667, 1.0, 0.3333, 1.0, 0.3333, 1.0, 0.3333, 1.0, 0.0, 0.6667, -0.3333, -0.3333, 0.0, 0.0, 0.0, 0.0, 0.0, 0.0, 0.0, 0.0, 0.0, 0.0, 0.0, 0.0, 0.0, 0.0, 0.0, 0.0, 0.0, 0.0, -0.3333, -0.3333, 0.6667, 1.0, 0.0, 1.3333, 0.0, 1.3333, 0.0, 1.0, -0.3333, 1.3333, -0.3333, 1.6667, -0.6667, 1.6667, -0.6667, 1.6667, -0.3333, 1.3333, -1.0, 1.3333, -1.0, 1.6667, -1.6667, 1.3333, -1.0, 1.3333, -1.0, 1.3333, -1.0, 1.3333, -1.0, 1.3333, -1.0, 1.6667, -0.6667, 1.3333, -0.6667, 1.3333, 0.0, 1.6667, 0.0, 1.3333, -0.3333, 1.6667, -0.3333, 2.0, -0.3333, 2.0, 0.3333, 1.6667, 0.3333, 1.6667, -1.0, 1.0, -0.6667, 4.6667, -0.6667, 4.3333, -1.0, 3.6667, -0.3333, 4.0, 0.3333, 4.3333, 0.6667, 4.6667, 1.0, 4.3333, 1.3333, 4.3333, 1.3333, 4.6667, 1.6667, 5.0, 2.0, 5.3333, 2.3333, 5.6667, 2.6667, 5.6667, 2.6667, 6.0, 3.3333, 5.6667, 3.0, 6.0, 3.0, 5.6667, 2.6667, 5.3333, 2.3333, 5.0, 2.0, 4.3333, 2.0, 4.3333, 1.6667, 3.6667, 1.3333, 3.3333, 0.6667, 3.0, 0.0, 2.6667, -0.3333, 2.3333, -3.3333, 2.3333, -3.6667, 2.0, -1.0, 0.0, -0.6667, -0.3333, -1.0, -1.0, -0.6667, -1.0, -0.6667, -0.6667, -0.6667, -0.3333, -0.3333, 1.0, -0.6667, 7.0, -0.3333, 6.3333, 0.3333, 4.6667, -1.0, 4.0, -1.6667, 3.6667, -2.3333, 3.0, -2.6667, 3.0, -3.3333, 2.6667, -4.0, 2.3333, -4.0, 1.6667, -4.3333, 1.3333, -5.0, 1.0, -5.3333, 1.3333, -6.0, 1.0, -6.0, 0.3333, -5.6667, 0.6667, -5.6667, 1.0, -6.0, 0.3333, -4.6667, 0.6667, -4.3333, 1.0, -3.6667, 1.6667, -3.3333, 2.0, -3.0, 2.3333, -3.0, 3.0, -2.0, 3.3333, -2.0, 3.6667, -1.3333, 3.6667, -1.6667, 4.0]",3.539303,8.059527,91.760558
12,12,5c:01:3b:6b:b0:95,-41,256,"[86.0, -32.0, 4.0, 0.0, -1.3333, -2.3333, -1.6667, -3.0, -1.6667, -3.0, -1.6667, -3.0, -1.6667, -3.0, -1.6667, -2.6667, -1.6667, -3.0, -1.3333, -3.3333, -2.0, -4.0, -2.0, -4.0, -2.0, -4.0, -2.6667, -4.0, -2.6667, -4.3333, -2.3333, -4.3333, -2.3333, -4.0, -1.6667, -3.6667, -2.0, -3.6667, -2.0, -3.6667, -1.3333, -3.0, -1.6667, -3.0, -1.6667, -2.6667, -1.3333, -2.6667, -1.3333, -2.6667, -1.3333, -2.3333, -1.0, -2.3333, -0.6667, -1.0, 0.0, 0.0, 0.0, 0.0, 0.0, 0.0, 0.0, 0.0, 0.0, 0.0, 0.0, 0.0, 0.0, 0.0, 0.0, 0.0, 0.0, 0.0, -0.6667, -1.6667, -1.6667, -3.3333, -2.0, -2.6667, -2.0, -2.6667, -2.0, -2.6667, -1.6667, -2.3333, -1.6667, -1.6667, -1.3333, -2.3333, -1.3333, -2.3333, -0.6667, -3.0, -1.0, -3.0, -1.0, -3.0, -1.3333, -3.6667, -1.0, -3.3333, -1.0, -3.3333, -1.0, -3.3333, -1.0, -3.3333, -1.0, -2.6667, -1.3333, -3.0, -1.3333, -3.0, -1.0, -2.3333, -1.0, -2.6667, -1.6667, -2.0, -1.6667, -2.0, -1.6667, -2.3333, -1.3333, -2.6667, -1.3333, -3.0, -1.0, -2.6667, -2.3333, -6.3333, -2.3333, -6.6667, -3.0, -7.3333, -2.6667, -6.6667, -2.3333, -6.0, -2.6667, -5.3333, -3.0, -5.0, -3.3333, -4.6667, -4.3333, -5.3333, -4.6667, -5.6667, -5.0, -6.0, -5.3333, -6.3333, -5.6667, -6.6667, -5.6667, -6.3333, -5.3333, -6.3333, -5.0, -6.0, -5.0, -5.6667, -4.6667, -5.6667, -4.3333, -5.3333, -4.0, -5.0, -3.0, -4.3333, -2.6667, -4.0, -2.3333, -3.6667, -2.6667, -3.3333, -2.0, -4.0, -1.6667, -4.0, 0.3333, -5.6667, 0.6667, -5.6667, 0.0, -1.3333, -0.3333, -0.6667, -1.0, -1.0, -0.3333, -0.3333, -0.3333, -0.6667, -1.3333, -1.0, -1.6667, -1.3333, -7.3333, -4.3333, -5.6667, -3.6667, -5.3333, -5.6667, -5.0, -5.0, -4.3333, -5.6667, -3.6667, -6.6667, -3.3333, -7.3333, -2.6667, -8.0, -2.0, -8.3333, -1.0, -9.3333, -0.6667, -9.6667, -1.0, -10.3333, -0.6667, -10.3333, -1.0, -11.0, -1.0, -11.6667, -0.3333, -11.3333, -0.3333, -11.0, -1.0, -11.3333, -0.3333, -11.3333, -0.6667, -10.3333, -0.3333, -10.0, -0.6667, -9.6667, -1.0, -9.0, -2.0, -8.3333, -2.0, -8.0, -3.0, -7.3333, -2.6667, -7.6667, -3.3333, -7.3333]",5.662638,8.22152,91.760558
13,13,5c:01:3b:6b:b0:95,-45,256,"[86.0, -32.0, 4.0, 0.0, 6.3333, 0.6667, 5.3333, -0.3333, 5.0, -0.6667, 5.0, -0.6667, 4.6667, -0.6667, 4.3333, -0.3333, 4.0, -1.0, 3.6667, -1.6667, 2.6667, -2.3333, 2.6667, -2.6667, 2.6667, -2.6667, 2.0, -2.6667, 1.6667, -3.3333, 1.6667, -3.3333, 1.6667, -2.6667, 2.3333, -2.6667, 2.3333, -2.6667, 2.0, -2.3333, 2.6667, -1.6667, 2.6667, -1.6667, 2.3333, -1.3333, 3.0, -1.3333, 3.0, -1.6667, 3.0, -1.0, 3.6667, -1.0, 0.3333, -0.6667, 0.0, 0.0, 0.0, 0.0, 0.0, 0.0, 0.0, 0.0, 0.0, 0.0, 0.0, 0.0, 0.0, 0.0, 0.0, 0.0, 0.0, 0.0, 0.6667, -1.3333, 3.0, -1.6667, 3.3333, -1.0, 3.6667, -0.6667, 4.0, -0.3333, 5.0, 0.3333, 5.3333, 1.0, 6.0, 0.0, 6.3333, 0.0, 7.3333, -1.0, 7.3333, -1.0, 7.6667, -1.0, 7.3333, -2.0, 7.6667, -2.0, 7.6667, -2.0, 7.3333, -2.0, 7.3333, -2.0, 7.3333, -1.0, 6.6667, -1.0, 6.6667, -1.0, 6.6667, 0.0, 6.6667, 0.0, 6.0, 1.0, 6.0, 1.0, 6.3333, 0.3333, 6.6667, 0.3333, 7.0, -0.3333, 4.0, -1.0, 13.3333, 1.0, 13.0, 0.0, 12.0, -1.0, 11.6667, 0.0, 11.0, 1.0, 9.6667, 2.0, 8.6667, 3.0, 7.6667, 4.3333, 5.6667, 3.3333, 4.6667, 2.6667, 3.3333, 2.6667, 2.3333, 1.6667, 1.6667, 1.6667, 1.6667, 1.6667, 1.6667, 1.6667, 2.3333, 1.6667, 2.0, 2.0, 2.6667, 1.6667, 3.3333, 2.3333, 3.6667, 2.3333, 5.0, 2.6667, 5.3333, 2.6667, 5.6667, 2.6667, 5.3333, 3.0, 6.3333, 1.0, 7.0, 0.0, 7.3333, -7.0, 6.6667, -8.0, 0.6667, -2.0, -0.3333, -1.0, -1.0, -1.0, -0.3333, -0.3333, -0.3333, -1.0, -1.0, -0.6667, -0.6667, 0.0, -1.0, 3.0, 1.6667, 3.3333, 3.3333, 2.0, 5.3333, 3.0, 7.3333, 1.0, 9.3333, -1.0, 10.6667, -3.0, 11.6667, -5.0, 12.0, -6.0, 12.3333, -8.0, 12.6667, -9.0, 12.3333, -10.0, 12.3333, -10.0, 12.3333, -11.0, 12.0, -12.0, 12.3333, -11.6667, 12.3333, -11.3333, 12.0, -11.6667, 12.6667, -11.6667, 12.3333, -10.0, 13.0, -9.0, 13.0, -8.0, 13.3333, -6.0, 13.3333, -4.0, 13.6667, -3.0, 12.6667, -1.0, 13.3333, -1.0, 13.0, 0.0]",7.225957,8.884089,91.760558
14,14,5c:01:3b:6b:b0:95,-45,256,"[86.0, -32.0, 4.0, 0.0, 15.6667, 0.0, 14.6667, -1.0, 14.0, -2.0, 14.0, -2.0, 13.3333, -2.0, 12.6667, -2.0, 12.0, -3.0, 11.3333, -4.0, 10.3333, -5.0, 10.3333, -6.0, 10.3333, -6.0, 10.0, -6.0, 9.3333, -7.0, 9.3333, -7.0, 9.3333, -6.0, 9.6667, -6.0, 9.6667, -6.0, 9.0, -5.0, 9.3333, -4.0, 9.3333, -4.0, 8.6667, -3.0, 9.0, -3.0, 9.0, -3.0, 9.0, -2.0, 9.3333, -2.0, 1.6667, -1.0, 0.0, 0.0, 0.0, 0.0, 0.0, 0.0, 0.0, 0.0, 0.0, 0.0, 0.0, 0.0, 0.0, 0.0, 0.0, 0.0, 0.0, 0.0, 2.3333, -2.0, 10.0, -4.0, 10.6667, -3.0, 11.3333, -2.0, 12.0, -1.0, 13.0, 0.0, 13.6667, 1.0, 14.0, 0.3333, 14.6667, 0.6667, 15.6667, 0.3333, 15.6667, 0.6667, 16.3333, 0.6667, 16.3333, 0.0, 16.3333, 0.3333, 16.3333, 0.3333, 15.6667, 0.3333, 15.6667, 0.0, 15.6667, 0.3333, 15.3333, 0.3333, 15.3333, 0.3333, 15.3333, 1.0, 15.3333, 0.6667, 15.0, 1.0, 15.0, 1.0, 15.6667, 0.0, 16.3333, 0.0, 17.0, -1.0, 9.0, 0.3333, 30.6667, 4.0, 30.0, 3.3333, 29.0, 2.3333, 28.3333, 2.6667, 27.0, 3.3333, 25.3333, 3.6667, 24.3333, 4.0, 23.3333, 4.0, 21.3333, 2.0, 20.3333, 0.0, 18.6667, -1.0, 17.6667, -3.0, 17.3333, -3.0, 17.3333, -3.0, 17.3333, -3.0, 17.6667, -3.0, 17.0, -2.0, 17.3333, -2.0, 17.6667, -1.0, 17.3333, 0.0, 18.0, 1.0, 17.6667, 2.0, 17.3333, 2.0, 16.6667, 3.0, 16.6667, 1.6667, 17.0, 1.6667, 18.0, -0.3333, 17.0, -0.6667, 2.3333, -0.6667, 0.0, -0.6667, -1.0, -1.0, -0.6667, 0.0, -0.6667, -1.0, 0.0, -1.0, 1.6667, -1.0, 12.0, -1.0, 14.3333, 1.0, 17.6667, -1.0, 19.6667, 2.0, 21.6667, 2.3333, 23.6667, 1.6667, 25.3333, 1.0, 26.6667, 0.3333, 28.0, 0.3333, 28.6667, -0.3333, 29.6667, -0.6667, 29.6667, -1.0, 30.0, -1.0, 30.6667, -1.6667, 30.0, -2.0, 30.3333, -1.6667, 30.3333, -1.3333, 30.0, -1.6667, 30.0, -2.0, 29.0, -1.3333, 29.6667, -0.6667, 29.3333, -0.3333, 29.6667, 0.6667, 29.6667, 1.6667, 29.3333, 1.6667, 29.3333, 2.6667, 30.6667, 2.6667, 31.0, 3.0]",16.640213,11.202794,91.760558
15,15,5c:01:3b:6b:b0:95,-46,256,"[86.0, -32.0, 4.0, 0.0, 13.3333, 0.3333, 12.6667, -0.3333, 12.3333, -0.6667, 12.6667, -0.6667, 12.0, -0.3333, 11.6667, -0.3333, 11.3333, -0.6667, 11.0, -1.0, 10.3333, -1.6667, 10.6667, -2.0, 10.6667, -2.0, 10.6667, -1.6667, 10.0, -2.3333, 10.3333, -2.3333, 10.3333, -1.6667, 10.3333, -1.6667, 10.0, -2.0, 9.3333, -1.3333, 9.3333, -1.0, 9.3333, -1.3333, 8.3333, -1.0, 8.3333, -1.0, 8.3333, -1.0, 8.0, -0.6667, 8.0, -1.0, 1.3333, -0.6667, 0.0, 0.0, 0.0, 0.0, 0.0, 0.0, 0.0, 0.0, 0.0, 0.0, 0.0, 0.0, 0.0, 0.0, 0.0, 0.0, 0.0, 0.0, 2.3333, -1.0, 9.6667, -1.3333, 10.0, -1.0, 10.3333, -0.6667, 10.6667, -0.3333, 11.0, 0.0, 11.3333, 0.6667, 11.0, 0.0, 11.6667, 0.0, 12.0, -0.3333, 11.6667, 0.0, 12.0, -0.3333, 12.0, -0.6667, 12.0, -0.6667, 12.3333, -0.6667, 11.6667, -0.6667, 11.6667, -0.6667, 11.6667, -0.3333, 12.0, -0.3333, 12.0, 0.0, 12.3333, 0.3333, 12.3333, 0.3333, 12.3333, 0.6667, 12.6667, 0.6667, 13.0, 0.0, 13.6667, 0.3333, 14.3333, -0.3333, 6.6667, 0.3333, 24.3333, 3.6667, 23.6667, 3.3333, 23.3333, 2.6667, 23.0, 2.6667, 22.0, 3.3333, 21.3333, 3.3333, 21.0, 3.6667, 20.6667, 4.0, 20.0, 3.3333, 19.6667, 2.6667, 18.6667, 2.3333, 18.3333, 1.3333, 18.6667, 1.3333, 18.6667, 1.6667, 18.6667, 1.6667, 18.6667, 1.3333, 18.0, 2.0, 18.0, 1.6667, 17.6667, 2.0, 16.6667, 2.3333, 16.6667, 2.6667, 16.0, 2.6667, 15.3333, 2.3333, 14.6667, 3.0, 13.6667, 2.0, 13.6667, 1.6667, 11.0, 0.3333, 9.3333, 0.0, 0.6667, -0.6667, -0.6667, -0.6667, -0.6667, -1.0, -0.6667, -0.3333, -0.6667, -1.0, 0.3333, -0.6667, 2.0, 0.0, 14.0, 3.3333, 14.6667, 3.6667, 17.6667, 1.6667, 18.0, 2.6667, 18.6667, 2.3333, 19.0, 1.6667, 19.6667, 1.3333, 20.0, 0.6667, 20.0, 0.3333, 19.3333, 0.0, 19.6667, -0.3333, 19.3333, -0.6667, 19.0, -1.0, 19.6667, -1.3333, 19.0, -1.6667, 19.0, -1.3333, 19.0, -0.6667, 19.0, -1.0, 19.3333, -1.3333, 19.0, -1.0, 19.6667, -0.3333, 20.0, 0.0, 21.0, 0.6667, 22.0, 1.6667, 22.3333, 1.6667, 23.0, 2.3333, 24.3333, 2.6667, 25.0, 2.6667]",13.687427,9.642067,91.760558
16,16,5c:01:3b:6b:b0:95,-46,256,"[86.0, -32.0, 4.0, 0.0, 1.6667, 7.6667, 1.3333, 7.0, 1.6667, 7.0, 2.3333, 6.6667, 2.0, 7.0, 2.3333, 7.0, 2.6667, 6.6667, 3.0, 6.6667, 2.6667, 6.0, 3.3333, 6.0, 3.3333, 5.6667, 3.3333, 6.0, 3.0, 5.6667, 3.6667, 5.6667, 3.6667, 6.0, 3.6667, 6.0, 3.0, 5.6667, 2.6667, 5.6667, 2.6667, 5.6667, 2.6667, 5.0, 1.6667, 5.0, 1.6667, 4.6667, 1.6667, 4.6667, 1.0, 4.3333, 1.0, 4.0, -0.3333, 0.6667, 0.0, 0.0, 0.0, 0.0, 0.0, 0.0, 0.0, 0.0, 0.0, 0.0, 0.0, 0.0, 0.0, 0.0, 0.0, 0.0, 0.0, 0.0, 0.6667, 1.0, 2.3333, 5.6667, 2.0, 5.6667, 1.6667, 6.0, 1.3333, 6.0, 1.0, 6.0, 0.6667, 6.6667, 0.0, 6.3333, 0.3333, 6.3333, 0.0, 6.3333, -0.6667, 6.3333, -1.0, 6.3333, -1.0, 6.3333, -1.0, 6.0, -0.3333, 6.0, -0.6667, 6.0, -0.6667, 6.0, -0.6667, 6.3333, 0.0, 6.3333, 0.0, 6.6667, 0.6667, 6.6667, 0.6667, 7.0, 0.6667, 7.0, 1.3333, 7.0, 1.0, 7.0, 1.3333, 7.6667, 1.6667, 7.6667, -0.6667, 4.6667, 0.6667, 16.6667, 0.3333, 16.6667, 0.6667, 16.0, 1.0, 15.3333, 1.0, 15.3333, 1.6667, 15.0, 2.0, 14.6667, 2.3333, 14.3333, 3.0, 14.3333, 3.3333, 14.3333, 3.3333, 14.6667, 3.6667, 14.3333, 4.3333, 14.3333, 4.3333, 14.6667, 4.3333, 14.6667, 4.3333, 14.0, 4.0, 14.0, 4.0, 13.3333, 3.3333, 13.3333, 2.3333, 12.6667, 2.3333, 12.3333, 2.0, 11.3333, 1.6667, 10.6667, 1.3333, 10.6667, 0.3333, 9.6667, 0.3333, 9.3333, -3.0, 9.6667, -4.3333, 9.0, -1.6667, 1.0, -1.3333, -0.3333, -0.3333, -1.0, -0.3333, -1.0, -0.3333, -1.0, -0.3333, 0.0, 0.0, 2.0, 3.0, 14.3333, 2.3333, 14.0, 3.3333, 13.0, 2.0, 12.6667, 1.3333, 12.6667, 0.0, 12.6667, -0.6667, 13.3333, -1.0, 13.3333, -2.0, 13.3333, -3.3333, 13.6667, -3.6667, 13.6667, -4.3333, 13.3333, -5.0, 13.3333, -4.6667, 13.3333, -5.0, 13.3333, -5.0, 13.3333, -5.0, 13.6667, -5.0, 13.6667, -4.3333, 13.3333, -4.0, 13.3333, -3.6667, 14.0, -3.0, 14.3333, -2.0, 14.3333, -1.0, 15.0, -0.3333, 15.0, 0.0, 15.3333, 0.6667, 16.0, 1.0, 16.0]",9.556692,8.84612,91.760558
17,17,5c:01:3b:6b:b0:95,-46,256,"[86.0, -32.0, 4.0, 0.0, -10.6667, 8.0, -10.6667, 7.6667, -10.0, 8.3333, -9.3333, 8.0, -9.3333, 8.6667, -9.0, 8.6667, -8.3333, 9.0, -7.6667, 9.6667, -7.6667, 9.3333, -7.3333, 10.0, -7.3333, 9.6667, -7.6667, 10.3333, -7.6667, 10.3333, -6.6667, 10.3333, -6.6667, 10.3333, -6.6667, 10.3333, -7.3333, 9.6667, -7.0, 9.3333, -6.6667, 8.6667, -6.6667, 7.6667, -7.0, 7.0, -6.6667, 6.6667, -6.6667, 6.6667, -7.0, 5.6667, -6.6667, 5.0, -2.0, 1.0, 0.0, 0.0, 0.0, 0.0, 0.0, 0.0, 0.0, 0.0, 0.0, 0.0, 0.0, 0.0, 0.0, 0.0, 0.0, 0.0, 0.0, 0.0, -1.6667, 2.0, -7.0, 8.3333, -7.6667, 7.6667, -8.3333, 7.3333, -8.6667, 6.6667, -9.3333, 6.0, -9.6667, 6.3333, -10.0, 5.6667, -10.0, 5.0, -10.3333, 4.3333, -11.0, 4.0, -11.6667, 3.6667, -11.6667, 3.6667, -11.6667, 2.6667, -11.0, 2.6667, -11.0, 2.6667, -11.0, 3.3333, -11.0, 4.3333, -10.6667, 4.3333, -10.6667, 5.0, -10.3333, 5.0, -10.6667, 6.0, -10.6667, 6.6667, -10.3333, 6.6667, -11.0, 7.0, -11.3333, 8.0, -11.3333, 8.3333, -7.0, 3.3333, -21.3333, 13.3333, -21.0, 13.3333, -20.0, 13.0, -19.3333, 12.6667, -18.6667, 13.0, -17.6667, 13.0, -17.0, 13.3333, -16.6667, 14.3333, -16.0, 15.6667, -15.6667, 17.0, -15.3333, 18.0, -15.0, 18.6667, -14.6667, 18.6667, -14.6667, 19.3333, -14.3333, 19.3333, -14.3333, 18.3333, -14.0, 18.0, -13.6667, 17.0, -14.0, 16.3333, -14.3333, 15.0, -13.6667, 14.0, -13.3333, 12.0, -13.3333, 11.0, -13.0, 10.6667, -13.0, 9.3333, -12.6667, 7.6667, -13.0, 3.6667, -13.0, 2.3333, -3.0, -0.3333, -1.6667, -0.6667, 0.0, -1.0, 0.0, -1.3333, 0.0, -1.0, -1.3333, 0.3333, -2.6667, 3.0, -11.3333, 18.6667, -12.3333, 16.6667, -13.3333, 15.6667, -14.6667, 13.3333, -15.6667, 11.3333, -17.0, 10.0, -18.0, 9.6667, -18.3333, 8.3333, -19.0, 7.0, -20.0, 6.3333, -20.3333, 5.6667, -21.0, 4.6667, -21.6667, 4.3333, -21.6667, 4.3333, -21.6667, 3.6667, -21.3333, 3.6667, -21.3333, 4.0, -21.6667, 4.3333, -21.0, 4.3333, -20.6667, 5.0, -21.0, 6.0, -20.6667, 7.0, -20.3333, 7.6667, -20.0, 9.3333, -20.0, 10.3333, -20.6667, 11.3333, -21.0, 12.3333, -21.0, 12.6667]",14.952144,10.006953,91.760558
18,18,5c:01:3b:6b:b0:95,-44,256,"[86.0, -32.0, 4.0, 0.0, -3.6667, 3.3333, -3.6667, 3.0, -3.3333, 3.3333, -3.0, 3.0, -2.6667, 3.3333, -2.6667, 3.0, -2.3333, 3.0, -1.6667, 3.3333, -1.6667, 2.6667, -1.6667, 3.0, -1.6667, 2.6667, -1.6667, 3.0, -1.6667, 2.6667, -1.0, 2.6667, -1.0, 2.6667, -1.0, 3.0, -1.6667, 2.6667, -1.6667, 2.6667, -1.3333, 2.3333, -1.6667, 2.0, -2.0, 2.0, -2.0, 2.0, -2.3333, 2.3333, -2.6667, 1.6667, -2.3333, 1.6667, -1.0, 0.0, 0.0, 0.0, 0.0, 0.0, 0.0, 0.0, 0.0, 0.0, 0.0, 0.0, 0.0, 0.0, 0.0, 0.0, 0.0, 0.0, 0.0, 0.0, -0.6667, 0.3333, -2.0, 2.6667, -2.3333, 2.6667, -2.6667, 2.6667, -3.0, 2.6667, -3.6667, 2.3333, -3.6667, 3.0, -4.0, 2.6667, -4.0, 2.6667, -4.3333, 2.3333, -4.6667, 2.0, -5.3333, 2.3333, -5.3333, 2.3333, -5.3333, 1.6667, -5.0, 2.0, -5.0, 1.6667, -5.0, 2.0, -4.6667, 2.3333, -4.6667, 2.3333, -4.3333, 2.3333, -4.0, 2.3333, -4.0, 2.6667, -4.0, 3.0, -4.0, 2.6667, -4.0, 3.0, -4.3333, 3.3333, -4.0, 3.3333, -3.3333, 1.6667, -9.3333, 6.6667, -9.3333, 7.0, -8.6667, 6.6667, -8.3333, 6.3333, -7.6667, 6.3333, -7.3333, 6.3333, -6.6667, 6.0, -6.3333, 6.0, -5.6667, 6.3333, -5.3333, 6.6667, -5.0, 6.6667, -4.6667, 6.6667, -4.3333, 6.6667, -4.3333, 7.0, -4.3333, 7.0, -4.3333, 6.6667, -4.3333, 6.3333, -4.3333, 6.0, -4.6667, 6.0, -5.0, 5.6667, -5.0, 5.3333, -5.0, 4.6667, -5.3333, 4.3333, -5.3333, 4.3333, -5.6667, 3.6667, -6.0, 3.3333, -7.3333, 3.0, -7.6667, 2.3333, -2.0, 0.0, -1.3333, -0.6667, -0.3333, -0.6667, -0.3333, -1.0, -0.3333, -0.6667, -0.6667, -0.3333, -1.0, 1.0, -3.0, 7.6667, -4.0, 7.3333, -4.3333, 6.6667, -5.3333, 6.0, -6.3333, 5.6667, -7.3333, 5.3333, -8.3333, 5.6667, -8.6667, 5.6667, -9.0, 5.3333, -10.0, 5.3333, -10.3333, 5.0, -10.6667, 4.3333, -11.0, 4.3333, -11.0, 4.3333, -11.3333, 4.0, -11.0, 4.3333, -11.0, 4.3333, -11.3333, 4.6667, -10.6667, 4.3333, -10.3333, 4.6667, -10.6667, 5.0, -10.0, 5.3333, -9.6667, 5.0, -9.0, 5.6667, -9.0, 5.6667, -9.0, 6.0, -9.0, 6.3333, -9.0, 6.3333]",6.685772,8.351237,91.760558
19,19,5c:01:3b:6b:b0:95,-45,256,"[86.0, -32.0, 4.0, 0.0, -4.3333, -8.3333, -4.3333, -8.3333, -4.3333, -8.0, -4.3333, -8.0, -4.0, -7.6667, -4.6667, -8.3333, -4.6667, -8.0, -4.3333, -7.6667, -4.3333, -8.3333, -5.0, -8.0, -5.0, -8.0, -5.3333, -7.6667, -5.3333, -8.3333, -4.6667, -8.3333, -4.6667, -8.3333, -4.6667, -7.6667, -5.0, -8.0, -4.6667, -7.3333, -4.0, -7.6667, -4.3333, -7.3333, -4.0, -7.0, -3.6667, -6.3333, -4.0, -5.6667, -3.6667, -6.0, -3.0, -5.6667, -1.0, -2.0, 0.0, 0.0, 0.0, 0.0, 0.0, 0.0, 0.0, 0.0, 0.0, 0.0, 0.0, 0.0, 0.0, 0.0, 0.0, 0.0, 0.0, 0.0, -1.3333, -2.3333, -4.0, -7.3333, -4.0, -7.0, -4.0, -7.3333, -3.6667, -7.0, -4.0, -7.3333, -3.3333, -6.6667, -3.0, -7.0, -3.0, -6.6667, -2.6667, -7.0, -2.6667, -7.0, -3.0, -6.6667, -3.0, -6.6667, -3.0, -7.0, -3.0, -6.3333, -3.0, -7.0, -3.0, -6.6667, -2.6667, -7.0, -3.3333, -7.0, -3.0, -7.3333, -3.3333, -7.3333, -3.6667, -7.6667, -3.6667, -7.3333, -4.3333, -8.0, -4.0, -8.0, -4.6667, -8.3333, -4.3333, -9.0, -2.3333, -4.3333, -7.6667, -13.3333, -7.3333, -12.6667, -6.6667, -12.6667, -6.6667, -12.6667, -6.3333, -12.3333, -7.0, -12.3333, -6.6667, -12.6667, -7.0, -12.6667, -7.6667, -12.6667, -8.0, -12.6667, -8.3333, -13.6667, -8.6667, -14.0, -9.0, -14.0, -9.0, -13.6667, -8.6667, -13.6667, -8.6667, -13.3333, -8.3333, -13.3333, -8.0, -13.0, -7.6667, -12.6667, -7.3333, -11.6667, -6.6667, -11.3333, -6.3333, -10.6667, -6.6667, -10.3333, -6.3333, -9.6667, -5.6667, -9.3333, -5.6667, -8.6667, -3.3333, -6.3333, -2.6667, -6.0, -1.0, -1.3333, -1.0, -1.0, -0.3333, -0.3333, -0.3333, -0.3333, -0.3333, -0.3333, -1.0, -1.3333, -1.6667, -2.0, -6.3333, -10.0, -6.3333, -9.6667, -6.6667, -11.0, -6.0, -10.6667, -6.0, -10.3333, -5.3333, -10.3333, -5.3333, -10.0, -5.0, -9.3333, -4.0, -9.3333, -4.0, -9.0, -3.6667, -9.3333, -3.6667, -9.6667, -3.6667, -10.0, -3.6667, -10.0, -4.0, -10.3333, -3.3333, -9.6667, -3.3333, -9.6667, -4.0, -9.3333, -3.6667, -10.0, -4.0, -9.6667, -4.6667, -10.0, -4.6667, -10.3333, -5.0, -11.3333, -5.0, -11.3333, -6.0, -12.3333, -6.6667, -12.6667, -7.0, -13.0, -7.0, -13.6667]",9.788039,8.469554,91.760558
20,20,5c:01:3b:6b:b0:95,-45,256,"[86.0, -32.0, 4.0, 0.0, -5.0, -6.3333, -4.6667, -6.3333, -4.3333, -6.3333, -4.3333, -6.3333, -4.0, -6.3333, -4.0, -7.0, -4.0, -7.0, -3.3333, -6.6667, -3.3333, -7.3333, -3.6667, -7.3333, -3.6667, -7.3333, -3.3333, -7.3333, -3.3333, -8.0, -3.0, -8.0, -3.0, -8.0, -3.0, -7.3333, -3.3333, -7.3333, -3.3333, -7.0, -2.6667, -7.0, -3.3333, -6.3333, -3.3333, -6.0, -3.3333, -5.3333, -3.3333, -5.0, -3.3333, -5.0, -3.0, -4.6667, -1.0, -1.6667, 0.0, 0.0, 0.0, 0.0, 0.0, 0.0, 0.0, 0.0, 0.0, 0.0, 0.0, 0.0, 0.0, 0.0, 0.0, 0.0, 0.0, 0.0, -1.3333, -2.3333, -3.3333, -6.6667, -3.3333, -6.0, -3.6667, -6.0, -4.0, -5.3333, -4.3333, -5.6667, -4.3333, -5.0, -4.3333, -5.0, -4.3333, -4.3333, -4.6667, -4.3333, -4.6667, -4.6667, -5.3333, -4.0, -5.3333, -4.0, -5.3333, -4.3333, -5.3333, -3.6667, -5.3333, -4.0, -5.3333, -4.0, -4.6667, -4.6667, -5.0, -4.6667, -4.6667, -5.0, -4.6667, -5.0, -4.6667, -5.3333, -4.6667, -5.3333, -5.0, -6.0, -4.6667, -6.0, -5.3333, -6.3333, -5.0, -7.0, -6.0, -3.3333, -18.3333, -9.3333, -18.0, -9.0, -17.3333, -8.6667, -16.6667, -9.0, -15.6667, -8.6667, -15.6667, -8.6667, -15.0, -9.0, -14.6667, -9.3333, -14.3333, -9.6667, -13.6667, -9.6667, -13.6667, -10.6667, -13.3333, -11.0, -13.3333, -10.6667, -13.3333, -10.6667, -13.0, -10.6667, -13.0, -10.3333, -13.0, -10.6667, -12.6667, -10.0, -12.6667, -9.6667, -12.6667, -9.0, -12.3333, -9.0, -12.0, -8.0, -12.0, -7.6667, -11.6667, -7.3333, -11.3333, -7.0, -11.6667, -6.0, -12.0, -5.0, -11.6667, -4.6667, -2.6667, -1.0, -1.3333, -1.0, -0.3333, -0.3333, -0.3333, -0.3333, -0.3333, -0.3333, -1.0, -1.0, -2.3333, -2.0, -11.0, -9.3333, -12.0, -8.6667, -12.0, -8.3333, -12.6667, -8.0, -13.3333, -7.3333, -14.0, -7.0, -15.0, -7.0, -15.3333, -6.0, -15.6667, -6.0, -16.3333, -5.6667, -16.3333, -6.0, -16.6667, -6.0, -17.0, -6.0, -17.0, -6.0, -17.3333, -6.3333, -17.0, -5.6667, -17.0, -5.6667, -17.6667, -5.3333, -17.0, -6.0, -16.6667, -5.6667, -17.3333, -6.0, -17.0, -6.3333, -17.0, -7.3333, -16.6667, -7.3333, -17.0, -8.3333, -17.3333, -8.3333, -17.6667, -8.6667, -17.6667, -9.3333]",11.217811,9.42188,91.760558
21,21,5c:01:3b:6b:b0:95,-44,256,"[86.0, -32.0, 4.0, 0.0, -14.0, 0.3333, -13.6667, 0.3333, -13.0, 0.3333, -13.3333, 0.3333, -13.3333, 0.3333, -13.3333, 0.0, -13.3333, 0.0, -13.0, 0.6667, -13.0, 0.3333, -13.6667, 0.3333, -13.6667, 0.3333, -13.6667, 0.3333, -13.6667, 0.0, -13.3333, 0.0, -13.3333, 0.0, -13.3333, 0.3333, -13.0, 0.3333, -12.6667, 0.0, -11.6667, 0.0, -11.6667, 0.3333, -11.3333, 0.0, -10.6667, 0.3333, -10.0, 0.0, -9.3333, 0.0, -9.0, -0.3333, -2.3333, -0.3333, 0.0, 0.0, 0.0, 0.0, 0.0, 0.0, 0.0, 0.0, 0.0, 0.0, 0.0, 0.0, 0.0, 0.0, 0.0, 0.0, 0.0, 0.0, -3.3333, -0.6667, -11.0, -0.3333, -11.0, 0.0, -11.0, 0.0, -11.0, 0.3333, -11.0, -0.3333, -11.0, 0.0, -10.6667, 0.0, -10.6667, 0.3333, -11.0, 0.3333, -11.0, -0.3333, -11.6667, 0.0, -11.6667, 0.0, -11.6667, -0.6667, -11.6667, -0.3333, -11.6667, 0.0, -11.6667, 0.0, -11.0, -0.3333, -11.3333, -0.3333, -11.3333, 0.0, -11.6667, 0.0, -12.0, 0.3333, -12.0, 0.3333, -12.6667, 0.0, -13.0, 0.0, -13.6667, 0.3333, -14.0, 0.0, -12.3333, -0.6667, -39.3333, 1.3333, -38.3333, 1.0, -37.3333, 1.6667, -36.0, 1.0, -34.6667, 1.6667, -34.3333, 1.6667, -33.6667, 2.0, -33.3333, 2.3333, -33.3333, 2.6667, -32.3333, 3.6667, -32.6667, 3.6667, -32.3333, 4.0, -32.6667, 4.6667, -32.6667, 4.6667, -31.6667, 4.6667, -31.6667, 4.3333, -31.3333, 3.6667, -30.3333, 4.0, -30.0, 3.6667, -29.6667, 3.0, -28.3333, 2.0, -27.3333, 2.0, -26.6667, 1.6667, -25.6667, 1.3333, -24.3333, 1.0, -24.0, 1.0, -22.3333, -3.0, -21.0, -3.3333, -4.3333, -1.0, -1.6667, -1.0, 0.0, -0.6667, 0.0, -0.6667, 0.0, -0.6667, -2.0, 0.0, -5.3333, 0.0, -27.3333, 2.3333, -28.3333, 1.6667, -28.6667, 3.3333, -29.3333, 2.0, -29.6667, 1.3333, -30.3333, 1.0, -31.3333, 0.0, -31.6667, 0.0, -32.3333, -1.0, -32.6667, -1.3333, -32.3333, -2.0, -33.0, -2.0, -33.6667, -2.0, -33.6667, -2.0, -33.6667, -2.6667, -33.3333, -2.3333, -33.3333, -2.3333, -34.3333, -1.6667, -33.6667, -2.0, -33.3333, -1.3333, -34.3333, -1.0, -34.6667, -0.6667, -35.0, -0.6667, -35.3333, 0.3333, -36.0, 0.3333, -37.3333, 1.3333, -38.3333, 1.6667, -38.3333, 1.3333]",19.872061,13.751155,91.760558
22,22,5c:01:3b:6b:b0:95,-44,256,"[86.0, -32.0, 4.0, 0.0, -14.6667, -2.6667, -14.0, -2.3333, -13.0, -2.0, -13.3333, -1.6667, -13.3333, -1.6667, -12.6667, -1.3333, -12.6667, -1.0, -12.3333, 0.0, -12.6667, 0.3333, -13.0, 0.3333, -13.3333, 0.6667, -13.0, 0.6667, -13.0, 0.6667, -13.0, 1.0, -13.0, 1.0, -13.0, 1.0, -12.3333, 0.6667, -12.0, 0.0, -11.0, 0.0, -10.6667, 0.0, -10.6667, -0.3333, -10.3333, -0.3333, -9.3333, -1.0, -9.0, -1.0, -9.0, -1.6667, -2.3333, -0.6667, 0.0, 0.0, 0.0, 0.0, 0.0, 0.0, 0.0, 0.0, 0.0, 0.0, 0.0, 0.0, 0.0, 0.0, 0.0, 0.0, 0.0, 0.0, -3.3333, -0.6667, -11.0, -0.6667, -10.6667, -1.3333, -10.6667, -1.6667, -11.3333, -2.0, -11.3333, -3.0, -11.6667, -3.3333, -11.6667, -3.6667, -11.3333, -3.6667, -12.0, -4.0, -12.0, -4.6667, -12.6667, -5.0, -12.6667, -5.3333, -12.6667, -6.0, -12.6667, -5.6667, -12.6667, -5.0, -12.6667, -5.0, -12.0, -4.6667, -12.3333, -4.6667, -12.6667, -4.0, -12.6667, -4.0, -13.0, -3.3333, -13.0, -3.3333, -13.3333, -3.0, -13.6667, -3.3333, -14.3333, -3.0, -14.6667, -3.0, -12.6667, -3.6667, -39.6667, -7.3333, -39.0, -7.6667, -38.0, -6.6667, -36.3333, -7.0, -35.3333, -5.6667, -35.0, -5.3333, -34.3333, -4.3333, -34.0, -3.3333, -33.6667, -2.0, -32.6667, -0.3333, -33.0, 0.6667, -32.6667, 1.6667, -33.0, 2.3333, -33.0, 2.3333, -32.0, 2.6667, -32.0, 2.0, -32.0, 1.6667, -31.0, 1.6667, -30.6667, 1.0, -30.3333, 0.0, -29.0, -1.3333, -28.0, -1.6667, -27.0, -2.3333, -26.0, -2.6667, -24.6667, -3.3333, -24.0, -3.6667, -21.6667, -10.3333, -20.3333, -11.0, -4.0, -2.6667, -1.3333, -1.3333, -0.3333, -0.6667, 0.0, -0.6667, 0.0, -0.6667, -2.0, 0.0, -5.0, -0.6667, -26.6667, -1.3333, -27.3333, -3.0, -28.6667, -0.6667, -29.3333, -3.3333, -29.6667, -5.3333, -30.3333, -6.3333, -31.3333, -8.3333, -31.6667, -9.6667, -32.6667, -11.3333, -33.0, -12.3333, -32.6667, -13.0, -33.3333, -13.3333, -34.0, -13.6667, -34.0, -13.6667, -33.6667, -14.3333, -33.6667, -14.6667, -33.6667, -14.6667, -34.6667, -14.0, -34.0, -13.6667, -33.6667, -12.6667, -34.6667, -12.3333, -35.0, -11.6667, -35.3333, -11.0, -35.6667, -9.6667, -36.3333, -8.6667, -37.3333, -7.6667, -38.3333, -7.3333, -38.6667, -7.3333]",20.599426,14.149024,91.760558
23,23,5c:01:3b:6b:b0:95,-44,256,"[86.0, -32.0, 4.0, 0.0, -13.3333, -12.3333, -13.0, -11.6667, -12.3333, -11.0, -12.6667, -10.3333, -13.0, -10.3333, -12.3333, -9.6667, -12.6667, -9.0, -12.6667, -8.0, -13.3333, -7.3333, -13.6667, -7.3333, -14.3333, -6.6667, -14.3333, -6.6667, -14.3333, -6.6667, -14.3333, -6.0, -14.3333, -6.0, -14.3333, -6.0, -13.3333, -6.6667, -12.6667, -7.0, -11.6667, -7.0, -10.6667, -7.0, -10.6667, -6.6667, -10.0, -6.6667, -9.3333, -7.0, -8.6667, -7.0, -8.3333, -7.3333, -2.3333, -2.3333, 0.0, 0.0, 0.0, 0.0, 0.0, 0.0, 0.0, 0.0, 0.0, 0.0, 0.0, 0.0, 0.0, 0.0, 0.0, 0.0, 0.0, 0.0, -3.3333, -2.3333, -11.6667, -7.3333, -11.0, -8.6667, -10.6667, -9.3333, -11.0, -10.0, -10.6667, -11.0, -10.3333, -11.6667, -10.0, -12.3333, -9.3333, -12.3333, -9.6667, -13.0, -9.6667, -13.3333, -10.0, -14.0, -10.0, -14.6667, -10.0, -15.0, -9.6667, -14.3333, -9.6667, -14.0, -9.6667, -14.0, -9.6667, -13.3333, -10.0, -13.3333, -10.6667, -13.0, -10.6667, -13.0, -11.3333, -12.6667, -11.3333, -12.6667, -12.0, -12.0, -12.6667, -12.6667, -13.0, -13.0, -13.3333, -13.0, -8.3333, -9.3333, -26.6667, -26.6667, -26.0, -26.3333, -25.3333, -25.3333, -24.3333, -25.0, -24.0, -23.3333, -24.3333, -22.6667, -24.3333, -21.6667, -24.6667, -20.6667, -25.0, -19.0, -25.0, -17.6667, -25.6667, -16.6667, -26.0, -15.6667, -26.6667, -15.3333, -26.6667, -15.3333, -25.6667, -14.6667, -25.6667, -15.0, -25.3333, -14.6667, -24.6667, -14.6667, -23.6667, -15.0, -23.0, -15.0, -21.6667, -15.6667, -20.6667, -15.3333, -19.6667, -15.6667, -18.6667, -15.3333, -17.0, -15.6667, -15.6667, -15.3333, -10.6667, -19.6667, -10.0, -20.0, -2.0, -4.3333, -0.6667, -1.6667, -0.6667, -0.3333, 0.0, -0.3333, 0.0, -0.3333, -1.6667, -1.0, -4.0, -3.3333, -20.6667, -16.6667, -20.0, -18.0, -22.3333, -16.3333, -21.6667, -18.6667, -21.0, -20.6667, -20.3333, -21.6667, -20.3333, -23.6667, -19.6667, -25.3333, -19.6667, -26.6667, -19.3333, -27.6667, -18.6667, -28.0, -18.6667, -28.6667, -19.0, -29.3333, -18.6667, -29.3333, -18.3333, -29.6667, -18.0, -30.3333, -18.0, -30.3333, -19.0, -30.0, -19.0, -29.3333, -19.0, -28.3333, -20.0, -28.6667, -20.6667, -28.3333, -21.3333, -28.0, -22.3333, -27.3333, -23.3333, -26.3333, -24.3333, -26.3333, -25.3333, -26.6667, -25.6667, -26.6667]",20.995824,12.833368,91.760558
24,24,5c:01:3b:6b:b0:95,-44,256,"[86.0, -32.0, 4.0, 0.0, -3.3333, -13.3333, -3.0, -12.6667, -2.6667, -12.3333, -2.6667, -12.0, -3.0, -12.0, -2.3333, -11.6667, -2.6667, -11.0, -2.6667, -10.6667, -3.3333, -10.3333, -3.0, -10.6667, -3.6667, -10.0, -3.6667, -10.0, -3.6667, -10.3333, -3.6667, -9.6667, -3.6667, -9.6667, -3.6667, -9.3333, -3.3333, -10.0, -2.6667, -9.6667, -2.3333, -9.6667, -2.0, -9.3333, -2.3333, -8.6667, -2.0, -8.3333, -2.0, -8.3333, -2.0, -8.3333, -2.0, -8.0, -0.6667, -2.6667, 0.0, 0.0, 0.0, 0.0, 0.0, 0.0, 0.0, 0.0, 0.0, 0.0, 0.0, 0.0, 0.0, 0.0, 0.0, 0.0, 0.0, 0.0, -1.0, -3.0, -3.0, -9.6667, -2.3333, -10.6667, -2.6667, -11.0, -3.0, -11.3333, -2.6667, -11.6667, -2.6667, -12.0, -2.3333, -12.3333, -2.0, -12.0, -2.0, -12.3333, -2.3333, -12.3333, -2.3333, -13.0, -2.3333, -13.3333, -2.3333, -13.3333, -2.0, -12.6667, -2.0, -12.6667, -2.0, -12.6667, -2.3333, -12.3333, -2.3333, -12.3333, -2.6667, -12.6667, -2.3333, -12.6667, -3.0, -12.6667, -2.6667, -13.0, -3.0, -12.6667, -3.3333, -13.3333, -3.3333, -14.0, -3.3333, -14.0, -1.3333, -8.6667, -3.3333, -26.3333, -3.3333, -25.6667, -3.3333, -25.0, -3.0, -24.6667, -3.3333, -23.6667, -3.6667, -23.0, -4.0, -23.0, -4.3333, -22.6667, -5.0, -22.0, -5.3333, -22.0, -5.6667, -22.0, -6.0, -21.6667, -6.3333, -21.6667, -6.3333, -21.6667, -5.6667, -21.0, -6.0, -21.0, -5.6667, -20.3333, -5.6667, -20.0, -5.0, -19.6667, -5.0, -19.0, -4.3333, -18.6667, -4.3333, -17.6667, -4.0, -17.6667, -3.6667, -17.0, -3.0, -16.6667, -2.3333, -15.6667, 0.6667, -15.0, 1.3333, -14.6667, 0.0, -3.3333, 0.0, -1.3333, -1.0, -0.3333, -0.3333, 0.0, -0.3333, -0.3333, -0.6667, -1.6667, -1.0, -4.3333, -3.3333, -21.3333, -2.6667, -21.3333, -4.3333, -20.6667, -3.6667, -21.0, -3.0, -21.3333, -2.0, -21.3333, -1.6667, -22.0, -1.0, -22.6667, -0.6667, -22.6667, -0.6667, -22.6667, 0.0, -22.3333, 0.0, -23.0, 0.0, -23.6667, 0.0, -23.3333, 0.3333, -23.0, 0.3333, -23.6667, 0.6667, -23.6667, 0.0, -23.6667, 0.0, -23.3333, -0.3333, -23.0, -0.6667, -23.6667, -1.0, -24.0, -1.0, -24.3333, -1.6667, -24.6667, -2.3333, -24.6667, -2.3333, -25.3333, -3.0, -26.3333, -3.0, -26.3333]",15.333692,10.300196,91.760558
25,25,5c:01:3b:6b:b0:95,-44,256,"[86.0, -32.0, 4.0, 0.0, 6.0, 1.3333, 6.0, 1.3333, 6.0, 1.0, 6.0, 0.6667, 5.6667, 0.3333, 6.0, 0.3333, 5.6667, 0.0, 5.6667, 0.0, 5.3333, -0.3333, 6.0, -0.6667, 5.6667, -0.6667, 5.6667, -0.6667, 5.6667, -1.0, 5.6667, -0.6667, 5.6667, -0.6667, 5.6667, -0.3333, 5.3333, -0.6667, 5.6667, -0.3333, 5.3333, -0.3333, 5.0, 0.0, 4.3333, 0.0, 4.6667, 0.3333, 4.0, 0.3333, 3.6667, 0.3333, 3.3333, 0.6667, 0.6667, -0.3333, 0.0, 0.0, 0.0, 0.0, 0.0, 0.0, 0.0, 0.0, 0.0, 0.0, 0.0, 0.0, 0.0, 0.0, 0.0, 0.0, 0.0, 0.0, 1.0, -0.6667, 5.0, -0.6667, 5.3333, -0.6667, 4.6667, -0.3333, 4.6667, 0.0, 5.0, 0.3333, 4.6667, 0.6667, 5.0, 1.0, 4.6667, 1.3333, 4.6667, 1.3333, 4.0, 1.3333, 4.0, 1.3333, 4.0, 1.3333, 4.0, 1.0, 4.3333, 1.3333, 4.3333, 1.3333, 4.3333, 1.3333, 4.0, 1.3333, 4.6667, 1.3333, 5.0, 1.3333, 5.6667, 1.3333, 5.3333, 1.3333, 6.0, 1.3333, 5.6667, 1.3333, 5.3333, 1.0, 6.0, 1.3333, 6.0, 1.3333, 2.3333, 0.6667, 9.6667, 3.3333, 9.3333, 3.3333, 8.6667, 3.3333, 8.6667, 3.3333, 8.6667, 3.3333, 9.0, 3.3333, 8.6667, 2.6667, 9.0, 2.0, 8.6667, 1.3333, 9.0, 0.6667, 9.3333, 0.0, 9.6667, 0.0, 10.0, 0.0, 10.0, 0.0, 10.3333, 0.0, 9.6667, 0.0, 10.0, 0.0, 9.3333, 0.3333, 9.3333, 0.6667, 8.3333, 1.0, 8.0, 1.0, 7.0, 1.3333, 6.6667, 1.3333, 6.3333, 1.6667, 5.6667, 1.6667, 5.0, 1.6667, 2.6667, 2.3333, 2.0, 2.0, 0.0, -0.3333, -0.3333, -0.3333, -1.0, -0.6667, -0.6667, -0.3333, -0.6667, -0.6667, 0.3333, -0.6667, 1.0, -1.0, 8.6667, -1.3333, 8.0, -0.3333, 8.3333, -0.3333, 7.6667, 0.6667, 7.6667, 1.6667, 7.6667, 2.3333, 7.3333, 2.3333, 7.3333, 2.3333, 7.0, 2.6667, 6.0, 3.0, 6.3333, 3.3333, 6.0, 3.0, 6.0, 3.0, 5.6667, 3.3333, 5.6667, 3.6667, 5.3333, 3.3333, 6.0, 3.3333, 5.6667, 3.3333, 6.0, 3.0, 6.0, 3.3333, 6.3333, 3.3333, 6.6667, 3.0, 7.6667, 3.0, 7.6667, 3.3333, 8.0, 3.3333, 9.0, 3.3333, 8.6667, 3.0, 9.3333, 3.0]",6.406854,8.073714,91.760558
26,26,5c:01:3b:6b:b0:95,-44,256,"[86.0, -32.0, 4.0, 0.0, 16.3333, 10.0, 16.0, 9.6667, 15.6667, 8.6667, 15.3333, 7.6667, 15.3333, 7.3333, 15.0, 6.6667, 14.6667, 6.0, 14.3333, 5.3333, 14.3333, 4.3333, 14.6667, 3.6667, 14.6667, 3.3333, 14.6667, 3.3333, 14.6667, 2.6667, 14.3333, 2.6667, 14.3333, 2.6667, 14.3333, 3.3333, 13.6667, 3.3333, 13.6667, 4.0, 13.0, 4.0, 12.3333, 4.6667, 11.6667, 4.3333, 11.6667, 5.0, 11.0, 5.0, 10.3333, 5.0, 9.6667, 5.6667, 2.3333, 1.0, 0.0, 0.0, 0.0, 0.0, 0.0, 0.0, 0.0, 0.0, 0.0, 0.0, 0.0, 0.0, 0.0, 0.0, 0.0, 0.0, 0.0, 0.0, 3.0, 0.3333, 13.0, 3.6667, 13.0, 4.6667, 13.0, 5.6667, 13.3333, 6.6667, 13.6667, 7.6667, 13.3333, 8.6667, 13.3333, 9.6667, 13.0, 10.3333, 13.3333, 11.0, 13.0, 11.0, 13.3333, 11.3333, 13.3333, 12.0, 13.3333, 11.6667, 13.3333, 11.6667, 13.3333, 11.6667, 13.3333, 11.6667, 13.0, 11.0, 13.3333, 11.0, 14.3333, 10.6667, 14.6667, 10.6667, 14.6667, 10.6667, 15.3333, 10.3333, 15.3333, 9.6667, 15.6667, 9.6667, 16.6667, 10.3333, 16.6667, 10.3333, 7.6667, 7.0, 28.0, 23.0, 27.0, 22.6667, 26.0, 22.3333, 25.6667, 21.6667, 25.3333, 20.6667, 25.3333, 20.3333, 25.0, 18.6667, 25.3333, 17.3333, 24.6667, 15.3333, 25.0, 13.6667, 25.3333, 12.0, 25.6667, 11.3333, 26.3333, 11.3333, 26.3333, 11.3333, 26.3333, 11.0, 25.3333, 11.0, 25.3333, 10.6667, 24.6667, 11.3333, 24.3333, 12.0, 22.6667, 12.0, 21.6667, 12.3333, 20.0, 12.6667, 19.0, 12.6667, 18.3333, 12.6667, 17.0, 13.0, 15.6667, 13.0, 10.3333, 16.3333, 9.6667, 16.3333, 1.3333, 2.3333, 0.0, 0.3333, -1.0, -1.0, -1.0, -0.3333, -1.0, -1.0, 1.0, -0.3333, 3.3333, 0.6667, 22.3333, 9.3333, 21.6667, 11.3333, 23.0, 11.0, 22.3333, 13.6667, 22.3333, 16.3333, 22.3333, 18.0, 22.3333, 19.3333, 22.0, 20.6667, 21.6667, 22.0, 20.3333, 23.3333, 20.3333, 24.0, 19.6667, 24.0, 20.0, 24.3333, 19.3333, 25.0, 19.3333, 25.6667, 18.6667, 25.6667, 19.3333, 25.6667, 19.3333, 25.6667, 20.0, 24.6667, 20.0, 24.3333, 20.6667, 24.6667, 21.6667, 24.0, 23.3333, 23.6667, 24.3333, 23.6667, 24.6667, 22.6667, 26.3333, 23.0, 26.6667, 22.6667, 27.6667, 22.6667]",20.153991,12.168014,91.760558
27,27,5c:01:3b:6b:b0:95,-44,256,"[86.0, -32.0, 4.0, 0.0, 13.6667, 3.3333, 13.3333, 3.0, 12.6667, 2.3333, 12.0, 1.6667, 12.0, 1.3333, 11.3333, 1.0, 10.6667, 0.3333, 10.0, -0.3333, 10.0, -1.0, 10.0, -1.3333, 9.6667, -1.6667, 9.3333, -1.6667, 9.3333, -2.0, 9.0, -2.0, 9.0, -2.0, 9.0, -1.6667, 8.6667, -1.6667, 9.0, -1.0, 8.6667, -0.6667, 8.3333, 0.0, 8.3333, 0.0, 8.6667, 0.6667, 8.3333, 1.0, 8.3333, 1.0, 8.0, 1.6667, 2.0, 0.0, 0.0, 0.0, 0.0, 0.0, 0.0, 0.0, 0.0, 0.0, 0.0, 0.0, 0.0, 0.0, 0.0, 0.0, 0.0, 0.0, 0.0, 0.0, 2.0, -0.6667, 9.3333, -1.0, 9.6667, -0.3333, 10.3333, 0.6667, 11.0, 1.3333, 11.6667, 2.0, 12.0, 3.0, 12.0, 3.6667, 12.3333, 4.0, 13.0, 4.6667, 13.3333, 4.6667, 14.0, 5.0, 14.3333, 5.6667, 14.3333, 5.3333, 14.0, 5.3333, 14.0, 5.3333, 13.6667, 5.0, 13.3333, 4.6667, 13.0, 4.6667, 13.6667, 4.6667, 13.3333, 4.3333, 13.0, 4.0, 13.3333, 4.0, 13.3333, 3.3333, 14.0, 3.3333, 14.6667, 3.6667, 14.6667, 3.3333, 7.3333, 3.3333, 26.0, 11.0, 25.3333, 11.0, 24.6667, 11.0, 24.0, 10.6667, 23.3333, 10.0, 22.3333, 9.3333, 21.6667, 8.3333, 21.3333, 7.0, 20.0, 5.3333, 19.3333, 4.0, 19.0, 2.6667, 18.3333, 2.0, 18.3333, 2.0, 18.3333, 2.0, 18.3333, 2.0, 18.0, 2.0, 18.3333, 2.0, 18.0, 2.3333, 18.3333, 3.0, 17.6667, 3.6667, 17.3333, 4.0, 16.3333, 4.6667, 15.6667, 5.0, 15.6667, 5.3333, 15.3333, 6.0, 15.0, 6.0, 13.3333, 10.0, 12.6667, 10.3333, 2.0, 1.3333, 0.0, 0.0, -1.0, -0.6667, -1.0, -0.3333, -1.0, -0.6667, 0.3333, -0.6667, 2.0, -0.3333, 15.3333, 2.3333, 16.3333, 4.3333, 18.0, 3.0, 19.0, 5.0, 20.0, 7.3333, 21.0, 8.6667, 22.0, 9.6667, 22.6667, 10.6667, 23.3333, 12.0, 23.3333, 12.6667, 23.6667, 13.3333, 23.6667, 13.3333, 24.3333, 13.6667, 24.0, 14.0, 24.0, 14.6667, 23.6667, 14.6667, 24.0, 14.6667, 24.0, 14.6667, 24.0, 14.0, 23.6667, 13.6667, 23.6667, 13.6667, 24.0, 13.0, 25.0, 12.6667, 25.0, 12.3333, 24.6667, 11.3333, 25.3333, 11.3333, 25.6667, 11.0, 26.3333, 11.0]",15.588062,10.881112,91.760558
28,28,5c:01:3b:6b:b0:95,-44,256,"[86.0, -32.0, 4.0, 0.0, 13.6667, -11.6667, 13.3333, -11.3333, 12.3333, -11.6667, 11.3333, -12.0, 11.0, -12.0, 10.0, -12.0, 9.0, -12.0, 8.0, -12.6667, 8.0, -13.0, 7.3333, -13.3333, 7.0, -13.3333, 6.3333, -13.3333, 6.3333, -13.6667, 6.0, -14.0, 6.0, -14.0, 6.0, -13.3333, 6.0, -13.3333, 6.3333, -12.6667, 6.3333, -12.0, 6.3333, -11.0, 7.0, -10.3333, 7.3333, -9.0, 7.3333, -8.6667, 8.0, -8.6667, 8.0, -7.6667, 2.0, -2.3333, 0.0, 0.0, 0.0, 0.0, 0.0, 0.0, 0.0, 0.0, 0.0, 0.0, 0.0, 0.0, 0.0, 0.0, 0.0, 0.0, 0.0, 0.0, 1.3333, -3.3333, 7.6667, -11.3333, 8.3333, -11.0, 9.6667, -10.3333, 10.6667, -10.0, 11.6667, -9.6667, 12.6667, -9.3333, 13.0, -9.0, 14.0, -8.3333, 15.0, -7.6667, 16.0, -7.6667, 16.6667, -7.6667, 17.3333, -7.0, 17.3333, -7.0, 16.6667, -6.6667, 16.6667, -7.0, 16.3333, -7.3333, 15.6667, -7.6667, 15.0, -8.0, 15.3333, -8.3333, 14.3333, -9.0, 14.0, -9.3333, 14.0, -9.6667, 13.6667, -10.6667, 14.6667, -10.6667, 15.0, -11.3333, 15.0, -12.3333, 9.0, -5.0, 30.6667, -16.0, 30.0, -15.3333, 29.3333, -14.6667, 28.3333, -14.6667, 27.3333, -15.0, 25.3333, -15.3333, 24.3333, -16.0, 23.0, -16.6667, 21.3333, -18.0, 19.6667, -19.0, 18.3333, -20.3333, 17.0, -21.3333, 16.3333, -21.3333, 16.3333, -21.3333, 16.3333, -20.6667, 16.3333, -20.6667, 16.6667, -20.0, 17.0, -19.3333, 17.6667, -18.3333, 17.6667, -17.3333, 17.6667, -16.0, 17.0, -14.6667, 16.6667, -13.6667, 17.0, -13.0, 17.6667, -11.6667, 18.0, -10.3333, 20.6667, -3.6667, 21.0, -2.3333, 3.3333, -0.6667, 0.6667, -0.6667, -1.0, -0.3333, -1.0, 0.0, -1.0, -0.3333, 0.0, -1.6667, 2.0, -3.6667, 15.0, -17.3333, 17.3333, -15.3333, 18.0, -17.0, 20.6667, -15.3333, 23.0, -13.6667, 25.0, -12.3333, 27.0, -11.0, 28.6667, -10.0, 30.3333, -8.3333, 31.3333, -7.3333, 32.0, -6.6667, 32.6667, -7.0, 33.3333, -7.3333, 33.6667, -7.0, 33.6667, -6.3333, 33.6667, -6.0, 33.6667, -6.0, 33.6667, -6.0, 33.0, -6.3333, 32.3333, -7.0, 32.0, -8.0, 32.0, -9.0, 32.0, -10.0, 31.3333, -11.6667, 30.3333, -13.3333, 30.3333, -14.0, 30.6667, -15.3333, 31.3333, -15.6667]",19.960489,12.108876,91.760558
29,29,5c:01:3b:6b:b0:95,-44,256,"[86.0, -32.0, 4.0, 0.0, 8.6667, -20.6667, 8.6667, -20.0, 7.6667, -20.0, 6.6667, -20.0, 6.3333, -20.0, 5.3333, -19.3333, 4.3333, -19.3333, 3.3333, -19.6667, 3.3333, -19.6667, 3.0, -19.6667, 2.3333, -19.6667, 1.3333, -19.6667, 1.3333, -19.6667, 1.3333, -20.3333, 1.3333, -20.3333, 1.3333, -19.6667, 1.3333, -19.6667, 2.0, -19.3333, 2.0, -18.3333, 2.0, -17.3333, 3.0, -16.3333, 3.6667, -14.6667, 3.6667, -14.3333, 4.6667, -14.3333, 4.6667, -13.3333, 1.3333, -3.6667, 0.0, 0.0, 0.0, 0.0, 0.0, 0.0, 0.0, 0.0, 0.0, 0.0, 0.0, 0.0, 0.0, 0.0, 0.0, 0.0, 0.0, 0.0, 0.3333, -4.6667, 4.0, -17.0, 5.0, -17.0, 6.0, -16.6667, 7.0, -16.6667, 8.0, -16.6667, 9.0, -17.0, 9.3333, -17.0, 10.3333, -16.3333, 11.3333, -16.0, 12.3333, -16.0, 13.0, -16.0, 14.0, -15.6667, 14.0, -15.6667, 13.0, -15.0, 13.0, -15.6667, 12.3333, -16.0, 12.0, -16.0, 11.3333, -16.6667, 11.3333, -16.6667, 10.3333, -17.6667, 9.6667, -18.0, 9.6667, -18.0, 9.3333, -19.0, 10.3333, -19.0, 10.3333, -20.0, 10.3333, -21.6667, 6.0, -10.3333, 20.6667, -33.0, 20.3333, -32.0, 20.0, -31.0, 19.0, -30.3333, 18.0, -30.3333, 16.0, -30.6667, 15.0, -30.6667, 13.6667, -31.0, 12.0, -32.0, 10.0, -32.3333, 8.6667, -33.3333, 7.0, -34.3333, 6.0, -34.3333, 6.0, -34.3333, 6.0, -33.3333, 6.6667, -33.3333, 7.3333, -32.3333, 7.6667, -31.6667, 8.3333, -30.6667, 9.0, -29.3333, 9.6667, -27.6667, 9.3333, -26.3333, 9.3333, -24.6667, 10.0, -23.6667, 11.0, -22.3333, 11.6667, -20.6667, 16.3333, -14.0, 17.3333, -12.6667, 2.6667, -2.3333, 0.3333, -1.0, -1.0, 0.0, -1.0, 0.0, -1.0, 0.0, -0.6667, -2.0, 0.3333, -5.3333, 5.6667, -27.6667, 8.3333, -25.6667, 10.0, -28.0, 13.0, -27.0, 15.3333, -26.3333, 17.3333, -25.3333, 19.3333, -24.3333, 21.3333, -24.0, 23.3333, -22.6667, 25.0, -22.0, 26.0, -21.6667, 27.0, -22.3333, 27.6667, -23.0, 28.0, -23.0, 28.0, -22.6667, 28.0, -22.0, 28.0, -22.0, 28.0, -22.0, 27.0, -22.0, 26.0, -22.3333, 25.3333, -24.0, 24.6667, -25.0, 24.3333, -26.0, 22.6667, -28.0, 21.6667, -29.3333, 21.0, -30.3333, 21.0, -32.0, 21.3333, -32.6667]",23.222164,12.787263,91.760558
30,30,5c:01:3b:6b:b0:95,-44,256,"[86.0, -32.0, 4.0, 0.0, -0.3333, -10.6667, 0.0, -10.0, -0.3333, -10.0, -0.6667, -10.0, -1.0, -10.0, -1.3333, -9.3333, -1.6667, -9.3333, -2.0, -9.0, -1.6667, -9.0, -2.0, -8.6667, -2.0, -8.6667, -2.6667, -8.6667, -2.6667, -8.6667, -2.6667, -9.3333, -2.6667, -9.0, -2.6667, -8.6667, -2.6667, -8.6667, -2.3333, -9.0, -2.3333, -8.6667, -2.3333, -8.3333, -1.6667, -8.0, -1.3333, -7.0, -1.3333, -7.0, -0.6667, -7.3333, -0.6667, -6.6667, -0.3333, -2.0, 0.0, 0.0, 0.0, 0.0, 0.0, 0.0, 0.0, 0.0, 0.0, 0.0, 0.0, 0.0, 0.0, 0.0, 0.0, 0.0, 0.0, 0.0, -0.6667, -2.3333, -1.0, -7.6667, -0.6667, -7.6667, -0.3333, -8.0, 0.0, -8.0, 0.3333, -8.3333, 0.6667, -9.0, 0.6667, -9.0, 1.0, -8.3333, 1.3333, -8.6667, 1.6667, -8.6667, 1.6667, -8.6667, 2.3333, -8.6667, 2.3333, -9.0, 2.0, -8.3333, 2.0, -9.0, 1.6667, -9.0, 1.3333, -8.6667, 1.3333, -9.3333, 1.3333, -9.0, 0.6667, -9.6667, 0.3333, -9.3333, 0.3333, -9.3333, 0.3333, -9.6667, 0.6667, -9.6667, 0.6667, -10.0, 0.6667, -11.0, 0.0, -6.3333, 2.0, -18.6667, 1.6667, -18.0, 1.6667, -17.3333, 1.6667, -16.6667, 1.3333, -16.6667, 0.6667, -16.6667, 0.3333, -16.6667, 0.0, -16.3333, -0.6667, -16.6667, -1.3333, -16.0, -1.6667, -16.3333, -2.3333, -16.6667, -3.0, -16.6667, -3.0, -16.6667, -3.0, -16.0, -2.6667, -16.0, -2.3333, -15.6667, -2.0, -15.3333, -1.6667, -15.0, -1.3333, -15.0, -1.0, -14.0, -1.0, -14.0, -1.0, -13.0, -0.6667, -12.6667, 0.0, -12.3333, 0.3333, -11.6667, 2.6667, -10.0, 3.3333, -10.0, 0.0, -2.0, -0.3333, -0.6667, -0.6667, -0.3333, -0.6667, -0.3333, -0.6667, -0.3333, -0.6667, -1.0, -0.6667, -3.0, -1.6667, -14.0, -0.6667, -13.3333, -0.6667, -14.0, 0.6667, -14.0, 1.3333, -14.6667, 2.0, -14.3333, 2.3333, -14.0, 3.0, -14.3333, 4.0, -14.0, 4.3333, -13.6667, 4.6667, -13.6667, 5.3333, -14.6667, 5.3333, -15.3333, 5.3333, -15.3333, 5.3333, -15.3333, 5.3333, -14.6667, 5.3333, -15.0, 5.3333, -14.6667, 4.6667, -14.3333, 4.3333, -14.3333, 4.3333, -15.3333, 4.0, -15.6667, 4.0, -16.0, 3.0, -16.6667, 2.6667, -17.0, 2.0, -17.0, 2.0, -18.0, 2.3333, -18.6667]",11.244973,8.847241,91.760558
31,31,5c:01:3b:6b:b0:95,-43,256,"[86.0, -32.0, 4.0, 0.0, -12.3333, 1.6667, -11.6667, 2.0, -11.3333, 2.0, -11.0, 2.0, -11.0, 2.0, -10.6667, 2.3333, -10.6667, 2.3333, -10.0, 3.0, -9.6667, 3.0, -9.3333, 3.6667, -9.3333, 3.6667, -9.3333, 3.6667, -9.3333, 3.6667, -9.3333, 3.3333, -9.3333, 4.0, -9.3333, 3.6667, -9.3333, 3.6667, -9.0, 3.0, -9.0, 2.6667, -9.0, 2.3333, -8.6667, 2.0, -8.3333, 2.0, -8.3333, 2.0, -7.6667, 1.3333, -8.0, 1.6667, -2.3333, 0.0, 0.0, 0.0, 0.0, 0.0, 0.0, 0.0, 0.0, 0.0, 0.0, 0.0, 0.0, 0.0, 0.0, 0.0, 0.0, 0.0, 0.0, 0.0, -2.3333, 0.3333, -8.3333, 2.6667, -8.6667, 2.6667, -9.0, 2.0, -9.3333, 2.0, -9.6667, 1.3333, -9.6667, 1.0, -10.3333, 1.0, -10.6667, 1.3333, -11.0, 0.6667, -11.3333, 0.6667, -11.6667, 0.6667, -11.3333, 0.6667, -11.3333, 0.0, -11.0, 0.3333, -11.0, 0.0, -11.3333, 0.0, -11.3333, 0.6667, -11.0, 0.3333, -11.0, 1.0, -11.3333, 0.6667, -11.6667, 1.3333, -11.6667, 1.3333, -11.3333, 1.6667, -11.6667, 1.6667, -11.6667, 2.0, -11.6667, 2.0, -8.0, -0.6667, -23.3333, 0.6667, -23.3333, 1.0, -22.6667, 1.3333, -21.6667, 1.6667, -21.3333, 1.6667, -20.6667, 1.6667, -20.3333, 1.6667, -20.0, 2.3333, -20.6667, 2.6667, -20.0, 4.0, -19.3333, 4.3333, -19.3333, 4.6667, -19.6667, 4.6667, -19.6667, 4.6667, -19.6667, 5.0, -19.3333, 5.0, -18.6667, 4.6667, -18.6667, 4.3333, -18.3333, 4.0, -18.0, 3.0, -17.3333, 3.0, -16.6667, 2.0, -16.6667, 2.0, -16.0, 1.6667, -15.0, 1.3333, -14.6667, 0.6667, -15.3333, -2.0, -15.0, -3.0, -3.3333, -1.0, -1.3333, -0.3333, -0.3333, -0.6667, -0.3333, -0.6667, -0.3333, -0.6667, -1.3333, 0.0, -3.3333, 0.0, -17.6667, 3.0, -17.3333, 2.3333, -17.3333, 3.0, -17.0, 2.0, -18.0, 0.6667, -18.6667, 0.3333, -20.0, 0.0, -20.6667, -0.6667, -20.6667, -1.0, -21.3333, -1.3333, -21.6667, -1.3333, -21.3333, -2.3333, -21.6667, -2.6667, -22.3333, -2.6667, -22.3333, -2.6667, -22.3333, -2.3333, -22.3333, -3.0, -22.3333, -2.3333, -22.6667, -1.6667, -22.3333, -1.6667, -22.0, -1.6667, -22.3333, -1.3333, -21.6667, -1.0, -22.3333, -0.3333, -22.0, 0.0, -23.0, 1.0, -23.0, 1.0, -23.0, 0.6667]",13.935998,9.859681,91.760558
32,32,5c:01:3b:6b:b0:95,-44,256,"[86.0, -32.0, 4.0, 0.0, -21.3333, 11.0, -20.3333, 11.0, -19.3333, 10.6667, -18.3333, 10.6667, -18.3333, 10.6667, -17.3333, 10.3333, -16.6667, 10.3333, -15.3333, 10.6667, -14.6667, 10.6667, -14.3333, 11.3333, -13.6667, 11.0, -13.3333, 11.0, -13.3333, 11.0, -13.3333, 11.0, -13.3333, 11.6667, -13.3333, 11.3333, -13.3333, 11.3333, -13.3333, 10.6667, -13.3333, 10.0, -13.3333, 9.3333, -13.3333, 8.6667, -13.3333, 8.0, -13.3333, 8.3333, -13.0, 7.6667, -13.3333, 7.6667, -4.0, 1.3333, 0.0, 0.0, 0.0, 0.0, 0.0, 0.0, 0.0, 0.0, 0.0, 0.0, 0.0, 0.0, 0.0, 0.0, 0.0, 0.0, 0.0, 0.0, -3.3333, 2.0, -13.3333, 9.0, -14.3333, 9.3333, -15.3333, 9.0, -16.3333, 9.0, -17.3333, 8.6667, -18.0, 8.6667, -18.6667, 9.0, -19.0, 9.0, -19.6667, 8.6667, -20.3333, 8.6667, -21.3333, 9.0, -21.3333, 9.0, -21.3333, 8.3333, -20.6667, 8.3333, -20.3333, 8.3333, -20.6667, 8.0, -20.6667, 8.6667, -20.0, 8.6667, -20.3333, 9.3333, -20.3333, 9.3333, -20.6667, 10.0, -21.0, 9.6667, -20.3333, 10.3333, -21.3333, 10.3333, -21.3333, 11.0, -21.3333, 11.6667, -13.3333, 6.0, -40.6667, 22.0, -40.3333, 22.0, -39.6667, 21.6667, -38.0, 21.3333, -37.0, 21.0, -35.6667, 20.3333, -35.0, 20.0, -33.6667, 20.0, -33.3333, 20.0, -31.3333, 20.6667, -29.6667, 21.0, -28.6667, 21.3333, -28.6667, 21.6667, -28.6667, 21.6667, -28.6667, 21.6667, -28.6667, 21.6667, -28.3333, 21.0, -28.3333, 20.3333, -28.3333, 19.6667, -28.3333, 18.6667, -28.0, 18.0, -27.0, 16.6667, -27.0, 16.3333, -26.6667, 16.0, -26.0, 15.3333, -25.3333, 14.3333, -25.3333, 9.3333, -24.3333, 7.6667, -5.0, 0.6667, -1.6667, 0.0, 0.0, -1.0, 0.0, -1.0, 0.0, -1.0, -1.3333, 0.6667, -4.3333, 2.3333, -25.0, 16.3333, -26.3333, 15.6667, -28.0, 17.0, -29.3333, 16.6667, -31.0, 16.3333, -32.0, 16.3333, -34.0, 16.6667, -35.3333, 16.0, -35.6667, 15.0, -37.0, 14.0, -37.6667, 14.0, -37.6667, 13.3333, -38.3333, 13.6667, -39.3333, 13.6667, -39.0, 13.3333, -38.6667, 13.3333, -38.6667, 12.6667, -39.0, 13.3333, -39.0, 14.0, -38.6667, 14.3333, -38.0, 15.3333, -38.3333, 16.3333, -38.0, 17.6667, -39.0, 19.3333, -38.6667, 20.0, -40.0, 21.3333, -40.3333, 22.0, -40.3333, 21.6667]",25.591388,14.690739,91.760558
33,33,5c:01:3b:6b:b0:95,-43,256,"[86.0, -32.0, 4.0, 0.0, -19.0, 5.0, -18.3333, 5.0, -17.3333, 5.0, -16.6667, 5.0, -16.6667, 5.0, -16.0, 4.6667, -15.3333, 4.6667, -14.3333, 5.0, -14.0, 5.0, -13.6667, 5.6667, -13.3333, 5.3333, -13.0, 5.6667, -13.0, 5.6667, -13.0, 5.6667, -13.0, 6.0, -13.0, 5.6667, -12.6667, 5.6667, -12.6667, 5.3333, -12.6667, 5.0, -12.6667, 4.3333, -12.3333, 4.0, -12.3333, 3.6667, -12.3333, 4.0, -11.6667, 3.6667, -12.0, 3.3333, -3.6667, 0.3333, 0.0, 0.0, 0.0, 0.0, 0.0, 0.0, 0.0, 0.0, 0.0, 0.0, 0.0, 0.0, 0.0, 0.0, 0.0, 0.0, 0.0, 0.0, -3.3333, 0.6667, -12.3333, 4.0, -13.0, 4.3333, -14.0, 4.0, -14.6667, 3.6667, -15.3333, 3.6667, -15.6667, 3.6667, -16.0, 3.6667, -16.0, 3.6667, -16.3333, 3.3333, -16.6667, 3.3333, -17.6667, 3.3333, -17.6667, 3.3333, -17.6667, 3.0, -17.0, 3.0, -16.6667, 3.0, -17.3333, 3.0, -17.3333, 3.3333, -17.0, 3.3333, -17.3333, 3.6667, -17.3333, 4.0, -17.6667, 4.3333, -18.3333, 4.0, -18.0, 4.3333, -18.6667, 4.3333, -18.6667, 4.6667, -18.6667, 5.0, -12.6667, 2.3333, -39.3333, 9.3333, -38.6667, 9.3333, -38.3333, 9.0, -37.0, 9.0, -36.0, 9.0, -35.3333, 8.6667, -35.0, 8.6667, -34.3333, 8.6667, -34.6667, 9.0, -33.6667, 9.6667, -33.0, 10.3333, -32.6667, 11.0, -32.6667, 11.6667, -32.6667, 11.6667, -32.3333, 11.6667, -32.3333, 11.6667, -31.6667, 11.3333, -31.3333, 10.6667, -31.0, 10.0, -30.3333, 9.0, -29.6667, 8.3333, -28.3333, 7.3333, -28.0, 7.6667, -27.3333, 7.3333, -26.0, 6.6667, -24.6667, 6.0, -21.6667, 2.3333, -19.6667, 1.0, -4.0, -0.6667, -1.3333, -0.6667, 0.0, -0.6667, 0.0, -1.0, 0.0, -0.6667, -1.6667, 0.3333, -5.0, 1.0, -27.3333, 9.0, -27.6667, 8.3333, -29.3333, 8.0, -29.6667, 7.3333, -30.0, 6.6667, -30.0, 6.0, -31.0, 6.3333, -31.6667, 5.3333, -31.3333, 4.0, -32.0, 2.6667, -32.3333, 2.3333, -32.3333, 1.6667, -32.6667, 1.6667, -33.6667, 1.6667, -33.0, 1.3333, -32.3333, 1.0, -32.3333, 0.6667, -33.0, 1.0, -33.0, 1.6667, -33.3333, 2.3333, -33.0, 3.3333, -33.6667, 4.3333, -34.0, 5.3333, -36.0, 6.6667, -36.3333, 7.6667, -38.0, 8.3333, -38.6667, 8.6667, -38.6667, 8.3333]",21.865981,13.385232,91.760558
34,34,5c:01:3b:6b:b0:95,-40,256,"[86.0, -32.0, 4.0, 0.0, -13.0, -1.0, -12.6667, -1.0, -12.0, -0.6667, -12.0, -0.6667, -12.0, -0.6667, -11.6667, -1.0, -11.3333, -1.0, -11.3333, -0.6667, -11.0, -0.6667, -11.3333, 0.0, -11.3333, -0.3333, -11.3333, 0.3333, -11.3333, 0.3333, -11.0, 0.3333, -11.0, 0.3333, -11.0, 0.0, -10.6667, 0.0, -10.3333, 0.0, -10.3333, 0.0, -10.0, -0.6667, -9.6667, -0.6667, -9.3333, -0.6667, -9.0, -0.3333, -8.6667, -0.3333, -8.3333, -1.0, -2.6667, -0.6667, 0.0, 0.0, 0.0, 0.0, 0.0, 0.0, 0.0, 0.0, 0.0, 0.0, 0.0, 0.0, 0.0, 0.0, 0.0, 0.0, 0.0, 0.0, -2.6667, -0.6667, -9.3333, -1.0, -9.6667, -0.6667, -10.0, -1.0, -10.0, -1.6667, -10.0, -1.3333, -10.0, -1.3333, -10.0, -1.6667, -9.3333, -1.6667, -9.0, -2.0, -9.0, -2.0, -9.6667, -2.3333, -9.6667, -2.3333, -9.6667, -2.3333, -9.3333, -2.3333, -9.0, -2.3333, -9.6667, -2.0, -9.6667, -2.0, -10.0, -2.0, -10.3333, -2.0, -10.6667, -1.3333, -11.3333, -1.3333, -12.0, -1.6667, -12.0, -1.6667, -12.3333, -1.6667, -12.3333, -1.6667, -12.3333, -1.6667, -7.6667, -1.3333, -24.3333, -3.3333, -23.6667, -3.3333, -23.3333, -3.6667, -22.6667, -3.3333, -22.3333, -3.0, -22.6667, -3.0, -23.0, -2.6667, -23.0, -2.6667, -23.3333, -2.0, -23.6667, -1.3333, -23.6667, -0.3333, -24.0, 0.6667, -24.3333, 1.6667, -24.3333, 1.6667, -24.0, 1.6667, -24.0, 1.6667, -23.3333, 1.6667, -22.6667, 1.0, -22.0, 0.3333, -21.0, -0.6667, -20.6667, -1.3333, -19.3333, -2.0, -18.6667, -1.0, -18.3333, -1.3333, -17.0, -2.0, -15.3333, -2.3333, -8.0, -4.6667, -5.6667, -5.6667, -1.3333, -2.0, -0.6667, -1.3333, -0.3333, -0.3333, -0.3333, -1.0, -0.3333, -0.3333, -1.3333, 0.0, -3.6667, -0.3333, -17.6667, 1.6667, -17.3333, 1.0, -20.0, -1.0, -19.3333, -2.0, -18.3333, -3.0, -17.3333, -4.3333, -16.6667, -4.0, -16.3333, -5.3333, -15.0, -7.0, -14.6667, -8.6667, -14.0, -9.3333, -14.0, -10.0, -13.6667, -10.3333, -14.3333, -10.3333, -13.3333, -10.6667, -12.6667, -11.3333, -12.6667, -11.3333, -13.6667, -11.3333, -13.6667, -10.6667, -14.6667, -9.6667, -15.0, -8.6667, -16.0, -7.6667, -17.0, -7.0, -19.3333, -6.0, -20.6667, -4.6667, -22.3333, -4.6667, -23.0, -4.6667, -23.3333, -5.0]",13.856304,9.905906,91.760558
35,35,5c:01:3b:6b:b0:95,-40,256,"[86.0, -32.0, 4.0, 0.0, -10.3333, -4.0, -10.3333, -4.0, -9.6667, -3.0, -10.0, -3.0, -10.0, -3.0, -9.6667, -3.0, -9.6667, -3.0, -9.6667, -2.0, -9.3333, -2.0, -9.6667, -1.0, -10.0, -1.0, -10.0, 0.0, -10.0, 0.0, -9.6667, 0.0, -9.6667, 0.0, -9.6667, -1.0, -9.3333, -1.0, -9.0, -1.0, -9.0, -1.0, -8.6667, -2.0, -8.3333, -2.0, -8.0, -2.0, -7.3333, -2.0, -7.0, -2.0, -6.6667, -3.0, -2.0, -1.0, 0.0, 0.0, 0.0, 0.0, 0.0, 0.0, 0.0, 0.0, 0.0, 0.0, 0.0, 0.0, 0.0, 0.0, 0.0, 0.0, 0.0, 0.0, -2.3333, -1.0, -7.6667, -2.0, -8.0, -2.0, -8.3333, -3.0, -8.3333, -4.0, -8.0, -4.0, -7.6667, -4.0, -7.6667, -5.0, -7.3333, -5.0, -7.0, -6.0, -7.0, -6.0, -7.6667, -7.0, -7.6667, -7.0, -7.6667, -7.0, -7.0, -7.0, -7.0, -7.0, -7.6667, -6.0, -7.6667, -6.0, -8.0, -6.0, -8.0, -6.0, -8.3333, -5.0, -8.6667, -5.0, -9.3333, -5.0, -9.6667, -5.0, -9.6667, -5.0, -9.6667, -5.0, -9.6667, -5.0, -9.0, -6.0, -28.0, -18.0, -27.6667, -18.0, -27.0, -18.0, -26.3333, -17.0, -26.0, -16.0, -26.3333, -15.0, -26.3333, -14.0, -26.6667, -13.0, -26.6667, -11.0, -27.0, -9.0, -27.3333, -7.0, -27.6667, -5.0, -28.0, -4.0, -28.0, -4.0, -27.3333, -4.0, -27.3333, -4.0, -26.6667, -4.0, -26.0, -5.0, -25.3333, -6.0, -24.3333, -8.0, -23.6667, -9.0, -22.3333, -10.0, -21.6667, -9.0, -21.0, -10.0, -19.3333, -11.0, -18.0, -12.0, -11.6667, -15.0, -9.6667, -16.0, -2.0, -4.0, -1.0, -2.0, -0.3333, 0.0, -0.3333, -1.0, -0.3333, 0.0, -1.6667, 0.0, -4.3333, -1.0, -20.3333, -2.0, -20.0, -4.0, -22.3333, -7.0, -22.0, -10.0, -21.3333, -13.0, -21.0, -16.0, -20.6667, -17.0, -20.3333, -19.0, -19.3333, -21.0, -19.0, -23.0, -18.3333, -24.0, -18.6667, -25.0, -18.6667, -26.0, -19.0, -26.0, -18.0, -26.0, -17.6667, -27.0, -17.6667, -27.0, -18.6667, -27.0, -18.6667, -26.0, -19.3333, -25.0, -19.6667, -24.0, -20.6667, -23.0, -21.6667, -23.0, -23.3333, -22.0, -25.0, -20.0, -26.3333, -20.0, -26.6667, -20.0, -27.0, -20.0]",17.212107,12.908108,91.760558
36,36,5c:01:3b:6b:b0:95,-43,256,"[86.0, -32.0, 4.0, 0.0, -7.0, -11.0, -7.0, -11.0, -6.6667, -10.0, -7.3333, -10.0, -7.3333, -9.6667, -7.0, -9.3333, -7.6667, -9.3333, -8.0, -8.3333, -7.6667, -8.3333, -8.3333, -7.3333, -9.0, -7.3333, -9.0, -6.6667, -9.0, -6.6667, -8.3333, -6.6667, -8.3333, -6.6667, -8.3333, -7.3333, -8.3333, -7.3333, -7.6667, -7.3333, -7.6667, -7.0, -7.0, -7.6667, -7.0, -7.3333, -6.3333, -7.0, -5.3333, -7.0, -5.3333, -7.0, -4.6667, -7.6667, -1.3333, -2.0, 0.0, 0.0, 0.0, 0.0, 0.0, 0.0, 0.0, 0.0, 0.0, 0.0, 0.0, 0.0, 0.0, 0.0, 0.0, 0.0, 0.0, 0.0, -2.0, -2.3333, -6.0, -7.3333, -6.3333, -7.6667, -6.0, -8.6667, -5.6667, -9.3333, -5.0, -9.6667, -4.3333, -10.0, -4.3333, -10.6667, -3.6667, -10.6667, -3.0, -11.3333, -3.0, -11.6667, -3.3333, -12.3333, -3.3333, -12.3333, -3.3333, -12.3333, -3.0, -12.0, -3.0, -12.0, -3.3333, -11.3333, -3.3333, -11.3333, -4.0, -11.6667, -4.0, -11.6667, -4.6667, -11.0, -5.3333, -11.3333, -5.6667, -11.3333, -6.3333, -11.3333, -6.3333, -11.6667, -6.3333, -12.0, -6.3333, -12.0, -5.3333, -9.0, -15.3333, -27.6667, -15.3333, -27.6667, -14.6667, -27.3333, -14.3333, -26.3333, -14.6667, -25.3333, -15.3333, -24.3333, -15.6667, -23.3333, -16.3333, -22.3333, -16.3333, -20.6667, -16.6667, -19.3333, -17.3333, -18.0, -17.6667, -16.3333, -18.3333, -16.0, -18.3333, -16.0, -18.0, -15.6667, -18.0, -15.3333, -17.3333, -15.3333, -16.6667, -15.6667, -16.0, -16.3333, -15.0, -17.3333, -14.3333, -17.6667, -13.6667, -18.0, -13.0, -17.0, -12.3333, -17.3333, -11.0, -17.6667, -9.6667, -18.0, -6.0, -19.3333, -4.3333, -19.6667, -1.0, -4.3333, -0.6667, -2.0, -0.6667, 0.0, -0.3333, -0.6667, -0.3333, 0.0, -1.6667, -0.6667, -3.6667, -2.6667, -16.0, -11.3333, -15.3333, -13.0, -14.0, -16.0, -13.3333, -18.3333, -12.3333, -20.6667, -11.6667, -23.0, -11.0, -24.0, -10.0, -25.6667, -8.6667, -27.0, -8.0, -28.6667, -7.0, -29.3333, -7.0, -30.0, -6.6667, -31.0, -6.6667, -31.3333, -6.0, -31.3333, -6.0, -32.0, -6.0, -32.0, -6.6667, -32.0, -7.0, -31.3333, -7.3333, -30.6667, -8.0, -30.3333, -9.0, -29.6667, -10.0, -30.0, -11.0, -29.3333, -13.0, -28.0, -13.6667, -28.6667, -13.6667, -29.0, -14.0, -29.0]",17.385327,12.065629,91.760558
37,37,5c:01:3b:6b:b0:95,-43,256,"[86.0, -32.0, 4.0, 0.0, -10.0, -9.6667, -10.0, -9.6667, -9.3333, -8.6667, -9.6667, -8.6667, -9.6667, -8.3333, -9.0, -8.0, -9.3333, -7.6667, -9.0, -7.0, -8.3333, -7.0, -8.6667, -6.0, -9.0, -6.0, -9.0, -5.6667, -9.0, -5.6667, -8.6667, -5.6667, -8.6667, -5.6667, -8.6667, -6.0, -8.6667, -6.0, -8.3333, -6.0, -8.3333, -6.0, -8.0, -6.3333, -8.0, -6.0, -7.6667, -6.0, -6.6667, -6.0, -6.6667, -6.0, -6.3333, -6.6667, -1.6667, -1.6667, 0.0, 0.0, 0.0, 0.0, 0.0, 0.0, 0.0, 0.0, 0.0, 0.0, 0.0, 0.0, 0.0, 0.0, 0.0, 0.0, 0.0, 0.0, -2.0, -2.0, -7.0, -6.3333, -7.6667, -6.6667, -8.0, -7.6667, -8.3333, -8.0, -8.0, -8.6667, -8.0, -9.0, -8.0, -9.3333, -8.0, -9.6667, -7.6667, -10.0, -7.6667, -10.6667, -8.0, -11.0, -8.0, -11.0, -8.0, -11.0, -7.6667, -10.6667, -7.6667, -10.6667, -8.0, -10.3333, -8.0, -10.3333, -8.3333, -10.3333, -8.3333, -10.3333, -8.6667, -10.0, -9.3333, -10.0, -9.3333, -10.0, -9.6667, -9.6667, -9.6667, -10.0, -10.0, -10.3333, -10.0, -10.3333, -11.3333, -7.3333, -34.3333, -22.0, -34.3333, -22.3333, -33.3333, -22.0, -32.6667, -21.0, -32.0, -20.3333, -31.6667, -19.3333, -31.3333, -18.3333, -30.6667, -17.0, -29.6667, -15.6667, -28.6667, -14.3333, -28.6667, -13.0, -28.3333, -11.6667, -28.6667, -11.3333, -28.6667, -11.3333, -28.0, -11.0, -28.0, -10.6667, -27.6667, -11.0, -27.3333, -11.0, -27.0, -11.6667, -26.3333, -12.3333, -25.3333, -13.0, -24.6667, -13.3333, -24.3333, -13.0, -23.3333, -13.0, -22.6667, -13.3333, -21.6667, -14.0, -20.6667, -16.0, -19.0, -16.6667, -3.6667, -3.6667, -1.3333, -1.6667, -0.3333, -0.3333, 0.0, -0.6667, 0.0, -0.3333, -2.0, -0.6667, -5.3333, -2.0, -26.3333, -8.3333, -27.0, -10.0, -24.6667, -12.3333, -26.0, -14.6667, -27.0, -17.0, -27.3333, -19.0, -27.6667, -20.3333, -27.3333, -22.0, -27.0, -23.0, -27.0, -24.6667, -26.6667, -25.3333, -26.6667, -25.6667, -27.0, -26.3333, -27.0, -27.0, -26.6667, -27.0, -26.6667, -27.6667, -26.6667, -27.6667, -27.3333, -27.3333, -27.3333, -27.0, -27.3333, -26.0, -28.0, -25.6667, -28.6667, -25.0, -29.6667, -25.0, -30.3333, -24.0, -32.0, -22.6667, -32.6667, -23.0, -33.0, -23.3333, -33.0, -23.0]",20.629333,14.644576,91.760558
38,38,5c:01:3b:6b:b0:95,-43,256,"[86.0, -32.0, 4.0, 0.0, -4.6667, -13.6667, -5.0, -13.6667, -4.6667, -12.6667, -5.0, -12.6667, -5.3333, -12.3333, -5.0, -11.6667, -5.3333, -11.3333, -5.6667, -11.0, -5.6667, -11.0, -6.0, -10.3333, -6.6667, -10.3333, -6.6667, -10.3333, -6.6667, -10.3333, -6.3333, -10.3333, -6.3333, -10.3333, -6.3333, -10.3333, -6.3333, -10.0, -5.6667, -10.0, -5.6667, -10.0, -5.0, -9.6667, -5.0, -9.3333, -4.3333, -9.0, -3.6667, -9.0, -3.6667, -9.0, -3.3333, -9.3333, -1.0, -2.3333, 0.0, 0.0, 0.0, 0.0, 0.0, 0.0, 0.0, 0.0, 0.0, 0.0, 0.0, 0.0, 0.0, 0.0, 0.0, 0.0, 0.0, 0.0, -1.6667, -2.6667, -4.6667, -9.6667, -4.6667, -10.0, -4.3333, -11.0, -4.3333, -11.0, -3.6667, -11.6667, -3.3333, -12.0, -3.0, -12.3333, -3.0, -12.6667, -2.3333, -12.6667, -2.3333, -13.3333, -2.3333, -13.3333, -2.3333, -13.3333, -2.3333, -13.3333, -2.3333, -13.0, -2.3333, -13.0, -2.3333, -13.0, -2.3333, -13.0, -3.0, -13.0, -3.0, -13.0, -3.3333, -13.0, -4.0, -13.3333, -3.6667, -13.3333, -4.3333, -13.0, -4.3333, -13.3333, -4.6667, -14.0, -4.6667, -14.3333, -6.3333, -8.3333, -18.0, -25.3333, -18.0, -25.6667, -17.3333, -25.0, -17.0, -24.0, -17.0, -23.6667, -17.0, -22.6667, -17.3333, -22.0, -17.3333, -21.0, -17.3333, -20.3333, -17.3333, -19.6667, -18.3333, -19.0, -18.6667, -18.3333, -19.3333, -18.6667, -19.3333, -18.6667, -19.0, -18.0, -19.0, -17.6667, -18.3333, -17.6667, -17.6667, -17.3333, -17.0, -17.3333, -15.6667, -17.3333, -14.6667, -17.3333, -14.3333, -17.0, -13.6667, -16.6667, -12.6667, -16.3333, -12.0, -16.0, -10.6667, -16.0, -11.3333, -16.0, -9.6667, -16.0, -2.0, -3.3333, -0.6667, -1.3333, -0.6667, -0.3333, 0.0, -0.3333, 0.0, -0.3333, -2.0, -1.3333, -4.6667, -3.0, -21.6667, -14.6667, -21.0, -15.6667, -15.3333, -17.3333, -15.0, -18.6667, -15.0, -20.0, -14.3333, -21.0, -14.0, -22.0, -13.0, -23.0, -12.0, -23.3333, -11.6667, -24.3333, -11.0, -24.6667, -10.3333, -24.6667, -10.0, -25.3333, -10.0, -26.0, -10.0, -26.0, -10.0, -26.3333, -10.0, -26.3333, -10.3333, -26.0, -10.6667, -26.0, -10.6667, -25.3333, -11.6667, -25.3333, -12.3333, -25.3333, -13.3333, -25.6667, -14.0, -25.0, -15.6667, -24.6667, -16.0, -25.3333, -16.3333, -26.0, -16.3333, -25.6667]",17.524298,11.460061,91.760558
39,39,5c:01:3b:6b:b0:95,-41,256,"[86.0, -32.0, 4.0, 0.0, -8.0, -6.6667, -8.3333, -6.6667, -8.0, -5.6667, -7.6667, -5.3333, -8.0, -5.3333, -7.6667, -4.6667, -7.3333, -4.3333, -7.3333, -4.0, -7.3333, -3.6667, -7.3333, -3.3333, -7.6667, -3.0, -7.6667, -3.0, -7.6667, -3.0, -7.6667, -2.6667, -7.6667, -2.6667, -7.6667, -3.0, -7.3333, -2.6667, -7.0, -2.6667, -7.0, -3.3333, -6.6667, -3.0, -6.3333, -3.3333, -6.0, -3.6667, -5.6667, -3.6667, -5.6667, -3.6667, -5.3333, -4.3333, -1.6667, -1.3333, 0.0, 0.0, 0.0, 0.0, 0.0, 0.0, 0.0, 0.0, 0.0, 0.0, 0.0, 0.0, 0.0, 0.0, 0.0, 0.0, 0.0, 0.0, -2.0, -1.0, -6.3333, -3.6667, -6.6667, -4.0, -6.6667, -5.3333, -7.3333, -5.6667, -7.0, -6.0, -7.0, -6.3333, -6.6667, -7.0, -7.3333, -7.3333, -7.0, -7.6667, -7.0, -8.3333, -7.0, -8.6667, -7.0, -8.6667, -7.0, -8.6667, -7.0, -8.6667, -7.0, -8.6667, -7.0, -8.3333, -7.0, -8.3333, -7.3333, -7.6667, -7.3333, -7.6667, -7.3333, -7.3333, -8.0, -7.3333, -7.6667, -7.0, -8.0, -6.6667, -8.0, -6.6667, -8.6667, -7.0, -8.6667, -7.0, -11.3333, -4.0, -34.6667, -11.0, -34.6667, -11.6667, -33.6667, -11.3333, -32.6667, -10.3333, -32.0, -10.0, -31.3333, -9.0, -31.0, -8.6667, -30.6667, -7.3333, -30.0, -6.3333, -29.3333, -5.0, -29.6667, -4.0, -29.3333, -3.0, -29.6667, -3.0, -29.6667, -3.0, -29.3333, -2.6667, -29.0, -2.6667, -28.6667, -2.6667, -28.0, -3.0, -27.6667, -3.3333, -26.6667, -4.0, -25.6667, -4.6667, -25.0, -5.3333, -24.3333, -5.3333, -23.3333, -5.6667, -22.3333, -6.0, -21.3333, -6.6667, -21.3333, -8.3333, -20.0, -9.3333, -4.0, -2.3333, -1.3333, -1.0, -0.3333, -0.6667, 0.0, -0.6667, 0.0, -0.6667, -2.0, -0.6667, -5.3333, -0.6667, -27.0, -2.3333, -27.3333, -3.6667, -25.3333, -5.3333, -26.0, -7.3333, -27.0, -9.0, -27.3333, -10.3333, -28.0, -11.6667, -27.6667, -13.0, -27.6667, -13.6667, -28.0, -15.0, -27.6667, -15.6667, -27.6667, -16.0, -27.6667, -16.3333, -27.6667, -17.0, -27.6667, -17.0, -27.6667, -17.3333, -27.6667, -17.3333, -28.0, -16.6667, -28.0, -16.3333, -28.0, -15.6667, -28.6667, -15.0, -29.3333, -14.6667, -30.3333, -14.3333, -30.6667, -13.3333, -32.0, -12.3333, -32.6667, -12.0, -33.3333, -12.3333, -33.6667, -12.0]",17.955043,13.716282,91.760558
40,40,5c:01:3b:6b:b0:95,-43,256,"[86.0, -32.0, 4.0, 0.0, -12.0, -8.0, -12.0, -8.0, -11.6667, -7.0, -11.0, -6.3333, -11.3333, -6.3333, -11.3333, -5.3333, -10.6667, -5.3333, -10.6667, -4.6667, -10.6667, -4.0, -10.3333, -4.0, -10.6667, -3.3333, -10.6667, -3.3333, -10.6667, -3.3333, -10.3333, -2.6667, -10.6667, -2.6667, -10.6667, -3.3333, -10.0, -3.0, -9.6667, -3.0, -9.6667, -3.6667, -9.3333, -3.3333, -9.0, -4.0, -8.3333, -4.3333, -8.3333, -4.3333, -8.3333, -4.3333, -8.0, -5.0, -2.3333, -1.6667, 0.0, 0.0, 0.0, 0.0, 0.0, 0.0, 0.0, 0.0, 0.0, 0.0, 0.0, 0.0, 0.0, 0.0, 0.0, 0.0, 0.0, 0.0, -3.0, -1.0, -9.3333, -4.0, -9.6667, -4.6667, -9.6667, -6.3333, -10.3333, -7.0, -10.0, -7.0, -10.0, -7.6667, -10.0, -8.6667, -10.3333, -8.6667, -10.0, -9.3333, -10.3333, -10.0, -10.3333, -10.6667, -10.3333, -10.6667, -10.3333, -10.6667, -10.0, -10.6667, -10.3333, -10.6667, -10.3333, -10.0, -10.3333, -10.0, -10.6667, -9.3333, -10.6667, -9.3333, -10.6667, -8.6667, -11.3333, -9.0, -11.3333, -8.3333, -11.6667, -8.3333, -11.6667, -8.3333, -12.3333, -8.6667, -12.3333, -8.3333, -11.0, -4.3333, -33.0, -12.0, -33.0, -12.6667, -32.3333, -12.3333, -31.0, -11.3333, -30.3333, -10.6667, -30.0, -9.6667, -29.6667, -9.6667, -29.6667, -8.3333, -29.3333, -7.0, -28.6667, -5.6667, -29.0, -5.0, -29.0, -3.6667, -29.3333, -4.0, -29.3333, -4.0, -29.0, -3.6667, -28.6667, -3.6667, -28.3333, -3.3333, -27.6667, -4.0, -27.0, -4.3333, -26.0, -5.0, -25.0, -5.3333, -24.3333, -6.3333, -23.3333, -6.0, -22.6667, -6.6667, -21.3333, -7.0, -20.3333, -7.3333, -21.0, -7.6667, -19.6667, -8.6667, -4.0, -2.0, -1.3333, -1.0, -0.3333, -0.6667, 0.0, -0.6667, 0.0, -0.6667, -2.0, -0.6667, -5.3333, -0.6667, -26.6667, -1.6667, -27.0, -3.0, -25.0, -6.0, -25.3333, -8.0, -25.6667, -9.3333, -26.0, -10.6667, -26.6667, -12.0, -26.3333, -13.3333, -26.3333, -14.0, -26.6667, -15.3333, -26.3333, -16.0, -26.6667, -16.6667, -26.3333, -17.0, -26.3333, -17.6667, -26.3333, -17.6667, -26.3333, -17.6667, -26.3333, -17.6667, -26.3333, -17.0, -26.6667, -16.3333, -26.6667, -16.3333, -27.0, -15.6667, -28.0, -15.3333, -29.0, -15.0, -29.3333, -14.3333, -30.3333, -13.3333, -31.0, -13.0, -31.6667, -13.3333, -32.3333, -13.3333]",18.927852,12.67055,91.760558
41,41,5c:01:3b:6b:b0:95,-44,256,"[86.0, -32.0, 4.0, 0.0, -21.6667, -1.0, -21.0, -1.0, -20.3333, 0.0, -19.3333, 0.6667, -19.3333, 0.6667, -19.0, 1.3333, -18.3333, 1.6667, -17.6667, 2.3333, -17.0, 3.3333, -16.6667, 3.3333, -16.6667, 4.3333, -16.6667, 4.3333, -16.6667, 4.3333, -16.0, 5.0, -16.3333, 5.0, -16.3333, 4.3333, -15.6667, 4.0, -15.6667, 4.0, -15.3333, 3.0, -15.3333, 2.6667, -15.0, 1.6667, -14.6667, 0.6667, -14.3333, 0.6667, -14.0, 0.6667, -13.6667, -0.3333, -3.6667, -0.6667, 0.0, 0.0, 0.0, 0.0, 0.0, 0.0, 0.0, 0.0, 0.0, 0.0, 0.0, 0.0, 0.0, 0.0, 0.0, 0.0, 0.0, 0.0, -4.3333, 0.6667, -14.6667, 2.3333, -15.6667, 1.6667, -16.3333, 0.0, -17.3333, -1.0, -17.6667, -1.3333, -18.0, -2.0, -18.6667, -2.6667, -19.3333, -3.0, -19.3333, -4.0, -20.0, -4.6667, -20.0, -5.6667, -20.0, -5.6667, -20.0, -5.6667, -19.6667, -6.0, -20.0, -6.0, -20.0, -5.0, -20.0, -5.0, -19.6667, -4.0, -20.0, -4.0, -20.0, -3.0, -20.6667, -3.0, -20.6667, -2.0, -20.6667, -2.0, -21.0, -1.6667, -22.0, -1.6667, -22.0, -0.6667, -16.0, -1.6667, -49.6667, -2.3333, -49.3333, -3.3333, -48.3333, -3.3333, -46.3333, -2.6667, -44.6667, -1.6667, -43.6667, -0.6667, -42.6667, -0.3333, -42.3333, 1.3333, -41.3333, 3.3333, -40.0, 5.0, -39.6667, 6.3333, -39.3333, 8.0, -39.3333, 8.0, -39.3333, 8.0, -38.6667, 7.6667, -38.3333, 7.6667, -38.0, 7.3333, -37.6667, 6.6667, -37.3333, 5.6667, -36.6667, 4.3333, -35.3333, 3.3333, -34.3333, 1.6667, -33.3333, 1.6667, -32.6667, 0.6667, -31.3333, -0.6667, -31.0, -1.6667, -31.0, -3.6667, -30.0, -5.6667, -6.0, -1.3333, -2.0, -1.0, 0.0, -1.0, 0.0, -1.0, 0.0, -1.0, -2.0, 0.0, -6.0, 1.0, -32.0, 8.3333, -33.3333, 6.3333, -34.3333, 4.0, -36.0, 1.0, -37.3333, -1.0, -39.0, -3.0, -40.3333, -4.6667, -41.0, -6.6667, -42.0, -7.6667, -43.0, -9.6667, -43.0, -10.6667, -44.0, -11.3333, -44.0, -11.3333, -44.3333, -12.0, -44.0, -12.3333, -44.3333, -12.6667, -44.3333, -12.6667, -44.3333, -12.0, -44.0, -11.3333, -44.0, -11.0, -44.0, -10.0, -45.0, -8.6667, -46.0, -7.6667, -46.0, -6.6667, -46.3333, -5.0, -47.3333, -3.6667, -48.3333, -3.6667, -49.3333, -3.3333]",26.525886,16.225616,91.760558
42,42,5c:01:3b:6b:b0:95,-44,256,"[86.0, -32.0, 4.0, 0.0, -25.3333, 3.3333, -24.3333, 3.3333, -23.3333, 4.0, -22.3333, 4.3333, -22.3333, 4.3333, -22.0, 4.6667, -21.3333, 5.3333, -20.3333, 5.6667, -19.3333, 6.6667, -18.6667, 7.0, -18.6667, 7.6667, -18.6667, 7.6667, -18.6667, 7.6667, -17.6667, 8.0, -18.3333, 8.0, -18.3333, 7.6667, -17.6667, 7.3333, -17.6667, 7.0, -17.3333, 6.0, -17.3333, 5.3333, -17.3333, 4.3333, -16.6667, 3.6667, -16.3333, 3.3333, -16.0, 3.3333, -16.0, 2.3333, -4.0, 0.0, 0.0, 0.0, 0.0, 0.0, 0.0, 0.0, 0.0, 0.0, 0.0, 0.0, 0.0, 0.0, 0.0, 0.0, 0.0, 0.0, 0.0, 0.0, -5.0, 1.3333, -17.0, 5.3333, -18.0, 4.6667, -19.0, 3.3333, -20.0, 2.6667, -20.3333, 2.0, -21.0, 1.6667, -22.0, 1.3333, -22.6667, 0.6667, -22.6667, -0.3333, -23.6667, -0.6667, -23.6667, -1.3333, -23.6667, -1.6667, -23.6667, -1.6667, -23.3333, -2.0, -23.6667, -2.0, -23.6667, -1.0, -23.6667, -1.0, -23.0, 0.0, -23.6667, 0.0, -23.6667, 0.6667, -24.0, 1.0, -24.0, 2.0, -24.0, 2.0, -24.3333, 2.6667, -25.3333, 2.6667, -25.3333, 3.6667, -16.0, 0.0, -49.3333, 3.0, -49.0, 2.0, -47.6667, 2.0, -45.6667, 2.3333, -44.0, 3.0, -43.0, 4.0, -42.0, 4.3333, -41.3333, 5.6667, -40.3333, 7.6667, -38.6667, 9.0, -38.0, 10.6667, -38.0, 12.0, -38.0, 12.0, -38.0, 12.0, -37.0, 11.6667, -37.0, 11.6667, -36.6667, 11.0, -36.6667, 10.6667, -36.0, 9.3333, -35.6667, 8.0, -34.3333, 6.6667, -33.3333, 5.3333, -32.3333, 5.0, -32.0, 4.0, -31.0, 2.6667, -30.6667, 1.3333, -30.6667, -1.6667, -29.6667, -3.6667, -6.0, -1.0, -2.0, -1.0, 0.0, -1.0, 0.0, -1.0, 0.0, -1.0, -2.0, 0.3333, -6.0, 1.6667, -31.0, 11.6667, -32.6667, 9.6667, -33.3333, 8.0, -35.3333, 5.3333, -37.0, 3.3333, -38.6667, 1.6667, -39.6667, 0.0, -41.0, -1.6667, -42.0, -3.0, -42.6667, -4.6667, -43.0, -5.6667, -44.0, -6.0, -44.0, -6.0, -44.6667, -6.3333, -44.0, -6.6667, -44.6667, -7.3333, -44.6667, -7.3333, -44.6667, -6.6667, -44.0, -6.3333, -44.0, -5.6667, -44.0, -4.6667, -44.6667, -3.3333, -45.6667, -2.3333, -46.0, -1.3333, -46.0, 0.3333, -47.0, 1.6667, -48.0, 2.0, -48.6667, 2.6667]",27.492398,15.447115,91.760558
43,43,5c:01:3b:6b:b0:95,-43,256,"[86.0, -32.0, 4.0, 0.0, -23.6667, 10.3333, -22.6667, 10.3333, -21.6667, 10.6667, -20.6667, 10.3333, -20.6667, 10.6667, -20.0, 10.3333, -19.3333, 11.0, -18.3333, 11.3333, -17.3333, 12.0, -17.0, 12.3333, -16.6667, 12.6667, -16.6667, 12.6667, -16.6667, 13.0, -16.0, 13.0, -16.3333, 13.0, -16.3333, 12.6667, -16.0, 12.3333, -16.0, 12.0, -15.6667, 11.0, -15.6667, 10.0, -15.6667, 9.0, -15.3333, 8.3333, -15.0, 7.6667, -14.6667, 7.6667, -14.6667, 6.6667, -3.6667, 1.0, 0.0, 0.0, 0.0, 0.0, 0.0, 0.0, 0.0, 0.0, 0.0, 0.0, 0.0, 0.0, 0.0, 0.0, 0.0, 0.0, 0.0, 0.0, -4.3333, 2.3333, -15.3333, 10.3333, -16.3333, 9.6667, -17.3333, 9.0, -18.3333, 8.6667, -19.0, 8.0, -19.6667, 7.6667, -20.6667, 7.6667, -21.6667, 7.0, -22.0, 6.3333, -22.6667, 6.3333, -23.0, 6.0, -23.0, 5.6667, -23.0, 5.3333, -23.0, 5.0, -23.0, 5.0, -23.0, 5.6667, -23.0, 6.0, -22.0, 6.6667, -22.6667, 6.6667, -22.6667, 7.3333, -22.6667, 7.6667, -22.6667, 8.6667, -22.3333, 9.0, -22.6667, 9.6667, -23.6667, 10.0, -23.6667, 11.0, -15.3333, 3.0, -47.3333, 12.6667, -46.6667, 11.6667, -45.3333, 11.6667, -43.6667, 11.3333, -42.0, 11.6667, -41.0, 12.6667, -39.6667, 13.0, -39.0, 14.0, -38.0, 15.3333, -36.3333, 16.3333, -35.6667, 18.0, -35.6667, 19.0, -35.3333, 19.0, -35.3333, 19.0, -34.6667, 18.6667, -34.6667, 18.6667, -34.3333, 17.6667, -34.3333, 17.3333, -34.0, 16.0, -33.6667, 14.3333, -32.3333, 13.0, -31.6667, 11.6667, -30.6667, 11.0, -30.3333, 10.0, -29.6667, 8.6667, -29.3333, 7.0, -30.3333, 1.6667, -29.3333, -0.3333, -6.0, -0.6667, -2.0, -0.6667, 0.0, -1.0, 0.0, -1.0, 0.0, -1.0, -2.0, 0.6667, -5.6667, 2.6667, -29.6667, 16.0, -31.3333, 14.0, -31.3333, 14.6667, -33.3333, 12.6667, -35.3333, 11.0, -37.0, 9.6667, -38.0, 8.3333, -39.6667, 7.0, -41.0, 5.6667, -41.6667, 4.3333, -42.3333, 3.6667, -43.3333, 3.6667, -43.3333, 3.6667, -44.3333, 3.6667, -43.6667, 3.0, -44.3333, 2.3333, -44.3333, 2.3333, -44.6667, 2.6667, -43.6667, 2.6667, -43.3333, 3.6667, -43.3333, 4.6667, -43.3333, 6.3333, -44.0, 7.3333, -44.3333, 8.6667, -44.3333, 10.0, -45.3333, 11.3333, -46.0, 12.0, -46.3333, 13.0]",27.467588,15.233439,91.760558
44,44,5c:01:3b:6b:b0:95,-43,256,"[86.0, -32.0, 4.0, 0.0, -20.6667, 15.3333, -19.6667, 15.0, -18.6667, 15.0, -17.6667, 14.6667, -17.3333, 14.6667, -17.0, 14.3333, -16.0, 14.3333, -15.0, 14.6667, -14.0, 15.0, -13.6667, 15.3333, -13.3333, 15.3333, -13.0, 15.3333, -13.0, 16.0, -12.3333, 16.0, -12.6667, 16.0, -13.0, 15.3333, -12.6667, 15.3333, -12.6667, 15.0, -12.6667, 14.0, -12.6667, 13.0, -13.0, 12.0, -12.6667, 11.3333, -12.6667, 10.6667, -12.6667, 10.6667, -12.6667, 10.0, -3.3333, 2.0, 0.0, 0.0, 0.0, 0.0, 0.0, 0.0, 0.0, 0.0, 0.0, 0.0, 0.0, 0.0, 0.0, 0.0, 0.0, 0.0, 0.0, 0.0, -3.6667, 2.6667, -13.0, 13.0, -14.0, 12.0, -15.0, 12.0, -16.0, 12.0, -16.6667, 11.6667, -17.6667, 11.6667, -18.6667, 11.6667, -19.3333, 11.3333, -20.0, 10.6667, -20.6667, 10.6667, -21.3333, 10.6667, -21.3333, 10.3333, -21.3333, 9.6667, -21.3333, 9.6667, -21.3333, 9.6667, -21.3333, 10.3333, -21.0, 10.6667, -20.3333, 11.0, -20.3333, 11.3333, -20.3333, 11.6667, -20.3333, 12.3333, -20.3333, 13.3333, -19.6667, 13.6667, -20.0, 14.3333, -20.6667, 15.0, -20.6667, 16.0, -14.3333, 6.3333, -43.3333, 22.6667, -42.6667, 21.6667, -41.3333, 21.3333, -40.0, 21.0, -38.3333, 20.6667, -37.3333, 21.6667, -35.6667, 21.6667, -34.6667, 22.6667, -33.6667, 23.3333, -31.6667, 24.0, -31.0, 25.3333, -30.6667, 25.6667, -30.3333, 25.6667, -30.0, 25.6667, -29.3333, 25.6667, -29.3333, 25.3333, -29.6667, 24.6667, -29.6667, 24.3333, -29.3333, 23.3333, -29.3333, 22.0, -28.6667, 20.3333, -28.0, 19.0, -27.3333, 17.6667, -27.3333, 16.6667, -27.0, 15.6667, -27.0, 13.6667, -29.6667, 6.6667, -29.0, 5.0, -6.0, 0.0, -2.0, -0.3333, 0.0, -1.0, 0.0, -1.0, 0.0, -1.0, -2.0, 1.0, -5.3333, 3.6667, -26.6667, 21.0, -28.3333, 19.3333, -28.0, 20.3333, -30.0, 19.0, -32.6667, 17.6667, -34.3333, 16.6667, -35.3333, 15.6667, -37.3333, 14.6667, -39.0, 13.6667, -39.6667, 12.6667, -40.6667, 12.3333, -41.6667, 12.3333, -42.0, 12.3333, -42.6667, 12.3333, -42.6667, 11.6667, -43.0, 11.3333, -43.0, 11.3333, -43.3333, 12.0, -42.3333, 12.0, -41.6667, 13.0, -41.6667, 14.0, -41.0, 15.3333, -41.3333, 16.3333, -41.3333, 18.0, -41.3333, 19.3333, -42.0, 20.3333, -42.6667, 21.3333, -42.6667, 22.3333]",27.35521,15.271665,91.760558
45,45,5c:01:3b:6b:b0:95,-43,256,"[86.0, -32.0, 4.0, 0.0, -14.0, 18.0, -13.3333, 17.6667, -12.6667, 17.6667, -12.0, 17.0, -11.6667, 17.3333, -11.3333, 16.6667, -10.6667, 16.3333, -10.0, 16.6667, -9.6667, 16.6667, -9.6667, 16.3333, -9.3333, 16.0, -9.0, 16.0, -9.0, 16.6667, -8.6667, 16.6667, -8.6667, 16.6667, -9.0, 16.0, -9.0, 16.0, -9.0, 16.0, -8.6667, 15.3333, -8.6667, 14.6667, -8.6667, 14.0, -8.6667, 13.0, -8.6667, 12.3333, -8.6667, 12.3333, -8.3333, 11.6667, -2.3333, 2.3333, 0.0, 0.0, 0.0, 0.0, 0.0, 0.0, 0.0, 0.0, 0.0, 0.0, 0.0, 0.0, 0.0, 0.0, 0.0, 0.0, 0.0, 0.0, -2.6667, 3.0, -9.0, 14.3333, -9.3333, 14.0, -10.0, 14.3333, -10.6667, 14.3333, -11.0, 14.3333, -11.6667, 14.0, -12.3333, 14.0, -12.3333, 14.0, -13.0, 13.6667, -13.3333, 13.6667, -14.0, 13.6667, -14.0, 13.6667, -14.0, 12.6667, -14.0, 12.6667, -14.0, 12.6667, -14.0, 13.0, -13.6667, 13.6667, -13.3333, 13.6667, -13.3333, 14.0, -13.3333, 14.6667, -13.3333, 15.0, -13.6667, 16.0, -13.0, 16.6667, -13.3333, 17.0, -13.6667, 18.0, -13.6667, 19.0, -10.3333, 7.6667, -31.3333, 27.0, -30.6667, 26.0, -29.6667, 25.6667, -29.0, 25.0, -27.6667, 24.6667, -27.3333, 25.6667, -26.3333, 25.6667, -26.0, 26.6667, -25.6667, 26.6667, -24.6667, 27.3333, -25.0, 28.3333, -25.0, 28.6667, -24.6667, 28.6667, -24.3333, 28.6667, -24.0, 28.6667, -23.6667, 28.3333, -24.0, 27.6667, -23.6667, 27.0, -23.3333, 26.3333, -23.0, 24.6667, -22.3333, 23.3333, -21.6667, 21.6667, -20.6667, 20.3333, -20.3333, 19.3333, -19.6667, 18.3333, -19.3333, 16.3333, -19.6667, 8.6667, -18.6667, 7.0, -4.0, 0.3333, -1.3333, 0.0, -0.3333, -1.0, 0.0, -1.0, -0.3333, -1.0, -2.0, 1.0, -4.6667, 4.0, -22.3333, 22.6667, -22.6667, 21.0, -21.6667, 23.0, -22.3333, 22.0, -24.0, 21.0, -24.6667, 20.0, -25.0, 19.3333, -26.0, 18.3333, -27.0, 17.6667, -27.3333, 16.6667, -27.6667, 16.6667, -28.0, 16.6667, -28.3333, 16.6667, -28.3333, 16.6667, -28.6667, 15.6667, -28.3333, 15.6667, -28.6667, 15.6667, -29.0, 16.0, -28.3333, 16.0, -28.0, 17.0, -28.3333, 18.0, -28.3333, 19.6667, -28.6667, 20.6667, -29.0, 22.6667, -29.3333, 23.6667, -30.0, 24.6667, -30.3333, 25.6667, -30.6667, 26.6667]",23.469719,13.246444,91.760558
46,46,5c:01:3b:6b:b0:95,-43,256,"[86.0, -32.0, 4.0, 0.0, -9.0, 18.0, -8.6667, 17.6667, -8.3333, 17.6667, -8.0, 17.3333, -7.6667, 17.3333, -7.6667, 17.0, -7.3333, 16.6667, -7.0, 16.3333, -7.3333, 16.3333, -7.3333, 15.6667, -7.3333, 15.0, -7.0, 15.0, -7.0, 15.3333, -6.6667, 15.3333, -6.6667, 15.3333, -7.0, 15.0, -7.0, 15.0, -7.0, 15.0, -6.3333, 14.6667, -6.3333, 14.3333, -6.0, 14.0, -6.0, 13.0, -6.0, 12.3333, -6.0, 12.3333, -5.3333, 11.6667, -1.6667, 2.3333, 0.0, 0.0, 0.0, 0.0, 0.0, 0.0, 0.0, 0.0, 0.0, 0.0, 0.0, 0.0, 0.0, 0.0, 0.0, 0.0, 0.0, 0.0, -2.3333, 3.0, -6.6667, 13.6667, -6.3333, 14.0, -6.6667, 14.3333, -7.0, 14.3333, -6.6667, 14.0, -7.0, 14.0, -7.3333, 14.0, -6.6667, 14.0, -7.0, 13.3333, -7.3333, 13.3333, -7.6667, 13.3333, -7.6667, 13.3333, -7.6667, 12.6667, -7.6667, 12.3333, -7.6667, 12.6667, -7.6667, 13.0, -7.3333, 13.6667, -7.3333, 13.6667, -7.6667, 14.0, -7.6667, 14.6667, -7.6667, 15.0, -8.3333, 16.0, -8.0, 16.6667, -8.3333, 17.0, -8.3333, 18.0, -8.3333, 19.0, -7.0, 7.6667, -21.3333, 27.3333, -21.0, 26.3333, -20.0, 26.0, -19.6667, 25.6667, -19.0, 25.0, -19.3333, 26.0, -19.3333, 26.0, -19.6667, 27.0, -20.0, 27.0, -20.0, 27.6667, -21.3333, 28.6667, -21.6667, 29.0, -21.6667, 29.3333, -21.3333, 29.3333, -21.0, 29.0, -20.3333, 28.6667, -20.6667, 28.0, -20.0, 27.3333, -19.3333, 26.6667, -18.6667, 25.0, -18.0, 23.6667, -17.0, 22.0, -15.6667, 20.6667, -15.0, 19.6667, -13.6667, 18.3333, -12.6667, 16.3333, -9.6667, 9.0, -8.3333, 7.3333, -2.0, 0.3333, -0.6667, 0.0, -0.6667, -1.0, 0.0, -1.0, -0.6667, -1.0, -2.0, 1.0, -4.3333, 4.0, -19.3333, 23.3333, -18.3333, 21.6667, -17.3333, 23.3333, -16.6667, 22.3333, -17.0, 21.3333, -16.3333, 20.3333, -16.0, 19.6667, -16.0, 18.6667, -16.0, 18.0, -15.6667, 17.3333, -15.3333, 17.0, -15.0, 17.0, -15.3333, 17.0, -14.6667, 17.0, -15.0, 16.0, -14.3333, 16.0, -15.0, 16.0, -15.0, 16.6667, -14.6667, 16.6667, -15.0, 17.6667, -15.6667, 18.6667, -16.6667, 20.0, -17.3333, 21.0, -18.3333, 23.0, -19.0, 24.0, -19.6667, 25.0, -20.0, 26.0, -20.6667, 27.0]",19.940586,11.976675,91.760558
47,47,5c:01:3b:6b:b0:95,-40,256,"[86.0, -32.0, 4.0, 0.0, -5.0, 7.0, -5.0, 7.0, -5.0, 7.3333, -5.0, 7.0, -5.0, 7.6667, -5.0, 7.3333, -5.0, 7.3333, -5.0, 7.3333, -6.0, 7.3333, -6.0, 6.6667, -6.0, 6.0, -6.0, 6.0, -6.0, 6.0, -6.0, 6.0, -6.0, 6.0, -6.0, 6.3333, -6.0, 6.3333, -6.0, 6.3333, -5.0, 6.3333, -5.0, 6.3333, -4.0, 6.3333, -4.0, 5.6667, -4.0, 5.0, -4.0, 5.0, -3.0, 4.3333, -1.0, 0.3333, 0.0, 0.0, 0.0, 0.0, 0.0, 0.0, 0.0, 0.0, 0.0, 0.0, 0.0, 0.0, 0.0, 0.0, 0.0, 0.0, 0.0, 0.0, -2.0, 1.0, -5.0, 5.6667, -4.0, 6.3333, -4.0, 6.0, -4.0, 6.0, -3.0, 5.6667, -3.0, 5.0, -3.0, 5.0, -2.0, 5.0, -2.0, 5.0, -2.0, 5.0, -2.0, 5.0, -2.0, 5.0, -2.0, 5.0, -2.0, 4.6667, -2.0, 5.0, -2.0, 4.6667, -2.0, 5.3333, -2.0, 5.0, -3.0, 5.0, -3.0, 5.3333, -3.0, 5.3333, -4.0, 6.0, -4.0, 6.6667, -4.0, 6.6667, -4.0, 7.0, -4.0, 7.6667, -4.0, 2.3333, -13.0, 9.0, -13.0, 8.6667, -12.0, 8.6667, -12.0, 8.3333, -12.0, 8.0, -13.0, 8.6667, -14.0, 8.3333, -15.0, 9.0, -16.0, 8.3333, -17.0, 8.6667, -19.0, 9.0, -20.0, 9.3333, -20.0, 9.6667, -20.0, 9.6667, -20.0, 9.6667, -19.0, 9.6667, -19.0, 9.3333, -18.0, 8.6667, -17.0, 8.3333, -16.0, 7.6667, -15.0, 7.3333, -14.0, 6.6667, -12.0, 6.3333, -11.0, 6.0, -9.0, 5.6667, -7.0, 5.0, 0.0, 2.0, 2.0, 1.0, 0.0, -0.6667, 0.0, -0.3333, -1.0, -0.6667, 0.0, -0.6667, -1.0, -0.6667, -2.0, 0.0, -4.0, 1.0, -17.0, 7.3333, -15.0, 6.6667, -14.0, 7.3333, -12.0, 7.3333, -11.0, 7.3333, -9.0, 7.0, -8.0, 6.3333, -7.0, 6.0, -6.0, 5.6667, -5.0, 5.6667, -4.0, 5.6667, -3.0, 5.6667, -3.0, 5.6667, -2.0, 5.6667, -2.0, 5.0, -1.0, 5.3333, -2.0, 5.3333, -2.0, 5.3333, -2.0, 5.3333, -3.0, 5.6667, -4.0, 6.0, -6.0, 6.6667, -7.0, 7.0, -9.0, 7.6667, -10.0, 8.0, -11.0, 8.3333, -11.0, 8.3333, -12.0, 9.0]",9.488509,9.27649,91.760558
48,48,5c:01:3b:6b:b0:95,-43,256,"[86.0, -32.0, 4.0, 0.0, -10.0, -3.0, -10.0, -3.0, -9.3333, -2.3333, -9.3333, -2.0, -9.0, -1.6667, -8.6667, -1.3333, -8.3333, -1.0, -8.0, -1.0, -8.3333, -0.6667, -8.3333, -0.6667, -8.3333, -1.0, -8.3333, -1.0, -8.0, -1.0, -8.0, -1.0, -8.0, -1.0, -8.0, -0.6667, -8.0, -0.6667, -8.0, -0.6667, -7.3333, -0.6667, -7.3333, -1.0, -6.6667, -1.0, -7.0, -1.3333, -7.0, -1.6667, -6.6667, -1.6667, -6.3333, -2.0, -2.0, -1.0, 0.0, 0.0, 0.0, 0.0, 0.0, 0.0, 0.0, 0.0, 0.0, 0.0, 0.0, 0.0, 0.0, 0.0, 0.0, 0.0, 0.0, 0.0, -2.3333, -0.6667, -7.3333, -1.0, -7.0, -1.0, -7.6667, -1.6667, -8.0, -2.0, -7.3333, -2.6667, -7.3333, -3.3333, -7.3333, -3.0, -6.6667, -3.0, -6.6667, -2.6667, -6.6667, -2.6667, -6.6667, -2.6667, -6.6667, -2.6667, -6.6667, -2.0, -6.6667, -2.3333, -6.6667, -2.0, -6.6667, -2.6667, -6.6667, -2.3333, -6.6667, -3.0, -7.6667, -3.0, -7.6667, -3.3333, -8.0, -3.3333, -9.0, -3.3333, -9.0, -3.0, -9.3333, -3.0, -9.3333, -3.0, -9.3333, -2.6667, -6.3333, -2.3333, -20.3333, -7.3333, -20.0, -7.0, -19.0, -7.0, -19.0, -7.0, -18.6667, -7.3333, -19.3333, -7.0, -20.0, -7.6667, -20.6667, -7.0, -21.3333, -7.0, -21.6667, -6.6667, -23.0, -6.0, -23.3333, -6.0, -23.3333, -5.3333, -23.0, -5.3333, -23.0, -5.3333, -22.3333, -5.3333, -22.3333, -5.3333, -21.6667, -5.6667, -21.0, -6.0, -20.3333, -6.0, -19.3333, -6.0, -18.0, -6.0, -16.3333, -6.3333, -15.3333, -6.3333, -13.3333, -5.6667, -11.6667, -5.0, -5.3333, -3.3333, -3.3333, -3.3333, -1.0, -1.3333, -0.3333, -0.6667, -0.6667, -0.3333, 0.0, -0.3333, -0.6667, -0.3333, -2.0, -0.6667, -4.3333, -1.3333, -19.6667, -5.0, -18.6667, -5.6667, -18.3333, -5.6667, -17.0, -6.0, -16.3333, -5.6667, -15.0, -5.3333, -14.3333, -5.6667, -13.6667, -5.3333, -13.0, -5.0, -12.0, -4.3333, -11.0, -4.0, -10.3333, -4.0, -10.3333, -4.0, -9.6667, -4.0, -9.6667, -4.3333, -9.0, -3.6667, -9.6667, -3.6667, -10.0, -4.0, -9.6667, -4.0, -10.6667, -4.3333, -11.3333, -4.6667, -13.0, -5.0, -14.0, -5.3333, -16.0, -6.0, -17.0, -6.3333, -18.0, -6.6667, -18.3333, -7.6667, -19.3333, -7.3333]",11.681147,9.859671,91.760558
49,49,5c:01:3b:6b:b0:95,-42,256,"[86.0, -32.0, 4.0, 0.0, -15.0, -13.6667, -15.0, -13.3333, -14.0, -12.6667, -14.0, -12.0, -13.6667, -11.3333, -13.3333, -11.0, -13.0, -10.3333, -12.6667, -9.6667, -12.3333, -9.0, -12.6667, -8.6667, -12.6667, -8.3333, -12.6667, -8.3333, -12.3333, -8.0, -12.3333, -8.0, -12.3333, -8.0, -12.3333, -8.0, -12.0, -8.0, -11.6667, -8.0, -11.0, -8.0, -11.0, -8.6667, -10.3333, -8.6667, -10.6667, -8.6667, -10.3333, -8.6667, -9.6667, -8.6667, -9.6667, -9.0, -3.0, -2.6667, 0.0, 0.0, 0.0, 0.0, 0.0, 0.0, 0.0, 0.0, 0.0, 0.0, 0.0, 0.0, 0.0, 0.0, 0.0, 0.0, 0.0, 0.0, -3.0, -2.3333, -11.0, -8.0, -11.0, -8.6667, -12.0, -9.6667, -12.3333, -10.6667, -11.6667, -11.0, -11.6667, -11.6667, -11.6667, -11.6667, -11.3333, -11.6667, -11.3333, -11.3333, -11.3333, -11.6667, -11.3333, -12.0, -11.3333, -12.0, -11.3333, -11.3333, -11.3333, -11.3333, -11.3333, -11.3333, -11.3333, -11.6667, -11.3333, -11.6667, -11.3333, -12.0, -12.3333, -12.3333, -12.3333, -12.6667, -13.0, -12.6667, -14.0, -12.6667, -14.0, -12.6667, -14.6667, -13.0, -14.6667, -13.3333, -14.6667, -13.6667, -8.6667, -8.0, -27.6667, -25.6667, -27.0, -25.0, -26.0, -24.6667, -26.0, -24.6667, -25.3333, -24.0, -25.6667, -23.6667, -26.0, -24.0, -26.3333, -23.6667, -26.6667, -23.6667, -26.6667, -23.3333, -27.6667, -22.3333, -27.6667, -22.3333, -28.0, -22.0, -27.6667, -22.0, -27.6667, -21.6667, -27.0, -21.3333, -26.6667, -21.0, -26.3333, -21.0, -25.3333, -21.3333, -24.6667, -20.6667, -23.6667, -20.6667, -22.0, -19.6667, -20.6667, -19.6667, -19.6667, -19.0, -17.6667, -17.6667, -16.3333, -16.3333, -10.6667, -13.6667, -8.6667, -13.0, -2.0, -3.0, -0.6667, -1.3333, -0.3333, 0.0, 0.0, 0.0, -0.3333, 0.0, -2.0, -1.3333, -4.6667, -3.6667, -22.6667, -19.0, -22.3333, -19.6667, -22.6667, -20.0, -22.0, -20.3333, -21.6667, -20.0, -21.0, -20.0, -20.6667, -20.3333, -20.3333, -20.3333, -20.0, -20.3333, -19.0, -20.0, -18.0, -19.6667, -17.6667, -20.0, -17.6667, -20.0, -17.3333, -20.3333, -17.3333, -20.3333, -17.0, -19.6667, -17.3333, -20.0, -18.0, -20.3333, -17.3333, -20.3333, -18.3333, -20.6667, -18.6667, -21.3333, -20.0, -21.6667, -21.0, -22.3333, -23.0, -23.3333, -24.0, -23.6667, -25.0, -24.3333, -25.6667, -25.6667, -26.6667, -25.6667]",20.920617,12.632445,91.760558
50,50,5c:01:3b:6b:b0:95,-39,256,"[86.0, -32.0, 4.0, 0.0, -20.6667, -13.6667, -20.6667, -13.3333, -19.6667, -12.6667, -19.6667, -11.6667, -19.3333, -11.3333, -18.6667, -10.6667, -18.3333, -9.6667, -17.6667, -9.3333, -17.0, -8.3333, -17.6667, -7.6667, -17.6667, -7.3333, -17.6667, -7.3333, -17.3333, -7.0, -17.3333, -7.0, -17.3333, -7.0, -17.3333, -7.3333, -16.6667, -7.3333, -16.3333, -7.3333, -15.6667, -7.3333, -15.3333, -8.3333, -14.6667, -8.3333, -15.0, -8.3333, -14.3333, -8.3333, -13.3333, -8.3333, -13.3333, -8.6667, -4.0, -2.3333, 0.0, 0.0, 0.0, 0.0, 0.0, 0.0, 0.0, 0.0, 0.0, 0.0, 0.0, 0.0, 0.0, 0.0, 0.0, 0.0, 0.0, 0.0, -4.0, -2.0, -15.0, -7.3333, -15.3333, -8.3333, -16.3333, -9.3333, -17.0, -10.6667, -16.6667, -11.3333, -16.6667, -12.0, -16.6667, -12.3333, -16.3333, -12.3333, -16.3333, -12.6667, -16.3333, -13.3333, -16.3333, -14.0, -16.3333, -14.0, -16.3333, -13.6667, -16.3333, -13.6667, -16.3333, -13.6667, -16.3333, -13.3333, -16.6667, -13.3333, -16.6667, -13.0, -17.6667, -13.6667, -17.6667, -13.3333, -18.6667, -13.3333, -19.3333, -13.0, -19.3333, -13.0, -20.3333, -13.3333, -20.6667, -13.3333, -20.6667, -13.6667, -11.0, -9.0, -35.6667, -27.3333, -35.0, -27.0, -34.0, -26.3333, -33.6667, -26.3333, -33.0, -25.0, -32.6667, -24.3333, -32.6667, -24.0, -33.0, -23.3333, -33.0, -22.0, -32.6667, -21.0, -33.3333, -19.0, -33.3333, -18.6667, -33.6667, -18.0, -33.3333, -18.0, -33.3333, -18.0, -32.6667, -17.6667, -32.0, -17.6667, -31.6667, -17.6667, -30.6667, -18.6667, -30.0, -18.6667, -29.0, -19.0, -27.0, -18.6667, -26.0, -19.3333, -25.0, -19.0, -23.0, -18.3333, -21.6667, -17.6667, -16.0, -19.0, -14.0, -19.0, -3.0, -4.0, -1.0, -1.6667, 0.0, 0.0, 0.0, 0.0, 0.0, 0.0, -2.0, -1.0, -5.0, -3.0, -26.3333, -17.0, -26.3333, -19.0, -28.0, -18.0, -27.6667, -20.0, -27.3333, -21.0, -27.3333, -22.0, -27.3333, -22.6667, -27.3333, -23.6667, -27.3333, -24.6667, -26.3333, -25.0, -25.6667, -25.6667, -25.3333, -26.0, -25.6667, -26.3333, -25.6667, -26.6667, -25.6667, -27.0, -25.3333, -26.6667, -25.3333, -27.0, -26.3333, -27.0, -26.0, -26.6667, -26.6667, -26.3333, -26.6667, -26.6667, -27.6667, -26.3333, -29.0, -26.6667, -30.6667, -27.0, -31.6667, -26.6667, -33.0, -26.6667, -34.0, -27.3333, -35.0, -27.3333]",25.331183,14.139727,91.760558
51,51,5c:01:3b:6b:b0:95,-42,256,"[86.0, -32.0, 4.0, 0.0, -21.3333, -13.0, -21.3333, -12.6667, -21.0, -12.0, -21.0, -11.0, -21.0, -10.6667, -20.3333, -10.0, -20.3333, -9.0, -19.6667, -8.3333, -19.3333, -7.6667, -20.3333, -7.0, -20.3333, -6.6667, -20.3333, -6.3333, -20.3333, -6.0, -20.3333, -6.0, -20.3333, -6.0, -20.3333, -6.3333, -19.3333, -6.6667, -19.0, -6.6667, -18.0, -7.0, -17.3333, -7.6667, -16.3333, -7.6667, -16.3333, -8.0, -15.3333, -8.0, -14.3333, -8.0, -13.6667, -8.3333, -4.0, -2.3333, 0.0, 0.0, 0.0, 0.0, 0.0, 0.0, 0.0, 0.0, 0.0, 0.0, 0.0, 0.0, 0.0, 0.0, 0.0, 0.0, 0.0, 0.0, -4.6667, -2.0, -16.6667, -6.6667, -16.6667, -7.6667, -17.0, -9.0, -17.6667, -10.3333, -17.3333, -11.0, -17.3333, -11.6667, -17.3333, -12.6667, -16.6667, -12.6667, -16.6667, -13.6667, -16.6667, -14.6667, -16.6667, -15.3333, -16.6667, -15.6667, -16.6667, -15.6667, -16.6667, -15.6667, -16.6667, -15.3333, -16.6667, -14.6667, -17.3333, -14.3333, -17.3333, -13.6667, -18.3333, -14.3333, -18.3333, -13.6667, -19.3333, -13.3333, -19.6667, -12.6667, -19.6667, -12.3333, -20.6667, -12.6667, -21.3333, -12.6667, -21.3333, -13.0, -11.0, -10.0, -36.3333, -29.0, -36.0, -29.0, -35.0, -28.0, -34.3333, -28.0, -34.0, -26.0, -33.3333, -25.0, -33.3333, -24.0, -34.0, -23.0, -34.0, -21.6667, -34.0, -20.6667, -35.0, -19.0, -35.6667, -18.3333, -36.0, -17.6667, -36.0, -17.6667, -36.0, -17.6667, -35.0, -17.3333, -34.0, -17.6667, -33.3333, -17.3333, -32.0, -18.3333, -31.0, -18.3333, -30.0, -19.0, -28.0, -18.6667, -27.0, -19.0, -26.0, -18.6667, -24.0, -18.6667, -22.3333, -18.6667, -16.0, -24.3333, -14.3333, -25.0, -3.0, -5.0, -1.0, -2.0, 0.0, 0.0, 0.0, 0.0, 0.0, 0.0, -2.0, -1.0, -5.0, -3.0, -27.3333, -18.0, -26.6667, -20.0, -29.0, -18.0, -28.3333, -20.3333, -27.6667, -22.0, -27.6667, -24.0, -27.6667, -25.0, -27.6667, -27.0, -27.6667, -29.0, -26.6667, -30.0, -26.3333, -31.6667, -25.6667, -32.0, -26.3333, -32.6667, -26.3333, -33.0, -26.3333, -33.6667, -25.6667, -33.6667, -25.6667, -34.0, -26.6667, -33.6667, -27.0, -33.0, -27.3333, -32.0, -27.3333, -32.0, -28.3333, -31.0, -30.0, -31.0, -31.3333, -30.6667, -32.3333, -29.6667, -34.0, -29.0, -35.0, -29.0, -36.0, -29.0]",26.856851,14.850453,91.760558
52,52,5c:01:3b:6b:b0:95,-39,256,"[86.0, -32.0, 4.0, 0.0, -21.3333, -2.0, -21.0, -2.0, -20.6667, -1.3333, -20.6667, -0.6667, -20.3333, -0.6667, -19.3333, 0.0, -19.0, 0.6667, -18.0, 1.0, -18.0, 1.3333, -18.3333, 2.0, -18.3333, 2.0, -18.0, 2.3333, -18.0, 2.6667, -17.6667, 2.6667, -18.0, 2.6667, -18.0, 2.6667, -17.3333, 2.3333, -17.3333, 2.0, -16.6667, 1.3333, -16.0, 0.6667, -15.3333, 0.3333, -15.6667, -0.3333, -15.0, -0.6667, -14.0, -0.6667, -13.3333, -1.0, -4.0, -0.3333, 0.0, 0.0, 0.0, 0.0, 0.0, 0.0, 0.0, 0.0, 0.0, 0.0, 0.0, 0.0, 0.0, 0.0, 0.0, 0.0, 0.0, 0.0, -4.3333, -0.3333, -15.3333, 1.0, -15.6667, 0.3333, -16.3333, -1.0, -17.3333, -1.6667, -17.6667, -2.3333, -18.0, -3.0, -18.3333, -3.6667, -17.6667, -3.6667, -17.6667, -4.6667, -18.0, -5.3333, -18.0, -5.6667, -18.0, -6.3333, -17.6667, -6.3333, -17.6667, -6.3333, -17.6667, -6.0, -18.0, -5.3333, -18.6667, -4.6667, -18.6667, -4.3333, -19.3333, -4.6667, -19.3333, -4.0, -20.0, -3.6667, -20.0, -3.0, -20.0, -2.6667, -20.6667, -2.3333, -21.6667, -2.0, -21.6667, -2.0, -11.3333, -3.6667, -37.3333, -9.0, -37.3333, -9.0, -36.0, -8.6667, -35.0, -9.0, -35.0, -7.6667, -34.0, -7.0, -34.0, -6.3333, -34.3333, -5.0, -33.6667, -3.3333, -33.0, -2.6667, -33.3333, -1.3333, -33.6667, -0.6667, -33.6667, 0.3333, -33.6667, 0.3333, -33.3333, 0.3333, -32.6667, 0.0, -32.3333, -0.6667, -31.6667, -0.6667, -31.3333, -1.3333, -30.3333, -2.0, -29.6667, -3.0, -28.0, -3.6667, -27.3333, -4.3333, -26.6667, -4.6667, -25.0, -5.3333, -23.0, -5.6667, -16.0, -11.6667, -15.3333, -13.0, -3.3333, -2.6667, -1.3333, -1.3333, 0.0, -0.3333, 0.0, -0.3333, 0.0, -0.3333, -1.6667, -0.3333, -4.6667, -0.3333, -26.0, -3.0, -26.3333, -4.6667, -28.6667, -2.6667, -29.0, -5.0, -28.3333, -6.6667, -28.3333, -8.3333, -28.3333, -9.3333, -28.3333, -11.0, -28.3333, -12.6667, -27.6667, -13.6667, -27.6667, -15.0, -27.0, -15.0, -27.6667, -15.3333, -27.6667, -15.3333, -27.3333, -16.3333, -26.6667, -16.3333, -26.6667, -16.3333, -27.6667, -16.0, -28.6667, -15.3333, -28.6667, -14.6667, -28.6667, -14.3333, -29.6667, -13.0, -31.0, -12.6667, -32.3333, -12.0, -33.3333, -10.6667, -35.0, -9.6667, -36.3333, -9.3333, -37.0, -9.0]",22.189137,12.510336,91.760558
53,53,5c:01:3b:6b:b0:95,-43,256,"[86.0, -32.0, 4.0, 0.0, -17.6667, 8.3333, -17.3333, 8.3333, -17.0, 8.6667, -17.0, 9.0, -16.6667, 9.0, -16.0, 9.3333, -15.6667, 9.6667, -15.0, 10.0, -15.0, 10.0, -15.0, 10.3333, -15.0, 10.3333, -14.6667, 10.6667, -14.6667, 11.3333, -14.3333, 11.3333, -14.6667, 11.3333, -14.6667, 11.3333, -14.0, 11.0, -14.0, 10.3333, -13.6667, 9.3333, -13.3333, 8.6667, -12.6667, 8.0, -13.0, 7.0, -12.3333, 6.3333, -11.6667, 6.3333, -11.3333, 5.6667, -3.3333, 1.3333, 0.0, 0.0, 0.0, 0.0, 0.0, 0.0, 0.0, 0.0, 0.0, 0.0, 0.0, 0.0, 0.0, 0.0, 0.0, 0.0, 0.0, 0.0, -3.3333, 1.3333, -12.3333, 8.3333, -12.6667, 8.0, -13.3333, 6.6667, -14.0, 6.3333, -14.3333, 6.0, -14.6667, 5.6667, -15.0, 5.3333, -14.6667, 5.3333, -14.6667, 4.3333, -15.0, 4.0, -15.0, 4.0, -15.0, 3.0, -14.6667, 3.0, -14.6667, 3.0, -14.6667, 3.3333, -15.3333, 4.0, -15.6667, 5.0, -15.6667, 5.0, -16.0, 5.0, -16.3333, 5.6667, -16.6667, 6.0, -16.6667, 6.6667, -16.6667, 7.0, -17.3333, 7.6667, -18.0, 8.3333, -18.0, 8.3333, -12.0, 2.6667, -38.6667, 11.0, -38.6667, 11.0, -37.3333, 10.6667, -36.3333, 10.0, -35.6667, 10.6667, -34.6667, 11.0, -34.0, 11.3333, -33.6667, 12.6667, -32.3333, 14.0, -31.0, 14.3333, -30.6667, 15.3333, -30.3333, 16.3333, -30.3333, 17.3333, -30.3333, 17.3333, -29.6667, 17.3333, -29.3333, 16.6667, -29.6667, 15.6667, -29.3333, 15.3333, -29.6667, 15.0, -28.6667, 13.6667, -28.3333, 12.0, -27.0, 10.6667, -26.6667, 10.0, -26.3333, 9.3333, -25.3333, 8.0, -24.0, 7.3333, -18.3333, 1.6667, -17.6667, 0.0, -3.6667, -0.3333, -1.6667, -0.6667, 0.0, -0.6667, 0.0, -0.6667, 0.0, -0.6667, -1.3333, 0.3333, -4.3333, 2.3333, -24.0, 12.0, -25.6667, 10.6667, -27.3333, 11.6667, -29.0, 10.0, -29.0, 8.6667, -29.0, 7.3333, -29.0, 6.3333, -29.0, 5.0, -29.0, 3.6667, -28.3333, 2.6667, -28.3333, 2.0, -28.0, 2.0, -28.3333, 2.3333, -28.3333, 2.3333, -28.0, 1.3333, -27.6667, 1.3333, -27.6667, 1.3333, -28.6667, 2.0, -29.3333, 2.3333, -29.6667, 2.6667, -30.0, 3.3333, -31.3333, 5.0, -32.3333, 5.6667, -33.3333, 7.0, -34.3333, 8.6667, -36.0, 9.6667, -37.3333, 10.3333, -38.0, 11.0]",21.553877,12.818505,91.760558
54,54,5c:01:3b:6b:b0:95,-43,256,"[86.0, -32.0, 4.0, 0.0, -14.0, 18.0, -13.6667, 18.0, -13.3333, 18.0, -13.3333, 18.0, -13.0, 18.0, -12.6667, 18.0, -12.3333, 18.0, -12.0, 18.0, -12.0, 18.0, -11.6667, 18.0, -11.6667, 18.0, -11.3333, 18.0, -11.3333, 19.0, -11.0, 19.0, -11.3333, 19.0, -11.3333, 19.0, -10.6667, 19.0, -10.6667, 18.0, -10.6667, 17.0, -10.6667, 16.0, -10.0, 15.0, -10.3333, 14.0, -9.6667, 13.0, -9.3333, 13.0, -9.3333, 12.0, -2.6667, 3.0, 0.0, 0.0, 0.0, 0.0, 0.0, 0.0, 0.0, 0.0, 0.0, 0.0, 0.0, 0.0, 0.0, 0.0, 0.0, 0.0, 0.0, 0.0, -2.3333, 3.0, -9.3333, 15.0, -9.6667, 15.0, -10.3333, 14.0, -10.6667, 14.0, -11.0, 14.0, -11.3333, 14.0, -11.6667, 14.0, -11.6667, 14.0, -11.6667, 13.0, -12.0, 13.0, -12.0, 13.0, -12.0, 12.0, -11.6667, 12.0, -11.6667, 12.0, -11.6667, 12.0, -12.6667, 13.0, -12.6667, 14.0, -12.6667, 14.0, -12.6667, 14.0, -13.3333, 15.0, -13.3333, 15.0, -13.3333, 16.0, -13.3333, 16.0, -14.0, 17.0, -14.3333, 18.0, -14.3333, 18.0, -12.6667, 9.0, -40.0, 31.0, -40.0, 31.0, -38.6667, 30.0, -37.6667, 29.0, -36.3333, 29.0, -35.3333, 29.0, -34.0, 29.0, -33.0, 30.0, -31.0, 31.0, -29.0, 31.0, -28.0, 32.0, -27.0, 33.0, -27.0, 34.0, -27.0, 34.0, -26.0, 34.0, -26.0, 33.0, -27.0, 32.0, -27.0, 31.0, -28.0, 31.0, -27.0, 29.0, -27.0, 27.0, -26.0, 25.0, -26.0, 24.0, -26.0, 23.0, -25.6667, 21.0, -25.0, 20.0, -20.6667, 15.0, -19.6667, 13.0, -4.0, 2.0, -1.6667, 0.0, 0.0, -1.0, 0.0, -1.0, 0.0, -1.0, -1.0, 1.0, -4.0, 5.0, -22.0, 27.0, -25.0, 26.0, -26.0, 26.0, -29.0, 25.0, -29.6667, 24.0, -29.6667, 23.0, -29.6667, 22.0, -29.6667, 21.0, -29.6667, 20.0, -29.0, 19.0, -29.0, 19.0, -29.0, 19.0, -29.0, 20.0, -29.0, 20.0, -28.6667, 19.0, -28.6667, 19.0, -28.6667, 19.0, -29.6667, 20.0, -30.0, 20.0, -30.6667, 20.0, -31.3333, 21.0, -33.0, 23.0, -33.6667, 24.0, -34.3333, 26.0, -35.3333, 28.0, -37.0, 29.0, -38.3333, 30.0, -39.0, 31.0]",26.213901,15.38772,91.760558
55,55,5c:01:3b:6b:b0:95,-40,256,"[86.0, -32.0, 4.0, 0.0, -11.0, 14.3333, -11.0, 14.3333, -11.0, 14.6667, -11.0, 14.6667, -11.0, 14.6667, -11.0, 14.6667, -11.0, 15.0, -11.0, 15.0, -11.0, 15.3333, -11.0, 15.6667, -11.0, 15.6667, -11.0, 15.6667, -11.0, 16.3333, -11.0, 16.3333, -11.0, 16.3333, -11.0, 16.3333, -10.0, 16.0, -10.0, 15.0, -10.0, 14.3333, -10.0, 13.3333, -9.0, 12.3333, -9.0, 11.3333, -8.0, 10.3333, -8.0, 10.3333, -8.0, 9.3333, -2.0, 2.0, 0.0, 0.0, 0.0, 0.0, 0.0, 0.0, 0.0, 0.0, 0.0, 0.0, 0.0, 0.0, 0.0, 0.0, 0.0, 0.0, 0.0, 0.0, -2.0, 2.6667, -8.0, 13.0, -8.0, 13.0, -8.0, 12.0, -8.0, 11.6667, -8.0, 11.3333, -8.0, 11.3333, -8.0, 11.0, -8.0, 11.0, -8.0, 10.0, -8.0, 9.6667, -8.0, 9.6667, -8.0, 9.0, -8.0, 8.6667, -8.0, 8.6667, -8.0, 8.6667, -9.0, 9.6667, -9.0, 10.3333, -9.0, 10.6667, -9.0, 10.6667, -10.0, 11.6667, -10.0, 11.6667, -10.0, 12.6667, -10.0, 12.6667, -11.0, 13.6667, -11.0, 14.3333, -11.0, 14.6667, -13.3333, 7.0, -41.3333, 24.3333, -41.0, 24.3333, -40.0, 23.6667, -39.0, 23.0, -37.6667, 23.0, -37.0, 23.0, -35.6667, 23.0, -35.0, 24.3333, -33.6667, 25.3333, -32.3333, 26.0, -32.0, 27.3333, -31.6667, 28.3333, -31.6667, 29.0, -31.3333, 29.0, -30.6667, 29.0, -30.6667, 28.0, -31.0, 27.0, -30.6667, 26.0, -31.0, 25.6667, -30.0, 23.6667, -29.6667, 22.0, -28.3333, 20.0, -27.6667, 19.0, -27.3333, 18.0, -26.6667, 16.3333, -26.3333, 15.0, -23.0, 10.0, -21.0, 8.0, -4.0, 1.0, -1.3333, -0.3333, 0.0, -1.0, 0.0, -1.0, 0.0, -1.0, -1.3333, 1.0, -4.6667, 4.3333, -25.0, 24.3333, -27.0, 23.0, -27.6667, 22.6667, -29.3333, 21.0, -30.0, 19.6667, -30.0, 18.3333, -30.0, 17.3333, -30.0, 16.3333, -30.0, 15.0, -29.0, 14.0, -29.0, 13.6667, -29.0, 13.3333, -29.0, 14.0, -29.0, 14.0, -29.0, 13.3333, -29.0, 13.0, -29.0, 13.0, -30.0, 13.6667, -30.0, 14.0, -31.0, 14.0, -32.0, 15.0, -34.0, 16.6667, -35.0, 17.6667, -35.0, 19.6667, -36.0, 21.6667, -38.0, 22.6667, -39.0, 23.6667, -40.0, 24.3333]",23.852596,15.388849,91.760558
56,56,5c:01:3b:6b:b0:95,-43,256,"[86.0, -32.0, 4.0, 0.0, -15.3333, 12.3333, -15.0, 12.3333, -14.6667, 12.6667, -14.3333, 12.6667, -14.3333, 12.6667, -14.0, 12.6667, -13.6667, 13.0, -13.3333, 13.3333, -13.0, 13.6667, -13.0, 14.3333, -13.0, 14.3333, -13.0, 14.3333, -13.0, 14.6667, -12.6667, 14.6667, -12.6667, 15.0, -12.6667, 14.6667, -12.0, 14.3333, -12.0, 13.3333, -12.0, 12.6667, -12.0, 11.6667, -11.3333, 10.6667, -11.3333, 9.6667, -10.3333, 9.0, -10.3333, 8.6667, -10.3333, 7.6667, -2.6667, 1.3333, 0.0, 0.0, 0.0, 0.0, 0.0, 0.0, 0.0, 0.0, 0.0, 0.0, 0.0, 0.0, 0.0, 0.0, 0.0, 0.0, 0.0, 0.0, -2.6667, 2.6667, -10.3333, 12.0, -10.6667, 11.6667, -11.0, 11.0, -11.3333, 10.3333, -11.6667, 10.0, -12.0, 9.6667, -12.3333, 9.3333, -12.3333, 9.0, -12.6667, 8.3333, -12.6667, 8.0, -13.0, 8.0, -13.0, 7.6667, -13.0, 7.0, -13.0, 7.0, -13.0, 7.0, -13.6667, 7.6667, -13.6667, 8.3333, -13.3333, 8.6667, -13.3333, 8.6667, -14.3333, 9.6667, -14.3333, 9.6667, -14.3333, 10.6667, -14.0, 11.0, -15.0, 11.6667, -15.0, 12.3333, -15.3333, 13.0, -14.0, 5.6667, -43.3333, 20.0, -43.0, 19.6667, -41.6667, 19.3333, -40.6667, 19.0, -39.3333, 19.0, -38.6667, 19.0, -37.6667, 19.0, -37.0, 20.3333, -35.6667, 21.6667, -34.6667, 22.6667, -34.6667, 24.0, -34.3333, 25.0, -34.0, 25.6667, -34.0, 25.6667, -33.6667, 25.3333, -33.6667, 24.6667, -33.3333, 23.6667, -33.0, 23.0, -33.0, 22.0, -32.0, 20.3333, -31.6667, 18.6667, -30.3333, 16.6667, -29.3333, 15.6667, -29.0, 14.6667, -28.0, 13.3333, -27.6667, 11.6667, -25.6667, 6.3333, -24.0, 4.3333, -4.6667, 0.3333, -1.3333, -0.6667, 0.0, -1.0, 0.0, -1.0, 0.0, -1.0, -1.6667, 1.0, -5.0, 3.6667, -27.0, 22.0, -28.6667, 20.3333, -29.0, 20.3333, -30.3333, 18.3333, -31.3333, 16.6667, -32.0, 15.3333, -32.6667, 14.3333, -33.3333, 13.3333, -33.6667, 12.0, -33.6667, 11.0, -33.6667, 10.3333, -34.0, 9.6667, -34.3333, 10.3333, -34.3333, 10.3333, -34.3333, 9.6667, -34.3333, 9.3333, -34.3333, 9.0, -35.3333, 9.6667, -35.0, 10.3333, -35.6667, 10.3333, -36.0, 11.3333, -37.3333, 12.3333, -38.3333, 13.6667, -38.3333, 15.3333, -39.0, 17.3333, -40.3333, 18.3333, -41.3333, 19.3333, -42.0, 20.0]",24.680524,15.314619,91.760558
57,57,5c:01:3b:6b:b0:95,-44,256,"[86.0, -32.0, 4.0, 0.0, -19.6667, 8.6667, -19.0, 8.6667, -18.3333, 9.3333, -17.6667, 9.3333, -17.6667, 9.3333, -17.0, 9.3333, -16.3333, 10.0, -15.6667, 10.3333, -15.0, 11.0, -15.0, 12.0, -15.0, 12.0, -15.0, 12.0, -15.0, 12.0, -14.3333, 12.0, -14.3333, 12.3333, -14.3333, 12.0, -14.0, 11.3333, -14.0, 10.3333, -14.0, 10.0, -14.0, 9.0, -13.6667, 8.0, -13.6667, 7.0, -12.6667, 6.3333, -12.6667, 6.0, -12.6667, 5.0, -3.3333, 0.3333, 0.0, 0.0, 0.0, 0.0, 0.0, 0.0, 0.0, 0.0, 0.0, 0.0, 0.0, 0.0, 0.0, 0.0, 0.0, 0.0, 0.0, 0.0, -3.3333, 2.3333, -12.6667, 10.0, -13.3333, 9.6667, -14.0, 9.0, -14.6667, 8.0, -15.3333, 7.3333, -16.0, 7.0, -16.6667, 6.3333, -16.6667, 6.0, -17.3333, 5.3333, -17.3333, 4.6667, -18.0, 4.6667, -18.0, 4.6667, -18.0, 3.6667, -18.0, 3.6667, -18.0, 3.6667, -18.3333, 4.3333, -18.3333, 4.6667, -17.6667, 5.3333, -17.6667, 5.3333, -18.6667, 6.3333, -18.6667, 6.3333, -18.6667, 7.3333, -18.0, 7.6667, -19.0, 8.3333, -19.0, 8.6667, -19.6667, 9.6667, -14.6667, 3.6667, -45.3333, 13.3333, -45.0, 13.0, -43.3333, 13.0, -42.3333, 13.0, -41.0, 13.0, -40.3333, 13.0, -39.6667, 13.0, -39.0, 14.6667, -37.6667, 16.0, -37.0, 17.6667, -37.3333, 19.3333, -37.0, 20.3333, -36.3333, 20.6667, -36.6667, 20.6667, -36.6667, 20.3333, -36.6667, 19.6667, -35.6667, 18.6667, -35.3333, 18.0, -35.0, 16.6667, -34.0, 15.0, -33.6667, 13.6667, -32.3333, 11.6667, -31.0, 10.6667, -30.6667, 9.6667, -29.3333, 8.6667, -29.0, 6.6667, -28.3333, 1.3333, -27.0, -0.6667, -5.3333, -0.6667, -1.6667, -1.0, 0.0, -1.0, 0.0, -1.0, 0.0, -1.0, -2.0, 1.0, -5.3333, 3.0, -29.0, 19.3333, -30.3333, 17.3333, -30.3333, 17.0, -31.3333, 14.3333, -32.6667, 12.3333, -34.0, 10.6667, -35.3333, 9.6667, -36.6667, 8.6667, -37.3333, 7.0, -38.3333, 6.0, -38.3333, 5.0, -39.0, 4.0, -39.6667, 4.3333, -39.6667, 4.3333, -39.6667, 4.0, -39.6667, 3.3333, -39.6667, 3.0, -40.6667, 3.3333, -40.0, 4.3333, -40.3333, 4.3333, -40.0, 5.3333, -40.6667, 6.0, -41.6667, 7.3333, -41.6667, 9.0, -42.0, 11.0, -42.6667, 12.0, -43.6667, 13.0, -44.0, 13.3333]",25.555156,15.289593,91.760558
58,58,5c:01:3b:6b:b0:95,-42,256,"[86.0, -32.0, 4.0, 0.0, -12.3333, 8.3333, -11.6667, 8.3333, -11.0, 8.3333, -10.6667, 8.0, -10.6667, 8.0, -10.3333, 7.6667, -9.6667, 7.6667, -9.3333, 7.6667, -8.6667, 7.6667, -9.0, 8.0, -9.0, 8.0, -9.0, 7.6667, -9.0, 7.6667, -8.6667, 7.6667, -8.3333, 8.3333, -8.3333, 8.0, -8.3333, 7.6667, -8.3333, 7.3333, -8.3333, 7.0, -8.3333, 6.6667, -8.3333, 6.0, -8.3333, 5.6667, -7.6667, 5.3333, -7.6667, 5.0, -7.6667, 4.6667, -2.3333, 0.3333, 0.0, 0.0, 0.0, 0.0, 0.0, 0.0, 0.0, 0.0, 0.0, 0.0, 0.0, 0.0, 0.0, 0.0, 0.0, 0.0, 0.0, 0.0, -2.3333, 1.6667, -7.6667, 7.3333, -8.0, 7.3333, -8.6667, 7.6667, -9.0, 7.3333, -9.6667, 7.3333, -10.0, 7.0, -10.3333, 7.0, -10.3333, 7.0, -11.0, 6.6667, -10.6667, 6.3333, -11.3333, 6.3333, -11.0, 6.3333, -11.0, 5.3333, -11.3333, 5.3333, -11.3333, 5.3333, -11.3333, 5.6667, -11.3333, 6.3333, -11.0, 6.6667, -10.6667, 6.6667, -11.3333, 7.3333, -11.3333, 7.3333, -11.6667, 7.6667, -11.0, 8.0, -11.3333, 8.3333, -11.3333, 8.3333, -12.0, 9.0, -6.0, 4.0, -17.3333, 14.6667, -17.3333, 14.3333, -16.3333, 14.3333, -16.0, 14.0, -15.3333, 13.6667, -15.0, 13.3333, -15.0, 12.6667, -15.0, 13.0, -14.3333, 13.3333, -14.3333, 13.6667, -15.0, 14.0, -14.6667, 14.3333, -14.3333, 14.6667, -15.0, 14.6667, -15.0, 14.3333, -15.0, 14.0, -14.0, 13.3333, -14.0, 13.3333, -13.6667, 12.3333, -13.0, 11.6667, -13.0, 11.0, -12.3333, 10.0, -12.0, 9.6667, -12.0, 9.0, -11.0, 8.6667, -11.0, 8.0, -11.3333, 2.6667, -11.0, 0.6667, -2.6667, -0.3333, -1.0, -1.0, -0.3333, -1.0, -0.3333, -0.6667, -0.3333, -1.0, -1.3333, 0.3333, -2.6667, 1.6667, -13.3333, 13.3333, -13.6667, 12.6667, -11.3333, 13.3333, -11.6667, 12.6667, -12.3333, 12.3333, -12.6667, 12.3333, -13.3333, 11.3333, -13.6667, 10.3333, -14.0, 9.0, -15.3333, 8.0, -15.3333, 7.0, -15.6667, 6.0, -16.3333, 6.6667, -16.0, 6.6667, -16.3333, 6.0, -16.3333, 5.6667, -16.3333, 5.0, -17.0, 5.6667, -16.3333, 6.6667, -16.0, 6.6667, -15.3333, 7.6667, -15.0, 8.0, -15.3333, 9.6667, -15.6667, 11.0, -16.0, 13.0, -15.6667, 14.0, -16.0, 14.6667, -15.6667, 15.0]",13.818508,9.232305,91.760558
59,59,5c:01:3b:6b:b0:95,-44,256,"[86.0, -32.0, 4.0, 0.0, 0.6667, 4.3333, 1.0, 4.3333, 1.0, 4.0, 1.0, 3.6667, 1.0, 3.6667, 0.6667, 3.3333, 1.0, 3.0, 1.0, 2.6667, 1.0, 2.6667, 0.6667, 2.3333, 0.6667, 2.3333, 1.0, 2.0, 0.6667, 2.0, 0.6667, 2.0, 1.0, 2.3333, 1.0, 2.3333, 1.0, 2.0, 1.0, 2.3333, 0.6667, 2.3333, 0.6667, 2.3333, 0.6667, 2.3333, 0.3333, 2.3333, 0.6667, 2.0, 0.6667, 2.3333, 0.6667, 2.3333, -0.3333, 0.0, 0.0, 0.0, 0.0, 0.0, 0.0, 0.0, 0.0, 0.0, 0.0, 0.0, 0.0, 0.0, 0.0, 0.0, 0.0, 0.0, 0.0, 0.0, -0.3333, 0.3333, 0.6667, 2.6667, 1.0, 3.0, 0.6667, 3.6667, 1.0, 3.6667, 0.6667, 4.0, 0.6667, 4.0, 0.6667, 4.3333, 1.0, 4.6667, 0.6667, 4.6667, 1.0, 4.3333, 1.0, 4.3333, 1.3333, 4.6667, 1.3333, 4.0, 1.0, 4.0, 1.0, 4.0, 1.0, 4.3333, 0.6667, 4.3333, 0.6667, 4.6667, 1.3333, 4.6667, 1.0, 4.6667, 1.0, 4.6667, 0.6667, 4.6667, 1.0, 4.3333, 1.3333, 4.6667, 1.6667, 4.3333, 1.3333, 4.6667, 3.0, 2.3333, 12.3333, 9.0, 12.3333, 9.0, 12.3333, 9.0, 12.0, 8.6667, 11.3333, 8.0, 11.0, 7.6667, 10.0, 6.6667, 9.0, 6.3333, 8.3333, 5.6667, 7.3333, 5.3333, 6.0, 5.0, 5.6667, 5.0, 5.3333, 4.6667, 5.0, 5.0, 5.0, 5.0, 5.0, 4.6667, 6.0, 4.3333, 6.0, 4.6667, 6.6667, 4.3333, 7.0, 4.3333, 7.0, 4.6667, 7.3333, 4.3333, 7.0, 4.6667, 7.0, 4.3333, 8.0, 4.6667, 8.0, 5.0, 8.3333, 2.6667, 8.0, 1.6667, 0.6667, 0.0, 0.0, -0.6667, -0.6667, -1.0, -0.6667, -0.3333, -0.6667, -0.6667, -0.6667, -0.3333, 0.0, 0.0, 2.3333, 4.3333, 3.0, 4.6667, 7.3333, 5.6667, 8.6667, 6.3333, 9.3333, 7.0, 10.6667, 7.6667, 11.3333, 7.3333, 12.6667, 7.0, 13.0, 6.3333, 12.3333, 6.0, 12.3333, 5.6667, 12.6667, 5.0, 12.3333, 5.6667, 13.0, 5.6667, 12.3333, 5.3333, 12.3333, 5.0, 12.3333, 5.0, 12.0, 5.0, 12.3333, 5.6667, 13.0, 5.3333, 13.3333, 6.0, 14.0, 6.0, 14.3333, 7.0, 13.6667, 7.6667, 13.0, 8.6667, 13.6667, 9.3333, 14.0, 9.3333, 14.6667, 9.3333]",7.326275,9.030196,91.760558
60,60,5c:01:3b:6b:b0:95,-44,256,"[86.0, -32.0, 4.0, 0.0, 13.6667, 4.0, 13.6667, 4.0, 13.0, 3.0, 12.6667, 2.3333, 12.6667, 2.3333, 11.6667, 1.6667, 11.6667, 0.6667, 11.3333, 0.0, 10.6667, -0.6667, 10.3333, -1.6667, 10.3333, -1.6667, 11.0, -2.3333, 10.3333, -2.3333, 10.0, -2.3333, 10.3333, -1.6667, 10.3333, -1.6667, 10.3333, -1.6667, 10.3333, -0.6667, 9.6667, -0.6667, 9.6667, 0.0, 9.6667, 0.3333, 9.0, 1.0, 9.0, 1.0, 9.0, 1.3333, 9.0, 2.0, 1.6667, 0.0, 0.0, 0.0, 0.0, 0.0, 0.0, 0.0, 0.0, 0.0, 0.0, 0.0, 0.0, 0.0, 0.0, 0.0, 0.0, 0.0, 0.0, 0.0, 1.6667, -0.3333, 9.0, 0.0, 10.0, 0.6667, 10.0, 2.3333, 11.0, 3.0, 11.0, 4.0, 11.3333, 4.0, 11.6667, 5.0, 12.3333, 5.6667, 12.3333, 6.3333, 12.6667, 6.6667, 13.3333, 6.6667, 13.6667, 7.0, 13.6667, 7.0, 13.3333, 7.0, 13.3333, 7.0, 13.3333, 6.6667, 12.6667, 6.6667, 12.3333, 6.3333, 13.3333, 6.3333, 13.3333, 5.6667, 13.3333, 5.6667, 13.0, 5.0, 13.0, 4.6667, 14.0, 4.6667, 14.6667, 4.0, 14.6667, 4.0, 11.0, 2.6667, 38.0, 10.3333, 37.6667, 10.3333, 37.0, 10.3333, 36.0, 9.6667, 34.3333, 8.6667, 33.6667, 8.0, 32.0, 6.3333, 30.3333, 4.6667, 29.0, 3.0, 27.3333, 1.3333, 26.0, -0.3333, 25.3333, -1.0, 24.6667, -1.3333, 24.6667, -1.0, 24.6667, -1.0, 24.6667, -1.0, 25.3333, -1.0, 25.3333, 0.0, 25.6667, 0.0, 25.3333, 1.0, 25.3333, 2.0, 25.0, 2.6667, 24.0, 3.6667, 24.0, 3.6667, 24.3333, 4.6667, 24.0, 6.3333, 24.6667, 7.3333, 23.6667, 7.6667, 3.6667, 1.3333, 0.6667, -0.3333, -1.0, -1.0, -1.0, 0.0, -1.0, -0.6667, 0.0, -1.0, 2.6667, -1.3333, 18.0, -1.6667, 19.6667, 0.0, 24.3333, 2.0, 26.3333, 4.6667, 28.0, 7.0, 30.3333, 9.3333, 32.0, 10.0, 34.0, 10.3333, 35.0, 11.0, 35.0, 11.6667, 35.0, 12.0, 35.6667, 11.6667, 36.0, 12.6667, 36.6667, 12.6667, 36.0, 12.3333, 36.0, 12.6667, 36.0, 12.6667, 36.0, 12.6667, 36.0, 12.6667, 36.6667, 12.0, 36.6667, 12.0, 37.6667, 11.3333, 38.3333, 11.6667, 37.6667, 11.3333, 37.3333, 11.3333, 38.0, 11.3333, 39.3333, 11.0, 40.0, 11.0]",19.81787,14.176508,91.760558
61,61,5c:01:3b:6b:b0:95,-44,256,"[86.0, -32.0, 4.0, 0.0, 11.0, 2.0, 10.6667, 2.0, 10.0, 1.0, 9.6667, 0.6667, 9.6667, 0.6667, 8.6667, 0.3333, 8.6667, -0.6667, 8.3333, -1.0, 7.3333, -1.3333, 7.3333, -2.3333, 7.0, -2.3333, 7.6667, -2.6667, 7.0, -2.6667, 7.0, -2.6667, 7.0, -2.3333, 7.0, -2.3333, 7.3333, -2.3333, 7.3333, -1.3333, 7.0, -1.3333, 7.0, -1.0, 7.3333, -0.3333, 7.0, 0.0, 7.0, 0.0, 7.3333, 0.6667, 7.6667, 1.0, 1.3333, 0.0, 0.0, 0.0, 0.0, 0.0, 0.0, 0.0, 0.0, 0.0, 0.0, 0.0, 0.0, 0.0, 0.0, 0.0, 0.0, 0.0, 0.0, 0.0, 1.0, -0.6667, 6.0, -1.0, 7.0, -0.6667, 7.3333, 0.6667, 8.3333, 1.0, 8.6667, 2.0, 9.0, 2.0, 9.3333, 3.0, 10.0, 3.3333, 10.3333, 4.3333, 10.6667, 4.6667, 11.6667, 4.6667, 11.6667, 5.3333, 11.6667, 5.6667, 11.6667, 5.6667, 11.6667, 5.6667, 11.6667, 5.3333, 10.6667, 4.6667, 10.6667, 4.3333, 11.0, 4.3333, 11.0, 3.3333, 10.6667, 3.3333, 10.6667, 3.0, 10.3333, 2.3333, 11.0, 2.3333, 11.6667, 2.0, 11.6667, 2.0, 8.3333, 1.3333, 28.0, 5.6667, 27.6667, 5.6667, 27.3333, 5.6667, 26.6667, 5.3333, 25.3333, 4.3333, 24.6667, 4.0, 23.0, 2.6667, 21.6667, 1.3333, 20.3333, 0.0, 19.0, -1.3333, 17.6667, -2.6667, 17.0, -3.0, 16.6667, -3.6667, 16.6667, -3.0, 16.6667, -3.0, 16.6667, -3.0, 17.3333, -3.0, 17.3333, -2.0, 17.6667, -2.0, 18.0, -1.0, 18.0, 0.0, 18.0, 0.3333, 17.3333, 1.3333, 17.6667, 1.3333, 18.0, 2.3333, 18.0, 3.6667, 20.6667, 7.3333, 20.3333, 8.6667, 3.3333, 1.6667, 0.3333, 0.0, -1.0, -1.0, -1.0, 0.0, -1.0, -0.3333, -0.3333, -1.0, 2.0, -1.6667, 13.0, -4.3333, 14.6667, -3.0, 16.6667, -1.0, 18.3333, 1.3333, 20.3333, 3.0, 22.3333, 4.6667, 24.0, 6.0, 25.6667, 7.0, 26.6667, 8.3333, 27.3333, 9.6667, 27.6667, 10.6667, 28.3333, 10.6667, 28.6667, 11.6667, 29.3333, 11.6667, 29.0, 11.6667, 29.3333, 12.0, 29.3333, 12.6667, 29.3333, 12.0, 29.0, 11.6667, 29.0, 10.6667, 28.6667, 10.3333, 29.0, 9.3333, 29.0, 9.0, 28.3333, 8.0, 28.0, 7.0, 28.0, 6.6667, 29.0, 6.0, 29.3333, 6.0]",15.154254,11.785981,91.760558
62,62,5c:01:3b:6b:b0:95,-43,256,"[86.0, -32.0, 4.0, 0.0, 7.0, -4.0, 6.3333, -4.0, 6.0, -4.3333, 5.3333, -4.6667, 5.3333, -4.6667, 4.3333, -5.0, 4.3333, -5.6667, 3.6667, -6.0, 2.6667, -6.6667, 2.6667, -7.3333, 2.0, -7.3333, 2.3333, -7.3333, 2.0, -7.6667, 2.0, -7.6667, 2.0, -7.3333, 2.0, -7.3333, 2.6667, -7.0, 2.6667, -6.3333, 3.0, -6.0, 3.0, -5.3333, 3.6667, -4.6667, 4.0, -4.0, 4.0, -3.6667, 4.6667, -3.3333, 5.3333, -2.6667, 0.6667, -1.0, 0.0, 0.0, 0.0, 0.0, 0.0, 0.0, 0.0, 0.0, 0.0, 0.0, 0.0, 0.0, 0.0, 0.0, 0.0, 0.0, 0.0, 0.0, 0.0, -1.6667, 2.0, -5.3333, 3.0, -5.0, 3.6667, -4.0, 4.6667, -3.6667, 5.3333, -3.0, 6.0, -3.0, 6.6667, -2.3333, 7.0, -1.6667, 7.6667, -1.0, 8.3333, -0.6667, 9.3333, -0.6667, 9.3333, -0.3333, 9.3333, 0.3333, 9.3333, 0.3333, 9.3333, 0.3333, 9.3333, -0.3333, 8.3333, -0.6667, 8.3333, -1.0, 8.0, -1.0, 8.0, -2.0, 7.3333, -2.0, 7.3333, -2.6667, 6.6667, -3.0, 7.0, -3.3333, 7.3333, -4.0, 7.3333, -4.3333, 5.6667, -1.6667, 18.0, -4.3333, 17.6667, -4.0, 17.6667, -4.0, 17.3333, -4.0, 16.3333, -4.6667, 15.6667, -4.6667, 14.0, -5.6667, 13.0, -7.0, 11.6667, -8.3333, 10.6667, -9.6667, 9.3333, -11.0, 8.6667, -11.6667, 8.6667, -12.0, 8.6667, -11.6667, 8.6667, -11.6667, 8.6667, -11.6667, 9.3333, -11.0, 9.3333, -10.0, 9.6667, -9.6667, 10.6667, -8.6667, 10.6667, -7.3333, 11.0, -6.3333, 10.6667, -5.3333, 11.3333, -5.0, 11.6667, -4.0, 12.0, -2.3333, 16.6667, 2.0, 17.0, 3.6667, 3.0, 0.6667, 0.3333, -0.3333, -1.0, -0.6667, -1.0, 0.0, -1.0, -0.3333, -0.6667, -1.3333, 1.0, -2.6667, 7.0, -10.6667, 9.3333, -9.0, 9.0, -8.3333, 10.3333, -6.3333, 12.6667, -4.6667, 14.3333, -3.0, 16.0, -1.6667, 17.3333, -0.6667, 18.3333, 0.6667, 19.6667, 1.6667, 20.3333, 2.6667, 21.0, 2.6667, 21.3333, 3.0, 22.0, 3.0, 22.0, 3.0, 22.6667, 3.6667, 22.6667, 4.0, 22.6667, 3.3333, 22.0, 3.0, 21.3333, 2.3333, 20.6667, 1.6667, 20.3333, 1.0, 19.6667, 0.3333, 19.0, -1.0, 18.6667, -2.0, 18.0, -3.0, 18.6667, -3.6667, 18.6667, -4.0]",11.205016,9.576793,91.760558
63,63,5c:01:3b:6b:b0:95,-43,256,"[86.0, -32.0, 4.0, 0.0, 5.6667, -12.0, 5.0, -12.0, 5.3333, -11.6667, 4.6667, -11.6667, 4.6667, -11.6667, 4.0, -11.6667, 4.0, -12.0, 3.3333, -12.0, 2.3333, -12.6667, 2.3333, -13.0, 1.6667, -13.0, 1.3333, -12.3333, 1.3333, -13.0, 1.3333, -13.0, 1.3333, -13.0, 1.3333, -13.0, 2.0, -12.3333, 2.3333, -12.0, 3.0, -11.3333, 3.0, -10.6667, 3.3333, -9.6667, 3.6667, -9.0, 3.3333, -8.3333, 4.0, -8.0, 4.3333, -7.3333, 0.3333, -2.0, 0.0, 0.0, 0.0, 0.0, 0.0, 0.0, 0.0, 0.0, 0.0, 0.0, 0.0, 0.0, 0.0, 0.0, 0.0, 0.0, 0.0, 0.0, 0.0, -3.0, 1.6667, -10.6667, 2.6667, -10.6667, 3.0, -10.3333, 3.6667, -10.3333, 4.3333, -10.0, 4.6667, -10.0, 5.0, -9.6667, 5.0, -9.0, 5.3333, -8.6667, 6.0, -8.6667, 7.0, -8.6667, 7.0, -8.3333, 7.0, -7.6667, 7.0, -7.6667, 7.0, -7.6667, 7.0, -8.3333, 6.0, -8.6667, 6.3333, -8.6667, 5.6667, -8.6667, 6.0, -9.6667, 5.6667, -9.6667, 5.6667, -10.3333, 5.3333, -10.6667, 5.3333, -11.3333, 5.6667, -12.0, 5.6667, -12.6667, 4.0, -6.0, 12.3333, -19.0, 12.0, -18.3333, 12.0, -18.3333, 12.0, -17.6667, 11.3333, -18.0, 11.0, -17.3333, 9.6667, -17.6667, 9.3333, -18.6667, 8.6667, -19.6667, 8.3333, -20.6667, 7.3333, -21.6667, 7.0, -22.3333, 7.3333, -22.6667, 7.3333, -22.3333, 7.3333, -22.3333, 7.3333, -22.3333, 7.6667, -21.0, 7.3333, -20.0, 7.3333, -19.3333, 8.3333, -18.3333, 7.6667, -16.6667, 8.0, -15.3333, 7.6667, -14.3333, 8.0, -13.6667, 8.0, -12.6667, 9.0, -11.0, 16.0, -6.6667, 17.0, -5.0, 3.0, -1.0, 0.6667, -0.6667, -1.0, -0.3333, -1.0, 0.0, -1.0, 0.0, -0.6667, -1.6667, 0.6667, -4.0, 5.0, -19.6667, 6.3333, -18.0, 6.6667, -18.6667, 7.3333, -17.3333, 8.6667, -16.3333, 10.0, -15.3333, 12.0, -14.3333, 14.0, -13.3333, 15.0, -12.3333, 17.0, -12.0, 18.0, -11.0, 19.0, -11.0, 19.0, -11.3333, 20.0, -11.3333, 20.0, -11.3333, 21.0, -10.6667, 21.0, -10.3333, 21.0, -11.3333, 20.0, -11.3333, 19.0, -11.6667, 18.0, -12.3333, 17.0, -12.6667, 16.0, -13.3333, 15.0, -15.0, 14.0, -16.0, 13.0, -17.3333, 13.0, -18.3333, 13.0, -19.0]",14.646394,9.880694,91.760558
64,64,5c:01:3b:6b:b0:95,-44,256,"[86.0, -32.0, 4.0, 0.0, 10.3333, -6.0, 10.0, -6.3333, 10.0, -6.0, 9.3333, -6.3333, 9.0, -6.3333, 8.6667, -6.6667, 8.3333, -7.0, 8.0, -7.3333, 7.3333, -8.3333, 7.3333, -8.3333, 7.3333, -8.6667, 7.0, -8.0, 7.0, -8.6667, 7.0, -8.6667, 7.0, -8.6667, 7.0, -8.6667, 7.3333, -7.6667, 7.3333, -7.6667, 7.3333, -7.0, 7.0, -6.3333, 7.0, -5.6667, 7.0, -5.0, 6.6667, -4.3333, 7.0, -4.3333, 7.0, -3.6667, 1.0, -1.0, 0.0, 0.0, 0.0, 0.0, 0.0, 0.0, 0.0, 0.0, 0.0, 0.0, 0.0, 0.0, 0.0, 0.0, 0.0, 0.0, 0.0, 0.0, 1.0, -2.0, 5.6667, -7.0, 6.3333, -6.6667, 6.6667, -6.3333, 7.3333, -5.6667, 8.0, -5.3333, 8.3333, -5.0, 8.6667, -4.6667, 8.6667, -4.0, 8.6667, -3.6667, 9.0, -3.3333, 10.0, -3.0, 10.0, -3.0, 10.0, -2.3333, 9.6667, -2.3333, 9.6667, -2.3333, 9.6667, -3.0, 9.0, -3.3333, 9.3333, -3.3333, 9.3333, -3.3333, 10.0, -4.0, 10.0, -4.0, 10.0, -5.0, 10.0, -5.0, 10.0, -5.6667, 10.3333, -6.0, 10.3333, -6.6667, 5.3333, -2.0, 18.3333, -5.6667, 17.6667, -5.3333, 17.3333, -5.6667, 17.0, -5.3333, 16.6667, -5.6667, 16.6667, -5.3333, 16.0, -6.0, 16.3333, -7.0, 16.3333, -8.3333, 15.6667, -9.6667, 15.0, -10.6667, 14.6667, -11.6667, 15.0, -11.6667, 15.0, -11.3333, 15.0, -11.6667, 15.0, -11.6667, 15.0, -10.3333, 15.0, -9.6667, 14.6667, -9.0, 15.0, -8.3333, 14.0, -7.0, 13.3333, -6.0, 12.6667, -5.3333, 12.3333, -4.6667, 11.3333, -4.0, 11.3333, -2.6667, 13.3333, 2.3333, 13.0, 3.6667, 2.0, 0.3333, 0.3333, -0.3333, -1.0, -0.3333, -1.0, -0.3333, -1.0, -0.3333, -0.3333, -1.0, 1.6667, -2.3333, 11.3333, -9.6667, 12.3333, -7.6667, 12.6667, -9.6667, 13.3333, -8.3333, 14.0, -6.6667, 14.3333, -5.0, 15.6667, -3.6667, 16.6667, -2.3333, 17.0, -1.3333, 18.3333, -1.0, 18.6667, 0.3333, 19.3333, 0.3333, 19.6667, 0.0, 20.3333, 0.0, 20.0, 0.3333, 20.3333, 1.0, 20.3333, 1.0, 20.3333, 0.3333, 19.6667, 0.3333, 19.3333, 0.0, 19.0, -0.6667, 18.6667, -0.6667, 18.3333, -1.3333, 18.3333, -3.0, 18.0, -3.6667, 18.0, -5.0, 18.3333, -5.3333, 18.6667, -6.0]",12.665581,9.213784,91.760558
65,65,5c:01:3b:6b:b0:95,-43,256,"[86.0, -32.0, 4.0, 0.0, 13.0, 6.0, 13.0, 5.3333, 13.3333, 5.0, 13.0, 4.3333, 12.6667, 4.3333, 12.6667, 3.6667, 12.3333, 3.0, 12.6667, 2.3333, 12.3333, 1.3333, 12.3333, 1.3333, 13.0, 0.6667, 12.6667, 1.0, 12.6667, 0.6667, 12.6667, 0.6667, 12.6667, 0.6667, 12.6667, 0.6667, 12.6667, 1.6667, 12.3333, 1.6667, 11.6667, 2.0, 11.0, 2.3333, 10.3333, 2.6667, 9.6667, 3.0, 9.0, 3.3333, 9.0, 3.3333, 8.3333, 3.6667, 1.3333, 1.0, 0.0, 0.0, 0.0, 0.0, 0.0, 0.0, 0.0, 0.0, 0.0, 0.0, 0.0, 0.0, 0.0, 0.0, 0.0, 0.0, 0.0, 0.0, 2.0, 0.0, 9.6667, 1.0, 10.0, 1.6667, 9.6667, 2.3333, 10.0, 3.6667, 10.3333, 4.3333, 10.0, 5.0, 9.6667, 5.6667, 9.6667, 6.0, 9.0, 6.6667, 9.0, 7.3333, 9.3333, 8.0, 9.3333, 8.0, 9.3333, 8.3333, 9.3333, 8.3333, 9.3333, 8.3333, 9.3333, 8.0, 9.0, 7.3333, 9.6667, 7.3333, 10.0, 7.3333, 11.0, 7.0, 11.6667, 7.0, 11.6667, 6.0, 12.3333, 6.0, 12.3333, 5.6667, 13.0, 6.0, 13.0, 5.6667, 5.0, 5.0, 18.6667, 17.6667, 17.6667, 17.3333, 17.3333, 16.6667, 17.0, 16.3333, 17.0, 15.6667, 17.6667, 15.3333, 17.6667, 14.0, 18.6667, 13.0, 20.0, 11.3333, 20.0, 9.6667, 20.3333, 8.6667, 20.6667, 7.6667, 21.3333, 7.6667, 21.3333, 8.3333, 21.3333, 7.6667, 21.3333, 7.6667, 20.6667, 8.3333, 20.3333, 8.6667, 19.0, 9.0, 18.3333, 9.3333, 16.6667, 10.0, 15.3333, 10.0, 14.3333, 10.3333, 13.3333, 10.6667, 11.3333, 11.0, 10.3333, 11.6667, 7.3333, 16.6667, 6.0, 17.3333, 0.6667, 2.6667, -0.3333, 0.3333, -1.0, -0.6667, -1.0, -0.6667, -1.0, -0.6667, 0.0, 0.0, 2.3333, 0.3333, 15.3333, 6.6667, 14.6667, 8.6667, 16.3333, 6.6667, 15.6667, 8.3333, 14.6667, 10.6667, 13.6667, 13.0, 14.0, 14.6667, 14.0, 16.3333, 13.3333, 17.3333, 13.6667, 18.0, 13.3333, 19.6667, 13.6667, 19.6667, 14.0, 20.0, 14.3333, 20.0, 13.6667, 20.6667, 13.6667, 21.0, 13.6667, 21.0, 13.6667, 20.6667, 13.6667, 20.6667, 14.0, 20.0, 14.3333, 19.6667, 14.6667, 19.6667, 15.0, 19.3333, 16.0, 18.0, 16.3333, 17.6667, 17.0, 17.0, 17.6667, 17.3333, 18.3333, 17.0]",15.366639,10.230337,91.760558
66,66,5c:01:3b:6b:b0:95,-43,256,"[86.0, -32.0, 4.0, 0.0, 12.0, 15.3333, 11.6667, 14.6667, 11.6667, 13.6667, 11.6667, 13.0, 11.3333, 13.0, 11.3333, 12.0, 11.0, 11.3333, 11.3333, 10.6667, 11.3333, 10.0, 11.3333, 9.6667, 12.0, 9.0, 12.0, 9.0, 12.0, 9.0, 12.0, 9.0, 12.0, 9.0, 12.0, 9.0, 12.0, 9.6667, 11.3333, 9.6667, 10.3333, 9.6667, 9.6667, 9.6667, 9.0, 9.6667, 8.6667, 9.6667, 8.0, 9.6667, 8.0, 9.6667, 7.3333, 9.6667, 1.3333, 2.3333, 0.0, 0.0, 0.0, 0.0, 0.0, 0.0, 0.0, 0.0, 0.0, 0.0, 0.0, 0.0, 0.0, 0.0, 0.0, 0.0, 0.0, 0.0, 1.6667, 1.6667, 8.6667, 8.0, 8.6667, 8.6667, 8.6667, 9.6667, 9.0, 11.0, 9.3333, 12.0, 9.3333, 13.0, 9.3333, 13.6667, 9.0, 13.6667, 8.6667, 14.6667, 8.6667, 15.3333, 8.6667, 16.3333, 8.6667, 16.3333, 8.6667, 16.3333, 8.6667, 16.3333, 8.6667, 16.0, 8.6667, 16.0, 8.6667, 15.3333, 9.0, 15.3333, 9.6667, 15.3333, 10.3333, 15.3333, 11.0, 15.3333, 11.0, 14.6667, 11.3333, 14.6667, 11.3333, 14.6667, 12.0, 15.6667, 12.0, 15.6667, 6.3333, 12.0, 24.3333, 41.0, 23.3333, 40.0, 22.6667, 39.0, 22.0, 38.0, 22.0, 37.0, 22.3333, 36.0, 22.3333, 34.0, 23.3333, 33.0, 24.3333, 31.0, 24.0, 29.0, 24.6667, 28.0, 24.6667, 27.0, 25.3333, 27.0, 25.0, 28.0, 25.0, 27.0, 24.6667, 27.0, 24.3333, 27.0, 24.0, 27.0, 23.0, 27.0, 22.0, 27.0, 20.3333, 27.0, 18.6667, 26.0, 17.6667, 26.0, 16.6667, 26.0, 14.6667, 26.0, 12.6667, 26.0, 4.6667, 30.0, 2.0, 30.3333, -0.3333, 5.0, -1.0, 1.0, -1.0, -1.0, -1.0, -1.0, -1.0, -1.0, 0.3333, 0.6667, 3.0, 3.0, 19.3333, 21.3333, 19.0, 23.3333, 20.3333, 23.0, 20.0, 25.0, 19.3333, 28.0, 18.0, 30.6667, 17.6667, 32.6667, 16.6667, 34.6667, 15.3333, 36.0, 15.0, 37.0, 14.0, 39.0, 14.0, 39.0, 14.3333, 40.0, 14.0, 40.0, 13.3333, 41.0, 13.0, 41.0, 13.0, 41.0, 13.0, 41.0, 13.3333, 41.0, 14.3333, 40.0, 15.3333, 40.0, 16.3333, 40.0, 17.3333, 40.0, 19.3333, 39.0, 20.3333, 39.0, 22.0, 39.0, 23.0, 40.0, 24.0, 40.0]",24.385287,15.672654,91.760558
67,67,5c:01:3b:6b:b0:95,-39,256,"[86.0, -32.0, 4.0, 0.0, 2.0, 10.6667, 1.6667, 10.3333, 2.3333, 9.6667, 2.6667, 9.3333, 2.6667, 9.3333, 3.0, 9.0, 3.0, 8.6667, 3.6667, 8.3333, 3.6667, 8.0, 3.6667, 7.6667, 4.0, 7.3333, 4.0, 7.6667, 4.0, 7.6667, 4.3333, 7.6667, 4.0, 7.6667, 4.0, 7.6667, 4.3333, 8.0, 4.0, 8.0, 3.3333, 7.6667, 3.0, 7.6667, 2.3333, 7.3333, 2.0, 7.3333, 1.3333, 7.0, 1.6667, 7.0, 1.0, 7.0, 0.0, 1.3333, 0.0, 0.0, 0.0, 0.0, 0.0, 0.0, 0.0, 0.0, 0.0, 0.0, 0.0, 0.0, 0.0, 0.0, 0.0, 0.0, 0.0, 0.0, 0.0, 1.3333, 2.3333, 6.3333, 2.3333, 6.3333, 1.6667, 7.0, 1.6667, 7.6667, 1.6667, 8.0, 1.3333, 8.6667, 1.0, 9.0, 0.6667, 9.0, 0.3333, 9.3333, 0.3333, 9.6667, -0.3333, 10.3333, -0.3333, 10.3333, -0.3333, 10.0, 0.0, 10.0, 0.3333, 10.0, 0.0, 10.0, 0.0, 10.0, 0.3333, 10.0, 0.6667, 10.0, 1.0, 10.0, 1.3333, 10.3333, 1.3333, 10.0, 1.6667, 10.0, 1.3333, 10.0, 2.0, 10.6667, 2.0, 11.0, -1.0, 8.6667, -1.0, 30.3333, -1.3333, 29.3333, -1.3333, 28.6667, -1.3333, 28.0, -1.0, 27.6667, -0.6667, 27.0, -0.3333, 26.0, 0.3333, 26.0, 1.3333, 25.0, 2.0, 24.0, 3.0, 23.6667, 3.3333, 23.3333, 4.0, 23.6667, 4.0, 24.3333, 4.0, 23.6667, 4.0, 23.6667, 3.6667, 23.6667, 3.3333, 23.3333, 2.3333, 23.0, 1.6667, 22.6667, 0.3333, 22.0, -0.3333, 20.6667, -0.6667, 20.3333, -1.0, 20.0, -1.6667, 19.3333, -2.3333, 19.0, -6.3333, 18.3333, -7.3333, 18.3333, -2.0, 2.6667, -1.3333, 0.3333, -0.6667, -1.0, -0.6667, -1.0, -0.6667, -1.0, -0.3333, 0.3333, 0.0, 2.6667, 2.0, 17.6667, 1.3333, 18.0, 2.3333, 18.6667, 1.3333, 19.3333, 0.0, 20.6667, -1.0, 22.0, -1.3333, 22.6667, -2.0, 23.6667, -3.0, 24.3333, -3.3333, 24.6667, -4.0, 25.6667, -4.0, 25.3333, -4.3333, 25.6667, -4.6667, 25.6667, -4.6667, 26.0, -4.6667, 26.0, -4.6667, 26.0, -5.0, 26.3333, -4.6667, 27.0, -4.3333, 26.6667, -4.0, 26.6667, -3.3333, 27.0, -3.0, 27.3333, -2.3333, 27.3333, -2.0, 27.6667, -1.6667, 28.0, -1.3333, 29.0, -0.6667, 29.3333]",15.265716,11.572144,91.760558
68,68,5c:01:3b:6b:b0:95,-39,256,"[86.0, -32.0, 4.0, 0.0, 1.0, 6.0, 0.3333, 6.0, 0.6667, 5.6667, 1.3333, 5.6667, 1.3333, 5.6667, 1.6667, 6.0, 1.6667, 6.0, 2.0, 6.0, 2.0, 6.0, 2.0, 5.6667, 2.0, 5.6667, 2.0, 6.3333, 2.0, 6.3333, 2.3333, 6.3333, 2.0, 6.3333, 2.0, 6.3333, 2.3333, 6.3333, 2.3333, 6.3333, 1.6667, 5.6667, 1.6667, 5.6667, 1.0, 5.0, 1.0, 5.0, 0.3333, 4.3333, 0.6667, 4.3333, 0.0, 4.3333, 0.0, 0.3333, 0.0, 0.0, 0.0, 0.0, 0.0, 0.0, 0.0, 0.0, 0.0, 0.0, 0.0, 0.0, 0.0, 0.0, 0.0, 0.0, 0.0, 0.0, -0.3333, 1.0, 1.0, 4.6667, 1.0, 4.0, 0.6667, 4.3333, 0.6667, 4.3333, 0.6667, 4.0, 0.6667, 4.6667, 0.6667, 4.6667, 0.0, 5.0, 0.0, 5.0, 0.0, 5.3333, -0.3333, 5.6667, -0.3333, 5.6667, -0.3333, 5.3333, -0.3333, 5.3333, 0.0, 5.3333, -0.3333, 5.3333, -0.3333, 5.6667, -0.3333, 5.3333, 0.3333, 5.3333, 0.3333, 5.3333, 0.6667, 5.6667, 0.6667, 5.3333, 0.6667, 5.3333, 0.3333, 5.3333, 1.0, 5.6667, 1.0, 6.3333, 1.0, 6.6667, 5.0, 23.0, 4.6667, 22.0, 4.3333, 21.6667, 4.3333, 21.0, 4.6667, 20.6667, 4.6667, 20.0, 5.3333, 19.0, 5.6667, 19.0, 6.0, 19.0, 6.6667, 19.0, 7.6667, 19.3333, 7.6667, 19.6667, 8.3333, 20.3333, 8.3333, 20.6667, 8.3333, 20.3333, 8.0, 20.3333, 8.0, 20.3333, 7.6667, 19.6667, 7.0, 19.0, 6.0, 18.3333, 4.6667, 17.0, 3.6667, 15.3333, 3.3333, 14.6667, 2.6667, 14.6667, 2.0, 14.3333, 1.3333, 14.6667, -0.6667, 14.3333, -2.0, 15.0, -1.3333, 2.3333, -1.0, 0.3333, -0.6667, -1.0, -1.0, -1.0, -0.6667, -1.0, 0.0, 0.0, 1.0, 2.3333, 7.3333, 14.0, 7.0, 12.6667, 6.3333, 14.3333, 5.6667, 14.3333, 4.6667, 15.3333, 4.3333, 16.6667, 4.0, 17.3333, 3.6667, 18.3333, 3.0, 19.0, 2.6667, 19.6667, 2.3333, 20.3333, 2.0, 20.3333, 1.6667, 20.6667, 1.0, 20.6667, 1.3333, 21.0, 1.3333, 21.0, 1.3333, 21.0, 1.3333, 21.0, 1.3333, 21.6667, 1.6667, 21.3333, 2.0, 21.3333, 2.6667, 21.3333, 3.0, 21.3333, 3.6667, 21.3333, 4.0, 21.3333, 4.3333, 21.6667, 5.0, 22.0, 5.3333, 22.3333]",11.702693,10.679887,91.760558
69,69,5c:01:3b:6b:b0:95,-38,256,"[86.0, -32.0, 4.0, 0.0, -6.0, 3.6667, -6.3333, 3.6667, -5.6667, 3.3333, -5.3333, 3.3333, -5.3333, 3.3333, -4.6667, 4.0, -4.6667, 3.6667, -4.0, 3.6667, -4.0, 3.3333, -4.0, 3.3333, -4.0, 3.0, -4.0, 3.6667, -4.0, 3.6667, -3.3333, 4.0, -4.0, 3.6667, -4.0, 4.0, -3.3333, 4.0, -3.3333, 4.0, -3.6667, 3.3333, -3.6667, 3.6667, -4.0, 3.0, -4.0, 3.0, -4.3333, 2.3333, -3.6667, 2.6667, -4.0, 2.6667, -1.0, 0.0, 0.0, 0.0, 0.0, 0.0, 0.0, 0.0, 0.0, 0.0, 0.0, 0.0, 0.0, 0.0, 0.0, 0.0, 0.0, 0.0, 0.0, 0.0, -1.6667, 0.6667, -4.0, 3.0, -4.0, 2.3333, -4.6667, 2.3333, -4.6667, 2.6667, -4.6667, 2.0, -5.0, 2.3333, -5.0, 2.3333, -5.3333, 2.6667, -5.0, 2.0, -5.3333, 2.3333, -5.6667, 2.3333, -5.6667, 2.3333, -5.6667, 1.6667, -5.6667, 1.6667, -5.3333, 2.3333, -5.6667, 2.3333, -5.6667, 3.0, -5.6667, 2.6667, -5.3333, 2.6667, -5.6667, 2.6667, -5.6667, 3.3333, -5.6667, 3.0, -5.6667, 3.0, -6.3333, 3.0, -6.0, 3.0, -6.0, 3.6667, -6.0, 3.3333, -18.6667, 12.3333, -18.6667, 11.3333, -18.3333, 11.3333, -17.6667, 11.0, -17.0, 11.3333, -17.0, 11.0, -16.3333, 11.0, -16.3333, 12.0, -16.3333, 12.0, -16.0, 12.3333, -16.0, 12.3333, -16.0, 12.6667, -15.6667, 13.0, -15.0, 13.0, -15.0, 13.0, -14.6667, 13.0, -14.6667, 13.3333, -14.3333, 12.6667, -14.3333, 12.3333, -14.3333, 12.0, -14.6667, 11.0, -14.3333, 9.6667, -14.0, 9.0, -14.0, 8.6667, -13.3333, 7.6667, -12.6667, 7.6667, -10.0, 3.6667, -9.6667, 3.6667, -2.3333, 0.0, -1.0, -0.3333, -0.6667, -1.0, -0.6667, -1.0, -0.3333, -1.0, -1.0, 0.0, -2.3333, 1.3333, -11.3333, 10.0, -11.0, 8.6667, -13.0, 9.0, -13.0, 8.6667, -13.6667, 8.0, -13.6667, 8.3333, -14.0, 7.6667, -14.0, 7.6667, -14.3333, 7.3333, -14.6667, 7.3333, -14.6667, 7.0, -15.0, 6.6667, -15.6667, 6.3333, -16.0, 6.3333, -15.6667, 6.0, -15.6667, 6.0, -15.6667, 6.0, -15.6667, 6.3333, -16.0, 7.6667, -16.0, 8.0, -16.0, 8.0, -16.0, 8.3333, -16.3333, 8.6667, -17.0, 9.6667, -17.0, 10.0, -18.0, 10.6667, -18.3333, 11.0, -18.3333, 11.6667]",11.074182,10.093254,91.760558
70,70,5c:01:3b:6b:b0:95,-39,256,"[86.0, -32.0, 4.0, 0.0, 2.0, 1.0, 1.6667, 1.0, 2.0, 0.6667, 2.3333, 0.6667, 2.0, 1.0, 2.3333, 1.3333, 2.3333, 1.0, 2.3333, 1.3333, 2.3333, 1.0, 2.3333, 1.3333, 2.0, 1.0, 2.0, 1.3333, 2.0, 1.3333, 2.3333, 1.6667, 2.0, 1.3333, 2.3333, 1.6667, 2.3333, 1.6667, 2.3333, 1.6667, 2.0, 1.0, 2.0, 1.3333, 1.6667, 1.0, 1.6667, 1.0, 1.0, 0.6667, 1.3333, 0.6667, 1.0, 0.6667, 0.0, -0.3333, 0.0, 0.0, 0.0, 0.0, 0.0, 0.0, 0.0, 0.0, 0.0, 0.0, 0.0, 0.0, 0.0, 0.0, 0.0, 0.0, 0.0, 0.0, -0.3333, 0.0, 1.3333, 1.0, 1.6667, 0.6667, 1.3333, 0.3333, 1.6667, 0.3333, 1.6667, 0.0, 1.6667, 0.3333, 1.6667, 0.3333, 1.3333, 0.6667, 1.6667, 0.3333, 1.3333, 0.6667, 1.3333, 0.6667, 1.6667, 1.0, 1.6667, 0.6667, 1.6667, 0.6667, 1.3333, 1.0, 1.3333, 1.0, 1.3333, 1.0, 1.6667, 0.6667, 2.0, 0.6667, 1.6667, 0.6667, 2.0, 0.6667, 2.0, 0.3333, 2.0, 0.6667, 1.6667, 0.6667, 2.3333, 0.6667, 2.3333, 0.6667, 3.3333, 1.0, 12.0, 4.3333, 11.6667, 3.6667, 11.3333, 3.6667, 11.3333, 3.3333, 11.3333, 3.0, 11.0, 2.3333, 10.6667, 2.0, 10.3333, 2.0, 10.0, 2.0, 9.6667, 2.3333, 9.3333, 2.6667, 9.0, 3.0, 9.3333, 3.0, 10.0, 3.0, 9.6667, 3.0, 9.6667, 3.0, 9.6667, 3.3333, 9.6667, 3.0, 9.3333, 2.6667, 9.0, 2.3333, 8.6667, 2.0, 8.3333, 1.3333, 7.6667, 1.3333, 7.3333, 1.6667, 7.0, 1.6667, 6.6667, 2.3333, 7.0, 3.6667, 6.0, 4.6667, 0.6667, 0.3333, 0.0, -0.3333, -1.0, -1.0, -1.0, -0.6667, -0.6667, -0.6667, 0.0, -0.3333, 1.0, -0.3333, 8.6667, 0.3333, 9.0, -0.3333, 8.3333, 1.0, 9.0, 0.6667, 9.3333, 1.0, 9.3333, 2.0, 9.3333, 2.6667, 9.3333, 3.3333, 9.0, 4.0, 8.6667, 5.0, 8.6667, 5.3333, 8.6667, 5.3333, 8.3333, 5.3333, 8.0, 5.3333, 8.0, 5.3333, 8.0, 5.6667, 8.0, 5.6667, 8.3333, 5.6667, 8.0, 6.0, 8.6667, 5.6667, 9.3333, 5.6667, 9.6667, 5.0, 10.0, 4.6667, 10.3333, 4.6667, 11.0, 4.0, 11.0, 4.0, 11.3333, 3.3333, 11.3333, 3.6667]",6.009503,8.717476,91.760558
71,71,5c:01:3b:6b:b0:95,-38,256,"[86.0, -32.0, 4.0, 0.0, -0.3333, -2.3333, -0.3333, -2.3333, -0.3333, -2.6667, -0.3333, -2.6667, -0.6667, -2.3333, -0.6667, -2.3333, -0.6667, -2.6667, -1.0, -2.6667, -1.3333, -3.0, -1.6667, -2.6667, -2.0, -3.0, -2.3333, -3.0, -2.3333, -3.0, -1.6667, -3.0, -2.0, -3.3333, -1.6667, -2.6667, -1.6667, -2.6667, -1.3333, -2.6667, -1.0, -2.6667, -1.0, -2.3333, -0.6667, -2.0, -0.6667, -2.0, -0.6667, -2.0, -0.3333, -2.0, 0.0, -1.6667, -0.3333, -0.6667, 0.0, 0.0, 0.0, 0.0, 0.0, 0.0, 0.0, 0.0, 0.0, 0.0, 0.0, 0.0, 0.0, 0.0, 0.0, 0.0, 0.0, 0.0, -1.0, -1.0, -1.6667, -2.3333, -1.0, -2.3333, -1.3333, -2.3333, -0.6667, -2.3333, -0.3333, -2.3333, 0.0, -2.3333, 0.3333, -2.3333, 0.6667, -2.3333, 1.3333, -3.0, 1.0, -3.0, 1.0, -3.0, 1.6667, -2.6667, 1.6667, -3.0, 1.6667, -3.0, 1.3333, -2.6667, 1.3333, -2.6667, 1.0, -2.6667, 1.3333, -2.6667, 1.3333, -2.6667, 0.6667, -2.3333, 0.6667, -2.3333, 0.3333, -2.3333, 0.3333, -2.0, -0.3333, -2.0, 0.0, -2.3333, 0.0, -2.6667, 1.3333, -4.0, 5.3333, -11.0, 5.3333, -11.0, 5.3333, -11.0, 5.0, -10.6667, 4.6667, -10.0, 4.0, -10.0, 3.0, -9.3333, 2.3333, -8.6667, 1.3333, -8.6667, 0.3333, -9.3333, -1.0, -9.6667, -1.6667, -10.0, -2.0, -10.6667, -1.3333, -10.6667, -1.3333, -10.3333, -1.0, -10.3333, -0.6667, -9.6667, -0.3333, -9.3333, 0.0, -9.0, 0.6667, -8.3333, 1.3333, -7.6667, 2.0, -7.3333, 1.6667, -6.6667, 2.3333, -6.6667, 3.0, -7.3333, 3.6667, -7.3333, 7.3333, -11.0, 8.0, -10.6667, 1.3333, -2.6667, 0.3333, -1.3333, -1.0, -0.6667, -0.6667, -0.3333, -0.6667, -0.3333, -0.6667, -1.0, -0.6667, -2.3333, -0.6667, -10.3333, 0.6667, -9.6667, 0.0, -8.3333, 1.6667, -8.3333, 3.0, -9.3333, 3.6667, -10.3333, 4.6667, -11.0, 5.3333, -11.6667, 6.0, -11.6667, 6.6667, -12.0, 7.0, -12.0, 7.3333, -12.6667, 7.3333, -13.0, 7.3333, -13.3333, 7.6667, -14.0, 8.0, -13.6667, 7.6667, -13.6667, 7.6667, -13.0, 7.0, -12.3333, 7.0, -12.3333, 7.3333, -12.3333, 7.0, -12.3333, 6.6667, -12.3333, 6.0, -11.6667, 6.0, -11.3333, 5.3333, -11.3333, 5.0, -11.3333, 5.0, -11.3333]",7.000589,8.980085,91.760558
72,72,5c:01:3b:6b:b0:95,-37,256,"[86.0, -32.0, 4.0, 0.0, 4.3333, -6.0, 4.3333, -6.0, 3.6667, -6.0, 3.6667, -5.6667, 3.3333, -5.3333, 2.6667, -5.0, 2.6667, -5.0, 1.6667, -5.3333, 1.0, -5.3333, 0.3333, -5.0, 0.0, -5.0, -0.6667, -5.0, -0.6667, -5.0, 0.0, -5.6667, 0.0, -5.6667, 0.3333, -5.0, 0.0, -5.0, 0.6667, -5.0, 1.3333, -4.6667, 1.3333, -4.6667, 2.0, -4.0, 2.0, -4.0, 2.3333, -4.0, 2.3333, -4.3333, 3.0, -4.0, 0.3333, -1.3333, 0.0, 0.0, 0.0, 0.0, 0.0, 0.0, 0.0, 0.0, 0.0, 0.0, 0.0, 0.0, 0.0, 0.0, 0.0, 0.0, 0.0, 0.0, -0.3333, -1.6667, 0.3333, -4.6667, 1.3333, -4.6667, 1.3333, -4.6667, 2.3333, -5.3333, 3.0, -5.3333, 4.0, -5.3333, 4.6667, -5.6667, 5.3333, -5.6667, 6.0, -6.3333, 6.0, -6.3333, 6.0, -6.6667, 7.0, -6.3333, 7.0, -6.3333, 7.0, -6.3333, 6.6667, -6.0, 6.6667, -6.0, 6.0, -6.3333, 6.3333, -6.3333, 6.3333, -6.3333, 5.6667, -6.0, 5.6667, -6.3333, 5.0, -6.0, 5.0, -5.6667, 4.3333, -5.6667, 4.6667, -6.3333, 4.6667, -6.6667, 6.6667, -7.6667, 22.6667, -23.6667, 22.6667, -23.6667, 22.3333, -23.3333, 21.3333, -22.6667, 20.3333, -21.6667, 19.3333, -21.3333, 18.0, -20.6667, 17.0, -20.0, 15.3333, -19.0, 14.3333, -19.3333, 12.6667, -19.3333, 11.6667, -19.6667, 11.0, -20.3333, 11.3333, -20.3333, 11.6667, -19.6667, 11.6667, -19.6667, 12.3333, -19.0, 12.3333, -18.3333, 12.6667, -18.0, 13.3333, -17.0, 14.0, -16.3333, 14.3333, -16.0, 13.6667, -15.3333, 14.3333, -15.3333, 14.6667, -15.3333, 15.0, -15.3333, 19.3333, -16.3333, 20.0, -16.0, 3.3333, -3.6667, 1.0, -1.6667, -1.0, -0.3333, -1.0, 0.0, -1.0, 0.0, -0.3333, -1.6667, 1.3333, -3.6667, 10.0, -19.0, 11.6667, -18.3333, 11.0, -16.6667, 13.0, -17.3333, 15.0, -18.6667, 16.3333, -20.0, 18.0, -20.3333, 19.3333, -21.3333, 20.6667, -21.6667, 22.0, -22.0, 22.6667, -22.0, 23.0, -23.0, 23.6667, -23.3333, 23.6667, -24.0, 24.3333, -24.3333, 25.0, -24.0, 24.3333, -24.0, 24.3333, -23.3333, 23.6667, -23.0, 23.3333, -23.0, 23.6667, -23.0, 23.3333, -23.3333, 23.0, -23.3333, 22.6667, -23.3333, 22.3333, -23.0, 22.0, -23.0, 22.3333, -23.3333, 22.3333, -23.6667]",15.654274,13.496082,91.760558
73,73,5c:01:3b:6b:b0:95,-42,256,"[86.0, -32.0, 4.0, 0.0, 1.0, -7.3333, 1.0, -7.3333, 0.0, -7.3333, 0.0, -6.6667, 0.0, -6.6667, -1.0, -6.3333, -1.0, -6.3333, -2.0, -7.3333, -3.0, -7.6667, -4.0, -8.0, -4.0, -8.0, -5.0, -8.0, -5.0, -8.0, -4.0, -8.6667, -4.0, -8.6667, -4.0, -8.0, -4.0, -7.6667, -3.0, -7.6667, -2.0, -6.6667, -2.0, -6.3333, -1.0, -5.3333, -1.0, -5.3333, 0.0, -5.0, 0.0, -5.0, 1.0, -4.6667, 0.0, -1.6667, 0.0, 0.0, 0.0, 0.0, 0.0, 0.0, 0.0, 0.0, 0.0, 0.0, 0.0, 0.0, 0.0, 0.0, 0.0, 0.0, 0.0, 0.0, -1.0, -2.0, -3.0, -6.3333, -2.0, -6.3333, -2.0, -5.6667, -1.0, -6.3333, 0.0, -6.3333, 1.0, -6.3333, 2.0, -7.0, 3.0, -7.0, 4.0, -8.0, 4.0, -8.0, 4.0, -8.6667, 5.0, -8.6667, 5.0, -8.6667, 5.0, -8.6667, 5.0, -8.0, 5.0, -8.0, 4.0, -8.0, 4.0, -8.0, 4.0, -8.0, 3.0, -7.6667, 3.0, -7.6667, 2.0, -7.0, 2.0, -7.0, 1.0, -7.0, 1.0, -8.0, 1.0, -8.0, 3.0, -9.0, 11.0, -28.3333, 11.0, -28.6667, 11.0, -28.0, 10.0, -27.0, 9.0, -25.0, 8.0, -24.0, 7.0, -23.0, 6.0, -21.3333, 4.0, -20.3333, 3.0, -20.3333, 1.0, -20.6667, 0.0, -20.6667, -1.0, -21.3333, -1.0, -21.3333, 0.0, -20.3333, 0.0, -20.3333, 1.0, -19.6667, 1.0, -19.3333, 2.0, -18.6667, 3.0, -17.6667, 4.0, -17.0, 5.0, -16.6667, 5.0, -16.3333, 6.0, -17.0, 7.0, -17.3333, 8.0, -18.0, 16.0, -21.6667, 18.0, -22.3333, 3.0, -5.0, 1.0, -2.0, -1.0, 0.0, -1.0, 0.0, -1.0, 0.0, -1.0, -1.6667, 0.0, -3.3333, 1.0, -16.3333, 3.0, -16.0, 1.0, -17.6667, 3.0, -18.3333, 5.0, -21.0, 7.0, -23.3333, 9.0, -24.6667, 11.0, -26.6667, 13.0, -28.3333, 15.0, -29.6667, 16.0, -30.3333, 16.0, -32.0, 17.0, -32.6667, 17.0, -33.6667, 18.0, -34.0, 19.0, -34.0, 18.0, -34.0, 18.0, -33.0, 17.0, -32.0, 16.0, -31.3333, 16.0, -31.3333, 15.0, -31.0, 14.0, -30.3333, 13.0, -30.0, 12.0, -28.6667, 11.0, -28.0, 11.0, -27.6667, 11.0, -28.0]",15.672062,13.268993,91.760558
74,74,5c:01:3b:6b:b0:95,-38,256,"[86.0, -32.0, 4.0, 0.0, 8.0, -8.0, 8.0, -8.0, 7.0, -8.0, 6.6667, -7.0, 6.3333, -7.0, 5.6667, -6.6667, 5.3333, -6.6667, 4.3333, -7.6667, 3.3333, -8.3333, 2.6667, -9.0, 2.3333, -9.0, 1.6667, -9.0, 1.6667, -9.0, 2.3333, -9.3333, 2.3333, -9.3333, 2.3333, -9.0, 2.3333, -8.3333, 3.0, -8.3333, 3.3333, -7.3333, 3.3333, -6.6667, 4.3333, -5.6667, 4.3333, -5.6667, 4.6667, -5.0, 4.6667, -5.0, 5.3333, -5.0, 1.0, -2.0, 0.0, 0.0, 0.0, 0.0, 0.0, 0.0, 0.0, 0.0, 0.0, 0.0, 0.0, 0.0, 0.0, 0.0, 0.0, 0.0, 0.0, 0.0, 0.3333, -2.0, 2.6667, -6.6667, 3.6667, -6.6667, 4.0, -6.0, 5.0, -7.0, 6.0, -7.0, 7.0, -7.0, 7.6667, -8.0, 8.6667, -8.0, 9.6667, -9.0, 10.0, -8.6667, 10.0, -9.3333, 11.0, -9.3333, 11.0, -9.0, 10.6667, -9.0, 10.6667, -8.3333, 10.6667, -8.6667, 10.0, -9.0, 9.6667, -9.0, 9.6667, -9.0, 9.3333, -9.0, 9.3333, -9.0, 8.6667, -8.0, 8.6667, -8.0, 8.0, -8.0, 8.3333, -9.0, 8.3333, -9.0, 6.3333, -8.3333, 22.3333, -26.6667, 22.0, -27.3333, 21.6667, -26.3333, 20.6667, -25.6667, 19.3333, -24.3333, 18.3333, -23.6667, 17.3333, -23.3333, 16.3333, -22.0, 14.3333, -21.0, 13.3333, -19.6667, 11.6667, -19.3333, 10.6667, -18.3333, 9.6667, -18.6667, 9.6667, -18.6667, 10.3333, -17.6667, 10.3333, -17.6667, 11.0, -17.3333, 11.0, -17.6667, 12.0, -17.3333, 12.3333, -17.3333, 12.6667, -17.0, 13.0, -17.0, 13.0, -17.0, 13.3333, -17.6667, 14.0, -17.0, 14.6667, -17.3333, 20.0, -16.3333, 21.0, -16.3333, 3.3333, -4.0, 1.0, -1.6667, -1.0, 0.0, -1.0, 0.0, -1.0, 0.0, -0.3333, -1.3333, 1.3333, -2.6667, 8.6667, -12.6667, 10.6667, -13.3333, 10.0, -17.3333, 12.0, -19.0, 14.3333, -20.6667, 16.3333, -21.6667, 18.0, -22.0, 20.0, -23.0, 21.6667, -24.0, 23.3333, -24.3333, 24.0, -24.6667, 24.0, -26.0, 25.0, -26.6667, 25.0, -27.3333, 26.0, -27.0, 26.3333, -27.0, 25.6667, -27.0, 25.6667, -26.6667, 25.0, -26.0, 24.3333, -25.3333, 24.3333, -25.6667, 23.6667, -26.0, 23.3333, -26.0, 23.0, -26.3333, 22.3333, -26.3333, 21.6667, -26.0, 22.0, -26.3333, 22.0, -26.6667]",17.541282,13.294656,91.760558
75,75,5c:01:3b:6b:b0:95,-42,256,"[86.0, -32.0, 4.0, 0.0, 15.0, -7.0, 15.0, -7.3333, 14.3333, -7.3333, 14.0, -6.6667, 13.6667, -6.6667, 13.0, -7.0, 12.6667, -7.0, 11.6667, -8.0, 10.6667, -9.0, 10.3333, -10.0, 10.0, -10.0, 9.6667, -10.0, 9.6667, -10.0, 9.6667, -10.0, 9.6667, -10.0, 9.6667, -10.0, 9.6667, -9.0, 10.0, -9.0, 9.6667, -8.0, 9.6667, -7.0, 10.3333, -6.0, 10.0, -6.0, 10.0, -5.0, 9.6667, -5.0, 9.6667, -4.6667, 2.0, -1.6667, 0.0, 0.0, 0.0, 0.0, 0.0, 0.0, 0.0, 0.0, 0.0, 0.0, 0.0, 0.0, 0.0, 0.0, 0.0, 0.0, 0.0, 0.0, 2.0, -2.0, 9.0, -7.0, 10.0, -7.0, 10.6667, -6.0, 11.3333, -6.3333, 12.0, -6.0, 13.0, -6.0, 13.3333, -6.3333, 14.3333, -6.0, 15.3333, -6.6667, 16.0, -6.0, 16.0, -6.6667, 17.0, -6.3333, 17.0, -6.0, 16.3333, -6.0, 16.3333, -5.6667, 16.3333, -6.0, 16.0, -6.3333, 15.3333, -6.6667, 15.3333, -6.6667, 15.6667, -6.6667, 15.6667, -7.0, 15.3333, -6.6667, 15.3333, -6.6667, 15.0, -7.0, 15.6667, -7.6667, 15.6667, -8.0, 9.6667, -5.3333, 33.6667, -16.6667, 33.0, -17.0, 32.3333, -16.3333, 31.3333, -16.3333, 29.6667, -16.0, 29.0, -15.6667, 28.0, -16.0, 27.3333, -16.0, 26.0, -15.6667, 25.0, -15.0, 24.0, -15.0, 23.3333, -14.0, 22.6667, -14.0, 22.6667, -14.0, 23.0, -13.3333, 22.6667, -13.0, 23.0, -13.0, 22.6667, -13.3333, 23.3333, -13.3333, 23.0, -13.3333, 22.6667, -13.0, 22.3333, -12.6667, 21.6667, -12.3333, 21.3333, -12.6667, 21.0, -11.3333, 21.3333, -11.0, 24.0, -6.3333, 24.0, -5.3333, 3.6667, -1.6667, 1.0, -1.0, -1.0, -0.3333, -1.3333, 0.0, -1.0, -0.3333, 0.3333, -1.0, 3.0, -1.6667, 19.0, -7.3333, 20.6667, -7.6667, 20.6667, -13.3333, 22.0, -14.0, 23.6667, -13.6667, 25.6667, -13.3333, 27.0, -13.0, 29.0, -12.6667, 30.3333, -12.3333, 31.6667, -12.0, 32.0, -11.6667, 32.0, -12.0, 33.0, -12.3333, 33.0, -12.6667, 34.0, -12.3333, 33.6667, -12.0, 33.3333, -12.0, 33.3333, -12.3333, 33.0, -12.0, 32.6667, -12.0, 32.6667, -12.6667, 32.3333, -13.3333, 32.6667, -14.0, 33.0, -14.6667, 32.6667, -15.3333, 32.3333, -16.0, 33.0, -16.3333, 33.0, -17.0]",20.347849,12.885807,91.760558
76,76,5c:01:3b:6b:b0:95,-43,256,"[86.0, -32.0, 4.0, 0.0, 22.0, -8.6667, 22.0, -9.0, 21.3333, -9.0, 20.6667, -8.6667, 20.0, -8.6667, 19.6667, -9.0, 19.0, -9.3333, 18.0, -10.0, 17.0, -11.0, 17.0, -11.6667, 16.3333, -11.6667, 16.3333, -11.6667, 16.3333, -12.0, 16.0, -12.0, 16.0, -12.0, 16.0, -11.6667, 16.0, -11.0, 16.0, -10.6667, 15.0, -10.0, 15.0, -9.0, 15.6667, -8.0, 15.3333, -7.6667, 14.6667, -6.6667, 14.3333, -6.6667, 14.0, -6.0, 3.0, -2.0, 0.0, 0.0, 0.0, 0.0, 0.0, 0.0, 0.0, 0.0, 0.0, 0.0, 0.0, 0.0, 0.0, 0.0, 0.0, 0.0, 0.0, 0.0, 3.3333, -2.3333, 14.6667, -8.6667, 15.6667, -8.6667, 16.6667, -7.6667, 17.3333, -7.6667, 18.0, -7.3333, 18.6667, -7.0, 18.6667, -7.0, 19.3333, -6.3333, 20.0, -6.6667, 20.6667, -5.6667, 20.6667, -6.0, 21.3333, -5.6667, 21.3333, -5.0, 20.6667, -5.0, 20.6667, -5.0, 20.6667, -5.6667, 20.6667, -6.3333, 20.0, -6.6667, 20.3333, -6.6667, 21.3333, -7.0, 21.3333, -7.6667, 21.6667, -7.6667, 21.6667, -7.6667, 22.0, -8.3333, 23.0, -9.0, 23.0, -9.6667, 13.0, -4.6667, 44.3333, -14.3333, 43.3333, -14.3333, 42.3333, -13.6667, 41.3333, -14.0, 40.0, -14.3333, 39.3333, -14.3333, 38.3333, -15.3333, 37.6667, -16.3333, 36.3333, -16.6667, 35.3333, -17.0, 34.6667, -17.6667, 34.0, -17.6667, 33.3333, -18.0, 33.3333, -17.6667, 33.3333, -17.3333, 33.0, -17.0, 33.0, -16.6667, 32.6667, -16.3333, 33.3333, -16.0, 32.3333, -15.3333, 31.3333, -14.3333, 30.3333, -13.3333, 29.6667, -12.6667, 28.6667, -12.3333, 28.0, -10.3333, 27.3333, -9.3333, 26.6667, -2.6667, 25.3333, -0.6667, 3.6667, -0.6667, 0.6667, -0.6667, -1.0, -0.3333, -1.3333, 0.0, -1.0, -0.3333, 1.0, -1.3333, 4.3333, -2.6667, 26.6667, -12.3333, 28.3333, -11.3333, 29.6667, -14.6667, 31.0, -14.3333, 33.0, -12.3333, 34.3333, -11.0, 35.0, -10.0, 36.3333, -8.6667, 37.3333, -7.3333, 38.0, -6.3333, 38.0, -5.3333, 38.0, -5.0, 38.6667, -5.0, 38.6667, -5.0, 39.3333, -4.3333, 38.6667, -4.0, 38.6667, -4.0, 38.6667, -5.0, 38.6667, -5.0, 38.6667, -5.3333, 39.0, -6.3333, 39.3333, -7.3333, 40.3333, -9.0, 41.3333, -10.0, 41.6667, -11.6667, 42.3333, -13.0, 43.3333, -13.6667, 43.3333, -14.6667]",25.792471,14.510628,91.760558
77,77,5c:01:3b:6b:b0:95,-43,256,"[86.0, -32.0, 4.0, 0.0, 13.3333, -2.0, 13.3333, -2.3333, 13.3333, -2.6667, 13.0, -3.0, 12.6667, -3.3333, 12.3333, -3.6667, 12.0, -4.3333, 11.6667, -5.0, 11.0, -6.0, 11.3333, -6.3333, 11.0, -6.6667, 11.0, -6.6667, 11.0, -7.0, 10.6667, -7.3333, 10.6667, -7.3333, 10.6667, -6.6667, 10.6667, -6.3333, 10.6667, -6.0, 10.0, -5.6667, 9.6667, -4.6667, 10.0, -4.0, 9.6667, -3.6667, 9.3333, -2.6667, 8.6667, -2.6667, 8.3333, -1.6667, 1.6667, -0.6667, 0.0, 0.0, 0.0, 0.0, 0.0, 0.0, 0.0, 0.0, 0.0, 0.0, 0.0, 0.0, 0.0, 0.0, 0.0, 0.0, 0.0, 0.0, 2.0, -1.3333, 9.6667, -4.6667, 10.0, -4.3333, 10.6667, -3.0, 10.6667, -2.3333, 11.0, -1.6667, 11.0, -1.3333, 11.0, -0.6667, 11.0, 0.0, 11.6667, -0.3333, 12.0, 0.3333, 12.0, 0.3333, 12.3333, 0.6667, 12.3333, 1.0, 12.0, 0.6667, 12.3333, 0.6667, 12.3333, 0.6667, 12.0, 0.3333, 11.6667, 0.0, 11.6667, 0.0, 12.3333, -0.3333, 12.3333, -1.0, 12.6667, -1.3333, 13.0, -1.0, 13.3333, -1.6667, 14.0, -1.6667, 14.0, -2.3333, 8.0, 0.0, 26.6667, 1.3333, 26.3333, 1.0, 25.3333, 1.3333, 24.6667, 0.6667, 24.0, 0.0, 23.3333, -0.3333, 22.6667, -1.6667, 21.6667, -3.3333, 20.6667, -4.6667, 19.3333, -6.3333, 19.6667, -7.6667, 19.6667, -8.6667, 19.3333, -9.3333, 19.3333, -9.0, 19.3333, -9.0, 19.0, -8.3333, 19.0, -8.0, 18.3333, -7.3333, 18.6667, -7.0, 18.3333, -5.6667, 18.0, -4.3333, 17.6667, -3.3333, 17.0, -2.6667, 16.6667, -2.0, 16.6667, -0.3333, 16.6667, 0.3333, 18.6667, 6.3333, 18.3333, 8.0, 2.6667, 1.0, 0.3333, -0.3333, -1.0, -0.6667, -1.3333, -0.3333, -0.6667, -0.6667, 0.3333, -1.0, 2.3333, -2.0, 16.0, -7.3333, 16.0, -5.0, 17.0, -5.3333, 17.0, -3.3333, 18.6667, -0.6667, 20.0, 1.0, 21.0, 2.6667, 22.3333, 4.3333, 23.6667, 5.6667, 24.6667, 7.0, 24.6667, 8.0, 25.0, 8.6667, 25.0, 8.6667, 25.0, 8.6667, 25.3333, 9.3333, 25.3333, 9.6667, 25.6667, 9.6667, 25.3333, 9.0, 25.3333, 9.0, 25.0, 8.3333, 25.3333, 7.6667, 25.3333, 6.6667, 25.6667, 5.3333, 25.6667, 4.6667, 25.3333, 3.0, 25.3333, 2.0, 25.6667, 1.3333, 25.6667, 0.6667]",15.611569,10.472198,91.760558
78,78,5c:01:3b:6b:b0:95,-43,256,"[86.0, -32.0, 4.0, 0.0, 3.3333, -4.0, 3.3333, -4.0, 3.3333, -4.0, 3.0, -4.3333, 2.3333, -4.3333, 2.3333, -4.3333, 1.6667, -5.0, 1.6667, -5.0, 1.0, -5.6667, 1.0, -5.3333, 0.6667, -5.6667, 0.3333, -5.3333, 0.6667, -5.6667, 0.6667, -6.0, 0.6667, -6.0, 0.6667, -5.3333, 1.0, -5.3333, 1.3333, -5.3333, 1.3333, -5.3333, 1.0, -4.6667, 1.6667, -4.3333, 2.0, -4.0, 1.6667, -3.3333, 1.6667, -3.3333, 2.0, -2.6667, 0.0, -1.0, 0.0, 0.0, 0.0, 0.0, 0.0, 0.0, 0.0, 0.0, 0.0, 0.0, 0.0, 0.0, 0.0, 0.0, 0.0, 0.0, 0.0, 0.0, -0.3333, -1.3333, 1.0, -4.6667, 1.3333, -4.3333, 1.6667, -3.6667, 2.0, -3.6667, 2.6667, -3.6667, 2.6667, -3.3333, 3.0, -3.3333, 2.6667, -3.0, 3.0, -3.6667, 2.6667, -3.3333, 2.6667, -3.3333, 2.6667, -3.3333, 2.6667, -3.0, 2.6667, -3.3333, 3.0, -3.3333, 3.0, -3.3333, 2.6667, -3.3333, 3.0, -3.3333, 3.0, -3.3333, 3.3333, -3.6667, 3.0, -4.0, 3.0, -3.6667, 3.3333, -3.3333, 3.3333, -3.6667, 3.6667, -3.6667, 3.6667, -4.3333, 0.6667, -5.3333, 3.6667, -15.0, 3.6667, -15.0, 3.0, -14.3333, 3.3333, -14.3333, 3.6667, -14.0, 3.3333, -14.0, 3.6667, -14.3333, 3.0, -14.6667, 2.6667, -15.0, 1.6667, -15.3333, 1.3333, -15.3333, 1.0, -15.3333, 0.3333, -16.0, 0.6667, -15.3333, 1.0, -15.3333, 1.3333, -14.6667, 1.6667, -14.3333, 1.6667, -14.3333, 2.3333, -14.0, 2.3333, -13.6667, 2.0, -13.0, 2.0, -12.0, 2.0, -11.3333, 2.0, -10.6667, 2.3333, -9.6667, 2.0, -9.3333, 2.6667, -8.0, 3.6667, -7.0, 0.3333, -1.6667, -0.3333, -1.0, -0.6667, -0.3333, -0.6667, -0.3333, -0.3333, -0.3333, -0.6667, -1.3333, -0.6667, -3.3333, -0.3333, -15.3333, 0.3333, -15.0, 1.3333, -13.3333, 1.6667, -13.0, 2.3333, -12.3333, 2.0, -12.3333, 2.3333, -12.0, 2.3333, -11.6667, 2.3333, -11.6667, 2.3333, -11.0, 2.0, -10.3333, 2.0, -10.3333, 1.6667, -10.6667, 1.3333, -11.0, 1.3333, -10.3333, 1.6667, -10.3333, 2.0, -10.3333, 1.6667, -10.6667, 2.0, -10.6667, 2.0, -10.6667, 2.6667, -11.3333, 2.6667, -11.6667, 3.0, -12.6667, 3.0, -13.0, 3.0, -14.0, 3.3333, -14.0, 3.3333, -14.6667, 3.0, -15.3333]",8.487765,8.911283,91.760558
79,79,5c:01:3b:6b:b0:95,-38,256,"[86.0, -32.0, 4.0, 0.0, -6.3333, -3.3333, -6.3333, -3.3333, -5.6667, -3.0, -6.0, -3.3333, -6.3333, -3.0, -6.3333, -3.0, -6.6667, -3.3333, -6.3333, -3.0, -6.6667, -3.3333, -6.6667, -2.6667, -7.0, -3.0, -7.3333, -2.3333, -7.0, -2.3333, -7.0, -2.6667, -7.0, -2.6667, -7.0, -2.3333, -6.6667, -2.3333, -6.0, -3.0, -5.3333, -3.0, -5.6667, -2.6667, -5.3333, -2.6667, -5.0, -2.6667, -4.6667, -2.3333, -4.6667, -2.3333, -4.0, -2.0, -1.3333, -0.6667, 0.0, 0.0, 0.0, 0.0, 0.0, 0.0, 0.0, 0.0, 0.0, 0.0, 0.0, 0.0, 0.0, 0.0, 0.0, 0.0, 0.0, 0.0, -2.0, -1.0, -5.6667, -3.0, -5.3333, -2.6667, -5.3333, -2.6667, -5.3333, -3.0, -5.0, -3.3333, -4.6667, -3.3333, -4.3333, -3.6667, -5.0, -3.6667, -4.6667, -4.3333, -5.3333, -4.6667, -5.3333, -4.6667, -5.3333, -4.6667, -5.3333, -4.6667, -5.3333, -5.0, -5.0, -5.0, -5.0, -4.6667, -5.3333, -4.3333, -4.6667, -4.0, -5.0, -4.0, -5.0, -4.0, -5.3333, -4.3333, -5.6667, -3.6667, -5.3333, -3.3333, -6.0, -3.3333, -6.0, -3.0, -6.0, -3.6667, -6.6667, -8.0, -18.6667, -23.0, -18.3333, -23.0, -18.6667, -22.3333, -17.3333, -21.6667, -16.6667, -21.0, -16.3333, -20.3333, -15.3333, -20.0, -16.0, -19.6667, -16.0, -19.0, -17.0, -18.3333, -17.3333, -17.3333, -17.6667, -16.3333, -18.3333, -16.6667, -18.0, -16.0, -17.3333, -16.0, -16.6667, -15.0, -16.3333, -15.0, -16.0, -15.6667, -15.3333, -15.6667, -14.6667, -16.0, -14.0, -16.3333, -13.3333, -15.6667, -13.0, -15.0, -12.3333, -14.6667, -12.0, -14.3333, -12.0, -14.0, -12.0, -15.0, -9.3333, -14.3333, -1.6667, -3.0, -0.6667, -1.3333, -0.3333, -0.3333, -0.3333, -0.3333, 0.0, -0.3333, -1.6667, -1.3333, -3.3333, -3.3333, -15.0, -16.6667, -14.3333, -17.6667, -14.0, -16.3333, -13.6667, -17.3333, -14.0, -18.0, -15.3333, -19.0, -15.3333, -19.6667, -16.0, -20.0, -17.3333, -21.0, -18.0, -21.0, -18.6667, -20.6667, -19.0, -21.0, -19.3333, -21.3333, -20.0, -22.0, -20.0, -21.6667, -19.6667, -22.0, -19.3333, -21.6667, -19.6667, -21.6667, -19.0, -21.6667, -18.6667, -21.3333, -18.0, -21.6667, -18.3333, -21.6667, -18.0, -22.3333, -18.0, -22.3333, -18.0, -22.3333, -18.0, -22.0, -18.3333, -22.6667, -19.0, -23.0]",14.669379,12.44611,91.760558
80,80,5c:01:3b:6b:b0:95,-43,256,"[86.0, -32.0, 4.0, 0.0, -7.3333, -11.0, -7.3333, -11.0, -6.6667, -10.0, -7.3333, -10.0, -7.6667, -9.0, -7.6667, -9.0, -8.0, -9.0, -8.0, -8.0, -8.3333, -8.0, -8.6667, -7.0, -9.3333, -7.0, -9.6667, -6.0, -9.3333, -6.0, -9.3333, -6.0, -9.3333, -6.0, -9.3333, -6.0, -9.0, -6.0, -8.0, -7.0, -7.0, -7.0, -7.0, -7.0, -6.6667, -7.0, -6.3333, -7.0, -5.6667, -7.0, -5.3333, -7.0, -4.3333, -7.0, -1.3333, -2.0, 0.0, 0.0, 0.0, 0.0, 0.0, 0.0, 0.0, 0.0, 0.0, 0.0, 0.0, 0.0, 0.0, 0.0, 0.0, 0.0, 0.0, 0.0, -2.3333, -2.0, -7.3333, -7.0, -6.3333, -7.0, -6.3333, -8.0, -6.0, -9.0, -5.6667, -10.0, -4.6667, -10.0, -4.3333, -11.0, -4.6667, -11.0, -4.6667, -11.3333, -5.3333, -12.0, -5.3333, -12.3333, -5.3333, -12.3333, -5.3333, -12.3333, -5.3333, -12.3333, -5.3333, -12.3333, -5.3333, -12.3333, -5.3333, -12.0, -4.6667, -11.3333, -4.6667, -11.3333, -5.0, -11.3333, -5.3333, -12.0, -5.6667, -11.0, -5.6667, -11.0, -6.6667, -11.0, -6.6667, -11.0, -6.6667, -12.0, -8.0, -15.3333, -22.0, -46.6667, -22.0, -46.3333, -22.0, -45.3333, -20.6667, -43.6667, -20.0, -42.3333, -19.3333, -40.6667, -18.6667, -39.3333, -19.0, -38.0, -19.0, -36.0, -19.6667, -34.0, -21.0, -32.0, -22.0, -30.0, -23.0, -30.0, -22.6667, -29.0, -21.6667, -29.0, -20.6667, -28.0, -20.3333, -28.0, -19.3333, -29.0, -18.3333, -29.0, -17.6667, -30.0, -16.6667, -31.0, -16.0, -30.0, -15.3333, -29.0, -14.6667, -29.0, -14.3333, -29.0, -14.3333, -28.3333, -15.0, -31.0, -12.6667, -30.3333, -2.3333, -6.0, -1.0, -2.0, -0.3333, 0.0, 0.0, 0.0, 0.0, 0.0, -2.0, -2.0, -4.0, -5.0, -19.0, -28.0, -16.6667, -30.3333, -16.6667, -30.0, -15.0, -33.0, -15.6667, -35.3333, -17.3333, -37.6667, -17.3333, -40.0, -18.3333, -41.3333, -19.6667, -43.3333, -20.6667, -44.3333, -21.3333, -44.3333, -22.0, -45.3333, -22.0, -45.6667, -22.6667, -46.6667, -22.3333, -46.6667, -22.3333, -47.3333, -22.3333, -46.6667, -22.6667, -46.6667, -22.3333, -46.6667, -21.6667, -45.6667, -21.3333, -46.0, -21.6667, -45.6667, -21.3333, -46.3333, -21.3333, -46.3333, -21.0, -45.3333, -20.6667, -45.0, -21.0, -45.6667, -21.6667, -46.0]",24.506772,18.826365,91.760558
81,81,5c:01:3b:6b:b0:95,-39,256,"[86.0, -32.0, 4.0, 0.0, 0.6667, -11.3333, 0.3333, -11.0, 0.6667, -10.3333, 0.0, -10.3333, 0.0, -9.6667, -0.3333, -9.3333, -0.6667, -9.3333, -1.0, -8.3333, -1.3333, -8.3333, -1.6667, -7.6667, -2.6667, -7.3333, -2.6667, -6.6667, -2.6667, -6.6667, -2.6667, -6.6667, -2.6667, -6.6667, -2.6667, -6.6667, -2.3333, -6.6667, -1.6667, -7.3333, -1.0, -7.3333, -1.0, -7.3333, -0.6667, -7.3333, -0.6667, -7.3333, -0.3333, -7.3333, -0.3333, -7.3333, 0.6667, -7.0, 0.0, -2.0, 0.0, 0.0, 0.0, 0.0, 0.0, 0.0, 0.0, 0.0, 0.0, 0.0, 0.0, 0.0, 0.0, 0.0, 0.0, 0.0, 0.0, 0.0, -0.6667, -2.0, -1.3333, -7.3333, -0.3333, -7.6667, 0.0, -8.3333, 0.3333, -9.3333, 1.0, -10.0, 2.0, -10.3333, 2.0, -11.0, 1.6667, -11.0, 1.6667, -11.0, 1.0, -12.0, 1.3333, -12.0, 1.0, -12.0, 1.0, -12.0, 1.0, -12.0, 1.0, -12.0, 1.0, -12.0, 1.3333, -12.0, 1.6667, -11.0, 2.0, -11.0, 2.0, -11.0, 2.0, -12.0, 2.0, -11.3333, 2.0, -11.0, 1.3333, -11.0, 1.3333, -11.3333, 1.3333, -12.0, -2.0, -13.6667, -4.0, -42.6667, -4.3333, -42.6667, -4.3333, -41.6667, -3.6667, -40.3333, -3.3333, -39.3333, -3.3333, -38.0, -3.3333, -37.3333, -4.0, -36.6667, -5.3333, -35.6667, -6.6667, -34.3333, -8.0, -33.3333, -9.0, -31.6667, -9.6667, -31.3333, -9.6667, -30.3333, -9.0, -30.3333, -8.3333, -29.3333, -8.3333, -29.3333, -7.6667, -30.0, -6.6667, -30.0, -6.0, -30.3333, -4.6667, -30.6667, -4.0, -29.3333, -3.6667, -28.3333, -3.0, -28.0, -3.0, -27.3333, -3.0, -26.0, -4.0, -25.6667, -3.6667, -24.3333, -1.0, -5.0, -0.6667, -1.6667, -0.6667, 0.0, -0.3333, 0.0, -0.3333, 0.0, -1.3333, -2.0, -2.0, -5.0, -7.6667, -28.0, -5.3333, -30.0, -5.3333, -30.6667, -3.0, -32.3333, -2.3333, -33.3333, -3.0, -34.6667, -3.0, -35.6667, -3.3333, -36.3333, -4.0, -37.3333, -4.3333, -37.6667, -5.0, -37.6667, -5.3333, -38.3333, -5.3333, -38.3333, -5.6667, -39.3333, -5.6667, -39.0, -5.6667, -39.3333, -5.6667, -38.6667, -6.0, -39.0, -5.6667, -39.0, -5.3333, -38.6667, -5.0, -39.0, -5.0, -39.0, -4.6667, -40.0, -4.3333, -40.6667, -4.0, -40.6667, -3.6667, -41.0, -3.3333, -42.0, -3.6667, -42.0]",20.372742,15.888172,91.760558
82,82,5c:01:3b:6b:b0:95,-43,256,"[86.0, -32.0, 4.0, 0.0, 8.3333, -2.0, 7.6667, -1.6667, 7.3333, -2.0, 7.0, -2.0, 7.0, -2.0, 6.3333, -1.6667, 5.6667, -2.0, 5.0, -1.6667, 4.3333, -2.0, 3.6667, -1.6667, 2.6667, -1.6667, 2.6667, -1.3333, 2.6667, -1.3333, 2.6667, -1.6667, 2.6667, -1.6667, 2.6667, -1.3333, 3.3333, -1.3333, 3.6667, -1.6667, 4.0, -1.6667, 4.0, -1.6667, 4.6667, -1.6667, 4.6667, -1.6667, 4.3333, -1.6667, 4.3333, -1.6667, 5.3333, -1.3333, 1.0, -0.6667, 0.0, 0.0, 0.0, 0.0, 0.0, 0.0, 0.0, 0.0, 0.0, 0.0, 0.0, 0.0, 0.0, 0.0, 0.0, 0.0, 0.0, 0.0, 0.6667, -0.6667, 3.3333, -1.6667, 4.3333, -1.6667, 5.0, -1.6667, 5.6667, -2.0, 7.0, -2.0, 8.0, -2.0, 8.0, -2.0, 8.0, -1.6667, 8.0, -1.6667, 7.3333, -2.0, 8.0, -1.6667, 7.3333, -1.6667, 7.3333, -1.6667, 7.3333, -1.6667, 7.3333, -1.6667, 7.3333, -1.6667, 8.0, -2.0, 8.0, -1.6667, 8.6667, -1.3333, 9.0, -1.6667, 9.0, -2.3333, 9.0, -2.0, 9.0, -1.6667, 8.6667, -1.6667, 8.6667, -1.6667, 8.6667, -2.0, 4.0, -5.0, 14.0, -15.0, 13.3333, -15.0, 13.3333, -14.6667, 13.3333, -14.6667, 13.3333, -14.3333, 12.6667, -14.0, 12.3333, -14.3333, 12.0, -14.3333, 10.3333, -15.0, 8.6667, -14.6667, 7.0, -14.6667, 6.0, -14.0, 5.6667, -13.6667, 5.6667, -13.0, 6.0, -13.0, 6.3333, -12.3333, 6.3333, -12.3333, 6.6667, -13.0, 7.6667, -13.0, 8.0, -13.0, 8.6667, -12.6667, 9.0, -12.0, 8.6667, -11.3333, 9.0, -11.0, 8.3333, -10.3333, 8.3333, -9.3333, 7.0, -9.3333, 5.3333, -8.6667, 0.3333, -2.0, -0.3333, -1.0, -1.0, -0.3333, -0.6667, -0.3333, -0.6667, -0.3333, -0.6667, -1.3333, 0.0, -2.3333, 4.6667, -12.0, 7.3333, -12.6667, 7.3333, -13.3333, 10.0, -13.3333, 11.0, -12.6667, 11.3333, -12.6667, 11.3333, -12.3333, 11.6667, -12.0, 11.6667, -12.3333, 12.0, -12.3333, 11.3333, -12.3333, 11.3333, -12.6667, 11.3333, -12.3333, 11.3333, -13.0, 11.0, -13.0, 11.0, -13.0, 11.0, -12.6667, 10.6667, -13.0, 11.0, -13.0, 11.0, -13.0, 11.3333, -13.0, 11.6667, -12.6667, 12.0, -13.0, 12.6667, -13.3333, 13.0, -14.0, 13.3333, -14.3333, 14.3333, -14.6667, 14.3333, -14.6667]",10.672067,9.612963,91.760558
83,83,5c:01:3b:6b:b0:95,-44,256,"[86.0, -32.0, 4.0, 0.0, 7.6667, -5.3333, 7.0, -5.0, 6.6667, -5.3333, 7.0, -5.0, 7.3333, -5.3333, 6.6667, -4.6667, 6.3333, -4.6667, 6.0, -4.3333, 5.3333, -4.6667, 5.0, -4.3333, 4.3333, -4.0, 4.3333, -4.0, 4.6667, -4.0, 4.6667, -4.3333, 4.6667, -4.3333, 4.6667, -4.0, 5.0, -4.0, 5.0, -4.0, 5.0, -4.0, 4.6667, -4.0, 5.0, -3.6667, 5.0, -3.6667, 4.3333, -3.6667, 4.0, -3.6667, 4.6667, -3.3333, 0.6667, -1.3333, 0.0, 0.0, 0.0, 0.0, 0.0, 0.0, 0.0, 0.0, 0.0, 0.0, 0.0, 0.0, 0.0, 0.0, 0.0, 0.0, 0.0, 0.0, 1.0, -1.3333, 4.3333, -4.0, 4.6667, -4.3333, 5.0, -4.6667, 5.3333, -5.0, 6.3333, -4.6667, 6.6667, -4.6667, 6.3333, -4.0, 6.0, -3.6667, 6.0, -3.6667, 5.3333, -3.6667, 6.0, -3.6667, 5.3333, -3.6667, 5.3333, -3.3333, 5.3333, -3.0, 5.6667, -3.0, 5.6667, -3.3333, 6.0, -3.6667, 6.0, -3.6667, 6.3333, -3.3333, 7.3333, -4.0, 7.3333, -4.3333, 7.6667, -4.6667, 7.6667, -4.6667, 7.6667, -5.0, 7.6667, -5.3333, 7.6667, -5.3333, 3.6667, -3.6667, 12.3333, -11.6667, 12.0, -11.6667, 12.3333, -11.3333, 12.3333, -12.0, 12.3333, -11.6667, 11.6667, -12.0, 12.0, -12.6667, 12.3333, -13.0, 11.6667, -14.3333, 11.0, -14.3333, 10.0, -14.6667, 9.6667, -14.3333, 9.6667, -14.0, 9.6667, -13.6667, 9.6667, -13.3333, 9.6667, -13.0, 9.6667, -12.6667, 9.3333, -13.0, 10.0, -13.3333, 9.6667, -12.6667, 9.6667, -12.0, 9.6667, -11.3333, 9.0, -10.6667, 9.0, -10.0, 7.3333, -8.6667, 7.3333, -7.3333, 6.0, -5.0, 4.6667, -4.0, 0.3333, -1.0, -0.3333, -0.6667, -0.6667, -0.3333, -0.6667, -0.3333, -0.6667, -0.3333, -0.3333, -1.3333, 0.6667, -2.3333, 7.3333, -12.0, 8.6667, -12.3333, 9.3333, -13.3333, 10.3333, -12.6667, 10.0, -11.0, 10.3333, -10.3333, 10.0, -9.0, 10.3333, -8.3333, 10.0, -7.6667, 10.3333, -7.0, 10.0, -7.0, 10.0, -7.0, 10.0, -6.6667, 10.0, -7.3333, 9.3333, -7.0, 9.6667, -6.3333, 9.6667, -6.3333, 9.3333, -7.0, 10.0, -7.0, 10.0, -7.6667, 10.3333, -8.0, 10.6667, -7.6667, 11.0, -8.0, 11.6667, -9.0, 11.6667, -10.6667, 11.6667, -11.3333, 12.6667, -11.6667, 12.6667, -11.6667]",10.115019,9.000662,91.760558
84,84,5c:01:3b:6b:b0:95,-44,256,"[86.0, -32.0, 4.0, 0.0, -0.6667, 6.6667, -1.0, 6.3333, -0.6667, 6.0, 0.0, 6.0, 0.6667, 5.6667, 0.3333, 5.6667, 0.6667, 5.6667, 1.0, 5.3333, 0.6667, 5.0, 1.0, 5.0, 0.6667, 4.6667, 0.6667, 4.6667, 1.3333, 4.6667, 1.3333, 4.3333, 1.3333, 4.3333, 1.3333, 4.6667, 1.0, 5.0, 1.0, 4.6667, 1.0, 4.6667, 0.3333, 4.3333, 0.0, 4.6667, 0.0, 4.3333, -0.3333, 4.3333, -1.0, 4.0, -0.6667, 4.0, -0.6667, 0.3333, 0.0, 0.0, 0.0, 0.0, 0.0, 0.0, 0.0, 0.0, 0.0, 0.0, 0.0, 0.0, 0.0, 0.0, 0.0, 0.0, 0.0, 0.0, 0.0, 0.6667, 0.6667, 4.3333, 0.3333, 4.6667, 0.0, 4.6667, -0.3333, 5.0, -0.3333, 5.3333, -0.6667, 5.6667, -1.3333, 6.6667, -2.0, 7.0, -2.0, 7.0, -2.3333, 7.3333, -2.0, 7.3333, -2.3333, 7.3333, -2.3333, 7.6667, -2.3333, 7.6667, -1.6667, 7.6667, -1.6667, 7.6667, -2.0, 7.3333, -2.0, 7.0, -2.3333, 7.3333, -1.3333, 6.6667, -1.3333, 7.0, -0.6667, 6.6667, -0.6667, 6.3333, -0.6667, 6.3333, -0.6667, 6.6667, -0.6667, 7.0, -1.6667, 4.0, -5.3333, 14.0, -5.0, 14.0, -4.3333, 13.6667, -4.3333, 12.6667, -4.3333, 12.3333, -4.6667, 11.6667, -4.0, 11.0, -3.3333, 10.6667, -2.6667, 9.6667, -2.0, 9.6667, -2.0, 9.6667, -1.6667, 10.0, -1.6667, 10.0, -1.6667, 10.0, -1.6667, 10.3333, -1.6667, 10.0, -1.6667, 10.0, -2.3333, 9.3333, -2.0, 8.6667, -2.6667, 8.3333, -2.6667, 8.3333, -2.6667, 7.6667, -3.0, 7.6667, -3.0, 7.6667, -4.3333, 8.0, -3.3333, 8.3333, -1.0, 7.0, -0.6667, 7.0, -0.3333, 1.0, -0.6667, -0.3333, -0.3333, -0.6667, -0.3333, -1.0, -0.3333, -0.6667, -0.6667, -0.3333, -0.6667, 1.0, -2.3333, 8.3333, -2.6667, 8.3333, -1.3333, 8.6667, -2.3333, 8.6667, -4.0, 10.0, -3.3333, 10.6667, -3.0, 11.6667, -2.3333, 12.3333, -2.0, 12.6667, -1.3333, 13.0, -1.0, 13.0, -1.0, 13.0, -1.0, 13.6667, -1.0, 13.3333, -1.3333, 13.0, -0.6667, 13.3333, -0.6667, 13.3333, -1.3333, 13.0, -1.0, 13.0, -1.0, 12.6667, -1.3333, 13.0, -1.6667, 13.6667, -2.0, 14.0, -2.6667, 14.0, -3.6667, 13.3333, -4.6667, 13.6667, -4.6667, 14.0, -4.6667, 14.0]",8.218519,8.540511,91.760558
85,85,5c:01:3b:6b:b0:95,-44,256,"[86.0, -32.0, 4.0, 0.0, -3.0, 0.0, -3.0, -0.6667, -2.3333, -0.3333, -1.6667, -0.6667, -0.6667, -0.6667, -0.6667, -0.6667, 0.0, -0.3333, 1.0, -0.6667, 1.0, -1.0, 2.0, -1.3333, 2.0, -1.3333, 2.0, -1.3333, 3.0, -1.3333, 2.6667, -1.6667, 2.6667, -1.3333, 2.6667, -1.3333, 2.0, -1.0, 1.6667, -1.0, 1.3333, -0.6667, 0.6667, -1.0, -0.3333, -0.3333, -0.6667, -0.3333, -1.0, -0.3333, -2.0, -0.6667, -2.3333, -0.3333, -1.0, -0.6667, 0.0, 0.0, 0.0, 0.0, 0.0, 0.0, 0.0, 0.0, 0.0, 0.0, 0.0, 0.0, 0.0, 0.0, 0.0, 0.0, 0.0, 0.0, 0.0, -0.6667, 1.3333, -1.3333, 0.3333, -1.0, -0.3333, -1.0, -1.3333, -0.6667, -2.3333, -0.3333, -3.0, -0.3333, -4.0, 0.6667, -5.0, 1.0, -5.0, 1.3333, -5.3333, 1.3333, -5.3333, 1.0, -5.3333, 1.0, -5.3333, 1.6667, -5.3333, 1.6667, -5.0, 1.6667, -4.6667, 1.6667, -5.3333, 1.3333, -5.0, 1.3333, -5.6667, 1.3333, -4.6667, 0.6667, -4.3333, 1.0, -3.3333, 0.3333, -3.3333, -0.3333, -3.3333, -0.3333, -3.0, -0.6667, -3.0, -0.3333, -4.0, 0.3333, -12.0, 2.0, -11.6667, 2.0, -11.0, 2.0, -10.6667, 1.6667, -10.6667, 1.3333, -10.3333, 0.6667, -9.3333, 0.3333, -8.3333, 0.0, -6.6667, -0.6667, -4.6667, -1.0, -3.6667, -1.3333, -2.6667, -1.0, -2.3333, -1.0, -2.3333, -1.0, -2.6667, -0.3333, -2.6667, -0.6667, -3.0, -0.3333, -3.6667, -0.6667, -4.0, -1.0, -5.3333, -0.6667, -5.6667, -0.6667, -6.0, -1.0, -6.3333, -0.6667, -7.0, -0.6667, -8.3333, 0.3333, -7.6667, 1.0, -6.0, 3.0, -5.3333, 4.0, -1.0, 0.3333, -1.0, -0.3333, -0.3333, -0.6667, -0.3333, -0.6667, -0.3333, -0.3333, -0.3333, -0.6667, -0.3333, -0.6667, -2.3333, -1.6667, -4.6667, -1.3333, -3.0, -1.0, -6.0, -1.0, -8.6667, 0.3333, -8.6667, 1.0, -8.6667, 2.0, -8.3333, 2.6667, -8.0, 3.6667, -7.6667, 4.3333, -7.3333, 4.6667, -7.6667, 4.6667, -8.0, 4.6667, -8.0, 4.6667, -8.0, 4.6667, -7.6667, 5.3333, -7.6667, 5.6667, -8.0, 5.3333, -8.0, 5.0, -7.6667, 4.3333, -8.0, 4.3333, -8.0, 4.3333, -8.3333, 4.0, -9.0, 3.0, -10.0, 2.0, -11.0, 2.0, -11.3333, 1.6667, -11.3333, 1.6667]",5.371801,8.411952,91.760558
86,86,5c:01:3b:6b:b0:95,-44,256,"[86.0, -32.0, 4.0, 0.0, 3.0, 8.0, 3.0, 7.3333, 3.3333, 7.6667, 3.6667, 7.3333, 4.6667, 7.3333, 4.6667, 7.0, 5.0, 7.3333, 6.0, 7.0, 6.0, 6.6667, 7.0, 6.0, 7.0, 6.0, 7.0, 6.0, 8.0, 6.0, 7.3333, 6.0, 7.3333, 6.3333, 7.3333, 6.0, 7.0, 6.3333, 6.3333, 6.0, 5.6667, 6.3333, 5.3333, 5.6667, 4.3333, 5.6667, 3.6667, 5.3333, 3.0, 5.0, 2.0, 4.6667, 1.3333, 4.6667, 0.0, 0.6667, 0.0, 0.0, 0.0, 0.0, 0.0, 0.0, 0.0, 0.0, 0.0, 0.0, 0.0, 0.0, 0.0, 0.0, 0.0, 0.0, 0.0, 0.0, 1.0, 1.0, 5.6667, 5.6667, 4.6667, 6.0, 4.3333, 6.3333, 3.3333, 6.6667, 2.3333, 6.6667, 2.0, 6.6667, 1.0, 7.0, 0.0, 7.0, 0.0, 7.0, -0.6667, 7.0, -0.6667, 7.0, -0.6667, 7.0, -0.6667, 7.6667, -0.6667, 7.3333, -1.0, 7.3333, -0.3333, 7.6667, -0.6667, 7.0, 0.0, 7.0, -0.3333, 7.0, 0.6667, 7.0, 1.3333, 7.6667, 2.3333, 7.3333, 2.3333, 7.3333, 2.3333, 7.6667, 3.0, 7.6667, 3.0, 8.3333, -1.0, 4.0, -1.0, 14.3333, -1.3333, 14.3333, -1.0, 14.0, -0.3333, 13.6667, -0.3333, 12.6667, 0.3333, 12.0, 1.3333, 12.0, 2.3333, 12.3333, 3.6667, 12.0, 5.6667, 11.6667, 6.6667, 11.3333, 7.6667, 11.6667, 8.3333, 12.0, 8.3333, 12.0, 7.6667, 12.6667, 7.6667, 12.0, 7.0, 12.0, 6.6667, 11.3333, 6.0, 11.0, 4.3333, 10.6667, 3.6667, 10.3333, 3.0, 9.0, 2.3333, 8.6667, 1.0, 8.0, -0.6667, 8.0, -1.3333, 8.3333, -4.0, 11.0, -4.6667, 12.0, -1.0, 1.6667, -1.0, 0.0, -0.6667, -1.0, -0.6667, -1.0, -0.6667, -0.6667, 0.3333, 0.0, 1.3333, 1.3333, 7.3333, 9.0, 4.6667, 9.0, 6.0, 11.0, 3.0, 10.3333, 0.6667, 10.6667, -0.3333, 11.0, -1.3333, 12.3333, -1.6667, 13.6667, -2.0, 15.0, -2.3333, 15.6667, -2.6667, 16.3333, -3.3333, 16.3333, -4.0, 16.0, -4.0, 16.6667, -4.0, 16.3333, -4.3333, 17.0, -4.3333, 17.6667, -4.0, 17.6667, -4.0, 17.0, -3.3333, 16.3333, -3.0, 16.6667, -2.0, 16.3333, -1.6667, 16.0, -1.0, 15.0, -1.0, 14.0, -1.0, 14.0, -0.6667, 13.6667, -0.6667, 13.6667]",9.94492,8.725987,91.760558
87,87,5c:01:3b:6b:b0:95,-44,256,"[86.0, -32.0, 4.0, 0.0, 11.0, 1.0, 11.0, 0.6667, 11.0, 1.3333, 11.0, 1.6667, 11.6667, 1.6667, 11.6667, 1.6667, 11.6667, 2.3333, 12.3333, 2.6667, 12.3333, 2.3333, 13.3333, 2.0, 13.3333, 2.6667, 13.3333, 2.6667, 14.0, 2.6667, 13.3333, 3.0, 13.3333, 3.3333, 13.3333, 2.6667, 13.3333, 2.6667, 12.3333, 2.3333, 11.3333, 2.6667, 11.0, 2.0, 10.0, 1.6667, 9.0, 1.3333, 8.3333, 0.6667, 7.3333, 0.6667, 6.3333, 0.3333, 1.3333, -0.3333, 0.0, 0.0, 0.0, 0.0, 0.0, 0.0, 0.0, 0.0, 0.0, 0.0, 0.0, 0.0, 0.0, 0.0, 0.0, 0.0, 0.0, 0.0, 2.3333, 0.0, 11.6667, 2.3333, 10.6667, 2.0, 10.6667, 1.6667, 10.0, 1.3333, 9.0, 1.0, 9.0, 1.0, 8.0, 0.6667, 7.0, 0.3333, 7.0, 0.0, 6.3333, 0.0, 6.3333, 0.0, 6.3333, 0.0, 6.3333, 1.0, 6.3333, 1.0, 5.3333, 1.0, 6.3333, 1.0, 6.3333, 0.0, 7.0, 0.0, 7.3333, 0.0, 8.3333, 0.3333, 9.0, 1.0, 10.0, 0.6667, 10.0, 1.0, 10.3333, 1.0, 11.0, 0.6667, 11.3333, 1.3333, 3.6667, 0.0, 15.0, 1.0, 14.3333, 1.0, 14.0, 1.0, 14.6667, 1.0, 14.6667, 0.0, 15.3333, -0.3333, 16.0, 0.0, 17.0, 1.0, 18.0, 1.0, 19.6667, 1.0, 20.6667, 1.0, 21.3333, 1.3333, 22.3333, 2.0, 22.3333, 2.0, 21.6667, 3.0, 21.3333, 2.3333, 20.3333, 2.6667, 20.0, 2.0, 19.0, 1.6667, 17.0, 1.6667, 16.0, 1.3333, 14.6667, 0.0, 13.6667, -0.3333, 12.0, -1.0, 10.0, -1.0, 8.0, 0.0, 1.6667, 7.0, -0.3333, 9.0, -0.6667, 1.0, -0.6667, 0.0, -1.0, -1.0, -1.3333, -0.6667, -1.0, -0.6667, 1.0, -0.3333, 3.6667, 0.0, 20.6667, -0.6667, 18.0, -1.0, 18.6667, 1.6667, 16.0, 0.3333, 14.3333, 0.0, 12.6667, 0.0, 11.0, 2.0, 10.0, 4.0, 9.0, 6.0, 8.0, 7.0, 7.0, 8.0, 6.0, 8.0, 5.3333, 7.0, 5.3333, 8.0, 5.3333, 8.0, 4.3333, 9.0, 4.3333, 10.0, 5.3333, 10.0, 5.3333, 9.0, 6.0, 8.0, 7.0, 8.0, 8.6667, 7.0, 9.6667, 6.0, 11.6667, 4.0, 12.6667, 2.0, 14.0, 1.0, 15.0, 0.0, 15.0, 0.0]",11.152001,9.062479,91.760558
88,88,5c:01:3b:6b:b0:95,-45,256,"[86.0, -32.0, 4.0, 0.0, 13.0, 3.0, 13.0, 3.0, 13.0, 4.0, 13.0, 5.0, 13.3333, 5.0, 13.3333, 5.0, 13.3333, 6.0, 13.6667, 7.0, 13.6667, 7.0, 14.6667, 7.0, 14.6667, 8.0, 14.6667, 8.0, 15.0, 8.0, 14.6667, 9.0, 14.6667, 9.0, 14.6667, 8.0, 14.6667, 8.0, 13.6667, 7.0, 12.6667, 7.0, 12.0, 6.0, 11.0, 5.0, 10.0, 4.0, 9.6667, 3.0, 8.6667, 3.0, 7.6667, 2.0, 1.6667, 0.0, 0.0, 0.0, 0.0, 0.0, 0.0, 0.0, 0.0, 0.0, 0.0, 0.0, 0.0, 0.0, 0.0, 0.0, 0.0, 0.0, 0.0, 0.0, 2.6667, 1.0, 13.3333, 7.0, 12.3333, 6.0, 12.3333, 5.0, 12.0, 4.0, 11.0, 3.0, 11.0, 3.0, 10.0, 2.0, 9.0, 1.0, 9.0, 0.0, 8.6667, 0.0, 8.6667, 0.0, 8.6667, 0.3333, 8.6667, 1.0, 8.6667, 1.0, 7.6667, 1.0, 8.6667, 1.0, 8.6667, 0.0, 9.0, 0.0, 9.6667, 0.0, 10.6667, 1.0, 11.0, 2.0, 12.0, 2.0, 12.0, 3.0, 12.6667, 3.0, 13.0, 3.0, 13.6667, 4.0, 5.3333, -0.3333, 20.0, 0.3333, 19.6667, 0.0, 19.0, 0.0, 19.3333, 0.0, 19.3333, -0.3333, 19.6667, 0.0, 20.0, 1.0, 21.0, 3.0, 22.0, 4.0, 23.3333, 5.0, 24.3333, 6.0, 24.6667, 7.0, 25.6667, 8.0, 25.6667, 8.0, 25.3333, 9.0, 24.6667, 8.0, 23.6667, 8.0, 23.0, 7.0, 22.0, 6.0, 20.0, 5.0, 19.0, 4.0, 17.3333, 2.0, 16.3333, 1.0, 15.0, 0.0, 13.0, -1.0, 11.0, -0.6667, 5.3333, 5.0, 3.3333, 6.6667, -0.3333, 0.6667, -0.3333, 0.0, -1.0, -1.0, -1.6667, -1.0, -1.0, -1.0, 1.0, 0.0, 4.3333, 1.0, 24.3333, 4.0, 22.0, 2.0, 22.3333, 6.0, 20.0, 3.0, 18.6667, 1.0, 17.3333, -0.3333, 16.0, 0.3333, 15.0, 2.0, 14.0, 4.0, 13.0, 5.3333, 12.0, 6.3333, 11.0, 6.6667, 10.6667, 6.0, 10.6667, 6.6667, 10.6667, 7.0, 9.6667, 7.6667, 9.6667, 8.3333, 10.6667, 8.3333, 10.6667, 7.3333, 11.0, 6.3333, 12.0, 6.0, 13.3333, 5.0, 14.3333, 4.0, 16.3333, 2.3333, 17.3333, 0.6667, 19.0, -0.3333, 20.0, -1.0, 20.0, -1.0]",13.77853,9.756641,91.760558
89,89,5c:01:3b:6b:b0:95,-44,256,"[86.0, -32.0, 4.0, 0.0, 15.0, 9.3333, 15.0, 9.0, 15.0, 9.3333, 15.0, 9.6667, 15.0, 9.6667, 15.0, 9.3333, 15.0, 9.6667, 15.0, 10.0, 15.0, 10.0, 16.0, 9.6667, 16.0, 10.0, 16.0, 10.0, 16.0, 10.0, 16.0, 10.6667, 16.0, 11.0, 16.0, 10.3333, 16.0, 10.3333, 15.0, 9.6667, 14.0, 9.6667, 13.0, 9.0, 12.0, 8.0, 11.0, 7.3333, 11.0, 6.6667, 10.0, 6.6667, 9.0, 6.0, 2.0, 1.0, 0.0, 0.0, 0.0, 0.0, 0.0, 0.0, 0.0, 0.0, 0.0, 0.0, 0.0, 0.0, 0.0, 0.0, 0.0, 0.0, 0.0, 0.0, 3.0, 1.6667, 15.0, 9.0, 14.0, 8.6667, 14.0, 8.3333, 14.0, 8.3333, 13.0, 8.0, 13.0, 8.3333, 12.0, 8.0, 11.0, 7.6667, 11.0, 7.0, 11.0, 7.3333, 11.0, 7.3333, 11.0, 8.0, 11.0, 8.0, 11.0, 8.0, 10.0, 8.0, 11.0, 8.0, 11.0, 7.3333, 11.0, 7.0, 12.0, 7.3333, 13.0, 8.0, 13.0, 8.6667, 14.0, 8.6667, 14.0, 9.0, 15.0, 9.3333, 15.0, 9.3333, 16.0, 10.3333, 7.0, 4.0, 25.0, 15.0, 25.0, 14.6667, 24.0, 14.3333, 24.0, 13.6667, 24.0, 13.3333, 24.0, 13.3333, 24.0, 13.3333, 25.0, 14.3333, 26.0, 14.0, 27.0, 14.3333, 28.0, 14.6667, 28.0, 15.0, 29.0, 15.6667, 29.0, 16.0, 29.0, 16.3333, 28.0, 15.6667, 27.0, 15.3333, 26.0, 14.6667, 25.0, 14.0, 23.0, 13.3333, 22.0, 12.6667, 20.0, 11.0, 19.0, 10.3333, 18.0, 9.6667, 16.0, 8.6667, 14.0, 8.6667, 9.0, 11.0, 7.0, 12.0, 0.0, 1.6667, 0.0, 0.3333, -1.0, -1.0, -2.0, -1.0, -1.0, -1.0, 1.0, 0.3333, 5.0, 2.0, 28.0, 11.0, 26.0, 10.3333, 26.0, 13.3333, 24.0, 12.0, 23.0, 11.6667, 22.0, 11.3333, 21.0, 12.0, 20.0, 13.0, 19.0, 14.6667, 18.0, 15.6667, 17.0, 16.3333, 16.0, 16.6667, 16.0, 16.6667, 16.0, 17.0, 16.0, 17.3333, 15.0, 17.6667, 15.0, 18.0, 16.0, 18.0, 16.0, 17.3333, 16.0, 16.6667, 17.0, 16.3333, 18.0, 16.0, 19.0, 15.6667, 21.0, 15.0, 22.0, 14.3333, 24.0, 14.0, 25.0, 14.0, 25.0, 14.0]",18.69285,11.148115,91.760558
90,90,5c:01:3b:6b:b0:95,-42,256,"[86.0, -32.0, 4.0, 0.0, 9.3333, 16.3333, 9.6667, 15.6667, 10.0, 15.3333, 10.0, 15.3333, 10.0, 15.3333, 10.3333, 14.6667, 10.3333, 14.3333, 10.6667, 14.3333, 11.0, 14.3333, 12.0, 14.0, 12.0, 13.6667, 12.3333, 13.6667, 12.0, 13.6667, 12.0, 14.0, 12.0, 14.3333, 12.0, 14.0, 12.0, 14.0, 11.0, 13.3333, 10.3333, 13.3333, 9.3333, 12.6667, 8.6667, 11.6667, 7.6667, 11.3333, 7.6667, 11.0, 7.0, 10.6667, 6.0, 10.3333, 1.3333, 2.0, 0.0, 0.0, 0.0, 0.0, 0.0, 0.0, 0.0, 0.0, 0.0, 0.0, 0.0, 0.0, 0.0, 0.0, 0.0, 0.0, 0.0, 0.0, 2.0, 2.6667, 10.3333, 12.6667, 9.6667, 12.6667, 9.3333, 13.0, 9.0, 13.3333, 8.0, 13.6667, 7.6667, 14.0, 6.6667, 14.3333, 5.6667, 14.3333, 5.6667, 14.0, 5.3333, 14.6667, 5.3333, 14.6667, 5.3333, 15.3333, 5.3333, 15.0, 5.3333, 14.6667, 4.6667, 14.6667, 5.3333, 14.6667, 5.3333, 14.3333, 5.6667, 14.0, 6.3333, 14.6667, 7.3333, 15.0, 7.6667, 15.3333, 8.3333, 15.6667, 8.6667, 15.6667, 9.3333, 16.3333, 9.3333, 16.6667, 10.0, 17.6667, 3.3333, 8.3333, 13.0, 29.0, 13.0, 28.6667, 12.3333, 28.0, 12.6667, 26.6667, 13.0, 26.3333, 13.3333, 26.3333, 14.0, 25.6667, 15.0, 26.0, 16.3333, 25.3333, 17.3333, 25.3333, 18.6667, 25.3333, 19.0, 25.3333, 19.6667, 25.6667, 19.6667, 26.0, 19.6667, 26.0, 19.0, 25.3333, 18.3333, 24.6667, 17.6667, 24.3333, 16.6667, 24.0, 15.0, 23.0, 14.0, 22.3333, 12.6667, 21.0, 11.6667, 20.0, 11.0, 19.3333, 9.3333, 18.3333, 7.3333, 17.3333, 1.6667, 15.6667, 0.0, 15.6667, -1.0, 2.3333, -0.3333, 0.3333, -0.6667, -1.0, -1.3333, -1.3333, -0.6667, -1.0, 0.6667, 0.6667, 3.0, 3.3333, 17.6667, 21.0, 15.6667, 20.6667, 16.0, 22.6667, 14.0, 22.6667, 12.6667, 22.6667, 11.3333, 22.6667, 10.0, 22.6667, 8.6667, 23.0, 7.3333, 24.0, 6.3333, 24.6667, 5.3333, 25.0, 4.3333, 25.3333, 4.3333, 26.0, 4.3333, 26.3333, 4.0, 26.6667, 3.3333, 26.3333, 3.3333, 26.0, 4.0, 26.3333, 4.6667, 25.6667, 5.0, 25.6667, 5.6667, 25.3333, 6.6667, 25.6667, 7.6667, 26.0, 9.3333, 26.6667, 10.3333, 27.0, 12.0, 27.3333, 12.6667, 28.3333, 12.6667, 28.6667]",19.585983,11.35145,91.760558
91,91,5c:01:3b:6b:b0:95,-44,256,"[86.0, -32.0, 4.0, 0.0, 1.0, 23.3333, 1.3333, 22.3333, 2.0, 21.3333, 2.3333, 21.0, 2.3333, 21.0, 3.0, 20.0, 3.3333, 19.0, 4.0, 18.6667, 4.6667, 18.6667, 5.6667, 18.3333, 5.6667, 17.3333, 6.0, 17.3333, 6.0, 17.3333, 6.0, 17.3333, 5.6667, 17.6667, 6.0, 17.6667, 5.6667, 17.6667, 5.0, 17.0, 4.3333, 17.0, 3.6667, 16.3333, 3.3333, 15.3333, 2.3333, 15.3333, 2.3333, 15.3333, 2.0, 14.6667, 1.0, 14.6667, 0.0, 3.0, 0.0, 0.0, 0.0, 0.0, 0.0, 0.0, 0.0, 0.0, 0.0, 0.0, 0.0, 0.0, 0.0, 0.0, 0.0, 0.0, 0.0, 0.0, 0.6667, 3.6667, 4.0, 16.3333, 3.3333, 16.6667, 2.6667, 17.6667, 1.6667, 18.3333, 0.6667, 19.3333, 0.0, 19.6667, -1.0, 20.6667, -2.0, 21.0, -2.0, 21.0, -2.3333, 22.0, -2.6667, 22.0, -2.6667, 22.3333, -2.6667, 22.0, -2.6667, 21.3333, -3.0, 21.3333, -2.6667, 21.3333, -2.3333, 21.3333, -2.0, 21.0, -1.6667, 22.0, -0.6667, 22.0, -0.3333, 22.0, 0.0, 22.6667, 0.6667, 22.3333, 1.0, 23.3333, 1.0, 24.0, 1.3333, 25.0, -1.6667, 13.0, -4.3333, 44.3333, -4.3333, 44.3333, -4.3333, 43.3333, -3.3333, 41.3333, -2.6667, 40.3333, -1.6667, 40.0, -0.3333, 38.6667, 1.0, 38.0, 2.6667, 36.6667, 4.0, 36.3333, 5.3333, 36.3333, 6.3333, 36.3333, 6.6667, 36.3333, 7.0, 36.6667, 7.3333, 36.3333, 7.0, 35.6667, 6.6667, 34.6667, 6.0, 34.3333, 5.0, 34.0, 4.0, 33.0, 3.0, 32.0, 2.3333, 31.0, 1.3333, 30.0, 0.6667, 29.3333, -0.6667, 28.3333, -2.3333, 27.3333, -5.6667, 23.6667, -7.0, 23.3333, -2.0, 3.6667, -0.6667, 0.6667, -0.3333, -1.0, -0.6667, -1.6667, -0.3333, -1.0, 0.3333, 1.0, 1.0, 5.0, 7.3333, 31.0, 5.3333, 31.3333, 2.6667, 32.3333, 0.3333, 33.3333, -1.6667, 34.0, -3.6667, 35.0, -5.3333, 36.0, -7.0, 36.0, -8.6667, 36.6667, -10.0, 36.6667, -11.0, 36.6667, -11.6667, 36.6667, -11.6667, 37.6667, -12.0, 38.0, -12.3333, 38.0, -13.0, 37.6667, -13.0, 37.3333, -12.6667, 37.6667, -11.6667, 37.3333, -11.0, 37.6667, -10.3333, 37.6667, -9.6667, 38.6667, -8.6667, 39.6667, -7.3333, 41.0, -6.0, 42.0, -5.0, 43.0, -4.3333, 44.3333, -4.6667, 44.6667]",25.108246,14.292776,91.760558
92,92,5c:01:3b:6b:b0:95,-44,256,"[86.0, -32.0, 4.0, 0.0, -7.3333, 24.0, -7.0, 23.3333, -6.0, 22.3333, -5.3333, 22.0, -5.3333, 21.6667, -4.3333, 21.0, -3.6667, 20.0, -2.6667, 19.6667, -1.6667, 19.6667, -0.6667, 19.3333, -0.6667, 18.3333, -0.3333, 18.3333, 0.0, 18.3333, 0.0, 18.3333, -0.6667, 18.6667, 0.0, 18.3333, -0.6667, 18.3333, -1.0, 17.6667, -1.6667, 17.3333, -2.0, 16.6667, -2.0, 16.0, -3.0, 15.6667, -3.0, 15.6667, -3.0, 15.0, -4.0, 15.0, -1.3333, 3.0, 0.0, 0.0, 0.0, 0.0, 0.0, 0.0, 0.0, 0.0, 0.0, 0.0, 0.0, 0.0, 0.0, 0.0, 0.0, 0.0, 0.0, 0.0, -0.6667, 4.0, -2.3333, 17.6667, -3.0, 18.0, -4.0, 19.0, -5.6667, 19.3333, -6.6667, 20.3333, -7.6667, 20.3333, -8.6667, 21.3333, -9.6667, 21.3333, -9.6667, 21.0, -10.0, 22.0, -10.6667, 22.0, -10.6667, 22.0, -10.6667, 22.0, -10.6667, 21.0, -10.6667, 21.0, -10.6667, 21.0, -10.0, 21.0, -9.6667, 21.0, -9.6667, 22.0, -8.6667, 22.0, -8.3333, 22.3333, -8.3333, 23.0, -7.3333, 23.0, -7.3333, 24.0, -7.3333, 25.0, -7.3333, 26.0, -6.6667, 13.3333, -21.6667, 45.0, -21.6667, 44.6667, -21.0, 43.6667, -19.3333, 42.0, -18.3333, 40.6667, -16.6667, 40.3333, -14.6667, 39.3333, -13.0, 38.3333, -11.0, 38.0, -9.3333, 38.0, -8.0, 38.6667, -6.3333, 39.3333, -6.3333, 39.3333, -5.6667, 39.3333, -5.0, 39.3333, -5.0, 38.3333, -5.0, 37.3333, -5.6667, 36.6667, -6.6667, 36.0, -7.0, 34.3333, -8.0, 33.0, -8.0, 32.0, -9.0, 30.3333, -9.6667, 29.3333, -10.6667, 28.3333, -12.0, 27.0, -12.0, 24.3333, -13.0, 24.0, -3.0, 3.6667, -1.0, 0.6667, -0.3333, -1.0, -0.3333, -2.0, -0.3333, -1.0, 0.0, 1.0, -0.3333, 5.6667, -0.6667, 34.0, -3.3333, 33.6667, -10.6667, 34.6667, -13.3333, 35.0, -16.0, 35.0, -18.6667, 36.0, -20.6667, 37.0, -22.6667, 37.3333, -24.6667, 38.3333, -26.3333, 38.6667, -27.3333, 38.6667, -27.6667, 39.0, -27.6667, 40.0, -28.3333, 40.0, -28.6667, 40.0, -29.3333, 39.6667, -29.3333, 39.3333, -29.3333, 40.0, -28.0, 39.3333, -27.0, 39.6667, -26.3333, 39.6667, -26.0, 40.3333, -25.0, 41.0, -24.0, 42.3333, -22.3333, 43.0, -22.0, 43.6667, -21.3333, 44.6667, -22.0, 45.0]",27.806006,16.2655,91.760558
93,93,5c:01:3b:6b:b0:95,-44,256,"[86.0, -32.0, 4.0, 0.0, -4.6667, 20.3333, -4.6667, 20.0, -3.6667, 19.3333, -3.0, 18.6667, -3.0, 18.3333, -2.0, 18.0, -1.3333, 17.3333, -1.0, 17.0, -0.3333, 17.0, 0.0, 16.6667, 0.0, 16.0, -0.3333, 16.0, 0.3333, 16.0, 0.3333, 16.0, 0.0, 16.3333, 0.6667, 16.0, 0.0, 16.0, 0.0, 15.6667, -0.6667, 15.0, -0.6667, 14.3333, -0.6667, 14.0, -1.3333, 13.3333, -1.6667, 13.3333, -2.0, 13.0, -2.6667, 12.6667, -1.3333, 2.6667, 0.0, 0.0, 0.0, 0.0, 0.0, 0.0, 0.0, 0.0, 0.0, 0.0, 0.0, 0.0, 0.0, 0.0, 0.0, 0.0, 0.0, 0.0, -0.3333, 3.3333, -0.6667, 15.0, -1.0, 15.6667, -2.0, 16.3333, -3.3333, 16.6667, -4.3333, 17.3333, -5.3333, 17.3333, -6.3333, 17.6667, -7.0, 17.6667, -7.3333, 17.3333, -7.6667, 18.0, -8.3333, 18.0, -8.3333, 18.0, -8.3333, 18.0, -8.3333, 17.0, -8.3333, 17.0, -8.3333, 17.3333, -7.3333, 17.3333, -7.3333, 17.3333, -7.0, 18.0, -6.0, 18.3333, -6.0, 18.6667, -5.6667, 19.0, -5.0, 19.3333, -5.0, 20.0, -5.0, 21.0, -4.6667, 21.6667, -4.3333, 13.6667, -14.0, 46.3333, -14.0, 45.6667, -13.3333, 44.6667, -12.0, 43.3333, -11.3333, 41.6667, -9.6667, 41.0, -8.0, 40.0, -6.3333, 38.3333, -4.6667, 37.6667, -3.0, 37.0, -2.0, 37.3333, -0.3333, 38.0, -0.3333, 38.0, 0.6667, 38.0, 1.0, 38.0, 1.0, 37.0, 0.6667, 36.3333, 0.0, 35.3333, -1.0, 34.6667, -1.6667, 33.3333, -2.6667, 32.3333, -3.0, 31.3333, -4.0, 30.0, -5.0, 29.0, -6.3333, 28.0, -7.6667, 27.3333, -6.0, 26.3333, -7.0, 26.3333, -2.0, 4.0, -0.6667, 1.0, -0.6667, -1.0, -0.6667, -1.6667, -0.6667, -1.0, 0.0, 1.0, 1.0, 5.6667, 7.3333, 32.0, 4.6667, 32.6667, -4.0, 34.3333, -6.6667, 34.6667, -9.3333, 35.6667, -12.0, 37.3333, -14.0, 39.0, -15.6667, 39.6667, -17.3333, 41.3333, -19.3333, 42.0, -20.3333, 42.0, -20.3333, 42.6667, -20.6667, 43.6667, -21.3333, 43.0, -21.3333, 43.0, -22.3333, 43.0, -22.3333, 43.0, -22.0, 43.6667, -21.0, 43.0, -20.3333, 43.0, -19.3333, 43.0, -18.6667, 43.3333, -17.6667, 43.6667, -16.3333, 44.6667, -14.6667, 45.0, -14.3333, 45.3333, -13.3333, 45.6667, -14.0, 45.6667]",25.855988,16.378021,91.760558
94,94,5c:01:3b:6b:b0:95,-44,256,"[86.0, -32.0, 4.0, 0.0, 0.6667, 12.6667, 0.6667, 12.6667, 1.6667, 12.6667, 2.0, 12.0, 2.0, 11.6667, 3.0, 11.6667, 3.3333, 11.3333, 3.0, 11.3333, 3.3333, 11.3333, 3.0, 11.0, 3.0, 10.6667, 2.3333, 11.0, 2.6667, 11.0, 2.6667, 11.0, 3.0, 11.3333, 3.3333, 11.0, 3.0, 10.6667, 3.0, 10.6667, 2.6667, 10.0, 2.6667, 9.3333, 2.6667, 9.3333, 2.3333, 8.6667, 1.6667, 8.6667, 1.0, 8.3333, 0.6667, 8.0, -0.6667, 1.6667, 0.0, 0.0, 0.0, 0.0, 0.0, 0.0, 0.0, 0.0, 0.0, 0.0, 0.0, 0.0, 0.0, 0.0, 0.0, 0.0, 0.0, 0.0, 0.3333, 2.0, 2.6667, 10.0, 3.0, 10.3333, 2.0, 10.6667, 1.3333, 10.6667, 0.3333, 11.0, -0.6667, 11.0, -1.6667, 10.6667, -2.0, 10.6667, -2.6667, 10.0, -3.3333, 10.3333, -3.6667, 10.3333, -3.6667, 10.0, -3.6667, 10.0, -3.6667, 9.3333, -3.6667, 9.3333, -3.6667, 10.0, -2.6667, 10.0, -2.6667, 10.0, -2.0, 10.3333, -1.0, 11.0, -1.0, 11.3333, -0.3333, 11.3333, 0.0, 12.0, 0.0, 12.3333, 0.0, 13.0, 0.6667, 13.3333, -0.6667, 9.0, -1.0, 31.0, -1.0, 30.3333, -0.6667, 29.6667, 0.0, 29.0, 0.3333, 28.0, 1.6667, 27.6667, 3.0, 27.3333, 4.3333, 26.3333, 5.6667, 26.6667, 7.0, 26.6667, 8.0, 27.3333, 9.3333, 28.0, 9.3333, 28.3333, 10.3333, 28.3333, 10.0, 28.3333, 10.0, 27.3333, 9.3333, 27.0, 9.0, 26.0, 8.0, 25.6667, 6.6667, 24.0, 5.6667, 23.3333, 5.0, 22.3333, 4.0, 21.0, 3.0, 20.3333, 1.3333, 19.0, -0.3333, 18.3333, 0.0, 16.3333, -1.0, 15.6667, -1.0, 2.0, -0.3333, 0.3333, -1.0, -1.0, -1.0, -1.3333, -1.0, -1.0, 0.0, 0.6667, 2.3333, 4.0, 15.3333, 23.6667, 12.6667, 23.3333, 6.0, 25.0, 3.6667, 24.3333, 1.3333, 24.0, -1.0, 24.6667, -3.0, 25.3333, -4.3333, 25.3333, -5.6667, 26.3333, -7.6667, 26.3333, -8.6667, 26.0, -8.6667, 26.6667, -9.3333, 27.3333, -9.6667, 26.3333, -9.6667, 26.3333, -10.6667, 26.0, -10.6667, 26.0, -10.0, 26.6667, -9.0, 26.3333, -8.6667, 26.6667, -7.6667, 27.0, -6.3333, 27.3333, -5.3333, 27.6667, -3.6667, 29.0, -2.3333, 29.6667, -1.6667, 30.0, -0.6667, 30.3333, -1.0, 30.6667]",17.073088,12.013054,91.760558
95,95,5c:01:3b:6b:b0:95,-43,256,"[86.0, -32.0, 4.0, 0.0, 7.3333, 5.0, 7.3333, 5.0, 8.0, 5.6667, 7.6667, 5.3333, 7.6667, 5.3333, 8.3333, 5.3333, 8.0, 5.3333, 7.0, 6.0, 7.0, 6.0, 6.0, 6.0, 6.0, 6.0, 5.0, 6.6667, 5.0, 6.6667, 5.0, 6.6667, 6.0, 6.6667, 6.0, 6.6667, 6.0, 6.0, 6.0, 6.0, 6.0, 5.6667, 6.0, 4.6667, 6.0, 4.6667, 6.0, 4.3333, 5.3333, 4.3333, 4.3333, 3.6667, 4.3333, 3.3333, 0.3333, 0.6667, 0.0, 0.0, 0.0, 0.0, 0.0, 0.0, 0.0, 0.0, 0.0, 0.0, 0.0, 0.0, 0.0, 0.0, 0.0, 0.0, 0.0, 0.0, 1.0, 0.6667, 6.0, 5.3333, 7.0, 5.0, 6.6667, 5.0, 6.6667, 4.3333, 6.3333, 4.3333, 6.0, 4.3333, 5.6667, 3.3333, 5.6667, 3.3333, 5.3333, 2.6667, 4.6667, 2.6667, 4.6667, 2.6667, 4.6667, 2.0, 4.6667, 2.0, 4.6667, 1.6667, 4.6667, 1.6667, 4.6667, 2.6667, 5.3333, 2.6667, 5.0, 2.6667, 5.6667, 2.6667, 6.3333, 3.6667, 6.3333, 3.6667, 7.0, 3.6667, 7.0, 4.6667, 7.0, 4.6667, 7.0, 5.0, 8.0, 5.0, 6.0, 4.0, 22.0, 15.0, 22.0, 14.6667, 21.6667, 14.3333, 21.3333, 14.0, 21.0, 14.0, 21.3333, 14.3333, 21.3333, 14.6667, 21.3333, 14.6667, 21.3333, 15.6667, 21.3333, 16.3333, 21.3333, 17.3333, 21.3333, 18.0, 21.3333, 18.6667, 22.0, 18.6667, 21.3333, 18.6667, 21.3333, 17.6667, 20.6667, 17.6667, 20.6667, 16.6667, 20.0, 16.6667, 18.6667, 15.0, 18.0, 14.3333, 17.0, 13.3333, 16.0, 12.3333, 15.3333, 12.0, 14.0, 10.3333, 12.3333, 9.6667, 10.3333, 5.6667, 9.0, 4.3333, 1.0, 0.0, 0.0, -0.3333, -1.0, -1.0, -1.0, -1.0, -1.0, -1.0, 0.0, 0.3333, 3.0, 2.0, 21.0, 14.3333, 20.6667, 14.0, 20.0, 15.6667, 20.0, 14.0, 20.0, 12.0, 18.6667, 11.3333, 17.3333, 10.6667, 16.6667, 9.6667, 16.0, 9.6667, 14.6667, 8.6667, 14.0, 8.0, 13.6667, 8.3333, 13.3333, 8.6667, 13.3333, 7.6667, 13.0, 7.6667, 12.3333, 7.0, 12.3333, 7.0, 13.0, 7.3333, 13.6667, 7.6667, 13.6667, 8.3333, 14.3333, 9.0, 16.0, 9.6667, 17.0, 10.3333, 19.0, 12.0, 20.0, 13.3333, 21.0, 14.0, 22.0, 14.6667, 22.0, 15.3333]",13.513822,11.350816,91.760558
96,96,5c:01:3b:6b:b0:95,-44,256,"[86.0, -32.0, 4.0, 0.0, 9.6667, 4.6667, 9.6667, 4.3333, 10.0, 4.6667, 9.6667, 4.3333, 9.6667, 4.3333, 10.0, 4.0, 10.0, 3.6667, 9.3333, 4.3333, 9.3333, 4.0, 8.6667, 3.6667, 8.6667, 3.3333, 8.0, 4.0, 8.3333, 4.0, 8.3333, 4.0, 9.0, 4.0, 8.6667, 4.0, 8.6667, 3.6667, 8.3333, 3.6667, 8.0, 3.6667, 8.0, 3.0, 7.6667, 3.0, 7.3333, 3.0, 6.6667, 3.0, 5.6667, 2.6667, 5.6667, 2.6667, 1.0, 0.3333, 0.0, 0.0, 0.0, 0.0, 0.0, 0.0, 0.0, 0.0, 0.0, 0.0, 0.0, 0.0, 0.0, 0.0, 0.0, 0.0, 0.0, 0.0, 1.6667, 0.3333, 8.3333, 3.3333, 9.0, 3.3333, 8.6667, 3.6667, 8.6667, 3.6667, 8.3333, 4.0, 8.3333, 4.3333, 8.0, 4.0, 8.0, 4.0, 7.6667, 3.6667, 7.3333, 4.0, 7.0, 4.3333, 7.0, 3.6667, 7.0, 3.6667, 7.0, 3.6667, 7.0, 3.6667, 7.0, 4.3333, 7.3333, 4.0, 7.3333, 4.0, 8.0, 3.6667, 8.3333, 4.3333, 8.6667, 4.3333, 9.0, 4.0, 9.0, 4.6667, 9.3333, 4.6667, 9.6667, 4.6667, 10.3333, 4.6667, 6.3333, 2.0, 23.6667, 7.6667, 23.3333, 7.6667, 23.0, 7.6667, 22.6667, 7.0, 22.3333, 7.3333, 22.6667, 7.6667, 22.3333, 8.0, 22.3333, 8.0, 22.3333, 8.6667, 22.3333, 9.3333, 22.6667, 10.0, 22.3333, 10.3333, 22.6667, 11.0, 23.0, 11.0, 22.3333, 11.0, 22.3333, 10.3333, 21.6667, 10.3333, 21.6667, 9.6667, 21.0, 9.6667, 19.6667, 8.6667, 19.0, 8.3333, 18.0, 7.6667, 16.6667, 7.0, 16.3333, 6.6667, 15.0, 5.6667, 13.3333, 5.0, 9.6667, 2.0, 8.0, 1.3333, 1.0, -0.3333, -0.3333, -0.3333, -1.0, -1.0, -1.0, -1.0, -1.0, -1.0, 0.3333, 0.0, 3.0, 0.6667, 20.3333, 8.0, 20.0, 7.0, 21.3333, 8.3333, 21.3333, 7.3333, 21.3333, 5.6667, 20.0, 5.3333, 19.0, 4.6667, 18.3333, 4.0, 17.3333, 4.3333, 16.3333, 3.3333, 15.6667, 3.0, 15.0, 3.3333, 15.0, 3.6667, 15.0, 3.0, 14.6667, 3.3333, 14.0, 2.6667, 14.0, 2.6667, 14.3333, 2.3333, 15.0, 2.6667, 15.3333, 3.3333, 16.0, 3.6667, 17.3333, 4.3333, 18.6667, 4.6667, 20.3333, 6.0, 21.6667, 7.0, 22.6667, 7.3333, 23.6667, 7.6667, 23.6667, 8.6667]",13.408446,10.392265,91.760558
97,97,5c:01:3b:6b:b0:95,-45,256,"[86.0, -32.0, 4.0, 0.0, 12.0, 11.6667, 12.0, 11.0, 12.0, 10.6667, 11.6667, 10.0, 11.6667, 10.0, 11.6667, 9.3333, 12.0, 8.6667, 11.6667, 8.6667, 11.6667, 8.3333, 11.3333, 7.6667, 11.3333, 7.0, 11.0, 7.3333, 11.6667, 7.3333, 11.6667, 7.3333, 12.0, 7.3333, 11.3333, 7.3333, 11.3333, 7.3333, 10.6667, 7.3333, 10.0, 7.0, 10.0, 6.6667, 9.3333, 6.3333, 8.6667, 6.3333, 8.0, 6.3333, 7.0, 6.3333, 7.0, 6.3333, 1.6667, 1.3333, 0.0, 0.0, 0.0, 0.0, 0.0, 0.0, 0.0, 0.0, 0.0, 0.0, 0.0, 0.0, 0.0, 0.0, 0.0, 0.0, 0.0, 0.0, 2.3333, 1.3333, 10.6667, 7.3333, 11.0, 8.0, 10.6667, 8.6667, 10.6667, 9.3333, 10.3333, 10.0, 10.6667, 10.6667, 10.3333, 11.0, 10.3333, 11.3333, 10.0, 11.3333, 10.0, 12.0, 9.3333, 12.6667, 9.3333, 12.3333, 9.3333, 12.3333, 9.3333, 12.3333, 9.3333, 12.3333, 9.3333, 12.3333, 9.3333, 12.0, 9.6667, 11.6667, 10.3333, 11.3333, 10.3333, 11.6667, 11.0, 11.6667, 11.0, 11.3333, 11.0, 11.6667, 11.6667, 11.6667, 12.3333, 12.0, 12.6667, 12.3333, 6.6667, 7.0, 25.3333, 23.3333, 24.6667, 23.3333, 24.3333, 23.0, 24.0, 21.6667, 23.6667, 21.0, 24.0, 20.6667, 23.3333, 20.3333, 23.3333, 19.3333, 23.3333, 18.6667, 23.3333, 18.3333, 24.0, 18.0, 23.3333, 17.6667, 24.0, 18.0, 24.0, 18.0, 23.3333, 18.0, 23.3333, 17.3333, 22.6667, 17.0, 22.6667, 16.6667, 22.0, 16.6667, 20.6667, 16.0, 20.0, 15.6667, 19.0, 15.3333, 17.3333, 14.6667, 17.3333, 14.0, 16.0, 13.6667, 14.3333, 13.0, 9.0, 12.0, 7.0, 11.6667, 1.0, 1.6667, -0.6667, 0.3333, -1.0, -1.0, -1.0, -1.0, -1.0, -1.0, 0.6667, 0.3333, 3.0, 2.0, 19.6667, 15.6667, 19.3333, 16.0, 22.6667, 17.0, 22.6667, 17.3333, 22.6667, 18.0, 21.3333, 19.0, 20.6667, 19.3333, 20.0, 20.0, 18.6667, 20.6667, 18.0, 20.3333, 17.3333, 20.3333, 16.3333, 20.6667, 16.6667, 21.6667, 16.6667, 21.3333, 16.3333, 21.6667, 15.6667, 21.3333, 15.6667, 21.0, 15.6667, 20.3333, 16.3333, 20.3333, 17.0, 20.6667, 17.6667, 21.0, 18.6667, 21.6667, 20.3333, 22.0, 21.6667, 22.6667, 23.3333, 23.0, 24.3333, 23.3333, 25.3333, 23.3333, 25.3333, 24.3333]",18.916232,11.940133,91.760558
98,98,5c:01:3b:6b:b0:95,-45,256,"[86.0, -32.0, 4.0, 0.0, 7.3333, 18.6667, 7.3333, 17.6667, 7.6667, 16.6667, 8.0, 15.6667, 8.0, 15.6667, 8.3333, 14.6667, 9.0, 13.6667, 9.3333, 13.0, 9.6667, 12.6667, 10.0, 11.6667, 10.0, 10.6667, 10.3333, 10.6667, 11.0, 10.6667, 11.0, 10.6667, 11.0, 10.6667, 10.3333, 10.6667, 10.3333, 11.0, 9.3333, 11.0, 8.3333, 10.3333, 8.3333, 10.3333, 7.3333, 9.6667, 6.6667, 9.6667, 6.0, 9.6667, 5.0, 10.0, 5.0, 10.0, 1.0, 2.3333, 0.0, 0.0, 0.0, 0.0, 0.0, 0.0, 0.0, 0.0, 0.0, 0.0, 0.0, 0.0, 0.0, 0.0, 0.0, 0.0, 0.0, 0.0, 2.0, 2.3333, 9.0, 11.3333, 8.6667, 12.6667, 7.3333, 13.6667, 7.0, 15.0, 6.0, 16.0, 5.6667, 17.0, 4.6667, 18.0, 4.3333, 18.6667, 3.3333, 19.0, 3.3333, 20.0, 2.3333, 21.0, 2.3333, 21.0, 2.3333, 21.0, 2.3333, 21.0, 2.3333, 21.0, 2.3333, 20.3333, 2.6667, 20.0, 3.6667, 19.3333, 4.3333, 19.0, 4.6667, 19.0, 5.3333, 19.0, 5.6667, 18.6667, 5.6667, 18.6667, 6.6667, 18.6667, 7.3333, 19.3333, 7.3333, 20.0, 0.6667, 12.0, 5.6667, 39.0, 5.0, 39.0, 5.0, 38.3333, 5.3333, 36.3333, 6.0, 34.6667, 7.3333, 33.6667, 7.6667, 32.6667, 8.6667, 30.6667, 10.0, 28.6667, 11.3333, 27.3333, 13.3333, 26.0, 13.6667, 25.0, 14.6667, 25.0, 14.3333, 25.0, 13.6667, 25.0, 13.6667, 24.3333, 12.6667, 23.6667, 12.6667, 23.6667, 12.0, 23.6667, 10.3333, 23.3333, 9.3333, 23.0, 8.6667, 23.0, 7.3333, 22.3333, 7.3333, 21.3333, 6.0, 21.6667, 4.0, 21.0, -3.0, 22.0, -4.6667, 22.0, -1.0, 3.6667, -1.3333, 1.0, -1.0, -1.0, -1.0, -1.3333, -1.0, -1.0, 0.6667, 0.6667, 1.6667, 3.6667, 11.6667, 24.3333, 9.0, 25.0, 11.3333, 25.6667, 9.0, 27.3333, 6.6667, 30.3333, 4.3333, 32.6667, 3.0, 34.0, 1.6667, 36.0, -0.3333, 37.0, -1.6667, 37.3333, -2.6667, 37.6667, -3.3333, 38.0, -3.6667, 39.6667, -3.6667, 39.6667, -3.6667, 40.0, -4.6667, 40.0, -5.0, 39.3333, -5.0, 38.3333, -4.0, 38.0, -2.6667, 38.0, -1.6667, 38.3333, -0.6667, 39.0, 1.3333, 39.3333, 2.0, 39.3333, 4.0, 39.0, 5.0, 39.3333, 5.6667, 39.0, 5.6667, 40.0]",22.191196,13.519903,91.760558
99,99,5c:01:3b:6b:b0:95,-45,256,"[86.0, -32.0, 4.0, 0.0, 4.5, 22.0, 4.5, 21.0, 5.0, 20.0, 5.5, 19.0, 5.5, 19.0, 6.0, 18.0, 6.5, 17.0, 7.0, 16.0, 7.5, 16.0, 8.0, 15.0, 8.0, 14.0, 8.5, 14.0, 9.0, 14.0, 9.0, 14.0, 9.0, 14.0, 8.5, 14.0, 8.5, 14.0, 7.5, 14.0, 6.5, 13.0, 6.5, 13.0, 5.5, 12.0, 5.0, 12.0, 4.5, 12.0, 3.5, 12.0, 3.5, 12.0, 0.5, 3.0, 0.0, 0.0, 0.0, 0.0, 0.0, 0.0, 0.0, 0.0, 0.0, 0.0, 0.0, 0.0, 0.0, 0.0, 0.0, 0.0, 0.0, 0.0, 1.5, 3.0, 7.0, 15.0, 6.5, 16.0, 5.0, 17.0, 4.5, 18.0, 3.5, 19.0, 3.0, 20.0, 2.0, 21.0, 1.5, 22.0, 0.5, 22.0, 0.5, 23.0, -0.5, 24.0, -0.5, 24.0, -0.5, 24.0, -0.5, 24.0, -0.5, 24.0, -0.5, 23.0, 0.0, 23.0, 1.0, 22.0, 1.5, 22.0, 2.0, 22.0, 2.5, 22.0, 3.0, 22.0, 3.0, 22.0, 4.0, 22.0, 4.5, 23.0, 4.5, 24.0, -1.0, 14.0, 0.0, 46.0, -0.5, 46.0, -0.5, 45.0, 0.0, 43.0, 1.0, 41.0, 2.5, 40.0, 3.0, 39.0, 4.0, 37.0, 5.5, 35.0, 7.0, 34.0, 9.0, 33.0, 9.5, 32.0, 10.5, 32.0, 10.0, 32.0, 9.5, 32.0, 9.5, 31.0, 8.5, 30.0, 8.5, 30.0, 8.0, 30.0, 6.5, 29.0, 5.5, 28.0, 5.0, 28.0, 4.0, 27.0, 4.0, 26.0, 3.0, 26.0, 1.0, 25.0, -6.0, 25.0, -7.5, 24.0, -1.5, 4.0, -1.5, 1.0, -1.0, -1.0, -1.0, -1.5, -1.0, -1.0, 0.5, 1.0, 1.0, 5.0, 8.0, 32.0, 5.0, 33.0, 7.0, 33.0, 4.5, 34.0, 2.0, 37.0, -0.5, 39.0, -2.0, 40.0, -3.5, 42.0, -5.5, 42.0, -7.0, 42.0, -8.0, 42.0, -8.5, 42.0, -9.0, 44.0, -9.0, 44.0, -9.0, 44.0, -10.0, 44.0, -10.5, 43.0, -10.5, 42.0, -9.5, 42.0, -8.0, 42.0, -7.0, 43.0, -6.0, 44.0, -4.0, 45.0, -3.5, 45.0, -1.5, 45.0, -0.5, 46.0, 0.0, 46.0, 0.0, 47.0]",25.313243,15.141825,91.760558
