frame,id,mac,rssi,source_len,filtered_data,mean_amplitude,std_amplitude,max_amplitude
0,0,5c:01:3b:6b:b0:95,-40,256,"[86.0, -32.0, 4.0, 0.0, -8.5, -16.5, -8.0, -17.0, -7.5, -16.5, -7.5, -16.0, -7.0, -16.0, -6.5, -15.5, -7.0, -15.5, -6.5, -15.0, -6.0, -15.0, -6.5, -15.0, -6.5, -14.5, -6.0, -15.0, -6.0, -15.5, -5.5, -15.0, -5.5, -15.5, -6.0, -15.0, -5.5, -15.0, -5.5, -14.5, -5.5, -14.0, -5.5, -13.0, -5.5, -12.5, -5.5, -12.0, -5.0, -11.5, -5.0, -11.0, -5.0, -11.0, -1.5, -3.0, 0.0, 0.0, 0.0, 0.0, 0.0, 0.0, 0.0, 0.0, 0.0, 0.0, 0.0, 0.0, 0.0, 0.0, 0.0, 0.0, 0.0, 0.0, -2.0, -3.5, -6.0, -12.5, -6.5, -13.0, -6.5, -13.5, -7.0, -13.5, -7.0, -14.0, -7.0, -13.5, -7.5, -14.0, -7.5, -14.0, -8.0, -13.5, -8.5, -14.0, -8.5, -14.5, -8.5, -14.5, -8.5, -14.0, -8.0, -14.0, -8.0, -14.0, -7.5, -14.0, -8.0, -14.5, -7.5, -14.5, -8.0, -14.5, -7.5, -15.0, -8.0, -15.5, -8.0, -16.0, -7.5, -16.0, -8.0, -16.0, -8.5, -17.0, -8.5, -17.5, -4.5, -10.0, -13.0, -31.0, -13.0, -30.5, -12.5, -30.0, -12.5, -29.5, -12.0, -28.5, -12.0, -28.0, -11.5, -27.5, -11.0, -28.0, -10.5, -28.0, -10.0, -28.0, -10.5, -28.0, -10.5, -28.0, -10.0, -28.5, -10.0, -28.5, -9.5, -28.5, -9.0, -28.0, -9.0, -27.5, -9.0, -26.5, -9.5, -26.0, -9.0, -25.0, -9.0, -24.5, -8.5, -22.5, -8.5, -21.5, -8.0, -20.5, -8.0, -19.5, -8.5, -18.5, -7.0, -15.5, -7.0, -15.0, -1.5, -3.0, -0.5, -1.0, -1.0, -1.0, -1.0, -1.0, 0.0, -0.5, -1.0, -2.0, -2.0, -4.5, -8.0, -22.5, -8.0, -22.5, -10.0, -23.0, -10.5, -23.5, -10.5, -24.0, -11.5, -24.0, -12.0, -24.5, -12.5, -24.5, -12.5, -24.0, -12.5, -24.0, -13.0, -24.5, -13.0, -25.0, -13.5, -25.5, -13.5, -25.5, -14.0, -25.5, -13.5, -25.5, -13.5, -25.5, -13.5, -25.0, -13.0, -25.5, -12.5, -25.5, -13.0, -26.0, -13.5, -26.5, -13.0, -27.0, -13.0, -28.0, -13.0, -28.0, -13.5, -29.5, -13.5, -30.5, -14.0, -31.5]",19.695649,11.571675,91.760558
1,1,5c:01:3b:6b:b0:95,-38,256,"[86.0, -32.0, 4.0, 0.0, -3.3333, -18.3333, -3.0, -18.6667, -3.0, -18.0, -3.0, -17.3333, -2.6667, -17.3333, -2.6667, -16.6667, -3.3333, -16.6667, -3.3333, -16.0, -3.3333, -15.6667, -4.0, -15.6667, -4.3333, -15.0, -4.0, -15.3333, -4.0, -16.0, -3.6667, -15.3333, -3.6667, -16.0, -3.6667, -15.6667, -3.3333, -15.6667, -3.0, -15.3333, -3.0, -15.0, -2.6667, -14.0, -2.6667, -13.6667, -2.3333, -13.0, -2.0, -12.6667, -2.0, -12.3333, -2.0, -12.3333, -0.6667, -3.3333, 0.0, 0.0, 0.0, 0.0, 0.0, 0.0, 0.0, 0.0, 0.0, 0.0, 0.0, 0.0, 0.0, 0.0, 0.0, 0.0, 0.0, 0.0, -1.3333, -3.6667, -3.0, -13.0, -3.0, -13.6667, -2.6667, -14.3333, -2.6667, -14.6667, -2.3333, -15.3333, -2.0, -15.0, -2.0, -15.6667, -1.6667, -16.0, -1.6667, -15.6667, -2.0, -16.0, -2.0, -16.6667, -2.0, -16.6667, -2.0, -16.3333, -1.6667, -16.3333, -1.6667, -16.3333, -1.3333, -16.3333, -2.0, -16.6667, -1.6667, -16.6667, -2.0, -16.6667, -1.6667, -17.0, -2.3333, -17.3333, -2.3333, -18.0, -2.3333, -17.6667, -3.0, -17.6667, -3.3333, -18.6667, -3.3333, -19.3333, -2.3333, -11.3333, -6.0, -35.3333, -5.6667, -35.0, -5.3333, -34.3333, -5.6667, -33.6667, -5.3333, -32.3333, -5.6667, -31.6667, -5.6667, -31.0, -5.6667, -31.3333, -6.0, -30.6667, -6.6667, -30.3333, -7.6667, -30.0, -8.0, -30.0, -8.0, -30.3333, -8.0, -30.3333, -7.3333, -30.3333, -7.0, -30.0, -6.6667, -29.6667, -6.3333, -28.6667, -6.3333, -28.3333, -5.3333, -27.6667, -5.0, -27.3333, -4.6667, -25.3333, -4.3333, -24.3333, -4.0, -23.3333, -3.3333, -22.6667, -3.3333, -21.6667, -2.0, -19.6667, -1.6667, -19.3333, -0.6667, -3.6667, -0.3333, -1.3333, -1.0, -0.6667, -0.6667, -0.6667, 0.0, -0.3333, -1.0, -2.0, -2.0, -4.6667, -8.0, -23.6667, -7.3333, -24.0, -6.3333, -24.6667, -5.6667, -25.6667, -5.0, -26.6667, -5.0, -27.0, -4.6667, -28.0, -4.3333, -28.3333, -3.6667, -28.3333, -3.0, -28.6667, -3.0, -29.3333, -3.0, -30.0, -3.3333, -30.6667, -3.3333, -30.6667, -3.3333, -31.0, -3.0, -31.0, -3.0, -31.0, -3.0, -30.3333, -3.0, -30.6667, -3.0, -30.6667, -3.3333, -31.0, -4.0, -31.3333, -4.0, -31.6667, -4.3333, -32.6667, -5.0, -32.3333, -5.6667, -33.6667, -5.6667, -34.6667, -6.3333, -35.6667]",20.446248,12.116137,91.760558
2,2,5c:01:3b:6b:b0:95,-38,256,"[86.0, -32.0, 4.0, 0.0, 2.6667, -14.6667, 3.0, -15.3333, 2.6667, -15.0, 2.6667, -14.6667, 3.0, -14.6667, 2.6667, -14.3333, 2.0, -14.3333, 1.6667, -14.0, 1.3333, -14.3333, 0.6667, -14.3333, 0.0, -14.0, 0.3333, -14.6667, 0.3333, -15.0, 0.6667, -14.6667, 0.6667, -15.0, 1.0, -14.3333, 1.0, -14.3333, 1.6667, -13.6667, 1.3333, -13.0, 1.6667, -12.0, 1.3333, -11.3333, 1.6667, -11.0, 1.6667, -10.3333, 1.6667, -9.6667, 1.3333, -9.6667, 0.3333, -2.6667, 0.0, 0.0, 0.0, 0.0, 0.0, 0.0, 0.0, 0.0, 0.0, 0.0, 0.0, 0.0, 0.0, 0.0, 0.0, 0.0, 0.0, 0.0, -0.3333, -3.3333, 1.3333, -12.0, 1.6667, -12.3333, 2.0, -12.6667, 2.3333, -12.3333, 3.0, -12.6667, 3.3333, -12.0, 3.6667, -12.3333, 4.3333, -12.0, 5.0, -11.3333, 5.0, -12.0, 5.0, -12.3333, 5.3333, -12.3333, 5.3333, -11.6667, 5.3333, -11.6667, 5.3333, -11.6667, 5.3333, -11.6667, 4.3333, -12.3333, 4.3333, -12.3333, 4.0, -12.3333, 4.3333, -13.0, 3.6667, -13.6667, 3.6667, -14.0, 3.3333, -14.3333, 2.6667, -14.3333, 2.6667, -15.3333, 2.6667, -15.6667, 0.0, -8.6667, 2.0, -26.6667, 2.3333, -26.0, 2.6667, -25.6667, 2.0, -25.3333, 2.3333, -24.6667, 2.0, -24.3333, 1.6667, -24.0, 1.6667, -24.6667, 1.0, -25.3333, -0.3333, -25.6667, -1.3333, -26.0, -1.6667, -26.0, -2.0, -26.6667, -2.0, -26.6667, -1.3333, -26.6667, -1.3333, -26.0, -1.0, -25.3333, -0.6667, -24.3333, -0.3333, -23.6667, 0.6667, -22.3333, 1.0, -21.6667, 0.6667, -19.6667, 1.0, -18.6667, 1.0, -17.6667, 2.0, -16.3333, 2.0, -15.3333, 4.3333, -11.3333, 5.6667, -10.6667, 0.6667, -2.3333, 0.0, -0.6667, -1.0, -0.6667, -0.3333, 0.0, 0.0, 0.0, -0.6667, -2.0, -1.3333, -4.3333, -5.0, -21.3333, -4.3333, -21.0, -0.6667, -21.3333, 0.6667, -21.3333, 1.3333, -21.3333, 1.6667, -21.0, 3.0, -21.0, 4.6667, -20.6667, 6.3333, -19.6667, 8.3333, -19.3333, 9.0, -19.6667, 9.0, -20.0, 8.6667, -20.3333, 8.6667, -20.3333, 9.3333, -20.0, 9.6667, -20.0, 9.6667, -20.0, 9.6667, -19.6667, 9.0, -20.3333, 8.0, -20.3333, 7.6667, -21.0, 6.6667, -21.6667, 5.6667, -22.3333, 4.6667, -23.3333, 3.0, -23.6667, 2.6667, -25.3333, 3.0, -26.3333, 2.3333, -27.3333]",16.238059,10.288795,91.760558
3,3,5c:01:3b:6b:b0:95,-42,256,"[86.0, -32.0, 4.0, 0.0, 7.0, -7.6667, 7.0, -8.0, 6.0, -7.6667, 6.0, -7.6667, 6.0, -7.6667, 5.0, -7.3333, 4.0, -7.6667, 3.0, -7.3333, 2.0, -7.3333, 1.0, -7.6667, 0.0, -7.3333, 0.0, -7.6667, 0.0, -8.0, 0.0, -7.6667, 0.0, -8.0, 1.0, -7.6667, 1.0, -7.6667, 2.0, -7.3333, 2.0, -7.0, 3.0, -6.3333, 3.0, -6.0, 4.0, -5.6667, 4.0, -5.3333, 4.0, -5.0, 4.0, -5.3333, 1.0, -1.6667, 0.0, 0.0, 0.0, 0.0, 0.0, 0.0, 0.0, 0.0, 0.0, 0.0, 0.0, 0.0, 0.0, 0.0, 0.0, 0.0, 0.0, 0.0, 0.0, -2.0, 3.0, -6.3333, 4.0, -6.6667, 5.0, -6.6667, 5.6667, -6.3333, 6.3333, -7.0, 7.0, -6.6667, 7.6667, -7.0, 8.3333, -7.0, 8.6667, -6.6667, 8.6667, -7.0, 8.6667, -7.0, 8.6667, -7.0, 8.6667, -7.0, 8.6667, -7.0, 8.6667, -7.0, 8.6667, -7.0, 8.0, -7.3333, 8.3333, -7.0, 8.3333, -7.0, 8.3333, -7.3333, 8.0, -7.3333, 8.0, -7.6667, 7.3333, -7.6667, 6.6667, -7.3333, 7.0, -8.0, 7.0, -8.0, 2.0, -3.3333, 8.0, -8.6667, 9.0, -8.6667, 9.0, -8.3333, 8.0, -8.3333, 8.0, -8.0, 7.0, -7.6667, 6.0, -7.3333, 5.0, -7.6667, 3.0, -7.3333, 0.0, -7.3333, -2.0, -7.6667, -3.0, -8.0, -4.0, -8.3333, -4.0, -8.3333, -3.0, -8.3333, -3.0, -8.0, -2.0, -7.6667, -1.0, -7.0, 0.0, -6.3333, 2.0, -6.3333, 3.0, -6.6667, 3.0, -6.0, 4.0, -5.6667, 4.0, -5.3333, 6.0, -5.3333, 7.0, -5.0, 6.6667, -4.6667, 6.6667, -5.0, 0.6667, -1.3333, -0.3333, -0.6667, -1.0, -0.6667, 0.0, -0.3333, 0.0, -0.3333, -1.0, -1.0, -2.0, -1.6667, -8.0, -6.6667, -6.0, -6.6667, 1.0, -6.6667, 4.0, -7.0, 6.0, -7.6667, 8.0, -7.6667, 10.0, -8.0, 12.0, -8.3333, 13.6667, -8.0, 15.0, -8.0, 15.3333, -8.6667, 15.3333, -9.0, 15.3333, -9.0, 15.3333, -9.0, 15.6667, -9.0, 15.6667, -9.0, 15.6667, -9.0, 15.6667, -8.3333, 15.3333, -8.6667, 14.6667, -8.6667, 15.3333, -8.6667, 15.0, -8.6667, 14.0, -8.6667, 13.0, -8.6667, 11.0, -8.0, 10.0, -8.3333, 10.0, -8.6667, 9.0, -9.0]",9.66867,8.651348,91.760558
4,4,5c:01:3b:6b:b0:95,-37,256,"[86.0, -32.0, 4.0, 0.0, 2.3333, 3.0, 2.3333, 2.6667, 1.6667, 2.6667, 1.6667, 2.0, 1.6667, 2.0, 1.0, 2.0, 0.3333, 1.3333, 0.0, 1.3333, -0.3333, 1.0, -1.0, 0.3333, -1.6667, 0.3333, -1.6667, 0.0, -1.6667, 0.0, -1.6667, 0.0, -1.6667, 0.0, -1.0, 0.3333, -1.0, 0.3333, -0.3333, 0.6667, -0.3333, 1.0, 0.0, 1.3333, 0.0, 1.6667, 1.0, 1.6667, 1.0, 2.0, 1.0, 2.3333, 1.3333, 1.6667, 0.3333, 0.0, 0.0, 0.0, 0.0, 0.0, 0.0, 0.0, 0.0, 0.0, 0.0, 0.0, 0.0, 0.0, 0.0, 0.0, 0.0, 0.0, 0.0, 0.0, -0.6667, -0.3333, 0.3333, 0.3333, 1.0, 0.3333, 1.6667, 1.0, 2.0, 2.0, 2.3333, 1.3333, 3.0, 1.6667, 3.3333, 1.6667, 3.6667, 2.0, 3.6667, 2.3333, 3.6667, 2.0, 3.6667, 2.6667, 3.6667, 2.6667, 3.6667, 2.3333, 4.0, 2.3333, 4.0, 2.3333, 3.6667, 2.3333, 3.3333, 2.0, 3.6667, 2.6667, 3.3333, 2.6667, 3.3333, 2.3333, 3.3333, 2.6667, 3.3333, 2.6667, 2.6667, 2.3333, 2.3333, 3.0, 2.6667, 2.6667, 2.3333, 3.3333, -1.0, 4.6667, -2.3333, 18.0, -1.6667, 17.6667, -1.6667, 17.6667, -2.0, 17.0, -2.0, 16.3333, -2.6667, 16.3333, -3.3333, 16.3333, -4.3333, 16.0, -6.0, 16.0, -8.3333, 15.6667, -9.3333, 14.6667, -9.6667, 14.0, -10.3333, 13.6667, -10.3333, 13.6667, -9.6667, 13.6667, -9.6667, 14.0, -9.0, 14.3333, -8.3333, 14.6667, -8.0, 15.6667, -6.3333, 15.0, -5.0, 14.0, -4.3333, 13.3333, -3.3333, 13.0, -3.0, 12.6667, -1.0, 12.0, 0.3333, 11.6667, 1.0, 10.3333, 1.3333, 9.3333, -0.3333, 1.0, -0.6667, 0.0, -1.0, -1.0, 0.0, -0.6667, 0.0, -0.6667, -1.0, 0.0, -2.3333, 1.3333, -11.3333, 10.3333, -10.0, 10.6667, -5.3333, 11.3333, -3.0, 11.6667, -1.3333, 11.3333, 0.3333, 11.6667, 2.0, 12.0, 3.6667, 11.6667, 5.3333, 12.3333, 6.3333, 12.6667, 6.3333, 12.0, 6.6667, 12.0, 6.3333, 12.6667, 6.3333, 12.6667, 6.6667, 13.0, 6.6667, 13.0, 6.3333, 13.0, 6.0, 13.6667, 6.0, 13.3333, 5.3333, 13.3333, 5.6667, 13.6667, 5.3333, 14.0, 4.3333, 14.3333, 3.0, 15.3333, 1.3333, 16.3333, 0.0, 17.0, 0.0, 17.3333, -0.6667, 17.6667]",8.557405,9.887956,91.760558
5,5,5c:01:3b:6b:b0:95,-37,256,"[86.0, -32.0, 4.0, 0.0, 1.0, 10.0, 1.0, 10.0, 0.6667, 10.0, 1.0, 9.0, 1.0, 9.0, 0.6667, 9.0, 0.3333, 8.0, 0.3333, 8.0, 0.6667, 8.0, 0.3333, 7.0, 0.0, 7.0, 0.0, 7.0, 0.0, 7.0, 0.0, 7.0, 0.0, 7.0, 0.3333, 7.0, 0.3333, 7.0, 0.6667, 7.0, 0.3333, 7.0, 0.3333, 7.0, 0.0, 7.0, 0.6667, 7.0, 0.3333, 7.0, 0.3333, 7.0, 0.6667, 6.3333, 0.0, 1.0, 0.0, 0.0, 0.0, 0.0, 0.0, 0.0, 0.0, 0.0, 0.0, 0.0, 0.0, 0.0, 0.0, 0.0, 0.0, 0.0, 0.0, 0.0, -0.6667, 1.0, 0.3333, 6.0, 0.6667, 6.0, 1.0, 7.0, 1.0, 8.0, 0.6667, 7.3333, 1.0, 7.6667, 1.0, 7.6667, 0.6667, 7.6667, 0.3333, 8.0, 0.3333, 8.0, 0.3333, 8.6667, 0.3333, 8.6667, 0.3333, 8.0, 0.6667, 8.0, 0.6667, 8.0, 0.3333, 8.0, 0.3333, 8.0, 0.6667, 8.6667, 0.6667, 8.6667, 0.6667, 8.6667, 1.0, 9.3333, 1.0, 9.3333, 1.0, 9.3333, 1.0, 10.0, 1.3333, 10.3333, 1.0, 11.0, -1.0, 11.3333, -2.0, 39.0, -2.3333, 38.0, -2.3333, 37.6667, -2.3333, 36.3333, -2.0, 35.3333, -2.0, 35.0, -2.0, 34.6667, -2.3333, 34.3333, -3.0, 34.3333, -4.0, 34.0, -4.0, 33.0, -3.3333, 32.0, -3.6667, 32.0, -3.6667, 32.0, -3.3333, 32.0, -3.3333, 32.0, -3.3333, 32.0, -3.3333, 32.0, -3.6667, 33.0, -3.0, 31.3333, -2.6667, 30.0, -2.6667, 28.3333, -2.3333, 27.3333, -2.3333, 26.3333, -1.6667, 25.0, -1.0, 24.3333, -3.0, 21.6667, -3.3333, 20.0, -1.0, 3.0, -1.0, 0.3333, -1.0, -1.0, -0.3333, -1.0, -0.3333, -1.0, -0.6667, 1.0, -1.0, 4.0, -5.0, 25.0, -5.0, 25.3333, -2.3333, 26.0, -1.6667, 26.6667, -1.3333, 26.6667, -0.6667, 27.3333, 0.0, 28.0, 0.3333, 28.0, 1.0, 28.6667, 1.0, 29.0, 0.3333, 28.6667, 0.3333, 29.0, 0.0, 30.0, 0.0, 30.0, 0.0, 30.0, 0.0, 30.0, -0.6667, 30.0, -0.6667, 31.0, -0.3333, 30.6667, -0.3333, 30.3333, 0.3333, 31.0, 1.0, 31.6667, 0.6667, 32.6667, 0.0, 34.0, -0.3333, 35.3333, -1.0, 36.6667, -1.0, 37.6667, -1.3333, 38.3333]",17.717384,14.396742,91.760558
6,6,5c:01:3b:6b:b0:95,-37,256,"[86.0, -32.0, 4.0, 0.0, -3.6667, 10.6667, -3.6667, 10.6667, -3.6667, 10.6667, -3.3333, 9.6667, -3.3333, 9.6667, -3.3333, 9.6667, -3.3333, 9.0, -3.0, 8.6667, -2.6667, 8.6667, -2.6667, 7.6667, -2.6667, 7.6667, -2.6667, 7.6667, -2.6667, 7.6667, -2.6667, 7.6667, -2.6667, 8.0, -2.6667, 8.0, -2.6667, 8.0, -2.3333, 7.6667, -2.6667, 7.6667, -2.6667, 7.6667, -3.0, 7.6667, -2.3333, 7.3333, -2.6667, 7.3333, -2.6667, 7.0, -2.0, 6.6667, -0.6667, 1.0, 0.0, 0.0, 0.0, 0.0, 0.0, 0.0, 0.0, 0.0, 0.0, 0.0, 0.0, 0.0, 0.0, 0.0, 0.0, 0.0, 0.0, 0.0, -1.3333, 1.0, -2.3333, 6.6667, -2.3333, 6.6667, -2.3333, 7.6667, -2.3333, 8.3333, -2.6667, 7.6667, -2.0, 8.0, -2.0, 8.0, -2.3333, 7.6667, -2.3333, 7.6667, -2.3333, 7.6667, -2.3333, 8.0, -2.3333, 8.0, -2.3333, 7.6667, -1.6667, 7.6667, -1.6667, 7.6667, -2.3333, 7.6667, -2.3333, 8.0, -2.3333, 8.3333, -2.6667, 8.6667, -2.6667, 9.0, -2.6667, 9.6667, -2.6667, 9.6667, -3.0, 9.6667, -3.0, 10.3333, -3.0, 10.6667, -3.6667, 11.3333, -4.0, 9.3333, -12.3333, 32.6667, -13.0, 31.6667, -13.0, 31.3333, -12.3333, 30.3333, -12.0, 29.6667, -11.6667, 29.6667, -11.3333, 29.3333, -11.6667, 29.3333, -12.0, 29.3333, -12.6667, 29.3333, -12.3333, 29.0, -11.6667, 28.6667, -11.6667, 29.0, -11.6667, 29.0, -11.6667, 28.6667, -11.3333, 28.6667, -11.3333, 28.3333, -11.3333, 28.0, -11.6667, 28.3333, -11.3333, 26.6667, -10.6667, 25.3333, -10.0, 23.6667, -9.6667, 23.0, -9.3333, 21.6667, -8.6667, 20.6667, -7.6667, 19.6667, -7.3333, 16.6667, -6.3333, 15.0, -1.6667, 2.0, -1.0, 0.0, -1.0, -1.0, -0.3333, -1.0, -0.3333, -1.0, -1.0, 0.6667, -1.6667, 3.6667, -8.6667, 21.6667, -9.0, 21.6667, -8.6667, 22.3333, -8.6667, 22.6667, -8.6667, 22.3333, -8.3333, 22.6667, -8.0, 23.0, -8.0, 23.0, -7.0, 23.3333, -6.6667, 23.3333, -7.0, 23.0, -6.6667, 23.3333, -7.3333, 24.0, -7.3333, 24.0, -6.6667, 23.6667, -6.6667, 23.6667, -7.6667, 24.0, -8.0, 24.6667, -8.0, 24.3333, -8.3333, 24.3333, -8.6667, 25.0, -8.6667, 25.6667, -9.0, 26.6667, -10.0, 28.0, -10.0, 29.0, -11.0, 30.3333, -11.0, 31.3333, -11.0, 31.6667]",16.514684,12.891559,91.760558
7,7,5c:01:3b:6b:b0:95,-38,256,"[86.0, -32.0, 4.0, 0.0, -3.0, 11.3333, -2.6667, 11.3333, -2.6667, 11.3333, -2.0, 10.6667, -2.0, 10.6667, -1.6667, 10.6667, -1.6667, 10.6667, -1.3333, 10.3333, -1.0, 10.3333, -0.6667, 10.0, -0.6667, 10.0, -0.6667, 10.0, -0.6667, 10.3333, -0.3333, 10.0, -0.3333, 10.3333, -0.6667, 10.3333, -0.6667, 10.3333, -0.6667, 9.6667, -1.3333, 9.3333, -1.0, 9.0, -1.6667, 8.6667, -1.6667, 8.0, -2.0, 7.6667, -2.3333, 7.3333, -2.0, 7.3333, -0.6667, 1.3333, 0.0, 0.0, 0.0, 0.0, 0.0, 0.0, 0.0, 0.0, 0.0, 0.0, 0.0, 0.0, 0.0, 0.0, 0.0, 0.0, 0.0, 0.0, -0.6667, 1.3333, -0.6667, 8.0, -1.0, 7.6667, -1.3333, 8.3333, -1.6667, 8.6667, -2.3333, 8.6667, -2.3333, 9.0, -2.6667, 9.3333, -3.3333, 9.0, -3.6667, 9.0, -3.6667, 9.0, -4.0, 9.0, -4.0, 9.3333, -4.0, 9.3333, -3.6667, 9.3333, -3.6667, 9.0, -3.6667, 9.3333, -3.6667, 9.3333, -3.3333, 9.3333, -3.3333, 9.6667, -3.0, 10.0, -3.0, 10.6667, -3.0, 10.6667, -2.6667, 10.6667, -2.6667, 11.0, -2.6667, 11.6667, -2.6667, 12.0, -3.3333, 11.0, -9.3333, 37.3333, -10.0, 36.6667, -10.0, 36.0, -9.3333, 35.0, -8.6667, 34.0, -8.0, 33.6667, -7.3333, 33.0, -6.6667, 32.6667, -6.0, 31.6667, -6.0, 31.3333, -5.3333, 31.3333, -4.6667, 31.0, -4.6667, 31.6667, -4.6667, 31.6667, -4.6667, 31.3333, -4.3333, 31.3333, -4.6667, 31.0, -5.0, 30.3333, -5.3333, 30.3333, -5.6667, 29.0, -6.3333, 28.0, -6.3333, 26.6667, -6.6667, 26.0, -6.6667, 24.6667, -7.0, 24.0, -7.0, 22.6667, -10.0, 20.6667, -10.3333, 19.3333, -2.3333, 2.6667, -1.3333, 0.3333, -0.6667, -1.0, -0.6667, -1.0, -0.6667, -1.0, -0.6667, 0.6667, -1.0, 4.0, -3.3333, 23.6667, -4.3333, 24.0, -4.0, 24.3333, -5.3333, 25.3333, -6.3333, 25.6667, -7.0, 26.6667, -7.6667, 27.3333, -8.6667, 28.0, -9.0, 28.3333, -9.6667, 28.6667, -10.3333, 28.6667, -10.3333, 29.0, -11.0, 29.6667, -11.0, 29.6667, -10.6667, 29.3333, -11.0, 29.3333, -11.3333, 30.0, -11.3333, 30.3333, -11.0, 30.0, -11.0, 30.0, -10.6667, 30.6667, -10.0, 31.3333, -9.6667, 32.3333, -9.6667, 33.3333, -9.0, 33.6667, -9.0, 34.6667, -9.0, 36.0, -8.6667, 36.0]",18.458873,13.829947,91.760558
8,8,5c:01:3b:6b:b0:95,-37,256,"[86.0, -32.0, 4.0, 0.0, -5.6667, 12.0, -5.0, 12.0, -5.0, 12.0, -4.3333, 11.6667, -4.3333, 11.6667, -3.6667, 11.6667, -3.6667, 12.3333, -3.0, 12.0, -2.6667, 12.0, -2.0, 12.3333, -2.0, 12.3333, -2.0, 12.3333, -2.0, 13.0, -1.3333, 12.3333, -1.3333, 12.6667, -2.0, 12.6667, -2.0, 12.6667, -2.3333, 11.6667, -3.0, 11.0, -2.6667, 10.3333, -3.3333, 9.6667, -3.6667, 8.6667, -3.6667, 8.0, -4.3333, 7.3333, -4.0, 7.3333, -1.0, 1.3333, 0.0, 0.0, 0.0, 0.0, 0.0, 0.0, 0.0, 0.0, 0.0, 0.0, 0.0, 0.0, 0.0, 0.0, 0.0, 0.0, 0.0, 0.0, -0.6667, 1.6667, -1.6667, 9.3333, -2.3333, 8.6667, -3.0, 9.0, -3.6667, 9.0, -4.3333, 8.6667, -4.6667, 8.6667, -5.3333, 9.0, -6.0, 8.3333, -6.6667, 8.0, -6.6667, 8.3333, -7.3333, 8.3333, -7.3333, 8.6667, -7.3333, 8.6667, -7.0, 8.6667, -7.0, 8.3333, -6.6667, 8.6667, -6.6667, 8.6667, -6.0, 8.3333, -6.3333, 9.0, -5.6667, 9.6667, -5.6667, 10.6667, -5.6667, 10.6667, -5.3333, 10.6667, -5.3333, 11.3333, -5.3333, 11.6667, -5.0, 12.3333, -5.6667, 9.3333, -17.0, 33.0, -17.0, 32.3333, -17.0, 31.6667, -16.0, 31.0, -15.3333, 29.6667, -14.6667, 29.3333, -14.0, 29.0, -13.0, 28.3333, -12.0, 27.3333, -12.0, 26.6667, -11.0, 27.3333, -10.6667, 27.6667, -10.6667, 28.6667, -10.6667, 28.6667, -10.6667, 28.0, -10.3333, 28.0, -10.6667, 27.3333, -11.0, 26.3333, -11.3333, 26.0, -11.6667, 25.0, -12.3333, 24.3333, -11.6667, 23.0, -12.0, 22.6667, -11.6667, 22.0, -11.6667, 21.3333, -11.6667, 20.3333, -14.3333, 18.3333, -15.0, 17.6667, -3.3333, 2.3333, -1.6667, 0.3333, -0.3333, -1.0, -0.6667, -1.0, -0.6667, -1.0, -0.6667, 0.3333, -2.0, 3.6667, -7.6667, 20.3333, -8.6667, 20.0, -8.6667, 20.6667, -10.3333, 21.6667, -11.3333, 22.3333, -12.3333, 23.3333, -13.3333, 24.0, -14.3333, 25.0, -15.0, 25.3333, -16.0, 25.6667, -16.6667, 25.6667, -16.3333, 25.6667, -17.3333, 26.3333, -17.3333, 26.3333, -17.0, 26.3333, -17.6667, 26.6667, -17.3333, 27.3333, -17.6667, 27.0, -17.0, 26.6667, -17.3333, 26.6667, -17.0, 27.3333, -16.6667, 28.0, -16.3333, 28.6667, -16.3333, 29.6667, -16.0, 29.6667, -16.0, 30.3333, -16.0, 31.6667, -15.3333, 31.6667]",18.5222,13.075043,91.760558
9,9,5c:01:3b:6b:b0:95,-42,256,"[86.0, -32.0, 4.0, 0.0, -1.3333, 10.6667, -0.6667, 10.3333, -1.0, 10.3333, -0.3333, 10.0, -0.3333, 10.0, 0.3333, 10.0, 0.0, 10.6667, 0.3333, 10.3333, 1.0, 10.3333, 1.6667, 10.6667, 1.3333, 10.6667, 1.3333, 10.6667, 1.3333, 11.3333, 2.0, 10.6667, 2.0, 10.6667, 1.3333, 10.6667, 1.3333, 11.0, 1.0, 10.3333, 0.3333, 9.6667, 0.3333, 9.0, -0.3333, 8.3333, -1.0, 7.6667, -1.0, 7.0, -1.6667, 6.6667, -1.3333, 6.6667, -0.3333, 1.3333, 0.0, 0.0, 0.0, 0.0, 0.0, 0.0, 0.0, 0.0, 0.0, 0.0, 0.0, 0.0, 0.0, 0.0, 0.0, 0.0, 0.0, 0.0, 0.0, 1.3333, 1.0, 7.6667, 0.6667, 7.3333, 0.0, 7.3333, -0.3333, 7.6667, -1.0, 7.6667, -1.3333, 8.0, -2.0, 8.6667, -2.3333, 8.3333, -3.0, 8.3333, -3.0, 9.0, -3.6667, 9.0, -3.3333, 9.3333, -3.3333, 9.3333, -3.3333, 9.3333, -3.6667, 9.0, -3.0, 9.3333, -3.0, 9.0, -2.6667, 8.3333, -2.3333, 8.6667, -1.6667, 9.0, -2.0, 9.6667, -2.0, 9.6667, -1.3333, 9.6667, -1.3333, 10.0, -1.3333, 10.6667, -0.6667, 11.0, -1.0, 11.0, -1.3333, 38.0, -1.3333, 37.3333, -1.3333, 36.3333, -1.0, 35.3333, -0.6667, 33.3333, -0.6667, 32.3333, -0.3333, 32.0, 0.6667, 30.3333, 1.0, 28.3333, 1.0, 26.6667, 2.0, 26.6667, 2.0, 26.3333, 2.0, 27.0, 2.3333, 27.3333, 2.3333, 27.0, 2.3333, 27.0, 2.0, 26.6667, 1.3333, 26.0, 1.0, 26.3333, 0.3333, 26.0, -0.6667, 26.3333, -0.6667, 25.3333, -1.3333, 25.0, -1.3333, 25.3333, -1.6667, 25.0, -2.0, 25.0, -5.0, 25.6667, -6.3333, 26.0, -1.6667, 4.0, -1.3333, 1.0, -0.3333, -1.0, -1.0, -1.0, -1.0, -1.0, 0.0, 0.3333, -0.6667, 3.0, 1.0, 19.0, 0.3333, 19.6667, 1.6667, 20.3333, 0.3333, 22.6667, 0.0, 25.0, -0.6667, 27.0, -1.3333, 28.6667, -2.0, 31.0, -3.0, 32.3333, -3.6667, 33.3333, -4.0, 34.0, -4.0, 34.0, -4.3333, 35.0, -4.0, 35.0, -4.0, 35.6667, -4.6667, 36.3333, -4.3333, 36.6667, -4.0, 36.0, -3.6667, 35.3333, -4.0, 34.6667, -3.3333, 35.0, -3.0, 35.3333, -2.3333, 35.6667, -2.0, 36.0, -1.6667, 35.3333, -1.3333, 35.0, -1.0, 36.3333, -0.3333, 36.3333]",18.044506,13.927919,91.760558
10,10,5c:01:3b:6b:b0:95,-36,256,"[86.0, -32.0, 4.0, 0.0, 3.6667, 9.3333, 4.0, 8.6667, 3.6667, 8.6667, 4.0, 8.0, 4.0, 8.0, 4.3333, 8.0, 4.0, 8.3333, 4.0, 7.6667, 4.3333, 7.6667, 4.6667, 7.3333, 4.3333, 7.3333, 4.3333, 7.3333, 4.3333, 7.6667, 4.6667, 7.3333, 4.6667, 7.3333, 4.3333, 7.3333, 4.3333, 8.0, 4.0, 7.6667, 3.6667, 7.3333, 3.3333, 7.0, 3.0, 6.6667, 2.3333, 6.3333, 2.3333, 6.0, 1.6667, 5.6667, 1.6667, 5.6667, 0.3333, 1.0, 0.0, 0.0, 0.0, 0.0, 0.0, 0.0, 0.0, 0.0, 0.0, 0.0, 0.0, 0.0, 0.0, 0.0, 0.0, 0.0, 0.0, 0.0, 0.6667, 0.6667, 3.6667, 5.3333, 3.6667, 5.6667, 3.0, 5.6667, 3.0, 6.3333, 2.6667, 6.0, 2.3333, 6.6667, 2.0, 7.3333, 2.3333, 7.0, 2.0, 7.0, 2.0, 8.0, 1.6667, 8.0, 2.3333, 8.0, 2.3333, 8.0, 2.3333, 8.0, 1.6667, 8.0, 2.0, 8.0, 2.0, 8.0, 1.6667, 7.0, 2.3333, 7.3333, 2.6667, 7.6667, 2.6667, 8.0, 2.6667, 8.0, 3.0, 8.0, 3.3333, 8.3333, 3.3333, 9.0, 4.0, 9.3333, 3.0, 9.0, 11.3333, 32.0, 11.3333, 31.0, 11.3333, 30.0, 11.0, 29.0, 10.6667, 27.0, 9.6667, 26.0, 9.3333, 26.0, 9.6667, 24.0, 9.6667, 22.0, 9.6667, 20.0, 10.3333, 19.6667, 10.0, 19.3333, 10.3333, 19.6667, 10.6667, 20.3333, 10.3333, 20.0, 10.3333, 20.0, 10.0, 19.6667, 9.6667, 19.3333, 9.0, 20.0, 8.3333, 20.0, 7.6667, 21.0, 7.0, 20.0, 6.3333, 20.0, 6.3333, 21.0, 6.6667, 21.0, 7.0, 22.0, 7.0, 24.0, 6.3333, 25.0, 0.6667, 4.0, -0.6667, 1.0, -0.6667, -1.0, -1.0, -1.0, -1.0, -1.0, 0.3333, 0.0, 0.6667, 1.6667, 7.3333, 12.3333, 7.0, 13.3333, 8.0, 14.3333, 7.6667, 17.0, 9.0, 20.0, 9.6667, 22.0, 10.3333, 24.0, 11.0, 27.0, 11.0, 29.0, 11.6667, 30.0, 12.0, 31.0, 12.0, 31.0, 12.3333, 32.0, 13.0, 32.0, 13.0, 33.0, 12.6667, 34.0, 12.3333, 34.0, 13.0, 33.0, 12.6667, 32.0, 12.0, 31.0, 12.3333, 31.0, 12.0, 31.0, 12.3333, 31.0, 12.0, 31.0, 11.6667, 30.0, 11.3333, 29.0, 12.0, 30.0, 12.3333, 30.0]",16.097476,13.238357,91.760558
11,11,5c:01:3b:6b:b0:95,-38,256,"[86.0, -32.0, 4.0, 0.0, 8.6667, 4.6667, 8.6667, 4.0, 8.3333, 4.0, 8.3333, 3.0, 8.3333, 3.0, 8.3333, 3.0, 8.3333, 3.0, 8.0, 2.0, 8.0, 2.0, 8.0, 1.3333, 7.3333, 1.0, 7.3333, 1.0, 7.3333, 1.0, 7.3333, 1.0, 7.6667, 1.3333, 7.6667, 1.3333, 7.6667, 2.0, 7.6667, 2.0, 7.3333, 2.3333, 7.0, 2.3333, 6.6667, 2.6667, 5.6667, 2.6667, 5.6667, 2.6667, 5.0, 3.0, 4.6667, 3.0, 1.0, 0.3333, 0.0, 0.0, 0.0, 0.0, 0.0, 0.0, 0.0, 0.0, 0.0, 0.0, 0.0, 0.0, 0.0, 0.0, 0.0, 0.0, 0.0, 0.0, 1.3333, -0.3333, 6.3333, 1.0, 6.6667, 1.6667, 6.0, 1.6667, 6.3333, 2.3333, 6.3333, 2.6667, 6.0, 3.3333, 6.0, 4.3333, 7.0, 4.3333, 7.0, 4.6667, 7.0, 5.3333, 7.0, 5.3333, 8.0, 5.3333, 8.0, 5.3333, 8.0, 5.3333, 7.0, 5.3333, 7.0, 5.3333, 7.0, 5.3333, 6.0, 4.3333, 7.0, 4.3333, 7.0, 4.3333, 7.3333, 4.3333, 7.3333, 4.0, 7.3333, 4.0, 8.0, 4.0, 8.0, 4.6667, 8.6667, 4.6667, 7.0, 5.3333, 24.0, 19.3333, 24.0, 19.0, 24.0, 18.3333, 23.0, 17.6667, 22.0, 16.0, 20.0, 15.0, 19.0, 14.6667, 18.6667, 13.0, 18.3333, 11.0, 18.3333, 9.0, 18.6667, 8.0, 18.0, 7.0, 18.6667, 7.0, 19.0, 7.6667, 18.3333, 7.6667, 18.3333, 8.0, 18.0, 8.3333, 18.0, 8.6667, 17.0, 9.6667, 16.3333, 10.0, 16.0, 11.3333, 14.6667, 11.3333, 14.0, 11.6667, 14.0, 12.6667, 15.0, 13.3333, 16.0, 14.6667, 19.0, 17.3333, 19.3333, 18.6667, 3.0, 3.0, 0.3333, 0.6667, -1.0, -1.0, -1.0, -0.6667, -1.0, -0.6667, 0.6667, -0.3333, 2.0, -0.3333, 13.6667, 2.6667, 13.6667, 4.6667, 14.3333, 5.6667, 15.0, 8.3333, 18.0, 10.6667, 20.0, 12.6667, 22.0, 14.6667, 24.0, 17.0, 25.0, 19.0, 27.0, 20.3333, 28.0, 21.3333, 28.0, 21.3333, 29.0, 22.3333, 30.0, 22.3333, 30.0, 23.3333, 30.0, 24.0, 29.3333, 23.6667, 30.0, 23.0, 29.0, 22.0, 28.0, 21.0, 28.0, 20.6667, 27.0, 20.6667, 27.0, 20.3333, 26.0, 19.6667, 25.0, 18.6667, 24.0, 17.6667, 25.0, 18.3333, 25.0, 18.3333]",15.706202,13.236632,91.760558
12,12,5c:01:3b:6b:b0:95,-38,256,"[86.0, -32.0, 4.0, 0.0, 10.0, 8.6667, 10.0, 8.3333, 10.0, 8.0, 10.0, 7.3333, 10.0, 7.0, 10.0, 6.6667, 10.6667, 6.6667, 10.6667, 5.6667, 10.6667, 5.6667, 10.6667, 5.3333, 10.0, 4.6667, 10.0, 4.6667, 10.0, 4.6667, 10.0, 4.6667, 10.6667, 5.0, 10.6667, 5.0, 10.6667, 5.3333, 10.3333, 5.3333, 9.6667, 5.3333, 9.3333, 5.3333, 8.6667, 5.6667, 7.0, 5.6667, 7.0, 5.3333, 6.0, 5.6667, 5.0, 5.6667, 1.0, 1.0, 0.0, 0.0, 0.0, 0.0, 0.0, 0.0, 0.0, 0.0, 0.0, 0.0, 0.0, 0.0, 0.0, 0.0, 0.0, 0.0, 0.0, 0.0, 2.0, 0.6667, 8.0, 4.3333, 8.0, 5.0, 7.0, 5.3333, 7.0, 6.0, 7.0, 6.3333, 6.0, 6.6667, 6.0, 7.6667, 6.6667, 7.6667, 6.3333, 8.0, 6.3333, 8.3333, 6.3333, 8.3333, 6.6667, 8.3333, 6.6667, 8.3333, 6.6667, 8.3333, 6.0, 8.3333, 6.3333, 8.3333, 6.3333, 8.3333, 6.0, 7.6667, 6.6667, 8.0, 7.0, 8.0, 8.0, 8.3333, 8.0, 8.0, 8.0, 8.3333, 9.0, 8.3333, 9.0, 9.0, 10.0, 9.3333, 6.3333, 5.6667, 22.0, 20.3333, 21.6667, 20.3333, 21.6667, 19.6667, 21.0, 19.0, 20.3333, 18.0, 19.0, 17.3333, 18.6667, 16.6667, 19.0, 16.0, 20.0, 14.3333, 21.0, 12.6667, 22.0, 11.6667, 22.0, 11.0, 23.0, 11.0, 23.0, 11.3333, 22.0, 11.3333, 22.0, 11.6667, 21.0, 12.0, 21.0, 12.3333, 19.0, 12.6667, 18.0, 13.0, 17.0, 13.3333, 15.0, 13.0, 14.0, 13.0, 13.6667, 13.3333, 13.6667, 13.3333, 13.6667, 14.0, 14.6667, 14.0, 14.6667, 14.6667, 2.0, 2.3333, 0.3333, 0.3333, -1.0, -1.0, -1.0, -0.6667, -1.0, -0.6667, 1.0, 0.0, 3.0, 0.3333, 17.0, 6.3333, 16.0, 8.3333, 15.0, 9.6667, 14.6667, 11.3333, 16.3333, 12.6667, 17.0, 14.0, 18.3333, 15.3333, 19.3333, 16.6667, 19.6667, 18.0, 20.6667, 19.0, 21.3333, 19.3333, 21.3333, 19.3333, 22.0, 20.3333, 22.6667, 20.3333, 22.3333, 21.0, 22.3333, 21.3333, 22.0, 21.0, 22.3333, 20.6667, 22.0, 20.0, 21.6667, 19.6667, 21.6667, 19.6667, 21.6667, 20.0, 22.0, 19.6667, 21.6667, 19.6667, 21.6667, 19.3333, 21.3333, 19.3333, 22.3333, 20.3333, 22.3333, 20.6667]",16.411503,11.689126,91.760558
13,13,5c:01:3b:6b:b0:95,-39,256,"[86.0, -32.0, 4.0, 0.0, 3.3333, 5.3333, 3.3333, 5.3333, 3.6667, 5.0, 3.6667, 4.3333, 3.6667, 4.3333, 4.0, 4.0, 4.6667, 4.0, 5.0, 3.6667, 5.3333, 4.0, 5.6667, 4.3333, 5.3333, 4.0, 5.3333, 4.0, 5.3333, 4.0, 5.3333, 4.0, 6.0, 4.3333, 5.6667, 4.3333, 5.6667, 4.0, 5.6667, 3.6667, 4.6667, 3.3333, 4.6667, 3.3333, 4.0, 3.3333, 2.6667, 3.3333, 2.6667, 3.0, 1.6667, 3.6667, 1.0, 3.6667, 0.0, 0.3333, 0.0, 0.0, 0.0, 0.0, 0.0, 0.0, 0.0, 0.0, 0.0, 0.0, 0.0, 0.0, 0.0, 0.0, 0.0, 0.0, 0.0, 0.0, 0.6667, 0.6667, 3.3333, 3.3333, 3.3333, 3.3333, 2.3333, 3.3333, 2.0, 3.3333, 1.6667, 4.0, 0.6667, 4.0, 0.3333, 5.0, 0.3333, 5.0, 0.0, 5.6667, -0.3333, 5.6667, -0.3333, 5.6667, -0.6667, 5.6667, -0.6667, 5.6667, -0.6667, 5.6667, -1.0, 5.6667, -0.6667, 5.6667, -0.3333, 5.6667, 0.0, 5.0, 0.3333, 5.3333, 0.6667, 5.3333, 1.3333, 5.6667, 1.6667, 5.0, 1.6667, 5.3333, 2.6667, 5.3333, 2.3333, 5.6667, 3.0, 6.0, 1.0, 2.0, 4.6667, 7.6667, 4.6667, 8.3333, 4.6667, 8.0, 4.6667, 7.6667, 4.6667, 7.0, 4.3333, 6.3333, 4.6667, 5.3333, 5.6667, 5.0, 7.0, 3.3333, 8.0, 3.0, 9.0, 3.0, 9.3333, 3.0, 10.0, 3.0, 10.0, 3.0, 9.3333, 3.0, 9.3333, 3.3333, 8.6667, 3.6667, 8.6667, 3.6667, 7.0, 3.3333, 6.0, 3.3333, 5.3333, 3.6667, 4.0, 4.3333, 3.3333, 4.6667, 3.0, 5.0, 2.6667, 5.6667, 2.3333, 6.6667, 0.3333, 7.3333, 0.6667, 8.3333, -0.3333, 1.3333, -0.3333, 0.0, -0.6667, -1.0, -0.6667, -0.3333, -0.6667, -0.3333, 0.3333, -0.3333, 1.0, -0.6667, 5.6667, -0.6667, 4.6667, 0.0, 4.6667, 2.3333, 3.6667, 2.6667, 3.6667, 3.3333, 3.0, 4.6667, 3.0, 6.0, 2.6667, 6.6667, 2.0, 8.0, 2.0, 9.3333, 2.3333, 9.6667, 2.0, 9.6667, 2.3333, 10.6667, 2.3333, 10.6667, 2.0, 11.3333, 2.0, 11.3333, 2.0, 10.6667, 2.0, 10.6667, 2.0, 10.0, 2.3333, 9.6667, 2.3333, 9.3333, 3.0, 9.6667, 3.3333, 9.0, 3.6667, 8.3333, 4.3333, 8.0, 4.3333, 8.0, 5.0, 8.6667, 5.0, 9.0]",6.789569,8.127714,91.760558
14,14,5c:01:3b:6b:b0:95,-39,256,"[86.0, -32.0, 4.0, 0.0, -3.3333, 10.0, -3.3333, 10.0, -2.6667, 9.6667, -2.6667, 9.0, -2.6667, 9.0, -2.0, 8.6667, -1.6667, 8.6667, -1.0, 8.3333, -0.3333, 8.6667, 0.3333, 9.0, 0.6667, 9.0, 0.6667, 9.0, 0.6667, 9.0, 0.6667, 9.0, 1.0, 9.0, 0.3333, 9.0, 0.3333, 8.6667, 0.3333, 8.3333, -0.6667, 7.3333, -0.6667, 7.3333, -1.0, 7.0, -1.6667, 6.6667, -1.6667, 6.3333, -2.6667, 6.6667, -3.0, 6.6667, -1.0, 1.3333, 0.0, 0.0, 0.0, 0.0, 0.0, 0.0, 0.0, 0.0, 0.0, 0.0, 0.0, 0.0, 0.0, 0.0, 0.0, 0.0, 0.0, 0.0, -0.6667, 1.6667, -1.3333, 7.0, -1.3333, 7.0, -2.3333, 7.0, -3.0, 7.3333, -3.6667, 7.6667, -4.6667, 7.6667, -5.3333, 8.6667, -6.0, 8.6667, -6.3333, 9.0, -7.0, 9.0, -7.0, 9.0, -8.0, 9.0, -8.0, 9.0, -8.0, 9.0, -8.0, 9.0, -7.6667, 9.0, -7.0, 9.0, -6.0, 8.6667, -6.0, 9.0, -5.6667, 9.3333, -5.3333, 9.6667, -4.6667, 9.3333, -4.6667, 9.6667, -3.6667, 10.0, -4.3333, 10.3333, -4.0, 11.0, -4.3333, 6.0, -12.6667, 21.3333, -12.3333, 21.6667, -12.3333, 21.0, -11.6667, 20.3333, -11.0, 20.0, -10.3333, 19.6667, -9.3333, 18.6667, -7.6667, 19.0, -6.0, 18.0, -5.0, 18.3333, -4.0, 18.6667, -3.3333, 19.3333, -3.0, 19.3333, -3.0, 19.3333, -3.3333, 19.0, -3.3333, 19.0, -3.6667, 18.6667, -3.6667, 18.3333, -5.0, 17.3333, -6.0, 16.3333, -6.3333, 15.3333, -7.0, 14.6667, -7.3333, 14.3333, -7.6667, 14.0, -8.3333, 13.3333, -9.0, 13.3333, -14.0, 10.6667, -13.6667, 10.6667, -2.6667, 1.6667, -1.3333, 0.0, -0.3333, -1.0, -0.3333, -0.6667, -0.3333, -0.6667, -0.3333, 0.3333, -1.0, 1.6667, -5.6667, 12.6667, -6.6667, 12.3333, -5.6667, 14.6667, -7.3333, 14.3333, -9.0, 14.6667, -11.0, 15.3333, -12.3333, 16.0, -14.0, 16.3333, -15.6667, 17.0, -16.6667, 17.6667, -16.6667, 17.3333, -17.3333, 17.3333, -17.3333, 18.3333, -18.0, 18.3333, -18.3333, 18.6667, -18.3333, 18.6667, -18.3333, 18.3333, -18.3333, 18.3333, -18.0, 18.0, -17.0, 18.3333, -17.0, 18.6667, -15.6667, 19.3333, -15.3333, 19.0, -14.3333, 19.6667, -13.0, 20.0, -12.6667, 21.0, -12.3333, 22.3333, -12.3333, 23.0]",13.927086,10.508875,91.760558
15,15,5c:01:3b:6b:b0:95,-43,256,"[86.0, -32.0, 4.0, 0.0, -7.0, 3.0, -7.0, 3.0, -6.3333, 3.0, -6.3333, 2.3333, -6.0, 2.3333, -5.3333, 2.3333, -5.3333, 2.3333, -4.3333, 2.6667, -3.6667, 3.3333, -3.0, 4.0, -2.3333, 4.6667, -2.3333, 4.6667, -2.0, 4.6667, -2.0, 4.6667, -2.0, 4.6667, -2.6667, 4.6667, -2.6667, 4.0, -3.0, 3.3333, -3.6667, 2.3333, -3.6667, 2.3333, -4.0, 2.0, -4.0, 1.6667, -4.0, 1.6667, -5.0, 2.3333, -5.0, 2.3333, -1.6667, 0.3333, 0.0, 0.0, 0.0, 0.0, 0.0, 0.0, 0.0, 0.0, 0.0, 0.0, 0.0, 0.0, 0.0, 0.0, 0.0, 0.0, 0.0, 0.0, -1.3333, 0.6667, -4.0, 2.6667, -4.3333, 2.0, -5.0, 1.3333, -5.6667, 1.3333, -6.6667, 2.0, -7.3333, 2.0, -8.3333, 3.0, -9.0, 3.0, -9.0, 3.3333, -9.6667, 3.3333, -10.0, 3.6667, -10.6667, 3.6667, -10.6667, 3.6667, -10.6667, 3.6667, -10.6667, 3.6667, -10.3333, 3.6667, -9.6667, 3.6667, -9.0, 3.3333, -9.0, 3.0, -9.0, 3.3333, -8.6667, 3.3333, -8.0, 2.6667, -8.0, 2.6667, -7.0, 3.0, -7.6667, 3.0, -7.6667, 3.3333, -7.3333, 2.6667, -22.0, 9.6667, -21.6667, 10.0, -21.6667, 10.0, -20.6667, 9.6667, -19.3333, 9.0, -18.3333, 8.6667, -17.3333, 7.6667, -15.6667, 7.3333, -13.6667, 6.0, -12.6667, 6.3333, -11.3333, 6.3333, -10.3333, 7.3333, -10.0, 7.3333, -10.3333, 7.3333, -10.3333, 7.0, -10.3333, 7.0, -10.3333, 6.6667, -10.6667, 6.3333, -11.6667, 6.0, -13.0, 5.6667, -13.3333, 5.6667, -13.3333, 6.0, -13.6667, 6.3333, -13.6667, 6.6667, -14.0, 7.0, -14.3333, 8.0, -20.6667, 9.0, -20.3333, 9.6667, -3.6667, 1.3333, -1.6667, 0.0, 0.0, -1.0, -0.3333, -0.3333, 0.0, -0.3333, -0.6667, -0.3333, -2.0, 0.0, -11.6667, 3.0, -13.0, 2.6667, -12.0, 4.0, -14.0, 4.3333, -16.0, 5.3333, -18.0, 6.6667, -20.0, 7.6667, -21.6667, 8.6667, -23.6667, 9.6667, -24.6667, 11.0, -25.0, 11.3333, -25.6667, 11.3333, -25.6667, 12.3333, -26.3333, 12.3333, -26.3333, 13.0, -26.6667, 13.0, -26.6667, 12.6667, -26.6667, 12.6667, -26.6667, 12.3333, -25.6667, 12.0, -25.3333, 11.6667, -24.3333, 11.6667, -24.0, 11.0, -22.6667, 10.6667, -21.6667, 10.3333, -21.3333, 10.3333, -21.3333, 11.0, -21.0, 11.0]",12.686844,11.258588,91.760558
16,16,5c:01:3b:6b:b0:95,-38,256,"[86.0, -32.0, 4.0, 0.0, -4.0, 3.3333, -4.0, 3.3333, -3.6667, 3.3333, -3.6667, 3.0, -3.0, 2.3333, -2.6667, 2.3333, -2.6667, 2.3333, -1.6667, 2.3333, -1.3333, 2.3333, -1.0, 2.6667, -0.6667, 3.0, -0.6667, 3.0, 0.0, 3.0, 0.0, 3.0, 0.0, 3.0, -0.3333, 3.0, -0.3333, 2.6667, -1.0, 2.3333, -1.3333, 2.0, -1.3333, 2.0, -2.0, 2.3333, -2.0, 2.0, -2.0, 2.0, -3.0, 2.6667, -3.0, 2.6667, -1.3333, 0.6667, 0.0, 0.0, 0.0, 0.0, 0.0, 0.0, 0.0, 0.0, 0.0, 0.0, 0.0, 0.0, 0.0, 0.0, 0.0, 0.0, 0.0, 0.0, -0.6667, 0.3333, -2.0, 1.6667, -2.6667, 1.6667, -3.0, 1.3333, -3.3333, 1.6667, -4.3333, 2.3333, -4.6667, 2.3333, -5.6667, 3.3333, -5.6667, 3.3333, -5.3333, 3.3333, -5.6667, 3.3333, -5.6667, 4.0, -6.0, 4.0, -6.0, 4.0, -6.0, 4.0, -6.0, 4.0, -6.0, 4.0, -5.6667, 4.0, -5.6667, 4.0, -5.6667, 3.3333, -5.6667, 3.6667, -5.3333, 3.6667, -5.0, 3.0, -5.0, 3.0, -4.0, 3.3333, -4.3333, 3.3333, -4.3333, 3.6667, -5.6667, 3.3333, -16.0, 11.6667, -16.3333, 11.6667, -16.3333, 12.0, -15.3333, 11.6667, -13.6667, 11.0, -12.6667, 11.0, -11.6667, 10.0, -10.3333, 9.6667, -8.3333, 8.3333, -7.3333, 7.6667, -5.6667, 6.3333, -4.6667, 6.6667, -4.0, 6.6667, -4.6667, 6.6667, -4.6667, 6.6667, -4.6667, 6.6667, -4.6667, 6.3333, -5.3333, 6.6667, -6.3333, 7.0, -8.0, 7.6667, -8.6667, 7.6667, -8.6667, 7.6667, -9.3333, 8.0, -9.3333, 8.3333, -10.0, 8.3333, -10.6667, 9.3333, -15.0, 10.6667, -14.6667, 11.0, -2.6667, 1.3333, -1.3333, 0.0, 0.0, -1.0, -0.6667, -0.3333, 0.0, -0.3333, -0.3333, -0.3333, -1.0, 0.0, -6.3333, 4.0, -8.0, 5.0, -8.0, 4.6667, -10.0, 6.0, -12.0, 7.3333, -14.0, 8.6667, -15.6667, 9.3333, -16.0, 10.6667, -17.0, 11.3333, -17.3333, 12.6667, -17.0, 13.0, -17.0, 13.0, -17.0, 14.0, -17.0, 14.0, -17.0, 14.6667, -17.3333, 14.6667, -17.6667, 14.6667, -17.6667, 14.6667, -18.0, 14.6667, -17.6667, 14.3333, -17.6667, 14.0, -17.3333, 13.6667, -17.3333, 13.0, -17.0, 13.0, -16.3333, 12.6667, -15.6667, 12.6667, -15.6667, 13.3333, -15.0, 13.0]",9.79839,10.341112,91.760558
17,17,5c:01:3b:6b:b0:95,-38,256,"[86.0, -32.0, 4.0, 0.0, -2.3333, -1.0, -2.3333, -1.0, -2.3333, -1.0, -2.6667, -1.0, -2.0, -2.0, -2.0, -2.0, -2.0, -2.0, -1.6667, -1.6667, -2.0, -2.0, -2.0, -1.6667, -2.3333, -1.3333, -2.3333, -1.3333, -1.6667, -1.3333, -1.6667, -1.3333, -1.6667, -1.3333, -1.6667, -1.3333, -1.3333, -1.6667, -2.0, -2.0, -1.6667, -1.6667, -1.3333, -1.6667, -1.6667, -1.0, -1.3333, -1.0, -1.3333, -1.0, -1.6667, 0.0, -1.6667, 0.0, -1.0, 0.0, 0.0, 0.0, 0.0, 0.0, 0.0, 0.0, 0.0, 0.0, 0.0, 0.0, 0.0, 0.0, 0.0, 0.0, 0.0, 0.0, 0.0, 0.0, -0.6667, -0.6667, -2.3333, -2.0, -2.6667, -1.6667, -2.6667, -2.0, -2.3333, -2.0, -2.6667, -1.0, -2.3333, -1.0, -3.0, 0.0, -2.3333, 0.0, -1.6667, 0.0, -1.6667, 0.0, -1.3333, 1.0, -1.3333, 1.0, -1.3333, 1.0, -1.3333, 1.0, -1.3333, 1.0, -1.6667, 1.0, -1.6667, 1.0, -2.3333, 1.0, -2.3333, 0.0, -2.3333, 0.0, -2.3333, 0.0, -2.6667, -1.0, -2.6667, -1.0, -2.0, -1.0, -2.3333, -1.0, -2.3333, -1.0, -4.3333, 0.0, -11.6667, 0.0, -12.0, 0.0, -12.0, 1.0, -11.3333, 1.0, -10.0, 0.0, -9.6667, 0.0, -9.3333, -1.0, -8.6667, -2.0, -7.6667, -4.0, -7.3333, -5.0, -6.3333, -7.0, -6.0, -7.3333, -5.6667, -7.3333, -6.3333, -7.3333, -6.3333, -6.6667, -6.0, -6.6667, -5.6667, -6.6667, -6.0, -6.0, -6.3333, -5.0, -7.0, -3.0, -7.3333, -2.0, -7.0, -1.0, -7.0, 0.0, -6.6667, 1.0, -6.6667, 2.0, -7.0, 4.0, -9.3333, 8.0, -9.0, 8.0, -1.6667, 0.6667, -1.0, -0.3333, 0.0, -1.0, -0.6667, 0.0, 0.0, 0.0, -0.6667, -1.0, -1.3333, -2.0, -7.6667, -7.0, -8.3333, -5.0, -7.6667, -6.0, -8.6667, -4.0, -9.6667, -2.0, -10.6667, 0.0, -11.3333, 1.0, -10.3333, 3.0, -10.3333, 4.0, -10.0, 6.0, -9.0, 7.0, -8.3333, 7.0, -8.3333, 8.0, -7.6667, 8.0, -7.6667, 9.0, -8.0, 9.0, -8.6667, 9.0, -8.6667, 9.0, -9.3333, 9.0, -9.6667, 8.0, -10.0, 7.0, -10.3333, 6.0, -10.6667, 5.0, -11.3333, 4.0, -11.3333, 3.0, -10.6667, 2.0, -10.6667, 2.0, -10.3333, 1.0]",6.292574,8.731372,91.760558
18,18,5c:01:3b:6b:b0:95,-43,256,"[86.0, -32.0, 4.0, 0.0, -3.6667, -2.3333, -3.6667, -2.3333, -3.6667, -2.3333, -4.3333, -2.3333, -4.0, -3.0, -4.0, -3.0, -4.0, -3.3333, -4.3333, -3.3333, -5.0, -4.0, -5.0, -4.3333, -5.6667, -4.3333, -5.6667, -4.3333, -5.3333, -4.3333, -5.3333, -4.3333, -5.3333, -4.3333, -5.3333, -4.3333, -4.6667, -4.0, -5.0, -4.0, -4.3333, -3.0, -3.6667, -3.0, -3.3333, -2.3333, -2.6667, -2.0, -2.6667, -2.0, -2.3333, -1.3333, -2.3333, -1.0, -1.0, -0.3333, 0.0, 0.0, 0.0, 0.0, 0.0, 0.0, 0.0, 0.0, 0.0, 0.0, 0.0, 0.0, 0.0, 0.0, 0.0, 0.0, 0.0, 0.0, -1.3333, -1.3333, -4.6667, -3.6667, -4.3333, -3.0, -4.3333, -2.6667, -3.6667, -2.6667, -3.3333, -2.0, -2.6667, -1.6667, -3.0, -1.0, -2.0, -0.6667, -1.0, -0.6667, -1.0, -0.6667, 0.0, 0.0, 0.0, 0.0, 0.0, 0.0, 0.0, 0.0, 0.0, 0.0, -1.0, 0.0, -1.0, 0.0, -2.0, 0.0, -2.0, -1.0, -2.0, -1.0, -2.6667, -1.0, -3.3333, -2.0, -3.3333, -2.0, -3.0, -2.0, -3.6667, -2.3333, -3.6667, -2.3333, -4.6667, -1.3333, -13.3333, -4.6667, -13.0, -4.3333, -13.0, -3.6667, -12.6667, -3.6667, -12.0, -4.3333, -12.3333, -4.6667, -12.6667, -5.6667, -12.3333, -6.6667, -12.3333, -8.6667, -12.6667, -10.0, -12.6667, -12.0, -13.0, -13.0, -13.3333, -13.0, -13.6667, -13.0, -13.6667, -12.3333, -13.0, -12.0, -12.3333, -11.6667, -12.0, -10.6667, -11.6667, -9.3333, -11.0, -7.6667, -10.6667, -6.3333, -10.0, -5.0, -9.0, -4.0, -8.3333, -3.0, -7.3333, -1.6667, -7.0, 0.0, -7.0, 4.6667, -6.0, 5.0, -1.0, 0.3333, -1.0, -0.6667, 0.0, -1.0, -0.3333, 0.0, 0.0, 0.0, -1.3333, -1.3333, -2.6667, -2.6667, -14.3333, -11.3333, -13.6667, -9.0, -11.3333, -9.3333, -11.3333, -7.3333, -11.3333, -5.3333, -11.3333, -3.3333, -11.0, -2.3333, -9.0, -0.3333, -8.0, 1.0, -7.0, 3.0, -5.0, 3.6667, -4.0, 4.0, -4.0, 4.6667, -3.0, 4.6667, -3.0, 5.3333, -3.0, 5.6667, -4.0, 5.6667, -4.0, 5.6667, -5.0, 5.3333, -6.0, 4.3333, -7.0, 3.3333, -8.0, 2.3333, -9.0, 1.0, -11.0, 0.0, -11.6667, -1.3333, -11.3333, -2.6667, -11.3333, -3.0, -11.6667, -4.0]",7.550001,9.155633,91.760558
19,19,5c:01:3b:6b:b0:95,-44,256,"[86.0, -32.0, 4.0, 0.0, -8.0, -3.3333, -8.0, -3.3333, -7.6667, -3.0, -8.0, -3.0, -8.0, -3.0, -8.0, -3.0, -7.6667, -3.0, -8.3333, -2.6667, -8.6667, -3.0, -8.6667, -3.3333, -9.3333, -3.0, -9.3333, -3.0, -9.3333, -2.6667, -9.3333, -2.6667, -9.3333, -3.0, -9.3333, -3.0, -8.6667, -2.6667, -8.6667, -3.0, -8.0, -2.3333, -7.0, -2.6667, -6.3333, -2.3333, -5.6667, -2.3333, -5.6667, -2.3333, -5.0, -2.3333, -5.0, -2.0, -1.6667, -0.6667, 0.0, 0.0, 0.0, 0.0, 0.0, 0.0, 0.0, 0.0, 0.0, 0.0, 0.0, 0.0, 0.0, 0.0, 0.0, 0.0, 0.0, 0.0, -2.0, -1.0, -7.3333, -2.6667, -7.0, -2.6667, -7.3333, -2.6667, -6.6667, -2.6667, -6.3333, -2.6667, -6.0, -2.3333, -6.0, -2.0, -5.3333, -1.3333, -5.0, -1.3333, -5.0, -1.3333, -4.6667, -1.0, -4.6667, -1.0, -4.6667, -1.0, -4.6667, -1.0, -4.6667, -1.0, -5.3333, -1.0, -5.0, -1.0, -5.6667, -1.0, -5.6667, -2.0, -5.6667, -2.0, -6.3333, -2.0, -7.0, -3.0, -7.0, -3.0, -7.0, -3.0, -8.0, -3.3333, -8.0, -3.3333, -8.6667, -2.3333, -26.6667, -7.6667, -25.6667, -7.6667, -25.3333, -7.3333, -25.0, -7.3333, -24.3333, -7.3333, -24.6667, -7.3333, -25.3333, -7.6667, -25.0, -8.0, -25.3333, -8.6667, -26.0, -9.0, -26.6667, -10.0, -27.0, -10.3333, -27.6667, -10.0, -27.6667, -10.3333, -27.3333, -9.6667, -26.6667, -9.6667, -25.6667, -9.3333, -25.0, -9.0, -24.3333, -8.3333, -22.6667, -7.6667, -21.6667, -7.0, -20.3333, -6.0, -18.6667, -5.6667, -17.6667, -5.3333, -15.6667, -4.6667, -14.6667, -4.0, -14.0, 1.3333, -13.0, 2.0, -2.3333, 0.0, -1.3333, -1.0, 0.0, -1.0, 0.0, -0.3333, 0.0, 0.0, -2.0, -1.0, -4.6667, -2.0, -24.6667, -8.0, -23.6667, -7.3333, -21.3333, -7.6667, -21.0, -7.0, -20.6667, -6.6667, -20.3333, -6.0, -20.0, -5.6667, -19.0, -3.6667, -18.6667, -2.0, -18.0, 0.0, -16.6667, 0.3333, -16.0, 1.0, -16.3333, 1.3333, -16.0, 1.3333, -15.6667, 1.6667, -15.6667, 2.3333, -16.3333, 2.3333, -16.6667, 2.3333, -17.3333, 1.6667, -18.0, 0.6667, -18.6667, -0.3333, -19.6667, -1.3333, -20.6667, -3.0, -22.3333, -4.0, -23.0, -5.6667, -23.3333, -6.6667, -24.0, -7.0, -25.0, -7.6667]",13.596273,11.414075,91.760558
20,20,5c:01:3b:6b:b0:95,-45,256,"[86.0, -32.0, 4.0, 0.0, -10.6667, -4.3333, -10.6667, -4.3333, -10.0, -4.0, -10.0, -3.6667, -10.0, -3.3333, -10.0, -3.3333, -9.3333, -3.0, -9.6667, -2.6667, -9.6667, -2.6667, -9.6667, -3.0, -10.0, -2.3333, -10.0, -2.3333, -10.0, -2.0, -10.0, -2.0, -10.0, -2.3333, -10.0, -2.3333, -9.6667, -2.0, -9.3333, -2.6667, -9.0, -2.3333, -8.3333, -2.6667, -7.6667, -2.6667, -7.3333, -2.6667, -7.3333, -2.6667, -7.0, -3.3333, -6.6667, -3.0, -2.0, -1.0, 0.0, 0.0, 0.0, 0.0, 0.0, 0.0, 0.0, 0.0, 0.0, 0.0, 0.0, 0.0, 0.0, 0.0, 0.0, 0.0, 0.0, 0.0, -2.0, -1.0, -8.0, -2.3333, -8.0, -2.6667, -8.3333, -2.6667, -8.3333, -3.0, -8.3333, -3.3333, -8.3333, -3.3333, -8.3333, -3.3333, -8.0, -3.0, -8.0, -3.0, -8.0, -3.0, -8.3333, -3.0, -8.3333, -3.0, -8.3333, -3.0, -8.3333, -3.3333, -8.3333, -3.3333, -8.6667, -3.0, -8.3333, -3.0, -8.6667, -3.0, -8.6667, -3.6667, -8.6667, -3.3333, -9.0, -3.3333, -9.6667, -4.0, -9.3333, -4.0, -9.6667, -4.0, -10.3333, -4.3333, -10.6667, -4.3333, -11.6667, -3.6667, -36.6667, -12.3333, -35.6667, -12.0, -35.0, -12.0, -34.0, -12.0, -33.0, -11.6667, -33.0, -12.0, -33.3333, -12.3333, -33.0, -12.3333, -33.0, -12.0, -33.3333, -11.3333, -33.6667, -11.0, -33.6667, -10.6667, -34.3333, -10.3333, -34.3333, -10.3333, -34.0, -10.0, -33.3333, -10.0, -32.3333, -10.0, -31.6667, -10.3333, -31.0, -10.3333, -29.6667, -10.6667, -28.6667, -10.6667, -27.0, -10.0, -25.3333, -9.6667, -24.3333, -9.3333, -22.6667, -8.3333, -21.6667, -8.0, -19.6667, -4.6667, -18.6667, -3.6667, -3.3333, -1.0, -1.6667, -1.0, 0.0, -0.6667, 0.0, -0.3333, 0.0, 0.0, -2.0, -1.0, -5.3333, -2.0, -27.6667, -8.6667, -27.0, -9.3333, -26.6667, -9.0, -27.0, -9.6667, -27.0, -10.0, -27.3333, -9.3333, -27.3333, -9.0, -27.0, -8.3333, -27.0, -7.6667, -27.0, -6.6667, -26.3333, -7.0, -26.0, -6.6667, -26.3333, -6.6667, -26.6667, -7.0, -26.3333, -7.0, -26.3333, -6.3333, -26.6667, -6.3333, -27.0, -6.3333, -27.3333, -6.6667, -28.0, -7.3333, -28.3333, -7.6667, -29.3333, -8.0, -30.3333, -9.0, -31.6667, -9.6667, -32.3333, -10.3333, -33.0, -11.3333, -34.3333, -12.0, -35.3333, -12.6667]",18.298484,13.995493,91.760558
21,21,5c:01:3b:6b:b0:95,-44,256,"[86.0, -32.0, 4.0, 0.0, -13.3333, -4.0, -13.3333, -4.0, -12.3333, -3.6667, -12.0, -3.0, -12.0, -2.6667, -12.0, -2.6667, -11.0, -1.6667, -11.0, -1.3333, -10.6667, -1.3333, -10.6667, -1.3333, -10.6667, -0.3333, -10.6667, -0.3333, -10.6667, 0.0, -10.6667, 0.0, -10.6667, -0.3333, -10.6667, -0.3333, -10.6667, -0.3333, -10.0, -1.3333, -10.0, -1.3333, -9.6667, -1.6667, -9.0, -1.6667, -9.0, -2.0, -9.0, -2.0, -9.0, -3.0, -8.3333, -3.0, -2.3333, -1.0, 0.0, 0.0, 0.0, 0.0, 0.0, 0.0, 0.0, 0.0, 0.0, 0.0, 0.0, 0.0, 0.0, 0.0, 0.0, 0.0, 0.0, 0.0, -2.0, -0.6667, -8.6667, -1.3333, -9.0, -1.6667, -9.3333, -2.0, -10.0, -2.6667, -10.3333, -3.0, -10.6667, -3.6667, -10.6667, -4.0, -10.6667, -4.0, -11.0, -4.3333, -11.0, -4.3333, -12.0, -4.3333, -12.0, -4.3333, -12.0, -4.3333, -12.0, -4.6667, -12.0, -4.6667, -12.0, -4.3333, -11.6667, -4.3333, -11.6667, -4.3333, -11.6667, -4.6667, -11.6667, -4.0, -11.6667, -4.0, -12.3333, -4.3333, -11.6667, -4.0, -12.3333, -4.0, -12.6667, -4.0, -13.3333, -4.0, -14.6667, -3.6667, -46.6667, -12.0, -45.6667, -11.6667, -44.6667, -11.6667, -43.0, -11.6667, -41.6667, -11.3333, -41.3333, -11.3333, -41.3333, -11.6667, -41.0, -11.6667, -40.6667, -10.6667, -40.6667, -8.6667, -40.6667, -7.0, -40.3333, -6.0, -41.0, -5.6667, -41.0, -5.3333, -40.6667, -5.0, -40.0, -5.3333, -39.0, -6.0, -38.3333, -7.0, -37.6667, -8.0, -36.6667, -9.0, -35.6667, -10.0, -33.6667, -9.6667, -32.0, -9.3333, -31.0, -9.0, -29.6667, -8.0, -28.6667, -8.0, -25.3333, -8.3333, -24.3333, -8.3333, -4.3333, -2.0, -2.0, -1.0, 0.0, -0.3333, 0.0, -0.3333, 0.0, 0.0, -2.0, -0.6667, -6.0, -1.3333, -30.6667, -5.0, -30.3333, -7.3333, -32.0, -7.0, -33.0, -9.0, -33.3333, -9.3333, -34.3333, -9.0, -34.6667, -9.0, -35.0, -9.6667, -35.3333, -10.3333, -36.0, -10.3333, -36.0, -11.0, -36.0, -11.3333, -36.3333, -11.3333, -37.3333, -12.0, -37.0, -12.0, -37.0, -11.6667, -37.0, -11.6667, -37.3333, -11.6667, -37.3333, -11.3333, -38.0, -11.6667, -38.0, -11.3333, -39.0, -11.0, -40.0, -11.0, -41.0, -11.3333, -41.6667, -10.6667, -42.6667, -11.0, -44.6667, -11.6667, -45.6667, -12.3333]",22.533928,16.759503,91.760558
22,22,5c:01:3b:6b:b0:95,-41,256,"[86.0, -32.0, 4.0, 0.0, -3.6667, -4.0, -4.0, -4.0, -3.3333, -4.0, -3.3333, -3.0, -3.3333, -3.0, -3.6667, -3.0, -3.0, -2.0, -3.0, -2.0, -3.3333, -2.0, -3.3333, -2.0, -3.3333, -1.6667, -3.3333, -1.6667, -3.3333, -1.6667, -3.3333, -1.6667, -3.3333, -1.6667, -3.3333, -1.3333, -3.3333, -1.3333, -2.6667, -2.0, -3.0, -2.0, -3.0, -2.0, -2.3333, -2.0, -2.6667, -2.0, -2.6667, -2.0, -3.0, -3.0, -2.3333, -3.0, -0.6667, -1.0, 0.0, 0.0, 0.0, 0.0, 0.0, 0.0, 0.0, 0.0, 0.0, 0.0, 0.0, 0.0, 0.0, 0.0, 0.0, 0.0, 0.0, 0.0, -0.6667, -1.0, -2.6667, -2.0, -2.6667, -2.0, -2.6667, -2.0, -3.0, -3.0, -3.0, -3.0, -2.6667, -4.0, -2.6667, -4.3333, -2.6667, -5.0, -2.6667, -5.3333, -2.3333, -5.3333, -3.0, -5.3333, -3.0, -5.3333, -3.0, -5.3333, -3.0, -6.0, -3.0, -6.0, -3.0, -5.3333, -3.0, -5.3333, -3.0, -5.3333, -3.0, -5.3333, -3.0, -4.3333, -2.6667, -4.3333, -3.3333, -4.3333, -2.6667, -4.0, -3.3333, -4.0, -3.0, -4.0, -3.6667, -4.0, -4.6667, -4.0, -14.3333, -13.3333, -13.6667, -12.3333, -13.3333, -12.3333, -12.3333, -12.3333, -12.0, -12.3333, -12.3333, -12.6667, -13.0, -13.6667, -13.3333, -14.3333, -13.6667, -14.0, -14.0, -12.0, -14.3333, -10.0, -14.3333, -9.0, -15.0, -9.0, -15.0, -8.0, -15.3333, -8.0, -14.6667, -8.0, -14.0, -9.0, -13.3333, -10.0, -12.6667, -11.0, -12.3333, -12.0, -12.0, -13.0, -11.0, -12.3333, -10.0, -11.3333, -9.6667, -10.3333, -9.3333, -8.3333, -9.0, -7.6667, -6.0, -7.6667, -5.6667, -7.6667, -1.0, -2.0, -1.0, -0.6667, -0.3333, -0.3333, -0.6667, 0.0, -0.3333, 0.0, -1.0, -1.0, -2.3333, -2.0, -10.3333, -9.0, -9.3333, -11.0, -10.6667, -10.0, -10.6667, -12.0, -10.0, -10.6667, -10.3333, -9.3333, -9.6667, -8.3333, -9.3333, -9.3333, -8.6667, -10.3333, -9.0, -10.6667, -9.0, -11.0, -8.6667, -11.6667, -8.3333, -11.6667, -9.0, -12.3333, -9.0, -12.0, -9.0, -12.0, -9.0, -12.0, -8.6667, -12.0, -9.0, -11.6667, -9.6667, -12.0, -9.3333, -11.6667, -10.0, -11.0, -10.6667, -11.0, -11.0, -11.3333, -11.6667, -10.6667, -12.0, -11.3333, -13.0, -12.3333, -13.6667, -13.3333]",9.630303,9.656261,91.760558
23,23,5c:01:3b:6b:b0:95,-43,256,"[86.0, -32.0, 4.0, 0.0, 8.6667, -2.3333, 8.0, -2.6667, 8.0, -2.6667, 7.6667, -2.0, 7.6667, -2.3333, 7.0, -2.3333, 7.3333, -1.6667, 7.0, -2.0, 6.3333, -2.0, 6.0, -2.0, 6.0, -2.3333, 6.0, -2.3333, 6.0, -2.3333, 6.0, -2.3333, 6.0, -2.3333, 6.0, -1.6667, 6.0, -1.6667, 6.3333, -2.0, 5.6667, -1.6667, 5.6667, -1.6667, 6.0, -1.6667, 5.6667, -1.3333, 5.3333, -1.3333, 5.0, -2.0, 5.3333, -1.6667, 1.0, -0.6667, 0.0, 0.0, 0.0, 0.0, 0.0, 0.0, 0.0, 0.0, 0.0, 0.0, 0.0, 0.0, 0.0, 0.0, 0.0, 0.0, 0.0, 0.0, 1.0, -1.0, 5.0, -2.0, 5.3333, -1.6667, 5.6667, -1.6667, 6.0, -2.0, 6.3333, -2.0, 7.0, -2.3333, 7.3333, -2.6667, 7.0, -2.6667, 7.0, -3.0, 7.6667, -3.0, 7.6667, -2.6667, 7.6667, -2.6667, 7.3333, -2.6667, 7.3333, -3.0, 7.3333, -3.0, 7.3333, -3.0, 7.3333, -3.0, 7.3333, -3.0, 7.6667, -3.0, 8.0, -2.6667, 8.3333, -2.6667, 8.0, -2.6667, 8.3333, -2.3333, 8.3333, -2.3333, 9.0, -2.3333, 8.6667, -2.6667, 4.6667, -2.0, 16.3333, -6.6667, 16.6667, -6.0, 16.3333, -6.0, 16.3333, -6.3333, 16.0, -6.6667, 15.3333, -7.0, 14.0, -8.0, 13.3333, -9.0, 12.6667, -9.6667, 12.3333, -9.0, 12.3333, -8.3333, 12.0, -8.3333, 12.0, -8.3333, 12.0, -7.3333, 11.6667, -7.3333, 11.6667, -7.3333, 12.0, -7.6667, 12.0, -8.0, 12.3333, -8.3333, 11.6667, -8.3333, 11.3333, -8.6667, 11.0, -7.6667, 11.0, -6.6667, 10.6667, -5.6667, 10.3333, -4.0, 10.0, -3.0, 12.0, 0.0, 11.6667, 1.0, 2.0, -0.3333, 0.0, -0.3333, -0.6667, -0.6667, -1.3333, 0.0, -0.6667, 0.0, 0.0, -1.0, 1.3333, -2.0, 10.0, -8.6667, 10.6667, -9.3333, 10.0, -8.0, 10.6667, -8.6667, 12.0, -6.6667, 12.3333, -5.0, 13.6667, -4.0, 14.3333, -3.3333, 15.6667, -3.0, 16.0, -2.3333, 16.0, -2.0, 16.6667, -2.0, 17.3333, -2.0, 17.0, -2.0, 17.0, -1.6667, 17.0, -1.6667, 17.0, -1.6667, 17.6667, -1.6667, 17.0, -2.0, 16.6667, -2.6667, 17.3333, -2.6667, 17.0, -2.6667, 16.6667, -3.3333, 17.0, -4.0, 16.6667, -4.6667, 17.0, -5.3333, 17.0, -6.0, 16.6667, -7.0]",10.50424,9.101587,91.760558
24,24,5c:01:3b:6b:b0:95,-44,256,"[86.0, -32.0, 4.0, 0.0, 18.0, 0.3333, 17.0, 0.0, 16.6667, -0.3333, 16.3333, 0.0, 16.3333, -0.3333, 15.3333, -0.6667, 15.3333, -0.6667, 15.0, -1.0, 14.0, -1.3333, 13.6667, -1.6667, 13.6667, -2.6667, 13.6667, -2.6667, 13.6667, -2.6667, 13.6667, -2.6667, 13.6667, -2.6667, 13.6667, -2.0, 13.6667, -1.6667, 13.6667, -1.6667, 12.6667, -1.0, 12.6667, -1.0, 12.6667, -0.6667, 12.0, -0.3333, 11.6667, 0.0, 11.0, -0.3333, 11.0, 0.3333, 2.3333, -0.3333, 0.0, 0.0, 0.0, 0.0, 0.0, 0.0, 0.0, 0.0, 0.0, 0.0, 0.0, 0.0, 0.0, 0.0, 0.0, 0.0, 0.0, 0.0, 2.3333, -0.6667, 11.3333, -1.0, 11.6667, -0.3333, 12.0, 0.0, 13.0, 0.3333, 13.3333, 0.6667, 14.3333, 0.6667, 14.6667, 1.0, 14.3333, 1.3333, 14.3333, 1.6667, 15.3333, 1.6667, 15.6667, 2.0, 15.6667, 2.3333, 15.3333, 2.3333, 15.3333, 2.0, 15.3333, 2.0, 15.3333, 1.6667, 15.3333, 1.6667, 15.3333, 1.3333, 15.6667, 1.3333, 16.0, 1.0, 16.6667, 1.0, 16.6667, 1.0, 16.6667, 0.6667, 17.0, 0.6667, 18.0, 0.6667, 18.0, 0.3333, 13.6667, 0.6667, 46.3333, 2.6667, 46.3333, 3.0, 45.3333, 2.6667, 44.3333, 2.0, 43.3333, 1.3333, 42.3333, 0.6667, 41.0, -0.3333, 40.0, -1.6667, 39.0, -3.0, 38.6667, -3.6667, 39.0, -4.0, 38.3333, -4.6667, 39.0, -4.6667, 39.0, -4.0, 38.6667, -4.0, 38.0, -4.0, 38.0, -3.6667, 37.3333, -3.6667, 37.3333, -3.3333, 35.6667, -2.6667, 34.6667, -2.3333, 33.0, -1.6667, 31.6667, -0.6667, 30.6667, 0.0, 29.6667, 1.3333, 28.3333, 2.6667, 28.0, 9.0, 27.0, 10.6667, 4.6667, 1.6667, 1.0, 0.0, -1.0, -1.0, -1.6667, -0.3333, -1.0, -0.3333, 1.0, -1.0, 5.0, -1.3333, 30.3333, -4.6667, 30.6667, -4.0, 30.6667, -3.0, 32.0, -2.0, 33.3333, 0.0, 34.3333, 2.0, 36.0, 3.6667, 36.6667, 5.3333, 38.3333, 7.0, 39.0, 8.3333, 39.0, 9.3333, 39.6667, 10.0, 40.6667, 10.0, 41.0, 10.6667, 41.0, 11.0, 41.0, 11.3333, 41.0, 11.0, 41.6667, 11.0, 41.0, 10.0, 41.0, 9.0, 42.0, 8.3333, 42.3333, 8.0, 42.6667, 6.6667, 43.6667, 5.6667, 44.0, 4.0, 45.0, 3.0, 46.0, 2.6667, 46.3333, 2.0]",23.851076,16.041865,91.760558
25,25,5c:01:3b:6b:b0:95,-38,256,"[86.0, -32.0, 4.0, 0.0, 17.6667, 3.0, 17.0, 2.6667, 16.6667, 2.0, 16.0, 2.0, 16.0, 1.6667, 15.3333, 1.0, 15.3333, 0.3333, 14.6667, 0.0, 14.0, -0.6667, 13.6667, -1.3333, 13.3333, -2.3333, 13.3333, -2.3333, 13.3333, -2.3333, 13.3333, -2.3333, 13.3333, -2.3333, 13.6667, -2.0, 13.3333, -1.3333, 13.3333, -1.3333, 12.6667, -0.3333, 12.6667, -0.3333, 12.3333, 0.3333, 12.0, 0.6667, 11.6667, 1.3333, 11.3333, 1.3333, 11.0, 2.3333, 2.3333, 0.0, 0.0, 0.0, 0.0, 0.0, 0.0, 0.0, 0.0, 0.0, 0.0, 0.0, 0.0, 0.0, 0.0, 0.0, 0.0, 0.0, 0.0, 0.0, 2.3333, -0.3333, 11.0, 0.0, 11.3333, 1.0, 12.0, 1.6667, 13.0, 2.6667, 13.3333, 3.3333, 14.3333, 3.6667, 14.6667, 4.3333, 14.3333, 5.3333, 14.6667, 6.0, 15.3333, 6.0, 15.6667, 6.3333, 15.6667, 7.0, 15.3333, 7.0, 15.3333, 7.0, 15.3333, 7.0, 15.3333, 6.0, 15.3333, 6.0, 15.3333, 5.3333, 15.6667, 5.3333, 16.0, 4.3333, 16.6667, 4.3333, 16.6667, 4.3333, 16.6667, 3.6667, 17.0, 3.6667, 18.0, 3.6667, 18.0, 3.3333, 13.3333, 3.3333, 45.6667, 12.0, 45.6667, 12.0, 44.6667, 11.3333, 43.6667, 10.3333, 42.6667, 9.3333, 41.6667, 8.3333, 41.0, 7.3333, 40.0, 5.6667, 39.0, 3.6667, 39.0, 1.6667, 40.0, 0.3333, 39.0, -1.0, 40.0, -1.0, 40.0, -0.6667, 40.0, -0.6667, 39.0, -0.6667, 39.0, 0.3333, 38.0, 0.6667, 38.0, 1.6667, 36.0, 3.0, 35.0, 4.0, 33.0, 4.3333, 31.3333, 5.3333, 30.3333, 5.6667, 29.3333, 6.6667, 27.6667, 8.0, 26.0, 13.6667, 25.0, 15.0, 4.3333, 2.6667, 1.0, 0.0, -1.0, -1.0, -1.3333, -0.6667, -1.0, -0.6667, 1.0, -1.0, 5.0, -0.6667, 31.0, -0.6667, 31.0, 1.3333, 31.0, 2.0, 32.0, 4.6667, 32.6667, 6.6667, 33.6667, 9.0, 35.0, 10.6667, 35.3333, 12.3333, 36.6667, 14.3333, 37.0, 15.6667, 37.0, 16.6667, 37.3333, 17.6667, 38.3333, 17.6667, 39.0, 18.6667, 39.0, 18.6667, 39.0, 19.3333, 39.0, 18.6667, 39.3333, 18.6667, 39.0, 17.6667, 39.0, 16.6667, 40.0, 16.0, 40.6667, 15.6667, 41.3333, 14.6667, 42.3333, 13.6667, 43.0, 12.3333, 44.0, 11.3333, 45.0, 11.3333, 45.6667, 11.0]",24.168715,16.197107,91.760558
26,26,5c:01:3b:6b:b0:95,-44,256,"[86.0, -32.0, 4.0, 0.0, 10.0, 1.3333, 9.6667, 1.3333, 9.6667, 0.6667, 9.3333, 0.6667, 9.6667, 0.3333, 9.3333, -0.3333, 9.6667, -1.0, 9.6667, -1.0, 9.6667, -1.6667, 9.6667, -2.6667, 9.3333, -3.3333, 9.6667, -3.3333, 9.6667, -3.3333, 9.6667, -3.3333, 9.6667, -3.3333, 10.0, -3.3333, 9.3333, -2.3333, 9.3333, -2.3333, 8.6667, -1.6667, 8.3333, -1.3333, 7.6667, -0.6667, 7.0, -0.3333, 7.0, 0.3333, 6.6667, 0.6667, 6.0, 1.3333, 1.3333, -0.3333, 0.0, 0.0, 0.0, 0.0, 0.0, 0.0, 0.0, 0.0, 0.0, 0.0, 0.0, 0.0, 0.0, 0.0, 0.0, 0.0, 0.0, 0.0, 1.3333, -0.6667, 7.3333, -1.0, 7.0, -0.3333, 7.3333, 0.3333, 7.6667, 1.3333, 7.3333, 2.0, 7.6667, 2.3333, 7.3333, 3.0, 7.3333, 3.6667, 7.3333, 4.6667, 7.6667, 4.6667, 7.6667, 4.6667, 7.6667, 5.3333, 7.6667, 5.3333, 7.6667, 5.3333, 7.6667, 5.3333, 7.6667, 4.6667, 7.6667, 4.6667, 7.6667, 4.0, 8.0, 4.0, 8.0, 3.0, 9.0, 3.0, 9.0, 3.0, 9.3333, 2.0, 9.3333, 2.0, 10.3333, 2.0, 10.3333, 2.0, 9.0, 1.0, 31.3333, 5.3333, 31.0, 5.3333, 30.3333, 5.0, 29.6667, 4.3333, 29.3333, 3.6667, 28.6667, 2.6667, 29.0, 1.6667, 28.6667, 0.0, 28.6667, -2.0, 29.3333, -3.6667, 30.6667, -5.3333, 30.6667, -6.3333, 31.3333, -6.3333, 31.3333, -6.3333, 31.0, -6.0, 30.3333, -6.0, 30.0, -4.6667, 28.6667, -4.3333, 28.3333, -3.3333, 26.3333, -2.0, 25.3333, -0.6667, 23.6667, 0.0, 22.0, 1.0, 21.3333, 1.3333, 20.0, 2.6667, 18.3333, 4.0, 16.6667, 9.0, 16.3333, 10.3333, 2.6667, 2.0, 0.6667, 0.0, -1.0, -1.0, -1.0, -0.6667, -1.0, -0.6667, 0.6667, -1.3333, 4.0, -1.3333, 25.6667, -5.0, 25.0, -3.0, 23.3333, -2.6667, 23.3333, 0.0, 22.6667, 2.0, 22.6667, 4.0, 22.6667, 5.6667, 22.0, 7.0, 22.3333, 9.0, 22.6667, 10.0, 23.0, 11.0, 23.0, 12.0, 23.6667, 12.0, 24.6667, 12.6667, 24.6667, 12.6667, 25.0, 13.6667, 24.6667, 13.0, 24.6667, 13.0, 24.3333, 12.0, 24.3333, 11.0, 24.6667, 10.3333, 25.0, 10.0, 25.6667, 8.6667, 27.0, 7.6667, 28.3333, 6.3333, 29.6667, 5.0, 30.6667, 4.6667, 31.3333, 4.3333]",16.341559,12.533268,91.760558
27,27,5c:01:3b:6b:b0:95,-44,256,"[86.0, -32.0, 4.0, 0.0, 9.6667, -2.3333, 9.3333, -2.3333, 9.3333, -2.6667, 8.6667, -2.6667, 9.0, -3.3333, 9.0, -3.6667, 9.3333, -4.0, 9.0, -4.0, 9.3333, -4.3333, 9.0, -5.0, 8.6667, -5.3333, 9.0, -5.6667, 9.0, -5.6667, 9.0, -5.6667, 9.0, -5.6667, 9.3333, -5.6667, 8.6667, -4.6667, 8.6667, -4.6667, 8.3333, -4.3333, 8.0, -3.6667, 7.0, -3.0, 6.6667, -2.6667, 6.6667, -2.0, 6.6667, -1.6667, 6.0, -1.0, 1.3333, -0.6667, 0.0, 0.0, 0.0, 0.0, 0.0, 0.0, 0.0, 0.0, 0.0, 0.0, 0.0, 0.0, 0.0, 0.0, 0.0, 0.0, 0.0, 0.0, 1.3333, -1.3333, 6.6667, -3.3333, 6.6667, -3.0, 7.3333, -2.6667, 7.3333, -2.0, 7.3333, -1.3333, 7.3333, -1.0, 7.3333, -0.6667, 7.3333, 0.0, 7.3333, 0.6667, 7.6667, 0.6667, 7.6667, 1.0, 7.6667, 1.3333, 7.6667, 1.3333, 7.6667, 1.3333, 7.6667, 1.0, 7.6667, 0.6667, 7.6667, 0.6667, 7.6667, 0.3333, 8.0, 0.0, 8.0, -0.6667, 8.6667, -1.0, 8.6667, -1.0, 9.0, -1.6667, 9.3333, -1.6667, 10.0, -1.6667, 10.3333, -2.0, 9.6667, -3.6667, 34.0, -9.6667, 33.3333, -9.3333, 32.6667, -9.0, 32.0, -9.3333, 31.3333, -9.6667, 30.6667, -10.3333, 30.6667, -11.3333, 30.0, -12.6667, 29.6667, -14.3333, 29.6667, -15.6667, 30.3333, -17.6667, 30.3333, -18.6667, 30.6667, -18.6667, 30.6667, -18.6667, 30.3333, -18.3333, 29.6667, -18.3333, 29.3333, -17.0, 28.3333, -16.3333, 28.0, -15.0, 26.6667, -13.6667, 26.0, -11.6667, 24.6667, -10.6667, 23.3333, -9.0, 23.0, -8.3333, 21.6667, -6.3333, 20.6667, -4.6667, 19.6667, -1.0, 20.0, 0.6667, 3.3333, 0.3333, 0.6667, -0.3333, -1.0, -0.6667, -1.0, -0.3333, -1.0, -0.3333, 0.6667, -1.6667, 3.6667, -3.3333, 23.6667, -16.0, 23.6667, -14.0, 23.6667, -12.6667, 24.0, -10.6667, 24.3333, -8.6667, 24.6667, -7.0, 25.3333, -6.0, 25.3333, -4.6667, 26.0, -3.0, 26.6667, -1.6667, 27.3333, -0.6667, 27.6667, 0.0, 28.3333, 0.0, 29.3333, 0.6667, 29.3333, 0.6667, 30.0, 1.3333, 29.6667, 1.0, 29.3333, 0.6667, 28.6667, 0.0, 28.6667, -1.0, 28.6667, -2.0, 29.0, -2.6667, 29.3333, -4.3333, 30.6667, -5.3333, 31.3333, -6.6667, 32.3333, -8.3333, 33.6667, -9.0, 34.3333, -9.6667]",17.49558,13.760103,91.760558
28,28,5c:01:3b:6b:b0:95,-44,256,"[86.0, -32.0, 4.0, 0.0, 9.0, -6.0, 8.6667, -6.0, 8.6667, -6.0, 8.3333, -6.0, 8.6667, -7.0, 8.6667, -7.0, 9.0, -7.0, 8.6667, -7.0, 9.0, -7.0, 8.3333, -7.3333, 8.3333, -7.3333, 8.6667, -8.0, 8.6667, -8.0, 8.6667, -8.0, 8.6667, -8.0, 8.6667, -8.0, 8.3333, -7.0, 8.3333, -7.0, 8.0, -7.0, 7.6667, -6.0, 6.6667, -5.3333, 6.3333, -5.0, 6.0, -4.3333, 6.0, -4.0, 5.6667, -3.3333, 1.0, -1.0, 0.0, 0.0, 0.0, 0.0, 0.0, 0.0, 0.0, 0.0, 0.0, 0.0, 0.0, 0.0, 0.0, 0.0, 0.0, 0.0, 0.0, 0.0, 1.3333, -2.0, 6.3333, -5.6667, 6.6667, -5.6667, 7.0, -5.6667, 7.0, -5.3333, 7.0, -4.6667, 6.6667, -4.3333, 6.6667, -4.3333, 6.3333, -3.6667, 6.0, -3.3333, 6.6667, -3.3333, 6.6667, -2.6667, 6.6667, -2.6667, 6.6667, -2.6667, 6.6667, -2.6667, 6.6667, -3.3333, 6.6667, -3.3333, 6.6667, -3.3333, 6.6667, -3.3333, 7.0, -4.0, 7.0, -4.3333, 7.6667, -5.0, 7.6667, -5.0, 8.0, -5.3333, 8.6667, -5.3333, 9.3333, -5.3333, 9.6667, -6.0, 9.6667, -8.3333, 34.0, -24.6667, 33.0, -24.0, 32.3333, -23.0, 32.0, -23.0, 31.3333, -23.0, 31.0, -23.3333, 30.6667, -24.3333, 30.6667, -25.3333, 30.6667, -26.6667, 30.0, -27.6667, 30.0, -30.0, 30.0, -31.0, 30.0, -31.0, 30.0, -31.0, 29.6667, -30.6667, 29.0, -30.6667, 28.6667, -29.3333, 28.0, -28.3333, 27.6667, -26.6667, 27.0, -25.3333, 26.3333, -22.6667, 25.0, -21.3333, 23.6667, -19.0, 23.0, -18.0, 21.3333, -15.3333, 20.3333, -13.3333, 18.3333, -11.0, 18.3333, -9.0, 3.0, -1.3333, 0.3333, -0.6667, -1.0, -0.3333, -1.0, 0.0, -1.0, 0.0, 0.6667, -2.0, 3.3333, -5.3333, 21.6667, -27.0, 22.3333, -25.0, 24.0, -22.6667, 24.6667, -21.3333, 25.0, -19.3333, 25.0, -18.0, 25.3333, -17.6667, 25.0, -16.3333, 25.3333, -15.0, 26.0, -13.3333, 26.3333, -12.3333, 26.6667, -12.0, 27.3333, -12.0, 28.0, -11.3333, 28.0, -11.3333, 28.6667, -11.0, 28.0, -11.0, 28.0, -11.6667, 27.3333, -12.0, 27.6667, -13.0, 27.6667, -14.3333, 28.3333, -15.3333, 28.6667, -17.3333, 30.3333, -18.3333, 31.0, -19.6667, 32.0, -21.6667, 33.6667, -22.6667, 34.3333, -23.6667]",19.855928,15.742032,91.760558
29,29,5c:01:3b:6b:b0:95,-44,256,"[86.0, -32.0, 4.0, 0.0, 12.6667, -4.0, 12.3333, -4.0, 12.3333, -4.0, 12.0, -4.0, 12.0, -4.3333, 12.0, -4.3333, 12.0, -4.3333, 11.0, -4.3333, 11.0, -4.3333, 10.0, -4.3333, 10.0, -4.0, 10.0, -4.6667, 10.0, -4.6667, 10.0, -4.6667, 10.0, -4.6667, 10.0, -4.6667, 10.0, -4.0, 10.0, -4.3333, 10.0, -4.3333, 10.0, -4.0, 9.0, -3.3333, 9.0, -3.6667, 8.3333, -3.0, 8.3333, -3.0, 8.3333, -2.6667, 1.3333, -0.6667, 0.0, 0.0, 0.0, 0.0, 0.0, 0.0, 0.0, 0.0, 0.0, 0.0, 0.0, 0.0, 0.0, 0.0, 0.0, 0.0, 0.0, 0.0, 2.0, -1.3333, 8.0, -3.0, 9.0, -3.3333, 9.3333, -3.3333, 10.0, -3.3333, 10.3333, -3.0, 10.3333, -3.0, 10.6667, -3.0, 10.0, -2.3333, 10.0, -2.6667, 11.0, -2.6667, 11.0, -2.3333, 11.0, -2.3333, 11.0, -2.3333, 11.0, -2.3333, 11.0, -2.6667, 11.0, -2.6667, 11.0, -2.6667, 11.0, -2.6667, 11.0, -3.3333, 11.0, -3.0, 11.6667, -3.6667, 11.6667, -3.6667, 11.6667, -3.6667, 12.6667, -3.6667, 13.3333, -3.3333, 13.6667, -4.0, 13.6667, -6.6667, 47.6667, -18.6667, 46.6667, -18.3333, 45.6667, -18.0, 45.3333, -17.6667, 44.0, -17.3333, 43.6667, -17.0, 42.6667, -17.3333, 42.6667, -18.0, 42.0, -18.3333, 40.0, -18.6667, 39.0, -19.3333, 38.0, -19.6667, 38.0, -19.3333, 38.0, -19.3333, 38.0, -19.3333, 37.0, -19.3333, 37.0, -19.0, 37.0, -18.3333, 37.0, -17.3333, 37.0, -17.3333, 36.3333, -15.6667, 34.6667, -15.6667, 33.0, -14.3333, 31.6667, -14.0, 30.0, -12.3333, 28.6667, -11.3333, 24.3333, -12.0, 23.3333, -11.3333, 4.0, -2.0, 0.3333, -1.0, -1.0, -0.3333, -1.0, -0.3333, -1.0, -0.3333, 1.0, -1.3333, 4.0, -3.6667, 25.0, -17.6667, 27.0, -16.6667, 32.0, -14.3333, 34.0, -14.0, 35.0, -13.3333, 35.6667, -13.3333, 36.6667, -13.6667, 36.6667, -13.3333, 37.3333, -13.3333, 37.6667, -12.3333, 37.3333, -12.0, 37.6667, -12.3333, 38.6667, -12.6667, 39.0, -12.0, 39.0, -12.0, 39.3333, -12.0, 38.6667, -12.0, 39.0, -12.6667, 38.6667, -12.3333, 39.3333, -12.6667, 40.0, -13.6667, 41.6667, -14.0, 42.3333, -15.3333, 44.0, -15.6667, 44.3333, -15.6667, 45.0, -16.6667, 47.0, -17.3333, 48.0, -17.6667]",23.532816,17.95299,91.760558
30,30,5c:01:3b:6b:b0:95,-44,256,"[86.0, -32.0, 4.0, 0.0, 3.3333, -0.3333, 3.3333, -0.3333, 3.6667, 0.0, 4.0, 0.0, 4.0, 0.0, 4.0, 0.3333, 4.0, 0.3333, 3.6667, 0.3333, 3.6667, 0.0, 3.0, 0.0, 3.0, 0.3333, 3.0, -0.3333, 3.0, -0.3333, 3.0, 0.0, 3.0, 0.0, 3.0, 0.0, 3.0, 0.3333, 3.3333, 0.0, 3.3333, 0.0, 3.3333, 0.0, 2.6667, 0.0, 2.6667, -0.3333, 2.3333, -0.3333, 2.3333, -0.6667, 2.3333, -0.6667, -0.3333, -0.3333, 0.0, 0.0, 0.0, 0.0, 0.0, 0.0, 0.0, 0.0, 0.0, 0.0, 0.0, 0.0, 0.0, 0.0, 0.0, 0.0, 0.0, 0.0, 0.6667, -0.6667, 2.3333, 0.0, 3.0, 0.0, 2.6667, 0.0, 3.3333, 0.0, 3.0, -0.3333, 3.0, -0.6667, 3.0, -0.6667, 2.0, -0.6667, 2.0, -1.3333, 2.6667, -1.3333, 2.6667, -1.6667, 2.6667, -1.6667, 2.6667, -1.6667, 2.6667, -1.6667, 2.3333, -1.3333, 2.6667, -1.3333, 2.6667, -1.3333, 2.6667, -1.0, 2.6667, -1.3333, 2.6667, -0.6667, 3.0, -1.0, 3.0, -0.6667, 3.0, -0.6667, 3.6667, -0.3333, 4.0, 0.0, 4.0, -0.3333, 3.3333, -2.6667, 12.6667, -5.6667, 12.0, -5.6667, 12.0, -5.6667, 12.3333, -5.3333, 12.3333, -5.0, 12.3333, -4.3333, 12.3333, -4.3333, 13.0, -4.3333, 13.3333, -3.6667, 12.3333, -3.3333, 12.0, -2.6667, 11.6667, -2.3333, 11.6667, -2.0, 11.6667, -1.6667, 11.6667, -1.6667, 11.0, -2.0, 11.3333, -2.3333, 11.3333, -2.3333, 11.3333, -2.6667, 11.6667, -3.3333, 11.0, -3.3333, 10.3333, -4.0, 9.3333, -4.0, 8.3333, -4.3333, 7.3333, -4.3333, 6.3333, -4.3333, 2.6667, -6.3333, 1.6667, -7.0, 0.0, -1.6667, -0.6667, -1.0, -0.6667, -0.6667, -0.6667, -0.6667, -0.6667, -0.6667, 0.0, -0.6667, 0.6667, -1.0, 7.0, -2.3333, 7.6667, -2.3333, 10.3333, -2.0, 11.0, -2.6667, 10.3333, -3.3333, 9.6667, -4.0, 9.3333, -4.6667, 8.0, -5.3333, 7.6667, -6.0, 7.6667, -6.3333, 6.6667, -6.6667, 6.6667, -7.3333, 7.0, -7.6667, 6.6667, -7.3333, 6.6667, -7.3333, 6.6667, -7.3333, 6.0, -7.3333, 6.6667, -7.6667, 7.0, -7.0, 7.6667, -6.6667, 8.0, -6.6667, 9.0, -6.3333, 9.6667, -6.6667, 10.6667, -6.3333, 11.3333, -5.6667, 11.6667, -5.3333, 12.3333, -5.3333, 13.0, -5.3333]",6.936496,8.772617,91.760558
31,31,5c:01:3b:6b:b0:95,-40,256,"[86.0, -32.0, 4.0, 0.0, -5.3333, 2.6667, -5.3333, 2.6667, -4.6667, 3.0, -4.3333, 3.0, -4.3333, 3.6667, -4.0, 4.0, -4.0, 4.0, -4.0, 4.0, -4.0, 3.6667, -4.3333, 3.6667, -4.3333, 4.3333, -4.3333, 4.0, -4.3333, 4.0, -4.0, 4.3333, -4.3333, 4.3333, -4.3333, 4.3333, -4.0, 4.3333, -3.6667, 3.6667, -3.6667, 3.6667, -3.6667, 3.0, -3.6667, 2.6667, -3.6667, 2.0, -3.6667, 1.6667, -3.3333, 1.3333, -3.3333, 0.6667, -1.6667, 0.0, 0.0, 0.0, 0.0, 0.0, 0.0, 0.0, 0.0, 0.0, 0.0, 0.0, 0.0, 0.0, 0.0, 0.0, 0.0, 0.0, 0.0, 0.0, -1.0, 0.0, -3.3333, 3.0, -3.3333, 2.6667, -3.6667, 2.6667, -3.3333, 2.6667, -4.0, 1.6667, -4.0, 1.3333, -4.0, 1.3333, -5.0, 1.0, -5.0, 0.0, -4.6667, 0.0, -4.6667, -1.0, -4.6667, -1.0, -4.6667, -1.0, -4.6667, -1.0, -5.3333, -0.3333, -4.6667, 0.0, -4.6667, 0.0, -4.6667, 0.3333, -4.6667, 0.3333, -4.6667, 1.3333, -5.0, 1.3333, -5.0, 1.6667, -5.0, 1.6667, -4.6667, 2.0, -5.0, 2.6667, -5.0, 2.6667, -6.3333, 0.6667, -19.6667, 5.6667, -20.0, 5.0, -19.0, 4.3333, -18.3333, 5.0, -17.6667, 5.6667, -17.3333, 6.6667, -16.6667, 7.3333, -16.0, 7.6667, -15.3333, 9.0, -15.3333, 10.0, -15.6667, 12.0, -15.6667, 13.0, -15.6667, 13.6667, -15.3333, 14.0, -15.0, 14.0, -15.3333, 13.6667, -15.0, 12.6667, -14.6667, 12.3333, -14.6667, 11.0, -14.0, 9.3333, -14.0, 8.0, -13.6667, 6.3333, -13.6667, 4.6667, -13.6667, 3.6667, -13.3333, 2.3333, -13.3333, 1.3333, -14.6667, -3.3333, -14.6667, -5.3333, -3.0, -1.6667, -1.3333, -1.0, -0.3333, -1.0, -0.3333, -1.0, -0.3333, -1.0, -1.0, 0.0, -2.6667, 1.3333, -12.3333, 10.0, -12.3333, 9.0, -11.6667, 8.6667, -12.0, 7.3333, -13.3333, 5.3333, -14.6667, 3.6667, -15.3333, 2.6667, -17.0, 1.3333, -17.6667, -0.3333, -17.6667, -1.6667, -18.6667, -2.6667, -18.6667, -3.6667, -19.0, -4.3333, -19.6667, -4.3333, -19.6667, -4.3333, -19.6667, -4.3333, -20.0, -4.3333, -19.6667, -4.3333, -19.0, -3.3333, -18.6667, -2.3333, -19.0, -1.3333, -19.0, -0.3333, -18.6667, 0.0, -18.6667, 1.0, -18.3333, 2.6667, -18.6667, 4.0, -19.3333, 4.3333, -19.0, 5.0]",10.816505,10.196835,91.760558
32,32,5c:01:3b:6b:b0:95,-43,256,"[86.0, -32.0, 4.0, 0.0, -14.0, 3.3333, -14.0, 3.3333, -13.0, 4.0, -12.6667, 4.0, -12.6667, 4.3333, -12.0, 5.0, -12.0, 5.0, -11.6667, 5.3333, -11.6667, 5.0, -11.6667, 5.3333, -11.6667, 5.6667, -11.6667, 5.6667, -11.6667, 5.6667, -11.0, 6.0, -11.6667, 6.0, -11.6667, 5.6667, -11.0, 5.3333, -10.6667, 5.0, -10.6667, 4.6667, -10.6667, 4.0, -10.0, 3.3333, -10.0, 3.0, -9.6667, 2.3333, -9.0, 1.6667, -9.0, 1.3333, -3.0, 0.0, 0.0, 0.0, 0.0, 0.0, 0.0, 0.0, 0.0, 0.0, 0.0, 0.0, 0.0, 0.0, 0.0, 0.0, 0.0, 0.0, 0.0, 0.0, -2.6667, 0.3333, -9.0, 4.0, -9.6667, 3.6667, -10.0, 3.3333, -10.0, 3.3333, -11.0, 2.3333, -11.0, 1.6667, -11.0, 1.6667, -11.6667, 1.0, -11.6667, 0.0, -12.0, 0.0, -12.0, -1.0, -12.0, -1.0, -12.0, -1.0, -12.0, -1.0, -12.3333, -0.6667, -12.0, 0.0, -12.0, 0.0, -12.0, 0.6667, -12.0, 0.6667, -12.0, 1.6667, -12.6667, 1.6667, -12.6667, 2.3333, -13.0, 2.3333, -13.0, 3.0, -13.6667, 3.3333, -13.6667, 3.3333, -16.0, 1.3333, -51.6667, 7.3333, -51.6667, 7.0, -50.0, 6.6667, -49.0, 7.0, -47.6667, 7.3333, -47.0, 8.3333, -45.6667, 8.6667, -45.0, 9.3333, -44.0, 11.0, -43.0, 12.0, -42.6667, 14.0, -42.0, 15.0, -42.0, 15.3333, -41.6667, 16.0, -41.3333, 16.0, -41.3333, 15.3333, -40.6667, 14.3333, -40.3333, 13.6667, -40.3333, 12.0, -39.3333, 10.6667, -39.0, 9.0, -37.3333, 7.6667, -36.3333, 6.3333, -35.3333, 5.3333, -34.0, 3.6667, -32.6667, 2.6667, -31.6667, -0.6667, -30.6667, -2.6667, -6.0, -1.3333, -2.0, -1.0, 0.0, -1.0, 0.0, -1.0, 0.0, -1.0, -2.0, 0.3333, -6.0, 2.0, -30.3333, 13.0, -31.6667, 12.0, -33.3333, 10.3333, -35.0, 8.6667, -37.0, 6.6667, -38.6667, 5.3333, -39.6667, 4.3333, -41.3333, 2.6667, -42.3333, 1.3333, -42.3333, -0.3333, -43.3333, -1.3333, -43.3333, -2.3333, -44.3333, -2.6667, -45.3333, -2.6667, -45.0, -2.6667, -45.0, -2.6667, -45.0, -2.6667, -45.3333, -2.6667, -44.6667, -1.6667, -44.6667, -0.6667, -45.6667, 0.3333, -46.3333, 1.3333, -46.6667, 2.0, -47.6667, 3.0, -48.0, 4.3333, -49.0, 6.0, -50.6667, 6.6667, -50.6667, 7.0]",24.746337,18.427925,91.760558
33,33,5c:01:3b:6b:b0:95,-39,256,"[86.0, -32.0, 4.0, 0.0, -14.0, 1.3333, -14.0, 1.3333, -13.0, 2.0, -13.0, 2.0, -13.0, 2.3333, -12.0, 2.6667, -12.0, 2.6667, -12.0, 3.3333, -12.0, 3.3333, -12.0, 3.6667, -12.0, 4.3333, -12.0, 4.6667, -12.0, 4.6667, -11.0, 4.6667, -12.0, 4.6667, -12.0, 4.3333, -11.0, 4.0, -11.0, 3.3333, -11.0, 3.0, -11.0, 2.0, -10.0, 1.6667, -10.0, 1.3333, -10.0, 1.0, -9.0, 0.6667, -9.0, 0.0, -3.0, -0.3333, 0.0, 0.0, 0.0, 0.0, 0.0, 0.0, 0.0, 0.0, 0.0, 0.0, 0.0, 0.0, 0.0, 0.0, 0.0, 0.0, 0.0, 0.0, -3.0, 0.3333, -9.0, 2.6667, -10.0, 2.0, -10.0, 1.6667, -10.0, 1.3333, -11.0, 0.6667, -11.0, 0.3333, -11.0, 0.0, -11.3333, -0.3333, -11.3333, -1.3333, -12.0, -1.3333, -12.0, -2.0, -12.0, -2.0, -12.0, -2.0, -12.0, -2.0, -11.6667, -2.0, -12.0, -1.3333, -12.0, -1.3333, -12.0, -1.0, -12.0, -0.6667, -12.0, 0.0, -12.3333, 0.0, -12.3333, 0.3333, -13.0, 0.6667, -13.0, 1.0, -13.3333, 1.3333, -13.3333, 1.3333, -15.0, 0.0, -47.6667, 2.6667, -47.3333, 2.3333, -46.0, 2.0, -45.0, 2.3333, -44.3333, 3.0, -43.6667, 4.0, -43.0, 4.3333, -42.3333, 5.3333, -41.6667, 6.6667, -41.3333, 8.0, -41.6667, 9.6667, -41.3333, 10.6667, -41.6667, 11.3333, -41.3333, 11.6667, -41.0, 11.6667, -40.6667, 11.3333, -40.3333, 10.3333, -39.6667, 9.6667, -39.3333, 8.3333, -38.0, 6.6667, -37.3333, 5.3333, -35.6667, 4.3333, -34.3333, 3.0, -33.0, 2.0, -31.3333, 0.6667, -29.6667, -0.3333, -28.0, -3.3333, -26.6667, -5.3333, -5.3333, -1.6667, -1.6667, -1.0, 0.0, -1.0, 0.0, -1.0, 0.0, -1.0, -2.0, 0.3333, -6.0, 1.6667, -30.6667, 9.3333, -31.0, 8.3333, -32.3333, 6.3333, -33.0, 4.6667, -34.3333, 2.3333, -35.3333, 1.0, -36.0, -0.3333, -36.6667, -1.6667, -37.3333, -3.3333, -37.0, -5.0, -37.6667, -5.6667, -37.3333, -6.6667, -38.0, -7.0, -38.6667, -7.3333, -38.3333, -7.3333, -38.3333, -7.3333, -38.6667, -7.3333, -39.0, -7.3333, -38.6667, -6.3333, -39.0, -5.3333, -40.3333, -4.6667, -41.0, -3.6667, -42.0, -3.0, -43.0, -1.6667, -43.6667, -0.3333, -44.6667, 1.0, -46.0, 1.3333, -46.3333, 1.6667]",23.017877,16.848624,91.760558
34,34,5c:01:3b:6b:b0:95,-44,256,"[86.0, -32.0, 4.0, 0.0, -10.3333, 9.6667, -10.3333, 9.3333, -9.3333, 9.6667, -9.3333, 9.6667, -9.3333, 9.3333, -8.3333, 9.6667, -8.0, 9.3333, -7.6667, 9.6667, -7.3333, 9.6667, -7.3333, 9.6667, -7.3333, 10.0, -7.3333, 10.3333, -7.0, 10.3333, -6.0, 10.3333, -6.6667, 10.3333, -7.0, 10.0, -6.3333, 9.6667, -6.6667, 9.3333, -6.6667, 8.6667, -7.0, 8.0, -6.6667, 7.3333, -7.0, 7.0, -7.0, 6.6667, -6.6667, 6.3333, -6.6667, 5.6667, -2.3333, 1.0, 0.0, 0.0, 0.0, 0.0, 0.0, 0.0, 0.0, 0.0, 0.0, 0.0, 0.0, 0.0, 0.0, 0.0, 0.0, 0.0, 0.0, 0.0, -2.0, 1.6667, -6.0, 7.6667, -7.0, 7.3333, -7.3333, 7.3333, -7.6667, 7.3333, -8.6667, 7.3333, -9.0, 7.0, -9.3333, 7.0, -9.6667, 6.6667, -9.6667, 6.0, -10.6667, 6.3333, -11.0, 6.0, -11.0, 6.0, -11.0, 6.0, -11.0, 6.0, -10.0, 6.0, -10.6667, 6.3333, -10.3333, 6.3333, -10.3333, 6.6667, -10.0, 7.3333, -10.0, 7.6667, -9.6667, 8.0, -9.6667, 8.3333, -10.3333, 8.6667, -10.3333, 9.3333, -10.0, 9.6667, -10.0, 10.0, -10.6667, 5.3333, -32.6667, 18.6667, -32.3333, 18.3333, -31.3333, 18.0, -30.6667, 17.6667, -30.0, 17.6667, -29.3333, 18.0, -28.6667, 17.6667, -28.0, 18.3333, -27.0, 18.6667, -26.3333, 19.3333, -25.6667, 20.0, -25.0, 20.6667, -25.0, 21.0, -25.0, 21.6667, -25.0, 21.3333, -25.0, 21.0, -25.0, 20.3333, -25.0, 19.6667, -25.0, 18.6667, -24.3333, 17.3333, -24.3333, 15.6667, -23.3333, 14.6667, -22.6667, 13.6667, -21.6667, 12.6667, -21.0, 11.3333, -20.3333, 10.6667, -20.0, 9.3333, -19.6667, 7.6667, -4.0, 0.6667, -1.3333, -0.3333, 0.0, -1.0, -0.3333, -1.0, -0.3333, -1.0, -1.3333, 0.6667, -3.6667, 3.0, -17.6667, 17.3333, -18.6667, 17.0, -21.0, 15.3333, -22.0, 14.3333, -23.3333, 13.3333, -24.6667, 13.0, -25.3333, 12.6667, -26.3333, 12.0, -27.0, 11.0, -27.3333, 10.0, -28.0, 10.0, -27.6667, 9.3333, -28.0, 9.6667, -28.3333, 9.3333, -28.3333, 9.3333, -28.3333, 9.6667, -28.6667, 9.6667, -29.0, 9.6667, -28.6667, 10.3333, -28.6667, 11.0, -29.6667, 11.3333, -29.6667, 12.3333, -30.3333, 13.3333, -30.3333, 14.6667, -30.6667, 15.3333, -30.6667, 17.0, -31.3333, 17.6667, -31.3333, 17.6667]",19.147453,13.194526,91.760558
35,35,5c:01:3b:6b:b0:95,-44,256,"[86.0, -32.0, 4.0, 0.0, -4.6667, 2.0, -4.6667, 1.6667, -4.0, 2.0, -3.6667, 2.3333, -3.6667, 2.3333, -3.0, 2.3333, -2.3333, 2.3333, -2.0, 2.6667, -2.0, 2.6667, -2.0, 2.6667, -2.0, 3.3333, -2.3333, 3.3333, -2.0, 3.3333, -1.3333, 3.3333, -1.6667, 3.3333, -2.0, 3.3333, -1.3333, 3.3333, -1.6667, 2.6667, -1.6667, 2.3333, -1.6667, 2.0, -1.6667, 1.6667, -2.3333, 1.3333, -2.6667, 1.3333, -2.6667, 1.3333, -3.0, 0.6667, -1.3333, -0.3333, 0.0, 0.0, 0.0, 0.0, 0.0, 0.0, 0.0, 0.0, 0.0, 0.0, 0.0, 0.0, 0.0, 0.0, 0.0, 0.0, 0.0, 0.0, -1.0, 0.3333, -2.0, 2.0, -2.6667, 1.6667, -3.3333, 1.3333, -4.0, 1.0, -5.0, 1.0, -5.3333, 0.6667, -6.0, 0.3333, -6.3333, 0.6667, -6.6667, 0.0, -7.6667, 0.3333, -8.0, 0.3333, -8.3333, 0.3333, -8.3333, 0.3333, -8.3333, 0.3333, -7.3333, 0.3333, -7.6667, 0.3333, -7.0, 0.3333, -7.0, 0.3333, -6.3333, 0.6667, -6.0, 0.6667, -5.6667, 1.0, -5.3333, 1.0, -5.6667, 1.3333, -5.6667, 1.6667, -5.0, 1.6667, -5.0, 2.0, -5.0, 0.6667, -14.3333, 3.0, -14.0, 2.6667, -13.3333, 2.6667, -13.0, 2.6667, -12.3333, 3.3333, -11.6667, 3.6667, -11.3333, 4.0, -10.6667, 4.6667, -9.3333, 5.0, -8.3333, 5.6667, -8.3333, 6.0, -8.3333, 6.6667, -8.3333, 7.0, -8.3333, 7.6667, -8.3333, 7.3333, -8.0, 7.3333, -8.0, 7.0, -8.0, 6.6667, -8.0, 6.3333, -8.3333, 5.0, -8.6667, 4.0, -8.6667, 3.3333, -8.6667, 2.6667, -8.3333, 2.0, -8.3333, 1.3333, -9.0, 1.3333, -10.0, 1.6667, -10.6667, 1.3333, -2.3333, -0.3333, -1.0, -0.3333, -0.3333, -0.6667, -0.6667, -0.6667, -0.6667, -0.6667, -0.6667, 0.0, -1.3333, 0.6667, -6.0, 5.6667, -5.6667, 5.0, -7.6667, 3.6667, -8.6667, 2.6667, -10.0, 1.6667, -11.6667, 0.6667, -12.3333, 0.3333, -13.6667, 0.3333, -14.6667, -0.3333, -15.6667, -0.6667, -16.0, -0.3333, -15.6667, -0.6667, -15.6667, -0.6667, -15.6667, -1.0, -16.0, -1.0, -16.3333, -0.6667, -16.6667, -0.6667, -16.6667, -1.0, -16.0, -0.3333, -15.6667, 0.0, -16.0, -0.3333, -15.6667, 0.0, -15.6667, 0.3333, -14.6667, 1.0, -14.0, 1.0, -13.3333, 1.6667, -13.3333, 1.6667, -13.0, 1.6667]",8.235392,8.91211,91.760558
36,36,5c:01:3b:6b:b0:95,-43,256,"[86.0, -32.0, 4.0, 0.0, 1.0, 7.0, 1.0, 6.3333, 1.3333, 6.3333, 2.0, 6.3333, 2.0, 6.3333, 2.3333, 6.3333, 3.3333, 6.3333, 3.6667, 6.0, 3.3333, 6.0, 3.3333, 6.0, 3.3333, 6.3333, 3.0, 6.3333, 3.3333, 6.3333, 3.6667, 6.3333, 3.6667, 6.3333, 3.3333, 6.3333, 3.6667, 6.3333, 3.3333, 6.0, 3.3333, 5.3333, 3.6667, 5.3333, 3.3333, 5.0, 2.3333, 4.3333, 1.6667, 4.3333, 1.3333, 4.3333, 0.6667, 4.0, -0.3333, 0.6667, 0.0, 0.0, 0.0, 0.0, 0.0, 0.0, 0.0, 0.0, 0.0, 0.0, 0.0, 0.0, 0.0, 0.0, 0.0, 0.0, 0.0, 0.0, 0.0, 0.6667, 2.0, 5.0, 1.6667, 4.6667, 0.6667, 4.6667, -0.3333, 4.6667, -1.0, 5.0, -1.6667, 4.6667, -2.3333, 4.6667, -2.6667, 5.3333, -3.3333, 5.0, -4.0, 5.3333, -4.3333, 5.3333, -4.6667, 5.3333, -4.6667, 5.3333, -4.6667, 5.6667, -4.0, 5.6667, -4.0, 5.3333, -3.3333, 5.3333, -3.0, 5.3333, -2.3333, 5.6667, -2.0, 5.6667, -1.6667, 6.0, -1.0, 6.0, -1.0, 6.0, -1.0, 6.3333, 0.0, 6.6667, 0.0, 7.0, -0.3333, 6.3333, 0.3333, 21.3333, 0.3333, 20.6667, 0.6667, 20.6667, 0.6667, 20.0, 1.6667, 20.0, 2.6667, 19.6667, 3.0, 19.6667, 4.0, 19.6667, 6.0, 19.3333, 8.0, 19.0, 8.3333, 18.6667, 8.6667, 18.6667, 9.0, 18.6667, 9.0, 19.6667, 9.3333, 19.0, 9.3333, 19.0, 9.0, 19.0, 8.3333, 19.0, 8.0, 19.0, 6.3333, 17.6667, 5.3333, 16.6667, 4.3333, 15.3333, 3.3333, 14.6667, 2.6667, 14.0, 1.6667, 13.6667, -0.3333, 13.6667, -3.3333, 14.3333, -5.3333, 14.3333, -1.3333, 2.0, -1.0, 0.3333, -0.6667, -0.6667, -1.0, -0.6667, -1.0, -0.6667, 0.0, 0.3333, 1.0, 2.0, 6.3333, 14.3333, 6.6667, 14.0, 4.6667, 14.3333, 2.6667, 14.3333, 0.6667, 15.0, -1.6667, 15.0, -2.6667, 15.6667, -5.0, 16.6667, -6.3333, 17.0, -8.3333, 17.6667, -9.0, 18.3333, -9.0, 18.3333, -9.0, 18.3333, -9.0, 18.3333, -9.3333, 18.6667, -10.0, 19.0, -10.0, 19.0, -10.0, 19.0, -9.0, 19.0, -8.0, 19.0, -7.3333, 18.6667, -6.3333, 19.0, -5.3333, 19.3333, -3.3333, 19.3333, -1.6667, 19.3333, -0.3333, 20.0, 0.3333, 20.3333, 1.3333, 20.3333]",11.676029,10.283197,91.760558
37,37,5c:01:3b:6b:b0:95,-39,256,"[86.0, -32.0, 4.0, 0.0, 5.0, 2.3333, 4.6667, 1.6667, 4.6667, 2.0, 5.3333, 1.6667, 5.0, 2.0, 5.0, 2.0, 5.3333, 2.3333, 5.0, 2.0, 4.0, 2.0, 4.0, 2.3333, 4.0, 2.6667, 3.6667, 2.6667, 3.6667, 2.6667, 3.6667, 2.6667, 3.6667, 2.6667, 3.6667, 2.6667, 4.0, 2.6667, 4.0, 2.3333, 4.0, 1.6667, 5.0, 1.6667, 5.0, 1.6667, 4.6667, 1.0, 3.6667, 1.0, 4.0, 1.0, 3.3333, 1.0, 0.3333, 0.0, 0.0, 0.0, 0.0, 0.0, 0.0, 0.0, 0.0, 0.0, 0.0, 0.0, 0.0, 0.0, 0.0, 0.0, 0.0, 0.0, 0.0, 0.0, 0.0, -0.3333, 3.0, 1.6667, 3.3333, 1.3333, 3.0, 1.3333, 2.3333, 1.0, 2.3333, 1.3333, 2.3333, 1.0, 2.3333, 0.6667, 2.6667, 1.6667, 2.3333, 1.3333, 2.0, 1.3333, 2.3333, 1.3333, 2.0, 1.3333, 2.3333, 1.3333, 2.3333, 2.0, 2.3333, 2.0, 2.3333, 1.3333, 2.3333, 1.3333, 2.6667, 1.3333, 3.0, 1.6667, 3.3333, 1.6667, 3.0, 1.6667, 3.6667, 1.6667, 3.6667, 1.6667, 3.6667, 1.6667, 4.6667, 2.0, 4.6667, 2.0, 2.6667, 4.6667, 9.3333, 16.0, 9.3333, 15.6667, 9.0, 16.0, 9.0, 15.3333, 9.3333, 15.0, 9.6667, 14.6667, 9.3333, 14.3333, 9.6667, 14.3333, 10.3333, 14.0, 11.0, 13.6667, 10.6667, 13.0, 11.0, 13.0, 11.0, 12.6667, 11.0, 13.3333, 11.6667, 13.0, 12.0, 13.0, 11.6667, 13.3333, 11.0, 13.3333, 11.3333, 13.3333, 10.0, 12.6667, 9.6667, 12.3333, 9.0, 11.6667, 8.3333, 11.0, 7.6667, 11.0, 7.3333, 11.0, 6.0, 11.0, 5.0, 12.6667, 3.0, 13.3333, 0.0, 2.0, -0.6667, 0.3333, -1.0, -0.6667, -1.0, -0.6667, -1.0, -0.6667, 0.0, 0.0, 1.0, 1.0, 6.6667, 9.3333, 8.0, 9.3333, 7.6667, 9.3333, 7.0, 9.6667, 6.3333, 10.6667, 5.3333, 11.0, 5.3333, 12.0, 4.6667, 13.3333, 4.3333, 14.3333, 3.3333, 15.0, 3.3333, 16.0, 3.6667, 16.0, 3.6667, 16.0, 4.0, 16.3333, 4.3333, 16.6667, 3.6667, 17.0, 3.6667, 16.6667, 3.6667, 16.6667, 4.0, 16.3333, 4.3333, 16.3333, 5.0, 16.0, 5.3333, 15.6667, 5.6667, 15.6667, 7.0, 15.3333, 8.0, 15.0, 8.6667, 15.3333, 9.3333, 15.3333, 10.0, 15.6667]",9.451863,9.873459,91.760558
38,38,5c:01:3b:6b:b0:95,-39,256,"[86.0, -32.0, 4.0, 0.0, 9.6667, 14.6667, 9.3333, 13.6667, 9.3333, 13.6667, 9.6667, 12.6667, 9.3333, 12.3333, 9.3333, 12.0, 9.3333, 12.0, 9.0, 11.0, 8.3333, 10.6667, 8.6667, 10.6667, 8.6667, 10.3333, 8.6667, 10.3333, 9.0, 10.3333, 9.0, 10.3333, 9.0, 10.3333, 8.6667, 10.3333, 8.6667, 10.6667, 8.3333, 10.6667, 8.0, 10.0, 8.3333, 10.0, 8.0, 10.0, 7.3333, 9.3333, 6.6667, 9.3333, 6.6667, 9.3333, 6.0, 9.3333, 1.0, 2.3333, 0.0, 0.0, 0.0, 0.0, 0.0, 0.0, 0.0, 0.0, 0.0, 0.0, 0.0, 0.0, 0.0, 0.0, 0.0, 0.0, 0.0, 0.0, 1.0, 1.3333, 6.6667, 8.3333, 7.0, 8.6667, 7.0, 9.6667, 6.6667, 10.0, 7.0, 11.0, 7.0, 11.3333, 7.3333, 11.6667, 7.3333, 12.6667, 7.3333, 13.0, 7.0, 13.3333, 7.3333, 13.6667, 7.3333, 13.6667, 7.6667, 13.6667, 7.6667, 14.3333, 7.3333, 14.3333, 7.6667, 13.6667, 7.3333, 13.3333, 7.6667, 13.3333, 8.0, 14.0, 8.0, 13.6667, 8.0, 13.6667, 8.6667, 13.6667, 8.6667, 13.6667, 9.0, 14.0, 10.0, 14.6667, 10.3333, 14.6667, 6.0, 12.3333, 20.3333, 40.6667, 20.0, 40.3333, 19.3333, 40.3333, 19.3333, 39.0, 19.3333, 37.3333, 19.3333, 36.3333, 19.0, 34.6667, 19.0, 34.0, 19.0, 32.3333, 19.0, 31.3333, 19.3333, 29.6667, 20.0, 29.3333, 20.3333, 28.6667, 20.3333, 29.0, 21.0, 28.6667, 21.0, 28.6667, 20.0, 29.3333, 19.0, 29.3333, 18.6667, 29.3333, 17.6667, 29.3333, 17.0, 29.0, 16.0, 28.3333, 15.0, 27.3333, 14.3333, 27.6667, 13.6667, 27.6667, 12.3333, 27.3333, 11.0, 28.6667, 9.0, 29.0, 1.0, 5.0, -0.3333, 1.0, -1.0, -1.0, -1.0, -1.0, -1.0, -1.0, 0.3333, 0.3333, 2.3333, 3.0, 14.3333, 21.0, 14.6667, 22.3333, 15.0, 23.3333, 14.6667, 25.0, 14.6667, 27.6667, 14.3333, 29.6667, 14.6667, 32.0, 14.3333, 34.0, 14.6667, 35.6667, 14.0, 36.6667, 14.0, 38.3333, 14.3333, 38.3333, 14.3333, 39.0, 14.6667, 39.6667, 15.0, 40.0, 14.6667, 40.6667, 14.6667, 40.0, 14.6667, 40.3333, 15.0, 39.3333, 15.0, 39.3333, 15.6667, 39.3333, 16.0, 39.0, 16.6667, 39.3333, 17.6667, 39.3333, 18.3333, 39.0, 19.0, 40.0, 20.0, 40.3333, 20.6667, 41.0]",23.233942,15.68917,91.760558
39,39,5c:01:3b:6b:b0:95,-44,256,"[86.0, -32.0, 4.0, 0.0, 14.3333, 17.0, 14.0, 16.3333, 14.0, 16.0, 14.0, 15.0, 13.6667, 14.6667, 13.6667, 14.0, 13.3333, 13.6667, 13.0, 12.6667, 12.6667, 12.3333, 13.3333, 12.0, 13.3333, 11.6667, 13.3333, 11.3333, 14.0, 11.6667, 14.0, 11.3333, 14.0, 11.6667, 13.3333, 11.6667, 13.3333, 12.0, 12.6667, 12.0, 12.0, 11.6667, 11.6667, 11.6667, 11.0, 11.6667, 10.0, 11.3333, 9.6667, 11.3333, 9.3333, 11.3333, 8.6667, 11.3333, 1.6667, 2.6667, 0.0, 0.0, 0.0, 0.0, 0.0, 0.0, 0.0, 0.0, 0.0, 0.0, 0.0, 0.0, 0.0, 0.0, 0.0, 0.0, 0.0, 0.0, 2.0, 1.6667, 10.3333, 9.3333, 10.6667, 10.0, 11.0, 11.0, 11.0, 11.6667, 11.3333, 12.6667, 11.6667, 13.6667, 12.0, 14.3333, 11.6667, 15.0, 12.0, 15.6667, 11.3333, 16.3333, 11.6667, 17.0, 11.6667, 17.0, 12.0, 17.0, 12.0, 17.3333, 11.6667, 17.3333, 12.3333, 16.6667, 12.0, 16.3333, 12.0, 16.3333, 12.6667, 16.6667, 12.6667, 16.3333, 13.0, 16.3333, 13.6667, 16.3333, 13.6667, 16.3333, 14.3333, 16.6667, 15.3333, 17.3333, 16.0, 17.6667, 9.3333, 11.0, 31.3333, 36.0, 30.6667, 36.0, 29.6667, 36.0, 29.6667, 35.0, 29.3333, 33.0, 29.0, 32.0, 28.6667, 30.0, 28.3333, 29.0, 27.6667, 27.0, 27.0, 26.0, 27.6667, 24.0, 28.0, 24.0, 28.6667, 23.0, 28.6667, 23.0, 29.0, 23.0, 29.0, 23.0, 28.0, 24.0, 27.0, 24.0, 26.0, 24.0, 25.3333, 25.0, 24.3333, 25.0, 23.0, 25.0, 21.6667, 24.0, 21.0, 25.0, 20.0, 25.0, 18.6667, 25.0, 17.0, 27.0, 15.0, 28.0, 2.0, 5.0, 0.0, 1.0, -1.0, -1.0, -1.0, -1.0, -1.0, -1.0, 0.6667, 0.0, 3.6667, 2.0, 21.6667, 16.0, 21.3333, 18.0, 22.3333, 19.0, 22.3333, 21.0, 23.0, 24.0, 23.3333, 26.0, 24.0, 29.0, 24.0, 31.0, 24.6667, 33.0, 24.3333, 34.0, 24.6667, 36.0, 25.0, 36.0, 25.0, 37.0, 25.3333, 38.0, 25.6667, 38.0, 25.6667, 39.0, 25.6667, 38.0, 25.6667, 38.0, 26.0, 37.0, 25.6667, 37.0, 26.3333, 37.0, 26.6667, 36.0, 27.6667, 36.0, 28.3333, 36.0, 28.6667, 35.0, 29.3333, 36.0, 30.6667, 36.0, 31.3333, 37.0]",25.89847,15.68287,91.760558
40,40,5c:01:3b:6b:b0:95,-44,256,"[86.0, -32.0, 4.0, 0.0, 12.3333, 19.3333, 12.3333, 19.0, 12.3333, 18.3333, 12.3333, 17.3333, 12.6667, 17.0, 12.6667, 16.0, 13.0, 15.3333, 13.3333, 14.3333, 13.6667, 14.0, 14.3333, 13.3333, 14.3333, 13.0, 14.3333, 12.3333, 15.0, 13.0, 15.0, 12.3333, 15.3333, 13.0, 14.3333, 13.0, 14.3333, 13.3333, 13.3333, 13.3333, 12.3333, 13.3333, 11.3333, 13.3333, 10.3333, 13.3333, 8.6667, 13.3333, 8.6667, 13.3333, 8.0, 13.3333, 7.0, 13.3333, 1.3333, 3.0, 0.0, 0.0, 0.0, 0.0, 0.0, 0.0, 0.0, 0.0, 0.0, 0.0, 0.0, 0.0, 0.0, 0.0, 0.0, 0.0, 0.0, 0.0, 2.3333, 2.0, 11.0, 10.3333, 11.0, 11.3333, 10.6667, 12.3333, 10.3333, 13.3333, 10.3333, 14.3333, 10.0, 16.0, 9.6667, 17.0, 8.6667, 17.3333, 8.3333, 18.3333, 8.0, 19.3333, 8.0, 20.3333, 8.3333, 20.3333, 8.3333, 20.3333, 8.0, 20.3333, 8.0, 20.3333, 8.3333, 19.6667, 8.3333, 19.3333, 8.6667, 19.3333, 9.3333, 19.3333, 9.3333, 19.0, 10.3333, 19.0, 11.0, 19.0, 11.3333, 19.0, 12.3333, 19.3333, 13.0, 20.0, 13.6667, 20.6667, 7.3333, 10.3333, 25.0, 35.0, 24.0, 35.0, 23.6667, 34.6667, 23.6667, 33.6667, 23.6667, 31.6667, 24.0, 30.6667, 24.3333, 28.6667, 24.6667, 27.6667, 25.3333, 25.6667, 25.6667, 24.6667, 27.3333, 23.0, 27.6667, 22.6667, 28.3333, 22.0, 28.3333, 22.0, 28.0, 21.6667, 28.0, 21.6667, 27.0, 22.6667, 26.0, 22.6667, 24.0, 23.0, 23.0, 23.6667, 21.0, 24.0, 19.3333, 24.0, 18.0, 23.3333, 17.0, 24.0, 15.3333, 24.0, 13.6667, 24.3333, 12.0, 24.6667, 11.3333, 25.6667, 1.3333, 4.3333, 0.0, 1.0, -1.0, -1.0, -1.0, -1.0, -1.0, -1.0, 0.6667, 0.0, 3.6667, 1.3333, 22.3333, 12.3333, 21.0, 14.6667, 21.6667, 18.0, 20.3333, 20.0, 19.6667, 23.0, 19.0, 25.0, 18.6667, 27.6667, 17.6667, 29.6667, 18.3333, 31.6667, 18.0, 33.0, 18.3333, 34.6667, 18.6667, 35.0, 18.6667, 36.0, 18.6667, 37.0, 19.0, 37.0, 19.0, 38.0, 19.0, 37.0, 18.6667, 37.0, 19.0, 36.0, 18.6667, 35.6667, 19.0, 35.6667, 19.3333, 35.0, 20.3333, 35.0, 20.3333, 34.6667, 21.6667, 34.0, 23.0, 34.6667, 24.6667, 35.0, 25.3333, 36.0]",24.76318,14.097078,91.760558
41,41,5c:01:3b:6b:b0:95,-44,256,"[86.0, -32.0, 4.0, 0.0, 4.6667, 16.6667, 4.6667, 16.6667, 4.3333, 16.0, 4.3333, 15.3333, 4.3333, 15.6667, 4.3333, 15.0, 4.3333, 14.3333, 4.6667, 14.0, 4.6667, 14.0, 5.0, 13.3333, 4.6667, 13.6667, 4.6667, 13.3333, 5.0, 14.0, 4.6667, 13.3333, 5.3333, 13.6667, 4.6667, 13.6667, 4.6667, 13.6667, 4.3333, 13.3333, 3.6667, 13.0, 3.3333, 12.6667, 3.0, 12.3333, 2.6667, 12.0, 2.6667, 12.0, 2.6667, 11.6667, 2.0, 11.3333, 0.3333, 2.3333, 0.0, 0.0, 0.0, 0.0, 0.0, 0.0, 0.0, 0.0, 0.0, 0.0, 0.0, 0.0, 0.0, 0.0, 0.0, 0.0, 0.0, 0.0, 0.6667, 2.0, 4.3333, 10.0, 4.6667, 10.6667, 4.3333, 11.0, 4.3333, 11.6667, 4.6667, 12.0, 4.3333, 13.3333, 4.3333, 13.6667, 3.6667, 13.6667, 3.6667, 14.0, 3.6667, 14.6667, 3.6667, 15.3333, 4.0, 15.0, 4.0, 15.0, 3.6667, 15.0, 3.6667, 15.0, 3.6667, 14.6667, 3.6667, 14.6667, 3.6667, 15.0, 4.0, 15.0, 3.6667, 15.3333, 4.0, 15.6667, 4.3333, 16.0, 4.6667, 16.0, 5.0, 16.3333, 5.3333, 17.3333, 5.3333, 18.0, 2.6667, 8.0, 10.0, 28.3333, 9.3333, 28.0, 9.6667, 27.6667, 9.3333, 27.0, 9.3333, 25.6667, 9.3333, 25.0, 9.3333, 24.0, 9.3333, 23.6667, 9.6667, 22.6667, 9.3333, 22.6667, 10.3333, 22.0, 10.0, 22.0, 10.3333, 22.0, 10.3333, 22.0, 10.0, 21.6667, 10.0, 21.6667, 9.6667, 22.0, 9.0, 21.6667, 8.3333, 21.6667, 8.0, 21.3333, 7.3333, 21.0, 6.6667, 20.3333, 6.3333, 19.6667, 6.0, 19.6667, 5.6667, 19.0, 5.3333, 19.0, 4.0, 16.6667, 3.3333, 16.6667, 0.0, 2.6667, -0.3333, 0.3333, -0.6667, -1.0, -0.6667, -1.0, -0.6667, -1.0, 0.0, 0.3333, 1.0, 1.6667, 9.0, 12.6667, 8.3333, 14.0, 9.0, 16.6667, 8.6667, 17.3333, 8.6667, 18.6667, 8.6667, 19.6667, 8.6667, 21.0, 8.0, 22.0, 8.0, 22.6667, 7.3333, 23.3333, 7.3333, 24.0, 7.6667, 24.3333, 7.6667, 25.0, 7.6667, 25.6667, 8.0, 25.3333, 7.6667, 26.0, 7.6667, 25.6667, 7.3333, 25.6667, 7.6667, 25.3333, 7.6667, 25.3333, 7.6667, 25.6667, 8.0, 25.6667, 8.6667, 26.0, 8.6667, 26.0, 9.3333, 26.3333, 10.0, 27.3333, 10.6667, 28.0, 11.0, 28.6667]",17.445798,10.739863,91.760558
42,42,5c:01:3b:6b:b0:95,-44,256,"[86.0, -32.0, 4.0, 0.0, -6.0, 12.3333, -5.6667, 12.3333, -6.0, 12.0, -5.6667, 11.6667, -5.6667, 12.0, -5.6667, 11.6667, -5.3333, 11.3333, -5.0, 11.3333, -4.6667, 11.3333, -4.6667, 11.3333, -5.0, 11.6667, -5.0, 11.6667, -5.0, 12.0, -5.6667, 11.6667, -4.6667, 11.6667, -5.0, 11.6667, -5.0, 11.6667, -5.0, 11.0, -5.3333, 10.6667, -5.0, 10.0, -5.0, 9.6667, -4.6667, 9.0, -4.6667, 9.0, -4.3333, 8.3333, -4.6667, 8.0, -1.3333, 1.3333, 0.0, 0.0, 0.0, 0.0, 0.0, 0.0, 0.0, 0.0, 0.0, 0.0, 0.0, 0.0, 0.0, 0.0, 0.0, 0.0, 0.0, 0.0, -1.3333, 1.6667, -3.3333, 8.0, -3.3333, 8.3333, -3.6667, 8.3333, -4.0, 8.6667, -4.0, 8.6667, -4.3333, 9.0, -4.6667, 9.0, -5.0, 9.0, -5.0, 9.0, -5.0, 9.0, -5.0, 9.3333, -4.6667, 9.0, -4.6667, 9.0, -5.0, 9.0, -5.0, 9.0, -5.3333, 9.0, -5.3333, 9.0, -5.3333, 9.6667, -5.3333, 9.6667, -5.6667, 10.3333, -5.6667, 10.6667, -5.6667, 11.0, -5.3333, 11.3333, -5.3333, 11.6667, -5.6667, 12.3333, -6.0, 12.6667, -6.3333, 5.6667, -19.6667, 21.6667, -19.6667, 21.0, -18.6667, 20.6667, -18.3333, 20.3333, -18.0, 19.6667, -17.6667, 19.3333, -17.0, 19.3333, -16.6667, 19.6667, -16.0, 19.6667, -16.0, 20.6667, -15.0, 21.0, -15.0, 21.3333, -15.0, 22.0, -15.0, 22.0, -15.0, 21.6667, -15.0, 21.6667, -15.0, 21.3333, -15.3333, 20.6667, -15.3333, 20.3333, -15.3333, 19.0, -15.0, 18.0, -14.6667, 16.6667, -14.0, 16.0, -14.0, 15.3333, -13.3333, 14.0, -12.6667, 13.6667, -12.6667, 8.6667, -12.3333, 7.6667, -2.6667, 1.0, -1.0, -0.3333, -0.3333, -1.0, -0.3333, -1.0, -0.3333, -1.0, -1.0, 0.6667, -2.3333, 2.0, -10.0, 13.0, -11.0, 13.3333, -11.6667, 15.3333, -12.3333, 14.6667, -13.0, 14.3333, -13.6667, 14.3333, -14.0, 14.3333, -15.0, 14.3333, -15.6667, 13.6667, -16.3333, 13.6667, -16.6667, 13.3333, -16.3333, 13.6667, -16.6667, 14.0, -17.0, 14.3333, -16.6667, 13.6667, -17.0, 14.0, -17.0, 14.3333, -17.3333, 14.3333, -17.3333, 14.6667, -17.0, 15.0, -17.6667, 15.6667, -17.6667, 16.3333, -17.6667, 17.0, -18.0, 17.3333, -17.6667, 18.6667, -17.6667, 20.0, -18.0, 21.0, -18.3333, 21.3333]",15.685407,10.781009,91.760558
43,43,5c:01:3b:6b:b0:95,-44,256,"[86.0, -32.0, 4.0, 0.0, -12.0, 9.0, -11.3333, 9.0, -11.6667, 9.0, -11.0, 9.0, -11.3333, 9.6667, -11.3333, 9.6667, -11.0, 9.6667, -11.0, 10.3333, -10.6667, 10.3333, -10.6667, 10.6667, -11.0, 10.6667, -11.0, 11.0, -11.0, 11.0, -11.6667, 11.0, -11.0, 11.0, -11.0, 11.0, -11.0, 11.0, -10.6667, 10.3333, -10.6667, 9.6667, -9.6667, 8.6667, -9.3333, 8.0, -8.6667, 7.0, -8.6667, 7.0, -8.3333, 6.0, -8.3333, 5.3333, -2.3333, 0.6667, 0.0, 0.0, 0.0, 0.0, 0.0, 0.0, 0.0, 0.0, 0.0, 0.0, 0.0, 0.0, 0.0, 0.0, 0.0, 0.0, 0.0, 0.0, -2.6667, 1.6667, -8.0, 7.0, -8.3333, 7.0, -8.3333, 6.3333, -8.6667, 6.3333, -9.0, 5.6667, -9.0, 5.3333, -9.3333, 4.6667, -9.3333, 4.6667, -9.0, 4.0, -9.6667, 3.6667, -9.6667, 3.6667, -9.6667, 3.0, -9.6667, 3.0, -9.6667, 3.0, -9.6667, 3.0, -9.6667, 3.6667, -9.6667, 3.6667, -10.0, 4.6667, -10.0, 4.6667, -10.3333, 5.6667, -10.6667, 6.3333, -10.6667, 7.0, -10.6667, 7.3333, -11.0, 8.0, -11.6667, 8.6667, -12.0, 8.6667, -11.6667, 5.3333, -37.3333, 20.3333, -36.6667, 19.3333, -35.6667, 19.0, -34.6667, 19.0, -34.0, 19.0, -33.6667, 19.0, -32.6667, 20.0, -32.3333, 21.0, -32.0, 21.3333, -32.0, 22.0, -31.6667, 22.0, -31.6667, 22.3333, -31.6667, 23.0, -31.6667, 23.0, -31.0, 23.0, -31.0, 23.0, -30.6667, 22.6667, -30.6667, 22.0, -30.0, 21.3333, -29.6667, 20.3333, -28.3333, 19.0, -27.3333, 17.3333, -26.3333, 16.0, -26.0, 14.6667, -24.6667, 12.6667, -23.3333, 11.3333, -24.3333, 6.3333, -24.3333, 4.3333, -4.6667, 0.3333, -1.6667, -0.6667, 0.0, -1.0, 0.0, -1.0, 0.0, -1.0, -1.6667, 1.0, -4.3333, 3.0, -22.3333, 17.0, -23.3333, 16.3333, -25.0, 17.0, -25.6667, 15.6667, -26.3333, 14.0, -27.0, 13.0, -27.3333, 12.0, -28.6667, 11.3333, -30.6667, 9.6667, -32.0, 8.6667, -33.0, 7.6667, -33.0, 7.6667, -33.6667, 7.3333, -34.3333, 7.3333, -34.3333, 6.6667, -34.6667, 6.3333, -34.6667, 7.0, -34.6667, 7.3333, -34.3333, 8.0, -33.3333, 9.0, -34.0, 10.3333, -33.6667, 11.6667, -33.3333, 13.0, -33.0, 14.0, -33.3333, 16.0, -34.3333, 17.6667, -35.3333, 18.6667, -36.0, 19.0]",21.356819,14.836171,91.760558
44,44,5c:01:3b:6b:b0:95,-44,256,"[86.0, -32.0, 4.0, 0.0, -15.0, 8.0, -14.0, 8.0, -14.0, 8.0, -13.0, 8.0, -13.0, 8.3333, -13.0, 8.3333, -12.0, 8.3333, -12.0, 8.6667, -11.0, 8.6667, -11.0, 9.3333, -11.0, 9.0, -11.0, 9.0, -11.0, 9.0, -11.3333, 9.0, -11.0, 9.3333, -11.0, 9.3333, -11.0, 9.3333, -11.0, 8.6667, -11.0, 8.3333, -10.0, 7.3333, -10.0, 7.0, -10.0, 6.0, -10.0, 6.0, -10.0, 5.0, -10.0, 4.6667, -3.0, 0.3333, 0.0, 0.0, 0.0, 0.0, 0.0, 0.0, 0.0, 0.0, 0.0, 0.0, 0.0, 0.0, 0.0, 0.0, 0.0, 0.0, 0.0, 0.0, -3.0, 1.3333, -9.0, 6.0, -10.0, 6.0, -10.0, 5.6667, -11.0, 5.6667, -12.0, 5.3333, -12.0, 4.6667, -13.0, 4.3333, -13.0, 4.3333, -13.0, 4.0, -14.0, 3.3333, -14.0, 3.3333, -14.0, 3.0, -14.0, 3.0, -14.0, 3.0, -14.0, 3.0, -14.0, 3.3333, -14.0, 3.3333, -14.0, 4.3333, -14.0, 4.3333, -14.0, 5.3333, -14.0, 5.6667, -14.0, 6.0, -14.0, 6.6667, -14.0, 7.0, -15.0, 7.3333, -15.0, 7.3333, -15.6667, 6.6667, -50.3333, 24.6667, -49.6667, 23.6667, -48.6667, 23.0, -46.6667, 23.0, -45.6667, 23.0, -45.0, 23.0, -43.6667, 24.0, -42.6667, 25.0, -42.0, 24.6667, -41.0, 24.0, -40.3333, 23.0, -39.3333, 22.6667, -39.6667, 23.0, -39.3333, 23.0, -38.6667, 23.0, -38.3333, 23.0, -38.3333, 23.3333, -38.3333, 23.0, -38.0, 22.6667, -38.0, 22.6667, -37.0, 22.0, -35.6667, 20.6667, -34.6667, 19.0, -34.3333, 17.3333, -33.0, 15.3333, -31.6667, 13.6667, -30.6667, 9.6667, -29.3333, 7.6667, -5.6667, 0.6667, -2.0, -0.3333, 0.0, -1.0, 0.0, -1.0, 0.0, -1.0, -2.0, 0.6667, -5.0, 2.6667, -28.0, 16.3333, -30.0, 16.6667, -33.0, 19.0, -34.3333, 18.3333, -36.0, 17.0, -37.3333, 16.0, -38.3333, 15.0, -39.6667, 14.6667, -41.0, 13.3333, -41.6667, 12.3333, -42.3333, 11.3333, -42.6667, 11.3333, -43.6667, 10.6667, -44.6667, 10.6667, -44.3333, 10.3333, -44.3333, 9.6667, -44.3333, 10.0, -44.3333, 10.6667, -44.3333, 11.0, -43.6667, 12.0, -44.6667, 13.6667, -45.0, 15.3333, -45.3333, 17.0, -46.0, 18.0, -46.3333, 20.0, -47.6667, 21.3333, -48.6667, 22.3333, -49.3333, 23.0]",26.296318,18.721349,91.760558
45,45,5c:01:3b:6b:b0:95,-44,256,"[86.0, -32.0, 4.0, 0.0, -14.3333, 4.6667, -13.6667, 4.6667, -13.3333, 4.6667, -12.6667, 4.6667, -12.6667, 5.0, -12.6667, 5.3333, -12.0, 5.3333, -12.0, 6.0, -11.3333, 6.0, -11.3333, 6.3333, -11.0, 6.0, -11.3333, 6.3333, -11.3333, 6.3333, -11.0, 6.3333, -11.3333, 6.6667, -11.0, 6.6667, -11.0, 6.3333, -11.0, 6.0, -11.0, 5.6667, -10.0, 5.0, -10.0, 4.3333, -9.6667, 3.6667, -9.6667, 3.6667, -9.6667, 3.0, -9.3333, 2.3333, -2.6667, 0.0, 0.0, 0.0, 0.0, 0.0, 0.0, 0.0, 0.0, 0.0, 0.0, 0.0, 0.0, 0.0, 0.0, 0.0, 0.0, 0.0, 0.0, 0.0, -3.0, 0.6667, -9.0, 4.0, -9.6667, 3.6667, -10.0, 3.3333, -10.6667, 3.0, -11.3333, 2.6667, -11.3333, 2.3333, -12.3333, 1.6667, -12.3333, 1.6667, -12.3333, 1.0, -13.0, 0.6667, -13.0, 0.6667, -13.0, 0.0, -13.0, 0.0, -13.0, 0.3333, -13.0, 0.3333, -13.0, 0.6667, -13.0, 0.6667, -13.0, 1.6667, -13.0, 1.6667, -13.3333, 2.3333, -13.3333, 2.6667, -13.3333, 3.0, -13.3333, 3.3333, -13.3333, 3.6667, -14.3333, 4.0, -14.3333, 4.0, -15.3333, 3.6667, -48.6667, 14.6667, -48.3333, 14.0, -47.3333, 13.3333, -45.3333, 13.6667, -44.3333, 14.0, -44.0, 14.3333, -43.3333, 15.3333, -42.3333, 16.3333, -42.0, 16.0, -41.3333, 15.3333, -41.0, 14.6667, -40.6667, 14.3333, -41.0, 14.6667, -40.6667, 14.6667, -40.0, 14.6667, -39.6667, 14.6667, -39.3333, 15.0, -39.0, 14.6667, -38.3333, 14.3333, -38.0, 14.6667, -37.0, 14.3333, -35.3333, 13.6667, -34.3333, 12.0, -33.6667, 10.6667, -32.0, 9.0, -30.3333, 7.3333, -28.3333, 4.3333, -26.6667, 2.3333, -5.3333, -0.3333, -2.0, -0.6667, 0.0, -0.6667, 0.0, -1.0, 0.0, -1.0, -2.0, 0.3333, -5.3333, 1.3333, -29.3333, 10.0, -30.6667, 10.3333, -33.0, 12.3333, -33.6667, 11.6667, -35.0, 10.3333, -35.6667, 9.0, -36.6667, 7.6667, -37.3333, 7.0, -38.0, 5.6667, -38.3333, 4.3333, -38.6667, 3.3333, -39.3333, 3.0, -40.3333, 2.3333, -41.3333, 2.0, -40.6667, 2.0, -40.6667, 1.3333, -40.6667, 1.3333, -40.6667, 2.3333, -40.6667, 2.6667, -40.3333, 3.3333, -41.3333, 5.0, -42.0, 6.6667, -42.6667, 8.0, -44.0, 9.3333, -44.6667, 11.0, -46.3333, 12.0, -47.3333, 12.6667, -47.6667, 13.0]",24.002424,17.385987,91.760558
46,46,5c:01:3b:6b:b0:95,-43,256,"[86.0, -32.0, 4.0, 0.0, -13.6667, 0.3333, -13.3333, 0.3333, -12.6667, 0.3333, -12.3333, 0.3333, -12.3333, 0.3333, -12.3333, 1.0, -12.0, 1.0, -12.0, 1.6667, -11.6667, 1.6667, -11.6667, 2.0, -11.0, 2.0, -11.6667, 2.6667, -11.6667, 2.6667, -11.0, 2.6667, -11.6667, 2.6667, -11.0, 2.6667, -11.0, 2.0, -11.0, 1.6667, -11.0, 1.6667, -10.0, 1.3333, -10.0, 0.6667, -9.3333, 0.3333, -9.3333, 0.3333, -9.3333, 0.0, -8.6667, -0.6667, -2.3333, -0.6667, 0.0, 0.0, 0.0, 0.0, 0.0, 0.0, 0.0, 0.0, 0.0, 0.0, 0.0, 0.0, 0.0, 0.0, 0.0, 0.0, 0.0, 0.0, -3.0, -0.3333, -9.0, 1.0, -9.3333, 0.3333, -10.0, 0.3333, -10.3333, -0.3333, -10.6667, -0.3333, -10.6667, -0.6667, -11.6667, -1.3333, -11.6667, -1.3333, -11.6667, -2.0, -12.0, -2.3333, -12.0, -2.3333, -12.0, -3.0, -12.0, -3.0, -12.0, -2.3333, -12.0, -2.3333, -12.0, -2.3333, -12.0, -2.3333, -12.0, -1.3333, -12.0, -1.3333, -12.6667, -1.0, -12.6667, -1.0, -12.6667, -1.0, -12.6667, -0.6667, -12.6667, -0.6667, -13.6667, -0.6667, -13.6667, -0.6667, -15.0, -0.6667, -47.0, 0.3333, -47.0, 0.0, -46.0, -0.3333, -44.0, 0.3333, -43.0, 1.0, -43.0, 1.6667, -43.0, 2.6667, -42.0, 3.6667, -42.0, 4.0, -41.6667, 4.6667, -41.6667, 5.3333, -42.0, 5.6667, -42.3333, 6.3333, -42.0, 6.3333, -41.3333, 6.3333, -41.0, 6.3333, -40.3333, 6.0, -39.6667, 5.3333, -38.6667, 4.6667, -38.0, 4.3333, -37.0, 3.6667, -35.0, 3.3333, -34.0, 2.0, -33.0, 1.3333, -31.0, 0.0, -29.0, -1.3333, -26.0, -4.3333, -24.0, -6.3333, -5.0, -1.6667, -2.0, -1.3333, 0.0, -0.3333, 0.0, -1.0, 0.0, -1.0, -2.0, 0.0, -5.6667, 0.0, -30.6667, 3.6667, -31.3333, 3.6667, -33.0, 3.6667, -33.0, 2.3333, -34.0, 0.6667, -34.0, -1.0, -35.0, -2.6667, -35.0, -4.0, -35.0, -5.6667, -35.0, -7.3333, -35.0, -8.3333, -36.0, -9.0, -37.0, -9.3333, -38.0, -10.0, -37.0, -10.0, -37.0, -10.3333, -37.0, -10.3333, -37.0, -9.3333, -37.0, -8.6667, -37.0, -8.3333, -38.0, -7.0, -39.0, -5.6667, -40.0, -5.0, -42.0, -3.3333, -43.0, -2.0, -45.0, -1.0, -46.0, -0.6667, -46.0, -1.0]",22.550919,16.611951,91.760558
47,47,5c:01:3b:6b:b0:95,-40,256,"[86.0, -32.0, 4.0, 0.0, -13.0, -3.0, -13.0, -3.0, -12.0, -3.0, -12.0, -2.6667, -12.0, -2.3333, -12.0, -1.6667, -12.0, -1.3333, -12.0, -0.3333, -12.0, -0.3333, -12.0, -0.3333, -11.0, 0.0, -12.0, 1.0, -12.0, 1.0, -11.0, 1.0, -12.0, 1.0, -11.0, 1.0, -11.0, 0.0, -11.0, 0.0, -11.0, -0.3333, -10.0, -0.3333, -10.0, -1.3333, -9.0, -1.3333, -9.0, -1.6667, -9.0, -2.0, -8.0, -2.6667, -2.0, -1.0, 0.0, 0.0, 0.0, 0.0, 0.0, 0.0, 0.0, 0.0, 0.0, 0.0, 0.0, 0.0, 0.0, 0.0, 0.0, 0.0, 0.0, 0.0, -3.0, -0.6667, -9.0, -1.0, -9.0, -2.0, -10.0, -2.0, -10.0, -3.0, -10.0, -3.0, -10.0, -3.0, -11.0, -4.0, -11.0, -4.0, -11.0, -5.0, -11.0, -5.0, -11.0, -5.0, -11.0, -6.0, -11.0, -6.0, -11.0, -5.0, -11.0, -5.0, -11.0, -5.0, -11.0, -5.0, -11.0, -4.0, -11.0, -4.0, -12.0, -4.0, -12.0, -4.0, -12.0, -4.0, -12.0, -4.0, -12.0, -4.0, -13.0, -4.0, -13.0, -4.0, -15.0, -3.0, -47.6667, -8.3333, -47.6667, -8.6667, -46.6667, -8.6667, -45.0, -8.0, -44.0, -7.0, -43.6667, -6.0, -43.3333, -5.0, -42.6667, -4.0, -42.3333, -3.0, -42.3333, -1.0, -42.3333, 0.6667, -43.0, 1.6667, -43.0, 2.3333, -43.0, 2.6667, -42.0, 2.6667, -42.0, 2.6667, -41.0, 1.6667, -40.0, 1.0, -39.0, 0.0, -38.3333, -1.3333, -37.0, -2.3333, -35.3333, -3.0, -34.3333, -4.0, -33.3333, -4.3333, -31.3333, -5.3333, -29.6667, -6.6667, -27.0, -8.0, -25.0, -9.6667, -5.0, -2.0, -2.0, -1.6667, 0.0, -0.3333, 0.0, -1.0, 0.0, -1.0, -2.0, 0.0, -6.0, -0.3333, -32.3333, 1.0, -32.3333, 1.0, -33.3333, -1.6667, -33.6667, -3.6667, -34.3333, -5.6667, -34.6667, -7.3333, -35.6667, -9.3333, -35.6667, -11.3333, -36.0, -13.0, -36.0, -15.0, -36.3333, -16.0, -37.0, -17.0, -38.0, -17.3333, -38.6667, -18.3333, -38.0, -18.3333, -38.0, -18.3333, -38.0, -18.0, -38.0, -17.0, -38.0, -16.0, -38.0, -15.6667, -38.6667, -14.6667, -40.0, -13.6667, -40.6667, -13.0, -42.6667, -11.3333, -43.3333, -10.3333, -45.0, -9.6667, -46.3333, -9.3333, -46.6667, -10.0]",23.206131,17.294296,91.760558
48,48,5c:01:3b:6b:b0:95,-44,256,"[86.0, -32.0, 4.0, 0.0, -13.3333, -2.0, -13.3333, -2.0, -12.3333, -2.0, -12.3333, -1.6667, -12.3333, -1.0, -12.0, -0.6667, -12.0, -0.3333, -12.0, 0.3333, -12.0, 0.6667, -11.6667, 0.6667, -11.0, 1.0, -11.6667, 2.0, -11.6667, 2.0, -11.0, 2.0, -11.6667, 2.0, -11.0, 2.0, -11.0, 1.0, -11.0, 1.0, -10.6667, 0.6667, -10.0, 0.3333, -10.0, -0.3333, -9.0, -0.3333, -9.0, -0.6667, -9.0, -1.3333, -8.0, -1.6667, -2.0, -0.6667, 0.0, 0.0, 0.0, 0.0, 0.0, 0.0, 0.0, 0.0, 0.0, 0.0, 0.0, 0.0, 0.0, 0.0, 0.0, 0.0, 0.0, 0.0, -3.0, -0.3333, -9.3333, -0.3333, -9.3333, -1.0, -10.3333, -1.3333, -10.3333, -2.0, -10.3333, -2.0, -10.6667, -2.3333, -11.3333, -3.0, -11.3333, -3.3333, -11.3333, -4.0, -11.3333, -4.0, -11.6667, -4.0, -11.6667, -5.0, -11.3333, -5.0, -11.3333, -4.3333, -11.3333, -4.3333, -11.6667, -4.0, -11.6667, -4.0, -11.3333, -3.3333, -11.6667, -3.3333, -12.3333, -3.0, -12.3333, -3.0, -12.3333, -3.0, -12.3333, -3.0, -12.3333, -2.6667, -13.3333, -2.6667, -13.3333, -2.6667, -15.6667, -1.0, -49.6667, -2.6667, -49.3333, -3.3333, -48.3333, -3.3333, -46.6667, -3.0, -45.3333, -2.0, -44.6667, -1.0, -44.0, 0.0, -43.6667, 1.0, -43.0, 2.0, -42.6667, 4.0, -42.6667, 5.3333, -43.0, 6.3333, -43.0, 6.6667, -43.0, 7.3333, -42.3333, 7.3333, -42.0, 7.3333, -41.0, 6.3333, -40.0, 6.0, -39.0, 5.0, -38.3333, 3.3333, -37.0, 2.3333, -35.6667, 1.0, -34.6667, 0.0, -33.3333, -0.6667, -31.6667, -1.6667, -30.3333, -3.3333, -28.0, -3.0, -26.6667, -4.3333, -5.3333, -1.0, -2.0, -1.3333, 0.0, -0.6667, 0.0, -1.0, 0.0, -1.0, -2.0, 0.0, -6.0, 0.3333, -32.6667, 4.0, -33.0, 5.0, -34.3333, 1.6667, -35.0, -0.3333, -36.0, -2.3333, -37.0, -3.6667, -38.0, -5.6667, -38.3333, -7.6667, -38.6667, -9.0, -39.0, -11.0, -39.3333, -12.0, -39.6667, -13.0, -40.6667, -13.6667, -41.3333, -14.6667, -41.0, -14.6667, -41.0, -14.6667, -41.0, -14.0, -41.0, -13.0, -41.0, -12.0, -40.6667, -11.3333, -41.0, -10.3333, -42.3333, -9.3333, -43.0, -8.0, -44.6667, -6.6667, -45.0, -5.6667, -46.3333, -5.3333, -48.0, -4.6667, -48.6667, -5.0]",23.586816,17.662532,91.760558
49,49,5c:01:3b:6b:b0:95,-44,256,"[86.0, -32.0, 4.0, 0.0, -13.6667, -2.0, -13.6667, -2.0, -12.6667, -2.0, -12.6667, -1.3333, -12.6667, -0.3333, -12.0, -0.3333, -12.0, 0.3333, -12.0, 1.0, -12.0, 1.3333, -11.3333, 1.3333, -11.0, 2.0, -11.3333, 3.0, -11.3333, 3.0, -11.0, 3.0, -11.3333, 3.0, -11.0, 3.0, -11.0, 2.0, -11.0, 2.0, -10.3333, 1.3333, -10.0, 1.0, -10.0, 0.3333, -9.0, 0.3333, -9.0, -0.3333, -9.0, -1.3333, -8.0, -1.3333, -2.0, -0.6667, 0.0, 0.0, 0.0, 0.0, 0.0, 0.0, 0.0, 0.0, 0.0, 0.0, 0.0, 0.0, 0.0, 0.0, 0.0, 0.0, 0.0, 0.0, -3.0, 0.0, -9.6667, -0.3333, -9.6667, -1.0, -10.6667, -1.6667, -10.6667, -2.3333, -10.6667, -2.3333, -11.3333, -3.0, -11.6667, -3.6667, -11.6667, -4.3333, -11.6667, -5.0, -11.6667, -5.0, -12.3333, -5.3333, -12.3333, -6.3333, -11.6667, -6.3333, -11.6667, -5.6667, -11.6667, -5.6667, -12.3333, -5.3333, -12.3333, -5.0, -11.6667, -4.3333, -12.3333, -4.3333, -12.6667, -3.6667, -12.6667, -3.3333, -12.6667, -3.3333, -12.6667, -3.0, -12.6667, -2.6667, -13.6667, -3.0, -13.6667, -2.6667, -16.3333, 0.0, -51.6667, 0.6667, -51.0, 0.0, -50.0, 0.0, -48.3333, 0.0, -46.6667, 1.0, -45.6667, 2.0, -44.6667, 2.6667, -44.6667, 4.0, -43.6667, 5.3333, -43.0, 7.3333, -43.0, 8.6667, -43.0, 9.6667, -43.0, 9.6667, -43.0, 10.3333, -42.6667, 10.3333, -42.0, 10.3333, -41.0, 9.3333, -40.0, 9.0, -39.0, 8.0, -38.3333, 6.3333, -37.0, 5.0, -36.0, 3.6667, -35.0, 2.6667, -33.3333, 2.0, -32.0, 0.6667, -31.0, -1.0, -29.0, -1.3333, -28.3333, -2.3333, -5.6667, -0.6667, -2.0, -1.0, 0.0, -1.0, 0.0, -1.0, 0.0, -0.6667, -2.0, 0.0, -6.0, 1.0, -33.0, 7.0, -33.6667, 7.3333, -35.3333, 4.0, -36.3333, 2.0, -37.6667, -0.3333, -39.3333, -1.3333, -40.3333, -3.3333, -41.0, -5.3333, -41.3333, -6.6667, -42.0, -8.3333, -42.3333, -9.3333, -42.3333, -10.0, -43.3333, -10.6667, -44.0, -11.3333, -44.0, -11.3333, -44.0, -11.6667, -44.0, -11.0, -44.0, -10.3333, -44.0, -9.3333, -43.3333, -8.3333, -43.3333, -7.6667, -44.6667, -6.6667, -45.3333, -5.0, -46.6667, -3.6667, -46.6667, -2.3333, -47.6667, -2.0, -49.6667, -1.3333, -50.6667, -1.0]",24.297766,18.158938,91.760558
50,50,5c:01:3b:6b:b0:95,-39,256,"[86.0, -32.0, 4.0, 0.0, -9.3333, -10.0, -9.3333, -9.6667, -9.0, -9.6667, -9.0, -9.0, -9.0, -8.3333, -8.6667, -8.0, -8.6667, -7.6667, -9.0, -7.0, -9.3333, -6.6667, -8.6667, -6.6667, -9.0, -6.0, -9.0, -5.3333, -9.0, -5.3333, -9.0, -5.3333, -9.0, -5.3333, -9.0, -5.3333, -9.0, -6.0, -8.6667, -6.0, -7.6667, -6.0, -7.6667, -6.0, -7.3333, -6.3333, -6.3333, -6.0, -6.0, -6.0, -6.0, -6.6667, -5.3333, -6.3333, -1.3333, -2.0, 0.0, 0.0, 0.0, 0.0, 0.0, 0.0, 0.0, 0.0, 0.0, 0.0, 0.0, 0.0, 0.0, 0.0, 0.0, 0.0, 0.0, 0.0, -2.3333, -1.6667, -8.0, -6.0, -7.6667, -6.6667, -8.0, -7.6667, -7.6667, -8.3333, -7.3333, -8.3333, -7.6667, -9.0, -7.6667, -9.3333, -7.3333, -10.0, -7.0, -10.3333, -6.6667, -10.6667, -7.3333, -11.0, -7.3333, -11.6667, -6.3333, -11.6667, -6.3333, -11.3333, -6.6667, -11.3333, -7.3333, -11.0, -7.6667, -10.6667, -7.0, -10.3333, -7.6667, -10.6667, -8.0, -10.0, -8.0, -10.0, -8.3333, -10.0, -8.3333, -10.0, -8.3333, -10.0, -9.0, -10.6667, -9.3333, -10.3333, -11.3333, -5.6667, -34.6667, -17.3333, -34.0, -17.3333, -33.3333, -17.0, -32.0, -16.6667, -31.0, -15.6667, -30.6667, -14.6667, -30.3333, -14.0, -30.6667, -13.0, -30.6667, -11.6667, -30.3333, -10.3333, -31.0, -9.0, -31.3333, -8.3333, -31.3333, -8.3333, -31.3333, -8.0, -31.3333, -8.0, -30.6667, -7.6667, -29.6667, -8.3333, -28.6667, -8.6667, -27.6667, -9.0, -26.6667, -9.6667, -25.6667, -10.3333, -24.3333, -10.3333, -23.6667, -10.3333, -22.0, -10.3333, -21.0, -10.6667, -19.6667, -11.3333, -17.3333, -11.6667, -17.0, -12.0, -3.6667, -2.3333, -1.3333, -1.3333, -0.3333, -0.6667, 0.0, -0.6667, 0.0, -0.3333, -1.6667, -0.6667, -4.6667, -1.3333, -25.0, -6.3333, -25.0, -7.0, -25.6667, -9.3333, -25.6667, -11.3333, -26.3333, -13.3333, -27.0, -14.0, -27.3333, -15.6667, -27.3333, -17.0, -26.6667, -18.3333, -26.6667, -19.3333, -26.3333, -20.0, -26.0, -20.3333, -26.6667, -21.0, -27.3333, -21.3333, -27.0, -21.3333, -27.0, -21.6667, -27.0, -21.3333, -27.3333, -21.0, -27.6667, -20.3333, -27.0, -20.0, -27.3333, -19.6667, -28.3333, -19.3333, -29.3333, -18.6667, -30.3333, -18.0, -30.6667, -17.3333, -31.6667, -17.6667, -33.0, -17.6667, -34.0, -17.6667]",19.540935,13.762272,91.760558
51,51,5c:01:3b:6b:b0:95,-42,256,"[86.0, -32.0, 4.0, 0.0, -4.6667, -19.0, -4.6667, -18.3333, -5.0, -18.3333, -5.0, -17.3333, -5.0, -17.0, -5.3333, -16.3333, -5.3333, -16.0, -6.0, -15.0, -6.6667, -15.0, -6.3333, -15.0, -7.0, -14.0, -7.0, -13.6667, -7.0, -13.6667, -7.0, -13.6667, -7.0, -13.6667, -7.0, -13.6667, -7.0, -14.0, -6.3333, -14.0, -5.3333, -13.6667, -5.3333, -13.0, -4.6667, -13.3333, -3.6667, -12.6667, -3.0, -12.3333, -3.0, -12.6667, -2.6667, -12.0, -0.6667, -3.6667, 0.0, 0.0, 0.0, 0.0, 0.0, 0.0, 0.0, 0.0, 0.0, 0.0, 0.0, 0.0, 0.0, 0.0, 0.0, 0.0, 0.0, 0.0, -1.6667, -3.3333, -6.0, -12.3333, -5.3333, -13.3333, -5.0, -14.3333, -4.3333, -15.3333, -3.6667, -15.3333, -3.3333, -15.6667, -3.3333, -16.0, -2.6667, -16.3333, -2.0, -16.6667, -1.3333, -17.3333, -1.6667, -17.6667, -1.6667, -18.0, -0.6667, -18.0, -0.6667, -17.6667, -1.3333, -17.6667, -1.6667, -17.6667, -2.3333, -17.3333, -2.0, -17.0, -2.3333, -17.6667, -3.0, -17.3333, -3.0, -17.6667, -3.6667, -17.6667, -3.6667, -18.0, -3.6667, -18.6667, -4.0, -19.6667, -4.6667, -19.3333, -5.6667, -11.3333, -16.3333, -35.3333, -16.0, -34.6667, -15.6667, -34.0, -15.0, -33.3333, -15.0, -32.3333, -15.3333, -31.3333, -15.6667, -30.6667, -16.3333, -30.0, -17.3333, -28.6667, -17.6667, -28.0, -19.0, -26.6667, -19.6667, -26.3333, -19.6667, -26.3333, -19.6667, -26.3333, -19.6667, -26.3333, -19.3333, -25.6667, -18.3333, -26.0, -17.3333, -26.3333, -16.3333, -26.0, -15.3333, -25.6667, -14.3333, -25.6667, -12.6667, -24.3333, -12.3333, -23.3333, -11.0, -22.6667, -10.0, -22.0, -8.3333, -21.6667, -5.6667, -22.0, -5.0, -21.6667, -1.3333, -4.0, -0.6667, -1.6667, -0.6667, -0.3333, 0.0, -0.3333, 0.0, 0.0, -1.3333, -1.3333, -3.3333, -3.6667, -17.0, -19.6667, -16.0, -21.3333, -15.3333, -22.6667, -14.3333, -24.6667, -13.6667, -26.3333, -13.0, -26.6667, -12.6667, -28.0, -11.6667, -28.6667, -10.3333, -30.0, -9.3333, -30.3333, -8.6667, -30.6667, -8.0, -30.6667, -8.3333, -31.3333, -8.6667, -31.3333, -8.0, -31.3333, -8.0, -31.6667, -8.0, -31.6667, -8.6667, -31.6667, -9.3333, -31.3333, -9.0, -31.6667, -9.6667, -31.6667, -10.6667, -32.0, -11.6667, -32.3333, -12.6667, -32.3333, -13.3333, -32.3333, -14.3333, -33.3333, -15.0, -34.0, -16.0, -34.3333]",21.480724,12.792767,91.760558
52,52,5c:01:3b:6b:b0:95,-42,256,"[86.0, -32.0, 4.0, 0.0, -4.0, -13.6667, -4.0, -13.0, -4.3333, -13.0, -4.0, -12.3333, -4.0, -12.3333, -4.3333, -11.6667, -4.0, -11.6667, -4.3333, -10.6667, -5.0, -10.6667, -4.6667, -10.3333, -5.3333, -9.6667, -5.3333, -9.6667, -5.0, -9.6667, -5.0, -9.6667, -5.0, -9.6667, -5.0, -9.6667, -5.0, -9.6667, -4.6667, -10.0, -4.0, -9.6667, -4.3333, -9.3333, -3.6667, -9.6667, -3.3333, -9.3333, -2.6667, -8.6667, -2.6667, -9.0, -2.6667, -8.6667, -0.6667, -2.6667, 0.0, 0.0, 0.0, 0.0, 0.0, 0.0, 0.0, 0.0, 0.0, 0.0, 0.0, 0.0, 0.0, 0.0, 0.0, 0.0, 0.0, 0.0, -1.3333, -2.6667, -4.6667, -8.3333, -4.3333, -9.0, -4.0, -10.0, -3.6667, -10.6667, -3.3333, -11.0, -3.0, -11.0, -3.3333, -11.0, -3.0, -11.3333, -2.6667, -11.6667, -2.3333, -12.3333, -2.6667, -12.3333, -2.6667, -12.6667, -2.0, -12.6667, -2.0, -12.6667, -2.3333, -12.3333, -2.3333, -12.3333, -3.0, -12.0, -2.6667, -12.0, -2.6667, -12.3333, -3.0, -12.0, -3.0, -12.6667, -3.6667, -12.3333, -3.6667, -13.0, -3.6667, -13.3333, -3.6667, -14.0, -4.3333, -14.0, -3.0, -8.6667, -7.3333, -27.0, -7.3333, -26.6667, -7.3333, -26.0, -6.6667, -25.6667, -7.0, -25.0, -7.3333, -24.0, -7.6667, -23.3333, -7.6667, -23.0, -8.3333, -22.0, -8.3333, -21.3333, -9.3333, -20.3333, -9.6667, -20.0, -9.3333, -19.6667, -9.3333, -19.6667, -9.3333, -19.6667, -9.3333, -19.3333, -9.0, -19.6667, -8.3333, -20.0, -8.0, -19.6667, -7.6667, -19.6667, -7.0, -19.6667, -6.0, -18.6667, -6.0, -18.0, -5.3333, -17.6667, -5.0, -16.6667, -4.0, -16.6667, -3.0, -17.0, -2.6667, -17.0, -0.6667, -3.3333, -0.6667, -1.3333, -0.6667, -0.3333, 0.0, -0.3333, 0.0, -0.3333, -1.0, -1.0, -2.0, -2.6667, -9.3333, -14.6667, -9.0, -16.0, -8.0, -17.0, -7.3333, -18.6667, -7.0, -20.0, -6.3333, -20.3333, -6.3333, -21.3333, -5.6667, -21.6667, -5.0, -22.6667, -4.3333, -23.3333, -4.0, -23.3333, -3.6667, -23.3333, -4.0, -24.0, -4.3333, -24.0, -3.6667, -24.0, -3.6667, -24.3333, -3.3333, -24.3333, -4.0, -24.3333, -4.3333, -24.0, -4.0, -24.3333, -4.6667, -24.0, -5.0, -24.3333, -5.6667, -24.6667, -6.0, -24.6667, -6.3333, -25.0, -6.6667, -25.6667, -7.0, -26.0, -7.6667, -26.3333]",15.648768,10.490229,91.760558
53,53,5c:01:3b:6b:b0:95,-44,256,"[86.0, -32.0, 4.0, 0.0, -8.0, -0.3333, -8.0, 0.0, -7.6667, 0.0, -7.0, 0.3333, -7.0, 0.3333, -6.6667, 0.6667, -6.0, 0.6667, -5.6667, 1.6667, -6.0, 1.6667, -5.3333, 2.3333, -5.6667, 2.6667, -5.6667, 2.6667, -5.0, 2.6667, -5.0, 2.6667, -5.0, 2.6667, -5.0, 2.6667, -5.0, 2.6667, -5.3333, 2.0, -5.0, 1.6667, -5.6667, 1.3333, -5.3333, 0.6667, -5.6667, 0.3333, -5.3333, 0.6667, -5.3333, 0.0, -5.3333, -0.3333, -1.3333, -0.3333, 0.0, 0.0, 0.0, 0.0, 0.0, 0.0, 0.0, 0.0, 0.0, 0.0, 0.0, 0.0, 0.0, 0.0, 0.0, 0.0, 0.0, 0.0, -1.6667, -0.3333, -5.3333, 1.3333, -5.6667, 1.0, -6.0, 0.0, -6.3333, -0.3333, -6.6667, -1.0, -7.0, -1.0, -7.6667, -1.0, -8.0, -1.6667, -8.3333, -2.3333, -8.6667, -2.6667, -9.3333, -2.6667, -9.3333, -3.3333, -9.0, -3.3333, -9.0, -3.3333, -8.6667, -2.6667, -8.6667, -2.6667, -9.0, -2.0, -8.3333, -2.0, -8.3333, -1.6667, -8.0, -1.0, -8.0, -1.3333, -8.3333, -0.6667, -8.3333, -1.0, -8.3333, -0.6667, -8.3333, -1.0, -8.6667, -1.0, -6.0, -1.3333, -16.6667, -3.0, -16.6667, -3.3333, -16.6667, -3.0, -15.3333, -3.3333, -15.0, -3.0, -14.6667, -2.0, -14.3333, -1.6667, -13.3333, -1.0, -12.6667, 0.0, -11.6667, 1.3333, -11.6667, 2.3333, -11.3333, 3.0, -10.6667, 3.6667, -10.6667, 3.6667, -10.6667, 3.6667, -10.6667, 3.3333, -11.0, 2.6667, -10.6667, 2.0, -11.0, 1.6667, -11.3333, 0.6667, -11.0, -0.3333, -11.0, -0.3333, -11.0, -1.0, -10.6667, -1.3333, -11.0, -1.3333, -11.0, -2.3333, -12.0, -5.0, -12.3333, -6.0, -2.3333, -1.6667, -1.3333, -0.6667, -0.3333, -0.6667, 0.0, -0.6667, 0.0, -0.6667, -1.0, 0.0, -2.0, 0.6667, -9.6667, 3.6667, -11.0, 2.0, -11.0, 1.0, -11.6667, -0.3333, -13.0, -2.0, -13.6667, -2.6667, -14.6667, -3.6667, -15.3333, -4.3333, -16.0, -5.3333, -16.6667, -6.6667, -17.0, -6.6667, -17.3333, -6.6667, -18.0, -7.0, -18.6667, -7.0, -18.3333, -7.0, -18.3333, -7.6667, -17.6667, -7.6667, -18.0, -7.6667, -17.6667, -7.0, -17.0, -6.6667, -17.3333, -6.0, -17.0, -5.6667, -17.3333, -5.3333, -17.0, -4.3333, -16.6667, -4.0, -16.3333, -3.3333, -17.0, -3.0, -17.3333, -2.6667]",10.193118,9.117605,91.760558
54,54,5c:01:3b:6b:b0:95,-45,256,"[86.0, -32.0, 4.0, 0.0, -3.3333, 11.6667, -3.3333, 11.3333, -3.0, 11.3333, -2.3333, 11.0, -2.3333, 10.6667, -2.0, 10.6667, -1.3333, 10.3333, -1.0, 10.6667, -1.0, 10.6667, -0.3333, 11.0, -0.6667, 10.6667, -0.6667, 10.6667, 0.0, 10.6667, 0.0, 10.6667, 0.0, 10.6667, 0.0, 10.6667, 0.0, 10.6667, -0.6667, 10.3333, -0.6667, 9.6667, -1.3333, 9.3333, -1.3333, 8.6667, -2.3333, 8.0, -2.3333, 8.3333, -2.3333, 7.6667, -2.3333, 7.0, -0.6667, 1.6667, 0.0, 0.0, 0.0, 0.0, 0.0, 0.0, 0.0, 0.0, 0.0, 0.0, 0.0, 0.0, 0.0, 0.0, 0.0, 0.0, 0.0, 0.0, -0.6667, 1.6667, -1.0, 8.6667, -1.6667, 9.0, -2.0, 8.6667, -2.3333, 9.0, -3.0, 8.6667, -3.3333, 9.0, -4.0, 9.3333, -4.6667, 9.0, -5.0, 8.6667, -5.6667, 9.0, -6.3333, 9.0, -6.0, 8.6667, -6.3333, 8.3333, -6.3333, 8.3333, -5.6667, 9.0, -5.6667, 9.0, -5.6667, 9.3333, -5.0, 9.0, -5.0, 9.6667, -4.3333, 10.3333, -4.3333, 10.0, -4.0, 10.6667, -4.3333, 10.6667, -4.0, 11.3333, -4.0, 11.3333, -3.6667, 11.3333, -1.6667, 6.3333, -2.6667, 21.3333, -2.6667, 21.0, -3.0, 20.6667, -2.0, 19.6667, -1.6667, 19.3333, -1.0, 19.6667, -0.6667, 19.3333, 0.6667, 19.3333, 2.0, 19.3333, 3.3333, 20.0, 4.0, 20.0, 5.0, 20.3333, 5.6667, 20.6667, 5.6667, 20.6667, 5.6667, 20.6667, 5.3333, 20.3333, 4.6667, 19.6667, 4.3333, 19.3333, 3.0, 18.6667, 2.0, 17.6667, 1.6667, 16.6667, 0.3333, 16.0, 0.0, 14.6667, -0.6667, 14.3333, -1.6667, 13.6667, -3.0, 12.3333, -6.3333, 10.6667, -7.6667, 10.0, -1.6667, 1.0, -1.3333, 0.3333, -0.3333, -1.0, -0.6667, -1.0, -0.3333, -1.0, -0.3333, 0.6667, 0.3333, 3.0, 4.0, 18.3333, 1.6667, 17.6667, 1.3333, 16.6667, 0.0, 17.0, -1.6667, 16.3333, -3.0, 16.3333, -4.3333, 16.3333, -5.6667, 16.3333, -7.0, 16.3333, -8.3333, 15.6667, -9.0, 16.0, -9.6667, 16.0, -10.0, 16.3333, -10.3333, 16.3333, -10.6667, 16.3333, -10.6667, 16.0, -10.0, 16.0, -9.6667, 15.6667, -9.0, 16.0, -8.3333, 16.3333, -8.0, 17.0, -7.0, 17.6667, -6.6667, 18.0, -5.6667, 19.0, -4.6667, 19.3333, -3.3333, 20.3333, -3.3333, 21.0, -3.0, 21.6667]",13.162367,9.461381,91.760558
55,55,5c:01:3b:6b:b0:95,-45,256,"[86.0, -32.0, 4.0, 0.0, 5.3333, 10.3333, 5.3333, 9.6667, 5.0, 9.6667, 5.3333, 9.0, 5.3333, 8.3333, 5.0, 8.3333, 5.3333, 7.6667, 5.0, 7.3333, 5.0, 7.3333, 5.3333, 7.0, 4.6667, 6.3333, 4.6667, 6.3333, 5.0, 6.3333, 5.0, 6.3333, 5.0, 6.3333, 5.0, 6.3333, 5.0, 6.3333, 4.6667, 6.6667, 4.6667, 6.3333, 4.3333, 6.6667, 4.3333, 6.3333, 3.3333, 6.0, 3.3333, 6.6667, 3.3333, 6.3333, 3.3333, 6.0, 0.6667, 1.3333, 0.0, 0.0, 0.0, 0.0, 0.0, 0.0, 0.0, 0.0, 0.0, 0.0, 0.0, 0.0, 0.0, 0.0, 0.0, 0.0, 0.0, 0.0, 0.6667, 1.3333, 4.0, 6.3333, 3.6667, 7.0, 4.0, 7.3333, 4.3333, 8.0, 4.0, 8.3333, 4.3333, 9.0, 4.0, 9.3333, 3.6667, 9.3333, 4.0, 9.0, 3.6667, 9.3333, 3.3333, 9.3333, 4.0, 9.3333, 3.3333, 8.6667, 3.3333, 8.6667, 3.6667, 9.3333, 3.6667, 9.3333, 3.6667, 9.6667, 4.0, 9.3333, 4.0, 10.0, 4.3333, 10.3333, 4.3333, 10.0, 5.0, 10.3333, 4.3333, 10.3333, 5.0, 10.6667, 5.0, 10.6667, 5.6667, 10.6667, 5.6667, 6.6667, 20.6667, 21.6667, 20.6667, 22.0, 20.0, 21.3333, 20.0, 20.3333, 19.6667, 19.6667, 20.0, 19.3333, 19.6667, 18.6667, 20.3333, 17.6667, 21.0, 16.6667, 21.6667, 16.0, 22.0, 15.0, 23.0, 14.6667, 23.3333, 14.3333, 23.3333, 14.3333, 23.3333, 14.3333, 22.6667, 14.6667, 22.3333, 14.3333, 21.6667, 14.6667, 20.0, 14.3333, 19.0, 14.3333, 18.3333, 14.3333, 16.6667, 14.0, 16.0, 13.3333, 14.6667, 13.6667, 13.6667, 13.3333, 12.0, 12.6667, 8.3333, 12.0, 6.6667, 11.3333, 0.6667, 1.3333, -0.6667, 0.3333, -0.6667, -1.0, -1.3333, -1.0, -0.6667, -1.0, 0.3333, 0.3333, 2.6667, 2.0, 18.0, 14.6667, 16.3333, 15.3333, 16.6667, 14.3333, 16.0, 16.0, 15.6667, 16.6667, 15.0, 17.3333, 14.3333, 17.3333, 13.6667, 17.3333, 13.0, 17.6667, 12.3333, 17.3333, 12.0, 17.3333, 11.6667, 17.0, 12.0, 17.3333, 12.3333, 17.3333, 11.6667, 17.3333, 11.6667, 17.0, 12.0, 17.3333, 12.6667, 17.0, 13.0, 17.3333, 13.3333, 17.6667, 14.0, 18.3333, 15.0, 19.3333, 15.6667, 19.6667, 16.6667, 20.3333, 17.6667, 21.0, 19.3333, 21.6667, 20.3333, 22.0, 21.0, 22.3333]",15.17885,11.469316,91.760558
56,56,5c:01:3b:6b:b0:95,-45,256,"[86.0, -32.0, 4.0, 0.0, 4.6667, 9.0, 4.6667, 8.0, 4.3333, 8.0, 4.3333, 7.0, 4.3333, 6.0, 3.6667, 6.0, 4.0, 5.0, 3.3333, 4.0, 3.3333, 4.0, 3.3333, 3.0, 2.6667, 2.0, 2.6667, 2.0, 2.6667, 2.0, 2.6667, 2.0, 2.6667, 2.0, 2.6667, 2.0, 2.6667, 2.0, 3.0, 3.0, 3.0, 3.0, 3.0, 4.0, 3.3333, 4.0, 2.6667, 4.0, 3.0, 5.0, 3.0, 5.0, 3.0, 5.0, 0.3333, 1.0, 0.0, 0.0, 0.0, 0.0, 0.0, 0.0, 0.0, 0.0, 0.0, 0.0, 0.0, 0.0, 0.0, 0.0, 0.0, 0.0, 0.0, 0.0, 0.3333, 1.0, 3.0, 4.0, 2.6667, 5.0, 3.3333, 6.0, 3.6667, 7.0, 3.6667, 8.0, 4.3333, 9.0, 4.3333, 9.3333, 4.0, 9.6667, 4.6667, 9.3333, 4.6667, 9.6667, 4.6667, 9.6667, 5.3333, 10.0, 4.6667, 9.0, 4.6667, 9.0, 4.6667, 9.6667, 4.6667, 9.6667, 4.6667, 10.0, 4.6667, 9.6667, 4.6667, 10.3333, 4.6667, 10.3333, 4.3333, 10.0, 5.0, 10.0, 4.3333, 10.0, 5.0, 10.0, 4.6667, 10.0, 5.3333, 10.0, 3.6667, 7.0, 13.3333, 22.0, 13.6667, 23.0, 13.3333, 22.0, 13.0, 21.0, 13.0, 20.0, 13.3333, 19.0, 13.3333, 18.0, 13.6667, 16.0, 14.3333, 14.0, 14.6667, 12.0, 15.0, 10.0, 16.0, 9.0, 16.0, 8.0, 16.0, 8.0, 16.3333, 8.0, 15.6667, 9.0, 15.6667, 9.0, 15.0, 10.0, 13.6667, 10.0, 13.0, 11.0, 12.6667, 12.0, 11.3333, 12.0, 11.0, 12.0, 10.0, 13.0, 9.3333, 13.0, 8.3333, 13.0, 6.0, 13.3333, 5.0, 12.6667, 0.3333, 1.6667, -0.6667, 0.3333, -0.6667, -1.0, -1.3333, -1.0, -0.6667, -1.0, 0.0, 0.0, 1.6667, 1.0, 12.6667, 11.0, 11.3333, 13.0, 11.3333, 12.0, 10.6667, 15.0, 10.3333, 17.0, 9.6667, 18.3333, 9.0, 18.3333, 8.3333, 18.3333, 8.3333, 19.0, 8.3333, 19.0, 8.3333, 18.6667, 8.3333, 18.0, 8.6667, 18.3333, 9.0, 18.3333, 8.6667, 18.3333, 8.6667, 18.0, 8.3333, 18.6667, 9.0, 18.3333, 9.0, 18.6667, 9.0, 19.0, 9.6667, 19.6667, 10.0, 21.0, 10.3333, 21.3333, 10.6667, 21.6667, 11.3333, 22.6667, 12.6667, 23.0, 13.6667, 23.0, 14.3333, 23.0]",12.836559,10.615666,91.760558
57,57,5c:01:3b:6b:b0:95,-44,256,"[86.0, -32.0, 4.0, 0.0, -4.6667, 5.3333, -4.6667, 4.6667, -4.3333, 4.6667, -4.3333, 4.3333, -4.3333, 3.6667, -4.6667, 3.6667, -4.0, 3.3333, -4.3333, 2.6667, -4.3333, 2.6667, -4.3333, 2.0, -4.6667, 1.6667, -4.6667, 1.6667, -4.6667, 1.6667, -4.6667, 1.6667, -4.6667, 1.6667, -4.6667, 1.6667, -4.6667, 1.6667, -4.0, 2.0, -4.0, 2.0, -4.0, 2.6667, -3.3333, 2.3333, -3.6667, 2.3333, -3.0, 3.0, -3.0, 2.6667, -3.0, 2.6667, -1.3333, 0.3333, 0.0, 0.0, 0.0, 0.0, 0.0, 0.0, 0.0, 0.0, 0.0, 0.0, 0.0, 0.0, 0.0, 0.0, 0.0, 0.0, 0.0, 0.0, -1.3333, 0.6667, -3.0, 2.6667, -3.6667, 3.3333, -3.3333, 3.6667, -3.6667, 4.3333, -3.6667, 4.6667, -3.3333, 5.3333, -3.3333, 5.0, -4.0, 5.0, -3.6667, 4.0, -3.6667, 4.0, -3.6667, 4.0, -3.3333, 4.0, -3.6667, 3.3333, -3.6667, 3.3333, -3.6667, 4.0, -3.6667, 4.0, -3.6667, 4.6667, -3.6667, 5.0, -3.6667, 5.6667, -3.6667, 5.6667, -4.3333, 6.0, -4.0, 6.0, -4.3333, 6.0, -4.0, 6.0, -4.6667, 6.0, -4.3333, 6.0, -5.6667, 3.0, -17.3333, 10.6667, -16.6667, 11.0, -16.3333, 10.3333, -16.0, 10.0, -15.0, 9.6667, -14.3333, 9.3333, -13.3333, 9.0, -12.6667, 8.0, -11.3333, 7.0, -10.6667, 6.3333, -10.0, 5.6667, -9.0, 5.0, -9.0, 4.6667, -9.0, 4.6667, -8.3333, 4.6667, -8.6667, 5.3333, -8.6667, 5.3333, -9.0, 6.0, -9.6667, 5.3333, -10.0, 5.6667, -9.6667, 6.0, -10.3333, 5.6667, -10.0, 5.6667, -10.0, 6.0, -10.3333, 5.6667, -10.3333, 5.6667, -11.0, 6.0, -11.0, 5.3333, -2.3333, 0.3333, -1.3333, 0.0, -0.3333, -1.0, -0.6667, -0.6667, -0.3333, -0.6667, -1.0, 0.0, -1.6667, 0.3333, -6.6667, 6.6667, -8.3333, 7.0, -9.3333, 6.6667, -10.6667, 7.6667, -12.3333, 8.3333, -13.6667, 8.6667, -15.0, 8.0, -16.3333, 8.0, -16.3333, 8.3333, -16.3333, 8.0, -16.3333, 7.6667, -16.3333, 7.0, -16.6667, 7.0, -17.0, 7.0, -16.6667, 7.0, -16.6667, 6.3333, -17.3333, 7.0, -17.0, 7.0, -17.0, 7.3333, -17.0, 8.0, -16.6667, 8.3333, -17.0, 9.0, -17.3333, 9.3333, -17.6667, 9.6667, -17.3333, 10.3333, -16.6667, 11.0, -16.6667, 11.0, -16.3333, 11.0]",9.809208,9.57064,91.760558
58,58,5c:01:3b:6b:b0:95,-40,256,"[86.0, -32.0, 4.0, 0.0, -8.0, -1.0, -8.0, -1.3333, -7.6667, -1.3333, -8.0, -1.6667, -8.0, -2.0, -8.0, -2.0, -7.6667, -2.0, -8.0, -2.6667, -8.3333, -2.6667, -8.3333, -3.3333, -8.6667, -3.3333, -8.6667, -3.3333, -8.6667, -3.3333, -8.6667, -3.3333, -8.6667, -3.3333, -8.3333, -3.3333, -8.3333, -3.0, -7.6667, -3.0, -7.3333, -2.6667, -7.3333, -2.0, -6.3333, -2.0, -6.0, -1.6667, -5.3333, -1.3333, -5.0, -1.3333, -5.0, -1.0, -2.0, -0.6667, 0.0, 0.0, 0.0, 0.0, 0.0, 0.0, 0.0, 0.0, 0.0, 0.0, 0.0, 0.0, 0.0, 0.0, 0.0, 0.0, 0.0, 0.0, -2.3333, -0.6667, -6.3333, -1.3333, -6.6667, -1.0, -6.3333, -1.0, -6.6667, -0.3333, -6.3333, -0.3333, -6.0, 0.3333, -6.0, 0.0, -6.3333, 0.3333, -6.0, -0.3333, -6.0, 0.0, -5.6667, 0.0, -5.6667, 0.0, -5.6667, -0.3333, -5.3333, -0.3333, -5.6667, 0.0, -5.6667, -0.3333, -6.0, 0.0, -6.0, 0.0, -6.0, 0.3333, -6.3333, 0.0, -7.0, 0.0, -7.3333, 0.0, -7.3333, -0.3333, -7.3333, -0.3333, -8.0, -0.3333, -8.0, -0.6667, -8.6667, -1.0, -28.0, -2.0, -27.3333, -1.6667, -26.6667, -2.0, -26.3333, -2.0, -25.0, -2.0, -24.6667, -2.3333, -23.6667, -2.3333, -23.6667, -3.0, -22.6667, -4.0, -22.6667, -4.3333, -22.3333, -4.6667, -22.0, -5.3333, -22.3333, -5.6667, -22.0, -5.3333, -21.3333, -5.3333, -21.3333, -5.0, -21.0, -4.6667, -20.6667, -4.0, -20.3333, -4.3333, -20.0, -3.6667, -19.0, -3.3333, -19.0, -3.0, -18.3333, -2.6667, -17.3333, -2.3333, -17.0, -2.0, -16.0, -1.6667, -13.6667, -2.6667, -12.6667, -3.3333, -2.3333, -1.3333, -1.3333, -0.6667, -0.3333, -1.0, -0.3333, -0.3333, -0.3333, -0.3333, -1.6667, -0.6667, -3.6667, -1.3333, -17.0, -2.6667, -17.6667, -2.6667, -19.0, -2.3333, -19.6667, -1.6667, -21.0, -1.3333, -21.6667, -1.0, -22.3333, -1.6667, -23.0, -2.0, -22.3333, -2.3333, -22.0, -3.0, -21.6667, -3.3333, -21.3333, -4.0, -22.0, -4.0, -22.3333, -4.3333, -21.6667, -4.3333, -21.6667, -4.6667, -22.3333, -4.3333, -22.3333, -4.0, -22.6667, -3.6667, -22.6667, -3.3333, -23.0, -3.0, -24.0, -2.6667, -25.0, -2.3333, -26.0, -2.0, -26.3333, -1.3333, -26.3333, -1.3333, -27.3333, -1.6667, -27.3333, -2.0]",13.508491,11.201005,91.760558
59,59,5c:01:3b:6b:b0:95,-43,256,"[86.0, -32.0, 4.0, 0.0, -2.0, -7.3333, -2.0, -7.3333, -2.3333, -7.3333, -3.0, -7.6667, -3.0, -7.6667, -3.0, -7.6667, -3.3333, -7.3333, -4.0, -8.0, -4.6667, -8.0, -4.6667, -8.6667, -5.3333, -8.3333, -5.3333, -8.3333, -5.3333, -8.3333, -5.3333, -8.3333, -5.3333, -8.3333, -4.6667, -8.3333, -4.6667, -7.6667, -4.3333, -8.0, -3.6667, -7.3333, -3.6667, -6.6667, -2.6667, -6.3333, -2.0, -5.6667, -1.6667, -5.6667, -1.0, -5.3333, -1.0, -4.6667, -1.0, -1.6667, 0.0, 0.0, 0.0, 0.0, 0.0, 0.0, 0.0, 0.0, 0.0, 0.0, 0.0, 0.0, 0.0, 0.0, 0.0, 0.0, 0.0, 0.0, -1.6667, -2.0, -3.6667, -5.3333, -3.3333, -5.3333, -2.6667, -5.6667, -2.3333, -5.0, -1.6667, -5.3333, -1.0, -4.6667, -1.0, -5.0, -0.6667, -4.6667, 0.0, -5.0, 0.0, -5.0, 0.6667, -5.0, 0.6667, -5.0, 0.6667, -5.0, 1.3333, -5.0, 0.6667, -5.0, 0.6667, -5.3333, 0.0, -5.3333, 0.0, -5.0, 0.0, -5.0, -0.6667, -5.6667, -1.0, -6.0, -1.6667, -6.0, -1.6667, -6.6667, -1.6667, -6.6667, -2.0, -6.6667, -2.0, -7.3333, -2.3333, -6.0, -8.0, -17.0, -7.6667, -17.0, -7.3333, -17.0, -7.6667, -16.3333, -7.0, -15.3333, -7.3333, -15.0, -7.3333, -14.3333, -8.3333, -14.0, -8.3333, -15.0, -9.3333, -15.0, -9.6667, -15.0, -10.0, -15.6667, -10.6667, -16.0, -10.0, -15.3333, -9.6667, -15.3333, -9.6667, -15.3333, -9.0, -14.6667, -8.3333, -14.0, -7.6667, -14.0, -7.0, -13.0, -6.0, -12.6667, -6.0, -11.6667, -5.6667, -11.3333, -4.6667, -11.6667, -4.0, -11.6667, -3.0, -11.3333, 0.6667, -12.6667, 1.6667, -13.0, 0.3333, -3.0, -0.6667, -1.3333, -0.6667, -0.6667, -0.6667, 0.0, -0.6667, 0.0, -1.3333, -1.3333, -2.3333, -3.0, -8.0, -12.0, -7.3333, -12.3333, -8.0, -11.3333, -7.3333, -11.3333, -7.0, -12.6667, -6.3333, -13.3333, -5.6667, -14.3333, -5.0, -15.0, -3.6667, -15.6667, -3.0, -16.6667, -2.3333, -16.6667, -1.6667, -17.3333, -2.0, -17.6667, -1.6667, -18.3333, -1.3333, -18.6667, -1.3333, -18.6667, -1.6667, -18.6667, -1.6667, -18.0, -2.3333, -17.6667, -2.3333, -17.3333, -3.0, -17.0, -4.0, -17.3333, -5.0, -17.0, -6.0, -16.6667, -6.6667, -16.3333, -6.6667, -16.6667, -7.6667, -17.0, -7.6667, -17.6667]",10.913501,9.431754,91.760558
60,60,5c:01:3b:6b:b0:95,-43,256,"[86.0, -32.0, 4.0, 0.0, -1.6667, -10.6667, -1.3333, -10.6667, -2.0, -10.3333, -2.6667, -11.0, -2.6667, -11.0, -2.6667, -10.6667, -3.0, -10.6667, -3.6667, -11.0, -4.3333, -11.0, -4.3333, -11.3333, -5.0, -11.3333, -5.0, -11.3333, -5.3333, -11.3333, -5.0, -11.3333, -5.0, -11.3333, -4.3333, -11.3333, -4.3333, -10.6667, -4.3333, -11.0, -3.3333, -10.3333, -3.3333, -9.6667, -2.3333, -9.0, -1.6667, -8.0, -1.6667, -8.0, -0.6667, -7.3333, -0.6667, -7.0, -0.6667, -2.3333, 0.0, 0.0, 0.0, 0.0, 0.0, 0.0, 0.0, 0.0, 0.0, 0.0, 0.0, 0.0, 0.0, 0.0, 0.0, 0.0, 0.0, 0.0, -1.6667, -2.6667, -3.6667, -7.6667, -3.0, -8.0, -2.6667, -8.0, -2.0, -7.6667, -1.3333, -8.0, -0.6667, -7.6667, -0.6667, -7.6667, 0.0, -7.6667, 0.6667, -7.6667, 0.6667, -7.6667, 1.3333, -8.0, 1.3333, -8.0, 1.3333, -8.0, 2.0, -8.0, 1.3333, -8.0, 1.3333, -8.3333, 0.6667, -8.3333, 0.6667, -8.0, 0.3333, -8.0, -0.3333, -8.6667, -0.3333, -9.3333, -1.0, -9.3333, -1.0, -10.0, -1.3333, -10.0, -1.3333, -10.0, -1.6667, -11.0, -1.6667, -9.6667, -6.3333, -29.3333, -6.0, -28.6667, -5.6667, -28.3333, -6.0, -27.6667, -5.6667, -26.6667, -6.3333, -26.3333, -7.0, -26.0, -8.6667, -25.6667, -9.6667, -26.6667, -11.0, -26.6667, -12.0, -26.6667, -12.6667, -27.0, -13.6667, -27.6667, -12.6667, -27.0, -12.6667, -26.6667, -12.3333, -27.0, -11.3333, -26.3333, -10.3333, -25.6667, -9.3333, -25.3333, -8.0, -24.0, -6.6667, -23.0, -6.0, -21.0, -5.3333, -20.0, -4.0, -19.6667, -2.6667, -19.0, -1.3333, -18.0, 5.6667, -20.0, 7.3333, -20.6667, 1.3333, -4.3333, -0.3333, -2.0, -0.6667, -0.3333, -0.6667, 0.0, -0.6667, 0.0, -1.3333, -2.0, -2.6667, -4.3333, -10.3333, -21.0, -8.6667, -21.0, -9.0, -20.3333, -7.6667, -20.3333, -6.3333, -21.6667, -4.6667, -22.3333, -3.3333, -23.6667, -1.6667, -25.3333, 0.0, -26.3333, 1.0, -27.6667, 2.0, -28.0, 2.6667, -29.0, 2.3333, -29.6667, 2.6667, -30.3333, 3.0, -30.6667, 3.0, -30.6667, 3.3333, -30.6667, 3.0, -30.0, 2.3333, -29.3333, 2.0, -29.0, 1.0, -28.6667, 0.0, -28.6667, -1.0, -28.0, -2.6667, -27.6667, -4.0, -27.0, -5.0, -28.0, -6.0, -28.6667, -6.3333, -29.6667]",16.582033,12.270273,91.760558
61,61,5c:01:3b:6b:b0:95,-40,256,"[86.0, -32.0, 4.0, 0.0, -7.3333, -11.3333, -6.6667, -11.3333, -7.0, -10.6667, -7.3333, -11.0, -7.3333, -11.0, -7.3333, -10.3333, -7.0, -10.3333, -7.3333, -10.0, -7.6667, -10.0, -7.6667, -9.6667, -8.0, -9.6667, -8.0, -9.6667, -8.6667, -9.6667, -8.0, -9.6667, -8.0, -9.6667, -7.6667, -9.6667, -7.6667, -9.3333, -7.6667, -10.0, -6.6667, -9.6667, -6.6667, -9.3333, -5.6667, -9.0, -5.3333, -8.0, -5.3333, -8.0, -4.3333, -7.6667, -4.3333, -8.0, -1.3333, -2.6667, 0.0, 0.0, 0.0, 0.0, 0.0, 0.0, 0.0, 0.0, 0.0, 0.0, 0.0, 0.0, 0.0, 0.0, 0.0, 0.0, 0.0, 0.0, -2.3333, -2.3333, -6.3333, -7.3333, -6.0, -8.0, -6.3333, -8.0, -6.0, -8.3333, -5.6667, -9.0, -5.3333, -9.3333, -5.3333, -9.3333, -5.0, -10.0, -4.6667, -10.0, -4.6667, -10.3333, -4.3333, -11.0, -4.3333, -11.0, -4.3333, -11.0, -4.0, -11.0, -4.3333, -11.0, -4.3333, -11.0, -4.6667, -11.0, -4.6667, -10.0, -5.3333, -10.0, -5.6667, -10.3333, -5.6667, -10.6667, -6.0, -10.6667, -6.0, -11.0, -6.6667, -11.0, -6.6667, -11.0, -7.3333, -12.0, -7.3333, -12.0, -24.6667, -37.0, -24.0, -36.3333, -23.3333, -36.0, -23.0, -35.0, -22.3333, -33.6667, -22.6667, -32.6667, -23.0, -32.3333, -24.3333, -31.6667, -25.3333, -32.0, -26.0, -32.0, -27.0, -32.0, -27.3333, -32.0, -28.3333, -32.3333, -27.3333, -32.0, -27.3333, -31.3333, -26.6667, -31.6667, -25.6667, -31.0, -24.6667, -30.6667, -23.6667, -30.3333, -22.0, -29.0, -20.3333, -28.0, -19.0, -26.0, -17.6667, -24.6667, -16.0, -24.3333, -14.3333, -24.0, -12.6667, -22.6667, -3.6667, -21.3333, -1.3333, -21.6667, -0.3333, -4.3333, -0.6667, -2.0, -0.3333, 0.0, -0.3333, 0.0, -0.3333, 0.0, -1.6667, -2.0, -4.3333, -4.6667, -21.6667, -24.6667, -20.3333, -25.0, -21.0, -25.0, -20.3333, -25.6667, -19.6667, -27.3333, -18.3333, -28.6667, -17.6667, -29.6667, -16.3333, -30.6667, -15.0, -31.0, -14.0, -31.6667, -13.0, -31.6667, -12.6667, -32.3333, -13.3333, -33.3333, -13.6667, -33.6667, -13.0, -34.0, -13.0, -33.6667, -12.3333, -33.6667, -13.0, -33.6667, -13.3333, -33.3333, -14.0, -33.0, -15.0, -33.3333, -16.0, -34.0, -17.0, -34.0, -19.3333, -34.3333, -21.0, -34.6667, -23.0, -35.6667, -24.0, -36.6667, -24.6667, -37.3333]",21.820621,15.879463,91.760558
62,62,5c:01:3b:6b:b0:95,-44,256,"[86.0, -32.0, 4.0, 0.0, -12.6667, -12.0, -11.6667, -12.0, -11.6667, -11.0, -11.6667, -11.0, -11.6667, -11.0, -11.3333, -10.0, -10.6667, -10.0, -10.3333, -9.0, -10.3333, -9.0, -10.3333, -8.0, -10.3333, -8.0, -10.0, -8.0, -10.6667, -8.0, -10.0, -8.0, -10.0, -8.0, -10.0, -8.0, -10.0, -8.0, -10.0, -9.0, -9.3333, -9.0, -9.3333, -9.0, -8.6667, -9.0, -8.6667, -8.0, -8.6667, -8.0, -8.0, -8.0, -8.0, -9.0, -2.0, -3.0, 0.0, 0.0, 0.0, 0.0, 0.0, 0.0, 0.0, 0.0, 0.0, 0.0, 0.0, 0.0, 0.0, 0.0, 0.0, 0.0, 0.0, 0.0, -2.6667, -2.0, -8.3333, -7.0, -8.6667, -8.0, -9.6667, -8.0, -9.6667, -9.0, -9.6667, -10.0, -10.0, -11.0, -10.0, -11.0, -10.0, -12.0, -10.0, -12.0, -10.0, -12.0, -10.3333, -13.0, -10.0, -13.0, -10.0, -13.0, -10.0, -13.0, -10.0, -13.0, -10.0, -13.0, -10.3333, -13.0, -10.3333, -12.0, -11.0, -12.0, -11.0, -12.0, -11.0, -12.0, -11.0, -12.0, -11.0, -12.0, -12.0, -12.0, -12.0, -12.0, -12.6667, -13.0, -13.0, -13.3333, -43.0, -42.3333, -42.0, -41.3333, -41.0, -41.0, -40.0, -40.0, -39.0, -39.0, -39.0, -38.0, -39.0, -38.0, -39.0, -37.6667, -39.0, -37.3333, -38.6667, -37.3333, -39.0, -37.3333, -38.6667, -37.0, -39.3333, -37.0, -39.0, -37.0, -38.6667, -36.0, -38.0, -36.3333, -37.3333, -35.6667, -36.6667, -35.6667, -36.0, -35.3333, -34.6667, -34.0, -33.3333, -33.0, -31.6667, -31.0, -30.0, -29.0, -28.0, -28.0, -26.0, -27.0, -24.0, -25.0, -13.0, -21.3333, -10.0, -21.0, -2.0, -4.0, -1.0, -1.6667, 0.0, 0.0, 0.0, 0.0, 0.0, 0.0, -2.0, -2.0, -5.3333, -5.0, -29.3333, -28.3333, -29.3333, -29.0, -31.0, -29.6667, -32.0, -30.6667, -32.6667, -31.3333, -32.0, -32.3333, -32.0, -32.6667, -31.0, -33.0, -30.0, -33.0, -29.0, -33.0, -28.0, -33.0, -28.0, -33.3333, -29.0, -34.3333, -30.0, -34.3333, -29.0, -34.3333, -29.0, -33.6667, -28.0, -33.6667, -29.0, -34.3333, -29.0, -34.3333, -30.0, -34.3333, -31.0, -35.3333, -32.0, -36.3333, -33.0, -37.0, -36.0, -38.0, -38.0, -39.0, -41.0, -40.3333, -42.0, -42.0, -43.0, -42.3333]",27.913377,20.277557,91.760558
63,63,5c:01:3b:6b:b0:95,-38,256,"[86.0, -32.0, 4.0, 0.0, -5.6667, -5.6667, -5.0, -5.6667, -5.3333, -5.0, -5.3333, -5.0, -5.3333, -5.0, -5.3333, -4.3333, -5.3333, -4.3333, -5.3333, -3.6667, -5.3333, -3.6667, -5.6667, -3.0, -6.0, -3.0, -5.6667, -3.0, -6.0, -2.6667, -5.6667, -2.6667, -5.6667, -2.6667, -5.3333, -2.6667, -5.3333, -3.0, -5.3333, -3.6667, -4.6667, -4.0, -4.6667, -4.0, -4.0, -4.3333, -4.0, -3.6667, -4.0, -4.0, -3.6667, -4.0, -3.6667, -4.6667, -1.0, -1.6667, 0.0, 0.0, 0.0, 0.0, 0.0, 0.0, 0.0, 0.0, 0.0, 0.0, 0.0, 0.0, 0.0, 0.0, 0.0, 0.0, 0.0, 0.0, -1.6667, -1.0, -4.3333, -3.0, -4.3333, -3.6667, -4.6667, -3.6667, -4.3333, -4.3333, -4.0, -5.0, -4.6667, -5.6667, -5.0, -5.6667, -5.0, -6.6667, -5.3333, -6.6667, -5.3333, -6.6667, -5.6667, -7.3333, -5.3333, -7.3333, -5.3333, -7.3333, -5.3333, -7.3333, -5.3333, -7.3333, -5.3333, -7.3333, -5.3333, -7.3333, -5.3333, -6.6667, -5.3333, -6.3333, -5.3333, -6.3333, -5.0, -6.3333, -5.0, -6.0, -4.6667, -6.0, -5.3333, -6.0, -5.3333, -5.6667, -5.3333, -6.3333, -7.6667, -5.6667, -24.6667, -17.3333, -24.0, -16.6667, -23.3333, -17.0, -22.6667, -16.3333, -21.6667, -16.0, -21.6667, -15.3333, -21.3333, -15.3333, -20.6667, -15.0, -20.6667, -14.6667, -21.0, -15.0, -21.3333, -15.3333, -21.6667, -15.3333, -22.0, -15.0, -21.6667, -15.0, -21.3333, -14.3333, -21.0, -14.3333, -20.3333, -14.0, -20.0, -14.3333, -19.3333, -14.3333, -18.3333, -13.6667, -17.6667, -13.6667, -17.0, -12.6667, -16.6667, -12.0, -15.6667, -11.6667, -14.6667, -11.6667, -14.0, -10.6667, -9.0, -9.3333, -7.3333, -10.0, -1.6667, -2.0, -1.0, -1.0, -0.3333, -0.3333, -0.3333, -0.3333, -0.3333, -0.3333, -1.3333, -1.0, -3.0, -2.3333, -15.3333, -11.0, -15.0, -11.3333, -16.6667, -12.3333, -17.6667, -12.6667, -18.6667, -13.0, -19.0, -14.0, -19.3333, -14.3333, -19.0, -14.6667, -18.6667, -14.6667, -18.6667, -15.0, -18.0, -15.0, -18.3333, -15.3333, -18.6667, -15.6667, -19.3333, -15.6667, -19.0, -15.6667, -19.0, -15.3333, -18.3333, -15.3333, -18.6667, -15.6667, -18.6667, -15.6667, -19.0, -15.3333, -19.3333, -16.0, -19.6667, -16.0, -19.6667, -16.3333, -21.3333, -16.3333, -22.0, -16.6667, -23.6667, -16.6667, -24.0, -17.6667, -24.6667, -17.3333]",14.402509,11.945479,91.760558
64,64,5c:01:3b:6b:b0:95,-38,256,"[86.0, -32.0, 4.0, 0.0, 1.6667, 0.6667, 2.0, 0.6667, 2.0, 1.0, 2.0, 1.0, 2.0, 1.0, 2.0, 1.3333, 2.0, 1.3333, 2.0, 1.6667, 2.3333, 1.6667, 2.0, 2.0, 2.0, 2.0, 2.3333, 2.0, 2.3333, 2.6667, 2.3333, 2.6667, 2.3333, 2.6667, 2.6667, 2.6667, 2.3333, 2.0, 2.0, 1.6667, 2.0, 1.0, 1.6667, 1.0, 1.6667, 0.3333, 1.3333, 0.6667, 1.3333, 0.0, 1.0, 0.0, 0.6667, -0.3333, 0.0, -0.3333, 0.0, 0.0, 0.0, 0.0, 0.0, 0.0, 0.0, 0.0, 0.0, 0.0, 0.0, 0.0, 0.0, 0.0, 0.0, 0.0, 0.0, 0.0, 0.0, 0.0, 1.3333, 1.0, 1.3333, 0.6667, 1.3333, 0.6667, 1.3333, 0.3333, 1.6667, 0.0, 0.6667, -0.3333, 0.0, -0.3333, 0.0, -1.3333, -0.6667, -1.3333, -0.6667, -1.3333, -1.0, -1.6667, -0.6667, -1.6667, -0.6667, -1.6667, -0.6667, -1.6667, -0.6667, -1.6667, -0.6667, -1.6667, -0.3333, -1.6667, -0.3333, -1.3333, 0.3333, -0.6667, 0.3333, -0.6667, 1.0, -0.6667, 1.0, 0.0, 1.6667, 0.0, 1.6667, 0.0, 2.0, 0.6667, 2.3333, 0.3333, -2.3333, 0.6667, -6.3333, 4.3333, -6.0, 4.6667, -5.6667, 4.0, -5.3333, 4.3333, -4.3333, 4.0, -4.3333, 4.3333, -3.6667, 4.3333, -2.3333, 5.0, -1.6667, 5.6667, -1.6667, 6.0, -1.0, 6.3333, -1.0, 6.3333, -1.0, 7.0, -0.6667, 7.0, -0.6667, 7.3333, -1.0, 7.3333, -0.6667, 7.0, -1.0, 6.3333, -1.0, 5.3333, -1.3333, 4.6667, -2.0, 3.6667, -2.3333, 3.6667, -3.3333, 3.0, -3.3333, 2.6667, -3.3333, 1.6667, -4.0, 1.6667, -5.0, 0.3333, -4.6667, -0.6667, -1.3333, -0.3333, -1.0, -0.3333, -0.6667, -0.6667, -0.6667, -0.6667, -0.6667, -0.6667, -0.6667, 0.0, -0.3333, 0.3333, 0.0, 6.0, -0.6667, 5.3333, -1.6667, 4.3333, -3.3333, 3.6667, -4.6667, 3.0, -6.0, 2.0, -6.6667, 1.3333, -7.0, 0.6667, -7.3333, 0.6667, -8.3333, 0.0, -8.0, 0.0, -8.6667, -0.6667, -8.3333, -0.3333, -8.6667, -0.3333, -9.0, -0.3333, -9.0, -0.6667, -8.6667, -0.6667, -8.3333, -0.3333, -8.3333, -0.3333, -8.0, 0.3333, -7.6667, 0.0, -7.3333, 1.0, -6.3333, 1.3333, -6.6667, 2.3333, -6.0, 2.6667, -6.3333, 3.6667, -6.0, 3.6667, -6.3333, 4.3333]",4.478295,8.220829,91.760558
65,65,5c:01:3b:6b:b0:95,-42,256,"[86.0, -32.0, 4.0, 0.0, 8.6667, 12.6667, 8.6667, 12.3333, 9.0, 12.3333, 9.0, 12.0, 9.0, 12.0, 8.6667, 12.0, 9.0, 11.6667, 8.6667, 11.3333, 9.3333, 11.3333, 9.0, 11.0, 9.3333, 10.6667, 9.3333, 10.6667, 9.3333, 11.3333, 9.3333, 11.3333, 9.3333, 11.6667, 9.6667, 11.3333, 9.0, 10.6667, 8.3333, 10.6667, 8.0, 10.0, 7.3333, 10.0, 7.0, 9.0, 6.3333, 8.6667, 6.3333, 8.0, 5.6667, 7.6667, 5.0, 7.6667, 1.0, 1.6667, 0.0, 0.0, 0.0, 0.0, 0.0, 0.0, 0.0, 0.0, 0.0, 0.0, 0.0, 0.0, 0.0, 0.0, 0.0, 0.0, 0.0, 0.0, 1.3333, 1.6667, 6.3333, 8.6667, 6.6667, 9.0, 7.0, 9.3333, 6.6667, 9.3333, 7.0, 9.6667, 6.0, 9.6667, 5.0, 10.0, 5.0, 9.3333, 4.0, 9.6667, 4.0, 9.6667, 4.0, 9.6667, 4.0, 9.6667, 4.0, 9.6667, 4.0, 9.6667, 4.0, 9.6667, 4.0, 9.6667, 5.0, 9.6667, 5.0, 9.6667, 6.0, 10.3333, 6.0, 10.6667, 7.0, 10.6667, 7.0, 11.6667, 8.0, 11.6667, 8.6667, 11.6667, 9.3333, 12.6667, 9.6667, 13.0, 3.0, 9.3333, 12.0, 32.6667, 12.0, 32.3333, 12.0, 31.3333, 12.0, 31.0, 13.0, 30.0, 13.0, 29.6667, 14.0, 29.3333, 15.0, 30.0, 15.3333, 30.3333, 15.3333, 30.6667, 16.3333, 31.3333, 16.3333, 31.3333, 16.3333, 32.0, 17.3333, 32.3333, 16.6667, 32.0, 16.0, 32.0, 16.3333, 31.0, 15.6667, 30.3333, 15.3333, 28.6667, 14.3333, 27.0, 13.0, 25.0, 12.0, 24.0, 10.0, 22.3333, 9.0, 21.3333, 8.0, 19.6667, 6.0, 18.6667, -1.0, 15.3333, -2.0, 13.6667, -1.0, 2.0, -1.0, 0.3333, -1.0, -1.0, -1.0, -1.0, -1.0, -1.0, 0.0, 1.0, 1.6667, 3.6667, 11.6667, 25.3333, 11.0, 24.6667, 11.3333, 24.6667, 10.0, 24.0, 9.0, 24.0, 7.0, 23.6667, 6.0, 23.0, 5.0, 22.6667, 4.0, 23.0, 2.0, 22.6667, 2.0, 22.6667, 1.0, 22.3333, 2.0, 23.0, 2.0, 23.3333, 1.0, 23.0, 1.0, 22.3333, 1.0, 22.6667, 2.0, 23.3333, 2.0, 23.3333, 3.0, 24.0, 4.0, 24.0, 5.0, 25.6667, 7.0, 26.3333, 8.0, 28.0, 10.0, 29.0, 11.0, 30.6667, 12.0, 31.6667, 12.0, 32.6667]",18.321034,12.554753,91.760558
66,66,5c:01:3b:6b:b0:95,-42,256,"[86.0, -32.0, 4.0, 0.0, 5.6667, 12.3333, 5.6667, 12.0, 6.6667, 12.0, 6.6667, 11.6667, 7.0, 11.6667, 7.0, 11.6667, 8.0, 11.3333, 8.3333, 11.0, 9.0, 11.0, 9.0, 11.0, 9.6667, 10.6667, 10.0, 10.6667, 10.0, 11.0, 10.3333, 11.0, 10.0, 11.3333, 10.0, 11.0, 9.3333, 10.6667, 8.3333, 10.3333, 7.6667, 10.0, 6.6667, 9.6667, 5.6667, 9.0, 4.6667, 8.6667, 4.3333, 8.0, 3.6667, 7.6667, 3.0, 7.3333, 0.3333, 1.3333, 0.0, 0.0, 0.0, 0.0, 0.0, 0.0, 0.0, 0.0, 0.0, 0.0, 0.0, 0.0, 0.0, 0.0, 0.0, 0.0, 0.0, 0.0, 1.3333, 1.6667, 5.6667, 8.3333, 5.6667, 8.6667, 5.3333, 9.0, 4.3333, 9.0, 4.3333, 9.3333, 3.3333, 9.0, 2.6667, 9.3333, 2.3333, 9.0, 1.3333, 9.0, 1.0, 9.0, 1.0, 9.0, 0.6667, 9.0, 0.6667, 9.0, 0.6667, 9.0, 1.0, 9.0, 1.0, 9.3333, 1.6667, 9.3333, 2.0, 9.3333, 3.0, 9.6667, 3.3333, 10.3333, 4.0, 10.3333, 4.0, 11.0, 5.0, 11.3333, 5.6667, 11.3333, 6.3333, 12.3333, 6.3333, 12.6667, 1.3333, 8.3333, 6.3333, 29.6667, 6.3333, 29.3333, 6.3333, 28.6667, 6.3333, 28.0, 7.3333, 27.3333, 7.6667, 27.0, 9.0, 27.0, 10.0, 27.6667, 11.0, 28.0, 12.0, 28.6667, 13.6667, 29.3333, 14.6667, 29.3333, 15.0, 30.0, 15.6667, 30.3333, 15.0, 30.0, 14.0, 30.0, 14.0, 29.0, 13.0, 28.3333, 12.0, 27.0, 10.3333, 25.3333, 8.6667, 23.3333, 7.6667, 22.0, 6.0, 20.6667, 5.0, 19.6667, 4.0, 18.0, 2.3333, 16.6667, -3.6667, 13.0, -4.6667, 12.3333, -1.3333, 1.6667, -1.0, 0.3333, -0.6667, -1.0, -1.0, -1.0, -1.0, -1.0, 0.0, 0.6667, 1.3333, 3.3333, 9.6667, 23.0, 8.0, 22.0, 8.3333, 22.3333, 6.3333, 21.6667, 5.0, 21.6667, 3.0, 21.0, 2.0, 20.3333, 0.6667, 20.0, -0.6667, 19.6667, -2.3333, 19.3333, -2.6667, 19.0, -3.6667, 19.0, -3.0, 19.6667, -3.0, 19.6667, -4.0, 19.3333, -4.0, 19.0, -4.0, 19.3333, -3.0, 20.0, -3.0, 20.0, -2.0, 20.6667, -0.6667, 21.0, 0.3333, 22.3333, 2.0, 23.3333, 3.0, 25.0, 4.6667, 26.3333, 5.6667, 27.6667, 6.3333, 28.6667, 6.6667, 29.6667]",16.407123,11.617676,91.760558
67,67,5c:01:3b:6b:b0:95,-39,256,"[86.0, -32.0, 4.0, 0.0, 1.3333, 18.0, 1.6667, 17.3333, 2.6667, 17.3333, 2.6667, 16.6667, 3.0, 16.6667, 3.3333, 16.6667, 4.0, 16.0, 4.6667, 15.3333, 5.3333, 15.3333, 5.3333, 15.0, 5.6667, 14.6667, 6.0, 14.6667, 6.3333, 14.6667, 6.6667, 14.6667, 6.3333, 15.3333, 6.3333, 15.0, 6.0, 14.6667, 5.0, 14.3333, 4.3333, 14.0, 3.6667, 13.6667, 2.6667, 13.0, 1.6667, 12.3333, 1.0, 12.0, 0.6667, 11.3333, 0.3333, 11.0, -0.3333, 2.0, 0.0, 0.0, 0.0, 0.0, 0.0, 0.0, 0.0, 0.0, 0.0, 0.0, 0.0, 0.0, 0.0, 0.0, 0.0, 0.0, 0.0, 0.0, 0.6667, 2.6667, 3.0, 12.3333, 2.6667, 12.6667, 2.3333, 13.3333, 1.3333, 13.3333, 1.0, 14.0, 0.0, 13.6667, -0.6667, 14.3333, -1.3333, 14.3333, -2.0, 14.6667, -2.6667, 14.6667, -3.0, 14.6667, -3.3333, 14.6667, -3.3333, 14.6667, -3.3333, 14.6667, -3.0, 14.6667, -2.6667, 15.0, -2.0, 15.0, -1.6667, 15.0, -1.0, 15.0, -0.3333, 16.0, 0.0, 16.0, 0.3333, 16.6667, 1.0, 17.0, 1.3333, 17.0, 1.6667, 18.0, 1.6667, 18.6667, -1.0, 10.6667, -1.0, 36.3333, -1.0, 35.6667, -1.0, 35.0, -0.6667, 34.0, 0.3333, 33.3333, 1.0, 32.6667, 2.3333, 32.3333, 3.6667, 32.6667, 4.6667, 32.3333, 5.6667, 32.3333, 7.3333, 32.6667, 8.0, 32.6667, 8.6667, 33.0, 9.0, 33.6667, 8.6667, 33.0, 8.0, 33.0, 7.6667, 32.0, 6.6667, 31.6667, 5.6667, 30.6667, 4.3333, 29.3333, 3.0, 27.3333, 2.0, 26.0, 0.6667, 25.0, 0.0, 24.0, -1.0, 22.6667, -2.3333, 21.3333, -7.6667, 18.3333, -8.6667, 18.0, -2.0, 2.6667, -1.0, 0.6667, -0.3333, -1.0, -1.0, -1.0, -0.6667, -1.0, 0.0, 0.6667, 0.6667, 4.0, 5.3333, 25.3333, 3.6667, 24.6667, 3.3333, 26.0, 1.3333, 25.6667, -0.3333, 26.6667, -2.0, 26.6667, -3.3333, 26.3333, -5.0, 26.6667, -6.3333, 26.6667, -8.0, 27.0, -8.6667, 26.6667, -9.6667, 27.3333, -9.3333, 27.6667, -9.3333, 27.6667, -10.3333, 27.3333, -10.3333, 27.3333, -10.3333, 27.6667, -9.6667, 28.3333, -9.3333, 28.3333, -8.3333, 28.6667, -7.0, 29.0, -6.0, 30.0, -4.6667, 30.6667, -3.6667, 32.0, -2.3333, 33.3333, -1.3333, 34.3333, -1.0, 35.3333, -0.6667, 36.3333]",20.150186,12.426465,91.760558
68,68,5c:01:3b:6b:b0:95,-39,256,"[86.0, -32.0, 4.0, 0.0, -3.0, 12.0, -2.3333, 11.6667, -1.3333, 11.6667, -1.3333, 11.3333, -1.0, 11.3333, -0.3333, 11.3333, 0.0, 11.0, 1.0, 10.6667, 1.6667, 10.6667, 1.6667, 11.0, 1.6667, 11.0, 2.0, 11.0, 2.6667, 11.0, 3.0, 11.0, 2.6667, 11.3333, 2.6667, 11.3333, 2.6667, 11.0, 1.6667, 10.3333, 1.0, 10.0, 0.6667, 9.3333, -0.3333, 9.0, -1.3333, 8.6667, -2.3333, 8.0, -2.3333, 7.6667, -2.3333, 7.0, -1.0, 1.0, 0.0, 0.0, 0.0, 0.0, 0.0, 0.0, 0.0, 0.0, 0.0, 0.0, 0.0, 0.0, 0.0, 0.0, 0.0, 0.0, 0.0, 0.0, 0.0, 2.0, 0.3333, 8.3333, -0.3333, 8.3333, -0.6667, 8.6667, -1.6667, 8.6667, -2.3333, 9.0, -3.3333, 8.3333, -4.0, 8.6667, -5.0, 8.6667, -5.3333, 8.3333, -6.3333, 8.3333, -7.0, 8.3333, -7.3333, 8.3333, -7.3333, 8.3333, -7.3333, 8.3333, -7.0, 8.3333, -6.3333, 9.0, -5.6667, 9.0, -5.3333, 9.0, -5.0, 9.0, -4.0, 10.0, -4.0, 10.0, -3.3333, 10.3333, -3.0, 11.0, -3.0, 11.0, -3.0, 12.0, -3.0, 12.3333, -3.3333, 7.3333, -8.3333, 26.6667, -8.3333, 26.3333, -8.3333, 26.0, -7.6667, 25.0, -6.6667, 24.6667, -5.6667, 24.3333, -4.3333, 24.6667, -2.6667, 25.3333, -1.6667, 25.6667, -0.6667, 26.6667, 1.0, 27.3333, 1.3333, 27.3333, 2.3333, 28.0, 2.3333, 28.3333, 2.3333, 28.0, 2.0, 28.0, 1.3333, 27.0, 0.3333, 26.3333, -0.6667, 25.3333, -1.6667, 23.6667, -2.6667, 21.6667, -3.6667, 20.0, -4.6667, 19.0, -5.0, 18.0, -6.0, 16.3333, -7.0, 14.6667, -11.6667, 10.6667, -12.6667, 10.3333, -2.6667, 1.3333, -1.0, 0.3333, 0.0, -1.0, -1.0, -1.0, -0.3333, -1.0, 0.0, 0.3333, 0.0, 3.0, 1.0, 20.6667, -0.6667, 19.3333, -1.6667, 20.0, -3.6667, 19.3333, -5.6667, 19.3333, -7.0, 18.3333, -8.6667, 17.6667, -10.6667, 17.3333, -12.0, 16.3333, -13.6667, 16.0, -14.6667, 15.3333, -15.6667, 15.6667, -15.6667, 16.3333, -15.6667, 15.6667, -16.6667, 15.6667, -16.6667, 15.6667, -16.6667, 15.6667, -16.3333, 16.6667, -15.6667, 16.6667, -14.6667, 17.3333, -13.3333, 18.0, -12.3333, 19.0, -11.3333, 20.3333, -10.3333, 22.0, -9.3333, 23.6667, -8.3333, 24.6667, -8.3333, 25.6667, -8.0, 26.6667]",15.289186,10.937457,91.760558
69,69,5c:01:3b:6b:b0:95,-42,256,"[86.0, -32.0, 4.0, 0.0, -4.0, 12.3333, -3.0, 12.0, -2.0, 12.0, -2.0, 11.6667, -2.0, 11.6667, -1.0, 11.6667, -1.0, 11.3333, 0.0, 11.0, 1.0, 11.0, 1.0, 11.0, 1.0, 11.3333, 1.0, 11.3333, 2.0, 11.3333, 2.0, 11.3333, 2.0, 11.6667, 2.0, 11.6667, 2.0, 11.0, 1.0, 10.6667, 0.0, 10.0, 0.0, 9.6667, -1.0, 9.0, -2.0, 8.6667, -3.0, 8.3333, -3.0, 7.6667, -3.0, 7.3333, -1.0, 1.3333, 0.0, 0.0, 0.0, 0.0, 0.0, 0.0, 0.0, 0.0, 0.0, 0.0, 0.0, 0.0, 0.0, 0.0, 0.0, 0.0, 0.0, 0.0, 0.0, 2.0, 0.0, 8.6667, -1.0, 8.6667, -1.0, 9.0, -2.0, 9.0, -3.0, 9.3333, -4.0, 9.0, -5.0, 9.0, -6.0, 9.0, -6.0, 9.0, -7.0, 9.0, -8.0, 9.0, -8.0, 9.0, -8.0, 9.0, -8.0, 9.0, -8.0, 9.0, -7.0, 9.3333, -6.0, 9.3333, -6.0, 9.3333, -6.0, 9.3333, -5.0, 10.3333, -5.0, 10.3333, -4.0, 11.0, -4.0, 11.3333, -4.0, 11.3333, -4.0, 12.3333, -4.0, 12.6667, -4.0, 8.0, -10.0, 28.0, -10.0, 27.6667, -10.0, 27.3333, -9.0, 26.3333, -8.0, 26.0, -7.0, 25.6667, -6.0, 26.0, -4.0, 26.6667, -3.0, 27.0, -2.0, 27.6667, 0.0, 28.3333, 0.0, 28.6667, 1.0, 29.3333, 1.0, 29.6667, 1.0, 29.0, 1.0, 29.0, 0.0, 28.0, -1.0, 27.3333, -2.0, 26.3333, -3.0, 24.3333, -4.0, 22.3333, -5.0, 20.6667, -6.0, 19.6667, -6.0, 18.6667, -7.0, 17.0, -8.0, 15.6667, -13.0, 11.0, -14.0, 9.6667, -3.0, 1.3333, -1.0, 0.0, 0.0, -1.0, -1.0, -1.0, 0.0, -1.0, 0.0, 0.6667, 0.0, 3.3333, 0.0, 22.0, -2.0, 21.0, -3.0, 21.6667, -5.0, 20.6667, -7.0, 20.6667, -8.0, 20.0, -10.0, 19.3333, -12.0, 19.0, -13.0, 18.3333, -15.0, 18.3333, -16.0, 17.6667, -17.0, 17.6667, -17.0, 18.3333, -17.0, 18.0, -18.0, 17.6667, -18.0, 17.3333, -18.0, 17.6667, -18.0, 18.3333, -17.0, 18.6667, -16.0, 19.3333, -15.0, 20.0, -14.0, 21.0, -13.0, 22.0, -12.0, 23.6667, -11.0, 25.3333, -10.0, 26.3333, -10.0, 27.3333, -10.0, 28.3333]",16.249366,11.400412,91.760558
70,70,5c:01:3b:6b:b0:95,-42,256,"[86.0, -32.0, 4.0, 0.0, -6.3333, 6.6667, -5.6667, 6.6667, -4.6667, 6.6667, -4.3333, 6.6667, -4.3333, 6.6667, -3.3333, 6.6667, -3.3333, 6.6667, -2.3333, 6.6667, -1.3333, 6.6667, -1.3333, 7.0, -1.3333, 7.6667, -1.0, 7.6667, -0.3333, 7.6667, -0.3333, 7.6667, -0.3333, 7.6667, -0.3333, 7.6667, -0.3333, 7.0, -1.3333, 6.6667, -2.0, 6.0, -2.3333, 5.6667, -3.0, 5.0, -4.0, 5.0, -4.6667, 4.6667, -4.6667, 4.0, -4.6667, 3.6667, -1.3333, 0.6667, 0.0, 0.0, 0.0, 0.0, 0.0, 0.0, 0.0, 0.0, 0.0, 0.0, 0.0, 0.0, 0.0, 0.0, 0.0, 0.0, 0.0, 0.0, -0.6667, 1.0, -1.6667, 4.6667, -2.6667, 4.6667, -3.0, 4.6667, -4.0, 4.6667, -5.0, 4.6667, -6.0, 4.3333, -7.0, 3.6667, -7.6667, 3.6667, -8.0, 3.3333, -8.6667, 3.3333, -9.3333, 3.3333, -9.3333, 3.3333, -9.3333, 3.3333, -9.3333, 3.3333, -9.3333, 3.3333, -8.6667, 3.6667, -8.0, 3.6667, -8.0, 3.6667, -8.0, 3.6667, -7.3333, 4.6667, -7.3333, 4.6667, -6.6667, 5.3333, -6.3333, 5.6667, -6.3333, 5.6667, -6.3333, 6.6667, -6.3333, 6.6667, -6.0, 5.3333, -16.0, 19.6667, -16.0, 19.6667, -16.0, 19.6667, -15.0, 18.6667, -13.6667, 18.6667, -12.6667, 18.6667, -11.6667, 19.6667, -10.0, 20.6667, -8.6667, 21.6667, -7.6667, 23.0, -5.6667, 24.0, -5.6667, 24.6667, -5.0, 25.6667, -5.0, 25.6667, -4.6667, 25.0, -5.0, 25.0, -5.6667, 24.0, -6.3333, 23.0, -7.3333, 22.0, -8.3333, 19.3333, -9.0, 17.3333, -9.6667, 15.3333, -10.3333, 14.3333, -10.3333, 13.3333, -11.0, 11.3333, -11.6667, 10.0, -17.0, 3.6667, -17.6667, 2.0, -3.6667, 0.0, -1.3333, -0.6667, 0.0, -1.0, -0.6667, -1.0, 0.0, -1.0, -0.3333, 0.6667, -1.0, 2.6667, -5.0, 18.6667, -7.0, 17.3333, -7.0, 17.3333, -9.0, 15.6667, -11.3333, 14.6667, -12.6667, 13.3333, -14.6667, 12.3333, -16.6667, 11.3333, -17.6667, 10.0, -19.6667, 9.6667, -20.6667, 8.6667, -21.3333, 8.0, -21.6667, 9.0, -21.6667, 8.6667, -22.6667, 8.0, -22.6667, 7.3333, -22.6667, 8.0, -22.6667, 8.3333, -21.6667, 9.0, -21.0, 10.0, -20.0, 11.0, -19.3333, 12.0, -18.3333, 13.3333, -17.6667, 15.3333, -16.6667, 17.3333, -16.0, 18.3333, -16.0, 19.3333, -16.0, 20.3333]",13.74657,11.034536,91.760558
71,71,5c:01:3b:6b:b0:95,-39,256,"[86.0, -32.0, 4.0, 0.0, -8.6667, 12.3333, -8.3333, 12.0, -7.3333, 11.6667, -6.6667, 11.3333, -6.6667, 11.3333, -5.6667, 11.0, -5.6667, 11.0, -4.6667, 10.6667, -3.6667, 10.3333, -3.6667, 10.3333, -3.6667, 10.6667, -3.0, 10.6667, -2.6667, 11.0, -2.6667, 11.0, -2.6667, 11.0, -2.6667, 11.0, -2.6667, 10.3333, -3.6667, 10.3333, -4.0, 9.6667, -4.6667, 9.3333, -5.0, 8.6667, -6.0, 8.3333, -6.3333, 8.3333, -6.3333, 7.3333, -6.3333, 7.3333, -1.6667, 1.6667, 0.0, 0.0, 0.0, 0.0, 0.0, 0.0, 0.0, 0.0, 0.0, 0.0, 0.0, 0.0, 0.0, 0.0, 0.0, 0.0, 0.0, 0.0, -1.3333, 1.6667, -3.3333, 7.6667, -4.3333, 8.0, -5.0, 8.3333, -6.0, 9.0, -7.0, 9.0, -8.0, 9.3333, -9.0, 8.6667, -9.3333, 8.6667, -10.0, 8.6667, -10.3333, 8.6667, -10.6667, 8.6667, -10.6667, 8.6667, -10.6667, 8.6667, -10.6667, 8.6667, -10.6667, 8.6667, -10.3333, 8.6667, -10.0, 9.0, -10.0, 9.0, -10.0, 9.0, -9.6667, 10.0, -9.6667, 10.0, -9.3333, 11.0, -8.6667, 11.0, -8.6667, 11.3333, -8.6667, 12.3333, -8.6667, 12.3333, -8.0, 7.6667, -22.0, 27.0, -22.0, 27.0, -22.0, 26.6667, -21.0, 25.6667, -19.3333, 25.3333, -18.3333, 25.0, -17.3333, 25.6667, -16.0, 26.3333, -14.3333, 27.3333, -13.3333, 28.0, -11.3333, 28.6667, -11.3333, 29.0, -11.0, 29.6667, -11.0, 29.6667, -10.3333, 29.0, -11.0, 29.0, -11.3333, 28.3333, -11.6667, 27.6667, -12.6667, 26.6667, -13.6667, 24.0, -14.0, 22.0, -14.3333, 20.0, -14.6667, 19.0, -14.6667, 18.0, -15.0, 16.0, -15.3333, 14.6667, -21.0, 8.3333, -21.3333, 6.3333, -4.3333, 0.6667, -1.6667, -0.6667, 0.0, -1.0, -0.3333, -1.0, 0.0, -1.0, -0.6667, 1.0, -2.0, 3.3333, -10.0, 22.3333, -12.0, 21.6667, -11.0, 22.0, -13.0, 20.6667, -15.6667, 20.0, -17.3333, 19.3333, -19.3333, 19.0, -21.3333, 18.3333, -22.3333, 17.6667, -24.3333, 17.3333, -25.3333, 16.6667, -25.6667, 16.3333, -26.3333, 17.0, -26.3333, 17.0, -27.3333, 16.3333, -27.3333, 15.6667, -27.3333, 16.3333, -27.3333, 16.6667, -26.3333, 17.3333, -26.0, 18.0, -25.0, 19.0, -24.6667, 20.0, -23.6667, 21.0, -23.3333, 22.6667, -22.3333, 24.6667, -22.0, 25.6667, -22.0, 26.6667, -22.0, 27.6667]",18.802779,12.774919,91.760558
72,72,5c:01:3b:6b:b0:95,-42,256,"[86.0, -32.0, 4.0, 0.0, -7.6667, 17.6667, -7.6667, 17.3333, -7.0, 16.6667, -6.0, 16.0, -6.0, 16.0, -5.0, 15.6667, -4.6667, 15.6667, -4.0, 15.3333, -3.0, 14.6667, -3.0, 14.6667, -2.6667, 14.6667, -2.0, 15.0, -2.0, 15.3333, -2.0, 15.3333, -2.0, 15.3333, -2.0, 15.0, -2.0, 14.6667, -3.0, 14.3333, -3.3333, 13.6667, -4.0, 13.3333, -4.3333, 12.6667, -5.3333, 12.0, -5.6667, 11.6667, -5.6667, 11.0, -6.0, 11.0, -1.6667, 2.3333, 0.0, 0.0, 0.0, 0.0, 0.0, 0.0, 0.0, 0.0, 0.0, 0.0, 0.0, 0.0, 0.0, 0.0, 0.0, 0.0, 0.0, 0.0, -1.3333, 2.6667, -3.0, 11.3333, -3.6667, 11.6667, -4.6667, 12.3333, -5.6667, 13.0, -6.6667, 13.3333, -7.6667, 14.0, -8.3333, 13.6667, -8.6667, 14.0, -9.6667, 14.0, -10.0, 14.3333, -10.0, 14.6667, -10.0, 14.6667, -10.0, 14.6667, -10.0, 14.6667, -10.0, 14.6667, -10.0, 14.6667, -9.6667, 15.0, -9.3333, 14.6667, -9.3333, 14.6667, -9.0, 15.3333, -9.0, 15.3333, -8.6667, 16.3333, -8.0, 16.3333, -8.0, 16.6667, -7.6667, 17.6667, -7.6667, 17.6667, -7.3333, 10.3333, -20.3333, 35.3333, -20.6667, 35.3333, -20.6667, 34.6667, -19.6667, 33.6667, -18.0, 33.0, -17.0, 32.0, -16.0, 32.0, -15.0, 32.0, -13.0, 32.3333, -12.0, 32.0, -10.0, 32.3333, -9.3333, 32.6667, -9.3333, 33.0, -9.3333, 33.0, -9.0, 32.6667, -9.6667, 32.3333, -10.0, 32.0, -10.3333, 31.3333, -11.3333, 30.6667, -12.3333, 28.6667, -13.0, 27.3333, -13.3333, 25.6667, -13.3333, 24.6667, -13.6667, 23.6667, -14.0, 22.0, -14.3333, 20.6667, -20.0, 17.0, -20.3333, 15.3333, -4.3333, 2.3333, -1.6667, 0.0, 0.0, -1.0, -0.3333, -1.0, -0.3333, -1.0, -0.6667, 1.0, -2.0, 3.6667, -8.6667, 25.0, -10.6667, 24.6667, -9.6667, 25.0, -12.0, 25.0, -14.6667, 25.3333, -16.6667, 25.6667, -18.3333, 26.3333, -20.3333, 26.6667, -21.6667, 26.6667, -23.6667, 26.6667, -24.6667, 26.6667, -24.6667, 26.6667, -25.3333, 27.3333, -25.3333, 27.6667, -26.0, 27.3333, -26.0, 27.0, -26.0, 27.3333, -26.0, 27.6667, -25.3333, 28.0, -25.0, 28.3333, -24.0, 29.0, -23.6667, 29.6667, -22.6667, 30.3333, -22.3333, 31.6667, -21.0, 33.0, -20.6667, 33.6667, -20.3333, 35.0, -20.0, 35.6667]",22.388561,13.873145,91.760558
73,73,5c:01:3b:6b:b0:95,-43,256,"[86.0, -32.0, 4.0, 0.0, -0.3333, 23.0, -0.3333, 22.3333, 0.0, 21.3333, 0.6667, 20.3333, 1.0, 20.3333, 1.6667, 19.6667, 2.0, 19.6667, 2.6667, 19.0, 3.3333, 18.0, 3.3333, 18.0, 3.6667, 17.3333, 4.3333, 17.6667, 4.3333, 18.3333, 4.0, 18.3333, 4.0, 18.3333, 4.0, 18.0, 4.0, 18.0, 3.0, 17.6667, 2.3333, 17.3333, 1.6667, 16.6667, 1.0, 16.3333, 0.0, 15.3333, -0.6667, 15.0, -1.0, 14.6667, -1.3333, 14.6667, -0.6667, 3.0, 0.0, 0.0, 0.0, 0.0, 0.0, 0.0, 0.0, 0.0, 0.0, 0.0, 0.0, 0.0, 0.0, 0.0, 0.0, 0.0, 0.0, 0.0, 0.0, 3.3333, 2.3333, 14.0, 1.6667, 14.6667, 1.0, 15.6667, 0.3333, 17.0, -0.6667, 17.6667, -1.3333, 18.6667, -1.6667, 18.6667, -2.3333, 19.3333, -3.3333, 19.3333, -3.6667, 20.0, -3.6667, 20.6667, -3.6667, 20.6667, -3.6667, 20.6667, -3.6667, 20.6667, -3.6667, 20.6667, -3.6667, 20.6667, -3.3333, 21.0, -2.6667, 20.3333, -2.6667, 20.3333, -2.0, 20.6667, -1.6667, 20.6667, -1.3333, 21.6667, -1.0, 21.6667, -0.6667, 22.0, 0.0, 23.0, 0.0, 23.0, -2.6667, 13.0, -5.6667, 43.6667, -6.0, 43.6667, -6.3333, 42.6667, -5.6667, 41.6667, -4.6667, 40.6667, -3.6667, 39.0, -3.0, 38.3333, -2.0, 37.6667, -0.3333, 37.3333, 0.6667, 36.0, 2.6667, 36.0, 3.6667, 35.6667, 3.6667, 35.6667, 3.6667, 35.6667, 3.3333, 35.6667, 3.0, 35.3333, 2.3333, 35.3333, 1.6667, 35.0, 0.3333, 34.6667, -1.0, 33.3333, -2.0, 32.6667, -2.6667, 31.3333, -3.3333, 30.3333, -4.0, 29.3333, -5.0, 28.0, -5.6667, 26.6667, -11.6667, 25.6667, -12.6667, 24.3333, -3.0, 4.0, -1.3333, 0.6667, -0.3333, -1.0, -0.6667, -1.0, -0.6667, -1.0, 0.0, 1.0, 0.0, 4.0, 2.0, 27.3333, 0.0, 27.6667, 1.0, 28.0, -1.3333, 29.3333, -3.3333, 30.6667, -5.3333, 32.0, -6.3333, 33.6667, -8.3333, 35.0, -9.6667, 35.6667, -11.3333, 36.0, -12.0, 36.6667, -12.3333, 37.0, -12.3333, 37.6667, -12.3333, 38.3333, -12.6667, 38.3333, -13.0, 38.3333, -13.0, 38.3333, -13.0, 38.6667, -12.6667, 38.6667, -12.0, 38.6667, -11.0, 39.0, -10.3333, 39.3333, -9.3333, 39.6667, -8.3333, 40.6667, -7.0, 41.3333, -6.3333, 41.6667, -5.6667, 43.3333, -5.0, 43.6667]",24.659582,14.301308,91.760558
74,74,5c:01:3b:6b:b0:95,-43,256,"[86.0, -32.0, 4.0, 0.0, 3.0, 19.6667, 3.0, 19.3333, 3.0, 18.3333, 3.6667, 17.6667, 4.0, 17.3333, 4.6667, 17.0, 5.3333, 16.6667, 5.6667, 16.0, 6.3333, 15.0, 6.3333, 15.0, 7.0, 14.3333, 7.3333, 14.6667, 7.3333, 15.0, 7.0, 15.0, 7.0, 15.0, 7.0, 14.6667, 7.0, 15.0, 6.0, 14.6667, 5.0, 14.3333, 4.6667, 14.0, 3.6667, 14.0, 2.6667, 13.3333, 1.6667, 13.0, 1.3333, 13.0, 0.6667, 13.0, -0.3333, 2.6667, 0.0, 0.0, 0.0, 0.0, 0.0, 0.0, 0.0, 0.0, 0.0, 0.0, 0.0, 0.0, 0.0, 0.0, 0.0, 0.0, 0.0, 0.0, 0.6667, 2.6667, 4.3333, 11.6667, 4.0, 12.3333, 3.3333, 13.3333, 2.6667, 14.3333, 1.6667, 15.6667, 1.0, 16.6667, 1.0, 17.0, 0.0, 17.6667, -1.0, 18.0, -1.6667, 19.0, -1.6667, 20.0, -1.6667, 20.0, -1.6667, 20.0, -1.6667, 20.0, -1.6667, 19.6667, -1.6667, 19.6667, -1.0, 19.6667, 0.0, 18.6667, 0.0, 18.6667, 1.0, 18.6667, 1.3333, 18.6667, 2.0, 19.3333, 2.0, 19.0, 2.3333, 19.0, 3.3333, 20.0, 3.3333, 20.0, 0.0, 12.3333, 2.0, 41.0, 1.3333, 40.6667, 1.0, 40.0, 1.6667, 39.0, 2.3333, 38.0, 3.3333, 36.3333, 4.0, 35.3333, 5.0, 34.0, 6.6667, 32.6667, 7.6667, 31.0, 9.6667, 30.3333, 11.3333, 30.0, 11.3333, 30.0, 11.3333, 30.3333, 10.3333, 30.0, 10.3333, 30.0, 9.3333, 30.0, 8.3333, 29.6667, 7.0, 30.0, 5.6667, 29.3333, 4.0, 29.3333, 3.0, 28.6667, 2.3333, 28.0, 1.3333, 27.3333, 0.0, 27.0, -1.0, 26.3333, -6.6667, 28.3333, -8.0, 27.6667, -2.3333, 4.6667, -1.0, 1.0, -0.3333, -1.0, -1.0, -1.0, -1.0, -1.0, 0.3333, 0.6667, 1.0, 3.3333, 8.3333, 23.0, 6.3333, 24.0, 6.3333, 24.0, 3.6667, 26.0, 2.0, 28.3333, 0.0, 30.3333, -0.6667, 32.3333, -2.6667, 34.3333, -4.3333, 35.6667, -6.0, 36.6667, -6.6667, 37.6667, -7.0, 38.0, -6.6667, 39.0, -6.6667, 39.6667, -6.6667, 40.0, -7.0, 40.0, -7.0, 40.0, -7.0, 40.0, -7.0, 39.6667, -6.0, 39.3333, -5.0, 39.3333, -4.0, 39.3333, -3.0, 39.0, -1.6667, 39.6667, 0.0, 39.3333, 1.0, 39.3333, 2.0, 40.6667, 3.0, 41.0]",22.907999,13.883461,91.760558
75,75,5c:01:3b:6b:b0:95,-42,256,"[86.0, -32.0, 4.0, 0.0, 3.0, 11.6667, 3.0, 11.3333, 2.6667, 11.0, 3.0, 10.6667, 3.3333, 10.3333, 3.3333, 10.3333, 3.6667, 10.0, 3.6667, 9.6667, 3.6667, 9.3333, 3.6667, 9.3333, 3.6667, 9.0, 4.0, 9.0, 4.0, 9.3333, 3.6667, 9.3333, 3.6667, 9.3333, 4.0, 9.3333, 4.0, 9.3333, 3.6667, 9.0, 3.3333, 8.6667, 3.0, 8.3333, 2.6667, 8.3333, 2.3333, 8.0, 1.6667, 7.6667, 1.6667, 7.3333, 1.3333, 7.3333, 0.0, 1.3333, 0.0, 0.0, 0.0, 0.0, 0.0, 0.0, 0.0, 0.0, 0.0, 0.0, 0.0, 0.0, 0.0, 0.0, 0.0, 0.0, 0.0, 0.0, 0.3333, 1.3333, 2.6667, 7.0, 2.6667, 7.3333, 2.3333, 8.0, 2.3333, 8.6667, 2.0, 9.3333, 2.0, 9.6667, 2.3333, 9.6667, 2.0, 9.6667, 1.3333, 10.0, 1.3333, 10.3333, 1.3333, 11.0, 1.3333, 11.0, 1.3333, 11.0, 1.3333, 11.0, 1.3333, 10.6667, 1.3333, 10.6667, 1.3333, 11.0, 2.0, 10.3333, 2.0, 10.3333, 2.3333, 10.6667, 2.6667, 10.6667, 3.0, 11.3333, 2.6667, 11.0, 2.6667, 11.3333, 3.3333, 12.0, 3.3333, 12.0, 1.3333, 7.0, 5.3333, 24.0, 5.3333, 23.3333, 5.0, 22.6667, 5.0, 22.3333, 5.3333, 21.6667, 5.6667, 21.0, 5.6667, 21.0, 6.0, 20.3333, 6.3333, 20.0, 6.3333, 19.3333, 7.0, 19.3333, 7.6667, 19.0, 7.6667, 19.0, 7.6667, 19.3333, 7.0, 19.0, 7.3333, 19.0, 7.0, 18.6667, 6.6667, 18.6667, 6.0, 18.6667, 5.6667, 17.6667, 5.0, 17.3333, 4.6667, 16.6667, 4.0, 16.0, 3.3333, 15.3333, 3.0, 15.0, 2.6667, 14.3333, 1.0, 14.3333, 0.3333, 13.3333, -0.6667, 2.0, -0.6667, 0.3333, -0.6667, -0.6667, -1.0, -1.0, -0.6667, -1.0, 0.0, 0.3333, 0.6667, 2.0, 6.0, 14.6667, 5.3333, 15.0, 5.0, 15.0, 4.3333, 15.6667, 4.0, 16.6667, 3.3333, 17.3333, 3.3333, 18.0, 2.6667, 19.0, 2.3333, 19.3333, 2.0, 19.6667, 2.0, 20.0, 1.6667, 20.0, 2.0, 20.6667, 2.0, 20.6667, 2.0, 21.0, 2.0, 20.6667, 2.0, 20.6667, 2.0, 21.0, 1.6667, 21.0, 2.3333, 21.0, 2.6667, 21.0, 3.3333, 21.3333, 3.6667, 21.3333, 4.3333, 22.0, 4.6667, 22.3333, 5.0, 22.6667, 5.3333, 23.3333, 6.0, 23.6667]",13.641724,9.905222,91.760558
76,76,5c:01:3b:6b:b0:95,-43,256,"[86.0, -32.0, 4.0, 0.0, -1.0, 3.6667, -1.0, 3.6667, -1.6667, 4.0, -1.3333, 4.0, -1.3333, 3.6667, -1.6667, 4.3333, -1.3333, 4.0, -2.0, 4.3333, -2.3333, 4.6667, -2.3333, 4.6667, -2.6667, 5.0, -2.6667, 5.0, -2.6667, 5.0, -2.6667, 5.0, -2.6667, 5.0, -2.0, 5.0, -2.0, 4.6667, -1.6667, 4.0, -1.3333, 3.3333, -1.3333, 3.3333, -1.0, 3.0, -0.6667, 3.0, -1.0, 2.3333, -0.3333, 1.6667, -0.6667, 1.6667, -0.3333, 0.0, 0.0, 0.0, 0.0, 0.0, 0.0, 0.0, 0.0, 0.0, 0.0, 0.0, 0.0, 0.0, 0.0, 0.0, 0.0, 0.0, 0.0, 0.0, -0.6667, 0.3333, -2.3333, 3.3333, -1.6667, 3.0, -2.0, 3.3333, -1.6667, 3.0, -1.3333, 3.0, -1.0, 2.6667, -0.6667, 2.3333, -1.0, 1.6667, -1.6667, 2.0, -1.6667, 1.6667, -2.0, 2.0, -2.0, 2.0, -2.0, 2.0, -2.0, 2.0, -2.0, 1.6667, -2.0, 1.6667, -1.6667, 2.3333, -1.0, 2.0, -1.0, 2.0, -1.0, 2.6667, -0.6667, 2.6667, -0.3333, 3.3333, -0.6667, 3.0, -1.3333, 3.6667, -1.0, 4.0, -1.0, 4.0, -0.3333, 1.6667, 0.0, 7.0, -0.3333, 6.0, -0.3333, 5.3333, 0.0, 5.6667, 0.3333, 5.3333, 0.6667, 5.6667, 1.0, 6.6667, 1.0, 6.6667, 0.3333, 7.3333, -0.6667, 7.6667, -1.3333, 8.3333, -1.3333, 8.6667, -1.3333, 8.6667, -1.3333, 9.0, -1.6667, 8.6667, -1.0, 8.3333, -0.6667, 7.6667, -0.3333, 7.6667, 0.0, 7.3333, 1.0, 6.0, 1.0, 5.3333, 1.0, 4.6667, 0.6667, 4.0, 0.0, 3.3333, 0.0, 3.0, -0.3333, 2.3333, -1.6667, 0.3333, -2.0, -1.0, -1.0, -0.6667, -0.6667, -0.3333, -0.3333, -0.3333, -1.0, -1.0, -0.3333, -1.0, -0.6667, 0.0, -0.6667, 0.6667, -0.6667, 6.6667, 0.0, 6.0, -1.6667, 6.0, -0.6667, 5.3333, -0.3333, 5.0, -1.0, 4.3333, -1.6667, 3.6667, -2.0, 3.6667, -2.6667, 3.0, -3.0, 2.6667, -3.3333, 2.3333, -3.6667, 2.0, -3.6667, 2.3333, -3.6667, 1.6667, -4.0, 2.0, -3.6667, 1.3333, -3.6667, 1.3333, -3.3333, 2.0, -3.6667, 2.3333, -3.0, 2.6667, -2.6667, 2.6667, -2.0, 3.3333, -1.6667, 3.6667, -1.3333, 4.3333, -0.6667, 5.3333, -0.3333, 6.0, -0.3333, 6.0, 0.3333, 6.3333]",4.630304,8.028781,91.760558
77,77,5c:01:3b:6b:b0:95,-43,256,"[86.0, -32.0, 4.0, 0.0, -1.0, 1.3333, -1.0, 1.3333, -2.0, 2.3333, -2.0, 2.3333, -2.0, 2.3333, -3.0, 3.0, -3.0, 3.0, -4.0, 4.0, -5.0, 5.0, -5.0, 5.3333, -6.0, 6.0, -6.0, 6.3333, -6.0, 6.0, -6.0, 6.0, -6.0, 6.0, -5.0, 5.6667, -5.0, 5.0, -4.0, 3.6667, -3.0, 2.6667, -3.0, 2.6667, -2.0, 1.6667, -1.0, 1.6667, -1.0, 0.6667, 0.0, 0.0, 0.0, -0.3333, 0.0, -0.6667, 0.0, 0.0, 0.0, 0.0, 0.0, 0.0, 0.0, 0.0, 0.0, 0.0, 0.0, 0.0, 0.0, 0.0, 0.0, 0.0, 0.0, 0.0, -1.0, 0.3333, -4.0, 3.6667, -3.0, 3.0, -3.0, 2.6667, -2.0, 1.6667, -1.0, 1.0, 0.0, 0.0, 0.3333, -1.0, 0.0, -2.0, -0.6667, -2.0, -0.3333, -2.6667, -1.0, -2.6667, -1.0, -2.6667, -1.0, -2.6667, -1.0, -2.6667, -1.0, -3.0, -1.0, -3.0, -0.6667, -2.0, 0.0, -2.0, 0.0, -1.6667, -0.3333, -1.0, 0.3333, -0.6667, 0.3333, 0.0, 0.0, 0.3333, -1.0, 1.6667, -1.0, 1.6667, -1.0, 1.6667, 0.0, -0.6667, 1.6667, -0.6667, 1.3333, -1.6667, 1.3333, -2.3333, 1.6667, -1.6667, 1.6667, -1.6667, 2.0, -1.0, 2.3333, 0.6667, 2.0, 1.6667, 0.0, 3.6667, -2.0, 4.6667, -4.0, 6.6667, -5.0, 8.0, -5.0, 8.0, -5.0, 8.0, -5.0, 7.6667, -4.0, 6.6667, -3.0, 6.0, -2.0, 5.6667, -1.0, 4.3333, 1.0, 2.6667, 2.0, 1.3333, 2.3333, 0.3333, 1.6667, -0.6667, 1.0, -1.6667, 1.0, -3.0, 0.6667, -4.0, -1.0, -9.3333, -1.3333, -11.3333, -0.6667, -2.6667, -0.6667, -1.0, -0.3333, -0.3333, -1.0, -1.0, 0.0, -1.0, -1.0, 0.0, -1.0, 0.6667, -3.0, 6.0, -1.0, 4.0, -3.0, 4.3333, 0.0, 2.3333, 1.3333, 0.0, 0.6667, -1.6667, -0.3333, -3.3333, -0.3333, -4.6667, -1.0, -6.6667, -1.0, -7.6667, -1.3333, -8.3333, -2.0, -9.0, -2.0, -9.0, -2.0, -9.6667, -2.6667, -10.0, -2.3333, -10.6667, -2.3333, -11.0, -1.6667, -10.3333, -2.0, -9.3333, -1.3333, -8.3333, -1.0, -8.3333, -0.3333, -7.0, 0.0, -6.0, 0.3333, -5.0, 1.0, -3.0, 1.3333, -1.6667, 1.0, -1.3333, 1.6667, -1.0]",4.659393,8.348171,91.760558
78,78,5c:01:3b:6b:b0:95,-43,256,"[86.0, -32.0, 4.0, 0.0, -4.6667, 3.6667, -4.6667, 3.6667, -5.0, 4.6667, -5.0, 4.6667, -5.0, 4.6667, -5.6667, 5.0, -5.6667, 5.0, -6.3333, 6.0, -7.0, 7.0, -7.0, 7.6667, -7.6667, 8.0, -7.6667, 8.6667, -7.6667, 8.0, -7.6667, 8.0, -7.6667, 8.0, -7.0, 7.3333, -7.0, 7.0, -6.0, 5.3333, -5.3333, 4.3333, -5.3333, 4.3333, -4.3333, 3.3333, -3.3333, 3.3333, -3.3333, 2.3333, -2.6667, 2.0, -2.3333, 1.3333, -0.6667, -0.3333, 0.0, 0.0, 0.0, 0.0, 0.0, 0.0, 0.0, 0.0, 0.0, 0.0, 0.0, 0.0, 0.0, 0.0, 0.0, 0.0, 0.0, 0.0, -1.6667, 0.6667, -5.3333, 5.3333, -4.6667, 5.0, -5.0, 4.3333, -4.3333, 3.3333, -3.6667, 3.0, -3.0, 2.0, -3.0, 1.0, -3.6667, 0.0, -4.3333, 0.0, -4.3333, -0.3333, -5.0, -0.3333, -5.0, -0.3333, -4.6667, -0.3333, -4.6667, -0.3333, -5.0, -1.0, -5.0, -1.0, -4.3333, 0.0, -3.6667, 0.0, -3.6667, 0.6667, -4.0, 1.0, -3.3333, 1.6667, -3.6667, 2.0, -3.6667, 2.6667, -4.3333, 4.3333, -4.3333, 4.3333, -4.3333, 4.3333, -5.3333, 0.6667, -14.6667, 3.6667, -15.0, 2.6667, -14.6667, 2.3333, -13.3333, 2.6667, -13.0, 2.6667, -12.0, 3.0, -11.3333, 4.3333, -11.3333, 5.3333, -13.0, 7.3333, -14.3333, 8.3333, -16.3333, 10.3333, -17.0, 12.0, -17.0, 12.0, -17.0, 12.0, -17.0, 11.3333, -16.0, 10.3333, -15.0, 10.0, -14.0, 9.3333, -13.0, 7.6667, -11.0, 6.3333, -10.0, 4.6667, -9.3333, 3.6667, -9.3333, 2.6667, -9.6667, 1.6667, -9.6667, 0.0, -9.6667, -1.0, -12.3333, -6.6667, -12.3333, -8.6667, -2.6667, -2.3333, -1.0, -1.0, 0.0, -0.6667, -0.6667, -1.0, 0.0, -1.0, -1.3333, 0.0, -2.6667, 1.3333, -12.0, 9.0, -10.6667, 7.0, -12.3333, 7.6667, -10.3333, 5.6667, -10.0, 3.0, -11.3333, 1.6667, -12.6667, 0.3333, -13.3333, -1.3333, -14.3333, -3.3333, -15.0, -4.3333, -15.6667, -4.6667, -16.3333, -5.0, -16.6667, -5.0, -16.6667, -5.3333, -17.3333, -6.0, -17.0, -6.3333, -17.3333, -7.0, -16.6667, -6.6667, -16.6667, -5.6667, -16.0, -4.6667, -15.6667, -4.6667, -15.6667, -3.0, -15.3333, -2.0, -15.0, -1.0, -14.0, 1.0, -13.6667, 2.6667, -14.0, 3.3333, -13.6667, 4.0]",9.983372,9.352185,91.760558
79,79,5c:01:3b:6b:b0:95,-43,256,"[86.0, -32.0, 4.0, 0.0, -8.3333, 1.6667, -8.3333, 1.6667, -8.0, 2.3333, -8.0, 2.3333, -8.0, 2.6667, -8.3333, 2.6667, -8.3333, 2.6667, -8.6667, 3.6667, -9.0, 4.3333, -9.0, 5.0, -9.3333, 5.0, -9.3333, 6.0, -9.3333, 5.3333, -9.3333, 5.3333, -9.3333, 5.3333, -9.0, 4.6667, -9.0, 4.6667, -8.0, 3.0, -7.6667, 2.3333, -7.6667, 2.3333, -6.6667, 1.6667, -5.6667, 1.6667, -5.6667, 1.0, -5.3333, 1.0, -4.6667, 0.3333, -1.3333, -0.6667, 0.0, 0.0, 0.0, 0.0, 0.0, 0.0, 0.0, 0.0, 0.0, 0.0, 0.0, 0.0, 0.0, 0.0, 0.0, 0.0, 0.0, 0.0, -2.3333, 0.0, -6.6667, 3.0, -6.3333, 3.0, -7.0, 2.3333, -6.6667, 1.3333, -6.3333, 1.3333, -6.0, 0.3333, -6.0, -0.3333, -6.3333, -1.3333, -6.6667, -1.3333, -6.6667, -1.6667, -7.0, -1.6667, -7.0, -1.6667, -6.3333, -1.6667, -6.3333, -1.6667, -7.0, -2.3333, -7.0, -2.3333, -6.6667, -1.3333, -6.3333, -1.3333, -6.3333, -0.6667, -7.0, -0.6667, -6.6667, 0.0, -7.3333, 0.0, -7.3333, 0.6667, -7.6667, 2.0, -7.6667, 2.0, -7.6667, 2.0, -9.6667, -2.0, -29.3333, -4.3333, -29.0, -5.0, -28.3333, -5.0, -26.6667, -4.6667, -26.0, -4.0, -25.0, -3.6667, -24.6667, -2.6667, -24.6667, -1.6667, -26.0, 0.3333, -26.6667, 1.3333, -28.6667, 3.0, -29.0, 5.0, -29.0, 5.0, -29.0, 5.3333, -29.0, 4.6667, -28.0, 3.6667, -27.0, 3.6667, -26.0, 2.6667, -25.0, 1.3333, -23.0, 0.3333, -22.0, -1.3333, -20.6667, -1.6667, -19.6667, -2.3333, -19.3333, -3.0, -18.3333, -4.6667, -17.3333, -5.3333, -16.6667, -10.3333, -15.6667, -11.6667, -3.3333, -3.0, -1.0, -1.3333, 0.0, -0.6667, -0.3333, -0.6667, 0.0, -0.6667, -1.6667, -0.3333, -4.3333, 0.6667, -21.0, 4.6667, -20.3333, 2.6667, -21.6667, 2.0, -20.6667, 0.0, -21.0, -3.0, -21.6667, -4.3333, -22.3333, -5.6667, -22.6667, -7.6667, -22.6667, -9.3333, -23.0, -10.6667, -23.3333, -11.0, -23.6667, -11.3333, -24.3333, -11.6667, -24.3333, -12.0, -24.6667, -12.6667, -24.0, -12.6667, -24.6667, -13.3333, -24.3333, -13.3333, -24.3333, -12.3333, -24.0, -11.3333, -24.3333, -11.0, -25.3333, -9.6667, -25.6667, -8.6667, -26.0, -8.0, -26.0, -6.3333, -26.3333, -4.6667, -27.0, -4.0, -27.3333, -3.3333]",15.129639,12.131668,91.760558
80,80,5c:01:3b:6b:b0:95,-39,256,"[86.0, -32.0, 4.0, 0.0, -5.0, -2.6667, -5.3333, -2.6667, -4.6667, -2.3333, -5.0, -2.3333, -5.0, -1.6667, -5.3333, -1.6667, -5.6667, -1.6667, -6.0, -0.6667, -6.3333, -0.3333, -6.3333, 0.0, -6.3333, 0.0, -6.6667, 1.0, -6.6667, 0.6667, -6.6667, 0.6667, -6.6667, 0.6667, -6.6667, 0.3333, -6.3333, 0.3333, -5.6667, -1.0, -5.6667, -1.3333, -5.3333, -1.3333, -4.6667, -1.6667, -3.6667, -1.6667, -3.6667, -2.0, -3.6667, -2.0, -2.6667, -2.3333, -1.0, -1.3333, 0.0, 0.0, 0.0, 0.0, 0.0, 0.0, 0.0, 0.0, 0.0, 0.0, 0.0, 0.0, 0.0, 0.0, 0.0, 0.0, 0.0, 0.0, -1.6667, -1.0, -4.0, -1.0, -3.6667, -1.0, -4.0, -1.3333, -4.0, -2.3333, -3.3333, -2.3333, -3.0, -3.3333, -2.6667, -3.6667, -2.6667, -4.6667, -2.3333, -4.6667, -2.0, -5.3333, -2.0, -5.3333, -2.0, -5.3333, -1.3333, -5.3333, -1.3333, -5.3333, -2.0, -5.6667, -2.0, -5.6667, -2.3333, -4.6667, -2.3333, -4.6667, -2.3333, -4.3333, -3.3333, -4.3333, -3.3333, -4.0, -4.0, -4.0, -4.3333, -3.6667, -4.3333, -3.0, -4.0, -3.0, -4.3333, -3.0, -8.3333, -6.0, -25.6667, -16.6667, -25.0, -17.0, -24.3333, -17.0, -23.3333, -16.3333, -22.6667, -15.0, -22.3333, -14.3333, -23.0, -13.3333, -23.3333, -12.3333, -24.6667, -10.3333, -25.3333, -9.3333, -27.0, -8.0, -27.3333, -6.0, -27.6667, -6.0, -27.6667, -5.3333, -27.6667, -5.6667, -27.0, -6.6667, -26.0, -6.6667, -25.0, -7.6667, -24.0, -8.3333, -22.3333, -9.3333, -21.3333, -10.6667, -19.6667, -10.3333, -18.0, -10.6667, -17.0, -11.0, -15.3333, -12.3333, -13.6667, -12.6667, -12.0, -16.6667, -11.3333, -17.3333, -2.6667, -4.0, -0.6667, -1.6667, -0.3333, -0.3333, 0.0, -0.3333, -0.3333, -0.3333, -1.6667, -0.6667, -4.3333, -0.6667, -21.0, -2.6667, -20.6667, -4.6667, -19.3333, -7.0, -18.6667, -9.0, -18.6667, -12.0, -18.0, -13.6667, -17.3333, -15.3333, -16.6667, -17.3333, -15.3333, -18.6667, -15.3333, -20.3333, -15.6667, -21.0, -15.6667, -21.6667, -16.0, -22.3333, -16.0, -23.0, -16.3333, -23.3333, -15.6667, -23.3333, -16.3333, -23.6667, -16.0, -23.6667, -16.0, -22.6667, -16.0, -21.6667, -16.3333, -21.0, -18.0, -20.3333, -19.0, -19.3333, -20.0, -19.0, -20.6667, -17.6667, -21.6667, -16.3333, -22.0, -16.0, -23.0, -15.6667]",14.349433,12.863028,91.760558
81,81,5c:01:3b:6b:b0:95,-43,256,"[86.0, -32.0, 4.0, 0.0, 2.0, 1.6667, 1.3333, 1.6667, 1.6667, 1.3333, 1.0, 1.0, 1.0, 1.6667, 0.3333, 1.3333, -0.3333, 1.0, -1.0, 1.3333, -1.6667, 1.3333, -1.6667, 1.0, -1.6667, 1.0, -2.0, 1.6667, -2.0, 1.6667, -2.0, 1.6667, -2.0, 1.6667, -2.0, 1.6667, -1.6667, 1.6667, -1.3333, 1.3333, -1.3333, 1.3333, -0.6667, 1.0, -0.3333, 1.0, 0.6667, 1.0, 0.6667, 1.0, 0.6667, 1.0, 1.6667, 1.0, 0.0, -0.3333, 0.0, 0.0, 0.0, 0.0, 0.0, 0.0, 0.0, 0.0, 0.0, 0.0, 0.0, 0.0, 0.0, 0.0, 0.0, 0.0, 0.0, 0.0, -0.3333, -0.6667, 0.0, 0.3333, 0.6667, 0.6667, 1.0, 1.0, 1.0, 0.6667, 2.3333, 1.0, 3.0, 1.0, 3.6667, 1.0, 3.6667, 0.6667, 4.3333, 1.0, 5.0, 0.3333, 5.0, 0.6667, 5.0, 0.6667, 5.3333, 0.6667, 5.3333, 0.6667, 5.0, 0.6667, 5.0, 0.6667, 4.3333, 1.0, 4.3333, 1.0, 4.3333, 1.0, 3.3333, 1.0, 3.3333, 1.0, 3.0, 1.0, 2.3333, 1.0, 2.3333, 1.0, 3.0, 1.3333, 2.3333, 1.3333, -2.6667, -2.3333, -7.3333, -5.3333, -7.0, -5.3333, -6.6667, -5.6667, -6.6667, -5.3333, -6.3333, -4.3333, -6.6667, -4.0, -8.0, -4.0, -8.6667, -3.6667, -10.3333, -3.0, -11.6667, -2.6667, -12.0, -2.6667, -12.0, -1.3333, -12.3333, -1.3333, -12.3333, -0.6667, -12.3333, -0.6667, -12.0, -1.3333, -11.6667, -1.3333, -11.3333, -2.0, -11.0, -1.6667, -9.6667, -2.6667, -8.6667, -3.3333, -7.3333, -3.0, -6.0, -3.3333, -5.0, -3.3333, -3.6667, -4.0, -2.3333, -4.3333, -3.0, -5.3333, -3.6667, -5.6667, -1.3333, -1.6667, -0.3333, -1.0, -0.6667, -0.3333, -0.3333, -0.3333, -0.6667, -0.3333, -1.0, -0.3333, -2.0, 0.0, -9.3333, 1.3333, -9.6667, 0.6667, -7.6667, -2.3333, -6.3333, -3.0, -5.3333, -4.0, -4.0, -4.6667, -2.6667, -5.6667, -1.3333, -6.3333, 0.3333, -6.3333, 0.3333, -7.3333, -0.3333, -7.6667, -0.3333, -8.0, 0.0, -8.3333, 0.0, -9.0, -0.6667, -9.0, -0.3333, -8.6667, -0.6667, -8.6667, 0.0, -8.6667, 0.0, -8.3333, 0.0, -8.0, 0.3333, -7.0, -1.0, -7.0, -2.0, -6.3333, -3.0, -6.3333, -3.3333, -6.0, -4.3333, -5.0, -4.0, -5.0, -5.0, -4.6667]",5.648942,8.437117,91.760558
82,82,5c:01:3b:6b:b0:95,-42,256,"[86.0, -32.0, 4.0, 0.0, 11.6667, 10.3333, 11.0, 10.3333, 11.0, 9.6667, 10.3333, 9.0, 10.3333, 9.3333, 9.6667, 8.6667, 9.0, 8.0, 8.0, 7.6667, 7.0, 7.6667, 6.6667, 7.0, 6.6667, 7.0, 6.3333, 7.3333, 6.3333, 7.3333, 6.0, 7.3333, 6.3333, 7.3333, 6.3333, 7.3333, 6.6667, 7.3333, 6.6667, 7.6667, 6.6667, 7.6667, 7.3333, 7.0, 7.0, 7.0, 7.3333, 7.0, 7.0, 7.0, 6.6667, 7.0, 7.3333, 7.0, 1.3333, 1.3333, 0.0, 0.0, 0.0, 0.0, 0.0, 0.0, 0.0, 0.0, 0.0, 0.0, 0.0, 0.0, 0.0, 0.0, 0.0, 0.0, 0.0, 0.0, 1.6667, 0.6667, 6.6667, 5.6667, 7.6667, 6.3333, 8.3333, 7.0, 8.6667, 7.3333, 9.6667, 8.0, 10.3333, 9.0, 11.0, 9.0, 11.0, 9.3333, 11.3333, 10.0, 12.0, 9.6667, 12.0, 10.3333, 12.0, 10.3333, 12.0, 10.3333, 12.0, 10.3333, 12.0, 10.3333, 12.0, 10.3333, 11.3333, 10.0, 11.6667, 10.0, 11.6667, 10.0, 11.3333, 10.0, 11.6667, 10.0, 11.6667, 10.0, 11.0, 10.0, 11.3333, 10.0, 12.3333, 10.6667, 12.0, 10.6667, 4.3333, 5.3333, 16.0, 18.3333, 15.6667, 18.3333, 15.6667, 17.6667, 14.6667, 17.3333, 14.6667, 17.3333, 14.3333, 17.0, 13.0, 16.0, 12.3333, 15.6667, 11.3333, 15.0, 10.3333, 14.6667, 11.0, 13.6667, 11.3333, 14.3333, 11.3333, 14.3333, 11.0, 14.6667, 11.0, 14.6667, 10.6667, 14.3333, 10.3333, 14.3333, 10.0, 14.0, 9.6667, 14.6667, 9.3333, 13.6667, 9.6667, 13.3333, 9.6667, 13.0, 10.0, 12.3333, 10.3333, 12.3333, 10.3333, 12.0, 10.3333, 11.3333, 6.0, 12.3333, 4.0, 11.6667, 0.0, 1.6667, 0.0, 0.0, -1.0, -0.6667, -0.6667, -0.6667, -1.0, -0.6667, 0.0, 0.3333, 1.0, 2.0, 7.6667, 12.6667, 7.0, 13.3333, 10.0, 11.3333, 11.0, 12.0, 12.0, 13.0, 13.0, 13.6667, 14.3333, 13.6667, 15.3333, 14.3333, 16.3333, 15.3333, 16.0, 15.3333, 15.0, 15.6667, 15.0, 16.0, 16.0, 16.3333, 16.0, 16.0, 15.0, 16.0, 15.0, 16.6667, 15.0, 16.6667, 16.0, 16.6667, 16.0, 16.3333, 16.0, 16.0, 17.0, 17.0, 16.6667, 17.0, 16.3333, 17.3333, 16.3333, 17.3333, 17.0, 17.0, 16.6667, 18.0, 18.0, 18.0, 17.3333, 18.6667]",14.730597,9.854407,91.760558
83,83,5c:01:3b:6b:b0:95,-43,256,"[86.0, -32.0, 4.0, 0.0, 7.6667, 20.6667, 7.6667, 20.6667, 7.6667, 20.0, 7.6667, 19.0, 7.6667, 19.0, 7.6667, 18.3333, 7.3333, 17.3333, 7.0, 16.6667, 6.6667, 16.6667, 6.3333, 16.0, 6.3333, 16.0, 6.6667, 16.0, 6.6667, 16.0, 6.3333, 16.0, 6.6667, 16.0, 6.6667, 16.0, 6.6667, 16.0, 6.3333, 16.3333, 6.0, 16.0, 6.3333, 15.0, 5.3333, 14.6667, 5.0, 14.3333, 4.6667, 14.3333, 4.3333, 14.0, 4.3333, 13.6667, 0.6667, 3.0, 0.0, 0.0, 0.0, 0.0, 0.0, 0.0, 0.0, 0.0, 0.0, 0.0, 0.0, 0.0, 0.0, 0.0, 0.0, 0.0, 0.0, 0.0, 1.3333, 2.6667, 5.6667, 13.0, 6.0, 14.0, 6.0, 14.6667, 6.0, 15.6667, 6.0, 16.3333, 6.0, 17.6667, 6.3333, 17.6667, 6.0, 18.3333, 5.6667, 19.0, 5.6667, 19.0, 5.6667, 20.0, 5.3333, 20.0, 5.3333, 19.6667, 5.3333, 19.6667, 5.6667, 19.6667, 5.6667, 20.0, 5.6667, 19.3333, 6.0, 19.3333, 6.3333, 19.6667, 6.6667, 19.6667, 7.0, 20.0, 7.0, 20.0, 6.6667, 20.0, 7.0, 20.6667, 8.0, 21.6667, 8.0, 21.6667, 2.6667, 13.3333, 10.3333, 43.3333, 10.0, 43.3333, 10.0, 42.3333, 9.6667, 41.3333, 10.0, 40.3333, 10.3333, 39.3333, 9.6667, 38.0, 10.0, 37.3333, 10.0, 35.6667, 10.3333, 35.3333, 12.0, 34.0, 13.0, 34.3333, 13.3333, 34.3333, 13.0, 34.3333, 13.0, 34.3333, 12.6667, 34.3333, 11.6667, 34.0, 10.6667, 33.6667, 9.6667, 34.0, 8.3333, 32.6667, 8.0, 32.0, 7.3333, 30.6667, 7.0, 29.3333, 6.6667, 29.0, 6.0, 28.3333, 5.3333, 27.3333, 1.0, 28.3333, -0.6667, 27.3333, -0.6667, 4.6667, -0.3333, 1.0, -0.6667, -1.0, -1.0, -1.3333, -1.0, -1.0, 0.3333, 1.0, 1.6667, 4.3333, 10.3333, 27.0, 8.6667, 28.3333, 9.0, 27.6667, 8.6667, 29.0, 8.3333, 31.3333, 8.0, 32.6667, 8.0, 33.6667, 7.6667, 35.0, 7.3333, 36.3333, 6.3333, 37.0, 5.6667, 37.6667, 5.3333, 38.3333, 6.0, 39.3333, 5.6667, 39.3333, 5.0, 39.3333, 5.0, 40.0, 5.0, 40.0, 5.6667, 40.0, 6.0, 39.6667, 6.3333, 39.0, 7.3333, 40.0, 7.6667, 40.3333, 8.0, 40.6667, 8.6667, 41.0, 9.6667, 40.6667, 10.0, 42.0, 11.3333, 42.3333, 11.0, 43.3333]",24.679356,14.472035,91.760558
84,84,5c:01:3b:6b:b0:95,-43,256,"[86.0, -32.0, 4.0, 0.0, 10.3333, 21.3333, 10.6667, 21.0, 10.6667, 20.3333, 11.0, 19.6667, 11.0, 19.3333, 11.3333, 18.6667, 11.3333, 17.6667, 11.0, 17.0, 10.6667, 17.0, 10.0, 16.3333, 10.0, 16.3333, 10.3333, 16.3333, 10.3333, 16.3333, 9.6667, 16.3333, 10.3333, 16.3333, 10.3333, 16.3333, 10.3333, 16.3333, 10.0, 16.3333, 9.6667, 16.0, 9.6667, 15.3333, 8.6667, 15.0, 7.6667, 14.3333, 7.0, 14.6667, 6.3333, 14.3333, 5.6667, 14.0, 1.0, 3.0, 0.0, 0.0, 0.0, 0.0, 0.0, 0.0, 0.0, 0.0, 0.0, 0.0, 0.0, 0.0, 0.0, 0.0, 0.0, 0.0, 0.0, 0.0, 2.0, 3.0, 8.3333, 13.6667, 8.6667, 14.6667, 8.3333, 15.3333, 8.3333, 16.3333, 7.3333, 17.0, 7.0, 18.0, 7.0, 18.3333, 6.6667, 18.6667, 5.6667, 19.0, 5.3333, 19.0, 5.3333, 20.0, 5.0, 20.0, 5.0, 19.3333, 5.0, 19.3333, 5.3333, 19.3333, 5.3333, 20.0, 6.0, 19.6667, 6.3333, 19.6667, 7.0, 20.3333, 7.6667, 20.3333, 8.3333, 20.3333, 8.6667, 20.3333, 8.6667, 20.3333, 9.3333, 21.3333, 10.3333, 22.3333, 11.0, 22.3333, 4.6667, 13.3333, 16.6667, 44.0, 16.0, 43.6667, 15.6667, 43.0, 15.6667, 41.6667, 16.0, 40.3333, 16.6667, 39.3333, 17.0, 38.3333, 18.0, 37.3333, 18.6667, 35.6667, 20.0, 35.0, 21.3333, 34.0, 21.6667, 34.3333, 22.0, 34.3333, 21.6667, 34.3333, 21.6667, 34.3333, 21.3333, 34.3333, 20.6667, 34.0, 20.0, 33.3333, 18.6667, 33.3333, 16.6667, 32.3333, 15.3333, 31.6667, 13.6667, 30.6667, 12.6667, 29.3333, 11.3333, 29.0, 9.6667, 28.3333, 8.0, 27.6667, 3.0, 26.6667, 1.0, 25.6667, -0.3333, 4.3333, -0.3333, 1.0, -0.6667, -1.0, -1.0, -1.3333, -1.0, -1.0, 0.6667, 1.0, 2.6667, 4.3333, 16.6667, 27.3333, 15.3333, 28.3333, 15.6667, 28.3333, 14.0, 29.6667, 12.6667, 32.0, 11.6667, 33.3333, 10.6667, 34.3333, 9.3333, 35.0, 8.0, 35.6667, 6.6667, 36.0, 6.3333, 36.3333, 6.0, 36.6667, 6.3333, 37.6667, 6.0, 37.6667, 5.6667, 37.6667, 5.6667, 38.0, 5.6667, 38.0, 6.0, 38.0, 6.6667, 38.3333, 7.3333, 38.0, 8.3333, 39.0, 9.3333, 39.6667, 10.6667, 40.3333, 12.3333, 41.0, 13.6667, 41.3333, 15.0, 42.3333, 16.3333, 43.0, 16.6667, 44.0]",25.767674,14.778019,91.760558
85,85,5c:01:3b:6b:b0:95,-43,256,"[86.0, -32.0, 4.0, 0.0, 0.6667, 22.0, 1.0, 21.3333, 1.3333, 20.6667, 2.0, 20.3333, 2.0, 19.6667, 2.3333, 19.0, 2.6667, 18.0, 3.0, 17.3333, 3.3333, 17.3333, 3.3333, 16.6667, 3.3333, 16.6667, 4.0, 16.6667, 4.0, 16.6667, 3.6667, 16.6667, 4.0, 16.6667, 4.0, 16.6667, 3.6667, 16.6667, 3.3333, 16.3333, 2.6667, 16.0, 2.6667, 15.6667, 1.6667, 15.3333, 1.0, 14.3333, 0.6667, 15.0, 0.3333, 14.6667, -0.3333, 14.3333, -0.6667, 3.0, 0.0, 0.0, 0.0, 0.0, 0.0, 0.0, 0.0, 0.0, 0.0, 0.0, 0.0, 0.0, 0.0, 0.0, 0.0, 0.0, 0.0, 0.0, 0.3333, 3.3333, 2.3333, 14.3333, 2.0, 15.3333, 1.3333, 16.0, 0.6667, 17.0, -0.3333, 17.6667, -1.3333, 18.3333, -1.6667, 19.0, -2.0, 19.0, -3.0, 19.0, -3.6667, 19.0, -3.6667, 20.0, -4.0, 20.0, -4.0, 19.0, -4.0, 19.0, -3.6667, 19.0, -3.6667, 20.0, -2.6667, 20.0, -2.6667, 20.0, -2.0, 21.0, -1.3333, 21.0, -1.0, 20.6667, -0.6667, 20.6667, -0.3333, 20.6667, 0.0, 22.0, 0.6667, 23.0, 1.0, 23.0, -0.3333, 13.3333, -0.3333, 44.6667, -0.6667, 44.0, -1.0, 43.6667, -0.3333, 42.0, 0.6667, 40.3333, 1.0, 39.3333, 2.0, 38.6667, 3.3333, 37.3333, 4.3333, 35.6667, 6.0, 34.6667, 7.6667, 34.0, 8.0, 34.3333, 8.0, 34.3333, 8.0, 34.3333, 8.0, 34.3333, 8.0, 34.3333, 7.3333, 34.0, 7.0, 33.0, 5.6667, 32.6667, 4.3333, 32.0, 3.0, 31.3333, 2.0, 30.6667, 1.3333, 29.3333, 0.3333, 29.0, -1.0, 28.3333, -2.3333, 28.0, -6.0, 25.0, -7.3333, 24.0, -1.6667, 4.0, -1.0, 1.0, -0.3333, -1.0, -0.6667, -1.3333, -0.6667, -1.0, 0.0, 1.0, 1.0, 4.3333, 6.6667, 27.6667, 5.0, 28.3333, 4.0, 29.0, 2.0, 30.3333, 0.0, 32.6667, -1.3333, 34.0, -3.0, 35.0, -4.6667, 35.0, -6.3333, 35.0, -8.0, 35.0, -8.3333, 35.0, -9.0, 35.0, -9.0, 36.0, -9.6667, 36.0, -9.6667, 36.0, -9.6667, 36.0, -9.6667, 36.0, -9.3333, 36.0, -8.3333, 37.0, -7.6667, 37.0, -7.0, 38.0, -6.0, 39.0, -5.0, 40.0, -3.6667, 41.0, -2.6667, 42.0, -1.3333, 42.6667, -0.6667, 43.6667, -0.6667, 44.6667]",24.046536,14.082293,91.760558
86,86,5c:01:3b:6b:b0:95,-43,256,"[86.0, -32.0, 4.0, 0.0, -2.3333, 15.3333, -2.3333, 14.6667, -2.0, 14.0, -1.6667, 14.0, -2.0, 13.6667, -2.0, 13.0, -1.6667, 12.3333, -1.6667, 11.6667, -2.0, 12.0, -2.0, 11.3333, -2.0, 11.3333, -1.6667, 11.3333, -1.6667, 11.6667, -2.0, 11.3333, -1.6667, 11.3333, -1.6667, 11.3333, -2.0, 11.3333, -1.6667, 11.0, -2.0, 11.0, -1.6667, 10.6667, -1.3333, 10.6667, -1.3333, 9.6667, -1.3333, 10.3333, -1.3333, 10.0, -1.6667, 9.6667, -1.0, 2.0, 0.0, 0.0, 0.0, 0.0, 0.0, 0.0, 0.0, 0.0, 0.0, 0.0, 0.0, 0.0, 0.0, 0.0, 0.0, 0.0, 0.0, 0.0, -0.6667, 2.3333, -1.3333, 10.0, -1.3333, 10.6667, -1.6667, 11.3333, -1.6667, 11.6667, -2.3333, 12.3333, -2.6667, 12.6667, -3.0, 13.3333, -2.6667, 13.3333, -3.3333, 13.0, -3.3333, 13.0, -3.0, 13.6667, -3.0, 13.3333, -3.0, 12.6667, -3.0, 12.6667, -3.3333, 13.0, -3.3333, 13.6667, -3.0, 13.6667, -3.0, 13.6667, -3.0, 14.6667, -3.0, 14.6667, -2.6667, 14.3333, -2.6667, 14.3333, -2.3333, 14.3333, -2.0, 15.3333, -2.0, 16.0, -2.0, 16.0, -2.6667, 9.0, -7.0, 31.0, -7.3333, 30.3333, -7.3333, 30.0, -7.0, 29.0, -6.3333, 27.6667, -6.3333, 27.0, -5.6667, 26.6667, -5.0, 25.3333, -4.6667, 24.3333, -4.0, 23.3333, -3.0, 23.0, -3.0, 23.3333, -3.0, 23.3333, -3.0, 23.3333, -2.6667, 23.3333, -2.6667, 23.3333, -3.0, 23.0, -3.0, 22.0, -4.0, 22.0, -4.0, 21.3333, -4.3333, 21.0, -4.3333, 20.6667, -4.0, 20.0, -4.3333, 19.6667, -4.6667, 19.3333, -5.0, 19.0, -7.0, 15.6667, -7.3333, 14.6667, -1.6667, 2.3333, -1.0, 0.3333, -0.3333, -1.0, -0.3333, -1.0, -0.3333, -1.0, -0.6667, 0.6667, -0.6667, 3.0, -2.0, 19.0, -3.3333, 19.3333, -3.6667, 20.3333, -4.6667, 21.0, -5.6667, 22.6667, -6.0, 23.6667, -7.0, 24.0, -7.6667, 23.6667, -8.3333, 23.3333, -9.0, 23.3333, -9.0, 23.0, -9.0, 23.0, -9.0, 23.6667, -9.0, 23.3333, -9.0, 23.3333, -9.3333, 23.3333, -9.3333, 23.3333, -9.3333, 23.3333, -8.6667, 24.0, -8.6667, 24.3333, -8.6667, 25.3333, -8.6667, 26.3333, -8.3333, 27.0, -7.6667, 28.0, -7.3333, 29.0, -6.6667, 29.3333, -6.6667, 30.0, -7.0, 31.0]",16.836042,11.03907,91.760558
87,87,5c:01:3b:6b:b0:95,-43,256,"[86.0, -32.0, 4.0, 0.0, -12.0, 0.0, -12.0, 0.0, -11.6667, -0.3333, -11.3333, 0.0, -12.0, 0.0, -12.0, -0.3333, -11.6667, -0.3333, -11.3333, -0.3333, -11.6667, 0.0, -11.3333, 0.0, -11.3333, 0.0, -11.0, 0.0, -11.0, 0.3333, -11.0, 0.3333, -11.0, 0.3333, -11.0, 0.0, -11.3333, 0.0, -10.6667, -0.3333, -11.0, 0.0, -10.3333, -0.3333, -9.3333, 0.0, -8.6667, -0.3333, -8.0, 0.0, -7.3333, 0.0, -7.3333, -0.3333, -2.3333, -0.3333, 0.0, 0.0, 0.0, 0.0, 0.0, 0.0, 0.0, 0.0, 0.0, 0.0, 0.0, 0.0, 0.0, 0.0, 0.0, 0.0, 0.0, 0.0, -2.6667, 0.0, -8.6667, 0.0, -9.0, 0.0, -9.3333, 0.0, -9.0, 0.0, -9.3333, 0.3333, -9.3333, 0.0, -9.6667, 0.3333, -9.0, 0.3333, -9.3333, -0.3333, -9.0, -0.3333, -8.3333, 0.0, -8.3333, -0.3333, -8.3333, -0.6667, -8.3333, -0.6667, -9.0, -0.3333, -9.0, 0.0, -9.3333, 0.0, -9.3333, 0.0, -10.0, 0.3333, -10.3333, 0.3333, -10.3333, 0.0, -11.0, 0.0, -10.6667, 0.0, -10.6667, 0.3333, -11.3333, 0.3333, -12.0, 0.0, -8.6667, -0.3333, -25.6667, 0.3333, -25.6667, 0.0, -25.0, 0.0, -24.6667, 0.0, -24.0, -0.3333, -24.0, 0.0, -24.0, 0.3333, -23.6667, 0.0, -23.6667, 0.0, -23.6667, 0.3333, -23.0, 0.6667, -22.6667, 1.3333, -22.6667, 1.3333, -22.6667, 1.3333, -22.0, 1.6667, -22.0, 1.6667, -22.3333, 1.3333, -22.3333, 0.3333, -22.6667, 0.3333, -21.6667, -0.3333, -20.6667, -0.3333, -19.3333, -0.3333, -18.0, -0.3333, -17.3333, -0.6667, -16.3333, -0.3333, -15.3333, -0.3333, -15.0, -2.3333, -13.6667, -2.6667, -2.6667, -0.6667, -1.3333, -0.6667, 0.0, -0.6667, 0.0, -0.6667, 0.0, -0.6667, -1.6667, -0.3333, -3.3333, 0.0, -17.0, 2.6667, -18.3333, 2.0, -19.0, 1.0, -19.0, 0.3333, -19.3333, 0.3333, -19.3333, 0.0, -20.0, -0.3333, -20.0, -1.0, -20.0, -1.3333, -20.0, -1.6667, -19.6667, -2.0, -19.3333, -2.0, -19.3333, -2.0, -19.0, -2.3333, -19.0, -2.3333, -19.6667, -2.3333, -19.6667, -2.3333, -20.0, -2.3333, -19.6667, -2.0, -20.3333, -2.0, -21.0, -1.3333, -22.0, -1.0, -22.6667, -1.0, -23.0, -0.3333, -23.3333, 0.0, -23.6667, 0.0, -24.3333, 0.0, -25.3333, 0.3333]",14.183345,10.210472,91.760558
88,88,5c:01:3b:6b:b0:95,-43,256,"[86.0, -32.0, 4.0, 0.0, -6.3333, -15.3333, -6.3333, -14.6667, -6.6667, -14.6667, -6.6667, -14.0, -7.6667, -13.6667, -7.6667, -13.6667, -8.0, -13.0, -8.3333, -12.3333, -9.0, -12.0, -9.3333, -11.3333, -9.3333, -11.3333, -9.3333, -11.3333, -9.6667, -11.0, -9.6667, -10.6667, -9.6667, -10.6667, -9.3333, -11.3333, -9.3333, -11.3333, -8.3333, -11.6667, -8.3333, -11.0, -7.3333, -11.3333, -6.0, -10.6667, -5.0, -10.3333, -4.3333, -10.3333, -3.3333, -10.0, -3.3333, -10.3333, -1.0, -2.6667, 0.0, 0.0, 0.0, 0.0, 0.0, 0.0, 0.0, 0.0, 0.0, 0.0, 0.0, 0.0, 0.0, 0.0, 0.0, 0.0, 0.0, 0.0, -2.0, -2.3333, -6.3333, -10.0, -6.3333, -10.6667, -6.0, -11.3333, -5.0, -11.6667, -4.6667, -11.6667, -3.6667, -12.6667, -3.3333, -12.6667, -2.3333, -12.6667, -2.3333, -13.6667, -1.3333, -13.6667, -0.3333, -13.6667, -0.3333, -14.0, -0.3333, -14.0, -0.3333, -14.0, -1.0, -13.6667, -1.3333, -13.6667, -2.0, -13.6667, -2.3333, -13.6667, -3.0, -14.0, -4.0, -14.0, -4.0, -14.3333, -4.6667, -14.3333, -4.6667, -14.3333, -4.6667, -14.6667, -5.3333, -15.3333, -6.3333, -16.0, -5.6667, -9.6667, -15.3333, -30.3333, -15.3333, -30.3333, -14.6667, -30.0, -14.6667, -29.0, -15.0, -28.3333, -15.3333, -27.0, -16.3333, -26.0, -17.0, -25.3333, -18.0, -24.3333, -19.0, -22.6667, -19.6667, -21.6667, -19.6667, -20.6667, -20.0, -20.6667, -20.0, -20.6667, -19.3333, -20.0, -19.3333, -20.0, -19.0, -20.3333, -18.6667, -21.3333, -18.3333, -21.3333, -16.6667, -22.0, -15.0, -21.6667, -13.3333, -21.3333, -11.6667, -20.6667, -10.6667, -21.0, -9.0, -20.0, -7.3333, -19.6667, -6.0, -20.3333, -4.0, -20.0, -1.0, -3.6667, -0.6667, -1.6667, -0.3333, -0.3333, 0.0, -0.3333, 0.0, -0.3333, -1.6667, -1.3333, -3.3333, -3.0, -16.6667, -13.6667, -16.6667, -15.3333, -15.0, -18.3333, -13.6667, -20.3333, -12.3333, -22.0, -11.0, -23.6667, -10.6667, -24.6667, -9.3333, -25.6667, -8.0, -26.0, -7.0, -26.6667, -6.0, -27.0, -5.0, -27.0, -4.6667, -27.6667, -4.0, -28.0, -3.6667, -28.0, -4.3333, -28.0, -4.6667, -28.0, -5.3333, -28.0, -5.6667, -28.0, -6.6667, -28.3333, -7.6667, -28.0, -9.3333, -28.3333, -10.0, -29.0, -11.0, -28.6667, -12.0, -29.0, -13.0, -29.3333, -13.6667, -30.0, -14.3333, -30.3333]",18.859498,11.838462,91.760558
89,89,5c:01:3b:6b:b0:95,-43,256,"[86.0, -32.0, 4.0, 0.0, -0.6667, -15.0, -0.6667, -14.3333, -1.3333, -14.3333, -1.3333, -13.6667, -2.3333, -13.6667, -2.3333, -13.6667, -3.0, -13.0, -3.6667, -12.3333, -4.0, -12.3333, -4.6667, -11.3333, -4.6667, -11.3333, -4.6667, -11.3333, -5.3333, -11.3333, -5.3333, -10.6667, -5.3333, -10.6667, -4.6667, -11.3333, -4.6667, -11.3333, -3.6667, -11.6667, -3.6667, -11.0, -2.6667, -11.3333, -2.0, -10.6667, -1.0, -10.3333, -0.6667, -10.3333, 0.3333, -10.0, 0.3333, -10.0, 0.0, -2.6667, 0.0, 0.0, 0.0, 0.0, 0.0, 0.0, 0.0, 0.0, 0.0, 0.0, 0.0, 0.0, 0.0, 0.0, 0.0, 0.0, 0.0, 0.0, -1.0, -2.3333, -2.6667, -10.0, -2.6667, -10.6667, -2.0, -11.3333, -1.0, -11.3333, -0.3333, -11.6667, 0.6667, -12.3333, 1.3333, -12.3333, 2.3333, -12.3333, 2.3333, -13.3333, 3.3333, -13.3333, 4.3333, -13.3333, 4.3333, -13.3333, 4.3333, -13.3333, 4.3333, -13.3333, 4.0, -13.3333, 3.3333, -13.3333, 3.0, -13.0, 2.3333, -13.0, 2.0, -13.6667, 1.0, -13.3333, 1.0, -14.0, 0.6667, -14.0, 0.6667, -14.0, 0.6667, -14.6667, 0.3333, -15.0, -0.6667, -15.6667, -2.3333, -8.6667, -4.6667, -26.3333, -4.6667, -26.6667, -4.3333, -26.3333, -4.3333, -25.6667, -5.0, -25.0, -5.6667, -23.6667, -6.6667, -22.6667, -8.0, -21.6667, -9.0, -20.6667, -10.0, -19.0, -11.3333, -17.6667, -11.3333, -17.3333, -12.0, -17.6667, -12.0, -17.3333, -11.6667, -16.6667, -11.6667, -16.6667, -11.0, -16.6667, -10.3333, -17.6667, -9.6667, -18.0, -8.3333, -18.6667, -7.0, -18.6667, -5.6667, -18.6667, -4.3333, -18.3333, -3.3333, -18.6667, -2.0, -18.0, -0.6667, -17.6667, 0.0, -18.3333, 2.0, -18.3333, 0.0, -3.6667, -0.3333, -1.6667, -0.6667, -0.3333, 0.0, -0.3333, 0.0, -0.3333, -1.3333, -1.3333, -2.6667, -2.6667, -12.3333, -10.6667, -11.3333, -11.6667, -8.0, -15.3333, -6.3333, -17.3333, -4.6667, -19.3333, -3.0, -21.0, -2.3333, -22.0, -0.6667, -23.0, 1.0, -23.3333, 2.0, -24.3333, 3.0, -24.3333, 4.0, -24.6667, 4.6667, -25.0, 5.0, -25.0, 5.6667, -25.0, 5.3333, -25.3333, 4.6667, -25.3333, 4.3333, -25.3333, 3.6667, -25.0, 2.6667, -25.6667, 1.6667, -25.3333, 0.3333, -25.6667, 0.0, -26.0, -1.0, -25.6667, -2.0, -25.6667, -3.0, -25.6667, -3.3333, -26.0, -3.6667, -26.6667]",15.970429,10.327582,91.760558
90,90,5c:01:3b:6b:b0:95,-39,256,"[86.0, -32.0, 4.0, 0.0, 5.6667, -5.0, 5.6667, -4.6667, 5.0, -4.6667, 5.0, -4.3333, 4.0, -4.3333, 4.0, -4.3333, 3.3333, -4.0, 2.3333, -3.6667, 2.3333, -3.6667, 1.3333, -2.6667, 1.3333, -2.6667, 1.3333, -2.6667, 0.6667, -2.6667, 0.6667, -2.3333, 0.6667, -2.3333, 1.3333, -2.6667, 1.3333, -2.6667, 2.0, -3.3333, 2.0, -3.0, 2.6667, -3.6667, 3.0, -3.3333, 3.6667, -3.6667, 3.6667, -3.6667, 4.3333, -4.0, 4.3333, -4.0, 1.0, -1.3333, 0.0, 0.0, 0.0, 0.0, 0.0, 0.0, 0.0, 0.0, 0.0, 0.0, 0.0, 0.0, 0.0, 0.0, 0.0, 0.0, 0.0, 0.0, 0.3333, -0.6667, 2.0, -3.0, 2.3333, -3.3333, 3.0, -3.6667, 4.0, -3.6667, 4.6667, -4.3333, 5.6667, -4.6667, 6.3333, -4.6667, 7.3333, -4.6667, 7.3333, -5.6667, 8.0, -5.6667, 9.0, -5.6667, 9.0, -5.6667, 9.0, -5.6667, 9.0, -5.6667, 8.6667, -5.6667, 8.0, -5.6667, 8.0, -5.0, 7.3333, -5.0, 7.3333, -5.3333, 6.6667, -4.6667, 6.6667, -5.0, 6.6667, -5.0, 6.6667, -5.0, 6.6667, -5.3333, 6.6667, -5.0, 6.0, -5.3333, 3.6667, -2.3333, 14.3333, -4.6667, 14.3333, -5.3333, 14.3333, -5.6667, 14.0, -5.3333, 13.3333, -5.0, 12.6667, -4.3333, 11.6667, -3.3333, 9.6667, -2.3333, 8.3333, -1.3333, 7.3333, 0.0, 5.3333, 1.6667, 5.0, 1.3333, 4.0, 0.6667, 4.0, 1.3333, 4.0, 1.6667, 4.3333, 1.6667, 5.0, 1.6667, 6.0, 0.6667, 6.6667, 0.0, 7.3333, -1.3333, 8.0, -2.3333, 8.6667, -3.3333, 9.3333, -3.6667, 9.6667, -4.3333, 10.0, -5.0, 10.0, -5.3333, 8.6667, -7.6667, 9.6667, -8.6667, 1.3333, -2.3333, 0.0, -1.3333, -1.0, -0.6667, -0.3333, -0.6667, -0.3333, -0.6667, -0.6667, -0.6667, -0.3333, -0.3333, 0.6667, 2.6667, 2.6667, 2.6667, 6.0, 0.3333, 8.0, -1.6667, 9.6667, -3.6667, 11.0, -5.0, 11.6667, -6.0, 12.6667, -7.0, 14.0, -7.6667, 14.3333, -8.6667, 15.0, -8.6667, 15.6667, -9.3333, 16.6667, -9.0, 16.6667, -9.0, 17.0, -9.0, 17.0, -9.6667, 16.3333, -9.6667, 16.3333, -9.6667, 16.0, -9.0, 15.3333, -9.3333, 15.0, -8.6667, 14.6667, -8.3333, 15.0, -8.0, 14.6667, -7.3333, 14.6667, -6.3333, 14.3333, -5.3333, 14.6667, -5.0, 15.0, -5.3333]",8.799673,9.199598,91.760558
91,91,5c:01:3b:6b:b0:95,-39,256,"[86.0, -32.0, 4.0, 0.0, 5.6667, -0.3333, 5.6667, -0.3333, 5.0, -0.3333, 5.0, -0.3333, 4.0, -0.3333, 3.6667, -0.3333, 3.3333, 0.0, 2.3333, 0.0, 2.0, 0.0, 1.0, 0.3333, 1.3333, 0.3333, 1.0, 0.3333, 0.6667, 0.3333, 0.3333, 0.3333, 0.3333, 0.3333, 1.0, 0.3333, 1.0, 0.6667, 1.6667, 0.0, 1.6667, 0.0, 2.3333, -0.3333, 3.0, -0.3333, 3.3333, -0.6667, 3.3333, -0.6667, 4.0, -1.0, 4.0, -1.0, 1.0, -0.6667, 0.0, 0.0, 0.0, 0.0, 0.0, 0.0, 0.0, 0.0, 0.0, 0.0, 0.0, 0.0, 0.0, 0.0, 0.0, 0.0, 0.0, 0.0, 0.3333, 0.0, 2.0, 0.0, 2.6667, 0.0, 3.3333, 0.0, 4.3333, 0.0, 5.0, -0.6667, 6.0, -0.6667, 6.3333, -0.6667, 7.3333, -0.6667, 7.6667, -1.3333, 8.0, -1.3333, 9.0, -1.3333, 9.0, -1.3333, 9.0, -1.3333, 9.0, -1.3333, 8.3333, -1.3333, 8.0, -1.3333, 8.0, -0.6667, 7.3333, -1.0, 7.3333, -1.0, 7.0, -0.3333, 6.6667, -0.3333, 6.6667, -0.6667, 6.6667, -0.6667, 6.6667, -0.6667, 6.3333, -0.3333, 6.0, -0.3333, 4.3333, -1.0, 15.6667, -0.6667, 16.0, -1.3333, 15.6667, -1.6667, 15.3333, -1.6667, 14.6667, -1.6667, 14.0, -1.3333, 13.0, -0.6667, 11.0, -0.3333, 9.6667, 0.3333, 8.3333, 0.6667, 6.3333, 1.6667, 5.6667, 0.6667, 5.0, 0.0, 5.0, 0.6667, 5.0, 0.6667, 5.3333, 1.0, 6.0, 1.3333, 7.0, 1.0, 7.6667, 0.6667, 8.3333, -0.3333, 9.0, -1.0, 9.3333, -1.6667, 10.0, -2.0, 10.0, -2.0, 10.3333, -2.6667, 10.3333, -2.6667, 10.0, -3.3333, 10.6667, -4.0, 1.6667, -1.6667, 0.0, -1.0, -1.0, -0.6667, -0.3333, -0.6667, -0.6667, -0.6667, -0.6667, -0.6667, 0.0, -0.3333, 3.0, 1.3333, 5.0, 2.3333, 7.3333, 1.3333, 9.3333, 0.0, 11.3333, -1.3333, 12.6667, -1.6667, 13.3333, -2.3333, 14.3333, -3.0, 15.6667, -3.3333, 16.0, -3.6667, 16.6667, -3.6667, 17.3333, -4.3333, 18.0, -4.0, 18.0, -4.0, 18.0, -4.0, 18.3333, -4.6667, 18.0, -4.6667, 17.6667, -5.0, 17.3333, -4.3333, 16.6667, -4.6667, 16.6667, -4.0, 16.3333, -3.6667, 16.3333, -3.3333, 16.0, -3.3333, 16.0, -2.3333, 15.6667, -1.3333, 16.0, -1.3333, 16.3333, -1.3333]",8.227094,9.385448,91.760558
92,92,5c:01:3b:6b:b0:95,-37,256,"[86.0, -32.0, 4.0, 0.0, 6.3333, -5.6667, 6.3333, -5.6667, 6.0, -5.6667, 6.0, -5.6667, 5.0, -5.6667, 4.6667, -5.6667, 4.6667, -5.0, 3.6667, -5.0, 3.3333, -5.0, 2.3333, -5.3333, 2.6667, -5.3333, 2.3333, -5.3333, 2.3333, -5.3333, 2.0, -5.3333, 2.0, -5.3333, 2.3333, -5.3333, 2.3333, -4.6667, 2.6667, -5.0, 2.6667, -5.0, 3.0, -4.6667, 4.0, -4.6667, 4.0, -4.3333, 4.0, -4.3333, 4.3333, -4.0, 4.3333, -4.0, 1.0, -1.3333, 0.0, 0.0, 0.0, 0.0, 0.0, 0.0, 0.0, 0.0, 0.0, 0.0, 0.0, 0.0, 0.0, 0.0, 0.0, 0.0, 0.0, 0.0, 0.6667, -1.0, 3.0, -4.0, 4.0, -4.0, 4.3333, -4.0, 5.3333, -4.0, 5.6667, -4.3333, 6.6667, -4.3333, 6.6667, -4.3333, 7.6667, -4.3333, 8.0, -4.6667, 8.0, -4.6667, 9.0, -4.6667, 9.0, -4.6667, 9.0, -4.6667, 9.0, -4.6667, 8.3333, -4.6667, 8.0, -4.6667, 8.0, -4.3333, 7.6667, -5.0, 7.6667, -5.0, 7.6667, -4.6667, 7.3333, -4.6667, 7.3333, -5.3333, 7.3333, -5.3333, 7.3333, -5.3333, 7.0, -5.6667, 7.0, -5.6667, 5.6667, -6.0, 20.6667, -18.3333, 20.6667, -18.6667, 20.3333, -18.3333, 20.0, -18.3333, 19.6667, -18.3333, 19.3333, -17.6667, 18.6667, -17.3333, 17.6667, -17.6667, 16.6667, -17.3333, 16.0, -17.6667, 14.6667, -17.6667, 13.6667, -18.6667, 13.0, -19.0, 13.0, -18.6667, 13.0, -18.6667, 13.6667, -18.0, 14.0, -17.3333, 15.0, -17.0, 15.0, -16.6667, 14.6667, -16.6667, 14.3333, -16.0, 14.0, -15.3333, 13.6667, -15.0, 13.0, -14.0, 12.6667, -13.3333, 11.6667, -12.3333, 11.3333, -9.6667, 11.6667, -9.0, 2.0, -2.3333, 0.0, -1.0, -1.0, -0.3333, -0.6667, -0.3333, -1.0, -0.3333, -0.3333, -1.3333, 1.6667, -2.6667, 11.3333, -13.3333, 12.3333, -12.3333, 13.6667, -13.3333, 14.6667, -14.0, 15.6667, -14.6667, 16.0, -14.3333, 16.0, -14.6667, 16.0, -15.0, 17.3333, -14.6667, 17.6667, -14.3333, 18.3333, -14.3333, 19.0, -14.6667, 19.3333, -15.0, 19.3333, -15.0, 19.0, -15.0, 19.6667, -15.3333, 19.6667, -15.3333, 19.0, -16.0, 18.6667, -15.6667, 18.0, -16.3333, 18.3333, -16.0, 18.0, -16.3333, 18.3333, -16.6667, 18.6667, -17.6667, 19.3333, -17.6667, 19.6667, -17.6667, 20.3333, -18.6667, 21.0, -18.6667]",14.014992,11.446515,91.760558
93,93,5c:01:3b:6b:b0:95,-43,256,"[86.0, -32.0, 4.0, 0.0, 5.6667, -1.3333, 5.6667, -1.3333, 5.0, -1.6667, 5.0, -2.0, 4.0, -2.0, 3.3333, -2.3333, 3.3333, -2.0, 2.3333, -2.0, 1.6667, -2.3333, 0.6667, -3.0, 1.3333, -3.3333, 0.6667, -3.3333, 0.6667, -3.3333, 0.0, -3.3333, 0.0, -3.3333, 0.6667, -3.0, 0.6667, -2.3333, 1.3333, -2.3333, 1.3333, -2.3333, 2.0, -1.6667, 3.0, -2.0, 3.0, -1.3333, 3.0, -1.3333, 3.6667, -0.6667, 3.6667, -0.6667, 1.0, -0.6667, 0.0, 0.0, 0.0, 0.0, 0.0, 0.0, 0.0, 0.0, 0.0, 0.0, 0.0, 0.0, 0.0, 0.0, 0.0, 0.0, 0.0, 0.0, 0.3333, -0.6667, 2.0, -1.6667, 3.0, -1.3333, 3.6667, -1.0, 4.6667, -0.6667, 5.3333, -0.3333, 6.3333, -0.3333, 6.3333, 0.0, 7.3333, -0.3333, 8.0, -0.3333, 8.0, -0.3333, 9.0, -0.3333, 9.0, -0.3333, 9.0, -0.3333, 9.0, -0.6667, 8.6667, -0.3333, 8.0, -0.3333, 8.0, 0.0, 7.3333, -0.6667, 7.3333, -0.6667, 7.3333, -0.3333, 6.6667, 0.0, 6.6667, -0.6667, 6.6667, -0.6667, 6.6667, -0.6667, 6.0, -1.0, 6.0, -1.0, 3.6667, -3.3333, 13.6667, -11.0, 14.0, -11.3333, 13.3333, -10.6667, 13.3333, -11.0, 12.6667, -11.3333, 12.0, -11.0, 11.3333, -11.3333, 10.3333, -12.6667, 9.6667, -13.0, 8.6667, -14.0, 7.3333, -15.0, 6.3333, -15.6667, 6.0, -15.6667, 6.0, -15.6667, 6.0, -16.0, 6.3333, -15.3333, 7.0, -14.6667, 8.0, -14.0, 8.3333, -13.3333, 8.3333, -12.6667, 8.3333, -11.6667, 8.0, -10.6667, 8.0, -10.0, 7.6667, -8.6667, 8.0, -7.6667, 8.0, -6.6667, 8.3333, -3.0, 8.3333, -2.3333, 1.3333, -1.0, 0.0, -0.3333, -1.0, -0.3333, -0.3333, -0.3333, -1.0, -0.3333, -0.6667, -1.0, 0.3333, -2.0, 5.0, -11.0, 6.0, -10.0, 8.0, -10.6667, 9.0, -10.0, 10.6667, -9.3333, 11.6667, -8.3333, 12.0, -8.0, 13.0, -8.0, 14.3333, -7.3333, 14.6667, -6.6667, 15.3333, -6.6667, 15.6667, -6.6667, 16.0, -7.0, 16.0, -7.0, 15.6667, -7.0, 16.3333, -7.3333, 16.3333, -7.0, 15.6667, -7.6667, 15.3333, -7.6667, 14.6667, -8.0, 15.0, -8.0, 14.6667, -8.3333, 14.6667, -8.6667, 14.3333, -9.6667, 14.0, -9.6667, 13.6667, -10.0, 14.0, -11.3333, 14.3333, -11.0]",9.806266,9.598828,91.760558
94,94,5c:01:3b:6b:b0:95,-38,256,"[86.0, -32.0, 4.0, 0.0, 8.6667, 9.0, 8.6667, 9.0, 8.3333, 8.3333, 8.3333, 8.0, 7.6667, 7.6667, 7.3333, 7.0, 7.3333, 7.0, 6.6667, 6.6667, 6.3333, 6.0, 6.0, 5.3333, 6.3333, 5.0, 6.0, 5.0, 6.0, 5.0, 5.6667, 5.0, 5.6667, 5.0, 6.0, 5.3333, 5.6667, 5.6667, 6.0, 6.0, 5.6667, 6.0, 5.6667, 6.0, 6.0, 5.6667, 5.6667, 6.0, 5.3333, 5.6667, 5.3333, 5.6667, 5.3333, 5.6667, 1.3333, 1.0, 0.0, 0.0, 0.0, 0.0, 0.0, 0.0, 0.0, 0.0, 0.0, 0.0, 0.0, 0.0, 0.0, 0.0, 0.0, 0.0, 0.0, 0.0, 1.0, 1.0, 5.3333, 5.3333, 6.0, 6.0, 6.3333, 6.6667, 7.0, 7.0, 7.3333, 7.3333, 8.0, 7.6667, 7.6667, 8.0, 8.3333, 8.0, 8.6667, 8.3333, 8.3333, 8.3333, 9.0, 8.6667, 9.3333, 8.6667, 9.0, 8.6667, 9.0, 8.3333, 9.0, 8.6667, 8.3333, 8.3333, 8.6667, 8.6667, 8.3333, 8.3333, 8.6667, 8.3333, 8.6667, 8.6667, 8.6667, 9.0, 8.6667, 8.6667, 9.0, 8.6667, 9.0, 9.0, 9.0, 9.3333, 9.3333, 9.3333, 4.3333, 4.3333, 17.3333, 14.3333, 17.0, 14.0, 16.6667, 14.0, 16.6667, 13.3333, 16.3333, 13.0, 16.0, 12.6667, 15.6667, 12.0, 15.6667, 10.6667, 15.3333, 9.6667, 15.3333, 8.3333, 15.0, 7.3333, 14.6667, 6.6667, 14.3333, 6.6667, 14.3333, 6.6667, 14.3333, 6.0, 14.6667, 6.6667, 14.6667, 7.0, 15.0, 7.3333, 14.6667, 8.0, 13.6667, 8.0, 12.6667, 8.3333, 12.0, 8.3333, 11.0, 8.6667, 10.3333, 9.0, 10.0, 8.6667, 9.0, 9.0, 6.6667, 11.0, 5.6667, 11.0, 0.6667, 1.3333, 0.0, 0.3333, -1.0, -0.6667, -0.6667, -0.6667, -1.0, -0.6667, 0.0, 0.0, 1.6667, 1.0, 11.0, 6.0, 11.0, 7.0, 13.0, 7.3333, 13.0, 8.6667, 13.3333, 10.0, 13.3333, 10.6667, 13.0, 11.3333, 13.0, 12.0, 13.6667, 13.0, 13.3333, 13.6667, 13.6667, 13.6667, 13.3333, 14.0, 14.0, 14.0, 14.0, 14.3333, 13.3333, 14.3333, 13.6667, 14.3333, 13.6667, 14.6667, 13.3333, 14.3333, 13.6667, 14.0, 13.3333, 13.6667, 14.0, 14.0, 14.3333, 14.0, 15.3333, 14.0, 15.6667, 13.3333, 16.0, 13.6667, 16.3333, 14.0, 17.0, 13.6667, 17.6667, 14.3333]",12.810557,9.464428,91.760558
95,95,5c:01:3b:6b:b0:95,-42,256,"[86.0, -32.0, 4.0, 0.0, 2.6667, 19.3333, 2.6667, 19.3333, 2.6667, 18.3333, 2.6667, 18.0, 2.3333, 17.3333, 2.3333, 16.3333, 2.3333, 16.0, 2.0, 15.3333, 2.0, 14.3333, 2.0, 13.6667, 2.3333, 13.3333, 2.3333, 13.3333, 2.3333, 13.3333, 2.0, 13.3333, 2.0, 13.3333, 2.3333, 13.6667, 2.0, 13.6667, 2.3333, 14.3333, 2.0, 14.3333, 1.6667, 13.6667, 1.6667, 13.3333, 1.6667, 13.3333, 1.3333, 12.6667, 1.3333, 12.0, 1.3333, 12.0, 0.3333, 2.3333, 0.0, 0.0, 0.0, 0.0, 0.0, 0.0, 0.0, 0.0, 0.0, 0.0, 0.0, 0.0, 0.0, 0.0, 0.0, 0.0, 0.0, 0.0, 0.0, 2.6667, 1.6667, 12.3333, 1.6667, 13.3333, 2.0, 14.3333, 2.0, 14.6667, 2.3333, 15.0, 2.3333, 15.3333, 2.0, 16.0, 2.3333, 15.6667, 2.3333, 16.0, 2.0, 16.0, 2.0, 16.3333, 2.3333, 16.3333, 2.0, 16.3333, 2.0, 15.6667, 2.3333, 16.3333, 2.0, 16.0, 2.3333, 16.6667, 2.0, 16.6667, 2.3333, 16.6667, 2.3333, 17.3333, 2.3333, 18.0, 2.3333, 18.0, 2.6667, 18.0, 2.6667, 18.6667, 2.6667, 19.6667, 3.0, 19.6667, -0.3333, 12.0, 1.3333, 39.6667, 1.3333, 39.3333, 1.0, 38.6667, 1.6667, 37.6667, 1.6667, 37.3333, 1.6667, 36.3333, 1.6667, 35.3333, 1.6667, 34.0, 2.0, 32.3333, 2.3333, 30.6667, 2.3333, 29.6667, 2.6667, 29.0, 2.6667, 29.3333, 2.6667, 29.3333, 3.0, 28.6667, 2.6667, 29.0, 2.6667, 28.6667, 2.3333, 28.6667, 2.3333, 29.3333, 1.3333, 28.6667, 1.0, 28.3333, 0.6667, 27.3333, 0.3333, 27.3333, 0.0, 26.6667, -0.3333, 25.0, -0.6667, 24.3333, -3.0, 24.0, -4.6667, 22.6667, -1.3333, 3.3333, -0.6667, 1.0, -0.6667, -1.0, -0.3333, -1.0, -0.6667, -1.0, -0.3333, 1.0, 0.3333, 3.6667, 3.0, 23.0, 2.6667, 24.0, 2.3333, 25.3333, 2.0, 27.3333, 1.6667, 29.3333, 1.3333, 29.6667, 0.6667, 30.3333, 0.3333, 31.0, -0.3333, 31.6667, -1.3333, 32.0, -2.0, 32.0, -2.6667, 32.3333, -2.3333, 33.0, -2.3333, 33.3333, -3.0, 33.3333, -3.0, 33.0, -3.0, 33.6667, -3.0, 33.6667, -2.0, 33.3333, -1.6667, 33.6667, -1.0, 34.0, -0.3333, 34.6667, 0.3333, 35.3333, 0.6667, 35.6667, 1.0, 37.0, 1.0, 38.0, 1.3333, 38.6667, 1.6667, 39.6667]",21.057829,13.005746,91.760558
96,96,5c:01:3b:6b:b0:95,-38,256,"[86.0, -32.0, 4.0, 0.0, -2.6667, 19.3333, -2.6667, 19.0, -2.0, 18.3333, -2.0, 18.3333, -2.0, 17.6667, -1.3333, 17.0, -1.3333, 17.0, -1.3333, 16.0, -0.6667, 15.0, -0.3333, 14.0, -0.3333, 14.0, 0.3333, 14.0, 0.3333, 14.0, 0.3333, 14.0, 0.3333, 14.0, 0.3333, 14.0, 0.0, 14.0, 0.0, 15.0, -0.3333, 15.0, -1.3333, 14.0, -1.6667, 13.6667, -1.3333, 13.3333, -1.6667, 12.3333, -2.0, 11.6667, -2.0, 11.3333, -0.6667, 2.3333, 0.0, 0.0, 0.0, 0.0, 0.0, 0.0, 0.0, 0.0, 0.0, 0.0, 0.0, 0.0, 0.0, 0.0, 0.0, 0.0, 0.0, 0.0, -0.6667, 3.0, -1.0, 13.0, -1.6667, 14.0, -1.6667, 14.6667, -2.3333, 14.6667, -2.3333, 14.6667, -3.0, 15.0, -3.3333, 15.3333, -3.3333, 15.0, -4.0, 15.3333, -4.3333, 15.3333, -5.0, 15.6667, -4.6667, 15.6667, -5.0, 15.6667, -5.0, 15.3333, -4.3333, 15.6667, -4.3333, 15.3333, -4.0, 15.6667, -4.0, 15.6667, -3.6667, 16.0, -3.6667, 16.6667, -3.3333, 17.0, -3.3333, 17.0, -3.0, 17.3333, -3.0, 18.3333, -2.6667, 19.3333, -2.3333, 19.3333, -5.3333, 11.0, -14.3333, 36.6667, -14.6667, 36.6667, -14.6667, 35.6667, -13.6667, 34.6667, -12.6667, 34.6667, -12.0, 33.6667, -11.3333, 33.0, -10.3333, 32.6667, -9.3333, 31.6667, -7.6667, 30.3333, -6.6667, 30.0, -5.6667, 29.0, -5.6667, 29.6667, -5.6667, 29.6667, -5.3333, 29.3333, -5.6667, 29.6667, -6.0, 29.0, -6.6667, 29.0, -7.3333, 29.0, -8.6667, 28.0, -9.3333, 27.3333, -9.6667, 26.0, -10.3333, 25.3333, -10.3333, 24.3333, -11.0, 22.3333, -11.6667, 21.6667, -14.0, 20.0, -15.0, 18.6667, -3.0, 2.6667, -1.3333, 0.6667, -0.3333, -1.0, -0.3333, -1.0, -0.3333, -1.0, -0.3333, 1.0, -0.6667, 3.3333, -3.3333, 23.0, -4.6667, 24.0, -6.0, 25.6667, -7.3333, 26.6667, -9.6667, 27.6667, -11.3333, 27.6667, -13.0, 28.0, -14.3333, 28.3333, -15.6667, 29.0, -17.0, 29.0, -18.0, 29.0, -18.6667, 29.0, -18.6667, 29.6667, -19.0, 30.0, -19.3333, 30.0, -19.3333, 29.6667, -19.3333, 30.0, -19.3333, 30.0, -18.6667, 30.0, -18.0, 30.0, -17.6667, 30.6667, -17.3333, 31.3333, -16.6667, 32.0, -16.0, 32.3333, -15.0, 33.6667, -14.6667, 34.6667, -14.6667, 35.6667, -14.3333, 36.6667]",21.354392,13.223881,91.760558
97,97,5c:01:3b:6b:b0:95,-38,256,"[86.0, -32.0, 4.0, 0.0, -12.0, 15.3333, -12.0, 15.0, -11.0, 14.6667, -11.0, 14.6667, -11.0, 14.3333, -10.3333, 14.0, -10.3333, 14.0, -10.0, 13.3333, -9.3333, 12.6667, -9.3333, 12.0, -9.3333, 12.3333, -8.6667, 12.3333, -8.6667, 12.3333, -8.6667, 12.3333, -8.6667, 12.3333, -8.6667, 12.3333, -8.6667, 12.0, -8.3333, 12.6667, -8.3333, 12.3333, -9.0, 11.6667, -8.6667, 11.0, -8.0, 10.6667, -8.0, 10.0, -7.6667, 9.3333, -7.6667, 9.0, -2.3333, 1.6667, 0.0, 0.0, 0.0, 0.0, 0.0, 0.0, 0.0, 0.0, 0.0, 0.0, 0.0, 0.0, 0.0, 0.0, 0.0, 0.0, 0.0, 0.0, -2.3333, 2.3333, -8.0, 10.6667, -8.6667, 11.3333, -9.0, 11.6667, -9.6667, 11.6667, -9.6667, 11.6667, -10.3333, 11.3333, -10.6667, 11.6667, -10.6667, 11.0, -11.3333, 11.0, -11.3333, 11.0, -12.3333, 11.0, -12.3333, 11.0, -12.0, 11.0, -12.0, 10.6667, -11.3333, 11.0, -11.6667, 11.0, -11.6667, 11.3333, -11.3333, 11.6667, -11.3333, 12.0, -11.6667, 12.6667, -11.6667, 13.0, -11.6667, 13.3333, -11.6667, 13.6667, -12.0, 14.6667, -12.0, 15.3333, -12.0, 15.3333, -11.6667, 9.3333, -36.3333, 32.3333, -36.3333, 32.0, -36.0, 31.3333, -34.3333, 30.3333, -33.0, 30.3333, -32.0, 30.0, -30.6667, 29.6667, -29.6667, 29.6667, -28.0, 29.6667, -26.3333, 29.3333, -25.3333, 29.6667, -24.3333, 29.0, -24.3333, 30.0, -24.0, 30.0, -23.6667, 30.0, -24.0, 30.0, -24.0, 29.0, -24.6667, 28.6667, -25.0, 28.0, -25.6667, 26.3333, -25.6667, 25.0, -25.3333, 23.3333, -25.0, 22.6667, -24.6667, 21.6667, -24.6667, 19.6667, -24.6667, 18.3333, -25.6667, 14.6667, -25.6667, 12.6667, -5.0, 1.6667, -2.0, 0.3333, 0.0, -1.0, 0.0, -1.0, 0.0, -1.0, -1.3333, 1.0, -3.3333, 3.0, -17.6667, 22.3333, -19.3333, 22.3333, -21.6667, 23.6667, -23.3333, 23.6667, -26.0, 24.0, -28.0, 23.6667, -30.0, 23.6667, -31.6667, 23.0, -33.3333, 22.6667, -35.0, 22.0, -36.3333, 21.6667, -36.6667, 21.3333, -37.3333, 22.0, -38.0, 22.0, -38.0, 21.6667, -38.0, 21.0, -38.0, 21.6667, -38.0, 21.6667, -37.3333, 22.3333, -36.6667, 23.0, -36.6667, 23.6667, -36.6667, 24.6667, -36.6667, 25.6667, -36.0, 27.0, -35.3333, 28.6667, -35.6667, 30.0, -36.0, 31.0, -36.0, 31.6667]",24.870966,16.196847,91.760558
98,98,5c:01:3b:6b:b0:95,-43,256,"[86.0, -32.0, 4.0, 0.0, -13.0, 14.6667, -13.0, 14.0, -12.0, 14.0, -12.0, 14.0, -12.0, 14.0, -11.6667, 14.0, -11.6667, 14.0, -11.0, 13.6667, -10.6667, 13.3333, -10.6667, 13.0, -10.6667, 13.3333, -10.3333, 13.3333, -10.3333, 13.3333, -10.3333, 13.3333, -10.3333, 13.3333, -10.3333, 13.3333, -10.3333, 12.6667, -9.6667, 13.0, -9.6667, 12.3333, -10.0, 11.6667, -9.3333, 10.6667, -9.0, 10.0, -9.0, 9.3333, -8.3333, 9.0, -8.3333, 8.3333, -2.6667, 1.6667, 0.0, 0.0, 0.0, 0.0, 0.0, 0.0, 0.0, 0.0, 0.0, 0.0, 0.0, 0.0, 0.0, 0.0, 0.0, 0.0, 0.0, 0.0, -2.6667, 2.3333, -9.0, 11.0, -9.3333, 11.3333, -10.0, 11.3333, -10.3333, 11.3333, -10.3333, 11.3333, -10.6667, 11.0, -11.3333, 11.0, -11.3333, 10.3333, -11.6667, 10.3333, -11.6667, 10.3333, -12.6667, 10.3333, -12.6667, 10.3333, -12.3333, 10.3333, -12.3333, 10.3333, -12.0, 10.3333, -12.3333, 10.3333, -12.3333, 10.3333, -11.6667, 10.6667, -11.6667, 11.3333, -12.3333, 12.0, -12.3333, 12.0, -12.3333, 12.3333, -12.3333, 13.0, -13.0, 14.0, -13.0, 14.6667, -13.0, 14.6667, -12.6667, 8.3333, -39.6667, 29.0, -39.6667, 28.6667, -39.3333, 28.0, -38.0, 27.0, -36.3333, 27.0, -35.3333, 26.6667, -34.0, 26.6667, -33.0, 27.3333, -31.6667, 28.3333, -30.0, 28.6667, -29.0, 29.6667, -28.0, 29.6667, -28.0, 30.3333, -27.6667, 30.3333, -27.6667, 30.3333, -27.6667, 30.3333, -27.6667, 29.3333, -28.0, 28.6667, -28.6667, 27.0, -28.6667, 25.3333, -28.6667, 23.3333, -28.3333, 21.3333, -28.0, 20.0, -27.3333, 19.0, -27.0, 17.0, -27.0, 15.6667, -28.6667, 10.6667, -28.3333, 8.6667, -5.3333, 1.0, -2.0, 0.0, 0.0, -1.0, 0.0, -1.0, 0.0, -1.0, -1.3333, 1.0, -4.3333, 3.3333, -22.0, 23.0, -23.3333, 22.3333, -24.3333, 23.3333, -25.6667, 22.3333, -28.3333, 21.6667, -30.3333, 21.3333, -32.3333, 21.3333, -33.6667, 20.3333, -35.3333, 20.0, -37.3333, 19.0, -38.3333, 18.6667, -39.0, 18.0, -39.3333, 18.6667, -40.3333, 18.6667, -40.3333, 18.3333, -40.3333, 17.6667, -40.3333, 18.0, -40.3333, 18.0, -40.0, 19.0, -39.3333, 19.3333, -39.3333, 20.3333, -39.3333, 21.3333, -39.3333, 22.3333, -39.0, 23.6667, -38.3333, 25.3333, -38.6667, 26.6667, -39.3333, 27.6667, -39.3333, 28.3333]",25.51354,16.471863,91.760558
99,99,5c:01:3b:6b:b0:95,-39,256,"[86.0, -32.0, 4.0, 0.0, -12.6667, 10.6667, -12.6667, 10.3333, -11.6667, 10.3333, -11.3333, 10.0, -11.3333, 10.0, -11.0, 10.0, -11.0, 9.6667, -10.0, 9.6667, -9.6667, 9.6667, -9.3333, 9.3333, -9.0, 9.6667, -9.0, 9.6667, -9.3333, 9.6667, -9.3333, 9.6667, -9.3333, 9.6667, -9.3333, 9.6667, -9.3333, 9.0, -9.0, 9.0, -9.0, 8.3333, -9.3333, 8.0, -8.6667, 7.3333, -8.6667, 7.3333, -8.6667, 7.0, -8.3333, 6.6667, -8.3333, 6.3333, -2.6667, 1.3333, 0.0, 0.0, 0.0, 0.0, 0.0, 0.0, 0.0, 0.0, 0.0, 0.0, 0.0, 0.0, 0.0, 0.0, 0.0, 0.0, 0.0, 0.0, -2.3333, 1.6667, -8.0, 8.0, -8.3333, 8.0, -9.3333, 8.3333, -9.6667, 8.3333, -10.0, 8.6667, -10.3333, 8.3333, -11.3333, 8.6667, -11.6667, 8.3333, -12.0, 8.3333, -12.0, 8.6667, -12.6667, 8.6667, -13.0, 9.0, -12.3333, 9.0, -12.3333, 8.6667, -12.3333, 8.6667, -13.0, 8.6667, -12.6667, 8.6667, -11.6667, 8.6667, -11.6667, 9.0, -12.3333, 9.3333, -12.3333, 9.3333, -12.0, 9.6667, -12.0, 10.0, -12.6667, 10.6667, -12.3333, 11.0, -12.3333, 11.0, -9.6667, 7.0, -31.0, 25.3333, -31.0, 25.0, -30.6667, 24.3333, -29.3333, 23.3333, -28.0, 23.0, -26.6667, 22.6667, -25.3333, 22.3333, -24.3333, 22.0, -23.0, 22.0, -21.6667, 22.0, -20.3333, 22.0, -19.6667, 22.3333, -19.3333, 22.3333, -19.0, 22.3333, -19.0, 22.3333, -19.0, 22.3333, -19.3333, 22.0, -20.0, 21.6667, -20.6667, 20.6667, -21.0, 19.6667, -21.0, 18.6667, -21.0, 17.3333, -21.0, 17.0, -21.0, 16.6667, -21.0, 15.6667, -21.3333, 14.6667, -21.6667, 10.6667, -21.6667, 10.0, -4.3333, 1.3333, -1.6667, 0.0, 0.0, -1.0, -0.3333, -1.0, -0.3333, -1.0, -1.0, 0.6667, -2.6667, 2.3333, -13.6667, 16.3333, -15.0, 15.0, -18.3333, 18.3333, -20.0, 18.3333, -22.3333, 18.6667, -24.0, 19.0, -26.0, 19.6667, -27.3333, 19.6667, -29.0, 20.0, -30.6667, 20.0, -32.0, 20.0, -32.6667, 20.0, -33.3333, 20.6667, -34.0, 20.6667, -34.0, 20.3333, -34.0, 20.0, -34.0, 20.3333, -34.0, 20.0, -33.3333, 20.6667, -32.6667, 20.6667, -32.3333, 21.0, -31.6667, 21.6667, -31.3333, 21.6667, -31.0, 22.3333, -30.3333, 23.0, -30.6667, 24.0, -31.0, 25.0, -31.0, 25.3333]",21.077021,14.009563,91.760558
100,100,5c:01:3b:6b:b0:95,-42,256,"[86.0, -32.0, 4.0, 0.0, -11.3333, 10.0, -11.3333, 9.6667, -10.3333, 9.6667, -9.6667, 9.0, -9.6667, 9.0, -9.0, 9.0, -9.0, 8.3333, -8.0, 8.3333, -7.3333, 8.3333, -6.6667, 7.6667, -6.0, 7.6667, -6.0, 7.6667, -6.6667, 7.6667, -6.6667, 7.6667, -6.6667, 7.6667, -6.6667, 7.6667, -6.6667, 7.3333, -7.0, 7.3333, -7.0, 7.0, -7.6667, 6.6667, -7.3333, 6.3333, -7.3333, 6.6667, -7.3333, 6.3333, -7.6667, 6.3333, -7.6667, 6.0, -2.3333, 1.3333, 0.0, 0.0, 0.0, 0.0, 0.0, 0.0, 0.0, 0.0, 0.0, 0.0, 0.0, 0.0, 0.0, 0.0, 0.0, 0.0, 0.0, 0.0, -1.6667, 1.6667, -6.0, 7.3333, -6.6667, 7.3333, -7.6667, 8.0, -8.3333, 8.0, -9.0, 8.6667, -9.6667, 8.6667, -10.3333, 9.3333, -10.6667, 9.0, -11.0, 9.0, -11.0, 9.6667, -11.3333, 9.6667, -11.6667, 10.3333, -11.3333, 10.3333, -11.3333, 9.6667, -11.3333, 9.6667, -12.0, 9.6667, -11.6667, 9.6667, -10.6667, 9.0, -11.0, 9.3333, -11.3333, 9.6667, -11.3333, 9.6667, -11.0, 9.6667, -11.0, 10.0, -11.3333, 10.3333, -10.6667, 10.6667, -10.6667, 10.6667, -6.0, 6.3333, -19.6667, 22.6667, -19.6667, 22.6667, -19.6667, 21.6667, -18.6667, 20.6667, -17.3333, 20.0, -15.6667, 19.0, -14.6667, 18.3333, -13.6667, 17.3333, -12.6667, 16.3333, -11.3333, 15.6667, -9.6667, 14.6667, -9.3333, 15.0, -8.6667, 14.3333, -8.6667, 14.3333, -8.6667, 14.3333, -8.6667, 14.3333, -9.3333, 14.6667, -10.0, 15.0, -11.0, 14.3333, -11.6667, 14.6667, -11.6667, 14.6667, -12.3333, 14.0, -13.0, 14.0, -13.3333, 14.3333, -14.0, 14.3333, -14.6667, 14.0, -14.0, 11.0, -14.6667, 11.6667, -3.0, 1.6667, -1.3333, 0.0, 0.0, -1.0, -0.6667, -0.6667, -0.6667, -1.0, -0.3333, 0.0, -0.6667, 1.0, -3.3333, 9.3333, -4.3333, 9.3333, -10.0, 15.0, -11.6667, 16.0, -14.0, 17.0, -15.3333, 18.3333, -17.3333, 19.6667, -18.3333, 20.6667, -20.3333, 22.0, -21.6667, 23.0, -23.3333, 23.6667, -24.3333, 24.0, -25.0, 25.0, -25.3333, 25.0, -25.3333, 25.0, -25.3333, 24.6667, -25.3333, 24.6667, -25.3333, 24.0, -24.6667, 24.3333, -23.6667, 23.6667, -23.0, 23.3333, -21.6667, 23.6667, -21.0, 22.6667, -21.0, 22.3333, -20.0, 22.3333, -20.0, 22.6667, -20.3333, 23.6667, -20.3333, 24.0]",16.856325,11.935652,91.760558
101,101,5c:01:3b:6b:b0:95,-38,256,"[86.0, -32.0, 4.0, 0.0, -3.0, 1.3333, -3.0, 1.3333, -2.3333, 1.6667, -1.6667, 1.0, -1.6667, 1.0, -1.0, 1.0, -1.0, 0.6667, -0.6667, 0.6667, -0.3333, 0.6667, 0.0, 0.3333, 0.6667, 0.3333, 0.6667, 0.3333, 0.0, 0.3333, -0.3333, 0.3333, -0.3333, 0.3333, 0.0, 0.3333, 0.0, 0.3333, -0.6667, 0.3333, -0.6667, 0.3333, -1.0, 0.0, -1.0, 0.0, -1.3333, 0.6667, -1.3333, 0.6667, -2.3333, 0.6667, -2.3333, 0.6667, -1.0, 0.0, 0.0, 0.0, 0.0, 0.0, 0.0, 0.0, 0.0, 0.0, 0.0, 0.0, 0.0, 0.0, 0.0, 0.0, 0.0, 0.0, 0.0, 0.0, -0.3333, 0.3333, 0.0, 1.3333, -0.6667, 1.0, -1.3333, 1.6667, -2.0, 1.3333, -2.6667, 2.0, -3.3333, 1.6667, -3.6667, 2.3333, -4.0, 2.0, -4.3333, 2.0, -4.3333, 2.3333, -4.3333, 2.3333, -4.6667, 3.0, -4.3333, 3.0, -4.3333, 2.3333, -4.3333, 2.3333, -5.0, 2.3333, -4.6667, 2.3333, -3.6667, 2.0, -4.0, 2.0, -4.0, 2.0, -3.6667, 2.0, -3.3333, 2.0, -3.3333, 2.0, -3.3333, 2.0, -2.3333, 2.0, -2.0, 2.0, 1.3333, -0.3333, 4.0, 1.3333, 3.6667, 1.3333, 3.6667, 1.0, 4.0, 0.6667, 4.3333, 0.3333, 5.3333, 0.0, 5.6667, -0.3333, 6.0, -1.3333, 6.0, -2.0, 5.6667, -2.3333, 6.6667, -3.3333, 6.0, -3.0, 6.6667, -3.3333, 7.0, -3.3333, 7.0, -3.3333, 7.0, -3.3333, 6.3333, -2.6667, 6.0, -2.3333, 5.6667, -2.6667, 5.0, -2.0, 5.0, -1.3333, 4.3333, -1.3333, 3.3333, -0.6667, 2.6667, 0.0, 2.0, 0.6667, 1.3333, 1.0, 4.3333, 1.6667, 3.6667, 3.6667, 0.0, 0.3333, -0.3333, -0.3333, -0.3333, -0.6667, -1.0, -0.3333, -1.0, -0.6667, 0.0, -0.6667, 1.6667, -1.3333, 9.3333, -4.3333, 9.3333, -4.6667, 3.6667, 0.3333, 3.0, 0.6667, 2.6667, 1.3333, 2.6667, 2.0, 2.0, 2.6667, 2.0, 4.3333, 1.3333, 5.6667, 1.3333, 7.3333, 0.3333, 8.0, -0.3333, 8.6667, -0.6667, 9.0, -0.6667, 9.0, -0.6667, 9.0, -0.6667, 9.0, -0.3333, 9.0, -0.3333, 8.0, 0.0, 8.0, 0.3333, 7.3333, 1.0, 6.3333, 2.3333, 6.0, 3.0, 4.3333, 2.6667, 3.3333, 3.0, 2.3333, 3.0, 2.3333, 3.3333, 3.0, 3.3333, 3.0]",4.454391,8.198306,91.760558
102,102,5c:01:3b:6b:b0:95,-38,256,"[86.0, -32.0, 4.0, 0.0, 5.3333, -3.3333, 5.0, -3.3333, 5.0, -2.6667, 5.3333, -3.0, 5.0, -3.0, 5.3333, -3.0, 5.0, -2.6667, 4.6667, -2.6667, 4.3333, -2.6667, 4.0, -2.3333, 4.3333, -2.3333, 4.3333, -2.3333, 4.0, -2.3333, 3.3333, -2.3333, 3.3333, -2.3333, 4.0, -2.3333, 4.0, -2.3333, 3.6667, -2.3333, 3.6667, -2.3333, 4.0, -3.0, 4.0, -3.0, 4.0, -2.6667, 4.0, -2.6667, 3.3333, -2.6667, 3.3333, -2.6667, 0.3333, -1.0, 0.0, 0.0, 0.0, 0.0, 0.0, 0.0, 0.0, 0.0, 0.0, 0.0, 0.0, 0.0, 0.0, 0.0, 0.0, 0.0, 0.0, 0.0, 0.3333, -0.3333, 4.0, -1.3333, 3.6667, -2.0, 4.0, -1.6667, 4.0, -2.3333, 4.0, -2.0, 4.0, -2.6667, 4.3333, -2.3333, 4.6667, -3.0, 4.3333, -3.0, 4.3333, -3.3333, 4.3333, -3.3333, 4.3333, -3.0, 4.3333, -3.0, 4.3333, -3.3333, 4.3333, -3.3333, 4.0, -3.3333, 4.0, -3.3333, 5.0, -3.0, 4.6667, -3.0, 4.6667, -3.0, 5.0, -3.0, 5.0, -3.0, 4.6667, -3.0, 5.0, -3.0, 5.6667, -3.0, 6.0, -3.0, 5.3333, -5.6667, 18.0, -16.3333, 17.6667, -16.3333, 17.3333, -16.0, 17.0, -15.6667, 17.0, -15.3333, 17.6667, -15.0, 17.3333, -14.6667, 17.0, -14.6667, 16.0, -14.0, 14.3333, -13.6667, 14.3333, -13.6667, 13.0, -13.0, 13.3333, -12.6667, 14.0, -12.6667, 14.0, -12.6667, 14.0, -12.6667, 13.6667, -12.3333, 14.0, -12.6667, 14.3333, -13.3333, 14.0, -13.0, 14.0, -12.6667, 13.6667, -12.6667, 12.6667, -12.3333, 12.0, -12.0, 11.0, -11.6667, 10.0, -11.0, 10.6667, -7.6667, 10.0, -5.6667, 1.0, -1.3333, 0.0, -0.6667, -0.6667, -0.3333, -1.0, 0.0, -1.0, -0.3333, 0.0, -1.0, 2.3333, -2.3333, 13.6667, -10.6667, 14.6667, -11.3333, 11.3333, -9.3333, 12.0, -10.6667, 13.3333, -11.3333, 13.6667, -12.0, 13.3333, -12.6667, 13.6667, -11.3333, 13.3333, -10.6667, 13.6667, -9.3333, 13.0, -9.0, 12.6667, -8.6667, 13.0, -9.0, 13.0, -9.0, 12.6667, -9.0, 12.6667, -9.0, 13.0, -9.0, 13.0, -10.0, 13.0, -10.0, 13.3333, -10.3333, 14.0, -11.3333, 15.0, -12.0, 15.6667, -13.3333, 16.0, -14.3333, 16.3333, -15.3333, 17.0, -15.3333, 17.6667, -15.0, 18.0, -15.0]",11.133858,10.493089,91.760558
103,103,5c:01:3b:6b:b0:95,-42,256,"[86.0, -32.0, 4.0, 0.0, 13.6667, 0.3333, 13.0, 0.0, 12.3333, 0.6667, 12.3333, 0.3333, 11.6667, 0.0, 11.6667, 0.0, 11.0, 0.3333, 10.0, 0.0, 9.0, 0.0, 8.0, 0.3333, 8.0, 0.0, 8.0, 0.0, 8.0, 0.0, 7.3333, 0.3333, 7.3333, 0.3333, 8.0, 0.3333, 8.0, 0.3333, 8.0, 0.6667, 8.0, 0.6667, 9.0, 0.0, 9.0, 0.0, 9.3333, 0.0, 9.3333, 0.0, 9.0, 0.0, 9.0, 0.0, 1.6667, -0.3333, 0.0, 0.0, 0.0, 0.0, 0.0, 0.0, 0.0, 0.0, 0.0, 0.0, 0.0, 0.0, 0.0, 0.0, 0.0, 0.0, 0.0, 0.0, 1.0, 0.0, 8.0, 0.3333, 8.0, -0.3333, 9.3333, 0.0, 10.0, 0.0, 10.6667, 0.3333, 11.3333, 0.0, 12.0, 0.3333, 12.6667, 0.0, 12.0, 0.0, 12.0, -0.3333, 12.0, 0.0, 12.0, 0.0, 12.0, 0.0, 12.0, 0.0, 12.0, 0.0, 12.0, -0.3333, 12.0, -0.3333, 13.0, 0.3333, 13.0, 0.3333, 13.0, 0.3333, 13.3333, 0.3333, 13.3333, 0.3333, 12.6667, 0.0, 13.3333, 0.3333, 13.6667, 0.3333, 14.0, 0.6667, 9.3333, -3.6667, 32.0, -10.3333, 31.6667, -10.6667, 31.0, -10.0, 30.0, -9.6667, 29.6667, -9.3333, 30.0, -9.0, 29.0, -9.0, 28.0, -8.6667, 26.0, -8.0, 23.0, -7.6667, 22.0, -7.6667, 20.0, -7.0, 20.0, -6.3333, 21.0, -6.3333, 21.0, -6.3333, 21.0, -6.3333, 21.0, -6.3333, 22.0, -7.0, 23.0, -7.3333, 23.0, -7.3333, 23.0, -7.3333, 23.0, -7.6667, 22.0, -7.3333, 21.3333, -7.6667, 20.0, -7.6667, 18.6667, -7.0, 17.0, -2.3333, 16.3333, -0.6667, 2.0, -0.3333, 0.3333, -0.3333, -1.0, -0.3333, -1.0, -0.3333, -1.0, -0.3333, 0.0, -0.6667, 3.0, -1.0, 18.0, -4.3333, 20.0, -5.0, 19.0, -5.6667, 21.0, -7.0, 24.0, -7.3333, 24.6667, -8.0, 24.6667, -8.6667, 25.3333, -7.3333, 25.3333, -6.6667, 26.0, -5.6667, 25.6667, -5.3333, 25.6667, -5.3333, 26.6667, -5.6667, 26.6667, -5.3333, 26.0, -5.3333, 26.0, -5.3333, 26.3333, -5.3333, 26.3333, -6.0, 26.0, -6.3333, 26.3333, -6.3333, 27.0, -7.0, 27.6667, -7.6667, 28.3333, -8.3333, 29.3333, -9.3333, 29.6667, -10.3333, 31.0, -10.3333, 32.0, -10.0, 32.6667, -9.6667]",16.543814,11.967265,91.760558
104,104,5c:01:3b:6b:b0:95,-38,256,"[86.0, -32.0, 4.0, 0.0, 12.6667, 11.3333, 12.0, 11.0, 11.3333, 11.0, 11.3333, 10.3333, 10.6667, 10.0, 10.6667, 9.6667, 10.3333, 9.3333, 10.0, 8.6667, 9.3333, 8.6667, 9.0, 8.3333, 9.0, 8.0, 9.0, 8.0, 9.0, 8.0, 9.0, 8.3333, 9.0, 8.3333, 9.0, 8.3333, 9.0, 8.3333, 8.6667, 8.6667, 8.3333, 8.6667, 8.6667, 8.3333, 8.3333, 8.0, 8.6667, 7.6667, 8.3333, 7.6667, 8.3333, 7.6667, 8.0, 7.3333, 1.6667, 1.6667, 0.0, 0.0, 0.0, 0.0, 0.0, 0.0, 0.0, 0.0, 0.0, 0.0, 0.0, 0.0, 0.0, 0.0, 0.0, 0.0, 0.0, 0.0, 1.3333, 1.3333, 8.0, 7.0, 7.6667, 6.6667, 9.0, 7.3333, 9.3333, 8.0, 10.0, 8.6667, 10.3333, 9.0, 10.6667, 9.6667, 11.3333, 10.0, 10.3333, 10.0, 10.3333, 10.3333, 10.3333, 11.0, 10.3333, 11.0, 10.0, 11.0, 10.0, 10.6667, 10.3333, 10.6667, 10.3333, 10.3333, 10.3333, 10.3333, 11.3333, 10.6667, 11.3333, 10.6667, 11.6667, 10.6667, 11.6667, 11.0, 12.0, 11.0, 11.6667, 10.6667, 12.3333, 11.0, 12.6667, 11.3333, 12.6667, 11.6667, 8.0, 4.6667, 27.0, 17.0, 27.0, 16.3333, 26.0, 16.3333, 25.3333, 16.0, 25.6667, 15.6667, 26.3333, 15.0, 26.0, 14.3333, 25.3333, 14.0, 24.6667, 13.3333, 23.0, 13.0, 22.6667, 12.3333, 21.6667, 12.3333, 21.6667, 13.0, 22.3333, 13.0, 22.3333, 12.6667, 22.0, 12.6667, 22.0, 12.6667, 22.3333, 12.3333, 22.3333, 12.6667, 22.0, 12.3333, 21.3333, 12.3333, 20.6667, 11.3333, 19.6667, 11.6667, 18.3333, 11.0, 16.3333, 10.6667, 14.3333, 11.0, 11.0, 13.6667, 9.6667, 14.6667, 1.0, 2.3333, 0.0, 0.3333, -1.0, -0.6667, -1.0, -0.6667, -1.0, -0.6667, 0.3333, 0.0, 3.3333, 1.3333, 19.6667, 9.0, 20.6667, 9.3333, 18.3333, 10.3333, 19.3333, 10.6667, 21.0, 11.6667, 20.6667, 12.3333, 19.6667, 13.0, 19.3333, 14.6667, 18.0, 16.0, 17.6667, 17.0, 17.0, 17.6667, 16.6667, 17.6667, 17.3333, 18.0, 17.3333, 18.3333, 16.6667, 18.6667, 16.6667, 18.6667, 16.6667, 18.6667, 16.6667, 18.3333, 16.6667, 18.0, 17.6667, 17.6667, 19.0, 17.6667, 20.0, 17.3333, 21.0, 17.0, 23.0, 16.3333, 24.0, 15.6667, 26.0, 16.0, 27.0, 16.6667, 27.6667, 17.0]",17.592716,11.15752,91.760558
105,105,5c:01:3b:6b:b0:95,-41,256,"[86.0, -32.0, 4.0, 0.0, 9.3333, 22.3333, 9.0, 22.0, 8.3333, 21.3333, 8.3333, 20.3333, 8.0, 20.0, 8.0, 19.3333, 8.3333, 18.3333, 8.6667, 17.3333, 8.6667, 17.3333, 8.6667, 16.3333, 8.6667, 16.0, 8.6667, 16.0, 9.0, 16.0, 9.3333, 16.3333, 9.3333, 16.3333, 9.0, 16.3333, 8.6667, 16.3333, 8.0, 16.6667, 7.3333, 16.6667, 7.3333, 16.6667, 6.6667, 16.0, 6.3333, 15.3333, 6.0, 15.3333, 6.0, 15.3333, 5.6667, 14.6667, 1.3333, 3.6667, 0.0, 0.0, 0.0, 0.0, 0.0, 0.0, 0.0, 0.0, 0.0, 0.0, 0.0, 0.0, 0.0, 0.0, 0.0, 0.0, 0.0, 0.0, 1.3333, 2.6667, 6.6667, 13.6667, 6.0, 13.6667, 6.6667, 14.6667, 7.0, 16.0, 7.6667, 17.0, 7.6667, 18.0, 7.3333, 19.0, 7.6667, 20.0, 6.6667, 20.0, 6.6667, 21.0, 6.6667, 22.0, 6.6667, 22.0, 6.0, 22.0, 6.0, 21.3333, 6.6667, 21.3333, 6.6667, 21.0, 6.6667, 21.0, 7.6667, 21.0, 7.6667, 21.0, 8.3333, 21.0, 8.3333, 21.6667, 9.0, 21.6667, 9.0, 21.3333, 9.3333, 21.6667, 9.6667, 22.3333, 9.3333, 22.6667, 6.6667, 13.0, 22.3333, 44.3333, 22.3333, 43.3333, 21.3333, 42.6667, 21.0, 41.6667, 21.0, 40.6667, 21.0, 39.0, 20.6667, 37.6667, 19.6667, 36.6667, 19.3333, 34.6667, 19.0, 33.6667, 19.3333, 32.3333, 19.3333, 31.6667, 19.3333, 32.3333, 20.0, 32.3333, 20.0, 31.6667, 19.3333, 31.6667, 19.3333, 31.6667, 19.0, 31.6667, 18.0, 32.6667, 17.3333, 32.0, 16.6667, 32.0, 16.0, 30.3333, 15.6667, 30.6667, 14.6667, 29.6667, 13.3333, 29.0, 11.6667, 29.0, 10.0, 29.6667, 8.3333, 30.0, 1.0, 5.0, 0.0, 1.0, -1.0, -1.0, -1.0, -1.0, -1.0, -1.0, 0.3333, 0.6667, 3.0, 3.6667, 17.6667, 22.3333, 17.3333, 23.6667, 14.6667, 26.3333, 15.6667, 28.3333, 17.0, 30.6667, 17.3333, 32.6667, 16.3333, 34.6667, 15.6667, 36.6667, 14.0, 38.6667, 13.3333, 39.6667, 13.0, 40.6667, 12.3333, 40.6667, 12.6667, 41.6667, 12.6667, 42.0, 12.3333, 42.6667, 12.3333, 42.6667, 12.3333, 42.6667, 12.3333, 42.6667, 12.3333, 42.3333, 13.3333, 41.6667, 15.0, 42.3333, 16.0, 42.3333, 17.0, 42.3333, 19.0, 42.0, 20.0, 41.6667, 21.6667, 42.3333, 22.3333, 43.3333, 22.6667, 43.6667]",26.67021,15.555381,91.760558
106,106,5c:01:3b:6b:b0:95,-42,256,"[86.0, -32.0, 4.0, 0.0, 7.0, 9.3333, 7.0, 9.3333, 6.6667, 9.0, 6.6667, 8.3333, 6.6667, 8.3333, 6.6667, 7.6667, 7.6667, 7.0, 8.6667, 6.3333, 8.6667, 6.3333, 9.0, 5.6667, 8.6667, 5.6667, 8.6667, 5.6667, 9.0, 5.3333, 9.3333, 5.6667, 9.3333, 5.6667, 9.3333, 5.6667, 9.0, 5.6667, 8.3333, 6.0, 7.6667, 6.3333, 7.0, 6.6667, 6.0, 6.3333, 5.0, 6.0, 4.3333, 6.3333, 4.3333, 6.3333, 3.6667, 6.0, 1.0, 1.3333, 0.0, 0.0, 0.0, 0.0, 0.0, 0.0, 0.0, 0.0, 0.0, 0.0, 0.0, 0.0, 0.0, 0.0, 0.0, 0.0, 0.0, 0.0, 1.3333, 0.6667, 6.3333, 5.3333, 5.6667, 5.0, 5.6667, 5.6667, 5.3333, 6.3333, 5.6667, 7.0, 5.3333, 7.6667, 4.6667, 8.3333, 5.0, 9.0, 4.6667, 9.0, 4.6667, 9.6667, 5.0, 10.3333, 5.0, 10.3333, 4.3333, 10.3333, 4.3333, 9.6667, 5.0, 9.6667, 4.6667, 9.6667, 4.6667, 9.6667, 5.0, 9.6667, 5.0, 9.3333, 5.6667, 9.0, 5.3333, 9.6667, 6.0, 9.3333, 6.6667, 9.3333, 6.6667, 9.0, 7.3333, 9.3333, 7.0, 9.0, 5.6667, 5.0, 18.3333, 18.3333, 18.3333, 18.0, 17.3333, 17.6667, 17.3333, 17.0, 17.6667, 16.6667, 17.3333, 15.3333, 17.6667, 14.6667, 17.0, 14.0, 18.0, 12.3333, 18.0, 11.6667, 18.3333, 11.0, 18.6667, 10.0, 18.6667, 10.6667, 19.0, 10.6667, 19.0, 10.0, 18.3333, 10.3333, 18.6667, 10.6667, 18.0, 10.6667, 16.6667, 11.6667, 16.3333, 11.3333, 15.0, 12.0, 13.6667, 11.3333, 13.3333, 12.0, 12.0, 12.0, 10.6667, 12.0, 9.6667, 12.6667, 12.0, 13.6667, 11.0, 14.3333, 1.6667, 2.0, 0.3333, 0.3333, -1.0, -0.6667, -1.0, -0.6667, -1.0, -0.6667, 0.3333, 0.0, 2.6667, 0.6667, 15.6667, 6.3333, 15.3333, 7.0, 13.6667, 9.0, 14.0, 10.6667, 14.0, 12.0, 14.0, 13.3333, 14.0, 14.3333, 14.0, 15.6667, 13.3333, 17.3333, 13.0, 18.0, 13.3333, 18.6667, 12.6667, 19.0, 12.6667, 19.3333, 12.6667, 19.3333, 13.0, 20.0, 13.0, 20.0, 13.0, 20.0, 13.0, 20.0, 12.6667, 19.6667, 13.3333, 18.6667, 14.3333, 19.3333, 15.0, 19.0, 15.3333, 18.3333, 16.3333, 18.0, 16.6667, 17.6667, 17.6667, 18.0, 18.3333, 18.3333, 18.3333, 18.0]",14.422104,10.395284,91.760558
107,107,5c:01:3b:6b:b0:95,-42,256,"[86.0, -32.0, 4.0, 0.0, 6.0, -6.3333, 6.0, -6.3333, 5.3333, -6.0, 5.3333, -6.3333, 5.0, -6.3333, 5.0, -6.6667, 5.3333, -7.0, 5.6667, -7.3333, 5.3333, -7.3333, 5.3333, -7.6667, 4.6667, -7.6667, 4.6667, -7.6667, 5.0, -8.3333, 5.0, -7.6667, 5.0, -7.6667, 5.3333, -7.6667, 5.0, -7.6667, 5.0, -7.0, 4.6667, -6.3333, 4.6667, -5.6667, 4.3333, -5.3333, 3.6667, -5.0, 3.6667, -4.3333, 3.6667, -4.3333, 3.3333, -4.0, 1.0, -1.3333, 0.0, 0.0, 0.0, 0.0, 0.0, 0.0, 0.0, 0.0, 0.0, 0.0, 0.0, 0.0, 0.0, 0.0, 0.0, 0.0, 0.0, 0.0, 0.6667, -1.6667, 4.0, -5.3333, 4.0, -6.0, 4.3333, -5.6667, 4.6667, -5.3333, 5.3333, -5.0, 5.6667, -4.6667, 5.3333, -4.3333, 6.0, -4.0, 6.3333, -4.0, 6.3333, -3.6667, 7.0, -3.3333, 7.0, -3.3333, 6.6667, -3.3333, 6.6667, -3.6667, 7.0, -3.6667, 6.3333, -3.6667, 6.3333, -3.6667, 6.0, -3.6667, 6.0, -4.3333, 6.3333, -5.0, 5.6667, -4.6667, 6.0, -5.3333, 6.3333, -5.3333, 6.3333, -6.0, 6.6667, -6.3333, 6.0, -7.0, 5.3333, -4.0, 17.6667, -11.3333, 17.6667, -11.0, 16.6667, -10.6667, 16.6667, -11.0, 16.3333, -10.6667, 15.6667, -11.3333, 15.3333, -11.6667, 14.0, -12.0, 14.0, -13.3333, 13.0, -13.6667, 12.3333, -14.0, 12.0, -15.0, 12.0, -14.6667, 12.3333, -14.6667, 12.3333, -15.0, 12.0, -14.3333, 12.6667, -13.6667, 12.6667, -13.6667, 12.3333, -12.6667, 12.6667, -12.3333, 12.0, -11.0, 11.3333, -10.3333, 11.6667, -9.0, 11.0, -8.0, 10.3333, -7.0, 10.3333, -5.6667, 15.0, -3.6667, 15.0, -2.3333, 2.3333, -1.0, 0.6667, -0.3333, -1.0, -0.3333, -1.0, -0.3333, -1.0, -0.3333, 0.0, -1.0, 1.6667, -2.6667, 10.6667, -11.3333, 11.0, -11.0, 10.6667, -11.0, 12.0, -9.6667, 13.0, -9.0, 14.0, -8.3333, 15.0, -8.3333, 16.0, -7.6667, 16.6667, -6.3333, 17.0, -6.0, 17.6667, -5.6667, 17.3333, -5.0, 17.3333, -5.3333, 17.3333, -5.3333, 18.0, -5.0, 18.0, -5.0, 18.0, -5.0, 18.0, -5.0, 17.3333, -5.6667, 17.6667, -6.6667, 17.6667, -6.3333, 18.0, -7.0, 17.6667, -8.3333, 17.6667, -9.0, 17.3333, -9.6667, 17.3333, -10.0, 17.6667, -10.3333, 17.6667, -11.0]",11.913464,9.630091,91.760558
108,108,5c:01:3b:6b:b0:95,-41,256,"[86.0, -32.0, 4.0, 0.0, 1.3333, -11.6667, 1.6667, -12.0, 1.3333, -11.3333, 1.6667, -11.3333, 1.3333, -11.3333, 1.6667, -11.3333, 2.0, -11.3333, 2.3333, -11.3333, 1.6667, -11.3333, 2.0, -11.3333, 1.3333, -11.0, 1.6667, -11.0, 1.6667, -11.6667, 1.6667, -11.0, 1.6667, -11.0, 2.0, -11.0, 2.0, -11.0, 2.3333, -10.6667, 2.0, -10.0, 1.6667, -9.6667, 1.3333, -9.0, 1.0, -8.6667, 1.0, -8.0, 1.0, -8.0, 0.3333, -7.6667, 0.0, -2.3333, 0.0, 0.0, 0.0, 0.0, 0.0, 0.0, 0.0, 0.0, 0.0, 0.0, 0.0, 0.0, 0.0, 0.0, 0.0, 0.0, 0.0, 0.0, 0.0, -2.3333, 1.0, -8.6667, 1.3333, -9.3333, 1.3333, -9.3333, 1.0, -9.3333, 1.0, -9.3333, 1.0, -9.3333, 1.0, -9.3333, 1.3333, -9.6667, 2.0, -9.6667, 2.0, -9.6667, 2.3333, -9.6667, 2.3333, -9.6667, 2.3333, -9.6667, 2.3333, -9.6667, 2.3333, -9.6667, 2.0, -9.3333, 2.0, -9.3333, 1.3333, -9.3333, 1.3333, -10.0, 1.3333, -10.6667, 0.6667, -10.3333, 0.6667, -11.0, 1.3333, -11.0, 1.3333, -11.3333, 1.6667, -12.0, 1.3333, -12.6667, 1.3333, -6.0, 5.3333, -17.3333, 5.6667, -16.6667, 5.0, -16.3333, 5.3333, -16.6667, 5.6667, -16.0, 5.6667, -15.6667, 6.0, -15.6667, 6.0, -15.6667, 6.6667, -16.0, 6.3333, -16.0, 5.6667, -15.6667, 5.6667, -16.0, 5.6667, -16.0, 5.6667, -16.0, 5.6667, -16.0, 5.6667, -15.0, 6.0, -14.6667, 6.3333, -15.0, 6.3333, -14.6667, 6.6667, -14.6667, 5.6667, -14.3333, 4.6667, -13.3333, 4.6667, -12.6667, 4.0, -11.6667, 3.0, -11.0, 3.3333, -10.0, 6.6667, -9.6667, 7.3333, -9.0, 1.0, -2.3333, 0.3333, -0.6667, -0.6667, -0.3333, -1.0, -0.3333, -0.6667, -0.3333, -0.3333, -1.0, 0.6667, -2.6667, 5.0, -11.6667, 5.0, -12.0, 4.6667, -13.3333, 4.6667, -13.0, 4.0, -13.3333, 3.6667, -13.3333, 4.6667, -14.0, 5.3333, -14.3333, 5.6667, -13.6667, 6.0, -14.0, 6.3333, -14.0, 6.3333, -13.6667, 6.3333, -14.0, 6.0, -14.0, 6.6667, -14.0, 6.6667, -14.0, 6.3333, -14.0, 6.3333, -14.0, 6.0, -14.3333, 6.3333, -15.0, 6.0, -14.6667, 6.3333, -15.0, 6.0, -16.0, 5.6667, -16.0, 5.3333, -16.0, 5.3333, -16.3333, 5.6667, -16.3333, 5.6667, -17.0]",11.831472,8.751079,91.760558
109,109,5c:01:3b:6b:b0:95,-38,256,"[86.0, -32.0, 4.0, 0.0, -4.3333, 2.0, -3.6667, 1.3333, -4.0, 1.3333, -3.3333, 1.0, -3.6667, 1.0, -3.0, 0.6667, -2.6667, 0.3333, -2.3333, 0.0, -2.6667, 0.0, -2.0, 0.0, -2.3333, 0.0, -1.6667, 0.0, -1.6667, -0.3333, -1.6667, 0.0, -1.6667, 0.0, -1.6667, 0.0, -1.6667, 0.0, -1.3333, 0.0, -2.0, 0.3333, -2.3333, 0.3333, -2.6667, 0.6667, -2.6667, 0.6667, -2.3333, 1.0, -2.3333, 1.0, -3.0, 1.3333, -1.0, 0.0, 0.0, 0.0, 0.0, 0.0, 0.0, 0.0, 0.0, 0.0, 0.0, 0.0, 0.0, 0.0, 0.0, 0.0, 0.0, 0.0, 0.0, 0.0, -0.6667, -0.3333, -3.0, 0.3333, -2.6667, 0.3333, -3.0, 0.6667, -3.3333, 1.0, -3.6667, 1.3333, -4.0, 1.6667, -4.0, 2.0, -4.3333, 1.6667, -4.0, 2.0, -4.0, 2.3333, -4.3333, 2.3333, -4.3333, 2.3333, -4.3333, 2.3333, -4.3333, 2.3333, -4.3333, 2.3333, -4.0, 2.6667, -4.0, 2.6667, -4.3333, 2.6667, -4.3333, 2.3333, -4.3333, 2.0, -4.6667, 2.0, -4.6667, 1.6667, -4.0, 1.6667, -4.0, 2.0, -4.0, 2.0, -4.3333, 1.6667, -3.0, 2.6667, -7.6667, 10.0, -7.0, 10.3333, -7.3333, 10.0, -6.6667, 9.3333, -6.3333, 9.0, -6.0, 9.0, -5.6667, 8.6667, -5.0, 8.0, -4.6667, 7.6667, -3.3333, 7.0, -3.3333, 7.6667, -2.3333, 8.0, -2.3333, 8.0, -2.3333, 8.0, -2.3333, 8.0, -2.3333, 9.0, -2.6667, 8.6667, -2.3333, 8.0, -2.6667, 7.6667, -3.0, 7.0, -3.6667, 6.3333, -4.3333, 6.3333, -4.0, 6.3333, -4.0, 6.6667, -4.6667, 6.6667, -4.3333, 7.0, -4.6667, 5.6667, -4.3333, 5.3333, -1.0, 0.3333, -0.3333, 0.0, -0.3333, -0.6667, -1.0, -0.6667, -0.3333, -0.6667, -0.6667, 0.0, -0.3333, 0.6667, -0.6667, 6.0, -2.3333, 6.0, -4.0, 5.3333, -4.6667, 6.0, -6.0, 6.3333, -6.6667, 7.0, -6.6667, 7.3333, -7.3333, 7.0, -8.6667, 7.3333, -9.0, 7.3333, -9.3333, 7.3333, -9.3333, 7.3333, -9.3333, 7.6667, -10.0, 7.6667, -9.6667, 7.6667, -9.6667, 7.6667, -10.3333, 7.6667, -10.3333, 8.0, -10.0, 8.0, -9.3333, 7.6667, -9.0, 8.3333, -8.3333, 8.6667, -8.0, 8.3333, -7.6667, 9.3333, -7.3333, 9.3333, -7.0, 9.6667, -7.0, 10.3333, -7.0, 10.0]",6.6272,8.575513,91.760558
110,110,5c:01:3b:6b:b0:95,-38,256,"[86.0, -32.0, 4.0, 0.0, -9.3333, 12.3333, -8.6667, 11.3333, -8.3333, 11.0, -7.6667, 10.6667, -7.6667, 10.6667, -6.6667, 10.3333, -6.0, 10.0, -5.0, 9.6667, -5.0, 9.6667, -4.3333, 9.6667, -4.3333, 10.0, -3.6667, 10.0, -3.6667, 10.0, -3.3333, 10.0, -3.3333, 10.0, -3.3333, 10.0, -3.6667, 10.0, -3.6667, 9.3333, -4.3333, 9.3333, -5.0, 8.6667, -5.6667, 8.6667, -5.6667, 8.0, -5.6667, 8.0, -5.3333, 8.0, -6.0, 7.6667, -2.0, 1.6667, 0.0, 0.0, 0.0, 0.0, 0.0, 0.0, 0.0, 0.0, 0.0, 0.0, 0.0, 0.0, 0.0, 0.0, 0.0, 0.0, 0.0, 0.0, -1.3333, 1.3333, -5.3333, 7.6667, -5.6667, 8.0, -6.3333, 8.3333, -7.3333, 8.6667, -8.0, 9.0, -9.0, 9.3333, -9.0, 9.6667, -10.0, 9.0, -10.0, 9.3333, -10.0, 9.6667, -11.0, 9.6667, -11.0, 9.6667, -11.0, 9.6667, -11.0, 9.6667, -11.0, 9.6667, -10.0, 10.3333, -10.0, 10.3333, -10.0, 10.3333, -10.0, 10.3333, -10.0, 10.3333, -10.0, 10.6667, -10.0, 10.6667, -9.3333, 10.6667, -9.3333, 11.6667, -9.3333, 12.0, -9.3333, 12.0, -9.0, 9.6667, -26.3333, 33.6667, -26.0, 33.6667, -25.6667, 32.6667, -24.6667, 31.6667, -23.6667, 31.0, -22.3333, 31.3333, -21.3333, 31.0, -19.3333, 30.3333, -18.3333, 30.6667, -15.6667, 30.0, -14.6667, 30.3333, -13.3333, 30.6667, -13.3333, 30.6667, -13.3333, 31.0, -13.0, 30.6667, -13.0, 31.3333, -13.3333, 30.6667, -13.6667, 30.0, -14.6667, 29.6667, -15.3333, 28.3333, -16.0, 26.0, -16.3333, 25.0, -16.3333, 23.6667, -16.3333, 23.0, -16.6667, 21.6667, -16.6667, 21.0, -19.6667, 17.0, -19.3333, 15.3333, -3.6667, 2.0, -1.3333, 0.3333, 0.0, -1.0, -0.6667, -1.0, 0.0, -1.0, -1.0, 1.0, -2.0, 4.0, -10.3333, 23.3333, -13.0, 23.0, -15.0, 23.0, -17.0, 23.0, -19.6667, 23.0, -21.6667, 23.6667, -23.0, 24.3333, -25.0, 23.6667, -27.6667, 23.6667, -28.3333, 23.3333, -29.0, 23.3333, -29.0, 22.6667, -29.3333, 23.6667, -30.0, 23.6667, -30.3333, 23.6667, -30.3333, 23.6667, -31.0, 23.6667, -31.0, 24.0, -30.3333, 24.6667, -29.6667, 24.6667, -29.0, 25.6667, -28.3333, 26.6667, -27.6667, 27.3333, -27.0, 29.3333, -26.3333, 30.3333, -25.6667, 31.3333, -25.6667, 33.0, -25.6667, 33.0]",21.252343,14.980319,91.760558
111,111,5c:01:3b:6b:b0:95,-42,256,"[86.0, -32.0, 4.0, 0.0, -8.3333, 15.6667, -8.0, 14.6667, -7.3333, 14.0, -6.6667, 13.3333, -6.6667, 13.3333, -6.0, 12.6667, -5.3333, 12.0, -4.6667, 11.3333, -4.3333, 11.3333, -4.0, 11.3333, -4.0, 11.0, -3.6667, 11.0, -3.6667, 11.0, -3.0, 11.0, -3.0, 11.0, -3.0, 11.0, -3.6667, 11.0, -3.6667, 10.6667, -4.3333, 10.6667, -4.6667, 10.3333, -5.3333, 10.3333, -5.6667, 10.0, -5.6667, 10.0, -5.6667, 10.0, -6.0, 10.3333, -2.0, 2.3333, 0.0, 0.0, 0.0, 0.0, 0.0, 0.0, 0.0, 0.0, 0.0, 0.0, 0.0, 0.0, 0.0, 0.0, 0.0, 0.0, 0.0, 0.0, -1.3333, 1.6667, -4.0, 9.3333, -4.6667, 10.0, -5.3333, 10.6667, -6.0, 11.3333, -6.6667, 12.0, -7.6667, 12.6667, -8.0, 13.3333, -8.6667, 13.0, -9.0, 13.6667, -9.3333, 14.0, -10.3333, 14.3333, -10.6667, 14.3333, -10.6667, 14.3333, -10.3333, 14.3333, -10.3333, 14.3333, -9.6667, 14.6667, -9.3333, 14.6667, -9.3333, 14.6667, -9.0, 14.6667, -9.0, 14.6667, -9.0, 14.3333, -8.6667, 14.3333, -8.3333, 14.3333, -8.3333, 15.3333, -8.6667, 16.0, -8.3333, 16.0, -7.3333, 11.3333, -21.3333, 37.3333, -21.3333, 37.3333, -21.0, 36.3333, -20.0, 35.3333, -19.0, 34.0, -17.6667, 33.6667, -17.0, 33.0, -15.3333, 31.6667, -14.3333, 31.3333, -12.3333, 30.0, -11.3333, 29.6667, -10.6667, 29.3333, -10.3333, 29.3333, -10.3333, 30.0, -9.6667, 29.3333, -9.6667, 29.6667, -10.0, 29.3333, -10.6667, 29.0, -11.6667, 29.3333, -12.3333, 28.6667, -13.0, 27.0, -13.6667, 26.0, -14.0, 25.3333, -14.3333, 25.0, -14.6667, 24.3333, -15.0, 23.6667, -16.0, 21.3333, -16.0, 20.0, -3.3333, 3.0, -1.3333, 0.6667, -0.3333, -1.0, -0.6667, -1.0, -0.3333, -1.0, -0.6667, 1.0, -1.0, 4.0, -5.0, 23.6667, -7.3333, 24.0, -11.0, 24.0, -12.6667, 25.0, -15.0, 26.0, -16.6667, 27.3333, -18.0, 28.6667, -20.0, 28.6667, -22.0, 29.0, -23.0, 29.3333, -23.6667, 29.3333, -24.0, 29.0, -24.6667, 30.0, -25.3333, 30.0, -25.6667, 30.0, -25.6667, 30.0, -26.0, 30.0, -25.6667, 30.6667, -25.3333, 30.6667, -24.6667, 30.6667, -24.0, 31.6667, -23.3333, 32.3333, -22.6667, 33.0, -22.0, 34.6667, -21.6667, 34.6667, -21.0, 35.6667, -21.0, 37.0, -21.0, 37.0]",21.987956,14.605677,91.760558
112,112,5c:01:3b:6b:b0:95,-38,256,"[86.0, -32.0, 4.0, 0.0, -10.0, 9.0, -10.0, 8.3333, -9.0, 8.3333, -8.6667, 8.0, -8.6667, 8.0, -8.0, 7.6667, -7.6667, 7.6667, -7.3333, 7.6667, -7.0, 7.6667, -7.0, 8.0, -7.0, 8.3333, -7.0, 8.3333, -7.0, 8.3333, -6.3333, 8.3333, -6.3333, 8.0, -6.3333, 8.0, -7.0, 8.0, -6.6667, 7.3333, -7.0, 7.3333, -7.0, 6.6667, -7.0, 6.3333, -7.3333, 6.0, -7.0, 6.0, -7.0, 5.6667, -7.0, 5.6667, -2.3333, 1.0, 0.0, 0.0, 0.0, 0.0, 0.0, 0.0, 0.0, 0.0, 0.0, 0.0, 0.0, 0.0, 0.0, 0.0, 0.0, 0.0, 0.0, 0.0, -2.0, 1.0, -5.3333, 6.0, -6.3333, 6.3333, -6.6667, 6.3333, -7.0, 6.3333, -7.6667, 6.3333, -8.3333, 6.3333, -8.6667, 6.6667, -9.0, 6.0, -9.3333, 6.3333, -9.6667, 6.3333, -10.6667, 6.3333, -11.0, 6.3333, -11.0, 6.3333, -10.3333, 6.3333, -10.3333, 6.3333, -10.3333, 6.6667, -10.0, 6.6667, -10.0, 7.0, -9.6667, 7.0, -9.6667, 7.3333, -9.6667, 7.3333, -9.3333, 7.3333, -9.6667, 7.6667, -9.6667, 8.6667, -10.0, 9.0, -10.0, 9.0, -9.6667, 6.3333, -29.6667, 22.6667, -29.6667, 22.6667, -29.0, 22.0, -28.0, 21.3333, -27.0, 21.0, -25.6667, 21.0, -25.3333, 21.0, -24.0, 20.6667, -23.0, 21.3333, -22.0, 21.0, -21.3333, 21.0, -21.0, 20.3333, -21.0, 20.6667, -21.0, 21.3333, -20.0, 20.6667, -20.0, 20.3333, -19.6667, 20.3333, -20.3333, 20.3333, -21.0, 20.6667, -21.0, 20.0, -21.0, 18.0, -20.6667, 17.0, -20.6667, 16.0, -20.6667, 15.3333, -20.3333, 14.3333, -20.3333, 13.3333, -19.6667, 11.0, -19.3333, 9.3333, -4.0, 1.0, -1.6667, 0.0, -0.3333, -1.0, -0.3333, -1.0, -0.3333, -0.6667, -1.0, 0.6667, -2.3333, 2.6667, -12.6667, 17.3333, -14.3333, 16.6667, -17.6667, 16.0, -19.3333, 15.6667, -21.0, 15.3333, -22.3333, 15.6667, -23.6667, 16.0, -25.3333, 15.3333, -26.6667, 15.0, -27.3333, 14.6667, -27.6667, 14.3333, -28.0, 14.0, -29.0, 14.6667, -29.3333, 14.6667, -30.0, 14.3333, -30.0, 14.3333, -30.0, 14.3333, -29.6667, 14.6667, -29.6667, 15.0, -29.3333, 15.3333, -29.0, 16.0, -29.0, 16.6667, -28.6667, 17.6667, -28.6667, 19.0, -29.0, 20.0, -29.0, 21.0, -29.3333, 22.0, -29.6667, 22.0]",18.69631,13.389857,91.760558
113,113,5c:01:3b:6b:b0:95,-38,256,"[86.0, -32.0, 4.0, 0.0, -9.6667, 5.0, -9.6667, 4.6667, -9.0, 5.0, -8.6667, 4.6667, -8.6667, 4.6667, -8.3333, 4.3333, -8.0, 4.6667, -8.0, 4.6667, -7.6667, 4.6667, -8.0, 5.3333, -8.0, 5.3333, -8.0, 5.3333, -8.0, 5.3333, -7.6667, 5.3333, -7.6667, 5.0, -7.6667, 5.0, -7.6667, 5.0, -7.3333, 4.3333, -7.3333, 4.3333, -7.3333, 4.0, -7.0, 3.3333, -7.3333, 3.3333, -7.0, 3.3333, -7.0, 3.0, -7.0, 3.0, -2.3333, 0.3333, 0.0, 0.0, 0.0, 0.0, 0.0, 0.0, 0.0, 0.0, 0.0, 0.0, 0.0, 0.0, 0.0, 0.0, 0.0, 0.0, 0.0, 0.0, -2.0, 0.3333, -5.6667, 3.6667, -6.3333, 4.0, -6.3333, 3.6667, -6.3333, 3.6667, -7.0, 3.6667, -7.3333, 3.3333, -7.6667, 3.6667, -7.6667, 3.0, -8.3333, 3.3333, -9.0, 3.3333, -10.0, 3.0, -10.6667, 3.0, -10.6667, 3.0, -9.6667, 3.0, -9.6667, 3.0, -10.0, 3.0, -9.3333, 3.0, -9.3333, 3.6667, -8.6667, 3.6667, -8.6667, 4.0, -8.6667, 4.0, -8.3333, 4.0, -9.0, 4.3333, -9.0, 5.0, -9.6667, 5.3333, -9.6667, 5.3333, -8.3333, 2.0, -26.3333, 8.0, -26.0, 7.6667, -25.3333, 7.3333, -24.6667, 7.3333, -23.6667, 7.0, -23.3333, 7.0, -23.3333, 7.3333, -23.0, 7.3333, -22.3333, 8.3333, -22.6667, 8.6667, -23.0, 9.3333, -23.0, 9.3333, -23.0, 10.0, -23.0, 10.3333, -22.0, 10.0, -21.6667, 9.6667, -21.3333, 9.6667, -21.3333, 9.3333, -21.3333, 8.6667, -21.0, 8.0, -20.3333, 6.6667, -19.6667, 5.6667, -19.3333, 5.3333, -19.0, 4.6667, -18.3333, 4.3333, -17.6667, 3.3333, -14.3333, 0.6667, -13.6667, -0.6667, -3.0, -0.6667, -1.3333, -0.6667, -0.3333, -0.6667, -0.3333, -1.0, -0.3333, -0.3333, -1.3333, 0.0, -2.6667, 1.0, -13.3333, 8.0, -14.0, 7.3333, -17.0, 6.6667, -17.6667, 6.0, -18.3333, 5.0, -18.6667, 5.0, -19.0, 4.6667, -19.6667, 3.6667, -20.3333, 2.6667, -20.6667, 2.0, -21.0, 1.6667, -21.3333, 1.3333, -22.0, 1.3333, -22.3333, 1.3333, -22.6667, 1.0, -22.3333, 0.6667, -22.3333, 0.6667, -22.3333, 1.0, -22.3333, 1.3333, -22.3333, 2.0, -22.3333, 2.6667, -23.0, 3.3333, -23.0, 4.3333, -23.3333, 5.3333, -24.3333, 6.0, -25.0, 7.0, -25.6667, 7.3333, -26.0, 7.0]",14.346961,10.774308,91.760558
114,114,5c:01:3b:6b:b0:95,-38,256,"[86.0, -32.0, 4.0, 0.0, -10.6667, -5.0, -10.6667, -5.0, -10.3333, -4.0, -10.3333, -4.0, -10.3333, -4.0, -10.0, -3.6667, -10.0, -3.0, -10.0, -2.6667, -10.0, -2.3333, -10.6667, -1.6667, -10.6667, -1.0, -10.6667, -1.3333, -10.6667, -1.3333, -10.6667, -1.0, -10.6667, -1.3333, -10.6667, -1.6667, -10.0, -1.6667, -9.6667, -2.3333, -9.0, -2.3333, -9.0, -2.6667, -8.0, -3.3333, -8.0, -3.3333, -7.6667, -3.0, -7.0, -3.3333, -7.0, -3.6667, -2.3333, -1.3333, 0.0, 0.0, 0.0, 0.0, 0.0, 0.0, 0.0, 0.0, 0.0, 0.0, 0.0, 0.0, 0.0, 0.0, 0.0, 0.0, 0.0, 0.0, -2.3333, -1.0, -7.6667, -2.3333, -8.0, -2.6667, -7.3333, -3.3333, -7.3333, -4.0, -7.6667, -4.3333, -7.6667, -5.3333, -7.6667, -5.3333, -7.6667, -6.0, -7.6667, -6.3333, -8.3333, -6.3333, -9.0, -7.0, -9.3333, -7.0, -9.3333, -7.0, -8.6667, -7.0, -8.6667, -7.0, -9.0, -7.0, -8.6667, -7.0, -8.6667, -6.3333, -8.3333, -6.3333, -8.3333, -6.0, -8.6667, -5.6667, -8.6667, -5.6667, -9.6667, -5.0, -9.6667, -4.6667, -10.3333, -5.0, -10.6667, -5.0, -10.6667, -6.6667, -34.3333, -19.3333, -34.0, -19.6667, -33.0, -19.3333, -32.6667, -18.6667, -31.6667, -18.0, -32.0, -17.6667, -32.0, -16.6667, -32.3333, -15.6667, -32.0, -13.6667, -33.3333, -12.3333, -34.6667, -11.0, -35.0, -10.3333, -35.3333, -9.6667, -35.3333, -9.6667, -34.3333, -9.3333, -33.6667, -9.6667, -32.6667, -10.0, -32.0, -10.3333, -31.3333, -11.3333, -30.3333, -12.0, -28.6667, -13.0, -26.6667, -13.6667, -25.6667, -13.3333, -24.6667, -13.6667, -23.0, -13.6667, -21.3333, -14.0, -16.3333, -15.3333, -14.6667, -16.0, -3.0, -3.3333, -1.3333, -1.6667, 0.0, -0.3333, 0.0, -0.6667, 0.0, 0.0, -2.0, -1.0, -5.0, -2.0, -24.6667, -8.0, -24.3333, -9.6667, -25.3333, -11.0, -25.3333, -13.0, -25.0, -14.6667, -24.6667, -15.6667, -24.3333, -16.6667, -24.0, -18.0, -24.3333, -19.3333, -23.6667, -20.3333, -23.6667, -20.6667, -23.6667, -21.3333, -24.0, -22.0, -24.0, -22.0, -24.3333, -22.3333, -23.6667, -22.3333, -23.6667, -22.3333, -24.3333, -22.6667, -24.3333, -22.0, -25.0, -21.3333, -25.6667, -21.3333, -27.3333, -21.0, -28.0, -20.6667, -29.0, -20.3333, -30.6667, -19.3333, -32.3333, -19.3333, -33.3333, -19.6667, -33.6667, -20.3333]",19.442178,14.526317,91.760558
115,115,5c:01:3b:6b:b0:95,-39,256,"[86.0, -32.0, 4.0, 0.0, -5.6667, -8.3333, -5.6667, -8.3333, -5.6667, -7.3333, -5.3333, -7.3333, -5.3333, -7.3333, -5.3333, -6.6667, -5.3333, -6.3333, -5.0, -6.3333, -5.3333, -5.6667, -6.0, -5.3333, -6.0, -4.6667, -6.0, -5.3333, -6.0, -5.3333, -6.0, -4.6667, -6.0, -4.6667, -6.0, -5.3333, -5.3333, -5.3333, -5.3333, -5.6667, -4.6667, -5.6667, -4.6667, -5.6667, -4.3333, -6.0, -4.3333, -6.0, -4.3333, -5.3333, -4.0, -5.3333, -4.0, -5.6667, -1.3333, -1.6667, 0.0, 0.0, 0.0, 0.0, 0.0, 0.0, 0.0, 0.0, 0.0, 0.0, 0.0, 0.0, 0.0, 0.0, 0.0, 0.0, 0.0, 0.0, -1.3333, -1.6667, -4.0, -5.0, -4.0, -5.6667, -3.3333, -6.0, -3.6667, -6.6667, -3.6667, -6.6667, -3.6667, -7.6667, -4.0, -7.6667, -4.0, -8.0, -4.0, -8.6667, -5.0, -8.6667, -5.3333, -9.0, -5.6667, -9.0, -5.6667, -9.0, -5.3333, -9.0, -5.3333, -9.0, -5.3333, -9.0, -5.0, -9.0, -4.6667, -8.6667, -4.3333, -8.6667, -4.3333, -8.6667, -4.6667, -8.3333, -4.3333, -8.3333, -5.0, -7.6667, -5.0, -7.6667, -5.6667, -8.3333, -5.6667, -8.3333, -6.6667, -10.3333, -20.0, -32.0, -20.3333, -32.3333, -19.6667, -31.6667, -19.3333, -30.6667, -18.6667, -30.0, -19.0, -29.6667, -18.6667, -28.6667, -19.0, -27.6667, -18.0, -25.6667, -19.0, -24.3333, -19.6667, -23.3333, -20.0, -22.3333, -20.3333, -22.0, -20.0, -22.0, -19.3333, -21.3333, -19.0, -21.3333, -18.6667, -22.0, -18.0, -22.3333, -18.0, -23.0, -17.6667, -23.3333, -17.0, -23.6667, -15.6667, -24.0, -15.3333, -22.6667, -15.0, -22.3333, -14.0, -21.6667, -13.3333, -21.3333, -11.0, -20.6667, -9.0, -20.3333, -2.0, -4.0, -1.0, -2.0, 0.0, 0.0, -0.3333, -0.3333, -0.3333, 0.0, -1.3333, -1.6667, -3.3333, -3.6667, -14.3333, -17.6667, -14.3333, -19.3333, -14.0, -20.6667, -14.0, -22.6667, -14.0, -23.6667, -14.0, -24.6667, -13.6667, -25.3333, -13.6667, -26.0, -14.3333, -26.6667, -14.0, -27.3333, -14.3333, -27.3333, -14.6667, -28.3333, -14.6667, -29.3333, -14.6667, -29.3333, -14.6667, -29.3333, -14.3333, -29.0, -14.3333, -29.0, -15.0, -29.6667, -14.6667, -29.3333, -15.0, -29.0, -15.3333, -29.3333, -16.6667, -29.6667, -17.0, -30.0, -17.0, -30.3333, -18.0, -30.0, -19.0, -31.0, -19.3333, -31.6667, -19.3333, -32.6667]",17.980033,14.163928,91.760558
116,116,5c:01:3b:6b:b0:95,-39,256,"[86.0, -32.0, 4.0, 0.0, -2.3333, -13.0, -2.3333, -12.6667, -2.3333, -12.0, -1.6667, -11.6667, -1.6667, -11.3333, -1.6667, -10.6667, -1.6667, -10.3333, -1.0, -10.0, -1.6667, -9.3333, -2.0, -9.0, -2.0, -8.0, -2.0, -8.6667, -2.0, -8.6667, -2.0, -8.0, -2.0, -8.0, -2.0, -8.6667, -1.6667, -9.0, -1.6667, -9.0, -1.3333, -9.0, -1.3333, -9.0, -1.6667, -9.0, -1.6667, -9.0, -1.6667, -8.3333, -2.0, -8.6667, -2.0, -8.6667, -0.6667, -2.3333, 0.0, 0.0, 0.0, 0.0, 0.0, 0.0, 0.0, 0.0, 0.0, 0.0, 0.0, 0.0, 0.0, 0.0, 0.0, 0.0, 0.0, 0.0, -0.6667, -2.3333, -1.0, -8.0, -1.0, -9.0, -0.6667, -9.3333, -1.3333, -10.3333, -1.3333, -10.6667, -1.3333, -11.6667, -2.0, -12.0, -2.0, -12.0, -1.6667, -13.0, -2.6667, -13.3333, -2.6667, -13.6667, -2.6667, -13.6667, -2.6667, -13.6667, -2.6667, -13.6667, -2.6667, -13.3333, -2.6667, -13.3333, -2.6667, -13.3333, -2.0, -13.3333, -2.0, -13.0, -2.0, -13.0, -2.3333, -13.0, -1.6667, -13.0, -2.0, -12.3333, -2.0, -12.3333, -2.3333, -13.0, -2.3333, -13.0, -4.3333, -12.0, -11.0, -38.0, -11.6667, -38.3333, -11.3333, -37.3333, -10.6667, -36.3333, -10.3333, -35.3333, -10.0, -34.6667, -9.3333, -34.0, -9.0, -32.6667, -7.0, -31.0, -7.0, -30.0, -6.3333, -28.6667, -6.0, -27.6667, -6.6667, -27.6667, -6.0, -27.3333, -5.6667, -26.6667, -6.0, -26.6667, -6.3333, -27.3333, -6.0, -27.6667, -7.0, -27.6667, -7.3333, -28.0, -8.0, -28.3333, -7.3333, -28.3333, -7.6667, -27.0, -8.0, -26.3333, -8.0, -25.6667, -8.6667, -25.0, -11.0, -22.0, -10.0, -21.0, -2.3333, -4.0, -1.0, -2.0, 0.0, 0.0, -0.6667, 0.0, -0.6667, 0.0, -0.6667, -1.6667, -1.6667, -4.3333, -5.6667, -21.0, -6.6667, -23.0, -5.0, -25.0, -6.0, -27.0, -7.0, -27.6667, -8.0, -29.0, -8.3333, -29.6667, -9.3333, -30.3333, -10.6667, -31.0, -11.0, -31.0, -11.6667, -31.0, -12.3333, -32.0, -12.3333, -33.0, -12.3333, -33.0, -12.3333, -33.0, -12.6667, -32.0, -12.6667, -32.0, -13.0, -33.0, -12.3333, -33.0, -12.0, -33.0, -11.6667, -34.0, -12.3333, -34.3333, -12.0, -35.3333, -11.0, -36.0, -11.0, -35.6667, -11.0, -37.0, -10.6667, -37.6667, -10.6667, -38.3333]",19.464046,14.114821,91.760558
117,117,5c:01:3b:6b:b0:95,-37,256,"[86.0, -32.0, 4.0, 0.0, 1.0, -14.0, 1.0, -13.6667, 1.0, -13.0, 2.0, -13.0, 2.0, -12.6667, 2.0, -12.3333, 2.0, -11.6667, 3.0, -11.0, 2.3333, -10.6667, 2.3333, -10.0, 2.3333, -9.0, 2.3333, -9.3333, 2.3333, -9.3333, 2.3333, -9.0, 2.3333, -9.0, 2.3333, -9.3333, 2.3333, -10.0, 2.3333, -10.0, 2.0, -10.0, 2.0, -10.0, 1.0, -10.0, 1.0, -9.6667, 1.0, -9.3333, 0.0, -9.3333, 0.0, -9.0, 0.0, -2.3333, 0.0, 0.0, 0.0, 0.0, 0.0, 0.0, 0.0, 0.0, 0.0, 0.0, 0.0, 0.0, 0.0, 0.0, 0.0, 0.0, 0.0, 0.0, 0.0, -2.6667, 2.0, -9.0, 2.0, -10.0, 2.0, -10.3333, 1.0, -11.0, 1.0, -11.0, 1.0, -11.6667, 0.0, -11.6667, 0.0, -11.6667, 0.0, -12.0, -1.0, -12.6667, -1.0, -13.0, -1.0, -13.0, -1.0, -13.0, -1.0, -12.6667, -1.0, -12.3333, -1.0, -12.3333, -1.0, -12.6667, 0.0, -12.6667, 0.0, -12.6667, 0.0, -12.6667, 0.0, -13.0, 1.0, -13.0, 1.0, -13.0, 1.0, -13.3333, 1.0, -14.0, 1.0, -14.0, -2.0, -9.6667, -2.0, -30.3333, -3.0, -30.6667, -3.0, -29.6667, -2.0, -29.0, -2.0, -28.3333, -1.0, -28.0, 0.0, -27.6667, 1.0, -27.0, 4.0, -26.3333, 5.0, -26.0, 7.0, -25.3333, 8.0, -24.3333, 7.3333, -24.3333, 8.0, -23.6667, 8.0, -23.3333, 7.0, -23.3333, 6.0, -23.6667, 6.0, -24.3333, 4.0, -24.0, 3.0, -24.0, 1.0, -23.6667, 1.0, -23.0, 0.0, -22.0, -1.0, -21.3333, -2.0, -20.3333, -4.0, -19.6667, -11.0, -15.3333, -11.0, -14.0, -2.6667, -2.6667, -1.0, -1.3333, 0.0, -0.3333, -1.0, 0.0, -1.0, 0.0, 0.0, -1.3333, 0.0, -3.6667, 3.0, -18.0, 1.0, -19.0, 4.0, -21.0, 2.0, -22.0, 0.0, -22.3333, -2.0, -23.0, -3.0, -23.3333, -5.0, -23.6667, -7.0, -24.0, -8.0, -23.6667, -9.0, -23.3333, -10.0, -24.0, -10.0, -25.0, -10.0, -25.0, -10.0, -24.6667, -11.0, -24.0, -11.0, -24.0, -11.0, -24.6667, -10.0, -24.6667, -9.0, -25.0, -8.0, -26.0, -8.0, -26.3333, -7.0, -27.3333, -5.0, -28.3333, -4.0, -28.3333, -3.0, -29.6667, -2.0, -30.3333, -2.0, -30.6667]",16.65871,11.379482,91.760558
118,118,5c:01:3b:6b:b0:95,-42,256,"[86.0, -32.0, 4.0, 0.0, -6.3333, -15.0, -6.0, -14.6667, -6.0, -14.0, -5.0, -14.3333, -5.3333, -14.0, -5.3333, -14.0, -5.0, -13.0, -4.6667, -12.0, -5.0, -12.0, -5.0, -11.0, -5.0, -10.0, -5.0, -10.0, -5.0, -10.0, -5.0, -10.0, -5.0, -10.0, -5.0, -10.0, -5.0, -11.0, -4.6667, -11.0, -4.6667, -11.0, -4.3333, -11.0, -4.6667, -11.0, -4.3333, -10.3333, -4.0, -10.3333, -4.3333, -10.0, -4.3333, -9.3333, -1.0, -2.3333, 0.0, 0.0, 0.0, 0.0, 0.0, 0.0, 0.0, 0.0, 0.0, 0.0, 0.0, 0.0, 0.0, 0.0, 0.0, 0.0, 0.0, 0.0, -1.3333, -3.0, -3.6667, -10.0, -3.6667, -11.0, -3.6667, -11.3333, -4.3333, -11.6667, -4.3333, -11.3333, -4.3333, -11.6667, -5.0, -11.3333, -5.0, -11.3333, -5.0, -11.0, -5.6667, -12.0, -5.6667, -12.3333, -5.3333, -12.3333, -5.3333, -12.3333, -5.3333, -11.6667, -5.3333, -11.3333, -5.6667, -11.3333, -6.0, -12.0, -5.3333, -12.0, -5.3333, -12.3333, -5.6667, -12.3333, -5.6667, -13.0, -5.3333, -13.0, -5.3333, -13.6667, -5.6667, -14.3333, -6.0, -15.0, -6.0, -15.0, -5.3333, -7.3333, -14.0, -22.6667, -14.6667, -23.0, -14.3333, -22.0, -13.3333, -21.6667, -13.3333, -21.3333, -12.3333, -21.3333, -12.0, -21.3333, -11.3333, -21.3333, -9.3333, -21.6667, -9.0, -22.0, -7.6667, -22.0, -7.0, -21.0, -7.3333, -21.0, -7.0, -20.0, -7.0, -20.0, -7.6667, -20.0, -8.3333, -20.0, -8.0, -21.0, -8.6667, -20.3333, -9.0, -20.0, -9.6667, -19.0, -9.3333, -17.6667, -9.3333, -17.0, -9.6667, -16.3333, -9.6667, -15.0, -10.3333, -14.3333, -13.6667, -9.3333, -13.6667, -8.6667, -3.0, -2.0, -1.0, -1.0, 0.0, -0.6667, -0.6667, 0.0, -0.6667, 0.0, -0.6667, -1.0, -2.0, -3.0, -8.0, -15.0, -9.0, -15.0, -6.6667, -17.0, -8.0, -17.0, -9.3333, -17.0, -10.6667, -17.0, -11.3333, -17.0, -12.6667, -17.0, -13.6667, -17.0, -14.3333, -16.3333, -15.0, -15.6667, -15.6667, -16.0, -15.3333, -17.0, -15.3333, -17.0, -15.3333, -16.3333, -16.0, -16.0, -16.3333, -16.0, -16.3333, -16.3333, -16.0, -16.3333, -15.3333, -17.0, -15.0, -18.0, -15.3333, -18.3333, -15.3333, -19.3333, -14.3333, -20.6667, -14.0, -21.0, -13.6667, -22.3333, -13.3333, -23.0, -13.3333, -23.0]",15.817763,10.156361,91.760558
119,119,5c:01:3b:6b:b0:95,-41,256,"[86.0, -32.0, 4.0, 0.0, 0.6667, -12.0, 0.6667, -12.0, 0.3333, -11.3333, 0.6667, -12.0, 0.3333, -12.0, 0.0, -12.0, 0.3333, -11.6667, 0.0, -11.0, -0.3333, -11.3333, -0.6667, -11.0, -0.6667, -10.3333, -0.6667, -10.3333, -0.6667, -10.3333, -0.6667, -10.3333, -0.6667, -10.3333, -0.6667, -10.3333, -0.6667, -10.6667, -0.3333, -10.3333, -0.3333, -10.0, 0.0, -9.6667, 0.0, -9.3333, 0.3333, -8.6667, 0.3333, -8.6667, 0.3333, -7.6667, 0.3333, -6.6667, 0.0, -1.6667, 0.0, 0.0, 0.0, 0.0, 0.0, 0.0, 0.0, 0.0, 0.0, 0.0, 0.0, 0.0, 0.0, 0.0, 0.0, 0.0, 0.0, 0.0, -0.3333, -3.0, 0.0, -9.3333, 0.3333, -10.0, 0.6667, -10.0, 0.6667, -9.6667, 1.0, -8.6667, 1.3333, -8.6667, 1.0, -7.6667, 1.3333, -7.3333, 1.6667, -6.6667, 1.3333, -7.0, 1.6667, -7.3333, 2.0, -7.3333, 2.0, -7.3333, 2.0, -6.3333, 2.0, -6.3333, 1.6667, -6.3333, 1.3333, -7.3333, 1.3333, -7.3333, 1.6667, -8.3333, 1.3333, -8.3333, 1.3333, -9.0, 1.3333, -9.3333, 1.0, -10.3333, 1.0, -11.3333, 1.0, -12.0, 1.0, -12.0, -0.3333, -5.3333, 1.3333, -16.0, 1.0, -15.6667, 1.0, -15.0, 1.3333, -15.0, 0.6667, -15.0, 1.3333, -15.6667, 0.6667, -16.0, 0.6667, -17.0, 1.0, -18.0, 0.6667, -19.3333, 1.3333, -20.3333, 1.3333, -20.0, 1.6667, -20.3333, 1.6667, -19.3333, 1.3333, -19.3333, 1.0, -19.0, 0.6667, -19.0, 1.0, -19.3333, 1.0, -18.0, 1.0, -17.0, 0.6667, -15.0, 0.6667, -13.3333, 0.6667, -12.3333, 0.3333, -11.0, 0.6667, -9.3333, 0.3333, -8.0, 0.0, -2.6667, 0.0, -1.6667, -0.3333, -0.6667, -0.3333, -0.3333, -0.3333, -1.0, -0.6667, 0.0, -0.6667, 0.0, -0.3333, -1.0, -0.6667, -3.0, 0.0, -15.3333, 0.0, -14.0, 1.3333, -15.3333, 1.0, -14.0, 1.0, -12.6667, 1.0, -11.6667, 1.3333, -10.6667, 1.0, -9.6667, 1.3333, -8.3333, 1.0, -7.3333, 1.0, -6.3333, 1.0, -6.3333, 1.3333, -7.0, 1.6667, -7.3333, 1.6667, -6.6667, 1.6667, -6.6667, 1.3333, -6.6667, 1.3333, -6.3333, 1.0, -6.3333, 1.3333, -7.3333, 1.3333, -8.0, 1.3333, -9.0, 1.0, -10.0, 1.3333, -11.6667, 1.0, -13.0, 1.3333, -15.0, 1.6667, -16.0, 2.0, -16.0]",10.264899,8.947323,91.760558
120,120,5c:01:3b:6b:b0:95,-42,256,"[86.0, -32.0, 4.0, 0.0, 7.6667, -10.0, 7.6667, -10.0, 7.0, -9.6667, 6.6667, -10.0, 6.0, -10.0, 5.6667, -10.0, 5.6667, -10.3333, 4.3333, -10.0, 4.0, -10.6667, 3.6667, -11.0, 3.3333, -10.6667, 3.3333, -10.6667, 3.3333, -10.6667, 3.0, -10.6667, 3.3333, -10.6667, 3.3333, -10.6667, 3.3333, -10.3333, 3.6667, -9.6667, 4.0, -9.0, 4.3333, -8.3333, 4.6667, -7.6667, 5.0, -7.3333, 5.0, -7.3333, 5.0, -6.3333, 5.0, -5.3333, 1.0, -1.3333, 0.0, 0.0, 0.0, 0.0, 0.0, 0.0, 0.0, 0.0, 0.0, 0.0, 0.0, 0.0, 0.0, 0.0, 0.0, 0.0, 0.0, 0.0, 0.6667, -3.0, 3.6667, -8.6667, 4.3333, -9.0, 5.3333, -9.0, 6.0, -8.3333, 6.6667, -7.3333, 7.0, -7.3333, 7.3333, -6.3333, 8.0, -5.6667, 8.6667, -5.3333, 8.6667, -5.0, 9.3333, -5.6667, 9.6667, -5.6667, 9.6667, -5.6667, 9.6667, -4.6667, 9.6667, -4.6667, 9.3333, -4.6667, 9.0, -5.6667, 8.3333, -5.6667, 9.0, -6.6667, 8.3333, -6.6667, 8.3333, -7.0, 8.0, -7.6667, 7.6667, -8.6667, 8.0, -9.6667, 8.3333, -10.0, 8.3333, -10.0, 4.3333, -4.6667, 16.0, -14.0, 16.0, -13.3333, 15.6667, -13.0, 15.3333, -13.0, 14.0, -13.0, 14.0, -13.3333, 12.3333, -14.0, 11.6667, -15.0, 10.3333, -16.0, 9.3333, -17.6667, 8.6667, -18.6667, 8.0, -19.0, 8.3333, -19.6667, 8.3333, -18.6667, 8.0, -18.6667, 8.0, -18.0, 8.0, -18.0, 8.6667, -17.6667, 9.3333, -16.0, 9.6667, -15.0, 10.0, -13.0, 9.6667, -11.6667, 10.0, -10.6667, 10.0, -9.0, 10.6667, -7.6667, 10.6667, -6.0, 13.0, -3.3333, 13.3333, -3.3333, 2.0, -1.3333, 0.3333, -0.6667, -0.6667, -1.0, -0.6667, 0.0, -0.6667, 0.0, -0.3333, -1.0, 0.3333, -3.0, 5.3333, -15.6667, 6.6667, -14.0, 8.3333, -14.6667, 9.6667, -13.0, 11.0, -11.3333, 12.3333, -10.3333, 13.6667, -9.3333, 14.6667, -8.3333, 16.3333, -6.6667, 16.6667, -5.6667, 17.3333, -4.6667, 18.0, -4.6667, 18.6667, -5.0, 19.0, -5.6667, 19.0, -5.3333, 19.6667, -5.3333, 19.3333, -5.3333, 19.3333, -4.6667, 18.3333, -4.6667, 18.3333, -5.6667, 18.0, -6.0, 17.6667, -7.0, 17.0, -8.0, 16.6667, -9.3333, 15.6667, -11.0, 16.0, -13.0, 16.3333, -14.0, 16.6667, -14.0]",13.210311,9.374853,91.760558
121,121,5c:01:3b:6b:b0:95,-41,256,"[86.0, -32.0, 4.0, 0.0, 22.0, -8.0, 21.6667, -8.0, 20.6667, -8.0, 19.6667, -8.0, 19.0, -8.0, 18.6667, -8.0, 18.0, -9.0, 16.3333, -9.0, 16.0, -10.0, 15.6667, -11.0, 15.0, -11.0, 15.0, -11.0, 15.0, -11.0, 14.3333, -11.0, 15.0, -11.0, 15.0, -11.0, 15.0, -10.0, 15.0, -9.0, 15.0, -8.0, 15.0, -7.0, 15.0, -6.0, 15.0, -6.0, 14.6667, -6.0, 14.0, -5.0, 14.0, -4.6667, 3.0, -1.3333, 0.0, 0.0, 0.0, 0.0, 0.0, 0.0, 0.0, 0.0, 0.0, 0.0, 0.0, 0.0, 0.0, 0.0, 0.0, 0.0, 0.0, 0.0, 3.0, -3.0, 13.0, -8.0, 14.0, -8.0, 15.6667, -8.0, 16.6667, -7.0, 17.6667, -6.3333, 18.0, -6.6667, 18.6667, -6.0, 19.6667, -5.6667, 20.6667, -5.6667, 20.6667, -5.0, 21.6667, -5.6667, 21.6667, -5.6667, 21.6667, -5.6667, 21.6667, -5.3333, 21.6667, -5.3333, 21.6667, -5.3333, 21.6667, -6.0, 20.6667, -5.6667, 21.6667, -6.3333, 21.0, -6.3333, 21.0, -6.3333, 21.0, -7.0, 20.6667, -7.3333, 21.6667, -8.0, 22.6667, -8.0, 22.6667, -8.3333, 12.3333, -6.3333, 42.6667, -19.3333, 42.6667, -18.3333, 41.6667, -18.3333, 40.6667, -18.0, 38.6667, -17.6667, 38.0, -17.3333, 36.0, -17.3333, 35.0, -17.3333, 33.0, -17.6667, 32.0, -18.0, 30.6667, -18.3333, 29.6667, -18.3333, 30.0, -19.0, 30.0, -18.3333, 29.6667, -18.3333, 29.6667, -17.6667, 29.6667, -17.6667, 30.3333, -17.3333, 30.3333, -16.0, 30.3333, -15.6667, 30.0, -14.3333, 29.0, -13.6667, 28.6667, -13.0, 28.3333, -11.6667, 28.3333, -11.0, 27.3333, -9.3333, 28.6667, -8.0, 28.3333, -7.0, 4.3333, -1.6667, 1.0, -0.6667, -1.0, -0.6667, -1.0, 0.0, -1.0, 0.0, 0.3333, -1.0, 3.3333, -3.0, 21.6667, -16.6667, 23.3333, -15.6667, 26.0, -16.3333, 28.3333, -15.6667, 30.3333, -15.0, 32.3333, -14.0, 34.3333, -13.3333, 36.0, -12.3333, 38.0, -11.0, 38.6667, -10.0, 39.6667, -9.0, 40.6667, -9.0, 41.3333, -9.0, 41.6667, -9.6667, 41.6667, -9.6667, 42.6667, -9.6667, 42.6667, -9.6667, 42.6667, -9.3333, 41.6667, -9.3333, 41.6667, -10.3333, 41.6667, -10.6667, 41.3333, -12.0, 41.3333, -13.0, 41.3333, -14.3333, 40.3333, -16.0, 41.3333, -17.6667, 42.3333, -18.6667, 42.6667, -19.0]",25.650116,14.87583,91.760558
122,122,5c:01:3b:6b:b0:95,-42,256,"[86.0, -32.0, 4.0, 0.0, 10.6667, -8.0, 10.6667, -8.0, 10.0, -8.0, 9.6667, -7.6667, 9.0, -7.6667, 9.0, -7.6667, 8.3333, -8.3333, 7.0, -8.0, 7.0, -8.3333, 6.6667, -9.0, 6.0, -8.6667, 6.0, -8.6667, 6.0, -8.6667, 5.3333, -9.0, 6.0, -9.0, 6.0, -9.0, 6.3333, -8.3333, 6.3333, -7.6667, 6.6667, -7.0, 6.6667, -6.6667, 7.0, -6.0, 7.0, -5.6667, 7.0, -5.6667, 6.3333, -5.0, 6.6667, -5.3333, 1.3333, -1.6667, 0.0, 0.0, 0.0, 0.0, 0.0, 0.0, 0.0, 0.0, 0.0, 0.0, 0.0, 0.0, 0.0, 0.0, 0.0, 0.0, 0.0, 0.0, 1.3333, -2.6667, 5.6667, -7.0, 6.3333, -7.3333, 7.6667, -7.6667, 8.3333, -7.0, 9.0, -6.6667, 9.0, -7.3333, 9.6667, -7.0, 10.6667, -7.3333, 11.3333, -7.3333, 11.0, -7.0, 11.6667, -7.3333, 11.6667, -7.3333, 11.6667, -7.3333, 11.6667, -7.6667, 11.6667, -7.6667, 11.6667, -7.6667, 11.6667, -8.0, 11.0, -7.3333, 11.6667, -7.6667, 10.6667, -7.6667, 10.6667, -7.6667, 10.6667, -8.0, 10.3333, -7.6667, 11.0, -8.0, 11.3333, -8.0, 11.3333, -8.6667, 3.3333, -8.6667, 13.6667, -26.6667, 13.6667, -25.6667, 13.3333, -25.6667, 13.0, -25.0, 12.0, -24.3333, 11.3333, -23.6667, 10.0, -22.6667, 9.3333, -21.6667, 8.0, -21.3333, 7.6667, -20.0, 6.3333, -19.6667, 5.6667, -18.6667, 5.6667, -19.0, 6.0, -18.6667, 6.0, -18.6667, 6.0, -18.3333, 6.0, -18.3333, 6.6667, -18.6667, 6.6667, -18.0, 7.0, -18.3333, 7.6667, -17.6667, 7.3333, -17.3333, 7.6667, -17.0, 8.3333, -16.3333, 8.6667, -16.0, 8.6667, -14.6667, 11.0, -13.3333, 11.6667, -12.3333, 1.3333, -2.6667, 0.0, -1.0, -0.6667, -0.3333, -0.6667, 0.0, -0.6667, 0.0, -0.6667, -1.0, 0.3333, -3.0, 3.6667, -17.3333, 4.6667, -17.3333, 6.6667, -18.6667, 8.6667, -19.3333, 10.0, -20.0, 11.6667, -19.0, 12.6667, -18.6667, 14.3333, -17.6667, 15.6667, -17.0, 16.6667, -16.0, 17.3333, -15.0, 17.6667, -15.0, 18.0, -15.0, 18.0, -15.3333, 18.0, -15.3333, 18.6667, -15.3333, 18.6667, -15.3333, 18.3333, -15.6667, 17.6667, -15.6667, 17.6667, -16.6667, 17.3333, -17.3333, 16.3333, -19.0, 16.0, -20.0, 15.3333, -21.6667, 14.3333, -23.0, 14.0, -24.3333, 14.0, -25.3333, 14.0, -26.0]",15.54163,10.572883,91.760558
123,123,5c:01:3b:6b:b0:95,-39,256,"[86.0, -32.0, 4.0, 0.0, -0.6667, -4.6667, -0.6667, -4.6667, -1.0, -4.6667, -0.6667, -4.0, -1.0, -4.0, -1.0, -3.6667, -1.3333, -4.0, -2.0, -3.6667, -2.0, -3.6667, -2.6667, -3.6667, -3.0, -3.3333, -3.0, -3.0, -3.0, -3.0, -3.3333, -3.3333, -3.0, -3.3333, -3.0, -3.3333, -2.3333, -3.3333, -2.3333, -3.0, -1.6667, -3.0, -1.6667, -3.3333, -1.0, -3.0, -1.0, -3.0, -1.0, -3.3333, -1.3333, -3.3333, -0.6667, -4.0, -0.3333, -1.6667, 0.0, 0.0, 0.0, 0.0, 0.0, 0.0, 0.0, 0.0, 0.0, 0.0, 0.0, 0.0, 0.0, 0.0, 0.0, 0.0, 0.0, 0.0, -0.3333, -1.3333, -1.6667, -3.0, -1.3333, -3.6667, -0.6667, -4.3333, -0.3333, -4.0, 0.0, -4.3333, 0.0, -5.3333, 0.3333, -5.3333, 1.3333, -6.3333, 1.6667, -6.6667, 1.0, -6.6667, 1.3333, -7.0, 1.3333, -7.0, 1.3333, -7.0, 1.3333, -7.3333, 1.3333, -7.3333, 1.3333, -7.6667, 1.3333, -7.3333, 1.0, -6.3333, 1.3333, -6.3333, 0.3333, -6.0, 0.3333, -6.0, 0.3333, -6.0, -0.3333, -5.0, 0.0, -5.0, -0.3333, -5.0, -0.3333, -5.6667, -5.3333, -7.0, -14.6667, -20.6667, -14.6667, -20.3333, -14.3333, -20.3333, -14.0, -19.3333, -14.0, -18.6667, -14.3333, -18.0, -15.0, -16.3333, -15.3333, -15.0, -16.0, -13.6667, -15.6667, -11.3333, -16.3333, -10.0, -16.6667, -8.3333, -16.6667, -8.0, -16.0, -8.0, -16.0, -8.3333, -16.0, -8.3333, -16.0, -8.6667, -15.6667, -9.6667, -15.6667, -10.0, -15.0, -11.3333, -13.6667, -11.6667, -13.3333, -12.0, -12.6667, -12.3333, -11.3333, -12.6667, -10.6667, -13.3333, -9.6667, -13.0, -6.0, -12.3333, -4.6667, -11.6667, -1.3333, -2.3333, -1.0, -1.0, -0.3333, -0.3333, -0.3333, -0.3333, -0.3333, -0.3333, -1.3333, -0.3333, -2.3333, -1.0, -11.6667, -6.6667, -11.6667, -8.0, -11.6667, -11.0, -10.6667, -13.0, -10.0, -14.6667, -8.6667, -14.6667, -8.6667, -15.0, -7.3333, -14.6667, -6.6667, -15.0, -5.6667, -15.0, -5.3333, -14.6667, -5.6667, -14.6667, -6.0, -14.6667, -6.0, -14.6667, -6.0, -15.0, -5.6667, -15.0, -5.6667, -15.0, -6.3333, -15.6667, -6.6667, -15.6667, -6.6667, -16.0, -7.3333, -16.3333, -8.3333, -17.3333, -9.0, -18.0, -10.3333, -18.6667, -11.3333, -19.0, -13.0, -19.0, -14.0, -19.3333, -14.0, -20.0]",11.040926,10.515607,91.760558
124,124,5c:01:3b:6b:b0:95,-39,256,"[86.0, -32.0, 4.0, 0.0, -6.3333, -1.3333, -6.3333, -1.3333, -6.3333, -1.3333, -5.6667, -0.3333, -5.6667, -0.3333, -5.6667, 0.3333, -6.0, 0.3333, -6.0, 0.6667, -6.3333, 1.0, -7.0, 1.6667, -7.3333, 2.0, -7.3333, 2.6667, -7.3333, 2.6667, -7.3333, 2.3333, -7.3333, 2.3333, -7.3333, 2.3333, -6.3333, 1.6667, -6.3333, 1.6667, -5.6667, 1.0, -5.6667, 0.0, -4.6667, 0.0, -5.0, -0.3333, -5.0, -1.0, -5.0, -1.6667, -4.6667, -2.0, -1.3333, -1.3333, 0.0, 0.0, 0.0, 0.0, 0.0, 0.0, 0.0, 0.0, 0.0, 0.0, 0.0, 0.0, 0.0, 0.0, 0.0, 0.0, 0.0, 0.0, -1.3333, 0.0, -5.0, 1.0, -4.6667, 0.0, -4.6667, -1.0, -4.6667, -1.0, -4.6667, -1.6667, -4.6667, -2.6667, -5.0, -2.6667, -4.3333, -3.6667, -4.3333, -4.3333, -5.0, -4.3333, -5.3333, -5.0, -5.3333, -5.0, -5.3333, -5.0, -5.3333, -4.6667, -5.3333, -4.6667, -5.3333, -5.3333, -5.0, -4.6667, -5.0, -3.6667, -5.0, -3.6667, -5.6667, -3.0, -5.3333, -3.0, -5.3333, -3.0, -6.0, -2.0, -5.6667, -2.0, -6.3333, -2.0, -6.3333, -2.3333, -7.3333, -3.0, -21.6667, -7.3333, -22.0, -7.6667, -21.3333, -7.6667, -20.6667, -6.6667, -19.6667, -6.3333, -20.0, -6.0, -20.0, -4.6667, -19.6667, -4.0, -20.0, -2.3333, -20.3333, -0.6667, -21.0, 1.0, -21.3333, 2.3333, -21.6667, 3.0, -21.0, 3.0, -21.0, 2.3333, -20.6667, 2.3333, -20.3333, 1.6667, -20.3333, 0.6667, -20.0, 0.0, -19.0, -1.6667, -17.3333, -2.3333, -17.3333, -3.0, -17.0, -3.6667, -16.3333, -4.3333, -16.0, -5.6667, -15.3333, -6.0, -12.6667, -6.6667, -12.0, -7.3333, -2.6667, -1.6667, -1.3333, -1.0, -0.3333, -0.6667, -0.3333, -0.6667, -0.3333, -0.6667, -1.3333, 0.3333, -2.6667, 1.0, -13.6667, 4.6667, -13.6667, 3.0, -15.0, -1.0, -14.0, -3.0, -14.3333, -4.3333, -14.0, -5.3333, -15.0, -6.0, -14.6667, -6.3333, -15.3333, -7.0, -14.6667, -8.0, -15.0, -8.3333, -15.6667, -8.3333, -16.3333, -8.3333, -16.3333, -8.3333, -16.3333, -9.0, -16.3333, -9.0, -16.6667, -9.0, -17.3333, -9.3333, -17.3333, -9.3333, -17.0, -9.0, -17.3333, -8.6667, -17.6667, -8.6667, -18.0, -9.0, -18.6667, -8.3333, -18.6667, -8.0, -20.0, -7.0, -21.0, -6.6667, -21.0, -7.0]",11.672177,10.240207,91.760558
125,125,5c:01:3b:6b:b0:95,-39,256,"[86.0, -32.0, 4.0, 0.0, -0.3333, -3.0, -0.3333, -3.0, -0.6667, -2.6667, -0.3333, -2.0, -0.3333, -2.0, -0.3333, -1.3333, -0.6667, -1.3333, -0.3333, -1.3333, -0.6667, -1.3333, -1.0, -0.6667, -1.3333, -0.6667, -1.3333, 0.0, -1.3333, 0.0, -1.3333, 0.0, -1.3333, 0.0, -1.3333, 0.0, -0.6667, -0.6667, -0.6667, -0.3333, -0.6667, -1.0, -0.6667, -1.6667, -0.3333, -1.3333, -0.6667, -2.0, -1.0, -2.3333, -0.6667, -3.0, -0.6667, -3.0, -0.3333, -1.3333, 0.0, 0.0, 0.0, 0.0, 0.0, 0.0, 0.0, 0.0, 0.0, 0.0, 0.0, 0.0, 0.0, 0.0, 0.0, 0.0, 0.0, 0.0, -0.3333, -0.3333, -0.3333, -0.3333, -0.3333, -1.0, -0.3333, -1.6667, 0.0, -1.6667, 0.0, -2.3333, 0.3333, -3.3333, 0.0, -3.3333, 0.3333, -3.6667, 0.6667, -4.3333, 0.3333, -4.6667, 0.0, -5.3333, 0.0, -5.3333, 0.3333, -5.3333, 0.0, -4.6667, 0.3333, -4.6667, 0.0, -5.3333, 0.3333, -4.6667, 0.3333, -4.0, 0.3333, -4.3333, 0.0, -3.6667, 0.3333, -3.6667, 0.0, -3.6667, -0.3333, -3.0, 0.0, -3.3333, -0.3333, -3.6667, -0.3333, -3.6667, 0.0, -3.3333, 1.6667, -8.6667, 1.3333, -9.0, 1.6667, -8.6667, 1.6667, -8.0, 2.0, -7.6667, 1.3333, -7.6667, 1.0, -7.0, 1.0, -7.0, 0.6667, -6.0, -0.3333, -5.3333, -1.3333, -4.3333, -2.0, -3.6667, -2.6667, -3.3333, -2.3333, -3.3333, -2.3333, -3.6667, -2.0, -3.6667, -1.3333, -4.0, -1.3333, -4.6667, -0.6667, -5.0, 0.0, -5.6667, 0.3333, -5.6667, 0.0, -5.6667, 0.0, -6.0, -0.3333, -6.0, 0.0, -7.0, 0.0, -7.0, 2.6667, -7.3333, 2.6667, -8.0, 0.0, -1.6667, -0.3333, -1.0, -0.6667, -0.6667, -0.6667, -0.6667, -0.6667, -0.6667, -0.6667, 0.0, -0.3333, 0.3333, -0.3333, 1.3333, 0.6667, 0.0, 0.6667, -3.3333, 2.0, -4.6667, 2.3333, -5.0, 3.3333, -6.3333, 3.3333, -7.0, 4.0, -7.6667, 4.0, -8.3333, 5.0, -9.3333, 4.6667, -10.0, 4.6667, -10.0, 4.3333, -10.0, 4.6667, -10.3333, 4.6667, -11.0, 5.0, -11.0, 4.3333, -11.0, 4.0, -11.0, 3.6667, -11.0, 3.6667, -10.6667, 4.0, -10.3333, 4.0, -10.0, 3.6667, -10.3333, 3.3333, -9.3333, 3.0, -9.0, 2.3333, -8.3333, 2.3333, -8.0, 2.3333, -8.3333]",5.27054,8.42775,91.760558
126,126,5c:01:3b:6b:b0:95,-39,256,"[86.0, -32.0, 4.0, 0.0, 5.6667, -8.0, 5.6667, -8.0, 5.0, -7.3333, 5.0, -7.0, 5.0, -7.0, 5.0, -6.6667, 4.3333, -6.6667, 4.6667, -6.6667, 4.0, -6.6667, 4.0, -6.3333, 3.3333, -6.3333, 3.3333, -6.0, 3.3333, -6.0, 3.3333, -6.0, 3.3333, -6.0, 3.3333, -6.0, 4.0, -6.3333, 4.0, -5.6667, 3.6667, -6.0, 3.6667, -6.3333, 4.0, -5.6667, 3.6667, -6.0, 3.0, -5.6667, 3.6667, -6.0, 3.3333, -6.0, 0.6667, -1.6667, 0.0, 0.0, 0.0, 0.0, 0.0, 0.0, 0.0, 0.0, 0.0, 0.0, 0.0, 0.0, 0.0, 0.0, 0.0, 0.0, 0.0, 0.0, 0.3333, -1.6667, 3.6667, -4.6667, 4.0, -5.0, 4.0, -5.3333, 4.6667, -5.3333, 4.6667, -5.6667, 5.3333, -6.6667, 5.0, -6.6667, 5.0, -6.3333, 5.6667, -6.6667, 5.6667, -7.3333, 5.3333, -7.6667, 5.3333, -7.6667, 6.0, -7.6667, 5.3333, -7.3333, 6.0, -7.3333, 5.3333, -7.6667, 5.6667, -7.3333, 5.6667, -7.0, 5.6667, -7.6667, 5.6667, -7.3333, 6.0, -7.3333, 5.3333, -7.3333, 5.3333, -7.0, 5.6667, -7.6667, 5.6667, -8.3333, 5.6667, -8.3333, 7.3333, -7.6667, 25.0, -23.3333, 24.6667, -23.0, 24.6667, -22.3333, 24.0, -22.0, 23.6667, -21.3333, 22.6667, -21.3333, 22.0, -21.0, 21.6667, -21.0, 20.6667, -21.0, 18.3333, -20.6667, 16.6667, -20.6667, 15.6667, -20.3333, 14.6667, -20.6667, 14.6667, -20.6667, 14.6667, -20.3333, 15.3333, -20.3333, 16.3333, -20.0, 16.3333, -20.3333, 17.3333, -20.0, 18.0, -19.3333, 18.0, -18.3333, 17.3333, -17.3333, 17.0, -17.0, 15.6667, -16.0, 16.0, -16.0, 15.3333, -15.0, 18.0, -13.6667, 17.3333, -13.0, 2.6667, -2.3333, 0.6667, -1.0, -1.0, -0.3333, -1.0, -0.3333, -1.0, -0.3333, 0.0, -1.0, 2.0, -2.3333, 13.0, -13.3333, 15.0, -14.0, 15.6667, -15.6667, 18.0, -16.3333, 19.0, -16.0, 20.6667, -16.6667, 21.6667, -17.0, 22.6667, -17.3333, 23.3333, -17.6667, 24.6667, -17.6667, 24.3333, -18.0, 25.0, -18.0, 25.0, -18.0, 25.6667, -18.6667, 25.6667, -19.0, 26.3333, -19.0, 25.3333, -19.0, 25.3333, -19.0, 24.6667, -19.0, 24.3333, -19.3333, 25.3333, -19.6667, 25.6667, -20.0, 25.3333, -20.6667, 25.3333, -20.6667, 24.6667, -21.0, 24.6667, -21.6667, 25.6667, -22.0, 25.6667, -22.6667]",16.606937,13.307935,91.760558
127,127,5c:01:3b:6b:b0:95,-43,256,"[86.0, -32.0, 4.0, 0.0, 8.0, -10.6667, 8.0, -10.6667, 7.0, -10.0, 7.0, -10.0, 7.0, -10.0, 7.0, -10.0, 6.3333, -10.0, 6.6667, -10.0, 6.3333, -10.3333, 6.0, -10.3333, 5.6667, -10.3333, 5.6667, -10.3333, 5.6667, -10.3333, 5.3333, -10.3333, 5.6667, -10.3333, 5.6667, -10.3333, 6.0, -10.0, 6.0, -9.3333, 5.6667, -9.3333, 5.6667, -9.0, 5.6667, -8.3333, 5.3333, -8.0, 4.6667, -7.3333, 5.3333, -7.0, 5.3333, -7.0, 1.3333, -1.6667, 0.0, 0.0, 0.0, 0.0, 0.0, 0.0, 0.0, 0.0, 0.0, 0.0, 0.0, 0.0, 0.0, 0.0, 0.0, 0.0, 0.0, 0.0, 0.6667, -2.6667, 5.0, -7.6667, 5.3333, -7.6667, 5.3333, -7.6667, 6.3333, -7.6667, 6.3333, -7.3333, 7.3333, -8.0, 7.3333, -8.0, 7.3333, -7.0, 8.3333, -7.0, 8.3333, -7.6667, 8.3333, -7.6667, 8.3333, -7.6667, 9.0, -7.3333, 8.3333, -7.3333, 9.0, -7.6667, 8.3333, -7.6667, 8.3333, -7.6667, 8.3333, -7.6667, 8.3333, -8.6667, 8.3333, -8.6667, 8.3333, -8.6667, 8.0, -9.0, 8.0, -9.0, 8.0, -9.6667, 8.0, -10.3333, 8.3333, -10.3333, 8.3333, -9.6667, 28.3333, -30.3333, 28.3333, -29.6667, 28.0, -28.6667, 27.0, -28.6667, 26.0, -28.0, 25.0, -28.3333, 23.6667, -28.6667, 22.6667, -29.0, 21.6667, -30.3333, 19.6667, -30.6667, 18.3333, -32.0, 17.3333, -32.0, 16.3333, -32.6667, 16.3333, -32.6667, 16.3333, -31.6667, 16.6667, -31.3333, 17.6667, -30.3333, 17.6667, -30.3333, 18.6667, -29.3333, 19.0, -27.3333, 19.0, -25.3333, 19.0, -23.6667, 19.0, -22.6667, 18.0, -20.6667, 18.6667, -19.3333, 18.6667, -17.3333, 23.0, -13.3333, 23.0, -11.3333, 4.0, -2.0, 1.0, -0.6667, -1.0, -0.3333, -1.0, 0.0, -1.0, 0.0, 0.0, -2.0, 2.0, -4.6667, 13.0, -24.3333, 15.0, -23.6667, 16.3333, -23.6667, 18.3333, -23.3333, 20.6667, -22.0, 23.3333, -21.6667, 25.0, -21.3333, 27.0, -20.6667, 29.0, -20.3333, 31.0, -19.3333, 31.3333, -19.0, 32.0, -19.0, 32.3333, -19.0, 33.3333, -19.6667, 33.3333, -19.3333, 34.0, -19.3333, 33.3333, -19.3333, 33.0, -19.3333, 32.3333, -19.6667, 31.3333, -20.6667, 32.0, -21.6667, 32.0, -22.6667, 31.3333, -23.6667, 30.3333, -24.6667, 28.6667, -26.0, 28.0, -27.6667, 29.0, -28.6667, 29.3333, -29.6667]",20.950553,15.283934,91.760558
128,128,5c:01:3b:6b:b0:95,-42,256,"[86.0, -32.0, 4.0, 0.0, 10.0, -8.3333, 10.0, -8.3333, 9.0, -8.0, 9.0, -8.0, 9.0, -8.0, 9.0, -8.0, 8.0, -8.0, 7.6667, -8.0, 7.0, -8.6667, 6.6667, -8.6667, 6.3333, -8.6667, 6.3333, -8.6667, 6.0, -8.6667, 5.6667, -8.6667, 6.0, -8.6667, 6.3333, -8.6667, 6.6667, -8.0, 6.6667, -7.6667, 6.6667, -7.6667, 6.6667, -7.0, 7.3333, -6.6667, 6.6667, -6.0, 6.3333, -5.6667, 6.6667, -5.0, 6.6667, -5.0, 1.6667, -1.3333, 0.0, 0.0, 0.0, 0.0, 0.0, 0.0, 0.0, 0.0, 0.0, 0.0, 0.0, 0.0, 0.0, 0.0, 0.0, 0.0, 0.0, 0.0, 0.6667, -2.3333, 5.6667, -6.3333, 6.6667, -6.3333, 6.6667, -6.3333, 7.6667, -6.3333, 7.6667, -5.6667, 8.6667, -6.0, 8.6667, -6.0, 8.6667, -5.0, 9.6667, -5.0, 9.6667, -5.3333, 9.6667, -5.3333, 9.6667, -5.3333, 10.0, -4.6667, 9.6667, -4.6667, 10.0, -5.3333, 9.6667, -5.3333, 9.6667, -5.3333, 9.6667, -5.3333, 9.6667, -6.3333, 9.6667, -6.3333, 9.6667, -6.3333, 10.0, -7.0, 10.0, -7.0, 10.0, -7.3333, 10.0, -7.6667, 10.6667, -7.6667, 8.6667, -7.3333, 29.3333, -22.6667, 29.3333, -22.3333, 28.6667, -21.3333, 27.6667, -21.3333, 26.6667, -21.0, 25.6667, -21.6667, 24.3333, -22.3333, 23.3333, -23.0, 21.6667, -24.6667, 19.3333, -25.3333, 17.6667, -27.0, 16.6667, -27.0, 16.0, -27.3333, 16.0, -27.3333, 16.0, -26.3333, 16.6667, -25.6667, 17.3333, -24.6667, 17.6667, -24.6667, 18.3333, -23.6667, 19.0, -21.6667, 19.6667, -19.6667, 19.6667, -18.3333, 19.6667, -17.3333, 19.0, -15.3333, 19.3333, -13.6667, 19.3333, -11.6667, 23.3333, -6.6667, 23.3333, -4.6667, 4.0, -1.0, 1.0, -0.3333, -1.0, -0.6667, -1.0, 0.0, -1.0, 0.0, 0.0, -2.0, 2.0, -4.3333, 13.0, -20.6667, 15.0, -19.3333, 16.0, -19.3333, 18.3333, -18.6667, 21.0, -17.0, 23.3333, -16.3333, 25.0, -15.6667, 27.0, -14.3333, 29.0, -13.6667, 30.6667, -12.6667, 31.3333, -12.0, 31.6667, -12.0, 32.3333, -12.0, 33.0, -12.3333, 33.0, -11.6667, 33.6667, -11.6667, 33.3333, -11.6667, 33.0, -11.6667, 32.3333, -12.3333, 31.3333, -13.3333, 31.6667, -14.3333, 31.6667, -15.3333, 31.3333, -16.3333, 30.3333, -17.3333, 29.0, -19.0, 28.6667, -20.3333, 29.3333, -21.3333, 30.0, -22.3333]",19.063755,13.832875,91.760558
129,129,5c:01:3b:6b:b0:95,-38,256,"[86.0, -32.0, 4.0, 0.0, 12.0, -6.3333, 12.0, -6.0, 11.0, -6.0, 11.0, -6.0, 11.0, -6.0, 11.0, -6.0, 10.0, -6.0, 9.3333, -6.0, 8.6667, -7.0, 8.3333, -7.0, 8.3333, -7.0, 8.3333, -7.0, 7.6667, -7.0, 7.3333, -7.0, 7.6667, -7.0, 8.3333, -7.0, 8.3333, -6.0, 8.3333, -6.0, 8.3333, -6.0, 8.3333, -5.0, 9.0, -5.0, 8.0, -4.0, 8.0, -4.3333, 8.0, -3.6667, 8.0, -3.6667, 2.0, -1.3333, 0.0, 0.0, 0.0, 0.0, 0.0, 0.0, 0.0, 0.0, 0.0, 0.0, 0.0, 0.0, 0.0, 0.0, 0.0, 0.0, 0.0, 0.0, 1.0, -2.0, 7.0, -5.0, 8.0, -5.0, 8.0, -5.0, 9.0, -5.0, 9.0, -4.6667, 10.0, -4.6667, 10.0, -5.0, 10.0, -4.3333, 11.0, -4.3333, 11.0, -4.6667, 11.0, -4.6667, 11.0, -4.6667, 11.0, -4.0, 11.0, -4.0, 11.0, -4.6667, 11.0, -4.6667, 11.0, -4.6667, 11.0, -4.3333, 11.0, -5.0, 11.0, -5.0, 11.0, -5.0, 12.0, -5.6667, 12.0, -5.6667, 12.0, -5.6667, 12.0, -5.6667, 13.0, -5.6667, 9.0, -6.0, 30.3333, -18.6667, 30.3333, -18.6667, 29.3333, -17.6667, 28.3333, -17.3333, 27.3333, -17.0, 26.3333, -17.3333, 25.0, -17.6667, 24.0, -18.0, 22.3333, -19.0, 20.3333, -20.0, 18.6667, -22.0, 17.6667, -22.0, 17.3333, -22.0, 17.3333, -22.0, 17.3333, -21.0, 18.0, -20.0, 18.3333, -19.0, 19.0, -19.0, 19.3333, -18.0, 20.0, -16.3333, 20.3333, -15.3333, 20.3333, -14.3333, 20.3333, -14.0, 20.0, -12.6667, 20.0, -11.3333, 20.0, -10.3333, 23.6667, -6.3333, 23.6667, -4.3333, 4.0, -1.0, 1.0, -0.3333, -1.0, -0.6667, -1.0, 0.0, -1.0, 0.0, 0.0, -2.0, 2.0, -4.0, 13.0, -17.0, 15.0, -15.0, 16.3333, -15.0, 18.3333, -14.6667, 21.3333, -14.3333, 23.3333, -14.3333, 25.0, -14.0, 27.0, -13.6667, 29.0, -13.3333, 30.3333, -12.6667, 31.3333, -12.0, 31.3333, -12.3333, 32.3333, -12.3333, 32.6667, -12.6667, 32.6667, -12.0, 33.3333, -12.0, 33.3333, -12.0, 33.0, -12.0, 32.3333, -12.6667, 31.3333, -13.3333, 31.3333, -14.3333, 31.3333, -15.0, 31.3333, -15.3333, 30.3333, -15.6667, 29.3333, -16.6667, 29.3333, -17.0, 29.6667, -17.6667, 30.6667, -18.6667]",18.557564,13.201877,91.760558
130,130,5c:01:3b:6b:b0:95,-43,256,"[86.0, -32.0, 4.0, 0.0, 12.6667, -6.6667, 12.6667, -6.0, 11.6667, -6.0, 11.3333, -6.0, 11.3333, -5.6667, 11.0, -5.6667, 10.0, -5.6667, 9.0, -6.0, 8.0, -6.6667, 8.0, -7.0, 8.0, -7.3333, 8.0, -7.3333, 7.0, -7.3333, 7.0, -7.3333, 7.0, -7.3333, 8.0, -7.0, 8.0, -6.3333, 8.0, -6.0, 8.0, -5.6667, 8.0, -5.0, 9.0, -4.6667, 8.3333, -4.0, 8.3333, -4.6667, 8.3333, -4.3333, 8.3333, -4.3333, 2.0, -1.6667, 0.0, 0.0, 0.0, 0.0, 0.0, 0.0, 0.0, 0.0, 0.0, 0.0, 0.0, 0.0, 0.0, 0.0, 0.0, 0.0, 0.0, 0.0, 1.0, -2.0, 7.0, -5.0, 8.0, -4.6667, 8.3333, -5.0, 9.3333, -5.0, 9.6667, -5.3333, 10.6667, -5.3333, 11.0, -6.0, 11.3333, -5.6667, 12.0, -5.6667, 12.3333, -6.3333, 12.3333, -6.3333, 12.6667, -6.3333, 12.6667, -6.0, 12.6667, -6.0, 12.6667, -6.3333, 12.3333, -6.3333, 12.3333, -6.3333, 12.3333, -5.6667, 12.0, -6.0, 12.0, -6.0, 12.0, -6.0, 12.6667, -6.3333, 12.6667, -6.3333, 12.6667, -6.3333, 12.6667, -6.3333, 13.3333, -6.3333, 9.0, -7.0, 30.0, -22.3333, 30.0, -22.3333, 29.0, -21.3333, 28.0, -20.6667, 27.0, -20.0, 26.0, -19.6667, 25.0, -19.3333, 24.0, -19.0, 22.0, -18.6667, 20.0, -19.0, 18.0, -19.6667, 17.0, -19.3333, 17.0, -19.3333, 17.0, -19.0, 17.0, -18.3333, 18.0, -18.0, 18.0, -17.3333, 19.0, -17.6667, 19.0, -17.3333, 20.0, -16.6667, 20.0, -16.6667, 20.0, -15.6667, 20.0, -16.0, 20.0, -15.3333, 20.0, -14.6667, 20.0, -14.6667, 24.0, -12.6667, 24.0, -10.6667, 4.0, -2.0, 1.0, -0.6667, -1.0, -0.3333, -1.0, 0.0, -1.0, 0.0, 0.0, -1.6667, 2.0, -3.6667, 13.0, -15.3333, 15.0, -13.3333, 16.0, -14.6667, 18.0, -15.3333, 21.0, -16.6667, 23.0, -17.6667, 25.0, -18.0, 27.0, -19.3333, 29.0, -19.6667, 30.0, -19.3333, 31.0, -19.0, 31.0, -19.6667, 32.0, -19.6667, 32.0, -20.3333, 32.0, -20.0, 33.0, -20.0, 33.0, -20.0, 33.0, -20.0, 32.0, -20.3333, 31.0, -20.6667, 31.0, -21.6667, 31.0, -22.0, 31.0, -21.6667, 30.0, -21.3333, 29.0, -21.3333, 29.0, -21.0, 29.0, -21.3333, 30.0, -22.3333]",19.353715,13.734418,91.760558
131,131,5c:01:3b:6b:b0:95,-38,256,"[86.0, -32.0, 4.0, 0.0, 5.3333, -5.6667, 5.6667, -5.3333, 5.0, -5.3333, 5.0, -5.3333, 5.0, -5.3333, 5.0, -5.3333, 4.6667, -5.3333, 4.3333, -5.3333, 4.0, -5.6667, 4.0, -6.0, 4.0, -6.0, 4.0, -6.0, 3.6667, -6.0, 3.6667, -6.0, 3.6667, -6.0, 4.0, -5.6667, 4.0, -5.3333, 4.0, -5.3333, 3.6667, -5.0, 3.6667, -4.6667, 4.0, -4.3333, 3.6667, -3.6667, 3.6667, -4.3333, 3.6667, -4.0, 3.3333, -4.0, 0.6667, -1.6667, 0.0, 0.0, 0.0, 0.0, 0.0, 0.0, 0.0, 0.0, 0.0, 0.0, 0.0, 0.0, 0.0, 0.0, 0.0, 0.0, 0.0, 0.0, 0.3333, -1.6667, 3.0, -4.6667, 3.6667, -4.3333, 3.6667, -4.3333, 4.0, -4.3333, 4.0, -4.6667, 4.3333, -4.3333, 4.3333, -4.6667, 4.6667, -4.6667, 5.0, -4.3333, 5.3333, -5.0, 5.3333, -5.0, 5.6667, -4.6667, 5.6667, -4.6667, 5.6667, -5.0, 5.6667, -5.0, 5.3333, -5.0, 5.3333, -5.0, 5.3333, -4.6667, 5.0, -4.6667, 4.6667, -5.0, 4.6667, -5.0, 5.3333, -5.3333, 5.3333, -5.3333, 5.3333, -5.6667, 5.3333, -5.6667, 6.0, -5.6667, 4.6667, -6.0, 16.0, -18.6667, 16.0, -18.6667, 15.3333, -18.0, 15.0, -17.3333, 14.6667, -17.0, 14.3333, -16.3333, 14.0, -16.0, 13.6667, -15.6667, 13.0, -15.3333, 12.3333, -15.6667, 11.3333, -16.3333, 10.6667, -16.3333, 11.0, -16.3333, 11.0, -16.0, 11.0, -15.6667, 11.6667, -15.6667, 11.3333, -15.0, 11.6667, -15.0, 11.3333, -14.6667, 11.6667, -14.0, 11.6667, -14.3333, 11.3333, -13.0, 11.0, -13.3333, 10.6667, -13.3333, 10.3333, -12.6667, 10.3333, -13.0, 13.3333, -11.6667, 13.0, -9.6667, 2.0, -1.6667, 0.3333, -0.6667, -1.0, -0.3333, -1.0, 0.0, -1.0, 0.0, 0.0, -1.3333, 1.3333, -3.0, 9.6667, -12.3333, 10.6667, -11.6667, 9.0, -12.3333, 9.6667, -12.6667, 11.0, -14.3333, 12.0, -15.0, 12.6667, -15.3333, 13.3333, -16.6667, 14.3333, -16.6667, 14.3333, -16.3333, 14.6667, -16.0, 14.3333, -16.6667, 15.0, -16.6667, 14.6667, -17.3333, 14.6667, -17.0, 15.3333, -17.0, 15.3333, -17.0, 15.3333, -17.3333, 15.0, -17.3333, 14.6667, -17.6667, 14.6667, -18.6667, 15.0, -19.0, 15.6667, -18.6667, 15.3333, -18.3333, 15.0, -18.0, 15.0, -17.6667, 15.0, -18.0, 15.6667, -18.6667]",12.645455,10.675473,91.760558
132,132,5c:01:3b:6b:b0:95,-43,256,"[86.0, -32.0, 4.0, 0.0, 0.3333, -4.3333, 0.3333, -4.6667, 0.0, -4.6667, 0.0, -4.6667, 0.0, -5.0, -0.3333, -5.0, -0.3333, -5.0, -0.3333, -5.3333, 0.0, -5.3333, 0.0, -6.0, 0.0, -6.3333, 0.0, -6.3333, 0.3333, -6.3333, 0.3333, -6.3333, 0.3333, -6.3333, 0.0, -5.6667, 0.0, -5.6667, 0.0, -5.3333, -0.6667, -4.6667, -0.6667, -4.6667, -0.3333, -4.0, 0.0, -3.3333, 0.0, -3.6667, 0.3333, -3.0, 0.0, -3.0, -0.3333, -1.3333, 0.0, 0.0, 0.0, 0.0, 0.0, 0.0, 0.0, 0.0, 0.0, 0.0, 0.0, 0.0, 0.0, 0.0, 0.0, 0.0, 0.0, 0.0, -0.3333, -1.6667, -1.0, -4.6667, -0.6667, -4.0, -0.6667, -3.6667, -0.3333, -3.6667, 0.0, -3.3333, 0.3333, -2.6667, 0.6667, -2.3333, 1.0, -2.3333, 1.3333, -1.6667, 1.6667, -2.0, 1.6667, -2.0, 2.3333, -1.3333, 2.3333, -1.3333, 2.3333, -2.0, 2.3333, -2.0, 2.0, -2.0, 1.6667, -2.0, 1.6667, -2.3333, 1.3333, -2.3333, 0.6667, -3.0, 0.6667, -3.0, 0.6667, -3.6667, 0.3333, -3.6667, 0.3333, -4.3333, 0.0, -4.3333, 0.3333, -4.3333, 2.0, -4.0, 7.3333, -11.3333, 7.3333, -11.3333, 7.0, -11.0, 7.0, -10.6667, 6.6667, -11.0, 6.3333, -10.6667, 6.0, -11.0, 5.6667, -11.3333, 5.0, -12.0, 4.6667, -12.3333, 4.6667, -13.0, 4.3333, -13.3333, 5.0, -13.3333, 5.0, -13.0, 5.0, -13.0, 5.3333, -13.3333, 4.6667, -12.6667, 4.3333, -12.3333, 4.3333, -12.0, 4.6667, -11.0, 5.0, -10.6667, 5.0, -9.0, 5.0, -8.6667, 4.6667, -8.6667, 4.6667, -7.3333, 5.3333, -7.0, 10.0, -4.3333, 10.0, -2.3333, 1.3333, -0.3333, 0.0, -0.3333, -1.0, -0.6667, -1.0, 0.0, -1.0, 0.0, 0.0, -1.0, 0.6667, -2.6667, 6.3333, -10.6667, 6.3333, -10.0, 3.0, -10.0, 3.6667, -9.3333, 4.6667, -9.6667, 5.6667, -9.0, 6.0, -8.6667, 6.6667, -8.3333, 7.6667, -7.3333, 7.6667, -6.6667, 8.0, -6.0, 8.0, -6.3333, 8.3333, -6.3333, 8.0, -6.6667, 8.3333, -6.0, 9.0, -6.0, 8.6667, -6.0, 8.6667, -6.6667, 8.6667, -6.6667, 8.3333, -7.3333, 8.0, -8.3333, 8.0, -9.0, 8.3333, -9.3333, 7.6667, -9.6667, 7.3333, -10.0, 7.0, -10.3333, 6.6667, -11.0, 7.0, -11.3333]",7.651143,8.742056,91.760558
133,133,5c:01:3b:6b:b0:95,-38,256,"[86.0, -32.0, 4.0, 0.0, -5.3333, -9.3333, -5.6667, -9.6667, -5.6667, -9.6667, -5.3333, -9.6667, -5.3333, -10.3333, -5.6667, -10.3333, -5.3333, -10.0, -5.0, -10.0, -4.0, -10.0, -4.0, -10.3333, -4.0, -10.3333, -4.0, -10.3333, -3.0, -10.6667, -3.0, -10.6667, -3.0, -10.3333, -4.0, -10.0, -4.0, -10.0, -4.0, -9.6667, -5.0, -9.0, -5.0, -9.0, -4.6667, -8.3333, -4.0, -7.3333, -4.0, -7.0, -3.3333, -6.0, -3.6667, -5.6667, -1.3333, -2.0, 0.0, 0.0, 0.0, 0.0, 0.0, 0.0, 0.0, 0.0, 0.0, 0.0, 0.0, 0.0, 0.0, 0.0, 0.0, 0.0, 0.0, 0.0, -1.0, -2.3333, -5.0, -8.3333, -5.0, -8.0, -5.3333, -7.3333, -5.0, -7.3333, -4.6667, -7.0, -4.3333, -6.3333, -4.0, -5.6667, -4.0, -5.6667, -3.3333, -5.0, -3.3333, -5.0, -3.3333, -5.0, -2.6667, -4.0, -2.6667, -4.0, -2.6667, -4.6667, -2.6667, -5.0, -2.6667, -5.0, -3.3333, -5.0, -3.3333, -5.6667, -3.3333, -6.0, -4.3333, -7.0, -4.3333, -7.0, -4.6667, -8.0, -5.3333, -8.0, -5.3333, -9.0, -6.0, -9.0, -5.6667, -9.3333, -0.6667, -6.0, -1.3333, -17.0, -1.3333, -16.6667, -1.3333, -16.3333, -1.0, -16.0, -1.3333, -16.6667, -1.6667, -16.3333, -2.0, -17.0, -2.3333, -17.6667, -3.0, -19.0, -3.0, -19.6667, -2.0, -21.0, -2.0, -21.6667, -1.0, -21.6667, -1.0, -21.6667, -1.0, -21.6667, -1.0, -21.6667, -2.0, -20.6667, -3.0, -20.0, -2.6667, -19.0, -2.3333, -17.0, -1.6667, -16.0, -1.3333, -14.0, -1.0, -12.6667, -1.3333, -12.3333, -1.0, -10.3333, 0.3333, -9.3333, 6.6667, -6.3333, 7.0, -4.3333, 0.6667, -0.6667, -0.3333, -0.6667, -1.0, -0.6667, -1.0, 0.0, -1.0, 0.0, 0.0, -1.3333, 0.0, -3.6667, 3.0, -16.3333, 2.0, -16.6667, -3.0, -15.3333, -2.3333, -14.0, -1.6667, -13.6667, -0.6667, -12.3333, -0.6667, -12.0, 0.0, -10.6667, 1.0, -9.3333, 1.0, -8.6667, 1.3333, -8.0, 1.6667, -8.0, 1.6667, -8.0, 1.3333, -8.0, 2.0, -7.3333, 2.6667, -7.3333, 2.0, -7.6667, 2.0, -8.3333, 2.3333, -8.3333, 2.0, -9.0, 1.3333, -10.0, 1.0, -11.0, 1.0, -12.0, 0.0, -13.0, -0.3333, -14.0, -1.0, -15.3333, -1.6667, -16.3333, -1.6667, -16.3333]",10.686321,9.11103,91.760558
134,134,5c:01:3b:6b:b0:95,-41,256,"[86.0, -32.0, 4.0, 0.0, -3.0, -15.6667, -4.0, -15.3333, -4.0, -15.3333, -4.0, -15.3333, -4.0, -15.6667, -5.0, -15.6667, -5.0, -15.0, -5.3333, -15.3333, -5.0, -15.3333, -4.6667, -15.6667, -4.6667, -16.0, -4.6667, -16.0, -4.0, -16.6667, -4.0, -16.6667, -4.0, -16.0, -4.6667, -15.6667, -4.6667, -15.6667, -4.6667, -14.6667, -5.3333, -13.6667, -5.0, -13.6667, -4.0, -12.6667, -3.0, -11.6667, -3.0, -11.0, -2.0, -10.0, -2.0, -9.3333, -1.0, -3.0, 0.0, 0.0, 0.0, 0.0, 0.0, 0.0, 0.0, 0.0, 0.0, 0.0, 0.0, 0.0, 0.0, 0.0, 0.0, 0.0, 0.0, 0.0, -1.3333, -3.3333, -5.0, -12.3333, -5.0, -12.0, -5.0, -11.6667, -4.0, -11.6667, -3.0, -12.0, -2.0, -11.6667, -1.0, -11.3333, -1.0, -11.3333, 0.0, -11.0, 0.0, -11.0, 0.0, -11.0, 1.0, -10.0, 1.0, -10.0, 1.0, -10.3333, 1.0, -11.0, 1.0, -11.0, 0.0, -11.0, 0.0, -11.3333, 0.0, -12.0, -1.0, -13.0, -1.0, -13.0, -2.0, -14.0, -3.0, -14.0, -3.0, -15.0, -4.0, -15.0, -4.0, -15.6667, 1.0, -10.0, 4.0, -30.0, 4.0, -29.3333, 4.0, -28.6667, 4.0, -28.0, 3.0, -28.3333, 2.0, -27.6667, 1.0, -28.0, 0.0, -28.3333, -2.0, -29.0, -3.3333, -29.3333, -3.0, -30.0, -3.3333, -30.3333, -2.6667, -30.3333, -2.6667, -30.3333, -2.6667, -30.3333, -2.3333, -30.3333, -3.0, -29.3333, -3.3333, -29.0, -2.0, -28.0, -1.0, -26.0, 0.0, -25.0, 1.0, -23.0, 2.0, -21.3333, 2.0, -20.6667, 3.0, -18.6667, 5.0, -17.6667, 14.0, -15.6667, 15.0, -13.6667, 2.0, -2.3333, 0.0, -1.3333, -1.0, -0.3333, -0.6667, 0.0, -1.0, 0.0, -0.3333, -1.6667, -0.3333, -5.0, 2.0, -23.3333, 2.0, -23.3333, -2.0, -22.6667, 0.0, -22.0, 2.0, -22.3333, 4.0, -21.6667, 5.0, -22.0, 7.0, -21.3333, 9.0, -20.6667, 10.0, -20.3333, 11.0, -20.0, 12.0, -20.0, 12.0, -20.0, 12.0, -20.0, 13.0, -19.6667, 14.0, -19.6667, 13.0, -20.3333, 13.0, -20.6667, 13.0, -20.6667, 12.0, -21.0, 11.0, -22.0, 10.0, -23.0, 9.0, -24.0, 7.0, -25.0, 6.0, -26.0, 5.0, -27.6667, 4.0, -28.6667, 4.0, -28.6667]",17.615522,11.139962,91.760558
135,135,5c:01:3b:6b:b0:95,-38,256,"[86.0, -32.0, 4.0, 0.0, -5.3333, -11.3333, -5.6667, -10.6667, -5.6667, -10.6667, -5.3333, -10.6667, -5.3333, -11.0, -6.0, -11.0, -6.0, -10.3333, -6.0, -10.3333, -6.0, -10.3333, -5.3333, -10.0, -5.3333, -10.0, -5.3333, -10.0, -5.0, -10.6667, -5.0, -10.6667, -5.0, -10.0, -5.3333, -10.0, -5.3333, -10.3333, -5.3333, -9.6667, -6.0, -9.3333, -5.6667, -9.3333, -5.0, -9.0, -4.3333, -8.3333, -4.3333, -7.6667, -3.6667, -7.3333, -3.6667, -6.6667, -1.3333, -2.3333, 0.0, 0.0, 0.0, 0.0, 0.0, 0.0, 0.0, 0.0, 0.0, 0.0, 0.0, 0.0, 0.0, 0.0, 0.0, 0.0, 0.0, 0.0, -1.6667, -2.3333, -5.0, -8.3333, -5.3333, -8.3333, -5.3333, -8.3333, -5.0, -8.3333, -4.3333, -8.6667, -4.0, -8.6667, -3.6667, -8.6667, -3.6667, -9.0, -3.0, -9.0, -3.3333, -9.0, -3.3333, -9.0, -2.6667, -8.3333, -2.6667, -8.3333, -2.6667, -8.3333, -2.6667, -9.0, -2.6667, -9.0, -3.3333, -9.0, -3.0, -9.0, -3.0, -9.3333, -3.6667, -10.0, -3.6667, -10.0, -4.3333, -10.3333, -5.0, -10.3333, -5.0, -10.6667, -5.6667, -10.6667, -5.6667, -11.3333, -2.6667, -6.0, -7.6667, -17.0, -7.6667, -16.6667, -7.3333, -16.0, -7.0, -15.6667, -7.0, -16.0, -7.6667, -15.3333, -8.0, -15.3333, -8.0, -15.3333, -9.0, -15.0, -9.3333, -15.0, -9.0, -14.6667, -9.0, -14.6667, -8.6667, -14.6667, -8.6667, -14.6667, -8.6667, -14.6667, -8.3333, -14.6667, -8.6667, -14.3333, -9.0, -14.6667, -8.0, -14.3333, -7.6667, -13.3333, -7.0, -13.3333, -6.3333, -12.6667, -5.6667, -11.6667, -5.6667, -11.3333, -4.6667, -10.6667, -3.6667, -10.6667, 2.0, -10.6667, 2.6667, -10.3333, -0.3333, -2.0, -0.6667, -1.3333, -0.6667, -0.3333, -0.3333, -0.3333, -0.6667, -0.3333, -0.6667, -1.0, -1.0, -2.6667, -2.6667, -10.3333, -3.0, -11.0, -7.3333, -11.3333, -6.6667, -11.6667, -6.0, -12.3333, -5.3333, -12.3333, -5.3333, -13.0, -4.6667, -13.0, -4.0, -13.3333, -3.6667, -13.3333, -3.3333, -13.3333, -2.6667, -13.3333, -3.0, -13.3333, -3.3333, -13.3333, -2.6667, -13.3333, -2.0, -13.3333, -2.6667, -13.6667, -2.6667, -13.6667, -2.3333, -13.6667, -2.6667, -13.3333, -3.3333, -13.6667, -4.0, -14.0, -4.6667, -14.6667, -5.6667, -14.6667, -6.3333, -15.0, -7.0, -15.6667, -7.6667, -16.0, -7.3333, -16.0]",11.698317,8.689877,91.760558
136,136,5c:01:3b:6b:b0:95,-38,256,"[86.0, -32.0, 4.0, 0.0, -7.6667, 0.3333, -7.3333, 0.6667, -7.3333, 0.3333, -6.6667, 0.3333, -6.6667, 0.0, -7.0, 0.0, -7.0, 0.3333, -6.6667, 0.0, -7.0, 0.0, -6.0, 0.3333, -6.0, 0.3333, -6.0, 0.3333, -6.0, 0.0, -6.0, 0.0, -6.0, 0.3333, -6.0, 0.3333, -6.0, 0.0, -6.0, 0.0, -6.6667, 0.0, -6.3333, 0.0, -6.0, -0.3333, -5.6667, 0.0, -5.6667, 0.0, -5.3333, 0.0, -5.3333, 0.3333, -1.6667, -0.3333, 0.0, 0.0, 0.0, 0.0, 0.0, 0.0, 0.0, 0.0, 0.0, 0.0, 0.0, 0.0, 0.0, 0.0, 0.0, 0.0, 0.0, 0.0, -2.0, -0.3333, -5.0, -0.3333, -5.6667, 0.0, -5.6667, 0.0, -6.0, 0.0, -5.6667, 0.0, -6.0, 0.0, -6.3333, 0.0, -6.3333, 0.0, -6.0, 0.0, -6.6667, 0.0, -6.6667, 0.0, -6.3333, 0.3333, -6.3333, 0.3333, -6.3333, 0.3333, -6.3333, 0.0, -6.3333, 0.0, -6.6667, 0.0, -6.0, 0.0, -6.0, 0.0, -6.3333, 0.0, -6.3333, 0.0, -6.6667, 0.0, -7.0, 0.3333, -7.0, 0.3333, -7.3333, 0.6667, -7.3333, 0.3333, -6.3333, 2.3333, -19.3333, 10.0, -19.3333, 9.6667, -18.6667, 10.0, -18.0, 9.6667, -17.0, 9.0, -17.3333, 9.3333, -17.0, 9.3333, -16.0, 9.3333, -16.0, 10.0, -15.3333, 10.0, -15.0, 10.6667, -14.6667, 11.0, -14.6667, 11.0, -14.6667, 11.0, -14.6667, 11.0, -14.3333, 10.6667, -14.3333, 10.6667, -14.6667, 10.0, -14.0, 9.3333, -14.3333, 9.0, -14.0, 8.0, -13.6667, 7.3333, -13.3333, 7.0, -13.3333, 6.6667, -12.3333, 6.0, -12.3333, 5.0, -10.0, 3.6667, -9.6667, 3.0, -2.6667, 0.0, -1.3333, -0.6667, -0.3333, -0.6667, 0.0, -0.6667, -0.3333, -0.6667, -1.0, 0.0, -1.6667, 1.0, -7.3333, 9.0, -8.0, 8.6667, -12.6667, 8.0, -13.3333, 7.6667, -14.0, 7.3333, -14.6667, 7.0, -15.6667, 6.6667, -16.3333, 6.6667, -17.0, 6.3333, -17.3333, 6.0, -17.6667, 6.0, -17.3333, 6.0, -18.0, 6.3333, -18.6667, 6.3333, -18.3333, 6.3333, -18.0, 6.0, -18.3333, 6.3333, -18.3333, 6.3333, -17.6667, 6.3333, -17.3333, 6.6667, -17.6667, 7.3333, -18.0, 7.6667, -18.3333, 7.6667, -18.3333, 8.3333, -18.6667, 9.0, -19.0, 9.6667, -19.3333, 10.0, -18.6667, 10.3333]",11.225543,9.940328,91.760558
137,137,5c:01:3b:6b:b0:95,-38,256,"[86.0, -32.0, 4.0, 0.0, -12.0, 12.0, -11.3333, 12.0, -11.0, 11.3333, -10.0, 11.3333, -10.0, 11.0, -9.6667, 11.0, -9.6667, 11.0, -8.6667, 10.3333, -8.3333, 10.3333, -7.6667, 10.6667, -7.3333, 10.6667, -7.3333, 10.6667, -7.3333, 10.6667, -7.0, 10.6667, -7.3333, 10.6667, -7.3333, 10.6667, -7.3333, 10.3333, -7.3333, 9.6667, -8.0, 9.3333, -8.0, 9.3333, -8.3333, 8.3333, -8.3333, 8.3333, -8.3333, 7.6667, -8.0, 7.3333, -8.3333, 7.3333, -2.3333, 1.6667, 0.0, 0.0, 0.0, 0.0, 0.0, 0.0, 0.0, 0.0, 0.0, 0.0, 0.0, 0.0, 0.0, 0.0, 0.0, 0.0, 0.0, 0.0, -2.3333, 1.6667, -6.6667, 7.6667, -7.3333, 8.3333, -7.6667, 8.3333, -9.0, 8.3333, -9.0, 8.6667, -10.0, 8.6667, -11.0, 8.6667, -11.3333, 9.0, -11.6667, 9.0, -12.3333, 9.0, -12.6667, 9.0, -12.6667, 9.0, -12.6667, 9.0, -12.6667, 9.0, -12.6667, 9.0, -12.6667, 9.0, -12.3333, 9.0, -11.3333, 9.0, -11.6667, 9.3333, -11.6667, 10.0, -11.6667, 10.0, -11.3333, 10.3333, -11.3333, 11.0, -11.6667, 11.3333, -11.6667, 12.0, -11.6667, 12.0, -10.0, 10.3333, -31.0, 36.0, -31.0, 35.0, -30.0, 35.0, -29.0, 34.0, -27.0, 33.0, -27.0, 33.0, -26.0, 33.0, -24.0, 33.0, -23.0, 34.0, -21.0, 34.0, -20.0, 35.0, -19.0, 35.3333, -19.0, 35.3333, -19.0, 35.3333, -19.0, 35.3333, -19.0, 35.0, -19.0, 34.3333, -20.0, 33.3333, -20.0, 32.0, -21.0, 30.6667, -21.0, 28.6667, -21.0, 26.6667, -21.0, 25.3333, -21.0, 24.3333, -20.0, 22.3333, -21.0, 20.3333, -22.0, 18.0, -22.0, 16.3333, -5.0, 2.0, -2.0, 0.0, 0.0, -1.0, 0.0, -1.0, 0.0, -1.0, -1.0, 1.0, -2.0, 4.3333, -11.0, 27.6667, -13.0, 27.6667, -18.0, 26.6667, -20.0, 26.0, -22.0, 26.0, -24.0, 25.6667, -26.0, 25.6667, -28.0, 25.6667, -30.0, 25.0, -31.0, 24.6667, -32.0, 24.6667, -32.0, 24.6667, -33.0, 25.0, -34.0, 25.0, -34.0, 25.0, -34.0, 24.6667, -34.0, 25.6667, -34.0, 25.6667, -33.0, 25.6667, -32.0, 26.3333, -32.0, 27.6667, -32.0, 28.6667, -32.0, 29.0, -31.0, 30.6667, -31.0, 32.0, -31.0, 34.0, -31.0, 35.0, -30.0, 35.3333]",23.757807,16.354252,91.760558
138,138,5c:01:3b:6b:b0:95,-38,256,"[86.0, -32.0, 4.0, 0.0, -11.0, 6.3333, -10.6667, 6.3333, -10.3333, 6.0, -9.6667, 6.0, -9.6667, 6.3333, -9.3333, 6.6667, -9.3333, 6.6667, -9.0, 6.3333, -8.6667, 6.3333, -8.3333, 6.6667, -8.3333, 7.0, -8.3333, 7.0, -8.3333, 7.3333, -8.0, 7.3333, -8.3333, 7.3333, -8.0, 7.0, -8.0, 7.0, -8.0, 6.0, -8.0, 6.0, -8.0, 5.6667, -8.0, 5.0, -8.0, 4.6667, -8.0, 4.0, -7.3333, 3.6667, -7.6667, 3.6667, -2.3333, 0.6667, 0.0, 0.0, 0.0, 0.0, 0.0, 0.0, 0.0, 0.0, 0.0, 0.0, 0.0, 0.0, 0.0, 0.0, 0.0, 0.0, 0.0, 0.0, -2.3333, 1.0, -7.0, 4.0, -7.3333, 4.3333, -7.6667, 4.0, -8.3333, 3.6667, -8.3333, 3.6667, -9.0, 3.3333, -9.6667, 3.0, -10.3333, 3.3333, -10.6667, 3.0, -11.0, 3.0, -11.6667, 2.6667, -11.6667, 2.6667, -11.6667, 2.6667, -11.6667, 2.6667, -11.6667, 2.6667, -11.6667, 3.0, -11.0, 3.0, -10.3333, 3.3333, -10.6667, 3.3333, -10.6667, 4.3333, -10.3333, 4.3333, -10.3333, 4.6667, -10.3333, 5.3333, -11.0, 5.3333, -11.0, 6.0, -11.0, 6.0, -9.3333, 5.3333, -29.3333, 19.6667, -29.0, 19.0, -28.3333, 19.0, -27.6667, 18.6667, -26.3333, 18.3333, -26.3333, 18.6667, -25.6667, 19.0, -24.6667, 19.6667, -24.3333, 21.0, -23.6667, 21.3333, -23.3333, 22.6667, -23.0, 23.3333, -23.3333, 23.6667, -23.0, 23.6667, -23.0, 23.6667, -23.0, 23.3333, -22.6667, 22.6667, -23.0, 22.0, -22.3333, 20.6667, -22.3333, 19.3333, -22.0, 17.3333, -21.3333, 16.0, -20.6667, 14.6667, -20.3333, 14.0, -19.3333, 12.3333, -19.3333, 10.6667, -22.0, 8.0, -22.0, 7.0, -4.6667, 0.3333, -2.0, -0.3333, 0.0, -0.6667, 0.0, -1.0, 0.0, -0.6667, -1.3333, 0.6667, -3.0, 2.6667, -15.3333, 17.6667, -16.3333, 17.0, -19.0, 15.3333, -20.0, 14.3333, -21.0, 13.6667, -22.3333, 12.6667, -24.3333, 12.0, -26.3333, 11.6667, -28.3333, 10.6667, -29.3333, 10.0, -30.3333, 9.6667, -30.6667, 9.3333, -31.3333, 9.6667, -32.0, 9.3333, -32.3333, 9.3333, -32.3333, 9.0, -32.3333, 9.6667, -32.3333, 10.0, -31.6667, 10.0, -30.6667, 10.6667, -30.3333, 12.0, -30.0, 13.0, -30.0, 13.6667, -29.0, 15.0, -28.3333, 16.3333, -28.3333, 18.0, -28.6667, 18.6667, -28.0, 19.0]",18.614925,13.422237,91.760558
139,139,5c:01:3b:6b:b0:95,-42,256,"[86.0, -32.0, 4.0, 0.0, -10.0, -0.3333, -10.0, -0.3333, -9.6667, 0.0, -9.3333, 0.0, -9.3333, 0.6667, -9.0, 1.3333, -9.0, 1.3333, -9.3333, 1.6667, -9.0, 1.6667, -9.0, 2.3333, -9.3333, 3.0, -9.3333, 3.0, -9.3333, 3.6667, -9.0, 3.6667, -9.3333, 3.6667, -8.6667, 3.0, -8.6667, 3.0, -8.6667, 2.0, -8.0, 2.0, -8.0, 1.3333, -7.6667, 1.0, -7.6667, 0.3333, -7.6667, 0.0, -6.6667, -0.6667, -7.0, -0.6667, -2.3333, -0.6667, 0.0, 0.0, 0.0, 0.0, 0.0, 0.0, 0.0, 0.0, 0.0, 0.0, 0.0, 0.0, 0.0, 0.0, 0.0, 0.0, 0.0, 0.0, -2.3333, 0.0, -7.3333, 0.0, -7.3333, -0.3333, -7.6667, -1.0, -7.6667, -1.6667, -7.6667, -1.6667, -8.0, -2.3333, -8.3333, -3.0, -8.6667, -3.3333, -9.0, -4.0, -9.0, -4.0, -9.6667, -4.6667, -9.6667, -4.6667, -9.6667, -4.6667, -9.6667, -4.6667, -9.6667, -4.6667, -9.6667, -4.0, -9.3333, -4.0, -9.0, -3.3333, -9.3333, -3.3333, -9.3333, -2.3333, -9.0, -2.3333, -9.3333, -1.6667, -9.3333, -1.3333, -10.3333, -1.3333, -10.3333, -1.0, -10.3333, -1.0, -8.6667, 0.0, -27.6667, 2.3333, -27.0, 2.0, -26.6667, 2.0, -26.3333, 2.3333, -25.6667, 2.6667, -25.6667, 3.3333, -25.3333, 4.0, -25.3333, 5.3333, -25.6667, 7.0, -26.3333, 7.6667, -26.6667, 9.3333, -27.0, 10.0, -27.6667, 10.6667, -27.0, 10.6667, -27.0, 10.6667, -27.0, 10.6667, -26.3333, 9.6667, -26.0, 9.3333, -24.6667, 8.3333, -23.6667, 7.3333, -23.0, 5.3333, -21.6667, 4.6667, -20.3333, 3.6667, -19.6667, 3.3333, -18.6667, 2.0, -17.6667, 0.6667, -19.0, -2.0, -18.3333, -3.0, -3.6667, -1.3333, -1.6667, -0.6667, 0.0, -0.3333, 0.0, -0.6667, 0.0, -0.3333, -1.6667, 0.0, -4.0, 0.3333, -19.6667, 5.0, -19.6667, 5.0, -20.0, 3.3333, -20.0, 1.6667, -20.0, 0.3333, -20.3333, -1.0, -21.3333, -2.3333, -22.3333, -3.0, -23.3333, -4.6667, -23.3333, -5.3333, -23.6667, -6.0, -24.0, -6.6667, -24.6667, -6.6667, -25.0, -7.3333, -25.3333, -7.3333, -25.3333, -7.3333, -25.6667, -7.0, -25.6667, -6.3333, -25.6667, -6.3333, -25.0, -5.3333, -25.0, -4.3333, -25.0, -3.3333, -25.3333, -2.6667, -25.3333, -1.3333, -25.3333, -0.3333, -25.6667, 1.0, -26.3333, 1.3333, -26.0, 1.3333]",15.436739,11.573383,91.760558
140,140,5c:01:3b:6b:b0:95,-38,256,"[86.0, -32.0, 4.0, 0.0, -7.0, -4.3333, -7.0, -4.3333, -7.0, -3.6667, -7.0, -3.3333, -7.0, -2.6667, -7.0, -1.6667, -7.0, -1.6667, -8.0, -0.6667, -8.0, -1.0, -8.0, -0.3333, -9.0, 0.0, -9.0, 0.0, -9.0, 0.6667, -9.0, 0.6667, -9.0, 0.6667, -8.0, 0.0, -8.0, 0.3333, -8.0, -0.3333, -7.0, 0.0, -7.0, -1.0, -6.0, -1.3333, -6.0, -2.0, -6.0, -2.3333, -5.0, -3.3333, -5.0, -3.3333, -2.0, -1.6667, 0.0, 0.0, 0.0, 0.0, 0.0, 0.0, 0.0, 0.0, 0.0, 0.0, 0.0, 0.0, 0.0, 0.0, 0.0, 0.0, 0.0, 0.0, -2.0, -0.6667, -6.0, -2.0, -6.0, -3.0, -6.0, -4.0, -5.0, -4.6667, -5.0, -5.0, -5.0, -5.6667, -5.0, -6.6667, -4.6667, -7.6667, -4.6667, -8.6667, -4.6667, -8.6667, -5.0, -9.6667, -5.0, -9.6667, -5.0, -9.6667, -5.0, -9.6667, -5.0, -9.6667, -5.0, -8.6667, -5.3333, -8.6667, -5.3333, -7.6667, -5.3333, -7.3333, -5.3333, -6.6667, -5.0, -6.3333, -6.0, -5.6667, -6.0, -5.6667, -7.0, -5.3333, -7.0, -5.3333, -7.0, -5.3333, -8.0, -4.0, -26.0, -10.3333, -25.0, -10.6667, -25.0, -10.6667, -25.0, -9.6667, -25.0, -8.6667, -25.0, -7.6667, -25.0, -6.6667, -26.0, -5.0, -27.0, -3.3333, -29.0, -2.6667, -30.0, -2.0, -31.0, -1.6667, -32.0, -1.0, -31.0, -1.0, -31.0, -1.0, -31.0, -1.0, -30.0, -1.3333, -29.0, -1.0, -27.0, -1.3333, -25.0, -1.6667, -24.0, -3.3333, -22.0, -4.0, -20.0, -5.0, -19.0, -5.0, -18.0, -6.3333, -16.0, -7.3333, -16.0, -11.0, -14.6667, -12.3333, -2.6667, -3.0, -1.3333, -1.0, 0.0, 0.0, 0.0, -0.3333, 0.0, 0.0, -2.0, -0.6667, -5.0, -1.6667, -24.0, -7.0, -23.0, -6.3333, -21.0, -5.3333, -20.0, -7.0, -19.0, -9.0, -18.3333, -11.0, -18.3333, -12.6667, -18.3333, -14.0, -18.3333, -15.6667, -17.3333, -17.0, -17.0, -18.0, -17.3333, -19.0, -18.0, -19.0, -18.0, -20.0, -18.3333, -20.0, -18.3333, -20.0, -19.0, -20.0, -19.0, -19.0, -19.6667, -18.6667, -19.3333, -17.6667, -19.6667, -16.6667, -20.0, -15.6667, -20.6667, -14.6667, -21.6667, -13.6667, -22.3333, -12.6667, -23.0, -12.0, -24.0, -11.6667, -24.0, -11.6667]",15.442564,12.12419,91.760558
141,141,5c:01:3b:6b:b0:95,-42,256,"[86.0, -32.0, 4.0, 0.0, -9.6667, -1.6667, -9.6667, -1.6667, -9.6667, -1.3333, -9.6667, -0.6667, -9.6667, -0.3333, -9.6667, 0.6667, -9.6667, 0.6667, -10.6667, 1.6667, -10.6667, 1.0, -11.0, 1.3333, -11.6667, 1.0, -11.6667, 1.0, -11.6667, 1.3333, -11.6667, 1.3333, -11.6667, 1.3333, -11.0, 1.0, -10.6667, 1.6667, -10.6667, 1.3333, -9.6667, 2.0, -9.3333, 1.0, -8.3333, 0.3333, -8.0, 0.0, -7.6667, -0.6667, -6.6667, -1.6667, -6.6667, -1.6667, -2.3333, -1.3333, 0.0, 0.0, 0.0, 0.0, 0.0, 0.0, 0.0, 0.0, 0.0, 0.0, 0.0, 0.0, 0.0, 0.0, 0.0, 0.0, 0.0, 0.0, -2.3333, -0.3333, -7.6667, 0.0, -7.6667, -1.0, -7.6667, -2.0, -7.0, -2.3333, -6.6667, -3.0, -6.6667, -3.3333, -6.6667, -4.3333, -5.6667, -5.3333, -5.6667, -6.3333, -5.6667, -6.3333, -5.3333, -7.3333, -5.3333, -7.3333, -5.3333, -7.3333, -5.3333, -7.3333, -5.3333, -7.3333, -5.6667, -6.3333, -6.6667, -6.3333, -6.6667, -5.3333, -7.0, -4.6667, -7.0, -4.3333, -7.3333, -3.6667, -8.0, -3.3333, -8.3333, -3.3333, -9.3333, -2.6667, -9.3333, -2.6667, -9.6667, -2.6667, -8.6667, -3.0, -27.6667, -6.6667, -26.6667, -7.3333, -26.6667, -7.3333, -26.3333, -6.3333, -26.3333, -5.3333, -26.3333, -4.3333, -26.3333, -3.3333, -27.3333, -2.0, -28.0, -0.6667, -29.6667, -0.3333, -31.0, -1.0, -31.6667, -1.3333, -32.6667, -1.0, -32.0, -1.0, -32.0, -1.0, -31.6667, -1.0, -31.0, -0.6667, -30.0, 0.0, -28.0, 0.3333, -26.3333, 0.6667, -25.0, -0.6667, -23.0, -2.0, -21.3333, -3.0, -20.3333, -3.0, -19.0, -4.6667, -17.0, -5.6667, -14.3333, -10.0, -12.3333, -11.6667, -2.3333, -3.0, -1.0, -1.0, 0.0, 0.0, 0.0, 0.0, 0.0, 0.0, -2.0, -1.0, -5.0, -2.0, -24.6667, -9.0, -24.0, -7.0, -21.6667, -2.6667, -20.6667, -4.0, -20.0, -6.0, -19.0, -8.0, -18.3333, -9.3333, -17.3333, -11.0, -16.3333, -12.3333, -14.6667, -14.0, -14.0, -15.0, -14.0, -16.0, -14.6667, -16.0, -14.6667, -17.0, -14.6667, -17.0, -14.6667, -17.0, -15.3333, -17.0, -15.6667, -16.0, -16.3333, -15.3333, -16.6667, -14.3333, -17.6667, -13.3333, -18.6667, -12.3333, -19.6667, -11.3333, -21.6667, -10.3333, -23.3333, -9.3333, -24.6667, -9.0, -25.6667, -8.3333, -25.6667, -8.3333]",15.411503,11.696627,91.760558
142,142,5c:01:3b:6b:b0:95,-42,256,"[86.0, -32.0, 4.0, 0.0, -12.3333, 1.0, -12.3333, 1.0, -12.3333, 1.0, -12.3333, 2.0, -12.3333, 2.0, -12.3333, 3.0, -12.3333, 3.0, -13.3333, 3.6667, -13.3333, 2.6667, -14.0, 2.6667, -14.3333, 2.0, -14.3333, 2.0, -14.3333, 2.0, -14.3333, 1.6667, -14.3333, 2.0, -14.0, 2.0, -13.3333, 2.6667, -13.3333, 2.6667, -12.3333, 3.3333, -11.6667, 3.0, -10.6667, 2.0, -10.0, 2.0, -9.3333, 1.0, -8.3333, 0.0, -8.3333, 0.0, -2.6667, -1.0, 0.0, 0.0, 0.0, 0.0, 0.0, 0.0, 0.0, 0.0, 0.0, 0.0, 0.0, 0.0, 0.0, 0.0, 0.0, 0.0, 0.0, 0.0, -2.6667, 0.0, -9.3333, 2.0, -9.3333, 1.0, -9.3333, 0.0, -9.0, 0.0, -8.3333, -1.0, -8.3333, -1.0, -8.3333, -2.0, -7.3333, -3.0, -7.3333, -4.0, -7.3333, -4.0, -6.6667, -5.0, -6.6667, -5.0, -6.6667, -5.0, -6.6667, -5.0, -6.6667, -5.0, -7.3333, -4.0, -8.3333, -4.0, -8.3333, -3.0, -9.0, -2.0, -9.0, -2.0, -9.6667, -1.0, -10.0, -1.0, -10.6667, -1.0, -11.6667, 0.0, -11.6667, 0.0, -12.3333, 0.0, -9.3333, -2.0, -29.3333, -3.0, -28.3333, -4.0, -28.3333, -4.0, -27.6667, -3.0, -27.6667, -2.0, -27.6667, -1.0, -27.6667, 0.0, -28.6667, 1.0, -29.0, 2.0, -30.3333, 2.6667, -32.0, 1.6667, -32.3333, 1.3333, -33.3333, 1.3333, -33.0, 1.6667, -33.0, 1.3333, -32.3333, 1.6667, -32.0, 2.3333, -31.0, 2.6667, -29.0, 2.6667, -27.6667, 3.0, -26.0, 2.0, -24.0, 0.0, -22.6667, -1.0, -21.6667, -1.0, -20.0, -3.0, -18.0, -4.0, -15.6667, -9.0, -13.6667, -11.0, -2.6667, -3.0, -1.0, -1.0, 0.0, 0.0, 0.0, -0.3333, 0.0, 0.0, -2.0, -1.0, -5.0, -1.3333, -25.3333, -5.6667, -25.0, -4.6667, -22.3333, 0.3333, -21.3333, -1.0, -21.0, -3.0, -20.0, -5.0, -19.6667, -6.0, -18.6667, -8.0, -17.6667, -9.0, -16.3333, -11.0, -16.0, -12.0, -16.0, -13.0, -16.3333, -13.0, -16.3333, -14.0, -16.3333, -14.0, -16.3333, -14.0, -16.6667, -14.0, -17.3333, -13.0, -17.6667, -12.0, -18.3333, -11.0, -19.3333, -10.0, -20.3333, -9.0, -21.3333, -8.0, -23.3333, -7.0, -24.6667, -6.0, -26.3333, -6.0, -27.3333, -5.0, -27.3333, -5.0]",16.236318,11.610805,91.760558
143,143,5c:01:3b:6b:b0:95,-42,256,"[86.0, -32.0, 4.0, 0.0, -14.0, 2.3333, -13.6667, 2.0, -13.3333, 2.0, -13.3333, 2.6667, -13.0, 2.6667, -13.0, 3.3333, -12.6667, 3.0, -13.0, 3.3333, -12.6667, 2.3333, -13.3333, 2.3333, -13.3333, 2.0, -13.0, 2.0, -13.0, 2.0, -13.0, 1.3333, -13.0, 2.0, -13.3333, 2.0, -12.6667, 2.3333, -12.6667, 2.3333, -12.0, 2.6667, -11.6667, 3.0, -11.0, 2.3333, -10.6667, 2.3333, -10.0, 1.6667, -9.3333, 1.0, -9.3333, 1.0, -2.6667, -0.6667, 0.0, 0.0, 0.0, 0.0, 0.0, 0.0, 0.0, 0.0, 0.0, 0.0, 0.0, 0.0, 0.0, 0.0, 0.0, 0.0, 0.0, 0.0, -2.6667, 0.0, -9.3333, 2.0, -9.3333, 1.3333, -9.6667, 0.6667, -10.0, 1.0, -9.6667, 0.6667, -10.0, 0.6667, -10.0, 0.0, -9.0, -0.3333, -9.0, -1.0, -9.0, -0.6667, -8.0, -1.3333, -8.0, -1.3333, -8.0, -1.3333, -8.0, -1.3333, -8.0, -1.3333, -9.0, -0.6667, -10.0, -0.6667, -10.0, -0.3333, -11.0, 0.3333, -11.0, 0.3333, -12.0, 1.0, -12.0, 1.0, -12.6667, 1.0, -13.3333, 1.6667, -13.3333, 1.6667, -14.0, 1.6667, -8.6667, 0.3333, -27.0, 4.0, -26.3333, 3.3333, -26.3333, 3.3333, -25.3333, 3.6667, -25.0, 4.0, -24.6667, 4.3333, -24.3333, 4.6667, -24.6667, 4.6667, -24.0, 5.0, -24.0, 5.0, -24.6667, 4.3333, -24.6667, 4.0, -25.0, 4.0, -25.0, 4.3333, -25.0, 3.6667, -24.3333, 4.3333, -24.6667, 4.6667, -24.0, 5.0, -23.0, 5.0, -23.0, 5.0, -22.0, 4.6667, -21.0, 3.6667, -20.3333, 3.0, -19.6667, 3.3333, -18.3333, 2.3333, -17.3333, 2.0, -16.3333, -1.0, -15.0, -2.0, -3.0, -1.3333, -1.0, -0.6667, 0.0, -0.3333, -0.3333, -0.6667, 0.0, -0.3333, -1.3333, -1.0, -3.3333, -0.6667, -17.3333, -2.3333, -18.0, -1.3333, -18.0, 2.3333, -18.0, 2.0, -19.0, 1.3333, -19.0, 0.6667, -19.3333, 0.6667, -19.3333, 0.3333, -19.0, 0.0, -18.0, -0.6667, -18.0, -1.0, -18.0, -1.3333, -18.0, -1.0, -18.0, -1.3333, -18.0, -1.3333, -18.0, -1.3333, -18.0, -1.6667, -19.0, -1.0, -19.0, -0.6667, -20.0, -0.3333, -21.0, 0.0, -21.6667, 0.6667, -22.3333, 1.3333, -23.3333, 2.0, -23.6667, 2.3333, -24.6667, 2.3333, -25.3333, 3.0, -25.3333, 2.6667]",14.947787,10.312577,91.760558
144,144,5c:01:3b:6b:b0:95,-39,256,"[86.0, -32.0, 4.0, 0.0, -8.3333, 6.3333, -8.0, 6.0, -7.6667, 5.6667, -7.6667, 6.0, -7.3333, 6.0, -7.3333, 6.3333, -7.0, 5.6667, -6.6667, 5.6667, -6.3333, 5.0, -6.3333, 4.6667, -6.3333, 4.6667, -6.0, 4.6667, -6.0, 4.6667, -6.0, 4.0, -6.0, 4.6667, -6.3333, 4.6667, -6.0, 4.6667, -6.0, 4.6667, -6.0, 4.6667, -6.0, 5.3333, -6.0, 4.6667, -6.3333, 4.6667, -6.0, 4.3333, -5.6667, 4.0, -5.6667, 3.6667, -1.6667, 0.3333, 0.0, 0.0, 0.0, 0.0, 0.0, 0.0, 0.0, 0.0, 0.0, 0.0, 0.0, 0.0, 0.0, 0.0, 0.0, 0.0, 0.0, 0.0, -1.6667, 0.6667, -5.0, 4.0, -5.0, 4.0, -5.6667, 3.6667, -6.0, 4.3333, -6.0, 4.3333, -6.6667, 4.3333, -6.6667, 4.3333, -6.0, 4.3333, -6.3333, 4.0, -6.3333, 4.3333, -5.6667, 4.3333, -5.6667, 4.3333, -5.6667, 4.3333, -5.6667, 4.3333, -5.6667, 4.3333, -6.3333, 4.6667, -7.0, 4.6667, -6.6667, 4.3333, -7.3333, 5.0, -7.3333, 5.0, -7.6667, 5.3333, -7.6667, 5.3333, -8.0, 5.3333, -8.3333, 6.0, -8.0, 6.0, -8.3333, 6.3333, -5.0, 5.3333, -14.6667, 19.3333, -14.3333, 19.0, -14.3333, 18.6667, -13.3333, 18.3333, -13.0, 17.6667, -12.6667, 17.6667, -12.3333, 17.3333, -12.0, 17.0, -10.6667, 17.0, -9.6667, 17.0, -9.0, 17.3333, -8.6667, 17.3333, -8.6667, 17.3333, -8.6667, 17.6667, -8.6667, 17.0, -8.3333, 17.6667, -9.0, 17.3333, -9.0, 17.0, -9.0, 16.3333, -10.0, 15.6667, -10.3333, 15.3333, -10.6667, 14.0, -10.3333, 13.3333, -10.3333, 13.3333, -10.3333, 12.3333, -10.6667, 12.0, -12.0, 10.3333, -12.0, 9.6667, -2.6667, 0.6667, -1.0, 0.0, -0.3333, -0.6667, -0.6667, -1.3333, -0.3333, -0.6667, -0.6667, -0.3333, -1.0, 1.6667, -4.6667, 11.0, -5.6667, 11.3333, -7.3333, 12.3333, -8.3333, 12.6667, -10.0, 12.6667, -11.0, 13.0, -11.6667, 13.3333, -12.6667, 13.6667, -13.3333, 14.0, -13.0, 14.0, -13.3333, 14.3333, -13.3333, 14.3333, -13.3333, 14.6667, -13.6667, 14.6667, -13.6667, 14.6667, -13.6667, 14.6667, -13.6667, 14.3333, -14.3333, 14.6667, -14.0, 14.6667, -14.3333, 15.0, -14.6667, 15.0, -14.6667, 15.6667, -14.6667, 16.3333, -14.3333, 17.0, -14.0, 17.3333, -13.6667, 17.6667, -13.6667, 18.6667, -13.6667, 18.6667]",12.630653,10.065434,91.760558
145,145,5c:01:3b:6b:b0:95,-39,256,"[86.0, -32.0, 4.0, 0.0, -5.0, 10.3333, -4.3333, 10.0, -4.3333, 9.3333, -4.3333, 9.3333, -4.0, 9.3333, -4.0, 9.3333, -3.6667, 8.3333, -3.3333, 8.3333, -3.0, 8.0, -2.6667, 7.3333, -2.6667, 7.3333, -2.0, 7.3333, -2.0, 7.3333, -2.0, 7.0, -2.0, 7.3333, -2.6667, 7.3333, -2.3333, 7.3333, -2.3333, 7.3333, -2.6667, 7.3333, -3.0, 7.6667, -3.0, 7.0, -3.3333, 7.0, -3.3333, 7.0, -3.3333, 7.0, -3.3333, 6.3333, -1.0, 1.3333, 0.0, 0.0, 0.0, 0.0, 0.0, 0.0, 0.0, 0.0, 0.0, 0.0, 0.0, 0.0, 0.0, 0.0, 0.0, 0.0, 0.0, 0.0, -1.3333, 1.3333, -3.0, 6.0, -3.0, 6.6667, -3.3333, 6.6667, -3.6667, 7.6667, -4.0, 8.0, -4.3333, 8.0, -4.3333, 8.6667, -4.0, 9.0, -4.0, 9.0, -4.0, 9.3333, -3.6667, 10.0, -3.6667, 10.0, -3.6667, 10.0, -3.6667, 10.0, -3.6667, 10.0, -4.0, 10.0, -4.3333, 10.0, -4.3333, 9.0, -4.6667, 9.6667, -4.6667, 9.6667, -4.6667, 9.6667, -5.0, 9.6667, -5.0, 9.6667, -5.0, 10.3333, -4.6667, 10.3333, -5.0, 11.0, -2.6667, 10.3333, -7.0, 34.6667, -7.0, 34.6667, -6.6667, 34.0, -6.0, 33.0, -6.0, 31.3333, -5.6667, 31.0, -5.3333, 30.0, -5.3333, 29.3333, -4.3333, 29.0, -2.6667, 28.3333, -0.6667, 28.6667, -0.3333, 28.3333, 0.3333, 28.3333, 0.3333, 28.3333, 0.3333, 28.0, 0.3333, 28.3333, -0.6667, 27.6667, -1.0, 27.3333, -2.0, 27.0, -3.6667, 26.3333, -4.3333, 26.0, -4.6667, 24.3333, -4.3333, 23.6667, -4.3333, 23.3333, -4.6667, 22.3333, -5.0, 22.0, -7.6667, 21.6667, -9.0, 21.3333, -2.3333, 2.6667, -1.0, 0.6667, -0.6667, -1.0, -1.0, -1.6667, -0.6667, -1.0, 0.0, 0.3333, 0.6667, 3.3333, 4.0, 21.0, 2.3333, 21.6667, -2.3333, 22.0, -4.3333, 23.3333, -5.3333, 24.0, -6.0, 25.3333, -6.3333, 26.0, -7.3333, 27.0, -7.6667, 28.0, -8.0, 28.6667, -8.6667, 29.6667, -8.6667, 30.0, -8.6667, 30.3333, -9.3333, 30.6667, -9.3333, 30.6667, -9.3333, 30.6667, -9.3333, 30.3333, -9.6667, 30.3333, -9.0, 30.0, -8.6667, 30.3333, -8.3333, 30.0, -8.0, 30.6667, -8.0, 31.3333, -7.3333, 32.0, -7.3333, 32.3333, -6.6667, 33.0, -6.6667, 34.3333, -7.0, 34.6667]",17.352837,13.26158,91.760558
146,146,5c:01:3b:6b:b0:95,-39,256,"[86.0, -32.0, 4.0, 0.0, -2.6667, 10.6667, -2.0, 10.6667, -2.6667, 10.0, -2.6667, 9.6667, -2.6667, 10.0, -2.6667, 10.0, -2.6667, 9.3333, -3.0, 9.3333, -3.0, 9.3333, -2.6667, 9.0, -2.6667, 9.0, -2.3333, 9.0, -2.3333, 9.0, -2.3333, 9.0, -2.3333, 9.0, -2.6667, 9.0, -2.0, 8.6667, -2.0, 8.6667, -2.3333, 8.3333, -2.3333, 8.3333, -2.0, 7.3333, -1.6667, 7.3333, -1.6667, 7.3333, -1.6667, 7.0, -1.6667, 6.3333, -0.6667, 1.3333, 0.0, 0.0, 0.0, 0.0, 0.0, 0.0, 0.0, 0.0, 0.0, 0.0, 0.0, 0.0, 0.0, 0.0, 0.0, 0.0, 0.0, 0.0, -1.3333, 1.6667, -2.6667, 7.0, -2.6667, 7.3333, -2.3333, 7.3333, -2.3333, 8.0, -2.3333, 8.0, -2.0, 8.0, -2.0, 8.3333, -2.0, 8.3333, -1.6667, 8.3333, -1.6667, 8.3333, -1.6667, 9.0, -1.6667, 8.6667, -1.6667, 8.6667, -1.6667, 8.6667, -1.6667, 8.6667, -1.6667, 9.0, -1.6667, 9.0, -2.0, 8.3333, -2.0, 9.0, -2.0, 9.3333, -1.6667, 9.3333, -2.3333, 9.3333, -2.3333, 9.6667, -2.3333, 10.3333, -2.0, 10.3333, -2.6667, 11.0, -1.6667, 10.3333, -3.3333, 35.0, -3.3333, 35.0, -2.6667, 34.0, -2.3333, 33.3333, -3.0, 32.0, -3.0, 32.0, -3.0, 31.6667, -4.0, 32.0, -4.0, 32.0, -3.6667, 32.6667, -3.0, 34.0, -3.0, 34.3333, -3.0, 34.6667, -3.0, 34.3333, -2.6667, 34.3333, -2.6667, 34.3333, -2.6667, 33.3333, -2.6667, 32.3333, -3.0, 31.0, -3.3333, 29.6667, -3.3333, 28.3333, -2.6667, 25.6667, -2.0, 24.6667, -1.6667, 23.6667, -1.6667, 21.6667, -1.0, 20.3333, -4.0, 18.6667, -6.0, 17.6667, -2.0, 2.0, -1.0, 0.6667, -1.0, -1.0, -0.6667, -1.6667, -1.0, -1.0, -0.3333, 1.0, -0.3333, 4.3333, 0.3333, 26.6667, 0.0, 26.0, -3.6667, 25.3333, -4.3333, 25.3333, -3.6667, 25.0, -3.0, 25.3333, -2.6667, 25.0, -2.6667, 24.6667, -2.0, 24.6667, -3.0, 24.3333, -4.0, 25.0, -4.0, 25.0, -4.0, 25.0, -5.0, 25.0, -5.0, 24.6667, -5.0, 24.6667, -5.0, 24.6667, -5.0, 25.0, -4.0, 25.3333, -3.0, 26.3333, -2.0, 26.3333, -1.6667, 27.6667, -2.0, 28.6667, -2.0, 30.0, -3.0, 31.0, -3.0, 32.3333, -3.3333, 34.0, -4.0, 34.6667]",17.096195,13.219487,91.760558
147,147,5c:01:3b:6b:b0:95,-39,256,"[86.0, -32.0, 4.0, 0.0, -5.0, 1.6667, -4.0, 1.6667, -5.0, 1.6667, -5.0, 1.3333, -5.0, 1.6667, -5.0, 2.0, -5.0, 1.6667, -6.0, 1.6667, -6.0, 2.0, -6.0, 2.0, -6.0, 2.0, -5.6667, 2.0, -5.6667, 2.0, -5.6667, 2.0, -5.6667, 2.0, -6.0, 2.0, -5.0, 1.6667, -5.0, 1.6667, -5.0, 1.3333, -5.0, 1.6667, -4.0, 1.0, -3.0, 1.0, -3.0, 1.0, -3.0, 0.6667, -3.0, 0.6667, -1.0, -0.3333, 0.0, 0.0, 0.0, 0.0, 0.0, 0.0, 0.0, 0.0, 0.0, 0.0, 0.0, 0.0, 0.0, 0.0, 0.0, 0.0, 0.0, 0.0, -2.0, 0.0, -5.0, 1.3333, -5.0, 1.3333, -4.0, 1.0, -4.0, 1.3333, -4.0, 1.0, -3.0, 1.0, -3.0, 0.6667, -3.0, 0.6667, -2.0, 0.6667, -2.0, 0.6667, -2.0, 0.6667, -2.0, 0.3333, -2.0, 0.3333, -2.0, 0.3333, -2.0, 0.3333, -2.0, 0.6667, -2.0, 0.6667, -3.0, 0.3333, -3.0, 0.6667, -3.0, 1.0, -3.0, 1.0, -4.0, 1.0, -4.0, 1.3333, -4.0, 1.6667, -4.0, 1.3333, -5.0, 1.6667, -3.0, 3.0, -8.0, 11.3333, -8.0, 11.3333, -7.0, 11.0, -7.0, 10.6667, -8.0, 10.3333, -8.0, 10.0, -8.0, 10.0, -10.0, 10.0, -11.0, 9.6667, -12.0, 10.3333, -12.6667, 11.0, -13.3333, 11.3333, -13.6667, 11.3333, -13.6667, 11.0, -13.0, 11.3333, -13.0, 11.3333, -12.0, 11.0, -11.3333, 10.3333, -11.0, 9.6667, -10.0, 9.3333, -9.0, 9.0, -7.0, 8.0, -6.0, 7.6667, -5.0, 7.6667, -4.0, 7.0, -2.0, 6.6667, -0.3333, 7.6667, -1.3333, 7.6667, -1.0, 0.6667, -0.6667, 0.0, -1.0, -0.6667, -0.3333, -1.0, -1.0, -0.6667, -0.6667, 0.0, -2.0, 1.3333, -7.3333, 9.0, -6.6667, 9.0, -10.6667, 7.6667, -10.0, 7.3333, -8.0, 7.3333, -6.0, 7.6667, -5.0, 7.3333, -4.0, 7.3333, -2.0, 7.3333, -2.0, 7.0, -2.3333, 7.6667, -2.3333, 7.6667, -2.3333, 7.6667, -3.0, 7.6667, -3.0, 7.3333, -2.6667, 7.3333, -2.6667, 7.3333, -2.6667, 7.6667, -2.3333, 8.0, -2.0, 8.3333, -1.6667, 8.0, -2.0, 8.6667, -3.0, 8.6667, -4.0, 9.3333, -6.0, 9.6667, -7.0, 10.0, -8.0, 10.6667, -9.0, 10.6667]",7.567406,8.891026,91.760558
148,148,5c:01:3b:6b:b0:95,-38,256,"[86.0, -32.0, 4.0, 0.0, 2.6667, -5.3333, 3.0, -5.3333, 2.0, -5.0, 2.0, -5.6667, 1.6667, -5.3333, 1.6667, -5.0, 1.3333, -5.3333, 0.3333, -5.3333, 0.0, -5.0, 0.0, -5.0, -0.3333, -5.0, -0.3333, -5.3333, -0.3333, -5.3333, -0.3333, -5.3333, -0.3333, -5.3333, -0.3333, -5.0, 0.6667, -5.3333, 0.6667, -5.0, 0.6667, -5.0, 0.6667, -4.6667, 1.3333, -4.6667, 2.0, -4.3333, 2.0, -4.0, 2.0, -4.0, 2.0, -3.6667, 0.3333, -1.3333, 0.0, 0.0, 0.0, 0.0, 0.0, 0.0, 0.0, 0.0, 0.0, 0.0, 0.0, 0.0, 0.0, 0.0, 0.0, 0.0, 0.0, 0.0, -0.6667, -1.3333, -0.3333, -4.0, 0.0, -4.0, 1.0, -4.3333, 1.3333, -4.0, 1.6667, -4.3333, 2.6667, -4.0, 3.0, -4.6667, 3.3333, -4.3333, 4.3333, -4.3333, 4.3333, -4.0, 4.6667, -4.3333, 4.6667, -4.6667, 4.6667, -4.3333, 4.6667, -4.3333, 4.6667, -4.6667, 4.6667, -4.3333, 4.6667, -4.6667, 3.6667, -4.6667, 3.6667, -5.0, 3.6667, -4.6667, 3.6667, -5.0, 3.0, -5.0, 3.0, -5.0, 3.0, -5.0, 3.3333, -5.6667, 2.6667, -5.6667, 2.0, -2.6667, 7.6667, -7.0, 7.3333, -7.0, 8.0, -7.0, 7.6667, -7.0, 6.6667, -6.6667, 6.0, -7.0, 5.6667, -7.0, 4.0, -7.3333, 3.0, -8.3333, 1.0, -8.0, -0.3333, -8.3333, -1.3333, -8.3333, -2.0, -8.3333, -2.0, -8.6667, -1.3333, -8.3333, -1.3333, -8.0, 0.0, -8.0, 0.6667, -8.0, 1.3333, -7.6667, 2.6667, -7.3333, 3.3333, -6.6667, 4.3333, -6.3333, 5.0, -6.0, 5.6667, -5.0, 6.0, -4.6667, 7.3333, -4.3333, 10.6667, -1.3333, 10.3333, -0.3333, 1.3333, -0.3333, 0.0, -0.3333, -1.0, -0.6667, -0.3333, -0.3333, -1.0, -0.3333, -0.3333, -0.6667, -1.0, -1.3333, 0.0, -6.3333, 2.0, -5.6667, -0.6667, -6.6667, 1.3333, -6.6667, 3.6667, -6.3333, 5.6667, -5.6667, 6.6667, -5.6667, 8.0, -5.3333, 10.0, -5.0, 10.6667, -5.0, 11.0, -4.3333, 11.3333, -4.3333, 11.6667, -4.3333, 11.3333, -4.3333, 11.6667, -4.6667, 12.0, -4.3333, 12.0, -4.6667, 12.0, -4.3333, 11.6667, -4.3333, 11.6667, -4.6667, 11.6667, -5.0, 11.3333, -5.0, 10.6667, -5.6667, 10.0, -6.0, 8.3333, -6.3333, 8.0, -7.0, 7.6667, -7.0, 7.0, -7.6667]",7.262445,8.25615,91.760558
149,149,5c:01:3b:6b:b0:95,-41,256,"[86.0, -32.0, 4.0, 0.0, 10.3333, -10.0, 10.0, -10.0, 9.0, -9.6667, 9.0, -10.3333, 8.3333, -10.3333, 8.3333, -10.0, 7.6667, -10.6667, 6.6667, -10.6667, 6.0, -10.3333, 6.0, -11.0, 5.3333, -11.0, 5.3333, -11.6667, 5.3333, -11.6667, 5.3333, -11.6667, 5.3333, -11.6667, 5.3333, -11.0, 6.3333, -11.0, 6.3333, -10.3333, 6.3333, -9.6667, 6.3333, -9.3333, 6.6667, -8.6667, 7.0, -8.0, 7.0, -7.3333, 7.0, -6.6667, 7.0, -6.3333, 1.6667, -1.6667, 0.0, 0.0, 0.0, 0.0, 0.0, 0.0, 0.0, 0.0, 0.0, 0.0, 0.0, 0.0, 0.0, 0.0, 0.0, 0.0, 0.0, 0.0, 0.6667, -2.3333, 4.3333, -8.3333, 5.0, -7.6667, 6.0, -8.0, 6.6667, -7.3333, 7.3333, -7.6667, 8.3333, -7.0, 9.0, -7.3333, 9.6667, -6.6667, 10.6667, -6.6667, 10.6667, -6.0, 11.3333, -6.3333, 11.3333, -6.3333, 11.3333, -5.6667, 11.3333, -5.6667, 11.3333, -6.3333, 11.3333, -6.3333, 11.3333, -7.0, 10.3333, -7.0, 10.3333, -7.6667, 10.3333, -7.6667, 10.3333, -8.3333, 10.0, -8.3333, 10.0, -9.0, 10.0, -9.0, 10.6667, -10.0, 10.3333, -10.0, 7.0, -5.6667, 23.3333, -17.3333, 22.6667, -17.3333, 23.0, -17.0, 22.3333, -17.0, 21.3333, -16.6667, 20.0, -17.0, 19.3333, -17.6667, 18.0, -18.6667, 17.0, -20.3333, 15.0, -21.0, 14.3333, -22.6667, 13.3333, -23.3333, 13.0, -23.6667, 13.0, -23.6667, 13.3333, -23.3333, 13.3333, -22.6667, 14.0, -22.3333, 14.3333, -21.6667, 14.6667, -20.0, 15.3333, -18.6667, 15.6667, -16.6667, 15.6667, -15.3333, 16.0, -14.3333, 16.3333, -12.3333, 16.0, -11.0, 16.6667, -9.6667, 21.6667, -4.0, 22.0, -2.0, 3.6667, -0.3333, 0.6667, -0.3333, -1.0, -0.6667, -0.6667, 0.0, -1.0, 0.0, 0.3333, -1.3333, 1.0, -3.3333, 11.0, -17.3333, 13.0, -15.3333, 10.6667, -16.3333, 12.6667, -15.0, 15.3333, -14.0, 17.3333, -12.3333, 18.3333, -11.6667, 20.0, -10.6667, 22.0, -9.0, 23.3333, -8.3333, 24.3333, -7.3333, 25.0, -7.3333, 25.6667, -7.3333, 25.6667, -7.3333, 26.3333, -7.3333, 26.6667, -6.6667, 26.6667, -7.3333, 26.6667, -7.3333, 25.6667, -8.0, 25.3333, -9.0, 25.0, -9.3333, 24.6667, -10.3333, 24.3333, -11.6667, 24.0, -13.3333, 22.6667, -14.3333, 23.0, -16.3333, 23.3333, -16.6667, 23.0, -17.6667]",16.834283,11.145626,91.760558
150,150,5c:01:3b:6b:b0:95,-42,256,"[86.0, -32.0, 4.0, 0.0, 9.0, 2.3333, 8.6667, 2.3333, 8.3333, 2.0, 8.3333, 1.0, 8.0, 1.0, 8.0, 1.0, 7.6667, 0.3333, 7.0, 0.0, 6.6667, 0.0, 7.0, -0.6667, 6.3333, -0.6667, 6.3333, -1.3333, 6.3333, -1.3333, 6.6667, -1.0, 6.3333, -1.0, 6.3333, -0.6667, 7.0, -0.6667, 7.0, -0.3333, 6.6667, 0.0, 6.6667, 0.0, 6.3333, 0.3333, 6.3333, 0.6667, 6.3333, 1.3333, 6.0, 1.6667, 6.0, 1.3333, 1.3333, 0.3333, 0.0, 0.0, 0.0, 0.0, 0.0, 0.0, 0.0, 0.0, 0.0, 0.0, 0.0, 0.0, 0.0, 0.0, 0.0, 0.0, 0.0, 0.0, 1.0, 0.0, 5.0, 0.0, 5.3333, 0.6667, 5.6667, 1.0, 6.0, 1.6667, 6.3333, 2.0, 6.6667, 2.6667, 7.3333, 2.6667, 7.6667, 3.3333, 8.0, 3.3333, 7.6667, 4.0, 8.3333, 4.3333, 8.3333, 4.3333, 8.3333, 5.0, 8.3333, 5.0, 8.3333, 4.3333, 8.3333, 4.3333, 8.3333, 3.6667, 8.0, 3.6667, 8.0, 3.0, 8.0, 3.3333, 8.0, 3.0, 8.3333, 3.0, 8.6667, 2.3333, 8.6667, 2.6667, 9.3333, 2.3333, 9.3333, 2.3333, 5.6667, 1.3333, 19.0, 5.6667, 18.3333, 5.3333, 18.6667, 5.0, 18.3333, 5.0, 18.0, 4.6667, 16.6667, 4.3333, 16.3333, 3.6667, 16.3333, 3.0, 16.0, 1.6667, 15.3333, 1.0, 15.6667, 0.0, 15.3333, -0.6667, 15.3333, -0.6667, 15.3333, -0.6667, 15.3333, -0.6667, 15.3333, 0.0, 15.0, -0.3333, 15.0, 0.0, 14.6667, 1.3333, 14.3333, 1.3333, 14.0, 2.0, 13.3333, 2.0, 13.3333, 2.3333, 13.3333, 3.0, 12.3333, 3.3333, 12.3333, 3.3333, 12.3333, 5.0, 12.3333, 6.0, 2.0, 1.0, 0.0, 0.0, -0.6667, -1.0, -0.6667, -0.3333, -0.6667, -0.3333, 0.3333, -0.3333, 1.6667, -0.3333, 12.3333, -0.3333, 13.0, 0.6667, 11.6667, 1.3333, 12.3333, 2.3333, 13.3333, 3.0, 14.0, 4.6667, 14.0, 5.3333, 15.0, 6.0, 15.6667, 7.3333, 15.6667, 8.0, 16.0, 8.6667, 16.6667, 8.6667, 17.3333, 8.6667, 17.3333, 9.0, 17.6667, 9.0, 17.6667, 9.6667, 17.6667, 9.0, 17.3333, 9.0, 17.0, 8.3333, 17.3333, 7.6667, 17.3333, 8.0, 17.6667, 7.6667, 17.6667, 7.3333, 18.0, 6.3333, 17.6667, 6.0, 18.6667, 5.3333, 19.3333, 6.0, 19.3333, 5.6667]",11.20326,9.408182,91.760558
151,151,5c:01:3b:6b:b0:95,-42,256,"[86.0, -32.0, 4.0, 0.0, -0.6667, 12.6667, -0.6667, 12.6667, -0.3333, 12.0, 0.0, 11.0, 0.0, 11.0, 0.3333, 11.0, 0.3333, 10.6667, 0.6667, 10.0, 1.0, 10.0, 1.3333, 9.6667, 1.0, 9.6667, 1.0, 9.3333, 1.3333, 9.3333, 1.6667, 10.0, 1.3333, 10.0, 1.0, 9.6667, 1.3333, 9.6667, 1.3333, 9.3333, 0.6667, 9.0, 0.6667, 9.0, 0.0, 8.6667, 0.0, 8.3333, 0.0, 8.6667, -0.3333, 8.3333, -0.6667, 7.6667, -0.3333, 1.6667, 0.0, 0.0, 0.0, 0.0, 0.0, 0.0, 0.0, 0.0, 0.0, 0.0, 0.0, 0.0, 0.0, 0.0, 0.0, 0.0, 0.0, 0.0, 0.0, 2.0, 0.3333, 8.0, 0.0, 8.3333, -0.3333, 9.0, -0.6667, 9.3333, -1.0, 10.0, -1.3333, 10.3333, -1.3333, 10.3333, -1.6667, 10.6667, -1.6667, 10.6667, -2.3333, 11.0, -2.0, 11.6667, -2.0, 11.6667, -2.0, 12.0, -2.0, 12.0, -2.0, 11.6667, -2.0, 11.6667, -2.0, 11.3333, -1.6667, 11.3333, -1.6667, 11.0, -1.6667, 11.6667, -1.6667, 12.0, -1.0, 12.0, -0.6667, 11.6667, -0.6667, 12.3333, -0.3333, 12.6667, 0.0, 12.6667, -1.3333, 6.6667, -3.0, 23.3333, -3.3333, 22.6667, -2.6667, 22.0, -2.3333, 22.0, -2.0, 21.3333, -2.3333, 20.6667, -2.0, 20.3333, -1.0, 20.0, -0.6667, 19.3333, 0.0, 19.0, 0.6667, 19.0, 1.0, 18.6667, 1.0, 18.6667, 1.0, 18.6667, 1.3333, 18.6667, 1.3333, 19.0, 0.6667, 18.3333, 0.3333, 18.0, 0.0, 18.6667, -0.6667, 17.6667, -1.0, 17.0, -1.6667, 16.0, -1.6667, 15.6667, -1.6667, 15.0, -2.3333, 14.6667, -2.6667, 13.6667, -5.6667, 12.0, -5.6667, 12.0, -1.3333, 2.0, -1.0, 0.0, -0.3333, -1.0, -0.3333, -0.6667, -0.3333, -0.6667, -0.3333, 0.3333, -0.3333, 2.3333, 0.6667, 14.3333, 0.0, 14.3333, -0.3333, 15.6667, -1.0, 15.6667, -2.0, 16.0, -2.3333, 17.3333, -3.3333, 17.6667, -3.6667, 18.0, -4.3333, 18.6667, -5.3333, 19.0, -5.6667, 19.3333, -5.3333, 19.3333, -5.3333, 19.3333, -5.3333, 20.0, -5.6667, 20.0, -5.6667, 20.3333, -5.6667, 20.0, -6.0, 20.0, -5.6667, 19.6667, -5.0, 19.3333, -5.0, 20.0, -4.6667, 20.3333, -4.3333, 20.6667, -3.6667, 20.6667, -3.3333, 21.0, -2.6667, 21.6667, -2.3333, 23.0, -2.6667, 23.3333]",13.410659,9.619256,91.760558
152,152,5c:01:3b:6b:b0:95,-38,256,"[86.0, -32.0, 4.0, 0.0, -9.6667, 19.3333, -9.0, 19.6667, -8.0, 19.0, -7.6667, 18.3333, -7.0, 18.3333, -6.6667, 18.3333, -6.0, 18.3333, -5.3333, 17.6667, -4.3333, 17.6667, -3.6667, 18.0, -3.6667, 18.0, -3.6667, 18.0, -3.3333, 18.0, -2.6667, 18.6667, -3.3333, 18.6667, -3.6667, 17.6667, -3.6667, 17.6667, -3.6667, 16.6667, -4.6667, 15.6667, -4.6667, 15.6667, -5.6667, 14.6667, -5.6667, 13.6667, -5.6667, 13.3333, -6.3333, 12.3333, -6.6667, 11.3333, -2.0, 2.3333, 0.0, 0.0, 0.0, 0.0, 0.0, 0.0, 0.0, 0.0, 0.0, 0.0, 0.0, 0.0, 0.0, 0.0, 0.0, 0.0, 0.0, 0.0, -1.0, 3.3333, -3.6667, 14.3333, -4.6667, 14.3333, -5.6667, 14.6667, -6.6667, 14.6667, -7.6667, 15.3333, -8.6667, 15.3333, -9.0, 15.0, -10.0, 15.0, -10.6667, 14.6667, -11.6667, 14.6667, -11.6667, 15.3333, -11.6667, 15.0, -11.6667, 15.0, -11.6667, 15.3333, -11.6667, 15.3333, -11.6667, 15.3333, -11.6667, 15.3333, -10.6667, 15.6667, -10.6667, 15.6667, -10.6667, 16.6667, -10.6667, 17.6667, -9.6667, 17.6667, -9.0, 17.6667, -9.0, 18.6667, -9.0, 19.6667, -8.6667, 19.6667, -7.6667, 10.0, -23.0, 34.3333, -23.0, 33.3333, -22.0, 32.6667, -21.0, 32.3333, -20.0, 31.6667, -19.6667, 31.0, -18.6667, 31.0, -16.6667, 31.3333, -15.6667, 31.6667, -13.6667, 32.0, -12.6667, 33.3333, -11.6667, 33.3333, -11.6667, 33.6667, -11.6667, 33.6667, -11.3333, 33.3333, -11.3333, 33.3333, -12.3333, 32.3333, -12.6667, 31.3333, -13.3333, 31.0, -14.3333, 29.0, -15.0, 27.0, -15.3333, 25.0, -15.3333, 24.0, -15.3333, 22.3333, -16.0, 21.3333, -16.3333, 19.3333, -22.3333, 14.6667, -22.3333, 13.3333, -4.3333, 2.0, -2.0, 0.0, 0.0, -1.0, 0.0, -1.0, 0.0, -1.0, -1.0, 1.0, -1.6667, 4.3333, -9.0, 26.0, -11.0, 24.6667, -10.6667, 26.3333, -12.6667, 25.3333, -15.6667, 25.0, -17.3333, 25.3333, -19.3333, 25.0, -20.6667, 25.0, -22.6667, 24.3333, -24.6667, 24.0, -25.6667, 24.0, -25.6667, 23.6667, -26.0, 23.6667, -26.0, 24.3333, -27.0, 24.0, -27.0, 24.0, -27.0, 24.3333, -27.6667, 24.3333, -26.6667, 24.6667, -25.6667, 24.6667, -25.6667, 25.3333, -25.0, 26.3333, -24.6667, 27.6667, -23.6667, 28.6667, -22.6667, 29.6667, -22.0, 31.6667, -22.0, 33.3333, -22.3333, 34.3333]",23.219545,13.370305,91.760558
153,153,5c:01:3b:6b:b0:95,-39,256,"[86.0, -32.0, 4.0, 0.0, -12.0, 15.6667, -11.3333, 16.3333, -10.6667, 16.0, -10.0, 15.6667, -9.6667, 15.6667, -9.3333, 15.6667, -8.6667, 15.6667, -7.3333, 15.3333, -6.6667, 15.3333, -6.3333, 16.0, -6.0, 16.0, -6.0, 16.0, -5.6667, 16.0, -5.3333, 16.3333, -5.6667, 16.3333, -6.0, 15.3333, -6.0, 15.3333, -6.3333, 14.3333, -7.0, 13.3333, -7.0, 13.3333, -7.6667, 12.3333, -7.6667, 11.3333, -7.6667, 10.6667, -8.0, 9.6667, -8.3333, 8.6667, -2.3333, 1.6667, 0.0, 0.0, 0.0, 0.0, 0.0, 0.0, 0.0, 0.0, 0.0, 0.0, 0.0, 0.0, 0.0, 0.0, 0.0, 0.0, 0.0, 0.0, -1.3333, 2.6667, -5.3333, 12.6667, -6.3333, 12.6667, -7.3333, 12.3333, -8.3333, 12.3333, -9.3333, 12.6667, -10.3333, 12.6667, -11.0, 12.0, -12.0, 12.0, -12.3333, 11.3333, -13.3333, 11.3333, -13.6667, 11.6667, -14.0, 11.0, -14.0, 11.0, -14.0, 11.6667, -14.0, 11.6667, -13.6667, 11.6667, -13.6667, 11.6667, -12.6667, 12.3333, -12.6667, 12.3333, -12.6667, 13.3333, -12.6667, 14.3333, -11.6667, 14.3333, -11.3333, 14.3333, -11.6667, 15.3333, -12.0, 16.3333, -11.6667, 16.3333, -8.3333, 8.0, -25.3333, 27.6667, -25.3333, 26.6667, -24.3333, 26.3333, -23.3333, 25.6667, -22.3333, 25.3333, -22.0, 25.0, -21.0, 25.0, -19.0, 25.6667, -17.6667, 26.3333, -15.6667, 27.0, -14.6667, 28.6667, -13.6667, 28.6667, -13.6667, 29.3333, -13.6667, 29.3333, -13.3333, 28.6667, -13.3333, 28.6667, -14.3333, 27.6667, -14.6667, 26.6667, -15.3333, 26.0, -16.3333, 24.0, -16.6667, 22.0, -17.3333, 20.0, -17.0, 19.0, -17.3333, 17.6667, -17.6667, 16.6667, -18.0, 14.6667, -21.6667, 10.3333, -22.0, 8.6667, -4.3333, 1.0, -2.0, 0.0, 0.0, -1.0, 0.0, -1.0, 0.0, -1.0, -1.0, 1.0, -1.6667, 3.6667, -8.6667, 23.0, -10.3333, 21.3333, -12.0, 22.6667, -14.0, 21.6667, -17.0, 21.0, -18.6667, 20.6667, -21.0, 20.0, -22.6667, 20.0, -24.6667, 18.6667, -26.3333, 18.0, -27.3333, 18.0, -27.3333, 17.3333, -28.0, 17.3333, -28.3333, 17.6667, -29.0, 17.0, -29.0, 17.0, -29.0, 17.6667, -29.3333, 17.6667, -28.3333, 18.3333, -27.6667, 18.3333, -27.6667, 18.6667, -27.3333, 19.6667, -26.6667, 21.3333, -25.6667, 22.3333, -24.6667, 23.3333, -24.3333, 25.3333, -24.3333, 26.6667, -25.0, 27.6667]",21.350483,12.503602,91.760558
154,154,5c:01:3b:6b:b0:95,-41,256,"[86.0, -32.0, 4.0, 0.0, -6.0, 5.0, -5.3333, 6.0, -5.0, 6.0, -5.0, 6.0, -4.6667, 5.6667, -5.0, 6.0, -4.6667, 5.6667, -4.3333, 5.6667, -4.3333, 5.6667, -4.3333, 6.3333, -4.0, 6.3333, -4.0, 6.3333, -4.0, 6.3333, -3.6667, 6.3333, -4.0, 6.3333, -4.0, 5.6667, -4.0, 5.6667, -4.0, 5.3333, -4.0, 4.6667, -4.0, 5.0, -4.0, 4.3333, -4.0, 3.6667, -4.0, 3.3333, -4.3333, 2.6667, -4.0, 2.3333, -1.3333, 0.0, 0.0, 0.0, 0.0, 0.0, 0.0, 0.0, 0.0, 0.0, 0.0, 0.0, 0.0, 0.0, 0.0, 0.0, 0.0, 0.0, 0.0, 0.0, -1.0, 0.6667, -2.6667, 5.0, -3.0, 5.0, -3.3333, 4.3333, -3.6667, 4.3333, -4.0, 4.6667, -4.3333, 4.6667, -4.3333, 4.0, -5.0, 4.0, -5.0, 3.6667, -5.6667, 3.6667, -5.6667, 3.3333, -6.0, 2.6667, -6.0, 3.0, -6.0, 3.6667, -6.0, 3.6667, -5.6667, 3.3333, -6.0, 3.3333, -5.3333, 4.0, -5.3333, 4.0, -5.6667, 4.3333, -5.6667, 5.0, -5.0, 5.0, -5.0, 5.0, -5.3333, 5.3333, -5.6667, 5.6667, -5.6667, 5.6667, -4.0, 0.6667, -11.3333, 4.0, -11.3333, 3.3333, -11.0, 3.6667, -10.3333, 3.0, -10.0, 3.0, -10.6667, 3.0, -10.3333, 3.0, -9.3333, 3.3333, -9.0, 3.6667, -8.3333, 4.0, -8.0, 5.0, -7.6667, 4.6667, -7.6667, 5.3333, -7.6667, 5.3333, -8.0, 5.0, -7.6667, 4.6667, -8.3333, 4.3333, -8.0, 4.0, -8.3333, 4.0, -8.6667, 3.0, -8.6667, 2.3333, -9.0, 1.6667, -8.3333, 1.6667, -8.6667, 1.6667, -8.6667, 1.6667, -8.3333, 1.0, -9.3333, 0.0, -9.3333, -0.6667, -2.0, -0.6667, -1.3333, -0.3333, -0.3333, -0.6667, -0.3333, -0.6667, -0.3333, -0.6667, -0.6667, 0.0, -0.6667, 0.3333, -3.3333, 5.0, -3.6667, 4.0, -5.0, 4.6667, -5.6667, 4.3333, -7.0, 4.0, -7.6667, 3.3333, -8.6667, 3.0, -9.3333, 3.0, -10.0, 2.0, -10.3333, 1.6667, -10.6667, 2.0, -10.6667, 1.6667, -10.6667, 1.3333, -11.0, 1.3333, -11.0, 0.6667, -11.0, 0.6667, -11.0, 1.3333, -11.6667, 1.0, -11.3333, 1.6667, -11.3333, 1.3333, -11.3333, 1.0, -11.3333, 1.3333, -11.3333, 2.3333, -11.0, 2.3333, -10.6667, 2.6667, -10.3333, 3.3333, -10.3333, 3.6667, -10.6667, 4.3333]",7.882943,8.140253,91.760558
155,155,5c:01:3b:6b:b0:95,-39,256,"[86.0, -32.0, 4.0, 0.0, 0.6667, 0.0, 1.0, 0.6667, 0.6667, 0.3333, 0.6667, 0.0, 0.6667, -0.3333, 0.3333, 0.0, 0.0, -0.3333, 0.0, -0.6667, -0.3333, -0.6667, -0.6667, -0.6667, -0.3333, -1.0, -0.3333, -1.0, -0.3333, -1.0, -0.6667, -1.0, -0.6667, -0.6667, -0.3333, -1.0, -0.3333, -1.0, -0.3333, -0.6667, 0.0, -0.6667, 0.0, 0.0, 0.3333, -0.3333, 0.0, -0.3333, 0.0, -0.3333, 0.0, -0.3333, 0.3333, 0.0, -0.3333, -0.6667, 0.0, 0.0, 0.0, 0.0, 0.0, 0.0, 0.0, 0.0, 0.0, 0.0, 0.0, 0.0, 0.0, 0.0, 0.0, 0.0, 0.0, 0.0, -0.3333, -0.6667, 0.3333, -0.3333, 0.6667, -0.3333, 0.6667, -0.3333, 1.0, 0.0, 1.3333, 0.6667, 1.3333, 0.6667, 1.6667, 0.6667, 1.3333, 0.6667, 1.6667, 1.0, 1.3333, 1.0, 1.6667, 0.6667, 1.3333, 0.6667, 1.3333, 1.0, 1.3333, 1.3333, 1.3333, 1.3333, 1.6667, 1.0, 1.0, 0.6667, 1.3333, 1.0, 1.6667, 0.6667, 1.3333, 0.6667, 1.0, 0.6667, 1.3333, 0.6667, 1.0, 0.3333, 1.0, 0.3333, 0.6667, 0.0, 0.6667, 0.0, 2.6667, -1.6667, 10.0, -4.0, 10.0, -4.3333, 10.0, -4.0, 10.0, -4.3333, 9.3333, -4.6667, 8.6667, -4.6667, 8.0, -5.0, 8.0, -5.3333, 7.3333, -5.6667, 6.6667, -6.3333, 6.3333, -6.3333, 6.0, -7.0, 6.0, -7.0, 6.0, -7.0, 5.6667, -6.6667, 6.0, -7.0, 5.6667, -6.6667, 6.0, -6.3333, 6.3333, -5.6667, 6.0, -5.6667, 6.3333, -5.3333, 6.0, -4.6667, 6.3333, -4.3333, 6.0, -3.6667, 6.0, -2.6667, 6.3333, -2.3333, 7.0, -0.3333, 6.6667, 0.0, 0.6667, -0.3333, -0.3333, -0.3333, -0.6667, -0.6667, -0.6667, -0.3333, -0.6667, -0.3333, 0.0, -0.6667, 1.0, -1.3333, 6.6667, -4.6667, 7.3333, -4.3333, 6.6667, -4.0, 7.3333, -3.3333, 8.0, -3.0, 8.6667, -2.6667, 9.0, -2.3333, 9.3333, -2.0, 9.6667, -1.6667, 10.3333, -1.3333, 10.6667, -0.6667, 10.6667, -0.3333, 11.0, -0.6667, 10.6667, -0.6667, 11.0, -1.0, 11.3333, -0.6667, 11.0, -0.3333, 10.6667, -1.0, 10.6667, -1.0, 10.3333, -1.3333, 10.3333, -2.0, 10.3333, -2.0, 10.3333, -2.0, 10.3333, -2.6667, 10.3333, -3.3333, 10.6667, -3.6667, 11.0, -4.0, 11.0, -3.6667]",5.41044,8.815709,91.760558
156,156,5c:01:3b:6b:b0:95,-39,256,"[86.0, -32.0, 4.0, 0.0, 9.6667, -5.0, 9.6667, -4.6667, 9.0, -5.3333, 8.6667, -6.0, 8.6667, -6.3333, 8.3333, -6.0, 7.3333, -6.3333, 6.3333, -7.0, 6.0, -7.0, 5.6667, -7.6667, 5.6667, -8.3333, 5.6667, -8.3333, 5.6667, -8.3333, 5.0, -8.3333, 5.0, -7.6667, 5.6667, -7.6667, 5.6667, -7.6667, 6.0, -6.6667, 6.3333, -6.0, 6.3333, -5.0, 6.6667, -5.0, 6.0, -4.3333, 6.0, -4.0, 6.0, -3.3333, 6.3333, -2.3333, 1.0, -1.3333, 0.0, 0.0, 0.0, 0.0, 0.0, 0.0, 0.0, 0.0, 0.0, 0.0, 0.0, 0.0, 0.0, 0.0, 0.0, 0.0, 0.0, 0.0, 0.6667, -2.0, 5.0, -5.6667, 6.0, -5.6667, 6.3333, -5.0, 7.3333, -4.3333, 8.3333, -3.3333, 8.6667, -3.3333, 9.6667, -2.6667, 9.6667, -2.6667, 10.0, -1.6667, 10.0, -1.6667, 11.0, -2.0, 11.0, -1.3333, 11.0, -1.0, 11.0, -1.0, 11.0, -1.0, 11.0, -1.3333, 10.0, -2.0, 10.0, -2.0, 10.6667, -2.6667, 10.3333, -3.0, 9.6667, -3.6667, 9.6667, -3.6667, 9.3333, -4.3333, 10.0, -4.6667, 10.0, -5.6667, 10.0, -5.6667, 10.0, -4.0, 33.6667, -12.0, 33.6667, -12.0, 33.3333, -11.6667, 32.6667, -11.6667, 31.0, -12.3333, 30.3333, -12.3333, 28.6667, -13.0, 27.6667, -14.0, 25.6667, -15.0, 23.6667, -16.6667, 22.6667, -17.6667, 21.6667, -18.6667, 21.6667, -19.3333, 21.6667, -19.3333, 21.3333, -18.3333, 21.6667, -18.6667, 21.6667, -17.6667, 22.0, -16.6667, 23.0, -15.3333, 22.6667, -14.3333, 23.0, -13.0, 23.0, -11.0, 22.6667, -10.3333, 22.6667, -9.0, 22.3333, -7.0, 22.6667, -5.6667, 22.6667, -0.6667, 22.3333, 0.6667, 3.3333, 0.0, 0.6667, -0.3333, -1.0, -0.6667, -1.0, 0.0, -1.0, 0.0, 0.6667, -1.3333, 2.6667, -3.0, 16.3333, -14.3333, 17.6667, -12.6667, 19.6667, -12.6667, 21.6667, -11.0, 24.3333, -10.0, 26.3333, -8.6667, 28.3333, -7.6667, 30.0, -7.0, 31.3333, -5.3333, 32.6667, -4.3333, 33.6667, -3.3333, 33.6667, -2.3333, 34.6667, -2.6667, 34.6667, -2.6667, 35.0, -2.6667, 35.6667, -2.0, 35.0, -2.0, 34.6667, -3.0, 34.3333, -3.6667, 34.0, -4.0, 34.0, -5.0, 34.3333, -5.3333, 34.0, -6.3333, 33.6667, -7.6667, 33.3333, -9.3333, 34.0, -10.6667, 34.6667, -11.6667, 35.3333, -11.6667]",18.14465,13.77693,91.760558
157,157,5c:01:3b:6b:b0:95,-39,256,"[86.0, -32.0, 4.0, 0.0, 11.6667, -3.0, 11.6667, -3.0, 10.6667, -4.0, 10.3333, -5.0, 10.3333, -5.0, 10.0, -5.0, 9.0, -5.0, 8.0, -6.0, 7.6667, -6.0, 7.6667, -7.0, 7.6667, -8.0, 7.6667, -8.0, 7.6667, -8.0, 7.0, -8.0, 7.0, -7.0, 7.6667, -7.0, 7.6667, -7.0, 7.6667, -6.0, 7.6667, -5.0, 8.0, -4.0, 8.0, -4.0, 7.3333, -3.0, 7.3333, -3.0, 7.3333, -2.0, 7.3333, -1.0, 1.3333, -1.0, 0.0, 0.0, 0.0, 0.0, 0.0, 0.0, 0.0, 0.0, 0.0, 0.0, 0.0, 0.0, 0.0, 0.0, 0.0, 0.0, 0.0, 0.0, 1.0, -2.0, 6.3333, -5.0, 7.3333, -5.0, 7.6667, -4.0, 8.6667, -3.0, 9.6667, -2.0, 10.0, -2.0, 11.0, -1.0, 11.0, -1.0, 11.3333, 0.0, 11.6667, 0.0, 12.3333, 0.0, 12.3333, 1.0, 12.6667, 1.0, 12.6667, 1.0, 12.3333, 1.0, 12.3333, 1.0, 11.3333, 0.0, 11.3333, 0.0, 12.0, -1.0, 12.0, -1.0, 11.3333, -2.0, 11.0, -2.0, 11.0, -3.0, 11.6667, -3.0, 12.0, -4.0, 11.6667, -4.0, 11.3333, -1.0, 37.3333, -3.0, 37.3333, -3.0, 37.3333, -3.0, 36.3333, -3.0, 34.6667, -4.0, 34.3333, -4.0, 32.3333, -5.0, 31.3333, -6.0, 29.3333, -7.0, 27.6667, -9.0, 26.3333, -10.0, 25.3333, -11.0, 25.3333, -12.0, 25.3333, -12.0, 25.3333, -11.0, 25.3333, -11.0, 25.6667, -10.0, 25.6667, -9.0, 26.6667, -8.0, 26.3333, -7.0, 26.3333, -6.0, 26.3333, -4.0, 25.6667, -4.0, 25.6667, -3.0, 25.3333, -1.0, 25.3333, 0.0, 25.6667, 5.0, 25.3333, 6.0, 3.6667, 1.0, 1.0, 0.0, -1.0, -1.0, -1.0, 0.0, -1.0, 0.0, 0.6667, -1.0, 3.0, -2.0, 18.6667, -9.0, 19.3333, -7.0, 22.0, -7.0, 24.0, -5.0, 26.6667, -4.0, 28.6667, -2.0, 30.6667, -1.0, 32.6667, 0.0, 34.0, 2.0, 35.3333, 3.0, 36.0, 4.0, 36.3333, 5.0, 37.3333, 5.0, 37.3333, 5.0, 37.3333, 5.0, 38.3333, 6.0, 37.6667, 6.0, 37.6667, 5.0, 37.3333, 4.0, 37.0, 4.0, 37.0, 3.0, 37.6667, 3.0, 37.3333, 2.0, 37.0, 1.0, 36.6667, -1.0, 37.3333, -2.0, 38.0, -3.0, 38.6667, -3.0]",19.137916,14.223528,91.760558
158,158,5c:01:3b:6b:b0:95,-42,256,"[86.0, -32.0, 4.0, 0.0, 9.0, -5.6667, 9.0, -5.3333, 8.3333, -6.0, 8.0, -6.3333, 8.3333, -6.3333, 8.0, -6.3333, 7.6667, -6.3333, 7.3333, -6.6667, 7.0, -6.6667, 7.3333, -7.0, 7.3333, -7.6667, 7.0, -7.6667, 7.0, -7.6667, 6.6667, -7.6667, 6.6667, -7.0, 7.3333, -7.0, 7.3333, -7.0, 7.0, -6.3333, 6.6667, -6.0, 6.6667, -5.3333, 6.3333, -5.3333, 6.0, -4.6667, 5.6667, -4.3333, 5.6667, -3.6667, 5.3333, -3.0, 1.0, -1.3333, 0.0, 0.0, 0.0, 0.0, 0.0, 0.0, 0.0, 0.0, 0.0, 0.0, 0.0, 0.0, 0.0, 0.0, 0.0, 0.0, 0.0, 0.0, 1.0, -2.0, 5.6667, -5.3333, 6.0, -5.6667, 6.3333, -5.0, 6.6667, -4.6667, 7.0, -4.0, 7.3333, -4.3333, 7.6667, -3.6667, 7.3333, -4.0, 7.6667, -3.3333, 7.6667, -3.6667, 8.0, -3.6667, 8.0, -3.0, 8.3333, -3.0, 8.3333, -3.0, 8.0, -3.0, 8.0, -3.0, 7.6667, -3.6667, 7.6667, -3.6667, 8.3333, -4.0, 8.3333, -4.0, 8.3333, -4.6667, 8.0, -4.6667, 8.3333, -5.3333, 8.6667, -5.3333, 9.3333, -6.3333, 9.0, -6.3333, 7.0, -5.0, 24.0, -15.6667, 23.6667, -15.6667, 23.6667, -15.3333, 23.3333, -15.0, 22.3333, -15.3333, 22.3333, -14.6667, 21.3333, -15.0, 21.0, -15.3333, 20.0, -15.3333, 19.6667, -16.3333, 19.3333, -16.6667, 19.3333, -17.0, 19.3333, -17.6667, 19.3333, -17.6667, 19.0, -17.0, 18.6667, -16.6667, 19.0, -16.0, 18.6667, -15.6667, 19.0, -15.3333, 18.3333, -14.6667, 18.0, -13.6667, 17.6667, -12.3333, 17.0, -12.3333, 16.6667, -11.6667, 16.3333, -9.6667, 15.6667, -8.3333, 15.0, -4.0, 14.3333, -3.0, 1.6667, -0.6667, 0.3333, -0.3333, -1.0, -0.6667, -1.0, 0.0, -1.0, 0.0, 0.3333, -1.0, 2.0, -2.6667, 13.6667, -13.3333, 14.0, -12.3333, 15.6667, -13.0, 16.0, -12.3333, 17.0, -12.6667, 17.6667, -11.6667, 18.6667, -11.0, 19.3333, -10.3333, 20.0, -9.0, 20.3333, -8.0, 20.6667, -7.3333, 21.0, -6.6667, 21.6667, -7.0, 22.0, -7.0, 22.0, -7.0, 22.3333, -6.3333, 21.6667, -6.3333, 21.6667, -7.3333, 21.3333, -8.0, 21.3333, -8.0, 21.6667, -9.0, 22.3333, -9.3333, 22.3333, -10.3333, 22.6667, -11.3333, 23.0, -13.0, 24.0, -14.3333, 24.3333, -15.3333, 25.0, -15.6667]",14.878059,11.243445,91.760558
159,159,5c:01:3b:6b:b0:95,-41,256,"[86.0, -32.0, 4.0, 0.0, 9.6667, -8.3333, 9.6667, -7.6667, 9.0, -8.0, 8.3333, -7.6667, 8.6667, -7.6667, 8.0, -7.6667, 7.6667, -7.6667, 7.3333, -7.3333, 6.6667, -7.3333, 7.0, -7.0, 7.0, -7.3333, 6.3333, -7.3333, 6.3333, -7.3333, 6.3333, -7.3333, 6.3333, -7.0, 7.0, -7.0, 7.0, -7.0, 6.6667, -6.6667, 6.3333, -7.0, 6.6667, -6.6667, 6.3333, -6.6667, 6.3333, -6.3333, 6.0, -5.6667, 6.0, -5.3333, 5.6667, -5.0, 1.3333, -1.6667, 0.0, 0.0, 0.0, 0.0, 0.0, 0.0, 0.0, 0.0, 0.0, 0.0, 0.0, 0.0, 0.0, 0.0, 0.0, 0.0, 0.0, 0.0, 1.0, -2.0, 6.0, -5.6667, 6.3333, -6.3333, 7.0, -6.0, 7.3333, -6.3333, 7.6667, -6.0, 8.3333, -6.6667, 8.6667, -6.3333, 8.3333, -7.0, 9.0, -6.6667, 9.3333, -7.3333, 9.3333, -7.3333, 9.3333, -7.0, 10.0, -7.0, 10.0, -7.0, 9.3333, -7.0, 9.3333, -7.0, 9.0, -7.3333, 9.0, -7.3333, 9.3333, -7.0, 9.3333, -7.0, 9.6667, -7.3333, 9.0, -7.3333, 9.3333, -7.6667, 9.3333, -7.6667, 10.3333, -8.6667, 9.6667, -8.6667, 5.3333, -9.0, 18.3333, -28.3333, 18.0, -28.3333, 18.0, -27.6667, 17.6667, -27.0, 17.0, -26.6667, 16.6667, -25.3333, 15.6667, -25.0, 15.3333, -24.6667, 14.3333, -23.6667, 14.3333, -23.6667, 13.6667, -23.3333, 13.6667, -23.0, 13.6667, -23.3333, 13.6667, -23.3333, 13.3333, -23.0, 13.0, -22.3333, 13.6667, -22.0, 13.3333, -22.3333, 13.6667, -22.6667, 13.6667, -22.3333, 13.3333, -21.3333, 13.0, -20.6667, 12.6667, -20.6667, 12.3333, -20.3333, 12.6667, -18.3333, 12.0, -16.6667, 12.6667, -13.0, 12.6667, -12.0, 1.3333, -2.3333, 0.3333, -0.6667, -1.0, -0.3333, -1.0, 0.0, -1.0, 0.0, 0.0, -1.0, 1.0, -3.3333, 8.6667, -17.6667, 9.3333, -17.6667, 11.6667, -19.0, 12.0, -19.6667, 12.6667, -21.3333, 13.3333, -21.3333, 14.3333, -21.0, 15.0, -20.6667, 16.0, -20.0, 16.6667, -19.0, 16.6667, -18.6667, 17.3333, -18.3333, 18.0, -19.0, 18.3333, -19.0, 18.3333, -19.0, 18.6667, -18.6667, 18.3333, -18.6667, 18.3333, -19.6667, 17.6667, -20.0, 17.3333, -20.0, 17.6667, -21.0, 18.0, -21.6667, 17.6667, -22.6667, 17.6667, -23.6667, 17.6667, -25.0, 18.3333, -26.6667, 18.3333, -27.6667, 18.6667, -28.3333]",16.857553,12.061114,91.760558
160,160,5c:01:3b:6b:b0:95,-38,256,"[86.0, -32.0, 4.0, 0.0, 3.6667, -11.0, 3.6667, -10.0, 3.3333, -10.0, 2.6667, -9.0, 3.0, -9.0, 2.6667, -9.0, 2.3333, -9.0, 2.3333, -8.0, 1.6667, -8.0, 2.0, -7.0, 1.6667, -7.0, 1.0, -7.0, 1.0, -7.0, 1.0, -7.0, 1.0, -7.0, 2.0, -7.0, 2.0, -7.0, 1.6667, -7.0, 1.6667, -8.0, 2.0, -8.0, 2.0, -8.0, 2.0, -8.0, 2.0, -7.0, 2.0, -7.0, 2.0, -7.0, 0.3333, -2.0, 0.0, 0.0, 0.0, 0.0, 0.0, 0.0, 0.0, 0.0, 0.0, 0.0, 0.0, 0.0, 0.0, 0.0, 0.0, 0.0, 0.0, 0.0, 0.0, -2.0, 2.0, -6.0, 2.0, -7.0, 2.6667, -7.0, 3.0, -8.0, 3.0, -8.0, 3.6667, -9.0, 4.0, -9.0, 3.6667, -10.0, 4.3333, -10.0, 4.3333, -11.0, 4.3333, -11.0, 4.6667, -11.0, 5.0, -11.0, 5.0, -11.0, 4.3333, -11.0, 4.3333, -11.0, 4.0, -11.0, 4.0, -11.0, 4.3333, -10.0, 4.0, -10.0, 4.3333, -10.0, 3.6667, -10.0, 3.6667, -10.0, 3.6667, -10.0, 4.3333, -11.0, 4.0, -11.0, 2.6667, -13.3333, 9.3333, -41.6667, 9.0, -41.3333, 9.0, -40.3333, 9.0, -39.0, 8.6667, -38.0, 8.3333, -36.0, 7.6667, -35.0, 7.3333, -34.0, 6.6667, -32.0, 6.3333, -31.0, 6.0, -30.0, 6.0, -29.0, 5.6667, -29.0, 5.6667, -29.0, 5.3333, -29.0, 5.3333, -28.0, 6.0, -28.0, 5.6667, -29.0, 6.0, -30.0, 6.3333, -30.0, 6.3333, -29.0, 6.3333, -29.0, 6.3333, -29.0, 6.0, -29.0, 6.3333, -27.6667, 6.0, -26.0, 8.3333, -24.0, 8.6667, -23.0, 0.6667, -4.3333, 0.0, -1.3333, -1.0, 0.0, -0.6667, 0.0, -1.0, 0.0, -0.3333, -1.0, 0.3333, -4.0, 4.0, -22.0, 5.3333, -23.0, 5.6667, -25.0, 6.0, -27.0, 6.3333, -30.0, 7.0, -31.3333, 7.6667, -32.0, 8.3333, -32.6667, 9.3333, -33.3333, 9.6667, -33.0, 9.6667, -33.0, 10.0, -33.3333, 10.3333, -34.3333, 10.6667, -34.3333, 11.0, -34.3333, 11.3333, -34.6667, 11.0, -34.6667, 10.6667, -35.3333, 10.3333, -35.0, 10.0, -35.0, 10.0, -36.0, 10.0, -36.3333, 9.6667, -37.0, 9.6667, -37.6667, 9.3333, -38.0, 9.6667, -39.6667, 9.6667, -40.3333, 9.6667, -41.3333]",19.360826,15.145175,91.760558
161,161,5c:01:3b:6b:b0:95,-38,256,"[86.0, -32.0, 4.0, 0.0, 4.0, -12.0, 4.0, -11.0, 3.3333, -11.0, 2.6667, -10.3333, 2.6667, -10.3333, 2.3333, -10.3333, 1.3333, -10.3333, 1.0, -9.3333, 0.0, -9.3333, -0.3333, -8.6667, -0.6667, -8.6667, -1.0, -8.6667, -1.0, -8.6667, -1.0, -8.6667, -1.0, -9.0, 0.0, -8.6667, 0.0, -8.6667, 0.0, -8.6667, 0.3333, -9.0, 1.0, -9.0, 1.6667, -9.0, 1.6667, -8.6667, 2.0, -8.0, 2.0, -7.6667, 2.3333, -7.6667, 0.3333, -2.3333, 0.0, 0.0, 0.0, 0.0, 0.0, 0.0, 0.0, 0.0, 0.0, 0.0, 0.0, 0.0, 0.0, 0.0, 0.0, 0.0, 0.0, 0.0, -0.3333, -2.3333, 1.3333, -7.0, 1.6667, -8.0, 2.6667, -8.0, 3.3333, -8.6667, 4.0, -8.6667, 4.6667, -9.3333, 5.3333, -9.6667, 5.6667, -10.3333, 6.3333, -10.3333, 7.0, -11.0, 7.0, -11.0, 7.3333, -11.0, 7.6667, -11.0, 7.6667, -11.0, 7.0, -11.0, 7.0, -11.0, 6.3333, -11.0, 6.0, -11.0, 6.0, -10.6667, 5.6667, -10.6667, 5.6667, -10.6667, 4.6667, -10.6667, 4.3333, -11.0, 4.3333, -11.0, 4.6667, -12.0, 4.3333, -12.0, 4.6667, -14.0, 15.0, -43.3333, 15.3333, -43.0, 15.0, -42.3333, 14.6667, -40.6667, 14.0, -39.6667, 12.6667, -38.3333, 11.3333, -37.3333, 10.3333, -36.3333, 8.3333, -34.6667, 6.6667, -33.6667, 5.0, -33.0, 4.0, -32.3333, 3.3333, -32.3333, 3.6667, -32.3333, 3.6667, -32.3333, 4.0, -31.6667, 5.0, -31.3333, 5.3333, -32.0, 6.3333, -32.6667, 7.3333, -32.3333, 8.0, -31.3333, 8.3333, -30.6667, 8.6667, -30.3333, 9.0, -30.0, 9.6667, -29.0, 10.3333, -27.6667, 16.0, -26.0, 17.3333, -25.0, 2.3333, -4.6667, 0.6667, -1.6667, -1.0, 0.0, -0.6667, 0.0, -1.0, 0.0, -0.3333, -1.3333, 0.3333, -4.6667, 4.0, -25.0, 6.0, -25.6667, 7.0, -27.3333, 9.0, -29.0, 11.0, -31.3333, 13.0, -32.6667, 14.6667, -33.6667, 16.6667, -34.3333, 18.6667, -35.0, 20.3333, -35.0, 20.6667, -35.0, 21.0, -35.6667, 21.3333, -36.6667, 21.3333, -36.6667, 22.0, -36.3333, 22.6667, -36.6667, 22.6667, -37.0, 22.3333, -37.6667, 22.0, -37.3333, 21.0, -37.3333, 20.6667, -38.6667, 20.0, -38.6667, 19.0, -39.3333, 17.6667, -40.0, 16.3333, -40.3333, 15.6667, -41.6667, 15.6667, -42.3333, 15.6667, -43.3333]",21.608,16.59264,91.760558
162,162,5c:01:3b:6b:b0:95,-38,256,"[86.0, -32.0, 4.0, 0.0, 1.0, -13.0, 1.0, -12.0, 0.3333, -12.0, 0.0, -11.6667, 0.0, -11.6667, 0.0, -11.6667, -1.0, -11.6667, -1.0, -10.6667, -2.0, -10.6667, -2.6667, -10.3333, -3.0, -10.3333, -3.0, -10.3333, -3.0, -10.3333, -3.0, -10.3333, -3.0, -11.0, -2.0, -10.3333, -2.0, -10.3333, -2.0, -10.3333, -1.6667, -10.0, -1.3333, -10.0, -0.3333, -10.0, -0.3333, -9.3333, 0.0, -9.0, 0.0, -8.3333, 0.3333, -8.3333, -0.3333, -2.6667, 0.0, 0.0, 0.0, 0.0, 0.0, 0.0, 0.0, 0.0, 0.0, 0.0, 0.0, 0.0, 0.0, 0.0, 0.0, 0.0, 0.0, 0.0, -0.6667, -2.6667, -0.3333, -8.0, -0.3333, -9.0, 0.6667, -9.0, 1.0, -9.3333, 1.6667, -9.3333, 2.0, -9.6667, 2.3333, -10.3333, 3.0, -10.6667, 3.3333, -10.6667, 4.0, -11.0, 4.0, -11.0, 4.3333, -11.0, 4.3333, -11.0, 4.3333, -11.0, 4.0, -11.0, 4.0, -11.0, 3.6667, -11.0, 3.0, -11.0, 3.0, -11.3333, 2.6667, -11.3333, 2.6667, -11.3333, 1.6667, -11.3333, 1.3333, -12.0, 1.3333, -12.0, 1.3333, -13.0, 1.3333, -13.0, 4.0, -14.6667, 13.0, -45.0, 13.6667, -44.6667, 13.0, -44.3333, 13.0, -42.3333, 12.3333, -41.3333, 10.6667, -40.6667, 9.6667, -39.6667, 8.6667, -38.6667, 6.3333, -37.3333, 4.3333, -36.3333, 2.6667, -36.0, 1.6667, -35.6667, 0.6667, -35.6667, 1.3333, -35.6667, 1.3333, -35.6667, 1.6667, -35.3333, 2.6667, -34.6667, 3.3333, -35.0, 4.3333, -35.3333, 5.0, -34.6667, 6.0, -33.6667, 6.3333, -32.3333, 6.6667, -31.6667, 7.3333, -31.0, 7.6667, -30.3333, 8.6667, -29.3333, 15.3333, -28.0, 16.6667, -27.0, 2.3333, -5.0, 0.6667, -2.0, -1.0, 0.0, -0.6667, 0.0, -1.0, 0.0, -0.3333, -1.6667, 0.3333, -5.3333, 4.0, -28.0, 6.0, -28.3333, 6.0, -29.6667, 8.0, -31.0, 10.3333, -32.6667, 12.3333, -34.0, 14.0, -35.3333, 16.0, -36.0, 18.0, -36.6667, 19.6667, -37.0, 20.3333, -37.0, 20.3333, -38.0, 20.3333, -39.0, 20.3333, -39.0, 21.3333, -38.3333, 21.6667, -38.6667, 21.6667, -39.3333, 21.3333, -40.0, 21.3333, -39.6667, 20.3333, -39.6667, 20.0, -41.3333, 19.0, -41.0, 18.0, -41.6667, 16.3333, -42.3333, 15.0, -42.6667, 14.0, -43.6667, 14.0, -44.3333, 14.3333, -45.3333]",22.538349,17.149878,91.760558
163,163,5c:01:3b:6b:b0:95,-38,256,"[86.0, -32.0, 4.0, 0.0, 4.0, -12.0, 4.0, -11.3333, 3.0, -11.6667, 3.0, -11.6667, 3.0, -11.6667, 3.0, -11.6667, 2.0, -12.0, 2.0, -11.3333, 1.0, -11.6667, 0.0, -11.6667, 0.0, -11.6667, 0.0, -11.6667, 0.0, -11.6667, 0.0, -12.0, 0.0, -12.6667, 1.0, -11.6667, 1.0, -11.6667, 1.0, -11.3333, 1.0, -10.3333, 1.0, -10.3333, 2.0, -10.0, 2.0, -9.0, 2.0, -8.6667, 2.0, -7.6667, 2.0, -7.3333, 0.0, -2.3333, 0.0, 0.0, 0.0, 0.0, 0.0, 0.0, 0.0, 0.0, 0.0, 0.0, 0.0, 0.0, 0.0, 0.0, 0.0, 0.0, 0.0, 0.0, 0.0, -2.6667, 2.0, -8.3333, 2.0, -9.0, 3.0, -9.0, 3.0, -8.6667, 4.0, -8.6667, 4.0, -8.3333, 4.0, -9.0, 5.0, -8.6667, 5.0, -8.6667, 6.0, -8.3333, 6.0, -8.0, 6.0, -8.0, 6.0, -8.0, 6.0, -8.0, 6.0, -8.0, 6.0, -8.3333, 6.0, -8.6667, 5.0, -8.6667, 5.0, -9.6667, 5.0, -9.6667, 5.0, -10.0, 4.0, -10.3333, 4.0, -11.0, 4.0, -11.0, 4.0, -11.6667, 4.0, -11.6667, 6.0, -11.0, 20.0, -33.6667, 21.0, -33.6667, 20.0, -33.6667, 20.0, -32.3333, 19.0, -32.0, 17.0, -32.0, 16.0, -31.6667, 15.0, -31.3333, 12.0, -31.0, 10.0, -31.0, 8.0, -31.3333, 7.0, -31.3333, 6.0, -31.6667, 7.0, -31.6667, 7.0, -31.6667, 7.0, -31.6667, 8.0, -30.6667, 9.0, -30.3333, 10.0, -30.0, 10.0, -28.6667, 11.0, -27.6667, 11.0, -26.0, 11.0, -24.6667, 12.0, -23.6667, 12.0, -22.6667, 13.0, -21.3333, 19.0, -18.0, 20.0, -16.6667, 3.0, -3.3333, 1.0, -1.3333, -1.0, -0.3333, -1.0, 0.0, -1.0, 0.0, 0.0, -1.6667, 1.0, -5.0, 8.0, -24.6667, 10.0, -24.3333, 11.0, -25.0, 13.0, -25.3333, 16.0, -25.3333, 18.0, -25.6667, 20.0, -26.0, 22.0, -25.6667, 24.0, -25.0, 26.0, -24.6667, 27.0, -24.3333, 27.0, -25.0, 27.0, -25.3333, 27.0, -25.3333, 28.0, -24.6667, 28.0, -24.3333, 28.0, -25.0, 28.0, -26.0, 28.0, -26.3333, 27.0, -26.6667, 27.0, -28.3333, 26.0, -28.6667, 25.0, -29.6667, 23.0, -31.0, 22.0, -32.0, 21.0, -32.6667, 21.0, -33.6667, 22.0, -34.3333]",20.071991,14.835957,91.760558
164,164,5c:01:3b:6b:b0:95,-38,256,"[86.0, -32.0, 4.0, 0.0, -1.3333, -4.6667, -1.3333, -4.3333, -1.6667, -5.0, -1.6667, -4.6667, -1.6667, -4.6667, -1.3333, -5.0, -2.0, -5.3333, -1.6667, -5.0, -2.3333, -5.3333, -3.0, -5.0, -3.0, -5.0, -3.0, -5.0, -3.0, -5.0, -3.0, -5.3333, -2.6667, -5.6667, -2.3333, -5.0, -2.3333, -5.0, -2.3333, -5.0, -2.3333, -4.3333, -2.3333, -4.6667, -1.6667, -4.3333, -1.6667, -4.0, -1.3333, -3.6667, -1.3333, -3.0, -1.3333, -3.0, -0.6667, -1.0, 0.0, 0.0, 0.0, 0.0, 0.0, 0.0, 0.0, 0.0, 0.0, 0.0, 0.0, 0.0, 0.0, 0.0, 0.0, 0.0, 0.0, 0.0, -0.6667, -1.3333, -1.0, -3.3333, -1.3333, -3.6667, -0.6667, -3.6667, -1.0, -3.3333, -0.3333, -3.3333, -0.6667, -3.0, -0.6667, -3.6667, -0.3333, -3.3333, -0.3333, -3.3333, 0.3333, -3.0, 0.0, -2.6667, 0.0, -2.6667, 0.0, -2.6667, 0.0, -2.6667, 0.0, -2.6667, 0.0, -3.0, 0.0, -3.3333, -0.3333, -3.3333, -0.3333, -4.0, -0.3333, -3.6667, -0.6667, -4.0, -1.3333, -4.3333, -1.0, -4.3333, -1.0, -4.3333, -1.3333, -4.3333, -1.3333, -4.3333, -0.6667, -3.6667, -1.3333, -10.3333, -0.3333, -10.6667, -0.6667, -10.6667, -0.3333, -10.0, -0.3333, -10.0, -1.3333, -10.0, -1.6667, -10.0, -2.0, -10.0, -3.3333, -9.6667, -4.3333, -9.6667, -5.3333, -9.3333, -6.0, -9.3333, -6.6667, -9.3333, -6.0, -9.3333, -5.6667, -9.3333, -5.6667, -9.3333, -5.3333, -9.0, -4.3333, -9.0, -3.6667, -9.0, -3.6667, -8.6667, -3.0, -8.6667, -2.6667, -8.3333, -2.6667, -8.0, -1.6667, -7.6667, -1.6667, -7.6667, -1.0, -7.0, 2.6667, -6.3333, 3.3333, -5.6667, 0.0, -1.6667, 0.0, -0.6667, -0.6667, -0.6667, -0.6667, -0.3333, -0.6667, -0.3333, -0.3333, -0.6667, -0.6667, -2.0, -1.3333, -7.3333, -0.3333, -7.6667, -1.3333, -8.0, -0.6667, -8.3333, 0.3333, -8.3333, 1.0, -8.6667, 1.6667, -8.6667, 2.3333, -8.6667, 3.3333, -8.3333, 4.3333, -8.0, 4.6667, -8.0, 4.3333, -8.3333, 4.0, -8.3333, 3.6667, -8.3333, 4.3333, -8.3333, 4.3333, -8.0, 4.3333, -8.3333, 4.3333, -8.6667, 4.6667, -8.6667, 4.0, -9.0, 4.3333, -9.6667, 3.6667, -9.3333, 3.0, -9.6667, 1.3333, -10.3333, 1.0, -10.6667, 0.0, -10.3333, -0.3333, -10.6667, 0.0, -10.6667]",6.747391,8.294313,91.760558
165,165,5c:01:3b:6b:b0:95,-42,256,"[86.0, -32.0, 4.0, 0.0, -6.6667, 2.6667, -6.6667, 2.6667, -6.3333, 1.6667, -6.3333, 2.3333, -6.3333, 2.3333, -5.6667, 1.6667, -6.0, 1.3333, -5.3333, 1.3333, -5.6667, 1.0, -6.0, 1.6667, -6.0, 1.6667, -6.0, 1.6667, -6.0, 1.6667, -6.0, 1.3333, -5.3333, 1.3333, -5.6667, 1.6667, -5.6667, 1.6667, -5.6667, 1.3333, -5.6667, 1.6667, -5.6667, 1.0, -5.3333, 1.3333, -5.3333, 1.0, -4.6667, 1.3333, -4.6667, 1.6667, -4.6667, 1.3333, -1.3333, 0.3333, 0.0, 0.0, 0.0, 0.0, 0.0, 0.0, 0.0, 0.0, 0.0, 0.0, 0.0, 0.0, 0.0, 0.0, 0.0, 0.0, 0.0, 0.0, -1.3333, 0.0, -4.0, 1.6667, -4.6667, 1.6667, -4.3333, 1.6667, -5.0, 2.0, -4.6667, 2.0, -5.3333, 2.3333, -5.3333, 1.6667, -5.6667, 2.0, -5.6667, 2.0, -5.3333, 2.3333, -6.0, 2.6667, -6.0, 2.6667, -6.0, 2.6667, -6.0, 2.6667, -6.0, 2.6667, -6.0, 2.3333, -6.0, 2.0, -5.6667, 2.0, -5.6667, 1.6667, -5.6667, 2.3333, -6.3333, 2.0, -6.6667, 1.6667, -6.0, 2.3333, -6.0, 2.3333, -6.6667, 3.0, -6.6667, 3.0, -7.3333, 3.6667, -22.6667, 13.0, -21.6667, 12.3333, -21.3333, 12.3333, -20.6667, 12.3333, -19.6667, 12.0, -19.6667, 12.0, -19.3333, 11.6667, -19.0, 11.3333, -18.6667, 11.6667, -18.6667, 11.6667, -18.6667, 12.6667, -19.0, 12.6667, -19.3333, 13.0, -19.0, 13.0, -18.3333, 13.0, -18.3333, 13.0, -18.6667, 12.6667, -17.6667, 12.3333, -17.3333, 12.0, -17.3333, 11.3333, -17.0, 10.3333, -16.3333, 9.3333, -16.3333, 8.6667, -15.3333, 8.3333, -15.3333, 7.3333, -15.0, 7.3333, -13.6667, 5.3333, -13.3333, 5.3333, -3.0, 0.0, -1.0, 0.0, -0.3333, -1.0, -0.3333, -0.6667, -0.3333, -0.6667, -0.6667, 0.3333, -2.3333, 1.0, -10.6667, 10.0, -10.6667, 9.0, -13.6667, 9.0, -14.3333, 8.6667, -15.3333, 8.6667, -16.0, 8.3333, -16.6667, 8.6667, -17.3333, 8.3333, -17.3333, 8.3333, -17.3333, 8.6667, -17.6667, 8.3333, -18.3333, 8.3333, -19.0, 8.6667, -19.6667, 8.6667, -19.3333, 8.0, -19.3333, 8.3333, -19.3333, 8.3333, -19.3333, 8.6667, -18.6667, 9.0, -19.0, 8.6667, -18.3333, 9.0, -18.6667, 10.0, -19.0, 10.3333, -20.3333, 10.3333, -20.0, 10.6667, -21.0, 12.0, -21.6667, 12.3333, -22.0, 13.0]",12.372317,10.92825,91.760558
166,166,5c:01:3b:6b:b0:95,-39,256,"[86.0, -32.0, 4.0, 0.0, -2.3333, 4.6667, -2.6667, 4.6667, -2.0, 3.6667, -2.3333, 4.3333, -2.6667, 4.3333, -2.3333, 3.3333, -2.3333, 3.0, -2.0, 3.0, -2.3333, 2.6667, -2.3333, 3.3333, -2.6667, 3.0, -2.6667, 3.0, -2.6667, 2.6667, -3.0, 3.0, -2.0, 3.0, -2.6667, 3.0, -2.6667, 3.3333, -2.6667, 2.6667, -2.6667, 3.0, -2.6667, 2.6667, -2.3333, 2.6667, -2.3333, 2.3333, -1.6667, 2.3333, -1.6667, 2.6667, -2.0, 2.3333, -0.6667, 0.3333, 0.0, 0.0, 0.0, 0.0, 0.0, 0.0, 0.0, 0.0, 0.0, 0.0, 0.0, 0.0, 0.0, 0.0, 0.0, 0.0, 0.0, 0.0, -0.6667, 0.3333, -1.3333, 3.0, -1.6667, 3.0, -1.3333, 3.3333, -1.6667, 3.6667, -1.3333, 3.6667, -1.6667, 4.0, -1.3333, 3.6667, -2.0, 4.0, -1.6667, 4.0, -1.3333, 4.3333, -2.0, 4.3333, -1.6667, 4.3333, -2.0, 4.3333, -2.0, 4.3333, -2.0, 4.3333, -2.0, 4.3333, -2.0, 4.0, -1.6667, 4.0, -1.6667, 3.6667, -1.6667, 4.3333, -2.3333, 4.0, -2.3333, 3.6667, -2.0, 4.3333, -1.6667, 4.3333, -2.3333, 5.0, -2.3333, 4.6667, -5.6667, 4.3333, -17.3333, 15.6667, -16.6667, 15.3333, -16.3333, 15.3333, -16.0, 15.0, -15.3333, 14.6667, -15.0, 14.6667, -14.6667, 14.0, -14.3333, 13.6667, -13.6667, 13.6667, -13.3333, 14.0, -13.3333, 14.6667, -13.6667, 14.6667, -14.0, 15.0, -13.6667, 15.0, -13.0, 15.0, -13.0, 15.3333, -13.3333, 14.6667, -13.0, 14.3333, -13.0, 14.0, -13.0, 13.0, -13.0, 12.3333, -12.3333, 11.3333, -12.3333, 10.3333, -11.6667, 10.0, -11.6667, 9.0, -11.6667, 9.0, -11.3333, 6.3333, -11.3333, 6.3333, -2.6667, 0.3333, -1.0, 0.0, -0.3333, -1.0, -0.3333, -0.6667, -0.3333, -0.6667, -0.6667, 0.3333, -1.6667, 1.3333, -6.6667, 11.0, -7.0, 10.3333, -10.0, 11.0, -10.6667, 11.0, -12.0, 11.0, -12.6667, 10.6667, -13.3333, 11.3333, -14.0, 11.0, -14.3333, 11.0, -14.6667, 11.6667, -15.0, 11.3333, -15.3333, 11.3333, -16.0, 11.3333, -16.3333, 11.6667, -16.3333, 11.0, -16.3333, 11.0, -16.3333, 11.0, -16.3333, 11.3333, -16.0, 12.0, -16.0, 11.6667, -15.3333, 12.0, -15.6667, 13.0, -15.3333, 13.3333, -16.3333, 13.6667, -15.6667, 13.6667, -16.3333, 14.6667, -16.6667, 15.3333, -17.3333, 15.6667]",10.8189,10.749879,91.760558
167,167,5c:01:3b:6b:b0:95,-39,256,"[86.0, -32.0, 4.0, 0.0, 7.6667, 1.3333, 7.3333, 1.3333, 7.6667, 0.3333, 7.3333, 0.6667, 7.0, 0.6667, 7.0, -0.3333, 6.6667, -1.0, 6.6667, -1.0, 6.6667, -1.6667, 6.6667, -1.3333, 6.3333, -2.0, 6.3333, -2.0, 6.3333, -2.6667, 6.0, -2.0, 6.6667, -2.0, 6.3333, -2.0, 6.0, -1.3333, 5.6667, -1.6667, 5.3333, -1.0, 5.3333, -0.6667, 5.3333, -0.6667, 5.0, -0.3333, 5.0, -0.3333, 5.0, 0.3333, 4.3333, 0.6667, 0.6667, -0.3333, 0.0, 0.0, 0.0, 0.0, 0.0, 0.0, 0.0, 0.0, 0.0, 0.0, 0.0, 0.0, 0.0, 0.0, 0.0, 0.0, 0.0, 0.0, 1.0, -0.3333, 5.6667, 0.0, 6.0, 0.0, 6.3333, 0.6667, 6.3333, 1.3333, 6.6667, 1.3333, 6.6667, 2.0, 7.3333, 2.3333, 7.0, 3.0, 7.6667, 3.0, 8.3333, 3.6667, 8.0, 3.6667, 8.6667, 3.6667, 8.0, 3.6667, 8.0, 3.6667, 8.0, 3.6667, 8.0, 3.6667, 8.0, 3.0, 7.6667, 3.0, 7.6667, 2.3333, 7.6667, 2.6667, 7.3333, 2.0, 7.3333, 1.3333, 7.3333, 1.6667, 8.0, 1.6667, 8.3333, 2.0, 8.3333, 1.3333, 3.0, 1.6667, 10.3333, 7.3333, 10.3333, 7.6667, 10.0, 7.6667, 10.0, 7.0, 9.6667, 6.3333, 9.6667, 6.3333, 9.6667, 5.0, 9.6667, 4.3333, 9.3333, 3.3333, 9.3333, 3.0, 9.3333, 2.3333, 9.3333, 2.3333, 9.0, 2.0, 9.3333, 2.0, 9.6667, 2.0, 9.6667, 2.6667, 9.3333, 2.3333, 8.6667, 2.6667, 8.3333, 3.0, 8.0, 3.0, 7.6667, 3.6667, 7.3333, 3.6667, 6.6667, 3.6667, 6.6667, 4.0, 6.0, 4.0, 5.6667, 5.0, 7.3333, 5.6667, 7.3333, 6.6667, 0.6667, 0.6667, 0.0, 0.0, -0.6667, -1.0, -0.6667, -0.3333, -0.6667, -0.3333, 0.0, -0.3333, 1.3333, -0.3333, 9.6667, 1.0, 9.6667, 1.6667, 8.3333, 3.0, 8.3333, 4.0, 8.0, 5.0, 8.3333, 5.3333, 8.6667, 6.6667, 9.0, 7.0, 9.3333, 8.0, 9.6667, 9.3333, 10.0, 9.6667, 10.3333, 9.6667, 10.0, 9.6667, 10.3333, 10.3333, 10.3333, 10.0, 10.3333, 10.0, 10.3333, 10.0, 10.3333, 9.6667, 10.0, 10.0, 10.0, 9.3333, 10.3333, 9.0, 9.6667, 9.0, 10.3333, 8.6667, 9.3333, 8.3333, 10.0, 7.3333, 10.0, 7.3333, 10.6667, 7.6667, 10.6667, 7.3333]",8.560102,8.382035,91.760558
168,168,5c:01:3b:6b:b0:95,-42,256,"[86.0, -32.0, 4.0, 0.0, 17.6667, -2.0, 17.3333, -2.0, 17.3333, -3.0, 17.0, -3.0, 16.6667, -3.0, 16.3333, -4.0, 15.6667, -5.0, 15.3333, -5.0, 15.6667, -6.0, 15.6667, -6.0, 15.3333, -7.0, 15.3333, -7.0, 15.3333, -8.0, 15.0, -7.0, 15.3333, -7.0, 15.3333, -7.0, 14.6667, -6.0, 14.0, -6.0, 13.3333, -5.0, 13.3333, -4.0, 13.0, -4.0, 12.3333, -3.0, 11.6667, -3.0, 11.6667, -2.0, 10.6667, -1.0, 2.0, -1.0, 0.0, 0.0, 0.0, 0.0, 0.0, 0.0, 0.0, 0.0, 0.0, 0.0, 0.0, 0.0, 0.0, 0.0, 0.0, 0.0, 0.0, 0.0, 2.6667, -1.0, 12.6667, -3.0, 13.6667, -3.0, 14.0, -2.0, 14.3333, -1.0, 14.6667, -1.0, 15.0, 0.0, 15.6667, 1.0, 15.6667, 2.0, 16.0, 2.0, 17.0, 3.0, 17.0, 3.0, 17.6667, 3.0, 17.0, 3.0, 17.0, 3.0, 17.0, 3.0, 16.6667, 3.0, 17.0, 2.0, 16.3333, 2.0, 16.3333, 1.0, 16.6667, 1.0, 16.6667, 0.0, 17.0, -1.0, 16.6667, -1.0, 17.6667, -1.0, 19.0, -1.0, 19.0, -2.0, 11.6667, -1.0, 38.0, -1.0, 37.3333, 0.0, 36.3333, 0.0, 36.0, -1.0, 34.6667, -2.0, 34.3333, -2.0, 34.0, -4.0, 33.6667, -5.0, 32.3333, -7.0, 32.0, -8.0, 32.0, -10.0, 32.3333, -10.0, 32.0, -11.0, 32.3333, -11.0, 32.3333, -11.0, 32.3333, -10.0, 32.0, -10.0, 30.3333, -9.0, 29.6667, -8.0, 29.0, -7.0, 28.3333, -5.0, 27.0, -4.0, 25.6667, -3.0, 25.0, -2.0, 23.6667, -1.0, 23.0, 1.0, 25.0, 5.0, 24.3333, 7.0, 3.6667, 1.0, 0.6667, 0.0, -1.0, -1.0, -1.0, 0.0, -1.0, 0.0, 0.6667, -1.0, 4.3333, -2.0, 26.0, -9.0, 26.3333, -7.0, 26.6667, -5.0, 27.3333, -3.0, 28.0, -1.0, 29.3333, 0.0, 30.6667, 2.0, 31.6667, 3.0, 32.3333, 5.0, 32.6667, 7.0, 33.3333, 8.0, 34.0, 8.0, 34.3333, 8.0, 35.0, 9.0, 35.0, 9.0, 35.0, 9.0, 35.0, 9.0, 34.6667, 8.0, 34.0, 8.0, 34.3333, 7.0, 34.6667, 6.0, 34.3333, 5.0, 35.3333, 4.0, 35.0, 3.0, 35.6667, 1.0, 36.3333, 0.0, 38.0, 0.0, 38.6667, -1.0]",21.629657,13.206656,91.760558
169,169,5c:01:3b:6b:b0:95,-39,256,"[86.0, -32.0, 4.0, 0.0, 11.3333, -6.0, 11.3333, -5.6667, 11.3333, -6.3333, 11.3333, -6.3333, 11.0, -6.3333, 11.0, -6.6667, 10.3333, -7.3333, 10.0, -7.3333, 10.6667, -7.6667, 10.6667, -7.6667, 10.6667, -8.3333, 10.3333, -8.3333, 10.3333, -9.0, 10.3333, -8.3333, 10.3333, -8.3333, 10.3333, -8.3333, 10.0, -7.6667, 9.3333, -7.6667, 8.6667, -7.0, 9.0, -6.3333, 8.3333, -6.0, 8.0, -5.3333, 7.3333, -5.3333, 7.6667, -4.3333, 7.0, -3.6667, 1.0, -1.6667, 0.0, 0.0, 0.0, 0.0, 0.0, 0.0, 0.0, 0.0, 0.0, 0.0, 0.0, 0.0, 0.0, 0.0, 0.0, 0.0, 0.0, 0.0, 1.6667, -1.6667, 8.3333, -5.0, 9.3333, -5.3333, 9.3333, -4.6667, 9.3333, -4.0, 9.6667, -4.3333, 9.6667, -3.6667, 10.0, -3.3333, 10.3333, -2.6667, 10.3333, -2.6667, 11.0, -2.0, 11.3333, -2.3333, 11.6667, -2.3333, 11.3333, -2.3333, 11.3333, -2.0, 11.3333, -2.0, 11.0, -2.3333, 11.0, -2.6667, 10.6667, -2.6667, 10.6667, -3.3333, 10.6667, -3.6667, 10.6667, -4.3333, 11.0, -5.0, 10.6667, -5.0, 11.3333, -5.0, 12.6667, -5.3333, 12.6667, -6.0, 8.0, -5.6667, 26.0, -16.3333, 25.3333, -15.6667, 24.6667, -15.3333, 24.6667, -15.6667, 24.0, -16.0, 23.6667, -15.6667, 23.3333, -16.6667, 22.6667, -17.3333, 21.6667, -18.3333, 21.0, -18.6667, 21.0, -20.0, 21.3333, -19.6667, 21.0, -20.3333, 21.3333, -20.3333, 21.3333, -20.3333, 21.3333, -19.6667, 21.0, -19.6667, 20.0, -19.0, 19.6667, -18.0, 19.6667, -17.3333, 19.3333, -15.6667, 18.3333, -14.3333, 17.3333, -13.0, 17.0, -12.0, 16.0, -11.0, 15.6667, -9.3333, 19.3333, -6.0, 19.0, -4.6667, 3.0, -1.0, 0.3333, -0.6667, -1.0, -0.6667, -0.6667, 0.0, -1.0, 0.0, 0.3333, -1.3333, 3.0, -3.3333, 18.3333, -16.3333, 19.0, -15.0, 18.0, -14.0, 18.6667, -13.0, 19.3333, -12.0, 20.6667, -12.0, 21.6667, -11.0, 22.6667, -11.0, 23.6667, -10.0, 24.0, -8.6667, 24.6667, -8.3333, 25.3333, -8.3333, 25.6667, -8.3333, 26.3333, -8.0, 26.3333, -8.0, 26.3333, -8.3333, 26.0, -8.3333, 25.3333, -9.0, 24.6667, -8.6667, 25.0, -9.3333, 25.0, -10.3333, 25.0, -11.0, 25.3333, -12.0, 24.6667, -12.6667, 25.0, -14.0, 25.3333, -15.0, 26.6667, -15.3333, 27.3333, -16.3333]",17.206185,11.724343,91.760558
170,170,5c:01:3b:6b:b0:95,-37,256,"[86.0, -32.0, 4.0, 0.0, 4.6667, -10.0, 4.6667, -9.3333, 4.6667, -9.6667, 4.6667, -9.6667, 4.0, -9.6667, 4.0, -9.3333, 3.6667, -9.6667, 3.0, -9.6667, 3.3333, -9.3333, 3.3333, -9.3333, 3.3333, -9.6667, 2.6667, -9.6667, 2.6667, -10.0, 2.6667, -9.6667, 2.6667, -9.6667, 2.6667, -9.6667, 3.0, -9.3333, 2.6667, -9.3333, 2.3333, -9.0, 3.0, -8.6667, 2.6667, -8.0, 3.0, -7.6667, 2.6667, -7.6667, 3.3333, -6.6667, 3.0, -6.3333, 0.0, -2.3333, 0.0, 0.0, 0.0, 0.0, 0.0, 0.0, 0.0, 0.0, 0.0, 0.0, 0.0, 0.0, 0.0, 0.0, 0.0, 0.0, 0.0, 0.0, 0.3333, -2.3333, 2.6667, -7.0, 3.6667, -7.6667, 3.6667, -7.3333, 3.6667, -7.0, 4.3333, -7.6667, 4.3333, -7.3333, 4.3333, -7.6667, 5.0, -7.3333, 4.6667, -7.3333, 5.0, -7.0, 5.6667, -7.6667, 5.6667, -7.6667, 5.6667, -7.6667, 5.6667, -7.0, 5.6667, -7.0, 5.3333, -7.6667, 5.0, -7.3333, 5.0, -7.3333, 5.0, -7.6667, 4.6667, -8.3333, 4.6667, -8.6667, 5.0, -9.0, 4.3333, -9.0, 4.6667, -9.0, 5.3333, -9.6667, 5.3333, -10.0, 4.0, -10.3333, 13.0, -31.6667, 12.6667, -31.3333, 12.3333, -30.6667, 12.3333, -30.3333, 12.0, -30.0, 11.3333, -29.3333, 10.6667, -29.3333, 9.3333, -29.6667, 8.3333, -29.6667, 7.0, -29.3333, 6.0, -30.0, 5.6667, -29.3333, 5.0, -29.6667, 5.6667, -29.6667, 5.6667, -29.6667, 5.6667, -29.3333, 6.0, -29.3333, 6.0, -29.0, 6.3333, -28.0, 7.3333, -27.6667, 7.6667, -26.3333, 7.6667, -24.6667, 7.6667, -23.0, 8.0, -22.0, 8.0, -21.0, 8.3333, -19.6667, 13.6667, -17.0, 13.6667, -16.3333, 2.3333, -3.0, 0.0, -1.3333, -1.0, -0.3333, -0.3333, 0.0, -1.0, 0.0, -0.3333, -1.6667, 1.0, -4.6667, 7.6667, -23.6667, 9.0, -23.0, 7.0, -23.0, 8.3333, -23.0, 9.6667, -23.0, 11.3333, -24.0, 12.3333, -24.0, 13.6667, -25.0, 15.0, -25.0, 15.3333, -24.3333, 16.0, -24.6667, 16.6667, -24.6667, 17.0, -24.6667, 17.6667, -25.0, 17.6667, -25.0, 17.6667, -25.6667, 17.0, -25.6667, 16.0, -26.0, 15.3333, -25.3333, 15.6667, -25.6667, 15.3333, -26.6667, 15.6667, -27.0, 15.3333, -28.0, 14.3333, -28.3333, 14.0, -29.0, 13.6667, -30.0, 14.3333, -30.6667, 14.6667, -31.6667]",17.485877,13.178338,91.760558
171,171,5c:01:3b:6b:b0:95,-39,256,"[86.0, -32.0, 4.0, 0.0, -2.3333, -8.0, -2.3333, -7.6667, -2.6667, -7.6667, -2.6667, -8.0, -3.3333, -8.0, -3.3333, -7.6667, -3.0, -8.0, -3.6667, -8.0, -3.3333, -7.6667, -3.3333, -8.0, -3.3333, -8.3333, -4.0, -8.3333, -4.0, -8.3333, -4.0, -8.3333, -4.0, -8.3333, -4.0, -8.0, -3.3333, -8.0, -3.3333, -7.6667, -3.3333, -7.6667, -3.0, -7.3333, -3.0, -6.6667, -2.0, -6.3333, -2.0, -6.3333, -1.0, -5.3333, -1.0, -5.3333, -1.0, -2.0, 0.0, 0.0, 0.0, 0.0, 0.0, 0.0, 0.0, 0.0, 0.0, 0.0, 0.0, 0.0, 0.0, 0.0, 0.0, 0.0, 0.0, 0.0, -1.0, -2.0, -2.6667, -6.0, -2.3333, -6.3333, -2.3333, -6.0, -2.6667, -5.6667, -1.6667, -6.0, -1.6667, -5.6667, -1.3333, -6.3333, -0.3333, -6.0, 0.0, -5.6667, 0.0, -5.3333, 1.0, -6.0, 1.0, -6.0, 1.0, -6.0, 1.0, -5.3333, 1.0, -5.3333, 1.0, -6.0, 0.0, -5.6667, -0.3333, -5.6667, -0.3333, -6.0, -1.3333, -6.6667, -1.3333, -7.0, -1.3333, -7.0, -2.0, -7.3333, -2.0, -7.3333, -2.0, -8.0, -2.3333, -8.0, -0.3333, -9.3333, -0.6667, -28.6667, -0.6667, -28.3333, -0.6667, -27.6667, -0.6667, -27.3333, -1.0, -26.6667, -1.6667, -26.3333, -2.3333, -26.3333, -4.0, -26.6667, -5.3333, -26.6667, -7.0, -26.6667, -9.0, -27.0, -9.6667, -27.0, -10.3333, -27.0, -9.6667, -27.0, -9.6667, -27.0, -9.6667, -26.6667, -9.0, -26.6667, -8.0, -26.3333, -7.0, -25.3333, -5.0, -25.0, -4.0, -24.0, -3.0, -22.3333, -2.0, -20.6667, -1.0, -20.0, 0.0, -19.0, 1.0, -17.6667, 8.0, -15.0, 9.0, -14.3333, 1.6667, -2.6667, 0.0, -1.3333, -1.0, -0.3333, 0.0, 0.0, -1.0, -0.3333, -1.0, -1.6667, -1.3333, -4.3333, -4.3333, -21.6667, -3.3333, -21.0, -5.3333, -20.6667, -3.3333, -20.6667, -1.3333, -20.6667, 0.6667, -21.3333, 1.6667, -21.3333, 3.6667, -22.3333, 5.3333, -22.3333, 6.3333, -21.6667, 7.3333, -22.0, 8.3333, -21.6667, 8.3333, -21.6667, 9.0, -22.3333, 9.3333, -22.3333, 9.3333, -23.0, 8.6667, -23.0, 7.6667, -23.0, 7.0, -22.6667, 6.6667, -23.0, 5.6667, -23.6667, 5.6667, -24.0, 4.6667, -25.0, 3.0, -25.3333, 2.0, -25.6667, 1.0, -26.6667, 0.6667, -27.6667, 0.6667, -28.3333]",14.603048,11.993493,91.760558
172,172,5c:01:3b:6b:b0:95,-43,256,"[86.0, -32.0, 4.0, 0.0, 3.0, -2.0, 2.6667, -2.3333, 2.0, -2.3333, 2.0, -3.0, 1.3333, -3.0, 1.3333, -3.3333, 1.3333, -4.0, 0.3333, -4.0, 0.6667, -4.3333, 0.3333, -5.0, 0.3333, -5.6667, 0.0, -5.6667, -0.3333, -5.6667, -0.6667, -5.6667, -0.6667, -5.6667, -0.3333, -5.0, 0.0, -5.0, 0.0, -4.3333, 0.3333, -4.3333, 0.3333, -3.6667, 0.6667, -3.3333, 1.6667, -2.6667, 1.6667, -2.6667, 2.3333, -1.6667, 2.3333, -1.6667, 0.0, -1.0, 0.0, 0.0, 0.0, 0.0, 0.0, 0.0, 0.0, 0.0, 0.0, 0.0, 0.0, 0.0, 0.0, 0.0, 0.0, 0.0, 0.0, 0.0, 0.0, -1.0, 1.0, -3.0, 1.3333, -2.6667, 1.6667, -2.0, 1.6667, -1.3333, 2.6667, -1.0, 3.0, -0.3333, 3.6667, -0.6667, 4.6667, 0.0, 5.3333, 0.6667, 5.6667, 1.3333, 6.6667, 1.0, 6.6667, 1.0, 6.6667, 1.0, 6.6667, 1.3333, 6.3333, 1.3333, 6.0, 1.0, 5.3333, 0.6667, 4.6667, 0.6667, 4.6667, 0.0, 4.0, -0.3333, 4.0, -1.0, 4.0, -1.0, 3.6667, -1.6667, 3.6667, -1.6667, 3.6667, -2.0, 3.3333, -2.0, 1.6667, -3.6667, 6.3333, -10.3333, 6.3333, -9.6667, 6.3333, -9.3333, 6.0, -9.6667, 5.0, -9.3333, 4.3333, -9.6667, 3.6667, -10.6667, 2.0, -11.3333, 0.3333, -12.3333, -1.3333, -13.3333, -3.0, -14.0, -4.0, -15.0, -4.3333, -15.0, -4.0, -15.0, -4.0, -15.0, -4.0, -14.3333, -3.3333, -14.3333, -2.3333, -13.6667, -1.3333, -12.6667, 0.3333, -12.0, 1.0, -11.0, 2.0, -9.6667, 2.6667, -8.3333, 3.6667, -8.0, 4.3333, -7.0, 5.3333, -5.3333, 9.6667, -2.0, 10.6667, -0.6667, 1.6667, -0.3333, 0.0, -0.6667, -1.0, -0.6667, 0.0, 0.0, -1.0, -0.6667, -1.0, -1.3333, -1.3333, -2.6667, -3.6667, -12.3333, -2.6667, -11.0, -0.6667, -9.3333, 1.6667, -8.3333, 3.6667, -7.3333, 5.6667, -6.6667, 7.0, -5.6667, 9.3333, -5.6667, 11.0, -4.6667, 12.3333, -3.3333, 13.3333, -3.0, 14.0, -2.3333, 14.3333, -2.3333, 14.6667, -2.6667, 15.0, -2.6667, 15.0, -3.0, 14.6667, -3.0, 14.0, -3.0, 13.3333, -3.3333, 12.6667, -4.0, 12.0, -4.3333, 11.6667, -5.0, 11.0, -6.0, 9.6667, -6.6667, 8.3333, -7.3333, 7.6667, -8.3333, 7.3333, -9.3333, 7.0, -9.6667]",7.92254,8.840594,91.760558
173,173,5c:01:3b:6b:b0:95,-39,256,"[86.0, -32.0, 4.0, 0.0, 2.0, 6.3333, 1.6667, 5.3333, 1.0, 5.3333, 1.3333, 5.0, 1.0, 5.0, 1.0, 4.3333, 1.3333, 4.0, 0.6667, 3.6667, 1.3333, 3.0, 1.0, 2.3333, 1.0, 1.6667, 1.0, 1.6667, 0.6667, 1.6667, 0.3333, 1.6667, 0.3333, 1.6667, 0.6667, 2.3333, 0.6667, 2.3333, 0.6667, 3.0, 1.0, 3.0, 0.3333, 3.3333, 0.6667, 3.0, 1.3333, 3.3333, 1.3333, 3.0, 1.3333, 3.3333, 1.3333, 3.3333, 0.0, 0.3333, 0.0, 0.0, 0.0, 0.0, 0.0, 0.0, 0.0, 0.0, 0.0, 0.0, 0.0, 0.0, 0.0, 0.0, 0.0, 0.0, 0.0, 0.0, 0.0, 0.6667, 1.3333, 3.0, 1.0, 3.6667, 1.3333, 4.0, 1.0, 4.6667, 1.6667, 5.3333, 1.6667, 5.6667, 2.3333, 5.6667, 2.6667, 6.0, 3.3333, 6.6667, 3.6667, 7.0, 4.0, 7.0, 4.0, 7.0, 4.0, 7.0, 4.0, 7.0, 3.6667, 7.0, 3.3333, 7.0, 3.3333, 6.6667, 2.6667, 6.6667, 2.6667, 6.3333, 2.3333, 6.6667, 2.3333, 6.0, 2.6667, 6.3333, 2.6667, 5.6667, 2.6667, 5.6667, 2.6667, 6.0, 2.3333, 6.0, -0.6667, 3.6667, -1.0, 13.3333, -1.0, 13.6667, -1.0, 13.6667, -1.0, 13.0, -1.6667, 13.0, -1.6667, 12.3333, -1.6667, 11.0, -2.0, 10.3333, -2.6667, 9.3333, -3.0, 8.3333, -3.3333, 8.3333, -3.6667, 7.3333, -3.6667, 7.3333, -3.6667, 7.3333, -3.6667, 7.3333, -3.6667, 8.0, -3.6667, 7.6667, -3.3333, 8.0, -3.0, 8.3333, -2.3333, 8.3333, -2.3333, 8.3333, -1.6667, 8.3333, -1.3333, 8.3333, -0.6667, 8.3333, -0.6667, 8.3333, -0.3333, 9.0, 0.0, 11.6667, 0.3333, 12.3333, -0.3333, 1.6667, -0.6667, 0.0, -0.6667, -1.0, 0.0, -0.3333, -0.6667, -1.0, -1.0, -0.3333, -1.6667, 0.6667, -5.0, 6.3333, -5.3333, 7.3333, -2.6667, 8.0, -1.6667, 9.0, -1.3333, 10.0, -0.6667, 11.0, -0.6667, 12.0, 0.3333, 12.3333, 0.6667, 13.3333, 1.0, 14.3333, 1.3333, 15.0, 1.6667, 15.6667, 2.0, 15.6667, 2.0, 15.6667, 2.3333, 15.6667, 2.0, 15.6667, 2.0, 15.6667, 1.3333, 15.6667, 1.3333, 15.0, 1.0, 14.6667, 1.0, 15.0, 0.6667, 14.6667, 0.6667, 14.3333, 0.3333, 14.3333, 0.0, 14.0, 0.0, 14.0, -0.3333, 13.6667, -0.6667, 13.6667]",7.994377,8.815263,91.760558
174,174,5c:01:3b:6b:b0:95,-41,256,"[86.0, -32.0, 4.0, 0.0, 1.0, -3.0, 0.6667, -3.6667, 0.3333, -3.3333, 0.6667, -3.3333, 0.3333, -3.3333, 0.0, -3.3333, 0.0, -3.0, -1.0, -3.3333, -1.0, -3.3333, -1.3333, -3.6667, -1.3333, -3.6667, -1.3333, -3.6667, -2.0, -3.6667, -2.3333, -3.6667, -2.0, -4.0, -1.6667, -3.3333, -1.6667, -3.3333, -1.3333, -3.0, -1.0, -3.0, -1.0, -2.6667, -0.3333, -3.0, 0.6667, -2.6667, 0.6667, -3.0, 0.3333, -3.0, 0.6667, -2.6667, 0.0, -1.0, 0.0, 0.0, 0.0, 0.0, 0.0, 0.0, 0.0, 0.0, 0.0, 0.0, 0.0, 0.0, 0.0, 0.0, 0.0, 0.0, 0.0, 0.0, -0.3333, -0.6667, -0.3333, -2.3333, 0.0, -2.3333, 0.3333, -2.6667, 0.6667, -2.6667, 1.0, -2.3333, 1.3333, -2.3333, 1.6667, -2.3333, 2.0, -2.3333, 2.6667, -2.0, 3.0, -2.0, 3.0, -2.0, 3.3333, -1.6667, 3.3333, -1.6667, 3.3333, -1.6667, 3.0, -2.0, 2.3333, -2.3333, 2.6667, -2.3333, 2.0, -2.3333, 2.0, -2.6667, 2.0, -2.3333, 1.6667, -3.0, 2.0, -3.0, 1.6667, -3.3333, 1.6667, -3.3333, 1.6667, -3.3333, 1.3333, -3.6667, -1.6667, -2.0, -4.0, -5.0, -4.0, -4.6667, -4.0, -4.3333, -4.0, -4.3333, -4.3333, -4.0, -4.6667, -4.0, -4.6667, -4.3333, -5.0, -4.6667, -5.3333, -4.3333, -6.0, -4.3333, -6.0, -3.6667, -6.6667, -4.0, -6.6667, -4.0, -6.6667, -4.0, -6.6667, -4.0, -6.3333, -3.6667, -6.0, -4.0, -5.6667, -4.0, -5.3333, -3.6667, -5.0, -4.0, -4.6667, -4.0, -4.0, -4.0, -3.6667, -4.0, -3.0, -3.6667, -2.6667, -3.6667, -2.3333, -3.3333, -2.6667, -1.6667, -2.0, -1.3333, -0.6667, -0.6667, -0.6667, -0.6667, -0.6667, -0.6667, 0.0, -0.3333, -0.3333, -0.6667, -1.0, -0.6667, -2.0, -0.6667, -7.6667, -1.3333, -7.3333, -1.6667, -4.3333, -3.0, -3.3333, -3.0, -3.3333, -3.3333, -2.6667, -3.6667, -2.6667, -3.6667, -2.0, -3.6667, -1.6667, -3.6667, -1.3333, -3.3333, -1.0, -3.0, -0.6667, -2.6667, -0.3333, -3.0, -0.3333, -3.0, -0.3333, -3.0, -0.6667, -3.0, -0.6667, -3.0, -1.0, -3.3333, -1.0, -3.6667, -1.3333, -3.6667, -1.3333, -3.6667, -2.0, -4.0, -2.0, -4.3333, -2.3333, -4.3333, -3.0, -4.3333, -3.0, -4.3333, -3.0, -4.6667, -3.6667, -5.0]",4.488052,7.985757,91.760558
175,175,5c:01:3b:6b:b0:95,-42,256,"[86.0, -32.0, 4.0, 0.0, -5.6667, -0.6667, -5.6667, -1.3333, -5.6667, -1.0, -5.3333, -0.3333, -5.3333, -0.3333, -6.0, 0.0, -5.6667, 1.0, -6.3333, 0.6667, -6.6667, 1.0, -6.6667, 1.0, -6.6667, 1.6667, -6.6667, 1.6667, -7.3333, 1.6667, -7.3333, 1.6667, -6.6667, 1.3333, -6.6667, 1.6667, -6.6667, 1.3333, -6.0, 1.3333, -6.0, 1.0, -5.6667, 0.6667, -5.0, 0.0, -3.6667, -0.3333, -3.6667, -1.0, -4.0, -1.6667, -3.3333, -1.3333, -1.0, -0.6667, 0.0, 0.0, 0.0, 0.0, 0.0, 0.0, 0.0, 0.0, 0.0, 0.0, 0.0, 0.0, 0.0, 0.0, 0.0, 0.0, 0.0, 0.0, -1.6667, 0.0, -5.3333, 0.6667, -5.0, 0.3333, -5.0, -0.6667, -4.6667, -1.0, -4.6667, -1.0, -4.3333, -1.6667, -4.3333, -1.6667, -4.6667, -2.3333, -4.6667, -2.3333, -4.6667, -3.0, -5.3333, -3.0, -5.0, -2.6667, -5.0, -2.6667, -5.0, -2.6667, -5.0, -3.0, -5.3333, -3.3333, -4.6667, -2.6667, -4.6667, -2.6667, -4.6667, -2.3333, -4.6667, -1.6667, -5.0, -2.0, -4.3333, -1.6667, -5.0, -1.6667, -5.0, -1.6667, -5.0, -1.3333, -5.6667, -1.6667, -5.0, -0.3333, -14.6667, 0.3333, -14.6667, 0.0, -14.6667, 0.3333, -14.3333, 0.6667, -14.0, 1.0, -14.3333, 1.3333, -14.0, 1.6667, -14.0, 1.6667, -14.0, 3.0, -14.6667, 4.0, -14.6667, 5.6667, -15.0, 6.3333, -15.0, 6.3333, -15.0, 6.3333, -15.0, 6.3333, -14.3333, 6.3333, -14.0, 5.6667, -13.6667, 5.0, -13.3333, 4.6667, -13.0, 3.3333, -12.0, 2.3333, -11.3333, 1.3333, -10.6667, 0.3333, -10.0, 0.6667, -9.0, -0.3333, -9.3333, -1.3333, -10.6667, -1.0, -11.0, -2.0, -2.3333, -1.0, -1.0, -0.6667, -0.3333, -0.6667, 0.0, -0.6667, 0.0, -0.6667, -1.0, 0.0, -2.6667, 1.0, -12.3333, 8.0, -12.3333, 6.6667, -12.0, 3.0, -11.3333, 2.0, -11.6667, 0.6667, -11.0, -0.6667, -11.6667, -1.6667, -12.6667, -2.3333, -13.6667, -3.3333, -14.3333, -4.0, -14.6667, -4.0, -14.3333, -4.0, -14.3333, -4.3333, -14.6667, -4.3333, -14.6667, -4.3333, -15.0, -4.3333, -15.0, -4.3333, -15.3333, -4.6667, -14.6667, -4.6667, -14.3333, -4.0, -14.3333, -3.6667, -14.6667, -3.3333, -14.3333, -3.0, -13.6667, -2.0, -13.3333, -1.3333, -13.6667, -0.3333, -13.6667, 0.0, -14.3333, -0.3333]",9.194336,8.970522,91.760558
176,176,5c:01:3b:6b:b0:95,-39,256,"[86.0, -32.0, 4.0, 0.0, -6.0, -2.3333, -6.0, -2.6667, -6.0, -2.0, -6.0, -1.6667, -6.0, -1.3333, -7.0, -1.0, -7.0, -0.3333, -8.0, 0.0, -9.0, 0.3333, -9.0, 0.3333, -9.0, 1.3333, -9.0, 1.3333, -10.0, 1.3333, -10.0, 1.3333, -9.0, 1.3333, -9.0, 1.3333, -9.0, 1.0, -8.0, 0.6667, -8.0, 0.0, -7.0, 0.0, -6.0, -0.6667, -4.0, -1.0, -4.0, -1.6667, -4.0, -2.3333, -3.0, -2.0, -1.0, -1.0, 0.0, 0.0, 0.0, 0.0, 0.0, 0.0, 0.0, 0.0, 0.0, 0.0, 0.0, 0.0, 0.0, 0.0, 0.0, 0.0, 0.0, 0.0, -2.0, -0.3333, -7.0, -0.3333, -6.0, -1.0, -6.0, -1.6667, -5.0, -2.3333, -5.0, -2.6667, -4.0, -3.0, -4.0, -3.0, -4.3333, -3.6667, -4.6667, -4.0, -4.6667, -4.3333, -5.3333, -4.6667, -5.0, -4.3333, -5.0, -4.3333, -5.0, -4.3333, -5.0, -4.6667, -5.3333, -4.6667, -4.6667, -4.0, -4.3333, -4.0, -4.3333, -3.6667, -4.3333, -3.0, -4.6667, -3.3333, -4.0, -3.0, -5.0, -3.0, -5.0, -3.0, -5.0, -2.6667, -6.0, -3.0, -4.0, -1.6667, -11.0, -4.0, -11.0, -4.3333, -11.0, -4.0, -11.0, -3.3333, -11.0, -3.0, -12.0, -2.6667, -12.0, -2.0, -13.0, -1.6667, -14.0, -0.3333, -16.0, 0.6667, -17.0, 2.0, -18.0, 2.6667, -18.0, 3.0, -18.0, 3.0, -18.0, 3.3333, -17.0, 3.3333, -16.0, 2.6667, -15.0, 2.0, -14.0, 1.6667, -13.0, 0.3333, -11.0, -0.6667, -10.0, -1.3333, -9.0, -2.3333, -8.0, -2.3333, -6.0, -3.3333, -6.3333, -4.0, -7.3333, -5.0, -8.0, -6.0, -2.0, -1.6667, -0.6667, -1.0, -0.3333, -0.6667, 0.0, -0.6667, 0.0, -0.6667, -1.0, -0.3333, -3.0, 0.3333, -15.0, 4.0, -14.0, 2.3333, -13.0, -0.3333, -11.0, -1.3333, -10.0, -3.0, -8.0, -4.3333, -7.6667, -5.3333, -8.6667, -6.0, -9.6667, -7.0, -10.0, -8.0, -10.3333, -8.3333, -10.0, -8.6667, -10.0, -9.0, -10.6667, -9.3333, -10.6667, -9.3333, -10.6667, -9.3333, -10.6667, -9.0, -10.6667, -9.0, -10.0, -8.6667, -9.6667, -8.0, -10.0, -7.6667, -10.3333, -7.3333, -10.0, -7.0, -9.0, -6.3333, -9.0, -5.6667, -10.0, -5.0, -10.0, -4.6667, -11.0, -5.0]",9.10248,8.702444,91.760558
177,177,5c:01:3b:6b:b0:95,-42,256,"[86.0, -32.0, 4.0, 0.0, -10.6667, 10.6667, -10.3333, 10.3333, -10.3333, 10.3333, -10.0, 10.6667, -10.0, 11.0, -10.3333, 11.0, -10.0, 11.3333, -10.3333, 12.0, -11.0, 12.0, -11.0, 12.0, -10.6667, 12.6667, -10.6667, 12.6667, -11.3333, 13.0, -11.0, 13.0, -10.3333, 13.3333, -10.6667, 13.0, -10.6667, 12.3333, -10.0, 11.6667, -9.6667, 10.6667, -9.3333, 10.0, -8.6667, 9.0, -7.3333, 8.3333, -7.3333, 7.3333, -7.0, 6.3333, -6.3333, 6.0, -2.0, 1.0, 0.0, 0.0, 0.0, 0.0, 0.0, 0.0, 0.0, 0.0, 0.0, 0.0, 0.0, 0.0, 0.0, 0.0, 0.0, 0.0, 0.0, 0.0, -2.3333, 2.0, -8.6667, 8.6667, -8.3333, 8.3333, -8.6667, 8.0, -8.3333, 7.6667, -8.6667, 7.3333, -8.3333, 7.0, -8.6667, 6.6667, -9.6667, 6.0, -10.3333, 5.6667, -10.6667, 5.0, -11.3333, 4.6667, -11.6667, 4.6667, -11.6667, 4.6667, -11.3333, 4.6667, -11.3333, 4.6667, -11.3333, 5.3333, -10.6667, 6.0, -9.6667, 6.0, -9.6667, 7.0, -9.6667, 8.0, -9.6667, 8.0, -9.3333, 9.0, -9.6667, 9.0, -9.6667, 9.3333, -10.0, 10.0, -10.6667, 10.0, -7.0, 5.6667, -20.6667, 20.3333, -20.3333, 19.6667, -20.0, 19.3333, -19.6667, 19.6667, -19.3333, 19.3333, -19.6667, 19.3333, -19.3333, 20.0, -19.6667, 20.3333, -19.6667, 21.3333, -20.3333, 22.3333, -20.6667, 24.0, -21.0, 24.6667, -21.3333, 25.3333, -21.3333, 25.3333, -21.0, 25.3333, -20.3333, 25.3333, -19.6667, 24.3333, -19.0, 23.3333, -18.3333, 22.3333, -17.6667, 20.3333, -16.6667, 18.3333, -15.6667, 17.0, -15.0, 15.3333, -14.0, 14.6667, -12.6667, 12.6667, -13.0, 11.0, -15.3333, 8.6667, -16.6667, 6.6667, -3.6667, 0.3333, -1.3333, -0.3333, 0.0, -1.0, 0.0, -1.0, 0.0, -1.0, -1.0, 0.6667, -3.3333, 3.3333, -17.0, 20.3333, -16.6667, 19.0, -16.6667, 17.0, -16.0, 16.0, -16.0, 15.0, -15.3333, 14.0, -16.0, 13.0, -17.6667, 12.3333, -19.6667, 11.3333, -20.6667, 10.0, -21.6667, 9.3333, -22.0, 9.0, -22.0, 9.3333, -23.0, 9.0, -23.0, 9.0, -23.3333, 9.0, -23.0, 9.3333, -23.0, 9.6667, -22.0, 10.0, -21.3333, 11.0, -21.3333, 12.0, -21.3333, 13.0, -21.0, 14.0, -19.3333, 15.3333, -18.3333, 16.6667, -19.0, 18.0, -19.3333, 19.0, -20.3333, 19.3333]",17.516585,11.288628,91.760558
178,178,5c:01:3b:6b:b0:95,-42,256,"[86.0, -32.0, 4.0, 0.0, -15.3333, 9.0, -14.6667, 9.0, -14.6667, 9.3333, -14.0, 9.3333, -14.0, 10.0, -13.6667, 10.0, -13.0, 10.0, -12.6667, 11.0, -13.0, 11.0, -13.0, 11.0, -12.3333, 11.6667, -12.3333, 11.6667, -12.6667, 12.0, -12.0, 12.0, -11.6667, 12.6667, -12.3333, 12.0, -12.3333, 11.6667, -12.0, 10.6667, -11.3333, 9.6667, -11.6667, 9.3333, -11.3333, 8.3333, -10.6667, 7.6667, -10.6667, 6.6667, -10.0, 5.6667, -9.6667, 5.3333, -3.0, 0.6667, 0.0, 0.0, 0.0, 0.0, 0.0, 0.0, 0.0, 0.0, 0.0, 0.0, 0.0, 0.0, 0.0, 0.0, 0.0, 0.0, 0.0, 0.0, -2.6667, 1.6667, -10.3333, 7.6667, -10.6667, 7.0, -11.3333, 7.0, -11.6667, 6.3333, -12.3333, 5.6667, -12.6667, 5.6667, -13.3333, 5.3333, -14.3333, 4.6667, -14.6667, 4.0, -15.3333, 3.6667, -15.6667, 3.0, -16.3333, 3.0, -16.3333, 3.0, -15.6667, 3.0, -15.6667, 3.0, -15.6667, 4.0, -15.3333, 4.6667, -14.3333, 4.6667, -14.3333, 5.6667, -14.3333, 6.6667, -14.3333, 6.6667, -14.6667, 7.6667, -14.3333, 7.6667, -14.3333, 8.0, -15.0, 8.6667, -15.3333, 8.6667, -10.0, 4.3333, -30.3333, 16.0, -29.6667, 15.3333, -29.0, 15.0, -28.3333, 15.6667, -27.6667, 15.3333, -27.3333, 15.3333, -26.6667, 16.3333, -26.3333, 17.0, -25.3333, 18.0, -24.6667, 19.0, -24.3333, 20.3333, -24.0, 21.0, -24.6667, 22.0, -24.6667, 22.0, -24.0, 22.3333, -23.6667, 22.3333, -23.3333, 21.3333, -23.0, 20.3333, -22.6667, 19.3333, -22.3333, 17.3333, -22.3333, 15.3333, -21.3333, 14.3333, -21.0, 12.6667, -20.0, 11.6667, -19.3333, 9.6667, -19.0, 8.3333, -20.6667, 4.6667, -21.3333, 3.6667, -4.3333, 0.0, -1.6667, -0.3333, 0.0, -1.0, 0.0, -1.0, 0.0, -1.0, -1.0, 0.3333, -3.6667, 2.6667, -19.0, 16.3333, -19.3333, 14.6667, -20.3333, 13.6667, -21.0, 12.6667, -22.0, 11.3333, -22.6667, 10.3333, -24.0, 9.3333, -25.3333, 8.6667, -27.3333, 7.6667, -28.3333, 6.0, -29.3333, 5.0, -30.0, 4.3333, -30.0, 4.6667, -31.0, 4.0, -31.0, 4.0, -31.6667, 4.0, -31.0, 4.6667, -31.0, 5.3333, -30.0, 6.0, -29.6667, 7.0, -29.6667, 8.0, -29.6667, 9.0, -30.0, 10.0, -28.6667, 11.0, -27.6667, 12.3333, -28.0, 13.3333, -28.6667, 14.3333, -29.6667, 14.6667]",20.034117,12.035774,91.760558
179,179,5c:01:3b:6b:b0:95,-39,256,"[86.0, -32.0, 4.0, 0.0, -7.6667, 2.6667, -7.3333, 2.6667, -7.3333, 2.6667, -7.0, 2.6667, -7.0, 3.0, -6.6667, 3.0, -6.3333, 3.0, -6.0, 3.6667, -6.3333, 3.3333, -6.3333, 3.0, -5.6667, 3.3333, -6.0, 3.3333, -6.0, 3.6667, -5.3333, 3.6667, -5.0, 4.0, -5.6667, 4.0, -5.6667, 3.6667, -5.6667, 3.3333, -5.0, 3.0, -5.6667, 3.0, -5.3333, 2.6667, -5.3333, 2.3333, -5.3333, 2.0, -5.0, 1.6667, -5.0, 1.3333, -1.6667, 0.0, 0.0, 0.0, 0.0, 0.0, 0.0, 0.0, 0.0, 0.0, 0.0, 0.0, 0.0, 0.0, 0.0, 0.0, 0.0, 0.0, 0.0, 0.0, -1.3333, 0.3333, -5.3333, 2.0, -5.6667, 1.6667, -6.0, 1.6667, -6.3333, 1.3333, -6.6667, 1.3333, -6.6667, 1.3333, -7.0, 1.3333, -7.6667, 1.0, -7.3333, 1.0, -8.0, 0.6667, -7.6667, 0.0, -8.3333, 0.3333, -8.3333, 0.3333, -7.6667, 0.3333, -7.6667, 0.3333, -7.6667, 1.0, -7.6667, 1.3333, -7.3333, 1.0, -7.0, 1.3333, -7.0, 2.0, -7.0, 2.0, -8.0, 2.3333, -7.3333, 2.3333, -7.3333, 2.3333, -7.6667, 2.3333, -7.6667, 2.3333, -5.3333, 2.0, -15.0, 7.3333, -14.3333, 7.0, -14.0, 6.6667, -13.6667, 7.0, -13.3333, 6.6667, -13.0, 6.6667, -12.6667, 7.3333, -12.3333, 7.3333, -11.6667, 7.3333, -11.0, 7.6667, -10.6667, 8.0, -10.3333, 8.3333, -11.0, 8.6667, -11.0, 9.0, -10.3333, 9.0, -10.3333, 9.3333, -10.0, 8.6667, -10.0, 8.3333, -9.6667, 8.3333, -9.6667, 7.6667, -10.3333, 6.6667, -10.0, 6.3333, -10.0, 5.6667, -9.3333, 5.3333, -9.3333, 4.3333, -8.6667, 4.0, -8.6667, 4.3333, -8.3333, 4.6667, -2.0, 0.3333, -1.0, 0.0, -0.3333, -1.0, -0.3333, -0.6667, -0.3333, -0.6667, -0.6667, 0.0, -2.0, 1.0, -9.0, 7.3333, -9.0, 7.0, -10.0, 5.3333, -10.6667, 5.0, -11.0, 4.6667, -11.6667, 4.3333, -12.3333, 4.0, -12.3333, 4.0, -13.0, 4.0, -13.3333, 3.3333, -13.6667, 2.6667, -14.0, 2.3333, -14.0, 2.6667, -14.3333, 2.3333, -14.3333, 2.3333, -14.6667, 2.6667, -14.0, 3.0, -14.0, 3.0, -13.6667, 3.3333, -14.0, 4.0, -14.0, 4.3333, -13.6667, 4.6667, -14.6667, 5.0, -14.0, 5.3333, -13.6667, 5.6667, -13.6667, 5.6667, -14.0, 6.0, -14.6667, 6.0]",9.604701,8.668152,91.760558
180,180,5c:01:3b:6b:b0:95,-38,256,"[86.0, -32.0, 4.0, 0.0, 4.6667, -6.6667, 4.3333, -6.6667, 4.3333, -6.3333, 4.0, -6.3333, 4.0, -6.0, 3.6667, -6.0, 3.3333, -6.0, 3.0, -5.6667, 2.3333, -6.3333, 2.3333, -7.0, 2.6667, -6.6667, 2.0, -6.6667, 2.0, -6.6667, 2.3333, -6.6667, 3.0, -6.3333, 2.6667, -6.0, 2.6667, -6.0, 2.6667, -5.6667, 3.0, -5.3333, 2.6667, -4.6667, 3.3333, -4.3333, 3.3333, -4.6667, 3.3333, -4.3333, 3.0, -4.0, 3.0, -4.0, 0.6667, -1.3333, 0.0, 0.0, 0.0, 0.0, 0.0, 0.0, 0.0, 0.0, 0.0, 0.0, 0.0, 0.0, 0.0, 0.0, 0.0, 0.0, 0.0, 0.0, 0.3333, -1.6667, 1.3333, -5.3333, 1.6667, -5.6667, 2.0, -5.6667, 2.3333, -6.0, 2.6667, -5.6667, 3.6667, -5.6667, 4.0, -5.0, 3.6667, -5.3333, 4.3333, -5.0, 4.0, -5.0, 4.6667, -6.0, 4.3333, -5.3333, 4.3333, -5.3333, 4.6667, -5.3333, 4.6667, -5.3333, 4.6667, -5.0, 4.6667, -4.6667, 4.3333, -5.3333, 5.0, -5.6667, 5.0, -5.3333, 5.0, -5.3333, 4.0, -5.6667, 4.3333, -5.6667, 4.3333, -6.3333, 4.6667, -6.6667, 4.6667, -6.6667, 2.3333, -1.6667, 10.0, -6.3333, 10.3333, -6.6667, 10.0, -6.6667, 9.6667, -6.3333, 9.3333, -6.3333, 9.0, -6.3333, 8.6667, -6.0, 8.3333, -6.3333, 7.6667, -7.3333, 7.0, -7.6667, 6.6667, -8.6667, 6.3333, -8.3333, 6.0, -8.6667, 6.0, -8.0, 6.3333, -7.6667, 6.3333, -7.0, 7.0, -7.3333, 7.0, -7.0, 7.6667, -6.0, 7.6667, -5.3333, 7.3333, -5.3333, 7.0, -5.0, 7.0, -5.0, 7.3333, -4.6667, 7.3333, -4.6667, 7.6667, -3.6667, 8.6667, 0.3333, 9.3333, 2.0, 1.0, 0.0, 0.0, 0.0, -0.6667, -1.0, -0.6667, -0.3333, -0.6667, -0.3333, -0.3333, -0.6667, 0.3333, -1.3333, 3.3333, -5.0, 4.0, -4.3333, 4.0, -6.6667, 4.6667, -6.3333, 6.0, -6.3333, 6.6667, -6.0, 7.3333, -5.6667, 8.3333, -5.3333, 9.0, -4.3333, 9.3333, -4.3333, 9.6667, -4.6667, 10.0, -5.0, 10.0, -5.0, 10.3333, -5.3333, 10.3333, -5.3333, 10.6667, -4.6667, 11.0, -4.3333, 11.0, -4.6667, 10.6667, -4.3333, 10.0, -4.0, 10.0, -4.3333, 10.6667, -4.6667, 9.6667, -5.0, 10.0, -5.3333, 9.6667, -6.3333, 9.6667, -7.3333, 10.0, -7.6667, 9.6667, -8.3333]",8.026505,8.196515,91.760558
181,181,5c:01:3b:6b:b0:95,-43,256,"[86.0, -32.0, 4.0, 0.0, 13.0, -13.0, 12.3333, -13.0, 12.3333, -12.6667, 11.6667, -12.6667, 11.6667, -12.3333, 11.0, -12.3333, 10.3333, -12.3333, 9.6667, -12.0, 9.3333, -12.6667, 9.3333, -13.3333, 9.3333, -13.0, 8.6667, -13.0, 8.6667, -13.0, 8.6667, -13.0, 9.3333, -13.0, 9.3333, -12.3333, 9.3333, -12.3333, 9.0, -11.6667, 9.0, -11.0, 8.6667, -10.3333, 9.3333, -9.6667, 9.0, -9.6667, 9.0, -9.0, 8.0, -8.3333, 8.0, -8.0, 2.0, -2.0, 0.0, 0.0, 0.0, 0.0, 0.0, 0.0, 0.0, 0.0, 0.0, 0.0, 0.0, 0.0, 0.0, 0.0, 0.0, 0.0, 0.0, 0.0, 1.6667, -2.6667, 7.0, -10.0, 7.6667, -10.3333, 8.0, -10.6667, 8.6667, -10.6667, 9.3333, -10.0, 10.6667, -10.3333, 11.0, -9.6667, 11.0, -10.0, 11.6667, -9.3333, 11.3333, -9.3333, 12.0, -10.3333, 12.0, -9.6667, 12.0, -9.3333, 12.0, -9.3333, 12.0, -9.3333, 12.0, -9.3333, 12.3333, -9.3333, 11.6667, -10.0, 12.3333, -10.6667, 12.6667, -10.6667, 12.6667, -10.6667, 12.0, -11.3333, 12.0, -11.3333, 12.0, -12.3333, 13.0, -13.0, 13.0, -13.0, 8.0, -6.3333, 28.3333, -21.3333, 27.6667, -21.0, 27.0, -21.0, 26.3333, -20.6667, 26.0, -20.3333, 25.3333, -20.3333, 24.6667, -20.3333, 24.3333, -21.3333, 23.3333, -22.6667, 22.6667, -23.6667, 22.6667, -25.3333, 22.3333, -25.3333, 22.3333, -25.6667, 22.3333, -25.0, 22.3333, -25.0, 22.0, -24.6667, 22.0, -24.3333, 22.0, -23.3333, 22.0, -21.6667, 21.3333, -19.6667, 21.0, -18.3333, 19.6667, -17.0, 19.3333, -16.0, 19.0, -15.0, 18.3333, -13.6667, 17.6667, -11.6667, 17.0, -4.6667, 17.0, -3.0, 2.3333, -1.0, 0.3333, -0.3333, -1.0, -0.6667, -1.0, 0.0, -1.0, 0.0, 0.0, -1.3333, 2.3333, -3.3333, 15.3333, -16.6667, 16.3333, -16.0, 17.3333, -19.3333, 18.0, -18.3333, 19.6667, -17.6667, 20.3333, -16.6667, 21.3333, -16.0, 22.3333, -15.3333, 23.0, -13.6667, 23.0, -12.6667, 23.6667, -12.6667, 24.3333, -12.6667, 24.3333, -13.0, 25.0, -13.0, 25.0, -13.0, 25.6667, -12.0, 25.3333, -12.0, 25.3333, -12.6667, 25.0, -13.0, 24.3333, -13.0, 24.6667, -14.0, 26.0, -15.0, 25.6667, -16.0, 26.0, -17.0, 26.0, -18.6667, 26.6667, -20.6667, 27.6667, -21.6667, 27.6667, -22.6667]",19.834424,12.195428,91.760558
182,182,5c:01:3b:6b:b0:95,-39,256,"[86.0, -32.0, 4.0, 0.0, 9.0, -5.3333, 8.6667, -5.6667, 8.6667, -5.6667, 8.3333, -5.6667, 8.3333, -5.3333, 8.0, -5.3333, 7.6667, -5.6667, 7.3333, -5.3333, 7.6667, -6.0, 7.6667, -6.3333, 7.6667, -6.0, 7.3333, -6.0, 7.3333, -6.0, 7.3333, -6.0, 7.6667, -6.0, 7.6667, -5.6667, 7.6667, -5.6667, 7.0, -5.3333, 7.0, -5.0, 6.3333, -4.6667, 6.6667, -4.3333, 6.0, -4.3333, 6.0, -3.6667, 5.0, -3.6667, 5.0, -3.3333, 1.0, -1.0, 0.0, 0.0, 0.0, 0.0, 0.0, 0.0, 0.0, 0.0, 0.0, 0.0, 0.0, 0.0, 0.0, 0.0, 0.0, 0.0, 0.0, 0.0, 1.3333, -1.3333, 6.0, -4.6667, 6.3333, -5.0, 6.0, -5.0, 6.3333, -4.6667, 6.6667, -4.3333, 7.3333, -4.3333, 7.0, -4.0, 7.0, -4.3333, 7.3333, -3.6667, 6.6667, -3.6667, 7.0, -4.3333, 7.0, -3.6667, 7.0, -3.3333, 7.0, -3.3333, 7.0, -3.3333, 7.0, -3.3333, 7.6667, -3.6667, 7.3333, -4.0, 7.6667, -4.3333, 8.3333, -4.3333, 8.3333, -4.3333, 8.0, -4.6667, 8.0, -4.6667, 8.0, -5.3333, 9.0, -5.3333, 9.0, -5.3333, 6.0, -1.3333, 21.6667, -4.3333, 20.3333, -4.0, 20.0, -4.0, 19.6667, -4.3333, 20.0, -4.6667, 19.6667, -5.0, 19.3333, -5.3333, 19.6667, -6.3333, 19.6667, -7.6667, 20.3333, -9.0, 21.3333, -10.3333, 21.6667, -10.6667, 21.6667, -10.6667, 21.6667, -10.3333, 21.6667, -10.3333, 21.0, -10.3333, 20.0, -10.0, 20.0, -9.3333, 19.0, -8.0, 17.6667, -6.6667, 17.0, -5.6667, 15.3333, -4.6667, 14.6667, -4.0, 14.0, -3.3333, 12.6667, -2.3333, 11.3333, -0.6667, 8.0, 3.6667, 7.0, 5.0, 0.6667, 0.3333, -0.3333, 0.0, -1.0, -0.6667, -1.0, -0.3333, -1.0, -0.3333, 0.0, -1.0, 2.6667, -1.6667, 15.6667, -7.3333, 15.6667, -6.6667, 16.6667, -8.0, 16.0, -6.3333, 16.3333, -5.0, 15.6667, -3.6667, 15.6667, -2.6667, 15.6667, -1.6667, 15.0, 0.0, 14.0, 1.0, 14.3333, 1.6667, 14.6667, 1.6667, 14.6667, 1.6667, 15.0, 2.0, 15.0, 2.0, 15.3333, 2.6667, 14.6667, 2.6667, 14.6667, 2.3333, 15.0, 1.6667, 14.6667, 1.3333, 15.3333, 0.6667, 17.0, 0.0, 17.3333, -0.6667, 18.0, -1.3333, 19.0, -2.6667, 20.3333, -4.0, 21.3333, -4.6667, 21.3333, -4.6667]",12.230503,9.743359,91.760558
183,183,5c:01:3b:6b:b0:95,-39,256,"[86.0, -32.0, 4.0, 0.0, 5.0, -5.3333, 5.0, -5.3333, 5.0, -5.3333, 4.6667, -5.3333, 4.6667, -4.6667, 4.6667, -4.6667, 4.3333, -5.0, 4.3333, -4.3333, 5.0, -4.6667, 4.6667, -4.6667, 4.6667, -4.0, 4.6667, -4.0, 4.6667, -4.0, 4.6667, -4.0, 4.6667, -4.0, 4.6667, -4.0, 4.6667, -4.0, 4.3333, -4.0, 4.3333, -4.0, 3.6667, -4.0, 3.6667, -4.0, 3.0, -4.0, 3.0, -3.6667, 2.3333, -4.0, 2.3333, -3.3333, 0.0, -1.0, 0.0, 0.0, 0.0, 0.0, 0.0, 0.0, 0.0, 0.0, 0.0, 0.0, 0.0, 0.0, 0.0, 0.0, 0.0, 0.0, 0.0, 0.0, 0.6667, -1.0, 4.0, -3.6667, 4.3333, -4.3333, 3.6667, -4.6667, 4.0, -4.3333, 4.0, -4.3333, 4.3333, -4.3333, 3.6667, -4.3333, 4.0, -4.6667, 4.0, -4.0, 3.3333, -4.3333, 3.3333, -4.6667, 3.3333, -4.3333, 3.3333, -4.0, 3.3333, -4.0, 3.3333, -4.0, 3.3333, -4.0, 4.0, -4.3333, 4.0, -4.3333, 4.0, -4.6667, 4.6667, -4.6667, 4.6667, -4.6667, 4.6667, -4.6667, 4.6667, -4.6667, 4.6667, -5.3333, 5.3333, -5.0, 5.3333, -5.0, 4.6667, -4.6667, 17.3333, -14.6667, 16.0, -14.3333, 16.0, -14.0, 15.6667, -14.0, 16.0, -14.0, 15.6667, -13.6667, 15.3333, -13.6667, 15.6667, -14.0, 15.6667, -14.3333, 16.3333, -14.6667, 17.0, -15.0, 17.0, -15.0, 17.0, -14.3333, 17.0, -14.3333, 17.0, -14.3333, 16.6667, -15.0, 15.3333, -14.6667, 15.6667, -14.0, 14.6667, -13.6667, 13.6667, -13.0, 13.3333, -12.3333, 12.0, -11.3333, 11.3333, -10.6667, 10.6667, -10.0, 9.3333, -9.3333, 8.3333, -7.6667, 5.6667, -5.0, 4.3333, -3.6667, 0.3333, -1.3333, -0.6667, -0.6667, -1.0, -0.3333, -1.0, -0.3333, -1.0, -0.3333, 0.0, -1.3333, 2.0, -2.0, 13.0, -10.0, 13.3333, -10.6667, 14.3333, -13.0, 13.6667, -12.3333, 14.0, -12.0, 13.3333, -11.0, 13.3333, -10.3333, 13.3333, -10.0, 12.6667, -9.0, 12.0, -8.3333, 11.6667, -7.3333, 11.6667, -7.3333, 11.6667, -7.6667, 11.6667, -7.6667, 12.0, -7.6667, 12.0, -7.3333, 11.3333, -7.3333, 11.3333, -7.3333, 12.0, -8.3333, 12.0, -8.6667, 12.6667, -9.0, 13.6667, -9.3333, 14.3333, -10.3333, 14.6667, -11.3333, 15.6667, -12.3333, 17.0, -13.3333, 17.6667, -14.0, 17.6667, -13.6667]",11.095065,10.171799,91.760558
184,184,5c:01:3b:6b:b0:95,-39,256,"[86.0, -32.0, 4.0, 0.0, 5.0, -5.3333, 5.0, -5.0, 5.0, -5.3333, 4.3333, -5.3333, 4.3333, -5.0, 4.3333, -5.0, 3.6667, -5.3333, 3.6667, -5.0, 4.0, -5.3333, 3.3333, -5.3333, 3.3333, -5.0, 3.3333, -5.0, 3.3333, -5.0, 3.3333, -5.0, 3.3333, -5.0, 3.3333, -4.6667, 3.3333, -4.6667, 3.6667, -4.6667, 3.6667, -4.6667, 3.3333, -4.3333, 3.3333, -4.3333, 3.0, -4.0, 3.0, -3.6667, 2.6667, -4.0, 2.6667, -3.3333, 0.0, -1.0, 0.0, 0.0, 0.0, 0.0, 0.0, 0.0, 0.0, 0.0, 0.0, 0.0, 0.0, 0.0, 0.0, 0.0, 0.0, 0.0, 0.0, 0.0, 0.3333, -1.3333, 3.0, -4.0, 3.6667, -4.3333, 3.3333, -4.6667, 4.0, -4.3333, 4.0, -4.3333, 4.6667, -4.0, 4.3333, -4.0, 5.0, -4.0, 5.0, -3.0, 4.6667, -3.6667, 4.6667, -3.6667, 4.6667, -3.3333, 4.6667, -3.3333, 4.6667, -3.3333, 4.6667, -3.3333, 4.6667, -3.3333, 5.0, -3.6667, 5.0, -3.6667, 5.0, -4.3333, 5.3333, -4.3333, 5.3333, -4.3333, 5.3333, -4.3333, 5.3333, -4.3333, 5.3333, -5.0, 5.6667, -4.6667, 5.6667, -4.6667, 5.3333, -5.0, 19.6667, -16.0, 19.0, -16.0, 19.0, -15.3333, 18.3333, -15.3333, 18.0, -15.0, 17.3333, -14.3333, 16.6667, -14.0, 16.3333, -13.6667, 15.3333, -13.3333, 14.6667, -13.0, 14.0, -12.6667, 13.0, -12.3333, 13.0, -11.6667, 13.0, -11.6667, 13.0, -11.6667, 13.3333, -12.0, 12.6667, -12.0, 13.3333, -12.0, 13.3333, -12.0, 13.3333, -12.0, 13.6667, -12.0, 13.0, -11.6667, 12.6667, -11.3333, 12.3333, -10.6667, 11.6667, -10.6667, 11.6667, -9.6667, 12.3333, -9.0, 11.6667, -7.3333, 1.6667, -2.0, -0.3333, -1.0, -1.0, -0.3333, -1.0, -0.3333, -1.0, -0.3333, 0.0, -1.0, 1.6667, -2.0, 10.6667, -9.6667, 11.6667, -10.3333, 12.6667, -11.6667, 13.3333, -12.0, 15.0, -12.3333, 15.6667, -12.3333, 16.6667, -12.3333, 17.6667, -12.6667, 18.3333, -12.3333, 19.0, -12.0, 18.3333, -10.6667, 18.3333, -10.6667, 18.3333, -11.0, 18.3333, -11.3333, 19.0, -11.3333, 19.0, -11.3333, 18.6667, -11.3333, 18.6667, -11.3333, 19.0, -12.3333, 19.0, -12.6667, 19.3333, -12.6667, 19.3333, -12.6667, 19.6667, -13.6667, 19.3333, -14.3333, 19.3333, -14.6667, 20.0, -15.0, 20.3333, -15.6667, 20.3333, -15.0]",12.245934,10.823182,91.760558
185,185,5c:01:3b:6b:b0:95,-37,256,"[86.0, -32.0, 4.0, 0.0, -0.3333, -13.0, 0.0, -12.0, 0.0, -12.0, -0.3333, -12.0, -0.3333, -11.6667, -0.3333, -11.6667, -0.6667, -11.6667, -0.6667, -11.3333, -0.3333, -11.3333, -1.0, -11.3333, -1.0, -11.0, -1.0, -11.0, -1.0, -11.0, -1.0, -11.0, -1.0, -11.0, -1.0, -10.3333, -1.0, -10.3333, -0.3333, -10.3333, -0.3333, -10.3333, -0.3333, -9.6667, -0.3333, -9.6667, -0.3333, -9.0, -0.3333, -9.0, -0.3333, -9.0, -0.3333, -8.0, -0.6667, -2.0, 0.0, 0.0, 0.0, 0.0, 0.0, 0.0, 0.0, 0.0, 0.0, 0.0, 0.0, 0.0, 0.0, 0.0, 0.0, 0.0, 0.0, 0.0, -0.6667, -2.6667, -0.6667, -8.6667, -0.3333, -9.0, -0.6667, -10.0, 0.0, -10.0, -0.3333, -10.0, 0.3333, -10.0, 0.0, -10.0, 0.6667, -10.0, 0.6667, -9.0, 0.3333, -10.0, 0.3333, -10.0, 0.3333, -10.0, 0.3333, -10.0, 0.3333, -10.0, 0.3333, -10.0, 0.3333, -10.0, 0.3333, -10.0, 0.6667, -10.0, 0.6667, -11.0, 0.6667, -11.0, 0.6667, -11.0, 0.6667, -11.0, 0.6667, -11.0, 0.6667, -12.0, 0.3333, -12.0, 0.3333, -12.0, 0.6667, -12.6667, 4.0, -40.6667, 4.3333, -40.6667, 4.3333, -39.6667, 3.6667, -38.6667, 3.3333, -37.0, 2.6667, -35.6667, 2.0, -34.6667, 1.0, -33.6667, 0.0, -32.0, -0.6667, -30.6667, -1.6667, -29.6667, -2.6667, -28.6667, -2.3333, -27.6667, -2.3333, -27.6667, -2.3333, -27.6667, -1.6667, -28.0, -2.0, -28.0, -1.3333, -28.3333, -1.0, -28.6667, -0.3333, -28.6667, 0.3333, -28.6667, 0.6667, -28.3333, 1.0, -28.0, 1.6667, -27.0, 2.3333, -27.0, 3.3333, -26.3333, 7.6667, -26.0, 8.3333, -24.0, 1.0, -5.0, -0.3333, -2.0, -0.6667, 0.0, -0.6667, 0.0, -0.6667, 0.0, -0.3333, -1.3333, -0.6667, -4.0, -1.0, -21.3333, -0.3333, -23.3333, -0.6667, -26.0, 1.0, -28.0, 3.3333, -30.0, 4.6667, -31.3333, 6.0, -32.6667, 7.6667, -34.3333, 9.3333, -35.0, 10.6667, -35.0, 10.0, -34.0, 10.3333, -34.0, 10.3333, -35.0, 10.0, -36.0, 11.0, -36.0, 11.0, -36.0, 11.0, -36.0, 10.6667, -36.0, 10.3333, -37.0, 10.3333, -37.0, 10.0, -37.0, 8.6667, -37.0, 8.3333, -38.3333, 7.3333, -39.0, 6.0, -38.6667, 5.6667, -39.0, 5.3333, -40.0, 5.0, -40.0]",19.685301,14.73131,91.760558
186,186,5c:01:3b:6b:b0:95,-43,256,"[86.0, -32.0, 4.0, 0.0, -6.6667, -7.6667, -6.3333, -7.0, -6.0, -7.0, -6.0, -7.0, -5.6667, -7.0, -5.6667, -6.6667, -5.6667, -6.6667, -5.3333, -6.6667, -5.0, -6.6667, -5.3333, -6.3333, -5.3333, -6.3333, -5.3333, -6.3333, -5.3333, -6.3333, -5.3333, -6.3333, -5.3333, -6.3333, -5.3333, -5.6667, -5.3333, -5.6667, -5.0, -6.0, -4.6667, -6.0, -4.6667, -5.6667, -4.6667, -5.6667, -4.6667, -5.0, -4.3333, -5.3333, -4.3333, -5.3333, -4.3333, -5.0, -1.6667, -1.3333, 0.0, 0.0, 0.0, 0.0, 0.0, 0.0, 0.0, 0.0, 0.0, 0.0, 0.0, 0.0, 0.0, 0.0, 0.0, 0.0, 0.0, 0.0, -1.6667, -2.0, -4.3333, -5.0, -4.3333, -5.0, -5.0, -6.0, -4.6667, -6.0, -5.3333, -6.0, -5.0, -6.3333, -5.3333, -6.3333, -5.3333, -6.3333, -5.3333, -5.6667, -5.6667, -6.6667, -5.6667, -6.6667, -5.6667, -6.6667, -5.6667, -6.6667, -5.3333, -6.6667, -5.6667, -6.6667, -6.0, -6.6667, -6.0, -6.3333, -5.3333, -6.3333, -5.3333, -7.0, -5.6667, -7.0, -5.6667, -6.6667, -5.6667, -6.6667, -5.6667, -6.6667, -5.6667, -7.0, -6.3333, -7.0, -6.3333, -7.0, -5.6667, -6.3333, -16.6667, -19.3333, -16.3333, -19.6667, -15.6667, -19.0, -15.6667, -18.3333, -15.3333, -17.0, -15.3333, -16.0, -15.3333, -15.3333, -15.3333, -14.3333, -15.3333, -12.6667, -15.6667, -11.6667, -16.3333, -10.6667, -17.0, -9.6667, -16.6667, -8.6667, -16.6667, -8.6667, -16.6667, -8.6667, -16.3333, -8.6667, -16.3333, -9.0, -15.6667, -10.0, -15.3333, -10.6667, -14.3333, -11.3333, -13.6667, -12.0, -13.0, -12.3333, -12.6667, -12.6667, -11.6667, -12.3333, -11.0, -13.0, -10.3333, -13.3333, -8.0, -13.6667, -7.3333, -13.0, -1.6667, -3.0, -1.0, -1.3333, -0.3333, -0.3333, -0.3333, -0.3333, -0.3333, -0.3333, -1.0, -0.3333, -2.6667, -1.6667, -11.6667, -6.6667, -11.3333, -8.3333, -12.3333, -11.0, -12.0, -12.6667, -11.6667, -14.3333, -11.6667, -16.3333, -11.3333, -18.0, -11.3333, -19.6667, -11.0, -20.6667, -10.6667, -21.0, -11.3333, -20.3333, -11.3333, -20.6667, -11.6667, -21.3333, -12.0, -22.0, -11.3333, -22.3333, -11.6667, -22.3333, -11.6667, -22.3333, -12.0, -22.0, -12.0, -22.3333, -11.6667, -22.0, -12.0, -21.6667, -13.0, -21.3333, -13.3333, -21.6667, -13.6667, -21.0, -14.6667, -20.0, -14.6667, -19.3333, -15.3333, -20.0, -15.3333, -19.6667]",13.52402,10.670296,91.760558
187,187,5c:01:3b:6b:b0:95,-38,256,"[86.0, -32.0, 4.0, 0.0, -12.3333, -1.0, -12.0, -0.6667, -11.3333, -0.6667, -11.0, -0.6667, -10.6667, -0.6667, -10.6667, -0.3333, -10.0, -0.3333, -9.6667, -0.3333, -9.3333, -0.3333, -9.0, 0.0, -9.0, 0.3333, -9.0, 0.0, -9.0, 0.3333, -9.0, 0.3333, -9.0, 0.3333, -9.0, 0.6667, -9.0, 0.3333, -9.0, 0.0, -8.6667, -0.3333, -8.6667, -0.3333, -8.6667, -0.6667, -8.6667, -0.3333, -8.3333, -1.0, -8.0, -1.0, -8.0, -1.3333, -2.3333, -0.6667, 0.0, 0.0, 0.0, 0.0, 0.0, 0.0, 0.0, 0.0, 0.0, 0.0, 0.0, 0.0, 0.0, 0.0, 0.0, 0.0, 0.0, 0.0, -2.3333, -0.6667, -7.3333, -0.3333, -8.0, -0.3333, -8.6667, -1.0, -9.0, -1.0, -9.6667, -1.0, -10.0, -1.3333, -10.6667, -1.6667, -11.0, -1.6667, -11.0, -1.3333, -11.6667, -2.0, -11.6667, -2.0, -11.6667, -2.0, -11.6667, -2.0, -11.3333, -2.0, -11.6667, -2.0, -12.0, -2.0, -12.0, -1.6667, -11.3333, -1.6667, -11.3333, -1.6667, -11.6667, -1.6667, -11.3333, -1.3333, -11.3333, -1.0, -11.6667, -1.0, -11.6667, -1.0, -12.3333, -0.6667, -12.3333, -0.6667, -12.6667, -0.3333, -39.3333, 1.0, -39.0, 0.6667, -38.3333, 1.0, -37.6667, 1.3333, -36.6667, 1.6667, -36.0, 2.3333, -35.3333, 2.6667, -34.3333, 3.6667, -33.0, 5.0, -32.3333, 6.0, -32.0, 7.0, -32.0, 8.0, -31.6667, 8.6667, -31.3333, 9.0, -31.3333, 9.0, -31.3333, 8.6667, -31.3333, 8.3333, -31.0, 7.3333, -31.3333, 6.0, -30.3333, 4.6667, -29.6667, 3.3333, -29.0, 2.3333, -28.3333, 1.6667, -27.3333, 1.3333, -26.3333, -0.3333, -26.0, -1.0, -24.6667, -1.3333, -23.6667, -2.0, -4.6667, -1.0, -1.6667, -0.6667, 0.0, -0.6667, 0.0, -0.6667, 0.0, -0.6667, -1.6667, 0.3333, -4.6667, 0.6667, -23.0, 7.6667, -23.6667, 6.3333, -25.6667, 3.3333, -26.6667, 2.0, -28.0, 0.6667, -29.3333, -1.0, -30.3333, -2.0, -31.6667, -3.3333, -32.6667, -4.3333, -33.3333, -5.0, -34.0, -5.0, -34.3333, -5.6667, -35.0, -5.6667, -35.3333, -6.3333, -35.3333, -6.6667, -35.6667, -6.6667, -35.6667, -6.6667, -36.0, -6.0, -36.0, -5.6667, -35.3333, -5.3333, -35.6667, -4.3333, -36.3333, -4.0, -36.6667, -3.6667, -36.6667, -2.3333, -37.3333, -1.0, -37.6667, 0.0, -38.6667, 0.0, -38.6667, 0.6667]",19.516189,14.5923,91.760558
188,188,5c:01:3b:6b:b0:95,-38,256,"[86.0, -32.0, 4.0, 0.0, -13.3333, 4.3333, -13.3333, 4.3333, -12.3333, 4.3333, -12.3333, 4.3333, -11.6667, 4.3333, -11.6667, 5.0, -11.3333, 5.0, -10.6667, 5.0, -10.6667, 5.0, -10.3333, 5.6667, -10.3333, 6.0, -10.3333, 5.6667, -10.3333, 6.0, -10.3333, 6.0, -10.3333, 6.0, -10.3333, 6.0, -10.3333, 5.6667, -10.3333, 5.0, -9.6667, 4.6667, -9.6667, 4.0, -9.6667, 3.6667, -9.6667, 3.6667, -9.0, 2.6667, -8.6667, 2.6667, -8.6667, 1.6667, -2.6667, 0.0, 0.0, 0.0, 0.0, 0.0, 0.0, 0.0, 0.0, 0.0, 0.0, 0.0, 0.0, 0.0, 0.0, 0.0, 0.0, 0.0, 0.0, 0.0, -2.6667, 0.3333, -8.3333, 3.6667, -8.6667, 3.6667, -9.3333, 3.0, -9.6667, 3.0, -10.3333, 3.0, -10.6667, 2.3333, -11.0, 2.0, -11.3333, 2.0, -11.3333, 2.0, -12.0, 1.3333, -12.0, 1.3333, -12.0, 1.3333, -12.0, 1.3333, -11.6667, 1.3333, -12.0, 1.3333, -12.3333, 1.3333, -12.3333, 2.0, -12.0, 2.0, -12.0, 2.3333, -12.6667, 2.3333, -12.3333, 3.0, -12.3333, 3.3333, -12.6667, 3.3333, -12.6667, 4.0, -13.3333, 4.3333, -13.3333, 4.3333, -14.3333, 5.3333, -44.0, 19.6667, -44.0, 19.0, -43.3333, 19.0, -42.3333, 19.0, -41.3333, 18.6667, -40.3333, 19.3333, -39.3333, 19.3333, -37.3333, 20.3333, -35.6667, 21.3333, -35.3333, 22.3333, -35.0, 23.3333, -35.3333, 24.3333, -35.3333, 25.0, -34.6667, 25.3333, -34.6667, 25.3333, -34.6667, 25.0, -34.3333, 24.3333, -34.0, 23.3333, -34.3333, 21.3333, -33.0, 19.3333, -32.0, 17.3333, -31.6667, 16.0, -31.0, 15.0, -30.6667, 14.0, -30.0, 11.6667, -30.0, 10.6667, -30.0, 9.6667, -29.3333, 7.6667, -5.6667, 0.6667, -2.0, 0.0, 0.0, -1.0, 0.0, -1.0, 0.0, -1.0, -2.0, 1.0, -5.0, 3.0, -25.3333, 21.3333, -25.6667, 20.3333, -27.3333, 16.3333, -29.3333, 15.3333, -31.6667, 14.3333, -33.6667, 12.6667, -35.3333, 12.0, -37.6667, 11.0, -39.6667, 10.0, -40.6667, 9.0, -41.6667, 8.6667, -42.6667, 7.6667, -43.6667, 8.0, -43.6667, 7.6667, -44.3333, 7.0, -44.6667, 7.0, -44.6667, 7.0, -44.6667, 8.0, -44.3333, 9.0, -43.3333, 9.6667, -43.3333, 11.0, -43.3333, 11.6667, -43.3333, 12.6667, -43.0, 14.6667, -43.0, 16.0, -43.3333, 17.6667, -44.3333, 18.0, -44.0, 19.0]",23.775381,17.714887,91.760558
189,189,5c:01:3b:6b:b0:95,-38,256,"[86.0, -32.0, 4.0, 0.0, -12.6667, 5.6667, -12.6667, 5.6667, -11.6667, 5.6667, -11.6667, 5.6667, -11.3333, 5.6667, -11.3333, 6.0, -10.6667, 6.0, -10.3333, 6.0, -10.3333, 6.0, -9.6667, 6.3333, -9.6667, 7.0, -9.6667, 6.3333, -9.6667, 7.0, -9.6667, 7.0, -9.6667, 7.0, -9.6667, 7.0, -9.6667, 6.3333, -9.6667, 6.0, -9.3333, 5.3333, -9.3333, 5.0, -9.3333, 4.3333, -9.3333, 4.3333, -9.0, 3.3333, -8.3333, 3.3333, -8.3333, 2.3333, -2.3333, 0.0, 0.0, 0.0, 0.0, 0.0, 0.0, 0.0, 0.0, 0.0, 0.0, 0.0, 0.0, 0.0, 0.0, 0.0, 0.0, 0.0, 0.0, 0.0, -2.3333, 0.6667, -7.6667, 4.3333, -8.3333, 4.3333, -8.6667, 4.0, -9.3333, 4.0, -9.6667, 4.0, -10.3333, 3.6667, -11.0, 3.0, -11.0, 3.0, -11.0, 3.0, -11.6667, 2.6667, -11.6667, 2.6667, -11.3333, 2.6667, -11.3333, 2.6667, -11.3333, 2.6667, -11.3333, 2.6667, -11.6667, 2.6667, -12.0, 3.0, -12.0, 3.0, -12.0, 3.6667, -12.3333, 3.6667, -11.6667, 4.0, -11.6667, 4.6667, -12.3333, 4.6667, -12.3333, 5.0, -12.6667, 5.6667, -12.6667, 5.6667, -12.6667, 5.6667, -39.0, 21.3333, -39.0, 21.0, -38.6667, 21.0, -37.6667, 21.0, -37.0, 20.3333, -36.3333, 20.6667, -35.6667, 20.6667, -34.6667, 21.6667, -33.6667, 22.6667, -33.6667, 23.6667, -33.3333, 24.0, -33.6667, 24.3333, -33.6667, 24.6667, -33.0, 25.0, -33.0, 25.0, -32.6667, 24.6667, -32.3333, 24.6667, -32.0, 24.0, -32.3333, 22.6667, -31.0, 20.6667, -29.6667, 18.6667, -29.3333, 17.0, -28.3333, 16.0, -28.3333, 15.0, -27.0, 12.3333, -26.3333, 11.3333, -23.6667, 8.3333, -22.3333, 6.3333, -4.3333, 0.3333, -1.6667, 0.0, 0.0, -1.0, 0.0, -1.0, 0.0, -1.0, -2.0, 0.6667, -4.6667, 2.6667, -24.0, 18.3333, -24.3333, 18.3333, -26.0, 17.6667, -27.0, 16.6667, -28.0, 15.6667, -29.0, 14.3333, -30.0, 14.0, -31.0, 13.0, -32.0, 12.0, -32.3333, 11.0, -33.0, 10.3333, -33.6667, 9.3333, -34.6667, 10.0, -35.0, 9.3333, -35.3333, 9.0, -35.3333, 9.0, -35.3333, 9.0, -35.3333, 10.0, -35.3333, 11.0, -35.0, 11.3333, -35.3333, 13.0, -35.6667, 13.3333, -35.6667, 14.3333, -36.3333, 16.3333, -37.3333, 18.0, -38.6667, 19.3333, -39.6667, 20.0, -40.0, 21.0]",21.946438,16.044281,91.760558
190,190,5c:01:3b:6b:b0:95,-38,256,"[86.0, -32.0, 4.0, 0.0, -3.3333, 4.0, -3.3333, 3.6667, -2.6667, 3.6667, -2.6667, 3.3333, -2.3333, 3.3333, -2.3333, 3.3333, -2.0, 3.3333, -1.6667, 3.0, -1.6667, 3.0, -1.0, 3.3333, -1.3333, 3.3333, -1.0, 2.6667, -1.0, 3.0, -1.0, 3.0, -1.0, 3.0, -1.0, 3.3333, -1.3333, 3.0, -1.6667, 3.0, -1.3333, 2.6667, -1.6667, 2.6667, -2.0, 2.3333, -2.3333, 2.6667, -2.3333, 2.3333, -2.3333, 2.3333, -2.6667, 2.0, -1.0, 0.0, 0.0, 0.0, 0.0, 0.0, 0.0, 0.0, 0.0, 0.0, 0.0, 0.0, 0.0, 0.0, 0.0, 0.0, 0.0, 0.0, 0.0, 0.0, -0.6667, 0.0, -1.0, 2.3333, -1.3333, 2.3333, -1.6667, 2.3333, -2.0, 2.6667, -2.3333, 3.0, -2.6667, 3.0, -3.3333, 2.6667, -3.3333, 3.0, -3.3333, 3.3333, -3.6667, 3.0, -4.0, 3.3333, -3.6667, 3.3333, -3.6667, 3.6667, -3.6667, 3.3333, -3.6667, 3.3333, -4.0, 3.0, -4.0, 3.3333, -4.0, 3.3333, -3.6667, 3.3333, -4.0, 3.3333, -3.3333, 3.3333, -3.0, 3.6667, -3.3333, 3.3333, -3.3333, 3.6667, -3.3333, 4.0, -3.3333, 4.0, -4.6667, 5.0, -13.0, 18.3333, -13.0, 18.0, -13.0, 17.6667, -12.3333, 17.6667, -12.0, 17.0, -11.6667, 17.0, -11.3333, 16.3333, -11.0, 16.6667, -10.6667, 17.0, -10.6667, 17.0, -10.6667, 16.6667, -10.6667, 16.3333, -10.6667, 16.3333, -10.3333, 16.3333, -10.3333, 16.6667, -10.0, 16.6667, -10.0, 16.6667, -10.0, 16.3333, -10.3333, 16.3333, -10.0, 15.3333, -9.6667, 14.3333, -9.6667, 13.3333, -9.6667, 12.6667, -10.0, 12.3333, -10.0, 11.0, -9.6667, 10.6667, -8.3333, 10.6667, -7.6667, 9.3333, -1.6667, 1.0, -1.0, 0.3333, -0.3333, -1.0, -0.3333, -1.0, -0.3333, -1.0, -1.0, 0.3333, -1.6667, 1.6667, -6.3333, 13.0, -6.3333, 14.0, -8.0, 13.0, -8.3333, 13.0, -8.6667, 13.0, -9.3333, 12.6667, -9.6667, 13.0, -10.0, 12.6667, -10.3333, 12.6667, -10.6667, 12.3333, -11.0, 12.3333, -11.6667, 12.0, -12.3333, 12.3333, -12.6667, 12.0, -12.6667, 12.0, -12.6667, 12.0, -12.6667, 12.0, -12.3333, 12.6667, -12.3333, 13.0, -12.0, 13.0, -12.0, 14.0, -12.0, 14.0, -11.6667, 14.6667, -12.0, 15.6667, -12.6667, 16.3333, -13.3333, 17.0, -13.6667, 17.0, -14.0, 17.6667]",10.451964,10.518396,91.760558
191,191,5c:01:3b:6b:b0:95,-41,256,"[86.0, -32.0, 4.0, 0.0, 6.6667, 3.6667, 6.6667, 3.3333, 7.0, 3.3333, 7.0, 2.6667, 7.0, 2.6667, 7.0, 2.3333, 7.3333, 2.3333, 7.3333, 1.6667, 7.3333, 1.6667, 8.3333, 1.3333, 7.6667, 1.3333, 8.3333, 0.6667, 8.3333, 1.0, 8.3333, 1.0, 8.3333, 1.0, 8.3333, 1.6667, 7.6667, 1.3333, 7.0, 1.6667, 7.0, 1.6667, 6.3333, 2.0, 5.6667, 1.6667, 5.0, 2.0, 4.3333, 2.0, 4.0, 2.0, 3.3333, 2.3333, 0.6667, 0.0, 0.0, 0.0, 0.0, 0.0, 0.0, 0.0, 0.0, 0.0, 0.0, 0.0, 0.0, 0.0, 0.0, 0.0, 0.0, 0.0, 0.0, 0.0, 1.3333, -0.3333, 6.3333, 1.3333, 6.0, 1.3333, 6.0, 1.6667, 5.6667, 2.3333, 5.6667, 3.0, 5.3333, 3.6667, 4.3333, 3.3333, 4.3333, 4.0, 4.3333, 4.6667, 4.3333, 4.6667, 3.6667, 5.3333, 4.0, 5.3333, 4.0, 6.0, 4.0, 5.3333, 4.0, 5.3333, 3.6667, 4.6667, 4.0, 4.6667, 4.0, 4.6667, 4.6667, 4.3333, 4.6667, 4.3333, 5.6667, 3.6667, 6.3333, 4.0, 6.0, 3.3333, 6.0, 3.3333, 6.6667, 3.6667, 6.6667, 3.6667, 4.6667, 4.6667, 16.6667, 17.0, 16.3333, 17.0, 16.0, 16.3333, 16.0, 16.3333, 15.6667, 15.3333, 15.6667, 14.6667, 15.3333, 13.3333, 15.0, 13.0, 14.6667, 12.6667, 14.3333, 11.6667, 14.0, 10.6667, 14.0, 9.6667, 14.0, 9.0, 14.0, 9.0, 13.6667, 9.6667, 14.0, 9.6667, 13.6667, 10.0, 13.6667, 10.0, 13.3333, 11.3333, 13.0, 11.3333, 12.3333, 11.3333, 12.0, 10.6667, 11.3333, 10.3333, 10.6667, 10.6667, 9.6667, 10.3333, 9.6667, 10.6667, 9.3333, 14.3333, 9.0, 13.6667, 1.3333, 2.0, -0.3333, 0.6667, -0.6667, -1.0, -1.0, -1.0, -0.6667, -1.0, 0.0, 0.0, 1.6667, 0.6667, 12.0, 8.3333, 12.3333, 10.3333, 11.6667, 9.6667, 12.0, 10.6667, 12.3333, 11.6667, 12.6667, 12.6667, 13.0, 14.0, 13.6667, 14.3333, 14.0, 15.3333, 14.3333, 15.6667, 14.3333, 16.0, 14.0, 16.3333, 14.3333, 16.6667, 14.0, 16.3333, 14.3333, 17.0, 14.3333, 17.0, 14.0, 17.0, 14.6667, 17.3333, 14.3333, 17.0, 14.3333, 16.3333, 14.6667, 17.0, 15.3333, 16.3333, 15.6667, 16.6667, 15.6667, 16.6667, 15.3333, 16.6667, 15.6667, 16.3333, 16.0, 16.0, 16.0, 16.3333]",12.119606,10.379042,91.760558
192,192,5c:01:3b:6b:b0:95,-38,256,"[86.0, -32.0, 4.0, 0.0, 15.0, 2.0, 15.0, 1.3333, 14.6667, 1.3333, 14.6667, 0.3333, 14.6667, 0.3333, 14.6667, 0.0, 14.6667, -0.3333, 14.3333, -1.0, 14.3333, -1.0, 15.0, -1.6667, 14.3333, -2.0, 15.0, -2.3333, 15.0, -2.3333, 15.0, -2.3333, 15.0, -2.3333, 15.0, -1.6667, 14.3333, -1.3333, 13.6667, -1.0, 13.3333, -0.6667, 12.6667, -0.3333, 12.0, 0.0, 11.0, 0.3333, 10.3333, 1.0, 9.6667, 1.0, 8.6667, 2.0, 2.0, 0.0, 0.0, 0.0, 0.0, 0.0, 0.0, 0.0, 0.0, 0.0, 0.0, 0.0, 0.0, 0.0, 0.0, 0.0, 0.0, 0.0, 0.0, 0.0, 2.6667, -1.0, 11.6667, -0.6667, 11.6667, -0.6667, 11.6667, 0.0, 12.0, 1.0, 12.0, 1.6667, 12.0, 2.6667, 11.3333, 2.6667, 11.6667, 3.6667, 11.6667, 4.3333, 11.6667, 4.6667, 11.0, 5.3333, 11.0, 5.3333, 11.0, 6.0, 11.0, 5.0, 11.0, 5.3333, 11.0, 4.6667, 11.6667, 4.6667, 11.6667, 4.3333, 12.3333, 3.6667, 12.6667, 3.6667, 13.3333, 3.0, 14.0, 2.6667, 14.0, 2.0, 14.0, 2.0, 15.0, 2.0, 15.0, 2.0, 12.0, 4.0, 41.3333, 13.6667, 40.6667, 13.6667, 39.6667, 13.0, 39.0, 12.6667, 38.3333, 11.6667, 38.3333, 10.6667, 37.6667, 9.0, 37.6667, 7.6667, 37.3333, 6.6667, 37.6667, 4.6667, 37.6667, 3.3333, 38.0, 2.3333, 38.0, 1.6667, 38.0, 1.6667, 37.3333, 2.3333, 37.3333, 2.6667, 36.3333, 3.0, 36.0, 3.0, 35.3333, 4.6667, 33.6667, 5.6667, 32.0, 6.6667, 30.6667, 7.0, 29.3333, 7.0, 28.0, 8.0, 25.6667, 9.0, 24.3333, 10.0, 21.0, 18.0, 19.3333, 18.0, 3.0, 3.0, 0.3333, 1.0, -1.0, -1.0, -1.6667, -1.0, -1.0, -1.0, 1.0, -0.3333, 4.6667, 0.0, 29.3333, 4.6667, 29.3333, 6.6667, 29.3333, 4.3333, 29.6667, 6.3333, 30.0, 8.6667, 30.3333, 10.6667, 30.3333, 12.3333, 31.0, 13.6667, 31.3333, 15.6667, 31.3333, 16.6667, 31.3333, 17.6667, 31.3333, 18.6667, 32.3333, 19.0, 32.3333, 19.0, 32.3333, 19.6667, 32.3333, 20.0, 32.0, 20.0, 32.6667, 20.0, 32.3333, 19.0, 32.6667, 18.0, 33.6667, 18.0, 35.0, 17.0, 35.6667, 16.6667, 36.6667, 15.6667, 37.6667, 14.6667, 39.0, 13.6667, 40.3333, 13.0, 40.6667, 12.6667]",22.06058,15.141982,91.760558
193,193,5c:01:3b:6b:b0:95,-38,256,"[86.0, -32.0, 4.0, 0.0, 14.0, 2.0, 14.0, 1.6667, 13.3333, 1.6667, 13.3333, 0.6667, 13.3333, 0.6667, 13.3333, 0.6667, 13.0, 0.3333, 12.6667, -0.3333, 12.6667, -0.3333, 13.0, -1.3333, 12.6667, -1.3333, 13.0, -1.3333, 13.0, -1.3333, 13.0, -1.3333, 13.0, -1.3333, 13.0, -0.6667, 12.6667, -0.3333, 12.3333, -0.3333, 11.6667, 0.3333, 11.3333, 0.3333, 10.6667, 0.6667, 10.0, 0.6667, 9.6667, 1.0, 9.0, 1.0, 8.3333, 2.0, 2.0, 0.0, 0.0, 0.0, 0.0, 0.0, 0.0, 0.0, 0.0, 0.0, 0.0, 0.0, 0.0, 0.0, 0.0, 0.0, 0.0, 0.0, 0.0, 0.0, 2.3333, -1.0, 10.3333, -0.3333, 10.3333, -0.3333, 10.3333, 0.0, 11.0, 1.0, 11.0, 1.3333, 11.0, 2.3333, 10.6667, 2.3333, 11.0, 3.3333, 11.0, 3.6667, 11.3333, 4.3333, 11.0, 4.6667, 11.0, 4.6667, 11.0, 5.0, 11.0, 4.0, 11.0, 4.6667, 11.0, 4.3333, 11.3333, 4.3333, 11.3333, 3.6667, 11.6667, 3.3333, 12.0, 3.3333, 12.6667, 3.0, 13.0, 2.3333, 13.0, 2.0, 13.0, 2.0, 14.0, 2.0, 14.0, 2.0, 13.6667, 4.0, 47.0, 13.3333, 46.0, 13.3333, 45.0, 13.0, 44.0, 12.3333, 43.0, 11.3333, 43.0, 10.3333, 42.0, 9.0, 42.0, 7.3333, 41.3333, 6.3333, 41.3333, 4.3333, 41.3333, 2.6667, 41.3333, 1.6667, 41.3333, 1.3333, 41.3333, 1.3333, 40.3333, 1.6667, 40.3333, 2.3333, 39.3333, 3.0, 39.3333, 3.0, 39.0, 4.3333, 37.3333, 5.3333, 36.0, 6.3333, 34.3333, 7.0, 33.3333, 7.3333, 31.6667, 8.0, 29.6667, 9.0, 28.0, 10.0, 24.6667, 18.0, 22.6667, 18.6667, 3.6667, 3.0, 0.6667, 1.0, -1.0, -1.0, -2.0, -1.0, -1.0, -1.0, 1.0, -0.6667, 5.0, 0.0, 31.0, 3.3333, 31.0, 5.3333, 32.0, 3.6667, 32.6667, 5.6667, 33.3333, 8.3333, 34.3333, 10.3333, 34.3333, 11.6667, 35.3333, 13.3333, 36.0, 15.3333, 36.3333, 16.3333, 36.3333, 17.3333, 37.0, 18.3333, 38.3333, 19.0, 38.3333, 19.0, 38.3333, 19.3333, 38.3333, 20.0, 38.0, 20.0, 38.3333, 20.0, 38.0, 19.0, 38.0, 18.3333, 39.0, 18.0, 40.3333, 17.0, 41.0, 16.3333, 42.0, 15.3333, 43.0, 14.3333, 44.3333, 13.3333, 46.0, 13.0, 46.3333, 12.3333]",23.412254,17.161915,91.760558
194,194,5c:01:3b:6b:b0:95,-38,256,"[86.0, -32.0, 4.0, 0.0, 13.0, 1.6667, 13.0, 1.3333, 12.0, 1.0, 12.0, 0.3333, 12.0, 0.3333, 12.0, 0.3333, 11.6667, -0.3333, 11.0, -0.6667, 11.0, -0.6667, 11.0, -1.6667, 11.0, -1.6667, 11.0, -1.6667, 11.0, -1.6667, 11.0, -1.6667, 11.0, -1.6667, 11.0, -1.3333, 11.0, -0.6667, 11.0, -0.6667, 10.0, -0.3333, 10.0, -0.3333, 9.6667, 0.3333, 9.0, 0.3333, 9.0, 0.6667, 8.6667, 0.6667, 8.0, 1.6667, 2.0, 0.0, 0.0, 0.0, 0.0, 0.0, 0.0, 0.0, 0.0, 0.0, 0.0, 0.0, 0.0, 0.0, 0.0, 0.0, 0.0, 0.0, 0.0, 0.0, 2.0, -1.0, 9.0, -0.6667, 9.0, -0.6667, 9.0, 0.0, 10.0, 0.6667, 10.0, 1.0, 10.0, 1.6667, 10.0, 2.0, 10.6667, 2.6667, 10.6667, 2.6667, 11.0, 3.6667, 11.0, 3.6667, 11.0, 3.6667, 11.0, 3.6667, 11.0, 3.0, 11.0, 3.6667, 11.0, 3.6667, 11.0, 3.3333, 11.0, 2.6667, 11.0, 2.6667, 11.6667, 2.6667, 12.0, 2.6667, 12.0, 1.6667, 12.0, 1.6667, 12.0, 1.6667, 13.0, 1.6667, 13.0, 1.6667, 13.0, 4.0, 45.3333, 13.0, 44.3333, 13.0, 43.3333, 13.0, 42.3333, 12.0, 41.3333, 11.0, 41.0, 10.0, 40.0, 9.0, 39.3333, 7.0, 38.0, 6.0, 37.6667, 4.0, 37.0, 2.0, 36.6667, 1.0, 36.6667, 1.0, 36.6667, 1.0, 36.0, 1.0, 36.0, 2.0, 35.3333, 3.0, 35.6667, 3.0, 35.6667, 4.0, 34.6667, 5.0, 33.6667, 6.0, 32.3333, 7.0, 31.6667, 7.6667, 30.0, 8.0, 28.6667, 9.0, 27.3333, 10.0, 26.0, 18.0, 24.0, 19.3333, 4.0, 3.0, 1.0, 1.0, -1.0, -1.0, -1.6667, -1.0, -1.0, -1.0, 0.6667, -1.0, 4.0, 0.0, 27.0, 2.0, 27.6667, 4.0, 29.3333, 3.0, 30.6667, 5.0, 32.3333, 8.0, 33.6667, 10.0, 34.3333, 11.0, 35.6667, 13.0, 37.0, 15.0, 37.3333, 16.0, 37.6667, 17.0, 38.6667, 18.0, 39.6667, 19.0, 39.6667, 19.0, 39.6667, 19.0, 39.6667, 20.0, 39.6667, 20.0, 39.6667, 20.0, 39.6667, 19.0, 39.3333, 18.6667, 40.3333, 18.0, 41.0, 17.0, 41.3333, 16.0, 42.0, 15.0, 42.3333, 14.0, 43.0, 13.0, 44.3333, 13.0, 44.3333, 12.0]",22.397342,16.967254,91.760558
195,195,5c:01:3b:6b:b0:95,-38,256,"[86.0, -32.0, 4.0, 0.0, 7.6667, 9.0, 7.6667, 8.6667, 7.3333, 8.0, 7.3333, 7.6667, 7.3333, 7.6667, 7.6667, 7.3333, 7.6667, 7.0, 7.6667, 6.3333, 7.6667, 6.3333, 7.6667, 5.6667, 8.0, 5.6667, 8.0, 5.6667, 8.0, 5.6667, 8.0, 5.6667, 8.0, 5.6667, 8.0, 6.0, 8.0, 6.3333, 7.6667, 6.0, 7.0, 6.3333, 6.6667, 6.0, 6.0, 6.0, 5.6667, 5.6667, 5.3333, 5.6667, 5.0, 5.3333, 4.3333, 6.0, 1.0, 1.0, 0.0, 0.0, 0.0, 0.0, 0.0, 0.0, 0.0, 0.0, 0.0, 0.0, 0.0, 0.0, 0.0, 0.0, 0.0, 0.0, 0.0, 0.0, 1.3333, 0.6667, 6.0, 5.0, 6.0, 5.0, 5.6667, 5.6667, 6.0, 6.3333, 5.6667, 6.6667, 5.3333, 7.3333, 5.3333, 7.6667, 5.3333, 8.0, 5.0, 8.0, 5.0, 9.0, 5.0, 9.0, 5.0, 9.0, 5.0, 9.0, 5.0, 8.6667, 5.0, 9.0, 5.0, 9.0, 5.3333, 8.6667, 5.3333, 8.3333, 5.6667, 8.3333, 6.0, 8.6667, 6.3333, 8.6667, 6.6667, 8.3333, 6.6667, 8.3333, 6.6667, 8.6667, 7.6667, 8.6667, 7.6667, 9.0, 7.0, 7.0, 25.3333, 23.3333, 25.0, 23.3333, 24.3333, 23.0, 24.0, 22.0, 23.6667, 21.0, 23.6667, 20.0, 23.0, 19.0, 23.0, 17.6667, 22.3333, 16.6667, 22.6667, 15.3333, 22.3333, 14.0, 22.3333, 13.3333, 22.3333, 13.3333, 22.3333, 13.3333, 22.0, 13.3333, 22.0, 14.0, 21.3333, 14.6667, 21.6667, 14.3333, 21.0, 15.0, 20.3333, 15.0, 19.3333, 15.3333, 18.6667, 15.3333, 18.0, 15.6667, 17.0, 15.3333, 16.0, 15.6667, 15.0, 15.6667, 13.3333, 20.3333, 11.6667, 21.3333, 1.6667, 3.3333, 0.3333, 1.0, -0.6667, -1.0, -1.3333, -1.0, -0.6667, -1.0, 0.3333, -0.3333, 2.3333, 1.6667, 16.6667, 11.0, 16.6667, 12.3333, 17.3333, 12.0, 17.6667, 13.6667, 18.3333, 16.0, 19.0, 17.6667, 19.0, 18.6667, 19.3333, 20.0, 19.6667, 21.6667, 19.6667, 22.3333, 19.6667, 23.3333, 20.0, 24.0, 20.6667, 25.0, 20.6667, 25.0, 20.6667, 25.0, 20.3333, 25.6667, 20.3333, 25.6667, 20.3333, 25.6667, 20.6667, 25.0, 20.6667, 25.0, 21.6667, 24.6667, 22.3333, 24.0, 22.3333, 23.6667, 23.3333, 23.3333, 23.6667, 23.0, 24.0, 23.0, 25.0, 23.3333, 25.0, 22.6667]",17.301726,12.98029,91.760558
196,196,5c:01:3b:6b:b0:95,-38,256,"[86.0, -32.0, 4.0, 0.0, 9.6667, 12.3333, 9.6667, 12.0, 9.3333, 11.0, 9.0, 11.0, 9.0, 10.6667, 9.0, 10.3333, 9.0, 9.6667, 8.6667, 9.0, 8.3333, 9.0, 8.3333, 8.3333, 8.6667, 8.0, 8.3333, 8.0, 8.3333, 8.0, 8.3333, 8.0, 8.3333, 8.0, 8.3333, 8.3333, 8.3333, 8.6667, 8.0, 8.3333, 7.6667, 8.6667, 7.3333, 8.3333, 7.3333, 8.3333, 7.0, 8.0, 6.6667, 8.0, 6.3333, 7.6667, 5.6667, 8.3333, 1.3333, 1.6667, 0.0, 0.0, 0.0, 0.0, 0.0, 0.0, 0.0, 0.0, 0.0, 0.0, 0.0, 0.0, 0.0, 0.0, 0.0, 0.0, 0.0, 0.0, 1.3333, 1.3333, 6.6667, 6.6667, 7.0, 7.0, 7.0, 8.0, 7.3333, 8.6667, 7.3333, 9.3333, 7.0, 10.0, 7.3333, 10.6667, 7.3333, 11.0, 7.0, 11.3333, 6.6667, 12.3333, 6.6667, 12.3333, 6.6667, 12.6667, 6.6667, 12.3333, 6.6667, 12.3333, 6.3333, 12.3333, 6.6667, 12.3333, 7.0, 12.0, 7.0, 11.6667, 7.3333, 11.6667, 8.0, 12.0, 8.3333, 12.0, 8.6667, 11.6667, 9.0, 11.6667, 9.0, 12.0, 10.0, 12.3333, 10.0, 12.6667, 6.0, 8.0, 21.6667, 27.0, 21.3333, 27.0, 20.6667, 26.3333, 20.3333, 25.6667, 20.0, 24.6667, 19.6667, 23.6667, 19.0, 22.6667, 18.3333, 21.3333, 17.3333, 20.0, 17.3333, 19.0, 16.3333, 18.0, 16.0, 17.3333, 16.0, 17.3333, 16.0, 17.3333, 16.0, 17.3333, 16.0, 17.6667, 15.6667, 18.3333, 16.3333, 18.0, 15.6667, 18.6667, 16.0, 18.3333, 15.0, 18.6667, 15.0, 18.3333, 14.6667, 18.3333, 14.0, 18.3333, 13.6667, 18.3333, 12.6667, 18.3333, 11.3333, 20.6667, 10.0, 21.3333, 1.3333, 3.3333, 0.0, 1.0, -0.6667, -1.0, -1.0, -1.0, -0.6667, -1.0, 0.0, 0.0, 1.3333, 1.6667, 11.6667, 12.3333, 12.3333, 13.6667, 13.6667, 14.6667, 14.3333, 16.6667, 15.6667, 18.6667, 16.6667, 20.3333, 16.6667, 21.6667, 16.6667, 23.0, 16.6667, 24.6667, 16.6667, 25.3333, 16.6667, 26.3333, 16.6667, 27.0, 17.3333, 28.0, 17.3333, 28.0, 17.3333, 28.0, 17.0, 28.3333, 16.6667, 28.3333, 17.0, 28.3333, 17.3333, 27.6667, 17.3333, 27.3333, 18.3333, 27.3333, 19.0, 27.0, 19.0, 26.6667, 20.0, 26.3333, 20.3333, 26.3333, 20.6667, 26.6667, 21.3333, 27.0, 21.3333, 26.6667]",18.328276,12.336415,91.760558
197,197,5c:01:3b:6b:b0:95,-42,256,"[86.0, -32.0, 4.0, 0.0, 3.6667, 19.0, 3.6667, 18.3333, 4.0, 17.6667, 4.0, 17.6667, 4.0, 17.3333, 4.3333, 17.0, 4.3333, 16.3333, 4.6667, 15.6667, 4.6667, 15.6667, 5.0, 15.3333, 5.3333, 15.0, 5.0, 15.0, 5.3333, 15.3333, 5.3333, 15.0, 5.3333, 15.0, 5.3333, 15.3333, 5.0, 15.3333, 4.6667, 14.6667, 4.3333, 14.6667, 3.6667, 14.3333, 3.3333, 13.6667, 3.0, 13.0, 2.6667, 13.0, 2.3333, 12.3333, 1.6667, 12.3333, 0.3333, 2.6667, 0.0, 0.0, 0.0, 0.0, 0.0, 0.0, 0.0, 0.0, 0.0, 0.0, 0.0, 0.0, 0.0, 0.0, 0.0, 0.0, 0.0, 0.0, 0.3333, 2.6667, 3.3333, 11.6667, 3.3333, 12.3333, 3.0, 13.0, 2.6667, 13.6667, 2.3333, 14.0, 1.6667, 15.0, 1.6667, 15.3333, 1.0, 15.6667, 0.3333, 16.0, 0.0, 16.6667, -0.3333, 16.6667, -0.3333, 17.0, -0.3333, 16.3333, -0.3333, 16.3333, -0.6667, 16.3333, 0.0, 16.6667, 0.6667, 16.6667, 0.6667, 16.6667, 1.0, 16.6667, 1.6667, 17.3333, 2.0, 17.3333, 2.6667, 17.3333, 3.0, 17.6667, 3.0, 18.3333, 3.6667, 19.0, 4.0, 19.3333, 1.0, 10.3333, 5.0, 35.3333, 5.0, 35.3333, 4.6667, 34.3333, 5.0, 33.6667, 5.3333, 33.0, 5.6667, 32.3333, 6.0, 31.6667, 6.3333, 30.6667, 6.3333, 29.6667, 7.3333, 29.3333, 7.6667, 29.3333, 8.0, 29.0, 8.0, 29.3333, 8.0, 29.3333, 8.0, 29.0, 8.0, 29.0, 7.3333, 29.3333, 7.6667, 28.6667, 6.3333, 28.6667, 6.0, 27.3333, 5.0, 26.6667, 4.6667, 25.3333, 4.0, 24.6667, 3.6667, 24.3333, 3.0, 23.6667, 1.3333, 22.6667, -2.0, 21.3333, -3.3333, 21.3333, -1.0, 3.3333, -1.0, 1.0, -0.3333, -1.0, -1.0, -1.0, -0.3333, -1.0, 0.0, 0.6667, 0.6667, 3.3333, 6.3333, 21.0, 5.6667, 21.3333, 5.0, 22.6667, 4.3333, 24.0, 4.0, 25.0, 3.6667, 26.0, 2.3333, 27.0, 1.0, 28.0, -0.3333, 29.0, -1.3333, 29.3333, -2.0, 30.0, -2.3333, 30.3333, -2.3333, 31.0, -2.3333, 31.0, -2.6667, 31.0, -3.0, 31.0, -3.3333, 31.0, -3.0, 31.3333, -2.3333, 31.0, -1.6667, 30.6667, -0.6667, 31.3333, 0.3333, 31.6667, 1.0, 32.0, 2.3333, 32.3333, 3.6667, 33.3333, 4.0, 34.3333, 5.0, 35.0, 5.0, 35.3333]",20.305179,12.137239,91.760558
198,198,5c:01:3b:6b:b0:95,-38,256,"[86.0, -32.0, 4.0, 0.0, 0.6667, 17.3333, 0.6667, 17.0, 1.0, 16.6667, 1.3333, 16.3333, 1.3333, 16.0, 1.6667, 16.0, 1.3333, 15.3333, 1.6667, 15.0, 2.0, 15.0, 2.3333, 14.6667, 2.6667, 14.3333, 2.3333, 14.3333, 2.6667, 14.6667, 3.0, 14.3333, 3.0, 14.6667, 2.6667, 14.6667, 2.3333, 14.6667, 2.3333, 14.0, 2.0, 13.6667, 1.6667, 13.3333, 1.3333, 12.6667, 0.6667, 12.0, 0.6667, 12.0, 0.3333, 11.3333, 0.0, 11.3333, 0.0, 2.3333, 0.0, 0.0, 0.0, 0.0, 0.0, 0.0, 0.0, 0.0, 0.0, 0.0, 0.0, 0.0, 0.0, 0.0, 0.0, 0.0, 0.0, 0.0, -0.3333, 2.3333, 1.0, 11.0, 0.6667, 11.6667, 0.3333, 12.3333, 0.0, 12.6667, -0.3333, 13.0, -1.0, 13.6667, -1.3333, 14.0, -2.0, 14.0, -2.3333, 14.3333, -2.6667, 14.6667, -3.0, 15.0, -3.3333, 15.3333, -3.3333, 14.3333, -3.0, 14.3333, -3.3333, 14.3333, -2.6667, 14.6667, -2.0, 15.0, -2.0, 15.0, -2.0, 15.0, -1.0, 15.6667, -0.6667, 16.0, -0.3333, 15.6667, 0.0, 16.0, 0.0, 17.0, 0.3333, 18.0, 1.0, 18.0, -0.6667, 9.3333, 0.0, 32.0, -0.3333, 31.6667, -0.6667, 31.0, 0.0, 30.6667, 0.3333, 30.0, 0.6667, 29.3333, 1.6667, 29.0, 1.6667, 28.0, 2.0, 27.3333, 2.6667, 27.3333, 3.0, 27.6667, 3.3333, 27.6667, 3.6667, 28.0, 3.6667, 28.0, 3.6667, 27.6667, 3.6667, 27.3333, 3.0, 27.3333, 3.0, 26.6667, 2.3333, 26.3333, 2.3333, 25.3333, 1.3333, 24.3333, 1.0, 23.0, 0.6667, 22.3333, 0.3333, 22.0, -0.3333, 21.0, -1.6667, 20.3333, -5.0, 19.3333, -6.3333, 19.3333, -1.3333, 3.0, -1.3333, 0.6667, -0.3333, -1.0, -0.6667, -1.0, -0.3333, -1.0, -0.3333, 0.6667, 0.0, 3.0, 2.3333, 20.0, 1.6667, 20.0, 1.0, 21.3333, 0.3333, 22.0, 0.0, 22.6667, -0.6667, 23.3333, -2.0, 24.0, -3.3333, 24.6667, -4.6667, 25.3333, -5.6667, 26.0, -6.3333, 26.6667, -6.6667, 27.3333, -6.6667, 28.0, -7.0, 28.0, -7.3333, 28.0, -7.3333, 28.0, -7.6667, 28.0, -7.3333, 28.3333, -6.6667, 27.6667, -6.0, 27.0, -5.3333, 27.3333, -4.3333, 27.6667, -3.6667, 28.0, -2.6667, 28.6667, -1.3333, 29.6667, -1.0, 30.6667, -0.3333, 31.3333, -0.3333, 32.0]",18.490654,11.377833,91.760558
199,199,5c:01:3b:6b:b0:95,-38,256,"[86.0, -32.0, 4.0, 0.0, -9.6667, 19.6667, -9.6667, 19.3333, -8.6667, 19.3333, -7.6667, 18.6667, -7.6667, 18.6667, -6.6667, 18.6667, -6.6667, 18.3333, -5.6667, 18.3333, -4.6667, 18.3333, -4.3333, 18.3333, -3.6667, 18.3333, -3.6667, 18.3333, -3.3333, 18.6667, -2.6667, 18.3333, -2.6667, 19.0, -3.3333, 18.3333, -3.6667, 18.3333, -3.6667, 17.3333, -4.0, 16.3333, -4.3333, 15.6667, -5.3333, 14.6667, -6.3333, 13.6667, -6.3333, 13.6667, -6.3333, 12.6667, -6.6667, 12.3333, -1.6667, 2.3333, 0.0, 0.0, 0.0, 0.0, 0.0, 0.0, 0.0, 0.0, 0.0, 0.0, 0.0, 0.0, 0.0, 0.0, 0.0, 0.0, 0.0, 0.0, -1.6667, 3.0, -5.0, 14.0, -6.0, 14.3333, -7.0, 15.0, -8.0, 15.0, -9.0, 15.0, -10.0, 15.3333, -11.0, 15.3333, -12.0, 14.6667, -12.3333, 14.6667, -13.0, 14.6667, -13.3333, 15.3333, -14.0, 15.0, -14.0, 14.3333, -13.3333, 14.3333, -13.3333, 14.3333, -13.0, 14.6667, -12.0, 15.3333, -12.0, 15.6667, -12.0, 15.6667, -11.0, 16.6667, -11.0, 17.3333, -10.6667, 17.3333, -10.6667, 17.6667, -10.6667, 19.3333, -10.6667, 20.3333, -9.6667, 20.3333, -7.3333, 10.3333, -21.3333, 35.3333, -21.3333, 34.6667, -21.3333, 34.3333, -19.6667, 34.0, -18.6667, 33.3333, -17.6667, 32.6667, -15.6667, 32.6667, -14.6667, 32.3333, -13.0, 32.3333, -11.6667, 33.0, -10.3333, 34.0, -9.3333, 34.6667, -8.6667, 35.0, -8.6667, 35.0, -8.6667, 34.6667, -8.6667, 34.0, -9.6667, 33.3333, -10.3333, 32.3333, -11.0, 31.3333, -11.3333, 30.0, -12.3333, 28.0, -12.6667, 26.0, -13.0, 25.0, -13.0, 24.0, -14.0, 22.3333, -14.6667, 21.0, -18.6667, 18.0, -20.0, 17.0, -3.6667, 2.6667, -2.0, 0.3333, 0.0, -1.0, -0.3333, -1.0, 0.0, -1.0, -0.6667, 1.0, -1.3333, 4.3333, -7.0, 26.6667, -9.0, 25.6667, -11.3333, 26.3333, -13.3333, 25.6667, -15.3333, 25.6667, -17.3333, 25.6667, -19.3333, 25.6667, -21.3333, 25.3333, -23.3333, 25.3333, -24.6667, 25.6667, -25.6667, 25.6667, -26.3333, 26.3333, -26.6667, 26.6667, -27.3333, 26.6667, -27.6667, 26.6667, -27.6667, 26.6667, -27.6667, 26.6667, -27.6667, 27.3333, -26.6667, 27.0, -25.6667, 26.6667, -25.3333, 27.3333, -24.3333, 27.6667, -24.0, 28.6667, -23.0, 30.3333, -21.6667, 31.6667, -21.6667, 33.3333, -21.3333, 34.3333, -21.3333, 35.3333]",23.70318,13.570529,91.760558
200,200,5c:01:3b:6b:b0:95,-39,256,"[86.0, -32.0, 4.0, 0.0, -13.0, 16.6667, -13.0, 16.6667, -12.0, 16.6667, -11.0, 16.0, -11.0, 16.3333, -10.3333, 16.3333, -10.0, 16.3333, -9.0, 16.6667, -8.0, 16.6667, -7.6667, 16.6667, -7.0, 17.0, -7.0, 17.0, -7.0, 17.0, -6.0, 17.0, -6.3333, 17.6667, -7.0, 17.0, -7.0, 16.6667, -7.3333, 16.0, -7.3333, 15.0, -7.3333, 14.0, -8.3333, 13.0, -9.0, 12.0, -9.0, 11.6667, -8.6667, 10.6667, -8.6667, 10.3333, -2.3333, 1.6667, 0.0, 0.0, 0.0, 0.0, 0.0, 0.0, 0.0, 0.0, 0.0, 0.0, 0.0, 0.0, 0.0, 0.0, 0.0, 0.0, 0.0, 0.0, -2.0, 2.6667, -7.3333, 12.3333, -8.3333, 12.3333, -9.3333, 13.0, -10.3333, 12.6667, -11.3333, 12.6667, -12.3333, 12.3333, -13.3333, 12.3333, -14.3333, 11.3333, -14.3333, 11.3333, -15.3333, 11.0, -15.6667, 11.6667, -16.3333, 11.3333, -16.3333, 10.6667, -15.6667, 11.0, -15.6667, 11.0, -15.6667, 11.3333, -14.6667, 12.0, -14.6667, 12.3333, -14.6667, 12.3333, -13.6667, 13.3333, -13.6667, 14.3333, -13.6667, 14.6667, -13.6667, 14.6667, -13.6667, 16.3333, -13.6667, 17.0, -13.0, 17.3333, -9.6667, 8.6667, -28.0, 30.0, -28.0, 29.0, -28.0, 29.0, -26.3333, 28.6667, -25.0, 28.0, -24.0, 27.6667, -22.3333, 27.6667, -21.3333, 28.3333, -19.3333, 28.6667, -18.3333, 29.6667, -17.0, 31.0, -16.0, 32.0, -15.3333, 32.0, -15.3333, 32.0, -15.3333, 32.0, -15.3333, 31.0, -16.0, 30.3333, -17.0, 29.3333, -17.3333, 28.0, -17.3333, 26.6667, -18.0, 24.6667, -18.0, 22.6667, -18.0, 21.6667, -18.0, 20.6667, -18.6667, 18.6667, -18.6667, 17.3333, -22.0, 14.3333, -22.6667, 12.6667, -4.3333, 2.0, -2.0, 0.0, 0.0, -1.0, 0.0, -1.0, 0.0, -1.0, -1.0, 1.0, -2.3333, 4.0, -12.6667, 24.6667, -14.3333, 23.6667, -16.0, 23.3333, -18.0, 22.3333, -20.3333, 22.0, -22.3333, 21.3333, -24.0, 21.0, -26.0, 20.0, -28.0, 19.6667, -29.0, 19.6667, -30.0, 19.3333, -31.0, 20.0, -31.3333, 20.3333, -32.0, 20.3333, -32.3333, 20.3333, -32.3333, 20.3333, -32.3333, 20.3333, -32.3333, 20.6667, -31.3333, 20.6667, -30.3333, 20.3333, -30.3333, 21.3333, -29.6667, 21.6667, -29.6667, 22.6667, -28.6667, 24.6667, -27.6667, 26.0, -27.6667, 28.0, -27.6667, 29.0, -28.0, 30.0]",23.390346,13.531735,91.760558
201,201,5c:01:3b:6b:b0:95,-41,256,"[86.0, -32.0, 4.0, 0.0, -5.3333, 12.6667, -5.3333, 12.6667, -4.6667, 12.3333, -4.0, 12.0, -4.0, 12.3333, -3.6667, 12.0, -3.3333, 12.0, -2.6667, 12.0, -2.0, 12.0, -2.0, 12.0, -1.6667, 12.3333, -1.6667, 12.3333, -1.3333, 12.3333, -0.6667, 12.0, -1.0, 12.3333, -1.3333, 12.3333, -1.3333, 12.0, -2.0, 11.6667, -2.0, 11.0, -2.3333, 10.3333, -3.0, 9.6667, -3.6667, 9.0, -3.6667, 9.0, -3.6667, 8.3333, -3.6667, 8.0, -1.3333, 1.3333, 0.0, 0.0, 0.0, 0.0, 0.0, 0.0, 0.0, 0.0, 0.0, 0.0, 0.0, 0.0, 0.0, 0.0, 0.0, 0.0, 0.0, 0.0, -0.6667, 1.6667, -2.3333, 9.0, -3.0, 9.0, -3.6667, 9.6667, -4.3333, 9.3333, -5.0, 9.6667, -5.6667, 9.3333, -6.3333, 9.6667, -7.0, 8.6667, -7.0, 8.6667, -7.6667, 8.0, -8.0, 8.3333, -8.3333, 8.0, -8.3333, 7.3333, -8.0, 8.0, -8.0, 8.0, -7.6667, 8.6667, -7.0, 9.0, -7.0, 9.6667, -7.0, 9.6667, -6.3333, 10.3333, -6.0, 11.0, -6.0, 11.3333, -6.0, 11.3333, -6.0, 12.6667, -5.6667, 13.0, -5.3333, 13.3333, -2.3333, 7.3333, -5.0, 26.0, -5.3333, 25.0, -5.3333, 25.0, -4.6667, 24.3333, -3.6667, 24.0, -3.0, 24.3333, -2.3333, 24.3333, -2.0, 25.3333, -1.0, 25.0, -0.6667, 25.0, 0.0, 25.6667, 0.3333, 25.6667, 0.6667, 25.6667, 0.6667, 25.6667, 0.6667, 25.6667, 0.6667, 25.3333, 0.3333, 25.0, -0.3333, 24.6667, -0.6667, 23.6667, -0.6667, 23.0, -1.3333, 22.0, -1.6667, 20.3333, -2.3333, 19.3333, -2.6667, 18.3333, -3.6667, 16.3333, -4.3333, 14.6667, -7.3333, 11.0, -8.0, 9.0, -2.0, 1.3333, -1.3333, 0.0, -0.3333, -1.0, -0.3333, -1.0, -0.3333, -1.0, -0.3333, 0.6667, -0.3333, 3.0, -0.3333, 19.3333, -1.0, 19.3333, -1.0, 19.6667, -2.0, 19.6667, -3.6667, 19.0, -5.0, 17.6667, -6.0, 17.0, -7.3333, 16.0, -8.6667, 15.3333, -9.6667, 14.6667, -10.3333, 13.6667, -10.6667, 14.0, -10.6667, 14.0, -11.0, 14.0, -11.3333, 14.0, -11.3333, 14.0, -11.3333, 14.0, -11.3333, 14.3333, -10.6667, 15.0, -10.0, 15.0, -9.3333, 16.6667, -8.6667, 17.3333, -8.0, 18.3333, -6.6667, 20.3333, -5.6667, 22.0, -5.3333, 24.0, -4.6667, 25.0, -5.0, 26.0]",14.836923,10.16446,91.760558
202,202,5c:01:3b:6b:b0:95,-41,256,"[86.0, -32.0, 4.0, 0.0, -2.6667, 8.6667, -2.6667, 8.6667, -2.3333, 8.0, -2.3333, 8.0, -2.3333, 8.3333, -2.3333, 7.6667, -2.3333, 7.6667, -2.3333, 7.3333, -2.0, 7.3333, -2.0, 7.3333, -2.3333, 7.6667, -2.3333, 7.6667, -2.0, 7.6667, -1.6667, 7.0, -2.0, 7.0, -2.0, 7.6667, -2.0, 7.3333, -2.3333, 7.3333, -2.0, 7.0, -2.3333, 6.6667, -2.3333, 6.3333, -2.3333, 6.0, -2.3333, 6.3333, -2.0, 6.0, -2.0, 5.6667, -1.0, 1.0, 0.0, 0.0, 0.0, 0.0, 0.0, 0.0, 0.0, 0.0, 0.0, 0.0, 0.0, 0.0, 0.0, 0.0, 0.0, 0.0, 0.0, 0.0, -0.3333, 0.6667, -1.3333, 5.6667, -1.6667, 5.6667, -1.6667, 6.3333, -2.0, 6.0, -2.0, 6.6667, -2.3333, 6.3333, -2.3333, 7.0, -2.3333, 6.0, -2.3333, 6.0, -2.3333, 5.0, -2.6667, 5.0, -2.3333, 5.0, -2.3333, 4.0, -2.6667, 5.0, -2.6667, 5.0, -2.3333, 6.0, -2.3333, 6.0, -2.3333, 7.0, -2.6667, 7.0, -2.3333, 7.3333, -2.0, 7.6667, -2.3333, 8.0, -2.6667, 8.0, -2.6667, 9.0, -2.3333, 9.0, -2.3333, 9.3333, 0.0, 6.0, 2.3333, 22.0, 1.6667, 21.0, 2.0, 21.0, 2.0, 20.0, 2.6667, 20.0, 2.6667, 21.0, 2.3333, 21.0, 2.0, 22.3333, 1.6667, 21.3333, 1.3333, 20.3333, 1.0, 20.3333, 0.6667, 19.3333, 0.6667, 19.3333, 0.6667, 19.3333, 0.6667, 19.3333, 1.0, 19.6667, 1.0, 19.6667, 1.0, 20.0, 1.3333, 19.3333, 1.6667, 19.3333, 1.6667, 19.3333, 1.6667, 18.0, 1.3333, 17.0, 1.3333, 16.0, 1.0, 14.0, 1.0, 12.0, 1.0, 9.0, 1.0, 7.0, -0.3333, 1.0, -0.6667, 0.0, -0.6667, -1.0, -0.3333, -1.0, -0.3333, -1.0, -0.3333, 0.3333, -0.6667, 2.0, -0.3333, 14.0, 0.0, 15.0, 1.6667, 16.0, 2.0, 17.0, 1.3333, 16.0, 1.3333, 14.0, 1.6667, 13.0, 1.3333, 12.0, 1.0, 11.0, 1.0, 10.0, 0.6667, 9.0, 1.0, 9.0, 0.6667, 9.0, 1.0, 9.0, 0.6667, 9.0, 0.6667, 9.0, 0.6667, 9.0, 0.6667, 9.0, 0.6667, 10.0, 0.6667, 10.0, 1.3333, 12.0, 1.3333, 13.0, 1.6667, 14.0, 2.3333, 16.0, 2.3333, 18.0, 2.3333, 20.0, 2.6667, 21.0, 2.3333, 22.0]",10.699325,9.634968,91.760558
203,203,5c:01:3b:6b:b0:95,-38,256,"[86.0, -32.0, 4.0, 0.0, 6.0, 2.0, 6.0, 2.0, 5.6667, 1.3333, 5.3333, 1.3333, 5.3333, 1.3333, 5.0, 0.6667, 4.6667, 0.6667, 4.0, 0.0, 4.0, -0.3333, 3.6667, -0.3333, 3.0, -0.3333, 3.0, -0.3333, 3.3333, -0.3333, 3.3333, -1.0, 3.3333, -1.0, 3.3333, -0.3333, 3.3333, -0.3333, 3.3333, 0.0, 3.6667, 0.0, 3.3333, 0.3333, 3.6667, 0.3333, 3.6667, 0.6667, 3.6667, 1.3333, 3.6667, 1.6667, 3.6667, 1.6667, 0.3333, 0.0, 0.0, 0.0, 0.0, 0.0, 0.0, 0.0, 0.0, 0.0, 0.0, 0.0, 0.0, 0.0, 0.0, 0.0, 0.0, 0.0, 0.0, 0.0, 0.6667, -0.6667, 3.6667, 0.6667, 3.6667, 0.6667, 4.3333, 1.3333, 4.3333, 1.3333, 4.6667, 2.0, 4.6667, 2.3333, 5.0, 3.0, 5.3333, 2.3333, 5.3333, 2.3333, 5.6667, 1.6667, 5.6667, 2.0, 6.0, 2.0, 6.0, 1.0, 5.6667, 1.6667, 5.6667, 1.6667, 6.3333, 2.3333, 6.0, 2.3333, 6.0, 3.0, 5.6667, 2.6667, 5.6667, 2.6667, 6.3333, 2.6667, 6.0, 2.3333, 5.6667, 2.3333, 5.6667, 3.0, 6.3333, 3.0, 6.3333, 2.6667, 8.0, 1.6667, 27.3333, 7.0, 26.3333, 6.3333, 26.6667, 6.3333, 26.0, 5.6667, 26.0, 5.6667, 25.3333, 6.3333, 24.3333, 6.3333, 23.3333, 6.3333, 21.3333, 4.6667, 20.3333, 3.0, 19.3333, 1.6667, 18.3333, 0.3333, 18.3333, 0.3333, 18.3333, 0.0, 18.3333, 0.0, 18.6667, 1.0, 18.6667, 1.3333, 19.0, 2.0, 19.3333, 2.3333, 19.6667, 3.6667, 19.6667, 5.0, 19.0, 5.0, 18.6667, 5.0, 18.3333, 5.0, 17.6667, 4.0, 17.0, 3.3333, 16.6667, 3.6667, 16.3333, 3.0, 2.3333, 0.3333, 0.0, -0.3333, -1.0, -0.6667, -1.0, -0.6667, -0.6667, -0.6667, 0.3333, -0.6667, 1.6667, -0.6667, 13.6667, 0.3333, 14.6667, 2.0, 17.0, 3.6667, 18.6667, 5.3333, 19.3333, 5.0, 20.0, 4.0, 20.6667, 3.3333, 21.0, 3.0, 21.3333, 2.6667, 21.3333, 2.3333, 21.3333, 2.0, 22.3333, 2.3333, 22.6667, 2.3333, 23.0, 2.3333, 23.0, 2.3333, 23.0, 2.3333, 23.0, 2.3333, 23.0, 2.0, 22.6667, 2.3333, 22.3333, 2.0, 23.6667, 3.0, 24.0, 3.3333, 25.0, 3.6667, 26.0, 4.6667, 26.0, 5.3333, 26.3333, 6.3333, 27.3333, 6.6667, 27.3333, 7.0]",12.405022,11.653377,91.760558
204,204,5c:01:3b:6b:b0:95,-38,256,"[86.0, -32.0, 4.0, 0.0, 1.0, -3.0, 1.0, -3.0, 0.6667, -3.3333, 0.0, -3.3333, 0.0, -3.3333, -0.3333, -3.6667, -1.0, -3.6667, -2.0, -4.0, -2.0, -4.6667, -2.0, -4.6667, -2.3333, -4.6667, -2.3333, -4.6667, -2.0, -4.6667, -2.0, -5.0, -2.0, -5.0, -2.0, -4.6667, -2.3333, -4.6667, -2.0, -4.0, -1.6667, -4.0, -1.6667, -3.3333, -1.0, -3.3333, -0.3333, -2.6667, -0.3333, -2.3333, 0.3333, -1.6667, 0.3333, -1.6667, -0.3333, -1.0, 0.0, 0.0, 0.0, 0.0, 0.0, 0.0, 0.0, 0.0, 0.0, 0.0, 0.0, 0.0, 0.0, 0.0, 0.0, 0.0, 0.0, 0.0, -0.3333, -1.3333, -0.3333, -2.6667, -0.3333, -2.6667, 0.6667, -2.3333, 0.6667, -2.3333, 1.3333, -2.0, 1.3333, -1.3333, 2.0, -1.0, 2.6667, -1.3333, 2.6667, -1.3333, 3.3333, -1.6667, 3.3333, -1.0, 4.0, -1.0, 4.0, -2.0, 3.3333, -1.6667, 3.3333, -1.6667, 3.6667, -1.3333, 3.0, -1.3333, 3.0, -1.0, 2.3333, -1.6667, 2.3333, -1.6667, 2.6667, -1.6667, 2.0, -2.3333, 1.3333, -2.3333, 1.3333, -2.0, 1.6667, -2.0, 1.6667, -2.6667, 3.0, -2.6667, 11.6667, -8.0, 10.6667, -8.3333, 11.3333, -8.3333, 11.0, -8.6667, 11.0, -8.6667, 10.0, -8.3333, 9.0, -8.3333, 8.0, -9.3333, 5.6667, -10.6667, 4.6667, -12.0, 3.3333, -13.6667, 2.3333, -14.3333, 2.3333, -14.3333, 2.3333, -15.0, 2.3333, -15.0, 3.0, -14.0, 3.0, -13.3333, 3.6667, -13.0, 4.6667, -12.3333, 5.3333, -10.6667, 6.0, -9.0, 6.0, -8.0, 6.6667, -7.0, 7.0, -6.0, 7.3333, -6.0, 8.0, -5.3333, 10.3333, -1.6667, 10.6667, -1.0, 1.6667, -0.3333, 0.0, -0.6667, -1.0, -0.3333, -0.6667, -0.3333, -0.3333, -0.3333, -0.3333, -1.3333, -0.6667, -2.3333, 1.3333, -9.3333, 2.3333, -8.0, 4.6667, -7.6667, 6.6667, -6.3333, 7.6667, -6.0, 9.0, -6.0, 10.3333, -6.3333, 11.0, -6.0, 11.6667, -5.6667, 12.6667, -5.3333, 12.6667, -5.0, 13.6667, -4.3333, 13.3333, -4.3333, 14.0, -4.3333, 14.0, -4.3333, 14.0, -4.3333, 14.0, -4.3333, 14.0, -5.0, 13.3333, -5.3333, 12.6667, -6.0, 13.3333, -6.0, 13.0, -6.3333, 13.0, -6.6667, 13.0, -6.6667, 12.0, -7.3333, 11.6667, -7.3333, 11.6667, -7.6667, 11.6667, -8.0]",7.871544,9.1188,91.760558
205,205,5c:01:3b:6b:b0:95,-37,256,"[86.0, -32.0, 4.0, 0.0, 6.0, -4.3333, 6.0, -4.6667, 5.3333, -4.6667, 5.0, -5.0, 5.0, -5.0, 4.3333, -5.0, 4.0, -5.3333, 3.0, -5.6667, 3.0, -6.3333, 3.0, -6.6667, 2.6667, -7.0, 2.6667, -7.0, 3.0, -7.0, 3.0, -6.6667, 3.0, -6.6667, 3.0, -6.6667, 2.6667, -6.3333, 2.6667, -5.6667, 2.6667, -5.3333, 2.6667, -4.6667, 3.0, -4.3333, 3.3333, -3.6667, 3.3333, -3.3333, 3.6667, -2.6667, 3.6667, -2.3333, 0.3333, -1.3333, 0.0, 0.0, 0.0, 0.0, 0.0, 0.0, 0.0, 0.0, 0.0, 0.0, 0.0, 0.0, 0.0, 0.0, 0.0, 0.0, 0.0, 0.0, 0.3333, -1.6667, 3.3333, -4.6667, 3.3333, -4.3333, 4.3333, -4.0, 4.3333, -3.6667, 5.0, -3.3333, 5.0, -2.3333, 5.3333, -2.3333, 6.0, -2.0, 6.0, -1.6667, 6.3333, -1.6667, 6.6667, -0.6667, 7.0, -0.6667, 7.0, -1.3333, 6.6667, -1.3333, 6.6667, -1.3333, 7.0, -1.3333, 6.6667, -1.6667, 6.3333, -1.6667, 6.0, -2.3333, 6.3333, -2.6667, 6.6667, -2.6667, 6.3333, -3.3333, 5.6667, -3.6667, 6.0, -4.0, 6.3333, -4.0, 6.3333, -4.6667, 8.0, -3.6667, 28.0, -12.3333, 27.0, -12.3333, 27.0, -12.3333, 26.3333, -12.3333, 26.0, -12.6667, 25.0, -12.6667, 24.0, -13.0, 23.0, -15.0, 20.3333, -16.3333, 19.3333, -17.6667, 18.6667, -19.3333, 17.6667, -19.6667, 17.6667, -19.6667, 17.6667, -20.3333, 17.6667, -20.0, 18.0, -19.3333, 18.0, -18.3333, 18.3333, -18.3333, 18.3333, -17.3333, 18.6667, -15.6667, 19.0, -14.0, 18.0, -12.3333, 18.3333, -10.6667, 18.0, -9.3333, 17.6667, -8.3333, 17.3333, -6.6667, 17.3333, -0.3333, 16.6667, 1.3333, 2.6667, 0.0, 0.0, -0.6667, -1.0, -0.3333, -1.3333, 0.0, -0.6667, -0.3333, 0.3333, -1.6667, 1.6667, -3.0, 13.6667, -13.3333, 14.6667, -12.0, 16.3333, -12.6667, 18.3333, -11.3333, 19.6667, -10.0, 21.0, -8.6667, 22.0, -8.0, 22.3333, -6.6667, 23.0, -5.6667, 23.3333, -4.3333, 23.6667, -3.3333, 24.3333, -2.6667, 24.6667, -2.6667, 25.3333, -2.3333, 25.0, -2.3333, 25.0, -2.0, 25.0, -2.0, 25.3333, -2.6667, 24.6667, -3.6667, 24.3333, -4.6667, 25.3333, -5.3333, 25.3333, -6.3333, 26.0, -7.3333, 26.6667, -8.3333, 26.6667, -10.3333, 27.0, -11.3333, 27.6667, -12.0, 28.0, -12.6667]",14.457574,12.342208,91.760558
206,206,5c:01:3b:6b:b0:95,-41,256,"[86.0, -32.0, 4.0, 0.0, 7.3333, 5.0, 7.3333, 4.6667, 7.0, 4.3333, 6.6667, 3.6667, 6.6667, 3.6667, 6.3333, 3.3333, 6.0, 2.6667, 5.3333, 2.0, 5.3333, 1.6667, 5.6667, 1.0, 5.6667, 0.6667, 5.6667, 0.6667, 6.0, 0.6667, 6.0, 1.0, 6.0, 1.0, 6.0, 1.0, 5.6667, 1.3333, 5.3333, 1.6667, 5.0, 2.0, 4.6667, 2.3333, 4.6667, 2.6667, 4.6667, 3.0, 4.3333, 3.3333, 4.3333, 3.6667, 4.0, 4.0, 0.6667, 0.3333, 0.0, 0.0, 0.0, 0.0, 0.0, 0.0, 0.0, 0.0, 0.0, 0.0, 0.0, 0.0, 0.0, 0.0, 0.0, 0.0, 0.0, 0.0, 1.0, -0.3333, 5.0, 1.0, 5.0, 1.6667, 5.6667, 2.3333, 5.6667, 3.3333, 6.3333, 4.0, 6.0, 5.0, 6.3333, 5.0, 6.6667, 5.3333, 6.6667, 5.6667, 7.0, 5.6667, 7.3333, 6.3333, 7.6667, 6.3333, 7.3333, 6.0, 7.0, 6.0, 7.3333, 6.0, 7.3333, 6.0, 7.0, 6.0, 7.0, 6.0, 6.6667, 6.0, 7.3333, 5.6667, 7.3333, 6.0, 7.3333, 5.3333, 6.6667, 5.0, 7.3333, 5.0, 7.6667, 5.3333, 7.6667, 5.0, 6.6667, 2.3333, 23.6667, 8.0, 22.6667, 7.6667, 22.3333, 7.6667, 21.6667, 7.3333, 21.3333, 6.6667, 21.0, 6.3333, 20.3333, 5.6667, 19.6667, 4.0, 18.3333, 2.3333, 17.6667, 1.0, 17.3333, -0.3333, 17.0, -1.0, 17.0, -1.0, 17.0, -1.3333, 17.0, -1.0, 17.3333, -0.6667, 17.0, 0.0, 17.0, 0.0, 17.0, 1.0, 16.6667, 2.0, 16.3333, 3.0, 15.3333, 3.6667, 15.3333, 4.6667, 14.6667, 5.0, 14.3333, 5.0, 14.0, 5.6667, 14.3333, 7.6667, 13.3333, 8.0, 2.0, 1.0, 0.0, -0.3333, -1.0, -0.6667, -1.0, -0.3333, -0.6667, -0.6667, 0.3333, -1.0, 1.6667, -1.0, 13.6667, -1.3333, 14.0, 0.3333, 14.6667, 1.0, 16.0, 2.6667, 16.6667, 4.6667, 17.6667, 5.6667, 18.6667, 6.3333, 18.6667, 7.3333, 19.3333, 7.6667, 19.6667, 8.6667, 20.0, 9.3333, 20.0, 9.6667, 20.3333, 9.6667, 21.0, 10.3333, 20.3333, 10.0, 20.3333, 10.3333, 20.3333, 10.6667, 20.6667, 10.3333, 20.3333, 10.0, 20.0, 9.3333, 20.6667, 9.3333, 21.0, 9.0, 21.3333, 8.6667, 22.0, 8.3333, 22.0, 7.6667, 22.3333, 7.3333, 22.6667, 7.6667, 23.3333, 7.3333]",12.464845,10.428495,91.760558
207,207,5c:01:3b:6b:b0:95,-38,256,"[86.0, -32.0, 4.0, 0.0, 13.6667, 14.3333, 13.6667, 14.0, 13.3333, 13.3333, 13.3333, 12.3333, 13.3333, 12.3333, 13.0, 11.6667, 13.0, 10.6667, 12.6667, 9.6667, 12.6667, 9.6667, 13.3333, 8.6667, 13.0, 8.3333, 13.0, 8.3333, 13.0, 8.3333, 13.0, 8.6667, 13.0, 8.6667, 13.0, 8.6667, 13.0, 9.0, 12.3333, 9.0, 11.6667, 9.3333, 11.0, 9.3333, 10.3333, 9.6667, 9.6667, 9.6667, 9.0, 10.0, 8.3333, 10.0, 7.6667, 10.3333, 1.6667, 2.0, 0.0, 0.0, 0.0, 0.0, 0.0, 0.0, 0.0, 0.0, 0.0, 0.0, 0.0, 0.0, 0.0, 0.0, 0.0, 0.0, 0.0, 0.0, 2.3333, 1.0, 10.3333, 6.6667, 10.3333, 7.6667, 10.6667, 8.6667, 10.6667, 10.3333, 11.0, 11.3333, 10.3333, 12.3333, 10.3333, 12.6667, 10.0, 13.0, 10.0, 13.6667, 10.0, 14.0, 10.3333, 14.3333, 10.3333, 14.6667, 9.6667, 14.3333, 9.6667, 14.3333, 10.3333, 14.3333, 10.3333, 14.3333, 10.3333, 14.3333, 10.6667, 14.0, 10.6667, 14.6667, 11.6667, 14.3333, 11.6667, 14.6667, 12.3333, 14.0, 12.0, 13.6667, 13.0, 14.0, 13.6667, 14.6667, 13.6667, 14.6667, 10.3333, 8.6667, 35.0, 28.6667, 34.0, 28.3333, 33.0, 28.0, 32.0, 27.3333, 31.6667, 26.3333, 32.0, 25.3333, 31.6667, 24.3333, 31.3333, 23.0, 31.0, 21.0, 30.6667, 19.6667, 31.3333, 18.6667, 31.6667, 17.6667, 31.6667, 17.6667, 31.6667, 17.6667, 31.6667, 18.0, 31.6667, 18.0, 31.0, 18.3333, 30.3333, 18.3333, 29.3333, 19.3333, 28.0, 19.6667, 26.6667, 20.0, 24.6667, 19.6667, 24.0, 20.0, 22.3333, 19.3333, 21.3333, 19.0, 19.6667, 19.0, 17.6667, 19.0, 15.6667, 18.6667, 2.0, 2.6667, 0.0, 0.3333, -1.0, -1.0, -1.3333, -0.6667, -1.0, -1.0, 1.0, -0.3333, 4.0, 1.0, 26.0, 10.6667, 25.6667, 12.6667, 24.6667, 14.6667, 25.3333, 16.6667, 25.3333, 19.3333, 25.3333, 20.6667, 25.6667, 22.0, 25.0, 23.3333, 25.3333, 24.0, 24.6667, 25.0, 25.0, 25.6667, 24.3333, 25.6667, 25.3333, 26.0, 25.6667, 27.0, 24.6667, 26.6667, 24.6667, 27.0, 24.6667, 27.3333, 25.0, 27.3333, 25.3333, 27.3333, 25.3333, 26.6667, 26.3333, 27.3333, 27.6667, 27.0, 28.6667, 27.0, 30.3333, 27.0, 31.3333, 26.6667, 32.3333, 27.0, 33.3333, 27.6667, 34.3333, 28.0]",23.292254,14.4848,91.760558
208,208,5c:01:3b:6b:b0:95,-41,256,"[86.0, -32.0, 4.0, 0.0, 8.3333, 20.0, 8.3333, 20.0, 8.6667, 19.0, 9.0, 18.0, 9.0, 18.0, 9.3333, 17.0, 9.3333, 16.0, 9.6667, 15.0, 10.0, 15.0, 10.6667, 14.0, 11.0, 14.0, 11.0, 14.0, 11.0, 14.0, 11.0, 14.0, 11.0, 14.0, 11.0, 14.0, 11.0, 14.0, 10.0, 14.0, 9.3333, 14.0, 8.3333, 14.0, 7.3333, 14.0, 6.3333, 14.0, 5.6667, 14.0, 5.0, 14.0, 4.3333, 14.0, 1.0, 3.0, 0.0, 0.0, 0.0, 0.0, 0.0, 0.0, 0.0, 0.0, 0.0, 0.0, 0.0, 0.0, 0.0, 0.0, 0.0, 0.0, 0.0, 0.0, 1.6667, 2.0, 7.6667, 11.0, 7.3333, 12.0, 7.0, 13.0, 6.6667, 15.0, 6.6667, 16.0, 5.6667, 17.0, 5.3333, 17.6667, 4.3333, 17.6667, 4.3333, 18.3333, 4.0, 19.0, 3.6667, 19.0, 3.6667, 19.6667, 3.0, 19.0, 3.0, 19.0, 3.6667, 19.0, 3.6667, 19.0, 4.0, 19.3333, 4.6667, 18.6667, 5.0, 19.6667, 5.6667, 19.6667, 6.0, 20.0, 7.0, 19.0, 7.0, 19.0, 7.6667, 20.0, 8.3333, 21.0, 8.3333, 21.0, 5.0, 11.6667, 17.3333, 38.6667, 16.6667, 38.3333, 16.0, 37.6667, 15.6667, 36.6667, 15.6667, 35.6667, 16.6667, 34.0, 17.0, 33.0, 17.3333, 32.0, 18.6667, 30.0, 19.3333, 29.0, 20.3333, 28.0, 21.3333, 27.0, 21.3333, 27.0, 21.3333, 27.0, 21.3333, 27.0, 21.3333, 27.0, 20.6667, 27.0, 19.6667, 27.0, 18.6667, 28.0, 17.0, 28.0, 15.3333, 28.0, 13.6667, 27.0, 12.6667, 27.0, 11.0, 26.0, 10.0, 25.3333, 8.3333, 25.0, 6.6667, 23.6667, 5.0, 23.0, 0.0, 3.3333, -0.3333, 0.6667, -0.6667, -1.0, -1.0, -1.0, -0.6667, -1.0, 0.6667, 0.0, 2.6667, 2.0, 18.3333, 17.0, 17.0, 19.0, 14.6667, 22.0, 14.0, 24.0, 12.6667, 27.0, 11.3333, 28.3333, 10.6667, 29.6667, 9.6667, 31.0, 9.0, 32.0, 8.0, 32.6667, 7.6667, 33.3333, 6.6667, 33.3333, 7.3333, 34.0, 7.3333, 35.0, 6.3333, 34.6667, 6.3333, 34.6667, 6.3333, 35.0, 6.3333, 35.0, 7.3333, 35.3333, 7.6667, 34.6667, 8.6667, 35.6667, 10.3333, 35.3333, 11.3333, 35.6667, 13.0, 36.0, 14.0, 36.0, 14.6667, 37.0, 15.6667, 37.6667, 16.3333, 38.3333]",23.216295,13.469751,91.760558
209,209,5c:01:3b:6b:b0:95,-38,256,"[86.0, -32.0, 4.0, 0.0, 1.6667, 15.0, 1.6667, 15.0, 2.3333, 14.3333, 3.0, 13.6667, 3.0, 13.6667, 3.6667, 13.0, 3.6667, 12.3333, 4.3333, 12.0, 5.0, 12.0, 5.3333, 11.3333, 6.0, 11.3333, 6.0, 11.6667, 6.0, 11.6667, 6.0, 11.3333, 6.0, 11.3333, 6.0, 11.3333, 6.0, 11.3333, 5.0, 11.3333, 4.6667, 11.0, 3.6667, 11.0, 2.6667, 10.6667, 1.6667, 10.6667, 1.3333, 10.6667, 1.0, 10.3333, 0.6667, 10.3333, 0.0, 2.0, 0.0, 0.0, 0.0, 0.0, 0.0, 0.0, 0.0, 0.0, 0.0, 0.0, 0.0, 0.0, 0.0, 0.0, 0.0, 0.0, 0.0, 0.0, 0.3333, 1.6667, 3.3333, 8.6667, 2.6667, 9.3333, 2.0, 9.6667, 1.3333, 11.0, 1.3333, 11.6667, 0.3333, 12.3333, -0.3333, 12.6667, -1.3333, 12.6667, -1.3333, 13.3333, -2.0, 14.0, -2.6667, 14.0, -2.6667, 14.6667, -3.0, 13.6667, -3.0, 14.0, -2.6667, 14.0, -2.6667, 14.0, -2.0, 14.0, -1.6667, 13.3333, -1.0, 14.3333, -0.6667, 14.3333, 0.0, 14.3333, 1.0, 14.0, 1.0, 14.0, 1.3333, 14.6667, 1.6667, 15.6667, 1.6667, 15.6667, 1.0, 8.6667, 4.6667, 29.6667, 4.3333, 29.6667, 4.0, 29.0, 4.3333, 28.3333, 4.3333, 27.6667, 5.3333, 26.6667, 6.0, 26.0, 6.6667, 25.6667, 8.3333, 25.0, 9.6667, 24.6667, 10.6667, 24.3333, 11.6667, 24.3333, 11.6667, 24.3333, 11.6667, 24.6667, 11.6667, 24.3333, 11.6667, 24.3333, 11.3333, 24.0, 10.3333, 23.6667, 9.3333, 24.0, 8.0, 23.3333, 6.6667, 23.0, 5.3333, 21.6667, 4.3333, 21.3333, 3.0, 20.3333, 2.0, 19.6667, 0.6667, 19.0, -0.6667, 17.0, -2.0, 16.6667, -1.0, 2.3333, -0.6667, 0.3333, -0.3333, -1.0, -1.0, -1.0, -0.3333, -1.0, 0.0, 0.0, 1.3333, 2.0, 10.3333, 15.3333, 9.0, 16.0, 6.3333, 18.3333, 5.0, 19.0, 3.3333, 20.3333, 1.6667, 21.3333, 0.3333, 22.3333, -0.6667, 23.3333, -2.0, 24.3333, -3.0, 24.3333, -3.6667, 24.6667, -4.6667, 24.6667, -4.3333, 25.3333, -4.3333, 26.0, -5.3333, 26.0, -5.3333, 25.6667, -5.3333, 26.0, -5.3333, 26.0, -4.3333, 26.3333, -3.6667, 26.0, -2.6667, 26.6667, -1.3333, 26.3333, -0.3333, 27.0, 1.0, 27.6667, 2.0, 27.3333, 2.3333, 28.6667, 3.3333, 29.0, 3.6667, 29.6667]",17.059588,11.108249,91.760558
210,210,5c:01:3b:6b:b0:95,-37,256,"[86.0, -32.0, 4.0, 0.0, -7.6667, 10.0, -7.6667, 10.0, -6.6667, 9.6667, -6.0, 9.3333, -6.0, 9.3333, -5.0, 9.0, -5.0, 8.6667, -4.0, 9.0, -3.0, 9.0, -2.6667, 8.6667, -2.0, 8.6667, -2.0, 9.3333, -2.0, 9.3333, -2.0, 8.6667, -2.0, 8.6667, -2.0, 8.6667, -2.0, 8.6667, -3.0, 8.6667, -3.0, 8.0, -4.0, 8.0, -4.3333, 7.3333, -5.0, 7.3333, -5.0, 7.3333, -5.0, 6.6667, -5.0, 6.6667, -1.6667, 1.0, 0.0, 0.0, 0.0, 0.0, 0.0, 0.0, 0.0, 0.0, 0.0, 0.0, 0.0, 0.0, 0.0, 0.0, 0.0, 0.0, 0.0, 0.0, -1.3333, 1.3333, -3.3333, 6.3333, -4.3333, 6.6667, -5.0, 6.3333, -6.0, 7.0, -6.0, 7.3333, -7.0, 7.6667, -7.6667, 7.3333, -8.6667, 7.3333, -8.6667, 7.6667, -9.3333, 8.0, -10.0, 8.0, -10.3333, 8.3333, -10.3333, 7.3333, -10.3333, 8.0, -10.0, 8.0, -10.3333, 8.0, -9.3333, 8.0, -9.3333, 7.6667, -8.6667, 8.6667, -8.6667, 8.6667, -8.0, 8.6667, -7.6667, 9.0, -7.3333, 9.0, -7.3333, 9.3333, -7.6667, 10.3333, -7.6667, 10.3333, -5.6667, 5.3333, -16.0, 20.3333, -16.0, 20.3333, -15.6667, 20.0, -14.6667, 19.6667, -14.0, 19.3333, -13.0, 19.3333, -12.0, 19.0, -11.0, 19.3333, -9.0, 20.0, -7.3333, 20.3333, -6.0, 20.6667, -5.0, 21.6667, -5.0, 21.6667, -5.0, 22.3333, -5.0, 21.6667, -5.0, 21.6667, -5.0, 21.0, -6.0, 20.3333, -7.0, 20.0, -7.6667, 18.6667, -8.3333, 18.0, -9.0, 16.3333, -9.6667, 15.6667, -10.3333, 14.6667, -11.0, 13.3333, -12.0, 12.0, -13.6667, 7.0, -14.6667, 6.3333, -3.0, 0.6667, -1.3333, -0.3333, 0.0, -1.0, -0.6667, -1.0, 0.0, -1.0, -0.6667, 0.0, -1.0, 2.0, -3.3333, 13.6667, -5.0, 13.0, -7.3333, 14.6667, -9.3333, 14.0, -11.6667, 13.6667, -13.6667, 13.6667, -15.3333, 13.6667, -16.6667, 13.6667, -18.6667, 13.6667, -20.0, 12.6667, -21.0, 12.3333, -21.6667, 12.3333, -22.0, 12.6667, -22.0, 13.0, -23.0, 13.0, -23.0, 12.3333, -23.0, 13.0, -23.3333, 13.0, -22.3333, 13.6667, -21.3333, 14.0, -20.3333, 14.3333, -19.6667, 14.6667, -19.0, 16.0, -18.0, 17.3333, -17.0, 17.6667, -17.0, 19.3333, -16.3333, 20.0, -16.3333, 20.3333]",14.826953,10.614497,91.760558
211,211,5c:01:3b:6b:b0:95,-38,256,"[86.0, -32.0, 4.0, 0.0, -2.6667, 7.0, -3.0, 7.0, -2.3333, 6.6667, -2.3333, 6.6667, -2.6667, 6.6667, -2.0, 6.3333, -2.3333, 6.0, -2.0, 6.3333, -1.6667, 6.0, -1.3333, 6.0, -1.3333, 5.6667, -1.3333, 6.3333, -1.3333, 6.6667, -1.3333, 5.6667, -1.3333, 5.6667, -1.0, 6.0, -1.0, 6.3333, -1.6667, 6.3333, -1.6667, 5.6667, -2.3333, 5.6667, -2.0, 5.0, -2.0, 5.0, -2.0, 5.3333, -2.0, 4.6667, -2.0, 4.6667, -1.0, 0.6667, 0.0, 0.0, 0.0, 0.0, 0.0, 0.0, 0.0, 0.0, 0.0, 0.0, 0.0, 0.0, 0.0, 0.0, 0.0, 0.0, 0.0, 0.0, -0.6667, 1.0, -1.3333, 4.3333, -2.0, 4.6667, -2.0, 4.0, -2.3333, 4.3333, -2.0, 4.6667, -2.3333, 5.3333, -2.6667, 4.6667, -3.0, 5.0, -2.6667, 5.3333, -2.6667, 5.6667, -2.6667, 5.6667, -3.0, 5.6667, -3.0, 5.0, -3.0, 5.6667, -2.6667, 5.6667, -3.3333, 5.6667, -2.6667, 5.6667, -3.0, 5.3333, -2.6667, 6.0, -3.0, 6.0, -2.6667, 6.0, -2.6667, 6.3333, -2.3333, 6.3333, -2.3333, 6.3333, -2.6667, 7.3333, -2.6667, 7.3333, -3.0, 3.3333, -7.6667, 14.6667, -7.6667, 14.6667, -7.6667, 14.3333, -7.3333, 14.3333, -7.0, 14.0, -6.6667, 14.3333, -6.0, 14.0, -6.0, 14.0, -5.3333, 15.0, -5.0, 15.0, -4.6667, 15.0, -4.3333, 16.3333, -4.6667, 16.3333, -4.3333, 17.0, -4.3333, 16.3333, -4.0, 16.3333, -4.0, 16.0, -4.3333, 15.3333, -4.6667, 15.3333, -5.0, 14.0, -5.0, 13.6667, -5.3333, 12.3333, -5.3333, 11.6667, -5.6667, 11.0, -5.6667, 10.0, -6.0, 8.6667, -7.0, 4.0, -7.3333, 3.0, -1.6667, 0.0, -1.0, -0.6667, -0.3333, -1.0, -0.6667, -1.0, -0.3333, -1.0, -1.0, 0.0, -1.0, 1.3333, -3.6667, 9.3333, -4.0, 8.6667, -4.0, 10.3333, -4.6667, 10.0, -5.6667, 9.3333, -6.3333, 9.3333, -6.6667, 9.3333, -7.0, 9.3333, -8.0, 9.0, -8.3333, 8.3333, -8.6667, 8.0, -8.6667, 8.3333, -9.0, 8.3333, -9.0, 8.6667, -9.6667, 8.6667, -9.3333, 8.0, -9.3333, 8.6667, -10.0, 8.6667, -9.3333, 9.3333, -9.0, 9.6667, -8.6667, 9.6667, -8.3333, 10.0, -8.3333, 11.3333, -8.0, 12.3333, -7.6667, 12.6667, -7.6667, 14.0, -7.6667, 14.6667, -7.6667, 14.3333]",9.356549,8.911513,91.760558
212,212,5c:01:3b:6b:b0:95,-41,256,"[86.0, -32.0, 4.0, 0.0, 2.6667, 9.0, 2.3333, 9.0, 2.6667, 8.3333, 2.3333, 8.3333, 2.0, 8.3333, 2.3333, 7.6667, 1.6667, 7.0, 1.6667, 6.6667, 2.0, 6.0, 2.3333, 6.0, 2.0, 5.3333, 1.6667, 5.6667, 2.0, 6.3333, 2.0, 5.3333, 2.0, 5.3333, 2.3333, 6.0, 2.3333, 6.6667, 1.6667, 6.6667, 1.6667, 6.3333, 1.0, 6.3333, 1.3333, 6.0, 1.6667, 6.0, 1.6667, 6.6667, 1.3333, 6.3333, 1.3333, 6.3333, -0.3333, 1.3333, 0.0, 0.0, 0.0, 0.0, 0.0, 0.0, 0.0, 0.0, 0.0, 0.0, 0.0, 0.0, 0.0, 0.0, 0.0, 0.0, 0.0, 0.0, 0.3333, 1.0, 1.6667, 4.6667, 1.3333, 5.3333, 1.6667, 5.0, 2.0, 5.6667, 2.3333, 6.3333, 2.3333, 7.6667, 2.3333, 7.3333, 2.3333, 8.0, 2.6667, 8.6667, 3.0, 9.3333, 3.3333, 9.3333, 3.0, 9.3333, 3.0, 9.0, 3.0, 9.3333, 3.3333, 9.3333, 2.6667, 9.3333, 3.0, 9.3333, 2.6667, 8.6667, 2.6667, 9.0, 2.6667, 9.0, 2.6667, 9.0, 2.3333, 8.6667, 3.0, 8.6667, 3.0, 8.6667, 3.0, 9.6667, 3.0, 9.6667, 2.0, 5.6667, 8.6667, 21.3333, 8.6667, 21.3333, 8.3333, 20.6667, 8.0, 20.6667, 8.3333, 19.6667, 8.0, 19.3333, 8.3333, 18.3333, 8.0, 17.6667, 7.6667, 17.3333, 7.6667, 16.3333, 7.6667, 15.6667, 7.6667, 16.0, 7.3333, 15.6667, 7.6667, 16.3333, 7.6667, 16.0, 7.6667, 16.0, 7.6667, 16.3333, 7.3333, 16.0, 7.0, 16.6667, 6.3333, 16.3333, 6.3333, 16.3333, 5.6667, 16.0, 5.6667, 15.6667, 5.0, 15.0, 4.6667, 15.0, 4.3333, 14.3333, 2.0, 11.3333, 1.3333, 10.6667, -0.3333, 1.3333, -0.6667, 0.0, -0.6667, -1.0, -0.6667, -1.0, -0.6667, -1.0, -0.3333, 0.0, 0.6667, 1.0, 5.3333, 9.3333, 5.3333, 10.0, 6.3333, 11.6667, 6.6667, 12.6667, 6.3333, 13.6667, 6.6667, 14.6667, 7.0, 15.6667, 7.0, 16.6667, 6.6667, 17.0, 6.6667, 17.0, 6.6667, 17.0, 7.0, 17.3333, 7.0, 17.3333, 7.0, 18.0, 6.6667, 17.6667, 7.0, 17.3333, 7.0, 17.6667, 6.3333, 18.0, 6.3333, 18.3333, 6.6667, 18.3333, 7.0, 18.6667, 7.6667, 19.3333, 7.6667, 20.0, 8.0, 20.3333, 8.3333, 20.0, 8.6667, 20.6667, 8.6667, 21.0, 9.0, 20.6667]",11.97329,9.896366,91.760558
213,213,5c:01:3b:6b:b0:95,-38,256,"[86.0, -32.0, 4.0, 0.0, 10.6667, 11.0, 10.3333, 11.0, 10.3333, 10.0, 10.0, 10.0, 9.6667, 10.0, 9.6667, 9.0, 8.6667, 8.0, 8.3333, 7.0, 8.6667, 6.0, 8.6667, 6.0, 8.3333, 5.0, 7.6667, 5.0, 8.3333, 6.0, 8.3333, 5.0, 8.3333, 5.0, 8.6667, 6.0, 8.6667, 7.0, 8.0, 7.0, 8.0, 7.0, 7.3333, 7.0, 7.0, 7.0, 7.3333, 7.0, 7.3333, 8.0, 6.6667, 8.0, 6.6667, 8.0, 1.0, 2.0, 0.0, 0.0, 0.0, 0.0, 0.0, 0.0, 0.0, 0.0, 0.0, 0.0, 0.0, 0.0, 0.0, 0.0, 0.0, 0.0, 0.0, 0.0, 1.6667, 1.0, 7.0, 5.0, 7.0, 6.0, 7.3333, 6.0, 8.3333, 7.0, 8.6667, 8.0, 9.0, 10.0, 9.0, 10.0, 9.3333, 11.0, 9.6667, 12.0, 10.0, 13.0, 10.3333, 13.0, 10.3333, 13.0, 10.3333, 13.0, 10.3333, 13.0, 10.3333, 13.0, 10.0, 13.0, 10.0, 13.0, 9.6667, 12.0, 9.6667, 12.0, 10.0, 12.0, 10.0, 12.0, 10.0, 11.0, 10.6667, 11.0, 10.6667, 11.0, 11.3333, 12.0, 11.3333, 12.0, 9.6667, 8.0, 33.0, 28.0, 33.0, 28.0, 32.0, 27.0, 31.0, 27.0, 30.6667, 25.3333, 29.6667, 24.3333, 29.6667, 22.6667, 29.0, 21.3333, 27.6667, 19.6667, 27.6667, 17.6667, 27.0, 16.3333, 26.6667, 15.6667, 26.3333, 15.0, 26.6667, 15.6667, 26.6667, 15.6667, 26.3333, 15.6667, 26.3333, 16.6667, 26.0, 16.6667, 25.6667, 18.0, 24.3333, 18.6667, 24.0, 19.0, 22.6667, 19.6667, 22.3333, 19.6667, 21.0, 19.0, 20.0, 19.6667, 19.6667, 19.0, 16.6667, 18.3333, 15.6667, 18.3333, 2.0, 2.6667, 0.0, 0.6667, -1.0, -1.0, -1.0, -1.0, -1.0, -1.0, 0.3333, 0.0, 3.3333, 0.6667, 20.0, 9.3333, 20.6667, 11.3333, 22.0, 13.0, 23.3333, 15.3333, 24.0, 18.0, 25.3333, 20.0, 26.0, 22.0, 26.6667, 23.3333, 27.0, 23.6667, 27.6667, 24.3333, 28.0, 25.0, 28.3333, 25.6667, 29.0, 25.6667, 29.0, 26.6667, 29.0, 26.3333, 29.3333, 26.3333, 29.3333, 26.3333, 29.0, 26.6667, 28.3333, 26.6667, 28.6667, 26.0, 29.0, 26.3333, 30.3333, 27.0, 30.6667, 27.3333, 31.0, 27.3333, 31.3333, 27.3333, 32.0, 27.3333, 32.3333, 27.3333, 33.0, 27.0]",21.333477,14.961001,91.760558
214,214,5c:01:3b:6b:b0:95,-38,256,"[86.0, -32.0, 4.0, 0.0, 3.0, 9.6667, 3.0, 9.3333, 3.0, 8.6667, 3.0, 8.6667, 3.0, 8.6667, 3.0, 7.6667, 2.6667, 7.0, 3.0, 6.0, 4.0, 5.3333, 4.3333, 5.3333, 4.3333, 4.3333, 3.6667, 4.3333, 4.3333, 5.0, 4.3333, 4.6667, 4.3333, 4.3333, 4.3333, 5.3333, 4.3333, 6.0, 3.3333, 6.0, 3.3333, 6.0, 2.3333, 6.3333, 1.6667, 6.3333, 2.0, 6.3333, 2.3333, 7.0, 2.0, 7.0, 2.0, 7.0, 0.0, 1.6667, 0.0, 0.0, 0.0, 0.0, 0.0, 0.0, 0.0, 0.0, 0.0, 0.0, 0.0, 0.0, 0.0, 0.0, 0.0, 0.0, 0.0, 0.0, 0.6667, 0.6667, 3.0, 4.3333, 2.6667, 5.0, 2.0, 5.3333, 2.3333, 6.0, 2.6667, 7.0, 2.6667, 8.3333, 3.0, 8.6667, 3.3333, 9.6667, 3.3333, 10.3333, 3.3333, 11.0, 3.3333, 11.3333, 3.6667, 11.3333, 3.6667, 11.3333, 3.6667, 11.0, 3.6667, 11.0, 3.3333, 11.3333, 3.3333, 11.0, 3.0, 10.3333, 3.0, 10.3333, 3.3333, 10.3333, 3.3333, 10.3333, 3.3333, 9.6667, 3.6667, 9.6667, 3.3333, 9.6667, 3.6667, 10.3333, 3.6667, 10.3333, 6.0, 9.0, 21.3333, 31.0, 21.3333, 31.0, 20.6667, 30.0, 20.0, 30.0, 20.0, 28.0, 19.0, 27.0, 19.0, 25.0, 18.6667, 24.0, 17.6667, 22.0, 18.0, 20.0, 17.3333, 19.0, 17.3333, 18.0, 17.3333, 17.0, 17.3333, 18.0, 17.3333, 18.0, 16.6667, 18.0, 17.0, 19.0, 16.6667, 19.0, 16.3333, 20.0, 15.6667, 21.0, 15.6667, 21.0, 15.0, 22.0, 14.6667, 22.0, 13.6667, 21.0, 12.6667, 21.3333, 12.6667, 20.0, 11.6667, 16.3333, 11.0, 16.0, 1.3333, 2.3333, 0.0, 0.6667, -1.0, -1.0, -0.6667, -1.0, -0.6667, -1.0, 0.3333, 0.0, 2.0, 1.0, 13.3333, 12.0, 14.0, 14.0, 13.3333, 15.0, 14.6667, 17.0, 15.0, 20.0, 16.0, 22.0, 16.3333, 24.0, 16.6667, 24.6667, 17.3333, 24.3333, 17.6667, 24.3333, 18.0, 24.6667, 18.0, 25.0, 18.6667, 25.3333, 18.6667, 26.0, 18.6667, 25.3333, 19.0, 25.3333, 18.6667, 25.3333, 18.6667, 25.6667, 17.6667, 25.6667, 18.0, 25.6667, 18.6667, 26.3333, 19.6667, 27.6667, 20.0, 28.3333, 20.0, 29.0, 20.3333, 30.0, 20.3333, 30.0, 20.6667, 30.0, 21.3333, 30.0]",17.075714,13.649056,91.760558
215,215,5c:01:3b:6b:b0:95,-41,256,"[86.0, -32.0, 4.0, 0.0, -5.0, -1.0, -5.0, -1.0, -5.0, -1.3333, -5.0, -1.3333, -5.0, -1.3333, -5.0, -2.0, -4.6667, -2.3333, -4.0, -3.0, -3.0, -3.0, -2.3333, -2.6667, -2.3333, -3.3333, -2.6667, -3.0, -2.3333, -3.0, -2.3333, -3.0, -2.3333, -3.3333, -2.3333, -2.6667, -2.3333, -2.6667, -3.3333, -2.6667, -3.3333, -2.3333, -4.3333, -2.0, -4.6667, -1.3333, -4.0, -1.0, -3.3333, -0.6667, -3.0, -0.3333, -3.0, 0.0, -1.0, -0.3333, 0.0, 0.0, 0.0, 0.0, 0.0, 0.0, 0.0, 0.0, 0.0, 0.0, 0.0, 0.0, 0.0, 0.0, 0.0, 0.0, 0.0, 0.0, -0.6667, -1.0, -2.0, -2.3333, -2.6667, -2.3333, -4.0, -2.0, -4.3333, -1.6667, -3.6667, -1.0, -3.6667, -0.3333, -3.0, 0.3333, -2.3333, 1.0, -2.3333, 1.3333, -2.3333, 1.6667, -2.3333, 2.0, -1.6667, 2.0, -1.6667, 2.0, -1.6667, 1.6667, -1.6667, 1.6667, -2.3333, 2.0, -2.3333, 1.6667, -3.0, 1.0, -3.0, 1.0, -3.3333, 0.6667, -3.3333, 0.3333, -3.3333, 0.0, -3.6667, 0.0, -4.3333, -0.3333, -4.6667, -0.6667, -4.6667, -0.6667, 0.0, 2.6667, 1.6667, 9.6667, 1.6667, 10.0, 1.3333, 9.3333, 1.0, 9.6667, 1.0, 8.3333, 0.0, 7.6667, 0.0, 6.3333, -0.6667, 5.3333, -1.6667, 3.6667, -2.0, 2.0, -3.3333, 0.6667, -3.3333, 0.0, -3.3333, -1.0, -3.3333, 0.0, -3.3333, 0.0, -3.6667, 0.3333, -3.0, 1.0, -2.6667, 1.3333, -2.3333, 2.3333, -1.6667, 3.6667, -0.6667, 4.6667, 0.0, 5.6667, 0.3333, 6.3333, 0.3333, 6.3333, 0.3333, 7.0, 1.3333, 6.0, 4.3333, 6.0, 5.0, 6.0, 0.6667, 0.6667, 0.0, 0.0, -1.0, -0.6667, -0.3333, -0.6667, -0.3333, -0.6667, -0.3333, -0.6667, -1.0, -1.0, -2.3333, -0.3333, -1.0, 1.3333, -2.3333, 1.3333, -0.6667, 3.0, 0.0, 5.0, 1.0, 6.6667, 1.6667, 8.3333, 2.3333, 8.3333, 3.6667, 8.0, 4.3333, 8.3333, 5.0, 8.6667, 5.0, 9.3333, 5.3333, 9.3333, 5.3333, 9.3333, 5.3333, 9.0, 6.0, 9.3333, 5.3333, 9.3333, 5.3333, 9.3333, 4.3333, 9.0, 4.0, 8.6667, 4.3333, 9.0, 4.3333, 9.3333, 4.0, 9.3333, 3.0, 9.6667, 2.6667, 10.3333, 1.6667, 9.6667, 1.3333, 9.3333, 1.6667, 9.0]",5.47964,8.266688,91.760558
216,216,5c:01:3b:6b:b0:95,-37,256,"[86.0, -32.0, 4.0, 0.0, -5.0, -11.6667, -4.6667, -11.3333, -4.6667, -11.3333, -4.6667, -11.3333, -4.6667, -11.3333, -4.6667, -11.6667, -4.0, -11.6667, -3.3333, -12.0, -2.3333, -11.3333, -2.0, -10.6667, -2.0, -11.0, -2.0, -10.3333, -2.0, -11.0, -2.3333, -10.6667, -2.0, -11.0, -2.0, -10.6667, -2.0, -11.3333, -2.6667, -11.3333, -3.0, -10.6667, -4.0, -10.3333, -4.3333, -9.0, -4.0, -8.3333, -3.3333, -8.3333, -3.0, -7.6667, -3.3333, -7.0, -1.0, -2.3333, 0.0, 0.0, 0.0, 0.0, 0.0, 0.0, 0.0, 0.0, 0.0, 0.0, 0.0, 0.0, 0.0, 0.0, 0.0, 0.0, 0.0, 0.0, -0.6667, -2.6667, -1.3333, -9.0, -2.0, -9.6667, -3.3333, -9.3333, -4.0, -9.3333, -3.6667, -9.0, -3.6667, -9.0, -3.3333, -8.0, -2.6667, -7.6667, -2.6667, -7.6667, -3.0, -7.6667, -3.0, -7.3333, -2.3333, -7.3333, -2.3333, -7.3333, -2.3333, -7.6667, -2.3333, -7.6667, -3.0, -7.3333, -2.6667, -7.6667, -3.3333, -8.3333, -3.3333, -8.3333, -3.6667, -9.0, -3.3333, -9.6667, -3.3333, -9.6667, -4.0, -9.6667, -4.3333, -10.3333, -4.6667, -11.6667, -4.6667, -11.6667, -2.6667, -3.6667, -7.0, -11.6667, -7.0, -11.0, -7.0, -11.3333, -7.0, -10.6667, -7.0, -11.3333, -7.6667, -11.6667, -7.3333, -12.3333, -8.0, -13.3333, -8.3333, -14.6667, -8.3333, -16.0, -9.3333, -17.6667, -9.0, -18.0, -9.0, -19.0, -9.0, -18.0, -9.0, -18.0, -9.3333, -17.3333, -9.0, -17.0, -8.6667, -16.3333, -8.3333, -15.3333, -7.6667, -13.6667, -7.0, -11.6667, -6.0, -10.6667, -5.6667, -9.3333, -5.3333, -8.3333, -5.0, -7.0, -4.3333, -7.0, -1.6667, -4.0, -1.0, -4.0, 0.0, -1.0, 0.0, -0.6667, -1.0, -0.3333, -0.3333, -0.3333, -0.3333, -0.3333, -0.6667, -1.3333, -2.0, -3.0, -7.0, -12.6667, -6.0, -11.3333, -7.0, -12.3333, -6.0, -11.0, -5.6667, -10.0, -5.3333, -8.6667, -5.0, -7.3333, -4.6667, -7.3333, -4.0, -7.0, -3.6667, -6.3333, -3.0, -6.3333, -3.0, -5.6667, -3.0, -6.0, -3.0, -6.6667, -3.0, -7.0, -2.6667, -6.3333, -3.3333, -6.3333, -3.0, -6.3333, -3.6667, -7.0, -4.0, -7.3333, -3.6667, -7.0, -4.0, -7.3333, -4.3333, -8.3333, -5.3333, -8.6667, -5.3333, -9.3333, -6.3333, -10.6667, -6.6667, -11.3333, -6.6667, -12.0]",10.223314,8.750367,91.760558
217,217,5c:01:3b:6b:b0:95,-41,256,"[86.0, -32.0, 4.0, 0.0, 4.0, -7.6667, 4.6667, -7.3333, 4.3333, -7.3333, 4.3333, -7.6667, 4.3333, -8.0, 4.3333, -8.0, 4.6667, -8.3333, 5.0, -8.6667, 5.3333, -8.3333, 5.3333, -7.6667, 5.3333, -8.0, 5.6667, -7.3333, 5.6667, -8.0, 5.3333, -7.6667, 5.6667, -7.6667, 5.6667, -7.6667, 5.3333, -8.3333, 4.6667, -8.3333, 4.3333, -7.6667, 4.0, -7.6667, 3.3333, -6.3333, 3.0, -6.0, 3.0, -5.6667, 3.0, -5.0, 2.3333, -4.3333, 0.3333, -1.6667, 0.0, 0.0, 0.0, 0.0, 0.0, 0.0, 0.0, 0.0, 0.0, 0.0, 0.0, 0.0, 0.0, 0.0, 0.0, 0.0, 0.0, 0.0, 0.6667, -2.0, 4.6667, -6.3333, 4.3333, -6.6667, 3.6667, -6.3333, 3.3333, -6.0, 3.3333, -5.6667, 3.0, -5.3333, 3.0, -4.3333, 3.3333, -4.3333, 3.0, -4.0, 2.6667, -3.6667, 3.0, -3.3333, 3.3333, -3.3333, 3.3333, -3.3333, 3.0, -3.3333, 3.0, -3.3333, 2.6667, -3.6667, 3.3333, -3.6667, 3.0, -4.6667, 3.3333, -4.3333, 3.3333, -5.0, 4.0, -6.0, 4.0, -6.0, 4.0, -6.0, 4.3333, -6.3333, 4.6667, -7.3333, 4.6667, -7.3333, 1.3333, -2.3333, 6.6667, -8.3333, 6.3333, -8.0, 6.3333, -8.3333, 6.0, -8.0, 6.0, -8.3333, 6.0, -8.6667, 6.3333, -9.3333, 6.3333, -10.3333, 6.6667, -11.6667, 7.0, -12.6667, 7.0, -14.3333, 7.6667, -14.3333, 8.0, -15.0, 8.0, -14.3333, 8.0, -14.3333, 7.3333, -13.6667, 7.0, -13.6667, 6.6667, -13.0, 6.3333, -12.3333, 5.6667, -11.0, 5.3333, -9.3333, 5.0, -9.0, 4.6667, -7.6667, 4.3333, -6.3333, 3.6667, -5.0, 3.3333, -4.6667, 1.3333, 1.6667, 1.0, 2.0, 0.0, 0.3333, 0.0, -0.3333, -1.0, -0.3333, -0.6667, -0.3333, -0.6667, -0.3333, 0.0, -1.0, 0.3333, -2.0, 4.6667, -8.3333, 4.6667, -7.3333, 5.0, -9.0, 5.0, -7.6667, 4.6667, -7.0, 4.6667, -6.0, 4.3333, -4.6667, 4.0, -4.0, 3.6667, -3.0, 3.3333, -2.0, 3.3333, -1.6667, 3.3333, -0.6667, 3.3333, -1.0, 3.6667, -1.3333, 3.6667, -1.3333, 3.6667, -0.6667, 3.3333, -0.6667, 3.6667, -0.6667, 3.3333, -1.6667, 3.6667, -2.3333, 4.3333, -2.3333, 4.6667, -3.0, 5.0, -4.3333, 5.0, -5.3333, 6.0, -6.6667, 6.3333, -7.6667, 6.6667, -8.0, 6.6667, -8.3333]",7.668074,8.522954,91.760558
218,218,5c:01:3b:6b:b0:95,-38,256,"[86.0, -32.0, 4.0, 0.0, 12.0, 5.6667, 13.0, 5.3333, 12.6667, 5.3333, 12.6667, 4.6667, 12.6667, 4.0, 12.6667, 4.0, 12.6667, 3.3333, 12.6667, 2.6667, 13.0, 2.3333, 12.6667, 2.6667, 12.6667, 2.0, 13.3333, 2.3333, 13.3333, 2.0, 13.0, 2.6667, 13.3333, 2.6667, 13.3333, 2.6667, 12.6667, 2.3333, 12.0, 2.3333, 11.3333, 2.6667, 11.0, 2.6667, 10.0, 3.3333, 9.0, 3.0, 8.6667, 3.6667, 8.0, 4.0, 7.0, 4.3333, 1.3333, 0.6667, 0.0, 0.0, 0.0, 0.0, 0.0, 0.0, 0.0, 0.0, 0.0, 0.0, 0.0, 0.0, 0.0, 0.0, 0.0, 0.0, 0.0, 0.0, 2.0, 0.0, 10.3333, 2.3333, 10.3333, 2.6667, 10.3333, 3.3333, 10.3333, 4.0, 9.6667, 4.6667, 9.3333, 5.3333, 8.6667, 6.3333, 8.6667, 6.3333, 8.3333, 7.0, 7.6667, 7.6667, 8.0, 8.3333, 8.0, 8.3333, 8.0, 8.3333, 7.6667, 8.3333, 7.6667, 8.3333, 7.6667, 7.6667, 8.6667, 7.6667, 8.6667, 6.6667, 9.0, 7.3333, 9.6667, 7.0, 10.6667, 6.0, 10.6667, 6.0, 11.0, 6.0, 12.0, 6.3333, 13.0, 6.3333, 13.0, 6.3333, 4.6667, 5.3333, 17.6667, 16.3333, 17.3333, 16.0, 17.3333, 15.3333, 17.0, 15.0, 17.0, 14.3333, 17.3333, 13.6667, 18.0, 12.3333, 18.3333, 11.3333, 19.3333, 9.6667, 20.6667, 8.6667, 21.6667, 7.3333, 22.6667, 7.3333, 23.0, 7.0, 23.0, 7.3333, 23.0, 7.3333, 22.0, 7.6667, 21.0, 7.6667, 20.0, 8.0, 19.0, 8.3333, 17.0, 9.0, 15.3333, 9.3333, 14.0, 9.0, 13.0, 9.6667, 12.0, 10.3333, 10.6667, 11.0, 9.0, 10.6667, 3.3333, 15.3333, 2.6667, 15.0, 0.0, 2.6667, 0.0, 0.3333, -1.0, -0.6667, -1.0, -0.6667, -1.0, -0.6667, 0.3333, 0.0, 2.3333, 1.0, 15.6667, 8.3333, 14.6667, 9.3333, 16.0, 8.0, 15.0, 9.6667, 14.0, 11.0, 13.3333, 12.0, 12.3333, 13.6667, 11.3333, 15.0, 9.6667, 16.0, 8.6667, 17.0, 8.3333, 17.6667, 8.3333, 18.6667, 8.3333, 19.0, 8.6667, 19.3333, 8.6667, 19.3333, 8.0, 19.6667, 8.0, 19.6667, 8.6667, 19.6667, 8.6667, 18.6667, 9.6667, 18.3333, 10.6667, 18.3333, 11.6667, 18.0, 12.6667, 17.3333, 13.6667, 16.3333, 15.6667, 15.6667, 17.0, 15.6667, 18.0, 16.0, 18.0, 16.3333]",14.632367,9.845143,91.760558
219,219,5c:01:3b:6b:b0:95,-38,256,"[86.0, -32.0, 4.0, 0.0, 12.6667, 14.0, 13.3333, 13.3333, 13.0, 13.0, 12.6667, 12.3333, 12.6667, 11.6667, 12.6667, 11.6667, 12.6667, 10.6667, 12.3333, 10.0, 12.3333, 9.0, 12.6667, 8.6667, 12.3333, 8.0, 13.0, 8.0, 13.3333, 8.0, 13.0, 9.0, 13.0, 9.0, 13.0, 9.0, 12.3333, 9.0, 11.6667, 9.0, 11.0, 9.0, 11.0, 9.3333, 10.0, 9.3333, 9.3333, 8.6667, 9.0, 9.3333, 8.3333, 9.3333, 7.6667, 9.6667, 1.6667, 2.0, 0.0, 0.0, 0.0, 0.0, 0.0, 0.0, 0.0, 0.0, 0.0, 0.0, 0.0, 0.0, 0.0, 0.0, 0.0, 0.0, 0.0, 0.0, 2.0, 1.3333, 10.0, 7.6667, 10.0, 8.3333, 10.0, 9.3333, 10.3333, 10.0, 10.0, 11.0, 9.6667, 11.6667, 9.3333, 12.6667, 9.3333, 13.0, 8.6667, 13.6667, 8.3333, 14.3333, 9.0, 15.0, 9.0, 15.0, 9.0, 15.0, 8.3333, 15.0, 8.3333, 15.0, 8.3333, 14.6667, 9.3333, 14.3333, 9.3333, 13.6667, 10.0, 14.3333, 10.3333, 14.3333, 11.0, 13.3333, 11.3333, 13.3333, 11.6667, 13.3333, 12.3333, 13.6667, 13.3333, 14.6667, 13.3333, 14.6667, 5.3333, 11.0, 20.3333, 34.6667, 19.6667, 34.0, 19.6667, 33.0, 19.0, 32.3333, 19.0, 31.3333, 19.6667, 30.3333, 20.0, 28.6667, 20.6667, 27.3333, 21.6667, 25.3333, 22.3333, 23.6667, 23.3333, 22.3333, 24.3333, 22.0, 25.0, 22.0, 25.0, 22.3333, 25.0, 22.3333, 24.0, 22.6667, 23.0, 22.6667, 22.0, 23.0, 21.0, 23.3333, 19.0, 23.6667, 17.6667, 23.0, 16.0, 22.3333, 15.0, 22.3333, 14.0, 22.3333, 12.3333, 23.0, 11.0, 22.6667, 5.0, 26.6667, 4.6667, 26.3333, 0.0, 4.6667, 0.0, 1.0, -1.0, -1.0, -1.0, -1.0, -1.0, -1.0, 0.6667, 0.6667, 2.6667, 3.0, 16.3333, 19.0, 15.3333, 20.3333, 17.0, 19.6667, 16.0, 21.6667, 15.0, 24.0, 14.6667, 25.6667, 13.6667, 27.6667, 12.6667, 29.6667, 11.3333, 31.0, 10.3333, 32.3333, 9.6667, 33.3333, 9.6667, 34.0, 9.6667, 34.6667, 10.3333, 35.3333, 10.3333, 35.3333, 10.0, 35.6667, 10.0, 35.6667, 10.3333, 36.0, 10.3333, 35.0, 11.3333, 35.0, 12.3333, 34.6667, 13.3333, 34.6667, 14.3333, 34.3333, 15.3333, 33.3333, 17.3333, 32.3333, 19.0, 33.0, 20.0, 33.6667, 20.0, 34.0]",21.920088,13.475969,91.760558
220,220,5c:01:3b:6b:b0:95,-38,256,"[86.0, -32.0, 4.0, 0.0, 9.6667, 9.0, 10.0, 8.6667, 10.0, 8.0, 9.6667, 7.6667, 9.6667, 7.3333, 10.0, 7.3333, 10.0, 6.3333, 9.6667, 6.0, 10.0, 5.0, 10.6667, 4.3333, 10.3333, 4.0, 10.6667, 4.0, 11.0, 4.0, 10.6667, 5.0, 10.6667, 5.0, 10.6667, 5.0, 10.0, 5.0, 9.6667, 5.0, 9.0, 5.0, 8.3333, 5.6667, 7.3333, 5.6667, 7.0, 5.3333, 7.0, 5.6667, 6.0, 5.6667, 5.6667, 6.3333, 1.0, 1.0, 0.0, 0.0, 0.0, 0.0, 0.0, 0.0, 0.0, 0.0, 0.0, 0.0, 0.0, 0.0, 0.0, 0.0, 0.0, 0.0, 0.0, 0.0, 1.6667, 0.6667, 7.6667, 4.3333, 7.6667, 4.6667, 7.6667, 5.6667, 8.0, 6.0, 7.6667, 7.0, 7.3333, 7.3333, 7.0, 8.3333, 7.0, 9.0, 6.3333, 9.3333, 6.0, 9.6667, 6.3333, 10.0, 6.3333, 10.0, 6.3333, 10.0, 6.0, 10.0, 6.0, 10.0, 6.0, 10.3333, 6.6667, 9.6667, 7.0, 9.3333, 7.3333, 9.6667, 7.6667, 9.6667, 8.3333, 8.6667, 8.6667, 8.6667, 8.6667, 8.6667, 9.3333, 8.3333, 10.0, 9.3333, 10.0, 9.3333, 4.0, 9.0, 16.6667, 28.3333, 16.0, 28.0, 16.0, 27.0, 15.6667, 26.6667, 16.0, 25.6667, 16.6667, 24.6667, 17.0, 23.3333, 18.0, 21.6667, 19.0, 19.6667, 20.3333, 17.3333, 21.3333, 15.6667, 22.3333, 15.0, 22.6667, 15.0, 22.6667, 15.6667, 22.6667, 15.6667, 22.0, 16.3333, 21.0, 16.3333, 20.0, 17.0, 18.6667, 17.6667, 16.6667, 18.3333, 15.0, 18.0, 13.6667, 17.6667, 12.6667, 17.6667, 11.6667, 17.6667, 10.3333, 19.0, 8.6667, 19.3333, 4.0, 24.3333, 4.3333, 24.6667, 0.0, 4.3333, 0.0, 1.0, -1.0, -1.0, -1.0, -1.0, -1.0, -1.0, 0.3333, 0.3333, 2.3333, 2.0, 15.3333, 13.0, 14.0, 14.6667, 15.3333, 14.3333, 14.0, 16.3333, 12.6667, 19.0, 12.0, 21.3333, 11.0, 23.3333, 9.6667, 25.3333, 8.3333, 27.0, 7.3333, 28.6667, 6.6667, 29.6667, 6.6667, 30.0, 7.0, 30.3333, 7.3333, 30.6667, 7.0, 30.6667, 6.6667, 31.3333, 6.3333, 31.3333, 6.6667, 32.0, 6.6667, 31.0, 7.6667, 31.0, 8.6667, 30.3333, 9.6667, 30.3333, 10.6667, 29.6667, 12.0, 28.6667, 14.3333, 26.6667, 15.6667, 27.0, 17.0, 27.3333, 17.0, 27.0]",17.594311,12.344699,91.760558
221,221,5c:01:3b:6b:b0:95,-38,256,"[86.0, -32.0, 4.0, 0.0, 7.6667, 4.0, 7.6667, 4.0, 7.6667, 3.0, 7.3333, 3.0, 7.3333, 3.0, 8.0, 3.0, 8.0, 2.0, 7.6667, 2.0, 7.6667, 1.0, 8.6667, 0.0, 8.3333, 0.0, 8.3333, 0.0, 8.6667, 0.0, 8.3333, 1.0, 8.3333, 1.0, 8.3333, 1.0, 7.6667, 1.0, 7.6667, 1.0, 7.3333, 1.0, 6.6667, 2.0, 5.6667, 2.0, 5.6667, 2.0, 5.6667, 2.0, 4.6667, 2.0, 4.6667, 3.0, 0.6667, 0.0, 0.0, 0.0, 0.0, 0.0, 0.0, 0.0, 0.0, 0.0, 0.0, 0.0, 0.0, 0.0, 0.0, 0.0, 0.0, 0.0, 0.0, 0.0, 1.3333, 0.0, 5.6667, 1.0, 5.6667, 1.0, 5.6667, 2.0, 6.0, 2.0, 6.0, 3.0, 5.3333, 3.0, 5.3333, 4.0, 5.3333, 5.0, 4.3333, 5.0, 4.3333, 5.0, 4.6667, 5.0, 4.6667, 5.0, 4.6667, 5.0, 4.3333, 5.0, 4.3333, 5.0, 4.3333, 6.0, 4.6667, 5.0, 5.3333, 5.0, 5.6667, 5.0, 5.6667, 5.0, 6.3333, 4.0, 6.6667, 4.0, 6.6667, 4.0, 7.3333, 3.0, 7.6667, 4.0, 7.6667, 4.0, 3.3333, 7.0, 15.6667, 22.0, 14.6667, 22.0, 14.6667, 21.0, 14.3333, 21.0, 15.0, 20.0, 16.0, 19.0, 16.0, 18.0, 17.6667, 16.0, 18.6667, 14.0, 20.0, 11.0, 21.0, 9.0, 22.0, 8.0, 22.3333, 8.0, 22.3333, 9.0, 22.3333, 9.0, 22.0, 10.0, 21.0, 10.0, 20.0, 11.0, 18.3333, 12.0, 16.3333, 13.0, 14.6667, 13.0, 13.3333, 13.0, 12.3333, 13.0, 11.3333, 13.0, 10.0, 15.0, 8.3333, 16.0, 2.3333, 22.0, 1.3333, 23.0, -0.3333, 4.0, -0.3333, 1.0, -1.0, -1.0, -1.0, -1.0, -1.0, -1.0, 0.3333, 0.0, 2.3333, 1.0, 15.0, 7.0, 13.3333, 9.0, 14.6667, 9.0, 13.0, 11.0, 11.3333, 14.0, 10.6667, 17.0, 9.6667, 19.0, 8.0, 21.0, 7.0, 23.0, 6.0, 25.0, 5.0, 26.0, 5.0, 26.0, 5.6667, 26.0, 6.0, 26.0, 5.3333, 26.0, 5.3333, 27.0, 4.6667, 27.0, 4.6667, 28.0, 4.6667, 27.0, 5.6667, 27.0, 6.6667, 26.0, 7.6667, 26.0, 8.6667, 25.0, 10.3333, 24.0, 13.0, 21.0, 14.3333, 21.0, 16.0, 21.0, 16.0, 20.0]",14.095172,11.623868,91.760558
222,222,5c:01:3b:6b:b0:95,-37,256,"[86.0, -32.0, 4.0, 0.0, -1.3333, 7.0, -1.0, 6.6667, -1.0, 6.0, -1.0, 5.6667, -1.0, 5.6667, 0.0, 5.6667, 0.0, 4.6667, 0.0, 4.6667, 0.0, 3.6667, 0.6667, 3.0, 0.6667, 3.0, 0.6667, 3.0, 0.6667, 3.0, 0.6667, 3.6667, 0.6667, 3.6667, 0.6667, 3.6667, 0.0, 3.6667, 0.0, 3.6667, 0.3333, 3.6667, -0.3333, 4.3333, -0.6667, 4.3333, -0.6667, 4.0, -0.3333, 4.0, -1.0, 4.0, -0.6667, 4.6667, -0.6667, 0.6667, 0.0, 0.0, 0.0, 0.0, 0.0, 0.0, 0.0, 0.0, 0.0, 0.0, 0.0, 0.0, 0.0, 0.0, 0.0, 0.0, 0.0, 0.0, -0.3333, 0.3333, -0.3333, 3.0, -0.6667, 3.3333, -0.6667, 4.3333, -0.6667, 4.3333, -0.6667, 5.3333, -1.3333, 5.3333, -1.6667, 6.3333, -1.6667, 7.0, -2.3333, 7.0, -2.3333, 7.0, -2.0, 7.0, -2.0, 7.0, -2.0, 7.0, -2.0, 7.0, -2.0, 7.0, -2.3333, 8.0, -2.3333, 7.3333, -1.6667, 7.0, -1.6667, 7.3333, -2.0, 7.3333, -1.3333, 6.6667, -1.3333, 6.6667, -1.3333, 6.6667, -0.6667, 6.0, -1.0, 7.0, -1.0, 7.0, -3.0, 7.3333, -5.3333, 24.6667, -6.0, 24.3333, -5.6667, 23.3333, -5.3333, 23.3333, -4.3333, 22.6667, -3.3333, 22.0, -2.6667, 21.3333, -1.0, 20.0, 0.3333, 19.0, 2.3333, 17.3333, 3.3333, 16.3333, 4.3333, 16.0, 4.3333, 16.0, 4.3333, 16.6667, 4.3333, 16.6667, 4.3333, 17.3333, 3.6667, 17.0, 3.0, 17.3333, 1.3333, 17.6667, 0.0, 17.6667, -1.3333, 17.3333, -1.6667, 16.6667, -2.3333, 16.0, -3.0, 15.6667, -3.3333, 16.3333, -4.6667, 16.6667, -6.0, 18.6667, -6.0, 18.6667, -1.3333, 3.0, -0.6667, 0.6667, -0.6667, -1.0, -0.6667, -1.0, -0.6667, -1.0, -0.3333, 0.3333, 0.0, 2.0, 2.0, 12.3333, 0.3333, 13.3333, 0.3333, 13.6667, -1.6667, 14.3333, -3.6667, 16.3333, -5.0, 18.0, -6.3333, 19.3333, -7.6667, 20.3333, -8.6667, 21.3333, -9.0, 22.6667, -9.6667, 23.0, -9.6667, 23.0, -9.0, 23.3333, -9.0, 23.3333, -9.3333, 23.3333, -9.6667, 24.0, -10.6667, 24.0, -11.0, 24.6667, -11.0, 24.3333, -10.3333, 24.6667, -10.0, 24.0, -9.6667, 24.3333, -9.6667, 24.0, -8.3333, 24.0, -6.3333, 22.3333, -5.6667, 23.0, -4.6667, 23.6667, -4.6667, 23.3333]",12.217441,11.326964,91.760558
223,223,5c:01:3b:6b:b0:95,-38,256,"[86.0, -32.0, 4.0, 0.0, -7.6667, 4.3333, -7.0, 3.6667, -7.0, 3.3333, -7.0, 3.0, -7.0, 3.0, -6.0, 3.3333, -6.0, 2.6667, -6.0, 2.6667, -6.0, 2.0, -5.6667, 1.6667, -5.6667, 2.0, -5.6667, 2.0, -5.6667, 2.0, -5.6667, 2.3333, -5.6667, 2.3333, -5.6667, 2.3333, -6.0, 2.3333, -6.0, 2.3333, -5.3333, 2.3333, -5.6667, 2.6667, -5.3333, 2.3333, -5.3333, 2.0, -4.6667, 2.3333, -5.0, 2.3333, -4.3333, 3.0, -1.3333, 0.3333, 0.0, 0.0, 0.0, 0.0, 0.0, 0.0, 0.0, 0.0, 0.0, 0.0, 0.0, 0.0, 0.0, 0.0, 0.0, 0.0, 0.0, 0.0, -1.6667, 0.0, -4.6667, 1.6667, -5.3333, 2.0, -5.3333, 2.3333, -5.3333, 2.3333, -5.3333, 3.3333, -5.6667, 3.6667, -6.3333, 4.3333, -6.3333, 5.0, -6.6667, 5.3333, -6.6667, 5.3333, -6.0, 5.6667, -6.0, 5.6667, -6.0, 5.6667, -6.0, 5.6667, -6.0, 5.6667, -6.6667, 6.0, -6.6667, 5.6667, -6.3333, 5.0, -6.3333, 5.3333, -7.0, 5.0, -6.6667, 4.3333, -6.6667, 4.3333, -6.6667, 4.3333, -6.3333, 4.0, -7.0, 4.3333, -7.0, 4.3333, -8.0, 4.0, -22.6667, 14.3333, -23.0, 14.3333, -22.3333, 13.6667, -21.6667, 13.3333, -20.6667, 13.0, -19.6667, 12.3333, -18.3333, 11.6667, -17.0, 10.6667, -15.3333, 10.0, -13.3333, 9.0, -12.3333, 8.0, -11.3333, 8.0, -11.3333, 7.6667, -11.3333, 8.0, -11.3333, 8.0, -11.3333, 8.3333, -11.6667, 8.3333, -12.0, 8.6667, -13.3333, 9.0, -14.0, 9.3333, -14.6667, 9.6667, -14.3333, 9.3333, -14.6667, 9.3333, -15.0, 9.3333, -14.6667, 9.6667, -15.3333, 10.3333, -13.3333, 11.0, -13.0, 11.3333, -2.3333, 1.6667, -1.0, 0.3333, -0.3333, -1.0, -0.3333, -0.6667, -0.3333, -0.6667, -0.6667, 0.0, -2.0, 0.6667, -10.0, 5.0, -11.3333, 5.6667, -12.3333, 7.0, -14.3333, 7.3333, -16.3333, 9.0, -18.0, 10.0, -19.6667, 11.3333, -20.3333, 12.0, -21.3333, 13.0, -21.0, 14.0, -21.3333, 14.3333, -21.3333, 14.6667, -21.0, 15.0, -21.0, 15.3333, -20.6667, 15.3333, -21.3333, 15.6667, -22.3333, 15.6667, -23.0, 15.6667, -23.0, 15.3333, -22.6667, 15.3333, -23.0, 14.6667, -23.3333, 14.6667, -24.3333, 14.3333, -23.6667, 14.3333, -22.6667, 13.3333, -22.3333, 13.6667, -22.3333, 14.3333, -22.3333, 14.0]",13.009672,11.267856,91.760558
224,224,5c:01:3b:6b:b0:95,-42,256,"[86.0, -32.0, 4.0, 0.0, -1.6667, 1.6667, -1.3333, 0.6667, -1.3333, 0.6667, -1.6667, 0.3333, -1.6667, 0.0, -1.3333, 0.3333, -1.6667, -0.3333, -2.0, -0.3333, -2.3333, -0.6667, -2.3333, -1.0, -2.3333, -0.6667, -2.6667, -0.6667, -2.6667, -1.0, -2.6667, -1.0, -2.6667, -1.0, -2.3333, -0.6667, -2.3333, -0.6667, -2.3333, -0.3333, -2.0, -0.3333, -2.0, 0.0, -1.3333, 0.0, -1.3333, 0.0, -1.0, 0.6667, -1.0, 0.6667, -0.3333, 1.3333, -0.3333, 0.0, 0.0, 0.0, 0.0, 0.0, 0.0, 0.0, 0.0, 0.0, 0.0, 0.0, 0.0, 0.0, 0.0, 0.0, 0.0, 0.0, 0.0, 0.0, -1.0, -0.6667, -1.3333, -0.3333, -1.6667, 0.0, -1.3333, 0.3333, -1.0, 0.3333, -0.6667, 1.3333, -0.3333, 2.0, -0.6667, 2.3333, -0.6667, 3.0, -0.3333, 3.6667, -0.3333, 3.6667, 0.6667, 4.3333, 0.6667, 4.3333, 0.6667, 4.3333, 0.6667, 4.3333, 0.6667, 4.3333, 0.0, 4.0, -0.3333, 4.0, -0.3333, 3.0, 0.0, 3.3333, -0.6667, 2.6667, -0.6667, 2.0, -0.6667, 2.0, -0.6667, 2.0, -0.3333, 2.0, -1.0, 1.6667, -1.0, 1.6667, -4.3333, 0.6667, -11.6667, 4.0, -11.6667, 4.3333, -11.3333, 4.0, -11.0, 3.3333, -10.6667, 3.3333, -10.6667, 2.6667, -9.6667, 2.0, -9.3333, 1.3333, -8.6667, 1.0, -7.6667, 0.6667, -7.3333, -0.3333, -7.0, 0.0, -6.6667, -0.6667, -6.6667, -0.6667, -7.0, -0.6667, -7.0, -0.6667, -6.6667, -0.3333, -6.6667, 0.0, -7.3333, 0.3333, -7.6667, 1.0, -7.6667, 2.0, -7.3333, 2.0, -7.6667, 2.6667, -8.0, 3.0, -7.6667, 3.0, -7.6667, 4.0, -3.0, 3.3333, -1.6667, 4.0, -0.3333, 0.3333, -0.3333, 0.0, -0.3333, -1.0, -0.3333, -0.3333, -0.3333, -0.3333, -0.3333, -0.3333, -1.3333, -0.6667, -6.6667, -2.3333, -7.0, -2.0, -7.3333, 0.3333, -8.0, 0.3333, -8.6667, 1.6667, -9.3333, 2.0, -10.3333, 3.3333, -9.6667, 3.6667, -9.6667, 4.6667, -8.6667, 5.3333, -8.3333, 5.6667, -8.3333, 6.3333, -8.0, 6.6667, -8.0, 7.3333, -7.3333, 7.3333, -8.0, 7.3333, -8.3333, 7.3333, -9.0, 6.6667, -9.3333, 6.3333, -9.3333, 6.0, -9.6667, 5.3333, -10.3333, 5.0, -11.6667, 4.6667, -11.6667, 4.6667, -11.6667, 4.3333, -11.3333, 4.3333, -11.6667, 5.0, -11.6667, 4.6667]",5.932759,8.648284,91.760558
225,225,5c:01:3b:6b:b0:95,-42,256,"[86.0, -32.0, 4.0, 0.0, 10.6667, -4.6667, 10.3333, -5.3333, 10.3333, -5.0, 9.6667, -5.0, 9.6667, -5.6667, 9.3333, -5.3333, 8.6667, -6.0, 8.0, -6.0, 7.3333, -6.0, 7.3333, -6.6667, 7.3333, -6.3333, 6.6667, -6.3333, 6.6667, -7.0, 6.6667, -7.0, 6.6667, -7.0, 7.3333, -6.3333, 7.3333, -6.3333, 7.3333, -5.6667, 7.0, -5.6667, 7.0, -5.0, 7.3333, -4.6667, 7.3333, -4.0, 7.0, -3.0, 7.0, -3.3333, 7.3333, -2.6667, 1.3333, -1.3333, 0.0, 0.0, 0.0, 0.0, 0.0, 0.0, 0.0, 0.0, 0.0, 0.0, 0.0, 0.0, 0.0, 0.0, 0.0, 0.0, 0.0, 0.0, 1.0, -1.6667, 6.3333, -4.3333, 6.6667, -4.3333, 7.3333, -4.3333, 8.0, -4.6667, 8.6667, -4.0, 9.3333, -3.6667, 9.6667, -3.6667, 9.6667, -3.0, 10.3333, -2.0, 10.3333, -2.0, 11.3333, -1.3333, 11.3333, -1.3333, 11.3333, -1.3333, 11.3333, -1.3333, 11.3333, -1.3333, 11.0, -2.0, 10.3333, -2.3333, 10.3333, -3.0, 11.0, -3.3333, 10.6667, -4.0, 10.6667, -4.6667, 10.6667, -4.3333, 10.6667, -4.3333, 11.3333, -4.3333, 11.0, -5.0, 11.0, -5.0, 4.3333, -4.0, 16.6667, -11.6667, 16.6667, -11.0, 16.3333, -11.0, 16.0, -11.3333, 15.6667, -11.0, 14.6667, -11.3333, 14.6667, -11.6667, 14.3333, -12.0, 13.6667, -13.0, 13.6667, -14.0, 13.3333, -16.0, 13.0, -16.0, 13.6667, -17.0, 13.6667, -17.0, 13.0, -17.0, 13.0, -17.0, 13.6667, -16.0, 13.6667, -15.0, 13.3333, -14.0, 12.6667, -12.0, 12.6667, -10.0, 12.3333, -9.3333, 11.6667, -8.0, 11.0, -7.6667, 10.6667, -7.0, 10.6667, -5.6667, 13.0, -3.0, 13.6667, -1.0, 2.3333, -0.3333, 0.3333, -0.3333, -0.6667, -0.6667, -0.6667, 0.0, -0.6667, 0.0, 0.3333, -1.0, 1.3333, -3.0, 8.6667, -15.0, 9.0, -14.0, 10.3333, -11.0, 11.0, -10.3333, 11.6667, -9.6667, 12.3333, -9.3333, 12.3333, -8.0, 13.6667, -6.6667, 14.6667, -5.0, 15.6667, -4.0, 16.3333, -3.3333, 16.3333, -2.3333, 17.0, -2.3333, 17.0, -1.6667, 17.3333, -1.6667, 17.0, -1.6667, 17.3333, -1.6667, 17.0, -2.3333, 16.3333, -3.3333, 16.3333, -4.3333, 16.6667, -5.3333, 16.3333, -6.3333, 15.6667, -7.3333, 15.6667, -8.3333, 15.6667, -9.6667, 16.3333, -10.6667, 16.6667, -10.6667, 16.6667, -11.0]",12.648727,9.281955,91.760558
226,226,5c:01:3b:6b:b0:95,-41,256,"[86.0, -32.0, 4.0, 0.0, 19.3333, -5.3333, 18.6667, -5.6667, 18.6667, -5.0, 18.0, -5.0, 18.0, -5.3333, 17.3333, -5.0, 16.3333, -5.6667, 15.6667, -5.3333, 15.0, -5.3333, 15.0, -5.6667, 15.0, -5.3333, 14.3333, -5.3333, 14.3333, -6.0, 14.3333, -6.0, 14.3333, -6.0, 15.0, -5.3333, 15.0, -5.6667, 15.0, -5.0, 14.0, -5.3333, 14.0, -4.6667, 13.6667, -4.3333, 13.3333, -3.6667, 12.6667, -3.0, 12.6667, -3.6667, 12.6667, -3.3333, 2.6667, -1.6667, 0.0, 0.0, 0.0, 0.0, 0.0, 0.0, 0.0, 0.0, 0.0, 0.0, 0.0, 0.0, 0.0, 0.0, 0.0, 0.0, 0.0, 0.0, 2.6667, -1.6667, 12.3333, -4.3333, 13.0, -4.6667, 13.6667, -4.6667, 14.3333, -5.3333, 15.0, -5.0, 15.6667, -5.3333, 16.3333, -5.3333, 16.6667, -5.0, 17.0, -4.0, 17.3333, -4.0, 18.0, -3.6667, 18.0, -3.6667, 18.0, -3.6667, 18.0, -3.6667, 18.0, -3.6667, 18.0, -4.0, 17.3333, -4.6667, 17.3333, -5.0, 18.0, -5.6667, 18.3333, -6.0, 18.3333, -6.3333, 18.3333, -5.6667, 18.3333, -5.6667, 19.0, -5.6667, 19.3333, -6.0, 19.6667, -6.0, 13.0, -5.0, 45.0, -14.3333, 45.0, -14.0, 44.0, -14.0, 43.0, -13.6667, 42.0, -13.0, 40.0, -12.6667, 39.0, -12.3333, 38.0, -12.0, 36.0, -12.0, 35.0, -12.0, 34.0, -13.0, 33.0, -12.3333, 34.0, -13.0, 34.0, -13.0, 33.0, -13.0, 33.0, -13.0, 34.0, -12.6667, 34.0, -12.0, 34.0, -11.6667, 33.0, -10.6667, 33.0, -9.6667, 32.0, -9.6667, 31.0, -9.0, 30.0, -9.3333, 29.0, -9.0, 28.6667, -8.3333, 27.0, -5.0, 26.3333, -3.0, 4.3333, -0.6667, 0.6667, -0.6667, -1.0, -0.3333, -1.0, 0.0, -1.0, 0.0, 1.0, -1.0, 4.0, -2.3333, 24.0, -12.0, 25.0, -12.0, 28.0, -10.0, 30.0, -10.6667, 32.0, -11.3333, 33.6667, -11.6667, 34.3333, -11.0, 36.0, -9.3333, 37.0, -8.0, 37.6667, -7.0, 38.3333, -6.6667, 38.3333, -5.6667, 39.3333, -5.6667, 39.3333, -5.3333, 39.3333, -5.3333, 39.6667, -5.3333, 40.3333, -5.3333, 40.3333, -5.6667, 39.6667, -6.6667, 40.0, -7.6667, 41.0, -8.6667, 41.3333, -9.6667, 41.6667, -10.6667, 42.0, -11.6667, 42.3333, -13.3333, 43.3333, -14.3333, 44.6667, -14.3333, 45.0, -14.0]",24.341071,15.226904,91.760558
227,227,5c:01:3b:6b:b0:95,-42,256,"[86.0, -32.0, 4.0, 0.0, 15.6667, -6.0, 15.3333, -6.0, 15.3333, -5.0, 15.0, -5.0, 15.0, -4.6667, 14.6667, -4.0, 13.6667, -4.3333, 13.3333, -3.6667, 13.0, -3.6667, 13.0, -3.3333, 13.0, -2.6667, 12.6667, -2.6667, 12.6667, -3.0, 12.6667, -3.0, 12.6667, -3.0, 13.0, -2.6667, 13.0, -3.3333, 13.0, -3.0, 12.0, -3.6667, 12.0, -3.3333, 11.3333, -3.6667, 10.6667, -3.3333, 10.3333, -3.0, 10.3333, -4.0, 10.3333, -4.0, 2.3333, -2.0, 0.0, 0.0, 0.0, 0.0, 0.0, 0.0, 0.0, 0.0, 0.0, 0.0, 0.0, 0.0, 0.0, 0.0, 0.0, 0.0, 0.0, 0.0, 2.3333, -1.3333, 10.6667, -3.6667, 11.0, -4.3333, 11.3333, -5.0, 11.6667, -6.0, 12.0, -6.0, 12.3333, -7.0, 12.6667, -7.3333, 13.3333, -7.6667, 13.0, -7.0, 13.6667, -7.3333, 14.0, -7.6667, 14.0, -7.6667, 14.0, -7.6667, 14.0, -7.6667, 14.0, -7.3333, 14.0, -7.3333, 13.6667, -8.0, 13.6667, -7.6667, 14.0, -8.3333, 14.6667, -8.0, 14.6667, -8.0, 14.6667, -7.0, 14.6667, -7.0, 15.0, -7.0, 15.6667, -7.0, 16.3333, -7.0, 12.6667, -6.0, 43.0, -17.0, 43.0, -17.0, 42.0, -17.0, 41.0, -16.0, 40.0, -15.0, 38.3333, -14.0, 37.3333, -13.0, 36.0, -12.0, 34.3333, -11.0, 33.0, -10.0, 32.0, -10.0, 31.0, -8.6667, 31.6667, -9.0, 32.0, -9.0, 31.0, -9.0, 31.0, -9.0, 32.0, -9.3333, 32.0, -9.0, 32.3333, -9.3333, 31.3333, -9.3333, 31.3333, -9.3333, 30.3333, -10.0, 29.6667, -10.0, 28.6667, -11.0, 28.0, -11.0, 27.6667, -11.3333, 25.0, -8.3333, 23.6667, -6.3333, 3.6667, -1.3333, 0.3333, -1.0, -1.0, 0.0, -1.0, 0.0, -1.0, 0.0, 1.0, -1.0, 3.6667, -1.6667, 23.3333, -9.0, 24.6667, -10.0, 26.3333, -9.0, 28.3333, -11.0, 30.3333, -13.0, 32.0, -14.3333, 33.0, -14.6667, 34.6667, -14.0, 35.0, -13.3333, 35.3333, -12.6667, 35.6667, -12.3333, 35.6667, -11.6667, 36.6667, -12.0, 36.6667, -12.0, 36.6667, -12.0, 37.3333, -12.0, 37.6667, -11.6667, 37.6667, -12.0, 37.3333, -12.6667, 38.0, -13.6667, 39.0, -14.6667, 39.6667, -15.6667, 40.3333, -16.3333, 40.3333, -16.6667, 40.6667, -17.6667, 41.3333, -18.0, 42.6667, -18.0, 43.0, -17.0]",22.754616,15.3126,91.760558
228,228,5c:01:3b:6b:b0:95,-39,256,"[86.0, -32.0, 4.0, 0.0, 12.0, -2.3333, 12.0, -2.3333, 12.0, -2.0, 12.0, -2.0, 12.0, -1.3333, 12.0, -0.6667, 11.0, -1.0, 11.0, -0.3333, 11.0, -0.6667, 11.0, 0.0, 11.0, 0.6667, 11.0, 0.6667, 11.0, 0.6667, 11.0, 0.6667, 11.0, 0.6667, 11.0, 0.6667, 11.0, 0.0, 11.0, 0.0, 10.0, -0.3333, 10.0, -0.3333, 9.0, -1.0, 8.0, -1.0, 8.0, -1.0, 8.0, -1.3333, 8.0, -1.3333, 2.0, -1.0, 0.0, 0.0, 0.0, 0.0, 0.0, 0.0, 0.0, 0.0, 0.0, 0.0, 0.0, 0.0, 0.0, 0.0, 0.0, 0.0, 0.0, 0.0, 2.0, -0.6667, 9.0, -1.3333, 9.0, -2.0, 9.0, -2.3333, 9.0, -2.6667, 9.0, -2.6667, 9.0, -3.0, 9.0, -3.3333, 10.0, -3.3333, 9.0, -3.0, 10.0, -3.3333, 10.0, -3.3333, 10.0, -3.3333, 10.0, -3.3333, 10.0, -3.3333, 10.0, -3.0, 10.0, -3.0, 10.0, -3.6667, 10.0, -3.3333, 10.0, -3.6667, 11.0, -3.3333, 11.0, -3.6667, 11.0, -3.0, 11.0, -3.0, 11.0, -3.0, 12.0, -2.6667, 13.0, -2.6667, 12.3333, -1.3333, 41.0, -3.0, 41.0, -2.6667, 40.0, -3.0, 39.0, -2.6667, 38.0, -2.3333, 36.6667, -2.0, 35.6667, -1.6667, 34.0, -1.6667, 32.6667, -1.0, 31.0, -0.3333, 30.3333, 0.0, 30.0, 0.6667, 30.3333, 0.6667, 30.6667, 0.6667, 30.0, 0.6667, 30.0, 0.6667, 30.3333, 0.3333, 30.0, 0.3333, 30.6667, 0.0, 29.6667, -0.3333, 29.6667, -0.6667, 28.6667, -1.3333, 28.3333, -1.3333, 27.3333, -1.6667, 27.0, -1.6667, 26.6667, -1.6667, 23.0, 1.3333, 21.0, 3.0, 3.0, 0.3333, 0.0, -0.3333, -1.0, -0.3333, -1.0, -0.3333, -1.0, -0.3333, 1.0, -0.6667, 3.6667, -0.3333, 23.0, -0.3333, 24.3333, -1.0, 24.6667, -1.0, 26.6667, -2.3333, 28.6667, -3.0, 30.3333, -3.0, 31.6667, -2.6667, 33.3333, -2.0, 33.0, -1.0, 33.0, 0.0, 33.0, 0.6667, 33.0, 1.3333, 34.0, 1.3333, 34.0, 1.3333, 34.0, 1.6667, 35.0, 1.6667, 35.0, 1.6667, 35.0, 1.3333, 35.0, 0.6667, 36.0, -0.3333, 37.0, -1.0, 38.0, -2.0, 39.0, -2.3333, 38.6667, -2.6667, 39.0, -3.3333, 39.3333, -3.3333, 40.6667, -3.0, 41.0, -2.3333]",19.491214,14.532968,91.760558
229,229,5c:01:3b:6b:b0:95,-41,256,"[86.0, -32.0, 4.0, 0.0, 10.6667, 3.3333, 10.6667, 3.3333, 10.6667, 3.0, 10.3333, 3.0, 10.3333, 3.3333, 10.3333, 3.3333, 10.0, 3.0, 10.0, 3.0, 10.0, 2.6667, 10.0, 3.0, 10.0, 3.0, 10.0, 3.0, 10.0, 3.3333, 10.0, 3.3333, 10.0, 3.3333, 10.0, 3.3333, 10.0, 3.0, 10.0, 3.0, 9.0, 3.0, 8.6667, 3.0, 8.0, 2.6667, 7.0, 2.3333, 7.0, 2.3333, 6.6667, 2.3333, 6.6667, 2.6667, 1.6667, 0.3333, 0.0, 0.0, 0.0, 0.0, 0.0, 0.0, 0.0, 0.0, 0.0, 0.0, 0.0, 0.0, 0.0, 0.0, 0.0, 0.0, 0.0, 0.0, 1.6667, 0.0, 8.0, 1.6667, 8.0, 1.6667, 8.0, 1.6667, 7.6667, 2.0, 7.6667, 2.3333, 7.6667, 2.3333, 7.6667, 2.3333, 8.3333, 2.3333, 7.6667, 2.3333, 8.3333, 2.3333, 8.0, 2.3333, 8.0, 2.3333, 8.0, 2.3333, 8.0, 2.3333, 8.0, 2.6667, 8.3333, 2.6667, 8.3333, 2.3333, 8.3333, 2.3333, 8.3333, 2.6667, 9.3333, 3.0, 9.3333, 2.6667, 9.3333, 2.6667, 9.3333, 2.6667, 9.6667, 3.0, 10.3333, 3.3333, 11.3333, 3.3333, 10.3333, 5.3333, 35.0, 18.0, 34.6667, 18.0, 33.6667, 17.3333, 33.0, 17.0, 32.3333, 16.6667, 31.6667, 16.0, 31.0, 15.6667, 29.6667, 14.6667, 29.3333, 14.3333, 28.3333, 13.6667, 28.3333, 13.3333, 28.0, 13.0, 28.0, 13.0, 28.6667, 13.3333, 28.0, 13.0, 28.0, 13.3333, 28.3333, 13.3333, 28.0, 13.3333, 28.3333, 13.3333, 27.0, 13.3333, 26.3333, 13.3333, 25.0, 12.6667, 24.3333, 12.3333, 23.3333, 12.3333, 22.6667, 12.0, 22.0, 12.0, 18.3333, 14.0, 16.3333, 15.0, 2.3333, 2.3333, 0.0, 0.3333, -1.0, -0.6667, -1.0, -0.6667, -1.0, -0.6667, 1.0, 0.0, 3.6667, 1.0, 22.3333, 9.3333, 23.0, 10.0, 22.6667, 10.6667, 23.6667, 11.0, 24.3333, 11.6667, 25.6667, 12.6667, 26.6667, 13.6667, 27.6667, 14.3333, 27.3333, 15.6667, 27.0, 17.0, 27.0, 18.0, 26.6667, 18.3333, 27.6667, 18.6667, 27.6667, 19.0, 27.6667, 19.3333, 28.0, 19.6667, 28.0, 19.6667, 28.0, 19.3333, 28.3333, 18.6667, 29.0, 17.6667, 30.0, 17.3333, 31.3333, 16.6667, 32.3333, 17.0, 32.3333, 17.0, 32.6667, 16.6667, 33.3333, 17.3333, 34.3333, 18.0, 35.0, 18.6667]",18.651913,14.440198,91.760558
230,230,5c:01:3b:6b:b0:95,-39,256,"[86.0, -32.0, 4.0, 0.0, 9.3333, 9.3333, 9.3333, 9.3333, 9.3333, 8.6667, 8.6667, 8.3333, 8.6667, 8.3333, 8.6667, 8.0, 9.0, 7.3333, 9.0, 7.0, 9.0, 6.6667, 9.0, 6.3333, 9.0, 6.0, 9.0, 6.0, 9.0, 6.3333, 9.0, 6.3333, 9.0, 6.3333, 9.0, 6.3333, 9.0, 6.3333, 9.0, 6.3333, 8.0, 6.6667, 7.3333, 6.6667, 7.0, 6.6667, 6.0, 6.3333, 6.0, 6.0, 5.3333, 6.3333, 5.3333, 6.6667, 1.3333, 1.6667, 0.0, 0.0, 0.0, 0.0, 0.0, 0.0, 0.0, 0.0, 0.0, 0.0, 0.0, 0.0, 0.0, 0.0, 0.0, 0.0, 0.0, 0.0, 1.3333, 1.0, 7.0, 5.3333, 7.0, 5.6667, 7.0, 6.0, 6.3333, 7.0, 6.3333, 7.3333, 6.3333, 8.0, 6.3333, 8.3333, 6.6667, 9.0, 6.3333, 9.0, 6.6667, 9.3333, 6.0, 9.6667, 6.0, 10.0, 6.0, 10.0, 6.0, 10.0, 6.0, 10.0, 6.6667, 10.0, 6.6667, 9.3333, 6.6667, 9.0, 6.6667, 9.3333, 7.6667, 9.3333, 7.6667, 9.3333, 7.6667, 9.0, 7.6667, 9.0, 8.3333, 9.3333, 8.6667, 10.0, 9.6667, 10.0, 8.3333, 12.0, 29.3333, 39.0, 29.0, 38.6667, 28.0, 37.6667, 27.6667, 36.6667, 27.3333, 35.6667, 27.0, 34.0, 27.0, 33.0, 26.3333, 31.0, 26.6667, 29.6667, 26.6667, 27.6667, 27.3333, 26.6667, 27.6667, 25.3333, 27.6667, 25.3333, 28.0, 26.0, 27.6667, 25.3333, 27.6667, 26.0, 27.3333, 26.3333, 26.6667, 26.3333, 26.3333, 26.6667, 24.6667, 27.0, 23.3333, 27.3333, 22.0, 26.6667, 20.6667, 26.0, 19.6667, 26.3333, 18.3333, 25.6667, 17.3333, 26.0, 13.3333, 28.0, 11.6667, 28.3333, 1.6667, 4.6667, 0.0, 1.0, -1.0, -1.0, -1.0, -1.0, -1.0, -1.0, 1.0, 0.6667, 4.0, 2.3333, 22.0, 19.0, 21.6667, 21.0, 21.3333, 22.3333, 21.3333, 24.3333, 21.0, 26.3333, 21.6667, 28.6667, 21.6667, 30.6667, 21.6667, 32.6667, 21.0, 34.6667, 20.3333, 36.6667, 20.3333, 37.6667, 19.6667, 38.0, 20.3333, 39.0, 20.3333, 39.6667, 20.3333, 40.0, 20.3333, 40.6667, 20.3333, 40.3333, 20.3333, 40.3333, 21.0, 39.3333, 21.3333, 38.3333, 22.3333, 38.3333, 23.6667, 38.0, 24.6667, 38.6667, 25.6667, 38.3333, 26.3333, 37.3333, 27.6667, 38.0, 28.3333, 39.0, 29.3333, 39.6667]",22.949723,17.510645,91.760558
231,231,5c:01:3b:6b:b0:95,-38,256,"[86.0, -32.0, 4.0, 0.0, 7.3333, 11.6667, 7.3333, 11.6667, 7.0, 11.3333, 6.3333, 10.6667, 6.3333, 10.6667, 6.3333, 10.3333, 7.0, 9.6667, 7.0, 9.3333, 7.3333, 9.3333, 7.3333, 8.6667, 7.3333, 8.3333, 7.3333, 8.3333, 7.3333, 8.6667, 7.3333, 8.6667, 7.3333, 8.6667, 7.3333, 8.6667, 7.3333, 8.6667, 7.0, 8.6667, 6.3333, 8.6667, 5.3333, 8.6667, 5.3333, 8.6667, 4.3333, 8.3333, 4.3333, 7.6667, 4.0, 7.6667, 4.0, 8.0, 1.0, 2.0, 0.0, 0.0, 0.0, 0.0, 0.0, 0.0, 0.0, 0.0, 0.0, 0.0, 0.0, 0.0, 0.0, 0.0, 0.0, 0.0, 0.0, 0.0, 1.0, 1.6667, 5.3333, 7.3333, 5.3333, 7.6667, 5.3333, 7.6667, 4.6667, 8.6667, 5.0, 9.0, 5.3333, 9.6667, 5.6667, 10.0, 6.0, 10.6667, 5.6667, 10.6667, 5.6667, 11.0, 5.0, 11.0, 5.0, 11.6667, 5.0, 11.6667, 5.0, 11.6667, 5.0, 11.6667, 6.0, 11.6667, 6.0, 11.0, 6.0, 10.6667, 6.3333, 11.0, 6.6667, 11.0, 6.6667, 11.6667, 6.3333, 11.3333, 6.3333, 11.3333, 6.6667, 11.6667, 6.6667, 12.3333, 7.3333, 12.3333, 6.3333, 13.3333, 22.6667, 44.0, 22.3333, 43.3333, 21.6667, 42.3333, 22.0, 41.3333, 22.0, 40.0, 22.0, 38.3333, 22.6667, 37.6667, 22.6667, 36.0, 23.6667, 35.0, 24.6667, 33.0, 25.6667, 32.0, 26.0, 31.3333, 26.0, 31.0, 26.3333, 31.6667, 26.0, 31.0, 26.0, 31.6667, 25.6667, 31.6667, 25.0, 31.6667, 24.0, 31.6667, 22.0, 31.6667, 20.0, 31.6667, 18.6667, 31.0, 16.6667, 30.0, 15.6667, 29.6667, 14.0, 29.0, 12.6667, 29.0, 8.3333, 30.0, 7.0, 30.0, 1.0, 4.6667, 0.0, 1.0, -1.0, -1.0, -1.0, -1.0, -1.0, -1.0, 1.0, 1.0, 3.6667, 3.0, 21.0, 22.3333, 20.0, 24.3333, 19.3333, 26.3333, 18.3333, 28.0, 17.0, 30.3333, 17.0, 32.0, 16.6667, 34.0, 15.6667, 36.0, 14.6667, 37.6667, 13.6667, 39.6667, 13.6667, 40.6667, 12.6667, 41.0, 13.0, 41.6667, 13.0, 42.6667, 13.0, 42.6667, 12.6667, 43.3333, 12.6667, 43.0, 12.6667, 43.0, 13.6667, 42.3333, 13.6667, 41.3333, 14.6667, 41.3333, 16.0, 41.6667, 17.0, 42.3333, 19.0, 42.3333, 20.0, 41.6667, 21.6667, 42.3333, 22.0, 43.3333, 22.6667, 44.0]",23.622738,17.698014,91.760558
232,232,5c:01:3b:6b:b0:95,-39,256,"[86.0, -32.0, 4.0, 0.0, 6.6667, 14.6667, 6.6667, 14.6667, 6.0, 14.3333, 5.6667, 13.3333, 5.3333, 13.3333, 5.3333, 13.3333, 5.3333, 12.3333, 5.0, 12.0, 5.3333, 11.6667, 5.6667, 11.0, 5.6667, 11.0, 5.6667, 10.6667, 5.6667, 10.6667, 5.6667, 10.6667, 5.6667, 11.0, 5.6667, 11.0, 5.6667, 11.0, 5.0, 11.0, 4.6667, 10.6667, 4.0, 11.0, 4.3333, 10.6667, 3.6667, 10.6667, 3.6667, 10.0, 4.0, 9.6667, 4.0, 10.0, 1.0, 2.3333, 0.0, 0.0, 0.0, 0.0, 0.0, 0.0, 0.0, 0.0, 0.0, 0.0, 0.0, 0.0, 0.0, 0.0, 0.0, 0.0, 0.0, 0.0, 0.6667, 2.3333, 3.6667, 9.3333, 4.0, 9.6667, 4.3333, 10.0, 4.3333, 11.0, 5.0, 11.3333, 5.6667, 12.3333, 6.3333, 12.3333, 7.0, 13.3333, 6.3333, 13.6667, 6.3333, 13.6667, 6.0, 14.0, 6.0, 14.6667, 6.0, 14.6667, 6.0, 14.6667, 6.0, 14.6667, 7.0, 14.6667, 7.0, 14.0, 7.0, 13.6667, 7.6667, 14.0, 7.3333, 14.0, 7.3333, 14.3333, 6.6667, 14.3333, 6.6667, 14.3333, 6.3333, 14.6667, 6.3333, 15.6667, 6.6667, 16.0, 6.0, 12.6667, 20.0, 42.0, 20.0, 41.6667, 19.6667, 40.6667, 19.6667, 39.6667, 19.3333, 38.0, 19.0, 36.6667, 19.3333, 36.3333, 18.6667, 35.0, 18.6667, 34.0, 19.0, 32.0, 19.0, 31.0, 20.0, 30.6667, 20.0, 30.0, 20.0, 30.3333, 20.0, 30.0, 20.0, 30.3333, 19.0, 30.3333, 18.3333, 30.3333, 18.0, 30.3333, 17.0, 30.3333, 16.0, 30.3333, 15.3333, 30.0, 14.3333, 29.0, 13.6667, 28.3333, 13.0, 28.0, 12.0, 28.0, 8.0, 29.0, 6.6667, 28.6667, 1.0, 4.3333, 0.0, 1.0, -1.0, -1.0, -1.0, -1.0, -1.0, -1.0, 0.6667, 1.0, 2.6667, 3.0, 17.0, 21.6667, 16.3333, 23.6667, 14.6667, 25.6667, 15.0, 27.0, 15.0, 29.6667, 15.6667, 31.0, 16.0, 33.0, 15.0, 35.0, 14.0, 36.3333, 13.0, 38.3333, 13.0, 39.3333, 12.0, 40.0, 12.0, 40.3333, 12.0, 41.3333, 12.0, 41.3333, 12.0, 41.6667, 12.0, 41.0, 12.0, 41.0, 13.0, 40.6667, 13.0, 39.6667, 14.0, 39.6667, 15.0, 40.3333, 16.0, 40.6667, 18.0, 40.6667, 19.0, 40.3333, 20.3333, 40.6667, 20.3333, 41.6667, 20.0, 42.0]",23.32943,16.144471,91.760558
233,233,5c:01:3b:6b:b0:95,-42,256,"[86.0, -32.0, 4.0, 0.0, 6.0, 6.3333, 6.0, 6.3333, 5.0, 6.0, 5.0, 5.3333, 4.3333, 5.3333, 4.3333, 5.3333, 3.6667, 4.6667, 3.0, 4.3333, 3.3333, 3.6667, 4.0, 3.3333, 4.0, 3.3333, 4.0, 3.0, 4.0, 2.6667, 4.0, 2.6667, 4.0, 3.0, 4.0, 3.3333, 4.0, 3.3333, 3.0, 3.6667, 3.0, 3.6667, 2.6667, 4.3333, 3.3333, 4.3333, 3.0, 4.3333, 3.0, 4.3333, 4.0, 4.3333, 4.0, 4.6667, 1.0, 1.0, 0.0, 0.0, 0.0, 0.0, 0.0, 0.0, 0.0, 0.0, 0.0, 0.0, 0.0, 0.0, 0.0, 0.0, 0.0, 0.0, 0.0, 0.0, 0.3333, 0.6667, 2.0, 3.0, 2.6667, 3.3333, 3.3333, 3.6667, 4.0, 4.6667, 5.0, 5.0, 6.0, 5.6667, 7.0, 6.0, 8.0, 7.0, 7.6667, 7.3333, 7.6667, 7.6667, 8.0, 7.6667, 8.0, 8.0, 8.0, 8.0, 8.0, 8.0, 8.0, 8.3333, 8.6667, 8.0, 8.3333, 7.3333, 8.3333, 7.0, 9.0, 7.3333, 8.0, 7.0, 8.0, 7.0, 7.0, 6.6667, 7.0, 6.6667, 6.0, 6.6667, 6.0, 7.0, 6.0, 7.3333, 6.0, 6.0, 19.0, 19.6667, 19.0, 19.6667, 19.0, 19.3333, 18.6667, 18.6667, 18.0, 17.3333, 17.3333, 16.6667, 17.0, 16.3333, 15.6667, 15.3333, 14.6667, 14.3333, 14.3333, 12.6667, 13.3333, 11.6667, 14.3333, 11.6667, 14.3333, 11.0, 14.3333, 10.6667, 14.3333, 10.6667, 14.3333, 11.0, 13.3333, 11.0, 13.0, 11.3333, 13.3333, 11.6667, 13.3333, 12.3333, 13.3333, 13.0, 13.0, 13.3333, 13.0, 13.3333, 12.6667, 13.0, 13.0, 13.6667, 12.6667, 14.0, 12.3333, 16.3333, 11.6667, 16.3333, 1.6667, 2.3333, 0.3333, 0.3333, -1.0, -0.6667, -1.0, -0.6667, -1.0, -0.6667, 0.3333, 0.0, 1.6667, 0.6667, 13.3333, 7.3333, 13.0, 9.0, 11.0, 10.3333, 12.6667, 11.3333, 13.6667, 13.6667, 15.0, 14.6667, 16.3333, 16.3333, 16.3333, 18.0, 16.6667, 19.0, 16.3333, 20.6667, 16.6667, 21.6667, 16.3333, 22.3333, 16.3333, 22.3333, 16.6667, 23.0, 16.6667, 23.0, 16.6667, 23.0, 16.6667, 22.3333, 16.6667, 22.3333, 17.0, 22.0, 16.6667, 21.3333, 17.3333, 21.0, 17.6667, 21.3333, 18.3333, 21.0, 19.3333, 20.6667, 19.3333, 20.0, 20.0, 19.6667, 20.0, 20.0, 19.0, 19.6667]",13.933643,11.62113,91.760558
234,234,5c:01:3b:6b:b0:95,-39,256,"[86.0, -32.0, 4.0, 0.0, 5.3333, 6.0, 5.3333, 6.0, 4.6667, 5.6667, 4.6667, 5.3333, 4.0, 5.0, 4.0, 5.0, 3.3333, 4.3333, 2.6667, 4.0, 2.6667, 3.3333, 3.6667, 3.0, 3.6667, 3.0, 3.6667, 2.6667, 3.6667, 2.6667, 3.6667, 2.6667, 3.6667, 3.0, 3.6667, 3.0, 3.6667, 3.0, 3.0, 3.3333, 2.6667, 3.3333, 2.3333, 4.0, 3.0, 4.0, 2.6667, 4.0, 2.6667, 4.3333, 3.3333, 4.0, 3.3333, 4.3333, 0.6667, 1.0, 0.0, 0.0, 0.0, 0.0, 0.0, 0.0, 0.0, 0.0, 0.0, 0.0, 0.0, 0.0, 0.0, 0.0, 0.0, 0.0, 0.0, 0.0, 0.3333, 0.3333, 2.0, 2.3333, 2.6667, 3.0, 3.0, 3.6667, 3.6667, 4.3333, 4.3333, 4.6667, 4.6667, 5.3333, 5.3333, 5.6667, 6.0, 6.6667, 6.0, 7.0, 5.6667, 7.3333, 6.0, 7.3333, 6.0, 7.3333, 6.0, 7.3333, 6.0, 7.6667, 6.0, 7.6667, 6.3333, 7.3333, 6.3333, 7.0, 6.3333, 6.6667, 6.6667, 7.0, 6.0, 6.6667, 6.3333, 6.6667, 5.6667, 6.3333, 5.6667, 6.3333, 5.0, 6.3333, 5.3333, 6.3333, 5.3333, 6.6667, 4.6667, 6.6667, 15.3333, 21.6667, 15.3333, 21.6667, 15.3333, 21.3333, 14.6667, 20.6667, 14.0, 19.6667, 13.6667, 19.0, 13.0, 18.0, 12.3333, 17.0, 11.3333, 16.0, 11.0, 14.6667, 10.0, 14.0, 11.0, 13.6667, 11.3333, 13.6667, 11.0, 13.3333, 11.3333, 13.3333, 11.0, 13.3333, 10.3333, 13.3333, 10.0, 13.3333, 10.3333, 14.0, 10.3333, 14.3333, 10.3333, 14.6667, 10.0, 14.6667, 10.3333, 14.6667, 10.0, 14.3333, 10.0, 14.3333, 9.3333, 14.3333, 9.0, 16.3333, 8.3333, 16.0, 1.0, 2.3333, 0.0, 0.3333, -1.0, -0.6667, -1.0, -0.6667, -1.0, -0.6667, 0.0, 0.0, 1.3333, 1.0, 10.6667, 9.3333, 10.0, 10.6667, 9.0, 11.3333, 10.3333, 12.6667, 11.0, 14.6667, 12.0, 16.0, 12.6667, 17.3333, 12.6667, 19.0, 13.0, 20.0, 12.3333, 21.3333, 12.6667, 22.0, 12.6667, 22.3333, 12.6667, 22.6667, 13.0, 23.0, 12.6667, 23.0, 12.3333, 23.0, 12.3333, 22.6667, 12.6667, 22.6667, 12.6667, 22.3333, 12.6667, 22.0, 13.3333, 22.0, 13.6667, 22.3333, 14.3333, 22.0, 15.0, 22.0, 15.3333, 21.3333, 16.3333, 21.3333, 16.3333, 21.6667, 15.6667, 21.6667]",13.047317,11.334796,91.760558
235,235,5c:01:3b:6b:b0:95,-39,256,"[86.0, -32.0, 4.0, 0.0, 10.0, -2.0, 10.0, -2.0, 9.3333, -2.0, 9.3333, -2.0, 8.6667, -2.3333, 8.6667, -2.6667, 8.0, -3.0, 7.3333, -3.3333, 7.0, -4.0, 7.6667, -4.3333, 7.6667, -4.6667, 7.3333, -4.6667, 7.3333, -4.6667, 7.3333, -4.6667, 7.3333, -4.6667, 7.6667, -4.3333, 7.6667, -4.3333, 7.3333, -3.6667, 6.6667, -3.0, 6.3333, -2.6667, 6.6667, -2.0, 6.3333, -1.6667, 6.3333, -1.0, 6.3333, -1.0, 6.3333, -0.6667, 1.3333, -0.3333, 0.0, 0.0, 0.0, 0.0, 0.0, 0.0, 0.0, 0.0, 0.0, 0.0, 0.0, 0.0, 0.0, 0.0, 0.0, 0.0, 0.0, 0.0, 1.3333, -1.3333, 6.0, -3.3333, 6.3333, -3.0, 6.6667, -2.3333, 7.3333, -2.0, 8.0, -1.6667, 8.3333, -1.0, 9.0, -0.3333, 9.3333, 0.6667, 10.0, 0.6667, 10.0, 1.3333, 10.3333, 1.0, 10.6667, 1.0, 10.6667, 1.0, 10.3333, 1.3333, 10.3333, 1.3333, 10.3333, 1.0, 10.3333, 0.3333, 10.0, 0.3333, 10.0, 0.0, 10.0, -0.3333, 10.3333, -0.3333, 10.0, -0.6667, 10.0, -0.6667, 9.6667, -1.3333, 10.3333, -1.6667, 10.3333, -2.0, 6.6667, 2.0, 22.6667, 6.6667, 22.6667, 6.6667, 22.3333, 6.6667, 21.6667, 6.3333, 20.6667, 6.0, 20.3333, 5.3333, 19.6667, 4.3333, 19.6667, 3.0, 18.6667, 2.0, 18.3333, 0.6667, 17.6667, -0.3333, 18.0, -1.3333, 18.3333, -1.0, 18.0, -1.0, 18.3333, -1.0, 18.0, -0.6667, 17.6667, -0.3333, 17.3333, 0.0, 17.3333, 1.0, 17.0, 2.0, 16.6667, 2.6667, 16.0, 3.0, 15.6667, 3.6667, 15.3333, 4.0, 14.6667, 4.3333, 14.0, 4.6667, 15.3333, 7.6667, 15.3333, 8.3333, 2.0, 1.0, 0.3333, 0.0, -1.0, -0.6667, -1.0, -0.3333, -1.0, -0.3333, 0.3333, -0.6667, 2.3333, -1.0, 15.0, -2.3333, 14.6667, -1.0, 15.0, -0.3333, 15.6667, 1.3333, 16.3333, 3.0, 17.3333, 4.6667, 18.3333, 5.6667, 19.3333, 7.3333, 20.3333, 8.6667, 20.3333, 9.6667, 21.0, 10.3333, 21.3333, 10.3333, 21.6667, 10.3333, 22.3333, 10.3333, 22.0, 10.3333, 21.6667, 10.6667, 21.6667, 11.0, 21.6667, 11.0, 21.3333, 10.3333, 21.3333, 10.0, 21.6667, 10.0, 21.6667, 9.6667, 22.3333, 9.0, 22.3333, 8.6667, 22.0, 7.3333, 23.0, 6.6667, 23.3333, 6.3333, 23.0, 6.0]",13.293699,10.271605,91.760558
236,236,5c:01:3b:6b:b0:95,-39,256,"[86.0, -32.0, 4.0, 0.0, 11.6667, 6.0, 11.6667, 6.0, 11.3333, 6.0, 11.3333, 6.0, 11.0, 5.3333, 11.0, 5.0, 10.6667, 4.3333, 10.6667, 4.0, 10.3333, 3.6667, 10.6667, 3.0, 10.6667, 2.6667, 10.3333, 2.6667, 10.6667, 3.3333, 10.6667, 3.3333, 10.6667, 3.3333, 10.6667, 3.0, 10.6667, 3.0, 10.3333, 3.3333, 9.3333, 3.6667, 8.6667, 3.6667, 8.3333, 4.0, 7.6667, 4.3333, 7.6667, 4.6667, 7.0, 4.0, 6.6667, 4.3333, 1.3333, 1.0, 0.0, 0.0, 0.0, 0.0, 0.0, 0.0, 0.0, 0.0, 0.0, 0.0, 0.0, 0.0, 0.0, 0.0, 0.0, 0.0, 0.0, 0.0, 2.0, 0.0, 9.0, 2.3333, 9.0, 3.0, 8.6667, 4.0, 9.0, 4.0, 9.3333, 4.3333, 9.0, 5.3333, 9.3333, 5.6667, 9.3333, 6.6667, 9.3333, 6.6667, 9.0, 7.0, 9.0, 7.0, 9.3333, 7.0, 9.3333, 7.0, 9.0, 7.6667, 9.0, 7.0, 9.0, 7.0, 9.6667, 6.6667, 9.3333, 6.6667, 9.6667, 6.3333, 10.0, 6.3333, 10.6667, 6.6667, 10.6667, 6.6667, 10.6667, 6.6667, 11.0, 6.3333, 12.0, 6.3333, 12.0, 6.0, 5.6667, 8.3333, 21.0, 28.0, 20.6667, 27.6667, 20.3333, 27.3333, 20.0, 26.6667, 19.3333, 25.6667, 19.6667, 24.6667, 19.6667, 23.6667, 20.3333, 22.3333, 20.3333, 21.3333, 20.6667, 20.0, 21.3333, 19.3333, 21.3333, 18.0, 22.0, 18.6667, 21.6667, 19.0, 21.6667, 18.6667, 21.3333, 18.6667, 21.0, 19.0, 20.3333, 19.0, 19.6667, 19.3333, 18.3333, 19.6667, 17.3333, 19.3333, 16.0, 19.0, 15.0, 19.0, 14.3333, 18.6667, 12.6667, 18.3333, 11.0, 18.0, 8.0, 19.6667, 7.3333, 19.6667, 0.6667, 2.6667, -0.3333, 0.6667, -1.0, -1.0, -1.0, -0.6667, -1.0, -0.6667, 0.6667, 0.3333, 2.6667, 1.6667, 16.6667, 13.0, 15.6667, 14.3333, 17.0, 15.0, 16.3333, 16.6667, 15.6667, 18.6667, 15.6667, 20.6667, 16.0, 21.6667, 16.0, 23.6667, 15.6667, 25.0, 15.0, 26.0, 15.0, 26.6667, 14.6667, 26.6667, 15.0, 27.0, 15.3333, 27.3333, 15.0, 27.3333, 14.3333, 27.6667, 14.6667, 28.3333, 14.6667, 28.3333, 14.6667, 27.6667, 15.3333, 27.3333, 16.0, 27.6667, 16.6667, 27.6667, 17.6667, 27.3333, 18.6667, 27.6667, 19.3333, 27.0, 20.6667, 26.6667, 21.3333, 27.0, 21.3333, 27.3333]",18.031093,12.816663,91.760558
237,237,5c:01:3b:6b:b0:95,-42,256,"[86.0, -32.0, 4.0, 0.0, 16.3333, 1.0, 16.0, 1.0, 15.3333, 1.0, 15.0, 1.0, 14.6667, 0.6667, 14.3333, 0.0, 14.0, -0.3333, 13.6667, -1.0, 13.0, -1.6667, 13.0, -2.0, 13.0, -2.6667, 12.6667, -2.6667, 13.3333, -2.3333, 13.3333, -2.3333, 13.3333, -2.3333, 13.0, -2.0, 13.0, -2.0, 12.6667, -1.3333, 12.0, -0.6667, 11.6667, -0.6667, 11.3333, 0.0, 11.0, 0.6667, 11.0, 1.3333, 10.0, 1.0, 9.6667, 1.6667, 2.0, 0.0, 0.0, 0.0, 0.0, 0.0, 0.0, 0.0, 0.0, 0.0, 0.0, 0.0, 0.0, 0.0, 0.0, 0.0, 0.0, 0.0, 0.0, 0.0, 2.3333, -1.0, 11.0, -1.3333, 11.3333, -1.0, 11.6667, 0.0, 12.3333, 0.0, 13.0, 0.6667, 13.3333, 1.6667, 14.0, 2.3333, 14.3333, 3.3333, 14.3333, 3.3333, 14.6667, 4.0, 14.6667, 4.0, 15.3333, 4.0, 15.3333, 4.0, 15.0, 4.3333, 14.6667, 4.0, 14.6667, 4.0, 15.0, 3.3333, 14.3333, 3.3333, 14.6667, 2.6667, 15.0, 2.6667, 15.3333, 2.3333, 15.3333, 2.3333, 15.3333, 2.3333, 15.6667, 1.6667, 16.6667, 1.6667, 16.6667, 1.0, 8.6667, 3.0, 30.6667, 11.0, 30.0, 10.6667, 29.3333, 10.6667, 29.0, 10.3333, 28.0, 9.6667, 27.6667, 8.6667, 27.3333, 8.3333, 27.0, 6.6667, 26.0, 5.6667, 25.6667, 4.0, 25.6667, 2.6667, 25.0, 1.0, 25.3333, 1.3333, 25.3333, 2.0, 24.6667, 1.6667, 24.6667, 2.3333, 24.3333, 3.0, 24.0, 3.6667, 24.0, 4.0, 23.6667, 5.3333, 23.0, 5.6667, 22.0, 6.0, 21.0, 6.6667, 20.6667, 7.0, 19.3333, 7.6667, 18.3333, 8.0, 17.6667, 11.0, 17.3333, 12.0, 2.3333, 1.3333, 0.3333, 0.3333, -1.0, -1.0, -1.0, -0.3333, -1.0, -0.3333, 1.0, -0.3333, 3.0, -0.6667, 19.3333, -0.6667, 19.6667, 1.0, 20.6667, 2.3333, 21.3333, 4.0, 22.0, 6.0, 23.0, 8.0, 24.3333, 9.0, 25.3333, 11.0, 25.6667, 12.6667, 26.3333, 13.6667, 26.6667, 14.6667, 26.3333, 14.6667, 27.0, 14.3333, 27.6667, 14.6667, 27.6667, 14.6667, 27.3333, 15.3333, 27.6667, 16.3333, 27.3333, 16.3333, 27.0, 15.3333, 27.3333, 14.6667, 27.6667, 14.6667, 27.6667, 14.0, 28.3333, 13.3333, 29.0, 13.0, 29.0, 11.6667, 29.6667, 10.3333, 30.6667, 10.0, 30.6667, 9.6667]",18.353602,11.740813,91.760558
238,238,5c:01:3b:6b:b0:95,-38,256,"[86.0, -32.0, 4.0, 0.0, 13.3333, 7.6667, 13.0, 7.3333, 12.6667, 7.3333, 12.3333, 7.3333, 12.3333, 7.0, 12.0, 6.6667, 12.0, 6.3333, 12.3333, 6.0, 12.0, 6.0, 12.0, 5.6667, 11.6667, 5.0, 11.6667, 5.0, 12.3333, 5.3333, 12.3333, 5.3333, 12.3333, 5.6667, 11.6667, 5.6667, 11.6667, 5.6667, 11.3333, 5.6667, 10.6667, 5.6667, 10.0, 5.3333, 9.3333, 5.3333, 8.6667, 5.3333, 8.6667, 5.6667, 7.6667, 5.0, 7.0, 5.0, 1.3333, 1.0, 0.0, 0.0, 0.0, 0.0, 0.0, 0.0, 0.0, 0.0, 0.0, 0.0, 0.0, 0.0, 0.0, 0.0, 0.0, 0.0, 0.0, 0.0, 2.0, 0.6667, 10.0, 4.3333, 10.3333, 4.6667, 10.0, 5.3333, 10.3333, 5.3333, 10.6667, 5.3333, 10.3333, 6.0, 10.6667, 6.3333, 11.0, 7.0, 10.3333, 6.6667, 10.0, 7.0, 10.0, 7.0, 10.3333, 7.0, 10.3333, 7.0, 10.3333, 7.3333, 10.0, 7.0, 10.0, 7.0, 10.6667, 7.0, 10.3333, 7.0, 11.0, 7.0, 11.0, 7.0, 11.6667, 7.3333, 11.6667, 7.3333, 11.6667, 7.6667, 12.3333, 7.3333, 13.3333, 7.6667, 13.3333, 7.3333, 5.6667, 6.6667, 21.6667, 22.6667, 20.6667, 22.0, 20.3333, 22.0, 20.3333, 21.3333, 20.0, 20.6667, 20.3333, 20.0, 20.6667, 19.6667, 20.3333, 18.6667, 20.3333, 18.3333, 20.6667, 17.6667, 21.6667, 17.3333, 21.3333, 16.3333, 22.0, 17.0, 22.0, 17.3333, 21.0, 17.0, 21.0, 17.3333, 20.3333, 17.3333, 19.6667, 17.3333, 19.3333, 17.0, 18.3333, 17.0, 17.3333, 16.3333, 16.0, 15.6667, 15.0, 15.6667, 14.3333, 15.0, 12.6667, 15.0, 11.3333, 14.3333, 8.3333, 15.3333, 7.6667, 15.0, 0.6667, 2.0, -0.3333, 0.3333, -1.0, -1.0, -1.0, -0.6667, -1.0, -0.6667, 0.6667, 0.3333, 2.3333, 1.6667, 16.6667, 12.3333, 16.0, 13.0, 16.6667, 13.3333, 16.6667, 14.0, 16.0, 15.0, 16.0, 16.3333, 16.6667, 16.6667, 16.6667, 18.0, 16.3333, 18.6667, 16.3333, 19.3333, 16.0, 19.6667, 15.3333, 19.6667, 15.6667, 19.6667, 16.0, 20.0, 16.0, 20.0, 15.3333, 20.3333, 16.0, 21.0, 16.0, 21.3333, 15.6667, 20.6667, 16.3333, 20.6667, 17.0, 21.0, 17.3333, 21.0, 18.0, 21.0, 19.3333, 21.3333, 20.0, 21.3333, 20.6667, 21.0, 21.6667, 21.3333, 21.6667, 21.6667]",17.194966,11.318187,91.760558
239,239,5c:01:3b:6b:b0:95,-38,256,"[86.0, -32.0, 4.0, 0.0, 6.6667, 7.0, 6.3333, 6.6667, 6.3333, 6.6667, 6.0, 6.3333, 6.0, 6.3333, 6.0, 6.0, 6.0, 6.0, 6.3333, 5.6667, 6.0, 5.6667, 6.0, 6.0, 6.0, 5.3333, 6.0, 5.3333, 6.3333, 5.3333, 6.3333, 5.3333, 6.3333, 5.6667, 5.6667, 6.0, 5.6667, 6.0, 5.6667, 5.6667, 5.3333, 5.3333, 5.0, 5.0, 4.6667, 5.0, 4.3333, 4.6667, 4.3333, 5.0, 3.6667, 4.6667, 3.3333, 4.6667, 0.3333, 0.6667, 0.0, 0.0, 0.0, 0.0, 0.0, 0.0, 0.0, 0.0, 0.0, 0.0, 0.0, 0.0, 0.0, 0.0, 0.0, 0.0, 0.0, 0.0, 1.0, 0.6667, 5.0, 4.6667, 5.3333, 4.6667, 5.0, 5.0, 5.0, 5.0, 5.3333, 5.0, 5.3333, 5.3333, 5.3333, 5.3333, 5.6667, 5.6667, 5.3333, 5.3333, 5.0, 6.0, 5.0, 6.0, 5.3333, 6.0, 5.3333, 6.0, 5.3333, 6.0, 5.0, 6.0, 5.0, 5.6667, 5.3333, 5.6667, 5.0, 6.0, 5.3333, 6.0, 5.3333, 6.0, 5.6667, 6.0, 5.6667, 6.3333, 6.0, 6.6667, 6.3333, 6.6667, 6.6667, 7.0, 7.0, 6.6667, 0.6667, 5.3333, 5.3333, 18.3333, 4.6667, 17.6667, 4.3333, 17.6667, 5.0, 17.0, 5.0, 17.0, 5.3333, 16.6667, 6.0, 16.6667, 6.0, 16.0, 6.0, 16.3333, 6.6667, 16.3333, 7.3333, 16.3333, 7.3333, 15.6667, 7.6667, 16.3333, 7.3333, 16.6667, 7.0, 16.6667, 7.0, 17.0, 6.6667, 16.6667, 6.3333, 16.3333, 6.0, 16.0, 5.6667, 15.3333, 5.0, 14.3333, 4.3333, 13.3333, 3.6667, 13.0, 3.3333, 12.0, 2.3333, 11.6667, 1.6667, 10.6667, 0.0, 10.3333, -0.3333, 9.6667, -0.6667, 1.0, -0.6667, 0.0, -0.6667, -1.0, -0.6667, -0.6667, -0.6667, -0.6667, 0.0, 0.3333, 0.6667, 1.6667, 6.3333, 11.6667, 5.6667, 11.6667, 5.3333, 12.0, 5.0, 12.0, 4.3333, 12.0, 4.0, 12.6667, 4.0, 12.3333, 3.6667, 13.0, 3.0, 13.0, 3.0, 13.3333, 2.6667, 13.0, 2.3333, 13.0, 2.3333, 12.6667, 2.6667, 12.6667, 2.6667, 12.6667, 2.0, 13.0, 2.0, 13.3333, 2.0, 14.0, 2.0, 13.6667, 2.6667, 14.0, 3.0, 14.6667, 3.0, 15.0, 3.3333, 15.3333, 4.3333, 15.6667, 5.0, 16.3333, 5.0, 16.3333, 5.6667, 16.6667, 5.6667, 17.0]",10.683726,9.015006,91.760558
240,240,5c:01:3b:6b:b0:95,-41,256,"[86.0, -32.0, 4.0, 0.0, -3.6667, 11.3333, -3.6667, 11.0, -3.3333, 11.0, -3.3333, 10.3333, -3.3333, 10.3333, -3.0, 10.3333, -3.0, 10.3333, -2.3333, 10.3333, -2.6667, 10.6667, -2.6667, 11.3333, -2.6667, 11.0, -2.6667, 11.0, -2.6667, 11.0, -2.6667, 11.0, -2.6667, 11.3333, -3.0, 11.3333, -3.0, 11.3333, -2.6667, 10.3333, -2.6667, 9.3333, -3.0, 9.0, -3.0, 8.6667, -3.0, 7.6667, -2.6667, 7.6667, -3.0, 7.3333, -3.0, 7.0, -1.0, 1.3333, 0.0, 0.0, 0.0, 0.0, 0.0, 0.0, 0.0, 0.0, 0.0, 0.0, 0.0, 0.0, 0.0, 0.0, 0.0, 0.0, 0.0, 0.0, -0.6667, 1.6667, -2.0, 8.6667, -2.0, 8.6667, -2.3333, 8.6667, -2.6667, 8.6667, -2.6667, 8.3333, -2.6667, 8.3333, -3.0, 7.6667, -2.6667, 7.6667, -3.0, 7.3333, -4.0, 8.0, -4.0, 8.0, -4.0, 8.0, -4.0, 8.0, -4.0, 8.0, -4.0, 8.0, -4.0, 7.3333, -3.6667, 7.6667, -3.6667, 8.3333, -3.3333, 8.6667, -3.6667, 8.6667, -3.3333, 9.0, -3.6667, 9.6667, -3.3333, 10.0, -3.3333, 10.6667, -3.3333, 11.0, -3.3333, 11.0, -7.0, 9.0, -18.6667, 30.0, -19.0, 29.0, -19.0, 29.0, -17.6667, 28.0, -17.0, 28.0, -16.0, 28.0, -14.3333, 28.0, -13.6667, 28.0, -12.6667, 29.0, -11.0, 30.0, -9.6667, 31.0, -9.0, 31.0, -9.0, 32.0, -9.3333, 32.0, -9.3333, 32.0, -9.3333, 32.0, -9.3333, 31.0, -9.6667, 30.0, -10.6667, 29.0, -11.3333, 27.0, -11.6667, 25.0, -12.3333, 23.0, -12.6667, 22.0, -13.0, 20.0, -13.6667, 19.0, -14.3333, 17.0, -17.6667, 14.3333, -18.0, 12.3333, -3.6667, 1.3333, -1.6667, 0.0, -0.3333, -1.0, -0.3333, -1.0, -0.3333, -1.0, -0.6667, 1.0, -1.3333, 4.0, -5.6667, 24.3333, -7.6667, 23.3333, -8.6667, 23.0, -10.3333, 22.0, -12.3333, 21.0, -14.0, 21.0, -15.3333, 20.0, -17.0, 20.0, -18.6667, 19.0, -19.6667, 19.0, -20.6667, 18.0, -21.0, 18.0, -21.6667, 18.0, -21.6667, 18.0, -21.6667, 18.0, -22.6667, 18.0, -23.0, 18.0, -23.0, 19.0, -22.3333, 19.0, -21.3333, 20.0, -21.0, 21.0, -20.6667, 22.0, -20.3333, 23.0, -19.0, 24.0, -18.0, 26.0, -18.3333, 27.0, -18.0, 28.0, -18.0, 29.0]",17.693257,13.156604,91.760558
241,241,5c:01:3b:6b:b0:95,-38,256,"[86.0, -32.0, 4.0, 0.0, -10.3333, 9.0, -10.3333, 9.0, -9.6667, 9.0, -9.6667, 8.0, -9.6667, 8.0, -9.0, 8.0, -9.0, 8.0, -8.3333, 8.0, -8.6667, 8.0, -8.6667, 8.3333, -8.0, 8.0, -8.0, 8.0, -8.0, 8.0, -8.0, 8.3333, -8.0, 8.3333, -8.6667, 8.3333, -8.6667, 8.3333, -8.3333, 7.6667, -8.0, 7.0, -8.0, 7.0, -7.6667, 7.0, -7.3333, 6.0, -7.0, 6.0, -7.0, 6.0, -6.6667, 6.0, -2.0, 1.0, 0.0, 0.0, 0.0, 0.0, 0.0, 0.0, 0.0, 0.0, 0.0, 0.0, 0.0, 0.0, 0.0, 0.0, 0.0, 0.0, 0.0, 0.0, -1.6667, 1.0, -7.0, 6.6667, -7.0, 7.0, -7.3333, 7.0, -8.0, 7.0, -8.0, 7.0, -7.6667, 7.0, -8.3333, 6.0, -8.0, 6.0, -8.0, 6.0, -8.3333, 7.0, -8.6667, 7.0, -8.6667, 7.0, -8.3333, 7.0, -8.3333, 7.0, -8.6667, 7.0, -8.6667, 6.0, -8.6667, 6.0, -9.0, 7.0, -9.0, 7.0, -9.3333, 7.0, -9.3333, 7.0, -9.6667, 8.0, -9.0, 8.0, -9.3333, 9.0, -10.0, 9.0, -9.6667, 9.0, -10.0, 9.0, -29.3333, 29.6667, -29.3333, 29.0, -29.3333, 28.6667, -28.0, 27.6667, -27.3333, 27.3333, -26.6667, 27.0, -25.3333, 26.6667, -25.0, 26.3333, -24.6667, 26.3333, -23.6667, 26.3333, -23.3333, 26.6667, -23.0, 26.3333, -23.3333, 27.0, -24.0, 27.3333, -23.3333, 27.3333, -23.3333, 27.3333, -23.0, 26.6667, -22.6667, 26.0, -22.6667, 25.6667, -22.0, 24.6667, -21.6667, 23.3333, -21.3333, 21.6667, -21.0, 21.0, -20.6667, 19.6667, -20.0, 19.0, -19.6667, 17.6667, -18.6667, 14.0, -18.0, 12.0, -3.6667, 1.0, -1.3333, 0.0, 0.0, -1.0, 0.0, -1.0, 0.0, -1.0, -1.0, 0.6667, -3.0, 3.3333, -16.0, 20.6667, -17.0, 20.6667, -19.0, 20.3333, -20.0, 20.3333, -20.6667, 20.6667, -22.0, 21.3333, -23.0, 21.0, -24.0, 20.6667, -24.6667, 20.0, -25.0, 19.6667, -25.3333, 19.3333, -25.3333, 19.3333, -26.3333, 19.3333, -26.3333, 19.3333, -26.0, 19.3333, -26.6667, 19.3333, -27.3333, 19.3333, -27.3333, 20.0, -27.0, 20.0, -26.6667, 20.6667, -27.0, 21.6667, -27.3333, 22.6667, -27.6667, 23.6667, -27.3333, 24.6667, -27.0, 26.6667, -28.0, 27.3333, -28.3333, 28.3333, -28.3333, 29.0]",20.182888,14.61642,91.760558
242,242,5c:01:3b:6b:b0:95,-38,256,"[86.0, -32.0, 4.0, 0.0, -0.6667, 6.0, -0.6667, 5.6667, -0.3333, 5.6667, -0.6667, 5.0, -0.6667, 4.6667, -0.3333, 4.3333, -0.3333, 4.3333, 0.0, 4.0, -0.3333, 4.0, -0.3333, 3.6667, 0.0, 3.3333, 0.0, 3.0, 0.0, 3.0, 0.0, 3.3333, 0.0, 3.3333, -0.3333, 3.6667, -0.6667, 3.6667, -0.3333, 3.6667, -0.3333, 3.3333, -0.6667, 3.6667, -0.6667, 3.6667, -0.6667, 3.3333, -0.3333, 3.6667, -0.6667, 3.6667, -0.6667, 4.0, -0.3333, 0.6667, 0.0, 0.0, 0.0, 0.0, 0.0, 0.0, 0.0, 0.0, 0.0, 0.0, 0.0, 0.0, 0.0, 0.0, 0.0, 0.0, 0.0, 0.0, -0.3333, 0.3333, -0.3333, 3.6667, -0.3333, 4.0, -0.3333, 4.3333, -0.3333, 4.6667, -0.3333, 5.0, 0.0, 5.3333, -0.3333, 4.6667, -0.3333, 5.0, -0.3333, 5.3333, -0.3333, 6.0, -0.3333, 6.3333, -0.3333, 6.3333, 0.0, 6.3333, 0.0, 6.3333, -0.3333, 6.3333, -0.3333, 5.3333, -0.3333, 5.3333, -0.6667, 5.6667, -0.3333, 5.6667, -0.6667, 5.3333, -0.3333, 5.3333, -0.6667, 5.6667, 0.0, 5.6667, -0.3333, 6.3333, -0.3333, 6.3333, 0.3333, 6.0, -2.6667, 5.6667, -6.0, 19.0, -6.0, 19.0, -6.3333, 18.6667, -6.0, 17.6667, -5.6667, 17.3333, -5.3333, 16.6667, -4.6667, 16.0, -4.6667, 15.0, -4.6667, 14.3333, -4.0, 13.3333, -4.0, 13.0, -3.6667, 12.3333, -4.0, 12.6667, -4.3333, 13.0, -4.3333, 13.0, -4.3333, 13.0, -4.3333, 13.0, -4.3333, 12.6667, -4.3333, 13.0, -4.0, 13.0, -4.3333, 13.0, -4.6667, 12.3333, -4.6667, 12.6667, -4.6667, 12.3333, -4.6667, 12.3333, -5.0, 12.0, -5.0, 10.3333, -4.6667, 9.6667, -1.3333, 1.0, -0.6667, 0.0, -0.3333, -1.0, -0.3333, -0.6667, -0.3333, -0.6667, -0.3333, 0.0, -0.6667, 1.0, -2.0, 8.6667, -2.6667, 9.6667, -3.3333, 11.0, -4.0, 12.0, -4.0, 13.3333, -4.6667, 14.3333, -5.0, 15.0, -5.3333, 15.0, -5.3333, 15.3333, -5.6667, 15.3333, -5.6667, 15.6667, -5.6667, 16.0, -6.3333, 16.0, -6.3333, 16.0, -6.0, 16.0, -6.3333, 16.3333, -6.6667, 16.3333, -6.3333, 16.3333, -6.3333, 16.0, -6.3333, 16.0, -6.3333, 16.3333, -6.0, 16.6667, -6.3333, 17.0, -5.6667, 17.3333, -5.3333, 18.3333, -5.6667, 18.3333, -5.3333, 19.0, -5.0, 19.0]",9.555188,9.66229,91.760558
243,243,5c:01:3b:6b:b0:95,-38,256,"[86.0, -32.0, 4.0, 0.0, 10.3333, 5.0, 10.3333, 4.6667, 10.6667, 4.6667, 10.0, 4.3333, 10.0, 4.0, 10.3333, 3.6667, 10.3333, 3.6667, 10.6667, 3.3333, 10.6667, 3.3333, 10.6667, 2.6667, 11.0, 2.3333, 11.0, 2.0, 11.0, 2.0, 11.0, 2.6667, 11.0, 2.6667, 10.6667, 3.0, 10.0, 2.6667, 10.0, 3.0, 9.3333, 3.0, 8.6667, 3.0, 8.0, 2.6667, 7.3333, 2.6667, 7.3333, 3.0, 6.6667, 2.6667, 6.0, 3.0, 1.3333, 0.3333, 0.0, 0.0, 0.0, 0.0, 0.0, 0.0, 0.0, 0.0, 0.0, 0.0, 0.0, 0.0, 0.0, 0.0, 0.0, 0.0, 0.0, 0.0, 1.6667, 0.3333, 8.3333, 3.0, 8.3333, 3.3333, 8.0, 3.6667, 8.3333, 4.0, 8.3333, 4.0, 8.3333, 4.3333, 8.0, 4.0, 7.3333, 4.3333, 7.3333, 4.6667, 7.6667, 5.0, 8.0, 5.6667, 8.0, 5.6667, 8.3333, 5.6667, 8.3333, 5.6667, 8.0, 5.6667, 8.0, 4.6667, 8.0, 4.6667, 7.6667, 4.3333, 8.3333, 4.6667, 8.3333, 4.3333, 9.0, 4.6667, 9.0, 4.6667, 10.0, 4.6667, 10.0, 5.0, 10.3333, 5.3333, 12.0, 5.0, 4.6667, 4.0, 17.3333, 14.6667, 17.3333, 14.6667, 16.6667, 14.0, 16.0, 13.3333, 16.0, 13.0, 16.0, 12.3333, 16.0, 12.0, 15.6667, 11.3333, 15.3333, 10.6667, 15.6667, 9.6667, 15.3333, 8.6667, 15.6667, 7.6667, 15.6667, 7.6667, 15.3333, 8.3333, 15.0, 8.3333, 15.0, 8.3333, 14.3333, 8.6667, 14.0, 8.6667, 14.0, 9.3333, 14.0, 9.3333, 13.0, 9.3333, 12.0, 9.0, 11.6667, 9.0, 11.3333, 9.0, 10.6667, 8.6667, 9.6667, 8.6667, 8.6667, 6.6667, 8.6667, 7.3333, 1.0, 1.0, 0.0, 0.0, -0.6667, -1.0, -0.6667, -0.6667, -0.6667, -0.6667, 0.3333, -0.3333, 1.6667, 0.3333, 12.0, 5.3333, 11.6667, 7.3333, 12.3333, 8.3333, 12.0, 9.6667, 12.6667, 11.0, 12.6667, 11.6667, 13.0, 12.3333, 13.3333, 12.0, 14.0, 12.0, 13.6667, 11.6667, 14.0, 12.0, 14.0, 12.6667, 13.6667, 12.6667, 13.6667, 12.6667, 14.0, 12.6667, 14.0, 13.3333, 14.0, 13.3333, 14.6667, 12.6667, 14.3333, 12.0, 14.0, 11.6667, 14.3333, 12.0, 15.3333, 12.3333, 15.0, 12.6667, 16.0, 13.3333, 16.3333, 14.0, 16.6667, 14.3333, 17.6667, 14.6667, 18.3333, 14.6667]",12.712823,9.471747,91.760558
244,244,5c:01:3b:6b:b0:95,-42,256,"[86.0, -32.0, 4.0, 0.0, 9.0, 2.6667, 9.0, 2.3333, 9.3333, 2.6667, 8.6667, 2.6667, 8.6667, 2.6667, 9.0, 2.3333, 9.0, 2.6667, 9.0, 2.3333, 9.3333, 2.3333, 9.3333, 2.3333, 9.3333, 2.6667, 9.3333, 2.3333, 9.3333, 2.3333, 9.3333, 2.6667, 9.3333, 2.6667, 9.3333, 3.0, 8.6667, 2.3333, 8.6667, 2.6667, 8.0, 2.3333, 7.3333, 2.0, 6.6667, 1.3333, 6.3333, 1.6667, 6.3333, 1.6667, 5.6667, 1.0, 5.0, 1.3333, 1.0, 0.0, 0.0, 0.0, 0.0, 0.0, 0.0, 0.0, 0.0, 0.0, 0.0, 0.0, 0.0, 0.0, 0.0, 0.0, 0.0, 0.0, 0.0, 0.0, 1.3333, 0.3333, 7.3333, 2.0, 7.0, 2.0, 7.0, 2.0, 7.3333, 2.0, 7.3333, 2.0, 7.0, 2.6667, 7.0, 2.6667, 6.3333, 3.3333, 6.0, 3.6667, 6.0, 3.6667, 6.6667, 4.3333, 6.3333, 4.3333, 6.3333, 4.3333, 6.3333, 4.3333, 6.3333, 4.3333, 6.3333, 3.6667, 6.6667, 3.6667, 6.6667, 3.0, 7.3333, 3.3333, 7.3333, 2.6667, 8.0, 3.0, 8.0, 2.3333, 8.6667, 2.3333, 8.3333, 2.6667, 9.0, 3.0, 10.3333, 2.6667, 1.3333, 0.6667, 7.0, 4.3333, 7.0, 4.6667, 6.6667, 4.3333, 6.6667, 3.6667, 7.0, 3.6667, 7.3333, 3.0, 7.6667, 3.6667, 7.6667, 3.6667, 8.0, 4.0, 8.6667, 4.3333, 9.0, 4.3333, 9.6667, 3.6667, 9.6667, 4.0, 9.6667, 4.3333, 9.3333, 4.0, 9.3333, 4.0, 8.6667, 4.3333, 8.0, 4.0, 7.6667, 4.0, 7.3333, 3.0, 6.3333, 2.6667, 5.3333, 2.3333, 5.0, 2.3333, 4.6667, 2.0, 4.0, 2.0, 3.0, 2.3333, 0.6667, 2.0, 0.3333, 2.6667, -0.3333, 0.3333, -0.6667, -0.3333, -0.6667, -1.0, -0.6667, -0.6667, -0.6667, -0.3333, 0.0, -0.3333, 0.6667, -0.3333, 7.3333, 1.3333, 6.3333, 2.0, 7.3333, 3.6667, 6.0, 3.6667, 5.3333, 4.0, 5.0, 4.3333, 4.6667, 5.3333, 4.3333, 5.6667, 4.3333, 6.3333, 3.3333, 6.6667, 3.3333, 7.0, 3.0, 7.3333, 2.6667, 7.3333, 2.6667, 7.6667, 2.6667, 7.3333, 2.6667, 7.6667, 2.6667, 7.6667, 3.3333, 7.3333, 3.3333, 7.0, 3.3333, 6.3333, 4.0, 6.0, 5.0, 5.6667, 4.6667, 5.3333, 5.6667, 5.3333, 6.0, 5.0, 6.3333, 5.0, 7.3333, 5.0, 7.6667, 4.6667]",7.479963,8.062354,91.760558
245,245,5c:01:3b:6b:b0:95,-39,256,"[86.0, -32.0, 4.0, 0.0, -2.0, 3.3333, -2.0, 3.3333, -1.3333, 4.0, -1.6667, 4.0, -1.6667, 4.6667, -1.0, 4.6667, -1.0, 5.3333, -1.0, 5.3333, -0.3333, 5.3333, -0.3333, 6.0, -0.3333, 6.6667, -0.3333, 6.6667, -0.3333, 6.6667, -0.3333, 7.0, -0.3333, 7.0, -0.3333, 7.0, -0.6667, 6.0, -0.6667, 6.0, -1.0, 5.3333, -1.3333, 4.3333, -1.6667, 3.3333, -1.3333, 3.3333, -1.3333, 2.6667, -1.6667, 1.6667, -2.0, 1.6667, -1.0, 0.0, 0.0, 0.0, 0.0, 0.0, 0.0, 0.0, 0.0, 0.0, 0.0, 0.0, 0.0, 0.0, 0.0, 0.0, 0.0, 0.0, 0.0, 0.0, -0.3333, 1.0, -0.3333, 3.6667, -1.0, 3.6667, -1.0, 3.0, -1.3333, 2.3333, -1.3333, 2.0, -2.0, 2.0, -2.0, 2.0, -2.3333, 2.3333, -3.0, 2.3333, -3.0, 2.6667, -2.6667, 3.0, -3.3333, 3.0, -3.3333, 3.0, -3.3333, 3.0, -3.3333, 3.0, -3.3333, 2.6667, -2.6667, 2.3333, -2.6667, 2.0, -2.3333, 2.3333, -2.3333, 2.0, -2.0, 2.3333, -2.0, 2.3333, -1.6667, 2.3333, -2.3333, 3.0, -2.0, 3.3333, -1.3333, 3.3333, -7.3333, 0.3333, -21.0, 3.6667, -21.0, 3.6667, -20.6667, 3.3333, -19.6667, 3.0, -19.0, 3.3333, -18.3333, 3.0, -17.6667, 4.6667, -17.6667, 5.6667, -17.0, 6.6667, -16.6667, 8.3333, -16.0, 9.3333, -15.6667, 9.0, -15.6667, 9.6667, -15.6667, 10.0, -15.3333, 9.3333, -15.3333, 9.3333, -15.6667, 9.3333, -16.0, 8.6667, -15.6667, 8.0, -15.3333, 6.0, -15.3333, 4.6667, -15.3333, 3.6667, -15.0, 3.0, -14.6667, 2.0, -14.0, 1.0, -14.0, 1.6667, -13.6667, 1.0, -13.3333, 0.3333, -2.6667, -0.3333, -1.3333, -0.6667, -0.3333, -1.0, -0.3333, -1.0, -0.3333, -0.3333, -1.0, 0.0, -2.6667, 0.6667, -11.3333, 6.0, -12.3333, 5.3333, -12.3333, 5.6667, -14.0, 4.3333, -15.3333, 3.3333, -16.0, 3.6667, -16.6667, 4.6667, -17.3333, 5.0, -17.3333, 5.6667, -18.3333, 6.0, -18.3333, 6.0, -19.0, 6.3333, -19.6667, 6.6667, -19.6667, 7.0, -19.6667, 6.6667, -19.6667, 6.3333, -19.6667, 6.3333, -19.3333, 6.6667, -19.3333, 6.3333, -19.3333, 5.6667, -19.0, 5.3333, -19.0, 5.0, -19.6667, 4.6667, -19.6667, 4.6667, -20.0, 4.0, -20.3333, 4.0, -20.3333, 4.0, -20.6667, 4.0]",10.568617,10.49043,91.760558
246,246,5c:01:3b:6b:b0:95,-41,256,"[86.0, -32.0, 4.0, 0.0, -4.6667, 2.0, -4.6667, 2.0, -4.0, 3.0, -4.3333, 3.0, -4.3333, 4.0, -3.6667, 4.0, -3.6667, 4.6667, -4.0, 4.6667, -3.3333, 4.3333, -3.3333, 5.0, -3.3333, 5.3333, -3.3333, 5.3333, -3.3333, 5.3333, -3.3333, 5.3333, -3.3333, 5.3333, -3.3333, 5.3333, -3.3333, 5.0, -3.3333, 5.0, -3.6667, 4.6667, -3.6667, 4.0, -3.6667, 3.0, -3.3333, 3.0, -3.3333, 2.0, -3.3333, 1.0, -3.3333, 1.0, -1.3333, 0.0, 0.0, 0.0, 0.0, 0.0, 0.0, 0.0, 0.0, 0.0, 0.0, 0.0, 0.0, 0.0, 0.0, 0.0, 0.0, 0.0, 0.0, 0.0, -1.0, 0.6667, -2.6667, 2.6667, -3.3333, 3.0, -3.0, 2.0, -3.6667, 1.0, -3.6667, 1.0, -4.0, 0.6667, -4.0, 0.6667, -4.0, 1.0, -4.6667, 1.0, -4.6667, 1.6667, -4.3333, 1.6667, -5.0, 1.6667, -5.0, 1.6667, -5.0, 1.6667, -5.0, 1.6667, -5.0, 1.6667, -4.3333, 1.0, -4.3333, 1.0, -4.3333, 1.0, -4.3333, 0.6667, -4.3333, 0.6667, -4.3333, 1.0, -4.3333, 1.0, -4.6667, 2.0, -4.6667, 2.0, -4.3333, 2.0, -6.3333, -1.6667, -18.3333, -3.3333, -18.6667, -3.0, -18.0, -3.0, -17.0, -3.3333, -16.6667, -2.6667, -16.0, -3.0, -15.6667, -1.0, -15.6667, 0.0, -15.3333, 1.0, -15.3333, 3.0, -14.3333, 5.0, -14.6667, 5.0, -14.6667, 6.0, -14.6667, 6.0, -14.0, 5.0, -14.0, 5.0, -14.0, 5.0, -14.0, 4.0, -13.6667, 3.0, -13.6667, 1.0, -13.3333, 0.0, -13.3333, -1.0, -13.0, -1.0, -13.0, -2.0, -12.3333, -3.0, -12.0, -1.3333, -11.6667, 0.6667, -11.6667, -0.3333, -2.3333, -0.6667, -1.3333, -0.6667, -0.3333, -1.0, -0.3333, -1.0, -0.3333, 0.0, -1.0, 0.0, -2.3333, 0.0, -10.3333, 2.0, -11.0, 0.0, -11.0, 1.0, -12.3333, -1.0, -13.3333, -2.3333, -14.0, -1.3333, -14.3333, 0.6667, -15.0, 1.6667, -15.0, 3.6667, -15.6667, 4.6667, -15.6667, 5.0, -16.3333, 5.3333, -16.6667, 6.0, -16.6667, 6.3333, -16.6667, 6.0, -16.6667, 5.3333, -16.6667, 5.3333, -16.6667, 6.0, -16.6667, 5.6667, -16.3333, 4.6667, -16.3333, 3.6667, -16.6667, 2.6667, -17.0, 1.6667, -17.3333, 0.6667, -17.6667, -1.0, -17.6667, -2.0, -18.0, -2.0, -18.3333, -2.3333]",9.658737,9.501989,91.760558
247,247,5c:01:3b:6b:b0:95,-38,256,"[86.0, -32.0, 4.0, 0.0, 3.6667, 2.0, 3.6667, 2.0, 4.0, 3.0, 3.3333, 3.0, 3.3333, 4.0, 3.6667, 4.0, 3.6667, 4.3333, 3.0, 4.3333, 3.3333, 3.6667, 3.3333, 4.0, 3.3333, 3.6667, 3.3333, 3.6667, 3.3333, 3.6667, 3.3333, 3.6667, 3.3333, 3.6667, 3.3333, 3.6667, 3.3333, 4.0, 3.3333, 4.0, 2.6667, 4.3333, 2.6667, 4.0, 2.6667, 3.0, 2.3333, 3.0, 2.3333, 2.0, 2.3333, 1.0, 2.3333, 1.0, 0.3333, 0.0, 0.0, 0.0, 0.0, 0.0, 0.0, 0.0, 0.0, 0.0, 0.0, 0.0, 0.0, 0.0, 0.0, 0.0, 0.0, 0.0, 0.0, 0.0, 0.0, 0.3333, 2.6667, 2.3333, 2.3333, 3.0, 3.0, 2.0, 2.6667, 1.0, 2.6667, 1.0, 3.0, 0.0, 3.0, 0.0, 3.0, 0.0, 2.6667, 0.0, 2.6667, 1.0, 3.3333, 1.0, 3.0, 1.0, 3.0, 1.0, 3.0, 1.0, 3.0, 1.0, 3.0, 1.0, 3.3333, 0.0, 3.3333, 0.0, 3.3333, 0.0, 3.3333, 0.0, 3.3333, 0.0, 3.3333, 1.0, 3.3333, 1.0, 3.6667, 1.6667, 3.6667, 1.6667, 4.3333, 1.6667, 3.3333, -1.6667, 12.3333, -3.0, 11.6667, -3.3333, 12.0, -3.3333, 12.0, -3.3333, 11.6667, -2.3333, 12.0, -2.3333, 11.6667, -0.6667, 11.6667, 0.3333, 11.3333, 1.6667, 11.3333, 3.6667, 12.3333, 5.6667, 11.6667, 6.0, 11.6667, 7.0, 11.6667, 7.0, 12.0, 6.0, 12.0, 6.0, 12.0, 5.6667, 12.0, 4.6667, 11.6667, 3.6667, 10.6667, 2.0, 10.3333, 0.6667, 9.3333, -0.3333, 9.0, -0.6667, 8.0, -1.6667, 7.3333, -3.3333, 7.0, -2.0, 4.6667, 1.3333, 3.6667, 1.3333, 0.3333, -0.3333, -0.6667, -0.3333, -0.6667, -1.0, -0.6667, -1.0, -0.6667, -0.3333, 0.0, 0.0, 1.3333, 0.3333, 9.3333, 2.6667, 9.0, 0.6667, 10.0, 1.6667, 9.3333, -0.3333, 9.3333, -2.3333, 9.0, -2.0, 9.3333, 0.0, 9.0, 1.0, 9.0, 3.0, 8.6667, 4.0, 8.6667, 4.0, 8.3333, 5.0, 8.6667, 6.0, 8.6667, 6.0, 8.6667, 6.0, 8.6667, 5.6667, 8.6667, 5.6667, 8.6667, 6.0, 8.6667, 5.0, 9.3333, 4.0, 9.3333, 3.0, 9.6667, 2.0, 10.0, 1.0, 10.3333, 0.0, 10.6667, -2.0, 11.6667, -3.0, 12.0, -2.6667, 12.3333, -2.6667]",7.065766,8.605067,91.760558
248,248,5c:01:3b:6b:b0:95,-42,256,"[86.0, -32.0, 4.0, 0.0, 15.3333, 2.0, 15.3333, 2.0, 15.0, 3.0, 14.0, 3.0, 14.0, 4.0, 13.6667, 4.0, 13.3333, 4.0, 12.6667, 4.0, 12.3333, 3.0, 12.3333, 3.0, 12.3333, 2.0, 12.0, 2.0, 12.3333, 2.0, 12.0, 2.0, 12.0, 2.0, 12.0, 2.0, 12.0, 3.0, 12.0, 3.0, 11.3333, 4.0, 11.3333, 4.0, 11.3333, 3.0, 10.3333, 3.0, 10.3333, 2.0, 10.3333, 1.0, 10.0, 1.0, 2.3333, 0.0, 0.0, 0.0, 0.0, 0.0, 0.0, 0.0, 0.0, 0.0, 0.0, 0.0, 0.0, 0.0, 0.0, 0.0, 0.0, 0.0, 0.0, 0.0, 1.6667, 0.0, 10.0, 2.0, 10.0, 3.0, 11.0, 2.0, 11.3333, 1.0, 11.6667, 1.0, 12.6667, 0.0, 13.0, -0.3333, 13.0, -0.3333, 13.0, -0.6667, 13.0, -0.3333, 13.6667, -0.6667, 13.6667, -0.6667, 13.6667, -0.6667, 14.0, -0.3333, 14.0, -0.3333, 14.0, -0.3333, 14.0, -0.6667, 14.0, -0.6667, 14.3333, -0.3333, 14.3333, 0.0, 14.3333, 0.0, 14.3333, 1.0, 14.3333, 1.0, 15.3333, 1.3333, 15.6667, 1.3333, 16.3333, 1.3333, 13.0, -1.3333, 43.0, -2.0, 42.0, -2.6667, 42.0, -2.6667, 41.0, -2.6667, 40.0, -1.6667, 39.6667, -1.6667, 39.0, -0.3333, 38.6667, 0.6667, 37.3333, 2.3333, 37.0, 4.3333, 37.3333, 6.3333, 36.6667, 7.0, 36.6667, 8.0, 36.6667, 8.0, 36.3333, 7.0, 36.3333, 7.0, 36.3333, 6.3333, 36.3333, 5.3333, 35.6667, 4.3333, 34.3333, 3.0, 33.3333, 1.3333, 31.6667, 0.3333, 30.6667, -0.3333, 29.0, -1.3333, 27.0, -2.6667, 26.0, -2.3333, 21.0, 0.3333, 19.0, 1.6667, 3.0, 0.0, 0.0, 0.0, -1.0, -0.6667, -1.0, -1.0, -1.0, -0.6667, 1.0, 0.0, 4.6667, 0.6667, 28.0, 3.3333, 28.3333, 1.3333, 30.0, 2.3333, 30.3333, 0.3333, 32.0, -1.6667, 32.0, -2.3333, 33.0, -1.3333, 33.0, -1.3333, 33.0, -0.6667, 33.0, 0.0, 33.0, 0.3333, 33.0, 1.0, 34.0, 1.3333, 34.0, 1.3333, 34.0, 1.6667, 34.0, 2.0, 34.0, 1.6667, 34.0, 1.6667, 34.0, 0.6667, 35.0, 0.0, 35.0, -1.0, 36.0, -1.3333, 37.0, -1.6667, 38.0, -2.0, 39.0, -2.6667, 41.0, -3.0, 42.0, -2.3333, 43.0, -2.3333]",21.43478,14.790869,91.760558
249,249,5c:01:3b:6b:b0:95,-42,256,"[86.0, -32.0, 4.0, 0.0, 3.0, 2.0, 3.3333, 2.0, 3.3333, 3.0, 3.0, 3.0, 3.0, 4.0, 3.0, 4.0, 3.0, 4.3333, 2.6667, 4.3333, 2.6667, 3.6667, 2.6667, 4.0, 2.6667, 3.3333, 2.6667, 3.6667, 3.0, 3.6667, 3.0, 3.6667, 2.6667, 3.6667, 2.6667, 3.6667, 2.6667, 4.0, 2.6667, 4.0, 2.6667, 4.3333, 2.6667, 4.0, 2.6667, 3.0, 2.0, 3.0, 2.0, 2.0, 2.3333, 1.0, 2.0, 1.0, 0.3333, 0.0, 0.0, 0.0, 0.0, 0.0, 0.0, 0.0, 0.0, 0.0, 0.0, 0.0, 0.0, 0.0, 0.0, 0.0, 0.0, 0.0, 0.0, 0.0, 0.0, 0.0, 2.0, 2.3333, 1.6667, 3.0, 2.0, 2.0, 2.0, 1.0, 2.0, 1.0, 2.3333, 0.0, 2.6667, -0.6667, 2.3333, -0.6667, 2.3333, -1.3333, 2.0, -1.6667, 2.0, -2.3333, 2.0, -2.3333, 2.3333, -2.3333, 2.6667, -1.6667, 2.6667, -1.6667, 2.6667, -1.6667, 2.6667, -1.3333, 2.6667, -1.3333, 3.0, -0.6667, 3.0, 0.0, 3.0, 0.0, 3.0, 1.0, 3.0, 1.0, 3.3333, 1.0, 3.3333, 1.0, 3.6667, 1.0, 3.6667, -1.0, 12.6667, -1.0, 12.0, -2.0, 12.3333, -2.0, 12.3333, -2.0, 12.0, -1.0, 12.3333, -1.0, 12.3333, 0.0, 12.3333, 1.0, 11.6667, 3.0, 11.6667, 5.0, 12.0, 7.0, 11.6667, 8.0, 11.6667, 9.0, 11.6667, 9.0, 11.6667, 8.0, 11.6667, 8.0, 11.6667, 7.0, 11.6667, 6.0, 11.6667, 5.0, 11.0, 4.0, 10.3333, 2.0, 9.6667, 1.0, 9.3333, 0.0, 8.6667, -1.0, 7.6667, -2.0, 7.0, -2.6667, 4.0, -1.3333, 3.0, 0.3333, 0.3333, 0.0, -0.6667, -0.3333, -0.6667, -0.3333, -0.6667, -1.0, -0.6667, -1.0, 0.0, 0.0, 1.3333, 1.0, 9.0, 4.0, 9.0, 2.0, 9.3333, 3.0, 9.0, 1.0, 9.6667, -1.0, 9.0, -2.6667, 9.3333, -2.6667, 8.6667, -3.6667, 8.3333, -4.3333, 8.3333, -4.0, 8.0, -3.3333, 7.6667, -3.0, 8.3333, -3.3333, 8.0, -3.3333, 8.0, -2.6667, 8.3333, -2.0, 8.3333, -2.6667, 8.0, -2.6667, 8.0, -3.6667, 8.6667, -4.0, 8.6667, -5.0, 9.0, -4.6667, 9.6667, -4.3333, 10.3333, -4.0, 11.0, -3.3333, 12.0, -3.0, 12.3333, -2.0, 12.6667, -2.0]",6.92066,8.693885,91.760558
250,250,5c:01:3b:6b:b0:95,-39,256,"[86.0, -32.0, 4.0, 0.0, 0.3333, 4.6667, 1.0, 4.6667, 1.0, 5.3333, 1.0, 5.6667, 1.0, 6.3333, 1.0, 6.3333, 1.0, 6.6667, 1.3333, 6.3333, 1.3333, 6.0, 1.3333, 6.3333, 1.3333, 5.6667, 1.3333, 6.0, 1.6667, 6.0, 2.0, 6.0, 1.6667, 6.0, 1.3333, 6.3333, 1.3333, 6.3333, 1.3333, 6.0, 1.3333, 6.0, 1.3333, 5.6667, 1.0, 5.0, 0.6667, 5.0, 0.3333, 4.0, 0.6667, 3.0, 0.3333, 2.6667, -0.3333, 0.3333, 0.0, 0.0, 0.0, 0.0, 0.0, 0.0, 0.0, 0.0, 0.0, 0.0, 0.0, 0.0, 0.0, 0.0, 0.0, 0.0, 0.0, 0.0, 0.0, 0.6667, 0.6667, 4.3333, 0.0, 4.6667, 0.0, 3.6667, 0.0, 3.0, 0.0, 3.0, -0.3333, 2.0, 0.0, 1.3333, -0.3333, 1.0, -0.3333, 0.3333, -1.0, -0.6667, -1.3333, -1.6667, -1.3333, -1.6667, -1.0, -1.6667, -0.6667, -1.0, -0.6667, -0.6667, -0.6667, -0.3333, -0.3333, 0.3333, -0.3333, 0.3333, 0.0, 1.3333, 0.3333, 2.3333, 0.3333, 2.6667, 0.6667, 3.3333, 0.6667, 3.3333, 0.6667, 3.6667, 0.6667, 3.6667, 0.6667, 3.6667, 1.0, 0.6667, 4.0, 4.6667, 3.6667, 3.6667, 4.0, 3.6667, 4.3333, 3.6667, 4.3333, 4.3333, 4.6667, 4.6667, 5.3333, 5.3333, 5.6667, 6.3333, 5.6667, 8.0, 6.3333, 9.6667, 6.6667, 11.6667, 7.0, 12.6667, 7.0, 13.3333, 7.3333, 13.3333, 7.3333, 12.6667, 7.3333, 12.6667, 7.0, 12.0, 6.3333, 11.0, 6.3333, 10.0, 5.6667, 8.6667, 4.6667, 6.6667, 4.3333, 5.3333, 4.0, 4.3333, 3.3333, 3.3333, 2.3333, 2.0, 1.3333, 1.0, -1.6667, -1.0, -2.6667, -0.3333, -0.6667, 0.0, -1.0, -0.3333, -0.6667, -0.3333, -0.6667, -1.0, -0.6667, -1.0, 0.0, 0.3333, 0.6667, 1.3333, 5.3333, 8.0, 4.6667, 6.0, 3.6667, 6.3333, 3.0, 4.6667, 3.0, 3.0, 2.0, 1.0, 1.6667, 0.0, 0.3333, -1.6667, -0.3333, -3.3333, -0.6667, -3.6667, -1.3333, -3.3333, -2.0, -3.3333, -1.6667, -4.0, -1.6667, -4.0, -2.0, -3.6667, -1.6667, -3.0, -1.6667, -3.3333, -2.0, -3.3333, -1.6667, -3.6667, -1.0, -3.3333, -0.3333, -3.6667, 0.3333, -2.6667, 1.0, -1.6667, 2.0, -0.6667, 2.6667, 1.3333, 3.3333, 2.3333, 3.6667, 3.3333, 4.0, 3.6667]",5.176047,8.479256,91.760558
251,251,5c:01:3b:6b:b0:95,-42,256,"[86.0, -32.0, 4.0, 0.0, -5.6667, 7.3333, -4.6667, 7.3333, -4.3333, 7.6667, -4.0, 8.3333, -4.0, 8.6667, -3.6667, 8.6667, -3.3333, 9.0, -2.6667, 8.3333, -2.3333, 8.3333, -2.3333, 8.6667, -2.3333, 8.0, -2.0, 8.3333, -2.0, 8.3333, -1.0, 8.3333, -1.3333, 8.3333, -2.0, 9.0, -2.0, 8.6667, -2.0, 8.0, -2.3333, 7.6667, -2.3333, 7.3333, -3.0, 7.0, -3.0, 7.0, -3.6667, 6.0, -3.3333, 5.0, -3.3333, 4.3333, -1.3333, 0.6667, 0.0, 0.0, 0.0, 0.0, 0.0, 0.0, 0.0, 0.0, 0.0, 0.0, 0.0, 0.0, 0.0, 0.0, 0.0, 0.0, 0.0, 0.0, -0.6667, 1.3333, -2.6667, 6.3333, -3.6667, 6.3333, -4.0, 5.3333, -4.3333, 5.0, -4.6667, 5.0, -5.6667, 4.0, -5.6667, 3.6667, -6.0, 3.0, -6.0, 2.6667, -7.0, 1.6667, -7.3333, 1.0, -7.3333, 1.3333, -7.0, 1.0, -7.0, 1.3333, -7.0, 1.6667, -7.0, 2.3333, -6.3333, 2.6667, -6.3333, 2.6667, -6.3333, 3.6667, -5.6667, 4.6667, -5.6667, 5.3333, -5.0, 5.6667, -5.0, 5.6667, -5.3333, 6.3333, -5.6667, 6.3333, -5.6667, 6.3333, -1.6667, 2.3333, -4.6667, 10.3333, -4.6667, 9.3333, -4.3333, 9.3333, -3.6667, 9.3333, -3.3333, 9.6667, -2.6667, 10.3333, -1.6667, 10.6667, -0.6667, 11.6667, 0.3333, 13.0, 2.0, 14.3333, 3.0, 16.3333, 3.6667, 17.3333, 3.6667, 17.6667, 4.3333, 17.6667, 4.6667, 17.3333, 4.6667, 17.3333, 4.0, 17.0, 2.6667, 16.0, 2.3333, 15.0, 1.0, 13.3333, -0.3333, 11.3333, -0.6667, 9.6667, -1.0, 8.6667, -2.0, 7.6667, -3.0, 6.0, -4.3333, 5.0, -7.3333, 2.3333, -8.3333, 3.0, -1.6667, 0.3333, -1.3333, -0.3333, -0.6667, -0.6667, -0.6667, -1.0, -0.6667, -1.0, 0.0, 0.6667, 0.3333, 1.6667, 2.6667, 12.0, 1.0, 10.0, -1.0, 9.6667, -2.3333, 8.3333, -3.6667, 7.0, -5.0, 5.0, -6.0, 4.0, -8.0, 2.6667, -9.0, 1.3333, -9.6667, 1.3333, -10.6667, 1.6667, -11.6667, 2.0, -11.6667, 2.0, -11.3333, 2.0, -12.0, 2.3333, -11.6667, 2.6667, -11.6667, 2.3333, -12.0, 2.3333, -11.3333, 2.0, -10.6667, 2.0, -9.3333, 1.6667, -8.3333, 2.6667, -7.6667, 3.6667, -6.3333, 4.6667, -5.6667, 6.6667, -5.3333, 7.6667, -5.0, 8.6667, -4.6667, 9.3333]",8.885026,8.443947,91.760558
252,252,5c:01:3b:6b:b0:95,-38,256,"[86.0, -32.0, 4.0, 0.0, 4.0, 6.6667, 5.0, 6.6667, 5.0, 6.6667, 5.0, 7.0, 5.0, 7.0, 5.0, 6.6667, 5.0, 6.6667, 6.0, 5.6667, 6.0, 5.6667, 6.0, 5.3333, 6.0, 4.6667, 6.0, 4.6667, 6.0, 4.6667, 7.0, 4.6667, 7.0, 4.6667, 6.0, 5.3333, 6.0, 5.6667, 6.0, 5.0, 5.0, 5.3333, 5.0, 5.3333, 4.0, 5.6667, 4.0, 6.0, 3.0, 5.3333, 3.0, 5.0, 3.0, 4.6667, 0.0, 0.6667, 0.0, 0.0, 0.0, 0.0, 0.0, 0.0, 0.0, 0.0, 0.0, 0.0, 0.0, 0.0, 0.0, 0.0, 0.0, 0.0, 0.0, 0.0, 1.0, 1.0, 4.0, 4.3333, 3.0, 4.6667, 3.0, 4.3333, 3.0, 4.3333, 3.0, 4.6667, 2.0, 4.3333, 2.0, 4.6667, 2.0, 4.0, 2.0, 4.3333, 1.0, 4.0, 1.0, 3.6667, 1.0, 4.3333, 1.0, 3.6667, 1.0, 3.6667, 1.0, 4.0, 1.0, 4.6667, 2.0, 4.6667, 2.0, 4.3333, 2.0, 4.6667, 3.0, 5.3333, 3.0, 5.6667, 4.0, 5.6667, 4.0, 5.6667, 4.0, 6.3333, 4.0, 6.3333, 4.0, 6.0, 5.0, 2.6667, 17.0, 11.0, 17.0, 10.6667, 17.0, 10.6667, 17.0, 10.3333, 17.0, 10.3333, 17.0, 10.6667, 18.0, 10.3333, 19.0, 10.6667, 20.0, 10.6667, 22.0, 11.0, 23.0, 12.0, 24.0, 12.3333, 24.0, 12.3333, 25.0, 12.3333, 25.0, 12.3333, 25.0, 12.3333, 24.0, 12.6667, 22.0, 12.3333, 21.0, 12.0, 19.0, 11.0, 17.0, 10.0, 16.0, 9.3333, 15.0, 8.6667, 13.0, 8.3333, 11.0, 7.6667, 9.0, 7.3333, 4.0, 5.6667, 2.0, 6.3333, 0.0, 0.6667, -1.0, 0.0, -1.0, -1.0, -1.0, -0.6667, -1.0, -1.0, 1.0, 0.3333, 3.0, 0.6667, 18.0, 8.3333, 16.0, 7.6667, 14.0, 7.3333, 13.0, 7.3333, 12.0, 7.0, 11.0, 6.3333, 10.0, 6.0, 8.0, 6.0, 7.0, 5.6667, 6.0, 6.3333, 5.0, 6.6667, 4.0, 7.3333, 4.0, 8.0, 5.0, 8.0, 4.0, 8.3333, 4.0, 8.3333, 4.0, 8.0, 4.0, 8.0, 5.0, 7.6667, 6.0, 7.3333, 8.0, 7.0, 10.0, 7.3333, 11.0, 7.6667, 13.0, 8.3333, 14.0, 9.3333, 15.0, 9.6667, 16.0, 10.3333, 17.0, 10.6667]",10.757071,10.36905,91.760558
253,253,5c:01:3b:6b:b0:95,-39,256,"[86.0, -32.0, 4.0, 0.0, 0.0, -0.6667, 0.6667, -0.6667, 0.6667, -0.6667, 0.6667, -0.3333, 0.6667, -0.3333, 0.6667, -0.3333, 0.6667, -0.3333, 1.0, -1.0, 1.0, -0.6667, 1.0, -1.0, 1.0, -1.3333, 0.6667, -1.3333, 0.6667, -1.3333, 1.3333, -1.3333, 1.3333, -1.3333, 1.0, -1.0, 1.0, -0.6667, 1.0, -1.0, 0.6667, -0.6667, 0.6667, -0.6667, 0.3333, -0.3333, 0.3333, 0.3333, 0.0, 0.0, 0.0, 0.0, 0.0, 0.0, -0.6667, -0.3333, 0.0, 0.0, 0.0, 0.0, 0.0, 0.0, 0.0, 0.0, 0.0, 0.0, 0.0, 0.0, 0.0, 0.0, 0.0, 0.0, 0.0, 0.0, 0.0, -0.3333, 0.3333, -1.0, 0.0, -1.0, 0.0, -1.0, 0.0, -1.3333, 0.0, -1.0, -0.6667, -1.0, -0.6667, -1.0, -0.3333, -1.3333, -0.3333, -1.3333, -1.0, -1.3333, -1.0, -1.3333, -1.0, -0.6667, -1.0, -1.3333, -1.0, -1.3333, -1.0, -1.3333, -1.3333, -1.3333, -0.6667, -1.0, -0.6667, -1.3333, -0.6667, -1.3333, 0.0, -1.0, 0.0, -1.0, 0.3333, -1.0, 0.3333, -1.0, 0.0, -0.6667, 0.0, -1.0, 0.0, -1.3333, 0.0, -3.0, 0.6667, -7.6667, 1.0, -7.6667, 1.3333, -7.6667, 1.3333, -7.3333, 1.6667, -7.0, 1.6667, -6.3333, 2.3333, -6.3333, 2.6667, -6.0, 3.0, -5.6667, 4.3333, -5.0, 4.3333, -4.3333, 4.6667, -4.0, 4.3333, -4.0, 5.0, -4.0, 5.3333, -4.0, 5.3333, -4.0, 5.0, -3.6667, 4.0, -3.6667, 4.0, -4.0, 3.3333, -4.3333, 2.3333, -4.6667, 2.3333, -4.3333, 2.0, -4.6667, 1.0, -4.3333, 0.3333, -4.3333, -0.3333, -4.3333, -2.0, -4.6667, -2.6667, -3.6667, -0.6667, -1.3333, -1.0, -0.6667, -0.6667, -0.6667, -0.6667, -0.3333, -0.6667, -0.6667, 0.0, -0.3333, 0.3333, -1.3333, 3.6667, -4.0, 2.6667, -4.3333, 1.3333, -5.3333, 1.0, -5.6667, 0.3333, -6.3333, 0.0, -7.0, -0.6667, -7.6667, -1.6667, -8.0, -2.0, -8.6667, -2.3333, -8.0, -3.0, -7.6667, -3.6667, -7.0, -3.6667, -6.6667, -3.0, -7.0, -3.6667, -6.3333, -3.6667, -6.3333, -3.6667, -7.0, -4.0, -7.0, -3.3333, -7.6667, -3.0, -8.0, -2.0, -8.6667, -1.0, -8.6667, -0.6667, -8.6667, 0.0, -8.3333, 0.3333, -7.6667, 0.3333, -7.6667, 0.6667, -7.3333, 1.0, -7.6667]",4.269497,8.333524,91.760558
254,254,5c:01:3b:6b:b0:95,-39,256,"[86.0, -32.0, 4.0, 0.0, -7.3333, -8.0, -7.0, -8.0, -7.0, -8.0, -7.0, -7.6667, -7.0, -7.6667, -7.0, -7.3333, -7.0, -7.3333, -7.0, -7.6667, -7.0, -7.0, -7.3333, -7.3333, -7.3333, -7.3333, -7.6667, -7.3333, -7.6667, -7.3333, -7.3333, -7.3333, -7.3333, -7.3333, -7.3333, -7.3333, -7.3333, -7.0, -7.0, -7.0, -6.6667, -6.6667, -6.3333, -6.6667, -6.0, -6.3333, -5.6667, -5.3333, -5.6667, -5.3333, -5.3333, -5.0, -5.0, -4.6667, -1.6667, -1.3333, 0.0, 0.0, 0.0, 0.0, 0.0, 0.0, 0.0, 0.0, 0.0, 0.0, 0.0, 0.0, 0.0, 0.0, 0.0, 0.0, 0.0, 0.0, -1.6667, -1.6667, -5.3333, -6.3333, -5.3333, -6.6667, -5.3333, -6.3333, -5.3333, -7.0, -5.3333, -6.6667, -5.6667, -6.3333, -5.6667, -6.6667, -5.0, -6.6667, -5.0, -7.0, -5.3333, -6.6667, -5.3333, -6.6667, -5.3333, -6.3333, -5.3333, -6.6667, -5.3333, -6.6667, -5.3333, -6.6667, -5.6667, -7.3333, -5.6667, -6.6667, -5.6667, -7.0, -6.0, -7.3333, -5.6667, -7.3333, -6.0, -7.6667, -6.0, -7.6667, -6.3333, -7.6667, -7.0, -7.6667, -7.3333, -8.3333, -7.6667, -8.6667, -5.0, -8.6667, -15.6667, -26.3333, -15.3333, -26.0, -15.0, -26.0, -14.6667, -25.0, -14.6667, -24.3333, -14.3333, -23.3333, -14.0, -23.0, -14.3333, -22.6667, -14.3333, -22.0, -14.3333, -21.0, -15.0, -20.6667, -15.3333, -20.3333, -15.6667, -20.3333, -15.3333, -20.3333, -15.0, -20.3333, -15.0, -20.3333, -14.6667, -20.0, -14.6667, -19.6667, -13.6667, -20.0, -13.3333, -19.6667, -13.0, -19.3333, -12.0, -18.0, -11.3333, -18.0, -11.0, -17.0, -10.3333, -16.3333, -10.0, -16.0, -9.0, -16.3333, -8.6667, -16.3333, -1.6667, -3.6667, -1.0, -1.3333, -0.3333, -0.3333, -0.3333, 0.0, -0.3333, -0.3333, -1.0, -1.0, -2.3333, -3.3333, -11.6667, -16.3333, -12.0, -16.3333, -11.6667, -18.0, -11.6667, -18.6667, -11.6667, -19.6667, -11.3333, -20.3333, -11.3333, -21.3333, -11.6667, -22.0, -11.3333, -23.0, -11.0, -23.0, -11.0, -23.3333, -11.3333, -23.0, -11.6667, -23.3333, -11.3333, -24.0, -11.6667, -23.6667, -11.3333, -23.6667, -11.6667, -24.0, -12.0, -24.0, -12.0, -24.3333, -12.3333, -24.0, -12.3333, -24.3333, -12.3333, -24.6667, -12.6667, -25.0, -13.3333, -25.0, -13.6667, -24.6667, -14.6667, -25.0, -15.0, -25.0, -15.0, -26.0]",15.757843,11.73959,91.760558
255,255,5c:01:3b:6b:b0:95,-42,256,"[86.0, -32.0, 4.0, 0.0, -14.6667, -5.0, -14.6667, -5.0, -14.6667, -5.0, -14.6667, -4.3333, -14.6667, -4.3333, -14.6667, -3.6667, -14.6667, -3.3333, -15.0, -3.3333, -15.0, -2.6667, -15.6667, -2.3333, -15.6667, -2.0, -16.0, -2.0, -16.0, -2.0, -16.0, -2.0, -16.0, -2.0, -15.6667, -2.3333, -15.6667, -2.3333, -15.0, -2.6667, -14.0, -3.0, -13.3333, -3.3333, -12.3333, -3.3333, -11.6667, -3.0, -11.3333, -3.3333, -10.6667, -3.6667, -10.0, -3.6667, -2.6667, -1.0, 0.0, 0.0, 0.0, 0.0, 0.0, 0.0, 0.0, 0.0, 0.0, 0.0, 0.0, 0.0, 0.0, 0.0, 0.0, 0.0, 0.0, 0.0, -3.3333, -0.6667, -11.0, -2.6667, -10.6667, -3.6667, -10.6667, -3.6667, -10.6667, -4.6667, -10.6667, -4.6667, -10.6667, -5.0, -10.6667, -5.6667, -9.6667, -6.0, -9.6667, -6.6667, -9.6667, -7.0, -9.6667, -7.0, -9.6667, -7.0, -9.6667, -7.0, -9.6667, -7.0, -9.6667, -7.0, -10.0, -7.6667, -10.6667, -6.6667, -10.6667, -6.6667, -11.3333, -6.3333, -11.3333, -6.0, -12.0, -6.0, -12.3333, -5.6667, -13.0, -5.6667, -14.0, -5.3333, -14.6667, -6.0, -15.3333, -5.6667, -10.0, -7.3333, -32.0, -21.6667, -31.3333, -22.0, -30.6667, -22.3333, -30.3333, -21.0, -30.0, -20.3333, -29.6667, -18.6667, -29.6667, -17.6667, -30.6667, -16.6667, -31.3333, -15.0, -32.0, -13.3333, -33.6667, -12.3333, -34.6667, -11.3333, -35.3333, -11.3333, -35.3333, -11.0, -34.6667, -11.3333, -34.6667, -11.3333, -33.6667, -11.3333, -32.6667, -11.6667, -30.6667, -13.0, -29.0, -13.3333, -27.6667, -14.0, -25.6667, -14.0, -24.3333, -14.3333, -23.0, -14.0, -21.0, -14.6667, -19.3333, -15.0, -15.0, -17.6667, -13.3333, -19.0, -2.3333, -4.0, -1.0, -1.6667, 0.0, -0.3333, 0.0, -0.3333, 0.0, -0.3333, -2.0, -0.3333, -5.0, -2.0, -26.0, -9.0, -25.3333, -10.0, -24.3333, -12.3333, -23.6667, -14.0, -23.3333, -16.0, -22.3333, -17.6667, -22.0, -19.3333, -21.3333, -21.0, -20.3333, -22.6667, -19.3333, -23.6667, -19.0, -24.6667, -19.0, -25.0, -19.6667, -25.6667, -19.6667, -26.3333, -19.6667, -26.3333, -19.0, -26.3333, -19.3333, -26.3333, -20.0, -26.3333, -20.3333, -26.0, -21.3333, -25.3333, -22.3333, -24.6667, -23.3333, -24.3333, -24.3333, -24.0, -26.3333, -23.3333, -27.3333, -22.3333, -29.3333, -22.0, -30.3333, -21.6667, -31.0, -22.3333]",20.690788,13.635437,91.760558
256,256,5c:01:3b:6b:b0:95,-41,256,"[86.0, -32.0, 4.0, 0.0, -16.0, 2.0, -16.0, 2.0, -15.6667, 2.0, -15.6667, 2.3333, -15.6667, 2.3333, -15.6667, 2.6667, -15.6667, 3.3333, -15.6667, 3.3333, -15.6667, 3.6667, -16.3333, 4.3333, -16.3333, 5.0, -16.3333, 5.0, -16.3333, 5.0, -16.3333, 5.0, -16.3333, 5.0, -16.3333, 4.3333, -16.3333, 4.3333, -15.6667, 3.6667, -14.6667, 3.0, -14.0, 2.3333, -13.0, 2.3333, -12.3333, 2.0, -12.0, 1.3333, -11.3333, 0.6667, -10.6667, 0.6667, -2.6667, 0.0, 0.0, 0.0, 0.0, 0.0, 0.0, 0.0, 0.0, 0.0, 0.0, 0.0, 0.0, 0.0, 0.0, 0.0, 0.0, 0.0, 0.0, 0.0, -3.6667, 0.6667, -11.6667, 2.6667, -11.6667, 1.6667, -11.6667, 1.6667, -11.6667, 0.6667, -11.6667, 0.6667, -11.6667, 0.0, -11.6667, -0.3333, -11.0, -1.0, -11.0, -1.3333, -11.0, -2.0, -11.0, -2.0, -11.3333, -2.0, -11.3333, -2.0, -11.3333, -2.0, -11.3333, -2.0, -11.3333, -2.3333, -12.0, -1.3333, -12.0, -1.3333, -12.6667, -0.6667, -12.6667, 0.0, -13.3333, 0.0, -13.3333, 0.6667, -14.3333, 0.6667, -15.0, 1.3333, -16.0, 1.0, -16.6667, 1.6667, -11.3333, -1.6667, -35.6667, -3.3333, -35.3333, -4.0, -35.0, -4.6667, -34.0, -4.0, -33.6667, -3.6667, -33.3333, -2.3333, -33.3333, -1.3333, -33.6667, -0.3333, -34.0, 1.0, -34.6667, 2.3333, -35.3333, 3.3333, -36.0, 4.3333, -36.3333, 4.3333, -36.3333, 5.0, -35.6667, 4.3333, -35.6667, 4.3333, -35.0, 4.3333, -34.3333, 3.6667, -33.0, 2.0, -31.6667, 1.3333, -30.3333, 0.0, -28.3333, -1.0, -26.6667, -1.6667, -25.3333, -2.0, -23.3333, -3.3333, -21.6667, -4.0, -18.0, -7.3333, -16.3333, -9.0, -3.0, -2.0, -1.3333, -1.3333, 0.0, -0.6667, 0.0, -0.6667, 0.0, -0.6667, -2.0, 0.3333, -5.0, 0.0, -27.0, 3.0, -27.0, 2.0, -26.6667, 0.3333, -26.3333, -1.0, -26.0, -3.0, -25.6667, -4.3333, -25.3333, -5.6667, -25.3333, -7.0, -24.6667, -8.3333, -24.0, -9.3333, -23.3333, -10.3333, -23.3333, -11.0, -24.3333, -11.3333, -24.3333, -11.6667, -24.6667, -11.6667, -23.6667, -11.6667, -24.0, -11.6667, -24.6667, -11.6667, -25.0, -11.0, -25.6667, -10.6667, -26.6667, -9.3333, -27.6667, -8.6667, -28.6667, -8.0, -30.3333, -6.6667, -31.3333, -5.6667, -33.0, -5.0, -34.0, -4.3333, -34.6667, -4.6667]",19.606237,12.721987,91.760558
257,257,5c:01:3b:6b:b0:95,-42,256,"[86.0, -32.0, 4.0, 0.0, -11.6667, 14.3333, -11.6667, 14.3333, -11.0, 14.0, -11.0, 14.0, -10.6667, 13.6667, -10.6667, 13.6667, -10.3333, 14.3333, -10.0, 14.0, -9.6667, 14.0, -10.0, 14.6667, -9.6667, 15.3333, -9.6667, 15.3333, -9.6667, 15.3333, -9.6667, 15.3333, -9.6667, 15.3333, -9.6667, 14.6667, -9.6667, 14.3333, -9.6667, 13.6667, -9.0, 12.6667, -9.0, 12.0, -8.6667, 11.6667, -8.6667, 10.6667, -8.3333, 9.6667, -8.0, 9.0, -8.0, 8.6667, -2.0, 2.0, 0.0, 0.0, 0.0, 0.0, 0.0, 0.0, 0.0, 0.0, 0.0, 0.0, 0.0, 0.0, 0.0, 0.0, 0.0, 0.0, 0.0, 0.0, -2.6667, 2.6667, -7.6667, 11.0, -8.0, 10.6667, -8.3333, 10.6667, -8.6667, 10.3333, -9.0, 10.3333, -9.3333, 10.0, -9.3333, 10.0, -9.3333, 9.6667, -9.6667, 9.6667, -9.6667, 9.0, -10.0, 9.3333, -10.3333, 9.3333, -10.3333, 9.0, -10.3333, 9.0, -10.3333, 9.0, -10.3333, 9.3333, -10.3333, 10.0, -10.3333, 10.0, -10.3333, 10.6667, -10.3333, 11.6667, -10.3333, 11.6667, -10.3333, 12.3333, -10.6667, 12.3333, -11.0, 13.3333, -11.6667, 14.0, -12.0, 14.6667, -9.3333, 7.3333, -28.6667, 26.0, -28.6667, 25.3333, -28.3333, 24.3333, -27.3333, 24.0, -26.3333, 23.6667, -26.0, 24.0, -25.3333, 24.3333, -25.0, 25.0, -25.0, 25.3333, -24.6667, 26.0, -24.3333, 26.6667, -24.3333, 27.3333, -24.6667, 27.3333, -24.6667, 28.0, -24.0, 27.3333, -24.0, 27.3333, -24.0, 27.3333, -24.0, 26.3333, -23.3333, 24.6667, -22.6667, 23.6667, -22.6667, 21.6667, -21.6667, 20.0, -20.6667, 18.6667, -20.3333, 17.6667, -19.3333, 15.6667, -18.3333, 14.6667, -17.6667, 11.0, -17.0, 9.3333, -3.3333, 1.3333, -1.6667, -0.3333, 0.0, -1.0, -0.3333, -1.3333, 0.0, -1.0, -1.3333, 1.0, -3.3333, 3.0, -18.0, 20.3333, -18.6667, 20.0, -19.3333, 19.6667, -19.6667, 19.3333, -20.3333, 18.3333, -21.0, 18.0, -21.6667, 17.6667, -22.0, 17.3333, -22.3333, 17.0, -22.6667, 16.3333, -22.6667, 15.6667, -23.0, 15.0, -24.0, 15.3333, -24.0, 15.3333, -24.3333, 15.3333, -23.6667, 15.3333, -23.6667, 15.3333, -24.3333, 15.3333, -24.0, 16.0, -24.0, 16.3333, -24.3333, 18.0, -24.6667, 19.0, -25.3333, 19.6667, -26.0, 21.3333, -26.3333, 22.3333, -27.3333, 23.3333, -27.6667, 24.3333, -28.3333, 24.6667]",20.947631,12.950482,91.760558
258,258,5c:01:3b:6b:b0:95,-38,256,"[86.0, -32.0, 4.0, 0.0, -9.6667, 13.6667, -9.6667, 13.6667, -8.6667, 13.3333, -8.6667, 13.3333, -8.3333, 13.3333, -8.3333, 13.3333, -8.0, 13.6667, -7.6667, 13.3333, -7.3333, 13.6667, -7.3333, 14.3333, -7.0, 14.6667, -7.0, 14.6667, -7.0, 14.6667, -7.0, 14.6667, -7.0, 14.6667, -7.0, 14.3333, -7.0, 13.6667, -7.3333, 13.0, -6.6667, 12.3333, -7.0, 11.6667, -6.6667, 11.0, -7.0, 10.0, -6.3333, 9.3333, -6.3333, 8.6667, -6.6667, 8.3333, -1.6667, 2.0, 0.0, 0.0, 0.0, 0.0, 0.0, 0.0, 0.0, 0.0, 0.0, 0.0, 0.0, 0.0, 0.0, 0.0, 0.0, 0.0, 0.0, 0.0, -2.3333, 2.3333, -6.3333, 10.3333, -6.6667, 10.3333, -7.0, 10.0, -7.3333, 10.0, -7.6667, 9.6667, -8.0, 9.6667, -8.0, 9.6667, -8.3333, 9.3333, -8.6667, 9.3333, -8.6667, 8.6667, -9.0, 9.0, -9.6667, 9.0, -9.6667, 8.6667, -9.6667, 8.6667, -9.6667, 8.6667, -9.6667, 9.0, -9.3333, 9.6667, -9.3333, 9.6667, -9.0, 10.0, -9.0, 11.0, -8.6667, 11.3333, -8.6667, 11.6667, -9.0, 12.0, -9.0, 12.6667, -9.6667, 13.6667, -9.6667, 14.0, -10.6667, 6.3333, -32.3333, 23.3333, -32.3333, 22.6667, -32.3333, 22.0, -31.0, 21.6667, -29.6667, 21.6667, -29.0, 21.6667, -28.3333, 21.6667, -27.3333, 22.3333, -26.6667, 22.6667, -26.0, 23.6667, -24.6667, 24.6667, -24.3333, 25.3333, -24.3333, 25.3333, -24.3333, 25.6667, -24.0, 25.3333, -24.0, 25.3333, -24.3333, 25.0, -24.3333, 24.0, -24.3333, 22.6667, -24.0, 21.3333, -24.3333, 19.6667, -23.3333, 18.0, -22.3333, 17.0, -22.3333, 16.0, -21.6667, 14.3333, -20.6667, 13.3333, -20.6667, 9.0, -20.0, 7.6667, -4.0, 1.0, -2.0, -0.3333, 0.0, -1.0, -0.3333, -1.3333, 0.0, -1.0, -1.3333, 0.6667, -3.3333, 2.6667, -18.6667, 18.0, -20.0, 17.3333, -21.0, 17.6667, -22.0, 17.3333, -23.0, 16.3333, -24.3333, 16.0, -25.0, 15.6667, -26.0, 15.3333, -26.6667, 15.0, -27.3333, 14.3333, -27.0, 13.6667, -27.3333, 13.3333, -28.3333, 13.6667, -28.3333, 13.6667, -29.0, 13.6667, -28.3333, 13.3333, -28.3333, 13.3333, -29.0, 13.6667, -28.6667, 14.0, -28.3333, 14.6667, -28.6667, 15.6667, -29.0, 16.6667, -29.6667, 17.3333, -30.0, 18.6667, -30.3333, 20.0, -31.0, 21.3333, -31.3333, 22.3333, -32.0, 22.6667]",20.822742,13.486241,91.760558
259,259,5c:01:3b:6b:b0:95,-42,256,"[86.0, -32.0, 4.0, 0.0, -7.0, 13.0, -7.0, 13.0, -6.0, 12.6667, -5.6667, 12.6667, -5.3333, 13.0, -5.0, 13.0, -4.6667, 13.0, -4.0, 12.6667, -3.6667, 13.3333, -4.0, 14.0, -3.6667, 14.0, -3.6667, 14.0, -3.6667, 14.0, -3.6667, 14.0, -3.6667, 14.0, -3.6667, 14.0, -3.3333, 13.0, -3.6667, 12.3333, -3.3333, 12.0, -3.6667, 11.3333, -4.0, 10.3333, -4.6667, 9.3333, -4.6667, 9.0, -4.6667, 8.3333, -5.3333, 8.0, -1.3333, 2.0, 0.0, 0.0, 0.0, 0.0, 0.0, 0.0, 0.0, 0.0, 0.0, 0.0, 0.0, 0.0, 0.0, 0.0, 0.0, 0.0, 0.0, 0.0, -1.3333, 2.0, -3.3333, 9.6667, -4.0, 10.0, -4.6667, 9.3333, -5.3333, 9.6667, -5.6667, 9.0, -6.3333, 9.3333, -6.6667, 9.3333, -7.3333, 9.0, -8.0, 9.0, -8.0, 8.3333, -8.6667, 8.6667, -9.3333, 8.6667, -9.3333, 8.3333, -9.0, 8.3333, -9.0, 8.3333, -8.6667, 8.6667, -8.3333, 9.3333, -8.0, 9.3333, -7.6667, 9.3333, -7.3333, 10.3333, -7.0, 11.0, -7.0, 11.0, -6.6667, 11.6667, -7.0, 12.0, -7.0, 13.3333, -7.0, 13.3333, -7.3333, 5.3333, -21.6667, 20.6667, -22.0, 20.0, -22.0, 19.6667, -21.0, 19.3333, -19.6667, 19.6667, -18.6667, 19.3333, -17.3333, 19.0, -16.3333, 19.6667, -15.3333, 20.0, -14.3333, 21.3333, -12.6667, 22.6667, -12.0, 23.3333, -12.0, 23.3333, -12.0, 23.3333, -12.0, 23.3333, -12.0, 23.3333, -12.6667, 22.6667, -13.0, 21.6667, -13.0, 20.6667, -13.3333, 19.0, -14.6667, 17.6667, -14.6667, 16.0, -14.3333, 15.3333, -15.0, 14.3333, -15.3333, 13.0, -15.3333, 12.0, -18.3333, 7.0, -19.0, 6.0, -4.0, 0.6667, -2.0, -0.3333, 0.0, -1.0, -0.6667, -1.3333, 0.0, -1.0, -1.0, 0.3333, -1.6667, 2.3333, -9.6667, 15.6667, -11.3333, 14.6667, -11.6667, 15.6667, -13.3333, 15.3333, -15.0, 14.3333, -16.6667, 14.0, -18.0, 13.6667, -19.0, 13.3333, -20.3333, 13.0, -21.6667, 12.3333, -22.0, 11.6667, -22.6667, 11.6667, -23.6667, 12.0, -23.6667, 12.0, -24.0, 12.0, -23.6667, 11.3333, -23.6667, 11.3333, -24.0, 12.0, -23.3333, 12.0, -22.6667, 13.0, -22.3333, 13.3333, -22.0, 14.3333, -22.3333, 15.0, -22.0, 16.0, -21.6667, 17.6667, -22.0, 19.3333, -21.6667, 20.3333, -22.0, 20.6667]",16.926405,11.02878,91.760558
260,260,5c:01:3b:6b:b0:95,-39,256,"[86.0, -32.0, 4.0, 0.0, -4.6667, 7.0, -4.6667, 7.0, -4.0, 7.0, -3.6667, 7.0, -3.6667, 8.0, -3.6667, 8.0, -3.6667, 8.0, -3.3333, 8.0, -3.6667, 9.0, -4.3333, 9.6667, -4.3333, 9.6667, -4.3333, 9.6667, -4.3333, 9.6667, -4.3333, 9.6667, -4.3333, 9.6667, -4.3333, 9.6667, -3.6667, 9.0, -3.6667, 8.0, -3.3333, 8.0, -3.0, 7.0, -3.0, 6.0, -3.3333, 5.0, -3.3333, 5.0, -3.3333, 4.0, -3.3333, 4.0, -1.0, 1.0, 0.0, 0.0, 0.0, 0.0, 0.0, 0.0, 0.0, 0.0, 0.0, 0.0, 0.0, 0.0, 0.0, 0.0, 0.0, 0.0, 0.0, 0.0, -1.0, 1.0, -3.0, 6.0, -3.0, 6.0, -3.3333, 5.0, -3.6667, 5.0, -3.3333, 4.0, -3.6667, 4.0, -3.6667, 4.0, -4.0, 3.0, -4.3333, 3.0, -4.3333, 2.0, -4.6667, 2.0, -5.3333, 2.0, -5.3333, 2.0, -5.0, 2.0, -5.3333, 2.0, -5.0, 2.0, -4.6667, 3.0, -4.3333, 3.0, -4.3333, 3.0, -4.0, 4.0, -4.0, 5.0, -4.0, 5.0, -4.0, 6.0, -4.6667, 6.0, -4.6667, 7.0, -4.6667, 7.0, -4.6667, 1.0, -13.3333, 7.0, -13.3333, 6.0, -13.3333, 6.0, -12.6667, 6.0, -12.0, 7.0, -11.6667, 7.0, -11.6667, 7.0, -11.3333, 8.0, -11.3333, 9.0, -11.3333, 11.0, -11.0, 13.0, -11.0, 14.0, -11.3333, 14.0, -11.0, 14.0, -11.0, 14.0, -11.0, 14.0, -11.0, 13.0, -11.0, 12.0, -10.6667, 11.0, -10.0, 9.0, -10.3333, 8.0, -9.6667, 6.0, -9.3333, 6.0, -9.6667, 5.0, -9.6667, 4.0, -10.0, 3.0, -13.0, -3.0, -13.6667, -4.0, -3.0, -1.0, -1.6667, -1.0, -0.3333, -1.0, -0.6667, -1.0, -0.3333, -1.0, -1.3333, 0.0, -1.6667, 1.0, -8.6667, 8.0, -9.0, 6.0, -9.0, 7.0, -9.3333, 6.0, -9.3333, 4.0, -10.0, 3.0, -11.0, 2.0, -12.0, 1.0, -13.0, 0.0, -14.0, -1.0, -14.3333, -2.0, -15.0, -2.0, -15.6667, -2.0, -15.6667, -2.0, -16.0, -2.0, -16.0, -3.0, -15.6667, -3.0, -16.0, -2.0, -15.3333, -2.0, -15.0, -1.0, -14.6667, -1.0, -14.3333, 0.0, -14.6667, 1.0, -14.0, 2.0, -13.3333, 4.0, -13.3333, 6.0, -13.0, 7.0, -13.0, 7.0]",10.011473,8.877714,91.760558
261,261,5c:01:3b:6b:b0:95,-38,256,"[86.0, -32.0, 4.0, 0.0, 0.0, 8.6667, 0.0, 8.6667, 0.3333, 8.3333, 0.6667, 8.3333, 0.6667, 9.0, 0.3333, 8.6667, 0.3333, 8.6667, 0.6667, 8.6667, 0.0, 9.0, -1.0, 9.3333, -1.0, 9.3333, -1.0, 9.3333, -1.0, 9.3333, -1.0, 9.3333, -1.0, 9.3333, -1.0, 9.3333, 0.0, 9.0, 0.0, 8.3333, 0.0, 8.3333, 0.6667, 7.6667, 0.3333, 7.0, 0.0, 6.0, -0.3333, 6.0, -0.3333, 5.3333, 0.0, 5.3333, -0.3333, 1.3333, 0.0, 0.0, 0.0, 0.0, 0.0, 0.0, 0.0, 0.0, 0.0, 0.0, 0.0, 0.0, 0.0, 0.0, 0.0, 0.0, 0.0, 0.0, 0.0, 1.0, 0.0, 6.3333, 0.3333, 6.3333, 0.0, 6.0, -0.3333, 6.0, 0.3333, 5.6667, 0.0, 5.6667, 0.3333, 6.0, 0.0, 5.3333, -0.3333, 5.3333, -0.3333, 5.0, -0.6667, 5.0, -1.0, 5.0, -1.0, 4.6667, -0.6667, 4.6667, -1.3333, 4.6667, -1.0, 4.6667, -0.3333, 5.6667, 0.0, 5.6667, 0.0, 5.6667, 0.3333, 6.3333, 0.3333, 7.0, 0.3333, 7.0, 0.6667, 7.6667, -0.3333, 8.0, 0.0, 8.6667, 0.0, 8.6667, 1.3333, 3.0, 5.6667, 13.0, 5.3333, 12.0, 5.3333, 12.0, 5.6667, 12.0, 5.3333, 12.3333, 5.0, 12.6667, 4.3333, 12.3333, 4.0, 13.3333, 3.0, 14.0, 2.0, 15.6667, 1.3333, 17.3333, 1.0, 18.0, 0.3333, 18.3333, 1.0, 18.3333, 1.0, 18.0, 1.0, 18.0, 1.3333, 17.3333, 1.0, 16.3333, 1.6667, 15.3333, 2.6667, 13.3333, 2.6667, 12.3333, 3.0, 10.3333, 3.0, 10.0, 2.6667, 8.6667, 2.3333, 7.6667, 0.6667, 6.3333, -5.3333, 1.0, -7.3333, -0.3333, -2.0, -0.3333, -1.3333, -0.6667, -0.6667, -1.0, -1.0, -1.0, -0.6667, -1.0, -1.0, 0.3333, 0.0, 1.6667, 1.0, 12.0, 1.6667, 10.3333, 2.3333, 11.3333, 3.0, 10.3333, 4.3333, 9.0, 4.3333, 8.0, 3.0, 7.3333, 2.0, 6.3333, 0.6667, 5.6667, -0.6667, 4.6667, -1.6667, 4.0, -2.6667, 4.0, -3.0, 4.0, -3.0, 4.0, -3.0, 4.0, -3.6667, 3.3333, -3.0, 3.3333, -3.0, 4.0, -2.0, 4.0, -1.6667, 4.6667, -0.6667, 5.0, 0.3333, 6.0, 0.3333, 7.3333, 2.0, 8.3333, 3.6667, 10.0, 4.3333, 12.0, 5.3333, 13.0, 6.0, 13.0]",8.361151,8.708334,91.760558
262,262,5c:01:3b:6b:b0:95,-37,256,"[86.0, -32.0, 4.0, 0.0, -4.3333, 10.3333, -4.0, 10.3333, -3.6667, 9.6667, -3.6667, 9.6667, -3.3333, 10.0, -4.0, 9.3333, -3.6667, 9.3333, -3.6667, 9.3333, -4.0, 9.0, -4.6667, 9.0, -4.3333, 9.0, -4.3333, 9.0, -4.3333, 9.0, -4.0, 9.0, -4.3333, 9.0, -4.3333, 9.0, -3.6667, 9.0, -3.6667, 8.6667, -3.6667, 8.6667, -3.3333, 8.3333, -3.3333, 8.0, -3.3333, 7.0, -3.3333, 7.0, -3.0, 6.6667, -2.3333, 6.6667, -1.0, 1.6667, 0.0, 0.0, 0.0, 0.0, 0.0, 0.0, 0.0, 0.0, 0.0, 0.0, 0.0, 0.0, 0.0, 0.0, 0.0, 0.0, 0.0, 0.0, -1.0, 1.0, -3.0, 6.6667, -2.6667, 6.6667, -3.0, 7.0, -3.3333, 7.0, -3.0, 7.3333, -3.3333, 7.3333, -3.0, 8.0, -3.0, 7.6667, -3.3333, 7.6667, -3.6667, 8.0, -3.6667, 8.0, -4.0, 8.0, -4.0, 7.3333, -3.6667, 7.3333, -4.3333, 7.3333, -4.3333, 7.3333, -3.6667, 8.3333, -3.3333, 8.3333, -3.3333, 8.3333, -3.3333, 8.6667, -3.3333, 9.0, -3.3333, 9.0, -3.3333, 9.3333, -4.0, 10.0, -4.3333, 10.3333, -4.3333, 10.3333, -1.0, 5.0, -2.0, 19.0, -2.0, 18.0, -2.0, 18.0, -1.6667, 18.0, -1.6667, 17.6667, -2.0, 18.3333, -3.0, 17.6667, -3.3333, 18.6667, -4.3333, 19.0, -5.3333, 20.3333, -6.3333, 21.6667, -6.6667, 22.0, -7.3333, 22.6667, -6.6667, 22.6667, -6.6667, 22.0, -6.6667, 22.0, -6.0, 21.6667, -6.0, 20.6667, -5.6667, 19.6667, -4.3333, 17.6667, -3.6667, 16.6667, -2.6667, 14.6667, -2.6667, 14.0, -2.3333, 12.3333, -2.3333, 11.3333, -3.6667, 9.6667, -8.3333, 5.0, -9.6667, 3.3333, -2.3333, 0.3333, -1.3333, -0.3333, -0.6667, -1.0, -0.6667, -1.0, -0.6667, -1.0, -1.0, 0.6667, -1.3333, 2.3333, -5.0, 16.0, -4.0, 14.6667, -3.6667, 15.6667, -2.6667, 14.6667, -1.3333, 14.0, -1.3333, 13.0, -2.3333, 12.6667, -3.6667, 11.6667, -5.0, 11.3333, -6.0, 10.3333, -7.0, 10.0, -8.0, 10.0, -8.0, 10.0, -8.3333, 10.0, -8.3333, 10.0, -9.0, 9.6667, -8.3333, 9.6667, -8.3333, 10.0, -7.6667, 10.0, -7.3333, 10.3333, -6.6667, 11.0, -6.0, 12.0, -6.0, 13.6667, -4.6667, 14.6667, -3.0, 16.0, -2.3333, 18.0, -2.0, 19.0, -1.3333, 19.0]",11.647027,9.273407,91.760558
263,263,5c:01:3b:6b:b0:95,-38,256,"[86.0, -32.0, 4.0, 0.0, -10.6667, 6.3333, -10.0, 6.3333, -9.3333, 6.0, -9.3333, 6.0, -8.6667, 6.3333, -9.0, 5.6667, -8.3333, 6.0, -8.3333, 6.0, -8.0, 5.6667, -8.3333, 6.0, -7.6667, 6.0, -7.6667, 6.3333, -7.6667, 6.3333, -7.0, 6.3333, -7.6667, 6.3333, -7.6667, 6.0, -7.3333, 6.0, -7.3333, 5.6667, -7.3333, 5.6667, -7.6667, 5.3333, -7.6667, 5.0, -7.6667, 4.3333, -7.6667, 4.3333, -7.0, 4.0, -6.6667, 3.6667, -2.0, 0.6667, 0.0, 0.0, 0.0, 0.0, 0.0, 0.0, 0.0, 0.0, 0.0, 0.0, 0.0, 0.0, 0.0, 0.0, 0.0, 0.0, 0.0, 0.0, -2.0, 0.6667, -6.0, 4.6667, -6.3333, 4.3333, -7.0, 4.6667, -7.6667, 4.3333, -8.0, 4.6667, -8.6667, 4.3333, -9.0, 4.6667, -9.0, 4.3333, -9.6667, 4.3333, -10.3333, 4.6667, -10.3333, 4.6667, -11.0, 4.3333, -11.0, 3.6667, -10.3333, 3.6667, -10.6667, 3.6667, -10.6667, 4.0, -10.3333, 4.6667, -9.6667, 5.0, -9.6667, 5.0, -9.6667, 5.3333, -9.6667, 5.3333, -9.6667, 5.3333, -9.6667, 5.6667, -10.0, 6.3333, -10.6667, 6.3333, -10.6667, 6.3333, -6.0, 3.3333, -18.0, 12.6667, -18.0, 12.0, -18.0, 12.0, -17.3333, 12.3333, -16.3333, 12.0, -16.0, 12.6667, -16.0, 12.3333, -15.6667, 13.6667, -15.6667, 14.3333, -15.6667, 15.3333, -15.6667, 16.6667, -15.3333, 16.6667, -15.6667, 17.6667, -15.3333, 17.6667, -15.3333, 17.0, -15.3333, 17.0, -15.0, 16.6667, -15.0, 16.0, -15.3333, 15.0, -14.6667, 13.0, -14.3333, 12.0, -13.3333, 10.3333, -13.3333, 9.3333, -12.6667, 7.6667, -12.6667, 7.0, -13.3333, 5.0, -16.6667, 1.3333, -17.3333, -0.3333, -3.6667, -0.3333, -1.6667, -0.3333, -0.3333, -0.6667, -0.3333, -1.0, -0.3333, -0.6667, -1.0, 0.6667, -2.6667, 2.0, -12.0, 14.0, -12.0, 12.3333, -12.3333, 12.3333, -12.3333, 11.0, -12.6667, 10.3333, -13.6667, 9.0, -14.6667, 8.3333, -16.3333, 7.3333, -18.0, 6.6667, -19.0, 5.3333, -20.0, 5.0, -21.0, 4.6667, -21.0, 4.3333, -21.6667, 4.3333, -21.6667, 4.3333, -22.0, 4.3333, -21.6667, 4.3333, -21.6667, 4.3333, -21.3333, 4.6667, -20.6667, 5.0, -20.3333, 6.0, -20.0, 7.0, -20.0, 8.3333, -19.3333, 9.3333, -18.0, 10.3333, -17.6667, 12.0, -18.0, 12.6667, -17.6667, 12.6667]",13.840701,9.90511,91.760558
264,264,5c:01:3b:6b:b0:95,-42,256,"[86.0, -32.0, 4.0, 0.0, -20.0, 0.6667, -19.3333, 0.6667, -18.0, 1.0, -18.0, 1.0, -17.0, 1.6667, -17.0, 1.3333, -16.0, 2.0, -16.0, 2.0, -15.0, 2.3333, -15.0, 3.0, -14.6667, 3.0, -14.6667, 3.6667, -14.6667, 3.6667, -13.6667, 3.6667, -14.3333, 3.6667, -14.3333, 3.0, -14.3333, 3.0, -14.3333, 2.3333, -14.0, 2.3333, -14.3333, 1.6667, -14.3333, 1.0, -14.0, 0.6667, -14.0, 0.6667, -13.0, 0.0, -13.0, -0.6667, -3.6667, -0.6667, 0.0, 0.0, 0.0, 0.0, 0.0, 0.0, 0.0, 0.0, 0.0, 0.0, 0.0, 0.0, 0.0, 0.0, 0.0, 0.0, 0.0, 0.0, -3.6667, 0.3333, -11.6667, 2.3333, -12.6667, 1.6667, -13.6667, 1.3333, -14.3333, 0.6667, -15.3333, 0.3333, -16.3333, -0.3333, -17.0, -0.6667, -17.0, -1.3333, -18.0, -1.3333, -18.6667, -1.6667, -18.6667, -1.6667, -19.6667, -2.3333, -19.6667, -2.6667, -18.6667, -2.6667, -18.6667, -2.6667, -19.0, -2.0, -19.0, -1.6667, -18.0, -1.0, -18.3333, -1.0, -18.3333, -0.3333, -18.6667, -0.3333, -18.6667, -0.3333, -18.6667, 0.3333, -19.0, 0.6667, -20.0, 0.6667, -20.0, 0.6667, -12.3333, -0.3333, -38.6667, 0.3333, -38.3333, 0.0, -38.0, 0.0, -37.0, 0.6667, -35.3333, 1.0, -34.3333, 1.3333, -33.3333, 1.6667, -32.6667, 3.3333, -31.6667, 4.6667, -31.0, 5.6667, -30.3333, 7.3333, -29.6667, 7.3333, -30.0, 8.3333, -30.0, 8.3333, -29.6667, 8.0, -29.6667, 8.0, -29.3333, 7.3333, -29.0, 7.0, -29.6667, 6.0, -29.0, 4.0, -28.6667, 3.0, -27.6667, 1.6667, -27.0, 0.6667, -26.0, -0.6667, -25.6667, -1.0, -25.3333, -3.0, -25.3333, -7.0, -24.6667, -8.3333, -5.0, -1.6667, -2.0, -0.6667, 0.0, -0.3333, 0.0, -1.0, 0.0, -0.3333, -1.3333, 0.3333, -4.6667, 1.0, -23.3333, 7.3333, -24.0, 5.3333, -25.0, 4.6667, -26.0, 3.0, -27.3333, 1.6667, -29.3333, 0.0, -30.3333, -1.3333, -32.0, -2.3333, -33.3333, -3.6667, -34.0, -5.3333, -35.0, -6.0, -35.6667, -6.6667, -36.0, -7.3333, -37.0, -7.3333, -37.0, -7.3333, -37.0, -7.3333, -37.0, -7.3333, -37.0, -7.3333, -36.6667, -6.6667, -36.0, -6.0, -36.3333, -5.0, -36.3333, -4.0, -36.6667, -3.3333, -37.0, -2.3333, -36.3333, -1.3333, -36.6667, 0.0, -38.3333, 0.3333, -38.6667, 0.3333]",21.896372,13.184137,91.760558
265,265,5c:01:3b:6b:b0:95,-42,256,"[86.0, -32.0, 4.0, 0.0, -16.3333, -8.0, -16.0, -8.0, -15.0, -7.0, -15.0, -6.6667, -14.3333, -6.0, -14.3333, -6.0, -13.6667, -5.3333, -14.0, -5.0, -13.3333, -4.3333, -13.3333, -3.6667, -13.3333, -3.6667, -13.6667, -2.6667, -13.6667, -2.6667, -13.0, -2.6667, -13.3333, -2.6667, -13.0, -3.3333, -13.0, -3.3333, -13.0, -4.0, -12.3333, -4.0, -12.3333, -4.6667, -12.0, -5.3333, -11.6667, -5.3333, -11.3333, -5.0, -10.6667, -5.6667, -10.6667, -6.3333, -3.0, -2.3333, 0.0, 0.0, 0.0, 0.0, 0.0, 0.0, 0.0, 0.0, 0.0, 0.0, 0.0, 0.0, 0.0, 0.0, 0.0, 0.0, 0.0, 0.0, -3.3333, -1.0, -10.3333, -3.0, -11.0, -3.6667, -11.3333, -4.6667, -11.6667, -5.6667, -12.3333, -6.3333, -12.6667, -7.0, -13.0, -8.0, -13.0, -8.6667, -13.3333, -8.6667, -13.6667, -9.6667, -13.6667, -9.6667, -14.3333, -10.3333, -14.3333, -10.3333, -13.6667, -10.3333, -13.6667, -10.3333, -14.3333, -9.6667, -14.3333, -9.6667, -13.6667, -9.0, -14.0, -9.0, -14.3333, -8.3333, -14.6667, -8.3333, -14.6667, -8.3333, -15.0, -7.6667, -15.3333, -7.6667, -16.0, -8.0, -16.0, -8.0, -10.0, -7.0, -31.6667, -22.0, -31.3333, -21.6667, -31.0, -21.3333, -30.3333, -20.3333, -29.3333, -19.3333, -29.0, -19.3333, -28.6667, -18.6667, -28.6667, -17.3333, -28.3333, -16.0, -28.6667, -15.3333, -28.6667, -14.3333, -28.6667, -14.6667, -29.3333, -14.0, -29.3333, -14.0, -29.0, -14.0, -28.6667, -14.0, -28.0, -14.3333, -27.3333, -14.0, -27.3333, -14.3333, -26.0, -15.3333, -25.0, -15.3333, -24.0, -15.3333, -23.0, -15.3333, -22.0, -15.3333, -21.0, -14.6667, -20.0, -15.6667, -16.6667, -16.3333, -15.3333, -16.6667, -3.3333, -3.3333, -1.3333, -1.3333, -0.3333, 0.0, 0.0, -0.6667, 0.0, 0.0, -1.3333, -0.6667, -4.3333, -2.0, -21.3333, -9.0, -21.3333, -10.3333, -22.3333, -12.3333, -22.3333, -13.3333, -22.3333, -15.0, -23.3333, -16.3333, -23.6667, -17.6667, -24.0, -18.3333, -24.3333, -19.6667, -24.0, -21.0, -24.3333, -21.3333, -24.6667, -22.0, -25.3333, -23.0, -26.0, -23.3333, -26.0, -23.0, -25.6667, -23.0, -26.0, -23.0, -26.0, -23.0, -25.6667, -22.6667, -25.6667, -22.0, -26.3333, -21.6667, -26.6667, -21.0, -27.6667, -21.6667, -28.6667, -21.3333, -28.6667, -21.0, -29.6667, -21.0, -31.3333, -21.3333, -31.6667, -22.0]",20.957813,13.124045,91.760558
266,266,5c:01:3b:6b:b0:95,-39,256,"[86.0, -32.0, 4.0, 0.0, -12.6667, -6.6667, -12.6667, -6.6667, -12.0, -5.6667, -12.0, -5.3333, -11.6667, -4.6667, -11.6667, -4.6667, -11.3333, -4.3333, -12.0, -3.6667, -11.6667, -3.3333, -11.6667, -2.3333, -12.0, -2.3333, -12.6667, -1.3333, -12.6667, -1.6667, -12.3333, -1.6667, -12.3333, -2.0, -11.6667, -2.0, -11.6667, -2.3333, -11.6667, -3.0, -10.6667, -3.3333, -10.3333, -3.6667, -9.6667, -4.3333, -9.3333, -4.3333, -8.6667, -4.0, -8.3333, -4.6667, -8.3333, -5.3333, -2.3333, -2.0, 0.0, 0.0, 0.0, 0.0, 0.0, 0.0, 0.0, 0.0, 0.0, 0.0, 0.0, 0.0, 0.0, 0.0, 0.0, 0.0, 0.0, 0.0, -3.0, -0.6667, -9.0, -2.0, -9.3333, -2.6667, -9.0, -3.6667, -9.0, -4.6667, -9.3333, -5.0, -9.0, -5.6667, -9.3333, -6.6667, -9.3333, -7.3333, -9.6667, -7.3333, -9.6667, -8.0, -9.6667, -8.0, -10.3333, -8.6667, -10.3333, -8.6667, -10.0, -8.6667, -10.0, -8.6667, -10.6667, -8.3333, -10.3333, -8.3333, -10.0, -7.6667, -10.0, -7.6667, -10.3333, -7.0, -10.6667, -7.0, -10.6667, -7.0, -11.3333, -6.3333, -11.6667, -6.3333, -12.0, -6.3333, -12.0, -6.3333, -7.6667, -7.0, -24.6667, -21.0, -24.3333, -20.6667, -24.0, -20.3333, -23.6667, -19.6667, -23.3333, -19.0, -23.6667, -18.6667, -24.0, -18.0, -24.6667, -17.0, -25.0, -16.0, -26.3333, -15.0, -27.0, -13.6667, -27.6667, -13.6667, -28.6667, -13.0, -28.6667, -13.3333, -28.3333, -13.6667, -27.6667, -13.6667, -26.6667, -14.0, -25.6667, -14.0, -25.0, -14.3333, -23.0, -15.0, -21.3333, -15.0, -20.3333, -15.0, -19.0, -15.0, -18.0, -14.6667, -16.3333, -14.3333, -14.6667, -15.0, -12.6667, -17.0, -11.6667, -17.3333, -2.6667, -3.6667, -1.0, -1.6667, -0.3333, 0.0, 0.0, -0.6667, 0.0, 0.0, -1.3333, -0.6667, -4.0, -2.0, -19.3333, -9.6667, -18.6667, -10.6667, -19.6667, -11.3333, -18.6667, -12.6667, -17.3333, -14.3333, -17.3333, -15.6667, -17.0, -16.6667, -17.3333, -17.6667, -17.6667, -19.0, -17.3333, -20.0, -17.6667, -20.3333, -17.6667, -21.0, -18.3333, -21.6667, -18.6667, -22.0, -19.0, -22.0, -19.0, -22.0, -19.3333, -22.0, -19.3333, -22.0, -18.6667, -21.6667, -19.0, -21.0, -19.3333, -21.0, -19.3333, -20.3333, -20.0, -21.0, -20.6667, -20.6667, -21.0, -20.0, -22.6667, -20.0, -24.3333, -20.0, -24.6667, -20.6667]",17.915074,12.073263,91.760558
267,267,5c:01:3b:6b:b0:95,-37,256,"[86.0, -32.0, 4.0, 0.0, -6.0, -5.0, -6.0, -4.6667, -6.0, -4.0, -6.0, -3.6667, -6.0, -3.0, -6.0, -3.0, -6.0, -2.6667, -7.0, -2.0, -7.0, -1.6667, -7.0, -0.6667, -7.0, -0.6667, -8.0, 0.3333, -8.0, 0.0, -8.0, 0.0, -8.0, -0.3333, -7.0, -0.3333, -7.0, -0.6667, -7.0, -1.3333, -6.0, -2.0, -6.0, -2.0, -5.0, -2.6667, -5.0, -3.0, -4.0, -2.6667, -4.0, -3.3333, -4.0, -4.0, -1.0, -1.6667, 0.0, 0.0, 0.0, 0.0, 0.0, 0.0, 0.0, 0.0, 0.0, 0.0, 0.0, 0.0, 0.0, 0.0, 0.0, 0.0, 0.0, 0.0, -2.0, -0.6667, -5.0, -1.3333, -5.0, -2.0, -4.0, -3.0, -4.0, -3.6667, -4.0, -4.0, -3.0, -4.6667, -3.6667, -5.3333, -3.6667, -6.0, -4.0, -6.3333, -4.0, -6.6667, -4.0, -7.0, -4.6667, -7.3333, -4.6667, -7.3333, -4.6667, -7.3333, -4.6667, -7.3333, -5.0, -7.0, -4.3333, -7.0, -4.3333, -6.6667, -3.6667, -6.3333, -4.0, -5.6667, -4.0, -5.6667, -4.0, -5.3333, -5.0, -5.0, -5.0, -4.6667, -5.0, -4.6667, -5.0, -4.6667, -4.0, -6.0, -13.0, -17.3333, -13.0, -17.0, -13.0, -16.6667, -13.0, -16.3333, -13.0, -15.6667, -14.0, -15.0, -15.0, -14.6667, -16.0, -14.0, -17.0, -13.0, -19.0, -12.0, -20.0, -10.6667, -21.0, -10.3333, -22.0, -10.0, -22.0, -10.0, -22.0, -10.6667, -21.0, -10.6667, -20.0, -10.6667, -19.0, -11.0, -18.0, -11.3333, -16.0, -12.0, -14.0, -12.0, -13.0, -12.0, -12.0, -12.0, -11.0, -11.6667, -9.0, -11.6667, -7.0, -12.3333, -8.3333, -14.0, -8.3333, -14.3333, -2.0, -3.3333, -0.6667, -1.6667, -0.3333, 0.0, 0.0, -0.6667, 0.0, -0.3333, -1.0, -0.6667, -3.0, -1.6667, -13.0, -7.6667, -12.0, -8.6667, -13.0, -9.3333, -11.0, -10.6667, -9.0, -12.3333, -8.0, -13.6667, -7.0, -14.3333, -7.6667, -15.6667, -8.6667, -16.6667, -8.6667, -17.6667, -9.0, -18.0, -9.0, -18.3333, -9.3333, -18.6667, -9.3333, -19.0, -10.0, -19.3333, -10.3333, -19.3333, -10.6667, -19.3333, -10.6667, -19.0, -10.0, -19.0, -10.3333, -18.3333, -10.0, -18.3333, -9.6667, -17.6667, -9.6667, -18.0, -9.6667, -17.6667, -10.0, -17.0, -12.0, -17.0, -13.0, -16.6667, -13.0, -17.3333]",12.397891,10.42819,91.760558
268,268,5c:01:3b:6b:b0:95,-42,256,"[86.0, -32.0, 4.0, 0.0, -4.6667, 8.0, -4.6667, 8.0, -4.3333, 8.0, -4.3333, 8.0, -4.3333, 8.6667, -4.0, 8.3333, -4.0, 8.3333, -4.3333, 8.3333, -4.0, 8.6667, -3.6667, 9.6667, -3.6667, 9.3333, -4.3333, 10.0, -4.3333, 9.6667, -4.3333, 9.6667, -4.3333, 9.6667, -3.6667, 9.3333, -4.0, 9.0, -4.0, 8.3333, -3.6667, 7.6667, -4.0, 7.3333, -3.6667, 6.6667, -3.6667, 6.0, -3.0, 6.0, -3.3333, 5.3333, -3.3333, 4.3333, -1.0, 0.6667, 0.0, 0.0, 0.0, 0.0, 0.0, 0.0, 0.0, 0.0, 0.0, 0.0, 0.0, 0.0, 0.0, 0.0, 0.0, 0.0, 0.0, 0.0, -1.3333, 1.6667, -2.6667, 7.0, -3.0, 6.6667, -2.6667, 6.3333, -3.0, 6.3333, -3.3333, 6.0, -3.0, 5.6667, -4.0, 5.6667, -4.0, 5.0, -5.0, 4.6667, -5.0, 5.0, -5.0, 4.6667, -6.0, 4.6667, -6.0, 4.3333, -6.0, 4.3333, -6.0, 4.3333, -6.0, 4.6667, -5.0, 4.6667, -5.0, 5.0, -4.0, 5.6667, -4.0, 6.3333, -4.0, 6.3333, -3.6667, 6.6667, -4.0, 7.0, -4.0, 7.6667, -4.0, 8.3333, -3.6667, 8.6667, -3.6667, 3.3333, -11.0, 12.6667, -11.3333, 12.3333, -11.3333, 12.0, -11.0, 11.6667, -10.6667, 11.6667, -11.3333, 12.0, -11.6667, 12.0, -11.6667, 12.6667, -12.0, 13.3333, -12.6667, 14.0, -12.6667, 15.6667, -13.0, 16.3333, -13.6667, 16.6667, -13.6667, 16.6667, -14.0, 16.0, -13.3333, 16.0, -13.0, 15.3333, -12.6667, 14.3333, -12.3333, 13.6667, -11.3333, 12.3333, -10.3333, 11.3333, -10.0, 10.3333, -9.6667, 9.0, -9.0, 8.3333, -8.0, 7.3333, -7.0, 6.0, -13.0, 1.6667, -14.0, 0.6667, -3.0, -0.6667, -1.0, -0.6667, 0.0, -0.3333, -0.3333, -1.3333, 0.0, -0.6667, -0.6667, 0.3333, -2.0, 2.0, -7.3333, 12.3333, -7.6667, 11.0, -8.6667, 11.6667, -8.0, 10.3333, -7.3333, 9.3333, -7.3333, 8.3333, -7.0, 8.3333, -9.0, 7.3333, -11.0, 6.3333, -12.0, 5.6667, -13.0, 5.0, -13.0, 5.0, -13.0, 5.0, -13.0, 5.3333, -14.0, 4.6667, -15.0, 4.6667, -15.0, 4.6667, -15.0, 5.0, -14.0, 5.3333, -14.0, 6.0, -13.0, 6.3333, -12.0, 7.3333, -11.0, 8.0, -10.0, 9.0, -9.3333, 10.0, -10.0, 11.0, -10.6667, 12.3333, -10.6667, 13.0]",10.911705,9.089914,91.760558
269,269,5c:01:3b:6b:b0:95,-38,256,"[86.0, -32.0, 4.0, 0.0, -6.0, 8.3333, -6.0, 8.6667, -5.3333, 8.3333, -5.3333, 8.3333, -5.3333, 9.0, -5.0, 8.6667, -5.0, 9.0, -5.0, 8.6667, -5.0, 9.3333, -4.6667, 10.0, -4.6667, 9.6667, -5.0, 10.3333, -5.0, 10.3333, -5.0, 10.3333, -5.0, 10.6667, -4.6667, 9.6667, -5.0, 9.6667, -4.6667, 9.0, -4.6667, 8.3333, -4.6667, 8.0, -4.6667, 7.3333, -4.6667, 6.3333, -4.0, 6.3333, -4.3333, 5.6667, -4.3333, 4.6667, -1.3333, 0.6667, 0.0, 0.0, 0.0, 0.0, 0.0, 0.0, 0.0, 0.0, 0.0, 0.0, 0.0, 0.0, 0.0, 0.0, 0.0, 0.0, 0.0, 0.0, -1.3333, 1.3333, -3.3333, 6.6667, -3.6667, 6.3333, -3.6667, 6.0, -4.0, 6.3333, -4.3333, 5.6667, -4.3333, 5.3333, -5.0, 5.6667, -5.0, 5.0, -5.6667, 4.3333, -5.6667, 4.6667, -5.6667, 4.0, -6.3333, 4.3333, -6.3333, 4.0, -6.3333, 4.0, -6.3333, 4.0, -6.3333, 4.6667, -5.6667, 4.6667, -5.6667, 4.6667, -5.0, 5.6667, -5.3333, 6.3333, -5.3333, 6.3333, -5.0, 7.0, -5.0, 7.0, -5.3333, 8.0, -5.3333, 8.3333, -5.0, 8.6667, -6.3333, 4.3333, -19.0, 15.3333, -19.3333, 15.0, -19.0, 14.6667, -18.3333, 14.3333, -17.6667, 14.6667, -18.3333, 15.0, -18.0, 14.6667, -17.6667, 15.3333, -18.0, 16.3333, -18.0, 16.6667, -18.0, 18.0, -18.3333, 18.6667, -18.6667, 18.6667, -18.6667, 19.3333, -19.0, 18.6667, -18.3333, 18.6667, -18.3333, 18.3333, -18.0, 17.3333, -17.6667, 16.6667, -16.6667, 15.0, -16.0, 14.0, -15.3333, 13.0, -15.0, 11.6667, -14.0, 10.6667, -13.0, 9.6667, -12.3333, 8.0, -15.3333, 4.6667, -15.6667, 3.6667, -3.3333, 0.0, -1.0, -0.3333, 0.0, -0.6667, -0.3333, -1.3333, 0.0, -1.0, -1.0, 0.3333, -2.6667, 2.3333, -12.3333, 14.3333, -12.6667, 13.0, -13.0, 12.6667, -13.0, 11.6667, -13.0, 10.6667, -13.3333, 9.6667, -13.3333, 9.6667, -14.3333, 8.6667, -15.6667, 8.0, -16.0, 7.0, -16.6667, 6.3333, -16.3333, 6.6667, -16.6667, 6.6667, -16.6667, 7.0, -17.3333, 6.3333, -18.0, 6.3333, -18.3333, 6.3333, -18.3333, 7.0, -18.0, 7.0, -18.3333, 7.6667, -17.6667, 8.3333, -17.3333, 9.3333, -17.3333, 10.3333, -17.0, 11.3333, -16.6667, 12.0, -17.0, 13.0, -17.6667, 14.3333, -17.6667, 15.0]",13.542964,10.452003,91.760558
270,270,5c:01:3b:6b:b0:95,-42,256,"[86.0, -32.0, 4.0, 0.0, -5.3333, 5.3333, -5.3333, 5.3333, -4.6667, 5.3333, -4.6667, 5.3333, -5.0, 5.6667, -4.6667, 5.3333, -4.6667, 5.6667, -4.3333, 5.3333, -4.6667, 6.0, -4.3333, 6.3333, -4.3333, 6.0, -4.3333, 6.3333, -4.3333, 6.3333, -4.3333, 6.3333, -4.3333, 6.6667, -4.3333, 6.0, -4.6667, 6.0, -4.0, 5.6667, -4.3333, 5.3333, -4.3333, 5.0, -4.3333, 4.6667, -4.3333, 4.0, -3.6667, 4.0, -4.0, 3.6667, -3.6667, 3.0, -1.3333, 0.3333, 0.0, 0.0, 0.0, 0.0, 0.0, 0.0, 0.0, 0.0, 0.0, 0.0, 0.0, 0.0, 0.0, 0.0, 0.0, 0.0, 0.0, 0.0, -1.0, 0.6667, -3.0, 4.0, -3.3333, 4.0, -3.6667, 3.6667, -3.6667, 4.0, -4.0, 3.3333, -4.3333, 3.3333, -4.6667, 3.3333, -4.3333, 3.0, -4.6667, 2.6667, -4.6667, 2.6667, -4.3333, 2.3333, -4.6667, 2.6667, -4.6667, 2.3333, -4.6667, 2.3333, -4.6667, 2.3333, -5.0, 2.6667, -4.6667, 2.6667, -4.6667, 3.0, -4.3333, 3.6667, -4.6667, 4.0, -5.0, 4.0, -4.6667, 4.3333, -4.3333, 4.3333, -5.0, 5.0, -5.0, 5.0, -4.6667, 5.3333, -6.3333, 1.0, -18.6667, 4.3333, -19.0, 4.3333, -18.6667, 4.0, -18.0, 4.0, -17.3333, 4.6667, -17.6667, 5.0, -17.0, 5.0, -17.0, 5.6667, -17.3333, 6.6667, -17.3333, 7.0, -17.6667, 8.0, -18.0, 8.6667, -18.3333, 9.0, -18.0, 9.3333, -18.3333, 9.0, -17.6667, 9.0, -17.6667, 8.6667, -17.6667, 8.0, -17.0, 7.3333, -16.3333, 6.3333, -15.6667, 5.3333, -14.6667, 5.0, -14.3333, 4.0, -13.3333, 3.3333, -12.3333, 2.3333, -12.0, 1.3333, -13.3333, -1.0, -13.6667, -1.6667, -3.0, -1.0, -1.0, -0.6667, -0.3333, -1.0, -0.3333, -1.0, 0.0, -0.6667, -1.0, 0.0, -2.6667, 1.0, -13.0, 7.6667, -13.0, 6.3333, -13.0, 4.6667, -13.0, 3.6667, -13.0, 2.6667, -13.3333, 1.6667, -13.0, 1.3333, -13.0, 0.3333, -13.3333, -0.3333, -13.6667, -1.3333, -14.3333, -2.0, -14.0, -1.6667, -14.3333, -2.0, -14.6667, -1.6667, -15.0, -2.3333, -15.6667, -2.3333, -16.0, -2.3333, -15.6667, -2.0, -15.6667, -2.0, -15.6667, -1.3333, -15.0, -0.6667, -14.6667, 0.0, -15.3333, 1.0, -16.0, 1.6667, -16.3333, 2.3333, -16.3333, 3.0, -17.0, 3.6667, -17.0, 4.3333]",10.546681,9.483593,91.760558
271,271,5c:01:3b:6b:b0:95,-38,256,"[86.0, -32.0, 4.0, 0.0, -6.0, -6.0, -6.0, -5.6667, -5.6667, -5.0, -5.6667, -5.0, -6.3333, -4.6667, -6.3333, -4.6667, -6.3333, -3.6667, -6.3333, -3.6667, -7.3333, -2.6667, -7.3333, -2.3333, -7.3333, -2.3333, -7.3333, -2.0, -7.3333, -2.0, -7.3333, -2.0, -7.3333, -2.0, -7.3333, -2.3333, -7.3333, -2.3333, -6.3333, -2.6667, -6.3333, -3.0, -6.0, -3.0, -5.3333, -3.3333, -5.3333, -3.6667, -4.3333, -3.6667, -4.3333, -4.0, -3.6667, -4.3333, -1.3333, -1.6667, 0.0, 0.0, 0.0, 0.0, 0.0, 0.0, 0.0, 0.0, 0.0, 0.0, 0.0, 0.0, 0.0, 0.0, 0.0, 0.0, 0.0, 0.0, -1.3333, -1.3333, -5.0, -3.3333, -5.0, -3.6667, -5.0, -4.6667, -4.3333, -4.6667, -4.3333, -5.6667, -4.3333, -6.0, -4.3333, -6.6667, -3.6667, -7.0, -3.6667, -7.3333, -3.6667, -8.0, -3.0, -8.3333, -3.0, -8.3333, -3.0, -8.3333, -3.0, -8.3333, -3.0, -8.3333, -3.6667, -8.0, -3.6667, -8.0, -3.6667, -7.3333, -3.6667, -7.0, -4.0, -6.6667, -4.6667, -6.6667, -4.6667, -6.3333, -4.6667, -6.3333, -5.6667, -6.0, -5.6667, -6.6667, -5.6667, -6.6667, -6.6667, -7.6667, -20.3333, -23.0, -20.3333, -22.3333, -20.0, -22.3333, -19.6667, -21.6667, -19.3333, -20.0, -19.6667, -19.0, -19.3333, -18.3333, -20.6667, -17.3333, -21.6667, -15.3333, -23.0, -14.3333, -24.6667, -13.0, -25.6667, -12.0, -26.3333, -11.3333, -25.6667, -11.0, -25.6667, -11.3333, -24.6667, -11.3333, -24.0, -11.3333, -23.6667, -11.6667, -22.0, -12.6667, -20.6667, -13.3333, -19.0, -14.3333, -17.0, -14.0, -16.0, -14.3333, -14.6667, -14.6667, -12.6667, -15.6667, -11.6667, -16.3333, -9.0, -18.3333, -8.6667, -18.6667, -2.0, -4.0, -1.0, -1.6667, -0.6667, -1.0, 0.0, -0.3333, 0.0, -0.3333, -1.3333, -0.6667, -3.6667, -1.6667, -19.3333, -7.3333, -17.6667, -9.3333, -17.3333, -13.0, -16.0, -15.0, -14.6667, -17.0, -14.0, -19.0, -12.6667, -20.6667, -11.6667, -22.6667, -11.0, -23.6667, -10.3333, -25.6667, -10.6667, -26.6667, -10.0, -26.6667, -10.3333, -27.3333, -10.6667, -27.3333, -10.6667, -28.3333, -11.0, -28.3333, -11.3333, -28.3333, -11.0, -28.0, -11.6667, -28.0, -12.0, -27.0, -11.6667, -26.0, -12.0, -25.6667, -13.3333, -24.6667, -15.0, -24.3333, -16.6667, -23.3333, -17.6667, -23.0, -18.6667, -23.3333, -18.6667, -23.3333]",15.610267,12.620982,91.760558
272,272,5c:01:3b:6b:b0:95,-37,256,"[86.0, -32.0, 4.0, 0.0, -4.0, -2.6667, -4.0, -2.6667, -4.0, -2.0, -4.0, -1.6667, -5.0, -1.6667, -5.0, -1.6667, -5.0, -1.0, -5.0, -1.0, -6.0, 0.0, -6.0, 0.3333, -6.0, 0.3333, -6.0, 0.3333, -6.0, 0.6667, -6.0, 0.3333, -6.0, 0.3333, -6.0, 0.3333, -6.0, 0.0, -5.0, 0.0, -5.0, -0.6667, -5.0, -0.6667, -4.0, -1.0, -4.0, -1.3333, -3.0, -1.3333, -3.0, -1.6667, -2.0, -2.0, -1.0, -1.0, 0.0, 0.0, 0.0, 0.0, 0.0, 0.0, 0.0, 0.0, 0.0, 0.0, 0.0, 0.0, 0.0, 0.0, 0.0, 0.0, 0.0, 0.0, -1.0, -0.6667, -4.0, -1.0, -4.0, -1.3333, -4.0, -2.0, -3.0, -2.0, -3.0, -3.0, -3.0, -3.0, -3.0, -4.0, -2.0, -4.3333, -2.0, -4.3333, -2.0, -5.0, -1.0, -5.0, -1.0, -5.0, -1.0, -5.0, -1.0, -5.0, -1.0, -5.0, -2.0, -5.0, -2.0, -4.6667, -2.0, -4.0, -2.0, -4.0, -2.0, -3.6667, -3.0, -3.3333, -3.0, -3.3333, -3.0, -3.0, -4.0, -2.6667, -4.0, -3.3333, -4.0, -3.3333, -4.0, -6.6667, -12.0, -19.0, -12.0, -18.6667, -12.0, -18.6667, -12.0, -18.0, -12.0, -16.6667, -12.0, -15.6667, -12.0, -14.6667, -14.0, -13.6667, -15.0, -12.0, -17.0, -11.0, -19.0, -9.6667, -20.0, -8.6667, -21.0, -8.0, -20.0, -8.0, -20.0, -8.0, -19.0, -8.0, -18.0, -8.3333, -18.0, -8.6667, -16.0, -9.6667, -15.0, -10.3333, -13.0, -11.6667, -11.0, -11.3333, -10.0, -11.6667, -9.0, -12.0, -7.0, -13.3333, -6.0, -13.6667, -2.3333, -17.3333, -2.0, -18.0, -0.6667, -4.0, -1.0, -1.6667, -1.0, -1.0, 0.0, -0.3333, 0.0, -0.3333, -1.0, -0.6667, -3.0, -1.3333, -15.0, -6.0, -13.0, -7.6667, -13.0, -10.3333, -11.0, -12.0, -9.0, -14.0, -8.0, -15.6667, -6.0, -17.3333, -5.0, -19.0, -4.0, -20.3333, -3.0, -22.0, -3.3333, -23.0, -2.6667, -23.0, -2.6667, -23.6667, -3.0, -23.6667, -3.0, -24.3333, -3.3333, -24.6667, -3.3333, -24.6667, -3.0, -24.3333, -3.6667, -24.0, -4.0, -23.0, -3.6667, -22.3333, -4.0, -22.0, -5.0, -21.0, -7.0, -20.3333, -9.0, -19.3333, -10.0, -19.0, -11.0, -19.3333, -11.0, -19.0]",11.7508,11.051385,91.760558
273,273,5c:01:3b:6b:b0:95,-41,256,"[86.0, -32.0, 4.0, 0.0, 0.6667, 7.3333, 0.6667, 7.0, 0.6667, 7.0, 0.6667, 7.0, 0.0, 7.0, 0.0, 6.6667, 0.3333, 7.0, 0.3333, 6.6667, 0.0, 7.0, 0.0, 7.3333, 0.0, 7.0, 0.0, 7.0, 0.3333, 7.3333, 0.3333, 7.0, 0.3333, 7.0, 0.3333, 7.0, 0.0, 7.0, 0.3333, 7.0, 0.0, 6.3333, -0.3333, 6.3333, 0.0, 5.6667, -0.3333, 5.3333, 0.0, 5.3333, 0.0, 5.0, 0.3333, 4.6667, -0.3333, 0.6667, 0.0, 0.0, 0.0, 0.0, 0.0, 0.0, 0.0, 0.0, 0.0, 0.0, 0.0, 0.0, 0.0, 0.0, 0.0, 0.0, 0.0, 0.0, 0.0, 1.0, 0.3333, 5.0, 0.3333, 5.0, 0.3333, 5.0, 0.6667, 5.3333, 0.6667, 5.0, 0.3333, 5.3333, 0.3333, 5.0, 0.6667, 5.0, 0.6667, 5.0, 0.3333, 5.0, 1.0, 5.3333, 1.0, 5.3333, 1.0, 5.3333, 1.0, 5.3333, 1.0, 5.0, 0.3333, 5.0, 0.6667, 5.3333, 0.6667, 5.3333, 0.6667, 5.6667, 1.0, 6.0, 0.6667, 6.3333, 0.6667, 6.3333, 0.6667, 6.6667, 0.3333, 7.0, 0.6667, 7.0, 0.6667, 7.0, -1.3333, 1.3333, -2.3333, 6.3333, -2.6667, 6.0, -2.6667, 5.6667, -3.0, 5.6667, -2.6667, 6.0, -2.6667, 6.3333, -2.3333, 6.3333, -3.3333, 6.6667, -3.6667, 7.3333, -4.6667, 7.3333, -5.6667, 8.0, -6.3333, 8.6667, -6.6667, 9.0, -6.0, 9.0, -6.0, 9.0, -5.3333, 9.0, -5.0, 8.6667, -5.3333, 8.3333, -4.6667, 7.6667, -4.6667, 7.0, -3.6667, 6.0, -3.0, 5.6667, -2.6667, 5.0, -2.6667, 4.3333, -1.6667, 3.3333, -1.6667, 3.0, 1.0, 0.0, 1.0, -0.3333, 0.0, -0.6667, -1.0, -0.6667, -1.0, -1.0, -0.3333, -0.6667, -0.3333, -0.6667, -0.3333, 0.0, -1.0, 0.6667, -4.3333, 6.0, -3.3333, 5.3333, -3.3333, 5.0, -2.3333, 4.6667, -1.6667, 4.0, -1.3333, 3.6667, -0.3333, 3.0, 0.0, 2.6667, 0.3333, 2.3333, 1.3333, 1.6667, 1.0, 1.3333, 1.3333, 1.6667, 1.3333, 1.3333, 1.3333, 1.6667, 1.3333, 1.3333, 1.3333, 1.3333, 1.3333, 1.3333, 1.3333, 1.6667, 1.0, 1.6667, 0.6667, 2.3333, 0.6667, 2.6667, 0.6667, 3.0, 0.3333, 3.3333, -0.6667, 4.0, -1.3333, 4.6667, -1.6667, 5.3333, -2.0, 5.3333, -2.0, 5.6667]",5.628268,8.131762,91.760558
274,274,5c:01:3b:6b:b0:95,-40,256,"[86.0, -32.0, 4.0, 0.0, -2.0, 17.3333, -2.0, 16.6667, -1.6667, 16.0, -1.3333, 15.6667, -1.6667, 15.6667, -1.6667, 15.0, -1.0, 15.0, -0.6667, 14.3333, -0.3333, 14.0, -0.3333, 14.3333, 0.0, 13.6667, 0.0, 13.6667, 0.3333, 14.0, 0.3333, 13.6667, 0.3333, 13.6667, 0.3333, 13.6667, 0.0, 14.0, -0.3333, 14.0, -0.6667, 13.3333, -1.3333, 13.3333, -1.3333, 12.3333, -2.0, 12.0, -2.0, 12.0, -2.0, 11.6667, -2.0, 11.3333, -1.0, 2.3333, 0.0, 0.0, 0.0, 0.0, 0.0, 0.0, 0.0, 0.0, 0.0, 0.0, 0.0, 0.0, 0.0, 0.0, 0.0, 0.0, 0.0, 0.0, -0.3333, 2.6667, 0.0, 11.0, -0.3333, 11.3333, -0.6667, 12.0, -1.0, 12.6667, -1.3333, 13.0, -2.0, 13.6667, -2.3333, 14.0, -2.6667, 14.0, -3.0, 14.0, -3.6667, 14.3333, -3.3333, 15.0, -3.3333, 14.6667, -3.6667, 14.6667, -3.6667, 14.6667, -3.3333, 14.3333, -3.6667, 14.6667, -3.3333, 15.0, -3.0, 14.6667, -3.0, 15.0, -2.6667, 15.6667, -2.6667, 16.0, -2.3333, 16.0, -2.3333, 16.3333, -2.3333, 16.6667, -2.0, 17.3333, -2.0, 17.3333, -3.6667, 8.6667, -9.0, 30.0, -9.3333, 29.0, -9.0, 28.3333, -9.0, 27.6667, -8.3333, 27.3333, -8.0, 27.3333, -7.3333, 27.0, -7.3333, 27.0, -6.6667, 26.6667, -6.3333, 25.6667, -6.3333, 25.6667, -6.3333, 26.0, -6.3333, 26.0, -6.0, 26.0, -6.0, 26.0, -5.6667, 26.0, -6.0, 25.6667, -6.3333, 25.3333, -6.6667, 25.0, -7.3333, 24.3333, -7.0, 23.3333, -6.6667, 22.0, -6.6667, 21.0, -7.0, 20.0, -6.6667, 18.6667, -7.0, 17.6667, -8.6667, 12.6667, -9.0, 12.0, -2.0, 1.6667, -1.3333, 0.0, -0.6667, -1.0, -0.3333, -1.0, -0.3333, -1.0, -0.3333, 0.6667, -1.0, 2.6667, -5.3333, 18.0, -5.3333, 18.3333, -4.6667, 20.3333, -5.0, 21.3333, -6.0, 21.3333, -6.6667, 21.6667, -7.0, 21.6667, -7.3333, 22.0, -8.0, 22.0, -8.3333, 22.0, -9.0, 22.0, -9.0, 22.3333, -9.3333, 22.6667, -9.3333, 23.0, -9.6667, 22.6667, -10.0, 22.6667, -10.0, 22.6667, -10.0, 23.0, -9.6667, 23.0, -9.3333, 23.6667, -9.3333, 23.6667, -9.0, 24.6667, -8.6667, 25.0, -9.0, 26.0, -8.6667, 27.0, -8.6667, 28.0, -8.6667, 29.0, -8.6667, 29.6667]",17.639496,10.90207,91.760558
275,275,5c:01:3b:6b:b0:95,-37,256,"[86.0, -32.0, 4.0, 0.0, -4.6667, 21.0, -4.6667, 20.0, -4.0, 19.0, -3.3333, 18.0, -3.3333, 18.0, -3.3333, 17.0, -2.3333, 17.0, -1.6667, 16.0, -0.6667, 15.0, -0.6667, 15.0, 0.0, 14.0, 0.0, 14.0, 0.3333, 14.0, 0.3333, 14.0, 0.3333, 14.0, 0.3333, 14.0, 0.0, 15.0, -1.0, 15.0, -1.3333, 15.0, -2.3333, 15.0, -2.6667, 14.0, -3.6667, 14.0, -4.0, 14.0, -4.0, 14.0, -4.3333, 14.0, -1.6667, 3.0, 0.0, 0.0, 0.0, 0.0, 0.0, 0.0, 0.0, 0.0, 0.0, 0.0, 0.0, 0.0, 0.0, 0.0, 0.0, 0.0, 0.0, 0.0, -0.6667, 3.0, -0.3333, 12.0, -1.0, 13.0, -1.6667, 14.0, -2.6667, 15.0, -3.3333, 16.0, -4.3333, 17.0, -5.0, 18.0, -5.6667, 18.3333, -6.0, 18.3333, -7.0, 18.6667, -7.0, 19.6667, -7.0, 19.0, -7.3333, 19.0, -7.3333, 19.0, -7.0, 18.6667, -7.3333, 19.3333, -6.6667, 19.3333, -6.3333, 19.0, -6.3333, 19.3333, -6.0, 20.0, -5.6667, 20.0, -5.3333, 20.0, -5.3333, 20.0, -5.0, 20.0, -4.6667, 21.0, -4.6667, 21.0, -6.0, 11.6667, -15.6667, 38.6667, -16.0, 37.6667, -15.3333, 36.6667, -15.0, 35.6667, -14.0, 35.3333, -13.3333, 35.0, -12.3333, 34.3333, -11.3333, 34.0, -9.6667, 33.0, -8.0, 31.0, -7.0, 30.0, -6.3333, 30.0, -6.0, 30.0, -6.0, 30.0, -6.0, 30.0, -6.0, 30.0, -7.0, 30.0, -7.3333, 30.0, -8.6667, 30.0, -10.0, 30.0, -10.3333, 29.3333, -10.3333, 27.6667, -10.6667, 26.6667, -11.3333, 25.6667, -11.6667, 24.3333, -12.3333, 23.0, -18.3333, 18.6667, -19.0, 18.3333, -4.0, 3.0, -1.6667, 0.3333, -0.3333, -1.0, -0.3333, -1.0, -0.3333, -1.0, -0.3333, 1.0, -1.0, 3.0, -6.3333, 22.0, -7.3333, 23.0, -6.0, 25.0, -7.6667, 27.0, -10.3333, 27.6667, -12.0, 28.3333, -13.6667, 28.6667, -14.6667, 29.3333, -16.3333, 30.0, -18.0, 30.3333, -19.0, 30.6667, -19.3333, 31.0, -20.0, 31.6667, -20.0, 32.0, -20.6667, 31.3333, -21.3333, 31.6667, -21.3333, 31.6667, -21.3333, 31.6667, -20.3333, 31.3333, -19.3333, 32.0, -19.3333, 32.0, -18.6667, 33.3333, -17.6667, 33.6667, -17.3333, 34.3333, -16.0, 35.6667, -15.6667, 36.6667, -15.3333, 38.0, -15.3333, 38.6667]",22.736905,13.58449,91.760558
276,276,5c:01:3b:6b:b0:95,-41,256,"[86.0, -32.0, 4.0, 0.0, -12.0, 16.0, -12.0, 15.3333, -11.0, 14.6667, -10.0, 14.0, -10.0, 14.0, -10.0, 13.3333, -9.0, 13.3333, -8.0, 12.6667, -7.0, 12.0, -7.0, 12.3333, -6.0, 11.6667, -6.0, 11.6667, -6.0, 11.6667, -6.0, 11.6667, -6.0, 11.6667, -6.0, 11.6667, -6.0, 12.0, -7.0, 12.0, -7.0, 11.6667, -8.0, 11.6667, -8.0, 10.6667, -9.0, 10.6667, -9.0, 10.6667, -9.0, 10.3333, -9.0, 10.3333, -3.0, 2.0, 0.0, 0.0, 0.0, 0.0, 0.0, 0.0, 0.0, 0.0, 0.0, 0.0, 0.0, 0.0, 0.0, 0.0, 0.0, 0.0, 0.0, 0.0, -2.0, 2.3333, -5.0, 9.6667, -6.0, 10.3333, -7.0, 11.0, -8.0, 11.6667, -9.0, 12.0, -10.0, 12.6667, -11.0, 13.3333, -11.3333, 13.0, -11.6667, 13.0, -12.6667, 13.0, -12.6667, 14.0, -12.6667, 13.3333, -13.0, 13.3333, -13.0, 13.0, -12.6667, 13.0, -13.3333, 13.6667, -12.6667, 13.6667, -12.3333, 14.0, -12.3333, 14.0, -12.3333, 14.6667, -12.3333, 14.6667, -12.0, 15.0, -12.0, 15.0, -12.0, 15.3333, -12.0, 16.0, -12.0, 16.0, -11.0, 8.6667, -32.0, 30.3333, -32.0, 29.6667, -31.0, 28.6667, -30.0, 28.0, -29.0, 28.0, -28.0, 28.0, -27.0, 28.0, -26.0, 28.6667, -24.0, 28.3333, -22.0, 27.6667, -21.0, 27.6667, -20.0, 28.0, -20.0, 28.0, -20.0, 28.0, -20.0, 27.6667, -20.0, 27.3333, -21.0, 27.0, -21.0, 26.6667, -22.0, 26.3333, -23.0, 25.6667, -23.0, 24.3333, -22.0, 22.6667, -22.0, 21.6667, -22.0, 20.6667, -22.0, 18.6667, -22.0, 16.6667, -29.0, 9.6667, -29.0, 8.3333, -6.0, 1.0, -2.0, -0.3333, 0.0, -1.0, 0.0, -1.0, 0.0, -1.0, -1.0, 1.0, -3.0, 3.0, -18.0, 20.6667, -19.0, 21.0, -17.0, 22.3333, -19.0, 23.3333, -22.0, 22.6667, -24.0, 22.3333, -26.0, 22.0, -27.0, 21.6667, -29.0, 21.0, -31.0, 20.6667, -32.0, 20.3333, -32.0, 20.3333, -33.0, 21.3333, -33.0, 21.3333, -34.0, 20.6667, -35.0, 20.3333, -35.0, 20.3333, -35.0, 20.3333, -34.0, 20.6667, -33.0, 21.3333, -33.0, 21.6667, -33.0, 23.0, -32.0, 24.0, -32.0, 25.3333, -31.0, 27.3333, -31.0, 29.0, -31.0, 30.6667, -31.0, 31.6667]",23.381105,14.667647,91.760558
277,277,5c:01:3b:6b:b0:95,-37,256,"[86.0, -32.0, 4.0, 0.0, -12.3333, 10.0, -12.3333, 10.0, -11.3333, 9.6667, -10.3333, 9.3333, -10.3333, 9.3333, -10.3333, 9.3333, -9.6667, 9.3333, -9.0, 9.3333, -8.0, 9.0, -8.0, 9.6667, -7.3333, 9.3333, -7.3333, 9.3333, -7.3333, 9.3333, -7.3333, 9.3333, -7.3333, 9.3333, -7.3333, 9.3333, -7.3333, 9.0, -8.0, 8.6667, -8.0, 8.3333, -8.6667, 8.0, -8.6667, 7.0, -9.0, 7.0, -9.0, 6.6667, -9.0, 6.3333, -9.0, 6.0, -3.0, 1.0, 0.0, 0.0, 0.0, 0.0, 0.0, 0.0, 0.0, 0.0, 0.0, 0.0, 0.0, 0.0, 0.0, 0.0, 0.0, 0.0, 0.0, 0.0, -2.0, 1.6667, -6.0, 7.3333, -6.6667, 7.3333, -7.6667, 7.3333, -8.6667, 7.6667, -9.3333, 7.3333, -10.0, 7.6667, -11.0, 7.6667, -11.0, 7.0, -11.0, 6.6667, -12.0, 6.6667, -12.0, 7.3333, -12.0, 7.0, -12.0, 7.0, -12.0, 6.6667, -12.0, 6.6667, -13.0, 7.0, -12.0, 7.3333, -12.0, 7.6667, -12.0, 7.6667, -12.0, 8.3333, -12.0, 8.3333, -12.0, 9.0, -12.0, 9.0, -12.0, 9.6667, -12.3333, 10.0, -12.3333, 10.0, -12.6667, 4.6667, -37.6667, 18.0, -37.6667, 17.6667, -36.6667, 17.0, -35.3333, 16.6667, -34.0, 16.6667, -33.0, 17.0, -32.0, 17.3333, -31.3333, 18.3333, -29.6667, 19.0, -28.0, 19.3333, -27.0, 20.0, -26.0, 20.6667, -26.3333, 21.0, -26.6667, 21.0, -26.6667, 20.6667, -26.3333, 20.0, -27.0, 19.3333, -26.6667, 18.6667, -27.3333, 18.0, -27.6667, 16.6667, -27.6667, 15.3333, -26.3333, 14.0, -26.0, 13.3333, -25.6667, 12.3333, -25.0, 10.6667, -24.6667, 8.6667, -28.6667, 2.0, -28.3333, 0.6667, -5.6667, -0.3333, -2.0, -0.6667, 0.0, -0.6667, 0.0, -1.0, 0.0, -1.0, -1.3333, 0.6667, -3.6667, 2.3333, -21.3333, 15.3333, -22.3333, 14.6667, -21.6667, 15.6667, -23.6667, 15.3333, -26.3333, 14.0, -28.0, 13.0, -30.0, 12.3333, -31.0, 11.6667, -32.6667, 10.3333, -34.0, 9.3333, -35.0, 9.0, -35.0, 8.6667, -36.0, 9.3333, -36.0, 9.3333, -36.6667, 9.0, -37.3333, 8.3333, -37.6667, 8.3333, -37.6667, 8.3333, -36.6667, 9.0, -36.0, 9.6667, -36.0, 10.0, -36.3333, 11.0, -36.0, 12.0, -36.0, 13.6667, -35.6667, 15.3333, -36.0, 17.3333, -36.6667, 18.3333, -36.6667, 19.0]",21.320346,14.540537,91.760558
278,278,5c:01:3b:6b:b0:95,-37,256,"[86.0, -32.0, 4.0, 0.0, -7.0, 4.0, -7.0, 4.6667, -6.0, 4.6667, -5.3333, 4.6667, -5.3333, 4.6667, -5.0, 5.3333, -4.6667, 5.3333, -4.3333, 6.0, -4.0, 6.0, -4.0, 7.0, -4.0, 7.0, -4.0, 7.3333, -4.0, 7.3333, -4.0, 7.0, -4.0, 7.0, -4.0, 7.0, -3.6667, 6.0, -4.0, 5.3333, -4.0, 5.0, -4.3333, 4.3333, -4.6667, 3.3333, -5.0, 3.3333, -5.0, 2.6667, -5.0, 2.3333, -5.3333, 1.6667, -2.0, 0.0, 0.0, 0.0, 0.0, 0.0, 0.0, 0.0, 0.0, 0.0, 0.0, 0.0, 0.0, 0.0, 0.0, 0.0, 0.0, 0.0, 0.0, 0.0, -1.0, 1.0, -3.0, 5.0, -3.3333, 4.3333, -4.0, 3.6667, -5.0, 3.6667, -5.6667, 2.6667, -6.3333, 2.6667, -7.0, 2.0, -7.3333, 1.0, -7.3333, 0.3333, -8.3333, 0.3333, -8.3333, 0.6667, -8.3333, 0.6667, -8.6667, 0.6667, -8.3333, 0.3333, -8.3333, 0.3333, -9.0, 0.3333, -8.0, 1.0, -8.0, 1.3333, -7.6667, 1.3333, -7.6667, 2.0, -7.3333, 2.0, -7.3333, 3.0, -7.0, 3.0, -7.0, 4.0, -7.0, 4.0, -7.0, 4.0, -8.6667, 0.6667, -25.3333, 5.6667, -25.3333, 5.6667, -24.3333, 5.3333, -23.3333, 5.3333, -22.3333, 5.3333, -21.3333, 6.0, -20.6667, 6.6667, -20.0, 8.0, -18.3333, 9.6667, -17.0, 11.0, -16.3333, 12.3333, -16.0, 13.3333, -16.6667, 14.0, -16.6667, 14.0, -16.6667, 13.6667, -16.3333, 12.6667, -16.3333, 11.6667, -16.0, 10.6667, -16.3333, 9.6667, -17.0, 7.6667, -17.3333, 6.3333, -16.6667, 5.3333, -16.6667, 5.0, -16.6667, 4.0, -16.3333, 2.6667, -16.6667, 0.6667, -19.3333, -5.6667, -19.6667, -7.0, -4.0, -1.6667, -1.6667, -1.0, -0.3333, -0.3333, -0.3333, -1.0, -0.3333, -1.0, -1.0, 0.3333, -2.6667, 1.6667, -13.3333, 10.0, -13.3333, 8.3333, -13.3333, 9.0, -15.3333, 7.3333, -17.6667, 5.3333, -19.0, 3.6667, -20.6667, 2.6667, -22.0, 1.6667, -23.6667, -0.3333, -24.6667, -2.0, -25.6667, -2.3333, -25.6667, -3.0, -26.0, -2.6667, -26.0, -2.6667, -26.6667, -2.6667, -27.0, -3.6667, -27.3333, -3.6667, -27.3333, -3.6667, -26.6667, -2.6667, -26.0, -2.0, -25.6667, -1.6667, -25.6667, -1.0, -25.3333, 0.0, -25.0, 2.0, -24.3333, 3.3333, -24.3333, 5.6667, -24.6667, 6.0, -24.6667, 6.3333]",13.580415,11.173441,91.760558
279,279,5c:01:3b:6b:b0:95,-38,256,"[86.0, -32.0, 4.0, 0.0, -2.6667, 6.6667, -2.3333, 7.3333, -1.6667, 7.0, -1.3333, 7.0, -1.3333, 7.0, -1.0, 7.3333, -1.0, 7.3333, -0.6667, 8.0, -0.6667, 7.6667, -0.6667, 8.3333, -1.0, 8.3333, -1.0, 8.6667, -0.6667, 8.6667, -0.6667, 8.3333, -0.6667, 8.3333, -1.0, 8.3333, -0.6667, 7.6667, -0.6667, 7.0, -0.6667, 7.0, -1.0, 6.0, -1.6667, 5.3333, -1.6667, 5.3333, -1.6667, 4.3333, -2.0, 4.3333, -2.3333, 3.6667, -1.0, 0.6667, 0.0, 0.0, 0.0, 0.0, 0.0, 0.0, 0.0, 0.0, 0.0, 0.0, 0.0, 0.0, 0.0, 0.0, 0.0, 0.0, 0.0, 0.0, -0.3333, 1.3333, -0.3333, 6.0, -0.6667, 5.6667, -1.0, 5.3333, -2.0, 5.3333, -2.3333, 5.0, -2.6667, 5.0, -3.3333, 4.3333, -3.6667, 3.6667, -4.0, 3.3333, -4.6667, 3.3333, -4.6667, 3.3333, -4.6667, 3.3333, -5.3333, 3.3333, -4.6667, 3.3333, -4.6667, 3.3333, -5.0, 3.3333, -4.3333, 4.0, -4.0, 4.0, -3.6667, 4.0, -3.6667, 5.0, -3.3333, 5.0, -3.0, 5.6667, -2.6667, 5.6667, -2.6667, 6.3333, -2.6667, 6.6667, -2.6667, 6.6667, -4.6667, 4.0, -13.0, 15.6667, -13.0, 15.3333, -12.0, 15.3333, -11.3333, 14.6667, -10.6667, 14.3333, -9.6667, 14.6667, -9.3333, 15.0, -8.6667, 15.3333, -7.0, 16.3333, -6.0, 16.6667, -5.0, 17.0, -4.6667, 17.6667, -5.0, 18.3333, -5.0, 18.3333, -5.3333, 18.3333, -5.0, 17.6667, -5.0, 17.0, -5.0, 16.3333, -5.3333, 15.6667, -6.3333, 13.6667, -7.0, 13.0, -7.0, 11.6667, -7.3333, 11.3333, -7.6667, 10.3333, -8.0, 9.3333, -9.0, 8.0, -10.0, 3.6667, -11.0, 2.6667, -2.3333, 0.3333, -1.3333, -0.3333, -0.6667, -0.3333, -0.6667, -1.0, -0.6667, -1.0, -0.6667, 0.3333, -1.0, 2.0, -3.6667, 13.3333, -4.0, 12.3333, -5.0, 13.6667, -7.0, 12.6667, -9.0, 12.0, -10.0, 11.0, -11.3333, 10.6667, -13.0, 10.6667, -14.6667, 9.6667, -15.3333, 8.3333, -16.3333, 8.6667, -16.3333, 8.3333, -16.0, 8.6667, -16.0, 8.6667, -16.6667, 8.6667, -16.6667, 8.0, -17.0, 8.3333, -17.0, 8.3333, -16.6667, 9.0, -16.0, 9.3333, -15.3333, 9.6667, -15.0, 10.3333, -14.6667, 11.0, -14.0, 12.6667, -13.0, 13.3333, -12.6667, 15.0, -12.6667, 15.3333, -12.6667, 15.6667]",10.949397,9.674141,91.760558
280,280,5c:01:3b:6b:b0:95,-38,256,"[86.0, -32.0, 4.0, 0.0, 2.0, 10.3333, 2.6667, 10.6667, 3.0, 10.0, 3.0, 10.0, 3.0, 10.0, 3.3333, 9.6667, 3.3333, 9.6667, 4.0, 10.0, 3.6667, 9.3333, 3.6667, 9.6667, 3.3333, 9.6667, 3.3333, 10.0, 4.0, 10.0, 4.0, 9.6667, 4.0, 9.6667, 3.3333, 9.6667, 3.6667, 9.3333, 3.6667, 9.0, 3.6667, 9.0, 3.0, 8.0, 2.0, 7.6667, 1.6667, 7.6667, 1.6667, 6.6667, 1.0, 6.6667, 0.6667, 6.3333, 0.0, 1.3333, 0.0, 0.0, 0.0, 0.0, 0.0, 0.0, 0.0, 0.0, 0.0, 0.0, 0.0, 0.0, 0.0, 0.0, 0.0, 0.0, 0.0, 0.0, 0.3333, 1.6667, 3.3333, 7.0, 2.6667, 7.3333, 2.6667, 7.6667, 1.6667, 7.6667, 1.3333, 8.0, 1.0, 8.0, 0.3333, 7.6667, 0.0, 7.3333, -0.6667, 7.6667, -1.0, 7.6667, -1.0, 7.6667, -1.0, 7.6667, -2.0, 7.6667, -1.0, 7.6667, -1.0, 7.6667, -1.0, 7.6667, -0.6667, 8.0, 0.0, 8.0, 0.3333, 8.0, 0.3333, 9.0, 0.6667, 9.0, 1.3333, 9.3333, 1.6667, 9.3333, 1.6667, 9.6667, 2.0, 10.3333, 2.0, 10.3333, 1.0, 9.0, 5.0, 31.3333, 5.0, 30.6667, 6.0, 30.6667, 6.0, 29.3333, 6.0, 28.6667, 7.0, 28.3333, 7.0, 28.0, 8.0, 27.6667, 10.0, 27.6667, 11.0, 27.3333, 12.3333, 27.0, 12.6667, 27.3333, 13.0, 27.6667, 13.3333, 27.6667, 12.6667, 27.6667, 12.6667, 27.3333, 12.3333, 27.0, 11.6667, 26.6667, 11.0, 26.3333, 9.0, 24.3333, 8.0, 24.0, 7.0, 22.3333, 6.0, 21.6667, 5.0, 20.6667, 3.3333, 19.6667, 1.3333, 19.0, -1.0, 16.3333, -3.0, 15.3333, -1.0, 2.6667, -1.0, 0.3333, -1.0, -0.6667, -1.0, -1.0, -1.0, -1.0, 0.0, 0.6667, 1.3333, 3.0, 9.3333, 20.6667, 8.6667, 20.6667, 8.0, 22.3333, 6.0, 22.3333, 4.0, 23.0, 3.0, 23.0, 2.0, 23.3333, 0.0, 24.3333, -2.0, 24.3333, -3.0, 23.6667, -4.0, 24.3333, -4.0, 24.6667, -3.0, 25.3333, -3.0, 25.3333, -4.0, 25.3333, -4.0, 25.0, -4.0, 25.6667, -4.0, 25.6667, -4.0, 26.0, -3.0, 25.6667, -2.0, 26.3333, -1.0, 26.6667, 0.0, 27.0, 1.0, 28.3333, 3.0, 28.6667, 4.0, 30.0, 5.0, 30.6667, 5.0, 31.3333]",16.055217,12.353867,91.760558
281,281,5c:01:3b:6b:b0:95,-37,256,"[86.0, -32.0, 4.0, 0.0, 1.0, 12.6667, 2.0, 12.3333, 2.0, 11.6667, 2.0, 11.6667, 2.0, 11.6667, 2.0, 11.0, 2.0, 11.0, 3.0, 11.0, 3.0, 10.3333, 3.0, 10.3333, 3.0, 10.3333, 3.0, 10.6667, 4.0, 10.6667, 4.0, 10.6667, 4.0, 10.6667, 3.0, 10.6667, 3.0, 10.3333, 3.0, 10.3333, 3.0, 10.3333, 2.0, 9.3333, 1.0, 9.0, 1.0, 9.0, 1.0, 8.3333, 0.0, 8.3333, 0.0, 8.3333, 0.0, 1.6667, 0.0, 0.0, 0.0, 0.0, 0.0, 0.0, 0.0, 0.0, 0.0, 0.0, 0.0, 0.0, 0.0, 0.0, 0.0, 0.0, 0.0, 0.0, 0.0, 1.6667, 3.0, 7.6667, 2.0, 8.3333, 2.0, 9.0, 1.0, 9.0, 1.0, 9.6667, 1.0, 10.0, 0.0, 10.0, 0.0, 10.3333, -1.0, 11.3333, -1.0, 11.3333, -1.0, 11.3333, -1.0, 11.3333, -1.6667, 11.3333, -1.0, 11.3333, -1.0, 11.3333, -1.0, 11.3333, -1.0, 11.3333, 0.0, 11.3333, 0.0, 11.3333, 0.0, 11.6667, 0.0, 11.6667, 1.0, 11.6667, 1.0, 11.6667, 1.0, 11.6667, 1.0, 12.6667, 1.0, 12.6667, 1.3333, 13.3333, 6.0, 45.0, 6.0, 44.0, 6.6667, 43.6667, 6.6667, 42.0, 6.6667, 41.0, 7.6667, 40.0, 7.6667, 38.6667, 8.6667, 37.6667, 10.6667, 36.3333, 11.6667, 36.0, 13.6667, 36.0, 14.6667, 36.0, 15.3333, 36.3333, 15.3333, 36.6667, 14.6667, 36.3333, 14.6667, 36.3333, 13.6667, 36.0, 12.6667, 35.6667, 11.6667, 35.3333, 9.6667, 33.3333, 8.3333, 33.0, 7.0, 31.3333, 6.0, 30.6667, 5.0, 30.0, 3.0, 29.3333, 1.0, 29.3333, -0.6667, 29.3333, -2.6667, 28.6667, -1.0, 5.0, -1.0, 1.0, -1.0, -1.0, -1.0, -1.0, -1.0, -1.0, 0.3333, 1.0, 2.3333, 4.0, 13.0, 26.6667, 11.0, 27.0, 9.0, 29.0, 7.0, 29.3333, 5.0, 31.6667, 4.0, 33.0, 3.0, 34.3333, 1.0, 36.6667, -0.6667, 38.0, -2.0, 38.6667, -3.0, 39.6667, -3.0, 40.3333, -2.6667, 41.3333, -2.6667, 41.6667, -3.3333, 41.6667, -3.3333, 41.6667, -3.3333, 42.3333, -3.6667, 42.3333, -3.3333, 42.3333, -2.3333, 41.3333, -1.3333, 42.0, 0.0, 41.6667, 1.0, 41.6667, 2.0, 42.3333, 4.0, 42.0, 5.0, 43.0, 6.0, 43.6667, 6.0, 44.6667]",21.972122,16.623594,91.760558
282,282,5c:01:3b:6b:b0:95,-37,256,"[86.0, -32.0, 4.0, 0.0, -2.6667, 11.3333, -2.0, 10.6667, -1.6667, 10.3333, -1.6667, 10.3333, -1.6667, 10.3333, -1.3333, 10.0, -1.3333, 10.0, -0.3333, 10.0, -0.3333, 9.6667, -0.3333, 9.6667, -0.3333, 9.6667, 0.0, 10.3333, 0.6667, 10.3333, 0.6667, 10.3333, 0.6667, 10.3333, 0.0, 10.3333, 0.0, 9.6667, -0.3333, 9.6667, -0.3333, 9.6667, -1.0, 8.6667, -1.6667, 8.0, -1.6667, 8.0, -1.6667, 7.6667, -2.3333, 7.3333, -2.3333, 7.3333, -0.6667, 1.3333, 0.0, 0.0, 0.0, 0.0, 0.0, 0.0, 0.0, 0.0, 0.0, 0.0, 0.0, 0.0, 0.0, 0.0, 0.0, 0.0, 0.0, 0.0, -0.6667, 1.3333, 0.0, 7.3333, -0.6667, 7.6667, -1.0, 8.0, -2.0, 8.0, -2.0, 8.3333, -2.3333, 8.6667, -3.0, 8.6667, -3.0, 9.0, -4.0, 9.3333, -4.0, 9.3333, -4.0, 9.3333, -4.3333, 9.3333, -4.6667, 9.3333, -4.3333, 9.3333, -4.3333, 9.3333, -4.3333, 9.6667, -4.0, 9.6667, -3.3333, 9.6667, -3.3333, 9.6667, -3.3333, 10.0, -3.3333, 10.0, -2.6667, 10.0, -2.6667, 10.0, -2.6667, 10.3333, -2.6667, 11.0, -2.6667, 11.3333, -3.3333, 11.6667, -9.3333, 40.3333, -9.3333, 39.3333, -8.6667, 38.6667, -8.3333, 37.6667, -7.6667, 37.0, -6.6667, 36.3333, -6.3333, 35.0, -5.0, 34.6667, -3.0, 33.6667, -2.0, 33.0, -0.3333, 32.6667, 0.6667, 32.3333, 1.0, 32.6667, 1.0, 33.3333, 0.6667, 33.0, 0.6667, 33.0, 0.3333, 32.6667, -0.3333, 32.6667, -1.3333, 32.3333, -2.6667, 31.3333, -3.6667, 30.6667, -4.6667, 29.0, -5.0, 28.0, -5.6667, 27.0, -7.0, 26.3333, -8.3333, 25.6667, -10.6667, 24.0, -11.6667, 23.3333, -2.6667, 3.6667, -1.3333, 0.6667, -0.6667, -1.0, -0.6667, -1.0, -0.6667, -1.0, -0.3333, 0.6667, 0.3333, 3.3333, 1.6667, 22.6667, 0.0, 23.3333, -1.6667, 25.6667, -4.0, 26.6667, -6.0, 28.0, -7.6667, 29.0, -9.0, 29.6667, -10.6667, 31.3333, -12.3333, 32.3333, -13.6667, 32.6667, -14.6667, 33.3333, -15.0, 33.3333, -15.3333, 34.0, -15.3333, 34.3333, -16.0, 34.3333, -16.3333, 34.3333, -16.3333, 34.6667, -16.6667, 35.0, -15.6667, 35.0, -14.6667, 34.6667, -14.0, 35.3333, -13.0, 35.3333, -12.3333, 35.6667, -11.6667, 36.6667, -10.3333, 36.6667, -9.6667, 38.0, -9.0, 38.6667, -9.3333, 39.3333]",19.702297,15.184372,91.760558
283,283,5c:01:3b:6b:b0:95,-37,256,"[86.0, -32.0, 4.0, 0.0, -4.3333, 9.6667, -4.0, 9.0, -3.6667, 9.0, -3.6667, 9.0, -3.6667, 8.6667, -3.3333, 8.6667, -3.3333, 8.6667, -3.0, 8.3333, -3.0, 8.0, -3.3333, 8.0, -3.3333, 8.0, -3.0, 8.6667, -2.6667, 8.6667, -2.6667, 8.6667, -2.6667, 8.6667, -3.0, 8.6667, -3.0, 8.0, -3.3333, 8.0, -3.0, 8.0, -3.3333, 7.6667, -3.3333, 7.0, -3.3333, 7.0, -3.0, 7.0, -3.3333, 6.3333, -3.3333, 6.0, -1.0, 1.0, 0.0, 0.0, 0.0, 0.0, 0.0, 0.0, 0.0, 0.0, 0.0, 0.0, 0.0, 0.0, 0.0, 0.0, 0.0, 0.0, 0.0, 0.0, -1.0, 1.0, -2.3333, 6.3333, -2.3333, 6.6667, -2.6667, 6.6667, -3.0, 6.6667, -3.0, 6.6667, -3.3333, 6.6667, -3.6667, 6.6667, -3.3333, 6.6667, -4.0, 6.6667, -4.0, 6.3333, -4.0, 6.3333, -4.3333, 6.3333, -4.3333, 6.3333, -4.0, 6.3333, -4.3333, 6.3333, -4.3333, 6.6667, -4.0, 7.0, -3.6667, 7.0, -4.0, 7.3333, -4.0, 7.3333, -4.0, 7.6667, -3.6667, 7.6667, -4.0, 8.0, -4.0, 8.6667, -4.0, 9.0, -4.3333, 9.6667, -4.3333, 7.6667, -12.6667, 27.6667, -12.6667, 26.6667, -12.3333, 26.0, -12.0, 25.6667, -11.3333, 25.3333, -11.0, 25.3333, -11.3333, 24.6667, -10.6667, 25.0, -10.0, 24.6667, -9.6667, 25.0, -9.0, 25.3333, -8.6667, 25.3333, -9.0, 26.0, -9.0, 26.6667, -9.0, 26.0, -9.0, 26.0, -8.6667, 25.6667, -8.6667, 25.3333, -9.0, 24.3333, -9.3333, 23.6667, -9.3333, 22.3333, -9.6667, 21.0, -9.0, 20.0, -9.0, 19.0, -9.3333, 18.0, -9.3333, 17.0, -8.0, 13.0, -8.0, 12.3333, -2.0, 1.3333, -1.0, 0.0, -0.6667, -1.0, -0.3333, -1.0, -0.3333, -1.0, -0.6667, 0.3333, -1.0, 2.3333, -4.3333, 16.3333, -4.6667, 16.0, -6.3333, 18.3333, -7.6667, 18.3333, -8.3333, 18.6667, -9.0, 18.6667, -9.6667, 18.6667, -10.3333, 19.3333, -10.6667, 19.6667, -11.3333, 19.6667, -11.3333, 19.6667, -11.6667, 19.0, -12.3333, 19.3333, -12.0, 19.6667, -12.3333, 19.6667, -12.6667, 19.3333, -12.6667, 19.6667, -13.3333, 20.0, -12.6667, 20.3333, -12.3333, 20.6667, -12.3333, 21.0, -12.0, 21.6667, -12.0, 22.3333, -12.0, 23.3333, -12.0, 24.0, -12.0, 25.3333, -12.0, 26.0, -12.3333, 26.6667]",14.866623,11.712189,91.760558
284,284,5c:01:3b:6b:b0:95,-41,256,"[86.0, -32.0, 4.0, 0.0, -6.0, 1.6667, -6.0, 1.3333, -5.6667, 1.6667, -5.6667, 1.6667, -5.6667, 1.3333, -5.3333, 1.3333, -5.3333, 1.6667, -5.6667, 1.3333, -5.6667, 1.0, -6.3333, 1.3333, -6.3333, 1.3333, -6.0, 1.6667, -6.0, 1.6667, -6.0, 1.6667, -6.0, 1.6667, -6.0, 1.6667, -6.0, 1.3333, -6.3333, 1.3333, -5.6667, 1.3333, -5.6667, 1.3333, -5.0, 1.3333, -5.0, 1.3333, -4.3333, 1.3333, -4.3333, 1.0, -4.3333, 0.6667, -1.3333, -0.3333, 0.0, 0.0, 0.0, 0.0, 0.0, 0.0, 0.0, 0.0, 0.0, 0.0, 0.0, 0.0, 0.0, 0.0, 0.0, 0.0, 0.0, 0.0, -1.3333, -0.3333, -4.6667, 1.0, -4.0, 1.0, -4.3333, 1.0, -4.0, 0.6667, -4.0, 0.6667, -4.3333, 0.0, -4.3333, 0.0, -3.6667, -0.3333, -4.0, -0.6667, -4.0, -1.0, -4.0, -1.0, -4.3333, -1.0, -4.3333, -1.0, -3.6667, -1.0, -4.3333, -1.0, -4.3333, -1.0, -4.0, -0.3333, -4.0, -0.3333, -4.6667, -0.3333, -4.6667, 0.0, -4.6667, 0.3333, -4.6667, 0.3333, -5.3333, 0.6667, -5.3333, 1.3333, -5.3333, 1.0, -6.0, 1.3333, -5.6667, -2.0, -17.0, -3.6667, -17.0, -4.0, -16.6667, -4.0, -16.3333, -3.6667, -15.6667, -3.0, -16.0, -2.6667, -17.0, -2.3333, -17.0, -1.6667, -17.6667, -1.0, -18.0, -1.0, -18.3333, -1.0, -18.6667, -0.6667, -19.3333, -0.3333, -19.3333, 0.0, -19.3333, -0.3333, -19.3333, -0.3333, -18.3333, 0.0, -17.6667, 0.0, -17.3333, -0.6667, -16.6667, -0.3333, -15.3333, -1.0, -14.6667, -1.3333, -13.0, -1.6667, -12.3333, -2.3333, -11.6667, -2.6667, -10.3333, -3.3333, -5.6667, -7.0, -4.6667, -7.0, -1.3333, -2.0, -0.6667, -1.0, -0.6667, -0.6667, 0.0, -0.3333, 0.0, -0.6667, -1.3333, -0.6667, -2.6667, -1.0, -12.3333, -2.6667, -11.3333, -3.0, -12.0, -2.0, -12.3333, -2.0, -11.6667, -3.0, -11.3333, -4.0, -11.3333, -5.0, -11.0, -5.6667, -10.3333, -6.3333, -10.0, -7.0, -9.0, -7.3333, -9.3333, -8.3333, -9.6667, -8.3333, -9.0, -8.6667, -9.3333, -8.3333, -9.6667, -8.6667, -9.6667, -8.6667, -10.3333, -8.3333, -10.3333, -8.0, -10.6667, -7.3333, -11.3333, -7.3333, -12.0, -6.3333, -12.6667, -6.0, -13.3333, -5.6667, -14.6667, -5.0, -15.3333, -4.3333, -16.0, -4.0, -16.3333, -4.0]",9.350545,9.330661,91.760558
285,285,5c:01:3b:6b:b0:95,-38,256,"[86.0, -32.0, 4.0, 0.0, -4.0, -6.3333, -4.0, -6.3333, -4.0, -5.6667, -4.0, -5.6667, -4.0, -6.0, -4.0, -6.0, -4.0, -5.3333, -5.0, -5.6667, -5.0, -6.0, -6.0, -5.3333, -6.0, -5.3333, -6.0, -5.3333, -6.0, -5.3333, -6.0, -5.3333, -6.0, -5.3333, -6.0, -5.3333, -6.0, -5.3333, -6.0, -5.3333, -5.0, -5.3333, -5.0, -5.0, -4.0, -4.3333, -4.0, -4.3333, -3.0, -4.3333, -3.0, -4.0, -3.0, -4.3333, -1.0, -1.6667, 0.0, 0.0, 0.0, 0.0, 0.0, 0.0, 0.0, 0.0, 0.0, 0.0, 0.0, 0.0, 0.0, 0.0, 0.0, 0.0, 0.0, 0.0, -1.0, -1.6667, -4.0, -4.3333, -3.0, -4.6667, -3.0, -4.6667, -2.0, -5.3333, -2.0, -5.3333, -2.0, -6.3333, -2.0, -6.3333, -1.0, -6.6667, -1.0, -6.6667, -1.0, -7.0, -1.0, -7.0, -1.0, -7.0, -1.0, -7.0, 0.0, -7.0, -1.0, -7.0, -1.0, -7.6667, -1.0, -6.6667, -1.0, -6.6667, -2.0, -7.0, -2.0, -7.0, -2.0, -6.6667, -2.0, -6.6667, -3.0, -6.3333, -3.0, -6.0, -3.0, -6.6667, -4.0, -7.0, -2.0, -10.6667, -5.0, -32.3333, -5.0, -32.0, -5.0, -31.3333, -5.0, -30.6667, -5.0, -29.3333, -6.0, -29.0, -8.0, -28.0, -9.0, -27.6667, -11.0, -26.6667, -12.0, -26.0, -13.0, -25.0, -14.0, -24.0, -15.0, -23.6667, -15.0, -23.6667, -15.0, -24.0, -15.0, -24.0, -14.0, -23.3333, -13.0, -23.6667, -12.0, -24.3333, -11.0, -24.0, -9.0, -24.0, -8.0, -23.0, -6.0, -22.0, -5.0, -21.6667, -4.0, -21.0, -2.0, -20.6667, 7.0, -21.3333, 8.0, -20.3333, 1.0, -4.0, 0.0, -1.6667, -1.0, -0.3333, 0.0, 0.3333, 0.0, -0.3333, -1.0, -1.3333, -2.0, -3.6667, -7.0, -19.0, -5.0, -20.3333, -6.0, -21.0, -5.0, -22.3333, -3.0, -23.3333, -1.0, -24.6667, 0.0, -25.6667, 1.0, -26.6667, 3.0, -27.6667, 4.0, -28.0, 6.0, -28.3333, 6.0, -29.3333, 6.0, -29.3333, 7.0, -30.0, 7.0, -29.3333, 7.0, -29.6667, 7.0, -30.0, 6.0, -30.0, 5.0, -29.6667, 4.0, -29.3333, 3.0, -30.0, 2.0, -29.3333, 1.0, -29.6667, 0.0, -30.6667, -2.0, -30.6667, -3.0, -31.0, -4.0, -31.3333, -4.0, -31.6667]",15.855202,13.253527,91.760558
286,286,5c:01:3b:6b:b0:95,-37,256,"[86.0, -32.0, 4.0, 0.0, -2.3333, -9.3333, -2.3333, -9.3333, -2.3333, -8.3333, -2.3333, -8.3333, -2.3333, -8.0, -2.3333, -8.0, -2.6667, -7.0, -3.3333, -7.0, -3.6667, -6.6667, -4.3333, -5.6667, -4.6667, -5.3333, -4.6667, -5.3333, -4.6667, -5.3333, -4.6667, -5.3333, -4.6667, -5.3333, -4.3333, -5.6667, -4.3333, -5.6667, -4.3333, -6.0, -3.3333, -6.3333, -3.3333, -6.6667, -2.6667, -6.0, -2.3333, -6.3333, -1.6667, -6.3333, -1.6667, -6.0, -1.6667, -6.0, -0.6667, -2.3333, 0.0, 0.0, 0.0, 0.0, 0.0, 0.0, 0.0, 0.0, 0.0, 0.0, 0.0, 0.0, 0.0, 0.0, 0.0, 0.0, 0.0, 0.0, -1.0, -2.0, -3.0, -5.3333, -2.3333, -6.3333, -2.0, -6.6667, -1.3333, -7.6667, -1.0, -7.6667, -1.0, -8.6667, -0.6667, -9.0, 0.0, -9.3333, 0.3333, -9.6667, 0.3333, -9.6667, 0.3333, -9.6667, 0.3333, -9.6667, 0.3333, -9.6667, 1.0, -9.6667, 0.3333, -9.6667, 0.3333, -10.3333, 0.3333, -9.3333, 0.3333, -9.3333, -0.3333, -9.6667, -0.6667, -9.6667, -0.6667, -9.3333, -0.6667, -9.3333, -1.3333, -9.0, -1.3333, -8.6667, -1.6667, -9.3333, -2.3333, -10.0, 0.0, -12.3333, 0.6667, -37.3333, 0.6667, -36.6667, 0.6667, -36.0, 0.3333, -35.0, 0.0, -33.6667, -1.0, -33.3333, -2.6667, -32.3333, -3.6667, -32.0, -5.6667, -30.6667, -7.0, -30.0, -8.3333, -28.6667, -9.3333, -27.3333, -10.0, -27.3333, -10.0, -27.3333, -9.6667, -27.3333, -9.6667, -27.6667, -8.6667, -27.0, -7.3333, -27.3333, -6.3333, -27.6667, -5.3333, -27.6667, -4.0, -27.6667, -3.0, -26.6667, -1.3333, -25.3333, -0.6667, -25.0, 0.3333, -24.0, 2.0, -23.6667, 7.0, -24.0, 7.3333, -23.0, 0.6667, -4.3333, 0.0, -1.6667, -1.0, 0.0, 0.0, 0.3333, -0.3333, 0.0, -1.0, -1.3333, -1.6667, -4.0, -4.6667, -21.0, -2.6667, -22.3333, -3.6667, -23.6667, -2.0, -25.0, 0.0, -26.6667, 2.0, -28.0, 3.3333, -29.0, 4.6667, -30.3333, 6.6667, -31.6667, 7.6667, -32.3333, 9.3333, -32.6667, 9.3333, -33.3333, 9.6667, -33.3333, 10.3333, -34.0, 10.3333, -33.6667, 10.3333, -33.6667, 10.0, -34.3333, 9.3333, -34.3333, 8.6667, -34.0, 8.3333, -33.6667, 7.6667, -34.3333, 6.6667, -34.0, 5.6667, -34.3333, 5.0, -35.0, 3.3333, -35.3333, 2.3333, -35.3333, 1.3333, -35.6667, 1.0, -36.3333]",17.846335,14.337499,91.760558
287,287,5c:01:3b:6b:b0:95,-41,256,"[86.0, -32.0, 4.0, 0.0, 1.6667, -4.6667, 1.6667, -4.6667, 1.6667, -3.6667, 1.6667, -3.6667, 1.6667, -3.0, 1.6667, -3.0, 1.3333, -2.0, 1.0, -2.0, 1.0, -1.3333, 0.6667, -0.3333, 0.3333, 0.3333, 0.3333, 0.3333, 0.3333, 0.3333, 0.3333, 0.3333, 0.3333, 0.3333, 0.6667, -0.3333, 0.3333, -0.3333, 0.3333, -1.0, 1.0, -1.6667, 0.6667, -2.3333, 0.6667, -2.0, 1.0, -2.6667, 1.3333, -2.6667, 1.3333, -3.0, 1.0, -3.0, 0.0, -1.6667, 0.0, 0.0, 0.0, 0.0, 0.0, 0.0, 0.0, 0.0, 0.0, 0.0, 0.0, 0.0, 0.0, 0.0, 0.0, 0.0, 0.0, 0.0, -0.3333, -1.0, 0.6667, -1.6667, 0.6667, -2.6667, 1.0, -3.3333, 1.3333, -4.3333, 1.6667, -4.3333, 1.6667, -5.3333, 2.0, -6.0, 2.3333, -6.3333, 2.6667, -6.6667, 2.6667, -6.6667, 2.6667, -6.6667, 2.6667, -6.6667, 2.6667, -6.6667, 3.0, -6.6667, 2.6667, -6.6667, 2.6667, -7.0, 2.6667, -6.3333, 2.6667, -6.3333, 2.6667, -6.3333, 2.3333, -6.3333, 2.3333, -5.6667, 2.3333, -5.6667, 2.3333, -5.0, 2.3333, -4.3333, 2.3333, -4.6667, 2.0, -5.0, 3.3333, -7.6667, 11.6667, -21.6667, 11.3333, -21.3333, 11.0, -21.0, 10.6667, -20.0, 10.0, -19.3333, 9.6667, -18.6667, 8.6667, -17.6667, 8.0, -17.0, 7.0, -15.3333, 6.3333, -14.0, 5.6667, -12.3333, 5.3333, -10.6667, 5.3333, -10.6667, 5.3333, -10.6667, 5.3333, -10.6667, 5.3333, -11.3333, 5.3333, -11.0, 6.0, -11.6667, 6.3333, -12.3333, 6.3333, -13.3333, 6.3333, -14.3333, 6.3333, -14.3333, 7.0, -13.6667, 7.0, -14.0, 7.0, -14.0, 7.3333, -14.3333, 7.0, -13.0, 6.6667, -12.0, 0.3333, -2.3333, 0.0, -1.0, -1.0, -0.3333, -0.3333, -0.3333, -0.6667, 0.0, -0.3333, -0.6667, 0.3333, -2.0, 5.0, -9.0, 6.0, -10.6667, 5.6667, -11.3333, 6.6667, -13.0, 7.6667, -15.3333, 8.6667, -17.0, 9.6667, -18.0, 10.3333, -18.6667, 11.3333, -19.0, 11.6667, -19.3333, 12.6667, -19.3333, 12.6667, -19.3333, 13.3333, -19.6667, 13.6667, -20.0, 13.6667, -20.0, 13.6667, -19.6667, 13.0, -20.0, 12.6667, -20.3333, 12.3333, -20.3333, 12.6667, -20.3333, 12.6667, -20.6667, 12.3333, -20.6667, 12.0, -21.0, 12.3333, -21.6667, 12.0, -21.6667, 12.0, -20.6667, 11.6667, -20.3333, 11.6667, -20.6667]",10.839982,11.211121,91.760558
288,288,5c:01:3b:6b:b0:95,-38,256,"[86.0, -32.0, 4.0, 0.0, 5.6667, -0.6667, 5.6667, -0.6667, 5.6667, 0.3333, 5.6667, 0.3333, 5.6667, 1.3333, 5.6667, 1.3333, 5.3333, 2.0, 5.3333, 2.3333, 5.6667, 3.3333, 5.6667, 4.0, 5.3333, 5.0, 5.3333, 5.0, 5.3333, 5.0, 5.3333, 5.0, 5.3333, 5.0, 5.6667, 4.3333, 5.0, 4.0, 5.0, 3.0, 5.3333, 2.3333, 4.6667, 1.3333, 4.0, 1.0, 4.3333, 0.3333, 4.3333, 0.0, 4.3333, -0.6667, 3.6667, -1.0, 0.6667, -1.0, 0.0, 0.0, 0.0, 0.0, 0.0, 0.0, 0.0, 0.0, 0.0, 0.0, 0.0, 0.0, 0.0, 0.0, 0.0, 0.0, 0.0, 0.0, 0.3333, 0.0, 4.3333, 2.0, 3.6667, 1.0, 4.0, 0.0, 4.0, -1.0, 4.3333, -1.3333, 4.3333, -2.3333, 4.6667, -3.0, 4.6667, -3.3333, 5.0, -3.6667, 5.0, -3.6667, 5.0, -3.6667, 5.0, -3.6667, 5.0, -3.6667, 5.0, -3.6667, 5.0, -3.6667, 5.0, -3.6667, 5.0, -3.3333, 5.0, -3.3333, 5.6667, -3.3333, 5.3333, -3.3333, 5.3333, -2.6667, 5.3333, -2.3333, 6.0, -1.6667, 6.0, -0.6667, 6.3333, -0.6667, 6.3333, -0.6667, 6.6667, -3.3333, 22.6667, -8.3333, 22.0, -8.0, 21.3333, -8.0, 21.0, -7.3333, 20.0, -7.3333, 20.3333, -7.0, 20.0, -6.0, 19.6667, -4.6667, 19.6667, -2.6667, 19.6667, -0.6667, 19.6667, 1.0, 20.0, 2.6667, 20.6667, 2.6667, 20.6667, 2.6667, 20.3333, 2.6667, 20.3333, 2.0, 19.3333, 2.0, 19.3333, 1.0, 19.0, -0.3333, 18.0, -2.0, 16.6667, -3.6667, 15.6667, -4.3333, 15.3333, -4.6667, 14.6667, -5.0, 13.6667, -5.3333, 12.6667, -5.3333, 7.0, -2.0, 6.0, -1.0, 0.0, -0.3333, 0.0, -0.3333, -1.0, -0.6667, -0.6667, -0.6667, -1.0, 0.0, 0.3333, -0.3333, 2.3333, -0.3333, 14.6667, -0.3333, 14.6667, -2.3333, 15.0, -1.0, 15.3333, -3.3333, 15.3333, -6.0, 15.3333, -7.0, 16.0, -7.0, 16.0, -7.0, 16.0, -6.3333, 15.6667, -6.3333, 16.0, -6.0, 16.0, -5.3333, 17.0, -6.0, 17.0, -6.0, 17.0, -6.3333, 17.0, -5.6667, 16.0, -5.6667, 16.0, -6.3333, 16.0, -6.6667, 17.0, -7.0, 17.6667, -7.0, 18.0, -7.3333, 18.3333, -7.6667, 19.6667, -8.3333, 20.6667, -8.3333, 21.6667, -7.6667, 22.0, -7.0, 22.3333, -7.3333]",11.236246,10.358433,91.760558
289,289,5c:01:3b:6b:b0:95,-37,256,"[86.0, -32.0, 4.0, 0.0, 9.3333, -1.3333, 9.3333, -1.3333, 9.3333, -0.3333, 9.3333, -0.3333, 9.0, 0.6667, 9.0, 0.6667, 9.0, 1.0, 8.6667, 1.6667, 9.3333, 2.6667, 9.3333, 3.0, 9.0, 4.0, 9.0, 4.0, 9.0, 4.0, 9.0, 4.0, 9.3333, 4.0, 9.3333, 3.6667, 8.3333, 3.0, 8.3333, 2.0, 8.3333, 1.6667, 7.6667, 0.6667, 7.0, 0.0, 7.0, -0.3333, 6.6667, -1.0, 6.6667, -1.3333, 6.0, -2.0, 1.3333, -1.0, 0.0, 0.0, 0.0, 0.0, 0.0, 0.0, 0.0, 0.0, 0.0, 0.0, 0.0, 0.0, 0.0, 0.0, 0.0, 0.0, 0.0, 0.0, 1.0, 0.0, 7.3333, 2.0, 6.6667, 1.0, 7.0, 0.0, 7.0, -1.0, 7.3333, -1.6667, 7.3333, -2.6667, 7.3333, -3.0, 7.3333, -3.0, 7.3333, -3.0, 7.3333, -3.0, 7.3333, -3.0, 7.3333, -3.0, 7.3333, -3.0, 7.3333, -3.0, 7.3333, -3.0, 7.3333, -3.0, 7.3333, -3.0, 7.6667, -3.0, 8.3333, -3.6667, 8.3333, -3.6667, 8.6667, -3.3333, 8.6667, -2.6667, 9.3333, -2.3333, 9.3333, -1.3333, 10.3333, -1.3333, 10.3333, -1.3333, 10.3333, -3.6667, 35.6667, -10.6667, 34.6667, -10.0, 33.6667, -10.0, 33.3333, -9.6667, 32.3333, -9.6667, 32.6667, -10.0, 32.3333, -9.0, 32.0, -7.3333, 32.0, -5.3333, 32.6667, -3.3333, 33.0, -2.0, 33.3333, -0.6667, 34.0, -0.6667, 34.3333, -0.6667, 33.3333, -0.6667, 33.3333, -1.0, 32.0, -1.0, 31.0, -2.0, 30.3333, -3.6667, 28.6667, -5.0, 27.3333, -6.3333, 25.3333, -6.6667, 24.3333, -7.3333, 23.3333, -7.0, 21.3333, -6.6667, 19.3333, -5.6667, 13.6667, 3.0, 12.3333, 5.0, 1.3333, 1.0, 0.0, 0.0, -1.0, -1.0, -1.3333, -0.3333, -1.0, 0.0, 1.0, -0.6667, 4.3333, -0.6667, 25.3333, -3.6667, 25.0, -5.6667, 25.6667, -3.0, 25.3333, -5.6667, 25.3333, -8.0, 25.0, -8.0, 25.0, -7.0, 24.3333, -6.0, 23.6667, -4.0, 22.6667, -3.0, 22.6667, -2.0, 22.6667, -1.0, 23.6667, -2.0, 23.6667, -2.0, 23.6667, -2.0, 23.3333, -1.0, 23.0, -1.0, 23.3333, -2.0, 23.3333, -3.0, 24.0, -4.0, 25.3333, -4.0, 26.3333, -5.0, 27.6667, -6.0, 29.6667, -8.0, 31.3333, -8.6667, 33.3333, -9.3333, 34.6667, -9.0, 35.6667, -9.6667]",16.689307,13.398378,91.760558
290,290,5c:01:3b:6b:b0:95,-43,256,"[86.0, -32.0, 4.0, 0.0, 10.6667, -2.0, 10.6667, -2.0, 10.6667, -1.0, 10.3333, -1.0, 10.0, 0.0, 10.0, 0.0, 9.6667, 0.0, 9.3333, 1.0, 9.6667, 2.0, 9.6667, 2.0, 9.0, 3.0, 9.0, 3.0, 9.0, 3.0, 9.0, 3.0, 9.6667, 3.0, 9.6667, 3.0, 8.6667, 2.0, 8.6667, 1.0, 8.6667, 1.0, 8.3333, 0.0, 8.0, -1.0, 8.0, -1.0, 7.3333, -2.0, 7.3333, -2.0, 7.0, -3.0, 1.6667, -1.0, 0.0, 0.0, 0.0, 0.0, 0.0, 0.0, 0.0, 0.0, 0.0, 0.0, 0.0, 0.0, 0.0, 0.0, 0.0, 0.0, 0.0, 0.0, 1.0, 0.0, 7.3333, 2.0, 7.3333, 1.0, 7.6667, 0.0, 8.0, -1.0, 8.3333, -2.0, 8.3333, -3.0, 8.6667, -3.0, 8.6667, -2.6667, 8.6667, -2.6667, 8.6667, -2.6667, 8.6667, -2.6667, 8.6667, -2.6667, 8.6667, -2.6667, 8.6667, -2.6667, 8.6667, -2.6667, 8.6667, -2.6667, 8.6667, -2.6667, 9.3333, -2.6667, 9.6667, -3.6667, 9.6667, -3.6667, 10.0, -3.6667, 10.0, -3.0, 10.3333, -3.0, 10.6667, -2.0, 11.3333, -2.0, 11.6667, -2.0, 12.3333, -3.6667, 42.3333, -11.6667, 41.3333, -11.3333, 40.3333, -11.3333, 40.0, -11.3333, 39.0, -11.3333, 38.6667, -12.3333, 38.0, -11.6667, 37.3333, -10.0, 36.6667, -8.0, 36.6667, -6.0, 36.3333, -5.0, 36.3333, -4.0, 36.6667, -4.0, 37.0, -4.0, 36.3333, -4.0, 36.3333, -4.0, 35.6667, -4.0, 35.0, -5.0, 34.3333, -7.0, 33.0, -8.0, 32.0, -9.0, 30.3333, -9.0, 29.0, -9.3333, 28.3333, -8.3333, 26.6667, -7.3333, 24.6667, -5.3333, 20.3333, 2.6667, 18.6667, 4.6667, 2.6667, 1.0, 0.0, 0.0, -1.0, -1.0, -1.3333, 0.0, -1.0, 0.0, 1.0, -1.0, 4.6667, -1.0, 27.6667, -7.0, 28.0, -9.0, 28.3333, -5.0, 28.6667, -8.0, 29.6667, -9.6667, 30.3333, -8.6667, 31.0, -6.6667, 30.6667, -5.6667, 30.3333, -3.6667, 29.3333, -2.6667, 29.3333, -2.0, 29.3333, -1.0, 30.3333, -1.6667, 30.3333, -1.6667, 30.3333, -1.3333, 29.6667, -0.6667, 30.0, -0.6667, 30.6667, -1.3333, 30.6667, -2.3333, 31.0, -3.3333, 32.6667, -3.6667, 33.6667, -4.3333, 35.3333, -5.3333, 37.3333, -7.3333, 38.6667, -8.3333, 40.3333, -10.3333, 41.6667, -10.6667, 42.6667, -11.3333]",19.517036,15.379721,91.760558
291,291,5c:01:3b:6b:b0:95,-43,256,"[86.0, -32.0, 4.0, 0.0, 12.0, 0.3333, 12.0, 0.3333, 12.0, 1.3333, 11.3333, 1.3333, 11.0, 2.0, 11.0, 2.0, 10.3333, 2.0, 10.0, 2.3333, 10.0, 3.0, 10.0, 2.6667, 9.0, 3.3333, 9.0, 3.3333, 9.0, 3.3333, 9.0, 3.3333, 10.0, 3.3333, 10.0, 3.3333, 9.0, 2.6667, 9.0, 2.0, 9.0, 2.3333, 9.0, 1.6667, 9.0, 1.0, 9.0, 1.0, 8.0, 0.0, 8.0, 0.0, 8.0, -1.0, 2.0, -0.6667, 0.0, 0.0, 0.0, 0.0, 0.0, 0.0, 0.0, 0.0, 0.0, 0.0, 0.0, 0.0, 0.0, 0.0, 0.0, 0.0, 0.0, 0.0, 1.0, 0.3333, 7.3333, 2.6667, 8.0, 2.0, 8.3333, 1.3333, 9.0, 0.6667, 9.3333, -0.3333, 9.3333, -1.3333, 10.0, -1.3333, 10.0, -1.3333, 10.0, -1.6667, 10.0, -1.6667, 10.0, -1.6667, 10.0, -1.6667, 10.0, -1.6667, 10.0, -1.6667, 10.0, -1.6667, 10.0, -1.6667, 10.0, -1.3333, 11.0, -1.3333, 11.0, -2.0, 11.0, -1.6667, 11.3333, -1.6667, 11.3333, -1.0, 11.3333, -0.6667, 12.0, 0.3333, 12.3333, 0.3333, 13.0, 0.3333, 14.3333, -2.3333, 49.0, -6.3333, 48.0, -6.3333, 47.0, -6.3333, 46.6667, -6.3333, 45.6667, -6.3333, 44.6667, -6.6667, 43.6667, -6.0, 42.6667, -4.6667, 41.3333, -2.6667, 40.6667, -1.0, 39.6667, 0.3333, 39.3333, 1.3333, 39.3333, 1.6667, 39.6667, 1.3333, 39.3333, 1.3333, 39.3333, 1.3333, 39.3333, 1.3333, 39.0, 0.3333, 38.3333, -1.6667, 37.3333, -2.6667, 36.6667, -3.6667, 35.3333, -4.3333, 33.6667, -4.6667, 33.3333, -4.3333, 32.0, -4.0, 30.0, -3.0, 27.0, 2.3333, 25.0, 4.3333, 4.0, 1.0, 0.0, 0.0, -1.0, -1.0, -1.3333, -0.3333, -1.0, -0.3333, 1.0, -0.6667, 5.0, -0.3333, 30.0, -2.3333, 31.0, -4.3333, 31.0, -1.3333, 32.0, -4.0, 34.0, -5.6667, 35.6667, -5.3333, 37.0, -4.3333, 37.0, -4.3333, 37.0, -3.3333, 36.0, -2.3333, 36.0, -2.0, 36.0, -1.0, 37.0, -1.3333, 37.0, -1.3333, 37.0, -0.6667, 36.0, -0.3333, 37.0, -0.3333, 38.0, -0.6667, 38.0, -1.6667, 38.0, -2.6667, 40.0, -3.3333, 41.0, -3.6667, 43.0, -4.0, 45.0, -5.0, 46.0, -5.0, 47.3333, -6.0, 48.6667, -6.0, 49.6667, -6.3333]",22.038709,17.247589,91.760558
292,292,5c:01:3b:6b:b0:95,-40,256,"[86.0, -32.0, 4.0, 0.0, 3.3333, 2.0, 3.3333, 2.0, 3.6667, 2.6667, 3.0, 3.0, 3.3333, 3.3333, 3.3333, 3.3333, 3.0, 3.3333, 3.0, 3.3333, 3.0, 3.6667, 3.0, 3.6667, 2.3333, 4.0, 2.3333, 4.0, 2.3333, 4.0, 2.3333, 4.0, 3.0, 4.0, 3.0, 4.0, 2.3333, 3.6667, 2.3333, 3.0, 2.6667, 3.3333, 2.6667, 2.6667, 2.6667, 2.3333, 2.6667, 2.3333, 2.3333, 1.3333, 2.3333, 1.3333, 2.3333, 0.6667, 0.3333, -0.3333, 0.0, 0.0, 0.0, 0.0, 0.0, 0.0, 0.0, 0.0, 0.0, 0.0, 0.0, 0.0, 0.0, 0.0, 0.0, 0.0, 0.0, 0.0, 0.0, 0.6667, 1.6667, 3.0, 2.3333, 2.6667, 2.0, 2.3333, 2.6667, 1.6667, 2.6667, 1.0, 2.3333, 0.3333, 3.0, 0.3333, 2.6667, 0.0, 2.6667, -0.6667, 2.6667, -0.6667, 2.6667, -0.6667, 2.3333, -0.6667, 2.6667, -0.6667, 2.6667, -0.6667, 2.6667, -0.6667, 2.3333, -0.6667, 2.6667, 0.0, 3.3333, 0.0, 3.3333, -0.3333, 3.3333, 0.3333, 3.0, 0.3333, 3.0, 0.6667, 3.0, 1.3333, 3.6667, 2.0, 3.3333, 2.0, 4.0, 2.0, 4.0, -1.0, 15.3333, -1.0, 14.6667, -1.3333, 14.3333, -1.3333, 14.6667, -1.3333, 14.6667, -1.3333, 14.0, -1.0, 13.6667, -0.3333, 13.3333, 0.6667, 13.0, 2.6667, 12.6667, 4.0, 12.0, 5.6667, 12.3333, 6.6667, 12.0, 7.3333, 12.0, 6.6667, 12.3333, 6.6667, 12.3333, 6.6667, 12.3333, 6.6667, 12.6667, 5.6667, 12.0, 3.6667, 11.6667, 2.6667, 11.3333, 1.6667, 11.0, 0.3333, 10.0, 0.0, 10.3333, -0.3333, 10.0, -0.6667, 9.0, -0.6667, 7.6667, 0.6667, 6.6667, 1.3333, 0.6667, 0.3333, -0.6667, -0.3333, -0.6667, -1.0, -0.6667, -0.6667, -0.6667, -0.6667, 0.0, -0.3333, 1.3333, 0.3333, 9.3333, 2.3333, 9.6667, 0.3333, 9.0, 2.3333, 9.3333, 0.0, 10.0, -1.6667, 11.0, -2.0, 12.0, -2.0, 11.3333, -3.0, 11.0, -3.0, 10.0, -2.0, 10.0, -2.0, 9.6667, -1.0, 10.0, -1.0, 10.0, -1.0, 10.0, -0.6667, 9.3333, -0.6667, 10.0, -0.6667, 10.3333, -0.3333, 10.6667, -1.0, 10.6667, -2.0, 11.6667, -3.0, 12.0, -3.0, 13.3333, -2.6667, 14.3333, -2.6667, 15.0, -1.6667, 15.3333, -1.6667, 15.6667, -1.3333, 16.3333, -1.3333]",7.547398,8.960192,91.760558
293,293,5c:01:3b:6b:b0:95,-43,256,"[86.0, -32.0, 4.0, 0.0, -6.0, 3.6667, -6.0, 3.6667, -5.6667, 4.0, -6.0, 4.6667, -6.0, 4.6667, -6.0, 4.6667, -6.0, 4.6667, -6.0, 4.3333, -6.0, 4.3333, -6.0, 4.6667, -6.6667, 4.6667, -6.6667, 4.6667, -6.6667, 4.6667, -6.6667, 4.6667, -6.3333, 4.6667, -6.3333, 4.6667, -6.3333, 4.6667, -6.3333, 4.0, -5.6667, 4.3333, -5.3333, 3.6667, -5.0, 3.6667, -4.3333, 3.6667, -4.3333, 2.6667, -4.0, 2.6667, -3.6667, 2.3333, -1.3333, 0.0, 0.0, 0.0, 0.0, 0.0, 0.0, 0.0, 0.0, 0.0, 0.0, 0.0, 0.0, 0.0, 0.0, 0.0, 0.0, 0.0, 0.0, 0.0, -1.6667, 1.0, -5.0, 3.3333, -4.6667, 3.3333, -5.0, 3.3333, -4.6667, 2.6667, -4.3333, 2.3333, -4.6667, 2.0, -4.3333, 2.0, -4.6667, 1.0, -4.6667, 0.0, -4.6667, 0.0, -4.6667, 0.0, -5.3333, 0.0, -4.6667, 0.0, -4.6667, 0.0, -4.6667, 0.0, -5.3333, 0.0, -4.6667, 1.0, -4.3333, 1.0, -4.3333, 1.0, -4.6667, 2.0, -5.3333, 2.0, -5.3333, 2.3333, -5.3333, 3.3333, -5.3333, 3.6667, -6.0, 3.6667, -5.6667, 3.6667, -6.0, 0.0, -17.3333, 3.0, -17.6667, 3.0, -17.3333, 3.0, -16.6667, 3.0, -15.6667, 3.0, -16.0, 4.0, -15.6667, 5.0, -15.3333, 6.0, -15.0, 8.0, -14.6667, 9.0, -15.0, 11.0, -14.3333, 12.0, -15.0, 13.0, -15.0, 12.0, -14.3333, 12.0, -14.3333, 12.0, -14.3333, 12.0, -13.6667, 11.0, -14.0, 9.0, -13.6667, 8.0, -13.3333, 7.0, -13.0, 5.0, -13.0, 4.0, -12.3333, 3.0, -12.0, 2.0, -12.0, 1.0, -11.6667, -2.0, -11.6667, -2.6667, -2.6667, -0.6667, -1.3333, -0.6667, -0.3333, -1.0, -0.3333, -1.0, -0.3333, -1.0, -1.0, 0.0, -2.3333, 1.0, -10.3333, 7.0, -10.6667, 5.0, -12.0, 6.0, -12.3333, 4.0, -13.0, 2.0, -13.0, 1.0, -13.0, 0.0, -14.3333, -2.0, -15.0, -3.0, -16.0, -3.0, -16.0, -3.3333, -16.6667, -2.6667, -17.0, -2.6667, -17.0, -2.6667, -17.0, -3.0, -17.3333, -3.0, -17.0, -3.0, -17.3333, -2.6667, -16.6667, -2.6667, -16.6667, -3.0, -16.6667, -3.3333, -17.0, -3.0, -16.3333, -2.0, -16.3333, -1.0, -16.0, 1.0, -16.3333, 2.0, -16.6667, 3.0, -16.3333, 3.0]",10.365141,9.416969,91.760558
294,294,5c:01:3b:6b:b0:95,-38,256,"[86.0, -32.0, 4.0, 0.0, -14.6667, -0.3333, -14.6667, -0.3333, -14.0, -0.3333, -14.0, 0.3333, -13.6667, 0.0, -13.6667, 0.0, -13.0, 0.0, -13.0, 0.0, -13.0, 0.0, -13.0, 0.6667, -13.3333, 0.6667, -13.3333, 0.6667, -13.3333, 0.3333, -13.3333, 0.3333, -13.3333, 0.3333, -13.3333, 0.3333, -13.0, 0.6667, -13.0, 0.0, -12.0, 0.3333, -11.6667, -0.3333, -11.3333, 0.0, -10.6667, 0.0, -10.0, -0.3333, -9.6667, -0.3333, -9.3333, 0.0, -3.0, -0.3333, 0.0, 0.0, 0.0, 0.0, 0.0, 0.0, 0.0, 0.0, 0.0, 0.0, 0.0, 0.0, 0.0, 0.0, 0.0, 0.0, 0.0, 0.0, -2.6667, 0.0, -10.3333, 0.0, -10.3333, 0.0, -11.0, 0.0, -11.0, -0.6667, -10.6667, -0.6667, -11.3333, -0.3333, -11.3333, -0.3333, -11.6667, -1.0, -11.6667, -1.3333, -11.3333, -1.3333, -11.3333, -1.3333, -12.0, -1.3333, -11.3333, -1.3333, -11.3333, -1.3333, -11.3333, -1.3333, -12.3333, -1.3333, -11.6667, -0.6667, -12.0, -1.0, -12.0, -1.0, -12.3333, -0.3333, -13.3333, -0.6667, -13.3333, -0.6667, -13.3333, 0.0, -13.6667, 0.0, -14.6667, -0.3333, -14.6667, -0.3333, -13.6667, -1.3333, -42.6667, -2.3333, -42.3333, -2.3333, -41.3333, -2.3333, -40.6667, -2.3333, -39.3333, -2.3333, -39.6667, -1.6667, -39.0, -1.3333, -38.3333, -1.0, -38.0, -0.3333, -37.6667, -0.3333, -38.0, 0.3333, -37.6667, 0.6667, -38.6667, 1.0, -38.6667, 0.6667, -37.6667, 1.0, -37.6667, 1.0, -37.3333, 1.3333, -36.3333, 1.0, -36.0, 0.0, -34.6667, 0.0, -33.3333, 0.0, -32.0, -1.0, -31.0, -1.3333, -30.0, -1.3333, -28.6667, -1.6667, -27.6667, -1.6667, -24.3333, -3.3333, -23.0, -5.3333, -4.6667, -1.3333, -1.6667, -1.0, 0.0, -1.0, 0.0, -0.6667, 0.0, -0.6667, -2.0, -0.3333, -5.3333, -0.3333, -27.3333, 0.0, -27.6667, -0.6667, -29.3333, -1.3333, -29.6667, -2.0, -30.6667, -2.6667, -31.0, -2.6667, -31.6667, -2.6667, -32.6667, -3.6667, -33.0, -3.6667, -33.3333, -3.6667, -33.0, -3.6667, -33.6667, -3.3333, -34.3333, -3.3333, -34.3333, -3.3333, -34.3333, -4.0, -34.3333, -3.6667, -34.3333, -3.6667, -35.3333, -3.3333, -34.6667, -3.0, -35.0, -3.3333, -36.0, -3.6667, -37.0, -3.6667, -37.6667, -3.3333, -38.6667, -3.3333, -39.3333, -2.6667, -40.3333, -2.6667, -41.3333, -2.3333, -41.6667, -2.6667]",21.327808,14.965369,91.760558
295,295,5c:01:3b:6b:b0:95,-43,256,"[86.0, -32.0, 4.0, 0.0, -8.0, -3.6667, -8.0, -3.6667, -7.6667, -3.6667, -7.6667, -3.3333, -7.6667, -4.0, -7.6667, -4.0, -7.3333, -4.0, -7.3333, -4.0, -7.0, -4.0, -7.0, -3.6667, -7.3333, -3.6667, -7.3333, -3.6667, -7.3333, -4.3333, -7.3333, -4.3333, -7.3333, -4.3333, -7.3333, -4.3333, -7.0, -3.6667, -7.0, -4.0, -6.6667, -3.3333, -6.6667, -3.6667, -6.3333, -3.0, -5.6667, -3.0, -5.6667, -2.6667, -5.3333, -2.6667, -5.3333, -2.0, -2.0, -0.6667, 0.0, 0.0, 0.0, 0.0, 0.0, 0.0, 0.0, 0.0, 0.0, 0.0, 0.0, 0.0, 0.0, 0.0, 0.0, 0.0, 0.0, 0.0, -1.6667, -1.0, -5.6667, -3.0, -5.6667, -3.0, -6.0, -3.0, -6.0, -3.3333, -5.6667, -3.3333, -6.0, -2.6667, -6.0, -2.6667, -6.3333, -3.0, -6.3333, -2.6667, -6.0, -2.6667, -6.0, -2.6667, -6.3333, -2.6667, -6.0, -2.6667, -6.0, -2.6667, -6.0, -2.6667, -6.6667, -2.6667, -6.3333, -2.3333, -6.6667, -3.0, -6.3333, -3.0, -6.6667, -2.6667, -7.3333, -3.3333, -7.3333, -3.3333, -7.0, -3.0, -7.3333, -3.0, -8.0, -3.6667, -7.6667, -3.6667, -5.3333, -2.6667, -16.0, -7.6667, -16.0, -7.6667, -15.3333, -7.6667, -15.0, -7.6667, -14.3333, -7.6667, -14.6667, -7.3333, -14.6667, -7.6667, -14.3333, -8.0, -14.3333, -8.6667, -14.0, -9.6667, -14.0, -10.3333, -13.6667, -10.6667, -14.0, -11.0, -14.0, -10.6667, -13.6667, -10.0, -13.6667, -10.0, -13.6667, -9.3333, -13.0, -9.0, -13.3333, -9.0, -13.0, -8.0, -12.6667, -7.0, -12.0, -7.0, -11.6667, -6.6667, -11.6667, -5.6667, -11.0, -5.3333, -11.0, -4.3333, -8.0, -1.3333, -7.3333, -1.6667, -2.0, -0.6667, -1.0, -0.6667, -0.3333, -1.0, -0.3333, -0.3333, -0.3333, -0.3333, -1.0, -0.6667, -1.6667, -1.6667, -8.3333, -7.0, -8.3333, -6.3333, -10.6667, -8.6667, -10.6667, -8.0, -11.0, -7.3333, -11.0, -6.3333, -11.6667, -5.3333, -12.0, -5.3333, -12.3333, -4.3333, -12.6667, -4.3333, -12.3333, -4.0, -13.0, -4.0, -13.0, -4.0, -13.3333, -4.0, -13.3333, -4.3333, -13.3333, -3.6667, -13.0, -3.6667, -13.6667, -3.6667, -13.3333, -3.3333, -13.3333, -3.6667, -13.6667, -4.0, -14.0, -4.3333, -14.3333, -4.6667, -14.6667, -5.6667, -14.6667, -6.3333, -15.0, -7.3333, -15.3333, -7.6667, -15.6667, -8.3333]",10.298189,8.918482,91.760558
296,296,5c:01:3b:6b:b0:95,-44,256,"[86.0, -32.0, 4.0, 0.0, -0.6667, -3.6667, -0.6667, -3.6667, -0.3333, -3.3333, -0.3333, -3.3333, 0.0, -4.0, 0.0, -4.0, 0.3333, -3.6667, 0.3333, -3.3333, 1.0, -3.3333, 1.0, -3.0, 1.0, -3.0, 1.0, -3.0, 1.0, -3.6667, 1.0, -3.6667, 1.0, -3.6667, 1.0, -3.6667, 1.0, -3.0, 1.0, -3.3333, 0.6667, -3.0, 0.0, -3.0, 0.0, -2.6667, 0.0, -2.6667, -0.3333, -2.3333, -0.3333, -2.6667, -1.0, -2.0, -1.0, -0.6667, 0.0, 0.0, 0.0, 0.0, 0.0, 0.0, 0.0, 0.0, 0.0, 0.0, 0.0, 0.0, 0.0, 0.0, 0.0, 0.0, 0.0, 0.0, 0.0, -1.0, 0.3333, -2.6667, 0.3333, -3.0, 0.0, -3.0, 0.0, -3.3333, 0.0, -3.6667, -0.3333, -3.0, -0.3333, -3.3333, -1.0, -3.6667, -1.0, -3.3333, -0.6667, -3.3333, -0.6667, -3.3333, -0.6667, -3.6667, -0.6667, -3.6667, -0.6667, -3.6667, -0.6667, -3.6667, -1.0, -3.3333, -1.0, -3.3333, -1.3333, -3.6667, -0.6667, -3.6667, -0.6667, -3.3333, -1.0, -3.6667, -1.0, -3.6667, -0.3333, -3.3333, -0.3333, -3.3333, -0.6667, -3.6667, 0.0, -3.6667, 3.0, -2.3333, 10.6667, -6.6667, 10.3333, -7.0, 10.6667, -7.0, 10.6667, -7.0, 10.6667, -6.6667, 10.3333, -6.6667, 9.6667, -7.0, 9.6667, -7.3333, 9.3333, -8.3333, 9.6667, -9.0, 10.0, -9.6667, 10.3333, -10.0, 10.6667, -10.3333, 10.6667, -9.6667, 10.3333, -9.0, 10.3333, -9.0, 10.0, -8.6667, 10.3333, -8.3333, 9.3333, -8.0, 8.6667, -7.3333, 8.0, -6.6667, 8.0, -6.3333, 7.6667, -6.0, 6.6667, -5.0, 6.6667, -4.6667, 5.6667, -4.0, 8.3333, 2.0, 8.3333, 3.3333, 0.6667, 0.3333, -0.3333, -0.3333, -0.6667, -1.0, -0.6667, -0.3333, -0.6667, -0.3333, 0.0, -0.6667, 2.0, -1.6667, 10.6667, -5.3333, 11.0, -4.3333, 8.0, -8.0, 8.3333, -7.3333, 8.6667, -6.6667, 9.0, -5.6667, 8.3333, -4.6667, 8.6667, -4.6667, 8.3333, -4.0, 8.0, -3.6667, 8.3333, -3.0, 7.6667, -3.0, 8.3333, -3.0, 7.6667, -3.0, 7.6667, -3.0, 7.6667, -2.0, 8.3333, -2.0, 8.0, -2.0, 8.0, -2.0, 8.3333, -3.0, 8.6667, -3.6667, 9.0, -3.6667, 9.0, -4.0, 9.3333, -5.0, 10.0, -6.0, 10.3333, -7.0, 10.6667, -7.3333, 10.3333, -7.6667]",6.976209,8.717303,91.760558
297,297,5c:01:3b:6b:b0:95,-40,256,"[86.0, -32.0, 4.0, 0.0, 2.0, 2.0, 2.0, 2.0, 2.3333, 2.0, 2.3333, 2.0, 2.6667, 1.6667, 2.6667, 1.6667, 3.0, 1.6667, 3.3333, 2.0, 4.0, 1.6667, 4.3333, 2.0, 4.3333, 2.3333, 4.3333, 2.3333, 4.6667, 2.0, 4.6667, 2.0, 4.6667, 2.0, 4.3333, 2.0, 4.3333, 2.0, 4.0, 1.6667, 3.3333, 1.6667, 2.3333, 1.6667, 2.3333, 1.6667, 2.0, 1.6667, 1.3333, 1.6667, 1.3333, 1.3333, 0.3333, 1.3333, -0.6667, 0.0, 0.0, 0.0, 0.0, 0.0, 0.0, 0.0, 0.0, 0.0, 0.0, 0.0, 0.0, 0.0, 0.0, 0.0, 0.0, 0.0, 0.0, 0.0, 0.6667, 0.0, 3.0, 1.3333, 3.0, 1.0, 2.6667, 1.3333, 2.3333, 1.0, 2.0, 0.6667, 1.6667, 1.3333, 1.3333, 1.3333, 0.6667, 1.0, 0.3333, 1.0, 0.3333, 1.3333, 0.0, 1.3333, -0.3333, 1.0, -0.3333, 1.0, 0.0, 1.0, 0.0, 1.0, 0.0, 1.3333, 0.3333, 1.3333, 0.3333, 1.3333, 1.0, 1.3333, 1.0, 1.6667, 1.0, 1.6667, 1.3333, 1.6667, 2.0, 2.0, 2.0, 2.0, 2.0, 2.0, 3.0, 2.3333, 4.6667, 2.6667, 16.3333, 10.0, 16.0, 9.3333, 16.0, 9.3333, 16.3333, 9.0, 16.6667, 8.6667, 16.6667, 8.3333, 16.3333, 8.0, 17.0, 7.3333, 17.3333, 6.3333, 18.3333, 6.0, 19.6667, 5.6667, 20.3333, 5.3333, 21.0, 5.3333, 21.3333, 5.6667, 20.6667, 6.0, 20.3333, 6.0, 19.6667, 6.3333, 19.3333, 6.3333, 17.6667, 6.3333, 16.0, 6.3333, 14.3333, 6.3333, 13.3333, 6.0, 12.6667, 6.0, 11.0, 6.3333, 10.3333, 6.3333, 8.3333, 6.3333, 8.6667, 10.3333, 7.6667, 12.3333, 0.3333, 2.0, -0.3333, 0.3333, -0.6667, -1.0, -1.0, -0.6667, -0.6667, -0.6667, 0.6667, -0.3333, 3.6667, 0.0, 19.3333, 3.6667, 18.6667, 4.3333, 15.0, 4.0, 14.3333, 5.0, 13.6667, 5.6667, 13.3333, 6.6667, 12.0, 7.6667, 11.3333, 8.0, 10.3333, 8.6667, 9.0, 9.0, 8.6667, 9.6667, 8.0, 9.6667, 8.3333, 10.0, 7.3333, 10.0, 7.3333, 10.0, 7.3333, 10.6667, 8.0, 10.6667, 8.3333, 11.0, 8.6667, 11.0, 9.3333, 10.0, 10.3333, 9.6667, 11.0, 10.0, 12.0, 10.0, 12.6667, 9.6667, 14.3333, 9.0, 15.3333, 8.6667, 16.0, 9.0, 16.0, 9.0]",9.145485,10.364655,91.760558
298,298,5c:01:3b:6b:b0:95,-44,256,"[86.0, -32.0, 4.0, 0.0, -2.0, 5.3333, -2.0, 5.3333, -1.3333, 5.6667, -1.3333, 5.6667, -0.6667, 5.6667, -0.6667, 5.6667, 0.0, 6.0, 0.6667, 6.6667, 1.0, 6.3333, 1.6667, 7.0, 1.6667, 7.6667, 1.6667, 7.6667, 2.3333, 7.6667, 2.3333, 7.6667, 2.3333, 7.6667, 1.6667, 7.6667, 1.6667, 7.0, 1.0, 6.3333, 0.6667, 5.6667, -0.3333, 5.6667, -0.3333, 5.0, -1.0, 5.0, -1.3333, 4.3333, -1.3333, 3.6667, -2.3333, 3.3333, -1.3333, 0.3333, 0.0, 0.0, 0.0, 0.0, 0.0, 0.0, 0.0, 0.0, 0.0, 0.0, 0.0, 0.0, 0.0, 0.0, 0.0, 0.0, 0.0, 0.0, 0.3333, 1.0, 1.0, 4.6667, 1.0, 4.0, 0.3333, 4.3333, -0.3333, 3.6667, -1.0, 3.0, -1.6667, 3.3333, -2.3333, 3.0, -2.6667, 2.3333, -3.3333, 1.6667, -3.3333, 2.0, -4.0, 2.0, -4.6667, 1.3333, -4.6667, 1.3333, -4.0, 1.3333, -4.0, 1.3333, -4.0, 2.0, -3.3333, 2.0, -3.3333, 2.6667, -3.0, 2.6667, -3.0, 3.3333, -3.0, 4.0, -2.3333, 4.0, -2.0, 4.6667, -2.0, 4.6667, -2.0, 5.3333, -1.0, 5.6667, 0.3333, 4.3333, 2.6667, 16.3333, 3.0, 15.3333, 3.0, 15.3333, 3.6667, 15.0, 4.3333, 15.0, 4.3333, 14.6667, 4.6667, 15.0, 6.0, 15.0, 6.6667, 15.0, 7.6667, 16.0, 9.3333, 17.0, 9.6667, 17.3333, 10.0, 18.0, 10.6667, 18.0, 10.3333, 18.0, 9.6667, 18.0, 9.3333, 17.6667, 8.6667, 17.0, 7.3333, 16.3333, 6.0, 15.0, 4.6667, 13.6667, 3.6667, 12.6667, 3.3333, 12.0, 2.0, 11.3333, 1.6667, 10.6667, -0.3333, 9.3333, -0.6667, 8.6667, -1.6667, 9.3333, -1.3333, 1.3333, -0.6667, 0.0, -0.3333, -1.0, -1.0, -1.0, -0.3333, -1.0, 0.3333, 0.0, 2.0, 1.6667, 11.6667, 12.6667, 10.3333, 12.0, 7.0, 12.0, 5.6667, 11.6667, 4.3333, 11.0, 3.6667, 11.0, 2.0, 11.0, 0.6667, 10.3333, -0.3333, 9.6667, -2.0, 9.3333, -2.6667, 9.3333, -3.0, 9.0, -3.3333, 9.3333, -4.3333, 9.3333, -4.3333, 9.0, -4.3333, 9.3333, -4.0, 9.3333, -3.3333, 10.0, -2.6667, 10.3333, -2.3333, 10.0, -1.3333, 10.0, -1.0, 11.3333, 0.0, 12.0, 0.3333, 12.6667, 1.6667, 13.0, 2.6667, 13.6667, 3.0, 14.6667, 3.0, 15.3333]",9.027494,9.266315,91.760558
299,299,5c:01:3b:6b:b0:95,-39,256,"[86.0, -32.0, 4.0, 0.0, -2.6667, 11.6667, -2.6667, 11.6667, -2.0, 11.3333, -2.0, 11.3333, -1.3333, 11.0, -1.6667, 10.6667, -1.0, 10.3333, -0.6667, 10.6667, -0.6667, 10.0, 0.0, 10.3333, -0.3333, 10.6667, -0.3333, 10.6667, 0.3333, 10.6667, 0.3333, 10.6667, 0.3333, 11.0, -0.3333, 11.0, -0.3333, 10.3333, -0.6667, 10.0, -0.6667, 9.3333, -1.3333, 9.3333, -1.3333, 9.0, -1.6667, 8.6667, -1.6667, 8.3333, -1.6667, 7.6667, -2.3333, 7.3333, -1.3333, 1.3333, 0.0, 0.0, 0.0, 0.0, 0.0, 0.0, 0.0, 0.0, 0.0, 0.0, 0.0, 0.0, 0.0, 0.0, 0.0, 0.0, 0.0, 0.0, 0.0, 1.6667, 0.0, 8.0, 0.0, 8.0, -0.3333, 8.6667, -1.0, 8.6667, -1.3333, 8.6667, -2.0, 9.0, -2.6667, 9.0, -2.6667, 8.6667, -3.6667, 8.3333, -3.6667, 8.6667, -4.3333, 9.0, -5.0, 9.0, -5.0, 8.6667, -4.3333, 8.6667, -4.3333, 8.6667, -4.3333, 9.0, -3.3333, 9.0, -3.3333, 9.3333, -3.0, 9.6667, -3.0, 10.0, -3.0, 10.3333, -2.3333, 10.6667, -2.3333, 11.0, -2.3333, 11.3333, -2.3333, 11.6667, -1.6667, 12.3333, -1.0, 7.6667, -1.3333, 27.3333, -0.6667, 26.3333, -0.6667, 26.3333, -0.3333, 25.6667, 0.0, 25.0, -0.3333, 24.3333, 0.0, 23.6667, 0.6667, 23.0, 0.6667, 22.0, 1.0, 22.0, 1.6667, 22.0, 1.3333, 21.6667, 1.0, 22.0, 1.6667, 22.0, 1.6667, 22.0, 1.0, 22.0, 1.3333, 22.0, 1.0, 21.6667, 0.3333, 21.6667, 0.0, 21.0, -0.3333, 20.3333, -0.6667, 19.3333, -0.6667, 18.6667, -1.0, 18.3333, -0.6667, 17.6667, -2.0, 17.0, -1.3333, 15.3333, -2.3333, 15.3333, -1.3333, 2.3333, -0.6667, 0.3333, -0.3333, -1.0, -1.0, -1.0, -0.3333, -1.0, 0.0, 0.0, 0.6667, 2.0, 4.0, 14.3333, 3.0, 14.3333, 2.0, 17.0, 1.3333, 18.0, 1.0, 18.6667, 1.0, 19.6667, 0.3333, 20.6667, -1.3333, 21.3333, -2.6667, 22.0, -4.0, 22.0, -5.0, 22.0, -5.0, 22.0, -5.6667, 22.3333, -6.3333, 22.6667, -6.3333, 22.0, -6.3333, 22.0, -6.3333, 22.0, -5.6667, 23.0, -4.6667, 23.3333, -4.6667, 23.3333, -3.3333, 23.6667, -3.0, 24.3333, -2.0, 24.6667, -1.3333, 25.0, -0.6667, 25.0, 0.0, 25.3333, 0.0, 26.3333, 0.0, 26.6667]",14.519171,10.561004,91.760558
300,300,5c:01:3b:6b:b0:95,-39,256,"[86.0, -32.0, 4.0, 0.0, 0.6667, 6.3333, 0.6667, 6.3333, 1.0, 6.6667, 1.0, 6.6667, 1.3333, 6.3333, 0.6667, 6.3333, 1.0, 6.3333, 0.6667, 7.0, 0.6667, 6.6667, 1.0, 7.0, 0.3333, 7.3333, 0.3333, 7.3333, 0.6667, 7.3333, 0.6667, 7.3333, 0.6667, 7.6667, 0.3333, 7.6667, 0.3333, 7.3333, 0.6667, 6.6667, 0.6667, 6.0, 0.3333, 6.0, 0.3333, 5.6667, 0.6667, 5.3333, 0.6667, 5.0, 0.6667, 4.0, 0.3333, 4.0, -0.6667, 0.6667, 0.0, 0.0, 0.0, 0.0, 0.0, 0.0, 0.0, 0.0, 0.0, 0.0, 0.0, 0.0, 0.0, 0.0, 0.0, 0.0, 0.0, 0.0, 0.0, 1.0, 1.0, 5.0, 1.0, 4.6667, 1.3333, 5.0, 1.0, 4.6667, 1.3333, 4.6667, 1.0, 4.3333, 0.6667, 4.0, 0.6667, 3.6667, -0.3333, 3.0, -0.3333, 3.0, -0.6667, 3.3333, -1.0, 3.0, -1.0, 2.6667, -0.6667, 2.6667, -0.6667, 2.6667, -0.6667, 3.3333, 0.3333, 3.3333, 0.3333, 3.6667, 1.0, 4.3333, 1.0, 4.6667, 1.0, 5.0, 1.3333, 5.3333, 1.3333, 5.6667, 1.3333, 6.0, 1.3333, 6.3333, 1.6667, 6.6667, 2.0, 0.6667, 8.3333, 5.6667, 8.6667, 5.0, 8.6667, 5.0, 8.3333, 5.0, 8.0, 5.6667, 7.3333, 5.6667, 7.0, 5.6667, 6.3333, 6.3333, 5.3333, 6.6667, 5.0, 7.0, 4.3333, 8.0, 3.6667, 8.3333, 3.0, 8.6667, 3.3333, 8.6667, 3.3333, 8.6667, 3.0, 8.6667, 3.6667, 8.3333, 4.0, 8.0, 3.6667, 7.6667, 4.0, 7.0, 4.3333, 6.0, 4.6667, 5.3333, 4.6667, 4.6667, 5.0, 4.3333, 5.6667, 3.6667, 5.0, 2.6667, 7.3333, -0.6667, 6.3333, -1.0, 0.3333, -0.6667, -0.3333, -0.6667, -0.6667, -0.6667, -1.0, -0.6667, -0.6667, -0.6667, 0.0, -0.3333, 0.3333, 0.3333, 4.0, 5.0, 4.0, 4.3333, 5.0, 5.0, 5.6667, 4.3333, 7.0, 3.6667, 8.0, 3.3333, 8.6667, 3.0, 7.3333, 2.3333, 5.6667, 1.6667, 5.0, 1.0, 4.0, 0.3333, 4.0, 0.3333, 3.6667, 0.0, 3.3333, 0.0, 3.3333, -1.0, 3.3333, -1.0, 3.3333, -1.0, 3.6667, 0.0, 4.6667, 0.3333, 4.6667, 1.0, 6.3333, 1.6667, 7.0, 2.3333, 8.0, 2.6667, 9.3333, 3.3333, 9.6667, 4.0, 10.0, 4.3333, 10.0, 5.0, 10.0, 5.3333]",6.274862,8.138892,91.760558
301,301,5c:01:3b:6b:b0:95,-39,256,"[86.0, -32.0, 4.0, 0.0, 5.3333, 8.0, 5.3333, 8.0, 5.6667, 7.6667, 5.6667, 7.3333, 5.6667, 7.0, 5.0, 6.6667, 5.0, 6.3333, 4.6667, 6.3333, 5.0, 5.6667, 5.0, 5.3333, 4.3333, 5.3333, 4.3333, 5.3333, 4.6667, 5.3333, 4.6667, 5.3333, 4.6667, 5.6667, 4.6667, 5.6667, 4.6667, 5.6667, 5.0, 5.6667, 4.6667, 5.6667, 4.3333, 5.6667, 4.0, 5.6667, 4.3333, 5.6667, 4.0, 5.6667, 4.0, 5.0, 3.6667, 5.3333, 0.3333, 1.0, 0.0, 0.0, 0.0, 0.0, 0.0, 0.0, 0.0, 0.0, 0.0, 0.0, 0.0, 0.0, 0.0, 0.0, 0.0, 0.0, 0.0, 0.0, 0.6667, 0.6667, 4.0, 4.3333, 3.6667, 4.6667, 4.3333, 5.3333, 4.0, 5.6667, 4.6667, 6.3333, 4.3333, 6.3333, 4.0, 6.6667, 4.0, 7.0, 3.0, 7.0, 3.0, 7.0, 3.0, 7.6667, 3.0, 7.6667, 3.0, 7.3333, 3.0, 7.3333, 3.0, 7.3333, 3.0, 7.6667, 4.0, 7.3333, 4.0, 7.3333, 5.0, 7.6667, 5.0, 7.6667, 5.3333, 7.6667, 5.3333, 8.0, 5.6667, 7.6667, 6.0, 8.0, 6.0, 8.0, 6.3333, 8.3333, 5.6667, 2.0, 19.6667, 9.6667, 19.6667, 9.3333, 20.0, 9.3333, 19.3333, 9.0, 18.6667, 9.0, 17.6667, 8.6667, 17.0, 8.0, 16.0, 7.6667, 15.0, 7.0, 14.6667, 6.3333, 13.6667, 6.0, 13.0, 5.6667, 12.3333, 5.6667, 12.6667, 5.6667, 12.6667, 5.6667, 12.6667, 5.6667, 13.0, 6.0, 13.6667, 6.0, 13.0, 6.3333, 13.0, 6.6667, 13.3333, 6.6667, 13.3333, 6.6667, 13.0, 6.3333, 13.0, 6.3333, 13.3333, 6.3333, 13.0, 6.3333, 16.3333, 5.0, 15.0, 5.6667, 2.0, 0.6667, 0.0, 0.0, -1.0, -0.6667, -1.0, -0.6667, -1.0, -0.6667, 0.3333, -0.6667, 1.6667, -0.3333, 11.3333, 1.3333, 11.6667, 2.3333, 11.6667, 4.3333, 13.0, 5.0, 14.6667, 6.0, 15.6667, 6.6667, 17.0, 7.3333, 16.0, 8.0, 14.0, 8.6667, 14.0, 9.0, 13.0, 9.0, 13.0, 9.3333, 13.0, 9.3333, 13.0, 9.3333, 13.0, 8.6667, 13.0, 9.0, 13.0, 9.0, 13.0, 9.3333, 14.0, 9.3333, 14.0, 9.3333, 16.0, 10.0, 17.0, 9.6667, 18.0, 9.6667, 20.0, 9.6667, 20.3333, 9.6667, 20.6667, 9.3333, 21.0, 9.6667, 21.0, 9.6667]",11.43875,9.488413,91.760558
302,302,5c:01:3b:6b:b0:95,-38,256,"[86.0, -32.0, 4.0, 0.0, 6.0, 3.3333, 6.0, 3.3333, 6.3333, 3.0, 6.3333, 2.3333, 6.3333, 2.3333, 6.0, 2.0, 6.0, 2.0, 6.3333, 1.6667, 6.6667, 1.0, 6.6667, 0.3333, 6.3333, 0.6667, 6.3333, 0.6667, 7.0, 0.6667, 7.0, 0.6667, 7.0, 0.6667, 7.0, 0.6667, 6.6667, 0.6667, 6.6667, 1.0, 6.3333, 1.6667, 5.6667, 1.6667, 5.3333, 1.6667, 5.0, 2.3333, 4.6667, 2.3333, 4.3333, 2.0, 4.0, 2.6667, 0.6667, 0.3333, 0.0, 0.0, 0.0, 0.0, 0.0, 0.0, 0.0, 0.0, 0.0, 0.0, 0.0, 0.0, 0.0, 0.0, 0.0, 0.0, 0.0, 0.0, 1.0, -0.3333, 5.0, 0.3333, 4.6667, 0.6667, 4.6667, 1.3333, 4.3333, 1.6667, 4.6667, 2.3333, 4.3333, 2.6667, 4.0, 3.3333, 4.0, 4.0, 3.0, 4.3333, 3.0, 4.3333, 3.0, 4.6667, 3.0, 4.6667, 3.0, 4.6667, 3.0, 4.6667, 3.0, 4.6667, 3.0, 5.0, 3.6667, 4.3333, 4.0, 4.3333, 4.6667, 4.0, 4.6667, 4.0, 5.3333, 4.0, 5.3333, 4.0, 5.6667, 3.3333, 6.3333, 3.3333, 6.3333, 3.3333, 7.0, 3.3333, 6.3333, 0.0, 21.6667, 2.6667, 21.3333, 2.6667, 21.6667, 2.6667, 21.3333, 2.3333, 21.0, 2.3333, 20.3333, 2.0, 20.0, 1.6667, 20.0, 1.0, 20.0, 0.3333, 20.6667, -0.3333, 20.6667, -1.0, 20.3333, -1.3333, 20.3333, -1.3333, 20.6667, -1.3333, 20.6667, -1.3333, 20.6667, -1.3333, 20.3333, -0.6667, 20.3333, -0.6667, 19.3333, -0.3333, 18.3333, 0.3333, 17.6667, 0.6667, 16.6667, 1.3333, 16.0, 1.3333, 15.3333, 1.3333, 14.6667, 2.0, 13.6667, 2.3333, 14.3333, 2.3333, 12.6667, 3.3333, 1.6667, 0.3333, 0.0, 0.0, -1.0, -0.6667, -1.0, -0.6667, -1.0, -0.6667, 0.6667, -1.0, 2.3333, -1.0, 17.3333, -3.6667, 17.0, -2.0, 15.3333, -1.3333, 15.6667, -0.6667, 16.0, 0.6667, 16.0, 1.3333, 16.6667, 2.0, 15.6667, 2.6667, 14.0, 3.3333, 13.6667, 4.3333, 12.6667, 4.6667, 12.6667, 4.6667, 12.6667, 5.0, 12.6667, 4.6667, 12.3333, 4.3333, 12.6667, 5.0, 12.6667, 5.0, 12.6667, 4.6667, 13.3333, 4.6667, 13.6667, 4.3333, 15.3333, 4.6667, 16.6667, 4.0, 17.6667, 4.0, 19.6667, 3.6667, 20.6667, 3.3333, 21.3333, 2.6667, 22.0, 2.6667, 22.3333, 2.6667]",11.015226,9.999819,91.760558
303,303,5c:01:3b:6b:b0:95,-42,256,"[86.0, -32.0, 4.0, 0.0, 12.3333, 8.6667, 12.3333, 8.3333, 12.3333, 7.3333, 12.3333, 6.6667, 12.3333, 6.3333, 12.3333, 5.6667, 12.0, 5.3333, 12.6667, 4.3333, 13.0, 3.6667, 13.0, 2.6667, 13.0, 2.3333, 13.0, 2.3333, 13.6667, 2.3333, 13.6667, 2.3333, 13.6667, 2.3333, 13.6667, 2.6667, 13.3333, 2.6667, 12.6667, 3.6667, 12.3333, 4.3333, 11.3333, 4.3333, 10.6667, 4.6667, 9.6667, 5.3333, 9.0, 5.3333, 8.3333, 5.6667, 8.0, 6.3333, 1.6667, 1.0, 0.0, 0.0, 0.0, 0.0, 0.0, 0.0, 0.0, 0.0, 0.0, 0.0, 0.0, 0.0, 0.0, 0.0, 0.0, 0.0, 0.0, 0.0, 2.3333, 0.0, 9.6667, 2.3333, 9.6667, 3.3333, 9.3333, 4.3333, 9.3333, 5.3333, 9.3333, 6.3333, 9.0, 7.3333, 8.6667, 8.3333, 8.6667, 9.3333, 8.0, 10.0, 8.3333, 10.0, 8.3333, 10.6667, 8.3333, 11.0, 8.3333, 11.0, 8.3333, 11.0, 8.3333, 11.0, 8.3333, 11.0, 8.6667, 10.0, 9.0, 10.0, 9.6667, 9.3333, 9.6667, 9.3333, 10.6667, 9.3333, 10.6667, 9.3333, 11.3333, 8.6667, 12.0, 8.6667, 12.3333, 8.6667, 13.3333, 8.6667, 9.0, 5.3333, 30.3333, 19.0, 30.0, 19.0, 30.0, 18.6667, 30.0, 17.6667, 29.6667, 16.6667, 29.0, 15.6667, 29.0, 14.6667, 29.6667, 13.0, 30.0, 11.0, 31.0, 9.6667, 32.0, 8.0, 32.0, 6.6667, 32.3333, 6.6667, 33.0, 6.6667, 32.6667, 6.6667, 32.6667, 6.6667, 31.6667, 7.6667, 31.3333, 7.6667, 30.0, 8.6667, 28.0, 9.6667, 26.3333, 10.6667, 24.6667, 11.6667, 23.3333, 11.6667, 22.0, 11.6667, 20.3333, 12.6667, 18.6667, 13.6667, 17.3333, 16.6667, 15.3333, 18.3333, 2.0, 3.0, 0.0, 1.0, -1.0, -1.0, -1.3333, -1.0, -1.0, -1.0, 1.0, -0.6667, 4.0, 0.0, 26.3333, 2.6667, 25.6667, 5.3333, 23.0, 6.6667, 23.0, 8.6667, 22.3333, 11.3333, 22.0, 13.3333, 22.0, 15.3333, 21.6667, 17.3333, 20.6667, 19.6667, 20.6667, 21.3333, 20.0, 22.3333, 19.6667, 22.6667, 20.0, 23.6667, 20.0, 23.6667, 19.6667, 23.6667, 20.0, 24.6667, 20.0, 24.3333, 20.3333, 23.6667, 20.6667, 23.3333, 21.0, 22.6667, 22.3333, 22.6667, 23.3333, 21.6667, 24.3333, 21.3333, 26.3333, 20.6667, 27.6667, 19.6667, 28.6667, 18.6667, 29.6667, 18.6667, 30.3333, 18.6667]",19.507262,12.927705,91.760558
304,304,5c:01:3b:6b:b0:95,-39,256,"[86.0, -32.0, 4.0, 0.0, 11.6667, 9.3333, 11.6667, 8.6667, 11.3333, 7.6667, 11.3333, 7.3333, 11.3333, 6.6667, 11.3333, 6.3333, 11.0, 5.6667, 11.6667, 4.6667, 11.6667, 4.3333, 11.6667, 3.3333, 11.6667, 2.6667, 11.6667, 2.6667, 12.3333, 2.6667, 12.3333, 2.6667, 12.3333, 2.6667, 12.3333, 3.3333, 11.6667, 3.3333, 11.3333, 4.3333, 11.3333, 4.6667, 10.3333, 4.6667, 10.0, 5.3333, 9.0, 5.6667, 8.6667, 5.6667, 7.6667, 6.3333, 7.6667, 6.6667, 1.6667, 1.0, 0.0, 0.0, 0.0, 0.0, 0.0, 0.0, 0.0, 0.0, 0.0, 0.0, 0.0, 0.0, 0.0, 0.0, 0.0, 0.0, 0.0, 0.0, 2.0, 0.0, 8.6667, 2.6667, 9.0, 3.6667, 8.3333, 4.6667, 8.6667, 5.6667, 8.6667, 6.6667, 8.6667, 7.6667, 8.6667, 8.6667, 8.6667, 9.6667, 8.0, 10.0, 8.3333, 10.0, 8.3333, 10.3333, 8.3333, 11.0, 8.3333, 11.0, 8.3333, 11.0, 8.3333, 11.0, 8.3333, 11.0, 8.3333, 10.0, 9.0, 10.0, 9.3333, 9.6667, 9.3333, 9.6667, 10.3333, 9.6667, 10.3333, 9.6667, 10.6667, 9.3333, 11.3333, 9.3333, 11.6667, 9.3333, 12.6667, 9.3333, 9.0, 5.6667, 30.6667, 20.0, 30.0, 20.0, 29.6667, 19.3333, 29.6667, 18.3333, 29.3333, 17.3333, 29.0, 16.3333, 29.0, 15.3333, 29.6667, 14.0, 30.0, 12.0, 31.3333, 10.3333, 32.3333, 9.0, 32.3333, 7.3333, 33.0, 7.3333, 33.3333, 7.3333, 33.0, 7.3333, 33.0, 7.3333, 32.0, 8.3333, 31.3333, 8.3333, 30.3333, 9.3333, 28.3333, 10.3333, 26.3333, 11.3333, 24.6667, 12.3333, 23.3333, 12.3333, 22.3333, 12.3333, 20.3333, 13.3333, 18.3333, 14.3333, 15.0, 17.3333, 13.0, 18.6667, 1.6667, 3.0, 0.0, 1.0, -1.0, -1.0, -1.3333, -1.0, -1.0, -1.0, 1.0, -0.3333, 3.6667, 0.0, 25.0, 3.3333, 24.3333, 5.6667, 23.0, 7.3333, 22.6667, 9.3333, 22.0, 11.6667, 21.6667, 13.6667, 21.6667, 15.6667, 21.3333, 17.6667, 20.6667, 20.3333, 20.3333, 21.6667, 19.6667, 22.6667, 19.3333, 23.3333, 19.6667, 24.3333, 19.6667, 24.3333, 19.0, 24.3333, 19.6667, 25.3333, 19.6667, 24.6667, 20.0, 24.3333, 20.0, 23.6667, 20.6667, 23.3333, 21.6667, 23.3333, 23.0, 22.3333, 24.0, 21.6667, 26.0, 21.3333, 27.6667, 20.3333, 28.6667, 19.3333, 29.6667, 19.3333, 30.6667, 19.3333]",19.399412,13.125581,91.760558
305,305,5c:01:3b:6b:b0:95,-42,256,"[86.0, -32.0, 4.0, 0.0, 4.3333, 9.0, 4.3333, 8.3333, 4.0, 7.6667, 4.3333, 7.6667, 4.0, 7.0, 4.0, 7.0, 3.6667, 6.0, 3.6667, 5.0, 3.6667, 5.0, 3.3333, 4.0, 3.3333, 3.0, 3.3333, 3.0, 3.6667, 3.0, 3.6667, 3.0, 3.6667, 3.0, 3.6667, 4.0, 3.6667, 4.0, 3.3333, 5.0, 3.6667, 5.0, 3.3333, 5.0, 3.3333, 6.0, 3.0, 5.6667, 3.0, 5.6667, 2.6667, 6.0, 3.0, 5.6667, 0.3333, 0.6667, 0.0, 0.0, 0.0, 0.0, 0.0, 0.0, 0.0, 0.0, 0.0, 0.0, 0.0, 0.0, 0.0, 0.0, 0.0, 0.0, 0.0, 0.0, 0.3333, 0.0, 3.0, 3.0, 3.3333, 4.0, 3.0, 5.0, 3.3333, 5.6667, 3.3333, 6.3333, 3.6667, 6.6667, 3.6667, 7.3333, 3.6667, 8.0, 3.6667, 7.6667, 4.0, 7.3333, 4.0, 7.6667, 4.0, 7.6667, 4.0, 7.6667, 4.0, 7.6667, 4.0, 7.6667, 4.0, 8.0, 3.6667, 7.3333, 4.0, 7.6667, 4.0, 7.6667, 4.0, 8.0, 4.3333, 8.3333, 4.0, 8.3333, 4.3333, 8.6667, 4.3333, 8.6667, 4.3333, 8.6667, 5.0, 9.0, 3.6667, 4.0, 13.3333, 15.3333, 13.3333, 15.3333, 13.3333, 14.3333, 13.3333, 14.0, 13.0, 13.3333, 12.6667, 13.0, 12.3333, 12.6667, 12.6667, 12.3333, 12.3333, 11.6667, 12.6667, 10.6667, 13.0, 10.0, 12.6667, 8.0, 12.6667, 8.0, 13.0, 8.0, 13.0, 8.0, 13.0, 8.0, 12.6667, 9.0, 12.6667, 9.0, 12.3333, 10.0, 11.6667, 10.0, 10.6667, 10.0, 10.3333, 10.3333, 10.0, 10.3333, 9.6667, 10.0, 9.0, 10.0, 8.3333, 10.3333, 7.6667, 10.0, 7.0, 10.0, 0.6667, 1.3333, -0.3333, 0.3333, -0.6667, -1.0, -1.0, -1.0, -0.6667, -1.0, 0.0, 0.0, 1.3333, 0.0, 10.0, 4.0, 10.0, 6.0, 9.3333, 8.0, 9.6667, 9.0, 9.6667, 9.6667, 10.0, 10.3333, 10.3333, 11.3333, 10.6667, 12.0, 10.3333, 13.6667, 10.6667, 13.6667, 10.6667, 14.0, 10.3333, 14.6667, 10.6667, 15.3333, 10.6667, 15.3333, 10.3333, 15.3333, 10.6667, 15.6667, 10.6667, 15.0, 11.0, 15.0, 10.6667, 14.3333, 11.0, 14.6667, 11.0, 15.0, 11.3333, 14.6667, 11.6667, 14.6667, 12.3333, 15.0, 13.0, 14.6667, 13.0, 14.6667, 13.6667, 15.0, 14.0, 15.0]",11.065942,9.487051,91.760558
306,306,5c:01:3b:6b:b0:95,-43,256,"[86.0, -32.0, 4.0, 0.0, -8.6667, 1.0, -8.6667, 0.6667, -8.6667, 0.3333, -8.0, 0.3333, -8.6667, -0.3333, -8.6667, -0.3333, -8.6667, -1.0, -9.0, -1.6667, -9.0, -2.0, -9.6667, -2.6667, -9.6667, -3.3333, -9.6667, -3.0, -9.3333, -3.3333, -9.3333, -3.3333, -9.3333, -3.3333, -9.3333, -2.6667, -9.0, -2.6667, -9.0, -1.6667, -8.3333, -1.3333, -8.0, -1.0, -7.3333, 0.0, -7.0, -0.3333, -6.3333, 0.0, -6.0, 0.3333, -5.3333, 0.3333, -1.6667, -0.6667, 0.0, 0.0, 0.0, 0.0, 0.0, 0.0, 0.0, 0.0, 0.0, 0.0, 0.0, 0.0, 0.0, 0.0, 0.0, 0.0, 0.0, 0.0, -2.3333, -1.0, -6.3333, -1.6667, -6.3333, -1.0, -6.6667, -0.3333, -6.6667, 0.0, -6.6667, 0.6667, -6.0, 0.6667, -6.0, 1.3333, -6.0, 1.6667, -5.6667, 1.6667, -5.6667, 1.3333, -5.6667, 1.3333, -5.6667, 1.3333, -5.6667, 1.3333, -5.6667, 1.3333, -5.6667, 1.3333, -5.6667, 1.3333, -6.3333, 1.0, -6.0, 1.3333, -6.6667, 1.0, -6.6667, 1.0, -7.0, 1.3333, -7.6667, 1.0, -7.6667, 1.3333, -8.0, 1.0, -8.6667, 0.6667, -8.3333, 1.0, -3.6667, 0.0, -10.6667, 2.0, -10.3333, 2.0, -9.6667, 1.6667, -9.6667, 1.6667, -9.6667, 1.3333, -9.6667, 1.3333, -10.3333, 1.0, -10.0, 0.6667, -10.3333, 0.3333, -10.3333, -0.6667, -10.6667, -1.3333, -11.3333, -3.0, -11.6667, -3.3333, -11.6667, -3.3333, -11.0, -3.0, -11.0, -3.0, -10.6667, -2.0, -10.3333, -1.6667, -10.0, -0.6667, -9.3333, -0.6667, -9.3333, -0.3333, -8.6667, 0.3333, -7.6667, 0.6667, -7.3333, 0.6667, -6.6667, 1.0, -6.0, 1.3333, -4.6667, 2.0, -4.0, 1.0, -1.0, -0.3333, -0.6667, -0.3333, -0.3333, -0.6667, -0.3333, -0.6667, -0.3333, -0.6667, -1.0, -0.3333, -1.6667, -1.0, -8.0, -2.3333, -7.6667, -0.6667, -8.3333, 0.0, -8.0, 0.6667, -7.6667, 1.0, -7.3333, 1.3333, -6.6667, 2.0, -6.3333, 2.6667, -6.6667, 3.6667, -6.3333, 3.6667, -6.0, 4.0, -6.0, 4.3333, -6.0, 4.6667, -6.0, 4.6667, -6.3333, 4.6667, -6.0, 4.6667, -6.0, 4.3333, -6.0, 4.0, -6.6667, 3.6667, -6.3333, 3.6667, -7.3333, 3.6667, -7.3333, 3.3333, -7.6667, 3.3333, -8.3333, 3.0, -8.3333, 2.6667, -9.3333, 2.3333, -9.0, 2.3333, -9.3333, 2.0]",7.710659,8.072624,91.760558
307,307,5c:01:3b:6b:b0:95,-41,256,"[86.0, -32.0, 4.0, 0.0, -7.3333, 0.0, -7.3333, 0.0, -7.3333, 0.0, -6.6667, -0.3333, -7.6667, -0.6667, -7.6667, -0.6667, -7.6667, -1.0, -8.3333, -1.6667, -8.3333, -2.0, -8.6667, -2.6667, -8.6667, -3.0, -8.6667, -2.6667, -8.6667, -3.0, -8.6667, -3.0, -8.6667, -2.6667, -9.0, -2.3333, -8.3333, -2.3333, -8.3333, -1.6667, -7.6667, -1.3333, -7.3333, -1.0, -7.0, -0.3333, -6.3333, -0.6667, -5.6667, -0.3333, -5.3333, -0.6667, -4.6667, -1.0, -1.6667, -1.0, 0.0, 0.0, 0.0, 0.0, 0.0, 0.0, 0.0, 0.0, 0.0, 0.0, 0.0, 0.0, 0.0, 0.0, 0.0, 0.0, 0.0, 0.0, -2.3333, -1.0, -5.6667, -1.6667, -5.6667, -1.0, -5.6667, -0.6667, -5.6667, -0.3333, -5.6667, 0.0, -4.6667, -0.6667, -4.6667, -0.3333, -5.0, -0.3333, -4.3333, -0.6667, -4.3333, -1.3333, -4.0, -1.3333, -4.0, -2.0, -4.3333, -2.0, -4.3333, -2.0, -4.3333, -2.0, -4.3333, -1.6667, -5.0, -1.6667, -4.6667, -1.0, -5.3333, -1.3333, -5.3333, -1.0, -6.0, -0.3333, -6.3333, -0.6667, -6.3333, 0.0, -7.0, -0.3333, -7.3333, -0.6667, -7.3333, 0.0, -2.6667, -2.0, -7.3333, -3.6667, -7.0, -3.6667, -6.6667, -4.0, -6.6667, -3.3333, -6.6667, -3.3333, -6.6667, -2.6667, -7.3333, -2.3333, -7.3333, -2.0, -8.0, -1.0, -8.3333, -1.0, -8.6667, -0.6667, -9.3333, -1.3333, -9.6667, -1.3333, -9.6667, -1.3333, -9.3333, -1.3333, -9.3333, -1.3333, -9.0, -1.0, -8.3333, -1.0, -8.0, -0.6667, -7.6667, -1.6667, -7.6667, -2.3333, -7.0, -2.3333, -6.0, -2.0, -5.6667, -2.3333, -4.6667, -3.0, -4.0, -3.3333, -3.0, -5.3333, -2.0, -6.0, -0.6667, -1.6667, -0.6667, -0.6667, -0.3333, -0.6667, -0.3333, -0.6667, -0.3333, -0.6667, -1.0, -0.3333, -1.3333, -0.6667, -7.0, -0.6667, -6.6667, 0.0, -6.0, 0.3333, -5.6667, -0.3333, -5.3333, -1.3333, -4.6667, -2.3333, -4.0, -2.6667, -3.3333, -3.3333, -3.3333, -3.6667, -3.0, -4.6667, -2.6667, -5.0, -2.6667, -5.0, -2.3333, -5.0, -2.0, -5.0, -2.0, -5.0, -2.0, -5.6667, -2.3333, -5.6667, -2.3333, -6.0, -3.0, -6.0, -3.0, -5.6667, -3.6667, -5.3333, -4.0, -5.0, -4.3333, -4.0, -5.0, -4.0, -5.0, -3.6667, -6.0, -3.0, -5.3333, -2.6667, -5.6667, -3.0]",6.492551,7.978785,91.760558
308,308,5c:01:3b:6b:b0:95,-43,256,"[86.0, -32.0, 4.0, 0.0, 1.3333, 0.3333, 1.3333, 0.0, 1.3333, 0.0, 1.6667, -0.6667, 0.6667, -1.0, 0.6667, -1.0, 0.6667, -1.0, 0.3333, -1.6667, 0.3333, -2.0, 0.6667, -2.6667, 0.6667, -2.6667, 0.6667, -2.3333, 0.6667, -2.6667, 0.6667, -2.6667, 0.6667, -2.0, 0.0, -2.0, 0.3333, -2.0, 0.3333, -1.6667, 0.6667, -1.3333, 0.3333, -1.0, 0.0, -0.6667, 0.3333, -0.6667, 0.6667, -0.3333, 0.3333, -0.3333, 0.6667, -0.3333, -0.3333, -0.6667, 0.0, 0.0, 0.0, 0.0, 0.0, 0.0, 0.0, 0.0, 0.0, 0.0, 0.0, 0.0, 0.0, 0.0, 0.0, 0.0, 0.0, 0.0, -0.6667, -1.0, 0.6667, -1.6667, 0.6667, -1.0, 0.6667, -1.0, 0.6667, -0.3333, 0.6667, 0.0, 1.6667, 0.0, 1.6667, 0.3333, 1.0, 0.6667, 1.3333, 0.6667, 1.3333, 0.3333, 2.0, 0.6667, 2.0, 0.0, 1.3333, 0.0, 1.3333, 0.0, 1.3333, 0.0, 1.3333, 0.3333, 1.0, 0.3333, 1.6667, 0.3333, 1.3333, 0.0, 1.3333, 0.0, 1.0, 0.3333, 1.3333, 0.0, 1.3333, 0.3333, 1.0, 0.0, 1.3333, 0.0, 1.3333, 0.3333, 3.6667, 0.0, 13.3333, 2.6667, 13.0, 2.3333, 12.6667, 2.3333, 12.6667, 2.3333, 12.6667, 2.3333, 12.6667, 3.0, 12.3333, 3.0, 12.3333, 3.3333, 12.0, 4.0, 12.3333, 3.6667, 12.6667, 3.6667, 12.3333, 3.3333, 12.6667, 3.3333, 12.6667, 3.6667, 12.3333, 3.6667, 12.3333, 3.6667, 12.0, 3.6667, 12.3333, 4.0, 12.0, 4.3333, 10.6667, 3.3333, 9.6667, 2.6667, 9.0, 2.3333, 9.0, 2.3333, 8.6667, 1.6667, 8.6667, 1.3333, 8.0, 0.6667, 6.0, -0.6667, 6.0, -1.3333, 0.6667, -1.0, -0.3333, -0.3333, -0.6667, -0.6667, -0.6667, -0.6667, -0.6667, -0.6667, 0.0, -0.3333, 1.3333, 0.0, 9.0, 3.3333, 8.6667, 4.0, 10.0, 3.3333, 9.6667, 3.0, 9.3333, 2.3333, 9.6667, 1.6667, 10.0, 1.3333, 10.3333, 1.3333, 10.3333, 1.0, 10.0, 0.3333, 9.6667, 0.0, 9.6667, 0.0, 10.3333, 0.0, 11.0, 0.0, 11.0, -0.3333, 11.0, -0.6667, 10.3333, -0.6667, 10.3333, -0.6667, 10.0, -0.6667, 10.0, -0.3333, 10.6667, 0.0, 11.0, 0.3333, 11.3333, 1.3333, 12.0, 1.3333, 13.0, 2.0, 13.0, 2.3333, 14.3333, 2.6667, 14.6667, 2.6667]",6.337263,9.136344,91.760558
309,309,5c:01:3b:6b:b0:95,-39,256,"[86.0, -32.0, 4.0, 0.0, -1.0, 7.6667, -1.0, 7.0, -0.6667, 7.0, -0.3333, 6.0, -1.0, 6.0, -0.6667, 6.0, -0.3333, 6.0, 0.0, 5.6667, 0.0, 5.6667, 1.0, 5.0, 1.0, 5.3333, 1.0, 5.3333, 1.0, 5.3333, 1.3333, 5.6667, 1.3333, 6.0, 0.3333, 6.0, 0.3333, 5.6667, 0.3333, 5.6667, 0.3333, 5.3333, -0.3333, 5.0, -1.0, 5.0, -0.6667, 5.0, -0.6667, 5.0, -1.3333, 4.6667, -1.3333, 4.3333, -0.6667, 0.6667, 0.0, 0.0, 0.0, 0.0, 0.0, 0.0, 0.0, 0.0, 0.0, 0.0, 0.0, 0.0, 0.0, 0.0, 0.0, 0.0, 0.0, 0.0, -0.6667, 0.3333, 0.0, 4.0, -0.3333, 4.3333, -0.6667, 4.3333, -1.0, 5.0, -1.3333, 5.0, -1.0, 5.3333, -1.0, 5.3333, -2.0, 6.0, -2.0, 5.6667, -2.3333, 5.3333, -2.0, 6.0, -2.0, 5.0, -2.6667, 5.0, -2.3333, 5.0, -2.3333, 5.0, -2.3333, 6.0, -2.3333, 6.0, -1.6667, 5.6667, -1.6667, 5.6667, -2.0, 6.0, -2.0, 6.3333, -1.3333, 6.3333, -1.3333, 6.6667, -1.3333, 6.6667, -1.0, 7.3333, -1.0, 7.6667, 2.0, 4.0, 8.0, 16.6667, 7.6667, 16.0, 7.0, 15.6667, 7.3333, 15.3333, 8.0, 15.3333, 8.3333, 16.3333, 8.6667, 16.6667, 9.0, 17.6667, 9.3333, 19.0, 10.3333, 19.3333, 11.0, 19.3333, 11.0, 19.0, 11.6667, 19.3333, 11.6667, 20.0, 11.3333, 19.6667, 11.3333, 19.6667, 10.6667, 19.3333, 10.6667, 19.6667, 10.0, 20.0, 8.3333, 18.0, 7.3333, 16.0, 6.3333, 14.3333, 5.6667, 13.6667, 5.3333, 12.0, 5.0, 10.6667, 3.6667, 9.0, 0.6667, 4.0, 0.3333, 3.3333, -0.3333, -0.3333, -0.6667, 0.0, -0.6667, -1.0, -0.6667, -1.0, -0.6667, -1.0, 0.0, 0.0, 1.0, 1.6667, 8.6667, 13.6667, 7.6667, 14.6667, 8.0, 14.3333, 7.0, 13.6667, 5.6667, 12.3333, 5.3333, 11.0, 4.6667, 10.0, 4.3333, 9.3333, 3.6667, 8.3333, 3.0, 7.0, 2.0, 6.0, 1.6667, 6.0, 2.3333, 6.0, 2.6667, 6.0, 2.6667, 5.3333, 2.3333, 5.0, 1.6667, 5.0, 1.6667, 5.6667, 1.6667, 5.6667, 2.0, 6.6667, 3.3333, 7.6667, 4.0, 8.6667, 4.3333, 10.6667, 5.6667, 11.6667, 7.0, 13.3333, 7.3333, 14.6667, 8.6667, 15.6667, 9.3333, 16.3333]",9.41109,9.813051,91.760558
310,310,5c:01:3b:6b:b0:95,-43,256,"[86.0, -32.0, 4.0, 0.0, -12.3333, 7.0, -12.0, 6.3333, -11.3333, 6.3333, -10.6667, 5.6667, -11.0, 6.0, -10.6667, 6.0, -10.0, 6.0, -9.3333, 6.3333, -9.3333, 6.3333, -8.6667, 6.0, -8.6667, 6.6667, -8.3333, 6.6667, -8.6667, 6.6667, -8.0, 7.3333, -8.0, 7.0, -8.6667, 7.0, -8.6667, 6.3333, -8.6667, 6.3333, -8.6667, 5.6667, -9.0, 5.0, -9.0, 4.6667, -8.3333, 4.6667, -8.3333, 4.3333, -8.6667, 4.3333, -8.6667, 4.0, -2.3333, 0.6667, 0.0, 0.0, 0.0, 0.0, 0.0, 0.0, 0.0, 0.0, 0.0, 0.0, 0.0, 0.0, 0.0, 0.0, 0.0, 0.0, 0.0, 0.0, -2.3333, 0.6667, -7.3333, 5.0, -8.0, 4.6667, -8.3333, 4.6667, -9.0, 4.6667, -9.6667, 4.6667, -10.0, 5.0, -10.3333, 4.6667, -11.3333, 5.3333, -11.6667, 5.0, -12.0, 5.0, -12.3333, 5.6667, -12.3333, 4.6667, -12.6667, 4.6667, -12.3333, 4.6667, -12.3333, 4.6667, -12.3333, 5.6667, -12.0, 5.6667, -11.6667, 5.3333, -11.6667, 5.3333, -12.0, 5.6667, -12.3333, 5.6667, -11.6667, 5.6667, -11.6667, 6.0, -12.0, 6.0, -12.3333, 6.6667, -12.3333, 7.0, -6.3333, 5.0, -19.0, 19.0, -19.0, 18.3333, -18.6667, 18.0, -18.0, 17.3333, -17.0, 17.3333, -16.0, 18.3333, -15.3333, 18.3333, -14.6667, 19.3333, -13.6667, 20.3333, -12.6667, 20.6667, -12.0, 20.3333, -12.0, 20.0, -11.6667, 20.0, -11.6667, 20.6667, -11.3333, 20.6667, -11.3333, 20.6667, -11.6667, 20.3333, -11.6667, 21.0, -12.0, 21.0, -12.6667, 19.3333, -13.0, 17.6667, -13.0, 15.6667, -13.0, 14.6667, -13.0, 13.0, -12.6667, 12.0, -13.3333, 10.0, -14.6667, 6.3333, -14.3333, 4.6667, -3.0, 0.0, -1.3333, -0.3333, -0.3333, -1.0, -0.3333, -1.0, -0.3333, -1.0, -1.0, 0.0, -2.0, 2.0, -8.3333, 15.6667, -9.3333, 16.6667, -10.3333, 15.3333, -11.6667, 15.0, -13.3333, 13.6667, -14.3333, 12.6667, -15.6667, 11.6667, -16.6667, 11.3333, -17.6667, 10.3333, -18.3333, 9.3333, -19.3333, 8.3333, -19.6667, 8.0, -19.6667, 8.0, -20.0, 8.0, -20.0, 7.3333, -20.3333, 7.3333, -20.6667, 7.3333, -20.6667, 8.0, -20.6667, 8.0, -20.3333, 9.0, -19.6667, 10.0, -19.3333, 11.0, -19.3333, 12.6667, -18.6667, 13.6667, -18.0, 15.6667, -18.3333, 16.3333, -18.0, 17.3333, -17.6667, 18.0]",15.240452,10.232555,91.760558
311,311,5c:01:3b:6b:b0:95,-39,256,"[86.0, -32.0, 4.0, 0.0, -23.3333, 4.3333, -23.0, 4.0, -22.0, 4.3333, -21.0, 4.0, -21.0, 4.3333, -20.6667, 4.6667, -19.6667, 4.6667, -18.6667, 5.6667, -18.6667, 6.0, -18.3333, 6.0, -18.3333, 7.0, -17.6667, 7.3333, -18.3333, 7.3333, -17.3333, 7.6667, -17.3333, 7.0, -17.6667, 7.0, -17.6667, 6.0, -17.6667, 6.0, -17.6667, 5.0, -17.6667, 4.0, -17.0, 3.3333, -16.0, 3.3333, -16.0, 3.0, -16.0, 2.6667, -16.0, 2.3333, -4.0, 0.0, 0.0, 0.0, 0.0, 0.0, 0.0, 0.0, 0.0, 0.0, 0.0, 0.0, 0.0, 0.0, 0.0, 0.0, 0.0, 0.0, 0.0, 0.0, -4.0, 0.6667, -14.6667, 4.6667, -15.6667, 4.0, -16.0, 3.6667, -17.0, 3.0, -18.0, 2.6667, -19.0, 2.3333, -19.3333, 2.0, -20.3333, 2.0, -20.6667, 1.3333, -21.3333, 1.3333, -22.3333, 1.6667, -22.3333, 1.0, -22.3333, 1.0, -21.6667, 0.6667, -21.6667, 0.6667, -21.6667, 1.3333, -21.3333, 1.6667, -21.3333, 2.0, -21.3333, 2.0, -22.0, 2.3333, -22.3333, 2.6667, -22.0, 2.6667, -22.0, 3.3333, -22.3333, 3.6667, -23.3333, 4.0, -23.6667, 4.3333, -14.3333, 2.0, -45.0, 9.3333, -44.3333, 9.0, -43.6667, 8.6667, -42.6667, 8.3333, -41.0, 8.6667, -39.6667, 9.6667, -38.6667, 10.0, -37.6667, 11.0, -36.3333, 12.3333, -35.3333, 13.3333, -35.0, 13.6667, -35.0, 14.3333, -35.0, 14.3333, -35.0, 14.6667, -34.0, 14.3333, -34.0, 14.3333, -34.0, 14.0, -34.0, 14.0, -34.0, 13.3333, -33.3333, 12.0, -32.6667, 10.3333, -31.6667, 8.6667, -31.3333, 8.0, -30.6667, 6.6667, -29.6667, 5.6667, -29.6667, 4.0, -29.0, 0.0, -28.0, -1.6667, -5.3333, -1.0, -2.0, -0.6667, 0.0, -0.6667, 0.0, -1.0, 0.0, -0.6667, -2.0, 0.0, -5.0, 1.3333, -24.6667, 11.3333, -25.6667, 10.6667, -28.3333, 9.6667, -29.6667, 8.6667, -31.6667, 7.0, -33.0, 5.6667, -35.0, 4.6667, -36.3333, 3.6667, -38.0, 2.3333, -38.3333, 1.3333, -39.3333, 0.3333, -40.0, -0.3333, -40.3333, -0.3333, -41.3333, -0.3333, -41.3333, -0.6667, -42.0, -1.0, -42.0, -1.0, -42.0, -0.6667, -42.0, -0.3333, -41.3333, 0.6667, -41.3333, 1.3333, -41.3333, 2.3333, -42.0, 3.6667, -42.0, 5.0, -42.0, 6.6667, -43.0, 7.3333, -43.3333, 8.3333, -43.3333, 8.6667]",25.610159,14.560815,91.760558
312,312,5c:01:3b:6b:b0:95,-43,256,"[86.0, -32.0, 4.0, 0.0, -18.6667, -4.6667, -18.3333, -4.6667, -17.6667, -4.0, -17.0, -4.0, -17.3333, -3.6667, -17.3333, -3.3333, -16.6667, -3.3333, -16.3333, -2.6667, -16.3333, -2.3333, -16.6667, -2.3333, -16.6667, -1.6667, -16.0, -1.6667, -16.6667, -1.3333, -16.3333, -1.3333, -16.3333, -1.6667, -16.0, -1.6667, -16.0, -2.3333, -16.0, -2.0, -15.6667, -2.6667, -15.3333, -3.0, -14.3333, -3.3333, -13.0, -3.0, -13.0, -3.0, -12.6667, -3.3333, -12.3333, -3.3333, -3.3333, -1.3333, 0.0, 0.0, 0.0, 0.0, 0.0, 0.0, 0.0, 0.0, 0.0, 0.0, 0.0, 0.0, 0.0, 0.0, 0.0, 0.0, 0.0, 0.0, -3.3333, -1.0, -12.6667, -2.0, -13.0, -2.3333, -13.0, -3.0, -13.3333, -3.6667, -14.0, -4.0, -14.6667, -4.6667, -14.6667, -5.0, -15.3333, -5.3333, -15.3333, -6.0, -15.3333, -6.0, -15.6667, -6.0, -15.6667, -6.3333, -15.6667, -6.3333, -15.3333, -6.6667, -15.3333, -6.6667, -15.6667, -6.3333, -15.6667, -6.0, -15.6667, -5.3333, -15.6667, -5.6667, -16.3333, -5.6667, -17.0, -5.3333, -17.0, -5.6667, -17.0, -4.6667, -17.3333, -4.6667, -18.0, -5.0, -18.6667, -5.0, -10.6667, -4.3333, -33.3333, -11.3333, -32.6667, -11.3333, -32.0, -11.3333, -31.3333, -11.0, -30.6667, -10.3333, -30.0, -9.6667, -29.6667, -9.3333, -29.3333, -8.6667, -28.6667, -7.3333, -28.3333, -6.6667, -28.6667, -6.0, -29.0, -5.0, -29.3333, -5.0, -29.3333, -5.3333, -28.6667, -5.3333, -28.3333, -5.3333, -28.0, -5.6667, -27.6667, -5.6667, -27.3333, -6.3333, -26.6667, -6.6667, -25.6667, -7.3333, -24.6667, -7.6667, -24.0, -7.3333, -23.3333, -7.6667, -22.0, -7.6667, -21.6667, -8.3333, -19.0, -11.0, -17.6667, -12.0, -3.6667, -2.6667, -1.3333, -1.3333, -0.3333, -0.3333, 0.0, -0.6667, -0.3333, -0.3333, -1.6667, -0.6667, -4.0, -1.3333, -19.6667, -3.3333, -20.0, -5.0, -22.3333, -5.3333, -22.6667, -6.3333, -23.6667, -8.0, -24.0, -9.0, -25.0, -10.0, -25.3333, -11.3333, -26.0, -12.3333, -26.0, -13.0, -26.3333, -13.6667, -26.3333, -14.0, -26.6667, -14.3333, -27.3333, -14.3333, -27.3333, -14.3333, -27.6667, -14.6667, -27.6667, -14.6667, -27.6667, -15.0, -28.0, -14.6667, -27.6667, -14.0, -28.0, -13.6667, -28.3333, -13.6667, -29.3333, -13.3333, -29.6667, -12.6667, -30.3333, -11.6667, -31.3333, -11.3333, -32.0, -11.0, -32.0, -11.3333]",20.157484,11.854279,91.760558
313,313,5c:01:3b:6b:b0:95,-38,256,"[86.0, -32.0, 4.0, 0.0, -6.3333, -12.6667, -6.6667, -12.6667, -6.6667, -11.6667, -6.6667, -11.6667, -7.0, -11.6667, -7.3333, -11.3333, -7.3333, -11.3333, -7.3333, -11.0, -7.6667, -10.6667, -8.0, -10.6667, -7.6667, -10.3333, -7.6667, -10.6667, -8.0, -10.0, -8.0, -10.3333, -8.0, -10.3333, -7.6667, -10.3333, -7.6667, -10.6667, -7.6667, -10.0, -7.3333, -10.3333, -7.0, -10.0, -6.0, -9.6667, -5.0, -9.0, -5.0, -8.3333, -4.6667, -8.6667, -4.3333, -8.0, -1.3333, -2.3333, 0.0, 0.0, 0.0, 0.0, 0.0, 0.0, 0.0, 0.0, 0.0, 0.0, 0.0, 0.0, 0.0, 0.0, 0.0, 0.0, 0.0, 0.0, -1.6667, -2.6667, -5.6667, -8.6667, -5.6667, -8.6667, -5.3333, -9.6667, -5.0, -10.0, -5.0, -10.3333, -5.0, -10.6667, -4.6667, -10.6667, -4.6667, -11.0, -4.0, -11.3333, -4.0, -11.3333, -3.6667, -11.3333, -3.3333, -11.3333, -3.3333, -11.3333, -3.0, -11.6667, -3.0, -11.6667, -3.3333, -11.6667, -4.0, -11.3333, -4.0, -11.0, -4.0, -11.6667, -5.0, -12.3333, -5.6667, -12.0, -6.0, -12.6667, -6.0, -11.6667, -5.6667, -12.0, -5.6667, -12.6667, -6.3333, -13.3333, -4.3333, -9.6667, -12.0, -28.0, -11.3333, -28.0, -11.6667, -27.3333, -11.6667, -26.6667, -11.6667, -25.6667, -11.6667, -25.3333, -12.0, -25.0, -12.6667, -24.6667, -13.0, -23.3333, -13.3333, -23.3333, -14.3333, -23.0, -15.0, -22.3333, -15.3333, -22.3333, -15.3333, -23.0, -15.0, -22.6667, -14.6667, -22.6667, -14.3333, -22.6667, -14.0, -22.3333, -13.3333, -22.0, -12.3333, -21.6667, -11.0, -21.6667, -10.3333, -20.6667, -9.6667, -19.3333, -9.0, -19.0, -8.0, -18.0, -7.3333, -17.6667, -5.6667, -20.3333, -4.0, -21.0, -1.0, -4.3333, -0.6667, -1.6667, -0.6667, 0.0, 0.0, -0.3333, -0.6667, 0.0, -1.3333, -1.3333, -2.6667, -4.0, -12.6667, -17.6667, -12.0, -19.3333, -10.6667, -18.6667, -9.6667, -19.3333, -9.3333, -20.6667, -8.3333, -21.3333, -8.0, -22.3333, -7.3333, -23.6667, -7.0, -24.3333, -6.3333, -24.6667, -6.0, -25.0, -5.6667, -24.6667, -5.3333, -25.3333, -5.6667, -25.3333, -5.3333, -25.3333, -5.6667, -25.6667, -5.6667, -25.6667, -5.6667, -26.3333, -6.3333, -26.0, -6.3333, -25.6667, -7.0, -25.6667, -7.3333, -26.6667, -8.6667, -27.0, -9.0, -27.0, -10.0, -26.6667, -10.6667, -26.3333, -10.6667, -26.6667, -11.0, -27.3333]",17.197406,11.267314,91.760558
314,314,5c:01:3b:6b:b0:95,-43,256,"[86.0, -32.0, 4.0, 0.0, 3.0, -21.3333, 2.6667, -21.3333, 2.0, -20.3333, 1.3333, -20.0, 1.0, -20.0, 0.3333, -19.6667, 0.0, -19.3333, -0.6667, -19.3333, -1.3333, -19.0, -2.0, -19.0, -1.6667, -18.6667, -2.3333, -19.3333, -2.3333, -19.0, -2.6667, -18.6667, -2.6667, -19.0, -2.3333, -19.0, -2.0, -19.0, -2.0, -18.0, -1.3333, -18.0, -1.0, -17.3333, 0.0, -16.3333, 1.0, -15.3333, 1.0, -14.6667, 1.3333, -14.6667, 2.0, -14.0, 0.0, -3.6667, 0.0, 0.0, 0.0, 0.0, 0.0, 0.0, 0.0, 0.0, 0.0, 0.0, 0.0, 0.0, 0.0, 0.0, 0.0, 0.0, 0.0, 0.0, -0.3333, -4.3333, -0.3333, -15.0, 0.3333, -15.3333, 1.0, -16.3333, 2.0, -16.6667, 2.6667, -17.0, 3.3333, -17.0, 3.6667, -17.0, 4.3333, -17.0, 5.3333, -17.0, 5.6667, -17.3333, 6.6667, -17.3333, 7.0, -17.6667, 7.0, -17.3333, 7.0, -17.3333, 7.0, -17.3333, 6.6667, -17.3333, 5.6667, -17.3333, 5.6667, -17.6667, 5.6667, -18.3333, 4.6667, -19.3333, 4.0, -19.3333, 3.3333, -20.0, 3.3333, -19.3333, 3.3333, -20.3333, 3.6667, -21.6667, 3.3333, -22.3333, 2.6667, -13.3333, 10.0, -40.6667, 10.3333, -40.6667, 9.6667, -39.6667, 9.3333, -38.6667, 8.0, -37.6667, 7.3333, -37.6667, 6.3333, -37.3333, 5.0, -37.3333, 3.6667, -36.6667, 2.3333, -37.3333, 0.6667, -37.6667, -0.3333, -37.6667, -0.6667, -38.0, -0.6667, -38.6667, -0.3333, -37.6667, 0.0, -37.6667, 0.3333, -37.3333, 1.0, -36.3333, 2.0, -35.6667, 3.0, -34.3333, 4.0, -33.3333, 4.3333, -31.3333, 5.0, -29.3333, 5.3333, -28.3333, 6.0, -26.6667, 7.0, -25.3333, 11.6667, -23.6667, 13.3333, -23.0, 2.0, -4.6667, 0.3333, -1.6667, -1.0, 0.0, -0.3333, 0.0, -1.0, 0.0, -0.6667, -2.0, -0.3333, -6.0, -0.3333, -28.6667, 1.3333, -29.3333, 2.3333, -29.3333, 4.3333, -29.3333, 6.0, -30.0, 8.0, -30.0, 9.6667, -31.0, 11.3333, -31.6667, 13.0, -31.6667, 14.0, -31.6667, 15.0, -31.6667, 16.0, -31.0, 16.3333, -32.0, 16.3333, -32.3333, 17.0, -32.3333, 17.3333, -32.0, 17.3333, -32.0, 17.3333, -33.0, 16.3333, -32.6667, 15.6667, -33.0, 14.6667, -33.3333, 14.3333, -35.0, 13.0, -36.0, 12.3333, -37.0, 11.0, -37.3333, 10.6667, -38.0, 10.3333, -39.3333, 10.0, -40.3333]",23.900417,13.763476,91.760558
315,315,5c:01:3b:6b:b0:95,-39,256,"[86.0, -32.0, 4.0, 0.0, 8.6667, -18.6667, 8.0, -18.6667, 7.6667, -18.0, 7.0, -17.6667, 7.0, -17.6667, 6.6667, -17.3333, 6.3333, -17.3333, 6.3333, -17.3333, 5.6667, -17.0, 5.6667, -17.3333, 6.0, -17.0, 5.3333, -17.3333, 5.3333, -17.3333, 5.3333, -17.0, 5.3333, -17.3333, 5.3333, -17.3333, 5.3333, -17.0, 5.3333, -16.3333, 5.3333, -16.3333, 5.0, -15.6667, 5.3333, -14.6667, 5.3333, -13.3333, 5.0, -13.0, 5.0, -12.6667, 5.0, -12.0, 1.0, -3.3333, 0.0, 0.0, 0.0, 0.0, 0.0, 0.0, 0.0, 0.0, 0.0, 0.0, 0.0, 0.0, 0.0, 0.0, 0.0, 0.0, 0.0, 0.0, 1.0, -4.0, 5.0, -13.6667, 5.0, -14.0, 5.6667, -14.3333, 6.3333, -14.6667, 6.6667, -15.0, 7.3333, -14.6667, 7.3333, -14.6667, 8.3333, -14.3333, 9.3333, -14.3333, 9.3333, -14.3333, 10.3333, -14.3333, 10.6667, -14.6667, 10.6667, -14.0, 10.6667, -14.3333, 10.6667, -14.3333, 10.6667, -14.6667, 9.6667, -14.6667, 9.6667, -15.3333, 9.6667, -15.6667, 8.6667, -16.3333, 8.3333, -16.6667, 7.6667, -17.0, 8.0, -17.0, 8.0, -17.6667, 8.6667, -18.6667, 8.6667, -19.3333, 6.0, -10.6667, 20.3333, -33.0, 20.3333, -33.0, 19.3333, -32.3333, 19.0, -31.3333, 17.3333, -30.6667, 16.6667, -31.0, 15.6667, -30.6667, 14.3333, -31.0, 13.6667, -31.0, 13.0, -32.0, 12.6667, -32.6667, 12.3333, -32.6667, 12.3333, -33.3333, 12.3333, -33.3333, 12.6667, -32.6667, 12.3333, -32.6667, 12.0, -32.0, 12.0, -31.3333, 12.3333, -30.6667, 12.3333, -29.3333, 12.3333, -28.0, 12.0, -26.0, 12.3333, -24.3333, 12.3333, -23.3333, 12.3333, -22.0, 13.3333, -20.6667, 19.0, -17.0, 20.3333, -15.6667, 3.3333, -3.3333, 0.6667, -1.0, -1.0, 0.0, -0.6667, 0.0, -1.0, 0.0, 0.0, -1.6667, 1.3333, -5.0, 8.6667, -24.3333, 9.6667, -24.3333, 10.6667, -25.0, 11.3333, -24.6667, 13.3333, -24.6667, 15.3333, -24.3333, 17.3333, -24.6667, 19.0, -24.3333, 21.0, -24.0, 22.0, -23.6667, 23.0, -23.6667, 24.0, -23.3333, 24.3333, -24.0, 24.3333, -24.3333, 25.3333, -24.0, 26.0, -23.6667, 26.0, -23.6667, 26.0, -24.6667, 25.0, -24.3333, 24.0, -25.0, 23.0, -25.6667, 23.0, -27.0, 22.0, -27.6667, 21.3333, -29.0, 20.3333, -29.6667, 20.3333, -30.6667, 20.0, -32.0, 19.6667, -33.0]",22.40248,13.01293,91.760558
316,316,5c:01:3b:6b:b0:95,-43,256,"[86.0, -32.0, 4.0, 0.0, 7.0, -11.3333, 6.3333, -11.6667, 6.6667, -11.3333, 6.3333, -11.0, 6.3333, -11.0, 6.6667, -11.0, 6.6667, -11.0, 7.0, -11.3333, 6.6667, -11.0, 7.0, -11.6667, 7.0, -11.3333, 6.6667, -11.6667, 6.6667, -11.6667, 6.6667, -11.3333, 6.6667, -11.6667, 6.6667, -11.6667, 6.3333, -11.3333, 6.3333, -10.6667, 6.0, -10.6667, 5.3333, -10.3333, 5.0, -9.3333, 4.6667, -8.3333, 4.0, -8.3333, 4.0, -7.6667, 3.6667, -7.3333, 0.6667, -2.3333, 0.0, 0.0, 0.0, 0.0, 0.0, 0.0, 0.0, 0.0, 0.0, 0.0, 0.0, 0.0, 0.0, 0.0, 0.0, 0.0, 0.0, 0.0, 1.3333, -3.0, 5.6667, -9.0, 5.3333, -9.3333, 5.6667, -9.0, 6.0, -9.3333, 5.6667, -9.3333, 6.0, -8.6667, 6.0, -8.6667, 7.0, -8.0, 8.0, -8.0, 8.0, -7.6667, 9.0, -7.6667, 9.0, -8.0, 9.0, -7.3333, 9.0, -7.6667, 9.0, -7.6667, 9.0, -8.0, 8.0, -8.3333, 8.0, -9.0, 8.0, -9.0, 7.0, -9.3333, 7.0, -9.6667, 6.0, -10.0, 6.6667, -10.3333, 6.3333, -10.6667, 7.0, -11.3333, 7.0, -11.6667, 7.0, -5.3333, 22.0, -17.0, 22.0, -17.0, 21.0, -16.6667, 21.0, -16.0, 19.0, -16.0, 18.0, -16.6667, 17.0, -16.3333, 16.0, -17.0, 16.0, -17.6667, 16.0, -19.0, 16.6667, -20.0, 17.0, -20.0, 17.0, -20.6667, 17.0, -20.3333, 17.3333, -20.0, 16.6667, -20.0, 16.0, -19.3333, 15.6667, -18.6667, 15.3333, -18.3333, 14.3333, -17.0, 13.6667, -15.6667, 13.0, -14.3333, 13.0, -13.3333, 13.0, -12.3333, 13.0, -11.6667, 14.0, -10.3333, 21.6667, -5.0, 22.0, -3.6667, 3.3333, -1.0, 0.6667, -0.3333, -1.0, -0.3333, -1.0, -0.3333, -1.0, -0.3333, 0.6667, -1.0, 2.6667, -3.0, 16.3333, -14.3333, 16.3333, -13.6667, 13.6667, -15.0, 13.0, -14.0, 15.0, -13.3333, 17.0, -12.6667, 19.0, -12.0, 21.0, -11.0, 23.0, -10.0, 23.6667, -9.3333, 24.6667, -9.3333, 25.3333, -9.0, 25.3333, -9.3333, 25.3333, -9.6667, 26.0, -9.0, 26.6667, -8.6667, 26.6667, -9.0, 26.6667, -9.6667, 26.0, -9.3333, 25.6667, -10.3333, 25.0, -11.0, 25.0, -11.6667, 24.0, -12.3333, 23.0, -13.6667, 22.0, -14.3333, 22.0, -15.6667, 21.0, -16.6667, 21.0, -17.3333]",16.450261,11.017231,91.760558
317,317,5c:01:3b:6b:b0:95,-43,256,"[86.0, -32.0, 4.0, 0.0, 8.0, 0.6667, 7.0, 0.3333, 8.0, 0.3333, 8.0, 0.0, 8.0, 0.0, 9.0, -0.3333, 9.0, -1.0, 10.0, -1.3333, 10.0, -1.6667, 11.0, -2.3333, 11.0, -2.3333, 11.0, -2.6667, 11.0, -2.3333, 11.0, -2.3333, 11.0, -2.3333, 11.0, -2.3333, 10.0, -2.0, 10.0, -1.6667, 9.0, -1.6667, 8.0, -1.3333, 7.0, -0.6667, 6.0, 0.0, 5.0, 0.0, 5.0, 0.6667, 4.0, 1.0, 1.0, -0.3333, 0.0, 0.0, 0.0, 0.0, 0.0, 0.0, 0.0, 0.0, 0.0, 0.0, 0.0, 0.0, 0.0, 0.0, 0.0, 0.0, 0.0, 0.0, 2.0, -1.0, 8.0, -1.3333, 7.0, -1.3333, 7.0, -0.3333, 7.0, -0.3333, 6.0, 0.3333, 5.6667, 1.0, 5.6667, 1.3333, 6.3333, 2.0, 6.6667, 2.0, 6.6667, 3.0, 7.3333, 3.0, 7.3333, 3.0, 7.0, 3.3333, 7.0, 3.0, 7.0, 3.0, 7.3333, 2.6667, 6.6667, 2.3333, 6.6667, 2.0, 7.0, 2.0, 6.3333, 2.0, 6.6667, 1.6667, 6.0, 1.3333, 7.0, 1.0, 7.0, 1.0, 8.0, 1.3333, 8.0, 1.0, 6.6667, 3.6667, 22.3333, 11.6667, 22.3333, 11.6667, 21.3333, 11.3333, 21.3333, 11.3333, 20.0, 10.6667, 19.6667, 9.6667, 19.0, 9.3333, 18.6667, 8.0, 19.3333, 6.6667, 20.3333, 5.0, 22.3333, 4.0, 23.0, 4.0, 23.0, 3.6667, 23.0, 4.0, 23.0, 4.0, 22.3333, 4.0, 21.6667, 4.3333, 20.6667, 4.6667, 19.6667, 5.0, 17.6667, 5.6667, 16.3333, 6.3333, 15.0, 6.6667, 14.3333, 7.0, 14.0, 7.6667, 13.3333, 8.0, 13.3333, 8.3333, 16.3333, 12.0, 15.6667, 12.6667, 2.0, 2.0, 0.3333, 0.3333, -1.0, -0.6667, -1.0, -0.6667, -1.0, -0.6667, 1.0, 0.0, 3.0, 0.0, 18.6667, 2.6667, 18.0, 3.6667, 16.3333, 4.0, 15.0, 5.6667, 16.0, 7.0, 16.6667, 8.3333, 18.0, 9.6667, 19.0, 11.3333, 20.0, 13.0, 20.0, 14.0, 20.6667, 14.3333, 21.0, 15.0, 21.0, 15.0, 21.0, 15.3333, 21.0, 16.3333, 21.3333, 16.3333, 21.3333, 16.0, 21.3333, 15.6667, 21.3333, 15.6667, 21.6667, 14.6667, 21.6667, 14.6667, 22.0, 14.3333, 21.6667, 14.0, 21.6667, 13.0, 21.3333, 12.3333, 21.6667, 12.0, 21.3333, 12.0, 21.6667, 11.6667]",13.825343,11.120926,91.760558
318,318,5c:01:3b:6b:b0:95,-43,256,"[86.0, -32.0, 4.0, 0.0, 8.0, 5.3333, 7.3333, 4.6667, 7.6667, 4.6667, 7.6667, 4.3333, 7.6667, 4.3333, 8.3333, 3.6667, 8.3333, 3.3333, 9.0, 2.6667, 9.0, 2.3333, 9.6667, 1.6667, 9.6667, 1.6667, 9.6667, 1.0, 10.0, 1.6667, 10.0, 1.6667, 10.0, 1.6667, 10.0, 1.6667, 9.0, 1.6667, 9.0, 2.3333, 8.3333, 2.3333, 7.3333, 2.3333, 6.6667, 3.0, 6.0, 3.0, 5.3333, 3.0, 5.3333, 3.6667, 4.6667, 3.6667, 1.0, 0.3333, 0.0, 0.0, 0.0, 0.0, 0.0, 0.0, 0.0, 0.0, 0.0, 0.0, 0.0, 0.0, 0.0, 0.0, 0.0, 0.0, 0.0, 0.0, 1.6667, -0.3333, 7.0, 2.0, 6.3333, 2.0, 6.3333, 3.0, 6.3333, 3.0, 6.0, 4.0, 5.6667, 4.6667, 6.0, 5.0, 6.6667, 5.6667, 6.6667, 5.6667, 7.0, 6.6667, 7.3333, 6.6667, 7.3333, 6.6667, 7.0, 6.6667, 7.0, 6.6667, 7.0, 6.6667, 7.3333, 6.6667, 7.0, 6.0, 7.0, 6.0, 7.3333, 6.0, 7.0, 6.0, 7.0, 6.0, 6.6667, 5.3333, 7.3333, 5.3333, 7.3333, 5.3333, 8.0, 5.6667, 8.0, 5.6667, 7.3333, 6.3333, 25.0, 20.0, 25.0, 20.0, 24.0, 19.6667, 24.0, 19.3333, 23.0, 18.3333, 23.0, 17.3333, 22.3333, 17.0, 22.3333, 15.6667, 22.6667, 14.3333, 23.0, 12.6667, 24.6667, 11.6667, 25.0, 11.6667, 25.0, 11.6667, 25.0, 11.6667, 25.0, 11.6667, 24.6667, 11.6667, 24.3333, 11.6667, 23.3333, 12.3333, 22.3333, 12.3333, 21.0, 13.0, 19.6667, 13.3333, 18.0, 13.0, 17.3333, 13.0, 16.6667, 13.6667, 15.6667, 13.6667, 15.0, 14.0, 14.0, 17.3333, 12.6667, 17.3333, 1.3333, 3.0, 0.0, 0.3333, -1.0, -1.0, -1.0, -1.0, -1.0, -1.0, 1.0, 0.3333, 3.0, 1.0, 19.3333, 8.3333, 19.0, 9.3333, 17.6667, 9.6667, 17.6667, 11.6667, 18.0, 13.0, 18.3333, 14.3333, 19.3333, 16.0, 19.6667, 17.3333, 20.0, 19.3333, 19.6667, 20.3333, 20.3333, 20.6667, 20.3333, 21.6667, 20.3333, 21.6667, 20.3333, 22.0, 20.0, 23.0, 20.0, 23.0, 20.0, 22.3333, 20.0, 22.3333, 20.3333, 22.3333, 21.3333, 21.3333, 21.6667, 21.6667, 22.3333, 21.6667, 22.3333, 21.0, 23.0, 20.3333, 23.3333, 20.0, 24.0, 19.6667, 24.3333, 20.0, 24.6667, 20.0]",16.30852,12.651205,91.760558
319,319,5c:01:3b:6b:b0:95,-39,256,"[86.0, -32.0, 4.0, 0.0, 7.3333, 7.6667, 7.0, 7.3333, 7.3333, 7.3333, 7.3333, 6.6667, 7.3333, 6.6667, 7.6667, 6.3333, 7.3333, 5.6667, 7.6667, 5.3333, 7.3333, 4.6667, 7.3333, 4.3333, 7.3333, 4.3333, 7.3333, 4.0, 7.6667, 4.3333, 7.6667, 4.3333, 7.6667, 4.3333, 7.6667, 4.3333, 7.0, 4.3333, 7.3333, 4.6667, 7.0, 4.6667, 6.3333, 4.6667, 6.3333, 5.0, 5.6667, 5.0, 5.3333, 5.0, 5.0, 5.3333, 4.6667, 5.3333, 1.0, 0.6667, 0.0, 0.0, 0.0, 0.0, 0.0, 0.0, 0.0, 0.0, 0.0, 0.0, 0.0, 0.0, 0.0, 0.0, 0.0, 0.0, 0.0, 0.0, 1.0, 0.3333, 5.3333, 4.0, 5.3333, 4.0, 5.3333, 5.0, 5.6667, 5.0, 5.6667, 6.0, 5.3333, 6.3333, 5.6667, 7.0, 5.6667, 7.3333, 5.3333, 7.3333, 5.6667, 8.3333, 5.6667, 8.3333, 5.6667, 8.3333, 5.0, 8.3333, 5.0, 8.3333, 5.0, 8.3333, 5.6667, 8.3333, 5.6667, 8.0, 5.6667, 8.0, 6.3333, 8.0, 6.3333, 8.0, 6.3333, 8.0, 6.3333, 7.6667, 7.0, 7.6667, 7.0, 7.6667, 7.3333, 8.3333, 7.6667, 8.3333, 7.0, 9.0, 25.3333, 29.0, 25.3333, 29.0, 24.3333, 28.3333, 24.3333, 27.6667, 24.0, 27.0, 24.6667, 26.3333, 24.3333, 25.6667, 25.0, 25.0, 25.0, 23.6667, 25.3333, 22.3333, 26.0, 21.3333, 25.6667, 21.3333, 25.3333, 21.3333, 25.6667, 21.3333, 25.6667, 21.3333, 25.6667, 21.3333, 26.0, 21.3333, 25.3333, 21.6667, 25.0, 21.6667, 23.6667, 22.0, 22.0, 21.6667, 20.0, 20.6667, 18.6667, 20.3333, 17.6667, 20.3333, 16.0, 19.6667, 14.3333, 19.3333, 11.0, 20.0, 9.3333, 19.3333, 0.6667, 3.0, 0.0, 0.3333, -1.0, -1.0, -1.0, -1.0, -1.0, -1.0, 0.6667, 0.6667, 2.6667, 2.0, 18.6667, 14.6667, 19.6667, 15.6667, 18.6667, 17.3333, 19.6667, 18.6667, 19.0, 19.6667, 18.0, 20.6667, 18.3333, 21.3333, 17.6667, 22.3333, 17.0, 23.6667, 16.3333, 24.0, 16.6667, 24.3333, 16.6667, 25.0, 16.6667, 25.3333, 16.6667, 25.6667, 16.0, 26.3333, 16.0, 26.3333, 16.0, 26.0, 16.0, 26.0, 16.6667, 26.0, 17.6667, 25.6667, 18.3333, 26.3333, 19.3333, 26.6667, 20.0, 27.0, 21.6667, 27.0, 22.6667, 27.3333, 23.6667, 27.6667, 24.6667, 28.6667, 25.3333, 28.6667]",18.326835,14.305825,91.760558
320,320,5c:01:3b:6b:b0:95,-43,256,"[86.0, -32.0, 4.0, 0.0, 7.3333, 11.0, 7.3333, 10.6667, 7.0, 10.6667, 7.0, 10.3333, 7.0, 10.3333, 7.0, 9.6667, 6.3333, 9.3333, 6.3333, 8.6667, 5.6667, 8.0, 5.0, 7.6667, 5.0, 7.3333, 5.0, 7.0, 5.3333, 7.3333, 5.3333, 7.6667, 5.3333, 7.6667, 5.3333, 7.3333, 5.0, 7.3333, 5.6667, 8.0, 5.6667, 7.6667, 5.3333, 7.6667, 6.0, 8.0, 5.6667, 7.6667, 5.6667, 7.6667, 5.3333, 7.6667, 5.3333, 7.3333, 1.0, 1.3333, 0.0, 0.0, 0.0, 0.0, 0.0, 0.0, 0.0, 0.0, 0.0, 0.0, 0.0, 0.0, 0.0, 0.0, 0.0, 0.0, 0.0, 0.0, 0.3333, 1.0, 3.6667, 6.3333, 4.3333, 6.6667, 4.3333, 7.3333, 5.0, 7.6667, 5.6667, 8.3333, 5.6667, 8.6667, 6.3333, 9.0, 6.6667, 9.0, 6.3333, 9.0, 6.6667, 9.6667, 6.6667, 9.6667, 6.6667, 9.6667, 6.3333, 9.6667, 6.3333, 9.6667, 6.3333, 9.6667, 6.6667, 10.0, 6.6667, 9.6667, 7.0, 9.6667, 7.3333, 10.0, 7.6667, 10.0, 7.0, 10.3333, 7.0, 10.3333, 7.3333, 10.3333, 7.3333, 10.6667, 7.3333, 11.3333, 7.6667, 11.6667, 6.0, 8.3333, 22.6667, 27.0, 22.3333, 27.0, 21.6667, 26.3333, 21.3333, 25.6667, 21.0, 25.3333, 21.6667, 25.0, 21.6667, 24.3333, 22.3333, 24.6667, 22.6667, 24.0, 23.0, 23.3333, 23.3333, 23.0, 23.3333, 23.0, 23.3333, 23.0, 23.6667, 23.3333, 23.6667, 23.0, 23.3333, 23.0, 23.6667, 22.6667, 23.0, 23.0, 22.3333, 22.6667, 21.0, 22.3333, 19.6667, 21.6667, 18.0, 20.3333, 17.0, 19.6667, 16.0, 19.3333, 14.3333, 18.0, 12.6667, 17.6667, 7.6667, 16.3333, 6.0, 15.0, 0.3333, 2.0, -0.3333, 0.0, -1.0, -1.0, -1.0, -1.0, -1.0, -1.0, 0.3333, 0.6667, 2.3333, 2.3333, 16.0, 16.6667, 16.6667, 17.0, 17.0, 17.6667, 17.3333, 18.0, 16.6667, 18.3333, 16.0, 18.6667, 16.0, 18.6667, 15.0, 19.0, 14.3333, 19.6667, 13.6667, 19.3333, 13.6667, 19.3333, 13.6667, 19.6667, 13.6667, 20.3333, 13.6667, 20.3333, 13.3333, 20.6667, 13.3333, 20.6667, 13.0, 20.3333, 13.0, 20.3333, 13.6667, 20.3333, 14.6667, 20.6667, 15.3333, 21.3333, 16.3333, 22.0, 17.0, 23.0, 18.6667, 23.3333, 20.0, 24.6667, 21.0, 25.0, 22.0, 26.3333, 22.3333, 26.3333]",17.574519,12.771768,91.760558
321,321,5c:01:3b:6b:b0:95,-43,256,"[86.0, -32.0, 4.0, 0.0, 8.6667, 16.6667, 8.6667, 16.6667, 8.6667, 16.6667, 8.6667, 16.3333, 9.0, 16.3333, 9.0, 15.6667, 8.3333, 15.3333, 8.3333, 14.6667, 8.0, 13.6667, 7.3333, 13.6667, 7.6667, 13.0, 7.6667, 13.0, 7.6667, 13.0, 7.6667, 13.6667, 7.6667, 13.6667, 7.6667, 13.0, 7.3333, 13.0, 7.6667, 13.6667, 7.3333, 13.0, 7.0, 13.0, 7.3333, 13.0, 6.6667, 12.3333, 6.6667, 12.3333, 6.0, 11.6667, 5.6667, 11.0, 1.0, 2.3333, 0.0, 0.0, 0.0, 0.0, 0.0, 0.0, 0.0, 0.0, 0.0, 0.0, 0.0, 0.0, 0.0, 0.0, 0.0, 0.0, 0.0, 0.0, 0.6667, 2.3333, 5.3333, 10.6667, 6.0, 11.3333, 6.0, 11.6667, 6.3333, 12.3333, 6.6667, 12.6667, 6.6667, 12.6667, 6.6667, 13.0, 6.6667, 12.3333, 6.0, 12.3333, 6.0, 12.6667, 6.0, 12.6667, 6.0, 12.6667, 5.6667, 12.6667, 5.6667, 12.6667, 5.6667, 12.6667, 6.0, 13.3333, 6.0, 13.3333, 6.6667, 13.3333, 7.0, 14.0, 7.6667, 14.0, 7.6667, 14.6667, 7.6667, 15.3333, 8.3333, 15.3333, 8.3333, 16.0, 8.6667, 17.0, 9.3333, 17.6667, 4.0, 11.0, 17.6667, 36.0, 17.0, 36.0, 16.6667, 35.0, 16.0, 34.0, 16.0, 34.0, 17.0, 34.0, 17.6667, 33.0, 18.6667, 34.0, 19.3333, 33.6667, 20.3333, 34.0, 20.6667, 34.3333, 21.0, 34.3333, 21.3333, 34.3333, 21.6667, 35.0, 21.6667, 34.3333, 21.0, 34.3333, 21.3333, 33.6667, 20.6667, 33.6667, 19.6667, 33.0, 17.6667, 31.6667, 16.3333, 30.0, 15.0, 28.0, 13.6667, 27.0, 12.6667, 26.0, 10.6667, 24.0, 8.6667, 23.0, 1.3333, 19.0, -0.6667, 17.0, -0.6667, 2.0, -0.6667, 0.0, -1.0, -1.0, -1.0, -1.0, -1.0, -1.0, 0.0, 1.0, 2.0, 3.6667, 13.3333, 25.0, 13.6667, 24.6667, 15.3333, 25.6667, 14.3333, 25.0, 13.3333, 25.0, 12.0, 25.0, 11.3333, 24.0, 9.6667, 24.0, 8.6667, 24.0, 7.6667, 23.0, 7.0, 23.0, 7.0, 23.0, 7.0, 24.0, 7.0, 24.0, 6.6667, 24.0, 6.6667, 24.0, 6.0, 24.0, 6.0, 24.0, 7.0, 24.0, 8.0, 25.0, 9.0, 26.0, 10.0, 27.0, 11.0, 29.0, 13.0, 30.0, 14.6667, 32.0, 15.6667, 33.0, 16.6667, 35.0, 17.0, 35.0]",21.090154,13.557543,91.760558
322,322,5c:01:3b:6b:b0:95,-43,256,"[86.0, -32.0, 4.0, 0.0, 15.3333, 15.0, 15.3333, 15.0, 14.6667, 15.0, 14.3333, 14.6667, 14.6667, 14.3333, 14.6667, 13.6667, 14.0, 13.3333, 13.6667, 12.3333, 13.3333, 11.6667, 13.0, 11.3333, 13.3333, 10.3333, 13.3333, 10.3333, 13.3333, 10.3333, 13.3333, 11.0, 13.3333, 11.0, 13.3333, 10.6667, 13.0, 10.6667, 12.6667, 11.6667, 12.3333, 11.0, 12.0, 11.3333, 11.6667, 11.3333, 11.3333, 10.6667, 11.0, 11.0, 10.3333, 10.6667, 10.0, 10.0, 2.0, 2.3333, 0.0, 0.0, 0.0, 0.0, 0.0, 0.0, 0.0, 0.0, 0.0, 0.0, 0.0, 0.0, 0.0, 0.0, 0.0, 0.0, 0.0, 0.0, 2.0, 2.0, 10.0, 9.0, 10.6667, 9.6667, 11.0, 10.0, 11.0, 11.0, 11.6667, 11.3333, 11.6667, 11.6667, 12.0, 12.3333, 12.3333, 11.6667, 11.6667, 12.0, 11.6667, 12.0, 12.0, 12.3333, 12.0, 12.3333, 12.0, 12.3333, 12.0, 12.3333, 12.0, 12.3333, 12.0, 13.0, 12.0, 12.6667, 12.6667, 12.6667, 12.6667, 13.0, 13.6667, 13.0, 13.6667, 13.3333, 14.0, 14.0, 14.3333, 14.0, 14.6667, 14.6667, 15.3333, 15.3333, 16.0, 15.6667, 7.0, 8.6667, 26.6667, 28.3333, 25.6667, 28.6667, 25.6667, 27.6667, 24.3333, 27.0, 24.0, 26.6667, 24.3333, 26.3333, 25.0, 25.3333, 25.6667, 25.3333, 26.0, 24.6667, 26.3333, 24.6667, 26.6667, 25.0, 27.3333, 24.3333, 28.0, 24.3333, 28.0, 25.0, 28.0, 24.3333, 27.3333, 24.6667, 27.3333, 24.0, 26.3333, 24.3333, 25.0, 24.0, 23.3333, 23.3333, 22.3333, 22.3333, 21.0, 21.0, 20.0, 20.6667, 18.6667, 20.3333, 16.6667, 19.0, 15.0, 19.0, 8.0, 17.6667, 6.3333, 17.0, 0.6667, 2.3333, -0.3333, 0.3333, -1.0, -1.0, -1.3333, -0.6667, -1.0, -1.0, 0.3333, 0.3333, 3.0, 2.3333, 18.3333, 17.6667, 18.0, 17.6667, 20.3333, 18.3333, 19.3333, 18.3333, 19.3333, 19.0, 19.0, 20.0, 18.6667, 19.6667, 17.6667, 20.3333, 17.0, 21.0, 16.3333, 21.0, 15.6667, 21.3333, 15.6667, 21.6667, 16.0, 22.3333, 16.3333, 22.3333, 16.3333, 22.3333, 16.3333, 22.6667, 15.6667, 22.6667, 15.6667, 22.6667, 16.3333, 22.3333, 17.0, 22.6667, 18.0, 23.3333, 19.0, 23.6667, 20.0, 25.0, 21.6667, 25.3333, 23.0, 26.0, 24.3333, 26.3333, 25.3333, 27.6667, 26.0, 27.6667]",21.660579,12.697635,91.760558
323,323,5c:01:3b:6b:b0:95,-44,256,"[86.0, -32.0, 4.0, 0.0, 21.3333, 7.3333, 21.3333, 7.3333, 20.6667, 7.3333, 20.0, 7.0, 20.3333, 6.6667, 20.3333, 6.0, 19.6667, 5.6667, 19.0, 5.0, 18.6667, 4.6667, 18.6667, 4.0, 19.0, 3.3333, 19.0, 3.3333, 19.0, 3.3333, 19.0, 3.6667, 19.0, 3.6667, 19.0, 3.6667, 18.6667, 3.6667, 17.6667, 4.6667, 17.3333, 4.3333, 17.0, 5.0, 16.0, 5.0, 15.6667, 4.6667, 15.0, 5.3333, 14.0, 5.3333, 13.6667, 5.0, 3.0, 1.0, 0.0, 0.0, 0.0, 0.0, 0.0, 0.0, 0.0, 0.0, 0.0, 0.0, 0.0, 0.0, 0.0, 0.0, 0.0, 0.0, 0.0, 0.0, 3.3333, 0.6667, 14.6667, 3.6667, 15.3333, 4.0, 16.0, 4.3333, 15.6667, 5.0, 16.3333, 5.6667, 16.3333, 6.0, 16.6667, 7.0, 16.6667, 6.6667, 16.3333, 7.0, 16.3333, 7.0, 17.0, 7.6667, 17.0, 7.6667, 17.0, 7.6667, 17.0, 7.6667, 17.0, 7.6667, 17.0, 7.6667, 17.0, 7.3333, 17.3333, 7.3333, 17.3333, 7.3333, 18.3333, 7.3333, 18.6667, 7.0, 19.3333, 7.3333, 19.6667, 7.3333, 20.3333, 7.6667, 21.3333, 8.0, 22.3333, 8.0, 11.0, 4.6667, 38.3333, 15.3333, 37.3333, 15.6667, 37.3333, 15.0, 35.6667, 14.6667, 35.0, 14.0, 34.6667, 13.6667, 35.0, 12.6667, 35.3333, 11.6667, 35.0, 10.3333, 34.6667, 9.6667, 34.3333, 9.0, 34.6667, 8.0, 35.0, 7.6667, 35.0, 8.3333, 35.0, 8.0, 34.6667, 8.3333, 34.6667, 8.3333, 33.6667, 9.0, 33.0, 9.3333, 31.6667, 10.0, 30.6667, 10.0, 29.0, 9.6667, 28.0, 10.0, 26.3333, 10.3333, 24.6667, 10.3333, 23.3333, 11.0, 19.0, 13.3333, 17.6667, 14.0, 2.6667, 2.0, 0.3333, 0.3333, -1.0, -1.0, -1.6667, -0.3333, -1.0, -0.6667, 0.6667, -0.3333, 4.0, 0.3333, 24.6667, 5.3333, 25.0, 6.3333, 26.6667, 6.6667, 26.6667, 8.0, 27.6667, 9.3333, 28.0, 11.0, 28.3333, 11.3333, 28.3333, 12.6667, 28.6667, 13.6667, 28.3333, 14.6667, 28.3333, 15.3333, 28.3333, 15.6667, 29.0, 16.0, 29.3333, 16.0, 29.3333, 16.0, 29.6667, 16.6667, 29.3333, 16.6667, 29.3333, 16.6667, 29.3333, 16.0, 30.0, 16.0, 30.6667, 16.0, 31.6667, 15.6667, 32.6667, 16.0, 33.6667, 15.3333, 34.3333, 15.0, 35.6667, 14.3333, 36.6667, 14.6667, 38.0, 14.6667]",23.198644,13.18304,91.760558
324,324,5c:01:3b:6b:b0:95,-44,256,"[86.0, -32.0, 4.0, 0.0, 21.3333, 2.0, 21.3333, 2.0, 20.6667, 2.0, 20.0, 1.6667, 20.0, 1.0, 19.6667, 0.6667, 19.0, 0.0, 18.0, -0.6667, 17.3333, -0.6667, 17.3333, -1.6667, 17.3333, -2.3333, 17.3333, -2.3333, 17.3333, -2.3333, 17.3333, -2.3333, 17.3333, -2.3333, 17.3333, -1.6667, 17.3333, -1.6667, 16.6667, -0.6667, 16.6667, -0.6667, 16.3333, 0.3333, 15.6667, 0.3333, 15.6667, 0.3333, 15.0, 1.3333, 14.0, 1.6667, 14.0, 1.3333, 3.3333, 0.0, 0.0, 0.0, 0.0, 0.0, 0.0, 0.0, 0.0, 0.0, 0.0, 0.0, 0.0, 0.0, 0.0, 0.0, 0.0, 0.0, 0.0, 0.0, 3.3333, -0.3333, 14.0, -0.3333, 14.6667, -0.3333, 15.6667, 0.3333, 15.6667, 1.0, 16.3333, 1.6667, 16.6667, 1.6667, 17.3333, 2.6667, 17.3333, 2.6667, 17.6667, 3.0, 17.6667, 2.6667, 18.3333, 3.3333, 18.3333, 3.3333, 18.3333, 3.3333, 18.3333, 3.3333, 18.3333, 3.3333, 18.3333, 3.0, 18.3333, 3.0, 18.3333, 3.0, 18.3333, 2.6667, 19.3333, 3.0, 19.3333, 2.3333, 20.0, 2.3333, 20.0, 2.3333, 20.6667, 2.6667, 21.6667, 2.6667, 22.3333, 2.3333, 14.6667, 1.6667, 49.6667, 6.6667, 48.6667, 6.6667, 48.6667, 6.3333, 46.6667, 6.3333, 45.6667, 5.6667, 44.6667, 5.6667, 44.3333, 5.0, 44.3333, 3.0, 43.0, 1.0, 42.0, -0.6667, 41.0, -2.0, 41.0, -3.6667, 40.6667, -4.0, 41.0, -3.6667, 41.0, -3.6667, 41.0, -3.0, 41.0, -2.6667, 40.0, -1.6667, 40.0, -0.6667, 39.0, 1.3333, 38.3333, 2.3333, 36.6667, 2.6667, 35.6667, 3.6667, 34.0, 4.0, 32.3333, 4.3333, 31.3333, 4.6667, 29.0, 5.6667, 28.0, 7.6667, 4.3333, 1.3333, 1.0, 0.3333, -1.0, -1.0, -1.6667, 0.0, -1.0, -0.6667, 1.0, -1.0, 4.6667, -1.3333, 29.3333, -4.0, 30.3333, -2.0, 32.0, -1.0, 33.3333, 1.3333, 35.3333, 3.3333, 36.6667, 4.3333, 37.6667, 4.6667, 39.0, 5.3333, 39.6667, 6.0, 39.6667, 6.6667, 40.0, 7.0, 40.0, 7.3333, 41.0, 7.3333, 41.6667, 7.3333, 41.6667, 7.3333, 42.0, 8.3333, 42.0, 8.3333, 42.0, 8.3333, 41.6667, 7.3333, 42.0, 7.3333, 42.6667, 7.3333, 43.6667, 7.0, 44.6667, 7.0, 45.3333, 6.6667, 45.3333, 6.3333, 47.0, 5.6667, 48.0, 5.6667, 49.6667, 6.0]",26.03667,16.107489,91.760558
325,325,5c:01:3b:6b:b0:95,-40,256,"[86.0, -32.0, 4.0, 0.0, 14.3333, 1.6667, 14.3333, 1.6667, 14.3333, 1.6667, 14.0, 2.0, 14.0, 1.6667, 14.0, 1.3333, 13.6667, 1.0, 13.3333, 0.6667, 13.0, 1.0, 13.3333, 0.3333, 13.3333, 0.0, 13.3333, 0.0, 13.6667, 0.0, 13.6667, 0.0, 13.6667, 0.0, 13.3333, 0.3333, 13.3333, 0.3333, 12.6667, 0.6667, 12.6667, 0.6667, 12.0, 1.0, 11.0, 1.0, 10.6667, 1.0, 10.3333, 1.3333, 9.3333, 1.3333, 9.3333, 0.6667, 2.0, -0.3333, 0.0, 0.0, 0.0, 0.0, 0.0, 0.0, 0.0, 0.0, 0.0, 0.0, 0.0, 0.0, 0.0, 0.0, 0.0, 0.0, 0.0, 0.0, 2.3333, 0.0, 10.3333, 0.6667, 10.3333, 0.6667, 11.0, 0.6667, 10.6667, 1.0, 10.6667, 1.3333, 11.0, 0.6667, 11.0, 1.0, 10.6667, 1.0, 11.0, 1.0, 10.6667, 0.3333, 11.0, 0.6667, 10.6667, 0.6667, 10.6667, 0.6667, 10.6667, 0.6667, 11.0, 0.6667, 11.0, 0.3333, 11.3333, 1.0, 11.3333, 1.0, 11.6667, 1.0, 12.3333, 1.6667, 12.6667, 1.3333, 13.0, 1.3333, 13.3333, 1.3333, 13.6667, 2.0, 14.6667, 2.0, 15.0, 2.0, 10.0, 1.0, 34.6667, 5.6667, 33.6667, 5.0, 33.6667, 5.0, 32.3333, 5.0, 31.6667, 4.6667, 31.3333, 5.3333, 31.3333, 5.0, 31.6667, 4.0, 31.3333, 3.3333, 31.0, 3.0, 31.0, 2.6667, 31.3333, 2.0, 31.3333, 2.0, 31.6667, 2.3333, 31.6667, 2.3333, 31.3333, 2.6667, 31.0, 2.6667, 30.0, 3.0, 29.6667, 3.0, 28.6667, 3.6667, 27.6667, 3.6667, 26.3333, 3.6667, 25.3333, 4.0, 24.0, 3.3333, 22.6667, 3.3333, 21.3333, 2.3333, 17.6667, -0.6667, 16.3333, 1.3333, 2.3333, 0.3333, 0.3333, 0.0, -1.0, -1.0, -1.3333, -0.3333, -1.0, -0.6667, 0.6667, -0.6667, 3.3333, -0.3333, 21.6667, 0.3333, 21.6667, 1.0, 23.3333, 1.6667, 23.6667, 2.6667, 24.3333, 3.3333, 25.0, 2.6667, 25.0, 2.3333, 25.6667, 1.6667, 25.6667, 1.3333, 25.3333, 0.6667, 25.3333, 0.3333, 25.0, 0.3333, 25.6667, 0.3333, 26.0, 0.3333, 26.0, 0.3333, 26.0, 1.3333, 26.0, 1.3333, 26.3333, 1.3333, 26.3333, 0.3333, 26.6667, 1.0, 27.3333, 1.3333, 28.3333, 1.6667, 29.6667, 2.0, 30.3333, 2.6667, 31.0, 3.6667, 32.3333, 3.6667, 33.3333, 4.0, 34.3333, 4.6667]",18.068191,12.305205,91.760558
326,326,5c:01:3b:6b:b0:95,-44,256,"[86.0, -32.0, 4.0, 0.0, 2.6667, 11.0, 2.6667, 11.0, 3.3333, 10.6667, 3.6667, 11.0, 3.6667, 10.6667, 3.6667, 10.3333, 4.0, 9.6667, 4.3333, 9.3333, 4.6667, 9.3333, 5.3333, 9.0, 5.3333, 8.3333, 5.3333, 8.3333, 6.0, 8.3333, 6.0, 8.3333, 6.0, 8.6667, 5.6667, 9.0, 5.3333, 9.0, 5.0, 9.0, 4.6667, 8.6667, 4.0, 8.6667, 3.0, 8.3333, 2.3333, 8.0, 2.3333, 8.0, 1.6667, 7.6667, 1.6667, 6.6667, 0.0, 1.3333, 0.0, 0.0, 0.0, 0.0, 0.0, 0.0, 0.0, 0.0, 0.0, 0.0, 0.0, 0.0, 0.0, 0.0, 0.0, 0.0, 0.0, 0.0, 0.6667, 1.6667, 3.3333, 7.3333, 3.0, 7.3333, 3.0, 7.6667, 2.3333, 8.3333, 1.6667, 8.3333, 1.3333, 8.0, 1.0, 8.0, 0.3333, 8.0, 0.3333, 8.0, -0.3333, 7.3333, -0.3333, 7.3333, -1.0, 7.3333, -1.0, 7.3333, -1.0, 7.3333, -0.3333, 7.3333, -0.3333, 7.6667, 0.0, 8.3333, 0.3333, 8.3333, 0.6667, 8.6667, 1.3333, 9.3333, 1.6667, 9.6667, 1.6667, 9.6667, 2.3333, 9.6667, 2.0, 10.6667, 2.6667, 11.3333, 3.0, 11.3333, 3.3333, 6.3333, 12.6667, 23.3333, 12.0, 22.6667, 12.0, 22.3333, 11.6667, 22.0, 11.6667, 21.3333, 12.0, 22.0, 12.3333, 21.6667, 13.3333, 21.0, 14.0, 20.6667, 14.3333, 20.3333, 15.3333, 20.6667, 16.0, 20.3333, 16.0, 20.6667, 16.3333, 20.6667, 16.6667, 20.6667, 16.0, 21.0, 15.6667, 20.3333, 14.6667, 20.3333, 14.0, 20.0, 13.0, 19.6667, 12.0, 19.0, 11.0, 18.0, 10.0, 17.6667, 9.3333, 16.3333, 8.0, 15.0, 6.6667, 13.3333, 2.6667, 7.3333, 1.3333, 8.3333, -0.3333, 1.6667, -0.3333, 0.3333, -0.6667, -1.0, -1.0, -0.6667, -0.6667, -1.0, 0.3333, 0.0, 1.6667, 2.0, 11.3333, 14.0, 10.3333, 14.3333, 10.3333, 15.6667, 9.6667, 16.0, 8.6667, 16.3333, 8.3333, 15.3333, 7.6667, 15.0, 7.3333, 14.0, 6.0, 13.6667, 5.0, 12.3333, 4.3333, 11.6667, 3.6667, 11.6667, 3.6667, 12.0, 4.0, 12.0, 3.6667, 12.0, 3.3333, 12.6667, 3.3333, 12.6667, 4.0, 12.6667, 4.6667, 12.3333, 5.0, 13.0, 5.6667, 14.0, 6.6667, 15.0, 8.0, 16.0, 9.0, 17.6667, 10.0, 19.3333, 11.0, 20.3333, 11.6667, 21.6667, 12.0, 22.6667]",13.214023,10.454133,91.760558
327,327,5c:01:3b:6b:b0:95,-44,256,"[86.0, -32.0, 4.0, 0.0, 0.3333, 18.0, 0.3333, 18.0, 1.3333, 17.3333, 1.6667, 17.6667, 1.6667, 17.6667, 2.3333, 17.0, 2.6667, 16.3333, 3.6667, 16.3333, 3.6667, 16.0, 4.0, 16.0, 4.0, 15.3333, 4.0, 15.3333, 4.6667, 15.3333, 4.6667, 15.3333, 4.6667, 16.0, 4.3333, 16.0, 4.0, 16.0, 4.0, 15.6667, 3.6667, 15.0, 3.3333, 14.6667, 1.6667, 14.0, 0.6667, 13.3333, 0.6667, 13.0, 0.0, 12.3333, 0.0, 11.3333, -0.6667, 2.6667, 0.0, 0.0, 0.0, 0.0, 0.0, 0.0, 0.0, 0.0, 0.0, 0.0, 0.0, 0.0, 0.0, 0.0, 0.0, 0.0, 0.0, 0.0, 0.3333, 3.0, 2.3333, 12.6667, 2.0, 12.6667, 1.6667, 13.0, 0.6667, 13.6667, -0.3333, 13.6667, -1.0, 14.0, -1.6667, 14.0, -2.6667, 14.0, -3.0, 14.0, -4.0, 13.6667, -4.0, 13.6667, -5.0, 13.6667, -5.0, 13.6667, -5.0, 13.6667, -4.0, 13.6667, -4.0, 14.3333, -3.3333, 14.6667, -3.0, 14.6667, -2.3333, 15.3333, -2.0, 15.6667, -1.3333, 16.3333, -1.3333, 16.3333, -0.3333, 16.3333, -0.6667, 17.3333, 0.0, 18.6667, 0.3333, 18.6667, -1.0, 10.6667, -2.0, 36.6667, -2.6667, 36.3333, -2.6667, 35.6667, -2.3333, 35.0, -2.0, 33.6667, -1.0, 34.0, 0.0, 33.3333, 1.3333, 33.0, 3.3333, 33.0, 4.3333, 33.0, 6.3333, 33.6667, 7.3333, 34.0, 8.0, 34.3333, 8.0, 34.3333, 8.3333, 34.3333, 7.3333, 34.3333, 6.6667, 33.3333, 5.6667, 33.0, 4.6667, 32.3333, 3.6667, 31.0, 2.0, 29.6667, 1.0, 28.0, 0.0, 27.0, -0.6667, 25.6667, -1.6667, 24.0, -3.3333, 22.6667, -8.6667, 18.6667, -10.3333, 18.6667, -2.3333, 3.3333, -1.0, 0.6667, -0.6667, -1.0, -1.0, -1.0, -0.6667, -1.0, 0.0, 0.6667, 0.6667, 4.0, 5.3333, 24.6667, 3.3333, 24.6667, 2.6667, 25.6667, 0.6667, 25.6667, -1.6667, 25.6667, -3.0, 25.6667, -4.6667, 26.0, -6.0, 26.0, -8.0, 26.3333, -9.3333, 25.6667, -10.3333, 25.3333, -11.3333, 25.3333, -11.6667, 26.0, -11.6667, 26.0, -12.0, 26.0, -12.6667, 26.3333, -12.6667, 26.3333, -11.6667, 26.3333, -10.6667, 26.6667, -10.3333, 27.0, -9.6667, 28.0, -8.6667, 29.0, -7.0, 30.0, -6.0, 31.3333, -4.3333, 32.6667, -3.6667, 33.6667, -3.0, 35.3333, -3.0, 36.3333]",20.351954,12.500843,91.760558
328,328,5c:01:3b:6b:b0:95,-44,256,"[86.0, -32.0, 4.0, 0.0, 2.6667, 12.3333, 2.3333, 12.3333, 2.6667, 11.6667, 3.0, 11.6667, 3.0, 11.3333, 3.3333, 10.6667, 3.3333, 10.0, 3.6667, 9.6667, 3.3333, 9.0, 3.0, 8.6667, 3.0, 8.0, 3.0, 8.0, 3.3333, 8.0, 3.3333, 8.0, 3.3333, 8.6667, 3.3333, 8.6667, 3.0, 9.0, 3.6667, 9.0, 3.3333, 8.6667, 3.3333, 9.0, 2.6667, 8.6667, 2.0, 8.3333, 1.6667, 8.6667, 1.3333, 8.3333, 1.3333, 7.6667, 0.0, 2.0, 0.0, 0.0, 0.0, 0.0, 0.0, 0.0, 0.0, 0.0, 0.0, 0.0, 0.0, 0.0, 0.0, 0.0, 0.0, 0.0, 0.0, 0.0, 0.3333, 1.6667, 2.0, 7.6667, 2.3333, 8.0, 2.3333, 8.6667, 2.0, 9.3333, 1.3333, 9.6667, 1.0, 10.3333, 1.3333, 10.6667, 1.0, 10.6667, 0.6667, 11.0, 0.3333, 11.0, 0.3333, 11.0, -0.3333, 11.3333, -0.3333, 11.3333, -0.3333, 11.3333, 0.3333, 11.3333, 0.3333, 11.6667, 0.3333, 11.3333, 0.6667, 11.3333, 1.0, 11.6667, 1.3333, 11.3333, 1.6667, 12.0, 1.6667, 11.6667, 2.0, 11.6667, 1.6667, 12.0, 2.3333, 13.3333, 2.6667, 13.0, 1.3333, 8.0, 5.6667, 26.3333, 5.0, 26.6667, 5.0, 26.0, 5.0, 25.3333, 5.3333, 24.0, 5.6667, 24.0, 6.0, 23.0, 6.6667, 22.0, 7.3333, 21.0, 7.6667, 19.6667, 8.3333, 19.0, 8.6667, 18.6667, 9.0, 18.6667, 9.3333, 18.6667, 9.6667, 18.6667, 9.0, 19.0, 8.6667, 18.6667, 8.3333, 19.0, 7.6667, 19.3333, 7.0, 19.0, 6.3333, 19.0, 5.3333, 18.3333, 4.6667, 18.0, 4.0, 17.6667, 3.6667, 17.0, 2.6667, 17.0, 1.3333, 17.3333, 0.3333, 17.3333, -0.3333, 3.0, -0.3333, 0.3333, -0.6667, -0.6667, -1.0, -0.6667, -0.6667, -0.6667, 0.0, 0.0, 1.0, 2.0, 7.3333, 14.0, 6.3333, 15.3333, 5.0, 16.0, 4.3333, 17.3333, 3.6667, 18.3333, 3.0, 19.3333, 2.6667, 20.3333, 2.3333, 21.6667, 1.6667, 22.6667, 1.0, 23.0, 0.6667, 23.0, 0.3333, 23.0, 0.0, 23.6667, 0.3333, 23.3333, 0.0, 23.3333, -0.3333, 23.6667, -0.3333, 23.6667, 0.3333, 23.6667, 0.6667, 24.3333, 1.0, 24.0, 1.3333, 24.3333, 2.0, 24.6667, 3.0, 25.0, 3.3333, 25.0, 4.3333, 25.0, 4.6667, 25.0, 5.0, 26.0, 5.0, 26.3333]",14.684777,10.514278,91.760558
329,329,5c:01:3b:6b:b0:95,-39,256,"[86.0, -32.0, 4.0, 0.0, 9.6667, -2.6667, 9.0, -2.6667, 8.6667, -3.0, 8.6667, -3.0, 8.6667, -3.3333, 9.0, -3.3333, 8.3333, -3.6667, 8.0, -4.0, 7.0, -4.3333, 6.0, -4.6667, 6.0, -5.0, 6.0, -5.0, 6.0, -5.0, 6.0, -5.0, 6.0, -4.6667, 6.0, -4.6667, 6.0, -4.0, 7.0, -4.0, 7.0, -3.6667, 7.0, -3.0, 7.0, -3.0, 6.6667, -2.6667, 6.0, -2.0, 5.6667, -1.6667, 5.6667, -2.0, 1.3333, -0.6667, 0.0, 0.0, 0.0, 0.0, 0.0, 0.0, 0.0, 0.0, 0.0, 0.0, 0.0, 0.0, 0.0, 0.0, 0.0, 0.0, 0.0, 0.0, 1.0, -1.0, 5.0, -3.0, 5.6667, -2.6667, 6.3333, -2.3333, 6.6667, -2.3333, 6.3333, -2.0, 7.0, -1.6667, 8.0, -1.3333, 8.3333, -1.3333, 8.3333, -1.0, 8.6667, -1.0, 8.6667, -1.0, 8.3333, -0.6667, 8.3333, -0.6667, 8.3333, -0.6667, 8.6667, -0.6667, 8.6667, -0.6667, 8.3333, -1.0, 8.3333, -1.0, 8.6667, -1.0, 8.6667, -1.6667, 9.0, -1.3333, 9.0, -2.0, 8.6667, -2.3333, 8.6667, -2.3333, 9.6667, -2.0, 9.6667, -2.6667, 5.6667, -0.3333, 20.3333, -1.3333, 19.3333, -0.6667, 19.3333, -0.6667, 18.6667, -1.0, 18.6667, -1.6667, 18.3333, -1.6667, 18.0, -2.3333, 17.6667, -3.0, 17.0, -4.0, 16.6667, -5.0, 16.0, -6.0, 15.6667, -6.3333, 16.0, -6.3333, 16.6667, -6.3333, 16.6667, -6.3333, 16.3333, -6.0, 16.0, -5.6667, 16.3333, -5.3333, 16.0, -4.3333, 15.6667, -4.0, 15.6667, -3.0, 14.6667, -2.3333, 14.3333, -2.0, 13.3333, -1.3333, 13.6667, -1.0, 13.0, -0.3333, 14.0, 2.6667, 13.3333, 3.6667, 2.0, 0.6667, 0.3333, -0.3333, -1.0, -0.3333, -1.0, -0.3333, -1.0, -0.3333, 0.0, -1.0, 1.6667, -1.3333, 12.0, -4.3333, 12.0, -3.3333, 11.6667, -3.3333, 12.3333, -2.3333, 13.6667, -1.6667, 14.0, -1.0, 14.6667, -0.3333, 15.6667, 0.6667, 16.3333, 1.3333, 16.6667, 2.0, 17.0, 2.0, 17.3333, 2.0, 17.3333, 2.0, 18.0, 1.6667, 18.0, 2.0, 17.6667, 2.3333, 17.6667, 2.3333, 18.0, 2.0, 17.6667, 2.3333, 17.6667, 2.0, 18.0, 2.0, 18.3333, 1.6667, 19.0, 1.3333, 18.6667, 0.6667, 19.3333, -0.3333, 19.6667, -1.0, 20.0, -1.0, 20.0, -1.3333]",11.497645,9.328468,91.760558
330,330,5c:01:3b:6b:b0:95,-44,256,"[86.0, -32.0, 4.0, 0.0, 7.3333, -15.3333, 6.6667, -15.3333, 6.0, -15.3333, 6.0, -15.3333, 5.6667, -16.0, 5.6667, -15.6667, 4.6667, -15.6667, 3.6667, -16.3333, 3.0, -16.3333, 2.0, -17.0, 2.0, -17.0, 1.6667, -17.0, 1.6667, -17.0, 1.6667, -17.0, 1.6667, -17.0, 2.0, -17.0, 2.0, -16.0, 3.0, -16.0, 3.0, -15.0, 3.3333, -14.0, 4.3333, -13.3333, 4.3333, -12.3333, 4.0, -11.3333, 4.0, -10.3333, 4.0, -10.3333, 1.0, -2.6667, 0.0, 0.0, 0.0, 0.0, 0.0, 0.0, 0.0, 0.0, 0.0, 0.0, 0.0, 0.0, 0.0, 0.0, 0.0, 0.0, 0.0, 0.0, 0.3333, -3.3333, 2.3333, -12.3333, 3.3333, -11.6667, 4.0, -11.6667, 4.6667, -12.0, 5.0, -11.3333, 6.0, -11.3333, 7.6667, -10.6667, 8.3333, -10.6667, 8.6667, -10.0, 9.3333, -10.0, 9.6667, -10.3333, 9.6667, -10.0, 9.6667, -10.0, 9.6667, -10.0, 9.6667, -10.0, 9.3333, -10.3333, 8.3333, -10.6667, 8.3333, -10.6667, 8.3333, -11.3333, 8.3333, -12.3333, 8.0, -12.3333, 8.0, -13.3333, 7.0, -13.6667, 7.0, -14.3333, 7.6667, -14.6667, 7.6667, -15.6667, 5.6667, -8.3333, 19.6667, -27.0, 19.0, -26.3333, 19.0, -25.6667, 18.3333, -25.3333, 18.0, -25.0, 17.0, -24.6667, 16.0, -24.3333, 15.0, -25.0, 13.3333, -26.0, 12.0, -27.3333, 10.3333, -29.0, 9.3333, -29.6667, 9.0, -29.6667, 9.6667, -29.6667, 10.0, -29.6667, 10.0, -29.0, 10.0, -28.0, 11.0, -27.3333, 11.3333, -26.0, 12.0, -25.0, 12.6667, -23.0, 12.3333, -21.0, 12.3333, -20.0, 12.0, -19.0, 13.0, -18.3333, 13.3333, -17.3333, 18.6667, -15.0, 19.3333, -14.0, 3.0, -2.6667, 0.6667, -1.3333, -1.0, 0.0, -0.6667, 0.0, -1.0, 0.0, -0.3333, -2.0, 1.0, -4.3333, 8.6667, -21.3333, 10.0, -20.0, 8.6667, -20.3333, 10.6667, -19.0, 13.0, -19.3333, 14.0, -19.6667, 16.0, -20.0, 18.0, -20.0, 20.0, -20.3333, 21.0, -20.0, 22.0, -20.3333, 22.6667, -20.3333, 22.6667, -21.3333, 23.3333, -21.6667, 23.6667, -21.3333, 23.6667, -21.3333, 23.6667, -21.3333, 23.6667, -21.6667, 22.6667, -21.3333, 22.3333, -21.3333, 22.3333, -21.3333, 22.0, -22.0, 21.6667, -22.3333, 20.6667, -23.3333, 20.3333, -24.3333, 20.0, -25.0, 20.0, -26.0, 19.6667, -27.0]",19.492174,12.002371,91.760558
331,331,5c:01:3b:6b:b0:95,-39,256,"[86.0, -32.0, 4.0, 0.0, -0.6667, -13.3333, -1.0, -13.0, -1.3333, -13.0, -1.0, -13.0, -1.6667, -13.0, -1.3333, -12.6667, -2.0, -12.6667, -3.0, -12.6667, -3.3333, -12.6667, -4.0, -13.0, -4.0, -12.6667, -4.3333, -12.6667, -4.3333, -12.6667, -4.3333, -12.6667, -4.0, -13.0, -3.6667, -13.0, -3.6667, -12.3333, -3.0, -12.3333, -3.0, -11.6667, -2.3333, -11.0, -1.6667, -10.6667, -1.3333, -10.0, -1.3333, -9.6667, -1.0, -9.0, -1.0, -9.0, -0.3333, -2.6667, 0.0, 0.0, 0.0, 0.0, 0.0, 0.0, 0.0, 0.0, 0.0, 0.0, 0.0, 0.0, 0.0, 0.0, 0.0, 0.0, 0.0, 0.0, -1.0, -2.6667, -2.3333, -9.6667, -1.6667, -9.6667, -1.3333, -10.0, -1.0, -10.3333, -0.6667, -10.0, 0.0, -10.3333, 1.0, -10.0, 1.3333, -10.3333, 1.3333, -10.0, 1.6667, -10.0, 2.0, -10.6667, 2.3333, -10.6667, 2.3333, -10.6667, 2.3333, -10.6667, 2.0, -10.6667, 1.6667, -10.6667, 1.0, -10.3333, 1.0, -10.3333, 1.0, -10.6667, 1.0, -11.3333, 0.3333, -11.3333, 0.3333, -12.0, -0.3333, -12.3333, -0.3333, -12.6667, -0.3333, -13.0, -0.3333, -13.6667, -1.6667, -9.3333, -4.6667, -29.0, -4.6667, -28.6667, -4.3333, -27.6667, -4.3333, -27.0, -4.3333, -26.3333, -5.0, -25.6667, -5.3333, -24.3333, -6.3333, -24.3333, -7.3333, -24.6667, -8.3333, -25.0, -9.6667, -25.3333, -10.3333, -25.3333, -11.0, -25.0, -10.6667, -25.0, -10.0, -25.0, -10.0, -24.6667, -9.6667, -24.3333, -8.6667, -24.0, -8.0, -23.3333, -6.6667, -23.0, -6.0, -21.6667, -5.3333, -20.6667, -5.0, -20.0, -4.6667, -19.3333, -3.3333, -19.6667, -2.3333, -19.3333, 3.0, -20.0, 4.3333, -20.0, 0.3333, -4.0, -0.3333, -1.6667, -0.6667, 0.0, -0.3333, 0.0, -0.6667, 0.0, -1.0, -1.6667, -1.6667, -3.6667, -6.3333, -17.6667, -5.3333, -17.6667, -6.6667, -19.0, -5.3333, -19.0, -4.0, -20.3333, -3.6667, -21.6667, -2.6667, -23.0, -1.3333, -24.3333, 0.3333, -25.6667, 1.0, -26.0, 1.6667, -26.6667, 2.0, -26.6667, 2.0, -28.3333, 2.3333, -28.3333, 2.6667, -28.0, 2.3333, -28.6667, 2.3333, -28.6667, 2.3333, -29.0, 1.3333, -28.3333, 1.0, -27.6667, 0.6667, -27.0, 0.0, -27.3333, -0.6667, -27.0, -1.6667, -27.3333, -2.3333, -27.3333, -3.0, -27.0, -3.3333, -28.0, -4.0, -29.0]",16.675606,11.325274,91.760558
332,332,5c:01:3b:6b:b0:95,-40,256,"[86.0, -32.0, 4.0, 0.0, -8.6667, -9.0, -8.6667, -8.3333, -8.6667, -8.3333, -8.3333, -8.3333, -9.3333, -8.0, -9.0, -8.0, -9.0, -8.0, -9.6667, -7.6667, -9.6667, -7.6667, -10.0, -8.0, -10.0, -7.3333, -10.3333, -7.3333, -10.3333, -7.3333, -10.3333, -7.3333, -10.0, -8.0, -9.6667, -8.0, -9.6667, -7.6667, -9.3333, -7.6667, -9.0, -7.3333, -8.3333, -7.0, -8.0, -6.6667, -7.3333, -6.3333, -7.0, -6.6667, -6.3333, -6.3333, -6.3333, -6.3333, -1.6667, -2.0, 0.0, 0.0, 0.0, 0.0, 0.0, 0.0, 0.0, 0.0, 0.0, 0.0, 0.0, 0.0, 0.0, 0.0, 0.0, 0.0, 0.0, 0.0, -2.3333, -1.6667, -7.0, -5.6667, -6.6667, -6.0, -6.6667, -6.6667, -6.6667, -6.6667, -6.3333, -6.3333, -6.0, -7.0, -5.6667, -6.6667, -5.6667, -7.3333, -6.0, -7.0, -6.0, -7.0, -5.6667, -8.0, -5.0, -8.0, -5.0, -8.0, -5.0, -8.0, -5.6667, -8.0, -6.0, -8.0, -6.3333, -7.3333, -6.3333, -7.3333, -6.3333, -7.6667, -6.3333, -8.0, -7.3333, -8.0, -7.3333, -8.3333, -7.6667, -8.3333, -7.6667, -8.6667, -8.3333, -8.6667, -8.3333, -9.0, -9.0, -9.0, -29.0, -27.0, -28.3333, -27.0, -27.6667, -26.0, -27.0, -25.0, -26.6667, -24.0, -27.0, -23.0, -26.6667, -21.0, -27.6667, -20.6667, -28.0, -20.3333, -28.6667, -20.3333, -29.6667, -19.6667, -30.0, -19.3333, -31.0, -18.6667, -31.0, -18.6667, -30.0, -18.6667, -30.0, -18.3333, -29.3333, -18.6667, -28.3333, -18.3333, -27.3333, -18.6667, -25.3333, -19.0, -24.6667, -18.3333, -23.0, -18.3333, -22.3333, -18.0, -21.3333, -18.0, -19.6667, -19.0, -18.0, -19.0, -12.6667, -23.0, -10.6667, -24.0, -2.3333, -5.0, -1.3333, -2.0, -0.3333, 0.0, 0.0, 0.0, -0.3333, 0.0, -1.6667, -1.3333, -4.3333, -2.6667, -21.3333, -12.6667, -20.6667, -13.3333, -22.0, -15.3333, -21.3333, -16.0, -21.0, -18.0, -21.3333, -20.0, -21.3333, -22.0, -20.6667, -24.0, -19.3333, -26.0, -19.0, -27.0, -18.6667, -28.0, -18.6667, -28.0, -18.6667, -30.0, -18.6667, -30.0, -18.3333, -30.0, -19.0, -31.0, -19.0, -31.0, -19.0, -31.0, -20.0, -30.0, -20.3333, -29.0, -21.0, -28.0, -22.0, -28.0, -23.0, -27.0, -24.0, -27.0, -25.0, -26.0, -26.0, -25.0, -26.6667, -26.0, -27.6667, -27.0]",19.883601,14.540205,91.760558
333,333,5c:01:3b:6b:b0:95,-40,256,"[86.0, -32.0, 4.0, 0.0, -12.0, -10.0, -12.0, -9.3333, -12.0, -9.0, -11.6667, -9.0, -12.6667, -8.0, -12.3333, -8.0, -11.6667, -7.6667, -12.0, -7.0, -12.0, -6.6667, -12.0, -6.6667, -12.0, -6.0, -12.0, -6.0, -12.0, -6.0, -12.0, -6.0, -11.6667, -6.6667, -11.6667, -6.6667, -11.6667, -6.6667, -11.6667, -6.6667, -11.0, -6.6667, -10.6667, -6.6667, -10.6667, -6.6667, -9.6667, -6.3333, -9.6667, -7.0, -8.6667, -7.0, -8.6667, -7.0, -2.0, -2.3333, 0.0, 0.0, 0.0, 0.0, 0.0, 0.0, 0.0, 0.0, 0.0, 0.0, 0.0, 0.0, 0.0, 0.0, 0.0, 0.0, 0.0, 0.0, -3.0, -1.6667, -9.0, -5.3333, -9.0, -6.3333, -9.0, -7.0, -9.0, -7.3333, -8.6667, -7.3333, -8.3333, -8.3333, -8.3333, -8.6667, -8.0, -9.3333, -8.6667, -9.3333, -8.6667, -9.6667, -8.6667, -10.3333, -7.6667, -10.3333, -7.6667, -10.3333, -7.6667, -10.3333, -8.3333, -10.3333, -8.6667, -10.3333, -9.0, -9.6667, -9.0, -9.6667, -9.3333, -9.6667, -9.3333, -9.6667, -10.3333, -9.6667, -10.6667, -9.6667, -10.6667, -9.6667, -11.0, -9.6667, -11.6667, -10.0, -12.0, -10.0, -12.3333, -11.0, -39.0, -33.6667, -38.0, -33.6667, -37.3333, -32.6667, -36.6667, -31.3333, -35.6667, -30.3333, -36.0, -29.0, -35.3333, -27.3333, -36.3333, -26.3333, -36.6667, -25.3333, -37.0, -24.0, -38.3333, -22.3333, -38.6667, -21.3333, -39.6667, -20.6667, -39.6667, -20.3333, -39.0, -20.3333, -38.6667, -20.3333, -37.6667, -21.0, -36.6667, -21.3333, -35.3333, -22.0, -33.6667, -22.6667, -32.3333, -22.6667, -30.3333, -23.0, -29.3333, -22.6667, -28.3333, -22.6667, -26.3333, -23.0, -24.3333, -23.0, -20.3333, -25.3333, -18.6667, -26.0, -3.6667, -5.3333, -1.6667, -2.0, 0.0, 0.0, 0.0, 0.0, 0.0, 0.0, -2.0, -1.3333, -5.6667, -3.0, -29.0, -13.6667, -28.6667, -15.6667, -28.3333, -19.3333, -28.0, -21.3333, -27.6667, -23.3333, -28.0, -25.3333, -28.3333, -27.0, -28.0, -29.0, -27.0, -31.0, -26.6667, -32.0, -26.3333, -33.0, -26.3333, -33.3333, -26.3333, -35.0, -26.3333, -35.3333, -26.3333, -35.3333, -27.0, -36.0, -27.0, -36.0, -27.3333, -36.0, -28.3333, -35.0, -28.3333, -34.3333, -29.3333, -33.6667, -30.3333, -33.6667, -31.6667, -33.0, -33.0, -33.0, -34.0, -32.3333, -35.0, -31.6667, -36.0, -33.0, -37.0, -33.6667]",24.901673,17.814765,91.760558
334,334,5c:01:3b:6b:b0:95,-44,256,"[86.0, -32.0, 4.0, 0.0, -10.6667, -13.0, -10.6667, -12.6667, -10.6667, -12.0, -10.6667, -12.0, -11.3333, -11.0, -11.3333, -11.0, -10.6667, -10.3333, -11.0, -10.0, -11.0, -9.3333, -11.3333, -9.3333, -11.3333, -9.0, -11.3333, -9.0, -11.3333, -9.0, -11.3333, -9.0, -11.3333, -9.3333, -11.3333, -9.3333, -11.3333, -9.3333, -11.0, -9.3333, -10.0, -9.3333, -10.0, -9.3333, -9.6667, -9.3333, -9.0, -8.6667, -8.6667, -9.0, -8.0, -9.0, -7.6667, -9.0, -2.0, -2.6667, 0.0, 0.0, 0.0, 0.0, 0.0, 0.0, 0.0, 0.0, 0.0, 0.0, 0.0, 0.0, 0.0, 0.0, 0.0, 0.0, 0.0, 0.0, -2.6667, -2.3333, -8.3333, -7.6667, -8.3333, -8.6667, -8.3333, -9.0, -8.0, -9.6667, -7.6667, -9.6667, -7.3333, -10.6667, -7.0, -11.3333, -6.6667, -11.6667, -6.6667, -11.6667, -6.6667, -12.3333, -7.0, -12.6667, -6.3333, -12.6667, -6.0, -12.6667, -6.0, -12.6667, -6.3333, -12.6667, -7.0, -12.6667, -7.3333, -12.3333, -7.3333, -12.3333, -7.6667, -12.3333, -8.0, -12.3333, -8.6667, -12.3333, -9.0, -12.3333, -9.3333, -12.3333, -10.0, -12.3333, -10.3333, -13.0, -10.6667, -13.0, -10.3333, -13.0, -32.0, -40.3333, -31.3333, -40.3333, -31.0, -39.3333, -30.3333, -37.6667, -29.6667, -36.6667, -30.3333, -35.0, -30.3333, -33.6667, -31.0, -32.6667, -32.0, -31.6667, -33.0, -30.0, -34.6667, -28.6667, -35.3333, -27.6667, -36.0, -27.3333, -36.3333, -26.6667, -35.6667, -26.6667, -35.3333, -26.6667, -34.3333, -27.0, -33.0, -27.6667, -31.6667, -28.0, -29.6667, -28.3333, -28.0, -28.3333, -26.0, -28.0, -25.0, -27.3333, -24.0, -27.3333, -22.0, -27.0, -20.0, -27.0, -15.0, -27.6667, -13.3333, -28.0, -2.6667, -5.6667, -1.3333, -2.0, -0.3333, 0.0, 0.0, 0.0, 0.0, 0.0, -2.0, -1.6667, -5.3333, -4.0, -26.0, -18.3333, -25.0, -20.3333, -24.6667, -24.6667, -24.0, -26.6667, -23.0, -28.6667, -22.6667, -30.6667, -22.0, -32.0, -21.0, -34.0, -20.0, -36.0, -19.0, -37.0, -18.3333, -38.0, -18.3333, -38.6667, -18.6667, -40.0, -18.3333, -40.6667, -18.3333, -40.6667, -18.3333, -41.0, -18.6667, -41.0, -19.0, -41.0, -20.0, -40.0, -20.3333, -39.6667, -21.3333, -39.3333, -22.3333, -39.3333, -24.0, -39.0, -25.6667, -39.0, -27.0, -38.6667, -28.3333, -38.3333, -29.6667, -40.0, -30.3333, -40.3333]",25.412482,17.655215,91.760558
335,335,5c:01:3b:6b:b0:95,-43,256,"[86.0, -32.0, 4.0, 0.0, -9.3333, -11.6667, -9.3333, -11.6667, -9.3333, -10.6667, -9.3333, -10.6667, -9.6667, -10.0, -9.6667, -9.6667, -9.3333, -9.0, -10.0, -8.6667, -10.0, -7.6667, -10.6667, -7.3333, -10.6667, -7.0, -10.6667, -7.0, -10.6667, -7.0, -10.6667, -7.0, -10.6667, -7.0, -10.6667, -7.0, -10.6667, -7.3333, -10.0, -7.6667, -9.0, -7.6667, -9.0, -8.0, -8.3333, -8.0, -8.0, -7.3333, -7.3333, -7.6667, -7.0, -7.6667, -6.3333, -8.0, -2.0, -2.3333, 0.0, 0.0, 0.0, 0.0, 0.0, 0.0, 0.0, 0.0, 0.0, 0.0, 0.0, 0.0, 0.0, 0.0, 0.0, 0.0, 0.0, 0.0, -2.3333, -2.3333, -7.6667, -7.0, -7.6667, -8.0, -7.6667, -8.0, -7.0, -9.0, -6.6667, -9.3333, -6.3333, -10.3333, -5.6667, -11.3333, -5.3333, -11.6667, -4.6667, -11.6667, -4.6667, -12.6667, -5.3333, -12.6667, -5.0, -12.6667, -4.3333, -12.6667, -4.3333, -12.6667, -4.3333, -12.6667, -5.3333, -12.6667, -5.6667, -12.3333, -5.6667, -12.3333, -6.0, -12.0, -6.6667, -12.0, -7.0, -11.6667, -7.3333, -11.6667, -8.0, -11.3333, -9.0, -11.3333, -9.0, -12.0, -9.3333, -12.0, -8.3333, -12.0, -25.0, -37.0, -24.6667, -37.0, -24.6667, -36.0, -24.0, -34.3333, -23.6667, -33.3333, -24.6667, -32.0, -25.3333, -31.0, -25.6667, -29.6667, -27.3333, -28.3333, -29.0, -26.6667, -31.0, -25.3333, -32.0, -24.0, -32.6667, -24.0, -33.0, -23.3333, -32.6667, -23.3333, -32.0, -23.3333, -31.0, -23.6667, -29.3333, -24.3333, -28.0, -24.6667, -25.6667, -25.0, -23.6667, -25.3333, -21.6667, -25.0, -20.6667, -24.3333, -19.6667, -24.6667, -17.6667, -24.3333, -15.6667, -24.3333, -9.6667, -26.6667, -8.0, -27.0, -1.6667, -5.3333, -1.0, -2.0, -0.6667, 0.0, 0.0, 0.0, 0.0, 0.0, -2.0, -1.6667, -5.0, -4.0, -23.0, -18.3333, -21.3333, -20.3333, -21.0, -22.6667, -20.0, -24.6667, -18.3333, -27.0, -17.3333, -28.6667, -15.6667, -30.0, -14.0, -32.0, -13.0, -34.0, -11.3333, -35.0, -10.3333, -36.0, -10.3333, -37.0, -11.0, -37.6667, -10.3333, -38.3333, -10.3333, -38.6667, -9.6667, -38.6667, -10.3333, -38.6667, -10.6667, -38.3333, -11.6667, -37.3333, -12.3333, -37.3333, -13.3333, -37.0, -14.3333, -37.0, -16.3333, -36.6667, -18.3333, -36.3333, -20.0, -36.0, -21.6667, -35.6667, -23.3333, -36.6667, -23.6667, -36.6667]",22.625708,15.791229,91.760558
336,336,5c:01:3b:6b:b0:95,-44,256,"[86.0, -32.0, 4.0, 0.0, -3.3333, -4.0, -3.3333, -4.0, -3.3333, -3.6667, -3.3333, -3.6667, -3.3333, -3.3333, -3.3333, -3.3333, -3.3333, -3.0, -4.0, -3.0, -3.6667, -2.3333, -4.3333, -2.0, -4.3333, -2.0, -4.3333, -2.0, -4.3333, -2.0, -4.3333, -2.0, -4.0, -2.0, -4.3333, -2.0, -4.3333, -2.0, -3.6667, -2.3333, -3.3333, -2.3333, -3.3333, -2.6667, -3.0, -2.6667, -3.0, -2.3333, -2.6667, -2.3333, -2.6667, -2.3333, -2.0, -2.6667, -1.0, -1.0, 0.0, 0.0, 0.0, 0.0, 0.0, 0.0, 0.0, 0.0, 0.0, 0.0, 0.0, 0.0, 0.0, 0.0, 0.0, 0.0, 0.0, 0.0, -1.0, -1.3333, -3.0, -2.6667, -3.0, -3.0, -3.0, -3.0, -2.3333, -3.3333, -2.3333, -3.6667, -2.3333, -4.0, -2.0, -4.3333, -2.0, -4.6667, -1.3333, -4.6667, -1.3333, -5.0, -2.0, -4.6667, -2.0, -4.6667, -1.3333, -4.6667, -1.3333, -4.6667, -1.3333, -4.6667, -2.0, -5.0, -2.0, -4.6667, -2.0, -4.6667, -2.0, -4.3333, -2.3333, -4.6667, -2.3333, -4.3333, -2.3333, -4.3333, -3.0, -4.0, -3.3333, -3.6667, -3.3333, -4.0, -3.0, -4.0, -2.3333, -5.0, -6.3333, -14.0, -6.6667, -14.0, -6.6667, -13.6667, -6.3333, -13.0, -6.3333, -12.6667, -7.0, -12.3333, -7.3333, -12.0, -7.3333, -11.6667, -8.3333, -11.3333, -9.3333, -11.0, -10.3333, -10.6667, -10.6667, -10.0, -11.0, -10.3333, -11.3333, -10.0, -11.0, -10.0, -11.0, -10.0, -10.6667, -10.0, -9.3333, -9.6667, -9.3333, -9.6667, -7.6667, -9.6667, -7.0, -9.6667, -6.3333, -9.6667, -6.3333, -9.0, -6.0, -9.3333, -5.3333, -9.0, -4.6667, -8.6667, 0.3333, -11.6667, 1.0, -11.3333, 0.0, -2.3333, -0.6667, -1.3333, -1.0, -0.3333, -0.3333, -0.3333, -0.3333, -0.3333, -1.0, -1.3333, -2.0, -2.6667, -5.6667, -11.6667, -4.3333, -12.0, -6.3333, -10.0, -5.6667, -10.6667, -4.6667, -11.3333, -4.3333, -11.3333, -3.0, -11.6667, -2.0, -12.0, -1.3333, -12.6667, -0.3333, -12.6667, 0.0, -13.0, 0.0, -13.3333, -0.6667, -13.3333, 0.0, -13.3333, 0.0, -13.6667, 0.6667, -13.6667, -0.3333, -13.6667, -0.3333, -13.6667, -0.6667, -13.0, -1.0, -13.3333, -1.3333, -13.3333, -1.6667, -13.3333, -2.3333, -13.3333, -3.3333, -13.3333, -4.3333, -13.3333, -5.3333, -13.3333, -6.3333, -13.3333, -6.0, -13.6667]",8.598247,8.93669,91.760558
337,337,5c:01:3b:6b:b0:95,-42,256,"[86.0, -32.0, 4.0, 0.0, 1.3333, 0.3333, 1.3333, 0.3333, 1.3333, 0.6667, 1.3333, 0.6667, 1.3333, 0.6667, 1.3333, 1.0, 1.3333, 1.0, 1.0, 1.3333, 1.6667, 2.0, 1.3333, 2.6667, 1.3333, 3.0, 1.3333, 3.0, 1.3333, 3.0, 1.3333, 3.0, 2.0, 3.0, 1.3333, 3.0, 1.3333, 2.6667, 1.6667, 2.0, 1.3333, 2.0, 1.3333, 1.3333, 1.0, 1.3333, 1.0, 1.3333, 0.6667, 1.0, 0.6667, 1.0, 1.0, 0.3333, 0.0, -0.3333, 0.0, 0.0, 0.0, 0.0, 0.0, 0.0, 0.0, 0.0, 0.0, 0.0, 0.0, 0.0, 0.0, 0.0, 0.0, 0.0, 0.0, 0.0, 0.0, -0.6667, 1.0, 0.3333, 1.0, 0.0, 1.0, 0.0, 1.3333, -0.3333, 1.3333, -1.0, 1.3333, -1.3333, 1.0, -1.3333, 1.0, -1.6667, 1.3333, -1.3333, 1.3333, -1.3333, 1.0, -1.0, 1.0, -1.0, 1.3333, -1.0, 1.3333, -1.0, 1.3333, -1.0, 1.0, -1.3333, 1.0, -1.3333, 1.0, -1.3333, 1.0, -1.0, 1.3333, -1.3333, 1.3333, -1.0, 1.3333, -1.0, 1.0, -0.3333, 1.3333, 0.0, 1.3333, 0.0, 2.0, 0.0, 3.3333, -1.0, 11.3333, -1.3333, 10.6667, -1.3333, 10.6667, -1.3333, 10.3333, -1.3333, 10.3333, -1.3333, 10.0, -1.6667, 10.0, -2.0, 10.0, -2.3333, 9.3333, -1.6667, 8.6667, -1.6667, 8.0, -1.0, 8.0, 0.0, 7.6667, -0.3333, 7.6667, -0.3333, 7.6667, -0.3333, 7.6667, -0.3333, 7.6667, -0.6667, 8.3333, 0.0, 8.0, -0.3333, 8.6667, -0.6667, 8.3333, -1.0, 8.0, -1.3333, 7.3333, -0.6667, 7.0, -1.0, 6.3333, -0.3333, 5.6667, 0.3333, 7.6667, -1.6667, 7.0, -0.6667, 1.0, -0.3333, -0.3333, -0.6667, -1.0, -0.6667, -0.6667, -0.3333, -0.6667, -0.3333, -0.3333, -1.0, 0.6667, -1.6667, 7.6667, -7.0, 8.6667, -6.6667, 7.0, -2.6667, 7.6667, -3.0, 8.3333, -2.6667, 8.3333, -1.6667, 9.0, -1.6667, 9.0, -1.0, 9.3333, -0.6667, 9.3333, 0.0, 9.0, 0.3333, 9.0, 0.3333, 8.6667, 0.6667, 9.0, 1.0, 9.0, 0.6667, 9.3333, 1.0, 8.3333, 0.6667, 8.3333, 0.6667, 8.6667, 1.0, 9.0, 0.3333, 9.3333, 0.3333, 9.6667, 0.0, 10.3333, -0.3333, 10.3333, -0.3333, 10.3333, -0.6667, 10.3333, -1.0, 10.3333, -0.6667, 11.0, -1.0]",5.501761,8.553482,91.760558
338,338,5c:01:3b:6b:b0:95,-40,256,"[86.0, -32.0, 4.0, 0.0, 8.3333, -1.0, 8.3333, -1.3333, 8.0, -1.3333, 8.0, -1.3333, 8.0, -1.3333, 7.6667, -1.3333, 7.6667, -1.3333, 7.3333, -1.3333, 8.0, -1.0, 8.0, -1.0, 7.6667, -1.0, 7.6667, -1.0, 7.6667, -1.0, 7.6667, -1.0, 8.3333, -1.0, 8.0, -1.0, 8.0, -1.0, 7.6667, -1.0, 7.0, -1.0, 7.0, -1.0, 6.3333, -0.6667, 6.3333, -0.6667, 5.6667, -0.3333, 5.6667, -0.3333, 5.6667, -0.3333, 1.3333, -0.3333, 0.0, 0.0, 0.0, 0.0, 0.0, 0.0, 0.0, 0.0, 0.0, 0.0, 0.0, 0.0, 0.0, 0.0, 0.0, 0.0, 0.0, 0.0, 1.0, -1.0, 6.0, -1.6667, 6.0, -1.6667, 6.3333, -1.6667, 6.6667, -1.3333, 6.6667, -1.6667, 6.6667, -1.6667, 6.3333, -1.0, 6.6667, -1.0, 6.6667, -0.3333, 6.6667, 0.0, 7.0, 0.3333, 7.0, 0.3333, 7.0, 0.3333, 7.0, 0.3333, 7.0, 0.3333, 7.0, 0.0, 6.6667, -0.6667, 6.6667, -0.6667, 6.6667, -0.6667, 7.3333, -1.0, 7.3333, -1.3333, 7.6667, -1.3333, 7.6667, -1.0, 8.3333, -1.0, 8.6667, -1.0, 9.3333, -1.0, 9.0, 0.0, 29.6667, 1.3333, 28.6667, 1.3333, 28.6667, 1.0, 27.6667, 0.6667, 27.6667, 0.3333, 27.3333, 0.0, 27.6667, -1.0, 27.6667, -2.3333, 28.0, -2.3333, 28.3333, -3.0, 28.6667, -3.3333, 29.3333, -3.0, 29.3333, -3.6667, 29.3333, -3.6667, 29.3333, -3.3333, 28.6667, -3.3333, 28.0, -3.3333, 28.0, -2.3333, 26.6667, -2.3333, 26.0, -1.6667, 24.3333, -1.3333, 22.6667, -1.0, 21.3333, 0.0, 20.3333, 0.0, 18.6667, 1.6667, 17.3333, 2.6667, 16.6667, 5.0, 15.3333, 7.0, 2.3333, 1.0, 0.0, 0.0, -1.0, -1.0, -1.0, -0.3333, -1.0, -0.3333, 0.6667, -1.0, 3.3333, -1.6667, 22.0, -7.3333, 23.0, -6.0, 21.6667, -3.3333, 22.0, -2.6667, 21.6667, -1.0, 21.3333, 0.6667, 21.6667, 1.3333, 21.3333, 3.0, 21.6667, 4.3333, 21.3333, 5.6667, 21.0, 6.6667, 21.0, 7.0, 21.3333, 7.3333, 21.3333, 7.6667, 21.3333, 7.6667, 21.3333, 8.3333, 20.6667, 7.6667, 20.6667, 7.3333, 21.3333, 7.3333, 22.0, 6.3333, 22.6667, 6.0, 23.3333, 5.3333, 25.0, 4.3333, 25.6667, 4.0, 26.3333, 3.0, 27.3333, 2.0, 28.0, 1.6667, 29.0, 1.3333]",14.629774,12.080356,91.760558
339,339,5c:01:3b:6b:b0:95,-43,256,"[86.0, -32.0, 4.0, 0.0, 11.3333, -5.6667, 11.3333, -6.3333, 10.6667, -6.0, 10.6667, -6.0, 10.6667, -6.0, 10.0, -5.6667, 10.0, -5.6667, 9.3333, -5.3333, 9.6667, -5.0, 9.6667, -5.3333, 9.0, -5.0, 9.0, -5.0, 9.0, -5.3333, 9.0, -5.0, 9.3333, -5.0, 9.6667, -5.0, 9.6667, -5.3333, 9.0, -5.0, 8.6667, -5.0, 8.6667, -4.6667, 8.3333, -4.0, 8.3333, -4.0, 7.6667, -3.6667, 7.6667, -3.6667, 7.6667, -3.3333, 1.6667, -1.0, 0.0, 0.0, 0.0, 0.0, 0.0, 0.0, 0.0, 0.0, 0.0, 0.0, 0.0, 0.0, 0.0, 0.0, 0.0, 0.0, 0.0, 0.0, 1.3333, -1.6667, 7.3333, -5.0, 7.3333, -5.3333, 8.0, -5.3333, 8.6667, -5.0, 8.6667, -5.3333, 9.0, -5.6667, 9.0, -5.0, 9.6667, -5.0, 10.0, -4.0, 10.0, -4.0, 10.3333, -4.0, 10.6667, -4.0, 10.6667, -4.0, 10.6667, -4.0, 10.3333, -4.0, 10.3333, -4.0, 10.0, -5.0, 10.0, -5.0, 10.0, -5.0, 10.3333, -5.0, 10.3333, -5.6667, 10.6667, -5.6667, 10.6667, -5.3333, 11.3333, -6.0, 12.0, -6.0, 12.3333, -6.0, 10.6667, -3.0, 36.3333, -9.0, 35.3333, -9.0, 35.3333, -9.0, 34.3333, -9.0, 33.6667, -9.0, 33.0, -9.0, 32.3333, -10.0, 32.0, -11.0, 31.3333, -10.3333, 30.6667, -10.6667, 30.0, -10.6667, 30.0, -10.0, 30.0, -10.6667, 30.3333, -10.6667, 30.3333, -10.0, 30.0, -10.0, 29.6667, -10.3333, 29.6667, -9.6667, 29.0, -10.0, 28.6667, -9.0, 27.6667, -8.6667, 26.6667, -8.0, 25.6667, -7.0, 24.6667, -7.0, 23.3333, -5.0, 22.3333, -4.0, 21.6667, 0.0, 20.3333, 2.0, 3.0, 0.0, 0.3333, 0.0, -1.0, -1.0, -1.0, 0.0, -1.0, 0.0, 0.6667, -1.0, 3.0, -2.0, 20.0, -9.6667, 21.6667, -9.0, 23.6667, -9.3333, 24.6667, -9.0, 25.6667, -8.0, 26.3333, -7.0, 27.0, -7.0, 27.3333, -6.0, 28.0, -5.0, 28.3333, -4.0, 28.6667, -3.0, 28.6667, -3.0, 29.3333, -3.0, 29.6667, -3.0, 29.6667, -3.0, 29.6667, -2.0, 29.3333, -3.0, 29.3333, -3.0, 29.6667, -3.0, 30.0, -4.0, 30.3333, -4.0, 31.0, -5.0, 32.0, -6.0, 32.6667, -6.0, 33.3333, -7.0, 34.0, -8.0, 34.6667, -9.0, 35.6667, -9.0]",18.493099,13.341993,91.760558
340,340,5c:01:3b:6b:b0:95,-44,256,"[86.0, -32.0, 4.0, 0.0, 13.6667, -6.3333, 13.6667, -7.0, 12.6667, -7.3333, 12.6667, -7.3333, 12.6667, -7.3333, 11.6667, -7.6667, 11.6667, -7.6667, 10.6667, -8.0, 10.6667, -8.0, 11.0, -9.0, 10.0, -9.0, 10.0, -9.0, 10.0, -9.6667, 10.0, -9.0, 10.3333, -9.0, 11.0, -9.0, 10.6667, -8.6667, 10.0, -8.0, 10.0, -7.6667, 9.6667, -6.6667, 9.6667, -5.6667, 9.6667, -5.6667, 9.3333, -4.6667, 9.3333, -4.6667, 9.3333, -3.6667, 2.0, -1.0, 0.0, 0.0, 0.0, 0.0, 0.0, 0.0, 0.0, 0.0, 0.0, 0.0, 0.0, 0.0, 0.0, 0.0, 0.0, 0.0, 0.0, 0.0, 1.6667, -2.0, 8.3333, -7.0, 8.3333, -6.6667, 9.3333, -6.3333, 10.3333, -5.6667, 10.3333, -5.3333, 10.6667, -5.0, 11.3333, -4.3333, 12.3333, -4.0, 12.6667, -3.0, 12.6667, -3.0, 13.3333, -3.0, 13.6667, -3.0, 13.6667, -3.0, 13.6667, -3.0, 13.3333, -2.6667, 13.3333, -3.0, 12.6667, -3.6667, 12.6667, -4.0, 12.6667, -4.0, 12.6667, -4.3333, 12.6667, -5.0, 13.3333, -5.3333, 13.3333, -5.3333, 13.6667, -6.3333, 14.6667, -6.3333, 14.6667, -6.3333, 12.3333, -2.3333, 43.0, -6.6667, 42.0, -6.6667, 42.0, -6.6667, 41.0, -6.6667, 39.6667, -7.0, 38.6667, -7.0, 37.3333, -8.0, 36.6667, -9.3333, 36.0, -9.6667, 35.6667, -11.0, 35.3333, -12.3333, 35.3333, -12.6667, 35.6667, -13.3333, 36.0, -13.3333, 36.0, -12.3333, 35.6667, -12.3333, 35.0, -12.0, 34.6667, -11.3333, 34.0, -11.0, 33.0, -9.0, 31.6667, -8.0, 31.0, -6.6667, 30.0, -5.6667, 29.0, -5.3333, 28.0, -3.6667, 27.3333, -2.6667, 26.6667, 2.6667, 25.3333, 4.6667, 3.6667, 0.6667, 0.6667, 0.0, -1.0, -1.0, -1.3333, 0.0, -1.0, -0.3333, 1.0, -1.0, 3.6667, -2.0, 24.0, -9.3333, 25.3333, -8.0, 27.3333, -9.3333, 28.3333, -8.0, 30.0, -6.3333, 31.3333, -5.3333, 32.3333, -4.6667, 33.3333, -3.6667, 34.3333, -2.3333, 35.3333, -1.3333, 36.3333, -0.3333, 36.3333, 0.0, 37.3333, 0.0, 38.0, 0.0, 38.0, 0.0, 38.0, 1.0, 38.0, 0.3333, 38.0, 0.0, 38.0, 0.0, 38.0, -1.0, 38.0, -1.3333, 38.6667, -2.3333, 39.0, -3.3333, 39.6667, -3.6667, 40.3333, -4.6667, 40.6667, -6.0, 41.3333, -6.6667, 42.3333, -6.6667]",21.967569,15.130412,91.760558
341,341,5c:01:3b:6b:b0:95,-42,256,"[86.0, -32.0, 4.0, 0.0, 17.6667, -2.3333, 17.6667, -2.6667, 16.6667, -3.3333, 16.3333, -3.3333, 16.3333, -3.3333, 15.6667, -4.0, 15.3333, -4.3333, 14.3333, -4.6667, 14.3333, -5.0, 14.3333, -6.0, 13.6667, -6.0, 13.6667, -6.0, 13.6667, -7.0, 13.6667, -6.0, 14.0, -6.0, 14.3333, -6.0, 14.0, -5.3333, 13.6667, -5.0, 13.3333, -4.6667, 13.0, -3.6667, 12.6667, -3.0, 12.6667, -2.6667, 12.0, -2.0, 12.0, -2.0, 11.6667, -1.0, 2.6667, -0.3333, 0.0, 0.0, 0.0, 0.0, 0.0, 0.0, 0.0, 0.0, 0.0, 0.0, 0.0, 0.0, 0.0, 0.0, 0.0, 0.0, 0.0, 0.0, 2.3333, -1.3333, 11.0, -4.3333, 11.0, -4.0, 12.3333, -3.3333, 13.3333, -2.6667, 13.3333, -2.3333, 14.0, -1.6667, 14.3333, -1.0, 15.3333, -0.6667, 15.6667, 0.3333, 15.6667, 0.3333, 16.0, 0.3333, 16.6667, 0.6667, 16.3333, 0.6667, 16.3333, 0.3333, 16.0, 0.6667, 16.3333, 0.3333, 16.0, 0.0, 16.0, -0.3333, 16.0, -0.3333, 16.3333, -0.6667, 16.3333, -1.3333, 17.0, -1.6667, 17.0, -1.6667, 17.3333, -2.3333, 18.3333, -2.3333, 18.6667, -2.3333, 14.0, 0.6667, 48.3333, 2.3333, 47.3333, 2.3333, 47.0, 2.3333, 46.0, 2.0, 44.6667, 1.3333, 44.0, 1.0, 42.3333, -0.3333, 41.6667, -1.6667, 40.3333, -2.6667, 39.3333, -4.3333, 38.6667, -5.6667, 38.3333, -6.3333, 38.6667, -6.6667, 39.0, -6.6667, 39.0, -6.0, 39.0, -5.6667, 38.6667, -5.3333, 38.0, -4.6667, 37.6667, -4.3333, 36.6667, -2.6667, 35.6667, -1.6667, 35.0, -0.6667, 34.0, 0.3333, 32.6667, 1.0, 31.3333, 2.3333, 30.3333, 3.3333, 28.3333, 9.0, 26.6667, 10.6667, 4.0, 1.6667, 1.0, 0.3333, -1.0, -1.0, -1.6667, -0.3333, -1.0, -0.6667, 1.0, -0.6667, 4.3333, -1.3333, 27.0, -4.6667, 28.0, -3.0, 30.0, -4.0, 31.6667, -2.3333, 34.0, 0.0, 35.3333, 1.3333, 36.3333, 2.6667, 37.0, 4.0, 38.0, 5.6667, 38.6667, 6.6667, 39.3333, 7.6667, 39.6667, 8.3333, 40.6667, 8.3333, 41.3333, 8.3333, 41.3333, 8.6667, 41.3333, 9.6667, 41.3333, 9.3333, 41.3333, 9.0, 41.3333, 9.0, 41.3333, 8.0, 41.6667, 7.3333, 42.6667, 6.3333, 43.0, 5.3333, 44.0, 4.6667, 45.0, 3.6667, 45.6667, 2.6667, 46.6667, 2.0, 47.6667, 2.0]",24.3139,16.113827,91.760558
342,342,5c:01:3b:6b:b0:95,-39,256,"[86.0, -32.0, 4.0, 0.0, 16.3333, 1.6667, 16.3333, 1.6667, 15.6667, 0.6667, 15.3333, 0.6667, 15.3333, 0.6667, 15.0, -0.3333, 14.6667, -1.0, 13.6667, -1.3333, 13.6667, -2.0, 14.0, -3.0, 13.3333, -3.0, 13.3333, -3.0, 13.3333, -4.0, 13.3333, -3.0, 14.0, -3.0, 14.0, -3.0, 13.3333, -2.0, 13.3333, -2.0, 13.0, -1.6667, 12.3333, -0.6667, 11.6667, -0.3333, 11.6667, 0.3333, 11.3333, 0.6667, 11.3333, 0.6667, 10.6667, 1.6667, 2.3333, 0.3333, 0.0, 0.0, 0.0, 0.0, 0.0, 0.0, 0.0, 0.0, 0.0, 0.0, 0.0, 0.0, 0.0, 0.0, 0.0, 0.0, 0.0, 0.0, 2.3333, -0.6667, 10.6667, -1.6667, 10.6667, -1.3333, 11.6667, -0.3333, 12.3333, 0.3333, 12.6667, 0.6667, 13.0, 1.6667, 13.3333, 2.3333, 14.0, 2.6667, 14.0, 3.6667, 14.0, 3.6667, 14.3333, 3.6667, 14.6667, 4.3333, 14.3333, 4.3333, 14.3333, 3.6667, 14.3333, 4.0, 14.6667, 3.6667, 14.3333, 3.6667, 14.3333, 3.3333, 14.3333, 3.3333, 15.0, 3.0, 15.0, 2.3333, 15.6667, 2.0, 15.6667, 2.0, 16.0, 1.6667, 16.6667, 1.6667, 17.3333, 1.6667, 13.6667, 3.6667, 46.3333, 11.3333, 45.6667, 11.3333, 45.0, 11.3333, 44.3333, 10.6667, 43.3333, 9.6667, 43.0, 9.0, 41.6667, 7.3333, 41.3333, 6.0, 40.6667, 4.3333, 40.3333, 2.3333, 40.3333, 1.0, 40.6667, 0.0, 41.0, 0.0, 41.0, 0.0, 41.0, 0.3333, 41.0, 1.0, 40.6667, 1.3333, 39.6667, 2.0, 39.0, 2.3333, 37.3333, 3.6667, 35.6667, 4.6667, 34.3333, 5.3333, 33.3333, 6.3333, 32.0, 7.3333, 30.3333, 8.3333, 29.0, 9.3333, 26.6667, 15.3333, 25.0, 16.6667, 3.6667, 2.6667, 0.6667, 0.6667, -1.0, -1.0, -2.0, -0.6667, -1.0, -1.0, 1.0, -0.3333, 5.0, -0.6667, 30.0, 0.0, 30.3333, 2.0, 30.3333, 1.3333, 31.6667, 3.3333, 33.0, 6.3333, 34.0, 8.0, 34.6667, 10.0, 35.0, 11.6667, 35.6667, 13.6667, 36.0, 14.6667, 36.6667, 15.6667, 37.0, 16.6667, 38.0, 16.6667, 38.3333, 16.6667, 38.3333, 17.3333, 38.0, 18.3333, 38.3333, 18.3333, 38.3333, 18.0, 38.3333, 18.0, 38.6667, 17.0, 39.3333, 16.0, 40.3333, 15.0, 41.0, 14.0, 42.0, 13.0, 43.3333, 12.0, 44.3333, 11.3333, 45.0, 10.6667, 46.0, 10.6667]",23.965224,16.462013,91.760558
343,343,5c:01:3b:6b:b0:95,-43,256,"[86.0, -32.0, 4.0, 0.0, 4.0, -0.3333, 4.3333, -0.3333, 4.3333, -0.6667, 4.0, -0.3333, 4.0, -0.3333, 4.0, -1.0, 3.6667, -1.3333, 3.0, -1.0, 3.0, -1.3333, 3.0, -1.6667, 2.6667, -1.3333, 2.3333, -1.3333, 2.3333, -2.0, 2.6667, -1.3333, 3.0, -1.3333, 3.0, -1.3333, 2.6667, -1.0, 3.0, -1.0, 3.0, -1.3333, 2.6667, -0.6667, 2.3333, -0.6667, 3.0, 0.0, 2.6667, 0.0, 3.0, -0.3333, 2.6667, 0.3333, 0.3333, 0.0, 0.0, 0.0, 0.0, 0.0, 0.0, 0.0, 0.0, 0.0, 0.0, 0.0, 0.0, 0.0, 0.0, 0.0, 0.0, 0.0, 0.0, 0.0, 0.3333, -0.6667, 2.6667, -1.3333, 2.3333, -1.6667, 3.0, -1.3333, 3.3333, -1.0, 3.6667, -1.3333, 4.0, -1.0, 4.0, -0.6667, 4.3333, -1.0, 4.3333, -0.6667, 4.3333, -0.6667, 4.3333, -1.0, 4.3333, -0.3333, 4.3333, -0.3333, 4.3333, -1.0, 4.0, -1.0, 4.3333, -0.6667, 4.3333, -0.6667, 4.3333, -0.3333, 4.0, -0.3333, 4.3333, -0.3333, 4.3333, -1.0, 4.6667, -0.6667, 4.3333, -0.6667, 4.3333, -0.3333, 4.3333, -0.6667, 5.0, -0.6667, 4.6667, 0.6667, 16.6667, 2.3333, 16.6667, 2.3333, 16.3333, 2.6667, 16.3333, 2.3333, 16.0, 2.0, 16.0, 1.6667, 15.3333, 0.6667, 15.3333, 0.6667, 15.0, -0.3333, 14.3333, -1.0, 14.3333, -1.0, 14.3333, -1.3333, 14.0, -1.3333, 14.0, -1.3333, 14.3333, -1.0, 14.3333, -0.3333, 14.6667, -0.3333, 14.3333, 0.0, 14.0, -0.3333, 13.3333, 0.0, 13.0, 0.6667, 12.3333, 0.3333, 12.0, 1.0, 11.6667, 1.6667, 11.0, 2.3333, 10.6667, 3.0, 10.6667, 4.0, 10.3333, 4.3333, 1.3333, 0.3333, 0.0, 0.0, -0.6667, -0.6667, -1.3333, -0.6667, -0.6667, -0.6667, 0.0, -0.3333, 1.6667, -1.0, 10.6667, -3.0, 11.3333, -2.0, 10.6667, -1.6667, 12.0, -1.0, 12.3333, 0.3333, 12.6667, 1.0, 13.0, 1.6667, 13.0, 2.3333, 13.3333, 3.0, 13.6667, 3.0, 14.0, 3.3333, 14.3333, 3.6667, 15.0, 3.6667, 14.6667, 3.3333, 15.0, 4.0, 14.6667, 4.6667, 14.6667, 4.6667, 14.6667, 4.6667, 14.6667, 5.0, 14.6667, 4.6667, 15.0, 4.0, 15.3333, 3.6667, 15.6667, 3.0, 15.6667, 2.6667, 16.3333, 2.0, 16.6667, 2.3333, 16.6667, 1.6667, 17.0, 1.6667]",8.607576,9.431814,91.760558
344,344,5c:01:3b:6b:b0:95,-43,256,"[86.0, -32.0, 4.0, 0.0, -12.3333, -6.6667, -11.6667, -6.3333, -11.0, -6.3333, -11.0, -6.0, -11.0, -5.6667, -11.0, -5.6667, -11.0, -5.6667, -11.3333, -5.0, -11.3333, -4.6667, -11.0, -4.6667, -11.3333, -4.0, -12.0, -4.0, -12.0, -4.3333, -11.3333, -4.0, -11.0, -4.0, -11.0, -4.0, -11.3333, -4.0, -10.6667, -4.3333, -10.0, -4.6667, -10.3333, -4.3333, -10.0, -4.3333, -8.6667, -4.0, -8.6667, -4.0, -8.0, -4.3333, -7.6667, -4.0, -2.3333, -1.3333, 0.0, 0.0, 0.0, 0.0, 0.0, 0.0, 0.0, 0.0, 0.0, 0.0, 0.0, 0.0, 0.0, 0.0, 0.0, 0.0, 0.0, 0.0, -2.0, -1.3333, -8.0, -4.3333, -8.6667, -5.0, -8.6667, -5.3333, -8.6667, -5.3333, -8.3333, -5.6667, -8.3333, -6.0, -8.3333, -6.3333, -8.3333, -7.0, -8.3333, -7.3333, -8.3333, -7.3333, -8.3333, -8.0, -9.0, -7.6667, -8.3333, -7.6667, -8.3333, -8.0, -9.0, -8.0, -9.0, -7.3333, -9.0, -7.3333, -9.0, -6.6667, -9.6667, -6.6667, -10.0, -6.6667, -10.0, -7.0, -10.0, -6.6667, -10.6667, -6.6667, -11.0, -6.3333, -11.6667, -6.6667, -11.3333, -7.0, -4.3333, -5.0, -12.3333, -15.0, -11.6667, -15.0, -11.3333, -14.3333, -10.6667, -14.3333, -11.0, -13.6667, -11.0, -13.3333, -11.3333, -13.0, -11.3333, -12.3333, -11.3333, -12.0, -12.0, -11.6667, -12.0, -10.6667, -12.3333, -10.3333, -13.0, -10.3333, -13.0, -10.3333, -12.3333, -10.0, -12.3333, -9.6667, -11.6667, -9.6667, -11.3333, -9.6667, -11.0, -10.3333, -11.0, -10.3333, -10.3333, -10.3333, -9.6667, -10.3333, -9.3333, -10.3333, -8.3333, -10.0, -7.6667, -9.6667, -7.0, -9.3333, -3.6667, -11.6667, -3.0, -12.0, -1.0, -2.6667, -0.6667, -1.0, -0.3333, -0.3333, -0.6667, -0.3333, -0.3333, -0.3333, -1.0, -0.6667, -1.6667, -2.0, -8.6667, -10.3333, -8.0, -10.6667, -9.3333, -10.0, -8.3333, -11.0, -8.3333, -11.3333, -8.0, -12.3333, -8.0, -13.0, -8.0, -13.3333, -8.0, -14.0, -7.3333, -14.6667, -7.0, -15.0, -7.0, -15.3333, -6.6667, -15.6667, -7.3333, -16.3333, -6.6667, -16.0, -7.0, -16.0, -7.3333, -15.6667, -7.3333, -15.6667, -7.3333, -15.3333, -7.6667, -15.0, -8.0, -15.3333, -8.3333, -15.0, -8.6667, -15.3333, -9.6667, -15.0, -9.6667, -15.0, -10.6667, -14.6667, -11.3333, -15.3333, -11.6667, -15.3333]",12.546595,8.794754,91.760558
345,345,5c:01:3b:6b:b0:95,-43,256,"[86.0, -32.0, 4.0, 0.0, -20.0, -13.0, -19.3333, -12.3333, -18.6667, -12.0, -18.3333, -11.6667, -18.3333, -11.0, -18.3333, -10.3333, -18.3333, -10.0, -18.3333, -9.0, -18.3333, -8.0, -18.3333, -7.6667, -18.3333, -6.6667, -19.0, -6.6667, -19.0, -6.6667, -18.3333, -6.6667, -18.3333, -6.6667, -18.3333, -6.6667, -18.3333, -7.0, -17.6667, -7.6667, -16.6667, -8.0, -16.6667, -8.0, -15.6667, -8.0, -14.3333, -8.0, -14.3333, -8.0, -13.3333, -8.3333, -12.6667, -8.3333, -3.3333, -2.6667, 0.0, 0.0, 0.0, 0.0, 0.0, 0.0, 0.0, 0.0, 0.0, 0.0, 0.0, 0.0, 0.0, 0.0, 0.0, 0.0, 0.0, 0.0, -3.3333, -2.0, -13.6667, -7.3333, -14.3333, -8.3333, -14.3333, -9.3333, -14.3333, -9.6667, -14.3333, -10.0, -14.3333, -11.0, -14.3333, -11.6667, -14.3333, -12.3333, -14.3333, -13.0, -14.3333, -13.3333, -14.3333, -14.0, -15.0, -14.0, -14.3333, -14.0, -14.3333, -14.0, -15.0, -14.0, -15.0, -13.3333, -15.0, -13.3333, -15.0, -12.6667, -16.0, -12.6667, -16.6667, -12.6667, -16.6667, -13.0, -16.6667, -12.6667, -17.6667, -12.6667, -18.3333, -12.3333, -19.0, -12.6667, -19.0, -13.3333, -13.0, -10.6667, -40.0, -32.3333, -39.0, -32.3333, -38.0, -31.3333, -37.0, -31.0, -37.0, -29.3333, -37.0, -28.3333, -37.0, -26.6667, -37.0, -25.3333, -37.0, -23.6667, -38.0, -22.3333, -38.0, -20.3333, -39.0, -19.3333, -40.0, -19.3333, -40.0, -19.3333, -39.0, -19.0, -39.0, -19.0, -38.0, -19.0, -37.0, -19.3333, -36.0, -20.3333, -35.0, -20.6667, -33.0, -21.3333, -31.0, -21.0, -30.0, -21.6667, -28.0, -21.6667, -26.0, -21.6667, -24.0, -21.6667, -18.0, -27.3333, -16.0, -28.3333, -3.0, -5.6667, -1.0, -2.0, 0.0, 0.0, 0.0, 0.0, 0.0, 0.0, -2.0, -1.0, -5.0, -3.0, -28.0, -17.6667, -27.0, -19.3333, -29.0, -18.3333, -28.0, -21.0, -28.0, -23.0, -28.0, -25.6667, -28.0, -27.6667, -28.0, -29.0, -28.0, -31.0, -27.0, -32.3333, -27.0, -33.3333, -27.0, -34.3333, -27.0, -35.0, -28.0, -36.0, -27.0, -36.0, -27.0, -36.6667, -28.0, -36.0, -28.0, -36.0, -28.0, -35.6667, -29.0, -34.6667, -30.0, -34.6667, -31.0, -33.6667, -32.0, -33.6667, -34.0, -32.6667, -35.0, -32.0, -37.0, -31.6667, -38.0, -32.3333, -39.0, -32.3333]",27.53676,16.468623,91.760558
346,346,5c:01:3b:6b:b0:95,-39,256,"[86.0, -32.0, 4.0, 0.0, -12.0, -11.6667, -11.6667, -11.0, -11.6667, -11.0, -11.3333, -10.6667, -11.3333, -10.0, -11.3333, -9.3333, -11.3333, -9.0, -11.6667, -8.3333, -11.6667, -7.3333, -12.0, -7.3333, -12.0, -6.6667, -12.3333, -6.6667, -12.3333, -6.6667, -12.0, -6.6667, -12.0, -6.6667, -12.0, -6.6667, -12.0, -6.6667, -11.3333, -7.3333, -10.6667, -7.3333, -10.6667, -7.6667, -9.6667, -7.6667, -9.0, -7.6667, -9.0, -7.6667, -8.3333, -7.6667, -7.6667, -7.6667, -2.0, -2.6667, 0.0, 0.0, 0.0, 0.0, 0.0, 0.0, 0.0, 0.0, 0.0, 0.0, 0.0, 0.0, 0.0, 0.0, 0.0, 0.0, 0.0, 0.0, -2.3333, -1.6667, -8.6667, -6.6667, -9.0, -7.3333, -9.0, -8.3333, -8.6667, -8.6667, -8.6667, -8.6667, -8.6667, -9.3333, -8.3333, -10.0, -8.3333, -10.3333, -8.0, -11.0, -8.0, -11.3333, -8.0, -11.6667, -8.3333, -12.0, -8.0, -12.0, -8.0, -11.6667, -8.3333, -11.6667, -8.3333, -11.3333, -8.3333, -11.3333, -8.6667, -11.0, -9.3333, -11.0, -9.6667, -11.0, -9.6667, -11.3333, -9.6667, -11.3333, -10.6667, -11.0, -11.0, -11.0, -11.3333, -11.3333, -11.3333, -12.0, -8.3333, -10.3333, -25.6667, -32.3333, -25.0, -32.3333, -24.3333, -31.3333, -23.6667, -31.0, -24.0, -29.3333, -24.0, -28.3333, -24.3333, -26.6667, -25.0, -25.6667, -25.6667, -23.6667, -27.0, -22.3333, -27.6667, -20.6667, -28.6667, -19.6667, -29.3333, -19.6667, -29.3333, -19.6667, -28.6667, -19.3333, -28.3333, -19.3333, -27.3333, -19.3333, -26.6667, -19.6667, -25.3333, -20.6667, -24.3333, -21.0, -22.3333, -21.6667, -21.0, -21.0, -20.0, -21.6667, -18.6667, -21.6667, -17.0, -22.0, -15.3333, -22.0, -10.0, -26.3333, -8.3333, -27.3333, -1.6667, -5.6667, -0.6667, -2.0, -0.3333, 0.0, 0.0, 0.0, 0.0, 0.0, -1.6667, -1.0, -4.0, -3.0, -21.0, -16.3333, -19.6667, -18.3333, -20.3333, -18.0, -19.0, -21.0, -18.3333, -23.0, -17.6667, -25.6667, -17.0, -27.6667, -16.3333, -29.0, -16.0, -30.6667, -14.6667, -32.0, -14.3333, -33.0, -14.3333, -34.0, -14.3333, -35.0, -14.6667, -35.6667, -14.0, -36.0, -14.0, -36.6667, -14.6667, -36.0, -14.6667, -36.0, -15.0, -35.6667, -16.0, -34.6667, -17.0, -34.6667, -17.6667, -34.0, -18.3333, -33.6667, -20.3333, -32.6667, -21.6667, -32.0, -23.3333, -31.6667, -24.0, -32.3333, -24.6667, -32.6667]",21.76307,14.457879,91.760558
347,347,5c:01:3b:6b:b0:95,-39,256,"[86.0, -32.0, 4.0, 0.0, -4.6667, -9.3333, -4.6667, -9.0, -5.0, -9.0, -4.6667, -8.3333, -4.6667, -8.0, -4.6667, -7.6667, -5.0, -7.0, -5.6667, -6.6667, -6.0, -5.6667, -6.3333, -5.6667, -6.3333, -5.3333, -6.6667, -5.3333, -6.6667, -5.3333, -6.6667, -5.3333, -6.6667, -5.3333, -6.6667, -5.3333, -6.3333, -5.3333, -5.6667, -5.6667, -5.3333, -5.6667, -5.0, -6.3333, -4.0, -6.3333, -3.6667, -6.3333, -3.6667, -6.3333, -3.3333, -6.3333, -2.6667, -6.3333, -0.6667, -2.3333, 0.0, 0.0, 0.0, 0.0, 0.0, 0.0, 0.0, 0.0, 0.0, 0.0, 0.0, 0.0, 0.0, 0.0, 0.0, 0.0, 0.0, 0.0, -1.3333, -1.3333, -4.6667, -5.3333, -4.3333, -5.6667, -4.3333, -6.6667, -4.0, -7.3333, -3.6667, -7.3333, -3.3333, -7.6667, -2.6667, -8.3333, -2.3333, -8.3333, -1.6667, -9.0, -1.6667, -9.3333, -1.6667, -9.3333, -1.6667, -10.0, -1.6667, -10.0, -1.6667, -9.3333, -1.6667, -9.3333, -1.6667, -9.3333, -2.0, -9.3333, -2.3333, -9.3333, -2.6667, -9.3333, -2.6667, -9.3333, -3.0, -9.6667, -3.0, -9.6667, -4.0, -9.0, -4.0, -9.0, -4.0, -9.6667, -4.0, -10.0, -3.3333, -9.6667, -10.3333, -30.6667, -10.0, -30.6667, -10.0, -29.6667, -9.6667, -29.0, -10.3333, -27.6667, -10.3333, -26.6667, -11.0, -25.3333, -11.6667, -24.3333, -13.0, -22.3333, -14.3333, -20.6667, -15.6667, -19.3333, -16.6667, -18.3333, -17.3333, -18.3333, -17.0, -18.3333, -16.6667, -17.6667, -16.3333, -17.6667, -15.3333, -17.6667, -15.0, -18.3333, -13.3333, -19.3333, -12.3333, -20.0, -10.6667, -20.3333, -9.6667, -20.0, -9.0, -20.3333, -8.3333, -20.3333, -7.0, -21.0, -5.6667, -21.0, -1.0, -24.6667, -0.6667, -25.6667, -0.3333, -5.3333, -0.3333, -2.0, -0.6667, 0.0, 0.0, 0.0, -0.3333, 0.0, -1.3333, -1.0, -2.6667, -3.0, -12.3333, -14.6667, -10.6667, -16.6667, -11.3333, -17.0, -9.6667, -20.0, -8.3333, -22.0, -7.0, -24.3333, -6.0, -26.3333, -4.6667, -28.0, -3.6667, -29.3333, -2.3333, -31.0, -1.6667, -32.0, -1.6667, -33.0, -2.0, -34.0, -1.6667, -34.3333, -1.3333, -35.0, -1.0, -35.3333, -1.3333, -35.0, -1.3333, -35.0, -2.0, -34.3333, -3.0, -33.3333, -3.6667, -33.3333, -4.0, -33.0, -4.3333, -32.3333, -6.0, -31.3333, -7.6667, -31.0, -9.0, -30.3333, -9.3333, -30.6667, -9.6667, -31.3333]",16.731388,13.05151,91.760558
348,348,5c:01:3b:6b:b0:95,-39,256,"[86.0, -32.0, 4.0, 0.0, 2.3333, -1.6667, 2.3333, -2.0, 2.0, -2.0, 2.0, -1.6667, 1.6667, -1.6667, 2.0, -1.6667, 1.6667, -1.0, 1.0, -1.3333, 0.6667, -0.6667, 0.3333, -1.0, 0.3333, -1.0, 0.0, -1.0, 0.0, -1.0, 0.0, -1.0, 0.0, -1.0, 0.0, -1.0, 0.3333, -1.0, 1.0, -0.6667, 0.6667, -0.6667, 1.0, -1.3333, 1.3333, -1.3333, 1.3333, -1.3333, 1.3333, -1.3333, 1.3333, -1.3333, 1.6667, -1.3333, 0.3333, -1.0, 0.0, 0.0, 0.0, 0.0, 0.0, 0.0, 0.0, 0.0, 0.0, 0.0, 0.0, 0.0, 0.0, 0.0, 0.0, 0.0, 0.0, 0.0, -0.3333, -0.3333, 0.3333, -1.3333, 1.0, -1.0, 1.0, -1.6667, 1.3333, -2.0, 1.6667, -2.0, 2.0, -1.6667, 2.6667, -2.3333, 2.6667, -2.0, 3.3333, -2.6667, 3.3333, -2.3333, 3.3333, -2.3333, 3.3333, -3.0, 3.3333, -3.0, 3.3333, -2.3333, 3.3333, -2.3333, 3.3333, -2.3333, 3.3333, -2.3333, 3.0, -2.6667, 3.0, -2.6667, 3.0, -2.6667, 2.6667, -2.3333, 3.0, -2.6667, 2.3333, -2.0, 2.3333, -2.0, 2.6667, -2.3333, 2.6667, -2.3333, 3.6667, -2.0, 12.3333, -6.3333, 11.6667, -6.3333, 11.3333, -6.0, 11.3333, -5.6667, 10.3333, -5.6667, 10.3333, -5.3333, 10.0, -5.0, 9.6667, -4.6667, 8.3333, -4.0, 7.6667, -3.3333, 7.0, -3.0, 6.6667, -2.6667, 6.3333, -2.6667, 6.6667, -2.3333, 6.6667, -1.6667, 7.0, -1.6667, 7.0, -1.6667, 6.6667, -2.3333, 7.6667, -2.6667, 7.6667, -3.3333, 8.0, -3.3333, 8.0, -3.6667, 8.0, -4.0, 7.3333, -4.0, 7.3333, -4.6667, 7.3333, -4.6667, 9.0, -5.3333, 8.0, -6.0, 1.0, -1.6667, 0.0, -1.0, -1.0, -0.3333, -0.3333, -0.3333, -0.6667, -0.3333, -0.3333, -0.6667, 0.3333, -1.0, 4.3333, -2.3333, 5.3333, -3.0, 6.0, -3.6667, 7.0, -5.0, 8.0, -5.3333, 9.0, -6.0, 10.0, -7.0, 11.0, -7.3333, 11.6667, -7.6667, 12.3333, -8.6667, 12.6667, -9.0, 12.6667, -9.3333, 12.3333, -9.6667, 13.3333, -9.3333, 13.3333, -10.0, 13.3333, -9.6667, 13.3333, -9.6667, 13.3333, -9.6667, 13.0, -9.3333, 12.3333, -9.0, 12.3333, -9.0, 12.6667, -9.0, 13.0, -8.3333, 12.6667, -7.6667, 11.6667, -8.0, 11.6667, -7.0, 12.3333, -7.0, 12.6667, -7.6667]",6.893357,9.194977,91.760558
349,349,5c:01:3b:6b:b0:95,-39,256,"[86.0, -32.0, 4.0, 0.0, 4.3333, 8.3333, 4.6667, 7.6667, 4.6667, 7.3333, 4.6667, 7.0, 4.3333, 7.0, 4.6667, 6.6667, 4.6667, 6.6667, 4.6667, 6.0, 4.3333, 6.3333, 4.6667, 5.6667, 4.6667, 5.6667, 4.3333, 5.6667, 4.3333, 5.6667, 4.6667, 5.6667, 4.6667, 5.6667, 4.3333, 6.0, 4.6667, 6.0, 4.6667, 6.3333, 4.0, 6.0, 4.0, 5.6667, 3.6667, 5.6667, 3.3333, 5.6667, 3.3333, 5.6667, 3.0, 5.6667, 2.6667, 5.6667, 0.3333, 1.0, 0.0, 0.0, 0.0, 0.0, 0.0, 0.0, 0.0, 0.0, 0.0, 0.0, 0.0, 0.0, 0.0, 0.0, 0.0, 0.0, 0.0, 0.0, 0.3333, 1.0, 3.0, 4.3333, 3.3333, 5.0, 3.3333, 5.0, 3.0, 5.3333, 3.3333, 5.6667, 3.3333, 6.3333, 3.6667, 6.3333, 3.3333, 7.0, 3.6667, 6.6667, 3.3333, 7.3333, 3.3333, 7.6667, 3.3333, 7.6667, 3.3333, 7.3333, 3.3333, 7.6667, 3.3333, 7.6667, 3.3333, 7.6667, 3.6667, 7.6667, 3.6667, 7.0, 3.6667, 7.0, 4.0, 7.0, 4.0, 7.6667, 4.3333, 7.3333, 4.0, 7.6667, 4.3333, 7.6667, 4.6667, 8.0, 5.0, 8.3333, 4.0, 5.6667, 14.0, 18.3333, 13.3333, 18.3333, 13.0, 17.6667, 13.3333, 17.3333, 12.6667, 16.3333, 13.0, 16.0, 13.0, 15.6667, 13.6667, 15.3333, 13.3333, 14.6667, 14.0, 14.0, 14.3333, 13.6667, 14.6667, 13.3333, 14.6667, 13.6667, 15.0, 14.0, 15.0, 14.3333, 14.6667, 14.3333, 14.0, 14.3333, 13.3333, 14.0, 13.3333, 14.0, 12.3333, 13.6667, 11.6667, 13.6667, 11.0, 13.0, 10.3333, 12.3333, 9.3333, 12.3333, 8.6667, 11.6667, 8.3333, 12.0, 11.0, 12.6667, 9.0, 12.3333, 1.0, 1.6667, 0.0, 0.0, -1.0, -0.6667, -0.6667, -0.6667, -1.0, -0.6667, 0.0, -0.3333, 1.6667, 1.0, 11.0, 8.6667, 10.6667, 9.3333, 10.6667, 10.0, 10.3333, 10.3333, 10.0, 11.6667, 10.0, 12.3333, 10.0, 12.6667, 11.0, 13.6667, 12.0, 14.3333, 12.3333, 14.6667, 12.6667, 14.6667, 12.6667, 15.0, 12.0, 15.3333, 13.0, 16.0, 13.0, 15.6667, 13.3333, 16.3333, 13.3333, 16.3333, 13.3333, 16.3333, 13.0, 16.0, 12.3333, 15.6667, 12.6667, 15.6667, 13.0, 15.6667, 13.3333, 16.0, 13.3333, 16.6667, 12.3333, 16.0, 13.0, 16.6667, 13.6667, 17.0, 14.3333, 17.3333]",12.296586,10.062162,91.760558
350,350,5c:01:3b:6b:b0:95,-44,256,"[86.0, -32.0, 4.0, 0.0, 9.6667, 18.3333, 10.0, 17.3333, 10.0, 16.6667, 10.0, 15.6667, 9.6667, 15.6667, 10.0, 15.0, 10.3333, 14.3333, 11.0, 13.3333, 11.3333, 13.3333, 11.6667, 12.3333, 11.6667, 12.3333, 11.6667, 12.3333, 11.6667, 12.3333, 12.0, 12.3333, 12.0, 12.3333, 11.6667, 13.0, 11.6667, 13.0, 11.0, 13.3333, 10.0, 12.6667, 9.0, 12.6667, 8.0, 12.6667, 7.0, 12.6667, 7.0, 12.6667, 6.3333, 12.6667, 5.3333, 12.6667, 1.0, 3.0, 0.0, 0.0, 0.0, 0.0, 0.0, 0.0, 0.0, 0.0, 0.0, 0.0, 0.0, 0.0, 0.0, 0.0, 0.0, 0.0, 0.0, 0.0, 1.6667, 2.3333, 8.3333, 10.0, 8.3333, 11.0, 8.0, 11.6667, 7.6667, 12.6667, 7.6667, 13.3333, 7.3333, 14.3333, 7.0, 15.0, 6.3333, 16.0, 6.0, 16.0, 5.6667, 17.0, 5.6667, 17.6667, 5.6667, 18.3333, 5.6667, 17.6667, 5.6667, 17.6667, 5.6667, 17.6667, 5.6667, 17.6667, 6.3333, 17.6667, 6.6667, 16.6667, 6.6667, 16.6667, 7.3333, 16.6667, 8.0, 17.6667, 8.3333, 17.3333, 8.3333, 17.3333, 9.0, 17.3333, 9.6667, 18.3333, 10.3333, 19.0, 6.0, 13.3333, 21.3333, 43.0, 20.0, 43.0, 20.0, 41.3333, 20.3333, 40.3333, 19.6667, 38.3333, 20.0, 37.3333, 20.6667, 36.3333, 21.6667, 35.3333, 22.0, 33.3333, 23.3333, 31.3333, 25.0, 30.3333, 26.0, 29.3333, 26.3333, 30.0, 26.3333, 30.3333, 26.3333, 30.3333, 26.0, 30.3333, 24.3333, 30.3333, 23.3333, 30.3333, 22.3333, 30.6667, 20.3333, 30.6667, 18.6667, 30.6667, 17.3333, 29.6667, 16.3333, 28.6667, 14.6667, 28.6667, 13.0, 28.0, 11.6667, 28.6667, 12.0, 30.6667, 10.0, 30.6667, 1.0, 5.0, 0.0, 1.0, -1.0, -1.0, -1.0, -1.0, -1.0, -1.0, 0.6667, 0.0, 3.0, 3.0, 18.6667, 19.6667, 18.3333, 21.6667, 19.0, 23.6667, 17.6667, 25.6667, 16.3333, 28.6667, 15.3333, 30.6667, 15.0, 32.3333, 15.0, 34.6667, 15.0, 36.3333, 14.6667, 38.0, 14.3333, 38.3333, 14.3333, 39.3333, 14.0, 40.3333, 15.0, 41.3333, 15.0, 41.3333, 14.6667, 42.3333, 14.6667, 42.3333, 14.6667, 42.3333, 15.0, 41.3333, 14.6667, 40.3333, 15.3333, 40.3333, 16.0, 40.3333, 16.6667, 40.3333, 17.6667, 41.0, 17.6667, 40.0, 19.3333, 40.3333, 20.6667, 41.0, 21.6667, 42.3333]",25.269037,15.775775,91.760558
351,351,5c:01:3b:6b:b0:95,-43,256,"[86.0, -32.0, 4.0, 0.0, 8.6667, 13.3333, 9.3333, 12.3333, 9.3333, 11.6667, 9.3333, 11.0, 9.3333, 11.0, 9.3333, 10.3333, 10.0, 9.6667, 11.0, 9.0, 11.3333, 9.3333, 12.0, 8.6667, 12.0, 9.0, 12.0, 9.0, 12.0, 9.3333, 12.6667, 9.3333, 12.6667, 9.3333, 12.0, 9.6667, 12.0, 9.6667, 11.0, 9.3333, 10.0, 8.6667, 8.6667, 8.3333, 7.6667, 8.6667, 6.6667, 8.6667, 6.6667, 8.6667, 5.6667, 9.0, 4.6667, 9.3333, 0.6667, 2.3333, 0.0, 0.0, 0.0, 0.0, 0.0, 0.0, 0.0, 0.0, 0.0, 0.0, 0.0, 0.0, 0.0, 0.0, 0.0, 0.0, 0.0, 0.0, 1.6667, 1.3333, 8.6667, 7.0, 8.0, 7.3333, 7.6667, 8.0, 7.0, 9.0, 7.0, 10.0, 6.3333, 10.6667, 6.0, 11.6667, 5.3333, 12.6667, 5.0, 13.0, 4.3333, 13.6667, 4.3333, 14.3333, 4.3333, 15.0, 4.0, 14.3333, 4.0, 14.3333, 4.3333, 14.3333, 4.3333, 14.3333, 5.0, 14.0, 5.3333, 13.3333, 5.3333, 13.0, 6.3333, 13.0, 7.3333, 13.6667, 7.3333, 13.3333, 7.3333, 13.0, 8.3333, 12.6667, 8.6667, 13.3333, 9.6667, 14.0, 4.0, 7.0, 14.6667, 23.3333, 14.0, 23.6667, 14.0, 22.3333, 14.6667, 21.6667, 14.3333, 20.3333, 15.0, 19.6667, 15.3333, 18.6667, 16.3333, 18.6667, 17.0, 17.6667, 18.6667, 17.0, 20.0, 16.6667, 21.0, 16.3333, 21.6667, 17.3333, 21.6667, 17.3333, 21.6667, 17.3333, 21.0, 17.3333, 19.6667, 17.3333, 18.6667, 17.0, 17.6667, 16.6667, 15.6667, 16.3333, 14.3333, 16.0, 12.6667, 15.3333, 11.6667, 14.6667, 10.3333, 15.0, 9.0, 15.0, 7.6667, 16.3333, 7.3333, 16.0, 5.6667, 16.6667, 0.3333, 2.3333, -0.3333, 0.3333, -1.0, -0.6667, -1.0, -0.6667, -1.0, -0.6667, 0.3333, -0.3333, 2.3333, 1.3333, 15.6667, 10.0, 15.0, 11.0, 15.0, 12.6667, 13.3333, 13.3333, 11.6667, 15.0, 10.6667, 16.6667, 10.0, 18.3333, 10.0, 20.0, 9.6667, 21.6667, 9.3333, 23.6667, 9.0, 23.6667, 9.0, 24.6667, 8.6667, 25.3333, 9.0, 26.0, 9.0, 26.0, 9.0, 26.6667, 9.0, 26.6667, 9.0, 26.6667, 9.3333, 25.6667, 9.0, 24.6667, 9.6667, 24.3333, 10.6667, 24.0, 11.3333, 23.6667, 12.0, 24.0, 12.3333, 22.6667, 13.6667, 22.3333, 14.3333, 22.6667, 15.3333, 24.0]",17.10835,10.752729,91.760558
352,352,5c:01:3b:6b:b0:95,-44,256,"[86.0, -32.0, 4.0, 0.0, 11.0, 3.6667, 11.3333, 2.6667, 11.6667, 2.3333, 11.3333, 2.0, 11.3333, 2.0, 11.6667, 1.6667, 12.0, 1.3333, 12.6667, 1.0, 13.3333, 1.6667, 13.6667, 1.3333, 13.6667, 2.0, 13.6667, 2.0, 13.6667, 2.6667, 14.3333, 2.6667, 14.0, 2.6667, 13.6667, 2.3333, 13.6667, 2.3333, 12.6667, 1.6667, 11.6667, 1.3333, 10.3333, 0.6667, 9.3333, 1.3333, 8.3333, 1.3333, 8.0, 1.3333, 7.0, 2.0, 6.0, 2.6667, 1.0, 0.6667, 0.0, 0.0, 0.0, 0.0, 0.0, 0.0, 0.0, 0.0, 0.0, 0.0, 0.0, 0.0, 0.0, 0.0, 0.0, 0.0, 0.0, 0.0, 2.3333, -0.3333, 10.3333, 1.0, 10.0, 0.6667, 9.6667, 1.0, 9.0, 2.0, 9.0, 3.0, 8.6667, 3.3333, 8.3333, 4.3333, 7.6667, 5.3333, 7.3333, 6.0, 6.6667, 6.3333, 6.6667, 6.6667, 6.6667, 7.0, 6.3333, 6.6667, 6.3333, 6.6667, 6.6667, 6.6667, 6.6667, 6.6667, 7.0, 6.0, 7.6667, 5.6667, 7.6667, 5.0, 8.6667, 5.0, 9.6667, 5.3333, 9.6667, 4.6667, 9.6667, 4.0, 10.6667, 3.3333, 11.3333, 3.6667, 12.0, 4.0, 5.6667, 0.0, 20.6667, 1.6667, 19.6667, 2.3333, 19.3333, 1.6667, 19.6667, 1.3333, 19.3333, 0.6667, 19.6667, 0.3333, 20.0, -0.6667, 21.0, 0.3333, 21.6667, 0.3333, 23.0, 1.0, 24.6667, 1.3333, 25.3333, 1.6667, 26.0, 2.6667, 26.0, 2.6667, 25.6667, 2.6667, 25.0, 2.6667, 23.6667, 2.6667, 22.6667, 2.0, 21.6667, 1.3333, 19.6667, 0.6667, 18.0, 0.0, 16.6667, -0.3333, 15.6667, -0.6667, 14.3333, 0.0, 12.6667, 1.0, 10.6667, 2.6667, 6.6667, 1.0, 5.0, 2.3333, 0.3333, -0.3333, -0.3333, -0.3333, -1.0, -0.3333, -1.0, -0.3333, -1.0, -0.3333, 0.6667, -0.6667, 2.6667, -0.3333, 18.3333, 0.0, 19.0, 0.0, 18.6667, 0.3333, 17.3333, -0.3333, 16.0, 0.0, 15.0, 1.3333, 14.6667, 2.6667, 13.6667, 4.0, 12.3333, 5.3333, 11.3333, 7.3333, 10.6667, 7.3333, 10.6667, 8.3333, 10.6667, 8.6667, 10.6667, 9.0, 10.6667, 9.0, 10.0, 9.3333, 10.0, 9.3333, 10.0, 9.3333, 10.6667, 8.3333, 11.0, 7.3333, 12.0, 6.6667, 13.3333, 6.0, 14.6667, 5.3333, 16.0, 5.0, 17.6667, 3.3333, 19.0, 2.6667, 20.3333, 2.3333, 21.0, 3.0]",12.870427,9.631204,91.760558
353,353,5c:01:3b:6b:b0:95,-43,256,"[86.0, -32.0, 4.0, 0.0, 7.3333, 3.3333, 8.0, 2.3333, 8.3333, 2.3333, 8.0, 2.0, 8.0, 1.6667, 8.6667, 1.3333, 9.0, 1.0, 9.6667, 1.0, 10.3333, 1.6667, 10.6667, 1.3333, 10.6667, 1.6667, 10.6667, 1.6667, 11.0, 2.3333, 11.6667, 2.6667, 11.3333, 2.6667, 11.0, 2.0, 10.6667, 2.0, 9.6667, 1.3333, 8.6667, 1.3333, 8.0, 0.6667, 7.0, 1.0, 6.0, 1.0, 5.3333, 1.0, 4.6667, 1.6667, 3.6667, 2.3333, 0.3333, 0.3333, 0.0, 0.0, 0.0, 0.0, 0.0, 0.0, 0.0, 0.0, 0.0, 0.0, 0.0, 0.0, 0.0, 0.0, 0.0, 0.0, 0.0, 0.0, 1.6667, -0.3333, 8.0, 0.6667, 7.6667, 0.3333, 7.3333, 0.6667, 6.3333, 1.6667, 6.3333, 2.6667, 5.6667, 3.0, 5.3333, 4.0, 4.6667, 5.0, 4.3333, 6.0, 3.3333, 6.0, 3.3333, 6.3333, 3.3333, 6.3333, 2.6667, 6.3333, 2.6667, 6.3333, 3.3333, 6.3333, 3.3333, 6.3333, 4.0, 5.6667, 4.3333, 5.6667, 4.3333, 5.0, 5.3333, 5.0, 6.3333, 4.6667, 6.3333, 4.3333, 6.3333, 3.6667, 7.3333, 3.0, 7.6667, 3.3333, 8.3333, 3.3333, 3.3333, -0.3333, 13.0, 1.0, 12.6667, 1.6667, 12.3333, 1.3333, 13.0, 1.0, 13.0, 0.6667, 13.6667, 0.3333, 14.0, -1.0, 15.0, 0.0, 16.0, 0.0, 17.3333, 1.0, 18.6667, 1.3333, 19.3333, 1.6667, 20.3333, 2.3333, 20.3333, 2.3333, 20.0, 2.3333, 19.3333, 2.6667, 18.3333, 2.6667, 17.3333, 2.0, 16.3333, 1.3333, 14.3333, 0.6667, 13.0, -0.3333, 11.3333, -0.6667, 10.3333, -0.6667, 9.3333, 0.0, 7.6667, 1.0, 6.0, 2.3333, 1.6667, 0.6667, 0.3333, 2.3333, -0.3333, -0.3333, -0.6667, -0.3333, -1.0, -0.3333, -1.0, -0.3333, -1.0, -0.3333, 0.3333, -0.3333, 2.3333, -0.3333, 15.3333, 0.3333, 15.0, 0.3333, 14.0, 0.0, 12.6667, -0.3333, 11.0, -0.3333, 10.0, 1.0, 9.0, 2.3333, 8.0, 3.6667, 6.3333, 5.0, 5.3333, 6.6667, 4.6667, 7.0, 4.3333, 8.0, 4.0, 8.3333, 3.6667, 8.3333, 3.3333, 8.6667, 3.0, 8.6667, 3.3333, 8.6667, 3.3333, 8.6667, 4.0, 8.0, 4.6667, 7.0, 5.6667, 6.3333, 7.0, 6.0, 8.3333, 5.0, 9.3333, 4.6667, 11.0, 3.0, 12.0, 2.6667, 12.6667, 2.0, 13.0, 2.3333]",9.371236,8.798689,91.760558
354,354,5c:01:3b:6b:b0:95,-43,256,"[86.0, -32.0, 4.0, 0.0, 7.6667, 12.6667, 8.0, 11.6667, 8.0, 11.6667, 7.6667, 11.0, 7.6667, 10.3333, 8.0, 9.6667, 8.0, 9.0, 8.6667, 9.0, 9.6667, 9.3333, 9.6667, 8.6667, 9.6667, 8.3333, 9.6667, 8.3333, 10.3333, 8.6667, 10.6667, 9.3333, 10.3333, 9.3333, 10.3333, 9.0, 9.6667, 9.0, 8.6667, 8.6667, 7.6667, 8.6667, 7.3333, 8.3333, 6.3333, 8.0, 5.6667, 8.0, 5.0, 8.0, 4.6667, 8.3333, 4.3333, 8.6667, 0.6667, 1.6667, 0.0, 0.0, 0.0, 0.0, 0.0, 0.0, 0.0, 0.0, 0.0, 0.0, 0.0, 0.0, 0.0, 0.0, 0.0, 0.0, 0.0, 0.0, 1.6667, 1.3333, 7.3333, 6.3333, 7.3333, 6.6667, 6.6667, 7.3333, 6.3333, 8.3333, 6.6667, 9.3333, 6.6667, 10.0, 6.6667, 11.0, 6.6667, 12.0, 6.3333, 13.0, 5.6667, 13.0, 5.6667, 13.6667, 5.6667, 13.6667, 5.3333, 13.6667, 5.3333, 13.6667, 5.6667, 13.6667, 5.6667, 13.6667, 6.0, 13.3333, 6.3333, 13.3333, 6.3333, 13.0, 7.0, 13.0, 7.6667, 12.3333, 7.3333, 12.6667, 7.0, 12.3333, 7.6667, 12.0, 8.0, 12.6667, 8.3333, 12.6667, 4.0, 6.3333, 15.0, 22.0, 15.0, 22.3333, 14.3333, 21.6667, 14.6667, 21.0, 14.3333, 20.3333, 14.0, 19.6667, 14.0, 18.0, 14.3333, 18.0, 15.3333, 17.0, 16.3333, 17.0, 17.6667, 16.6667, 18.3333, 16.3333, 19.3333, 16.6667, 19.3333, 16.6667, 19.0, 16.6667, 18.6667, 17.3333, 17.6667, 17.3333, 16.6667, 17.0, 15.6667, 16.6667, 13.6667, 16.3333, 12.3333, 15.3333, 11.0, 14.6667, 10.6667, 14.6667, 10.0, 15.0, 9.0, 15.0, 8.3333, 15.6667, 5.6667, 15.3333, 4.0, 16.6667, 0.3333, 2.3333, -0.3333, 0.3333, -1.0, -0.6667, -1.0, -0.6667, -1.0, -0.6667, 0.3333, 0.3333, 2.3333, 1.3333, 15.0, 10.6667, 15.0, 11.6667, 13.3333, 12.0, 12.3333, 13.3333, 12.0, 14.3333, 11.6667, 16.0, 11.6667, 17.6667, 11.6667, 19.3333, 11.3333, 21.0, 10.3333, 22.3333, 10.0, 23.0, 9.6667, 24.0, 9.3333, 24.6667, 9.3333, 24.6667, 9.0, 25.3333, 8.3333, 25.3333, 8.6667, 25.3333, 8.6667, 25.3333, 9.0, 25.0, 10.0, 24.0, 11.0, 23.6667, 12.0, 24.0, 12.6667, 23.0, 13.0, 23.3333, 13.6667, 22.0, 14.3333, 22.3333, 15.0, 22.0, 15.3333, 22.6667]",16.355089,10.636666,91.760558
355,355,5c:01:3b:6b:b0:95,-43,256,"[86.0, -32.0, 4.0, 0.0, 4.3333, 8.0, 5.0, 7.6667, 4.6667, 8.0, 4.6667, 7.3333, 4.6667, 7.0, 5.0, 6.6667, 4.6667, 6.3333, 5.0, 6.3333, 5.3333, 6.6667, 5.0, 6.0, 5.0, 5.6667, 4.6667, 5.6667, 5.3333, 5.6667, 5.3333, 6.3333, 5.6667, 6.3333, 5.6667, 6.3333, 5.0, 6.3333, 4.6667, 6.3333, 4.3333, 6.3333, 4.3333, 6.0, 4.0, 5.6667, 3.3333, 5.6667, 2.6667, 5.6667, 2.6667, 5.3333, 2.3333, 5.3333, 0.3333, 0.6667, 0.0, 0.0, 0.0, 0.0, 0.0, 0.0, 0.0, 0.0, 0.0, 0.0, 0.0, 0.0, 0.0, 0.0, 0.0, 0.0, 0.0, 0.0, 0.6667, 1.0, 4.0, 4.3333, 4.3333, 4.6667, 4.0, 5.0, 3.6667, 5.3333, 4.0, 5.3333, 3.6667, 5.6667, 3.3333, 6.3333, 3.6667, 6.6667, 3.0, 7.0, 2.3333, 6.6667, 2.3333, 7.3333, 2.3333, 7.0, 1.6667, 7.0, 1.6667, 7.3333, 2.3333, 7.3333, 2.3333, 7.3333, 3.0, 7.3333, 3.0, 7.3333, 3.0, 7.3333, 3.6667, 7.6667, 4.3333, 7.0, 4.0, 7.6667, 3.6667, 7.6667, 4.3333, 7.6667, 4.3333, 8.0, 5.0, 8.0, 2.0, 5.3333, 8.0, 17.6667, 8.3333, 17.6667, 8.0, 17.0, 8.6667, 16.6667, 8.3333, 16.3333, 8.3333, 16.3333, 8.6667, 15.3333, 8.6667, 15.3333, 9.0, 14.3333, 9.0, 14.3333, 9.3333, 14.0, 9.6667, 13.6667, 10.3333, 13.6667, 10.3333, 14.0, 10.3333, 14.0, 10.3333, 14.3333, 9.6667, 14.3333, 9.3333, 14.3333, 8.6667, 14.0, 7.6667, 13.6667, 7.3333, 13.0, 6.3333, 12.6667, 6.0, 12.6667, 5.3333, 12.6667, 4.3333, 11.6667, 4.0, 11.6667, 1.3333, 12.6667, 0.0, 13.0, -0.3333, 1.6667, -0.6667, 0.0, -1.0, -0.6667, -1.0, -0.6667, -1.0, -0.6667, -0.3333, 0.3333, 1.3333, 1.3333, 8.3333, 10.6667, 8.3333, 11.3333, 7.6667, 10.0, 7.6667, 11.0, 7.3333, 11.6667, 7.0, 12.3333, 6.3333, 13.0, 6.3333, 13.6667, 5.6667, 14.0, 4.6667, 14.3333, 4.0, 14.6667, 3.3333, 15.3333, 2.6667, 15.6667, 2.6667, 15.3333, 2.0, 16.0, 1.6667, 16.0, 2.3333, 16.0, 2.3333, 16.0, 3.0, 16.0, 4.0, 15.6667, 5.0, 15.6667, 6.0, 16.3333, 6.3333, 16.0, 6.6667, 17.0, 7.0, 16.6667, 7.6667, 17.3333, 7.6667, 17.0, 8.0, 17.6667]",11.015461,9.206301,91.760558
356,356,5c:01:3b:6b:b0:95,-42,256,"[86.0, -32.0, 4.0, 0.0, -3.0, -6.0, -2.6667, -5.6667, -2.6667, -5.0, -2.6667, -5.3333, -3.0, -5.0, -3.0, -4.6667, -3.3333, -4.3333, -3.3333, -4.3333, -3.3333, -3.6667, -3.3333, -4.0, -3.3333, -3.6667, -3.6667, -3.6667, -3.3333, -3.6667, -3.0, -3.3333, -3.0, -3.3333, -3.0, -3.3333, -3.3333, -3.3333, -3.3333, -3.3333, -3.0, -3.3333, -3.0, -4.0, -2.3333, -3.6667, -2.3333, -3.6667, -2.6667, -3.6667, -2.3333, -4.3333, -2.0, -4.3333, -0.6667, -1.6667, 0.0, 0.0, 0.0, 0.0, 0.0, 0.0, 0.0, 0.0, 0.0, 0.0, 0.0, 0.0, 0.0, 0.0, 0.0, 0.0, 0.0, 0.0, -1.0, -1.0, -2.3333, -3.3333, -2.0, -3.6667, -2.3333, -4.0, -2.3333, -4.3333, -2.0, -5.3333, -1.6667, -5.6667, -1.6667, -5.3333, -1.3333, -5.6667, -1.6667, -6.0, -1.6667, -6.6667, -1.6667, -6.3333, -1.6667, -7.0, -2.0, -7.0, -2.0, -6.3333, -1.6667, -6.3333, -2.0, -6.3333, -1.6667, -6.3333, -1.6667, -6.3333, -2.0, -6.3333, -1.6667, -5.6667, -1.6667, -6.0, -2.3333, -5.6667, -2.6667, -5.6667, -2.6667, -5.6667, -2.6667, -6.0, -2.6667, -6.0, -2.6667, -2.3333, -6.6667, -7.6667, -6.3333, -7.6667, -6.3333, -8.0, -5.6667, -7.6667, -6.0, -7.3333, -6.3333, -6.3333, -6.3333, -6.3333, -6.6667, -5.3333, -6.6667, -5.3333, -7.0, -4.3333, -7.3333, -4.0, -7.3333, -3.6667, -7.0, -3.6667, -7.0, -3.0, -6.6667, -3.0, -6.6667, -3.3333, -7.0, -3.3333, -7.0, -3.3333, -7.0, -4.0, -6.6667, -4.6667, -6.0, -5.0, -5.6667, -4.6667, -5.3333, -4.6667, -5.3333, -4.6667, -5.0, -5.6667, -4.3333, -5.6667, -5.6667, -4.6667, -6.3333, -5.0, -1.3333, -1.6667, -1.0, -1.0, -0.6667, -0.3333, -0.6667, -0.3333, -0.6667, -0.3333, -1.0, -0.3333, -1.0, -0.3333, -5.0, 0.3333, -5.0, -0.3333, -5.0, -4.0, -4.6667, -5.0, -4.3333, -5.6667, -4.3333, -6.3333, -4.3333, -7.0, -3.6667, -7.6667, -3.6667, -9.0, -4.3333, -9.3333, -4.3333, -9.6667, -4.6667, -9.3333, -5.3333, -9.6667, -5.3333, -10.3333, -5.3333, -10.0, -6.0, -10.0, -5.6667, -10.0, -5.6667, -10.0, -5.6667, -10.0, -5.0, -9.6667, -4.6667, -9.6667, -4.3333, -9.3333, -4.6667, -9.0, -5.3333, -8.0, -5.6667, -7.6667, -5.6667, -7.3333, -6.0, -8.0, -6.0, -7.6667]",6.976373,8.115882,91.760558
357,357,5c:01:3b:6b:b0:95,-43,256,"[86.0, -32.0, 4.0, 0.0, -11.6667, -13.0, -11.3333, -12.3333, -10.6667, -11.6667, -10.6667, -11.3333, -11.3333, -10.6667, -11.0, -10.0, -11.3333, -9.3333, -11.6667, -9.0, -12.0, -8.3333, -11.6667, -8.0, -11.6667, -7.3333, -12.0, -7.3333, -12.0, -7.3333, -11.3333, -7.3333, -11.6667, -7.3333, -11.6667, -7.3333, -11.6667, -7.3333, -11.3333, -7.6667, -10.3333, -8.0, -10.3333, -8.6667, -8.6667, -8.0, -8.3333, -8.3333, -8.6667, -8.3333, -8.0, -9.0, -7.6667, -9.3333, -2.0, -2.6667, 0.0, 0.0, 0.0, 0.0, 0.0, 0.0, 0.0, 0.0, 0.0, 0.0, 0.0, 0.0, 0.0, 0.0, 0.0, 0.0, 0.0, 0.0, -2.6667, -2.0, -8.6667, -6.6667, -8.3333, -7.3333, -8.6667, -8.3333, -9.0, -9.0, -9.0, -10.6667, -8.6667, -11.3333, -9.0, -11.6667, -9.0, -12.3333, -9.6667, -13.3333, -9.6667, -14.0, -9.6667, -14.0, -10.0, -14.6667, -10.0, -14.6667, -10.0, -14.0, -9.6667, -14.0, -10.3333, -14.0, -9.6667, -14.0, -9.6667, -14.0, -10.0, -13.6667, -10.0, -13.0, -10.0, -13.0, -10.6667, -12.6667, -10.6667, -12.6667, -11.0, -12.3333, -11.0, -13.0, -11.3333, -13.0, -8.3333, -7.3333, -24.3333, -23.0, -24.3333, -23.0, -23.6667, -22.6667, -22.6667, -22.0, -22.6667, -21.3333, -22.3333, -20.0, -22.0, -19.0, -22.0, -17.3333, -22.3333, -16.3333, -23.0, -14.6667, -24.0, -13.6667, -24.3333, -12.6667, -24.3333, -12.6667, -24.3333, -12.0, -23.6667, -12.0, -23.6667, -12.6667, -23.6667, -13.0, -23.3333, -13.0, -22.6667, -14.0, -21.0, -15.0, -19.3333, -15.3333, -18.0, -14.6667, -17.6667, -15.0, -17.3333, -15.0, -16.6667, -16.0, -15.6667, -16.3333, -17.0, -17.0, -16.6667, -18.0, -3.0, -4.0, -1.6667, -1.6667, -0.3333, 0.0, -0.3333, -0.3333, -0.3333, -0.3333, -1.6667, -0.6667, -3.3333, -1.3333, -18.3333, -6.0, -18.3333, -7.6667, -17.6667, -11.6667, -17.0, -14.0, -17.3333, -16.0, -17.6667, -17.6667, -18.3333, -19.3333, -18.0, -21.0, -18.6667, -23.3333, -19.0, -24.3333, -18.6667, -25.0, -19.0, -25.0, -20.0, -25.6667, -20.0, -26.3333, -20.0, -26.6667, -20.3333, -26.6667, -20.0, -26.6667, -20.0, -26.6667, -20.3333, -26.6667, -20.0, -26.0, -20.3333, -25.6667, -20.6667, -25.6667, -21.0, -24.6667, -22.0, -23.6667, -22.3333, -22.6667, -22.6667, -22.3333, -23.3333, -22.6667, -24.0, -22.6667]",19.408736,11.979428,91.760558
358,358,5c:01:3b:6b:b0:95,-43,256,"[86.0, -32.0, 4.0, 0.0, -18.3333, -6.0, -18.3333, -5.6667, -17.3333, -5.3333, -17.3333, -4.6667, -18.0, -4.3333, -17.6667, -4.0, -17.6667, -3.6667, -17.6667, -3.0, -17.6667, -2.6667, -16.6667, -2.0, -16.6667, -1.6667, -16.6667, -1.6667, -16.6667, -1.6667, -16.0, -1.6667, -16.6667, -1.6667, -16.6667, -1.6667, -16.6667, -1.6667, -16.6667, -2.3333, -16.0, -3.0, -15.6667, -3.3333, -14.3333, -3.0, -13.3333, -3.6667, -13.3333, -3.6667, -12.6667, -4.0, -11.6667, -4.6667, -3.0, -1.3333, 0.0, 0.0, 0.0, 0.0, 0.0, 0.0, 0.0, 0.0, 0.0, 0.0, 0.0, 0.0, 0.0, 0.0, 0.0, 0.0, 0.0, 0.0, -3.6667, -1.0, -13.0, -2.3333, -13.3333, -2.6667, -14.0, -3.6667, -14.3333, -4.0, -14.3333, -5.3333, -14.0, -5.6667, -14.0, -6.3333, -14.0, -6.6667, -14.6667, -7.6667, -14.3333, -8.0, -14.3333, -8.0, -15.0, -8.3333, -14.3333, -8.3333, -14.3333, -8.0, -14.3333, -8.0, -15.3333, -8.0, -14.6667, -8.0, -14.6667, -8.0, -15.0, -7.3333, -15.6667, -7.0, -16.0, -7.0, -16.6667, -6.3333, -16.6667, -6.3333, -17.6667, -5.6667, -17.6667, -6.0, -18.6667, -6.0, -12.0, -4.6667, -36.6667, -13.0, -36.6667, -13.0, -35.6667, -12.3333, -35.0, -12.0, -34.6667, -11.6667, -34.6667, -11.0, -34.3333, -10.0, -34.3333, -8.6667, -34.0, -7.6667, -34.0, -6.3333, -34.6667, -5.3333, -34.6667, -4.3333, -34.6667, -4.3333, -34.6667, -4.0, -34.0, -4.0, -33.6667, -4.3333, -33.6667, -5.0, -33.3333, -5.0, -32.6667, -6.0, -31.3333, -7.0, -29.6667, -7.6667, -28.0, -7.3333, -27.0, -8.0, -26.3333, -8.0, -24.6667, -9.0, -23.0, -9.6667, -22.6667, -12.0, -21.6667, -13.0, -4.0, -3.0, -1.6667, -1.3333, 0.0, 0.0, 0.0, -0.6667, 0.0, -0.6667, -2.0, -0.3333, -4.6667, -0.6667, -25.6667, -2.0, -26.3333, -3.3333, -26.6667, -5.3333, -26.6667, -7.0, -27.0, -9.0, -27.3333, -10.3333, -27.6667, -11.6667, -27.0, -13.0, -27.3333, -14.6667, -27.3333, -15.6667, -27.0, -16.0, -27.0, -16.0, -28.0, -16.3333, -28.0, -16.6667, -27.6667, -17.3333, -28.0, -17.3333, -28.0, -17.3333, -28.0, -17.3333, -28.6667, -17.3333, -28.6667, -17.0, -29.3333, -16.3333, -30.3333, -16.3333, -31.0, -15.3333, -32.6667, -14.3333, -33.3333, -13.3333, -34.3333, -12.6667, -35.3333, -12.3333, -36.0, -12.3333]",21.86406,13.038979,91.760558
359,359,5c:01:3b:6b:b0:95,-43,256,"[86.0, -32.0, 4.0, 0.0, -12.6667, -3.0, -12.6667, -3.3333, -12.0, -3.3333, -12.0, -2.6667, -12.3333, -2.6667, -12.3333, -2.6667, -12.3333, -2.6667, -12.3333, -1.6667, -12.6667, -1.6667, -12.0, -1.0, -12.0, -1.0, -12.3333, -1.0, -12.3333, -1.0, -12.0, -1.0, -12.3333, -1.0, -12.0, -1.0, -12.0, -1.0, -12.0, -1.6667, -11.6667, -2.3333, -11.0, -2.0, -10.3333, -2.0, -9.3333, -2.3333, -9.3333, -2.0, -9.0, -1.6667, -8.0, -2.3333, -2.3333, -0.6667, 0.0, 0.0, 0.0, 0.0, 0.0, 0.0, 0.0, 0.0, 0.0, 0.0, 0.0, 0.0, 0.0, 0.0, 0.0, 0.0, 0.0, 0.0, -2.6667, -1.0, -9.0, -1.6667, -9.3333, -1.6667, -9.6667, -2.6667, -10.0, -2.6667, -9.6667, -3.0, -9.6667, -3.0, -9.6667, -3.3333, -9.6667, -3.3333, -10.0, -4.0, -10.0, -4.0, -10.0, -3.6667, -10.3333, -3.6667, -9.6667, -3.3333, -9.6667, -3.3333, -9.6667, -3.6667, -10.6667, -3.6667, -10.0, -3.6667, -10.0, -4.0, -10.0, -3.6667, -11.0, -3.6667, -11.0, -4.0, -11.3333, -3.3333, -11.3333, -3.3333, -12.3333, -3.0, -12.3333, -3.0, -13.0, -3.0, -8.3333, -3.3333, -25.6667, -8.3333, -25.6667, -8.3333, -25.0, -7.6667, -24.6667, -7.3333, -24.3333, -7.3333, -24.6667, -7.3333, -24.3333, -6.6667, -24.6667, -6.3333, -25.0, -6.0, -25.3333, -6.0, -26.6667, -5.6667, -27.0, -5.0, -27.3333, -5.3333, -27.3333, -5.0, -26.6667, -5.0, -26.0, -5.0, -25.6667, -5.3333, -25.0, -5.0, -24.3333, -5.6667, -23.3333, -5.6667, -21.6667, -5.6667, -20.6667, -5.3333, -19.6667, -5.6667, -19.0, -5.3333, -17.6667, -5.3333, -16.0, -5.6667, -14.6667, -7.0, -13.3333, -8.0, -2.6667, -2.0, -1.0, -1.0, -0.3333, 0.0, 0.0, -0.6667, 0.0, -0.6667, -1.6667, -0.6667, -4.0, -1.3333, -20.3333, -5.0, -20.3333, -5.0, -19.6667, -5.0, -19.0, -5.3333, -19.0, -6.6667, -18.6667, -7.0, -18.6667, -7.3333, -17.6667, -7.6667, -17.3333, -8.0, -17.0, -8.3333, -16.6667, -8.0, -16.6667, -8.0, -17.3333, -8.0, -17.3333, -8.0, -17.3333, -8.3333, -17.0, -8.3333, -17.0, -8.3333, -17.3333, -8.6667, -18.0, -8.6667, -18.0, -9.0, -18.6667, -8.6667, -19.3333, -9.0, -20.0, -8.3333, -21.6667, -8.3333, -22.6667, -8.0, -23.6667, -8.0, -24.6667, -7.3333, -25.0, -7.6667]",15.255856,10.497734,91.760558
360,360,5c:01:3b:6b:b0:95,-39,256,"[86.0, -32.0, 4.0, 0.0, -7.0, -7.0, -7.0, -7.6667, -6.6667, -7.6667, -6.6667, -7.3333, -6.6667, -7.3333, -7.0, -7.3333, -7.0, -7.3333, -7.0, -6.3333, -7.6667, -6.3333, -7.3333, -6.0, -7.3333, -6.0, -8.0, -6.0, -8.0, -6.0, -8.0, -6.0, -8.0, -6.0, -7.3333, -6.0, -7.3333, -6.0, -7.3333, -6.3333, -7.3333, -6.6667, -6.3333, -6.0, -6.3333, -6.0, -5.3333, -5.6667, -5.3333, -5.0, -5.3333, -4.3333, -4.3333, -4.6667, -1.6667, -1.3333, 0.0, 0.0, 0.0, 0.0, 0.0, 0.0, 0.0, 0.0, 0.0, 0.0, 0.0, 0.0, 0.0, 0.0, 0.0, 0.0, 0.0, 0.0, -1.6667, -2.0, -5.0, -5.3333, -5.3333, -5.3333, -5.3333, -6.3333, -5.6667, -6.3333, -5.0, -6.0, -5.3333, -6.0, -5.3333, -5.6667, -5.3333, -5.6667, -5.0, -6.0, -5.0, -6.0, -5.0, -5.3333, -4.6667, -5.3333, -4.3333, -4.6667, -4.3333, -4.6667, -4.3333, -5.3333, -5.3333, -5.3333, -5.0, -5.3333, -5.0, -6.0, -5.0, -6.3333, -6.0, -6.3333, -6.0, -7.0, -6.0, -6.6667, -6.0, -6.6667, -7.0, -7.0, -7.0, -7.0, -7.3333, -7.0, -4.6667, -4.6667, -14.6667, -13.6667, -14.6667, -13.6667, -14.3333, -13.3333, -14.3333, -12.6667, -14.0, -12.6667, -14.6667, -12.6667, -14.3333, -12.3333, -15.0, -12.6667, -16.0, -13.0, -16.6667, -14.0, -18.6667, -14.3333, -19.3333, -14.0, -20.0, -14.6667, -20.0, -14.0, -19.3333, -14.0, -18.3333, -14.0, -17.6667, -13.6667, -16.6667, -13.0, -16.0, -13.3333, -15.3333, -12.3333, -13.6667, -11.3333, -13.3333, -10.6667, -12.3333, -10.3333, -11.6667, -9.6667, -10.6667, -8.6667, -9.0, -8.3333, -6.6667, -7.0, -5.0, -7.0, -1.3333, -1.6667, -0.3333, -1.0, -0.6667, 0.0, 0.0, -0.3333, 0.0, -0.3333, -1.3333, -1.3333, -3.3333, -2.6667, -15.0, -12.0, -14.3333, -11.0, -12.6667, -11.0, -11.3333, -10.6667, -11.0, -11.3333, -10.0, -11.0, -9.6667, -10.6667, -8.3333, -10.3333, -7.3333, -10.0, -6.6667, -9.6667, -6.3333, -9.0, -6.3333, -9.0, -6.6667, -9.0, -6.6667, -9.0, -6.6667, -8.6667, -6.0, -8.6667, -6.0, -8.6667, -6.6667, -9.3333, -7.3333, -9.3333, -7.3333, -10.0, -8.0, -10.3333, -8.3333, -11.0, -9.0, -10.6667, -10.6667, -11.6667, -12.0, -12.0, -13.0, -13.0, -14.0, -12.6667, -14.0, -13.3333]",11.644623,9.517891,91.760558
361,361,5c:01:3b:6b:b0:95,-39,256,"[86.0, -32.0, 4.0, 0.0, 5.0, -8.0, 5.0, -8.6667, 4.6667, -8.6667, 4.6667, -9.0, 4.3333, -9.0, 3.6667, -9.3333, 3.3333, -9.3333, 3.0, -9.0, 2.3333, -9.3333, 2.3333, -9.3333, 2.0, -9.6667, 1.3333, -10.0, 1.3333, -9.6667, 1.3333, -9.6667, 1.3333, -9.6667, 2.3333, -9.6667, 2.3333, -9.6667, 2.0, -9.3333, 2.0, -9.0, 2.6667, -8.0, 2.6667, -8.0, 3.3333, -7.0, 3.0, -6.3333, 3.0, -5.3333, 3.6667, -5.0, 0.3333, -1.6667, 0.0, 0.0, 0.0, 0.0, 0.0, 0.0, 0.0, 0.0, 0.0, 0.0, 0.0, 0.0, 0.0, 0.0, 0.0, 0.0, 0.0, 0.0, 0.0, -2.3333, 2.3333, -7.3333, 2.6667, -7.0, 3.0, -7.3333, 3.3333, -7.3333, 4.3333, -6.3333, 4.6667, -6.0, 4.6667, -5.0, 5.0, -4.6667, 6.0, -4.3333, 6.3333, -4.3333, 6.3333, -3.6667, 7.0, -3.6667, 7.0, -2.6667, 7.0, -3.0, 7.0, -3.6667, 6.3333, -3.6667, 6.0, -4.0, 6.0, -4.6667, 6.3333, -5.3333, 5.6667, -5.6667, 5.6667, -6.3333, 5.6667, -6.6667, 5.6667, -6.6667, 5.0, -7.6667, 5.3333, -7.6667, 5.3333, -8.0, 2.3333, -4.3333, 8.6667, -13.3333, 8.6667, -13.0, 8.3333, -13.3333, 8.0, -12.6667, 7.6667, -12.6667, 6.6667, -13.0, 6.3333, -13.0, 5.3333, -14.3333, 3.6667, -15.6667, 2.6667, -17.6667, 0.3333, -19.0, -0.3333, -19.6667, -1.0, -20.3333, -1.0, -19.6667, -0.6667, -19.6667, 0.0, -19.3333, 0.6667, -18.3333, 1.6667, -17.3333, 2.3333, -17.0, 3.0, -15.0, 4.0, -13.3333, 3.6667, -12.3333, 4.3333, -11.3333, 4.6667, -10.3333, 5.0, -8.6667, 6.3333, -7.6667, 8.3333, -3.6667, 9.6667, -3.0, 1.3333, -1.0, 0.3333, -0.6667, -1.0, -0.3333, -0.3333, 0.0, -0.3333, 0.0, -0.6667, -1.6667, -1.0, -3.6667, -1.3333, -17.0, 0.0, -15.0, 2.3333, -13.6667, 4.3333, -12.3333, 5.6667, -11.6667, 7.3333, -10.3333, 8.6667, -9.0, 10.6667, -8.0, 12.3333, -6.6667, 13.3333, -5.3333, 14.3333, -4.3333, 14.6667, -4.3333, 14.6667, -4.3333, 15.0, -4.3333, 15.0, -3.6667, 15.6667, -3.6667, 15.6667, -3.3333, 15.0, -4.3333, 14.0, -4.3333, 14.0, -5.3333, 13.3333, -6.3333, 13.6667, -7.0, 13.0, -7.3333, 11.6667, -9.0, 10.3333, -10.3333, 9.6667, -12.3333, 9.3333, -12.6667, 9.3333, -13.6667]",10.907832,8.912194,91.760558
362,362,5c:01:3b:6b:b0:95,-40,256,"[86.0, -32.0, 4.0, 0.0, 0.0, -5.0, 0.0, -5.3333, 0.0, -5.3333, 0.0, -6.0, -0.3333, -6.0, -0.6667, -6.3333, -0.6667, -6.3333, -1.0, -6.0, -1.3333, -6.3333, -1.0, -6.0, -1.3333, -6.3333, -1.6667, -6.3333, -2.0, -6.0, -1.6667, -6.0, -2.0, -6.0, -1.3333, -6.0, -1.3333, -6.3333, -1.3333, -6.0, -1.3333, -6.0, -1.0, -5.3333, -0.6667, -5.3333, -0.3333, -5.0, -0.3333, -4.6667, -0.3333, -3.6667, 0.3333, -3.0, -0.3333, -1.3333, 0.0, 0.0, 0.0, 0.0, 0.0, 0.0, 0.0, 0.0, 0.0, 0.0, 0.0, 0.0, 0.0, 0.0, 0.0, 0.0, 0.0, 0.0, -0.6667, -1.6667, -1.0, -5.0, -0.6667, -5.0, -0.3333, -4.6667, -0.3333, -4.6667, 0.3333, -3.6667, 0.6667, -3.0, 0.3333, -2.0, 0.6667, -1.3333, 1.3333, -0.6667, 1.6667, -0.6667, 1.6667, -0.3333, 2.0, -0.3333, 2.0, 0.6667, 2.0, 0.0, 2.0, -0.3333, 1.6667, -0.3333, 1.3333, -1.0, 1.3333, -1.3333, 1.3333, -1.6667, 1.0, -2.3333, 1.0, -2.6667, 0.6667, -3.3333, 0.6667, -3.3333, 0.3333, -4.3333, 0.3333, -4.3333, 0.3333, -5.0, -0.3333, -2.6667, 0.0, -7.6667, 0.0, -7.0, 0.0, -7.6667, 0.0, -7.3333, 0.0, -7.3333, -0.6667, -8.0, -1.0, -8.0, -1.6667, -9.6667, -2.6667, -11.0, -3.0, -12.0, -4.6667, -12.6667, -5.0, -13.0, -5.3333, -13.3333, -5.3333, -13.0, -5.3333, -13.0, -5.0, -12.6667, -4.3333, -12.0, -3.6667, -11.6667, -3.0, -11.6667, -2.3333, -10.3333, -2.0, -9.6667, -1.6667, -8.6667, -1.3333, -7.6667, -1.0, -6.6667, -0.6667, -5.3333, 0.3333, -4.3333, 2.3333, -0.3333, 3.3333, 1.0, 0.3333, -0.3333, 0.0, -0.3333, -0.6667, -0.6667, -0.3333, -0.3333, -0.3333, 0.0, -0.6667, -1.3333, -1.3333, -2.6667, -4.0, -11.6667, -3.3333, -10.6667, -2.3333, -9.6667, -1.0, -8.6667, -0.3333, -7.3333, 0.3333, -5.6667, 1.3333, -4.0, 2.6667, -3.0, 3.6667, -1.3333, 4.0, 0.3333, 4.6667, 1.3333, 5.0, 1.3333, 5.0, 1.3333, 5.0, 1.3333, 5.3333, 1.6667, 5.6667, 1.6667, 5.6667, 2.3333, 5.0, 1.3333, 4.3333, 1.3333, 4.3333, 0.3333, 3.6667, -0.6667, 4.0, -1.0, 3.3333, -1.6667, 2.3333, -3.0, 1.6667, -4.6667, 1.0, -6.6667, 0.6667, -7.3333, 0.6667, -8.3333]",5.942054,8.400985,91.760558
363,363,5c:01:3b:6b:b0:95,-44,256,"[86.0, -32.0, 4.0, 0.0, -1.6667, -3.0, -1.6667, -2.6667, -1.6667, -2.6667, -1.6667, -3.3333, -2.0, -3.3333, -2.3333, -3.6667, -2.6667, -3.6667, -3.0, -4.0, -3.3333, -4.6667, -3.0, -4.3333, -3.3333, -5.0, -3.6667, -5.3333, -4.0, -4.6667, -3.6667, -4.6667, -4.3333, -4.6667, -3.6667, -4.6667, -3.6667, -5.0, -3.3333, -4.3333, -3.0, -4.0, -3.0, -3.3333, -2.3333, -3.3333, -2.0, -3.0, -1.6667, -3.0, -1.3333, -2.3333, -0.6667, -1.6667, -0.3333, -1.0, 0.0, 0.0, 0.0, 0.0, 0.0, 0.0, 0.0, 0.0, 0.0, 0.0, 0.0, 0.0, 0.0, 0.0, 0.0, 0.0, 0.0, 0.0, -1.0, -1.0, -2.3333, -3.3333, -2.0, -3.0, -1.3333, -2.3333, -1.3333, -2.6667, -0.6667, -2.0, 0.0, -1.6667, -0.3333, -1.3333, 0.3333, -0.6667, 0.6667, -0.3333, 1.3333, -0.3333, 1.3333, -0.3333, 1.6667, -0.6667, 1.6667, 0.0, 1.6667, -0.6667, 1.6667, -0.3333, 1.3333, -0.3333, 0.6667, -1.0, 0.6667, -0.6667, 0.3333, -0.6667, 0.3333, -1.3333, 0.0, -1.3333, -0.6667, -2.0, -0.6667, -1.6667, -0.6667, -2.3333, -0.6667, -2.3333, -1.0, -3.0, -1.3333, -2.0, -3.0, -5.0, -3.0, -4.3333, -3.0, -5.0, -3.0, -4.6667, -3.0, -4.6667, -3.3333, -5.0, -4.0, -4.6667, -4.6667, -6.0, -5.3333, -6.6667, -5.6667, -7.6667, -7.0, -8.6667, -7.3333, -9.6667, -7.6667, -9.6667, -7.6667, -9.6667, -8.0, -9.6667, -8.0, -9.0, -7.3333, -8.3333, -6.6667, -8.0, -6.0, -7.6667, -5.3333, -6.3333, -5.0, -6.0, -4.3333, -5.3333, -3.6667, -4.6667, -3.3333, -4.3333, -2.6667, -3.6667, -1.6667, -3.3333, -0.3333, -1.6667, 0.6667, -1.3333, 0.0, -1.0, -0.3333, -0.3333, -0.3333, -0.6667, -0.3333, -0.3333, -0.3333, 0.0, -1.0, -1.0, -1.6667, -2.3333, -5.6667, -9.6667, -5.0, -8.6667, -4.0, -6.3333, -3.0, -5.6667, -2.0, -4.6667, -1.6667, -3.6667, -0.6667, -3.0, 0.3333, -2.6667, 1.0, -1.6667, 1.6667, -0.6667, 2.3333, -0.3333, 3.0, -0.3333, 3.0, -0.3333, 3.0, -0.6667, 3.3333, -0.6667, 3.3333, -0.6667, 3.3333, 0.0, 2.6667, -0.6667, 2.0, -0.3333, 1.6667, -1.0, 1.0, -1.3333, 1.0, -1.3333, 0.3333, -1.6667, -0.3333, -2.3333, -0.6667, -3.3333, -1.3333, -4.3333, -1.6667, -5.0, -1.6667, -5.6667]",4.658892,8.331694,91.760558
364,364,5c:01:3b:6b:b0:95,-44,256,"[86.0, -32.0, 4.0, 0.0, -13.6667, -6.3333, -13.6667, -6.0, -13.0, -5.6667, -13.0, -5.6667, -13.0, -5.3333, -13.3333, -5.0, -13.0, -5.0, -13.0, -4.6667, -13.3333, -4.6667, -13.0, -4.3333, -13.0, -4.3333, -13.3333, -4.3333, -13.6667, -4.0, -13.3333, -4.0, -14.0, -4.0, -13.6667, -4.0, -13.6667, -4.3333, -13.0, -4.3333, -12.3333, -4.3333, -12.3333, -4.0, -11.3333, -4.3333, -11.0, -4.3333, -10.0, -4.3333, -9.6667, -4.3333, -8.6667, -4.0, -2.3333, -1.3333, 0.0, 0.0, 0.0, 0.0, 0.0, 0.0, 0.0, 0.0, 0.0, 0.0, 0.0, 0.0, 0.0, 0.0, 0.0, 0.0, 0.0, 0.0, -2.6667, -1.3333, -10.0, -4.0, -10.0, -4.3333, -9.6667, -4.3333, -10.3333, -5.0, -10.0, -5.0, -9.6667, -5.3333, -10.3333, -5.6667, -10.0, -5.6667, -10.0, -6.0, -9.6667, -6.0, -9.6667, -6.3333, -9.3333, -6.6667, -9.3333, -6.3333, -9.3333, -6.6667, -9.3333, -6.3333, -9.6667, -6.3333, -10.0, -6.3333, -10.0, -6.0, -11.0, -5.6667, -11.0, -6.0, -11.3333, -5.6667, -12.3333, -6.0, -12.3333, -5.6667, -12.3333, -6.0, -13.0, -6.3333, -13.3333, -6.6667, -8.3333, -4.6667, -26.3333, -13.3333, -26.3333, -13.0, -25.6667, -13.3333, -25.0, -12.3333, -24.3333, -12.0, -24.3333, -11.6667, -24.6667, -10.6667, -25.0, -11.0, -25.3333, -10.3333, -25.0, -10.3333, -26.3333, -10.0, -26.6667, -10.0, -27.0, -9.6667, -27.0, -9.6667, -27.0, -9.6667, -27.0, -9.3333, -26.0, -9.0, -25.6667, -9.3333, -24.6667, -9.6667, -23.6667, -9.0, -23.0, -9.3333, -21.3333, -9.0, -20.6667, -8.6667, -19.6667, -8.6667, -18.3333, -8.6667, -17.0, -9.0, -14.6667, -10.0, -13.3333, -10.3333, -2.3333, -2.6667, -1.0, -1.0, 0.0, -0.3333, 0.0, -0.3333, 0.0, 0.0, -1.6667, -1.0, -4.0, -2.0, -19.3333, -9.3333, -19.3333, -9.6667, -19.0, -9.0, -18.6667, -9.6667, -18.6667, -10.3333, -19.0, -10.6667, -18.6667, -11.3333, -18.3333, -11.6667, -18.0, -12.0, -18.0, -12.3333, -17.6667, -12.6667, -17.3333, -13.0, -17.3333, -13.0, -18.0, -13.6667, -17.3333, -13.6667, -17.3333, -14.0, -17.3333, -13.6667, -18.3333, -13.6667, -18.6667, -13.0, -19.0, -13.0, -20.0, -13.0, -20.3333, -12.6667, -21.3333, -12.6667, -22.3333, -12.6667, -22.6667, -12.6667, -23.6667, -13.0, -24.6667, -13.3333, -24.6667, -13.6667]",16.712027,10.887078,91.760558
365,365,5c:01:3b:6b:b0:95,-44,256,"[86.0, -32.0, 4.0, 0.0, -15.6667, -10.3333, -15.6667, -10.0, -15.0, -9.3333, -15.0, -8.6667, -15.0, -8.3333, -15.0, -7.6667, -15.0, -7.3333, -15.0, -7.0, -15.6667, -6.6667, -15.6667, -6.3333, -15.6667, -6.3333, -16.3333, -6.3333, -16.3333, -6.3333, -16.0, -6.3333, -16.3333, -6.3333, -16.0, -6.3333, -16.0, -6.3333, -15.3333, -6.6667, -14.3333, -6.3333, -14.0, -6.3333, -13.3333, -6.6667, -12.3333, -6.0, -11.6667, -6.3333, -11.0, -6.6667, -10.3333, -6.6667, -2.6667, -2.0, 0.0, 0.0, 0.0, 0.0, 0.0, 0.0, 0.0, 0.0, 0.0, 0.0, 0.0, 0.0, 0.0, 0.0, 0.0, 0.0, 0.0, 0.0, -3.0, -1.6667, -11.6667, -6.0, -11.6667, -6.3333, -11.3333, -7.0, -11.6667, -8.0, -11.3333, -8.6667, -11.0, -9.6667, -11.3333, -10.6667, -11.0, -11.3333, -11.0, -12.0, -10.6667, -12.3333, -11.0, -12.6667, -10.6667, -13.0, -10.6667, -13.3333, -10.6667, -13.3333, -10.6667, -13.0, -11.0, -12.6667, -11.3333, -12.3333, -11.3333, -11.6667, -12.3333, -11.3333, -12.3333, -11.3333, -13.0, -11.0, -14.0, -10.6667, -14.0, -10.3333, -14.3333, -10.3333, -15.0, -10.6667, -15.3333, -10.6667, -9.0, -8.0, -28.6667, -23.3333, -28.6667, -23.3333, -28.0, -23.3333, -27.3333, -22.0, -26.6667, -21.3333, -26.6667, -20.3333, -27.0, -18.6667, -27.3333, -18.0, -28.0, -16.3333, -28.0, -16.0, -29.3333, -15.3333, -30.0, -15.3333, -30.6667, -15.0, -30.6667, -15.3333, -30.3333, -15.3333, -30.0, -15.0, -29.0, -14.6667, -28.6667, -14.6667, -27.6667, -15.0, -26.3333, -14.3333, -25.3333, -14.6667, -23.6667, -14.3333, -22.3333, -14.3333, -21.3333, -14.6667, -19.6667, -15.3333, -18.3333, -16.0, -14.6667, -20.0, -13.0, -20.6667, -2.3333, -4.3333, -1.0, -1.6667, 0.0, 0.0, 0.0, 0.0, 0.0, 0.0, -2.0, -1.0, -4.3333, -2.6667, -22.0, -13.6667, -21.3333, -14.3333, -21.3333, -13.3333, -21.0, -15.0, -20.3333, -17.0, -20.3333, -18.6667, -20.0, -20.6667, -19.6667, -22.0, -19.3333, -23.6667, -19.0, -25.0, -18.3333, -26.0, -18.0, -26.6667, -18.3333, -26.6667, -18.6667, -27.6667, -18.3333, -27.6667, -18.3333, -28.3333, -18.3333, -28.3333, -19.0, -28.0, -19.6667, -27.0, -20.0, -26.3333, -21.0, -26.0, -21.6667, -25.6667, -22.6667, -25.3333, -24.0, -24.6667, -24.6667, -23.6667, -26.0, -23.3333, -27.0, -23.3333, -27.3333, -23.3333]",21.27663,12.702027,91.760558
366,366,5c:01:3b:6b:b0:95,-44,256,"[86.0, -32.0, 4.0, 0.0, -21.0, -12.6667, -21.0, -12.6667, -20.0, -11.6667, -20.0, -10.6667, -20.0, -10.0, -19.3333, -9.0, -19.0, -8.6667, -19.0, -7.6667, -19.6667, -6.6667, -19.6667, -6.3333, -19.6667, -5.6667, -20.3333, -5.3333, -20.3333, -5.6667, -19.6667, -5.6667, -19.6667, -5.6667, -19.6667, -5.6667, -19.6667, -5.6667, -19.0, -6.6667, -18.0, -6.6667, -17.3333, -7.0, -17.0, -7.6667, -15.6667, -7.3333, -15.3333, -7.6667, -14.6667, -8.3333, -14.3333, -8.3333, -3.6667, -2.3333, 0.0, 0.0, 0.0, 0.0, 0.0, 0.0, 0.0, 0.0, 0.0, 0.0, 0.0, 0.0, 0.0, 0.0, 0.0, 0.0, 0.0, 0.0, -3.6667, -2.0, -15.3333, -6.6667, -15.3333, -7.6667, -15.3333, -8.6667, -15.6667, -9.6667, -15.6667, -10.6667, -15.6667, -11.6667, -16.0, -12.6667, -16.0, -13.6667, -16.0, -14.3333, -16.0, -14.6667, -16.6667, -15.3333, -16.6667, -15.3333, -16.6667, -15.6667, -16.6667, -15.6667, -16.6667, -15.6667, -16.6667, -15.3333, -16.6667, -14.6667, -16.6667, -14.3333, -17.6667, -13.6667, -17.6667, -13.6667, -18.3333, -13.0, -19.3333, -12.6667, -19.3333, -12.6667, -20.0, -12.6667, -21.0, -13.3333, -21.0, -13.3333, -11.3333, -9.6667, -36.6667, -28.6667, -36.6667, -28.6667, -35.6667, -28.6667, -34.6667, -27.0, -33.6667, -26.0, -33.6667, -25.0, -33.6667, -23.0, -33.6667, -22.0, -34.3333, -20.0, -34.0, -18.6667, -35.0, -16.6667, -35.6667, -15.6667, -36.3333, -15.0, -36.3333, -15.3333, -35.6667, -15.3333, -35.0, -15.3333, -34.0, -15.3333, -34.0, -16.0, -33.0, -17.0, -31.3333, -17.0, -30.6667, -18.0, -28.6667, -17.6667, -27.3333, -17.6667, -26.3333, -17.6667, -24.6667, -18.6667, -23.6667, -19.3333, -18.0, -23.6667, -16.3333, -24.3333, -3.0, -5.0, -1.0, -2.0, 0.0, 0.0, 0.0, 0.0, 0.0, 0.0, -2.0, -1.0, -4.6667, -2.3333, -25.6667, -13.3333, -25.0, -15.3333, -26.6667, -16.0, -26.6667, -18.3333, -26.3333, -21.0, -26.6667, -23.0, -26.6667, -25.0, -26.6667, -26.3333, -26.6667, -28.3333, -27.0, -30.0, -26.3333, -31.0, -26.3333, -32.0, -27.0, -32.0, -27.3333, -33.0, -27.0, -33.0, -27.0, -34.0, -27.0, -34.0, -27.3333, -33.3333, -28.0, -32.3333, -28.0, -31.3333, -29.0, -31.3333, -29.6667, -30.6667, -30.6667, -30.6667, -32.3333, -29.6667, -33.0, -28.6667, -34.6667, -28.6667, -35.6667, -28.6667, -36.3333, -28.6667]",26.476778,14.865871,91.760558
367,367,5c:01:3b:6b:b0:95,-43,256,"[86.0, -32.0, 4.0, 0.0, -20.0, -11.6667, -20.0, -11.3333, -19.0, -10.6667, -19.0, -9.6667, -19.0, -9.3333, -18.3333, -8.6667, -18.0, -8.0, -18.3333, -7.3333, -19.0, -6.6667, -19.0, -6.0, -19.0, -5.6667, -19.6667, -5.3333, -19.6667, -5.6667, -19.0, -5.6667, -19.0, -5.6667, -19.0, -5.6667, -19.0, -5.6667, -18.0, -6.3333, -17.3333, -6.6667, -16.3333, -7.0, -16.0, -7.3333, -14.6667, -7.0, -14.6667, -7.3333, -14.0, -7.6667, -14.0, -7.6667, -3.6667, -2.3333, 0.0, 0.0, 0.0, 0.0, 0.0, 0.0, 0.0, 0.0, 0.0, 0.0, 0.0, 0.0, 0.0, 0.0, 0.0, 0.0, 0.0, 0.0, -3.6667, -1.6667, -14.6667, -6.0, -14.6667, -7.0, -14.6667, -8.0, -14.6667, -8.6667, -14.6667, -9.6667, -15.0, -10.3333, -15.3333, -11.3333, -15.6667, -12.0, -16.0, -12.6667, -16.3333, -13.0, -17.3333, -13.6667, -17.3333, -13.6667, -17.3333, -14.0, -17.3333, -14.0, -17.3333, -14.0, -17.3333, -13.6667, -17.0, -13.0, -17.0, -12.6667, -17.3333, -12.3333, -17.3333, -12.3333, -18.0, -12.0, -18.6667, -11.6667, -18.6667, -11.3333, -19.3333, -11.3333, -20.0, -12.0, -20.0, -12.0, -12.0, -10.3333, -39.0, -30.3333, -39.0, -30.3333, -38.0, -30.3333, -37.0, -29.0, -36.0, -28.0, -36.0, -27.0, -36.0, -25.0, -36.0, -24.0, -37.0, -22.0, -37.0, -20.3333, -38.0, -18.3333, -39.0, -17.3333, -40.0, -16.6667, -40.0, -17.0, -39.0, -17.0, -38.0, -17.3333, -37.0, -17.3333, -37.0, -18.0, -36.0, -19.0, -34.0, -19.0, -33.0, -20.0, -31.0, -19.3333, -29.0, -19.3333, -28.0, -19.3333, -26.0, -20.3333, -25.0, -20.6667, -18.0, -24.6667, -16.0, -25.3333, -3.0, -5.0, -1.0, -2.0, 0.0, 0.0, 0.0, 0.0, 0.0, 0.0, -2.0, -1.0, -5.0, -2.3333, -28.0, -13.0, -27.0, -15.0, -29.0, -16.6667, -29.0, -19.3333, -28.0, -21.6667, -28.0, -24.0, -28.0, -26.0, -28.0, -27.6667, -28.0, -29.6667, -28.0, -31.0, -27.0, -32.0, -27.0, -33.0, -28.0, -33.0, -28.0, -34.0, -28.0, -34.0, -28.0, -35.0, -28.0, -35.0, -28.0, -34.6667, -29.0, -33.6667, -29.0, -32.6667, -30.0, -32.6667, -31.0, -32.3333, -32.0, -32.3333, -34.0, -31.3333, -35.0, -30.3333, -37.0, -30.3333, -38.0, -30.3333, -39.0, -30.3333]",27.1622,15.959818,91.760558
368,368,5c:01:3b:6b:b0:95,-44,256,"[86.0, -32.0, 4.0, 0.0, -17.0, -6.6667, -16.6667, -6.3333, -16.0, -6.3333, -15.6667, -5.6667, -15.6667, -5.6667, -15.0, -5.3333, -14.3333, -5.3333, -14.3333, -5.0, -14.3333, -5.0, -14.3333, -4.6667, -14.3333, -4.6667, -14.3333, -4.6667, -14.3333, -5.0, -14.0, -5.0, -14.0, -5.0, -14.3333, -4.6667, -14.3333, -4.6667, -13.6667, -4.6667, -13.6667, -4.6667, -13.0, -4.6667, -13.0, -4.6667, -12.3333, -4.6667, -12.3333, -4.3333, -11.6667, -4.3333, -11.6667, -4.3333, -3.3333, -1.3333, 0.0, 0.0, 0.0, 0.0, 0.0, 0.0, 0.0, 0.0, 0.0, 0.0, 0.0, 0.0, 0.0, 0.0, 0.0, 0.0, 0.0, 0.0, -3.0, -1.3333, -11.0, -4.0, -11.3333, -4.3333, -11.6667, -4.6667, -12.0, -4.6667, -12.3333, -5.3333, -13.0, -5.3333, -13.3333, -5.6667, -13.6667, -5.6667, -13.6667, -6.3333, -14.0, -6.0, -15.0, -6.3333, -15.0, -6.3333, -14.6667, -6.3333, -14.6667, -6.3333, -15.0, -6.3333, -15.0, -6.6667, -14.6667, -6.0, -14.6667, -6.3333, -14.6667, -6.0, -14.6667, -6.3333, -15.3333, -6.0, -15.6667, -6.3333, -15.6667, -6.0, -16.3333, -6.0, -16.6667, -6.6667, -16.6667, -6.6667, -10.3333, -6.0, -33.0, -17.6667, -33.0, -17.6667, -32.3333, -17.6667, -31.3333, -17.0, -30.3333, -16.3333, -30.0, -16.0, -29.6667, -15.0, -29.3333, -15.0, -29.3333, -14.0, -28.6667, -13.6667, -28.6667, -13.0, -29.0, -12.3333, -29.6667, -12.0, -29.6667, -12.0, -29.0, -12.0, -28.3333, -12.0, -28.0, -12.0, -28.3333, -12.3333, -28.0, -12.6667, -27.0, -12.3333, -26.6667, -12.6667, -25.3333, -12.0, -24.0, -11.6667, -23.6667, -11.3333, -22.3333, -11.6667, -22.0, -11.6667, -17.0, -12.3333, -16.0, -12.3333, -3.0, -2.6667, -1.0, -1.3333, 0.0, -0.3333, -0.3333, 0.0, 0.0, 0.0, -1.3333, -1.0, -3.3333, -2.0, -18.3333, -9.3333, -18.0, -10.0, -22.0, -11.3333, -22.6667, -12.3333, -23.0, -13.0, -23.6667, -14.3333, -24.3333, -15.0, -25.0, -15.3333, -25.6667, -16.0, -26.3333, -16.6667, -26.0, -17.0, -26.3333, -17.3333, -27.0, -17.3333, -27.0, -17.6667, -27.3333, -17.6667, -27.3333, -18.3333, -27.3333, -18.3333, -27.3333, -18.0, -28.0, -17.3333, -27.6667, -17.0, -28.3333, -17.3333, -28.6667, -17.3333, -29.3333, -17.6667, -30.3333, -17.3333, -30.6667, -17.0, -31.6667, -17.3333, -32.3333, -17.3333, -33.0, -17.6667]",20.562276,12.765518,91.760558
369,369,5c:01:3b:6b:b0:95,-44,256,"[86.0, -32.0, 4.0, 0.0, -14.0, -5.6667, -13.3333, -5.0, -13.0, -5.3333, -12.6667, -4.6667, -12.6667, -5.0, -12.3333, -5.0, -11.3333, -4.6667, -11.6667, -4.6667, -11.3333, -5.0, -11.3333, -4.3333, -11.3333, -4.6667, -11.0, -4.6667, -11.0, -5.0, -11.0, -5.0, -11.0, -5.0, -11.3333, -4.6667, -11.3333, -4.6667, -10.6667, -4.3333, -11.0, -4.6667, -10.3333, -4.6667, -10.0, -4.3333, -10.0, -4.3333, -10.0, -4.0, -9.3333, -3.6667, -9.3333, -3.6667, -3.0, -1.3333, 0.0, 0.0, 0.0, 0.0, 0.0, 0.0, 0.0, 0.0, 0.0, 0.0, 0.0, 0.0, 0.0, 0.0, 0.0, 0.0, 0.0, 0.0, -2.6667, -1.0, -8.6667, -3.3333, -9.0, -3.6667, -9.3333, -4.0, -9.6667, -3.6667, -10.0, -4.3333, -11.0, -4.0, -11.3333, -4.3333, -11.6667, -4.0, -11.3333, -4.6667, -11.6667, -4.3333, -12.6667, -4.6667, -12.6667, -4.6667, -12.0, -4.6667, -12.0, -4.6667, -12.6667, -4.6667, -12.6667, -5.0, -12.3333, -4.3333, -12.3333, -4.6667, -12.0, -4.6667, -12.0, -5.0, -12.6667, -5.0, -12.6667, -5.3333, -12.6667, -4.6667, -13.3333, -4.6667, -13.3333, -5.3333, -13.3333, -5.3333, -11.0, -6.0, -34.6667, -17.3333, -34.3333, -17.6667, -33.6667, -17.3333, -32.6667, -17.3333, -32.0, -16.3333, -31.6667, -16.0, -31.0, -15.3333, -30.6667, -15.3333, -30.3333, -14.3333, -29.6667, -13.6667, -29.6667, -13.3333, -29.6667, -12.6667, -30.3333, -12.6667, -30.3333, -12.6667, -29.6667, -12.6667, -29.3333, -12.6667, -29.0, -12.6667, -29.0, -12.6667, -28.6667, -13.0, -28.0, -13.0, -27.3333, -13.3333, -26.0, -12.6667, -25.0, -12.3333, -24.6667, -12.3333, -23.3333, -12.3333, -22.6667, -12.0, -18.6667, -13.0, -17.6667, -13.0, -3.3333, -2.6667, -1.0, -1.3333, 0.0, -0.3333, -0.3333, 0.0, 0.0, 0.0, -1.3333, -1.0, -3.6667, -2.0, -19.3333, -8.6667, -19.3333, -9.3333, -23.0, -10.6667, -23.6667, -11.6667, -24.3333, -12.3333, -25.0, -13.6667, -26.0, -14.3333, -26.6667, -15.0, -27.3333, -15.6667, -28.0, -16.0, -28.0, -16.3333, -28.3333, -16.6667, -29.0, -17.0, -29.0, -17.0, -29.3333, -17.3333, -29.0, -17.6667, -29.3333, -17.6667, -29.3333, -17.6667, -29.6667, -17.3333, -29.3333, -17.0, -30.3333, -17.0, -30.3333, -17.3333, -31.0, -17.3333, -32.0, -17.3333, -32.3333, -16.6667, -33.0, -17.0, -34.0, -17.0, -34.3333, -17.3333]",19.945937,13.741028,91.760558
370,370,5c:01:3b:6b:b0:95,-43,256,"[86.0, -32.0, 4.0, 0.0, -12.0, -6.6667, -11.3333, -6.0, -11.3333, -6.0, -11.0, -5.6667, -11.0, -5.6667, -10.6667, -5.6667, -10.3333, -5.3333, -10.3333, -5.0, -10.3333, -5.3333, -10.6667, -4.6667, -10.6667, -5.0, -10.6667, -4.6667, -10.6667, -5.0, -10.6667, -5.0, -10.6667, -5.0, -10.6667, -4.6667, -10.6667, -5.0, -10.0, -4.6667, -10.0, -5.0, -9.3333, -5.0, -9.0, -4.6667, -8.6667, -5.0, -8.3333, -4.6667, -7.6667, -4.3333, -7.3333, -4.6667, -2.3333, -1.6667, 0.0, 0.0, 0.0, 0.0, 0.0, 0.0, 0.0, 0.0, 0.0, 0.0, 0.0, 0.0, 0.0, 0.0, 0.0, 0.0, 0.0, 0.0, -2.6667, -1.3333, -8.3333, -3.6667, -8.3333, -4.0, -8.6667, -4.3333, -9.0, -4.3333, -9.0, -5.0, -9.3333, -5.0, -9.0, -5.3333, -9.0, -5.3333, -8.0, -6.0, -8.0, -5.6667, -8.6667, -6.0, -8.6667, -6.0, -8.0, -6.0, -8.0, -6.0, -8.3333, -6.0, -8.3333, -6.3333, -8.6667, -5.6667, -9.0, -6.0, -9.0, -6.0, -9.0, -6.0, -9.6667, -6.0, -10.0, -6.3333, -10.3333, -6.0, -11.0, -6.0, -11.3333, -6.3333, -11.3333, -6.3333, -8.3333, -5.3333, -25.3333, -15.3333, -24.6667, -16.0, -24.3333, -15.3333, -23.6667, -15.6667, -23.3333, -14.3333, -23.3333, -14.0, -22.6667, -13.6667, -22.6667, -13.6667, -22.3333, -12.6667, -22.3333, -12.0, -22.6667, -12.0, -22.6667, -11.3333, -23.3333, -11.6667, -23.0, -11.6667, -22.6667, -11.6667, -22.6667, -11.3333, -22.3333, -11.3333, -21.6667, -11.0, -21.3333, -11.3333, -20.6667, -11.6667, -20.0, -12.0, -18.6667, -11.6667, -18.0, -11.3333, -17.6667, -11.6667, -16.6667, -11.3333, -15.6667, -11.0, -12.0, -12.6667, -11.0, -12.6667, -2.3333, -2.6667, -0.6667, -1.3333, -0.3333, -0.3333, -0.3333, 0.0, 0.0, 0.0, -1.0, -1.0, -3.0, -2.0, -15.0, -8.3333, -15.0, -9.0, -18.0, -9.3333, -18.0, -10.0, -18.6667, -11.0, -19.0, -12.0, -19.3333, -12.6667, -19.6667, -13.3333, -19.6667, -14.0, -20.0, -14.3333, -20.0, -14.6667, -20.0, -15.0, -20.3333, -15.6667, -20.3333, -15.3333, -20.6667, -16.0, -20.0, -16.0, -20.3333, -16.0, -20.3333, -16.0, -20.6667, -16.0, -20.6667, -15.6667, -21.3333, -15.3333, -21.3333, -15.6667, -22.0, -15.3333, -23.0, -15.6667, -23.3333, -14.6667, -24.0, -15.0, -24.6667, -15.0, -25.0, -15.3333]",16.134555,11.218432,91.760558
371,371,5c:01:3b:6b:b0:95,-43,256,"[86.0, -32.0, 4.0, 0.0, -15.6667, -11.0, -15.0, -10.0, -14.6667, -9.3333, -14.6667, -9.0, -14.6667, -8.3333, -14.6667, -8.3333, -14.3333, -7.3333, -14.6667, -6.6667, -15.0, -6.6667, -15.6667, -5.6667, -15.3333, -5.6667, -15.6667, -5.0, -16.0, -5.0, -16.0, -5.0, -16.0, -5.0, -15.6667, -5.0, -15.3333, -5.6667, -14.6667, -5.6667, -14.0, -6.6667, -13.0, -6.6667, -12.0, -6.6667, -11.3333, -7.3333, -10.6667, -7.3333, -10.0, -7.3333, -9.3333, -8.0, -2.6667, -2.6667, 0.0, 0.0, 0.0, 0.0, 0.0, 0.0, 0.0, 0.0, 0.0, 0.0, 0.0, 0.0, 0.0, 0.0, 0.0, 0.0, 0.0, 0.0, -3.6667, -1.6667, -12.0, -4.6667, -12.0, -5.6667, -12.0, -6.6667, -12.3333, -7.3333, -12.0, -8.3333, -12.0, -9.0, -12.0, -10.0, -11.6667, -10.6667, -11.0, -11.6667, -11.0, -11.6667, -11.6667, -12.6667, -11.6667, -12.6667, -11.0, -12.6667, -11.0, -12.6667, -11.0, -12.6667, -11.3333, -12.6667, -11.6667, -11.6667, -12.0, -11.6667, -12.3333, -11.6667, -12.3333, -11.0, -13.0, -11.0, -13.3333, -11.0, -13.6667, -10.6667, -14.3333, -10.6667, -15.0, -11.0, -15.0, -11.0, -10.6667, -9.0, -33.0, -26.0, -32.0, -27.0, -31.3333, -26.0, -30.6667, -26.0, -30.6667, -24.0, -31.0, -23.0, -30.3333, -22.0, -30.6667, -21.0, -31.0, -19.0, -31.6667, -17.0, -33.0, -16.0, -33.3333, -15.0, -34.3333, -15.0, -34.0, -15.0, -33.3333, -15.0, -33.3333, -15.0, -32.3333, -15.0, -31.0, -15.0, -30.0, -16.0, -28.6667, -17.0, -27.0, -18.0, -25.0, -18.0, -24.0, -18.0, -23.0, -19.0, -21.3333, -19.0, -19.3333, -19.0, -14.6667, -24.0, -12.6667, -25.0, -2.6667, -5.0, -0.6667, -2.0, -0.3333, 0.0, 0.0, 0.0, 0.0, 0.0, -1.6667, -1.0, -5.0, -2.0, -25.6667, -10.0, -25.3333, -12.0, -26.0, -13.0, -25.3333, -15.0, -25.0, -18.0, -24.6667, -20.0, -24.6667, -22.0, -24.3333, -24.0, -23.6667, -26.0, -23.3333, -27.0, -23.0, -28.0, -22.6667, -29.0, -23.3333, -30.0, -23.3333, -30.0, -23.3333, -31.0, -22.3333, -31.0, -23.0, -31.0, -23.0, -31.0, -23.3333, -31.0, -23.6667, -30.0, -25.0, -29.0, -25.3333, -29.0, -26.3333, -28.0, -28.3333, -28.0, -29.3333, -26.0, -30.6667, -26.0, -32.0, -26.0, -32.3333, -26.0]",23.028366,14.301317,91.760558
372,372,5c:01:3b:6b:b0:95,-44,256,"[86.0, -32.0, 4.0, 0.0, -15.3333, -16.0, -15.0, -15.3333, -14.6667, -14.3333, -14.6667, -14.0, -14.6667, -13.3333, -15.0, -13.0, -15.0, -12.0, -15.3333, -11.0, -15.6667, -11.0, -16.3333, -10.0, -16.0, -10.0, -16.6667, -9.3333, -17.0, -9.0, -17.0, -9.0, -17.3333, -9.0, -16.6667, -9.0, -16.3333, -10.0, -15.6667, -10.0, -14.6667, -10.6667, -13.6667, -10.6667, -12.6667, -10.3333, -11.6667, -11.0, -10.6667, -11.0, -10.3333, -11.0, -9.3333, -11.6667, -2.6667, -3.6667, 0.0, 0.0, 0.0, 0.0, 0.0, 0.0, 0.0, 0.0, 0.0, 0.0, 0.0, 0.0, 0.0, 0.0, 0.0, 0.0, 0.0, 0.0, -3.6667, -2.6667, -12.0, -8.6667, -12.0, -9.6667, -12.0, -10.6667, -12.3333, -11.6667, -11.6667, -12.3333, -11.3333, -13.6667, -11.0, -14.3333, -10.6667, -15.3333, -10.0, -16.0, -10.0, -16.3333, -10.3333, -17.3333, -10.0, -17.3333, -9.6667, -17.3333, -9.6667, -17.3333, -9.6667, -17.3333, -10.0, -17.3333, -10.6667, -16.3333, -11.0, -16.3333, -11.6667, -16.3333, -11.6667, -15.6667, -12.3333, -15.6667, -13.0, -15.6667, -13.3333, -15.6667, -14.0, -16.0, -14.6667, -16.3333, -15.0, -16.3333, -9.3333, -10.6667, -28.3333, -32.0, -27.6667, -32.6667, -27.0, -31.6667, -26.6667, -31.3333, -26.6667, -29.6667, -27.0, -28.3333, -26.6667, -27.3333, -27.3333, -26.3333, -27.6667, -24.3333, -28.6667, -22.3333, -30.0, -21.3333, -30.6667, -20.6667, -31.6667, -20.3333, -31.3333, -20.3333, -31.0, -20.3333, -31.0, -20.3333, -30.0, -20.3333, -28.6667, -20.3333, -27.6667, -21.3333, -26.0, -22.0, -24.3333, -22.6667, -22.6667, -22.3333, -21.3333, -22.0, -20.3333, -22.6667, -18.6667, -22.6667, -16.6667, -22.6667, -13.0, -25.3333, -11.3333, -26.3333, -2.3333, -5.3333, -0.6667, -2.0, -0.3333, 0.0, 0.0, 0.0, 0.0, 0.0, -1.6667, -1.0, -4.6667, -2.6667, -24.6667, -13.3333, -24.0, -15.3333, -23.0, -17.6667, -22.0, -20.0, -21.3333, -22.6667, -21.0, -24.6667, -20.3333, -26.6667, -19.6667, -28.6667, -19.0, -30.3333, -18.3333, -31.6667, -17.6667, -32.6667, -17.0, -33.6667, -17.3333, -34.3333, -17.3333, -34.6667, -17.3333, -35.3333, -16.6667, -35.3333, -17.3333, -35.3333, -17.3333, -35.3333, -18.0, -35.0, -18.6667, -34.3333, -19.6667, -33.6667, -20.3333, -33.6667, -21.6667, -33.0, -23.3333, -33.0, -24.3333, -31.6667, -25.6667, -31.6667, -26.6667, -32.0, -27.0, -32.3333]",24.445332,14.049745,91.760558
373,373,5c:01:3b:6b:b0:95,-44,256,"[86.0, -32.0, 4.0, 0.0, -17.0, -17.0, -16.6667, -16.3333, -16.3333, -15.6667, -16.3333, -15.6667, -16.3333, -15.3333, -17.0, -15.0, -16.6667, -14.3333, -17.3333, -13.6667, -17.3333, -14.0, -17.6667, -13.3333, -17.3333, -13.3333, -18.0, -13.3333, -18.3333, -13.0, -18.3333, -13.0, -19.0, -13.0, -18.3333, -12.6667, -18.0, -13.3333, -17.3333, -13.0, -16.3333, -13.0, -15.3333, -12.6667, -14.3333, -12.0, -13.3333, -12.0, -12.3333, -11.6667, -12.0, -11.3333, -11.0, -11.6667, -3.3333, -3.3333, 0.0, 0.0, 0.0, 0.0, 0.0, 0.0, 0.0, 0.0, 0.0, 0.0, 0.0, 0.0, 0.0, 0.0, 0.0, 0.0, 0.0, 0.0, -3.6667, -3.3333, -12.3333, -11.3333, -12.6667, -12.0, -12.6667, -12.6667, -13.0, -13.0, -12.3333, -13.3333, -12.3333, -14.3333, -12.0, -14.3333, -11.6667, -15.0, -11.0, -15.3333, -11.0, -15.6667, -11.3333, -16.6667, -10.6667, -16.6667, -10.3333, -16.6667, -10.3333, -16.6667, -11.0, -16.6667, -11.3333, -16.6667, -12.0, -15.6667, -12.0, -15.6667, -13.0, -15.6667, -13.0, -15.6667, -14.0, -16.0, -14.6667, -16.0, -14.6667, -16.0, -15.6667, -16.6667, -16.0, -17.3333, -16.6667, -17.3333, -11.3333, -10.3333, -34.6667, -31.6667, -34.3333, -31.6667, -33.3333, -31.0, -33.0, -30.6667, -33.0, -29.6667, -33.0, -28.6667, -32.6667, -28.0, -33.3333, -27.6667, -33.3333, -26.6667, -34.0, -25.6667, -35.0, -25.3333, -35.6667, -25.3333, -36.6667, -25.3333, -36.6667, -25.0, -36.3333, -25.0, -36.3333, -25.0, -35.3333, -24.6667, -34.3333, -24.3333, -33.3333, -24.6667, -31.6667, -24.3333, -29.6667, -24.0, -28.3333, -23.0, -26.6667, -22.3333, -25.6667, -22.0, -23.6667, -21.6667, -21.6667, -22.0, -19.6667, -25.0, -18.3333, -25.6667, -3.3333, -5.3333, -1.0, -2.0, 0.0, 0.0, 0.0, 0.0, 0.0, 0.0, -2.0, -1.0, -5.3333, -3.3333, -29.0, -16.6667, -28.3333, -18.6667, -26.0, -20.6667, -25.3333, -22.0, -24.6667, -23.3333, -24.6667, -24.6667, -24.3333, -25.6667, -23.6667, -27.6667, -23.6667, -29.3333, -23.0, -31.0, -22.3333, -32.0, -21.6667, -32.6667, -22.0, -33.3333, -22.0, -34.0, -22.0, -34.3333, -21.6667, -34.3333, -22.6667, -34.3333, -22.6667, -34.3333, -23.3333, -33.6667, -24.0, -33.3333, -25.3333, -32.6667, -26.0, -32.3333, -27.6667, -32.0, -29.0, -31.6667, -30.0, -30.6667, -31.0, -30.6667, -32.3333, -31.3333, -32.3333, -32.0]",26.81341,15.219525,91.760558
374,374,5c:01:3b:6b:b0:95,-44,256,"[86.0, -32.0, 4.0, 0.0, -13.0, -21.0, -13.0, -20.6667, -13.0, -20.0, -13.0, -19.6667, -13.0, -19.6667, -14.0, -19.0, -14.0, -18.3333, -15.0, -17.6667, -15.0, -18.0, -15.0, -17.3333, -15.0, -17.3333, -16.0, -17.3333, -16.0, -17.0, -16.0, -17.0, -16.6667, -17.0, -16.0, -16.6667, -15.6667, -17.3333, -15.0, -17.0, -14.0, -16.6667, -13.0, -16.3333, -12.0, -15.3333, -11.0, -15.0, -10.0, -14.6667, -9.6667, -14.3333, -8.6667, -14.3333, -2.6667, -4.0, 0.0, 0.0, 0.0, 0.0, 0.0, 0.0, 0.0, 0.0, 0.0, 0.0, 0.0, 0.0, 0.0, 0.0, 0.0, 0.0, 0.0, 0.0, -3.0, -4.0, -10.0, -14.6667, -10.0, -15.3333, -10.0, -16.0, -10.0, -16.3333, -9.0, -16.6667, -9.0, -17.6667, -8.0, -17.6667, -8.0, -18.3333, -7.0, -18.3333, -7.0, -19.0, -7.0, -19.6667, -6.0, -20.0, -6.0, -19.6667, -6.0, -19.6667, -7.0, -19.6667, -7.0, -20.0, -8.0, -19.0, -8.0, -19.0, -9.0, -19.0, -9.0, -19.3333, -10.0, -19.6667, -11.0, -19.6667, -11.0, -19.6667, -12.0, -20.6667, -12.0, -21.3333, -13.0, -21.6667, -8.6667, -12.0, -26.3333, -37.6667, -26.3333, -37.3333, -25.3333, -36.6667, -25.3333, -36.0, -25.3333, -35.3333, -25.6667, -34.0, -25.6667, -33.3333, -26.6667, -33.0, -27.0, -32.0, -28.3333, -31.0, -29.3333, -30.6667, -30.3333, -31.0, -31.3333, -30.6667, -31.3333, -30.3333, -31.0, -30.3333, -31.0, -30.3333, -30.0, -30.0, -29.0, -29.6667, -28.0, -30.0, -26.0, -29.3333, -24.3333, -28.6667, -23.0, -27.3333, -21.0, -26.3333, -20.0, -25.6667, -18.3333, -25.3333, -16.3333, -25.6667, -13.0, -26.3333, -12.0, -27.0, -2.3333, -5.6667, -0.6667, -2.0, -0.3333, 0.0, 0.0, 0.0, 0.0, 0.0, -2.0, -1.3333, -4.6667, -4.3333, -24.3333, -21.0, -23.3333, -22.0, -21.3333, -25.3333, -20.0, -27.0, -19.0, -28.0, -18.6667, -29.3333, -17.6667, -30.3333, -16.6667, -32.3333, -16.3333, -33.6667, -15.0, -35.6667, -14.3333, -36.6667, -13.6667, -37.3333, -13.6667, -37.6667, -13.3333, -38.6667, -13.3333, -38.6667, -13.3333, -38.6667, -14.0, -38.6667, -14.0, -38.6667, -15.0, -37.6667, -16.0, -37.6667, -17.0, -37.3333, -18.0, -37.0, -19.6667, -37.0, -20.6667, -36.6667, -22.0, -36.3333, -23.0, -36.3333, -24.0, -37.3333, -24.3333, -38.3333]",26.931498,14.880251,91.760558
375,375,5c:01:3b:6b:b0:95,-44,256,"[86.0, -32.0, 4.0, 0.0, -13.0, -19.0, -13.0, -18.3333, -13.0, -17.6667, -13.0, -17.6667, -13.0, -17.3333, -14.0, -17.0, -14.0, -16.6667, -15.0, -16.3333, -15.0, -17.0, -15.3333, -16.6667, -15.3333, -16.6667, -16.0, -17.0, -16.0, -17.0, -16.0, -17.0, -16.3333, -17.0, -16.0, -16.3333, -15.3333, -16.6667, -15.0, -16.0, -14.0, -15.3333, -13.0, -14.6667, -12.0, -13.6667, -11.0, -13.0, -10.0, -13.0, -9.3333, -12.6667, -8.3333, -12.6667, -2.3333, -3.3333, 0.0, 0.0, 0.0, 0.0, 0.0, 0.0, 0.0, 0.0, 0.0, 0.0, 0.0, 0.0, 0.0, 0.0, 0.0, 0.0, 0.0, 0.0, -3.0, -4.0, -10.6667, -13.6667, -10.3333, -14.0, -10.3333, -14.3333, -10.3333, -14.3333, -9.3333, -15.0, -9.3333, -15.6667, -8.3333, -16.0, -8.3333, -16.6667, -7.3333, -16.6667, -7.3333, -17.3333, -7.3333, -18.0, -6.6667, -18.3333, -6.6667, -18.0, -6.6667, -18.0, -7.3333, -18.0, -7.3333, -18.3333, -8.3333, -17.6667, -8.3333, -17.3333, -9.3333, -17.3333, -9.3333, -17.6667, -10.3333, -17.6667, -11.0, -17.6667, -11.3333, -17.6667, -12.0, -18.6667, -12.3333, -19.0, -13.3333, -19.3333, -7.3333, -10.3333, -22.6667, -32.6667, -22.6667, -32.3333, -21.6667, -32.0, -21.6667, -31.3333, -21.6667, -30.6667, -22.3333, -29.3333, -22.3333, -28.6667, -23.3333, -29.0, -24.0, -29.0, -25.6667, -29.0, -26.6667, -29.3333, -27.6667, -30.0, -28.6667, -30.3333, -28.6667, -29.6667, -28.0, -29.6667, -28.0, -29.6667, -27.0, -29.0, -26.0, -28.3333, -25.0, -28.0, -23.0, -26.6667, -21.6667, -25.3333, -20.0, -23.6667, -18.0, -23.0, -17.0, -22.3333, -15.6667, -22.0, -13.6667, -22.6667, -8.0, -23.6667, -7.0, -24.3333, -1.6667, -5.3333, -0.3333, -2.0, -0.6667, 0.0, 0.0, 0.0, 0.0, 0.0, -2.0, -1.6667, -4.3333, -4.6667, -20.6667, -22.0, -19.6667, -22.0, -19.6667, -23.6667, -18.0, -24.0, -17.0, -24.0, -16.3333, -25.6667, -15.3333, -26.6667, -14.3333, -28.6667, -13.6667, -30.0, -12.0, -32.0, -11.6667, -33.0, -11.3333, -33.6667, -11.3333, -34.3333, -10.6667, -35.0, -10.6667, -35.3333, -10.6667, -35.3333, -11.0, -35.3333, -11.0, -35.0, -12.0, -34.3333, -13.0, -34.0, -14.0, -33.6667, -15.0, -33.3333, -16.3333, -33.0, -17.3333, -32.3333, -19.0, -32.0, -20.0, -32.0, -21.0, -32.6667, -21.6667, -33.6667]",24.56709,13.533193,91.760558
376,376,5c:01:3b:6b:b0:95,-44,256,"[86.0, -32.0, 4.0, 0.0, -14.0, -20.0, -14.0, -19.3333, -13.6667, -18.3333, -13.3333, -18.0, -13.0, -17.3333, -14.0, -16.6667, -14.0, -16.0, -15.0, -15.3333, -15.0, -15.6667, -15.6667, -15.0, -15.6667, -15.0, -16.0, -14.6667, -16.0, -14.6667, -16.0, -14.6667, -16.0, -14.6667, -16.0, -14.3333, -15.0, -15.0, -15.0, -14.6667, -14.0, -14.3333, -13.0, -14.0, -12.0, -13.3333, -11.0, -13.0, -10.3333, -13.6667, -9.6667, -13.6667, -8.6667, -13.6667, -2.3333, -3.6667, 0.0, 0.0, 0.0, 0.0, 0.0, 0.0, 0.0, 0.0, 0.0, 0.0, 0.0, 0.0, 0.0, 0.0, 0.0, 0.0, 0.0, 0.0, -3.0, -3.6667, -11.3333, -12.6667, -10.6667, -13.3333, -10.6667, -14.0, -11.0, -14.6667, -10.6667, -15.6667, -11.0, -16.6667, -10.3333, -17.6667, -10.6667, -18.6667, -10.3333, -18.6667, -10.3333, -19.6667, -10.3333, -20.3333, -10.0, -20.6667, -9.6667, -20.3333, -9.6667, -20.3333, -10.3333, -20.3333, -10.3333, -20.6667, -11.0, -20.3333, -11.0, -19.6667, -11.6667, -19.6667, -11.6667, -19.6667, -12.3333, -19.0, -12.6667, -19.0, -13.0, -19.0, -13.3333, -20.0, -13.6667, -20.0, -14.3333, -20.3333, -7.3333, -10.6667, -23.3333, -34.0, -23.3333, -34.0, -22.3333, -33.6667, -22.0, -32.6667, -21.6667, -31.6667, -22.0, -29.6667, -21.3333, -28.6667, -21.6667, -28.3333, -21.6667, -27.3333, -23.0, -26.3333, -24.0, -26.0, -25.0, -26.0, -26.0, -25.6667, -26.0, -25.3333, -25.0, -25.3333, -25.0, -25.3333, -24.0, -25.3333, -23.0, -25.3333, -22.0, -25.3333, -20.0, -25.0, -19.6667, -24.6667, -18.3333, -23.6667, -17.0, -23.3333, -16.3333, -23.3333, -15.6667, -23.3333, -14.3333, -24.0, -10.0, -22.6667, -9.3333, -23.6667, -2.3333, -5.3333, -0.6667, -2.0, -0.6667, 0.0, 0.0, 0.0, 0.0, 0.0, -2.0, -1.6667, -4.0, -4.0, -17.0, -18.0, -16.0, -17.6667, -18.0, -21.6667, -17.3333, -23.0, -17.3333, -24.0, -17.3333, -26.6667, -17.3333, -28.6667, -17.3333, -30.6667, -17.3333, -31.6667, -16.6667, -33.6667, -16.6667, -34.6667, -16.6667, -35.6667, -16.6667, -36.3333, -16.0, -36.6667, -16.0, -37.3333, -16.0, -37.3333, -16.0, -37.3333, -16.0, -36.6667, -17.0, -36.3333, -17.6667, -35.6667, -18.3333, -35.6667, -19.0, -35.6667, -19.3333, -35.0, -20.0, -34.3333, -21.0, -34.3333, -21.6667, -34.3333, -22.3333, -34.6667, -23.0, -35.6667]",25.047117,13.600785,91.760558
377,377,5c:01:3b:6b:b0:95,-44,256,"[86.0, -32.0, 4.0, 0.0, -15.0, -5.3333, -15.0, -4.6667, -14.3333, -4.3333, -13.6667, -4.3333, -13.0, -3.6667, -13.6667, -3.3333, -13.3333, -3.0, -13.6667, -2.6667, -13.3333, -3.0, -14.0, -2.6667, -14.0, -2.6667, -13.6667, -2.6667, -13.6667, -2.3333, -13.6667, -2.3333, -13.6667, -2.3333, -13.6667, -2.0, -13.0, -2.6667, -13.0, -2.6667, -12.6667, -2.3333, -12.0, -2.3333, -11.3333, -2.3333, -11.0, -2.3333, -10.6667, -3.3333, -10.3333, -3.6667, -9.3333, -4.0, -2.6667, -1.0, 0.0, 0.0, 0.0, 0.0, 0.0, 0.0, 0.0, 0.0, 0.0, 0.0, 0.0, 0.0, 0.0, 0.0, 0.0, 0.0, 0.0, 0.0, -2.6667, -1.3333, -11.0, -3.0, -10.6667, -3.3333, -11.0, -3.6667, -11.6667, -3.6667, -12.0, -4.3333, -12.6667, -5.0, -12.3333, -5.6667, -13.0, -6.3333, -13.3333, -6.3333, -13.3333, -7.0, -13.3333, -7.6667, -13.3333, -8.0, -12.6667, -8.0, -12.6667, -8.0, -13.3333, -8.0, -13.3333, -7.6667, -13.6667, -7.6667, -13.6667, -7.0, -14.0, -6.6667, -14.0, -6.3333, -14.3333, -5.6667, -14.3333, -5.3333, -14.6667, -5.3333, -14.6667, -5.6667, -15.0, -5.3333, -15.3333, -5.3333, -8.6667, -2.3333, -27.6667, -7.0, -27.6667, -7.0, -26.6667, -7.3333, -26.0, -7.0, -25.3333, -6.3333, -25.0, -5.0, -23.6667, -4.3333, -23.3333, -4.3333, -22.3333, -4.0, -22.3333, -3.3333, -22.6667, -3.0, -23.0, -3.0, -23.6667, -3.0, -23.6667, -2.6667, -23.0, -2.6667, -23.0, -2.6667, -22.3333, -3.0, -21.6667, -3.0, -21.3333, -3.0, -20.0, -3.3333, -20.3333, -3.6667, -19.6667, -3.6667, -19.0, -4.0, -18.6667, -4.6667, -18.3333, -5.0, -17.6667, -6.3333, -17.0, -7.0, -16.6667, -8.0, -3.6667, -2.3333, -1.3333, -1.3333, -0.3333, -0.3333, 0.0, -0.3333, 0.0, -0.3333, -1.6667, -0.6667, -3.6667, -1.0, -16.0, -1.3333, -16.0, -1.6667, -18.0, -3.6667, -18.6667, -4.3333, -19.6667, -4.6667, -20.6667, -6.6667, -21.6667, -7.6667, -22.6667, -9.0, -23.6667, -10.0, -24.3333, -11.3333, -24.3333, -12.0, -24.3333, -13.0, -24.3333, -13.3333, -24.3333, -13.3333, -24.3333, -14.0, -24.3333, -14.0, -24.3333, -14.0, -24.3333, -13.3333, -25.0, -13.0, -25.3333, -12.0, -25.6667, -12.0, -26.0, -11.6667, -25.6667, -10.6667, -26.0, -9.3333, -26.0, -9.0, -26.3333, -8.3333, -26.6667, -8.0, -27.0, -8.6667]",17.081859,10.693003,91.760558
378,378,5c:01:3b:6b:b0:95,-42,256,"[86.0, -32.0, 4.0, 0.0, -15.0, 7.3333, -15.0, 7.6667, -14.0, 7.3333, -13.0, 7.3333, -12.3333, 7.6667, -12.3333, 8.0, -12.0, 8.3333, -11.3333, 8.6667, -10.6667, 8.6667, -11.0, 9.0, -11.0, 9.0, -10.3333, 9.3333, -10.3333, 10.0, -10.3333, 10.0, -10.3333, 10.0, -10.3333, 10.0, -10.3333, 9.0, -10.3333, 8.3333, -10.3333, 8.3333, -10.3333, 7.6667, -10.0, 7.0, -10.3333, 6.3333, -10.0, 5.3333, -10.0, 4.6667, -9.6667, 4.0, -3.0, 1.0, 0.0, 0.0, 0.0, 0.0, 0.0, 0.0, 0.0, 0.0, 0.0, 0.0, 0.0, 0.0, 0.0, 0.0, 0.0, 0.0, 0.0, 0.0, -2.3333, 1.0, -9.0, 6.0, -9.3333, 5.6667, -10.0, 5.3333, -11.0, 5.6667, -12.0, 5.3333, -13.0, 5.0, -13.3333, 4.6667, -14.3333, 4.3333, -15.3333, 4.3333, -15.6667, 4.0, -15.6667, 3.6667, -15.6667, 3.0, -15.0, 3.0, -15.0, 3.0, -15.6667, 3.0, -15.6667, 3.6667, -15.3333, 3.6667, -15.3333, 4.0, -15.3333, 4.6667, -15.3333, 5.3333, -15.3333, 5.6667, -15.0, 6.3333, -15.0, 6.3333, -15.0, 6.6667, -15.0, 7.3333, -15.0, 7.3333, -10.0, 4.3333, -31.3333, 15.0, -31.3333, 15.0, -30.3333, 14.3333, -29.3333, 14.0, -28.0, 14.3333, -27.0, 15.0, -25.3333, 15.3333, -24.3333, 15.6667, -22.3333, 16.3333, -21.0, 17.6667, -20.6667, 18.6667, -20.3333, 19.0, -20.6667, 19.3333, -20.6667, 19.3333, -20.3333, 19.3333, -20.3333, 19.3333, -20.0, 18.3333, -19.6667, 18.0, -20.0, 17.3333, -19.6667, 15.6667, -20.3333, 14.0, -20.3333, 12.6667, -20.3333, 12.0, -20.3333, 10.6667, -20.3333, 10.0, -20.6667, 8.3333, -24.0, 6.0, -24.0, 5.0, -5.0, 0.3333, -2.0, -0.6667, 0.0, -0.6667, 0.0, -0.6667, 0.0, -0.6667, -1.3333, 0.3333, -3.3333, 2.0, -15.0, 15.3333, -16.0, 14.3333, -17.3333, 12.6667, -19.3333, 11.3333, -21.3333, 10.6667, -23.3333, 9.6667, -25.3333, 9.6667, -27.3333, 9.0, -29.3333, 8.0, -31.0, 7.3333, -31.6667, 7.0, -32.0, 6.0, -32.0, 6.3333, -32.6667, 6.3333, -32.6667, 6.0, -32.6667, 6.0, -32.6667, 6.0, -32.6667, 6.3333, -32.6667, 7.0, -32.3333, 8.0, -32.3333, 8.0, -32.0, 8.6667, -31.3333, 9.6667, -31.3333, 11.3333, -30.3333, 12.0, -30.3333, 13.3333, -30.3333, 14.0, -30.3333, 13.6667]",19.439933,12.225264,91.760558
379,379,5c:01:3b:6b:b0:95,-42,256,"[86.0, -32.0, 4.0, 0.0, -12.3333, 9.6667, -12.3333, 9.6667, -11.6667, 9.3333, -11.0, 9.3333, -10.6667, 9.3333, -10.3333, 9.3333, -10.0, 9.6667, -9.0, 9.6667, -8.0, 9.6667, -8.0, 10.0, -8.0, 10.0, -7.0, 10.0, -7.0, 10.6667, -7.0, 10.6667, -7.0, 10.6667, -7.0, 10.6667, -7.6667, 10.0, -7.6667, 9.3333, -8.0, 9.3333, -8.3333, 8.6667, -8.3333, 8.0, -8.6667, 7.3333, -8.3333, 6.6667, -8.3333, 6.0, -8.0, 5.3333, -2.6667, 1.3333, 0.0, 0.0, 0.0, 0.0, 0.0, 0.0, 0.0, 0.0, 0.0, 0.0, 0.0, 0.0, 0.0, 0.0, 0.0, 0.0, 0.0, 0.0, -2.0, 1.3333, -7.0, 7.0, -7.6667, 7.0, -8.3333, 6.6667, -9.0, 7.3333, -9.6667, 7.0, -10.3333, 7.0, -10.6667, 6.6667, -11.3333, 6.6667, -11.6667, 6.3333, -12.0, 6.3333, -12.0, 6.3333, -12.0, 5.6667, -11.6667, 5.6667, -11.6667, 5.6667, -12.0, 5.6667, -12.3333, 6.3333, -12.0, 6.3333, -12.0, 6.3333, -12.0, 7.0, -12.0, 8.0, -12.0, 8.0, -12.0, 8.3333, -12.0, 8.3333, -12.0, 9.0, -12.3333, 9.6667, -12.3333, 9.6667, -9.6667, 2.6667, -29.6667, 10.3333, -29.3333, 10.3333, -28.6667, 10.0, -28.0, 9.6667, -26.6667, 10.3333, -26.0, 10.6667, -24.6667, 11.0, -23.6667, 11.3333, -21.6667, 11.6667, -19.6667, 13.0, -18.6667, 14.0, -17.6667, 14.0, -17.6667, 14.0, -17.6667, 14.0, -17.6667, 14.0, -17.6667, 14.3333, -17.6667, 13.6667, -17.6667, 13.6667, -18.6667, 12.6667, -19.3333, 11.3333, -19.6667, 10.0, -19.6667, 9.3333, -19.6667, 8.6667, -19.6667, 7.6667, -19.3333, 7.0, -19.0, 5.3333, -19.6667, 2.3333, -19.0, 2.0, -4.0, 0.0, -1.6667, -0.6667, 0.0, -0.6667, 0.0, -0.6667, 0.0, -0.6667, -1.0, 0.3333, -3.0, 1.3333, -14.0, 11.0, -16.0, 9.6667, -16.6667, 9.3333, -18.6667, 8.0, -20.6667, 7.0, -21.6667, 6.3333, -23.0, 6.6667, -24.0, 6.0, -25.3333, 5.0, -26.0, 4.6667, -26.6667, 4.3333, -27.0, 3.6667, -26.6667, 4.0, -27.3333, 4.0, -27.3333, 4.0, -27.3333, 4.0, -27.3333, 4.0, -27.3333, 4.0, -27.0, 4.3333, -27.0, 5.0, -27.0, 5.0, -27.3333, 5.6667, -27.6667, 6.3333, -28.0, 7.6667, -27.6667, 8.6667, -28.3333, 9.6667, -28.6667, 10.0, -29.0, 9.3333]",17.094221,11.075236,91.760558
380,380,5c:01:3b:6b:b0:95,-44,256,"[86.0, -32.0, 4.0, 0.0, -9.6667, -0.6667, -9.6667, -0.6667, -9.3333, -0.3333, -9.0, -0.3333, -9.0, -0.3333, -8.6667, -0.3333, -8.6667, 0.3333, -8.0, 0.3333, -7.6667, 0.3333, -7.6667, 1.0, -7.6667, 1.0, -7.0, 1.0, -7.0, 1.3333, -7.0, 1.3333, -7.0, 1.3333, -7.0, 1.3333, -7.3333, 1.0, -7.3333, 0.6667, -7.3333, 0.6667, -7.3333, 0.3333, -7.3333, 0.0, -7.0, -0.3333, -6.6667, -0.6667, -6.6667, -1.0, -6.3333, -1.3333, -2.3333, -0.3333, 0.0, 0.0, 0.0, 0.0, 0.0, 0.0, 0.0, 0.0, 0.0, 0.0, 0.0, 0.0, 0.0, 0.0, 0.0, 0.0, 0.0, 0.0, -2.0, -0.3333, -6.3333, 0.0, -6.3333, 0.0, -6.6667, -0.6667, -7.0, -0.3333, -7.3333, -1.0, -7.6667, -1.0, -8.0, -1.6667, -8.3333, -1.6667, -8.0, -2.3333, -8.3333, -2.3333, -8.3333, -2.3333, -8.3333, -2.6667, -8.3333, -2.6667, -8.3333, -2.6667, -8.3333, -2.6667, -9.0, -2.3333, -8.6667, -2.3333, -8.6667, -2.3333, -8.6667, -2.0, -8.6667, -1.0, -8.6667, -1.0, -9.0, -1.3333, -9.0, -1.3333, -9.0, -1.0, -9.6667, -0.6667, -9.6667, -0.6667, -9.3333, -5.6667, -28.0, -16.3333, -27.3333, -16.3333, -27.0, -16.0, -26.6667, -15.6667, -25.3333, -14.3333, -25.3333, -13.6667, -24.6667, -13.0, -24.3333, -12.3333, -23.3333, -11.6667, -22.3333, -10.0, -22.0, -9.0, -22.0, -9.0, -22.0, -9.0, -22.0, -9.0, -21.6667, -9.0, -21.3333, -8.3333, -21.0, -8.6667, -20.6667, -8.6667, -21.0, -9.6667, -21.3333, -10.3333, -21.0, -11.0, -20.3333, -10.3333, -19.6667, -10.6667, -19.3333, -10.6667, -18.3333, -11.0, -17.3333, -12.3333, -15.3333, -14.3333, -14.0, -14.0, -3.0, -3.0, -1.3333, -1.3333, 0.0, -0.3333, 0.0, -0.3333, 0.0, -0.3333, -1.3333, -0.3333, -3.6667, -1.3333, -17.0, -5.0, -18.0, -6.6667, -18.0, -8.3333, -19.0, -10.0, -20.0, -12.0, -20.0, -13.3333, -20.6667, -13.6667, -20.6667, -15.0, -21.3333, -16.0, -21.0, -16.6667, -21.6667, -17.3333, -22.0, -17.6667, -21.3333, -18.0, -21.6667, -18.0, -21.6667, -18.0, -21.6667, -18.0, -21.6667, -18.0, -21.6667, -18.0, -21.3333, -18.3333, -21.6667, -18.0, -21.6667, -18.0, -22.6667, -17.6667, -24.0, -17.3333, -24.6667, -16.6667, -25.0, -15.6667, -26.3333, -15.6667, -27.0, -16.0, -27.6667, -17.3333]",15.514503,12.322589,91.760558
381,381,5c:01:3b:6b:b0:95,-40,256,"[86.0, -32.0, 4.0, 0.0, -10.0, -7.6667, -10.0, -7.6667, -9.6667, -6.6667, -9.3333, -6.6667, -9.3333, -6.6667, -9.3333, -6.6667, -9.0, -5.6667, -9.0, -5.6667, -8.6667, -5.6667, -8.6667, -4.6667, -8.6667, -4.6667, -8.3333, -4.6667, -8.3333, -4.3333, -8.3333, -4.6667, -8.3333, -4.6667, -8.3333, -4.6667, -8.3333, -4.6667, -8.3333, -4.6667, -8.3333, -5.0, -8.0, -5.0, -8.0, -5.0, -7.3333, -5.3333, -7.3333, -5.3333, -7.3333, -5.3333, -6.3333, -5.6667, -2.3333, -1.6667, 0.0, 0.0, 0.0, 0.0, 0.0, 0.0, 0.0, 0.0, 0.0, 0.0, 0.0, 0.0, 0.0, 0.0, 0.0, 0.0, 0.0, 0.0, -2.0, -1.3333, -7.0, -4.6667, -6.6667, -4.6667, -7.0, -5.6667, -7.3333, -5.6667, -7.6667, -6.6667, -7.6667, -6.6667, -8.0, -7.3333, -8.0, -7.6667, -7.6667, -8.3333, -7.6667, -8.6667, -7.6667, -8.6667, -8.0, -8.6667, -8.0, -8.6667, -8.0, -8.6667, -7.6667, -8.6667, -8.6667, -8.6667, -8.3333, -8.3333, -8.3333, -8.3333, -8.3333, -8.3333, -8.3333, -7.3333, -8.3333, -7.3333, -9.0, -8.0, -9.0, -8.0, -9.0, -8.0, -10.0, -7.6667, -10.0, -7.6667, -12.0, -10.3333, -37.0, -31.0, -36.0, -31.0, -36.0, -30.3333, -35.3333, -29.3333, -34.0, -28.0, -34.0, -26.6667, -33.3333, -25.6667, -32.6667, -24.3333, -32.0, -23.0, -31.0, -21.3333, -30.6667, -20.0, -31.0, -19.6667, -31.0, -19.3333, -31.0, -19.3333, -30.3333, -19.3333, -30.0, -18.6667, -29.6667, -18.6667, -29.3333, -19.0, -29.3333, -20.3333, -29.3333, -20.6667, -28.6667, -21.0, -27.6667, -20.3333, -27.0, -20.6667, -26.3333, -20.3333, -25.0, -21.0, -23.6667, -22.0, -19.3333, -25.0, -17.6667, -24.6667, -3.6667, -5.0, -1.3333, -2.0, 0.0, 0.0, 0.0, -0.3333, 0.0, 0.0, -1.6667, -0.6667, -4.6667, -2.6667, -23.3333, -13.3333, -24.0, -15.3333, -24.0, -17.6667, -25.0, -20.0, -26.3333, -22.6667, -26.6667, -24.6667, -27.3333, -26.0, -27.6667, -27.6667, -28.0, -29.0, -27.3333, -30.3333, -27.6667, -31.3333, -27.6667, -31.6667, -27.0, -32.6667, -27.0, -33.0, -27.0, -33.0, -27.3333, -33.0, -27.3333, -33.0, -27.6667, -32.6667, -27.6667, -33.0, -28.3333, -32.6667, -28.3333, -32.3333, -30.0, -31.6667, -32.0, -31.3333, -32.6667, -31.0, -33.3333, -30.0, -35.0, -30.3333, -36.0, -31.0, -37.0, -32.0]",22.437756,17.219586,91.760558
382,382,5c:01:3b:6b:b0:95,-44,256,"[86.0, -32.0, 4.0, 0.0, -12.0, -0.6667, -12.0, -0.6667, -11.3333, 0.0, -10.6667, 0.0, -10.6667, 0.0, -10.6667, 0.0, -10.0, 0.3333, -10.0, 0.6667, -9.6667, 0.6667, -9.6667, 1.3333, -9.6667, 1.3333, -9.6667, 1.6667, -9.6667, 2.0, -9.6667, 1.6667, -9.6667, 1.6667, -9.6667, 1.3333, -9.3333, 1.3333, -9.3333, 1.0, -9.3333, 0.6667, -9.0, 0.3333, -9.0, 0.3333, -8.6667, -0.3333, -8.6667, -0.3333, -8.6667, -0.6667, -7.6667, -1.0, -2.6667, -0.6667, 0.0, 0.0, 0.0, 0.0, 0.0, 0.0, 0.0, 0.0, 0.0, 0.0, 0.0, 0.0, 0.0, 0.0, 0.0, 0.0, 0.0, 0.0, -2.0, 0.0, -7.6667, 0.3333, -7.3333, 0.3333, -8.0, -0.3333, -8.6667, -0.3333, -9.3333, -1.0, -9.3333, -1.0, -10.0, -1.6667, -10.0, -2.0, -10.3333, -2.3333, -10.3333, -2.6667, -10.3333, -2.6667, -11.0, -2.6667, -11.0, -2.6667, -11.0, -2.6667, -10.3333, -3.0, -11.3333, -2.6667, -10.6667, -2.3333, -10.6667, -2.3333, -10.6667, -2.3333, -10.6667, -1.3333, -10.6667, -1.3333, -11.0, -1.6667, -11.0, -1.3333, -11.0, -1.3333, -12.0, -0.6667, -12.0, -0.6667, -15.0, -3.0, -47.0, -7.3333, -46.0, -7.3333, -46.0, -7.3333, -44.6667, -7.0, -43.0, -6.3333, -42.6667, -5.0, -42.0, -4.3333, -41.0, -3.0, -40.6667, -1.6667, -39.6667, -0.3333, -39.3333, 1.3333, -40.0, 1.6667, -40.0, 2.6667, -40.0, 2.6667, -39.0, 2.3333, -38.6667, 2.6667, -38.3333, 2.3333, -38.0, 1.3333, -37.6667, 0.0, -37.3333, -1.3333, -36.3333, -2.3333, -35.0, -3.0, -34.3333, -4.0, -33.3333, -4.6667, -32.0, -6.0, -31.3333, -7.3333, -27.6667, -13.0, -26.3333, -13.6667, -5.3333, -3.0, -1.6667, -1.6667, 0.0, -0.3333, 0.0, -0.6667, 0.0, -0.3333, -2.0, 0.0, -5.6667, 0.0, -29.6667, 1.6667, -30.0, -0.3333, -30.0, -0.6667, -31.0, -2.6667, -32.6667, -5.0, -34.3333, -6.6667, -35.6667, -7.6667, -37.3333, -9.0, -38.0, -10.3333, -37.6667, -12.0, -38.3333, -13.0, -38.3333, -13.3333, -38.0, -14.0, -38.0, -14.3333, -38.0, -14.6667, -38.6667, -14.6667, -38.6667, -14.6667, -39.3333, -14.3333, -39.3333, -14.0, -39.6667, -13.6667, -39.6667, -12.6667, -41.0, -11.6667, -43.0, -11.0, -43.3333, -10.0, -43.6667, -8.6667, -45.0, -8.0, -46.0, -8.0, -47.0, -8.0]",22.27174,17.319355,91.760558
383,383,5c:01:3b:6b:b0:95,-43,256,"[86.0, -32.0, 4.0, 0.0, -14.0, 7.0, -14.0, 7.0, -13.0, 7.0, -12.0, 7.0, -12.0, 7.0, -12.0, 7.0, -11.0, 7.0, -11.0, 7.3333, -10.0, 7.3333, -10.0, 7.3333, -10.0, 7.3333, -10.0, 8.0, -10.0, 8.3333, -10.0, 8.0, -10.0, 8.0, -10.0, 7.3333, -10.0, 7.3333, -10.0, 7.0, -10.0, 6.6667, -10.0, 6.0, -10.0, 6.0, -10.0, 5.0, -10.0, 5.0, -10.0, 4.6667, -9.0, 4.0, -3.0, 0.3333, 0.0, 0.0, 0.0, 0.0, 0.0, 0.0, 0.0, 0.0, 0.0, 0.0, 0.0, 0.0, 0.0, 0.0, 0.0, 0.0, 0.0, 0.0, -2.0, 1.3333, -8.0, 5.3333, -8.0, 5.3333, -9.0, 5.0, -10.0, 5.3333, -11.0, 5.0, -11.0, 5.0, -12.0, 4.6667, -12.0, 4.6667, -13.0, 4.6667, -13.0, 4.3333, -13.0, 4.3333, -14.0, 4.3333, -14.0, 4.3333, -14.0, 4.3333, -13.3333, 4.0, -14.0, 4.3333, -13.0, 4.6667, -13.0, 4.6667, -13.0, 4.6667, -13.0, 5.3333, -13.0, 5.6667, -13.0, 5.6667, -13.0, 6.0, -13.0, 6.0, -14.0, 7.0, -14.0, 7.0, -15.6667, 4.3333, -49.6667, 16.3333, -48.6667, 16.3333, -48.3333, 15.6667, -46.6667, 15.3333, -45.0, 15.3333, -44.0, 16.6667, -43.0, 17.0, -41.0, 18.3333, -40.0, 19.6667, -38.3333, 20.6667, -37.3333, 22.6667, -37.0, 23.0, -37.0, 24.6667, -37.0, 24.6667, -36.3333, 24.0, -36.3333, 24.0, -36.6667, 23.3333, -36.6667, 21.6667, -36.6667, 20.3333, -36.6667, 18.0, -36.0, 16.3333, -35.0, 14.3333, -35.3333, 12.6667, -34.3333, 11.0, -33.6667, 9.3333, -33.6667, 7.6667, -32.3333, 1.0, -31.6667, -0.6667, -6.3333, -0.6667, -2.0, -1.0, 0.0, -0.6667, 0.0, -1.0, 0.0, -0.6667, -1.6667, 0.6667, -5.0, 2.6667, -27.6667, 16.6667, -28.6667, 14.6667, -29.0, 16.3333, -31.0, 14.6667, -33.6667, 12.6667, -36.3333, 11.3333, -38.3333, 10.6667, -40.6667, 9.6667, -42.0, 8.6667, -42.3333, 7.0, -43.3333, 6.3333, -43.6667, 5.6667, -44.0, 5.3333, -44.0, 5.0, -44.3333, 4.6667, -45.0, 4.6667, -45.0, 4.6667, -45.6667, 5.0, -45.3333, 6.0, -45.0, 6.3333, -45.0, 7.6667, -45.6667, 9.0, -47.0, 10.0, -46.6667, 11.3333, -46.6667, 12.6667, -47.3333, 14.3333, -48.3333, 15.0, -49.0, 16.0]",25.052072,18.142414,91.760558
384,384,5c:01:3b:6b:b0:95,-39,256,"[86.0, -32.0, 4.0, 0.0, -14.6667, 11.3333, -14.6667, 11.3333, -13.6667, 10.6667, -12.6667, 10.6667, -12.6667, 10.6667, -12.6667, 10.6667, -11.6667, 10.3333, -11.3333, 11.0, -10.6667, 11.0, -10.3333, 11.0, -10.3333, 11.0, -10.3333, 11.6667, -10.0, 12.0, -10.0, 12.0, -10.0, 11.6667, -10.3333, 11.0, -10.3333, 10.6667, -10.3333, 10.3333, -10.3333, 10.0, -10.3333, 9.0, -10.3333, 8.6667, -10.3333, 7.6667, -10.3333, 7.6667, -10.3333, 7.3333, -9.6667, 6.6667, -3.0, 1.0, 0.0, 0.0, 0.0, 0.0, 0.0, 0.0, 0.0, 0.0, 0.0, 0.0, 0.0, 0.0, 0.0, 0.0, 0.0, 0.0, 0.0, 0.0, -2.0, 2.0, -8.3333, 8.6667, -8.6667, 8.3333, -9.6667, 8.3333, -10.6667, 8.6667, -11.3333, 8.6667, -11.6667, 8.6667, -12.6667, 8.3333, -13.0, 9.0, -13.6667, 9.0, -14.0, 9.0, -14.3333, 9.0, -15.0, 9.0, -15.0, 9.0, -15.0, 9.0, -14.6667, 8.6667, -15.0, 9.0, -14.3333, 9.0, -14.0, 9.0, -14.0, 9.0, -14.0, 9.3333, -14.0, 10.0, -13.6667, 10.0, -13.6667, 10.3333, -14.0, 10.3333, -14.6667, 11.3333, -14.6667, 11.3333, -13.3333, 8.0, -42.3333, 27.6667, -41.3333, 27.6667, -40.6667, 26.6667, -39.3333, 25.6667, -38.0, 25.6667, -37.0, 26.6667, -36.0, 26.6667, -34.0, 27.3333, -33.0, 28.3333, -31.6667, 29.0, -30.6667, 30.6667, -30.0, 30.6667, -30.0, 32.3333, -30.0, 32.3333, -29.6667, 31.3333, -29.6667, 31.3333, -30.3333, 30.3333, -30.3333, 29.0, -30.3333, 28.0, -30.3333, 25.3333, -30.0, 23.3333, -29.0, 21.6667, -29.6667, 19.6667, -28.6667, 18.0, -28.3333, 16.6667, -28.3333, 14.6667, -28.6667, 9.0, -28.3333, 7.0, -5.6667, 0.6667, -2.0, -0.3333, 0.0, -1.0, 0.0, -1.0, 0.0, -1.0, -1.3333, 1.0, -4.0, 4.0, -22.3333, 23.3333, -23.3333, 21.6667, -24.0, 24.0, -26.0, 23.0, -28.3333, 21.3333, -30.6667, 20.6667, -32.6667, 20.6667, -34.3333, 20.0, -36.0, 19.6667, -36.6667, 18.3333, -37.6667, 18.0, -38.3333, 17.3333, -39.0, 17.3333, -39.0, 17.3333, -39.6667, 17.0, -40.0, 17.0, -40.0, 17.0, -40.3333, 17.0, -39.6667, 18.0, -39.0, 18.0, -39.0, 19.3333, -39.3333, 20.3333, -40.0, 21.3333, -39.3333, 22.6667, -39.3333, 24.0, -39.6667, 26.0, -40.6667, 27.0, -41.0, 28.0]",25.444279,16.858045,91.760558
385,385,5c:01:3b:6b:b0:95,-39,256,"[86.0, -32.0, 4.0, 0.0, -16.3333, 11.6667, -16.0, 11.6667, -15.3333, 11.0, -14.6667, 11.0, -14.6667, 11.0, -14.6667, 11.0, -14.0, 11.0, -13.6667, 11.6667, -13.6667, 11.6667, -13.3333, 12.0, -13.0, 12.0, -13.3333, 12.3333, -13.0, 13.0, -12.6667, 13.0, -12.6667, 12.3333, -13.0, 12.0, -13.0, 11.3333, -13.0, 11.3333, -12.6667, 10.6667, -12.3333, 9.6667, -12.0, 9.0, -12.0, 8.0, -11.6667, 8.0, -11.3333, 7.6667, -10.6667, 6.6667, -3.0, 1.0, 0.0, 0.0, 0.0, 0.0, 0.0, 0.0, 0.0, 0.0, 0.0, 0.0, 0.0, 0.0, 0.0, 0.0, 0.0, 0.0, 0.0, 0.0, -2.6667, 2.0, -10.3333, 9.3333, -10.6667, 8.6667, -11.3333, 8.6667, -12.0, 8.6667, -12.3333, 8.6667, -12.3333, 8.3333, -13.3333, 8.3333, -14.0, 9.0, -14.3333, 8.6667, -15.0, 8.6667, -15.6667, 8.6667, -16.0, 8.3333, -16.0, 8.3333, -16.0, 8.3333, -16.0, 8.3333, -16.0, 8.3333, -15.6667, 8.6667, -15.0, 8.6667, -15.0, 9.0, -15.0, 9.0, -15.0, 10.0, -14.6667, 10.3333, -14.6667, 10.3333, -15.3333, 10.6667, -16.0, 11.6667, -16.3333, 11.6667, -11.0, 6.6667, -35.0, 24.0, -34.0, 23.6667, -33.0, 23.0, -32.0, 22.0, -31.0, 22.0, -30.0, 23.0, -29.0, 23.3333, -27.0, 23.6667, -26.6667, 24.6667, -26.0, 25.6667, -26.0, 27.0, -25.6667, 27.3333, -26.0, 28.6667, -26.0, 28.6667, -25.6667, 27.6667, -25.6667, 27.6667, -26.0, 26.6667, -25.6667, 25.6667, -25.3333, 24.6667, -24.6667, 22.3333, -24.0, 20.3333, -23.0, 19.0, -24.0, 17.0, -23.0, 15.6667, -23.0, 14.6667, -23.0, 12.6667, -25.0, 8.0, -25.0, 6.3333, -5.0, 0.3333, -2.0, -0.3333, 0.0, -1.0, 0.0, -1.0, 0.0, -1.0, -1.3333, 1.0, -3.3333, 3.6667, -17.6667, 21.0, -18.0, 19.3333, -19.6667, 21.0, -21.0, 19.6667, -23.0, 18.3333, -25.0, 17.6667, -27.0, 17.3333, -28.0, 16.6667, -30.0, 16.3333, -31.0, 15.3333, -32.0, 15.0, -33.0, 14.0, -34.0, 14.0, -34.0, 14.0, -35.0, 14.0, -35.0, 14.0, -35.0, 14.0, -35.0, 14.0, -34.0, 14.6667, -33.0, 15.0, -33.0, 16.0, -33.0, 17.0, -33.0, 18.3333, -32.0, 19.3333, -32.0, 20.3333, -32.0, 22.3333, -33.0, 23.3333, -33.0, 24.0]",23.164166,13.910817,91.760558
386,386,5c:01:3b:6b:b0:95,-43,256,"[86.0, -32.0, 4.0, 0.0, -18.0, 11.3333, -17.3333, 11.3333, -17.0, 11.0, -16.6667, 11.0, -16.6667, 11.0, -16.6667, 11.0, -16.3333, 11.0, -16.0, 12.0, -16.6667, 12.0, -16.3333, 13.0, -15.6667, 12.6667, -16.3333, 12.6667, -16.0, 13.3333, -15.3333, 13.3333, -15.3333, 12.6667, -15.6667, 12.6667, -15.6667, 12.0, -15.6667, 12.0, -15.0, 11.0, -14.3333, 10.0, -13.6667, 9.0, -13.6667, 8.0, -13.0, 8.0, -12.3333, 7.3333, -11.6667, 6.3333, -3.0, 1.0, 0.0, 0.0, 0.0, 0.0, 0.0, 0.0, 0.0, 0.0, 0.0, 0.0, 0.0, 0.0, 0.0, 0.0, 0.0, 0.0, 0.0, 0.0, -3.3333, 2.0, -12.3333, 10.0, -12.6667, 9.0, -13.0, 9.0, -13.3333, 8.3333, -13.3333, 8.3333, -13.0, 7.6667, -13.6667, 7.6667, -14.3333, 8.0, -14.3333, 7.3333, -15.0, 7.3333, -15.6667, 7.3333, -15.6667, 6.6667, -15.6667, 6.6667, -15.6667, 6.6667, -15.6667, 6.6667, -15.6667, 6.6667, -15.6667, 7.3333, -15.3333, 7.3333, -15.3333, 8.0, -15.6667, 8.0, -16.0, 9.0, -15.6667, 9.6667, -15.6667, 9.6667, -16.6667, 10.3333, -17.3333, 11.3333, -18.0, 11.3333, -10.0, 5.3333, -32.3333, 20.3333, -31.6667, 19.6667, -30.6667, 19.3333, -30.0, 18.3333, -29.0, 18.3333, -28.6667, 19.3333, -28.0, 20.0, -27.0, 20.0, -27.3333, 21.0, -27.0, 22.3333, -28.0, 23.3333, -28.3333, 24.0, -29.0, 25.0, -29.0, 25.0, -28.3333, 24.0, -28.3333, 24.0, -28.0, 23.0, -27.3333, 22.3333, -26.6667, 21.3333, -25.3333, 19.3333, -24.0, 17.3333, -23.0, 16.3333, -23.3333, 14.3333, -22.3333, 13.3333, -21.6667, 12.3333, -21.0, 10.3333, -19.6667, 5.0, -19.0, 3.6667, -3.6667, -0.3333, -1.6667, -0.6667, 0.0, -1.0, 0.0, -1.0, 0.0, -1.0, -1.6667, 1.0, -3.6667, 3.3333, -18.3333, 18.6667, -18.0, 17.0, -20.3333, 18.0, -20.6667, 16.3333, -21.6667, 15.3333, -22.6667, 14.6667, -24.0, 14.0, -24.3333, 13.3333, -25.3333, 12.6667, -26.0, 11.6667, -26.3333, 11.0, -27.0, 10.0, -28.0, 10.0, -27.6667, 10.0, -28.3333, 10.0, -28.3333, 10.0, -28.3333, 10.0, -28.6667, 10.0, -28.0, 10.3333, -27.6667, 11.0, -28.0, 12.0, -28.3333, 13.0, -28.6667, 14.6667, -28.6667, 15.6667, -29.0, 16.6667, -29.6667, 18.6667, -30.6667, 19.6667, -31.0, 20.0]",21.891449,12.521463,91.760558
387,387,5c:01:3b:6b:b0:95,-43,256,"[86.0, -32.0, 4.0, 0.0, -11.3333, 11.0, -10.6667, 11.0, -10.6667, 11.0, -10.6667, 11.0, -10.6667, 10.6667, -10.6667, 10.6667, -10.3333, 10.6667, -10.3333, 11.0, -11.0, 11.0, -11.0, 11.6667, -10.3333, 11.3333, -11.0, 11.3333, -11.0, 11.3333, -10.0, 11.3333, -10.0, 11.0, -10.0, 11.3333, -10.0, 11.0, -10.3333, 10.6667, -9.6667, 10.0, -9.3333, 9.3333, -8.6667, 8.6667, -8.6667, 8.0, -8.3333, 8.0, -7.6667, 7.3333, -7.3333, 6.6667, -2.0, 1.3333, 0.0, 0.0, 0.0, 0.0, 0.0, 0.0, 0.0, 0.0, 0.0, 0.0, 0.0, 0.0, 0.0, 0.0, 0.0, 0.0, 0.0, 0.0, -2.6667, 1.6667, -8.3333, 9.0, -8.3333, 8.3333, -8.3333, 8.6667, -8.6667, 8.0, -8.6667, 8.3333, -8.0, 7.6667, -8.3333, 8.0, -8.6667, 8.0, -9.0, 7.3333, -9.3333, 7.6667, -9.6667, 7.6667, -9.6667, 7.0, -9.6667, 7.0, -9.6667, 7.0, -9.6667, 7.0, -9.6667, 7.0, -9.3333, 7.6667, -9.3333, 7.3333, -9.3333, 8.0, -9.6667, 8.3333, -9.6667, 9.0, -9.6667, 9.6667, -9.6667, 9.6667, -10.3333, 10.3333, -10.6667, 11.3333, -11.3333, 11.3333, -4.0, 6.6667, -13.3333, 25.0, -13.3333, 24.0, -12.6667, 23.6667, -12.0, 22.6667, -11.3333, 22.3333, -11.0, 22.6667, -10.6667, 23.0, -10.3333, 22.6667, -10.6667, 22.6667, -10.3333, 23.6667, -11.3333, 24.0, -12.0, 24.3333, -12.3333, 25.0, -12.3333, 25.0, -11.6667, 24.3333, -11.6667, 24.3333, -11.0, 23.6667, -10.6667, 23.0, -10.3333, 22.3333, -9.6667, 21.0, -9.0, 19.6667, -8.6667, 18.6667, -9.3333, 17.3333, -9.0, 16.6667, -9.0, 16.0, -9.0, 14.6667, -8.6667, 10.3333, -8.6667, 9.6667, -2.0, 0.6667, -1.0, -0.3333, -0.3333, -1.0, -0.3333, -1.0, -0.3333, -1.0, -1.0, 1.0, -1.6667, 3.0, -5.3333, 18.3333, -5.3333, 17.3333, -8.3333, 18.3333, -8.3333, 17.6667, -9.0, 18.0, -9.6667, 18.0, -10.6667, 18.0, -11.0, 18.0, -11.3333, 17.6667, -12.0, 17.6667, -12.3333, 17.3333, -13.0, 17.0, -13.6667, 17.3333, -13.3333, 17.3333, -13.6667, 17.3333, -13.6667, 17.6667, -13.6667, 17.6667, -14.0, 17.6667, -13.3333, 17.3333, -13.0, 17.6667, -13.0, 18.3333, -12.6667, 19.3333, -12.6667, 20.6667, -12.3333, 21.3333, -12.3333, 21.6667, -12.6667, 23.3333, -13.3333, 24.0, -13.6667, 24.0]",16.344652,10.439429,91.760558
388,388,5c:01:3b:6b:b0:95,-43,256,"[86.0, -32.0, 4.0, 0.0, -3.6667, 11.0, -3.3333, 11.0, -3.3333, 11.0, -3.3333, 11.0, -3.3333, 10.3333, -3.3333, 10.3333, -2.6667, 10.3333, -2.6667, 10.0, -3.0, 10.0, -3.0, 10.3333, -2.6667, 10.0, -3.0, 10.0, -3.0, 9.3333, -2.0, 9.3333, -2.0, 9.3333, -2.0, 10.0, -2.0, 10.0, -2.6667, 9.3333, -2.3333, 9.0, -2.6667, 8.6667, -2.3333, 8.3333, -2.3333, 8.0, -2.6667, 8.0, -2.3333, 7.6667, -2.6667, 7.3333, -1.0, 1.6667, 0.0, 0.0, 0.0, 0.0, 0.0, 0.0, 0.0, 0.0, 0.0, 0.0, 0.0, 0.0, 0.0, 0.0, 0.0, 0.0, 0.0, 0.0, -1.3333, 1.3333, -2.6667, 8.0, -2.6667, 7.6667, -2.6667, 8.3333, -3.3333, 8.0, -3.3333, 8.6667, -3.0, 8.3333, -3.0, 9.0, -3.0, 9.0, -3.6667, 8.6667, -3.6667, 9.3333, -3.6667, 9.3333, -3.6667, 9.0, -3.6667, 9.0, -3.6667, 9.0, -3.6667, 9.0, -3.6667, 9.0, -3.0, 9.3333, -3.3333, 8.6667, -3.3333, 9.0, -3.6667, 9.6667, -3.3333, 10.0, -3.3333, 10.3333, -3.3333, 10.3333, -3.6667, 10.6667, -3.3333, 11.6667, -3.6667, 11.6667, 2.0, 9.3333, 5.6667, 33.0, 5.0, 32.0, 5.3333, 31.3333, 6.0, 30.3333, 6.3333, 29.6667, 6.6667, 29.3333, 6.6667, 29.0, 6.3333, 28.3333, 6.6667, 27.3333, 7.3333, 27.3333, 7.3333, 27.0, 7.0, 26.6667, 7.3333, 27.0, 7.3333, 27.0, 7.6667, 26.6667, 7.6667, 26.6667, 8.0, 26.3333, 7.6667, 26.0, 7.3333, 25.6667, 6.6667, 25.0, 6.0, 24.3333, 5.6667, 23.3333, 4.6667, 22.6667, 4.3333, 22.3333, 3.6667, 22.0, 3.0, 21.3333, 2.3333, 18.6667, 1.6667, 18.3333, -0.3333, 2.3333, -0.3333, 0.3333, -0.6667, -1.0, -0.6667, -1.0, -0.6667, -1.0, 0.0, 1.0, 0.6667, 3.0, 8.3333, 19.6667, 7.3333, 19.6667, 4.3333, 20.6667, 4.0, 21.3333, 3.6667, 23.0, 3.3333, 24.0, 2.6667, 25.0, 2.3333, 26.0, 2.6667, 26.3333, 2.0, 27.3333, 1.6667, 27.6667, 1.0, 28.0, 0.6667, 28.6667, 1.0, 28.6667, 1.0, 28.6667, 1.0, 29.3333, 1.0, 29.3333, 0.6667, 29.3333, 1.3333, 28.6667, 1.6667, 28.3333, 2.0, 28.6667, 3.0, 29.6667, 3.3333, 30.3333, 4.0, 30.6667, 4.3333, 30.3333, 4.3333, 31.6667, 4.0, 32.0, 3.6667, 32.0]",16.807191,12.42565,91.760558
389,389,5c:01:3b:6b:b0:95,-39,256,"[86.0, -32.0, 4.0, 0.0, 4.0, 11.0, 4.0, 11.0, 4.0, 11.0, 4.0, 11.0, 4.0, 10.0, 4.0, 10.0, 5.0, 10.0, 5.0, 9.0, 5.0, 9.0, 5.0, 9.0, 5.0, 9.0, 5.0, 9.0, 5.0, 8.0, 6.0, 8.0, 6.0, 8.0, 6.0, 9.0, 6.0, 9.0, 5.0, 8.0, 5.0, 8.0, 4.0, 8.0, 4.0, 8.0, 4.0, 8.0, 3.0, 8.0, 3.0, 8.0, 2.0, 8.0, 0.0, 2.0, 0.0, 0.0, 0.0, 0.0, 0.0, 0.0, 0.0, 0.0, 0.0, 0.0, 0.0, 0.0, 0.0, 0.0, 0.0, 0.0, 0.0, 0.0, 0.0, 1.0, 3.0, 7.0, 3.0, 7.0, 3.0, 8.0, 2.0, 8.0, 2.0, 9.0, 2.0, 9.0, 1.6667, 10.0, 1.6667, 10.0, 0.6667, 10.0, 0.6667, 11.0, 0.3333, 11.0, 0.3333, 11.0, 0.3333, 11.0, 0.3333, 11.0, 0.3333, 11.0, 0.3333, 11.0, 1.3333, 11.0, 1.3333, 10.0, 1.6667, 10.0, 1.6667, 11.0, 2.6667, 11.0, 2.6667, 11.0, 3.0, 11.0, 3.0, 11.0, 4.0, 12.0, 4.0, 12.0, 4.6667, 12.0, 15.3333, 41.6667, 14.6667, 40.6667, 14.6667, 39.6667, 15.6667, 39.0, 15.6667, 37.6667, 16.6667, 36.6667, 17.0, 35.6667, 17.3333, 34.6667, 18.3333, 33.0, 19.6667, 31.6667, 21.0, 30.6667, 21.3333, 29.6667, 22.0, 29.6667, 22.0, 29.6667, 22.0, 29.6667, 21.6667, 29.6667, 21.3333, 29.6667, 20.6667, 29.6667, 19.3333, 29.6667, 17.6667, 29.6667, 15.6667, 29.3333, 15.0, 28.3333, 13.3333, 28.3333, 12.3333, 28.3333, 10.3333, 28.0, 8.6667, 28.0, 3.3333, 27.0, 1.6667, 27.0, -0.6667, 4.0, -0.3333, 1.0, -1.0, -1.0, -1.0, -1.0, -1.0, -1.0, 0.6667, 1.0, 2.3333, 3.0, 17.6667, 21.0, 15.6667, 22.0, 13.6667, 24.0, 12.3333, 26.0, 11.0, 28.6667, 9.6667, 30.6667, 8.6667, 32.6667, 7.3333, 34.6667, 7.0, 35.6667, 5.6667, 37.6667, 5.0, 38.3333, 4.0, 39.3333, 4.0, 40.3333, 4.0, 40.6667, 4.0, 40.6667, 3.6667, 41.3333, 3.6667, 41.3333, 3.6667, 41.3333, 4.6667, 40.3333, 5.6667, 39.3333, 6.6667, 39.6667, 8.3333, 40.3333, 9.3333, 40.3333, 11.0, 40.3333, 12.3333, 40.0, 13.3333, 40.6667, 13.6667, 41.0, 13.6667, 41.0]",21.246802,16.338184,91.760558
390,390,5c:01:3b:6b:b0:95,-44,256,"[86.0, -32.0, 4.0, 0.0, 4.0, 7.3333, 4.0, 7.3333, 4.0, 7.0, 4.3333, 7.0, 4.3333, 6.3333, 4.3333, 6.3333, 5.3333, 6.3333, 5.3333, 5.3333, 5.6667, 5.3333, 6.0, 5.0, 6.0, 5.0, 6.0, 5.0, 6.3333, 4.3333, 7.0, 4.3333, 6.6667, 4.3333, 6.6667, 5.0, 6.6667, 5.3333, 5.6667, 4.6667, 5.3333, 5.0, 4.3333, 5.0, 4.0, 5.0, 4.0, 5.0, 3.0, 5.3333, 3.0, 5.3333, 2.0, 5.3333, 0.0, 1.3333, 0.0, 0.0, 0.0, 0.0, 0.0, 0.0, 0.0, 0.0, 0.0, 0.0, 0.0, 0.0, 0.0, 0.0, 0.0, 0.0, 0.0, 0.0, 0.3333, 0.3333, 3.6667, 4.0, 3.6667, 4.0, 3.3333, 5.0, 2.3333, 5.0, 2.3333, 6.0, 2.0, 6.0, 1.3333, 7.0, 1.3333, 7.0, 0.3333, 7.0, 0.3333, 7.6667, -0.3333, 8.0, -0.3333, 8.0, -0.3333, 8.0, -0.3333, 8.0, -0.3333, 8.0, -0.3333, 8.0, 0.6667, 8.0, 0.6667, 7.0, 1.3333, 7.0, 1.3333, 7.6667, 2.3333, 7.6667, 2.3333, 7.3333, 3.0, 7.3333, 3.0, 7.3333, 4.0, 8.0, 4.0, 8.0, 2.3333, 7.6667, 8.6667, 27.6667, 8.3333, 27.0, 8.3333, 26.3333, 9.3333, 26.0, 9.3333, 24.6667, 10.3333, 24.0, 11.0, 23.0, 11.6667, 22.0, 12.6667, 20.3333, 14.3333, 18.6667, 16.0, 17.3333, 16.6667, 16.3333, 17.0, 16.3333, 17.0, 16.6667, 17.0, 16.6667, 16.3333, 16.6667, 15.6667, 17.0, 15.3333, 17.3333, 13.6667, 17.6667, 12.3333, 18.3333, 10.3333, 18.3333, 10.0, 18.0, 8.6667, 18.3333, 7.6667, 18.3333, 5.6667, 18.6667, 4.3333, 19.0, -1.3333, 19.3333, -2.6667, 20.0, -1.3333, 3.0, -0.6667, 0.6667, -1.0, -1.0, -1.0, -0.6667, -1.0, -0.6667, 0.3333, 0.3333, 1.6667, 1.0, 13.3333, 9.6667, 11.3333, 11.0, 10.3333, 13.6667, 8.6667, 15.6667, 7.0, 17.6667, 5.3333, 19.6667, 4.3333, 21.3333, 2.6667, 23.3333, 2.0, 24.6667, 0.3333, 26.6667, 0.0, 27.3333, -1.0, 28.0, -1.0, 29.0, -1.0, 29.3333, -1.0, 29.3333, -1.6667, 30.0, -1.6667, 30.0, -1.6667, 29.6667, -0.6667, 29.0, 0.3333, 28.0, 1.3333, 28.3333, 2.6667, 28.3333, 3.6667, 28.0, 5.0, 27.6667, 6.6667, 27.3333, 7.6667, 27.3333, 8.3333, 27.3333, 8.3333, 27.0]",14.615787,12.080975,91.760558
391,391,5c:01:3b:6b:b0:95,-43,256,"[86.0, -32.0, 4.0, 0.0, 4.0, 3.6667, 4.0, 3.6667, 4.0, 3.0, 4.6667, 3.0, 4.6667, 2.6667, 4.6667, 2.6667, 5.6667, 2.6667, 5.6667, 1.6667, 6.3333, 1.6667, 7.0, 1.3333, 7.0, 1.3333, 7.0, 1.6667, 7.6667, 1.0, 8.0, 1.0, 7.3333, 1.0, 7.3333, 1.3333, 7.3333, 1.6667, 6.3333, 1.3333, 5.6667, 2.0, 4.6667, 2.0, 4.0, 2.0, 4.0, 2.0, 3.0, 2.6667, 3.0, 2.6667, 2.0, 2.6667, 0.0, 0.6667, 0.0, 0.0, 0.0, 0.0, 0.0, 0.0, 0.0, 0.0, 0.0, 0.0, 0.0, 0.0, 0.0, 0.0, 0.0, 0.0, 0.0, 0.0, 0.6667, -0.3333, 4.3333, 1.0, 4.3333, 1.0, 3.6667, 2.0, 2.6667, 2.0, 2.6667, 3.0, 2.0, 3.0, 1.0, 4.0, 1.0, 4.0, 0.0, 4.0, 0.0, 4.3333, -1.0, 5.0, -1.0, 5.0, -1.0, 5.0, -1.0, 5.0, -1.0, 5.0, -1.0, 5.0, 0.0, 5.0, 0.0, 4.0, 1.0, 4.0, 1.0, 4.3333, 2.0, 4.3333, 2.0, 3.6667, 3.0, 3.6667, 3.0, 3.6667, 4.0, 4.0, 4.0, 4.0, 0.0, 3.3333, 2.0, 13.6667, 2.0, 13.3333, 2.0, 13.0, 3.0, 13.0, 3.0, 11.6667, 4.0, 11.3333, 5.0, 10.3333, 6.0, 9.3333, 7.0, 7.6667, 9.0, 5.6667, 11.0, 4.0, 12.0, 3.6667, 12.0, 3.6667, 12.0, 4.0, 12.0, 4.0, 11.0, 4.0, 10.0, 4.3333, 10.0, 5.0, 8.0, 5.6667, 7.0, 7.0, 5.0, 7.3333, 5.0, 7.6667, 4.0, 8.3333, 3.0, 8.3333, 1.0, 9.3333, 0.0, 10.0, -6.0, 11.6667, -7.0, 13.0, -2.0, 2.0, -1.0, 0.3333, -1.0, -1.0, -1.0, -0.3333, -1.0, -0.3333, 0.0, -0.3333, 1.0, -0.3333, 9.0, 1.0, 7.0, 1.6667, 7.0, 3.3333, 5.0, 5.3333, 3.0, 6.6667, 1.0, 8.6667, 0.0, 10.0, -2.0, 12.0, -3.0, 13.6667, -5.0, 15.6667, -5.0, 16.3333, -6.0, 16.6667, -6.0, 17.6667, -6.0, 18.0, -6.0, 18.0, -7.0, 18.6667, -7.0, 18.6667, -7.0, 18.0, -6.0, 17.6667, -5.0, 16.6667, -4.0, 17.0, -3.0, 16.3333, -2.0, 15.6667, -1.0, 15.0, 1.0, 14.6667, 2.0, 14.0, 3.0, 13.6667, 3.0, 13.0]",8.626987,9.09014,91.760558
392,392,5c:01:3b:6b:b0:95,-40,256,"[86.0, -32.0, 4.0, 0.0, 6.6667, -1.6667, 6.6667, -1.3333, 6.6667, -2.0, 7.0, -2.0, 7.0, -2.0, 7.0, -2.0, 7.6667, -1.6667, 7.6667, -2.3333, 8.3333, -2.0, 8.6667, -2.6667, 8.3333, -2.6667, 8.3333, -2.3333, 9.0, -2.6667, 9.0, -2.6667, 8.6667, -2.6667, 8.6667, -2.6667, 8.6667, -2.0, 8.0, -2.3333, 7.3333, -1.6667, 6.3333, -1.6667, 5.6667, -1.6667, 5.6667, -1.6667, 4.6667, -1.0, 4.6667, -1.3333, 4.0, -1.3333, 0.6667, -0.3333, 0.0, 0.0, 0.0, 0.0, 0.0, 0.0, 0.0, 0.0, 0.0, 0.0, 0.0, 0.0, 0.0, 0.0, 0.0, 0.0, 0.0, 0.0, 1.0, -1.0, 5.6667, -2.0, 6.0, -2.0, 5.6667, -1.6667, 5.0, -1.6667, 5.0, -1.3333, 4.6667, -1.3333, 4.0, -1.0, 4.0, -1.0, 3.3333, -1.3333, 3.6667, -1.3333, 3.0, -0.6667, 3.0, -0.6667, 3.0, -0.6667, 3.0, -0.6667, 3.0, -0.6667, 3.0, -0.6667, 3.6667, -0.6667, 3.6667, -1.3333, 4.3333, -1.3333, 4.3333, -1.0, 5.0, -1.0, 5.0, -1.6667, 5.6667, -1.6667, 6.0, -1.6667, 6.6667, -1.6667, 7.0, -1.6667, 3.6667, -3.0, 13.3333, -7.3333, 13.3333, -7.3333, 13.0, -7.3333, 13.3333, -7.3333, 13.0, -7.6667, 13.3333, -7.0, 13.6667, -7.3333, 14.0, -7.6667, 13.6667, -8.3333, 14.6667, -9.0, 15.3333, -10.0, 15.6667, -10.3333, 15.6667, -10.3333, 16.0, -9.6667, 16.0, -9.6667, 15.3333, -9.6667, 15.0, -9.3333, 15.0, -8.6667, 14.0, -8.6667, 13.3333, -7.3333, 12.0, -7.0, 11.6667, -6.6667, 11.0, -6.3333, 10.0, -6.3333, 8.6667, -5.3333, 8.0, -5.0, 5.3333, -2.0, 4.6667, -0.3333, 0.3333, 0.0, -0.3333, -0.3333, -1.0, -0.6667, -1.0, 0.0, -1.0, 0.0, 0.0, -1.0, 1.3333, -2.3333, 12.0, -10.3333, 11.0, -9.3333, 11.0, -8.0, 10.3333, -7.3333, 10.0, -7.6667, 9.3333, -7.0, 9.3333, -7.0, 8.6667, -6.3333, 8.6667, -5.6667, 7.6667, -5.0, 8.0, -4.6667, 7.6667, -4.6667, 7.6667, -4.3333, 7.6667, -4.3333, 8.0, -4.3333, 7.6667, -3.3333, 7.6667, -3.3333, 7.6667, -4.0, 8.0, -4.0, 8.6667, -5.0, 9.3333, -5.0, 10.0, -5.3333, 10.6667, -5.6667, 11.0, -6.0, 12.0, -6.3333, 12.6667, -6.6667, 13.6667, -7.3333, 13.6667, -8.3333]",8.997441,9.041574,91.760558
393,393,5c:01:3b:6b:b0:95,-40,256,"[86.0, -32.0, 4.0, 0.0, 9.0, -3.6667, 9.0, -3.3333, 9.0, -3.6667, 8.6667, -3.6667, 8.6667, -3.6667, 8.6667, -3.6667, 9.0, -3.3333, 8.6667, -3.6667, 9.0, -3.3333, 9.0, -4.0, 8.3333, -4.0, 8.3333, -3.6667, 8.6667, -4.0, 8.6667, -4.0, 8.6667, -4.0, 8.6667, -4.0, 9.0, -3.6667, 8.3333, -3.6667, 8.0, -3.3333, 7.3333, -3.3333, 7.0, -3.0, 7.0, -3.0, 6.3333, -2.3333, 6.0, -2.6667, 5.6667, -2.6667, 1.0, -0.6667, 0.0, 0.0, 0.0, 0.0, 0.0, 0.0, 0.0, 0.0, 0.0, 0.0, 0.0, 0.0, 0.0, 0.0, 0.0, 0.0, 0.0, 0.0, 1.0, -1.3333, 6.3333, -3.0, 6.6667, -3.0, 7.0, -2.6667, 6.6667, -2.6667, 7.0, -2.6667, 7.0, -2.6667, 7.0, -3.0, 7.0, -3.0, 6.6667, -3.6667, 7.0, -3.6667, 7.0, -3.3333, 7.0, -3.3333, 7.0, -3.3333, 7.0, -3.3333, 7.0, -3.3333, 7.0, -3.3333, 7.3333, -3.3333, 7.3333, -3.6667, 7.6667, -3.6667, 7.6667, -3.0, 8.0, -3.0, 8.0, -3.3333, 8.3333, -3.3333, 8.6667, -3.3333, 9.3333, -3.3333, 9.6667, -3.3333, 7.3333, -5.0, 24.6667, -13.6667, 24.6667, -13.6667, 24.0, -13.6667, 23.6667, -13.6667, 23.0, -13.3333, 22.6667, -12.3333, 22.3333, -12.6667, 22.0, -12.6667, 20.3333, -13.0, 20.3333, -13.6667, 19.6667, -14.3333, 19.3333, -14.6667, 19.3333, -15.0, 20.0, -14.6667, 20.0, -14.6667, 19.6667, -14.3333, 20.0, -14.3333, 20.0, -13.6667, 20.0, -13.6667, 19.6667, -12.3333, 19.0, -12.0, 18.3333, -11.3333, 18.0, -11.0, 17.0, -10.6667, 16.3333, -10.6667, 16.0, -11.0, 16.6667, -8.0, 16.3333, -6.6667, 2.6667, -1.0, 0.3333, -0.6667, -1.0, -0.3333, -1.0, 0.0, -1.0, 0.0, 0.0, -1.3333, 1.6667, -2.6667, 15.0, -12.0, 15.0, -11.3333, 15.0, -10.6667, 15.6667, -10.3333, 17.0, -10.6667, 17.6667, -11.0, 18.6667, -12.0, 19.3333, -12.6667, 20.3333, -13.3333, 20.3333, -14.0, 21.0, -14.3333, 21.3333, -14.3333, 21.3333, -14.6667, 21.3333, -14.6667, 22.0, -14.6667, 22.3333, -13.6667, 22.3333, -13.6667, 22.3333, -14.0, 22.0, -14.0, 22.3333, -15.0, 22.6667, -15.0, 23.0, -14.6667, 23.3333, -14.3333, 23.0, -14.0, 23.0, -13.6667, 23.3333, -13.3333, 24.3333, -13.6667, 24.3333, -14.6667]",14.907396,11.591555,91.760558
394,394,5c:01:3b:6b:b0:95,-43,256,"[86.0, -32.0, 4.0, 0.0, 11.3333, -5.6667, 11.3333, -5.3333, 11.3333, -5.3333, 10.3333, -5.3333, 10.3333, -5.3333, 10.3333, -5.3333, 10.3333, -5.0, 9.6667, -5.0, 9.6667, -4.6667, 9.3333, -5.6667, 8.3333, -5.6667, 8.3333, -5.6667, 8.3333, -5.6667, 8.3333, -5.6667, 8.6667, -5.6667, 8.6667, -5.6667, 9.3333, -5.3333, 8.6667, -5.0, 8.6667, -5.0, 8.3333, -5.0, 8.3333, -4.3333, 8.3333, -4.3333, 8.0, -3.6667, 7.3333, -4.0, 7.3333, -4.0, 1.3333, -1.0, 0.0, 0.0, 0.0, 0.0, 0.0, 0.0, 0.0, 0.0, 0.0, 0.0, 0.0, 0.0, 0.0, 0.0, 0.0, 0.0, 0.0, 0.0, 1.0, -1.6667, 7.0, -4.0, 7.3333, -4.0, 8.3333, -3.6667, 8.3333, -3.6667, 9.0, -4.0, 9.3333, -4.0, 10.0, -4.3333, 10.0, -4.3333, 10.0, -5.0, 10.3333, -5.0, 11.0, -5.0, 11.0, -4.6667, 11.0, -4.6667, 11.0, -5.0, 11.0, -5.0, 11.0, -5.0, 11.0, -5.0, 11.0, -5.0, 11.0, -5.3333, 11.0, -4.6667, 11.0, -4.6667, 11.0, -4.6667, 11.0, -5.0, 11.3333, -5.0, 12.0, -5.0, 12.3333, -5.0, 11.0, -6.6667, 36.0, -19.3333, 36.0, -19.0, 35.0, -19.0, 34.0, -19.0, 33.0, -18.3333, 32.0, -17.6667, 31.0, -18.0, 30.0, -17.6667, 27.0, -17.6667, 26.0, -18.3333, 24.0, -18.6667, 23.0, -19.6667, 23.0, -20.3333, 24.0, -20.0, 24.0, -20.0, 24.0, -19.3333, 25.0, -19.3333, 25.0, -18.6667, 26.0, -18.6667, 26.0, -17.3333, 26.0, -17.0, 25.0, -16.0, 25.0, -15.6667, 24.0, -14.6667, 24.0, -14.6667, 24.0, -15.0, 28.0, -11.3333, 28.0, -10.0, 5.0, -1.6667, 1.0, -1.0, -1.0, -0.3333, -1.0, 0.0, -1.0, 0.0, 0.0, -1.6667, 2.0, -3.6667, 18.0, -16.3333, 19.0, -15.0, 19.0, -13.3333, 21.0, -13.3333, 24.0, -13.6667, 26.0, -14.3333, 28.0, -15.3333, 30.0, -16.3333, 32.0, -17.3333, 33.0, -18.0, 34.0, -18.3333, 35.0, -18.3333, 35.0, -19.0, 35.0, -19.0, 36.0, -18.6667, 37.0, -18.0, 37.0, -18.3333, 37.0, -18.3333, 36.0, -18.6667, 36.0, -19.6667, 36.0, -20.0, 36.0, -19.6667, 36.0, -19.3333, 35.0, -19.3333, 34.0, -19.0, 34.0, -18.6667, 35.0, -19.0, 35.0, -19.6667]",20.451513,15.221211,91.760558
395,395,5c:01:3b:6b:b0:95,-40,256,"[86.0, -32.0, 4.0, 0.0, 4.0, -1.3333, 4.0, -1.3333, 4.3333, -1.3333, 3.6667, -1.3333, 3.6667, -1.3333, 4.0, -1.3333, 4.0, -1.3333, 3.6667, -1.3333, 3.6667, -1.3333, 3.6667, -2.0, 3.0, -2.0, 3.0, -1.6667, 3.0, -1.6667, 3.0, -2.0, 3.0, -1.6667, 3.0, -1.6667, 3.6667, -1.6667, 3.0, -1.3333, 3.0, -1.3333, 3.0, -1.6667, 3.0, -1.0, 3.0, -1.3333, 3.0, -0.6667, 2.3333, -1.0, 2.3333, -1.0, 0.0, -0.3333, 0.0, 0.0, 0.0, 0.0, 0.0, 0.0, 0.0, 0.0, 0.0, 0.0, 0.0, 0.0, 0.0, 0.0, 0.0, 0.0, 0.0, 0.0, 0.0, -1.0, 2.6667, -1.3333, 2.3333, -1.3333, 3.0, -0.6667, 2.6667, -0.6667, 3.3333, -0.6667, 3.0, -0.6667, 3.6667, -0.6667, 3.6667, -1.0, 3.3333, -1.3333, 3.3333, -1.3333, 4.0, -1.3333, 3.6667, -1.0, 3.6667, -1.0, 3.6667, -1.3333, 4.0, -1.3333, 4.0, -1.3333, 4.0, -1.0, 4.0, -1.0, 4.0, -1.3333, 4.0, -0.6667, 4.0, -0.6667, 4.0, -0.6667, 4.0, -1.0, 4.0, -1.0, 4.6667, -0.6667, 4.6667, -0.6667, 3.0, -2.0, 10.6667, -4.6667, 10.6667, -4.6667, 10.0, -4.6667, 10.0, -4.6667, 10.0, -4.3333, 9.6667, -4.3333, 9.3333, -5.0, 9.0, -4.6667, 7.6667, -5.0, 7.3333, -6.0, 6.3333, -6.3333, 6.0, -6.6667, 6.0, -7.3333, 6.6667, -7.3333, 6.6667, -7.3333, 6.6667, -6.6667, 7.3333, -7.0, 7.3333, -6.3333, 8.0, -6.3333, 8.0, -5.3333, 8.0, -5.3333, 7.3333, -4.6667, 7.3333, -4.3333, 7.0, -3.6667, 7.0, -4.0, 7.0, -4.6667, 9.0, -3.3333, 9.0, -3.0, 1.3333, -0.6667, 0.0, -0.6667, -0.6667, -0.6667, -0.6667, -0.3333, -0.6667, -0.3333, -0.3333, -1.0, 0.0, -1.6667, 5.0, -5.0, 5.0, -4.6667, 4.6667, -4.0, 5.3333, -4.0, 6.6667, -3.6667, 7.3333, -3.6667, 8.0, -4.3333, 8.6667, -4.6667, 9.6667, -5.3333, 9.6667, -5.6667, 10.0, -6.0, 10.3333, -6.0, 10.0, -6.3333, 10.0, -6.3333, 10.6667, -6.0, 11.3333, -5.6667, 11.3333, -6.0, 11.3333, -6.0, 10.6667, -6.0, 11.0, -6.6667, 11.0, -6.6667, 11.0, -6.3333, 11.0, -5.6667, 10.3333, -5.6667, 10.0, -5.3333, 9.6667, -4.6667, 10.0, -4.6667, 10.0, -4.6667]",6.806063,8.516909,91.760558
396,396,5c:01:3b:6b:b0:95,-40,256,"[86.0, -32.0, 4.0, 0.0, -3.0, 3.3333, -3.0, 3.3333, -2.3333, 3.3333, -2.6667, 3.3333, -2.6667, 3.3333, -2.0, 3.3333, -2.0, 3.3333, -1.6667, 3.3333, -1.6667, 3.3333, -1.6667, 3.0, -2.0, 3.0, -2.0, 3.6667, -2.0, 3.6667, -2.0, 3.0, -2.0, 3.6667, -2.0, 3.6667, -1.6667, 3.6667, -2.0, 3.3333, -2.0, 3.3333, -2.0, 2.6667, -2.0, 3.0, -2.0, 2.3333, -2.0, 2.6667, -2.3333, 2.0, -2.3333, 2.0, -1.0, 0.3333, 0.0, 0.0, 0.0, 0.0, 0.0, 0.0, 0.0, 0.0, 0.0, 0.0, 0.0, 0.0, 0.0, 0.0, 0.0, 0.0, 0.0, 0.0, -1.0, 0.0, -1.6667, 2.3333, -2.3333, 2.3333, -2.0, 2.6667, -2.6667, 2.6667, -2.3333, 2.6667, -3.0, 2.6667, -2.6667, 3.0, -2.6667, 2.3333, -3.3333, 2.3333, -3.3333, 2.3333, -3.0, 2.3333, -3.6667, 2.6667, -3.6667, 2.6667, -3.6667, 2.3333, -3.0, 2.3333, -3.0, 2.3333, -3.0, 3.0, -3.0, 3.0, -3.0, 2.6667, -3.0, 3.3333, -3.0, 3.3333, -3.0, 3.3333, -3.0, 3.0, -3.0, 3.0, -2.6667, 3.6667, -2.6667, 3.6667, -5.0, 2.6667, -14.6667, 10.0, -14.6667, 9.6667, -15.0, 9.6667, -14.0, 9.6667, -13.0, 9.6667, -12.6667, 9.3333, -12.3333, 9.0, -12.0, 9.6667, -11.6667, 10.0, -11.3333, 10.0, -11.3333, 10.3333, -11.0, 10.6667, -11.0, 10.3333, -10.6667, 10.3333, -10.6667, 10.3333, -10.6667, 10.6667, -10.3333, 10.0, -10.3333, 10.3333, -10.0, 9.3333, -10.0, 9.3333, -10.0, 8.3333, -10.3333, 7.6667, -10.3333, 7.3333, -10.0, 7.3333, -10.0, 6.6667, -10.0, 5.6667, -10.0, 4.6667, -10.0, 4.0, -2.3333, 0.3333, -1.0, -0.3333, -0.3333, -1.0, -0.3333, -0.6667, -0.3333, -0.6667, -0.6667, 0.0, -2.0, 0.6667, -8.0, 8.0, -9.0, 7.6667, -9.6667, 8.0, -10.3333, 7.0, -10.6667, 6.6667, -11.3333, 7.0, -12.0, 6.6667, -12.6667, 7.0, -12.6667, 6.6667, -13.6667, 6.6667, -14.0, 6.3333, -14.3333, 6.3333, -15.0, 6.3333, -15.0, 6.3333, -14.6667, 6.6667, -14.3333, 6.6667, -14.3333, 6.3333, -14.3333, 6.3333, -14.6667, 6.6667, -14.0, 6.3333, -14.0, 6.6667, -14.0, 7.0, -14.0, 8.0, -14.3333, 8.0, -14.0, 8.3333, -14.6667, 9.3333, -15.0, 9.6667, -15.0, 10.3333]",8.925707,9.509826,91.760558
397,397,5c:01:3b:6b:b0:95,-43,256,"[86.0, -32.0, 4.0, 0.0, -12.3333, 3.3333, -12.3333, 3.0, -11.6667, 3.0, -11.6667, 3.0, -11.6667, 2.6667, -11.0, 2.6667, -11.0, 2.6667, -10.3333, 2.3333, -10.0, 2.0, -10.0, 2.0, -9.6667, 1.6667, -9.6667, 2.3333, -9.6667, 2.3333, -9.6667, 1.6667, -9.6667, 2.3333, -10.0, 2.3333, -9.6667, 2.6667, -9.6667, 2.3333, -9.6667, 2.3333, -9.6667, 2.0, -9.3333, 2.3333, -9.0, 2.0, -9.0, 2.3333, -8.6667, 1.6667, -8.3333, 2.0, -2.3333, 0.3333, 0.0, 0.0, 0.0, 0.0, 0.0, 0.0, 0.0, 0.0, 0.0, 0.0, 0.0, 0.0, 0.0, 0.0, 0.0, 0.0, 0.0, 0.0, -2.3333, 0.0, -8.3333, 1.6667, -9.3333, 2.0, -9.3333, 2.0, -10.0, 2.3333, -9.6667, 2.3333, -10.3333, 2.6667, -10.3333, 2.6667, -10.0, 2.3333, -10.6667, 2.6667, -10.6667, 2.6667, -10.6667, 2.6667, -11.3333, 3.0, -11.3333, 3.0, -11.3333, 3.0, -10.6667, 3.0, -10.6667, 2.6667, -11.0, 3.3333, -11.0, 3.0, -11.0, 3.0, -11.3333, 3.3333, -11.3333, 3.0, -11.6667, 3.0, -11.6667, 3.0, -12.0, 2.6667, -12.3333, 3.3333, -12.3333, 3.0, -11.3333, 3.6667, -35.6667, 13.0, -35.3333, 12.6667, -35.3333, 12.6667, -33.6667, 12.3333, -32.3333, 12.3333, -32.0, 12.0, -31.3333, 11.6667, -30.6667, 12.0, -29.6667, 12.0, -29.3333, 12.3333, -29.3333, 12.3333, -29.0, 13.0, -29.0, 12.6667, -29.0, 12.6667, -29.0, 12.6667, -28.6667, 12.6667, -28.3333, 12.3333, -28.0, 12.3333, -27.6667, 11.3333, -27.0, 11.3333, -26.3333, 10.6667, -26.0, 9.6667, -25.6667, 9.6667, -24.6667, 9.3333, -24.0, 8.6667, -23.3333, 7.6667, -22.3333, 7.0, -21.6667, 6.3333, -4.6667, 0.6667, -1.6667, 0.0, 0.0, -1.0, 0.0, -0.6667, 0.0, -0.6667, -1.3333, 0.3333, -4.0, 1.0, -21.3333, 10.0, -22.3333, 10.0, -23.3333, 9.6667, -24.3333, 9.0, -25.3333, 8.6667, -26.3333, 9.3333, -27.6667, 9.0, -28.6667, 9.3333, -29.0, 9.3333, -30.3333, 9.0, -30.6667, 8.6667, -31.3333, 9.0, -32.0, 9.0, -32.0, 9.3333, -32.0, 9.3333, -31.6667, 9.3333, -32.0, 9.3333, -32.0, 9.3333, -32.0, 9.6667, -31.6667, 9.3333, -32.0, 9.6667, -32.3333, 9.6667, -32.6667, 10.6667, -33.3333, 11.0, -33.0, 11.3333, -34.3333, 12.3333, -35.3333, 12.6667, -35.3333, 13.3333]",18.981465,13.76798,91.760558
398,398,5c:01:3b:6b:b0:95,-44,256,"[86.0, -32.0, 4.0, 0.0, -14.6667, -6.3333, -14.6667, -6.3333, -14.3333, -6.0, -14.3333, -5.6667, -14.3333, -6.0, -14.0, -5.6667, -14.0, -5.6667, -13.6667, -5.6667, -13.6667, -5.6667, -13.6667, -5.6667, -13.3333, -5.6667, -13.3333, -5.3333, -13.6667, -5.3333, -13.6667, -5.6667, -13.6667, -5.3333, -13.6667, -5.3333, -13.3333, -5.0, -13.0, -5.3333, -12.6667, -5.3333, -12.3333, -5.3333, -11.6667, -5.0, -11.0, -4.6667, -11.0, -4.3333, -10.3333, -4.6667, -9.6667, -4.3333, -2.6667, -1.3333, 0.0, 0.0, 0.0, 0.0, 0.0, 0.0, 0.0, 0.0, 0.0, 0.0, 0.0, 0.0, 0.0, 0.0, 0.0, 0.0, 0.0, 0.0, -3.0, -1.3333, -11.0, -4.3333, -11.6667, -4.3333, -11.6667, -4.6667, -12.0, -4.6667, -11.3333, -5.0, -11.6667, -5.0, -11.6667, -5.3333, -11.0, -5.6667, -11.3333, -5.6667, -11.3333, -5.6667, -11.3333, -6.0, -11.6667, -5.6667, -11.6667, -5.6667, -11.6667, -5.6667, -11.3333, -5.6667, -11.3333, -6.0, -12.0, -5.3333, -12.0, -5.6667, -12.0, -5.6667, -12.6667, -5.6667, -12.6667, -6.0, -13.3333, -6.0, -13.3333, -6.0, -14.0, -6.3333, -14.6667, -6.3333, -14.6667, -6.6667, -9.6667, -3.3333, -31.3333, -9.3333, -30.6667, -9.3333, -30.6667, -9.0, -29.3333, -9.0, -28.6667, -8.6667, -29.0, -8.6667, -28.6667, -8.3333, -28.3333, -8.0, -28.3333, -8.0, -28.6667, -7.3333, -29.6667, -7.3333, -30.0, -6.6667, -30.0, -7.3333, -30.0, -7.3333, -30.0, -7.0, -29.3333, -7.0, -28.6667, -7.0, -28.0, -7.0, -27.3333, -7.6667, -26.0, -7.3333, -24.6667, -7.0, -24.0, -7.0, -23.3333, -6.6667, -22.3333, -6.6667, -21.0, -6.3333, -19.6667, -6.6667, -15.6667, -6.6667, -14.3333, -6.6667, -3.3333, -1.6667, -1.3333, -0.6667, -0.3333, -1.0, -0.6667, -0.3333, -0.3333, -0.3333, -1.6667, -0.6667, -4.0, -1.3333, -21.6667, -5.0, -21.6667, -5.0, -22.6667, -5.6667, -22.6667, -6.3333, -22.6667, -7.0, -22.6667, -7.0, -23.3333, -7.6667, -23.3333, -8.0, -23.0, -8.3333, -23.6667, -8.6667, -23.3333, -9.0, -23.6667, -9.0, -24.0, -9.3333, -24.0, -9.0, -24.0, -9.0, -23.3333, -9.0, -24.0, -9.0, -24.0, -9.3333, -24.0, -9.0, -24.3333, -9.3333, -25.0, -9.3333, -25.6667, -9.6667, -26.3333, -9.3333, -27.6667, -9.3333, -28.0, -9.0, -29.6667, -9.0, -30.6667, -9.0, -30.6667, -8.6667]",18.228388,11.54923,91.760558
399,399,5c:01:3b:6b:b0:95,-43,256,"[86.0, -32.0, 4.0, 0.0, -17.0, -13.5, -17.0, -13.5, -17.0, -13.0, -17.0, -12.5, -17.0, -13.0, -17.0, -12.5, -17.0, -12.5, -17.0, -12.5, -17.0, -12.5, -17.0, -12.5, -16.5, -12.5, -16.5, -12.5, -17.0, -12.5, -17.0, -12.5, -17.0, -12.5, -17.0, -12.5, -16.5, -12.0, -16.0, -12.0, -15.5, -12.0, -15.0, -11.5, -14.0, -11.0, -13.0, -10.0, -13.0, -9.5, -12.0, -9.5, -11.0, -9.0, -3.0, -2.5, 0.0, 0.0, 0.0, 0.0, 0.0, 0.0, 0.0, 0.0, 0.0, 0.0, 0.0, 0.0, 0.0, 0.0, 0.0, 0.0, 0.0, 0.0, -3.5, -2.5, -13.5, -9.5, -14.0, -9.5, -14.0, -10.0, -14.0, -10.0, -13.0, -10.5, -13.0, -10.5, -13.0, -11.0, -12.0, -11.0, -12.0, -11.0, -12.0, -11.0, -12.0, -11.5, -12.0, -11.0, -12.0, -11.0, -12.0, -11.0, -12.0, -11.0, -12.0, -11.5, -13.0, -11.0, -13.0, -11.5, -13.0, -11.5, -14.0, -12.0, -14.0, -12.5, -15.0, -12.5, -15.0, -12.5, -16.0, -13.0, -17.0, -13.5, -17.0, -14.0, -8.0, -8.5, -27.0, -26.0, -26.0, -25.5, -26.0, -25.0, -25.0, -25.0, -25.0, -24.5, -26.0, -24.5, -26.0, -24.0, -26.0, -24.0, -27.0, -24.5, -28.0, -24.0, -30.0, -24.5, -31.0, -24.0, -31.0, -25.0, -31.0, -25.0, -31.0, -24.5, -30.0, -24.5, -29.0, -24.0, -28.0, -24.0, -27.0, -24.0, -25.0, -23.0, -23.0, -21.5, -22.0, -20.5, -21.0, -19.5, -20.0, -19.0, -18.0, -17.5, -16.0, -17.0, -9.0, -15.0, -7.0, -14.0, -2.0, -3.0, -1.0, -1.0, -0.5, -1.0, -1.0, 0.0, -0.5, 0.0, -2.0, -1.5, -4.0, -3.5, -22.0, -18.0, -21.0, -17.5, -22.0, -18.5, -21.0, -18.5, -20.0, -19.0, -19.0, -19.0, -19.0, -19.5, -18.0, -20.0, -17.0, -20.0, -17.0, -20.0, -16.0, -20.0, -16.0, -20.0, -16.0, -20.5, -16.0, -20.0, -16.0, -20.0, -15.0, -20.0, -16.0, -20.0, -16.0, -20.5, -16.0, -20.5, -17.0, -21.0, -18.0, -21.5, -19.0, -22.5, -20.0, -23.0, -22.0, -23.5, -23.0, -23.5, -25.0, -24.5, -26.0, -25.0, -26.0, -25.0]",22.016714,12.538715,91.760558
